id,name,artists,duration_ms,year,explicit,spotify_popularity,danceability,energy,acousticness,valence,tempo
6jw6FmzPpfZmp0wHR65lGJ,Right Here Waiting (feat. 112),"['Monica', '112']",270200,1998,False,,0.529,0.48100000000000004,0.00807,0.14,82.01899999999998
5O9Ccpb5QPkZuBpX6iDdwU,Sky,['10kdunkin'],109740,2020,True,,0.628,0.466,0.0677,0.22699999999999998,140.016
55DQBxKgs3dCIwQDRUvJ1u,Gabrielle Douglas,['10kdunkin'],107544,2020,True,,0.655,0.596,0.125,0.591,135.034
4OTQw15hzpi43YHTsCEFss,Self Made,['10kdunkin'],127704,2020,True,,0.5670000000000001,0.534,0.0372,0.451,139.97899999999998
27Tmc3hZCRKGm7DaSKO3SY,Wet Timbs,['10kdunkin'],143203,2020,True,,0.797,0.531,0.21,0.413,124.015
0nQIMIGq6cOJjoUZiKVPhg,FreeGo,['10kdunkin'],146472,2020,True,,0.615,0.441,0.392,0.71,130.143
6LYae4INt2MPMwSxKYWKYP,Can't Describe,['10kdunkin'],113016,2020,True,,0.768,0.32899999999999996,0.025,0.159,144.99200000000005
7mm9w8iTZdt8YDzpdu1R4n,Used to It,['10kdunkin'],120936,2020,True,,0.40299999999999997,0.45899999999999996,0.402,0.46299999999999997,86.613
5v8T9Xcv2lSqllA2lByuSw,Nobody,['10kdunkin'],112152,2020,True,,0.68,0.42100000000000004,0.0529,0.316,137.014
2bYsK4SnJ6KKEYyOpy1JbU,So Fast,['10kdunkin'],164904,2020,True,,0.617,0.466,0.0156,0.505,147.814
02mK8ZVP3ocD5b65gECO9p,Do Wat I Gotta Do,['10kdunkin'],148056,2020,True,,0.677,0.397,0.31,0.268,129.951
5TUaBl8YOTmiCVTJukFISB,Easy,"['10kdunkin', 'Hook', '645AR', 'Tony Shhnow', 'JWitDaBeam']",185130,2019,True,,0.655,0.47100000000000003,0.265,0.439,76.39699999999998
4OaENPJUzfCE00PGbgg62s,Trap Rock,"['10kdunkin', 'JWitDaBeam', 'Tony Shhnow', '645AR']",96026,2019,True,,0.759,0.35,0.0162,0.326,129.474
4u1mMxoPgjBPTEKml7MKIG,SOS Da Gang 2.5,"['10kdunkin', 'JWitDaBeam', '645AR']",90795,2019,True,,0.7859999999999999,0.636,0.0706,0.636,127.051
3uNt1pkct3JtWxtEp9t2zp,Sweet,"['10kdunkin', 'JWitDaBeam', 'Tony Shhnow']",159504,2019,True,,0.716,0.397,0.41,0.725,76.015
5hyGAw4qlBV5h4qtZesOjf,Grimy,"['10kdunkin', 'snowsa', '645AR', 'JWitDaBeam']",143736,2019,True,,0.802,0.36,0.00139,0.0755,109.98100000000001
2tWPm4zQUq2GLHaJD0esXp,Obama,"['10kdunkin', '645AR', 'JWitDaBeam']",93384,2019,True,,0.616,0.4370000000000001,0.00448,0.341,140.657
6XfCQj0cANvob2QfUoAuW5,Sack,"['10kdunkin', 'JWitDaBeam', 'Flexdareaper']",134269,2019,True,,0.68,0.336,0.485,0.40700000000000003,129.407
44dg3dmAdDWwrXimtMgA07,Clear,"['10kdunkin', 'JWitDaBeam', 'Tony Shhnow', '645AR']",127216,2019,True,,0.7390000000000001,0.746,0.17300000000000001,0.121,116.956
4a1HXtPAN4Env9drC9s0xS,Longway,"['10kdunkin', '645AR', 'JWitDaBeam']",183249,2019,True,,0.682,0.366,0.455,0.264,130.88
6JVbR9tZBs1BO7AGWlmnb5,Finna Blow,"['10kdunkin', '645AR']",126336,2019,True,,0.8,0.498,0.0399,0.18,128.017
2A0XJTiq6YeRKDau0NHWUo,Skrt,"['10kdunkin', 'Lisha G', 'Tony Shhnow']",123246,2019,True,,0.752,0.462,0.59,0.823,150.03
4l2X9PRwvPRfprykMKWTdh,No Debate,"['10kdunkin', 'Atl Smook']",119016,2020,True,,0.665,0.34700000000000003,0.0887,0.187,134.145
0FBYjtn4YWlRZeFszUfyHU,Go Dumb,"['10kdunkin', 'Atl Smook']",132984,2020,True,,0.782,0.581,0.155,0.6890000000000001,129.97
5fMtBGWystsc1tR8LFdIt0,Rightorwrong,"['10kdunkin', 'Atl Smook']",194976,2020,True,,0.612,0.434,0.00172,0.106,139.986
28mhPjsskXo9ZNJtpfNnG6,Lineman,"['10kdunkin', 'Atl Smook']",102096,2020,True,,0.644,0.56,0.212,0.505,133.184
5tDPuHa7WBdm3XgaGHrccQ,Tityboi,"['10kdunkin', 'Atl Smook']",192384,2020,True,,0.579,0.645,0.0411,0.10800000000000001,129.828
2ZusIDcrkofvl3n8gEtOP1,Shoot Yo Mans,"['10kdunkin', 'Atl Smook', 'JWitDaBeam']",249552,2020,True,,0.762,0.6759999999999999,0.289,0.489,156.07299999999995
6X1NGZscQPYb9qpYbAio9I,No Thinkin',"['10kdunkin', 'Atl Smook']",130200,2020,True,,0.794,0.48200000000000004,0.231,0.318,139.545
1GJ418bzSozGqBD84o1o5E,Important,"['10kdunkin', 'Atl Smook']",177480,2020,True,,0.706,0.5329999999999999,0.18899999999999997,0.392,130.043
196bfx5VzmaOW3oABbfAyW,Early,"['10kdunkin', 'Atl Smook']",178752,2020,True,,0.5479999999999999,0.579,0.0128,0.218,139.925
5sUulDemgJk3q8FhrQckYh,All I Kno,"['10kdunkin', 'Atl Smook']",167602,2020,True,,0.614,0.6459999999999999,0.204,0.804,136.89
5uqRShkOmwqQu0u8Talroa,Ovo,"['10kdunkin', 'Atl Smook', 'Tony Shhnow']",176520,2020,True,,0.8059999999999999,0.532,0.00689,0.599,136.071
7x4EZS5YKs01cAoVLNRusZ,Wit Dem Bands,"['10kdunkin', 'Atl Smook']",140330,2020,True,,0.737,0.586,0.342,0.243,110.01299999999999
7qvzAUe4Uj9hspXqI6Xlaa,Poppin',"['10kdunkin', 'Atl Smook']",175056,2020,False,,0.5920000000000001,0.5429999999999999,0.00231,0.19699999999999998,144.046
4Z7ZFYSP5y5bwTppOGtOn5,120 MPH,['Sockpuppet'],189314,2011,False,,0.529,0.435,0.807,0.28,99.866
3pL6iUlOSE0XyFC4dpkxOz,Ll7 18/10/99,['Lackluster'],118173,2004,False,,0.5670000000000001,0.7979999999999999,0.000337,0.664,124.92299999999999
5nLcssogQrEbcGupS855al,17/06/01,['Lackluster'],96827,2004,False,,0.597,0.62,0.9490000000000001,0.851,115.338
3afgZPqTxPmemfT0vD9RRu,11/11/99,['Lackluster'],369227,2004,False,,0.326,0.546,0.93,0.0313,115.914
5HdU6279B3aWfj4eIAumUq,13/10/99,['Lackluster'],230107,2004,False,,0.568,0.55,0.035,0.0728,123.775
1Tvu7QqceQsbvNqb6vVSBS,1939,['Hayden'],284537,2004,False,,0.555,0.125,0.8909999999999999,0.16,141.82
0xjnyDhXd8g5gB8nsAJkx2,Overture,"['Oklahoma! Orchestra (1979)', 'Jay Blackton']",242080,1980,False,,0.322,0.245,0.862,0.38,82.838
0nb31l6np6ud0RATN4UQ1u,10 for 10,['JayDaYoungan'],142000,2020,True,,0.649,0.501,0.0646,0.14400000000000002,129.805
1kTsa4a2hgOx0y03ymfnHH,Pretty Woman,['19th Hole'],178733,1999,False,,0.593,0.861,0.0381,0.965,123.852
48uR35ci76mcnphHjp6Rr4,Doin' The Best I Can,['19th Hole'],261960,1999,False,,0.45799999999999996,0.847,0.000352,0.765,116.616
2TCr5ALafmPlsMZAPJv1Mn,Springer,['19th Hole'],159920,1999,False,,0.408,0.922,0.0185,0.8270000000000001,123.545
5XxCO5uhbp5TnTFPwlgXFY,Too Coo',['19th Hole'],181747,1999,False,,0.635,0.72,0.00344,0.9259999999999999,125.45
7oqBFAWFfvQ0yGo2kSylSK,Bond,['19th Hole'],121960,1999,False,,0.42200000000000004,0.7390000000000001,0.000865,0.951,89.18700000000004
5XbyIkqovxMDBQJoOyFYVC,Life's A Bitch,['19th Hole'],99813,1999,False,,0.517,0.907,0.00809,0.96,130.62
6mBTKwgpUNVEmsA98WEVxP,Escape,['19th Hole'],288440,1999,False,,0.496,0.7,0.00282,0.9329999999999999,114.74
44RCZAdmckW0x8s1HNeH9h,NMS,['19th Hole'],249293,1999,False,,0.311,0.9009999999999999,3.9e-05,0.514,108.734
0Bmcolr8whyH0w8CY0L8dW,Not Just A Memory,['19th Hole'],219987,1999,False,,0.6809999999999999,0.45799999999999996,0.0122,0.9520000000000001,120.729
4v3kn986l0VCgSVeRfP1AT,Unskinny Bop,['19th Hole'],198960,1999,False,,0.451,0.72,0.000727,0.897,103.26899999999999
7uv53xXTqpTnehZRAH1dQf,My Way,['19th Hole'],145147,1999,False,,0.425,0.759,3.07e-05,0.591,135.815
7z9mjYYPhI188zBVxa1W6C,Penelope,['19th Hole'],235933,1999,False,,0.478,0.765,0.0332,0.6829999999999999,119.75
5m92rBEck2E1HywLYQ1Uhe,1000 Suns,['Xperience'],219933,2010,False,,0.682,0.845,0.0381,0.585,90.406
2prUg5VwoM1avoTqwuv6Wl,103 Degrees,['Smiley'],140189,2020,True,,0.861,0.435,0.245,0.156,109.949
3MjCgcfjxc6mklPNlMjOha,Cantiga 108,['Cantiga'],305893,2004,False,,0.503,0.113,0.9790000000000001,0.499,92.89399999999999
0gt3oPHUPLC0p2lnPP1dKI,17&4 - Joachim Spieth Mix,['M. Mayer'],329680,2004,False,,0.624,0.615,0.00974,0.545,195.01
1DViQw0p1vo0eAMRlUF4Lr,All Cried Out (feat. 112) - Behind the scenes Video,"['Allure', '112']",275773,1997,False,,0.613,0.46399999999999997,0.17600000000000002,0.17600000000000002,139.80200000000002
6zDFNgfWF1j1r0IfktoQRe,Insidious Muckbubbles,"['Bodhisattva 13:20', 'Konflux']",480000,2010,False,,0.591,0.9229999999999999,2.3100000000000002e-05,0.599,148.017
1f1scfnjrmLQYXijVoKKKa,Mysterious Stranger,['Bodhisattva 13:20'],438968,2010,False,,0.611,0.778,0.000534,0.0927,155.05700000000004
135UPaNucXPVEKvwdRczfM,1-800-GHOST-DANCE,['Hella'],224760,2002,False,,0.368,0.903,6.69e-05,0.29600000000000004,118.296
2v4OZx6CBj631eoyayjYn1,-1,['Mudvayne'],238827,2000,True,,0.47,0.938,0.0007650000000000001,0.41200000000000003,95.926
6z3njsQ8UtnmheNxFQIX80,10-4,['CO$$'],200162,2011,True,,0.52,0.693,0.025,0.47100000000000003,92.391
0zrDLaL1fGYtG4X5kKKVrK,16 Days,['Devil Doll'],130320,2002,False,,0.599,0.544,0.0323,0.331,126.368
2r0SiXJL51pVQK4oGwJTHr,10lb Moustache,['Man Man'],216360,2004,False,,0.616,0.469,0.516,0.5720000000000001,131.382
5PmPU7O22kKJMOFouusi5c,"100 - Captain Comatose 12"" Mix",['Captain Comatose'],355493,2002,False,,0.8220000000000001,0.46399999999999997,0.000583,0.38,125.01700000000001
4987CPrl2muxyi4lWslgT5,12:37,['chelmico'],165960,2019,False,,0.772,0.775,0.0435,0.889,126.025
5c8qhTUcBVMUpUAEEH8lyA,In Place Of Love [edit],['Terminal 11 feat. b.b0Nd'],114840,2005,False,,0.546,0.973,0.00432,0.11800000000000001,126.82600000000001
5oI6L0SKY1FCTpEySmnAW0,"1,000 Pounds - Duck Kee Style",['Superchunk'],211760,2003,False,,0.611,0.513,0.579,0.73,122.335
3OJJiIgm7oaGj5V2EfO5Wh,Ram Balram,['Ursula 1000'],289493,2001,False,,0.701,0.7440000000000001,0.0127,0.491,128.863
4OBw4zaxcA6jqYIVCe7lBw,Resilent 1.2,['Resilent'],517373,1997,False,,0.2,0.578,0.000834,0.466,181.49099999999999
0bVZpM3NZSu4xOHNHxGwIP,100 Rounds,['Raekwon'],293133,1999,False,,0.6559999999999999,0.8809999999999999,0.0649,0.546,99.889
2zDiMUB9ge1DuNjiuY9Qyu,1986,['Manual'],327267,2004,False,,0.23600000000000002,0.271,0.966,0.0638,85.24700000000001
3C86PNnvQW544F0117vmPQ,100 Brick Boy - Feat. Lucci,['Yukmouth'],191957,2010,True,,0.42,0.6459999999999999,0.322,0.431,174.813
1yenaJX1J6rE8Ovt6fevTV,Black Lotus,['Asana 1'],560027,2007,False,,0.542,0.86,0.0841,0.747,151.39
1MLLqB2LyTftYeIW8H1vTu,Om Namah Shiva,['Asana 1'],849973,2007,False,,0.633,0.67,0.132,0.311,116.786
0K1AuZIIYqpudq41cY4dGb,Hear No Evil,['Asana 1'],888013,2007,False,,0.483,0.409,0.787,0.084,113.76
6L6KTbqqZm9FKaiIyFx78m,Aum,['Asana 1'],241227,2007,False,,0.172,0.134,0.733,0.0352,116.73700000000001
4VIwdk2LQfIKHMvfYADO5V,The Streets Like a Girl,"['Div 1', 'Daforce', 'Kayla Doll', 'Spoilt Child', 'Curtis Dayne']",211890,2014,False,,0.445,0.797,0.00824,0.5529999999999999,181.452
6ZCowTTTM60PAp58yic0n2,1947,['Ewigkeit'],343841,2019,False,,0.436,0.8240000000000001,0.00305,0.268,135.046
1RSfwdRHFfm1AdQOt7LndT,100,['Sero'],178467,2017,False,,0.722,0.805,0.0658,0.38,175.99
4IQDziedovbEJ7TqlgYvBz,Washed Out,['1St Class Lounge'],297867,2004,False,,0.565,0.96,6.29e-06,0.469,140.012
4wLhxbMF2gE1K2njuP97DH,13 Years,['Mystikal'],277200,1997,False,,0.802,0.736,0.233,0.8009999999999999,90.87700000000001
6xXwyyBNCY2XuiRP3XPVnn,1-2-3-4,['OOIOO'],102600,1998,False,,0.488,0.8809999999999999,0.03,0.87,145.886
0FaFxcmAUqFqdlnous7V2o,121,['Mannella'],316276,2016,False,,0.6579999999999999,0.866,0.0278,0.344,130.045
4o21Hww51j4lfb1Fuu9XNm,12x,['Godzuki'],186307,1996,False,,0.289,0.638,0.063,0.27399999999999997,153.455
28uGtAoPYkY2iO79KqU43S,15bluntz2light - Intro,['Sleepdank'],130613,2003,False,,0.745,0.72,0.04,0.474,102.973
4kJYsnNUDANomlvCyu629J,1997,['Probspot'],353120,2005,False,,0.595,0.888,0.0257,0.561,133.989
3GW2kLKvTfQjun9zSQCPKu,1000% Not Creepy,['Bunnygrunt'],142280,2009,False,,0.41200000000000003,0.96,0.000386,0.614,108.07799999999999
6ylasNfx5HdEaZF5Xo3UlF,Toronto V.I.P.,"['Soundmurderer', 'SK-1']",441133,2002,False,,0.615,0.821,0.0176,0.401,179.298
1ITG8duLLbjMAccbPEo1nk,1000 Days of Shame,['Clodhopper'],219405,2010,False,,0.622,0.513,0.34600000000000003,0.5920000000000001,99.98299999999999
5KfjMqUT1AeSaCfjwSvIJ2,181,['Pushover'],178000,1998,False,,0.467,0.873,0.000213,0.736,198.002
1U2XWtKbepvV5uwLbNiR4B,1999 - En Vivo,['Almafuerte'],234413,2001,False,,0.24600000000000002,0.924,0.00158,0.156,157.58100000000005
3seB1UYvW50KizIFGdTEXQ,1000 Watts,['Tam'],202680,2007,False,,0.484,0.905,0.0317,0.804,145.03799999999995
1lYMw04mDeb6kILhRQjyhr,18 And Hammered,['Argo'],212227,2004,False,,0.415,0.466,0.0116,0.131,135.969
6RDdZVF52JAvUpdGsyNmbG,1:1.618,['Mindfield'],322840,2004,False,,0.445,0.971,0.0134,0.7879999999999999,165.02599999999995
5pQa190D2CxizGwaTfgsKf,Sunset 14,['Sharp'],310000,2006,False,,0.5329999999999999,0.532,0.00903,0.165,171.424
1TBkiwXed6au6ZidzzHHBr,16 Years,['Phantogram'],236680,2011,False,,0.51,0.779,6.92e-05,0.18899999999999997,120.311
5t2AzZdojNcYzI64XWTkqF,11 E52,['Plumbline'],310307,2004,False,,0.37,0.514,0.7140000000000001,0.39399999999999996,132.032
4KzYGtSpJ7ORz7ZqZE1FSi,150 E42,['Plumbline'],279280,2004,False,,0.698,0.745,0.848,0.747,120.01
3A81upaVqXY4AfNLj9TSTy,100 BA,['Plumbline'],322053,2004,False,,0.6559999999999999,0.584,0.8029999999999999,0.10099999999999999,108.023
7gqZIV1dnDdqdqg1ihew24,1 Gade-Eskapade,['Kongehuset'],238600,1996,False,,0.696,0.5579999999999999,0.00373,0.6459999999999999,170.115
1U1f5cs7iWEoiFgDi5OWzh,1k shards,['dynastic'],193412,2020,True,,0.603,0.423,0.16699999999999998,0.376,170.076
5gZdMQgfdbr2YT2fWCwJP4,15 Minutes,['Shattered Skies'],288520,2015,False,,0.414,0.802,0.0006360000000000001,0.434,140.22
0E2xwENWOOaEucSyAR2XON,10-Broken Design,['Casey Chaos'],147093,2004,False,,0.336,0.998,7.65e-05,0.158,139.659
0WLSMUehaht8V3On5NSyNE,11-Fevered,['Casey Chaos'],148213,2004,False,,0.494,0.958,0.00029,0.8220000000000001,144.588
43wzfmiK4StYST9fU6lIpR,12-Freedom Now,['Casey Chaos'],84800,2004,False,,0.209,0.997,0.00022,0.0689,84.82799999999997
1gsFsg4VV5Wv8YNHn9IXQf,13-War in Your Name,['Casey Chaos'],106213,2004,False,,0.317,0.998,9.76e-05,0.0544,133.564
1On3EULqN24roQT03R7xEU,14-Life Crime,['Casey Chaos'],82573,2004,False,,0.385,0.995,4.03e-05,0.0692,107.289
4yvhrpTbvclL6qfTGskuxv,15-We Die to Begin,['Casey Chaos'],191493,2004,False,,0.33899999999999997,0.99,7.02e-06,0.266,148.62
7lFynazmPMrCy3rw1rGqbL,16-Long Live the Plague,['Casey Chaos'],119360,2004,False,,0.191,0.9990000000000001,0.000352,0.0391,198.748
5kqsnBNFSdu1vjaKpjeE3h,17-Unclean,['Casey Chaos'],175640,2004,False,,0.40700000000000003,0.997,0.00296,0.13,139.547
76lMEaYu1Sk7Q2SliiH5PT,18-I Am Electric Gone Bad,['Casey Chaos'],140827,2004,False,,0.44299999999999995,0.972,0.00117,0.47200000000000003,147.922
0VhU6pu8mA8gBtBqrd9mvg,19-No Morals,['Casey Chaos'],110840,2004,False,,0.344,0.9790000000000001,0.00576,0.324,132.0
2wO8AAenqZUsH3tWwYWO7G,Contact,['12:06'],275827,2005,False,,0.4370000000000001,0.7070000000000001,0.00295,0.556,157.11700000000005
1t1aZUHhBcMBxXmAvpZms2,Absence of Light,['12:06'],286893,2005,False,,0.358,0.82,0.00207,0.5579999999999999,157.059
1DTKgJ7rysCP9JCg3oMU9v,Head to the Wall,['12:06'],333547,2005,False,,0.733,0.47,0.23600000000000002,0.35100000000000003,84.76700000000002
35TgQTKYtOtXkNlRViM98O,State of Mind,['12:06'],265973,2005,False,,0.386,0.9490000000000001,0.000323,0.5720000000000001,168.949
7FNEIHz5HhIQqb8zGusKOC,Closer I Come,['12:06'],250053,2005,False,,0.506,0.67,0.000352,0.634,96.757
3L5GS867fj6OqmZsZxHuGQ,Last Mile,['12:06'],259200,2005,False,,0.526,0.731,0.000248,0.705,106.806
7swA4zBZSg2pn0eraeIgSl,One Hand Out,['12:06'],272933,2005,False,,0.5429999999999999,0.958,0.000169,0.504,134.984
1ZW55nWYjH9nlg1FqZEy52,Drive,['12:06'],223013,2005,False,,0.21600000000000005,0.968,2.62e-05,0.292,187.465
3kS76sVbuw2DwfkN4sjjCW,Scream,['12:06'],148280,2002,False,,0.556,0.5820000000000001,0.00517,0.212,87.71
1W6bp88zU8GsC02173LtRR,One Of A Million,['12:06'],103733,2002,False,,0.436,0.645,0.156,0.185,163.25799999999995
5TQr3nhRKHXJOFcJwYYkoM,Bathing In Hate,['12:06'],251867,2002,False,,0.5579999999999999,0.659,0.0069700000000000005,0.285,131.504
0BwPo8GmmkGXSyBPuoxl0x,State Of Mind,['12:06'],280973,2002,False,,0.4320000000000001,0.847,2.36e-05,0.48100000000000004,159.237
1gnSEhsassMAm5KepUwS3n,Strength,['12:06'],263880,2002,False,,0.514,0.563,0.000932,0.41,143.41
4XBrsXEIMhubISPFMPbxr4,The Lesson,['12:06'],362707,2002,False,,0.426,0.47200000000000003,5.820000000000001e-05,0.0625,155.326
5jCxUDsEIcUe4J7auwdsOZ,Replay Today,['12:06'],201107,2002,False,,0.5329999999999999,0.732,0.00394,0.396,147.363
2y6pcCluz1dYqiKyZSggBb,End Game,['12:06'],144667,2002,False,,0.43,0.7909999999999999,0.0264,0.643,151.32299999999995
63tbqaJAOtPakBcHeNWBcb,12:06 AM,['12:06'],231013,2002,False,,0.504,0.6609999999999999,0.00387,0.268,159.44799999999995
4DyYn9ObqQFmkDj5yyZRRS,1-800 Ghost Dance,['Hella'],198867,2006,False,,0.439,0.9620000000000001,0.0143,0.33299999999999996,108.323
2MP6dKFWdk1HVZEXQZOktx,Proper Behaviour (Version V,['1)'],290067,2005,False,,0.5670000000000001,0.8740000000000001,0.009729999999999999,0.527,144.995
06jCuIZFAiNsq6ggMfRexh,1316,['Aghora'],330640,2006,False,,0.535,0.885,0.0066099999999999996,0.268,109.95200000000001
04ATEoM0VO7AT0lq56PLdR,"Favourite Shirts (Boy Meets Girl) - 12"" Version",['Haircut 100'],427933,1996,False,,0.461,0.688,0.0216,0.757,140.526
6GXBHhMru99Yif431Rmr6j,Love Plus One,['Haircut 100'],212240,1996,False,,0.7929999999999999,0.557,0.0367,0.9590000000000001,136.937
44gavQ6SGKrJgLVUiLwza4,Fantastic Day - Live,['Haircut 100'],261533,1996,False,,0.341,0.775,0.00447,0.774,160.52
6noceLy4OkUjU0yKY6dAPt,"Nobody's Fool - 12"" Version",['Haircut 100'],294427,1996,False,,0.542,0.797,0.0158,0.7040000000000001,136.903
7I1PT3TnnPaqNl5sDgMBeh,"Calling Captain Autumn - 12"" Version",['Haircut 100'],357240,1996,False,,0.638,0.657,0.00647,0.588,120.45200000000001
0klZPEFbqUfDRqUfC3KSU5,1412 De Malines,['Ghoulunatics'],240920,2006,False,,0.45399999999999996,0.878,3.37e-06,0.46399999999999997,111.354
66FFYMu8T9EdVmKc46qLvA,7-11,['生祥樂隊'],323320,2013,False,,0.648,0.25,0.982,0.22,157.41
2wv4M6Qfae6VCTsv3a4QEP,19 1/2,['Dump'],184200,2013,False,,0.156,0.71,0.00246,0.247,81.233
1A9D4ga3THtpsBngm9FMPZ,1949,['Peel'],218000,2007,False,,0.418,0.52,0.344,0.539,131.80200000000002
2IF8TSfjlYXdlmBieLw4QU,Tk-1,['Twinkie'],243467,2004,False,,0.295,0.903,2.09e-05,0.608,156.12
2vu7wRppkjBVakP59X2xQu,11,['Architect'],11053,2007,False,,0.0,0.489,0.777,0.0,0.0
1N0DuVZTNr8rnnyUfHB0Mi,13,['Architect'],13050,2007,False,,0.0,0.82,0.9420000000000001,0.0,0.0
6yyDq71qQO3n9uS0vfgseh,Men Of Station,['13 & God'],232133,2005,False,,0.675,0.7,0.344,0.187,124.985
515dbEyR0q9LLsswKlVQmL,Into The Trees - Rmx By Why? And Alias,"['13 & God', 'Why?; Alias']",243650,2005,False,,0.618,0.609,0.0638,0.284,88.98
0OtpTBC7lGQFAUwkm2WADw,Soft Atlas,['13 & God'],234909,2005,False,,0.723,0.5820000000000001,0.308,0.22699999999999998,80.0
6rK2FTb2G4zXIJqocdk7ND,L`atlas Flexible / Von Gradleute - Rmx By Hrvatski,"['13 & God', 'Hrvatski']",416000,2005,False,,0.262,0.669,0.0833,0.0618,180.135
0ZiLlA4PWLiFBpr23rd4DR,I Wonder How (To Make It Real),['Errortype 11'],190160,1999,False,,0.44799999999999995,0.914,4.22e-05,0.579,109.944
0FWuiv0d3k3TPpCmhUkR6h,Language Of Your Own,['Errortype 11'],315800,1999,False,,0.455,0.78,0.0023,0.0775,141.388
3WulabNmUVCD7rDyKz77r5,Right Again,['Errortype 11'],130867,1999,False,,0.19399999999999998,0.938,0.000265,0.46799999999999997,168.237
4wRClKbAU9KIgdTfCw9Zxn,There Goes Another One,['Errortype 11'],194840,1999,False,,0.604,0.618,0.139,0.222,122.265
682Tn1LRT3v0R4zHXSeL8l,Collecting Dust,['Errortype 11'],247267,1999,False,,0.25,0.45,0.0261,0.149,91.37700000000001
5Gd8bDJXiYpoXZIHN8ybwt,Glory To Your Name,['121 Community Church'],203400,2007,False,,0.46,0.862,0.00985,0.382,89.929
4YdRCtLSuRsVW5aOEXzPim,Things Above,['121 Community Church'],297213,2007,False,,0.456,0.888,0.00592,0.319,132.009
7wEQa5WM7RINCRv0JjTYP8,You Are God Only,['121 Community Church'],239947,2007,False,,0.124,0.5660000000000001,0.00109,0.21100000000000002,188.82
6fPOd1B9PSFcCogVBQrQC6,Blessed Be Your Name,['121 Community Church'],269787,2007,False,,0.617,0.727,0.0181,0.506,116.98100000000001
40ZYz0RIFWRFxnFUjxtNk9,Draw Me,['121 Community Church'],234573,2007,False,,0.258,0.7170000000000001,0.0111,0.25,110.46600000000001
39Jw936bMmxnnwcI7aHPT6,He Has Overcome,['121 Community Church'],287973,2007,False,,0.35100000000000003,0.5379999999999999,0.182,0.0776,152.053
772hcM2RA1ZNOy1J7zfar5,The Wonder Of It All,['121 Community Church'],193533,2007,False,,0.25,0.867,0.0189,0.335,177.99900000000005
52zcurnURhG531HqCQ2GIO,We Come To Praise You,['121 Community Church'],286840,2007,False,,0.46399999999999997,0.934,0.00095,0.389,118.009
7vris23j4omqRrpPgHE6Bd,None Compares,['121 Community Church'],215813,2007,False,,0.489,0.893,0.000502,0.547,136.934
6oJxzUnw1gO7dDMHl3FeP5,It All Comes Down To Christ,['121 Community Church'],252920,2007,False,,0.41200000000000003,0.66,0.0475,0.24600000000000002,177.822
4MwKR0UEwN4GZ2gKMKGMRx,Lord I Lift Your Name on High (arr. by David Parker),['121 Community Church'],208573,2007,False,,0.451,0.58,0.465,0.221,79.913
2v1VhlkQLtVxRNUuK3zKVz,Mighty Keeper,['121 Community Church'],195160,2007,False,,0.255,0.395,0.507,0.345,150.083
3ZT6FSITmoFiSiZmIR7kyU,130F#,['Plaster'],370147,2005,False,,0.53,0.7659999999999999,0.00922,0.389,129.687
22JEnsiB2wxHX7joCsFrEf,Peroxide 100%,['Plaster'],557240,2005,False,,0.648,0.456,0.278,0.486,86.883
7kdPqYF9BuNQlvePqiac0c,10.000 Arbejdslose,['Gnags'],214440,1994,False,,0.483,0.773,0.01,0.649,129.94
1wvIQ7LO8j2WTYvElHMY0i,"1,000,000 Enemies - Mercury's Disaster",['Direwolf'],272360,2007,False,,0.442,0.943,6.15e-05,0.395,152.972
6wjmO9NkSaAShj4wUehyyn,199(7)1,['Mantis'],230307,1994,False,,0.449,0.634,1.59e-05,0.389,84.986
1Tdlbk9L6SYX1ZCmKzLpp0,Ye Beko Yesu,['Kuntum 13 Band'],312867,2003,False,,0.621,0.727,0.47200000000000003,0.688,127.89399999999999
4T7czrjRrrOY3NluQrgAJ6,1945,['Akiakane'],258987,2006,False,,0.452,0.9490000000000001,0.0112,0.655,155.939
6CQgPmGDH1s5eCyNpLpApH,White Christmas,['101 Strings Orchestra'],213453,2000,False,,0.195,0.0751,0.982,0.039,125.266
3fh6K5lu7QV5ENxjeSjbyT,"Rudolph, The Red Nose Reindeer",['101 Strings Orchestra'],146107,2000,False,,0.418,0.0432,0.951,0.126,82.446
3dWkV18TssdVKdnwX21C2k,O Holy Night (Cantique De Noël),['101 Strings Orchestra'],185173,2000,False,,0.149,0.085,0.9670000000000001,0.0373,104.208
0PnHqYDMVLAhdvrSFEwMJR,12 Days Of Christmas,['101 Strings Orchestra'],245693,2000,False,,0.5539999999999999,0.0482,0.995,0.7959999999999999,117.335
5oGS9Ss8Wyobvz5WWIpNjp,Jingle Bells,['101 Strings Orchestra'],38373,2000,False,,0.675,0.48200000000000004,0.9520000000000001,0.267,126.62700000000001
0wk8yxM4fomG6aECfELq5V,The First Noël,['101 Strings Orchestra'],223560,2000,False,,0.231,0.0721,0.9420000000000001,0.0805,114.161
2ATMHQiJAnSi5xU3v8lTjY,Hark! The Herald Angels Sing,['101 Strings Orchestra'],132400,2000,False,,0.45,0.037000000000000005,0.9279999999999999,0.18600000000000005,88.90100000000002
0XRlCErcZ5O5c0Qe7h27fG,Canon (Pachelbel),['101 Strings Orchestra'],306240,2000,False,,0.19,0.14300000000000002,0.932,0.18600000000000005,87.831
3GTFuShWiADVckabD7lc3x,Fuguetta on 'We Wish You A Merry Christmas',['101 Strings Orchestra'],149160,2000,False,,0.51,0.151,0.995,0.765,80.734
2gXEVyODdyAuwGFO2aggf1,"Good Christian Men, Rejoice",['101 Strings Orchestra'],111507,2000,False,,0.379,0.10099999999999999,0.9520000000000001,0.523,173.271
6wWqkJ7DHEJenUeVjwdekA,It Came Upon A Midnight Clear,['101 Strings Orchestra'],128493,2000,False,,0.271,0.0914,0.828,0.308,65.741
1GkjJXUcVpfBCoxixxBQUf,Ave Maria (Schubert),['101 Strings Orchestra'],256840,2000,False,,0.10400000000000001,0.11900000000000001,0.863,0.037000000000000005,80.587
0qI178VSRU2fx1jIbDLaPP,#1 Hit Record,['Edan'],117747,2001,False,,0.593,0.725,0.0247,0.528,81.27
4oKSk6PZfH5RFR54iMtVB8,11th Hour mix,['Mic Mell'],256987,2006,False,,0.598,0.941,0.000678,0.444,126.00399999999999
40vPmdfziooOwHNu6OaDEh,18,['Iamsu!'],174575,2020,True,,0.955,0.555,0.000671,0.132,102.988
1hcdSZ6FasEAByx6BrjGXY,1+1,['GOT7'],194961,2020,False,,0.7170000000000001,0.863,0.141,0.82,144.016
1ZfM6Bxg7QNOJyGF0Mlql2,Character Of The Moment - Sinewave Remix,"['Fascade@137db', 'Sinewave']",276067,2007,False,,0.5660000000000001,0.621,0.0352,0.0978,95.992
30KQnJtZPW38UcLklNk2y3,100 Miles,['Catie Curtis'],303827,1999,False,,0.62,0.456,0.606,0.34700000000000003,98.243
7EDyy6UcSdIlCZP3ZjEUw4,18,['Gob'],258760,2007,False,,0.42,0.9890000000000001,0.00305,0.38799999999999996,167.055
1emomPILXTPq6CAxjxgtnL,Haindling Herbstthema 1,['Haindling'],175893,2001,False,,0.718,0.46,0.8440000000000001,0.16,146.91899999999995
2xq0fx3i99PG6VRc4EDc7B,1979,['Darlingside'],245844,2016,False,,0.486,0.62,0.0517,0.41700000000000004,141.14700000000005
3HzdbVo8c4FAgJG5AB8DLe,Forever Is Over,['10 after'],236213,2002,False,,0.44299999999999995,0.981,0.00086,0.445,105.059
6xIijobNKJZrp3TMpTVcXd,Queen Red,['10 after'],186827,2002,False,,0.66,0.8270000000000001,0.00834,0.511,99.995
4eIpNLQPToa9FBUtDdgX8A,Shift Change,['10 after'],199707,2002,False,,0.536,0.914,0.0196,0.7959999999999999,117.041
7xGDHDeIlZaMd5RF3ecQcl,Given Up On You,['10 after'],171413,2002,False,,0.6659999999999999,0.8009999999999999,0.00518,0.747,97.08
5m8QNQ8smXJ8uOm4b5DlJR,Theme Song,['10 after'],181107,2002,False,,0.534,0.965,0.0035299999999999997,0.858,130.279
1mrAQPdpmGZC7OJV2gyXnf,Rockslide,['10 after'],289000,2002,False,,0.45,0.8240000000000001,0.000176,0.327,90.14200000000001
3xhITAzTxX0FTHf1kZGQyY,I Met This Girl....,['10 after'],172573,2002,False,,0.54,0.9359999999999999,0.00098,0.522,120.01799999999999
0e8QQJUCV4VNzSgL866MWf,This Day in the Light,['10 after'],244107,2002,False,,0.516,0.9109999999999999,0.000676,0.655,97.241
0i8juYAUa6yPnCZ3MP2U5l,Rambling,['10 after'],157373,2002,False,,0.527,0.92,0.00232,0.598,134.79
15hrGBI3sXloCwUmGciO5r,Saddest Break Up Song,['10 after'],168813,2002,False,,0.414,0.9420000000000001,0.000869,0.5920000000000001,104.31
233txJRnyULZ0tXgC3Nk99,Knock Down,['10 after'],204133,2002,False,,0.659,0.929,0.00685,0.685,110.186
6mNS3VbnaWwUuJsYgYQnst,Starting Over Again,['10 after'],247627,2002,False,,0.581,0.897,0.00123,0.597,118.19
5cd15ARJRHUATHAyL7PHPe,She Would Say,['10 after'],138747,2002,False,,0.5479999999999999,0.9329999999999999,0.0018899999999999998,0.7979999999999999,122.302
5vXIhnvW4ABquLE8VaPzgD,What I Want,['10 after'],158853,2002,False,,0.529,0.938,0.00366,0.565,101.037
4sfGMZWyGb1eEsjeoBmLCk,Rebound,['10 after'],592400,2002,False,,0.506,0.27,0.924,0.049,83.64200000000002
1e07yOur3623Wm7Mo56W6N,Try Again,['10 Minutes Down'],180320,2006,False,,0.364,0.86,0.000286,0.799,183.00400000000002
3HkF9WbwQ1fMWakwX4i6J4,In Between,['10 Minutes Down'],218240,2006,False,,0.47700000000000004,0.897,0.0012699999999999999,0.7,90.99799999999999
4fM7DrznTcCPeT3B8D0HYy,The Marquee,['10 Minutes Down'],190720,2006,False,,0.586,0.914,0.00247,0.6829999999999999,95.98700000000001
3YV0SofzIqX6qBtBwYKRyR,Seismology,['10 Minutes Down'],195800,2006,False,,0.545,0.846,0.00413,0.7170000000000001,178.06599999999997
2riaWYVkRe2M3EhmfJSr20,Change is Good,['10 Minutes Down'],246480,2006,False,,0.473,0.897,0.0039299999999999995,0.44799999999999995,168.049
4E11otWbdjoUv6Mm6r3Guw,Cilantro,['10 Minutes Down'],238107,2006,False,,0.636,0.909,0.0009630000000000001,0.691,91.036
263UO4fK9WGg1K0ZffxRhL,Plink-O!,['10 Minutes Down'],217107,2006,False,,0.545,0.8759999999999999,0.0882,0.642,173.928
6bzTThqXeKCCenqJqD1tWK,Chuck Dusty,['10 Minutes Down'],172040,2006,False,,0.57,0.69,0.128,0.639,80.01899999999998
2b97SzHzfUI5btBr9Uc6dg,The Great Divide,['10 Minutes Down'],234867,2006,False,,0.48100000000000004,0.937,0.0027600000000000003,0.607,174.94
3ZGEAkTMaraUqjulv0165E,Suburban Joy,['10 Minutes Down'],247493,2006,False,,0.6759999999999999,0.67,0.0619,0.542,80.024
4SCYyOLhaeSQ5VnNP7TJGP,Nihilist's Beware,['10 Minutes Down'],183573,2006,False,,0.353,0.932,0.0004969999999999999,0.647,189.975
6p9K2u4MWtOSAFQwzNIuwh,Capital T,['10 Minutes Down'],162267,2006,False,,0.42,0.9209999999999999,0.00863,0.623,195.074
15IWIs851RZrRwtSkNK1GU,Letting Go Of The Rope,['10 Minutes Down'],205147,2006,False,,0.379,0.9390000000000001,0.0308,0.622,174.928
5L6n4RUkYUVmnEmEDzr0dC,Greyhound Excursion,['Amp 176'],106493,2000,False,,0.305,0.91,2.4299999999999998e-05,0.831,161.717
3tDiZaYr7R8ygYuew0trzu,Broadcast Desperation,['Amp 176'],184373,2000,False,,0.455,0.843,0.0024100000000000002,0.7120000000000001,88.238
0x82Ctfs0K99WWB6KPCfOt,Wish You Were Me,['Amp 176'],150267,2000,False,,0.265,0.8809999999999999,0.00013700000000000002,0.684,170.275
09MqutZl5ZbenXVHQl6dX7,Red Dragon Special,['Amp 176'],127293,2000,False,,0.226,0.884,5.11e-05,0.836,169.49900000000005
4ZwTNUlDVhJaK6n9NODBy3,I Wish I,['Amp 176'],135533,2000,False,,0.397,0.899,8.58e-05,0.721,112.834
791RwCHsR9mhoViz3z87lb,On Empty,['Amp 176'],176640,2000,False,,0.266,0.866,6.0899999999999996e-05,0.6990000000000001,79.54899999999998
6bttRGwpryCXN65CaaNPgn,We All Need Something To Fear,['Amp 176'],136493,2000,False,,0.444,0.846,0.00042300000000000004,0.934,82.59100000000002
0wDJsjGYnRVlpxgyeZZTBJ,Someday,['Amp 176'],204707,2000,False,,0.293,0.769,0.00010400000000000001,0.466,169.22
1k68iabVVAl9up6YF21g9M,A House Call You'll Never Forget,['Amp 176'],172293,2000,False,,0.24,0.9229999999999999,2.9199999999999998e-05,0.31,169.058
3ngJw5DwRtHYb87uYgHhwf,Seven Digits,['Amp 176'],594373,2000,False,,0.23399999999999999,0.94,4.13e-05,0.525,167.831
24QR6Od5ZEUF2YMlE1wcHx,101,['Autonomadic'],88000,2005,False,,0.544,0.9079999999999999,0.305,0.9329999999999999,91.719
3H04jphdzWWSQcU0kSQeY7,1st Light,['Bufo'],540987,1998,False,,0.625,0.9,0.0406,0.6759999999999999,141.989
5gXvks6eEKyMYBYc8bIsSh,-1 Intro,['Mudvayne'],19667,2007,False,,0.612,0.268,0.7929999999999999,0.835,149.053
48IR7r6aKDoH3qvpgYMgxa,"-1 - Live at Seahawk Stadium, Seattle, WA - August 2003",['Mudvayne'],288507,2007,True,,0.23600000000000002,0.987,0.00533,0.201,92.555
6KrQuCKcjjd6MMMPYHFtoB,1+2=0,['Calm.'],318627,2006,False,,0.721,0.62,0.22399999999999998,0.21899999999999997,79.98
5w54BhVU2PSTwf21jnfsTR,1/4 Mile Trails,['QUADRA'],427000,2004,False,,0.662,0.988,0.00372,0.076,144.004
1RyveLz2pC3Suz4Jxwybs3,1950da,['Monster Movie'],221213,2005,False,,0.37799999999999995,0.966,1.55e-05,0.4970000000000001,133.844
5j9r8kgwg7ev2wX6lEljjN,"14 Yrs,",['Nicotine'],240267,2007,False,,0.528,0.9470000000000001,0.000909,0.628,97.029
4dAfY8wfd6rXO0tvOCP36t,13:43,['Cristal'],823987,2003,False,,0.259,0.32899999999999996,0.425,0.0383,85.103
60StFwRD8yU3CAazqrzkDT,10+5,['Rechenzentrum'],248440,2007,False,,0.612,0.667,0.0036200000000000004,0.41200000000000003,130.003
09preLZ6TxZD6w4J1oi0xT,Fault - Broken By Oil 10,['Autoclav1.1'],292280,2008,False,,0.611,0.802,0.00144,0.0785,119.995
3TJIXr15Zgw4VDoqN7emvm,All Unwired and Behind You - Broken By ESA,['Autoclav1.1'],338720,2008,False,,0.5670000000000001,0.9159999999999999,0.0247,0.128,142.00799999999995
5MCoPyIsMWbRfHJomr8YKG,Small Days - Broken By DJ Hidden,['Autoclav1.1'],289040,2008,False,,0.496,0.536,0.0759,0.2,119.96799999999999
0ptBNCzv8QNde3m3wt7xsZ,By My Own Admission - Broken By C-Drone Defect,['Autoclav1.1'],465680,2008,False,,0.489,0.867,0.009040000000000001,0.262,146.0
2P61DcTlpXR0tK3jkqK0l2,This is Untitled - Broken By Wast3,['Autoclav1.1'],309360,2008,False,,0.47100000000000003,0.9670000000000001,0.0012699999999999999,0.746,160.024
4VvcViLrODYqj5O6zHkczP,White Cover - Broken By Cervello Elettronico,['Autoclav1.1'],240947,2008,False,,0.657,0.9570000000000001,0.00449,0.168,129.871
2GaEwWLgMmvq2AUS2Z4jby,Small Days - Broken By Keef Baker,['Autoclav1.1'],324360,2008,False,,0.621,0.691,0.000776,0.0731,119.995
3yFbHn5lJNuIyEbVr0pIQz,Obligatory Interlude Part 2 - Broken By Iszoloscope,['Autoclav1.1'],304400,2008,False,,0.133,0.855,0.0235,0.0374,74.99
19BBFPAoZpcnpEurHOEXeJ,Fault - Broken By Eva/3,['Autoclav1.1'],327067,2008,False,,0.133,0.595,0.000965,0.0645,186.551
49vkUWgrXditF8iQTo7Hsd,This is Untitled - Broken By Synnack,['Autoclav1.1'],228107,2008,False,,0.259,0.894,0.000586,0.345,110.243
3XLKYmJ5jx4w3BetjznxAL,Nothing But Pillow Teeth - Broken By Alter der Ruine,['Autoclav1.1'],322080,2008,False,,0.639,0.639,0.00461,0.37799999999999995,96.009
5j2bCtpATEaVKstfGI8dQi,All Unwired and Behind You - Broken By Lith,['Autoclav1.1'],226893,2008,False,,0.71,0.912,0.00183,0.519,119.99799999999999
6bIYYW0jbwnVMEQOf3pYA1,White Cover - Broken By Slacknote,['Autoclav1.1'],264320,2008,False,,0.753,0.735,0.275,0.475,95.03399999999999
7yHWN3u35XhpZxaRWUnvtZ,We All Have a Window - Broken By Mothboy,['Autoclav1.1'],512960,2008,False,,0.521,0.774,0.0138,0.0776,108.425
2QOyTTpw4fPo1LALbTngHq,Loyalty,['1300Liko'],138048,2020,True,,0.605,0.516,0.00627,0.395,110.90799999999999
6DMDavEsi2mrLCmwUcNqQl,In Love & Crime,['1300Liko'],153600,2020,True,,0.831,0.579,0.068,0.444,125.027
2hiYfp5zpP9NJmO7GFcMWV,4Sho 4Sho,['1300Liko'],159072,2020,True,,0.513,0.541,0.11699999999999999,0.728,157.015
1wwhCScGVNbKqDGBVyO8EG,Fade Away,['1300Liko'],195696,2020,True,,0.614,0.626,0.133,0.6920000000000001,156.811
4yUBin9h8olpRNkYJiHOZc,No Love,['1300Liko'],129840,2020,True,,0.648,0.509,0.0152,0.253,147.849
10pVQ8wU1y03M9rC0suSR4,A Thousand Tears,['1300Liko'],164211,2020,True,,0.703,0.6709999999999999,0.129,0.465,151.955
0SklMPM0Ww5bDFyX3RRlJN,Long Time Ago,['10 Ft. Ganja Plant'],311800,2001,False,,0.621,0.7140000000000001,0.0166,0.7290000000000001,148.739
7K2OcWUNrO1bwFIJu8w0sh,Pure Sugar,['10 Ft. Ganja Plant'],394867,2001,False,,0.698,0.853,0.0193,0.9109999999999999,83.51799999999999
3h5L5mmML8SwriuhjiJbfU,Jah Will Go On,['10 Ft. Ganja Plant'],225720,2001,False,,0.75,0.625,0.507,0.769,129.614
4tDVotwYfx9lFJJni6qd7Q,Time I Know,['10 Ft. Ganja Plant'],301227,2001,False,,0.5670000000000001,0.6890000000000001,0.32299999999999995,0.809,168.487
3DAO9gFr2Vll46NqOnASGK,Soul Love,['10 Ft. Ganja Plant'],281080,2001,False,,0.7340000000000001,0.868,0.0578,0.934,101.81
1eHYldKPqu0SpHaQkgXLWX,Two Bulls,['10 Ft. Ganja Plant'],192240,2001,False,,0.778,0.865,0.087,0.574,131.05700000000002
3aw5Kbm0CVLsIvJ25v6xe2,Walkey Walk Tall,['10 Ft. Ganja Plant'],247747,2001,False,,0.7020000000000001,0.8009999999999999,0.0852,0.9229999999999999,78.142
3sabh44FChFfJlUV4M6hJO,Hillside Airstrip,['10 Ft. Ganja Plant'],221440,2001,False,,0.759,0.768,0.0272,0.8690000000000001,96.635
3qxopaSCYgFELlZ7APidpB,Born Free,['10 Ft. Ganja Plant'],250013,2001,False,,0.807,0.534,0.0486,0.7829999999999999,138.105
21Nl5645pwKXAhybudIVsn,New Day,['10 Ft. Ganja Plant'],743680,2001,False,,0.611,0.813,0.0968,0.247,128.243
4JGONOylWr9r7lZBhDnYl3,100 Lb. Weight,['10 Ft. Ganja Plant'],205000,2003,False,,0.8420000000000001,0.483,0.0644,0.644,139.72799999999998
6S68wCFxoQFPIXMseGkfwq,Ganja Plane Rider,['10 Ft. Ganja Plant'],245587,2003,False,,0.722,0.525,0.315,0.7809999999999999,131.454
6Hxt0LgW2pBrMBoaHaIP4G,Kneel At The Feet,['10 Ft. Ganja Plant'],287147,2003,False,,0.754,0.504,0.225,0.677,130.54399999999998
5sJIMOkHkfxHcPdcMdSKeK,Let The Music Hit,['10 Ft. Ganja Plant'],178480,2003,False,,0.7170000000000001,0.792,0.163,0.904,87.289
3AgHQrkBxjoYbINmpkC82E,Shine Dub,['10 Ft. Ganja Plant'],211613,2003,False,,0.747,0.606,0.0218,0.748,147.933
5kplIeAUWbNFwRzQsyeZPD,Midnight Landing,['10 Ft. Ganja Plant'],229507,2003,False,,0.684,0.627,0.0328,0.857,79.547
4vEY2qjLoh3VQbtaWi3Rws,Chanting Nyabinghi,['10 Ft. Ganja Plant'],235173,2003,False,,0.831,0.214,0.773,0.39,79.878
2LehHKubfBGPGza3pk3uIj,Mercy,['10 Ft. Ganja Plant'],211933,2003,False,,0.831,0.467,0.0769,0.493,133.661
2ynPjSyfTTXMti1hdFWpjt,Wide Open,['10 Ft. Ganja Plant'],176400,2003,False,,0.8220000000000001,0.6970000000000001,0.0724,0.953,143.722
3riihxV4P9ZUe0N5wYbl9B,Sweet Country,['10 Ft. Ganja Plant'],176293,2003,False,,0.74,0.774,0.111,0.701,87.337
3fq4u8KpuT8qvHkjQNJUsf,Righteous Dub,['10 Ft. Ganja Plant'],292147,2003,False,,0.8240000000000001,0.51,0.192,0.8140000000000001,121.916
1ZdnLZoguvZj5T8apkvX6t,Blood Money,['10 Ft. Ganja Plant'],236253,2005,False,,0.789,0.7929999999999999,0.0217,0.743,149.368
47LLJgnullhz74iaaDxe4P,Engine Trouble,['10 Ft. Ganja Plant'],230440,2005,False,,0.6409999999999999,0.9159999999999999,0.00446,0.5489999999999999,87.751
2chSuyaLZOpG1VNOVZ9AEF,Last Dance,['10 Ft. Ganja Plant'],215800,2005,False,,0.5479999999999999,0.679,0.0152,0.6829999999999999,144.371
7E3R6IjpkX8I4ofd9a3Qex,Suits and Ski Masks,['10 Ft. Ganja Plant'],209200,2005,False,,0.747,0.642,0.00507,0.501,93.945
06GiJxufTUb4CX64hugUdP,To Each,"['10 Ft. Ganja Plant', 'The Meditations']",266533,2005,False,,0.6970000000000001,0.613,0.0871,0.737,79.791
1ffHLoaaQEArsHP8azdAR9,Burning James,['10 Ft. Ganja Plant'],191613,2005,False,,0.889,0.5479999999999999,0.0122,0.973,133.938
4XSLYxoiTpD3JG4cvEARD7,Your Voice,['10 Ft. Ganja Plant'],251627,2005,False,,0.636,0.581,0.024,0.725,147.403
4oWICGGGH07snipgaw3zEO,Swedish Prison,['10 Ft. Ganja Plant'],245253,2005,False,,0.7509999999999999,0.527,0.0861,0.7609999999999999,75.587
4X2mTGbdAZYjaSCWfgXf0F,Deliver Us Jah,['10 Ft. Ganja Plant'],282133,2005,False,,0.8809999999999999,0.7440000000000001,0.007390000000000002,0.789,95.54
3BJM8aHfLmZSkglGm9MAcR,Bass Chalice,['10 Ft. Ganja Plant'],272093,2005,False,,0.785,0.652,0.0228,0.866,82.069
5MLH41hzE5sfPy9JLSP5Vq,Caustic Crush - 1971,['Caustic Crush'],244933,2007,False,,0.491,0.826,0.2,0.4970000000000001,159.929
7noTU0K33OutxkU1AFBoHc,147 4th St.,['Fourplay'],349760,2004,False,,0.621,0.39399999999999996,0.8340000000000001,0.27899999999999997,99.913
1Jm7D2n9rQkuQ8DmSOCb4K,Swingset - 10 Beautiful Girls Mix,['Steinski'],201133,2008,False,,0.677,0.802,0.0553,0.775,104.579
2sIHfAm9qdFqOIzhZhigVu,Bonny & Clyde,['10 Ft. Ganja Plant'],174187,2010,False,,0.825,0.511,0.19899999999999998,0.774,85.40700000000002
1MZU8OelKy9W1Z0KkH6uuA,Apache Kid,['10 Ft. Ganja Plant'],220680,2010,False,,0.7020000000000001,0.452,0.129,0.563,79.253
3DUnBZXGEkh8ot5V4W9d68,Dillinger,['10 Ft. Ganja Plant'],164693,2010,False,,0.8,0.47200000000000003,0.126,0.968,109.993
7wHJIrLGj908sufj2qOxnD,Jesse James,['10 Ft. Ganja Plant'],230120,2010,False,,0.723,0.446,0.0445,0.6409999999999999,129.377
4DxTiUiPTKOIYts5WRpXpn,Bell Starr,['10 Ft. Ganja Plant'],209893,2010,False,,0.588,0.652,0.14300000000000002,0.909,88.4
4eLtTXevdPbI11BbGvr0Wo,Machine Gun,['10 Ft. Ganja Plant'],237600,2010,False,,0.642,0.594,0.006409999999999999,0.9390000000000001,95.01100000000001
51lSkUXQjPs3BbszhDv0C8,Kid Curry,['10 Ft. Ganja Plant'],203973,2010,False,,0.73,0.5770000000000001,0.11800000000000001,0.9,82.01700000000002
470PpPN9EMNIrIEcOyPTlU,Billy The Kid,['10 Ft. Ganja Plant'],187547,2010,False,,0.7609999999999999,0.47200000000000003,0.198,0.74,85.524
5svFueZ1C6ptjpojwhjrF1,Black Bart,['10 Ft. Ganja Plant'],212533,2010,False,,0.6459999999999999,0.562,0.369,0.872,166.232
5bGYyCv0TkOpMmE9s0kxym,The Sundance Kid,['10 Ft. Ganja Plant'],205640,2010,False,,0.851,0.397,0.245,0.7040000000000001,76.122
76eQwIRYQNPptk8f5SOdDN,Societally Provoked Genocidal Contemplation,['Exit 13'],306267,2007,True,,0.418,0.84,4.6700000000000003e-05,0.46399999999999997,127.34
5Ej3yJzeeQMHvfV9KzMGcs,Ethos Musick,['Exit 13'],104667,2007,True,,0.253,0.961,1.02e-06,0.38799999999999996,95.581
451ot7na6q5mR1NgIwlQAD,Facilitate the Emancipation of Your Mummified Mentality,['Exit 13'],267333,2007,True,,0.27399999999999997,0.9259999999999999,0.000121,0.23600000000000002,89.678
2feUh41pq1GEUaxLKLNWIG,Diet for a New America,['Exit 13'],194960,2007,True,,0.46,0.935,0.000128,0.583,93.09
2lnBLzcCgwL7QvQlqRflV2,Anthropocentric Ecocidal Conundrum,['Exit 13'],227467,2007,True,,0.179,0.972,8.209999999999999e-05,0.0738,170.153
4NR4hbfVebXQIZGnBgXAAV,Reevaluate Life!,['Exit 13'],98600,2007,True,,0.248,0.848,4.66e-05,0.29100000000000004,83.12299999999998
5wkCpbSWK9SvI3j14lsEQ3,Legalize Hemp Now!,['Exit 13'],462640,2007,True,,0.322,0.8059999999999999,4.620000000000001e-05,0.29,137.101
25xBea6xGUfNN7UG47jBvF,Open Season,['Exit 13'],327493,2007,True,,0.27899999999999997,0.9259999999999999,2.2899999999999998e-05,0.444,172.705
76iIfqe1rHbjBTXQoFrMbF,My Mind's Mine!,['Exit 13'],272333,2007,True,,0.299,0.9640000000000001,6.52e-06,0.243,80.87100000000002
13cWc3BBHQNknXPUicUZOe,Earth First,['Exit 13'],279307,2007,True,,0.6409999999999999,0.4270000000000001,0.992,0.595,85.176
7ERknJUzbjcbBZFslUVbWg,Only Protest Gives a Hope for Life,['Exit 13'],239067,2007,True,,0.26899999999999996,0.873,7.57e-05,0.243,149.076
1fEeaFSHdLiAqoKcKVTIL9,Disemboweling Party,['Exit 13'],100800,2007,True,,0.24100000000000002,0.9079999999999999,1.91e-05,0.114,91.274
78IMq4DpOmNGp1K4ex9M8M,Legalize Hemp Now!,['Exit 13'],292960,2007,True,,0.27699999999999997,0.8340000000000001,7.01e-06,0.39,155.894
1q6QMPV5B2z14hXERgt2g3,A Man and His Lawnmower,['Exit 13'],52133,2007,True,,0.22,0.992,3.78e-06,0.0518,104.287
77vZkQSCyplvHfATfX16pZ,Oral Fixation,['Exit 13'],294867,2007,True,,0.33299999999999996,0.8809999999999999,0.00015900000000000002,0.308,129.19299999999998
6LZMQe4uo0QL4HKro0nnLK,Constant Persistence of Annoyance,['Exit 13'],137467,2007,True,,0.332,0.885,6.33e-06,0.6990000000000001,138.686
7AkXu1IiZwYcMhrVrtjS7s,Wake up and Change!,['Exit 13'],242467,2007,True,,0.264,0.96,3.75e-06,0.185,124.429
3va0UmOLudY3S8lCgpD87O,Gout D'belgium,['Exit 13'],128867,2007,True,,0.22399999999999998,0.9229999999999999,1.91e-06,0.193,92.39
5chuFVR52MNJsHtG6dMZ2r,Black Weakeners,['Exit 13'],89893,2007,True,,0.0707,0.927,3.35e-06,0.0391,179.57299999999995
3ktf23a0XMNjHaDiw0lkhc,Hopped Up (By the Demon Humulus Lupulus),['Exit 13'],123440,2007,True,,0.0979,0.991,4.01e-05,0.0432,170.666
0fSKuXcJZxew4Iom7nHbJp,Storm of Stress,['Exit 13'],87560,2007,True,,0.17300000000000001,0.988,8.66e-05,0.0322,118.26700000000001
6NRDb3hdOn4fpk0454zrkG,"Spare the Wrench, Surrender the Earth",['Exit 13'],187667,2007,True,,0.267,0.96,0.0921,0.14,105.68
4Kon1DkHHovEwIugNuKCY8,Only Hypocrisy Prohibits Legality,['Exit 13'],152333,2007,True,,0.221,0.968,0.075,0.35200000000000004,84.97
2BL98GYDUlWIcshZUgVNKE,Only Protest Gives a Hope for Life,['Exit 13'],203640,2007,True,,0.28800000000000003,0.985,0.419,0.0705,117.07799999999999
0asmfErsn7HxiEjMiKlKR6,Societally Provoked Genocidal Contemplation,['Exit 13'],291867,2007,True,,0.425,0.853,0.35100000000000003,0.5670000000000001,134.666
61vvbnqxAr6WYJBhRBdXaU,My Mind's Mine!,['Exit 13'],272467,2007,True,,0.255,0.951,0.384,0.191,150.04
5ZmZJx7l1Kt5wZwv6QRUwr,Anthropocentric Ecocidal Conundrum,['Exit 13'],214493,2007,True,,0.266,0.9690000000000001,0.057999999999999996,0.0642,137.593
5Ib6oX5OcyFgHvk0JVMhCY,Reevaluate Life!,['Exit 13'],83840,2007,True,,0.281,0.9490000000000001,0.0194,0.23399999999999999,85.992
0ya9Tx9m3ygUEbvwiZbN3G,Gaia,['Exit 13'],144133,2007,True,,0.24600000000000002,0.978,0.0309,0.302,130.115
5D8HVbVJ3ZTuoLuF2jXYsC,Unintended Lyrical Befuddlement,['Exit 13'],120027,2007,True,,0.272,0.9640000000000001,0.0186,0.308,156.967
4QXqMZIV0XcpWwbGHDuTVo,An Outline of Intellectual Rubbish,['Exit 13'],162333,2007,True,,0.204,0.987,0.182,0.106,152.86700000000005
66I7yo5t2hp1FFPF0aX89S,Where's Exit 13?,['Exit 13'],195440,2007,True,,0.27699999999999997,0.7879999999999999,0.0077,0.3720000000000001,93.29700000000001
1yut4KxozM5TF39RWY4SIq,Ecotopian Visions,['Exit 13'],217867,2007,True,,0.298,0.977,0.000682,0.226,122.485
3ruGHf99an8Twx1WFIvpyl,Constant Persistence of Annoyance,['Exit 13'],121293,2007,True,,0.254,0.961,0.0281,0.531,147.65200000000004
0TOu5mwprLmhBsdzaT6e2a,Inbreeding Populations,['Exit 13'],118800,2007,True,,0.244,0.897,0.00504,0.579,148.101
4606B5700xQJ3K40AtMQZU,Self Misunderstood Cerebral Masturbation,['Exit 13'],204400,2007,True,,0.264,0.9670000000000001,0.0027,0.205,111.03200000000001
57X7zjrQzPH0pEfE3VD0Tq,The Funk Song,['Exit 13'],140933,2007,True,,0.154,0.96,0.000225,0.667,154.903
2v0ruHFTUgJ0977wNl1aA2,Get High on Life,['Exit 13'],162333,2007,True,,0.271,0.978,0.218,0.0752,125.54299999999999
1XTStgOsGf5zqscfuKzEI1,Disemboweling Party,['Exit 13'],88333,2007,True,,0.28600000000000003,0.9359999999999999,0.107,0.401,95.61
5mf3jpI4hnmoKDOJzfBciZ,Shattnerspackle,['Exit 13'],96333,2007,True,,0.312,0.797,0.8420000000000001,0.11800000000000001,66.069
6gVm50OCC3tuKes7PUeBNN,Terminal Habitation,['Exit 13'],147973,2007,True,,0.157,0.9309999999999999,0.00678,0.493,164.36599999999999
1n8JENpKE5iFAdT6xA9g2Q,Fingernails,['Exit 13'],126333,2007,True,,0.163,0.722,0.00295,0.376,63.037
3VmczRbTFFV1a6VjabzaBg,Conclusions on Various Religious Frauds,['Exit 13'],130667,2007,True,,0.172,0.86,0.00103,0.39399999999999996,115.23200000000001
3Se2GIU7putywDRtVKfC87,Political Dismay,['Exit 13'],138160,2007,True,,0.20199999999999999,0.8059999999999999,0.000489,0.39899999999999997,62.54600000000001
2ELD9GbKqnMo5HWq4S5an3,Impaled,['Exit 13'],225867,2007,True,,0.13699999999999998,0.9640000000000001,0.0178,0.177,88.14
4ef89y6pcStMmmFyGnfrq9,Disemboweling Party,['Exit 13'],92373,2007,True,,0.172,0.978,0.0307,0.0505,93.462
4xlCWxZPvmoVHe1KSvOv0b,Motorskill,['16Volt'],311827,1993,True,,0.617,0.795,0.0038799999999999998,0.18100000000000002,109.05799999999999
65VE7b0ec5o5GMBwLJcMnd,Wisdom,['16Volt'],244440,1993,True,,0.7170000000000001,0.941,0.0103,0.5379999999999999,115.01799999999999
55Uv6eMdIPAZ3XQAH4Tj40,Head Of Stone,['16Volt'],311400,1993,False,,0.685,0.9079999999999999,0.0006309999999999999,0.825,144.497
6r12Gfh9JR9Mf0nMA51Uf7,Filthy Love Of Fire,['16Volt'],321760,1993,False,,0.775,0.55,0.0234,0.303,120.057
3YKnO24TOJdbWDaa2HaWll,Hand Over End,['16Volt'],255733,1993,False,,0.64,0.5589999999999999,7.3e-05,0.5770000000000001,100.273
5Y7DPDS0VFZZb1IYCEDIAa,Will,['16Volt'],298707,1993,False,,0.627,0.9540000000000001,0.0013800000000000002,0.301,111.046
3DVlXyuh7XoLkxYtqRENeY,Dreams Of Light,['16Volt'],332400,1993,False,,0.634,0.8079999999999999,0.00579,0.195,107.98299999999999
4UVlGjh4YVOwj59JBw43Yd,Downtime,['16Volt'],344227,1993,True,,0.581,0.826,0.0578,0.16899999999999998,93.98899999999999
0YKbrMk7jJ5Gklkh4fRXfr,Sog 1.1,['Sog'],340839,2007,False,,0.809,0.177,0.000123,0.44299999999999995,127.90299999999999
0Uuk3paGFliIEXo0yfVl79,Sog 1.2,['Sog'],425561,2007,False,,0.812,0.223,0.000144,0.552,127.906
4bLudpuiUkLctJcUAfKCS3,18 Bullet Holes,['Waterdeep'],405978,1997,False,,0.501,0.35700000000000004,0.7659999999999999,0.109,137.727
4DsJw7SNau51rdRScEoAyY,18 Bullet Holes,['Waterdeep'],507774,1999,False,,0.366,0.33,0.534,0.109,136.424
6gHFYeJmHS9lFr4cuzrIlq,1/4 Pound Slicin',['Cydal'],261747,2009,False,,0.5820000000000001,0.775,0.0155,0.5,87.101
4bmrmT82qSYHbcxImodTau,117,['JusRzd'],211304,2020,False,,0.674,0.529,0.0221,0.185,150.0
414BiDYQjSpJzpRlxfWEZd,Leroy,['12twelve'],275000,2003,False,,0.35100000000000003,0.596,0.0030399999999999997,0.303,106.865
32KucLZKewRcV06w45OvKZ,Hanashi,['12twelve'],316173,2003,False,,0.415,0.389,0.0651,0.16399999999999998,119.57799999999999
1HUSPVG7fLc8muEju0fCE8,Siete Mil Vezes,['12twelve'],330640,2003,False,,0.349,0.612,0.0253,0.19699999999999998,114.87899999999999
05gRUVZqq71DliGAUsoTy7,Belmondo,['12twelve'],397093,2003,False,,0.284,0.6729999999999999,0.00503,0.13699999999999998,151.756
3GbXpqDMG0Rgcsav6Do8Os,Musique Primitive,['12twelve'],279027,2003,False,,0.133,0.506,0.27899999999999997,0.0361,99.258
2LAIdkjRKiqYqNKn7xImMB,Gyara,['12twelve'],200573,2003,False,,0.235,0.794,4.33e-05,0.34,101.921
5pjdW18UZabvByUDHMY2rO,Alcatraz,['12twelve'],506867,2003,False,,0.248,0.828,0.0896,0.138,95.054
6Zp9APF8xrprNEmE4PMU6G,1-0-0,['Brassy'],210133,2002,False,,0.884,0.8,0.0397,0.897,116.039
4ju47cyomMG5m4WNERIUHh,18 Kilates,['Chulito Camacho'],82107,2002,False,,0.552,0.397,0.214,0.773,110.57700000000001
317zaqN2660ImlUsc6g1M6,1000 Year Internal War,['Crowbar'],241547,2003,False,,0.262,0.7709999999999999,1.1599999999999999e-05,0.136,121.728
7g0udMEwNMtmL6sL6AQb8c,100 Cc's (Bootleg Version),['Lyres'],136893,1993,False,,0.354,0.802,0.0111,0.767,90.27600000000001
6iATF2i0H4PnHB0qPlztnf,12 Months,['Wordsworth'],251613,2004,False,,0.45399999999999996,0.619,0.6729999999999999,0.586,76.689
4n0SB3oRlebVL2fxDsaWqa,#1 Crush,['Unwoman'],387158,2019,False,,0.254,0.201,0.446,0.0349,131.589
50OFmUvSpzrubTYv051ZJ3,Guardian Angel,['13 Mg.'],184987,1995,False,,0.58,0.6920000000000001,5.9699999999999994e-05,0.5,111.49
2ADWW1t6O3bmslJBvmg2Xm,Uppercut,['13 Mg.'],248533,1995,False,,0.588,0.904,6.0599999999999996e-05,0.7040000000000001,113.789
0T9nFtkAEizqkN27vjdacT,Sinister,['13 Mg.'],242053,1995,False,,0.591,0.6679999999999999,5.9e-06,0.6629999999999999,109.836
3FZuX1btgWGBNG3O827uZb,Raimuth,['13 Mg.'],254400,1995,False,,0.44799999999999995,0.777,0.00554,0.507,165.51
2oMq8iNCbQ3shO49fBVbOd,Lie in State,['13 Mg.'],277027,1995,False,,0.43,0.738,0.000117,0.809,176.512
1Yr2MQsbtbWlryI8ws0b6L,Moan Song,['13 Mg.'],284640,1995,False,,0.4970000000000001,0.9329999999999999,0.0016699999999999998,0.804,118.03299999999999
0qsNKveJcK53uUy2uA5lbQ,Spree,['13 Mg.'],184253,1995,False,,0.596,0.7859999999999999,0.000413,0.564,84.82600000000002
0osuvW5x5qage7YGXfiWJN,Four Speed,['13 Mg.'],328013,1995,False,,0.282,0.868,8.840000000000001e-05,0.13699999999999998,78.788
4GrhecQErglrAYGmEIQz6X,Too Freaky,['13 Mg.'],255227,1995,False,,0.615,0.961,0.0005610000000000001,0.0659,102.79
2Hvt1qn63tEAIVN23Nxv9N,Nath,['13 Mg.'],277240,1995,False,,0.21600000000000005,0.268,0.0012699999999999999,0.336,112.402
5T30fv1kbILM5Ugu7Zwgcn,11 Days in Hell,['Audiomachine'],69867,2012,False,,0.446,0.922,0.14800000000000002,0.6559999999999999,92.02
2LJz1B6cgKJdKMenqxlpfL,10-d,['Ascendant'],249867,2003,False,,0.442,0.799,0.6679999999999999,0.43799999999999994,113.333
01LQgnANt65LgMAptU731I,1228,['Line'],232600,2009,False,,0.642,0.382,0.873,0.099,130.043
0vywFmTIpTWGNEmuBHoU07,1 Thing,['Amerie'],238760,2017,False,,0.612,0.961,0.107,0.867,129.873
1svEYoKnKAqXccM1tGoqsb,1992 (Quinhentos Anos de Que?),['Belchior'],251133,1999,False,,0.64,0.7659999999999999,0.13,0.6559999999999999,114.066
0I8jjcwWAj5NuGyGj12WFI,10 Years of Denial,['Chaoswave'],298107,2008,False,,0.501,0.9109999999999999,0.0009289999999999999,0.225,104.988
2LANzSZdWNbbh9rM90pts7,American Wheeze,['16 Horsepower'],252907,2008,False,,0.49,0.802,0.0609,0.616,120.079
1ChpM2LRz1QEsZ0bm8Qx41,I Seen What I Saw,['16 Horsepower'],249440,2008,False,,0.29600000000000004,0.867,0.0037,0.39799999999999996,83.272
5yEletLnVcPBlDO5MDlywo,Wayfaring Stranger,['16 Horsepower'],267160,2008,False,,0.3720000000000001,0.772,0.23399999999999999,0.209,110.448
7IZa6Fj6iuDX0dqRUbFRPF,Cinder Alley,['16 Horsepower'],316947,2008,False,,0.318,0.6659999999999999,0.0712,0.316,119.89200000000001
6oSzxOLS9oG3kC5geDjIhW,Straw Foot,['16 Horsepower'],269200,2008,False,,0.301,0.8909999999999999,0.0353,0.295,110.665
3DY82eGM5EjZThnVHMNcaZ,Clogger,['16 Horsepower'],244907,2008,False,,0.312,0.927,0.0075,0.18600000000000005,108.96600000000001
3b60bxHmfGSJSK63X4hmQe,Harm's Way,['16 Horsepower'],319933,2008,False,,0.268,0.883,0.0036799999999999997,0.36,134.92600000000002
6hHpYYJf012lwL3KjdA7wc,Haw,['16 Horsepower'],296480,2008,False,,0.209,0.9109999999999999,0.092,0.124,132.702
3V6yMpglzQE05KXPQv7maA,Poor Mouth,['16 Horsepower'],334667,2008,False,,0.249,0.773,0.5660000000000001,0.113,127.432
2v2XVf3pIOjLNbe100V8eM,Praying Arm Lane,['16 Horsepower'],237573,2008,False,,0.306,0.94,0.193,0.18100000000000002,114.756
5iYQbCzQoLwxsL2bRfO8lJ,Burning Bush,['16 Horsepower'],274360,2008,False,,0.349,0.413,0.59,0.102,120.429
5s7NU9JFOwxTC3F864gk7m,Splinters,['16 Horsepower'],422693,2008,False,,0.32299999999999995,0.831,0.297,0.11800000000000001,117.036
6MXMnYAkoKVvqMQACs943E,Silver Saddle,['16 Horsepower'],338547,2008,False,,0.284,0.385,0.47200000000000003,0.0334,110.191
4ylbcUukcWynpPpMlAhaHa,Phyllis Ruth,['16 Horsepower'],443413,2008,False,,0.349,0.878,0.12300000000000001,0.377,108.76
0FOyp8m6WIrKtmmEJNnazv,24 Hours,['16 Horsepower'],345293,2008,False,,0.34,0.7170000000000001,0.0166,0.0596,122.149
3tTxLrEpHS47cpMPeZuoHA,Partisan,['16 Horsepower'],313613,2008,False,,0.276,0.503,0.326,0.0541,96.359
1qbLmDTRndPbaBCzS4Dy1n,Coal Black Horse,['16 Horsepower'],293213,2008,False,,0.294,0.871,0.198,0.41100000000000003,126.29799999999999
5w1ywCE990HZP76EB94X20,Dead Run,['16 Horsepower'],227893,2008,False,,0.377,0.915,0.0125,0.413,122.602
3MRXRYM8MIeO2ii62VXYyR,Epsilon,['Signal 12'],337853,1999,False,,0.626,0.983,0.00718,0.113,129.959
1UcW9TR93SbMctF4eYoUPa,Absolute Zero,['Signal 12'],263880,1999,False,,0.563,0.847,0.00339,0.0913,109.975
4lO54VeANMAs509OQD6lbc,Neuro Viewbox,['Signal 12'],273320,1999,False,,0.6779999999999999,0.424,0.418,0.225,101.044
4KtFa95FnTpmsKbDEsxHj9,Deep Vein Thrombosis,['Signal 12'],284427,1999,False,,0.617,0.8220000000000001,0.000484,0.552,101.976
7oJi3fDzT3k1vRU7uBoVjm,Insect 470,['Signal 12'],255667,1999,False,,0.499,0.7340000000000001,0.10300000000000001,0.0901,119.979
7yFfhutTUSGuVT39j9tuKB,Circle Machine #1,['Signal 12'],318467,1999,False,,0.547,0.951,4.320000000000001e-05,0.2,120.361
2z0NF4AhbbaYFCx4wliHot,Liquid,['Signal 12'],212640,1999,False,,0.728,0.659,0.272,0.395,163.99400000000003
6X7NntYRx0KmwLmMuVNZ5p,Psychasthenia,['Signal 12'],341880,1999,False,,0.465,0.639,0.192,0.0704,104.975
5PtKa75tBwO20M3RChQYp8,256A,['Signal 12'],264427,1999,False,,0.662,0.6890000000000001,0.203,0.48200000000000004,109.976
1OADApHLoX9ypQXd4bxBGj,Discussion Of Module IV,['Signal 12'],265480,1999,False,,0.83,0.519,0.0203,0.83,121.97
1gGTyae5IkoLZiPamtcATu,5159 Head,['Signal 12'],353840,1999,False,,0.649,0.6809999999999999,0.00826,0.515,119.976
4Wo6Cg6geVALZxvylaSqvQ,Grime,['Signal 12'],346333,1999,False,,0.763,0.5379999999999999,0.011000000000000001,0.0545,98.993
16eUdlJnmaOEGXSrE0LwEs,Anesthetized,['Signal 12'],327213,2000,False,,0.655,0.278,0.0124,0.391,101.007
4MVszPF1E1hykw5tk7z5Dt,Moving In Stereo,['Signal 12'],275440,2000,False,,0.736,0.461,0.0811,0.44799999999999995,114.992
2m2SgcAAvbX0tQlS8EMDHG,Tryptophan,['Signal 12'],335187,2000,False,,0.625,0.321,0.15,0.3,198.016
06OIIy2YpCz2LIYAOFDhiL,Culmination Of The Opposites,['Signal 12'],309507,2000,False,,0.54,0.6679999999999999,0.00018,0.198,137.999
73HgP1521hFCAbFSIx6Cri,Bye Bye Biff,['Signal 12'],221800,2000,False,,0.617,0.765,2.51e-05,0.701,138.961
2BQA5fEBxZl4EjZFZjMqmv,Connector D,['Signal 12'],247760,2000,False,,0.607,0.664,0.006,0.504,119.993
6Q3uem9AYpOm8wEmkRIZlp,TK421,['Signal 12'],289107,2000,False,,0.594,0.927,0.000562,0.541,124.978
0tBxtwraya4Kwx00hKVQuo,Transmission From Core Lab,['Signal 12'],286320,2000,False,,0.6659999999999999,0.562,0.0009539999999999999,0.748,144.952
2O5i4vcXBEsN6u7IwQ6L6p,Slow Burn,['Signal 12'],258227,2000,False,,0.74,0.47,0.196,0.565,119.98100000000001
4FuqaseLWn1e9BcuDeHl3B,Equinox,['Signal 12'],338827,2000,False,,0.563,0.607,0.0012900000000000001,0.15,100.03399999999999
1DbbmKVjTzOcNdfY4KBiAP,Drone,['Signal 12'],327680,2000,False,,0.6579999999999999,0.6,0.18,0.562,157.946
1rBHbBdbIkZjfZDnCTW66R,Moving In Stereo,['Signal 12'],372907,2000,False,,0.71,0.5660000000000001,0.10099999999999999,0.505,115.005
7qdtvj5RVxzSjVAqIxt40q,Ghetto Thang,['Spice 1'],268600,1991,True,,0.87,0.40399999999999997,0.00494,0.612,94.90299999999999
2qTuN39E6Js6TQ734h8kqZ,Let It Be Known,['Spice 1'],233560,1991,True,,0.866,0.488,0.00238,0.478,101.854
6cAG2AtRKzzogZlOOSsWRI,187 Proof - Part 1,['Spice 1'],233973,1991,True,,0.92,0.321,0.0323,0.797,93.83200000000001
3knPSvQWsUiYHH7yIbvXJH,1-900-S.P.I.C.E.,['Spice 1'],97200,1991,True,,0.866,0.41700000000000004,0.011000000000000001,0.706,79.905
3ZUN0qJsW4XGeJzaUAWqJa,In My Neighborhood,['Spice 1'],224933,1991,True,,0.78,0.41200000000000003,0.0156,0.617,88.84
5E5MJPNxXprUV2JsI9PbcJ,Break Yourself,['Spice 1'],253867,1991,True,,0.935,0.395,0.00125,0.405,99.875
4ZxOD4wqctVPd1ouutmqys,City Streets,['Spice 1'],291200,1991,True,,0.856,0.39399999999999996,0.0009220000000000001,0.638,153.733
07r8Ou2hfSIUvUi7gpBy15,16 Ans,['Ozymandias'],264520,2008,False,,0.409,0.0317,0.995,0.146,113.98700000000001
7qj7SKio6YWWdjYI95AQQy,Throw in the Towel,['16'],200987,2009,False,,0.214,0.946,2.380000000000001e-05,0.3670000000000001,146.988
2od2kR9SHsoUiKcnmwRMmw,Skin and Bones,['16'],233360,2009,False,,0.331,0.848,1.7e-05,0.511,147.996
4u4M6j8okqvKM6BUs724LH,Me and My Shadow,['16'],303720,2009,False,,0.264,0.858,0.00015900000000000002,0.292,126.288
3F0c4va4Po7Ib9y107wODe,"Man, Interrupted",['16'],160867,2009,False,,0.244,0.953,2.860000000000001e-05,0.475,138.27100000000002
5cIoJ2obGg1AK6UvZHaCnP,Flake,['16'],233667,2009,False,,0.175,0.9279999999999999,1.28e-05,0.322,151.631
4dHFvhZM0CHFj7CF4Vee5H,You Let Me Down (Again),['16'],208160,2009,False,,0.413,0.883,1.06e-05,0.78,154.326
5BSgUDm7YES7A5SSaa37Fu,"Monday, Bloody Monday",['16'],221280,2009,False,,0.335,0.963,6.3e-05,0.128,78.592
1V7mUYLFkwAKkgTjsgaL2x,Permanent Good One,['16'],262627,2009,False,,0.314,0.8859999999999999,8.66e-06,0.3720000000000001,129.086
02tIlPPln7kzmYagT67fTG,So Broken Down,['16'],216333,2009,False,,0.239,0.91,0.000152,0.306,79.69
7IXG1EqjcLoWvDXsagW8YL,Thorn in Your Side,['16'],246307,2009,False,,0.326,0.8590000000000001,0.000183,0.284,124.15700000000001
1pmvNp43bew5eHGf9et1OU,What Went Wrong?,['16'],237707,2009,False,,0.21,0.8740000000000001,0.0068,0.0733,148.471
43MsaLZ9RMlJnuBVEECbkI,Missed the Boat,['16'],274147,2009,False,,0.292,0.8759999999999999,0.000468,0.45,154.637
0af4epNczoFbGqdKzQrkJY,100Y,['32crash'],192627,2011,False,,0.524,0.7490000000000001,0.000252,0.737,159.96
3wRX7oAgDjLuHTuGJGImA6,"100,000 Years of Revenge",['Autodrone'],170293,2008,False,,0.381,0.9420000000000001,0.0788,0.0616,138.189
6aDS7AqTsnYGYLt0PkZPLu,1979,['Reset'],192800,2000,False,,0.772,0.981,0.000101,0.9259999999999999,149.968
1GhQzBKwiiXNujCh2KnoeW,1979,['Reset'],313387,2000,False,,0.6970000000000001,0.961,7.400000000000001e-06,0.745,149.97299999999996
0MolAvl22fxxzA0Ti0AM8W,Laughing,['1986'],150747,2006,False,,0.239,0.8390000000000001,0.00082,0.467,145.29399999999995
04gSiOckdH29YjMIMEKI3X,Better When You're Stoned,['1986'],154693,2006,False,,0.369,0.866,0.0501,0.24600000000000002,127.964
0vfycLR4nh1YmbOZDZ5BNb,I Know,['1986'],186413,2006,False,,0.301,0.895,0.0223,0.281,155.653
1PBtq1A6YP0ObbCB7C6jrJ,It's Too Bad,['1986'],207880,2006,False,,0.4370000000000001,0.935,0.00831,0.452,79.41
6qf7SvJEM0X7Sq7MPpcqHL,Mechanical Dreams,['1986'],151347,2006,False,,0.271,0.97,0.0048,0.225,90.471
5cVs48tWQHN0yfk41DkiPz,Narcotic?,['1986'],198280,2006,False,,0.213,0.863,0.00248,0.281,145.936
5zC0wXRWifV4me0DapifvD,Holiday,['1986'],274680,2006,False,,0.23600000000000002,0.79,0.0746,0.326,146.571
34hV36uudCM865g7OlMEy5,Comatose,['1986'],221173,2006,False,,0.369,0.445,0.21100000000000002,0.163,122.91
7jhaZFB8qkLQ4Rqwg1r33X,.22 Caliber,['1986'],290093,2006,False,,0.263,0.904,0.0286,0.17,135.45
26OdLzD5hqmNlnY4HklcGh,Creep Like Me,['1986'],227987,2006,False,,0.267,0.8190000000000001,0.087,0.252,118.52600000000001
063WFu1kUJ43xUXPby4NPG,Mud Bomb,['Plaid+1'],319507,2002,False,,0.67,0.5720000000000001,0.0013800000000000002,0.37799999999999995,179.99
2aU39TEsOp78K2n7CMszvk,"1,000 Smiles",['Zelazowa'],219373,2005,False,,0.642,0.804,0.0126,0.23,107.31200000000001
0QWYIWgAtcx12jG2oABR2u,14 Seasons,['Lauderdale'],203067,2007,False,,0.5770000000000001,0.63,0.0616,0.605,95.921
111xZdxzzQSbK8kPyr8e9u,1984,['Puhdys'],125800,1994,False,,0.649,0.461,0.006220000000000001,0.841,95.161
6F0k4B6eSY1sPyN6AgKBLF,15 Years,['NLX'],161071,2009,True,,0.53,0.41600000000000004,0.5,0.115,133.08
2M3HISI6jJidTgMvUaoh8a,13 Women,['Thrillsphere'],265907,1990,False,,0.39899999999999997,0.904,0.401,0.465,130.766
0e0HFtBuqj7atMp78lE3TT,100 Years Old,['Audra'],201720,2009,False,,0.45899999999999996,0.794,6.87e-06,0.457,145.048
2Wv2GlIuAPrEeFu7pNzMbg,"10,000 Stones",['Adrianne'],175973,2005,False,,0.382,0.14,0.68,0.18,94.204
0AsCWTYkGL9WIIlmwkn50y,16 Tons,['Dwschorale'],160267,2010,False,,0.5720000000000001,0.19699999999999998,0.988,0.368,78.142
3ion9DIBKPCho13v0wp27F,16 Years,"[""SLIDIN' SLIM""]",130453,2004,False,,0.6859999999999999,0.602,0.8740000000000001,0.9620000000000001,125.465
4FgmQCn16kHxALnaPWacHX,Mr Mambo,['11 Acorn Lane'],181591,2009,False,,0.8190000000000001,0.5720000000000001,0.534,0.89,115.994
2vtXByv3SOhfuQGtxkQzcp,Live It Up,['11 Acorn Lane'],214347,2009,False,,0.6679999999999999,0.9179999999999999,0.0929,0.968,160.118
29OfQsq7e69sz8JD2hZXCT,Everybody's Here,['11 Acorn Lane'],179972,2009,False,,0.7170000000000001,0.636,0.615,0.778,104.946
01hPPp6Pc3drwpZwKkvohI,Budapest Basement,['11 Acorn Lane'],196607,2009,False,,0.597,0.223,0.943,0.244,144.095
2X18cb3GuwvMVKPLj5qRmO,The Bing Thing,['11 Acorn Lane'],156695,2009,False,,0.608,0.4320000000000001,0.764,0.47600000000000003,155.98
0PovYtMkSbGZQmZQpILoiZ,Gimme Some Fuel,['11 Acorn Lane'],222963,2009,False,,0.794,0.883,0.441,0.95,109.965
7MFQK0Q7OJ3N6YCOO5jnoP,Tipsy Gypsy,['11 Acorn Lane'],125266,2009,False,,0.612,0.24,0.9540000000000001,0.48700000000000004,95.834
5ms24ubk1au2MAqUfmsAQD,Let It All Hang Out,['11 Acorn Lane'],233400,2009,False,,0.685,0.815,0.00419,0.89,125.007
3bzy0DCiTUFpcfrBQSrvK9,Moon And Sand,['11 Acorn Lane'],284653,2009,False,,0.698,0.384,0.32799999999999996,0.41200000000000003,93.97399999999999
2O3EYSJpv6w2aapwfuwcvU,Les Amis,['11 Acorn Lane'],167090,2009,False,,0.7040000000000001,0.314,0.78,0.578,97.016
5zLHUfqRWv2k2HPIX4EmcB,Couldn't Stop It,['11 Acorn Lane'],207133,2009,False,,0.713,0.445,0.467,0.436,119.95200000000001
2S2LexRoMvFhsJIIr8Vvzd,Mr Mambo (Instrumental),['11 Acorn Lane'],181591,2009,False,,0.8540000000000001,0.505,0.486,0.938,116.0
4JdxnXNPlOD9U8xvpNT3QK,Les Amis (Instrumental),['11 Acorn Lane'],167090,2009,False,,0.6609999999999999,0.278,0.934,0.583,97.009
7DtIOQyZOZ6UvAzhdFeSx3,God Save The Queen (A French-american Tribute),['11 Acorn Lane'],129824,2009,False,,0.638,0.23600000000000002,0.907,0.687,82.068
7KhJZOe0OZvGskQG15lcBd,Jingle Bells,['11 Acorn Lane'],176811,2010,False,,0.8370000000000001,0.591,0.29600000000000004,0.878,99.93799999999999
2T1lxw05oJLKX0c7poAgup,Hark The Herald Angels Sing,['11 Acorn Lane'],187796,2010,False,,0.675,0.81,0.212,0.41200000000000003,149.97
2wkm9i9Dq62SB8efUc2lKG,Silent Night,['11 Acorn Lane'],242682,2010,False,,0.7709999999999999,0.581,0.196,0.33299999999999996,104.941
5p9kOSuuLocpzQqfvKPew4,Deck The Halls,['11 Acorn Lane'],136657,2010,False,,0.731,0.77,0.152,0.9470000000000001,150.012
4KTKSEkU0MaYGJjh0HlLAc,We Wish You A Merry Christmas,['11 Acorn Lane'],175245,2010,False,,0.6609999999999999,0.33899999999999997,0.885,0.627,99.965
4yPuH074EpJXrkkgoPaLrX,Mazinka,['11 Acorn Lane'],157108,2010,False,,0.521,0.451,0.342,0.784,111.914
2OYo1kYqPpVAtHNCdaO4OQ,Floats And Balloons,['11 Acorn Lane'],158833,2010,False,,0.847,0.344,0.895,0.9109999999999999,117.993
6wCNkvpFxwvO63SzbJI3ht,Kling Glöckchen,['11 Acorn Lane'],205403,2010,False,,0.6659999999999999,0.835,0.00748,0.863,149.933
2XJt83V8SEIUZwzkuAF3mQ,Oh Tannenbaum (Oh Christmas Tree),['11 Acorn Lane'],159690,2010,False,,0.713,0.331,0.8490000000000001,0.604,131.936
4cAf4UztDy3R3n10xzCebu,Auld Lang Syne,['11 Acorn Lane'],211415,2010,False,,0.619,0.852,0.0286,0.741,115.958
3BUZ8JHAmvcTOSYGdc7vDe,It's A Double Mazinka!,['11 Acorn Lane'],180673,2010,False,,0.557,0.20800000000000002,0.8240000000000001,0.875,141.667
3AzEgPaoIQCBAfd9GrGXpl,1 Tag,['Seer'],227320,2007,False,,0.45799999999999996,0.593,0.0223,0.326,168.025
1Zu2l3b6S843BW1DDr283u,1 Tag - Karaoke Version,['Seer'],229200,2007,False,,0.526,0.6609999999999999,8.759999999999999e-05,0.258,168.00599999999997
1ZQ0ADOd7ayjIDphjK4li5,10:45 Amsterdam Conversations,['Boysetsfire'],221132,2014,False,,0.48100000000000004,0.897,0.00386,0.33799999999999997,105.96
0pg3AVkUqC1vf8jj1EDlhM,I'm Gonna Make You Fall In Love With Me,['Heaven 17'],203587,2006,False,,0.6829999999999999,0.986,0.0657,0.8690000000000001,127.435
5rTCRyJr2LKoptL6BMTBNP,Hands Up To Heaven,['Heaven 17'],283640,2006,False,,0.67,0.9209999999999999,0.044000000000000004,0.889,126.027
1byP1aFlLYsA0X5uVLELZh,The Way It Is,['Heaven 17'],251240,2006,False,,0.7070000000000001,0.9990000000000001,0.138,0.428,125.943
4PM2USuZz8JOBGBixtZndt,Freedom From Love,['Heaven 17'],252600,2006,False,,0.64,0.711,0.00988,0.706,130.009
6csAx9t6uRZjUva99k7FHk,Don't Fear The Reaper,['Heaven 17'],279320,2006,False,,0.56,0.99,0.000429,0.816,130.04
1tnvS4BflQjOyKGk2rYdtO,Into The Blue,['Heaven 17'],250733,2006,False,,0.763,0.743,0.057,0.6920000000000001,110.979
2z6Ja3GTBKBVeVtq5S7abS,Deeper And Deeper,['Heaven 17'],234640,2006,False,,0.5820000000000001,0.971,0.0901,0.649,124.01299999999999
4SdXawzVANAQSF9G6U1Fvl,What Would It Take,['Heaven 17'],295440,2006,False,,0.653,0.609,0.047,0.6459999999999999,138.028
2U4yfe37lcRpo0m9nJ6Fhq,Someone For Real,['Heaven 17'],265973,2006,False,,0.695,0.653,0.156,0.9359999999999999,148.05100000000004
4zx96Ym4om5Enn30Zuul0z,Chapter 13 (Rich Man vs. Poor Man),['Common'],323160,1994,False,,0.679,0.826,0.00439,0.616,172.433
6PW7loLRM0Z2881BKMSJn7,187 Bpm,['Griffen'],210547,2004,False,,0.611,0.826,0.0106,0.462,97.37200000000001
07pqKFew0iAlV5k2mgbnc8,1000 souls,['Cloudscape'],294307,2006,False,,0.441,0.919,1.8e-05,0.47,146.959
12z4Sba3Q81JYA0E83WHAy,"Theme from ""Pillpopper""",['16'],221480,2012,False,,0.434,0.9570000000000001,1.4499999999999993e-05,0.376,134.11700000000002
5qIIpn9OXwyKcPkreg7r3r,Parasite,['16'],231333,2012,False,,0.272,0.948,0.000173,0.28600000000000003,129.98
7EcRsxQWNhPHfxN9zx1ml9,"Her Little ""Accident""",['16'],255533,2012,False,,0.425,0.9279999999999999,2e-05,0.302,120.137
5LkdlCDDMPtBnKkKSr3ssI,The Sad Clown,['16'],186360,2012,False,,0.261,0.863,7.42e-05,0.305,166.46599999999995
3mqSYhzUbf7ehFzxiAk1Dn,Ants in My Bloodstream,['16'],274053,2012,False,,0.42200000000000004,0.8540000000000001,1.3000000000000001e-05,0.616,136.075
31MojIT143kmyX7km5R9Ey,Broom Pusher,['16'],191467,2012,False,,0.23,0.95,1.01e-05,0.35100000000000003,90.369
19OUHbxJzmSTYvt9mYbNlE,Opium Hook,['16'],266240,2012,False,,0.364,0.909,1.99e-05,0.451,138.018
5B5H6haOHaJXMbPeZABKJk,Bowel of a Baby Killer,['16'],290680,2012,False,,0.35700000000000004,0.945,9.66e-05,0.32299999999999995,138.325
47OJPxxChfoe7U6zfqUZDw,Beyond Fixable,['16'],220027,2012,False,,0.402,0.9440000000000001,3.58e-06,0.419,135.965
4znZO8UhtK9ivfcEiXFBtb,Only Photographs Remain,['16'],263000,2012,False,,0.40399999999999997,0.909,0.000153,0.402,144.093
0XUSUyhxOk5rXMzaXgQI0N,16 Animals,['Mark Mallman'],158453,2006,False,,0.534,0.924,0.0193,0.561,106.103
1Kc01BSuHcy5VCusP5Votj,Touch 1-touch All,['Tony Touch'],231347,2004,False,,0.595,0.66,0.127,0.611,79.808
796m7vKnZOo5Sc53cREC37,Split Personality,['12 RODS'],335600,1998,False,,0.48,0.705,0.00892,0.455,79.774
5QGxJX4BjqYh6nIW9ZIUyl,Red (4/9 New Version),['12 RODS'],394827,1998,False,,0.361,0.764,0.000307,0.369,97.91
1lci2HlPomwu3tG8xLzKEb,I Am Faster,['12 RODS'],403467,1998,False,,0.348,0.501,0.00949,0.172,116.021
3jQGWMPcbiZgp2DAhq9SeX,Chromatically Declining Me,['12 RODS'],235000,1998,False,,0.556,0.898,0.0109,0.445,139.05700000000002
6bn8hS0WRMVIK8PCcrCM0k,Part Of 2,['12 RODS'],203267,1998,False,,0.28800000000000003,0.767,0.00639,0.158,50.721000000000004
6wM9svdKW4HweWV62o2IXK,The Stupidest Boy,['12 RODS'],317133,1998,False,,0.33399999999999996,0.794,0.00256,0.595,169.399
7D6ZwoB3jELOu3IwQVsRF6,I Wish You Were A Girl,['12 RODS'],337333,1998,False,,0.6509999999999999,0.7190000000000001,0.29100000000000004,0.703,122.01299999999999
1CbjLFS4m6CM8I0dZpOaAE,Lovewaves,['12 RODS'],229933,1998,False,,0.38,0.33399999999999996,0.685,0.0775,117.917
6oCapm5Ct1dBRyXaAtw3GC,Make Out Music V1.1,['12 RODS'],241773,1998,False,,0.48200000000000004,0.6940000000000001,0.316,0.38299999999999995,143.377
3W5d3d9K1UMO7cu3waoH6y,Girl Sun,['12 RODS'],372760,1998,False,,0.425,0.665,0.0203,0.20600000000000002,171.21599999999995
6QozRlVwH4SqCTuMnicnyf,Kaboom,['12 RODS'],240547,1998,False,,0.528,0.8340000000000001,0.0032,0.7979999999999999,159.91
4OY9UHOpiM8J0M6QiDrtb5,What Has Happened?,['12 RODS'],176520,1998,False,,0.502,0.518,0.0263,0.9259999999999999,150.295
4SHyYy0o9naC1BiYnQvAKl,Astrogimp,['12 RODS'],237040,1998,False,,0.451,0.6609999999999999,0.00449,0.522,77.994
4AdoLoIoK5XNMQPCtJT0dn,Radioaction,['12 RODS'],257947,1998,False,,0.541,0.73,0.075,0.535,81.01100000000002
2Dv3ZHZU18nmsNgg7dQ5H7,I Think I'm Flying,['12 RODS'],236440,1998,False,,0.633,0.354,0.374,0.099,73.956
7AWqIehnRzO5kdL1JSMDQp,Your Secret's Safe With Me,['12 RODS'],330107,1998,False,,0.508,0.295,0.652,0.0378,93.91799999999999
7CfS253exPj80u2SruLcfR,Marionette,['12 RODS'],184160,1998,False,,0.433,0.846,0.00815,0.813,157.826
29PhgNuIEORwiqar0WAT6Z,You Gotta Go,['12 RODS'],205520,1998,False,,0.552,0.623,0.00176,0.642,102.538
7ljWl5OLKXZgLU8HeN2vQj,Everybody,['12 RODS'],245907,1998,False,,0.4970000000000001,0.7390000000000001,0.0009550000000000001,0.509,87.126
3BYElHZfqY7uPCTJUfCIfg,Rock N' Roll Band,['12 RODS'],434907,1998,False,,0.604,0.278,0.303,0.13,94.025
6Q1swNtiqcOx10nuYSXMPx,Repeat,['12 RODS'],301173,1998,False,,0.489,0.845,0.00021099999999999998,0.349,123.943
0LJNoHizJKYCVgHnAFJ93K,Glad That It's Over,['12 RODS'],276187,1998,False,,0.41700000000000004,0.606,0.00406,0.523,159.531
451WDNZGE50rME4WLpIfPj,10クレヨンス,['Melancholiaah!'],270676,2019,False,,0.47700000000000004,0.897,0.42100000000000004,0.253,146.003
3q9o7H7bOroReSyMzXvDP7,Send It,"['12th Planet', 'Barely Alive', 'PhaseOne']",156800,2017,False,,0.54,0.929,0.00183,0.449,75.029
1It5OXAhHR4XQ9V55AUuBP,100 Reasons,['Lord'],284083,2009,False,,0.262,0.9359999999999999,0.00132,0.28600000000000003,83.84899999999998
2gVWuRNocVKX1vlgt7nvdV,1000 Corrections Per Second,['Lowfish'],288933,2003,False,,0.6779999999999999,0.639,0.000535,0.8190000000000001,138.001
3X2XQqTvJVkUM70C7WNI0U,Chalwa,['10 Ft. Ganja Plant'],278320,2007,False,,0.775,0.611,0.228,0.937,136.691
4w6gGFbRoAx0eVjx0ry6W1,Rebel In The Hills,['10 Ft. Ganja Plant'],245053,2007,False,,0.68,0.509,0.1,0.728,76.001
68jhqfr5HSCrdPfxm05Lq5,Blues Dance,['10 Ft. Ganja Plant'],195813,2007,False,,0.593,0.56,0.0072099999999999985,0.857,141.571
1k32YHVoDyDmspfVjbWr9b,Good Time Girl,['10 Ft. Ganja Plant'],218360,2007,False,,0.691,0.723,0.0526,0.9670000000000001,77.835
1MF9vcgIqOhRgzPhFeKLFB,Sunny Foundation,['10 Ft. Ganja Plant'],207040,2007,False,,0.6829999999999999,0.725,0.0464,0.888,145.77100000000004
1ZW1M3kVJl9wmUqTqZzvEP,Why Can’t They Tell Us The Good News?,['10 Ft. Ganja Plant'],334320,2007,False,,0.6970000000000001,0.68,0.0018800000000000002,0.639,126.445
5J3LswxHSxKsJDj27cF30b,Jah Teach I A Lesson,['10 Ft. Ganja Plant'],225453,2007,False,,0.578,0.547,0.22,0.932,136.846
7sReLSodMoYJOkaF8HyO97,Off Road Version,['10 Ft. Ganja Plant'],400013,2007,False,,0.71,0.57,0.0117,0.9440000000000001,78.439
2ebpyVuviLiTWz3chIspUm,Jah Will Go On,['10 Ft. Ganja Plant'],225733,2007,False,,0.7509999999999999,0.519,0.469,0.8009999999999999,129.563
5mUzVwdTP2znicP8h2YTNa,Walkey Walk Tall,['10 Ft. Ganja Plant'],248640,2007,False,,0.7070000000000001,0.698,0.0852,0.925,78.574
5qDkbPgePet6MAUWTVmDFH,Top Down,['10 Ft. Ganja Plant'],332720,2007,False,,0.825,0.381,0.166,0.755,138.524
5uZKK8zvDa3pJUpFBhHyLK,Politricking Man,['10 Ft. Ganja Plant'],194200,2007,False,,0.645,0.687,0.0007019999999999999,0.9209999999999999,146.642
0SRwRJyZN0zTvKGNi8zz1g,13 ss.rd.gt,['Gate'],169840,2009,False,,0.363,0.96,0.7759999999999999,0.0926,130.17
4A8NOTAqixazAZ5JbaedS8,PEN-15 - SinSomnia,['Pen15'],303400,1998,False,,0.73,0.652,0.0366,0.10300000000000001,108.008
1ZVLcPevmHQVOzhd87NB2J,1-800 Suicide,['Gravediggaz'],257467,1997,False,,0.711,0.616,0.191,0.5479999999999999,168.38299999999995
45tXT9iLEoVz1ats7rja9s,"10,000 Claps",['Phantogram'],210013,2010,False,,0.439,0.20800000000000002,0.953,0.099,117.92
1GjUXEkDZtq8QUVotb7bHS,1940,['Dna'],81929,2011,False,,0.6509999999999999,0.131,0.693,0.204,111.962
7HO8NXD1cgbnqvzLSZklYx,1941,['Dna'],93283,2011,False,,0.359,0.141,0.935,0.0671,70.80199999999998
01dnpteS1BoMdvOIxuQ1zy,1942,['Dna'],91699,2011,False,,0.11699999999999999,0.0892,0.9359999999999999,0.15,71.281
4KBGX6Bj54D7hCFbdozUsN,1960,['Dna'],191939,2011,False,,0.392,0.0622,0.9740000000000001,0.16699999999999998,105.954
07UyQrBgb9CfY02Sn06dRp,10th Day Titles,['Dna'],104060,2015,False,,0.16399999999999998,0.52,0.146,0.114,82.38
0sQmMg7GGqo4Kf2ftCGyVe,10th Day,['Dna'],98423,2015,False,,0.21,0.0787,0.7609999999999999,0.0277,77.30199999999998
1TxKPyehlSYwRwFXGY8i8R,10th Day Prison,['Dna'],92698,2015,False,,0.23199999999999998,0.16399999999999998,0.721,0.0483,100.015
3DvoMneiZS7C85k4xjV6JR,10th Day Pre Ending,['Dna'],102607,2015,False,,0.20800000000000002,0.0387,0.797,0.031,118.77799999999999
1XGSZpmf6zyA8H6bdiPIUS,10th Day Ending Titles,['Dna'],183677,2015,False,,0.434,0.344,0.9229999999999999,0.24100000000000002,139.947
3vfGpXqfCS7JA4liMLP3jN,"Spare the Wrench, Surrender the Earth",['Exit 13'],185667,1993,False,,0.299,0.904,0.0528,0.158,108.00299999999999
2lftghTahRO1TMLt4CfrpW,Only Hypocrisy Prohibits Legality,['Exit 13'],150333,1993,False,,0.223,0.934,0.0897,0.41200000000000003,84.39399999999998
7rJgAOYQuvkkuNBx468FiY,Only Protest Gives a Hope of Life!,['Exit 13'],201640,1993,False,,0.294,0.956,0.46399999999999997,0.0699,115.945
18H7lW9cxMU1xtyvZkpckG,Societally Provoked Genocidal Contemplation,['Exit 13'],289867,1993,False,,0.386,0.728,0.39899999999999997,0.574,95.288
2RJWdVleOvUHQpzqICUOyR,My Minds Mine,['Exit 13'],270467,1993,False,,0.267,0.875,0.287,0.287,148.124
0lyLTgU7Uz9WfLL4PZOjuJ,Anthropocentric Ecocidal Conundrum,['Exit 13'],212493,1993,False,,0.28,0.91,0.006520000000000001,0.146,83.82
6VSivP7Rj8vWj7IW5XiVqD,Reevaluate Life!,['Exit 13'],81840,1993,False,,0.262,0.924,0.00285,0.353,140.901
4TX9dQQMtlNFx73Jl7dyn6,Gaia,['Exit 13'],142133,1993,False,,0.257,0.9359999999999999,0.000868,0.38299999999999995,130.549
6YnMINbqfqXw8ZJkeNZWtI,Unintended Lyrical Befuddlement,['Exit 13'],118027,1993,False,,0.273,0.9390000000000001,0.00953,0.35100000000000003,157.14
0KZMzk1Lp6JOtVx7WYyt0z,An Outline of Intellectual Rubbish,['Exit 13'],160333,1993,False,,0.218,0.961,0.0543,0.145,98.071
0u2Taq5XlPzW4fNVk7KfW4,Where Is Exit-13?,['Exit 13'],193440,1993,False,,0.27399999999999997,0.703,0.0132,0.446,92.836
10AjPBmkCL73CX2l0ASvLL,Ecotopian Visions,['Exit 13'],215867,1993,False,,0.191,0.924,8.48e-05,0.28,176.433
7jRRQjermvTcAwKmRKrdjj,Constant Persistence of Annoyance,['Exit 13'],119293,1993,False,,0.27699999999999997,0.9059999999999999,0.00549,0.5710000000000001,147.912
7z53H5sP7Nq1Oik2K7WqeB,Inbreeding Populations,['Exit 13'],116800,1993,False,,0.259,0.8390000000000001,0.00318,0.584,72.112
3B6spBM4Wf7IWiuLVENbhb,Self-Misunderstood Cerebral Masturbation,['Exit 13'],202400,1993,False,,0.172,0.932,0.000453,0.24,178.08
1UDgi9N2ofH0xMw9MreFYy,The Funk Song,['Exit 13'],138933,1993,False,,0.168,0.927,1.2e-05,0.6459999999999999,154.132
3OhLvxiXT9IyblnuEyCIfL,Get High on Life,['Exit 13'],160333,1993,False,,0.281,0.929,0.107,0.124,83.675
5LUXIusTpvhWTJbvr7s2XL,Disemboweling Party,['Exit 13'],86333,1993,False,,0.231,0.894,0.12,0.523,87.60600000000002
4YJbhEkkVK3FpzMvDWlomh,Shattnerspackle,['Exit 13'],94333,1993,False,,0.275,0.708,0.711,0.217,64.848
5pNQqaoehT4EdFRMWIv2EP,Terminal Habitation,['Exit 13'],145973,1993,False,,0.152,0.892,0.00218,0.522,173.135
0NSPXDf6V9G0Q9tCGwjXqO,Fingernails,['Exit 13'],124333,1993,False,,0.183,0.664,0.0113,0.488,127.35700000000001
6j2Yna4AQu9rwCgzvHcY98,Conclusions on Various Religious Frauds,['Exit 13'],128667,1993,False,,0.12300000000000001,0.769,0.0034200000000000003,0.505,92.81
49fxu2Fb5P7WKIRYayrUUF,Political Dismay,['Exit 13'],136160,1993,False,,0.162,0.835,3.27e-05,0.401,90.87299999999999
2z3Hpf2NCD0NPJbd44HxB5,Impaled,['Exit 13'],223867,1993,False,,0.10800000000000001,0.91,0.0168,0.225,179.081
3kMAm2qMJ3p1skH9lyrqQI,Disemboweling Party,['Exit 13'],92373,1993,False,,0.281,0.956,0.0217,0.0855,91.235
7j43YpDNHALBXuTRMAgA9D,Daddy Drinks Cause You Cry...,['18 Wheels Of Justice'],289707,2007,False,,0.431,0.965,1.5399999999999998e-05,0.522,90.925
2lvcich541o00RxpLYROTX,Warcry,['18 Wheels Of Justice'],211307,2007,False,,0.31,0.9390000000000001,0.000535,0.54,179.53
0i54CEFXTyz9EVJis59MYZ,It's Wes Mantooth Bitches,['18 Wheels Of Justice'],284347,2007,False,,0.228,0.9059999999999999,1.27e-05,0.48700000000000004,86.98
5IP7aukhKOZoc9GqNlX9zb,Mechanically Seperated,['18 Wheels Of Justice'],318933,2007,False,,0.331,0.9590000000000001,1.15e-05,0.519,87.281
4ym9cI781ycCBukU34J0CL,18 Wheels,['18 Wheels Of Justice'],236440,2007,False,,0.221,0.965,1.07e-05,0.322,177.88099999999997
0w73pcN74Xu3DmOFZbEf3F,The Trooper,['18 Wheels Of Justice'],246653,2007,False,,0.154,0.97,2.84e-05,0.47700000000000004,176.775
78hCD6FFXEr4dJ16runb3Q,Piss On Lars,['18 Wheels Of Justice'],255933,2007,False,,0.18,0.884,1.88e-05,0.392,174.425
0YDKR3laYzisKplo0dfVrw,I'm Gonna Beat You,['18 Wheels Of Justice'],236547,2007,False,,0.37799999999999995,0.988,0.00047999999999999996,0.442,162.59799999999996
5maoykZ8bUaVbfQiJvPfgi,Pounder (live),['18 Wheels Of Justice'],282080,2007,False,,0.35100000000000003,0.8490000000000001,0.00033999999999999997,0.282,111.999
6eEUswQ6Ceb9wfV6JFl5cz,1334,['Gourmet'],154373,2001,False,,0.445,0.297,0.214,0.102,103.426
5P3r3qko27XDLOlpDvOdp8,My 1st Born,['Madgesdiq'],267467,2009,False,,0.565,0.627,0.628,0.851,176.018
19He4xpoiSlGYnVHDnywg6,13 (Peut-être sommes-nous les seuls...),['Dumas'],222667,2009,False,,0.27899999999999997,0.474,0.612,0.2,79.652
6Ix3fB235yTBMPe7YgiXz0,11-40,['Dumas'],126200,2009,False,,0.7070000000000001,0.3670000000000001,0.125,0.968,126.17
4YmgYDsjNAOlLJFOk0vlqz,1dusfight,['Feadz'],240000,2003,False,,0.802,0.982,0.0116,0.9520000000000001,130.515
7K5H1ZZmawoNDbNkyiV9E6,Almost Home,['Deep 13'],176147,2002,False,,0.297,0.865,0.201,0.579,140.571
2pxJ8drLId3QThHuGPovCG,1987,['Diskjokke'],373453,2010,False,,0.802,0.75,0.00302,0.664,118.99799999999999
0mbO0RJ7KDjALjH9JV3MFO,Candy in Spanish,['16'],206427,2020,False,,0.38799999999999996,0.951,0.000805,0.361,149.28799999999995
1tVcW54BiJb5url5LM7OxE,Me and the Dog Die Together,['16'],185056,2020,False,,0.138,0.996,0.000139,0.0355,159.572
27Tb19oMBUZBcqXZFfn1Zi,Sadlands,['16'],310453,2020,True,,0.205,0.8009999999999999,0.00028,0.348,111.675
483EV1ZM04EKroR58Ytgxk,Harvester of Fabrication,['16'],196387,2020,False,,0.294,0.805,0.000154,0.312,121.335
15rdqNUBXrdZKoZ59pyB8k,Acid Tongue,['16'],381099,2020,True,,0.28800000000000003,0.6990000000000001,0.00172,0.225,95.77600000000001
3zoemphqfrlWjZw6dZBlUI,Agora (Killed by a Mountain Lion),['16'],331800,2020,True,,0.253,0.888,0.00942,0.165,106.90100000000001
1OJa162lQnlvynGN57jz3n,Ride the Waves,['16'],166080,2020,True,,0.17800000000000002,0.993,0.00271,0.27399999999999997,150.766
6xHDs5ZP2VcDMwxrjsQpgy,Summer of '96,['16'],302853,2020,False,,0.16399999999999998,0.966,0.0003,0.0722,153.667
6c7xC9gDHtpyckPlnn3PJ5,Screw Unto Others,['16'],180653,2020,False,,0.353,0.903,0.00046399999999999995,0.142,129.181
32rtsTvNNf6PGorLekuvBw,Kissing the Choir Boy,['16'],301080,2020,False,,0.247,0.9209999999999999,2.7699999999999996e-05,0.5,130.429
1vUoU2VSSah5JyhaRdWtY3,15-10,['Cappo'],166640,2003,False,,0.718,0.8320000000000001,0.34700000000000003,0.8059999999999999,95.845
3AuI41yMFUP2EZRHX5ci4Y,1019 Oh Yeah!,['Sheena'],250723,2006,True,,0.611,0.94,0.00041900000000000016,0.68,133.034
26YY8DGvuebK9LD2kPY3if,Light Up!,['Exit 13'],178493,1996,True,,0.565,0.52,0.674,0.7490000000000001,169.67700000000005
4invKbY9OdO9C5ZV53ugWN,Jack I'm Mellow,['Exit 13'],176533,1996,True,,0.705,0.5429999999999999,0.331,0.85,92.585
3T10cDB8Dj6ob4mMkSBLDx,If You're a Viper (Blissful Mix),['Exit 13'],178933,1996,True,,0.6809999999999999,0.502,0.23800000000000002,0.45,115.42299999999999
0z0p86B4FsnuadRB8fpfHd,Stoney Monday,['Exit 13'],248173,1996,True,,0.535,0.515,0.597,0.381,86.007
1Zc4TTqTctlWw0QT7P9evE,"When I Get Low, I Get High",['Exit 13'],156867,1996,True,,0.733,0.35,0.795,0.745,89.01799999999999
4g4OPVoHsiKP4PgSruvFiO,Lotus Blosson (Sweet Marijuana),['Exit 13'],192267,1996,True,,0.5870000000000001,0.17600000000000002,0.775,0.37,108.99600000000001
3Gn3oK4vk56vnPjkSOifNl,Willie the Record Releaser,['Exit 13'],197093,1996,True,,0.5529999999999999,0.336,0.7709999999999999,0.682,126.265
0QxjXEWx5BDjDOIela8m2W,1'1 (Thirteen Inches of Fun),['Exit 13'],45240,1996,True,,0.6990000000000001,0.912,0.188,0.6809999999999999,129.955
4jkqMQjhW2QUL6g8sGzqO2,Weed,['Exit 13'],189600,1996,True,,0.483,0.187,0.938,0.34,91.868
11wYk6xFbZbRpQZqmhyywz,If You're a Viper (Viper Mad Lilker Mix),['Exit 13'],178520,1996,True,,0.613,0.376,0.8370000000000001,0.5710000000000001,114.898
1bPq41d62TgPITTzEvunqm,Knockin' Myself Out,['Exit 13'],175907,1996,True,,0.625,0.45,0.58,0.376,105.965
23q2uZ4efcWxd2dFx1tJmL,Hempcake,['Exit 13'],75867,1996,True,,0.657,0.525,0.26899999999999996,0.924,110.867
1pvIxSDUAHQi85XwYuABoF,10:10pm,['Undermathic'],366093,2010,False,,0.302,0.843,0.013000000000000001,0.132,105.029
44zlrS6k3mpZ0eKZvzIe8S,1001 Nacht,['Plank!'],279840,2010,False,,0.491,0.524,0.000643,0.43799999999999994,130.043
1DE19ShSHaeOLiWr94bxaN,"1,000 Days",['Bumtech'],153347,2008,False,,0.609,0.465,0.0603,0.69,169.977
6X1YAz61KKuegxGvaiXvyb,16/08/02,['Magnatiz'],109347,2002,False,,0.672,0.484,0.354,0.8370000000000001,75.205
53WhM5noDrZNYVPMtf2tTt,Esconderse Tras el Raton,['Carmen 113'],257987,2004,False,,0.47100000000000003,0.875,0.0496,0.305,91.286
4g6roFR7XL9jRoeUXVztF1,Dimelo-Dimelo,['Carmen 113'],286867,2004,False,,0.381,0.7829999999999999,0.0268,0.516,84.322
6JvqiEQocOGmQCuEmWiAG6,Cuentame,['Carmen 113'],225947,2004,False,,0.633,0.77,0.0178,0.342,125.359
5RBVTpkvLibRlGC5MbLkeq,Pereza,['Carmen 113'],277200,2004,False,,0.478,0.903,0.0236,0.332,147.07299999999995
2mSbWvMWTWJAC6JuwU2EuV,Soledad,['Carmen 113'],261840,2004,False,,0.306,0.7390000000000001,0.0113,0.32799999999999996,89.979
5FjdAwf0yRkTUoaIZnPd4l,Solo Fue para Ayudarte,['Carmen 113'],217840,2004,False,,0.439,0.813,0.0277,0.652,115.10600000000001
6jHCdA5NyqsAhORkWZjCDS,Playtel Angels,['Carmen 113'],171320,2004,False,,0.47100000000000003,0.915,0.0234,0.429,121.25200000000001
15nlb8wvtxC8gCxAheeSM0,Para Que Quiero Mas,['Carmen 113'],289533,2004,False,,0.46399999999999997,0.7559999999999999,0.0275,0.376,93.44200000000001
1MjIjEdMR7bUB9Obo93l5a,Frozen,['Carmen 113'],299147,2004,False,,0.255,0.768,0.00331,0.18100000000000002,140.563
6FDWwqzkhmxenMpMvf0gHw,Libre de Pecado,['Carmen 113'],259613,2004,False,,0.40700000000000003,0.9129999999999999,0.00683,0.368,88.735
5Thula6qcsvISPhrLgHm1C,Aire,['Carmen 113'],189760,2004,False,,0.556,0.597,0.0518,0.207,111.62700000000001
5IjESbSkMwsssLlIJXmN8G,Deja Vu,['Carmen 113'],286600,2004,False,,0.639,0.871,0.012,0.41,115.147
5Fz5jHbTeBkSaR6h3iumUm,Resoledad - Mix,['Carmen 113'],360853,2004,False,,0.303,0.0208,0.0352,0.0324,180.05200000000005
6dFIOdRfleaoZlZv4OYjZh,James 12,['James'],230680,2007,False,,0.364,0.7909999999999999,0.0035399999999999997,0.919,176.363
1P68sFrJ3S2wThoplcDHuK,1st Phone Interlude,['Pras'],153093,1998,False,,0.893,0.13,0.0053,0.485,92.59700000000001
32Bsv0WRgWCd2fEkCCgqVh,Searchin',['33 1/3 Queen'],225000,2004,False,,0.8059999999999999,0.992,0.00489,0.882,121.8
7F6XsmcQbr7ce4lis5ZGsq,The Waiting Room (The Main Theme),['14KT'],223043,2008,False,,0.737,0.8,0.000995,0.679,122.459
4dR6pVKWXB3OkO2v4x9PqH,Surgery,['14KT'],149675,2008,False,,0.52,0.745,0.00155,0.586,85.86399999999998
7vq84r568YUJpWH8iBFe7G,The Inside (feat. Tiffany Paige),"['14KT', 'Tifanny Paige']",158001,2008,False,,0.633,0.71,0.0334,0.47600000000000003,87.54299999999998
7wXBlSCez5wpMtQMY4fe1f,NNE Mode,['14KT'],218889,2008,False,,0.662,0.28300000000000003,0.0163,0.37799999999999995,94.611
6ZlJUVkCFFJ0BhJARMZbUq,Ypsilanti,['14KT'],175425,2008,False,,0.466,0.754,0.0348,0.5920000000000001,187.864
2CrnIM7Ou0a0ZtoYBQKdRI,Hihatspectations,['14KT'],176754,2008,False,,0.76,0.531,5.67e-05,0.7509999999999999,96.079
4DUGJLLRm0hiColODOVeNe,The D Light In You,['14KT'],90444,2008,False,,0.769,0.607,0.00603,0.721,95.848
46uWtQtp5t9SbsNnJI8Mvu,Love Handle,['14KT'],141686,2008,False,,0.732,0.9420000000000001,0.122,0.327,95.516
4DGDqIsno8YqJq4VHkpHpr,Tick Tock Husle,['14KT'],130312,2008,False,,0.745,0.4370000000000001,0.0207,0.6759999999999999,189.52700000000002
1Mh3uoMOjd1FUAPebO8L2M,Ivory Pillars,['14KT'],104481,2008,False,,0.616,0.863,0.000981,0.488,98.995
679JbCj0FrszpaCOH3pUnd,ICU Smile (feat. Karla Crawford),"['14KT', 'Karla Crawford']",293309,2008,False,,0.688,0.591,0.0712,0.8270000000000001,149.227
3k3QVnwHSvcZLGbs27RN7w,Can We (Chill Again),['14KT'],174885,2008,False,,0.624,0.68,0.00355,0.321,174.14
4uHYPb2WP4s3h4X16klNUc,Trust Issues,['14KT'],301003,2008,False,,0.38299999999999995,0.452,0.741,0.11699999999999999,82.00299999999999
52sQEM3bKEBBrUpevJCppJ,When My Sunsets (The Golden Hour),['14KT'],207838,2008,False,,0.655,0.45799999999999996,0.0872,0.785,161.305
77E6w4d2DEAmjahdFInVzP,Less Than Enough (feat. Ab),"['14KT', 'AB']",232127,2008,False,,0.3670000000000001,0.591,0.17300000000000001,0.25,177.054
3g48ximQc5J24RHQKzq1Ql,The Night,['14KT'],205292,2008,False,,0.6629999999999999,0.596,0.00603,0.87,91.45100000000001
17TM2yeyYO98Vq7dAy0lnQ,Reprise (Start Over) [feat. Lovesong],"['14KT', 'Love Song']",149474,2008,False,,0.42100000000000004,0.23,0.066,0.158,177.951
2uz33cIEK1fdzkNfImgdVY,Miss U (For Lost Loved Ones),['14KT'],120768,2008,False,,0.893,0.802,0.048,0.805,97.616
5XmHQPxRS6bKDOM1uN4VXG,Without Dilla (Donut 4 Dilla),['14KT'],82650,2008,False,,0.349,0.895,0.013999999999999999,0.5379999999999999,171.96400000000003
2wKaVf0IlXWd0zxYijTt5r,Illustrious (End Titles),['14KT'],262273,2008,False,,0.6629999999999999,0.721,0.0037799999999999995,0.44,121.98299999999999
54oUqcWPI7LgEGLotWoNuR,1-2-3-2-2-3,['Fred Fortin'],258267,2000,True,,0.515,0.562,0.8,0.207,75.12100000000002
7gLHdR484MYaKiWTVw2Yg8,11th Hour,['Starkey'],245160,2010,False,,0.344,0.518,0.0236,0.223,142.006
2HPVgwLLVYsnwkrywsmFAh,FIELDHOUSE FREESTYLE,"['nobigdyl.', '1K Phew']",199399,2019,False,,0.895,0.7290000000000001,0.044000000000000004,0.405,132.957
1sn9KttxeXx0rt4iVp1L9g,1000 Striche,['City'],240773,2007,False,,0.23399999999999999,0.525,0.00455,0.397,72.203
4RW6exKhHAq4Nvuc0McpiT,12th,['Septa'],281781,2013,False,,0.332,0.757,0.0123,0.0865,160.049
6Rh581qlPU7R3jfqdZNsbS,Sit Tight,"['10 Sui', 'Tamsin']",458107,2002,False,,0.645,0.738,0.00205,0.0754,138.023
14slNRTddDfTHvUDeXXKeQ,Sit Tight - Sit Tight Remix,"['Tamsin', '10 Sui']",393627,2002,False,,0.767,0.475,0.000185,0.348,140.007
2EiYarkRHYVsbR5svBFEju,Focus - Live,['10 Years'],363422,2013,False,,0.297,0.40299999999999997,0.754,0.0368,101.363
3U13uoyxrMgJwklMIVuxSe,All Your Lies - Live,['10 Years'],259726,2013,False,,0.23600000000000002,0.48200000000000004,0.408,0.33299999999999996,49.02
2MUlAqgn6EKII2c7W3qHHa,Proud Of You - Live,['10 Years'],323255,2013,False,,0.29,0.39899999999999997,0.7240000000000001,0.11900000000000001,108.714
7FdoqoECvPYfa6LlfNHeec,Fade Into (The Ocean) - Live,['10 Years'],384629,2013,False,,0.418,0.493,0.5,0.256,108.583
5mIxO1Ez7OWYEaUPAuG2ZU,"So Long, Goodbye - Live",['10 Years'],368132,2013,False,,0.39,0.295,0.612,0.12,125.194
4QJUHmw86yXUArIilsmJxM,The Autumn Effect - Live,['10 Years'],330721,2013,False,,0.284,0.376,0.7240000000000001,0.121,97.361
4aTvQCTNSlURKCCNznf71D,15th St. Ghetto Song,['Monkey'],262973,2002,False,,0.522,0.721,0.0113,0.887,163.231
4WRfPBjq4hP3Tgx8P8vOvi,13 Days,['Amfibian'],214787,2004,False,,0.59,0.467,0.10800000000000001,0.452,153.395
3PI9eLMCGAToo0sANqG7YT,1 Dead 80 Injured,['Gash'],783013,2009,False,,0.348,0.000246,0.00605,0.292,108.508
4F9Va5Hq8RCOoCBeYJiVpN,15 Second Crush,['Kudgel'],137547,2006,False,,0.195,0.9740000000000001,2.3199999999999998e-05,0.493,190.59900000000002
05fc65A5YavXgnaTYGEQ9x,199x,['Anuryzm'],381022,2015,False,,0.45899999999999996,0.6920000000000001,0.00025699999999999996,0.376,167.988
47WjEZU9ttmCj4VtrZtuCd,Play for Keeps,"['PSK-13', 'QBoy']",283400,1997,True,,0.7879999999999999,0.7979999999999999,0.254,0.48100000000000004,88.03200000000002
0O5vpaYsCmuSip8RZLGbey,Pay Like You Weigh,"['PSK-13', 'Wreckless Klan']",334600,1997,True,,0.825,0.695,0.0997,0.255,122.06700000000001
0GOtVYVanNSluaT6zH6Lqd,Like Yesterday,"['PSK-13', 'UGK']",294467,1997,True,,0.764,0.45399999999999996,0.0464,0.499,76.653
792BWqlJ3Qf7fn8yQThrXL,No Tricks,['PSK-13'],261160,1997,True,,0.461,0.6559999999999999,0.0203,0.606,73.165
17VbbtXIMmufKGhOUK5uX3,Go for Whatchu Know,"['PSK-13', 'Ghetto Twinz']",231107,1997,True,,0.733,0.528,0.0030600000000000002,0.506,179.953
38G76xp95hCHP1oJnhRV29,Big Playaz,"['PSK-13', 'Ice-T']",322693,1997,True,,0.643,0.569,0.019,0.6779999999999999,148.73
11dZkPTAVQwFrpFwsj2awd,Da Youngsta,['PSK-13'],312600,1997,True,,0.5529999999999999,0.506,0.475,0.305,89.84299999999998
1B5cUoLWDvYMXpJp2YPTAB,Black Bag Caper,"['PSK-13', 'Smooth Execution']",283067,1997,True,,0.575,0.511,0.0768,0.637,79.972
4gPsjutpLBHa93G9Ntx7SV,Sticky Situations,['PSK-13'],288667,1997,True,,0.789,0.424,0.0219,0.5760000000000001,88.101
1uflZmSch104eac0Rxye2J,Headed Fo' My Trunk (Remix),['PSK-13'],254667,1997,True,,0.594,0.7559999999999999,0.034,0.395,176.049
385Rj5xmzz3lp1T9LXSHul,"Kill, Get Killed or Come Up","['PSK-13', 'Wreckless Klan']",318200,1997,True,,0.746,0.445,0.0517,0.39899999999999997,79.061
7uPM8RJUdSjRGLpUcqxEoT,Wake Up (All A Dream),['PSK-13'],235507,1997,True,,0.525,0.653,0.0132,0.376,85.53
5PfXDalz77Eop4SaJjApnh,Guilty,"['PSK-13', '20-2-Life']",327827,1997,True,,0.804,0.546,0.354,0.738,70.024
28VcgwM1yPlyDWbSWIUzjo,Like Yesterday (Mercy Mix) [Bonus Track],"['PSK-13', 'Bun B', 'Pimp C', 'UGK']",295000,1997,True,,0.828,0.4920000000000001,0.0627,0.556,76.995
2hbuNsG5DuT8yBBABStAoV,1 of 1,['Trajik'],115371,2019,True,,0.622,0.523,0.0061200000000000004,0.18,150.862
6DrF8GtxBh8m7zU0yQMy1i,13 Moons,['Brocc'],281308,2011,False,,0.281,0.645,0.11800000000000001,0.29600000000000004,174.03099999999995
2ZISQ5srwoL1gaBR9ssYAw,Watchin' My Moves,['Chapter 13'],258693,2004,False,,0.506,0.753,0.0569,0.807,83.53200000000002
3k5dbLOgxgFQQWPp0iOqSo,Demons,['Chapter 13'],254000,2004,False,,0.628,0.778,0.12300000000000001,0.905,83.486
3Cq9xlyfJO8N2woSzWgBhJ,Dawg Call,['12 Guage'],219653,1999,False,,0.79,0.892,0.0104,0.688,136.046
4Z4YtdN4JXySiZeev1DtTh,Dawg Call,['12 Guage'],246173,1999,False,,0.863,0.775,0.0374,0.552,136.08700000000002
2CqKcqtCEp0h8dIbU7sNXV,Dawg Call,['12 Guage'],246013,1999,False,,0.7070000000000001,0.611,0.000366,0.733,136.07
5471VyUQSjKHrOea68TXkc,Dawg Call,['12 Guage'],185280,1999,False,,0.893,0.439,0.797,0.46299999999999997,136.162
0w6UA1Lwiw2TVzRhtzVFdp,"13,000 Poliittista Armomurhaa",['Liimanarina'],125907,1995,False,,0.489,0.324,0.857,0.44,106.788
3LbEicwBkD4Xv1lkbYGKoY,Sail-a-Bration,['Mr. 1986'],368733,2003,False,,0.284,0.6890000000000001,0.000303,0.245,142.991
3xxLRyEdM3E7lEgTKf0weu,Where Motion Is Rest,['Mr. 1986'],452200,2003,False,,0.28800000000000003,0.8079999999999999,0.0612,0.35200000000000004,171.00400000000005
1zzfPvuv6uQtua2zmTl83g,Adjust the Blinds,['Mr. 1986'],585853,2003,False,,0.316,0.889,0.0010400000000000001,0.32799999999999996,131.197
0uHAwdksOnltobfT5mlnWz,Canvas 10.06.06,['Be-1ne'],365000,2010,False,,0.64,0.562,0.7040000000000001,0.146,110.992
1QErF96mXLDAWvVIAieoOS,#1 In Tokyo,['Floor'],16320,2010,False,,0.425,0.914,0.2,0.265,96.881
0VzjgelwI68zVJZ3jJGqwk,13 Days Into February,['Cheswick'],299720,2000,False,,0.27899999999999997,0.43,0.11,0.141,77.77600000000002
0Xj3gadMQxiWb6EClUvBMK,1Life 2Live,['Hopie'],206029,2011,True,,0.852,0.847,0.53,0.812,89.977
7sKb8gMvUNuLmTd2feA5XI,12 O' Clock,['Domain'],326880,2009,False,,0.4920000000000001,0.564,0.009859999999999999,0.0732,144.049
3VIze0LlDSD5YaN5j1CbGI,10' x 10',['Mower'],174267,2006,True,,0.466,0.9279999999999999,0.00112,0.268,176.99900000000005
2d5RQJw2pxajo0pwU11LcH,16 Lover's Rain,['Hartfield'],315440,2006,False,,0.364,0.7829999999999999,0.000484,0.385,143.83
5lseYAfSp07Ad9kbOKn1s9,It`s Own Sun,['13 & God'],164920,2011,False,,0.547,0.562,0.5589999999999999,0.08,170.076
2fUPv6CkLUuYt1mQ8kLIA8,Death Major,['13 & God'],266893,2011,False,,0.695,0.774,0.495,0.634,80.05
1EBa20Q6w6ToTR7Fa68wrL,Armored Scarves,['13 & God'],270227,2011,False,,0.616,0.81,0.405,0.527,104.024
2IVKz8rxpeVzwDfByKwbAx,Janu Are,['13 & God'],212507,2011,False,,0.738,0.617,0.10099999999999999,0.374,100.039
5fBAjgRcNq4Whd6UmNut90,Old Age,['13 & God'],204787,2011,False,,0.627,0.897,0.1,0.725,126.964
1M1fkZnfrBwn7K1xSRuAok,Et Tu,['13 & God'],198613,2011,False,,0.7659999999999999,0.81,0.0258,0.5329999999999999,152.78799999999995
0Q2dzTQInjT1OOmDuiyYbQ,Death Minor,['13 & God'],236267,2011,False,,0.5720000000000001,0.628,0.29100000000000004,0.526,88.478
0UmMrN2Kx9fJ97E94AxvZQ,Sure As Debt,['13 & God'],229760,2011,False,,0.688,0.856,0.019,0.637,102.00299999999999
44VQUnzZwj7COwq8RKmlt9,Beat On Us,['13 & God'],307253,2011,False,,0.597,0.8009999999999999,0.368,0.32299999999999995,159.996
3AILArtZrIG3Dwnd05XOBm,Unyoung,['13 & God'],219267,2011,False,,0.6940000000000001,0.878,0.0845,0.213,120.027
6H1I1Oh1DJzQxXecAkVDtz,15 Minutes - Lights out Edit,['Psyche'],294493,2009,False,,0.6709999999999999,0.653,0.00223,0.20600000000000002,116.016
5oKpqxuTm4kg8BRQwIBFzk,13th Floor / Growing Old,['OutKast'],410933,1996,True,,0.769,0.529,0.517,0.5820000000000001,85.889
7C9eLr1hnuYNi86kHTH2ja,I'm The Fuckin' Murderer,['Spice 1'],213667,1993,False,,0.8109999999999999,0.92,0.0735,0.693,97.927
3FH31gkfIOkXKYsHtOIQ7E,Dumpin' 'Em In Ditches,['Spice 1'],245400,1993,True,,0.758,0.708,0.0108,0.77,80.92
6E0cNbdIYCwdRiMV8HsBv7,Gas Chamber,['Spice 1'],198800,1993,False,,0.955,0.599,0.121,0.5870000000000001,105.01799999999999
3MZEpQKJiL7DHzg050XKQK,187 He Wrote,['Spice 1'],291840,1993,False,,0.855,0.6459999999999999,0.215,0.7020000000000001,142.14700000000005
2nOmDTe2wZokdnHOrWKaTl,Don't Ring The Alarm (The Heist) (with Boss),"['Spice 1', 'Boss']",244333,1993,False,,0.843,0.828,0.0802,0.7290000000000001,141.064
4VJMmW2hFE4SMB5dkfVgQn,Clip & The Trigga,['Spice 1'],321333,1993,False,,0.914,0.8079999999999999,0.0316,0.5589999999999999,93.02799999999999
3Qif3r4U4UWeYS1gXpVCtK,Smok'Em Like A Blunt,['Spice 1'],255160,1993,False,,0.8809999999999999,0.573,0.159,0.767,148.04399999999995
588uZPIRuinNW3WPxcGN00,The Murda Show (feat. MC Eiht),"['Spice 1', 'MC Eiht']",267840,1993,True,,0.777,0.7070000000000001,0.00963,0.767,89.88799999999998
10EjxMpCNJ4hDpG6qqnS3O,380 On That Ass,['Spice 1'],259827,1993,False,,0.857,0.725,0.0586,0.39399999999999996,91.30799999999999
2CavvBuTwgfXWCmZIFNnUW,Mo' Mail,['Spice 1'],269840,1993,False,,0.882,0.85,0.0131,0.73,89.98
2lfe7L6MqeCGvlbhwjGDzn,Runnin' Out Da Crackhouse,['Spice 1'],198533,1993,False,,0.777,0.747,0.0225,0.81,87.00200000000002
6pl6sbPiadiJWyrDsIc5vJ,Trigga Gots No Heart,['Spice 1'],187707,1993,False,,0.731,0.565,0.0626,0.762,79.58
6c1Dg9iTxweqVlFyEgXb2U,Trigga Happy,['Spice 1'],191373,1993,True,,0.763,0.6409999999999999,0.0464,0.5870000000000001,168.63400000000001
3VSZm9MaHXQXixpckXlpoQ,RIP,['Spice 1'],218533,1993,False,,0.722,0.872,0.214,0.7090000000000001,81.013
0nS4ZsioU6cCsC7xVP5Mqj,All He Wrote,['Spice 1'],303667,1993,False,,0.5870000000000001,0.555,0.37799999999999995,0.488,69.17399999999999
2zKttvCwZpJ9Xdi7FJNpw4,Matchbook,['Be-1ne'],348000,2011,False,,0.7859999999999999,0.48200000000000004,0.00292,0.198,139.97899999999998
0kON3gMEy6jHksrKS4pozg,The Visitors,['Be-1ne'],337000,2011,False,,0.7709999999999999,0.47200000000000003,0.0433,0.505,140.006
6ndsCxNlZqgX83NFWOGAM7,12 Or 13,['Vietnam'],323493,2006,False,,0.22,0.754,0.005529999999999999,0.244,152.829
7llXUAFEgPAbiy2zwgGbkP,1st Fast - (live 2005),['Wire'],92867,2005,False,,0.29600000000000004,0.971,4.5799999999999995e-05,0.188,141.523
1EqbF2QpZcIEIjeVryLPaR,106 Beats That - (live 2005),['Wire'],87387,2005,False,,0.47600000000000003,0.9079999999999999,0.006840000000000001,0.494,82.139
6ak0VXVv8BnjNIcdlKPakl,Machete Strike,['10 Ft. Ganja Plant'],240080,2009,False,,0.613,0.556,0.0537,0.662,154.319
2K2YjCnwFcp7bbciOllt1e,Soon Come,['10 Ft. Ganja Plant'],175800,2009,False,,0.807,0.36200000000000004,0.0308,0.8370000000000001,146.01
7fQsz2gLGyycZMN54GrOF7,Too Much Gun A Bust,['10 Ft. Ganja Plant'],204800,2009,False,,0.672,0.579,0.0103,0.662,152.54
29OAFVQVjO90Sz3wIING0Q,Cool And Collect,['10 Ft. Ganja Plant'],217080,2009,False,,0.652,0.647,0.00488,0.855,140.425
5nvH6f45r9mrvajhVHxPl0,10 Ft. Ganja Plant and Weed,['10 Ft. Ganja Plant'],216800,2009,False,,0.753,0.495,0.0338,0.774,136.121
1uSzbBAc5XN1rkB5xDylSa,Bush Rock,['10 Ft. Ganja Plant'],231000,2009,False,,0.634,0.684,0.00107,0.825,145.94799999999995
1EITkY7bnVCIumj2oEMrDs,Head Shrinker,['10 Ft. Ganja Plant'],198440,2009,False,,0.679,0.557,0.0242,0.879,149.391
1dfpUgTgvNQfTcpL6FqIJW,Wailin',['10 Ft. Ganja Plant'],221640,2009,False,,0.736,0.40700000000000003,0.175,0.8140000000000001,124.906
031ganUM3tu4Tqgz9MVeUF,Set Me Free,['10 Ft. Ganja Plant'],233600,2009,False,,0.929,0.6759999999999999,0.312,0.95,134.399
0aegsH4ajwSEQze7BC5kLW,Got To Be A Soldier,['10 Ft. Ganja Plant'],166880,2009,False,,0.8440000000000001,0.36200000000000004,0.414,0.75,127.965
5j3SBHWYbdroA1loI8Hmqv,The Cyclops,['10 Ft. Ganja Plant'],284600,2009,False,,0.628,0.7020000000000001,0.0687,0.501,133.63
49JqjsEkyBWWvhm0iOadK4,So Much Confusion - Bonus,['10 Ft. Ganja Plant'],262640,2009,False,,0.8440000000000001,0.491,0.0447,0.745,135.296
6XmOXFwJEo45sNz7T24jmh,So Much Confusion Dub - Bonus,['10 Ft. Ganja Plant'],225240,2009,False,,0.779,0.418,0.0427,0.773,134.833
1KQX9z56YieZGcBcIPhc2Q,10-4 Good Buddy,['Hullabaloo'],159107,2011,False,,0.787,0.8140000000000001,0.33299999999999996,0.968,104.93299999999999
7DF22llkSh0L4K9fca4zyT,100 Degrees,['Kyuss'],156093,1994,False,,0.348,0.8590000000000001,0.00663,0.485,183.16299999999998
0LkV7fwlXOM253PeQLBLtI,Mundane - 1995 Demo,['Morgion'],449987,2008,False,,0.247,0.7440000000000001,2.65e-05,0.0395,126.785
001TC4J1pm0J5Oc8mI4Ijf,1984,['Dolphin'],285175,2019,False,,0.528,0.745,0.0108,0.265,125.14
4GRQQeZ2brmXDEz480ce7A,Rise,['Prop 13'],103760,1997,False,,0.342,0.993,0.016,0.39799999999999996,144.085
2GUYsCdlgZKtuAILaRIUxh,Spaceboy,['Prop 13'],91040,1997,False,,0.345,0.987,0.000616,0.34299999999999997,77.58800000000002
4boL4sojzfeesufXpBxcFr,Locked Doors,['Prop 13'],104733,1997,False,,0.45899999999999996,0.995,0.00589,0.428,97.85
1X06PPWlgxPudAxx6UrlhC,Burning Up,['Prop 13'],137893,1997,False,,0.364,0.985,0.0007099999999999999,0.529,133.79399999999998
2ddRXSUtxTU4MRO1I5AMtq,Color Blind,['Prop 13'],107240,1997,False,,0.35,0.9940000000000001,0.00473,0.27399999999999997,84.59100000000002
0BWm3WOgVD5gyFTum2MBpM,Peaceful By Nature,['Prop 13'],190667,1997,False,,0.322,0.987,0.00919,0.368,139.311
2EX2eKvXbw2nUQzKPQEv1t,Change Is Good,['Prop 13'],97627,1997,False,,0.38799999999999996,0.99,0.0007,0.446,137.625
2v5soimVnJGmAciBnyOX3d,Industry,['Prop 13'],99773,1997,False,,0.371,0.9790000000000001,0.0039700000000000004,0.585,94.42299999999999
1iPImeLoakifZ873HXMkDk,Inside Out,['Prop 13'],127293,1997,False,,0.439,0.988,0.00381,0.71,108.37
18ZeyHByohgceqsyvtgyin,Torture,['Prop 13'],108240,1997,False,,0.34600000000000003,0.988,0.00202,0.203,95.04899999999999
58PKIol46m45Q1e4qUgTYP,Green Tree,['Prop 13'],109427,1997,False,,0.34700000000000003,0.9890000000000001,0.000624,0.41600000000000004,75.207
1C2LmjgBno5bcYdjfjZJtI,Statistics,['Prop 13'],118507,1997,False,,0.525,0.978,0.00155,0.5379999999999999,132.968
0OjbZKnMG2b3AgLMEHkVac,Breaking Things,['Prop 13'],243693,1997,False,,0.314,0.586,0.0019,0.174,212.25900000000001
7mtggTS4f4g2DDs4pXawrX,Those Happy Holidays,['1910 Fruitgum Company'],99747,2007,False,,0.573,0.648,0.633,0.807,140.204
5Ikn9spMmyCsKkDSlUeXr2,(Don't You Know) It's Christmas Time,['1910 Fruitgum Company'],159240,2007,False,,0.639,0.544,0.0781,0.8390000000000001,135.015
1fpM4ofgNI2f3wI4W3qOuw,Santa Claus Is Coming To Town,['1910 Fruitgum Company'],132627,2007,False,,0.777,0.624,0.0205,0.963,128.05100000000002
0Cqp1tMd7hqwou8F1IMPoO,Little Saint Nick,['1910 Fruitgum Company'],116240,2007,False,,0.711,0.484,0.6920000000000001,0.92,132.982
1u9CFCx8daDjHIe7PQh4oH,Bubblegum Christmas,['1910 Fruitgum Company'],176333,2007,False,,0.8759999999999999,0.409,0.132,0.8740000000000001,140.055
1shq5Hr4XRB7twnHXNlHeL,Feliz Navidad,['1910 Fruitgum Company'],220653,2007,False,,0.5589999999999999,0.5429999999999999,0.293,0.9420000000000001,132.07399999999998
3gJOm7AW4DjV3cPHRU5GWG,Jingle Bell Rock,['1910 Fruitgum Company'],115867,2007,False,,0.6629999999999999,0.632,0.0472,0.963,132.042
068jc7x5eCwUG1q1NQXIFH,Frosty The Snowman,['1910 Fruitgum Company'],179840,2007,False,,0.7929999999999999,0.496,0.127,0.7020000000000001,128.036
5cwZIqVue6vkQj9k5nbQ14,Now It's Christmas,['1910 Fruitgum Company'],165000,2007,False,,0.55,0.462,0.028999999999999998,0.753,85.977
1EN5YepEzkUef1rzUxYirh,It's Almost Christmas,['1910 Fruitgum Company'],207160,2007,False,,0.578,0.616,0.0558,0.745,136.918
2qeFsEYkpHW1Z8NGrUQOko,Rudolph The Red-Nosed Reindeer,['1910 Fruitgum Company'],157840,2007,False,,0.735,0.6409999999999999,0.27899999999999997,0.862,148.014
1EQgWe6VELcLPk6c8CydDE,Blue Christmas,['1910 Fruitgum Company'],117253,2007,False,,0.795,0.33899999999999997,0.175,0.915,119.948
0C4XxM75nMTbw94rYGhmnM,Rockin' Around The Christmas Tree,['1910 Fruitgum Company'],166387,2007,False,,0.768,0.508,0.16399999999999998,0.775,130.089
0vmcv6ZlwRgJvaU12TraRx,All I Want For Christmas Is You,['1910 Fruitgum Company'],209067,2007,False,,0.573,0.7040000000000001,0.245,0.45299999999999996,152.056
2oiHy1SN7VSNzu5Wsuc4Fz,Simon Says - Live,['1910 Fruitgum Company'],150640,2007,False,,0.599,0.391,0.05,0.965,135.986
0UkWF0cyK2G2FftTZzBRmg,14th Song On The Album,['Kool Keith'],149173,2005,True,,0.58,0.636,0.15,0.409,82.96799999999998
4yLMyWYwxU7NB7GGDzHjS3,1-800-Goodbye,['Bulletboys'],206667,1993,False,,0.514,0.893,0.00836,0.526,128.418
3gIk2QR7SdWfOcrNBItrYA,Whip-It,['1UP'],271908,2013,False,,0.44799999999999995,0.91,2.49e-05,0.498,172.981
0E9vlWOQkVScDjhiGzKsyT,10000 Years Later,['Kevin Kerrigan'],163870,2011,False,,0.278,0.0812,0.991,0.0287,71.251
5dZc4K0YOOQINIulXCMUoU,1919 (The Flats),['Quinzy'],262427,2012,False,,0.402,0.8859999999999999,0.0159,0.706,175.56099999999995
4N6yIDngW42OAmCtbHp5FF,1000 Years,['Coachwhips'],132733,2003,False,,0.13699999999999998,0.973,0.0303,0.59,170.93400000000003
7efBGuzBSWbwlcaDgK2MH8,1988,['Afroman'],191333,2004,True,,0.9359999999999999,0.441,0.0183,0.696,95.961
2uesjcc9ch3pdn7BPOEZ0G,Alphabet Hunt (from A),['12000 Miles'],239400,2009,False,,0.755,0.741,0.594,0.389,126.01
291LCBplacHfk3Nc2IkKvV,Thermal Riders,['12000 Miles'],265973,2009,False,,0.6890000000000001,0.638,0.231,0.15,121.029
40yxja9KYg2hoGRMj8hSER,Endangered Species,['12000 Miles'],198440,2009,False,,0.573,0.7490000000000001,0.0169,0.46299999999999997,174.042
4TJGc5Ek9pff7ZqLmWlh1E,Wisdom Of Two,['12000 Miles'],235653,2009,False,,0.542,0.5920000000000001,0.473,0.382,102.436
59WPbmZV1Cpo7k9u4yQHp4,V Formation,['12000 Miles'],252587,2009,False,,0.71,0.5379999999999999,0.107,0.147,130.01
57xk9HwlRUAusvoDWhz6I1,Cranes Vs Pygmies,['12000 Miles'],143253,2009,False,,0.665,0.9420000000000001,0.068,0.77,124.005
51dqq4wJPx8y6NfKDyojul,Before The Stone Drops,['12000 Miles'],302840,2009,False,,0.41,0.5660000000000001,0.45799999999999996,0.39299999999999996,100.068
6zyhIykjGWMFYiPGnoZxyd,Man Encroaches,['12000 Miles'],232187,2009,False,,0.5,0.457,0.529,0.182,130.454
3QfijPsdCY1RnathhQkEfg,Tsuru,['12000 Miles'],271733,2009,False,,0.48200000000000004,0.4,0.132,0.11,116.98100000000001
2i2NmAUltj7zkOtErNOIwW,Alphabet Hunt (to Z),['12000 Miles'],249600,2009,False,,0.507,0.392,0.204,0.426,125.765
6UyIO7G1Jfz0ntbrXdaDzb,Pretty Pt.1,['Phosphorescent'],142587,2003,False,,0.321,0.223,0.39799999999999996,0.191,162.441
36IzOIGJjUPLsctbfv0d1k,1990,['Deliverance'],421133,1992,False,,0.5579999999999999,0.934,6.74e-05,0.375,104.921
7nLO3ucxA1rPf3yzGqtTcM,1000 Points of Light,['Candiria'],242173,2004,False,,0.359,0.948,0.00031,0.408,93.001
6PVAeDM2KOa9Sdx1lWsi1J,Extreme Contact,['B-1'],215280,2007,False,,0.7559999999999999,0.9,0.0604,0.48700000000000004,170.06599999999997
2xzD0VXNxvv9oiRwvqElZw,Cabe-c-o,['Calle 13'],214800,2005,False,,0.726,0.7340000000000001,0.44299999999999995,0.78,91.98299999999999
6e86ZPMiOcQxE8TAC9TBFH,Suave,['Calle 13'],214560,2005,False,,0.767,0.555,0.021,0.745,92.14
7uFF1xvJOLUP8q3dbQS6i6,La Aguacatona,['Calle 13'],241533,2005,False,,0.647,0.812,0.0627,0.914,189.812
3SXo6PO3z3C0laMLCK9T7h,Se Vale To-To,['Calle 13'],230240,2005,False,,0.6990000000000001,0.757,0.00449,0.39,175.93900000000005
2tgUQg3CpJt4hJymyp4GMj,Intel-lú-Ayala,['Calle 13'],30133,2005,False,,0.778,0.308,0.665,0.934,85.505
7sidjeMGM7fzqUkqoT1b4F,Tengo Hambre,['Calle 13'],245067,2005,False,,0.723,0.742,0.0648,0.728,87.92200000000004
0A5K6JjhgWLi8CsNdNP12Q,La Hormiga Brava,['Calle 13'],226107,2005,False,,0.818,0.7659999999999999,0.0204,0.907,90.01899999999998
4mcTEN3ZzBR7GO2Lfj8UAj,La Jirafa,['Calle 13'],194533,2005,False,,0.6859999999999999,0.594,0.0509,0.8,92.90899999999999
09MILPw7NKgh7nHFRoCWXl,Intel-lú la comermierda,['Calle 13'],24760,2005,False,,0.7659999999999999,0.115,0.932,0.888,60.983000000000004
1q8NdCAQ9QUjpYiqzdd3mv,Atrévete-Te-Te,['Calle 13'],239307,2005,True,,0.8290000000000001,0.878,0.0959,0.883,87.991
5mVXwBRKC3M2ejXaw7z5gs,Pi-di-di-di,['Calle 13'],253533,2005,False,,0.826,0.698,0.0795,0.602,94.986
3bnf9faSHFi2NuwFU85TlI,Vamo Animal,['Calle 13'],205600,2005,False,,0.759,0.847,0.0251,0.897,93.946
5pdmnXCXV0nqxAXQqSQmKQ,Eléctrico,['Calle 13'],199933,2005,False,,0.8109999999999999,0.479,0.12300000000000001,0.6729999999999999,89.819
4cN1PhHsmkPvQ7RtG1VOPy,Sin Coro,['Calle 13'],228733,2005,False,,0.6729999999999999,0.8,0.0766,0.547,163.93099999999995
3REzMySF9cUxp4FbCzQVbU,La Tripleta,['Calle 13'],201067,2005,False,,0.8270000000000001,0.591,0.0339,0.45799999999999996,86.99700000000001
2qpbcsb8HqQ4TmLIOwC9QW,La Madre De Los Enanos,['Calle 13'],241427,2005,False,,0.7240000000000001,0.725,0.252,0.8759999999999999,90.605
2I8R6q0jiDVPslenoohZL2,Suave Mix - Blass Remix,['Calle 13'],220893,2005,False,,0.888,0.833,0.0901,0.6940000000000001,92.00200000000001
28HA1KeuryRMsy4WE43R1R,Minus The Machine,['10 Years'],222293,2012,False,,0.32,0.8079999999999999,0.00101,0.366,116.01899999999999
5UkwwxeC6jhmEnJICaO5dZ,Battle Lust,['10 Years'],176600,2012,False,,0.452,0.9359999999999999,8e-06,0.493,92.494
2pzmc9jicFClHRKolQO6p7,Forever Fields (Sowing Season),['10 Years'],193600,2012,False,,0.354,0.168,0.449,0.031,75.592
5SnxhGb37PEhpdrrvUtTok,Backlash,['10 Years'],217867,2012,False,,0.40399999999999997,0.871,8.89e-05,0.161,148.954
1aVUCFXWlS0KCY7FCTkQCR,Writing On The Walls,['10 Years'],260613,2012,False,,0.649,0.47,0.602,0.368,115.944
5LQMva8ZnaEhDjJDHaYU5J,Dancing With The Dead,['10 Years'],220400,2012,False,,0.517,0.905,0.000148,0.405,75.078
1BEz3wmlK5wmAKwwUFRMji,Sleeper,['10 Years'],242853,2012,False,,0.374,0.737,0.00117,0.198,171.917
7iqK37WNOXDgV4gGCHvqGf,Soma,['10 Years'],205387,2012,False,,0.551,0.691,0.00143,0.182,140.04399999999998
0YjxRSQMpaSKBPOv8TNAB7,Tightrope,['10 Years'],254253,2012,False,,0.5379999999999999,0.604,0.0198,0.419,108.679
32Sq3VdD9AX1rzCOPWF0Xe,Knives,['10 Years'],222893,2012,False,,0.491,0.785,6.17e-05,0.38299999999999995,160.029
4E1rT8sKtV7VnEPhIEC09C,Birth--Death,['10 Years'],76893,2012,False,,0.222,0.17300000000000001,0.955,0.222,68.176
22O3PLmQkt7rzH2ZE0jkhb,...And All The Other Colors,['10 Years'],317787,2012,False,,0.542,0.737,0.000517,0.336,145.031
4zVKnKB8j25leIrMINbRxm,Baptized in Fire - Bonus Track,['10 Years'],199160,2012,False,,0.278,0.85,0.00343,0.535,54.175
1QGNokFbLIh8pu7lROzogD,Backlash - Acoustic Bonus Track,['10 Years'],272725,2012,False,,0.5720000000000001,0.4320000000000001,0.0506,0.107,130.06799999999998
3kf8WIV8jPRbfewjOrCNCt,Soma - Acoustic Bonus Track,['10 Years'],258857,2012,False,,0.473,0.674,0.0175,0.102,140.015
22N7Y8yzK7381CIBihM1HT,12AX7,['Anagram'],166427,2006,False,,0.15,0.285,0.33399999999999996,0.0365,179.78099999999995
2vmf1DCZYcep2eoYTALd0k,19,['Kaia'],165760,1996,False,,0.41700000000000004,0.532,0.5529999999999999,0.764,129.255
59AZqV6CkYkuzDNiNGmCeZ,16,['Kaia'],151027,1996,False,,0.365,0.586,0.609,0.314,119.991
2xJhamLTmqN3p1Ux8CtnaX,Step Back - (Deekline & Ed Solo Remix),['Ursula 1000'],249240,2008,False,,0.792,0.919,8.08e-05,0.8859999999999999,130.005
0S3vTU7pof5NmdxPu6oMQi,Boop - (Skeewiff Remix),['Ursula 1000'],310120,2008,False,,0.374,0.6459999999999999,0.0312,0.345,128.81
6IrQef7cIAbYPT6whr03xi,Electrik Boogie - Fort Knox Five,['Ursula 1000'],396173,2008,False,,0.76,0.581,5.770000000000001e-05,0.687,125.01299999999999
0chz3iAFNObYZwBDpcCuuV,Hello! Let's Go To A Disco - (Robosonic Remix),['Ursula 1000'],437773,2008,False,,0.872,0.501,0.00285,0.381,130.007
3CoOI46nWtGKtV9sCpv2Q1,Kaboom - (All Good Funk Alliance Remix),['Ursula 1000'],321507,2008,False,,0.797,0.742,0.0239,0.946,134.991
4f0XnDekHS0MMURqeaYDK0,Urgent/Anxious - (Myagi Remix),['Ursula 1000'],462893,2008,False,,0.672,0.738,0.000786,0.6829999999999999,130.998
0EgwoOudDxoX5GN4OJcuMC,Electrik Boogie - (Product.01 Remix),['Ursula 1000'],358147,2008,False,,0.8029999999999999,0.618,3.53e-05,0.39899999999999997,125.992
663ndZaVnwfggw9xygARqb,Hello! Let's Go To A Disco - (Moston & Malente Remix),['Ursula 1000'],316373,2008,False,,0.8759999999999999,0.45899999999999996,0.00112,0.529,131.02700000000002
18UzOnrocWmydXpLMkGX3U,Urgent/Anxious - (Ladytron Remix),['Ursula 1000'],234493,2008,False,,0.622,0.742,0.00015800000000000002,0.0389,122.98299999999999
59x2lM4kctpUTZiVVUzpxr,Step Back - (JStar Remix),['Ursula 1000'],257253,2008,False,,0.787,0.508,0.0327,0.8140000000000001,100.029
2DH8xbLyluhy3fFgABWd8f,Kinda' Kinky,['Ursula 1000'],223027,2002,False,,0.865,0.8809999999999999,0.0123,0.7170000000000001,120.119
4MchWQ9X7jdtkM0zrHzhO2,Boogaloop,['Ursula 1000'],274707,2002,False,,0.85,0.7659999999999999,0.0049299999999999995,0.9670000000000001,127.57
5ayFehNfdnf2m3NYhIWahR,Beatbox Cha Cha,['Ursula 1000'],204400,2002,False,,0.7040000000000001,0.968,0.0205,0.736,125.402
1fgdUtpyq25rjm65w3KhDo,Jackie Go!,['Ursula 1000'],274133,2002,False,,0.742,0.9520000000000001,0.0285,0.8009999999999999,123.55
3DruPcwchUN0bti3QgxysV,Smokebomb,['Ursula 1000'],303733,2002,False,,0.735,0.795,0.008759999999999999,0.6729999999999999,130.694
4KnPWHBY2zocuvyW6Z7Ezh,That Hindu That You Do,['Ursula 1000'],228067,2002,False,,0.677,0.6809999999999999,0.000196,0.698,104.87299999999999
3eNLK549KB3YEFr6JcBsVW,Les Techniques de L'Amour,['Ursula 1000'],287293,2002,False,,0.6729999999999999,0.8290000000000001,0.0419,0.612,124.588
1x1sgK8vOdAVNMBhQRVAir,Continental Break Fest,['Ursula 1000'],186573,2002,False,,0.773,0.99,0.000571,0.893,130.714
5eHJTUQaTb4PVVJtMm1L50,Mucho Tequila,['Ursula 1000'],303733,2002,False,,0.7290000000000001,0.9840000000000001,0.0013599999999999999,0.486,121.725
6vhMuazakNFFeSvv6hPH7J,Tigerbeat,['Ursula 1000'],245133,2002,False,,0.737,0.883,0.00207,0.6579999999999999,134.24
63p8gpx9SjLoj2b0qRnJGd,Riviera Rendezvous,['Ursula 1000'],300200,2002,False,,0.8490000000000001,0.9,0.157,0.8909999999999999,125.92299999999999
2x5V5jDU6KPqZRJJipSPbQ,Samba 1000,['Ursula 1000'],369200,2002,False,,0.6859999999999999,0.904,0.113,0.7979999999999999,116.11200000000001
2dleSZs9LuhXZUlbKU1Akl,The Girl From N.O.W.H.E.R.E,"['Ursula 1000', 'Gottwald']",284560,2002,False,,0.705,0.718,0.0052899999999999996,0.401,89.881
5LMD2DyUify9T49U46pKgq,Nightcap,"['Ursula 1000', 'Gimeno']",104400,2002,False,,0.7,0.687,0.37,0.767,110.751
2l9lgQZQtPB5B8uFSQaOgu,_Sealevel.1,['Simon Scott'],390547,2012,False,,0.242,0.316,0.742,0.0561,104.99700000000001
3Qg1JLTJO3EIsEPVe1sfKt,1000 Eyes,['Solace'],306227,2001,False,,0.703,0.743,0.0141,0.156,120.069
5o8A3505RhYEnn3pJoHG3c,100 Miles,['Catie Curtis'],266827,2009,False,,0.526,0.359,0.742,0.498,108.811
4kICt5QCr1Fy8ffz4u49F9,10 h myöhässä,['Indica'],220693,2008,False,,0.41600000000000004,0.865,0.0015300000000000001,0.524,164.065
6TVKuKF5gJtLy7Qo1aSt5r,M.O.B,"['Messy Marv', '151', 'Killa Tay']",255947,2006,True,,0.562,0.616,0.0477,0.406,86.41
3ehJt64ErgwY9N48M1kugW,16 Track Relick,['Bizzy B'],308453,2005,False,,0.617,0.9259999999999999,0.000264,0.555,169.977
5PKN6C8JFop3vp26VzikCj,10 Miles To Go,['Tuuli'],175747,2002,False,,0.41700000000000004,0.945,0.00042800000000000016,0.7509999999999999,163.295
3zxY9E2Lq38ADIhwDXOWe2,Supernaut,['1000 Homo DJs'],398467,1994,False,,0.632,0.981,0.000157,0.17300000000000001,119.946
1enTFTdxv0hExF682A9czA,1-2-3,['Ripcordz'],117267,2000,False,,0.336,0.988,0.00029,0.7390000000000001,85.447
2yN2B1x7ypvUd13EzEblz2,"1,2,3,4 Marine Corps",['Motova8'],222173,2006,False,,0.795,0.6659999999999999,0.0755,0.491,96.05
0oswlzhgXVYwqrxSvNKsK6,Where the Blues Lives,['145th Street'],317947,2012,False,,0.588,0.9470000000000001,0.175,0.6729999999999999,143.994
3Nsvjcbwm60Jy9ojXp350f,"Tell Me, Baby",['145th Street'],285067,2012,False,,0.551,0.94,0.0312,0.871,98.63799999999999
0bZRZWiZ1Trxypc2A7Znho,Before Its Time,['145th Street'],385547,2012,False,,0.591,0.599,0.0941,0.701,107.036
28GoZVAyOEvE9J7bwyWNeE,Your Little Show,['145th Street'],334560,2012,False,,0.6559999999999999,0.903,0.111,0.81,107.28
0PXRa7crVWW6Gk4NOC072q,Blues Never Sleeps,['145th Street'],342520,2012,False,,0.509,0.867,0.14,0.684,112.73100000000001
1OZDnGNa1lxeqoXhLxFwhZ,What Am I S'posed to Do,['145th Street'],458107,2012,False,,0.425,0.706,0.233,0.623,155.91299999999995
6kn007WeYEaDUde9gVEO2x,Make Love to You,['145th Street'],348387,2012,False,,0.7070000000000001,0.858,0.0893,0.932,117.365
1f1fLXACxuqCF2Iu0O1iUc,Seven Days,['145th Street'],280467,2012,False,,0.644,0.938,0.0519,0.9329999999999999,132.517
1o0BvCtXPHFJ1hryGxU3kD,Good Mornin' Blues,['145th Street'],344613,2012,False,,0.428,0.637,0.257,0.575,159.655
0UQGTiINpRkWkO7B4Eahof,Give Her What She Wants,['145th Street'],369960,2012,False,,0.58,0.899,0.013999999999999999,0.545,159.118
16VrXidVMMtocMjh1VTCy9,19th Hole,['Gang Green'],182920,1986,True,,0.267,0.8270000000000001,3.14e-05,0.43799999999999994,123.63600000000001
4PDkzpB83FkoQt3WR8zome,1984,['Ivan Ives'],410855,2009,True,,0.48200000000000004,0.589,0.017,0.221,103.01100000000001
1pSwscO3un6Uk6CONBkqd4,1.11,['Ocoeur'],360000,2013,False,,0.7390000000000001,0.6709999999999999,0.0484,0.0381,127.95200000000001
0uF8ZfnEltLssmhCT5QTEL,1000 Miles,['Roebeck'],277533,2008,False,,0.622,0.675,0.11800000000000001,0.51,140.02100000000002
5lNRwNaQCHbagGjP95PvJa,1X0 (Um a Zero),['Pixinguinha'],132187,1997,False,,0.713,0.517,0.961,0.9620000000000001,117.295
6WxqMDwF6lPqRqfpCz3lmt,100Y (Ganrif),['32crash'],191213,2011,False,,0.518,0.883,0.008759999999999999,0.769,160.029
2s3ZlPSlnfCc0lgsQYXW9q,Clear The Spot,['13'],194453,2002,False,,0.77,0.8759999999999999,0.145,0.809,169.495
1kSCeOloOhr5AXffUjPeOB,Clear The Spot,['13'],193800,2002,False,,0.779,0.867,0.136,0.853,169.636
7KOfxBR1gWPh86anflzQUm,Clear The Spot - Instrumental,['13'],194747,2002,False,,0.71,0.741,0.007940000000000001,0.8190000000000001,170.736
7yYuOZ11OU5Mdt8X3BViOv,Clear The Spot - Acappella,['13'],249067,2002,False,,0.7290000000000001,0.474,0.772,0.484,85.01100000000002
4LjhzKQs6FazcayaaJqc29,Get It Started,['13'],232080,2002,False,,0.907,0.752,0.0161,0.804,91.64399999999999
6aN9r4qC5ovIInKcrJc360,Get it Started - Main,['13'],231560,2002,False,,0.9079999999999999,0.755,0.0173,0.8140000000000001,91.705
3vTYkKd1oRxquvHF7D0CUT,Get It Started - Instrumental,['13'],231720,2002,False,,0.804,0.643,0.000305,0.693,91.679
0h1BleSjNhJBGcZwwc9gh2,Get It Started - Acappella,['13'],224013,2002,False,,0.7240000000000001,0.359,0.685,0.715,127.197
7JUC7liWRabicefrCylOP0,1999,['The Transparent Tones'],201138,2019,True,,0.573,0.838,0.146,0.722,99.99799999999999
6wiRfOxx6p9s4x1lj6Vxqe,100 Prozent,['Mia.'],271907,2008,False,,0.66,0.855,0.12300000000000001,0.6890000000000001,131.945
0tnhkKy36XK3piGSGqOSmw,1 + 1 = 1,['Ceiba'],486227,1996,False,,0.591,0.7609999999999999,0.0005,0.215,145.93
0DOTEfHD0QIvbrgFmUug9t,1952 Vincent Black Lightning,['MadPolecats'],225653,2012,False,,0.605,0.48700000000000004,0.231,0.871,110.792
3VtJuvSnpMWwkriOCJbPQK,10 Years,['Earlimart'],211427,2012,False,,0.35200000000000004,0.713,0.00162,0.39,75.018
3FVASOd2s16OZ1eAq2NfaF,1978,['Kleenex'],69040,2007,False,,0.45299999999999996,0.34299999999999997,0.00312,0.4320000000000001,150.379
41rMhTV2EZbk8yYmA2FXhe,100 Prozent,['Mia.'],271907,2008,False,,0.66,0.855,0.12300000000000001,0.6890000000000001,131.945
3EMXRBjZVmCEcHAvFF8mHh,D-Boyz Got Love For Me,"['Spice 1', 'E-40']",304293,1994,False,,0.598,0.7070000000000001,0.0332,0.5770000000000001,172.03099999999995
7gLEknnuqoeNWHUYt9mSzN,Face Of A Desperate Man,['Spice 1'],293107,1994,False,,0.772,0.52,0.20199999999999999,0.509,172.04
3sfAumzy0rGj6WEhuuRqz6,Strap On The Side,['Spice 1'],287067,1994,False,,0.755,0.6609999999999999,0.0105,0.61,98.01100000000001
4WxDgkiqMlnfVGKp66SpEi,Jealous Got Me Strapped,"['Spice 1', '2Pac']",276000,1994,True,,0.74,0.742,0.0244,0.446,87.95299999999996
5coc2DfaOcHJQyO9rRtzct,Tell Me What That Mail Like,"['Spice 1', '2Pac']",244227,1994,False,,0.7340000000000001,0.573,0.138,0.529,89.98899999999998
7HWYbNBr8iGELjyGLz2t0q,Doncha Runaway,['Spice 1'],296173,1994,False,,0.799,0.561,0.00927,0.526,88.132
5QYs4eDFO5qQa930ek4PyO,Hard To Kill,"['Spice 1', 'Method Man']",247400,1994,True,,0.674,0.7290000000000001,0.10300000000000001,0.665,178.565
25udxtEjrxXRyKZMVioRTn,Nigga Sings The Blues - Blackjack's Version,['Spice 1'],223560,1994,False,,0.631,0.669,0.20199999999999999,0.638,166.547
5WIXovY09MYd3f0tLYfqAw,You Can Get A Gat For That,['Spice 1'],257733,1994,False,,0.635,0.8490000000000001,0.007109999999999998,0.18600000000000005,85.87200000000001
7c2zneny9Nodvul69v1jT4,Bustas Can't See Me,['Spice 1'],265400,1994,False,,0.741,0.6659999999999999,0.0012699999999999999,0.5770000000000001,91.02
4mi2fiWA3R47jtD6wveOot,Murder Ain't Crazy,['Spice 1'],276067,1994,False,,0.731,0.491,0.247,0.507,178.42
0xIvTNZUfWnVbGwGghO9u8,"Stickin' To The ""G"" Code",['Spice 1'],227240,1994,False,,0.902,0.53,0.0050799999999999994,0.442,99.984
1GpyfeN4aRR5HHK1MSCQR2,"Give The ""G"" A Gat",['Spice 1'],329533,1994,False,,0.9009999999999999,0.561,0.33399999999999996,0.6509999999999999,88.025
4qi8K4XEo632SZxW40HFNz,Three Strikes,['Spice 1'],269733,1994,False,,0.6829999999999999,0.5670000000000001,0.311,0.9,170.505
134MLEMX0AWp5kbMMf90f8,You Done Fucked Up,['Spice 1'],191360,1994,False,,0.821,0.524,0.00788,0.397,93.161
0wFa5EkdiJSvzUD4jTu70c,Outro Lado,['Zuco 103'],273027,2001,False,,0.82,0.59,0.0139,0.677,108.06200000000001
0yvjbIExYn9uziWYqqaae1,The Foundation,['Journalist 103'],99767,2012,True,,0.598,0.8959999999999999,0.0662,0.636,85.805
7qSu1fqVAHStm8WytqQWrq,Rockstarz,['Journalist 103'],145000,2012,True,,0.6809999999999999,0.9009999999999999,0.0442,0.755,95.78200000000001
3V7Y5Vcv7pRjNyB4tTDhlo,Where Is the Love,"['Journalist 103', 'Vstylez', 'Eternia']",232255,2012,True,,0.6859999999999999,0.8440000000000001,0.626,0.6679999999999999,85.413
7MmSOGzA8C9IwTCATovcgt,Dreamer,['Journalist 103'],172857,2012,True,,0.655,0.841,0.00856,0.35600000000000004,83.96600000000002
5lHbhUPKAQdmnikJzzvZSL,Do What I Do,"['Journalist 103', 'Jack Freeman']",176983,2012,True,,0.645,0.929,0.033,0.536,89.2
2O6dQjcCBPneZZySSpE8e3,Hear Me,"['Journalist 103', 'Saigon', 'Fashawn']",217333,2012,True,,0.615,0.9209999999999999,0.00279,0.358,89.99700000000001
4lJpX87ZcE56yxTuVzreaV,Moving 2 Fast,['Journalist 103'],182791,2012,True,,0.628,0.875,0.10300000000000001,0.594,85.75399999999998
5aOMkqX5jTpq2gTLC8g4cA,Arson,['Journalist 103'],164278,2012,True,,0.643,0.9520000000000001,0.315,0.598,93.723
4zoRH57ssv3rOk4J6sVNFD,3am,['Journalist 103'],186353,2012,True,,0.586,0.8240000000000001,0.134,0.54,76.283
0mmpVrjydt4yVaPo5LCE5E,United We Stand,['Journalist 103'],193593,2012,True,,0.332,0.857,0.11699999999999999,0.327,174.637
3IOW05H9IYGtMrpqVXLYDq,Danger,"['Journalist 103', 'Freeway']",220001,2012,True,,0.479,0.9790000000000001,0.0692,0.608,85.12100000000002
2SiMgdQASJRt7tqYKNRBH4,Revolutions,['Journalist 103'],73351,2012,True,,0.498,0.9009999999999999,0.00461,0.5329999999999999,160.808
3rLk8lUsdGX836iwfxzjT3,The System,['Journalist 103'],179201,2012,True,,0.51,0.915,0.0131,0.84,85.00399999999998
5Dx9rL4GEIvGePwo3fuvIe,Urban Legend,"['Journalist 103', 'Stryfe']",187952,2012,True,,0.33799999999999997,0.94,0.0195,0.6779999999999999,81.33
4u6Oxt1Dt87qtXCx00F8gq,Walk with Me,['Journalist 103'],231039,2012,True,,0.504,0.909,0.0309,0.615,107.374
682MhZx1Ml0rwkFVlrzul7,When I Was Young,['blink-182'],209187,2012,False,,0.52,0.9540000000000001,0.00314,0.35600000000000004,135.043
1D901vjxaNqF18iEECVMGR,Dogs Eating Dogs,['blink-182'],210520,2012,False,,0.496,0.985,0.000595,0.413,93.53200000000001
02OAx4IJFWZjNSoaoH9Pzh,Disaster,['blink-182'],222867,2012,False,,0.519,0.8079999999999999,0.0017800000000000001,0.20600000000000002,97.514
0HQLq1DUWyhMN2gWXBQ89Y,Boxing Day,['blink-182'],239307,2012,False,,0.643,0.779,0.0183,0.395,94.98100000000001
5Awn2ByN2Z9EynDBU9ZND5,Pretty Little Girl,['blink-182'],260154,2012,False,,0.562,0.919,0.0245,0.6509999999999999,169.951
6wLWMy00WuN5RQm2igoFu4,1 for Wily,['Jonwayne'],120415,2011,False,,0.6759999999999999,0.379,0.0276,0.37799999999999995,82.48899999999998
08gNjpZbElsB0kHtoaPKpG,1956 and All That,['Mclusky'],138573,2003,False,,0.33399999999999996,0.991,0.000538,0.0472,91.191
15PiIrIlZ4FckqmAeySGTR,1975,['Lanterna'],166160,2002,False,,0.39899999999999997,0.36,0.583,0.308,172.798
3HE5M1v22ZUfiINM0ejbvS,1995,['Meiosis'],293000,2011,False,,0.5489999999999999,0.653,0.28600000000000003,0.0445,120.014
7iPuF7aEuxPwG9LqKCfW4X,16 jackies,['Map'],195000,2004,False,,0.4320000000000001,0.8370000000000001,4.6399999999999996e-05,0.381,117.884
6QWgXzkOEEhWwJoXcNYas1,10 juin 2001,['83'],179960,2009,False,,0.782,0.769,0.174,0.48,97.065
6CaBaVsRcHJNKHm36Qlepf,100% hip hop,['83'],259200,2009,False,,0.877,0.693,0.0383,0.893,99.973
3EJAmvtGwk1AmvQStjkH1M,8-3-1-3 (feat. 13e étage),"['83', '13e étage']",290693,2009,False,,0.706,0.8059999999999999,0.0525,0.807,96.999
4jImf1IvLLqtj428MlT7na,11E 52 (ACF Mix),['Plumbline'],377907,2005,False,,0.75,0.619,0.0139,0.397,112.005
66QTH0YUu1AYij92ZGnhTK,Pure Funk,['1.8.7'],424720,1999,False,,0.659,0.865,0.000542,0.91,182.80900000000003
5bfguVP30zRwgxpaQHcEYs,Unite Remix,['1.8.7'],528493,1999,False,,0.655,0.8959999999999999,0.00503,0.45,91.39
6cxxmIblEK4afMH3emcAbb,"100,000 Indi",['Hieroglyphics'],228560,2003,True,,0.752,0.888,0.0495,0.525,94.024
6iT8H8JfDFLvqx4y62qRBE,Low Heaven,['13 & God'],272267,2005,False,,0.7190000000000001,0.4970000000000001,0.38299999999999995,0.35600000000000004,104.98
5QZkrtbEDb1Wim1p8OgpO6,Men Of Station,['13 & God'],228360,2005,False,,0.6759999999999999,0.6859999999999999,0.33799999999999997,0.17,124.995
4O9igs2DjEIOitWlZBLz7w,Ghostwork,['13 & God'],345333,2005,False,,0.649,0.49,0.797,0.139,119.956
3VGF2hT0B77GzToKwOKFFJ,Perfect Speed,['13 & God'],216240,2005,False,,0.5870000000000001,0.669,0.251,0.0366,173.84900000000005
4mzJoHqx6IhZmD5LHwSXCV,Afterclap,['13 & God'],231827,2005,False,,0.6679999999999999,0.608,0.568,0.33799999999999997,87.999
2syhI8d1oSD0pvgVKF21Aw,Soft Atlas,['13 & God'],231707,2005,False,,0.705,0.565,0.293,0.251,160.02
0f3FypNsBnFcgTdL59Z0tr,Tin Strong,['13 & God'],369693,2005,False,,0.698,0.613,0.563,0.0998,107.801
6Lq59cBTpVlFlh9Or682FB,If,['13 & God'],259907,2005,False,,0.772,0.42100000000000004,0.456,0.37,92.40899999999999
0GBGE3PMhLzhEekjUj9QlS,Superman On Ice,['13 & God'],436093,2005,False,,0.5820000000000001,0.366,0.737,0.10800000000000001,91.462
259fSJZ0mEdFdqQVPdz7Ji,Walk,['13 & God'],379240,2005,False,,0.21,0.812,0.391,0.0377,128.291
1CIkldbL01VJh1oAkd2Q4N,12 72,['Lexlabs'],262870,2012,False,,0.392,0.498,0.1,0.348,179.96400000000003
2sTRZN7CSmIppi7j5eMONu,Jealous Guy (feat. 112),"['Mase', '112']",384400,1997,True,,0.516,0.53,0.19,0.34299999999999997,186.33900000000003
1SwQhZQqwTWZ1MC6E3WBzy,1.2,['Goem'],473547,2012,False,,0.528,0.433,0.0109,0.649,132.925
2vHf0XrxehbNJFA5aiULBQ,1.3,['Goem'],379253,2012,False,,0.695,0.11900000000000001,0.521,0.0661,204.50799999999998
3TzlNeZpvtJoREcRR2BuYB,1.1,['Goem'],820787,2012,False,,0.872,0.127,0.188,0.0419,118.398
3l6N3cIM5GbRBmeQmA2ln7,Jealous Guy (feat. 112),"['Mase', '112']",385027,1997,False,,0.53,0.529,0.195,0.389,186.234
1FUc8mVFj0yWP0lweJoyOC,10 AM,['Ashes'],183167,2020,False,,0.5710000000000001,0.222,0.9079999999999999,0.0527,104.961
0VbMEVG0x5H9BP9KmARupw,103,['Disciple'],231733,2003,False,,0.55,0.91,2.7600000000000014e-05,0.355,88.32600000000002
6sv94susc8fSvQfgBkzwpv,100 Wrong Turns,['Indigo'],244719,2013,False,,0.5429999999999999,0.652,0.0599,0.38799999999999996,88.475
6KpigPdAYyEWjphNPYK1Fo,1.17,['Les Logos'],606133,2001,False,,0.514,0.736,0.00155,0.0601,138.989
7vxaAGXLBk1bAbs9skh1VY,1.17 - Pandemonium Mix,['Les Logos'],453067,2001,False,,0.581,0.657,0.067,0.359,135.0
2W3U2AELhwyuKtt0wKSKCr,Sacandaga Shoreline 1,['Sunup'],18730,1995,False,,0.33299999999999996,0.662,0.391,0.015,102.446
0y2NBKbJ4lvupODeIuZXGe,13.0.0.0.1,['TTNG'],66280,2013,False,,0.586,0.152,0.976,0.28800000000000003,101.97399999999999
0xdx36rZ5cpNwgMAah9JSJ,1 Life 2 Live,['MED'],174293,2011,True,,0.495,0.9279999999999999,0.125,0.632,98.88
6Mo6FhKZ7IIKtVIr1ic1gb,Nocturnal Trancendance,['Bodhisattva 13:20'],450173,2008,False,,0.509,0.955,0.000273,0.128,145.998
4IaYaHsjBK2yYwIh2WpxXJ,4 2 1 7 5,"['RSXGLD', '14KT', 'Ro Spit']",246916,2017,True,,0.331,0.7340000000000001,0.22,0.54,74.138
2SSeKcZ5hzRLG1EW5vp6oP,Err'Body Know That,"['RSXGLD', '14KT', 'Ro Spit']",216826,2017,True,,0.674,0.946,0.00172,0.527,125.00299999999999
4UvPnRr7DmyP6EVEnePafO,ICU,"['RSXGLD', '14KT', 'Ro Spit']",224952,2017,True,,0.507,0.794,0.0234,0.168,79.92699999999998
553Qmou7rnceudTBTjbmMs,Chainsaw,"['RSXGLD', '14KT', 'Ro Spit']",277024,2017,True,,0.652,0.8170000000000001,0.0328,0.337,175.077
0gJ6O9AITK5XyYon0hwpRW,I Believe,"['RSXGLD', '14KT', 'Ro Spit', 'JMSN']",320552,2017,True,,0.39799999999999996,0.762,0.008440000000000001,0.423,165.895
6DRLEhKoSa5ccMFVO1hKoX,Converse,"['RSXGLD', '14KT', 'Ro Spit', 'Jerreau']",226104,2017,True,,0.586,0.625,0.141,0.513,83.306
1z9kvuTl3eWzoxWhnC1ZLr,Over Your Shoulder,"['RSXGLD', '14KT', 'Ro Spit', 'Elzhi']",187250,2017,True,,0.361,0.8740000000000001,0.0603,0.276,82.162
6qd13clSZGGr5U8PpS4Pm4,Brilliant Cut (Up),"['RSXGLD', '14KT', 'Ro Spit']",129992,2017,False,,0.40700000000000003,0.46,0.363,0.541,139.822
74fgpyYl9QLl48Rde4lRUx,What's Happenin' Brutha,"['RSXGLD', '14KT', 'Ro Spit', 'Ronnie McNeir']",325612,2017,True,,0.623,0.605,0.22,0.88,83.941
5K4t8F6O9VlqwwHuG5NzJT,Give It All,"['RSXGLD', '14KT', 'Ro Spit', 'Denaun']",443694,2017,True,,0.677,0.7829999999999999,0.192,0.5770000000000001,123.00200000000001
0B8wYAO5V3RtnhaHfZaeK4,TRUE,"['RSXGLD', '14KT', 'Ro Spit', 'DJ Assault', 'JMSN', 'Royce Da 5\'9""']",424441,2017,True,,0.5539999999999999,0.823,0.0488,0.511,153.015
0LfCXNnd1oQ0KqsFCJp1Si,Thought Bubble,"['RSXGLD', '14KT', 'Ro Spit']",226636,2017,True,,0.33,0.706,0.6890000000000001,0.26899999999999996,171.359
1gHmy3zHPhlMi7FfGkFiFj,187 Skills (feat. Sean T),['Chunk'],302973,1994,True,,0.622,0.51,0.0009460000000000001,0.256,171.46099999999996
6TdOOA2PBxP8jKO0p9Elc9,American Wheeze,['16 Horsepower'],251427,2000,False,,0.46799999999999997,0.625,0.127,0.297,121.585
7h0ixTwKrd1eqIxHSusv2X,Black Soul Choir,['16 Horsepower'],271240,2000,False,,0.4370000000000001,0.9690000000000001,0.000291,0.809,101.448
2PMMbXH7tUWG1sgzFxym4K,Bad Moon Risin',['16 Horsepower'],250333,2000,False,,0.285,0.7140000000000001,0.0391,0.622,189.168
0FHLv6UAlZGBqv0efml89d,Low Estate,['16 Horsepower'],265027,2000,False,,0.161,0.5,0.00614,0.182,81.436
04QIFoiJuJ30sQiehrE09D,For Heaven's Sake,['16 Horsepower'],284467,2000,False,,0.374,0.846,0.00202,0.28800000000000003,117.675
6bA6FdxmC9ICtIXVUOcmz5,Black Lung,['16 Horsepower'],271187,2000,False,,0.44299999999999995,0.968,0.0010199999999999999,0.84,115.021
1ku1s0wAhwhSpVbJ5EfmaA,Horse Head,['16 Horsepower'],307120,2000,False,,0.38799999999999996,0.4270000000000001,0.494,0.19,100.447
5BVhBCJZ2vU6s0syIbvvnQ,South Pennsylvania Waltz,['16 Horsepower'],345307,2000,False,,0.24600000000000002,0.627,0.191,0.18,102.40799999999999
2BaRe8N7G2VsLvy5iu0oMV,Brimstone Rock,['16 Horsepower'],407440,2000,False,,0.431,0.58,0.14400000000000002,0.19,104.42200000000001
5gzz1fT2A7iOBvsUkD0knC,Fire Spirit,['16 Horsepower'],201147,2000,False,,0.304,0.8859999999999999,0.165,0.436,174.046
2qDcC059R4XSVJbSXShVdZ,Day of the Lords,['16 Horsepower'],301987,2000,False,,0.309,0.613,0.0006490000000000001,0.11699999999999999,111.337
3S1aAa81dUSD0Voh2B1Ae1,1849,['Far From Finished'],194307,2007,True,,0.21899999999999997,0.995,0.00201,0.385,184.199
19Zj7AdkSHkZLSj4UmQ3uJ,Capital Punishment,['Unit:187'],305880,2003,False,,0.529,0.9390000000000001,0.00405,0.34700000000000003,168.003
3MqIHxPZ7IP12dNSBAPGdq,Lust Potion #9,['Unit:187'],311400,2003,False,,0.43,0.79,4.18e-06,0.124,85.98700000000002
3T98jXtytzk1e4IFrgLfsY,Anger Management,['Unit:187'],262987,2003,False,,0.64,0.9520000000000001,0.00506,0.27899999999999997,100.00200000000001
3aRotmumpDzx8cDbaxZaAr,Angels,['Unit:187'],316200,2003,False,,0.258,0.934,1.92e-05,0.0851,200.12400000000002
2o8mWl3QaPo3c8jlsC3YGk,Second Class Citizen,['Unit:187'],319920,2003,False,,0.61,0.9620000000000001,8.96e-05,0.163,101.993
4py61An4Xc4931ONGZkuLt,Anger Management,['Unit:187'],390560,2003,False,,0.614,0.981,0.0332,0.672,99.99799999999999
3ARJwlh4pKWaU5V8IqZTDn,Infested,['Unit:187'],454667,2003,False,,0.731,0.728,0.004370000000000001,0.307,110.02
4P8BkzrJU0vf1hloJK7fzh,Euphoria,['Unit:187'],390360,2003,False,,0.5920000000000001,0.8290000000000001,0.0176,0.62,164.71099999999996
3wodZghFgvUV3My5opFrp6,Second Class Citizen,['Unit:187'],245227,2003,False,,0.534,0.924,2.79e-06,0.292,102.014
3xmRSi7aJ9nW7QhBGWOhIl,Do Time,['Lil 1/2 Dead'],242973,2003,True,,0.76,0.83,0.0543,0.614,95.991
0HFhJNT4yeRlaRU2ctyOY8,12 Pasos,['Fobia'],189120,2005,False,,0.56,0.8320000000000001,0.00026000000000000003,0.605,133.951
0CVPQDbecou4E9fqUgDRNp,1 Camino y un Camión,['Fobia'],204027,2005,False,,0.546,0.884,0.0132,0.605,107.985
7ol5DUbBgKSNcUym43vkvl,Rulez To The Game (Remix) [feat. B-1 & Herb McGruff],"['Beneficence', 'B-1', 'Herb McGruff']",243526,2012,True,,0.7090000000000001,0.877,0.0704,0.858,92.012
5trbwOsVipoUcOEhg4uuk7,10/18,['Lightworker'],298000,2020,False,,0.424,0.941,5.1e-05,0.11,147.97
6BJRlKSnaNXC9hVwVCc7OH,Penny Lane,['101 Strings Orchestra'],326560,2002,False,,0.245,0.445,0.953,0.177,111.445
5dHpkpvJSVQU9ionrB8YxG,Yesterday,['101 Strings Orchestra'],314347,2002,False,,0.228,0.0966,0.976,0.0449,77.766
70oFjWd73bvhtxkfGZ8CG9,Strawberry Fields Forever,['101 Strings Orchestra'],266960,2002,False,,0.228,0.16,0.9129999999999999,0.0569,98.816
2OX7j7p0AM6rkH28rAtLF5,When I'm 64,['101 Strings Orchestra'],183333,2002,False,,0.203,0.18,0.938,0.17,61.647
0OWSWv35ILApqVwOtwXZrU,Help!,['101 Strings Orchestra'],357453,2002,False,,0.23,0.157,0.917,0.0384,128.709
5GfULMRPKHM23pgRZtZGTy,She's Leaving Home,['101 Strings Orchestra'],172787,2002,False,,0.175,0.145,0.978,0.0938,87.75
11QwEkolOSJlk9yY866ZL1,Till There Was You,['101 Strings Orchestra'],358347,2002,False,,0.0985,0.14400000000000002,0.9690000000000001,0.0338,83.05799999999998
5GSWIlDcWW8WlgXNmaJOIQ,Come Together,['101 Strings Orchestra'],256987,2002,False,,0.48700000000000004,0.282,0.7290000000000001,0.284,84.446
1eC5SngRXMbyPToZlOVmFM,Yellow Submarine,['101 Strings Orchestra'],142920,2002,False,,0.488,0.237,0.878,0.5589999999999999,111.84100000000001
4culPMn1PhayENBGrM7feZ,In My Life,['101 Strings Orchestra'],208013,2002,False,,0.2,0.16399999999999998,0.841,0.0629,87.792
5mzlav1O4GuhlrOlhEy1zL,End Of Your Time,['Junction 18'],163573,2003,False,,0.418,0.821,0.157,0.63,101.035
0rPTOmB8g0o2Hy4X7D2P1S,Coathanger,['7-10 Split'],173413,2003,False,,0.331,0.9309999999999999,0.000132,0.304,116.42299999999999
2Hw7SUpUram5QBHZTdLxkG,The Stars Have Fallen,['7-10 Split'],151867,2003,False,,0.324,0.966,6.4e-05,0.214,119.35
3nOSA1IshAH1dLBOikGRxe,Three N One,['7-10 Split'],171587,2003,False,,0.302,0.9470000000000001,0.00023799999999999998,0.551,113.29299999999999
2bOXup2kS6XeetBOq1HK1l,Carpe Diem,['7-10 Split'],139853,2003,False,,0.28,0.9640000000000001,4.83e-05,0.38299999999999995,110.169
77Ucv3GYSK1N34bXPBpaQw,Chainsaw Death Riot,['7-10 Split'],129200,2003,False,,0.294,0.966,2.8699999999999996e-05,0.332,112.59
7cdwYqB4fjOJmc3VUrSkmp,Heartless,['7-10 Split'],186053,2003,False,,0.325,0.927,4.35e-05,0.298,119.631
1SwRuuHAOHr8BPGifwXzLC,Edwin Coy,['7-10 Split'],214227,2003,False,,0.314,0.986,0.0005769999999999999,0.159,107.96799999999999
7FTvdrGEN1jQQ6YxY7mFq2,Disowning Jason,['7-10 Split'],191733,2003,False,,0.305,0.9329999999999999,0.000386,0.395,115.699
1ALZInVQ4s9vTZfiXDlvkM,Death Yields Not To The Sweetest Of Things,['7-10 Split'],193187,2003,False,,0.365,0.9570000000000001,0.0017399999999999998,0.371,118.15100000000001
4SHmti3E6tjhUsdR5WkIb4,Moving On,['7-10 Split'],208333,2003,False,,0.23,0.946,1.7100000000000002e-05,0.43799999999999994,102.84299999999999
0k4ladu1EJkShJwK7kMd7m,Smell Of Napalm In The Morning,['7-10 Split'],162347,2003,False,,0.375,0.9570000000000001,0.00037799999999999997,0.24600000000000002,110.851
5tlyI5Z8wO0V0nqCaUVsbs,First Offendment,['7-10 Split'],163267,2003,False,,0.318,0.955,0.000125,0.521,119.37799999999999
0Ugx5OoCqYbEpogNKqMYXT,Rhapsody in Blue,['101 Strings Orchestra'],162733,2003,False,,0.168,0.292,0.9179999999999999,0.0844,88.42399999999998
77MQC0WV38EwQ5DON7AWAI,Blue Danube,['101 Strings Orchestra'],207907,2003,False,,0.353,0.382,0.893,0.514,75.779
34h7UtUklbwNsnROLW9bFr,Midnight Rhapsody,['101 Strings Orchestra'],394653,2003,False,,0.125,0.325,0.9640000000000001,0.0382,81.322
6JzX8BpQOAfC1cbaBGQ6YN,Blue Tango,['101 Strings Orchestra'],258640,2003,False,,0.423,0.39899999999999997,0.6409999999999999,0.449,116.363
7dLNJ4gcbJgMzVCzUS0w45,Tenderly,['101 Strings Orchestra'],162933,2003,False,,0.19,0.382,0.968,0.0382,86.32
55P1UYTSZsUSBvuC1V21H1,We've Only Just Begun,['101 Strings Orchestra'],193253,2003,False,,0.264,0.42200000000000004,0.5670000000000001,0.193,90.76299999999999
2WMSaRlHGpGKeQvQgNvLPA,As Time Goes By,['101 Strings Orchestra'],156653,2003,False,,0.18600000000000005,0.239,0.9740000000000001,0.141,79.96
7tkWAS2W9w9JK477T3GClU,Strangers In The Night,['101 Strings Orchestra'],204240,2003,False,,0.19399999999999998,0.44799999999999995,0.7070000000000001,0.207,76.423
7jWfQXmjkAt9bc7AZO0kL3,Definitely Blue,['101 Strings Orchestra'],157573,2003,False,,0.214,0.732,0.368,0.138,85.805
0FVFwoLL69SUWNxN01Gdqb,Love Theme from Romeo and Juliet,['101 Strings Orchestra'],159253,2003,False,,0.508,0.5770000000000001,0.7340000000000001,0.586,113.49600000000001
12IMoor9m6hzy8EhYGin0U,Someone To Watch Over Me,['101 Strings Orchestra'],187307,2003,False,,0.122,0.46799999999999997,0.889,0.0941,81.585
2cP5mETfgN5h7huPmeIArj,Almost Like Being In Love,['101 Strings Orchestra'],185067,2003,False,,0.29100000000000004,0.516,0.914,0.379,114.275
3f53aJmqGaeAIybjDjt8gi,Serenade In Blue,['101 Strings Orchestra'],190600,2003,False,,0.136,0.319,0.955,0.0757,79.737
2eO5BM01hur03LxTsBcWS1,The Way We Were,['101 Strings Orchestra'],168560,2003,False,,0.08900000000000001,0.426,0.27899999999999997,0.21899999999999997,83.684
5abzzYDNMuLGVChKzAenAc,Autumn Leaves,['101 Strings Orchestra'],236693,2003,False,,0.0909,0.332,0.382,0.0911,86.60799999999998
0VPRPbThvzF8HIySaC8F1c,This Guy's In Love With You,['101 Strings Orchestra'],120213,2003,False,,0.311,0.257,0.5660000000000001,0.235,120.51799999999999
7schfdgPGTtFr5JbwSp6Dx,Night and Day,['101 Strings Orchestra'],207573,2003,False,,0.226,0.48700000000000004,0.847,0.183,72.465
1oU89IhULrIIMdLGjg5AGA,Blue Bolero,['101 Strings Orchestra'],235920,2003,False,,0.17300000000000001,0.5329999999999999,0.601,0.473,117.913
0rTIMIGufOMXlmw3lRn8rL,Blues For Nat,['101 Strings Orchestra'],276867,2003,False,,0.21600000000000005,0.44,0.12,0.348,78.301
6Zou6fXbqncZL4Gz9GCUVm,Blue Grass On Fire,['101 Strings Orchestra'],187827,2003,False,,0.396,0.679,0.10400000000000001,0.787,132.559
5eoEPwbiFjWkSOHQzCDBlz,Our First Rhapsody,['101 Strings Orchestra'],195427,2003,False,,0.16699999999999998,0.313,0.426,0.172,79.249
1gVYsyiUtswxYfbRDS2caw,Have You Ever Been Lonely?,['101 Strings Orchestra'],183093,2003,False,,0.3720000000000001,0.309,0.488,0.386,87.727
1yReG0YJiRpnmZMdBoTYNK,With A Song In My Heart,['101 Strings Orchestra'],244387,2003,False,,0.0806,0.516,0.535,0.177,81.421
1timxd53W1V2Pe0vHrmLFd,You're Nobody 'Till Somebody Loves You,['101 Strings Orchestra'],148400,2003,False,,0.294,0.4920000000000001,0.7120000000000001,0.511,113.43
2YcNHfhLkyTVAJIeUxVv80,La Mer (Beyond The Sea),['101 Strings Orchestra'],302320,2003,False,,0.158,0.433,0.754,0.11599999999999999,107.859
29pzlgyKDVk31Fu6z0EdIO,Love For Sale,['101 Strings Orchestra'],234347,2003,False,,0.28800000000000003,0.866,0.462,0.584,96.584
2etIabMpg6zOAf7ASEAi09,When I Fall In Love,['101 Strings Orchestra'],232933,2003,False,,0.105,0.41600000000000004,0.904,0.0389,91.256
07bRWJZ71rQF3aXiUBXzJa,Theme From Love Story,['101 Strings Orchestra'],227480,2003,False,,0.23600000000000002,0.381,0.818,0.0885,126.197
5T0HFAdabHIDDen48hEOkG,Swedish Rhapsody,['101 Strings Orchestra'],232440,2003,False,,0.153,0.446,0.922,0.152,80.935
5WWQrFT8Qq4H8MrsWSiIcw,Love Is Blue,['101 Strings Orchestra'],152640,2003,False,,0.163,0.44299999999999995,0.0237,0.2,107.029
6JXlcowLzMdSKxr2uieZJM,If Ever I Would Leave You,['101 Strings Orchestra'],195400,2003,False,,0.11199999999999999,0.379,0.547,0.154,88.76100000000002
0Ssm56VAJgTZsC47efZ1xJ,Second Time Around,['101 Strings Orchestra'],214667,2003,False,,0.152,0.406,0.831,0.0386,76.748
5Rqj35aZpJFm0z9qzipYr9,Lover's Rhapsody,['101 Strings Orchestra'],185093,2003,False,,0.0805,0.268,0.831,0.0436,56.31399999999999
62vudFHz3s5YNgIlCt9o7H,Blue Coast,['101 Strings Orchestra'],131147,2003,False,,0.183,0.401,0.506,0.175,68.023
4TjujxWAebdcHuJKS98NUP,Blues In The Shadows,['101 Strings Orchestra'],278133,2003,False,,0.22899999999999998,0.375,0.565,0.272,90.95700000000001
35sULZ13YOSZyKi31pWUgQ,Blue Twilight,['101 Strings Orchestra'],224933,2003,False,,0.068,0.359,0.9129999999999999,0.094,74.457
6JfgLTfMTFN1Di982RrH3P,100 Bars of Crack,['Ruff Ryders'],340173,2005,False,,0.662,0.95,0.0289,0.583,160.625
4QkAKEzZd27ORYGQkjZLpQ,1+1 Is A Number,['Stereovision'],238173,2004,False,,0.643,0.821,0.0307,0.721,117.99
3SuEmHzCqkBKLS7qzw0Rtj,10 toneladas,['Ktulu'],271200,1998,False,,0.551,0.92,0.000269,0.28,101.973
1drYOriTao4oJBh5h1q9U4,Galaga,['14 Year Old Girls'],68813,2003,False,,0.43,0.7120000000000001,0.557,0.46399999999999997,219.825
588NhulmCTvsFJg9h2qKIm,Big Grab,['14 Year Old Girls'],31387,2003,False,,0.574,0.938,0.092,0.581,88.071
59dNT2Tcpp8p1guJ3wk4Qx,1-800-255-3700,['14 Year Old Girls'],45307,2003,False,,0.88,0.747,0.0773,0.972,89.92200000000004
6cAliOpLIIpYpLFQJ8i71i,Castlevania Punk,['14 Year Old Girls'],84840,2003,False,,0.6659999999999999,0.695,0.0522,0.9620000000000001,114.023
6BKgMCU03EZb3xy3ycMjqD,Slush Puppy,['14 Year Old Girls'],95587,2003,False,,0.6940000000000001,0.831,0.12300000000000001,0.852,75.021
4uEqB7srR1AgwKEprEPFyi,Aminal Forest,['14 Year Old Girls'],59547,2003,False,,0.7509999999999999,0.522,0.155,0.976,120.181
5cKlwSZfvp1jPda4EaAd40,Elevator Action,['14 Year Old Girls'],37720,2003,False,,0.721,0.745,0.0305,0.9690000000000001,90.259
0Illvtj094W3PY9HNapFYp,Run Lolo Run,['14 Year Old Girls'],80267,2003,False,,0.628,0.914,0.11,0.8540000000000001,163.88
2GMeAxilrIJO0ipvjGx5jy,Rayden On Prom Night,['14 Year Old Girls'],67227,2003,False,,0.6970000000000001,0.938,0.0651,0.9279999999999999,147.912
7g536kgNZWp2M5X2jQLhFo,Pacman's In Egypt,['14 Year Old Girls'],77013,2003,False,,0.593,0.8109999999999999,0.0118,0.7559999999999999,160.114
2lfN1MbUwSboyl0k7l7aNV,This Is A Devo Cover,['14 Year Old Girls'],65893,2003,False,,0.727,0.449,0.00223,0.96,96.015
16Ov0GFBzEzZpM1SgLKAGh,Grand Theft Auto 3,['14 Year Old Girls'],51507,2003,False,,0.648,0.696,0.235,0.91,174.048
4kOQ41nvE6lv6es9vu9dpY,Starworld,['14 Year Old Girls'],48387,2003,False,,0.563,0.7240000000000001,0.19699999999999998,0.862,175.61599999999999
1P9t0OoliznuPcOnSaEWc9,Renegade,['14 Year Old Girls'],71600,2003,False,,0.53,0.787,0.0057399999999999994,0.907,86.055
3YchW5OK6Z1q3pCyh26qXm,Veggie Sandwiches Are The Best Sandwiches Ever,['14 Year Old Girls'],69320,2003,False,,0.799,0.7020000000000001,0.08,0.8909999999999999,102.899
19736E2c0VMW4wf6ScjjBB,Tomb Raider UK Pop,['14 Year Old Girls'],84867,2003,False,,0.628,0.12300000000000001,0.95,0.26,126.21700000000001
6nVRAuRnFBQUhIOVualSMK,Destiny,['10 Minutes Down'],231453,2005,False,,0.67,0.904,0.0126,0.779,92.027
7BmzWMlye2p1HObHzy2bIZ,17 Highbrow Street,['10 Minutes Down'],229400,2005,False,,0.642,0.89,0.0027600000000000003,0.9129999999999999,89.895
6nepTgx6ljFCRHhgOaIISU,Second to None,['10 Minutes Down'],204787,2005,False,,0.63,0.8109999999999999,0.0041600000000000005,0.527,90.993
5ISi4th3HgUHOhj1SLxMLj,"Rock, Rock, Rock",['10 Minutes Down'],125240,2005,False,,0.643,0.925,0.000692,0.662,94.961
2kemBrBPij74vdQAJ5Tz54,Every Rose Has Its Thorn,['10 Minutes Down'],154440,2005,False,,0.508,0.9640000000000001,0.00993,0.534,129.814
6VZXyIsPYhTdWwyjaXifwj,1st We Drink featuring Miami,['N2DEEP'],219267,2002,False,,0.794,0.8690000000000001,0.0104,0.591,101.96799999999999
5Pzk0pJ7KTCqRTqM1MC013,Jolly Old St. Nicholas,['101 Strings Orchestra'],258293,2006,False,,0.109,0.195,0.8809999999999999,0.0373,84.37799999999999
4PN62mQtm5IpHlDyYBNhBj,Ding Dong Merrily On High,['101 Strings Orchestra'],258547,2006,False,,0.22399999999999998,0.11699999999999999,0.9520000000000001,0.0658,83.436
0n7dPeN5eBxsXvi2qVRuxq,Greensleeves - Instrumental Version,['101 Strings Orchestra'],183200,2006,False,,0.48,0.38299999999999995,0.537,0.47600000000000003,108.279
6RPFvA70l52hXILpQTpVDn,Jesusita En Chihuahua - Instrumental Version,['101 Strings Orchestra'],157387,2006,False,,0.491,0.19899999999999998,0.9740000000000001,0.402,85.425
4jeQ88E3ffNUCzMkHkZYuF,Canon (Pachelbel) - Instrumental Version,['101 Strings Orchestra'],168800,2006,False,,0.26,0.46299999999999997,0.813,0.16699999999999998,137.907
2cfqrKFaUK8O4xjs2kEWLK,It Came Upon the Midnight Clear,['101 Strings Orchestra'],206933,2006,False,,0.27,0.163,0.907,0.17800000000000002,140.615
6km04wwsM2ba4IFuZNAE4O,Mary's Boy Child,['101 Strings Orchestra'],168773,2006,False,,0.12300000000000001,0.179,0.9440000000000001,0.0372,96.51799999999999
2sHg8H8ousbjBJwxmWrz45,Hallelujah (from Handel's Messiah) - Instrumental Version,['101 Strings Orchestra'],118560,2006,False,,0.204,0.19699999999999998,0.977,0.239,92.771
6CpX2SjIdKCzuyz20T5BtI,Sleigh Ride - Instrumental Version,['101 Strings Orchestra'],253347,2006,False,,0.107,0.201,0.9790000000000001,0.165,175.91400000000004
5RgZm0rd6PlwnDORtNowUL,March from The Nutcracker - Instrumental Version,['101 Strings Orchestra'],152613,2006,False,,0.5720000000000001,0.22899999999999998,0.9890000000000001,0.35,71.398
0HipXhbG0jFffLNyrN8GfD,Frosty The Snowman - Instrumental Version,['101 Strings Orchestra'],158973,2006,False,,0.261,0.08800000000000001,0.965,0.305,164.04
1Bao1d87xlovaaSCJTdQoV,Carol Of The Bells - Instrumental Version,['101 Strings Orchestra'],174387,2006,False,,0.19699999999999998,0.262,0.9540000000000001,0.18600000000000005,185.06400000000002
55m85Lxe9g0jCrTfhop0MC,12.43,['Sapient'],173387,2004,False,,0.878,0.311,0.0736,0.502,82.214
2VhtCUpzmyTXJywApt1voW,[~'10c,['Proswell'],51053,2002,False,,0.97,0.205,0.9440000000000001,0.722,135.02700000000002
73JWqzt3pdlxSn5YfpBSTC,13 Reasons,['Relocator'],393747,2010,False,,0.537,0.804,0.0185,0.529,119.91
2bwbKfqjjAIZMcBeWKwr20,Clogger,['16 Horsepower'],208227,2000,False,,0.456,0.9159999999999999,0.00647,0.53,104.78
6sqoptJC1QKPjqes9tu0R4,Wayfaring Stranger,['16 Horsepower'],162907,2000,False,,0.653,0.40299999999999997,0.914,0.42,114.895
5DaQpCNLi46zybOSYrWLQ6,Cinder Alley,['16 Horsepower'],282493,2000,False,,0.5489999999999999,0.48700000000000004,0.302,0.363,120.814
5FxF1sN0wm3ej3yxc4Mp6Q,Burning Bush,['16 Horsepower'],240000,2000,False,,0.599,0.215,0.772,0.0753,118.73700000000001
2ryu8FhqQaM8CoE4bV7Lef,Poor Mouth,['16 Horsepower'],279133,2000,False,,0.57,0.379,0.10800000000000001,0.23800000000000002,124.95299999999999
4F7UAvCQ3XrhNLEXG4REoJ,Silver Saddle,['16 Horsepower'],192333,2000,False,,0.51,0.332,0.268,0.0724,100.679
64LWcHlvyEB3Luvf0XLSGA,Praying Arm Lane,['16 Horsepower'],198933,2000,False,,0.556,0.634,0.21,0.479,112.744
0gzbmjvj39Hjk2waWdptis,Splinters,['16 Horsepower'],319600,2000,False,,0.573,0.39799999999999996,0.111,0.152,113.788
4xMzlbXb0CpFa898RVyMBJ,Just Like Birds,['16 Horsepower'],224240,2000,False,,0.501,0.37799999999999995,0.467,0.153,112.885
44GiaUXm72e1n0AZzdUpMZ,Nobody 'Cept You,['16 Horsepower'],214693,2000,False,,0.423,0.5870000000000001,0.0559,0.145,94.802
4YeUGMA6HF11vRjLnxxLqd,Straw Foot,['16 Horsepower'],210067,2000,False,,0.6809999999999999,0.4270000000000001,0.75,0.38,110.664
5nOE7wFDAHEcAgq6YAmAKO,13 Jack O' Lanterns,['Murderland'],122667,2007,False,,0.24,0.98,0.00896,0.467,170.415
4WR89yF0O6TaYUGHjDKYhC,1633,['Blaze Bayley'],363040,2010,False,,0.253,0.972,0.0015199999999999999,0.292,174.013
2z80jOajSNhTPCarVuYrqX,1982,['Fenster'],251653,2014,False,,0.746,0.569,0.552,0.275,117.065
3Gvx8Gg4hlxtjIFpPF6IMo,16,['nebulo'],125819,2013,False,,0.7490000000000001,0.8909999999999999,0.031,0.45299999999999996,124.041
6mxzZg9mhhmcGihFs7CKDY,My Roots,"['10 Ft. Ganja Plant', 'Sylford Walker']",225293,2011,False,,0.7879999999999999,0.514,0.174,0.872,136.166
5CYLOeQMD3WuyCEUdUprRm,Strength,['10 Ft. Ganja Plant'],261320,2011,False,,0.698,0.45,0.184,0.784,75.92399999999998
3ZQlW40n7eQ7CZmZ9Vq1Kj,Shake Up The Place,['10 Ft. Ganja Plant'],271600,2011,False,,0.752,0.479,0.19699999999999998,0.897,80.536
5gSFPHSd1GuOt1Wy3pKX22,Ringers Rock,['10 Ft. Ganja Plant'],213040,2011,False,,0.779,0.607,0.0162,0.9540000000000001,96.51299999999999
0POiCePVt6ZJajtlnKdQtj,Africa,"['10 Ft. Ganja Plant', 'Prince Jazzbo']",222920,2011,False,,0.794,0.452,0.138,0.502,126.089
3N9JosNqH6P92MNaUNpOEd,Hard Times,"['10 Ft. Ganja Plant', 'Sylford Walker']",207293,2011,False,,0.705,0.405,0.163,0.47100000000000003,76.175
6zuobPrlC0QFGPwALl1sJM,Pharoah's Army,['10 Ft. Ganja Plant'],197267,2011,False,,0.895,0.518,0.0172,0.961,136.445
2A5KpcOzDyUuXASO7IJVFG,Rush Me,['10 Ft. Ganja Plant'],213667,2011,False,,0.727,0.434,0.0661,0.8059999999999999,131.668
2kNkJPmfRViWaArAvFMT1W,Strongback,['10 Ft. Ganja Plant'],246253,2011,False,,0.85,0.396,0.0576,0.812,146.965
77zCiPMygOKBaCZBwB3xEy,Recession,"['10 Ft. Ganja Plant', 'Prince Jazzbo']",263547,2011,False,,0.499,0.642,0.122,0.725,179.46
4xCW1JnoLwp9jf3CpJL4pK,Michigiri no TSUBOMI Kushiku mo koukotsu no SAKURA,['12012'],246627,2013,False,,0.4370000000000001,0.879,0.00135,0.231,105.98299999999999
7EslRaDWh1jR5xB7mXH9oI,DEICIDA OF SILENCE,['12012'],260333,2013,False,,0.486,0.971,0.000656,0.23,110.06200000000001
3W0kjJwxIYNBC1pinJ09cT,CHABOO-CHABOO,['12012'],162373,2013,False,,0.38799999999999996,0.963,0.000182,0.175,155.031
3lgU7NuM8tqx2dWWSx8Wia,YUME KUI,['12012'],173680,2013,False,,0.48200000000000004,0.9390000000000001,0.00509,0.524,155.013
5Io1aSltKQj1GphTjgmR3b,DOOR TO THE SKY,['12012'],173400,2013,False,,0.47600000000000003,0.9570000000000001,0.00035299999999999996,0.313,140.024
35wKSFSXMiNsylsFm6Dkho,Intro - Feat. Lil' Keke,['1 Da Boy'],15613,2003,False,,0.625,0.4270000000000001,0.512,0.0,173.296
43jnYLynwJ0nsFuSjbWbKL,Down South Texan - Feat. Lil' Flip & UGK,['1 Da Boy'],262693,2003,False,,0.845,0.878,0.0116,0.67,95.01899999999999
3rKsT1o17sJI6I6dZOiyMK,Big Rims - Feat. Lil' Keke,['1 Da Boy'],247627,2003,False,,0.684,0.845,0.0017100000000000001,0.83,166.049
5d5blTGfBrL8FfCDY5K4Qd,Get It How You Get It - Feat. Z-Ro,['1 Da Boy'],239053,2003,False,,0.7340000000000001,0.674,0.0197,0.73,89.99799999999998
4dFRG3feyAgmZhXiiUaiHv,I'm Raw,['1 Da Boy'],181933,2003,False,,0.675,0.902,0.0075400000000000016,0.684,95.001
5HAi7orNKip4Cw0fCgjaLX,My Life,['1 Da Boy'],270667,2003,False,,0.449,0.7609999999999999,0.055,0.581,87.656
6atrqBrrESWTUCJMSNizdU,Icy Hot,['1 Da Boy'],210533,2003,False,,0.7659999999999999,0.713,0.0189,0.5770000000000001,98.12700000000001
554t5uwsdzkFV7vzzbzyVe,Down Boy,['1 Da Boy'],213067,2003,False,,0.7879999999999999,0.867,0.0328,0.6729999999999999,97.969
3jRHeVVyJA2OGL5p02UfCz,Heat It Up,['1 Da Boy'],217133,2003,False,,0.777,0.94,0.0435,0.46799999999999997,115.083
7zTGgoC1u9GvU406ceTO5m,I Drop That,['1 Da Boy'],232360,2003,False,,0.818,0.97,0.0231,0.816,95.03
3K4sgQ6st9UcvAFZqrrDQK,Hard Knock Life - Feat. E.S.G.,['1 Da Boy'],245093,2003,False,,0.84,0.773,0.0321,0.5539999999999999,93.96600000000001
0AmIYZobeEiTTROBzMv0TR,All I Wanna Do,['1 Da Boy'],223920,2003,False,,0.815,0.838,0.0181,0.8370000000000001,89.527
2JuCK0kQMVltKX7sbS4wiy,No More,['1 Da Boy'],161587,2003,False,,0.746,0.7440000000000001,0.0687,0.426,97.911
4MBCXCD7ehoyCdIfINaLO3,I Use Rhymes - Feat. Lil' Keke,['1 Da Boy'],239987,2003,False,,0.693,0.83,0.009640000000000001,0.512,92.98200000000001
3uLI77WO629jMDo40fqsbA,1000 Years,['Blouse'],224653,2013,False,,0.39799999999999996,0.816,0.00212,0.6779999999999999,136.94799999999998
2Li7aJe8igMhFglDlFP6Dw,Confetti,"['1,2,3']",171733,2010,False,,0.361,0.6759999999999999,0.0473,0.593,144.03799999999995
3cLYAD21XmUNJ7ZFgLbvZG,Can't Bribe God,"['1,2,3']",258360,2010,False,,0.34299999999999997,0.442,0.0753,0.402,193.77700000000002
1Rn0ZMoTASxv0T5lXJDpca,1159,['Halali'],300067,2003,False,,0.537,0.128,0.953,0.551,107.413
63sYs8ZzxjjFpGG9Sb24xZ,133 331,['Discuss'],328413,2008,False,,0.565,0.445,0.289,0.24,132.92
3KsOG2vpWcTabGAgz7yEUf,THE SWAN,['12012'],270040,2013,False,,0.474,0.8590000000000001,0.0549,0.0505,114.012
3zE8JvLPWFnMUBZNmzxj3w,Karuma,['12012'],213747,2013,False,,0.26,0.925,0.0019,0.242,115.02
0VrnF7ljPEyA4fiXDZ2Ma2,DEADLY CIRCUS,['12012'],278080,2013,False,,0.423,0.97,5.3700000000000004e-05,0.218,118.398
3EYURELz3ZlJy9LowoKIke,Gekkou,['12012'],269840,2013,False,,0.218,0.925,0.00365,0.115,199.317
41KSGUTGH3XRVIdsxMGnC6,BLACK RAIN,['12012'],243227,2013,False,,0.41700000000000004,0.8390000000000001,0.000489,0.151,102.955
2lG9jLHxEaesD0p8mCy2q6,look for you,['17 Reasons Why'],212880,2003,False,,0.523,0.557,0.114,0.68,154.191
5FA7Yf6RKLTzRJ1oic9OIR,independence,['17 Reasons Why'],206160,2003,False,,0.7879999999999999,0.5539999999999999,0.324,0.877,114.291
45xAxasPB21V8iBziTKhTY,intense,['17 Reasons Why'],243827,2003,False,,0.6629999999999999,0.609,0.0247,0.706,118.369
2yihL7vD9w7LfHQEIKf74s,splinter,['17 Reasons Why'],316387,2003,False,,0.62,0.381,0.336,0.17800000000000002,103.59700000000001
3LOYXZSljiYi4mzT0Ilmwi,birthday,['17 Reasons Why'],262200,2003,False,,0.653,0.37,0.188,0.5529999999999999,146.36700000000005
2jff0sgWoI4dVeWP670wgK,parallel lines,['17 Reasons Why'],176653,2003,False,,0.598,0.581,0.00146,0.72,116.432
3XVcliatnuszAgwTmEidxx,the dream inside the dream,['17 Reasons Why'],230387,2003,False,,0.522,0.3,0.591,0.41100000000000003,88.305
2RYn1q1kvuEFFlInET21Yq,mercy,['17 Reasons Why'],194520,2003,False,,0.741,0.493,0.389,0.72,114.35799999999999
1C2KHtvaPH3ylz16ixdPFn,rearview mirror,['17 Reasons Why'],265707,2003,False,,0.596,0.6579999999999999,0.0846,0.765,137.405
0lWVqZ795d4mGahQkHUSAI,nothing left to talk about,['17 Reasons Why'],192520,2003,False,,0.5579999999999999,0.794,0.0399,0.794,156.69
4v6pHdZPpLskGhgnyBjDAD,Pysen 18,['Progress'],150000,2013,False,,0.5479999999999999,0.795,0.00585,0.21899999999999997,97.97
48XPb1roSt8PyjyPEhJAaX,1440 Minutes,['Traindodge'],298240,1999,False,,0.327,0.8320000000000001,0.00020899999999999998,0.23,98.833
2irtK8kFCYeYhUIMQMUyMl,Learning to Fly,['Csm-101'],238680,2000,False,,0.493,0.465,0.0198,0.24600000000000002,174.451
3G6oyo6RD6HEjiyNiZ8prI,1:50 Am,['Speedealer'],154400,2000,False,,0.314,0.9390000000000001,5.28e-05,0.6709999999999999,193.28400000000002
0C7RepzgZJyhEDU9Wzwlwx,#1 With A Bullet,['Wagbeard'],272827,2009,False,,0.611,0.4920000000000001,4.09e-05,0.7170000000000001,108.609
4s0qwsWMEpuWFAfqa2gjlG,Step into the Grid,['Pop. 1280'],216467,2010,False,,0.33,0.902,6.32e-06,0.65,125.891
5vY3M9oDJ3AbOOYNSE6LoS,Interlude,['Pop. 1280'],60640,2010,False,,0.38799999999999996,0.5539999999999999,0.38799999999999996,0.45399999999999996,139.808
66nktMMKum6fsNWyQcT4EE,Anonymous Blonde,['Pop. 1280'],210880,2010,False,,0.301,0.9440000000000001,0.00115,0.271,135.275
2U9IrMW4xyc3fjZqYFnaVj,Data Dump,['Pop. 1280'],196867,2010,False,,0.218,0.605,5.88e-06,0.265,122.00200000000001
4hq3opDvehbcpINCzJ9m24,Redtube,['Pop. 1280'],269093,2010,False,,0.737,0.387,0.185,0.155,130.52700000000002
62MEhY2BtSCrngDX07GihF,Interlude 2,['Pop. 1280'],22000,2010,False,,0.48100000000000004,0.461,0.425,0.0654,138.438
7EE2q2TXpcpCnIjy2L7Jey,Midget,['Pop. 1280'],149693,2010,False,,0.191,0.898,4.03e-06,0.446,68.028
3Koae7xb7TmgW7uR6eUuc6,Trash Cop,['Pop. 1280'],293000,2010,False,,0.126,0.86,0.0105,0.295,176.446
1O3MBP2yyuwOG8bNdtxQdw,Outerlude,['Pop. 1280'],23627,2010,False,,0.34,0.996,0.945,0.00464,182.958
7f0toGzkR1XoC83XLakoGi,17,['Macedo'],265253,2014,False,,0.344,0.591,0.507,0.128,135.791
0JoPrXg2eLoeRgmFAmZT1J,Triumph of Death,['13'],460257,1996,False,,0.36,0.7090000000000001,0.0019100000000000002,0.145,116.376
2AfjGUFiRHyaap2VFvmo4n,107°,['Citizen Cope'],310822,2006,False,,0.774,0.7090000000000001,0.0452,0.8959999999999999,103.014
79jTeeBZk0MKWtMhzrvftp,11:59,['BlaqueStone'],173349,2016,False,,0.634,0.647,0.0816,0.28600000000000003,88.961
58T4TpBVwukGP2DliXIZzs,in my waters,['123'],76307,2010,False,,0.547,0.0978,0.7859999999999999,0.345,106.92
0Bqt2ff5Z4ixLU5aDYgDhU,buğu,['123'],145307,2010,False,,0.395,0.11900000000000001,0.953,0.284,109.883
6umrGJPCuZqLKw1gNjhxRO,not yet,['123'],119387,2010,False,,0.5489999999999999,0.619,0.39899999999999997,0.157,144.727
3ZkneZf8IqChnbRTQ3mctt,patchouli,['123'],212267,2010,False,,0.675,0.605,0.498,0.302,119.852
5eRHF1RhzqbSnEELRQrlWS,grass,['123'],204720,2010,False,,0.631,0.488,0.0592,0.183,95.97
5I0UWTzTqCZReX70hZq7Sh,laughter,['123'],183453,2010,False,,0.604,0.5710000000000001,0.813,0.209,119.833
4ahKaqxc8ugMIt43UbPET0,one,['123'],272427,2010,False,,0.552,0.16899999999999998,0.9470000000000001,0.0376,110.10600000000001
2luojLasHpmrEtqgEsBZDr,arve,"['123', 'Arve Henriksen']",320480,2010,False,,0.57,0.446,0.423,0.13,119.939
5YfEYCinlGZ9GCjShGIjUv,buz palas,['123'],248573,2010,False,,0.478,0.307,0.8290000000000001,0.0507,124.32
7eHmJEQ5HFnaZ324kiuN2f,mossa,['123'],249680,2010,False,,0.532,0.522,0.0386,0.325,79.854
1u1wk5ie3tq53LWxSXJdPc,gegga,['123'],179013,2010,False,,0.512,0.359,0.11199999999999999,0.0951,111.978
2nESWhkpRmx96CLak9bGZo,turn on,['123'],190707,2010,False,,0.615,0.34,0.12300000000000001,0.5670000000000001,77.982
1SsdJA2F9qqOJdoBppHuNz,çalı çırpı,['123'],192067,2010,False,,0.467,0.6709999999999999,0.12300000000000001,0.14800000000000002,86.743
1zGzgtKLLwtxdo3h85cv4W,ever,['123'],118880,2010,False,,0.537,0.0931,0.958,0.331,79.995
2ULxjrMYhS2Tx3x5ptvH05,odun,['123'],444933,2010,False,,0.418,0.0386,0.993,0.306,155.507
37mhKGA4EPuWSLtIsxSjKA,Again,['123'],215307,2010,False,,0.725,0.48,0.359,0.37,123.02600000000001
4y0D38b8NoYVLHb35Z6rt6,KDA,['123'],288733,2010,False,,0.7040000000000001,0.605,0.0851,0.309,123.01100000000001
7fZVST8HtFXv3y18qrqTqf,Küstüm Otu,['123'],509467,2010,False,,0.691,0.537,0.114,0.223,123.01
3eWgqEnA5dp9Z0BLC0bNz9,Niles,['123'],275560,2010,False,,0.625,0.381,0.312,0.0395,122.979
66j3m4m1kbB6crqA2ruija,Betty,['123'],440387,2010,False,,0.688,0.32799999999999996,0.74,0.53,123.001
6OmvGI1jo55UuQz4TtgsLy,Damla,"['123', 'esin gündüz']",367920,2010,False,,0.741,0.451,0.825,0.87,122.988
433FcN3IDhLemXyVL0w4FM,10th Inning,['mike.'],202413,2016,True,,0.542,0.6609999999999999,0.563,0.425,118.10600000000001
1smkz7GitbZSe6Z03ETa2a,let it all begin,['123'],127293,2012,False,,0.253,0.272,0.9179999999999999,0.125,193.514
1w5Tfa9ENbT2wAdYXXFMUa,green bag,['123'],181360,2012,False,,0.653,0.32,0.64,0.314,92.044
64dekZu9AUmT3xjgMYpAc9,so much to say,['123'],234413,2012,False,,0.555,0.499,0.317,0.162,131.018
7D6jpR6ELlENUCvXX8ytxW,sun in the arms of love,"['123', 'Ilhan Ersahin']",213840,2012,False,,0.5870000000000001,0.584,0.0556,0.316,119.956
2mHpRudN5bmJQ9vu7Xyeuo,trip,"['123', 'Arto Tunçboyacıyan']",301480,2012,False,,0.532,0.5660000000000001,0.629,0.306,123.064
4HZolVtGBLoIlvwgV8R3DA,hot,['123'],76413,2012,False,,0.7509999999999999,0.588,0.38,0.207,122.956
3e8urPkKUhLJdi8UlL4pqg,experiment,['123'],239080,2012,False,,0.632,0.336,0.4270000000000001,0.302,129.55100000000002
76RA7cyytpNApK8Btxf7CS,no no,['123'],267467,2012,False,,0.71,0.544,0.614,0.183,109.949
39LjbkxmZw15J5zr85nMsh,yokuz,"['123', 'Hakan Kursun']",211453,2012,False,,0.648,0.285,0.728,0.34299999999999997,85.07799999999997
5KARaiepdzHLvmf41bWAaP,binalar,['123'],222467,2012,False,,0.419,0.315,0.565,0.0937,149.744
0yaGSk4xUdh85UbAWEONQA,turuncu,['123'],234147,2012,False,,0.644,0.354,0.521,0.45799999999999996,77.964
5YDgcpvCjpkuCJavpc60zQ,silence,['123'],150227,2012,False,,0.495,0.16399999999999998,0.789,0.22699999999999998,119.694
0xbkLRbNSvQtZarBbpx6RU,i don't know you girl,['123'],134093,2012,False,,0.578,0.124,0.9690000000000001,0.196,87.557
6Gltx1cDcgLflyeAj62GER,no return,['123'],253040,2014,False,,0.539,0.684,0.21,0.7120000000000001,100.90299999999999
056PnmLyhHNjMz0q8O2RJG,aşk şarkısı,['123'],187133,2014,False,,0.562,0.644,0.0475,0.79,98.367
49E460HgKBHsRcSt5vmkbg,bi şey var ki,['123'],157933,2014,False,,0.5660000000000001,0.6659999999999999,0.107,0.713,143.083
2wb6CEtSh3cqSgouWNpr56,drill,['123'],345453,2014,False,,0.447,0.774,0.256,0.616,126.664
4xniGxI7kW1H9iX0ZTScao,there i go,['123'],330027,2014,False,,0.424,0.741,0.15,0.573,138.566
4pzc5fnQ0XFTnn4dmOiiEr,hayat,['123'],234973,2014,False,,0.42200000000000004,0.765,0.0289,0.311,122.084
27G5BDHUHUw2xvR3D9IQdI,gel,['123'],162600,2014,False,,0.355,0.764,0.0366,0.25,102.64
7iy7Rt2FTSycoLYUAkPrpr,fall,['123'],258600,2014,False,,0.306,0.629,0.263,0.266,140.239
487eEy1SBqFbo4z42HfXdH,low sign,['123'],166853,2014,False,,0.575,0.838,0.079,0.32899999999999996,128.317
7MPUhexgitqGeBKROzsN9K,post burak,['123'],234667,2014,False,,0.33799999999999997,0.6709999999999999,0.371,0.115,145.67700000000005
3NlCVXyAHEUfuKMRX15g8w,undertow,['123'],347680,2014,False,,0.335,0.46,0.621,0.0985,109.025
67Adexmh0C4zylRTp3EUvY,not mine,['123'],272107,2014,False,,0.391,0.7,0.036000000000000004,0.252,99.48299999999999
73vTFSgIzKG50hVDj0EyrS,anja,['123'],419187,2014,False,,0.505,0.262,0.603,0.0994,127.411
39b5PcVRbsXJqyWylvOdHH,1k Hells 2 Find My Heaven,['Twiztid'],228155,2017,True,,0.583,0.736,0.396,0.639,129.398
3gOfCm1y5dKpNcLQ5upjuv,ding dang dong,['123'],181267,2009,False,,0.154,0.0238,0.94,0.0368,174.078
5u5kowWdmCEaxFwoL8RiS2,huzuv,['123'],307080,2009,False,,0.436,0.435,0.214,0.485,119.993
2vljy9wIcyXriI4cEJH910,aksel,['123'],316347,2009,False,,0.349,0.301,0.872,0.0451,116.86
6QfYgqfpurkjOJJD8HGYrX,şimdi,['123'],255907,2009,False,,0.35,0.29,0.605,0.0717,98.85
4Qyu3BbfywfvlWXeEWSs42,the owl,['123'],411520,2009,False,,0.354,0.27399999999999997,0.591,0.0374,75.825
664ZilbKfWhI7JtKF6qscQ,that's why...,['123'],330680,2009,False,,0.529,0.322,0.8140000000000001,0.0799,123.04899999999999
0Xs0ntR1mDfZa6EAFOJEve,kar ekspres,['123'],145893,2009,False,,0.435,0.0144,0.897,0.0606,69.87100000000001
2aOtMGIVoOAoKGv3mZOdfw,soul of things,['123'],308347,2009,False,,0.402,0.231,0.721,0.233,125.785
6CpYqDiGGkOtUX3LMn2Qxs,podimos,['123'],78560,2009,False,,0.49,0.0241,0.545,0.205,112.728
5onyJoT9xx81bdsuMf8KRW,buz,['123'],72053,2009,False,,0.243,0.0136,0.968,0.0376,73.923
3GALb3zqXn3PoHeUC0jRBf,doğumgün,['123'],242053,2009,False,,0.447,0.41,0.105,0.129,153.088
3SYr4If1nqJj2DN67M8yjA,balina,['123'],113120,2009,False,,0.495,0.39,0.0844,0.715,92.025
1JFlKRrFYvnnTZZCG2eV37,the dive,['123'],152987,2009,False,,0.59,0.355,0.281,0.305,140.129
2ZvdjeTYSLrDn4SGu60WTD,the ending,['123'],300093,2009,False,,0.47,0.298,0.561,0.0564,107.81
3WiU0zU48w9WohZw44I8TZ,"Do Sumthin' (feat. Jamall Bufford, Now On & 14KT)","['Flip', '14KT', 'Jamall Bufford', 'Now On']",221431,2015,True,,0.33399999999999996,0.743,0.0182,0.3670000000000001,180.824
300jDCcAdNNQSA6SYle61e,112401,['Erase-E'],233200,2009,False,,0.687,0.684,0.0119,0.628,91.82700000000001
0FcghxGN5Lgp30ur1kqnte,150%,['Snax'],194043,2014,False,,0.9229999999999999,0.645,0.0197,0.785,125.024
3BtQU0IYHi6nL3sYt2a9tM,Knockout (feat. 18 Karat),"['Hamada', '18 Karat']",139915,2020,True,,0.75,0.605,0.185,0.521,97.11399999999999
6eSUcTq3Ez7x7TBlUwOCvk,What's Your Name?,['17Years'],141867,1996,False,,0.146,0.971,0.00032599999999999996,0.627,216.326
39dp9iPEOWGxpvnTo3wa43,1000 Mile Stare,['Mutoid Man'],141707,2015,False,,0.413,0.995,6.01e-05,0.11900000000000001,108.414
4sVku9nznenk1Lp2seT3iw,1-8-7 RIP,['Silky Slim'],253880,2008,True,,0.493,0.452,0.0607,0.5670000000000001,159.24
2ETkzoDWsbDDhCruz1hMRk,12 O'Clock,['Vangelis'],332147,2003,False,,0.183,0.23600000000000002,0.757,0.0482,87.42200000000004
6TDbbPvn7v5oYymCpsrGSX,Skip Steps 1 & 3,['Superchunk'],186213,1991,False,,0.2,0.965,2.63e-06,0.5820000000000001,183.271
5rVUrHrtmTjMG0jH2hmZ0E,"100,000 Units",['Daforce'],134071,2015,False,,0.445,0.473,0.0681,0.188,143.79399999999995
6fLHJsq6ijCjPojnAKECV6,"10,000 Years",['Intervision'],226480,2007,False,,0.544,0.6709999999999999,0.27399999999999997,0.565,160.047
1aiPutjqeS0UugHmbT1XEI,Being Boiled,['Heaven 17'],291720,2008,False,,0.8370000000000001,0.8190000000000001,0.00486,0.16899999999999998,105.015
75b0OqnGN7jAF0xgkFweMj,Geisha Boys And Temple Girls,['Heaven 17'],262653,2008,False,,0.746,0.54,0.00228,0.257,126.96
5OrwhhYPv2Y82yzQlptZr5,Temptation,"['Heaven 17', 'Billie Godfrey']",226813,2008,False,,0.652,0.8640000000000001,0.0075299999999999985,0.41,127.236
2SxO7RzqmJFBxJzZ7n7FjV,Penthouse And Pavement,['Heaven 17'],262600,2008,False,,0.7120000000000001,0.852,0.0431,0.76,128.001
7fOZbgKOafEFhGSeQQeIS5,Party Fears Two,['Heaven 17'],392293,2008,False,,0.43,0.172,0.9129999999999999,0.0679,119.83200000000001
79EgueMhWmjpnfaAQIc2UU,Don’t Fall,['Heaven 17'],319467,2008,False,,0.519,0.737,0.0146,0.263,145.491
55xYQ3kHIQULvzagZaAAkn,(We Don’t Need This) Fascist Groove Thang,['Heaven 17'],212533,2008,False,,0.613,0.948,0.0018,0.562,151.857
1LpNRwWxyl2NAl7R5vZ2rq,We Live So Fast,['Heaven 17'],235640,2008,False,,0.636,0.868,0.0106,0.5479999999999999,143.967
6z96w3HLFtqjV2E6uy4SKI,Empire State Human,['Heaven 17'],241893,2008,False,,0.498,0.6609999999999999,0.00162,0.265,147.504
3yIqU8XkBs23baXpGvGCax,18 Again,['Stark'],159560,2008,False,,0.247,0.95,0.0044399999999999995,0.381,181.74
3AKPoi06BFR4vrK7alGjfi,1 Milli,['DaVido'],163636,2019,False,,0.655,0.8540000000000001,0.316,0.6970000000000001,109.4
6606xwFruYkKDnGRc2QUYt,1 Mo Gen (Ahh Dee Ahh) - Remix,['Sandman'],214827,2003,False,,0.8759999999999999,0.45899999999999996,0.0006,0.657,93.884
6OkRaU8svv60umxT6dhOXZ,Enough,['12 Cents For Marvin'],193693,2000,False,,0.5379999999999999,0.863,0.0243,0.843,97.351
3m1hpkzhj9jloMxbJOIiSn,Slocum's,['12 Cents For Marvin'],363373,2000,False,,0.473,0.684,0.455,0.7240000000000001,91.17200000000001
2s4lStTNts21V3c6VkgqKA,Meant To Be,['12 Cents For Marvin'],288293,2000,False,,0.359,0.7120000000000001,0.25,0.893,185.74599999999998
1HOsHeJvFr58Abq6fU98bl,Big Mistake,['12 Cents For Marvin'],171400,2000,False,,0.513,0.879,0.0875,0.9570000000000001,158.41
0oSz8lAxydNrReKU22WWg2,Everyday Change,['12 Cents For Marvin'],387867,2000,False,,0.517,0.6729999999999999,0.355,0.654,125.62200000000001
6rZRZ2hWkN4l7epAup4ajt,Factory,['12 Cents For Marvin'],386827,2000,False,,0.5429999999999999,0.608,0.0418,0.532,118.70100000000001
7e1KQFK7ORytBo2l2kYuew,Little Things,['12 Cents For Marvin'],389933,2000,False,,0.41600000000000004,0.779,0.353,0.428,109.368
10wUTHZb8VACEEvYsY507T,Tears And Agony,['12 Cents For Marvin'],102733,2000,False,,0.59,0.31,0.866,0.6990000000000001,82.574
1sJoymmGBlSKcFAlDigrH4,1-800-Fuck-Outtahere,['ChillxWill'],155027,2015,True,,0.907,0.691,0.278,0.69,95.04799999999999
3TMdf7vjG1Hol5VdUHKrFn,10 Pm On Saturday Night,['Silver Scooter'],166040,1997,False,,0.561,0.845,0.00164,0.7879999999999999,121.758
1rYMW2aq2c2tfMX6kjmVd9,1995,['Lanterna'],210533,2015,False,,0.539,0.72,0.0042,0.485,134.013
1EaNCQE182qF6v2J0wjE32,1998,['Evidence'],69861,2019,False,,0.586,0.561,0.00108,0.6659999999999999,151.871
5AaQahhnbfvTsZsUXnPRE6,Interlude,['1NC'],80867,2001,False,,0.5920000000000001,0.26899999999999996,0.158,0.365,92.98
5LOifamowuLvWUrro9Fuvy,Movin' On,['1NC'],205600,2001,False,,0.858,0.8079999999999999,0.0177,0.275,110.135
2Bp371INHOvL06ppHdCLjC,Unconditional,['1NC'],243293,2001,False,,0.795,0.861,0.0837,0.6940000000000001,101.897
52SJXJRxzjZgnUrfj698cy,Interlude,['1NC'],5400,2001,False,,0.0,0.451,0.000478,0.0,0.0
0DJxZNAr4XWWOqFHO2VSsQ,Breath Away,['1NC'],321733,2001,False,,0.555,0.5920000000000001,0.33,0.541,98.118
3JRoMzsBrfnZA4bdpLf0Q8,Be Like Him,['1NC'],151600,2001,False,,0.45,0.5379999999999999,0.7290000000000001,0.6859999999999999,93.45200000000001
2hQOGF5OZVIED9J8HjesyQ,Nobody,['1NC'],271573,2001,False,,0.77,0.752,0.0531,0.6459999999999999,110.045
4IOonwR1Tdc538fKyOWp37,Interlude,['1NC'],53627,2001,False,,0.62,0.309,0.703,0.711,80.471
5uSh6amZo0uCnlwCgS8rGV,Donna,['1NC'],276000,2001,False,,0.696,0.34299999999999997,0.79,0.389,115.10799999999999
6zhQ66Aqc2cZWmtAeWdMjJ,Free,['1NC'],288373,2001,False,,0.526,0.496,0.182,0.213,98.426
3JdFvn7j6HM4QGnOLFJxQq,Interlude,['1NC'],19600,2001,False,,0.7659999999999999,0.316,0.8079999999999999,0.6629999999999999,35.93
2fOGYz3ZzpeLhSPNMqZfsR,Hands Up,['1NC'],228493,2001,False,,0.685,0.88,0.0165,0.46299999999999997,190.174
0NySJud75Cov8xnqSPcIOt,When You Fall,['1NC'],281800,2001,False,,0.5670000000000001,0.387,0.586,0.258,148.875
14Dh2eo1Varb4kKBBzzwc5,Could've Been Me,['1NC'],245373,2001,False,,0.8390000000000001,0.72,0.0161,0.812,97.92
13Q7RtX91fg10DW3cek7jk,Interlude: Prayer In Schools,['1NC'],30893,2001,False,,0.752,0.355,0.735,0.736,30.159000000000002
1Rr6VsvXQpg7krqihbeXHO,Lost Hearts,['1NC'],264000,2001,False,,0.5820000000000001,0.386,0.48200000000000004,0.179,119.986
2w0yqfTDSfp0OtOJrIjhVV,I Can't Live Without You,['1NC'],283373,2001,False,,0.792,0.6779999999999999,0.0965,0.655,82.921
1GlaijYfpKbLddcZlv4N2n,In Your Grace,['1NC'],315667,2001,False,,0.326,0.159,0.8270000000000001,0.336,85.68299999999998
11gimhAVTkexmjNzFpxcx8,187,['Motorpsychos'],97840,2005,False,,0.607,0.893,0.00277,0.767,80.264
3n1byqT2bfEyI4OPsdFKjQ,"100,000 Fireflies",['Superchunk'],197307,1993,False,,0.379,0.96,0.00237,0.521,133.912
4XRApGL1dy6ULX1bE0HIcb,Out for Blood,['Phantom 13'],208563,2014,False,,0.299,0.9590000000000001,0.00156,0.489,185.00400000000002
0FHAps2ZfHN2W8vGWoIlgn,Creatures,['Phantom 13'],189486,2014,False,,0.53,0.914,0.0025399999999999997,0.465,115.006
3DKisTRh1I72fV4Aa7zRfz,Voices of the Dead,['Phantom 13'],247181,2014,False,,0.5770000000000001,0.9,0.000126,0.8440000000000001,128.018
1AOtSLW0KyHYdwfehuDEEj,Dark Riders,['Phantom 13'],238421,2014,False,,0.494,0.9520000000000001,0.0108,0.802,156.957
4qblfxW39K3azlYvOfTsx8,Death Comes Calling,['Phantom 13'],189818,2014,False,,0.561,0.867,8.78e-05,0.8859999999999999,110.015
5VcZ9RkEkSrzhJKgHtnD2R,Demon Girl,['Phantom 13'],322500,2014,False,,0.5770000000000001,0.8440000000000001,0.00391,0.201,120.01899999999999
6BMWLKwtoDL0awbKvO37hF,Beast With Devils Eyes,['Phantom 13'],179556,2014,False,,0.523,0.982,3.52e-05,0.495,107.98700000000001
3I2x14qpQoW62Yikr2WgDt,Keeper of the Wolves,['Phantom 13'],185333,2014,False,,0.4270000000000001,0.9740000000000001,0.000143,0.7070000000000001,180.11
0gdZtYKouVQbaoYpnY7GCK,Fall from Grace,['Phantom 13'],149205,2014,False,,0.4370000000000001,0.985,7.38e-05,0.7020000000000001,147.906
5xfEU8vaD3T0UUf9N7hU8u,101,['Fifty/Fifty'],245987,2005,False,,0.462,0.976,0.0405,0.41200000000000003,86.009
3LR68aradVJKiQB6pbzdgz,11:58,['Dawnbringer'],109373,2006,False,,0.261,0.466,0.0189,0.395,142.616
5ZWlfKu9i1G3IJnsCgkO78,1000 Frogs And 3 Sun In A House,['OOIOO'],627507,1998,False,,0.47100000000000003,0.769,0.109,0.335,112.059
5RhXLJu6H5G3fnf1bTHY47,Long Distance,['Day 19'],194293,2000,False,,0.359,0.935,0.00489,0.58,119.969
50CH7x86zHu4O1T1NblNUy,191,['Nottingham'],240875,2015,False,,0.423,0.809,0.0144,0.557,167.028
6qLnXdUmiV4AnHR4UlLOJE,Haunted House,['Mat-101'],315280,2002,False,,0.7070000000000001,0.888,0.000327,0.0865,121.975
0b891nkFNUpHQbsHVdV2mE,Who Wan Seek War - Rewind Mix,"['Soundmurderer & SK-1', 'Wayne Lonesome']",342253,2005,False,,0.555,0.9129999999999999,0.0476,0.414,175.387
1KOe9IegL1NcL2vs4z2MFL,Hissy Fit,['14 Buffalo'],221733,1996,False,,0.662,0.818,0.0011099999999999999,0.7659999999999999,103.804
4EEHLgYJhFQeGgR8imvg7G,1893,['Scissorfight'],207960,1996,False,,0.36,0.878,0.247,0.495,150.107
39qz72QRSThezKrZWDE2kI,Racer X (Challenge of the Masked Racer) - Motion Picture Mix,"['Alpha 1', 'dj attack', 'Warren Rigg']",355267,1995,False,,0.7190000000000001,0.7859999999999999,0.0103,0.705,128.971
5nldaa7WHlGduYLyN0rXeY,Racer X (Challenge of the Masked Racer) - Trajic's Chronic Mix,"['Alpha 1', 'DJ Trajic']",277800,1995,False,,0.7240000000000001,0.898,0.0415,0.705,129.94799999999998
0pbSdYKkD3Yg50Luku1zxE,Racer X (Challenge of the Masked Racer) - DJ Attack AKA Alpha 1 Magic Mix,"['Alpha 1', 'dj attack']",379907,1995,False,,0.733,0.8009999999999999,0.0112,0.7879999999999999,129.972
7oQhu32X6tmhg8WK3kS14d,Racer X (Challenge of the Masked Racer) - Return of the 303 Mix,"['Alpha 1', 'DJ Hyperactive']",345667,1995,False,,0.795,0.919,0.00626,0.895,131.998
6ChQQ1AgdHeM3TYOjZc22y,Racer X (Challenge of the Masked Racer) - 2 Men on Wax - Doin It for the Underground,"['Alpha 1', 'Louis Bell', 'Paul Johnson']",449093,1995,False,,0.789,0.624,4.5799999999999995e-05,0.484,130.273
5m5NrX3zJ32cECfkLsHyKI,Racer X (Challenge of the Masked Racer) - Tribal X-Mix,"['Alpha 1', 'Warren Rigg']",353333,1995,False,,0.72,0.9109999999999999,0.00856,0.727,127.99600000000001
4SMVTk1EDRW8LH4bDq3kqZ,1990 (Mil Nueve Noventa),['Soda Stereo'],219413,2006,False,,0.5479999999999999,0.7040000000000001,0.0136,0.752,95.084
0yv7Rzc6gKyIVZTRvqHyDQ,13,['Potshot'],79373,1999,False,,0.7070000000000001,0.0423,0.579,0.41,141.161
6UIgdscN82KUlfRGmEpB9l,16a,['Autoclav1.1'],222880,2014,False,,0.619,0.5670000000000001,0.0407,0.779,87.301
6S0pAKpB7ZNJpADZpvd0sA,In All Guises,['Autoclav1.1'],280213,2014,False,,0.636,0.6890000000000001,0.00116,0.6970000000000001,140.018
4jK8ZXGSQGLHXTytiDBovK,Waiting Room,['Autoclav1.1'],267160,2014,False,,0.514,0.9129999999999999,0.000242,0.22,174.86599999999999
6ieMrPAkQLDcJfQo7DC01j,Spanner Line,['Autoclav1.1'],258280,2014,False,,0.425,0.585,0.000576,0.0474,119.964
6LLxPsQKjs75JC3yHnCJq5,Not in Service,['Autoclav1.1'],286413,2014,False,,0.535,0.792,0.000542,0.252,139.832
49tVOpL6SLrDaZz4pEK0V6,I.D.10.T.Fault,['Autoclav1.1'],224667,2014,False,,0.382,0.7979999999999999,0.000588,0.19399999999999998,89.412
5EK0ZY7GU1OxnvKW7DvNsT,Your Face Goes Here,['Autoclav1.1'],238493,2014,False,,0.392,0.7979999999999999,0.00541,0.115,140.03
2Mf2tFroH6vgsdtCr5KY3x,Ruin My News Feed,['Autoclav1.1'],258720,2014,False,,0.589,0.8240000000000001,0.00107,0.387,140.009
542HlhFWxN4HYaVGzk873V,Crack Towers,['Autoclav1.1'],266347,2014,False,,0.4320000000000001,0.574,0.0321,0.0676,169.99400000000003
4Um4jzOZPd0wkYcHPiEOTw,Everything Must Go,['Autoclav1.1'],219453,2014,False,,0.29,0.23399999999999999,0.0191,0.0395,83.58
3BE4Jgj2Lwp1NNWleeSVNR,13 (Under a Bad Sign),['Sloan'],120653,2014,False,,0.581,0.725,8.08e-05,0.628,136.037
7qsBrN7B0R0J6NI1T1l3Up,10-й бокал вина,['Легендарные Пластилиновые Ноги'],234280,2009,False,,0.493,0.8059999999999999,0.1,0.508,185.15599999999998
48wdHboeyHMI3y7sDRHQPi,These Are Days - Live Unplugged,"['10,000 Maniacs']",293533,1993,False,,0.498,0.914,0.107,0.622,106.492
03dyGhQnFVPzUoJksctawl,Eat for Two - Live Unplugged,"['10,000 Maniacs']",262507,1993,False,,0.604,0.44,0.45299999999999996,0.397,113.709
4yOoB2xtXAUgJTueeJFZew,Candy Everybody Wants - Live Unplugged,"['10,000 Maniacs']",199600,1993,False,,0.57,0.9209999999999999,0.0422,0.514,103.94200000000001
50To2jBqK01g5CD8VLIxIM,I'm Not the Man - Live Unplugged,"['10,000 Maniacs']",226360,1993,False,,0.613,0.495,0.214,0.37799999999999995,83.741
7DSI4mjI3SSEKWqX7SrWP8,Don't Talk - Live Unplugged,"['10,000 Maniacs']",321907,1993,False,,0.5770000000000001,0.813,0.215,0.354,120.413
5Z8hnehvaHruRqKd7UOfuw,Hey Jack Kerouac - Live Unplugged,"['10,000 Maniacs']",228760,1993,False,,0.563,0.945,0.126,0.547,129.763
0eJZxKpqq8e0hreYyezGos,What's the Matter Here? - Live Unplugged,"['10,000 Maniacs']",290640,1993,False,,0.53,0.9129999999999999,0.381,0.542,97.055
5R6mQaV6ikecVQqoVWNzzd,Gold Rush Brides - Live Unplugged,"['10,000 Maniacs']",251733,1993,False,,0.598,0.618,0.54,0.42200000000000004,103.09899999999999
5sPTaIE5RP3VD8cylL2QjU,Like the Weather - Live Unplugged,"['10,000 Maniacs']",254933,1993,False,,0.6920000000000001,0.899,0.0703,0.9670000000000001,131.931
07d4RJaLsQvwwUso1rPxU5,Trouble Me - Live Unplugged,"['10,000 Maniacs']",220307,1993,False,,0.6609999999999999,0.653,0.562,0.609,112.714
44HCjRIOd70XrlZDYUDzAM,Jezebel - Live Unplugged,"['10,000 Maniacs']",260040,1993,False,,0.42100000000000004,0.3670000000000001,0.889,0.212,125.46
5VzvK7YiwWbRePA2JOzhYq,Because the Night - Live Unplugged,"['10,000 Maniacs']",223373,1993,False,,0.408,0.79,0.26,0.34700000000000003,122.624
1XJdCTnhQycjZomb5n6oMH,Stockton Gala Days - Live Unplugged,"['10,000 Maniacs']",325533,1993,False,,0.518,0.945,0.223,0.529,129.41
2YjoTRWYbrOI8LtKgyIRni,Noah's Dove - Live Unplugged,"['10,000 Maniacs']",307600,1993,False,,0.5589999999999999,0.47,0.685,0.266,105.10799999999999
5H8Upvloxi42VMlllxHUkr,1-2-3-4 (Sumpin' New),['Coolio'],213920,1995,False,,0.904,0.747,0.29600000000000004,0.611,115.182
1gvIlkKegSnLueoX5NeYlm,Intro,['1 Spot'],175987,2004,False,,0.606,0.955,0.0362,0.374,87.868
3y2LcENAHR4ObTVh4EwmDn,Strugglin,['1 Spot'],285693,2004,False,,0.63,0.627,0.00139,0.42100000000000004,93.01899999999999
2ilBfBDMIEt6lUIbGPL28E,My Daddy had a Son,['1 Spot'],253173,2004,False,,0.46799999999999997,0.66,0.0117,0.6629999999999999,193.93900000000002
61aQ75JkyKsPlYJPUQziS7,On the good foot,['1 Spot'],314013,2004,False,,0.777,0.613,0.00215,0.649,103.12899999999999
18xAQyLxUyYSA1wUuEEPCl,I got love 4 ya'll,['1 Spot'],264960,2004,False,,0.505,0.7090000000000001,1.7e-05,0.35600000000000004,85.96600000000002
436Q5yFV60dlvUV8S3663V,I want Mo,['1 Spot'],281960,2004,False,,0.32899999999999996,0.534,0.00479,0.359,86.98
6cf79Oysn8B9dXaoDk0tzJ,J Villain,['1 Spot'],312507,2004,False,,0.315,0.8390000000000001,0.00472,0.539,74.627
3obEWHRAgUHVHuzyrV7iSN,Signs of hunger,['1 Spot &T Bucha'],47987,2004,False,,0.7440000000000001,0.223,0.4270000000000001,0.265,100.161
5EiavdAIa1Uf3VEUeVBeqx,Indeed,['1 Spot'],229640,2004,False,,0.465,0.7290000000000001,0.000656,0.242,97.477
7JzWZBPbRGcRWVdJaTpDoh,Blo,['1 Spot'],345000,2004,False,,0.7070000000000001,0.777,0.00159,0.475,109.98899999999999
2dNDfVVoasq96SjRzN3eyI,Birds on the Freeway,['1 Spot'],292560,2004,False,,0.69,0.672,0.004079999999999999,0.5479999999999999,100.007
3TlMIslVQCh1Sm0ZJgAJJS,Bring it on,['1 Spot'],258787,2004,False,,0.6809999999999999,0.7929999999999999,6.850000000000001e-05,0.434,102.978
5YM5KGiv7tvRr2jvwi55B3,The Experience,['1 Spot'],77027,2004,False,,0.6409999999999999,0.00869,0.716,0.479,83.77799999999998
4hs6i4cjkMpOHwhO1rzSVD,The Ex,['1 Spot'],285747,2004,False,,0.562,0.762,0.00010400000000000001,0.318,99.70700000000001
0oyj088gTacb4sWeMBBpfb,What's the Matter Here?,"['10,000 Maniacs']",289027,1987,False,,0.586,0.5660000000000001,0.011000000000000001,0.585,99.98
3jJDFiNmHsU18FxvklXwIK,Hey Jack Kerouac,"['10,000 Maniacs']",206413,1987,False,,0.616,0.511,0.0384,0.604,132.015
19X5dUlxVWC5jDg3eOysMz,Like the Weather,"['10,000 Maniacs']",236653,1987,False,,0.77,0.45899999999999996,0.11199999999999999,0.963,133.351
2fyrd12bgmdSd0OgmCRN2H,Cherry Tree,"['10,000 Maniacs']",191827,1987,False,,0.605,0.606,0.00692,0.843,140.07299999999998
28hkFgyzNPlY2MguckuQAO,The Painted Desert,"['10,000 Maniacs']",216960,1987,False,,0.614,0.355,0.172,0.313,92.07
0nf95DwQdpYjfR3QNeOrDD,Don't Talk,"['10,000 Maniacs']",299320,1987,False,,0.501,0.524,0.00255,0.7859999999999999,132.921
1AI6tzZqlOyq4JkHuw0STT,Gun Shy,"['10,000 Maniacs']",250840,1987,False,,0.765,0.391,0.183,0.74,125.976
7MNl5aMzMVC05v7W84nQCM,My Sister Rose,"['10,000 Maniacs']",192707,1987,False,,0.679,0.4,0.109,0.695,120.029
4hAULQ34rR5I7GPdvin9rp,A Campfire Song,"['10,000 Maniacs']",193200,1987,False,,0.639,0.462,0.0739,0.785,132.061
0NmLw08IMY0HEv2Jmot8tE,City of Angels,"['10,000 Maniacs']",256160,1987,False,,0.434,0.38799999999999996,0.00412,0.318,159.94899999999996
5babPm1ZUOxevp7LVtk5R9,Verdi Cries,"['10,000 Maniacs']",260253,1987,False,,0.3670000000000001,0.0256,0.917,0.17800000000000002,106.87200000000001
1lvZxJPLAKQyU9fVAabpax,The Reason (Starring Vicki Miles) - Low Down Wikit Mix,"['Sylk 130', 'John Wicks']",268600,1997,False,,0.804,0.542,0.0443,0.9590000000000001,107.977
5oQUZjV809kIOWXllYyWrw,Gettin' Into It - Tek 9 Remix,"['Sylk 130', 'Dego for Reinforced Recordings']",232573,1997,False,,0.9209999999999999,0.4970000000000001,0.0981,0.818,92.97
24kxEgN4jPtNN7jjWdKpVh,Incident On The Couch - Full Version,['Sylk 130'],434427,1997,False,,0.612,0.34600000000000003,0.909,0.508,145.97299999999996
6rwrkpNSszJGSLxVz0mFrT,"1 Ticket, 1 Way",['Rayno'],212600,2004,False,,0.3720000000000001,0.93,0.00331,0.419,126.744
3UjSbT0izZGeLB1e522HnM,Dream #1,['Duvchi'],70213,2015,False,,0.243,0.298,0.888,0.171,89.221
62VDxgePLc4D1iTslQ9L0r,10 Bodies,['Blaze'],217333,2015,False,,0.805,0.602,0.0875,0.5720000000000001,150.075
0MJHmGI07yhYqXw03eNE91,1st,['Thewaterboy'],130727,2019,True,,0.718,0.61,0.4320000000000001,0.153,82.455
0BZ0xmgJl6k8NIIjlk0kya,100 Bitches in the Club,['Thewaterboy'],160448,2019,True,,0.698,0.682,0.204,0.0884,91.99600000000001
5sLRZexyAaDrRhogmGd6Ni,12th (Single Edit),['Septa'],194306,2014,False,,0.374,0.836,0.000981,0.177,159.963
5n0sEez96wjN81MXYDVxDS,12th (Aaron Harris Remix),['Septa'],308949,2014,False,,0.13699999999999998,0.915,0.00337,0.0365,160.012
24lP6QQ0Xi4w3p8uJu0uf2,12th (Acoustic),['Septa'],177864,2014,False,,0.439,0.325,0.872,0.155,76.025
4a5mJySuyuSqYVsy51JeHd,198d,['Septa'],258333,2014,False,,0.451,0.539,0.0406,0.354,179.918
2zRNvKKsY58HKGDifi6cyS,15th December,['Dropkick'],206800,2007,False,,0.381,0.754,0.0152,0.371,119.152
5Og7eATE4ToiuWKok6v6nn,1972,['Cook Classics'],170947,2013,False,,0.7040000000000001,0.711,0.0469,0.557,80.179
7jbHdyuh1KqUYGBfhLDr4M,141,['Shapeshifter'],361092,2013,False,,0.336,0.769,0.000171,0.0335,175.005
14TUOH0rE3BV7wbZU6gMZ3,1st & Love,['Brandy'],197680,2008,False,,0.594,0.597,0.188,0.589,107.554
0o47KPu4594KEUilOqGNOg,Backwater Dub,['100th Monkey'],284218,2010,False,,0.41600000000000004,0.575,0.0865,0.648,160.623
3i8uYqEFZeASFKCPuqGMju,10-34,['HELLYEAH'],26943,2016,False,,0.147,0.985,0.715,0.0173,95.089
02OVbl72SVQyWz9RRHYDrT,"12 Poems of Emily Dickinson: 12 Poems of Emily Dickinson: No. 5. Heart, we will forget him",['Arleen Auger'],137000,2000,False,,0.267,0.0228,0.992,0.0379,85.885
5cRA6CeHy8zEUtFJvfFEhT,12 Dollar,['OCSHN'],226621,2020,True,,0.879,0.7020000000000001,0.381,0.41200000000000003,76.033
5KOIosCcTLHsjGfk6UoxBQ,Favourite Shirts (Boy Meets Girl),['Haircut 100'],185333,2003,False,,0.648,0.626,0.09699999999999999,0.8959999999999999,143.60399999999996
6sTkbhIkMktu7SzfbuWpev,Love Plus One,['Haircut 100'],212293,2003,False,,0.792,0.564,0.0304,0.9329999999999999,136.922
4Ro6p78QFQT2rlJWOGU6Ru,Fantastic Day,['Haircut 100'],192933,2003,False,,0.45799999999999996,0.7,0.0008210000000000001,0.871,151.852
3mrtL1KO3D5E63DafrNdd8,Nobody's Fool,['Haircut 100'],257867,2003,False,,0.524,0.78,0.023,0.645,135.843
2hjZl8gpLVPch7kljwe3zo,A Perfect Machine,['1 Last Chance'],240616,2015,False,,0.629,0.763,0.335,0.54,95.977
196rv5sfTIidNR5CiyiPrH,Changes,['1 Last Chance'],240998,2015,False,,0.605,0.778,0.29600000000000004,0.301,124.111
4ft5PXiIerVtGpeErhG5yP,Devin,['1 Last Chance'],174070,2015,False,,0.5920000000000001,0.9159999999999999,0.155,0.47100000000000003,129.982
3LLaMnJZzLqGE1WMXiUq1E,Intro,['Gandhi 1er Lemetronome'],60882,2012,True,,0.7609999999999999,0.635,0.188,0.846,120.089
2fB5dKcNehJ56L9LLf6tdM,"Ti Frè (feat. Dou G 4, Top Tchooko, 35, Jeksa & Me'stair)",['Gandhi 1er Lemetronome'],220000,2012,True,,0.865,0.644,0.349,0.607,97.024
6C5cxI1JrClNhOD7bUOI0Z,"M Prese (feat. Abojah, Mechans't, Pozitif, Mrj, Spakarious & 57 Mafia)",['Gandhi 1er Lemetronome'],250000,2012,True,,0.745,0.86,0.166,0.9670000000000001,81.493
0VxgWe2kYkgns0y9txYCLa,"Kilè Li Ye, Pt. 1 (feat. Darson, C. Real, Blaze One, Wendy & Def)",['Gandhi 1er Lemetronome'],300000,2012,True,,0.617,0.7390000000000001,0.174,0.365,99.04799999999999
3bFiYzZywFLpSaciR81oRC,"Bondye Papa (feat. Jn Bernard Thomas, Pn Fresh, 21 & Rebel Lion)",['Gandhi 1er Lemetronome'],279250,2012,True,,0.606,0.807,0.0678,0.252,124.969
20VHQYuadXaDnWIroN8UJr,"I Need Love (feat. Mrj, Abojah & Ed)",['Gandhi 1er Lemetronome'],252000,2012,True,,0.38299999999999995,0.937,0.47700000000000004,0.354,149.876
06MAUL6VdWDZuP8VwZJY7L,"Fanm Sa Move (feat. Bob Kayou, Mikaben, Jimmy Ruff & Eud)",['Gandhi 1er Lemetronome'],274874,2012,True,,0.597,0.8759999999999999,0.0118,0.43,169.889
1eqLd07ZCxynYSHoHQ89nD,Pou Mennaj (feat. Double M),['Gandhi 1er Lemetronome'],193000,2012,True,,0.742,0.812,0.29600000000000004,0.715,110.015
1PWhAcva8xXv5GRe1Nztz4,"Tous Pour 1 (feat. Belo, Rawgged, Vox Sambou, K. Libr & Tipoeste)",['Gandhi 1er Lemetronome'],253750,2012,True,,0.616,0.843,0.177,0.47200000000000003,83.225
3tazmKy3dYzN8IOxVOOETi,Kisa'k Kisa (feat. Abojah & Ralph Balmir),['Gandhi 1er Lemetronome'],237758,2012,True,,0.6,0.4920000000000001,0.821,0.665,173.604
2YiukLkVf6vH43tRyRGQSL,"Let's Celebrate (feat. Squady, Steves J Bryan & Rickstyle)",['Gandhi 1er Lemetronome'],280000,2012,True,,0.7809999999999999,0.423,0.45299999999999996,0.48200000000000004,90.916
6GmlFTOTWckbzgf1Ii4G6Y,"Private Party (feat. Jdb, Godzikilla, Dug. G, Wi Clan & Episod)",['Gandhi 1er Lemetronome'],207945,2012,True,,0.8809999999999999,0.616,0.0544,0.873,98.041
48XqHTzLpXtaNOxR1lZNdf,"Mwen Pran Nan Wanga (feat. Eric Charles, Dave Eyes & Ed)",['Gandhi 1er Lemetronome'],249091,2012,True,,0.787,0.8390000000000001,0.166,0.764,132.007
5KCve2sErSTtMVctlHvD6z,"Mwen Sonje (feat. Ja M, Barbie Becky & Rickstyle)",['Gandhi 1er Lemetronome'],199130,2012,True,,0.642,0.857,0.0319,0.903,77.007
3BEJ0GaTNpm26b2NsuWVET,"Touche Syèl La (feat. Mc, Miu, Jawes & Tony Mix)",['Gandhi 1er Lemetronome'],251077,2012,True,,0.7929999999999999,0.7929999999999999,0.162,0.6859999999999999,130.025
5Ue2JCYTo9Dmdi5zRS7Kgq,"Tictac (Remix) [feat. Mrj, Dug. G, Abojah, Christ Jay, Ed, Doc Filah, Ecally & Wendy]",['Gandhi 1er Lemetronome'],319310,2012,True,,0.862,0.7559999999999999,0.505,0.7759999999999999,86.865
5NOpRWGwItjqvDVcIn4BF5,12 Men,['Mortification'],134627,2013,False,,0.423,0.993,6.24e-05,0.271,160.036
2CbQar4wmzkxYovRSyLwhA,12 Men (Live 2004),['Mortification'],187933,2013,False,,0.187,0.986,0.00117,0.0613,154.931
3edDByH8ZfGwL16ypuvhq1,"100,000 Firefiles",['Superchunk'],197267,1995,False,,0.382,0.978,0.00014099999999999998,0.44799999999999995,133.929
14hOvEmqjbb5hBLJRgzs3D,100 Hearts,['Diexis'],221177,2015,False,,0.46299999999999997,0.8190000000000001,0.235,0.747,87.383
3LSBSXqAUqIFBfVwH09qaO,Dittonia Bloo,['The 13th Sign'],328560,1999,False,,0.795,0.762,0.00155,0.354,96.025
3RN4RShThcWU1oSsiuMtxq,Hysteria 2,['The 13th Sign'],325373,1999,False,,0.68,0.632,0.000106,0.35700000000000004,100.43
1nmw6whpsF6iDGsxIHtlTN,Pressures,['The 13th Sign'],330480,1999,False,,0.5539999999999999,0.86,0.0054,0.851,105.03299999999999
0ehB4d0EJRojRMhkvEbgGY,Have You Met The Glisses?,['The 13th Sign'],336827,1999,False,,0.7040000000000001,0.858,0.00581,0.29,101.93299999999999
2wuUPo71eLHHmQoWe06myA,Someday (Electroglide In Bloo),['The 13th Sign'],364800,1999,False,,0.652,0.8390000000000001,0.00139,0.6609999999999999,144.94899999999996
3zmfPYaIfSOpV7MLiSFNg8,Come Off This Trip,['The 13th Sign'],300253,1999,False,,0.8059999999999999,0.624,6.35e-05,0.405,123.973
29FrOP4BTR52A6eHUqfFhW,Moonweed,['The 13th Sign'],281000,1999,False,,0.703,0.679,1.89e-05,0.348,104.98700000000001
61JlUWn63nSczIRvlZmYVn,Bring Out Your Head,['The 13th Sign'],285960,1999,False,,0.682,0.617,0.126,0.0758,92.00399999999999
0f11loDstctnneRDLMXisD,Back In The Day,['The 13th Sign'],301947,1999,False,,0.769,0.972,5.479999999999999e-05,0.6890000000000001,112.04899999999999
0yQI7g0aN8017Iz4UmboQv,Take Me To A Distant Bass,['The 13th Sign'],435200,1999,False,,0.5489999999999999,0.725,0.006509999999999999,0.303,95.035
2ORC6h3U8TpcHPqW4wmjPX,Rainbow,['The 13th Sign'],302080,1999,False,,0.7,0.8320000000000001,0.0119,0.493,100.059
2TymrvD3N517xX73nIK0lU,100th Battalion,['Kitaro'],167813,2010,False,,0.578,0.28800000000000003,0.6970000000000001,0.608,123.559
2Fg95ZTjFW8rgNiMUpl6Xr,10%,['Versailles'],233200,2008,False,,0.7759999999999999,0.541,0.0122,0.593,120.005
0z0Cducv7mI6FFgvMElgut,Party In The Sewer (feat. Elan),"['Datsik', '12th Planet', 'Elan']",262400,2016,False,,0.703,0.9590000000000001,0.000695,0.344,75.016
3Ur6zaFM6uE7DFU9TU3ZP7,1800 and Froze to Death,['Nightingale'],228387,2009,False,,0.507,0.32899999999999996,0.725,0.574,85.553
1W3zbzrHMkJycdXYtCyIOT,1000 Miles,['Reactor'],326000,2011,False,,0.509,0.733,6.61e-05,0.32899999999999996,129.986
3DqYw6M049Rk4Xa91LwaEo,10Volt,['Comasoft'],201587,2011,False,,0.41100000000000003,0.8290000000000001,0.000712,0.41600000000000004,160.011
4LmnEomcJ34qXF8Li58Hem,109,['Insiders'],263373,1996,False,,0.41200000000000003,0.509,0.267,0.228,83.79
4DO6kxGuh0rWoZSZgL0e6V,"1,000 Cigarettes",['MSTRKRFT'],206173,2009,False,,0.494,0.9,0.0009710000000000001,0.502,127.948
6sPomAKctF42jRxwDPT5h6,13. Hello Getto,['Jaxter'],158653,2009,False,,0.812,0.637,0.22,0.6709999999999999,91.456
0ykuHzhwcHtWbCwsLm7Glm,You Caught Me Smiling,['The 19th Whole'],411573,2009,False,,0.5329999999999999,0.715,0.172,0.599,114.861
7fduMH1nMqk3a2pFgQSXJo,"Vega's Theme (from ""Street Fighter II: The World Warrior"")",['130Grit Sound Studio'],211509,2016,False,,0.5489999999999999,0.56,0.000532,0.568,143.08
7c9uTcUx7L08XxDv2wZPmF,"11th Street (from ""Fatal Fury: Wild Ambition"")",['Sean Schafianski'],238952,2016,False,,0.59,0.547,0.000436,0.7140000000000001,103.945
10VkYQPPrVQ6MkvLDJNTAg,12 King Pimp Commandments,['Necro'],249053,2001,True,,0.784,0.8390000000000001,0.325,0.818,86.40700000000002
0u5UBa3woyfwddR8hN7GH8,1000 Steps,['Zac Z'],244213,2010,False,,0.34600000000000003,0.47200000000000003,0.0579,0.0544,139.989
6Rao087FGytFifA4l6uRtS,1980 Called,['Connections'],139289,2013,False,,0.294,0.873,0.00557,0.705,140.55100000000002
1PccnJbTkb4IPHZAWAq9VE,10 minuter (för mig själv),['kent'],192467,1996,False,,0.34,0.8270000000000001,0.00048300000000000003,0.56,142.114
2mb32CDk3XusDc87vjeAoG,1000 Nights,['FRENSHIP'],240293,2016,False,,0.594,0.7090000000000001,0.0315,0.5870000000000001,90.001
74MRKGKVnlsawkia2fCf27,Step Into the Grid,['Pop. 1280'],216747,2011,False,,0.326,0.8740000000000001,6.05e-06,0.674,125.78200000000001
76fLWH04ioxcUJyssgKZXL,1 x im Joahr - Live,['Seer'],210733,2014,False,,0.636,0.89,0.0203,0.802,114.04
6uUBCRpHNUBRPjW8JjBtQV,1 Tog mit dir - Live,['Seer'],243760,2014,False,,0.478,0.537,0.221,0.312,84.012
5fDeZNIe9JrGhWtBAK0PM5,The Storm Is Comin,['12seven'],26227,2004,False,,0.312,0.951,0.7909999999999999,0.20600000000000002,110.67299999999999
6tZyyuL3QgQ4xtH1QolgW4,The Introduction,['12seven'],95107,2004,False,,0.66,0.728,0.222,0.51,85.99
6xlkfFajT814cquLRsMGQf,I Thought,['12seven'],201480,2004,False,,0.82,0.657,0.0115,0.746,96.991
2stbCSUyxOMF15EXJhu5Et,When We Leave,['12seven'],216760,2004,False,,0.525,0.795,0.00132,0.855,180.354
2oL1v4xaokyjGZltjRwdqS,Focused,['12seven'],205333,2004,False,,0.6940000000000001,0.5760000000000001,0.195,0.652,180.03099999999995
3gr5l1ELmYt9gyfmZZ48s2,The Party Preach,['12seven'],57627,2004,False,,0.7240000000000001,0.469,0.75,0.45299999999999996,67.667
7I3t6xDZvH7zuDOdaWPhbZ,The Party Track,['12seven'],222360,2004,False,,0.8490000000000001,0.509,0.0785,0.8859999999999999,98.016
08YXiRftTN7ygafDhrUq5D,Lude: Haf Naked,['12seven'],207067,2004,False,,0.76,0.297,0.726,0.436,85.02799999999998
7dwU9cYnpB1F7OQTVKmK9l,My Condolences,['12seven'],245773,2004,False,,0.529,0.594,0.276,0.568,169.979
0pN3Cpu6oIF0vq2ALwPnaR,Lude: Live with Frankie,['12seven'],298720,2004,False,,0.644,0.285,0.292,0.37,101.385
6UIOqE7VjtZ6HdmAC1cxeA,It Could Happen (Part 2),['12seven'],205480,2004,False,,0.68,0.687,0.544,0.7879999999999999,180.06400000000005
3sMUN7M33TY8Akr4ZQ5nR0,All Wrong,['12seven'],231480,2004,False,,0.747,0.5670000000000001,0.314,0.6729999999999999,120.01299999999999
1bhRPYMu4mFwqU6X1MuGs5,Lude: Acapella with 3D,['12seven'],126227,2004,False,,0.69,0.235,0.894,0.507,87.985
1h3WtJP8sPIXwgTyAKvXHw,Damn (Incredible),['12seven'],255213,2004,False,,0.7809999999999999,0.42,0.242,0.354,88.006
6mOH4luNcZShh5UfvnBYaZ,It Could Happen (Part 1),['12seven'],197000,2004,False,,0.821,0.624,0.00465,0.762,172.112
5gxb6puHfQ9AL98klMOcLn,The Outroduction,['12seven'],117187,2004,False,,0.625,0.613,0.45799999999999996,0.619,170.024
26IJVBncQevFiVH5A1Rpr2,The Finale,['12seven'],78880,2004,False,,0.693,0.419,0.945,0.473,86.507
2ZUCsov2JeI0WgLMGWTta0,Bar Trek,['Warp 11'],190760,2015,True,,0.499,0.932,0.00506,0.34299999999999997,169.14700000000005
5D8VADFEB8CibnSSnxseh5,Rock Out With Your Spock Out,['Warp 11'],175573,2015,True,,0.644,0.9309999999999999,0.00201,0.7559999999999999,101.01899999999999
3EDRnEj0dYPyEqw9agClB4,Tonight I'm Gonna Love You Like Captain Kirk,['Warp 11'],159893,2015,False,,0.662,0.7340000000000001,0.0339,0.7659999999999999,150.017
7MUpyKH28ifInplygM34gS,7 of Mine (Mirror Mirror),['Warp 11'],256587,2015,True,,0.373,0.872,0.00227,0.39899999999999997,93.542
6Qd7t44Vw7Pcaj08Ml6hqN,Straight Outta Vulcan,['Warp 11'],160347,2015,True,,0.42200000000000004,0.997,0.0133,0.677,179.877
6s8nzPwuSbhMmo9h9zBlKT,Free Bird of Prey,['Warp 11'],147333,2015,False,,0.474,0.9620000000000001,0.00799,0.7190000000000001,177.032
3KQchupNdhqicX61wRCauV,Sell Your Soul to Fek'lhr,['Warp 11'],138520,2015,True,,0.409,0.988,0.0030600000000000002,0.647,157.591
0d1WNXW3rZfs3JBaYfbmi9,You Are Not Fek'lhr,['Warp 11'],167640,2015,False,,0.638,0.9279999999999999,0.0919,0.7440000000000001,106.016
7I9enexYBFKMFmtGMP0fr1,"Hello, Old Foe",['Warp 11'],161413,2015,False,,0.369,0.8009999999999999,0.669,0.16699999999999998,185.90200000000002
4EkDeeuKLjE1K0yu4fXkDO,I Might Let You Touch It,['Warp 11'],180013,2015,True,,0.5539999999999999,0.875,0.0413,0.812,160.945
3SisUeuRQQFguuejea6kSZ,Star Truck,['Warp 11'],202533,2015,True,,0.546,0.885,0.0133,0.532,93.45
7hcYsx3zXNa7sSSj6wjkdq,Zombie Redshirts,['Warp 11'],184347,2015,False,,0.66,0.8370000000000001,0.0331,0.308,93.98299999999999
2eOhzx81WMhtDKWgHGpdNj,Starfleet Signs My Check,['Warp 11'],197293,2015,True,,0.731,0.695,0.0566,0.9109999999999999,138.024
5XsnUJYbP1u2J0X1b0JChi,Orbital Decay,['Warp 11'],148040,2015,False,,0.512,0.934,0.00182,0.6729999999999999,93.96
6qsI9zGAlO9FFSI2NzvaV4,I Just Fucked a Hologram,['Warp 11'],71507,2015,True,,0.6890000000000001,0.629,0.9940000000000001,0.968,135.465
3twsbDw2dDBLNRkZPtEEYs,Overture,['Warp 11'],111013,2011,False,,0.371,0.715,0.0261,0.0383,165.74400000000003
5edPedh9a3Qslzka3SniY3,The Best of Both Worlds (Part I),['Warp 11'],109200,2011,False,,0.575,0.955,0.000739,0.56,108.02
3HvHgxpZbP4p6SrwsvUm3F,It's Time,['Warp 11'],131213,2011,False,,0.688,0.325,0.873,0.142,111.954
2DsYxByz6StiQDqj33W2vz,Abandon Ship,['Warp 11'],161867,2011,False,,0.413,0.956,0.00824,0.799,163.99400000000003
67rLdgwiBiBlOSxrXbG1gM,Into the Cube,['Warp 11'],135133,2011,False,,0.5660000000000001,0.608,0.007140000000000001,0.13699999999999998,146.015
2UJuiXQoHZrT1dyGozf4fY,Welcome to Our Cube 2.0,['Warp 11'],272240,2011,False,,0.515,0.9209999999999999,0.00055,0.5820000000000001,147.983
5vxvlvonx9C9hTpMTsrEVR,Borgasm,['Warp 11'],184400,2011,False,,0.535,0.9390000000000001,0.0072099999999999985,0.258,165.99
4Miw1nxRSEfeDgdRBpSJqu,Assimilate This,['Warp 11'],181787,2011,False,,0.5579999999999999,0.8740000000000001,0.0857,0.69,132.155
5ndvOQvWa7kmfpCKD8CYSV,Circuits Never Bleed,['Warp 11'],167187,2011,False,,0.5479999999999999,0.932,0.0182,0.475,142.138
5OEbFggB4MxKUomsUeYHkM,"I, Borg",['Warp 11'],88907,2011,False,,0.34299999999999997,0.255,0.159,0.0389,114.464
1utxbNvkNt9NDLWMMEQJIB,She's Wired,['Warp 11'],198907,2011,False,,0.475,0.9279999999999999,0.0025,0.341,166.08
4kxV91cpTDnuQ0wvwBbD66,Fuck the Hive,['Warp 11'],269107,2011,False,,0.325,0.6970000000000001,0.126,0.413,81.918
3vBO29a0Zlwsn67aPCw99A,Servicing the Queen,['Warp 11'],156747,2011,False,,0.47600000000000003,0.877,0.00137,0.607,88.01299999999998
3nZc7wS6Gj8vEe9B2Ymc9T,There is Only We,['Warp 11'],186213,2011,False,,0.551,0.5760000000000001,0.0304,0.0966,129.94
32Y3gVIrHgGqQJbbvWM2tN,Cut from the Hive,['Warp 11'],206947,2011,False,,0.27399999999999997,0.895,0.0322,0.4320000000000001,77.993
3qkijBawLoZaPHlYQcqRxM,The Best of Both Worlds (Part II),['Warp 11'],172107,2011,False,,0.551,0.922,0.0049700000000000005,0.491,107.986
4oXg7xT4ksBxHTx8PcmSXw,15 Step,['Radiohead'],237293,2007,False,,0.598,0.8540000000000001,0.0477,0.8440000000000001,94.458
1xn4QTHcVc9wpFXAPhyQc0,15 Punk Rockers Pounding A Piano Into Junk,['Sxip Shirey'],35960,2010,False,,0.624,0.34600000000000003,0.193,0.8240000000000001,169.136
2Y4iTaIAamhYPyZcOdfL3g,11:11,['TAEYEON'],223452,2016,False,,0.445,0.528,0.677,0.511,203.155
4xLQCTi0mhBZuctDXNQoVG,11:11 - Instrumental,['TAEYEON'],223452,2016,False,,0.8440000000000001,0.446,0.32299999999999995,0.564,101.994
2t3NqTEepgQqraFfBPuzwG,149 Nuggets,['Telemachus'],164000,2017,False,,0.63,0.8390000000000001,0.0471,0.76,119.925
0wmWGhu9nYxHvEjCam4ZDN,Can't Have It,['10 Minutes from Here'],214145,2016,False,,0.609,0.722,0.00135,0.6709999999999999,170.097
4aRkcZfV4u1QapRVcxS04c,You Know It,['10 Minutes from Here'],324160,2016,False,,0.541,0.878,0.0617,0.552,169.854
1BqI2l4MdILInGvGL6Y2LR,Little Toads,['10 Minutes from Here'],417236,2016,False,,0.634,0.6970000000000001,0.154,0.655,126.993
2bdSLEGgwrZ4PbrfSEpa7U,Anything,['10 Minutes from Here'],298961,2016,False,,0.409,0.8809999999999999,0.00763,0.5589999999999999,180.24900000000002
6XaCGXgieXYcaDCRkkTt6r,Time,['10 Minutes from Here'],252368,2016,False,,0.37,0.915,0.0105,0.59,76.1
5rjYCpkVv0xDaHLLiw5mKp,This Wait,['10 Minutes from Here'],357715,2016,False,,0.581,0.89,0.0741,0.562,129.857
1DENF5umO4zizWRWXWU3aU,Tension,['10 Minutes from Here'],261637,2016,False,,0.4370000000000001,0.9890000000000001,0.0165,0.585,163.114
0TdgfFisAu8niKVLFLnELH,The Big Show,['10 Minutes from Here'],250158,2016,False,,0.685,0.55,0.203,0.561,130.325
0jAqRpBNIP5JjjrTYEtZen,Take It Down,['10 Minutes from Here'],215067,2016,False,,0.561,0.925,0.0325,0.7709999999999999,153.031
26uZD27Kfa0ZpbM9yvTiOo,Bits and Pieces,['10 Minutes from Here'],227231,2016,False,,0.423,0.9620000000000001,0.0761,0.6,140.64700000000002
4P4NVO7JkIzLjmYKoGg5q7,Nothing but Days,['10 Minutes from Here'],219393,2016,False,,0.6659999999999999,0.679,0.247,0.165,122.051
10omgka1DYlYcxo6LNk6Fu,Making Truths out of Lies,['10 Minutes from Here'],384611,2016,False,,0.495,0.843,0.0076900000000000015,0.318,148.361
7FvIIKZhyNUmSPcZGom0Lo,What You Do,['10 Minutes from Here'],213281,2016,False,,0.65,0.732,0.313,0.9159999999999999,123.09100000000001
0evnUdYzW18jCOTPNXZTzH,10 Victoria's Secret Models,['MAX'],226116,2016,False,,0.6809999999999999,0.629,0.0107,0.358,142.018
7vMOJJ9JJlkveckXrCyvHf,Somebody Else,['The 1975'],347373,2016,True,,0.612,0.684,0.193,0.48100000000000004,101.03299999999999
4hNXbu0quQhrBv9RPhDQtF,Hot 16'S,['Hopsin'],239423,2010,True,,0.772,0.8959999999999999,0.0686,0.537,99.016
6QMHwq6o9EjJbfo1L01YqG,1984,['gPunkt'],241507,2001,False,,0.825,0.9470000000000001,0.145,0.898,118.01299999999999
7KbF6AdprOXEEHlsq11Z6d,11 PM,['Maluma'],175733,2019,False,,0.777,0.7120000000000001,0.217,0.68,95.69200000000001
6eDvn2bB32Hynhzjfn7d7A,199993 (Bonus),['Tuamie'],106429,2015,False,,0.429,0.981,0.38299999999999995,0.456,180.542
0NYcyHnqGJ4akc5ApR8F0q,14 Characters,['Countermeasure'],245947,2014,False,,0.63,0.426,0.605,0.509,83.374
3AjSpsndfZksQeVz0YnPjv,G.H.L.H.S - Smith & Pledger Remix,"['Vector 13', 'Smith & Pledger']",362947,2006,False,,0.594,0.961,0.000543,0.349,137.267
46LrEOC7j5LUtbOuDKWbk0,For You Marks (Intro),['PSK-13'],159067,1993,True,,0.6859999999999999,0.436,0.0050100000000000006,0.0953,180.05200000000005
7cNlvjtH583SGB3RBmU77f,Settin' a Mark,['PSK-13'],290893,1993,True,,0.8079999999999999,0.598,0.00317,0.6920000000000001,95.021
3oolhJf0zIrkJgUCSm4PLw,Headin' for My Trunk,['PSK-13'],230200,1993,True,,0.8809999999999999,0.8290000000000001,0.0893,0.7390000000000001,87.99600000000002
4lyWwp5ErCbtIad3IqGssJ,Officer Down,"['PSK-13', 'Cleopatra']",253507,1993,True,,0.836,0.662,0.0428,0.583,92.785
6cgEvmx75Qtf5coPYsLqE9,No Ordinary Nigga,"['PSK-13', 'K-Rino', 'Point Blank']",224160,1993,True,,0.6759999999999999,0.568,0.217,0.5,92.665
1dVHplZLl4JdkdQIFiuXLy,13 Wayz,['PSK-13'],210107,1993,True,,0.888,0.602,0.00145,0.633,79.991
3BJ6GT0aEobTNpDSBlxPo6,No Ho's Barred,"['PSK-13', '.38', '20-2-Life']",260160,1993,True,,0.7190000000000001,0.556,0.0136,0.809,87.934
2GaFxhALpgAzsdbNoAdpX1,11th: Omen,['Septa'],224901,2016,False,,0.508,0.894,5.320000000000001e-05,0.48200000000000004,150.02700000000004
7l9vaMVVXkYSz9OZKNHQkz,13th: Aftermath,['Septa'],233357,2016,False,,0.516,0.589,2.7000000000000002e-05,0.0967,140.116
1jbOs7rS3raBe9Qs36JAnw,Радиовещание 103.0mhz(часть 1),['Tevelision'],552000,2015,False,,0.17300000000000001,0.146,0.858,0.0392,102.661
3IuGIIrW4ebccpFwqXYMYr,Радиовещание 103.0mhz(часть 2),['Tevelision'],158000,2015,False,,0.198,0.0982,0.856,0.0637,87.486
55kmEn41dKzCilNf26C1ui,Радиовещание 103.0mhz(часть 3),['Tevelision'],866250,2015,False,,0.21100000000000002,0.0675,0.722,0.0293,131.395
6vZPEnNlHeIWrW3fgOuS4Y,1-52x Model,['Bishmanrock'],186018,2006,False,,0.602,0.578,0.008620000000000001,0.40700000000000003,119.986
3lgipyTJNTdbcxE58LBWEF,Never In,['The 101'],184667,2005,False,,0.16,0.9259999999999999,0.00475,0.5539999999999999,168.99
4GLcI5jmRrdpoAnMbwGa5X,Wolf,['The 101'],159693,2005,False,,0.341,0.927,9.42e-06,0.85,167.81799999999996
1QWpWOOyYOuZlKZ16JTUyO,Beth,['The 101'],183333,2005,False,,0.364,0.5820000000000001,0.0329,0.506,157.444
06khsmlgZEHUDuaTiLgDHu,Fucked Up Job,['The 101'],143133,2005,False,,0.273,0.961,9.76e-05,0.42100000000000004,171.56599999999997
6TYVQKY2dPPgPpbbPDjeMK,Wife,['The 101'],179133,2005,False,,0.496,0.75,0.0006230000000000001,0.753,81.533
68zgKjjRYLoP9TKrb7LtaO,Verve,['The 101'],211413,2005,False,,0.183,0.893,0.0018399999999999998,0.34600000000000003,162.97
2Y8qa8UtTKioNW1yi4KkSo,Generals,['The 101'],290520,2005,False,,0.40399999999999997,0.7759999999999999,0.022000000000000002,0.0343,143.601
5k9g3HDCf7u2EpyX5awcii,Left On,['The 101'],172187,2005,False,,0.602,0.623,0.0437,0.43799999999999994,141.546
37NqRUJ9GjV7DcZvNKCM75,Bus Fare,['The 101'],139440,2005,False,,0.162,0.94,0.0047799999999999995,0.647,172.34599999999998
6zrVDbN2czQcsklCW7PsNU,Regret,['The 101'],430707,2005,False,,0.214,0.9109999999999999,6.29e-05,0.348,86.555
0uZHh1ej24m1hSqYbiw33B,LAST 1 OUT - Look At The Shit Around Us,['Last 1 Out'],89960,2004,False,,0.25,0.9890000000000001,0.00263,0.11199999999999999,108.90799999999999
7okMhyQcXpch00UOv9i8Xq,Duo 1,['Daniel Diaz'],187720,2010,False,,0.7440000000000001,0.506,0.9009999999999999,0.265,120.07700000000001
3INvnAG9qFx0flIIqSMRUN,1984,['Tannhauser'],216748,2011,False,,0.626,0.562,0.0119,0.602,112.029
4VREVKXoLqrDz0IiLhK29y,1 2 3 〜恋がはじまる〜,['Ikimonogakari'],297600,2013,False,,0.541,0.871,0.12300000000000001,0.7390000000000001,158.076
5QpUq9TJygFby5nFG1Mr85,1M,['EXID'],231012,2015,False,,0.569,0.423,0.879,0.546,74.71300000000002
5trdK74uo6fhOAwLIXZaws,Set Me Free,['Action 13'],204840,2016,False,,0.634,0.767,0.307,0.713,93.33
5gaBDREFx8QN6pRk6b2wr7,The Drowned World I,['1115'],125322,2016,False,,0.655,0.57,0.5720000000000001,0.7070000000000001,109.964
5H3eOM1x3ddbQtf2I6ZdPT,The Drowned World II,['1115'],502368,2016,False,,0.561,0.736,0.41100000000000003,0.47600000000000003,140.015
6Ti9NCH2kjsHc5hl0jrCLU,The Drowned World III,['1115'],356467,2016,False,,0.539,0.8909999999999999,0.00182,0.0546,140.01
3VkZSXf8xgEeWMQ0ZBlg9o,The Drowned World IV,['1115'],290539,2016,False,,0.7,0.785,0.00298,0.0681,109.984
4NXtdKaL8KYUfONKyVMh0m,15 Minutes,['Biloxi'],215027,2007,False,,0.47,0.968,0.0154,0.209,94.67200000000001
4nF8YaiF92UoR7jeaFYZgv,Born This Way,"['Spice 1', 'San Quinn', 'JC', 'French Braids Presents']",278467,2001,True,,0.579,0.772,0.0389,0.574,125.38799999999999
26b5PQ8WFV2y70aWzOyfdH,Hell and Back,['10sion & Errelevent'],212187,2005,True,,0.568,0.862,0.00257,0.316,98.88600000000001
2hkeIa6hxCv7EcZVgG9c1H,1/3の純情な感情,['FLOW'],233053,2011,False,,0.456,0.922,0.000997,0.521,154.968
1euF306Ule2bN6XTzQkV34,10 Inch V.I.P.,['Bizzy B'],463200,2009,False,,0.552,0.863,0.0104,0.536,166.05900000000003
76ns88tlpBLKiCyv7VJZb2,1999,['Dope'],222387,2016,True,,0.4320000000000001,0.965,4.54e-05,0.36,169.896
6Dj0RpOdgzXWnxf7wyZhay,Favourite Shirts (Boy Meets Girl),['Haircut 100'],185427,1982,False,,0.643,0.615,0.121,0.907,143.608
4vwLjB2NRtl9b34jRe6cWd,Love Plus One,['Haircut 100'],212573,1982,False,,0.7859999999999999,0.517,0.034,0.958,136.923
1WrsjQWhtJkKZ5wWcaZYwN,Lemon Firebrigade,['Haircut 100'],234360,1982,False,,0.626,0.645,0.0914,0.9109999999999999,128.115
0Gda76ObSaLL50p7wxqYH1,Marine Boy,['Haircut 100'],208067,1982,False,,0.625,0.583,0.34299999999999997,0.862,131.062
6drzGsYy7p7KytMgOChpr8,Milk Film,['Haircut 100'],176107,1982,False,,0.579,0.48200000000000004,0.00561,0.907,147.394
5Vkl8jBpaHDxjDKudJHeUZ,Kingsize (You're My Little Steam Whistle),['Haircut 100'],262840,1982,False,,0.523,0.718,0.0718,0.785,136.342
7rkuZX0U9yd6RP9kO56qS2,Fantastic Day,['Haircut 100'],193267,1982,False,,0.452,0.612,0.00040899999999999997,0.851,151.845
2nJD4rbuUWP2OG7aB6ZTpY,Baked Bean,['Haircut 100'],242333,1982,False,,0.614,0.7829999999999999,0.0563,0.627,137.39
4tmrgY4OcC6r3jEYcJDC4d,Snow Girl,['Haircut 100'],175800,1982,False,,0.6679999999999999,0.528,0.00512,0.628,129.904
4PwbnUBqk1aDyWmXbV43jM,Love's Got Me In Triangles,['Haircut 100'],215640,1982,False,,0.7090000000000001,0.47200000000000003,0.038,0.966,116.137
2VOEVtTUzxD28vsOHzT62L,Surprise Me Again,['Haircut 100'],197267,1982,False,,0.627,0.597,0.0622,0.83,137.571
3Km1sYg6VMN1e89Q0713vr,Calling Captain Autumn,['Haircut 100'],242427,1982,False,,0.6829999999999999,0.711,0.182,0.935,120.135
6jVABnTO3NYugJ1JDhWYdD,Boat Party,['Haircut 100'],229000,1982,False,,0.584,0.675,0.363,0.924,128.92700000000002
7fRd56fckbTuCFfnpTAKpq,Ski Club,['Haircut 100'],214933,1982,False,,0.695,0.732,0.228,0.9109999999999999,124.522
2wJTptfOzmipfEXZB1lk8N,"Nobody's Fool - 12"" Version",['Haircut 100'],295800,1982,False,,0.54,0.728,0.0165,0.66,136.907
4c5zxUwZ95hcVuMUfx0umH,October Is Orange (Day 1 & 2),['Haircut 100'],256200,1982,False,,0.402,0.523,0.147,0.501,143.651
10bSuiGbP9uKN7JM1OeBtT,"Favourite Shirts (Boy Meets Girl) - 12"" Version",['Haircut 100'],429693,1982,False,,0.46399999999999997,0.672,0.0244,0.72,140.126
3PmurJTFXcdKPijY7fO5BS,Bump,['100th Monkey'],199053,2003,False,,0.419,0.809,0.14400000000000002,0.741,188.578
1VWmqDEsYSBFrTNzfOavCQ,Ain't Quite the Hills,['100th Monkey'],173947,2003,False,,0.8009999999999999,0.841,0.20600000000000002,0.88,96.50399999999999
0x25VgiuoXaYmbhIgZWAWW,War,['100th Monkey'],197653,2003,False,,0.754,0.851,0.242,0.9179999999999999,95.23200000000001
6sFcPOBO1D4fQOZproA7At,Fields of Grass,['100th Monkey'],22267,2003,False,,0.677,0.483,0.564,0.33899999999999997,60.045
4LxWDu4KVWrHgiWMaYEfo8,Wanna Get You High,['100th Monkey'],227480,2003,False,,0.682,0.778,0.303,0.825,90.845
15VjvsmqbsS5MElPj27R2u,Looking At My World,['100th Monkey'],170480,2003,False,,0.637,0.935,0.24100000000000002,0.657,93.35799999999999
0KqwDPWNGyAFgwuGSQC80f,Help Me,['100th Monkey'],208467,2003,False,,0.44799999999999995,0.7979999999999999,0.15,0.846,187.56900000000002
24FTBP4bGJ4hBDsW8aZbZZ,I Don't Know,['100th Monkey'],228773,2003,False,,0.696,0.82,0.41200000000000003,0.6990000000000001,102.47
0kfDEvNBQ9BdNQrLpGe77u,Damn It Feels Good,['100th Monkey'],230760,2003,False,,0.7959999999999999,0.73,0.14400000000000002,0.7709999999999999,82.036
5bkVWXLWj4WenGXWr9W3UQ,Lost City,['100th Monkey'],191373,2003,False,,0.805,0.93,0.222,0.8170000000000001,105.26700000000001
1B4BRQxb84CDEabW5S96uh,Can't Let Go,['100th Monkey'],234533,2003,False,,0.8,0.802,0.077,0.642,96.31299999999999
2ULNFH93dY0YdtWOt25EYG,Not Divine But Demonic,['100th Monkey'],178080,2003,False,,0.73,0.674,0.247,0.848,87.76
4WzDQBSatiOIxvUlTRWpCd,What They Believe,['100th Monkey'],282853,2003,False,,0.693,0.774,0.0368,0.8190000000000001,94.34299999999999
4qtFjf661fcrJHUwOCzTL4,What We Have Accomplished,['100th Monkey'],44573,2003,False,,0.499,0.42200000000000004,0.716,0.171,76.626
0FecFaUjzYF8DuFG4WsgSQ,Can't Ignore the Train,"['10,000 Maniacs']",164733,1985,False,,0.4920000000000001,0.7340000000000001,0.0193,0.762,165.392
3jgY7wA3MXRjxwecEoSXBA,Scorpio Rising,"['10,000 Maniacs']",194213,1985,False,,0.381,0.9329999999999999,0.000332,0.568,148.42600000000004
5EfuGjgMg6vGRnl0xapOtP,Just as the Tide Was a Flowing,"['10,000 Maniacs']",138533,1985,False,,0.536,0.51,0.10300000000000001,0.67,131.287
2SII0gRb6310mlfnqAfcjD,Lilydale,"['10,000 Maniacs']",192933,1985,False,,0.583,0.447,0.0726,0.561,136.531
7IGlbgomhMlbwn0vo6h54Z,Back O' the Moon,"['10,000 Maniacs']",212373,1985,False,,0.599,0.621,0.0572,0.691,145.697
5hF2bw10W1XyuBtZ5iVhPI,Maddox Table,"['10,000 Maniacs']",199293,1985,False,,0.564,0.915,0.00366,0.862,148.947
0GkxIC1SXguDFXhJCz6uLM,The Colonial Wing,"['10,000 Maniacs']",245267,1985,False,,0.611,0.7020000000000001,0.00107,0.8109999999999999,94.0
069rbknMeBISwpviVuEzEz,Grey Victory,"['10,000 Maniacs']",187600,1985,False,,0.47,0.643,0.00228,0.4970000000000001,148.88299999999995
1UhKRWpBE4r5pvVHHpUk7n,Among the Americans,"['10,000 Maniacs']",187440,1985,False,,0.309,0.301,0.379,0.185,144.489
3GTmMe2qqB9WMaZ9WYXcLS,Everyone a Puzzle Lover,"['10,000 Maniacs']",197133,1985,False,,0.599,0.539,0.0008880000000000002,0.361,133.744
6wXJGIwbEmreCrC915rJZQ,Cotton Alley,"['10,000 Maniacs']",203000,1985,False,,0.516,0.456,0.0188,0.597,148.42
31b56sAtvGZyhfkXIM0OFC,Daktari,"['10,000 Maniacs']",269600,1985,False,,0.569,0.7170000000000001,8.72e-05,0.805,117.96
4OZwWaheuXW4dKwCFuxiYM,My Mother the War,"['10,000 Maniacs']",212320,1985,False,,0.39899999999999997,0.932,5.28e-05,0.633,173.097
7eid3k53UMhNLiNwqDEtbb,Tension Make a Tangle,"['10,000 Maniacs']",212600,1985,False,,0.523,0.537,0.209,0.534,135.654
1Yj0KuhqgRImnQ6rtwDEDm,Arbor Day,"['10,000 Maniacs']",137600,1985,False,,0.442,0.48100000000000004,0.105,0.6679999999999999,169.27200000000005
4y8HEY1yg4q2Em956gFr0c,"10,000 Hours",['Evidence'],171707,2018,False,,0.7170000000000001,0.85,0.063,0.805,86.988
5vY052czyP1kY7zvyPhAB9,Eat for Two,"['10,000 Maniacs']",211067,1989,False,,0.674,0.826,0.0861,0.679,142.87
7pCXIbBmyAV8sedE8nMnX5,Please Forgive Us,"['10,000 Maniacs']",204187,1989,False,,0.643,0.665,0.00815,0.8540000000000001,137.996
3psRPCnWxjLrbM9XpJOiG9,The Big Parade,"['10,000 Maniacs']",240933,1989,False,,0.605,0.555,0.16699999999999998,0.344,75.477
5nLhswlXx18vI65KkKKFgx,Trouble Me,"['10,000 Maniacs']",193560,1989,False,,0.861,0.385,0.154,0.494,117.913
4pG60hiM1nLvNlgkFfUb5r,You Happy Puppet,"['10,000 Maniacs']",217840,1989,False,,0.6729999999999999,0.784,0.0288,0.489,101.90700000000001
47PSSOzrgRffF5X2Hrk8DV,Headstrong,"['10,000 Maniacs']",256533,1989,False,,0.568,0.83,0.022000000000000002,0.518,118.76899999999999
73POJO45xwXFYJIJ4jocYT,Poison in the Well,"['10,000 Maniacs']",189160,1989,False,,0.611,0.902,0.0019100000000000002,0.695,147.703
4dUPGlPslDjTtUIbcyWbNH,Dust Bowl,"['10,000 Maniacs']",252373,1989,False,,0.688,0.128,0.7509999999999999,0.0943,116.00200000000001
34A8HVIhVxnS8OBhfbb17e,The Lion's Share,"['10,000 Maniacs']",183733,1989,False,,0.7120000000000001,0.6409999999999999,0.0354,0.7759999999999999,125.897
74nK3f3axywvR7YJLev2S9,Hateful Hate,"['10,000 Maniacs']",271267,1989,False,,0.532,0.645,0.064,0.26,130.82399999999998
20LmmpQZklJUr3HDVVg3jm,Jubilee,"['10,000 Maniacs']",367693,1989,False,,0.311,0.11900000000000001,0.784,0.285,89.01700000000002
3kYjUIsG6B2RhuQ4mw1EeW,Planned Obsolenscence,"['10,000 Maniacs']",267920,1990,False,,0.569,0.525,0.0126,0.261,139.718
2S3CeyhvPuaiLKpQjPaSdK,The Latin One,"['10,000 Maniacs']",179133,1990,False,,0.65,0.624,0.225,0.691,145.291
67aU5cXImlc9wkwlAXUHhU,Katrina's Fair,"['10,000 Maniacs']",177147,1990,False,,0.618,0.809,0.00213,0.703,165.188
6st9fEEtDCOuMDDhae7v8R,Poor De Chirico,"['10,000 Maniacs']",189280,1990,False,,0.664,0.6,0.0009,0.628,150.265
5UWTwizd17ewreIYHb8wm4,Grey Victory,"['10,000 Maniacs']",179160,1990,False,,0.503,0.767,0.00282,0.815,157.623
4Th8Is4eaCnHWINBDfXXqg,National Education Week,"['10,000 Maniacs']",167093,1990,False,,0.79,0.446,0.23600000000000002,0.6,131.418
5osfmgLZaR7qDB9cjRSmA2,Death of Manolete,"['10,000 Maniacs']",232867,1990,False,,0.39799999999999996,0.9179999999999999,0.00148,0.703,175.903
6NNZtpFbVZdw1LWEKXJpYj,Orange,"['10,000 Maniacs']",143107,1990,False,,0.27699999999999997,0.8420000000000001,0.0053,0.7879999999999999,168.639
4mH9ME4sz9FlFPL5TShNFy,Tension,"['10,000 Maniacs']",210760,1990,False,,0.565,0.7120000000000001,0.00126,0.45399999999999996,138.001
1kqZEKeqaF7s78KfX1uHRB,Anthem for a Doomed Youth,"['10,000 Maniacs']",168040,1990,False,,0.601,0.5710000000000001,0.165,0.474,75.658
0XMQziCKqlDRdQfe4KcI1k,Daktari,"['10,000 Maniacs']",250600,1990,False,,0.594,0.659,0.000244,0.871,118.238
25dQoLB0iJLqhUDDiyRkfa,Groove Dub,"['10,000 Maniacs']",198907,1990,False,,0.506,0.932,0.138,0.8959999999999999,172.78799999999995
02skKRdHmO3wlhQK1wZPt4,Pit Viper,"['10,000 Maniacs']",231360,1990,False,,0.688,0.636,0.00859,0.7170000000000001,118.68
4VabBcUZ1XfbtAmSidZL7y,My Mother the War,"['10,000 Maniacs']",210773,1990,False,,0.406,0.892,7.759999999999999e-05,0.745,173.426
5sAOQ4VMOy0xNi0pJ0yESY,Noah's Dove,"['10,000 Maniacs']",270533,1992,False,,0.635,0.652,0.214,0.59,110.301
786h4kDeZiX5nYvOwA3wtE,These Are Days,"['10,000 Maniacs']",219893,1992,False,,0.611,0.833,0.0218,0.7929999999999999,108.49799999999999
1uVh7EVeG43yHEEVftqIjn,Eden,"['10,000 Maniacs']",248573,1992,False,,0.561,0.695,0.34,0.165,129.007
5KqINh56tApMe4LDMfLwOp,Few and Far Between,"['10,000 Maniacs']",194373,1992,False,,0.614,0.9279999999999999,0.0081,0.878,133.629
3nwrqsBANwgM8Zk39rBghT,Stockton Gala Days,"['10,000 Maniacs']",259733,1992,False,,0.5760000000000001,0.743,0.0166,0.659,128.08700000000002
4sov9O7yC0WMdrh9Tj2Rfc,Gold Rush Brides,"['10,000 Maniacs']",203107,1992,False,,0.532,0.67,0.0689,0.509,103.889
14m8pNp8MCayJh6djT5Tfv,Jezebel,"['10,000 Maniacs']",241133,1992,False,,0.395,0.5329999999999999,0.316,0.405,133.347
53kHqQcM32N5SIr6dZXvhx,How You've Grown,"['10,000 Maniacs']",219400,1992,False,,0.275,0.33799999999999997,0.7929999999999999,0.158,74.543
32xXojNvbRTQ9qfb3mWR69,Candy Everybody Wants,"['10,000 Maniacs']",185960,1992,False,,0.622,0.8759999999999999,0.0193,0.867,104.97
3uw7a14MEUarAzaS1YHfM6,Tolerance,"['10,000 Maniacs']",253867,1992,False,,0.6,0.696,0.00464,0.499,128.213
3trGe2IOQk34ydpVRvGvd5,Circle Dream,"['10,000 Maniacs']",205907,1992,False,,0.563,0.551,0.0717,0.6970000000000001,100.072
6vpINmflBlDzZ4M1eZPLvy,If You Intend,"['10,000 Maniacs']",182467,1992,False,,0.5579999999999999,0.879,0.00656,0.8109999999999999,142.29399999999995
1qXAHNI7QBRQ7H3Eh7UJjJ,I'm Not the Man,"['10,000 Maniacs']",205267,1992,False,,0.616,0.41200000000000003,0.0623,0.40299999999999997,84.29899999999998
1ToVlpcnrblR8GPyNYYpdU,The Earth Pressed Flat,"['10,000 Maniacs']",251733,1999,False,,0.428,0.9390000000000001,0.0209,0.81,155.339
1E2ackAfOEVZ3YcLexI2Fv,Ellen,"['10,000 Maniacs']",207933,1999,False,,0.537,0.5870000000000001,0.254,0.496,113.042
2AzcUI8k5exT1fmMOkOAmr,Once a City,"['10,000 Maniacs']",262493,1999,False,,0.445,0.941,0.171,0.278,130.675
3pMrRtIBRkumoPBG2SUlvA,Glow,"['10,000 Maniacs']",151200,1999,False,,0.309,0.138,0.899,0.38799999999999996,100.28200000000001
01xEaokz1tkPZo0uwCEZAX,On & On (Mersey Song),"['10,000 Maniacs']",212240,1999,False,,0.414,0.846,0.0134,0.43799999999999994,141.386
70R0uTJUfN9fZyrnvg7X6y,Somebody's Heaven,"['10,000 Maniacs']",281267,1999,False,,0.258,0.638,0.0002,0.319,71.196
70OLrCvuupQorwr4oa760o,Cabaret,"['10,000 Maniacs']",182933,1999,False,,0.451,0.8029999999999999,0.00419,0.433,150.064
5n9kzYhYckGTjCrhUNyfZL,Beyond the Blue,"['10,000 Maniacs']",197693,1999,False,,0.456,0.528,0.0124,0.645,144.21
4GqFVavocdD8YfK14Kmihz,Smallest Step,"['10,000 Maniacs']",212973,1999,False,,0.302,0.7170000000000001,0.295,0.365,172.77200000000005
3zTLJ2cssE7JiRs2eMJCxH,In the Quiet Morning,"['10,000 Maniacs']",173533,1999,False,,0.38,0.684,0.07400000000000001,0.8540000000000001,151.048
72Dv3PUJkx0euGiQxHP4XU,Time Turns,"['10,000 Maniacs']",229533,1999,False,,0.44299999999999995,0.24600000000000002,0.435,0.331,69.877
1EHnVqwNy6hOhuEwIFrcVN,Hidden in My Heart,"['10,000 Maniacs']",258893,1999,False,,0.473,0.773,0.0588,0.441,139.235
0o0GjGBZarwihzgIOxCuOz,Who Knows Where the Time Goes?,"['10,000 Maniacs']",400027,1999,False,,0.455,0.0068200000000000005,0.0371,0.963,78.122
1JQ8jLuLYMxYmitNQMLRY7,Rainbows,"['10,000 Maniacs']",316507,1999,False,,0.457,0.34700000000000003,0.38299999999999995,0.14400000000000002,87.06200000000004
0hfYbyyO1khYOI5vHB1elQ,Planned Obsolenscence,"['10,000 Maniacs']",267920,2004,False,,0.569,0.525,0.0126,0.261,139.718
31kKjZmgIkO4sIshCSQNLC,My Mother the War,"['10,000 Maniacs']",212320,2004,False,,0.39899999999999997,0.932,5.28e-05,0.633,173.097
5v10IqyZ0F4WNl3GOrgb2P,Tension,"['10,000 Maniacs']",210760,2004,False,,0.565,0.7120000000000001,0.00126,0.45399999999999996,138.001
4O7oDlAYH9r8x6pf56sose,Scorpio Rising,"['10,000 Maniacs']",194213,2004,False,,0.381,0.9329999999999999,0.000332,0.568,148.42600000000004
07LWVfRdYDUBF0fV7Ue3aQ,Like the Weather,"['10,000 Maniacs']",236947,2004,False,,0.7909999999999999,0.7190000000000001,0.142,0.9590000000000001,133.309
5zYwI5G2WjNEri1iUqcjpo,Don't Talk,"['10,000 Maniacs']",304853,2004,False,,0.507,0.733,0.000152,0.7390000000000001,132.938
0GvyPhhDCZYgoZjlk5HKyX,What's the Matter Here?,"['10,000 Maniacs']",291173,2004,False,,0.593,0.816,0.00449,0.519,99.978
64Nw1SYE9PgTg7EiRYYKJn,Hey Jack Kerouac,"['10,000 Maniacs']",206240,2004,False,,0.632,0.7390000000000001,0.006520000000000001,0.522,131.998
58BRklqzFiJLit1FBlFSVi,Verdi Cries,"['10,000 Maniacs']",264520,2004,False,,0.392,0.165,0.938,0.20199999999999999,109.993
7be6bOwJVPpNuBNrZ5jbwk,Trouble Me,"['10,000 Maniacs']",193560,2004,False,,0.861,0.385,0.154,0.494,117.913
3a99CNuIhunN6wYbNp15Rw,Poison in the Well,"['10,000 Maniacs']",189160,2004,False,,0.611,0.902,0.0019100000000000002,0.695,147.703
3o1MAtaLtcFoSzBmJ6TvKp,You Happy Puppet,"['10,000 Maniacs']",217840,2004,False,,0.6729999999999999,0.784,0.0288,0.489,101.90700000000001
4dmDmSLIPuNG3RFggtE2QP,Eat for Two,"['10,000 Maniacs']",211067,2004,False,,0.674,0.826,0.0861,0.679,142.87
5Ly0iPdWCmrkLHMoM7dIya,Stockton Gala Days,"['10,000 Maniacs']",261307,2004,False,,0.581,0.735,0.0335,0.65,128.102
461BGlDQZt8zWIdK1QmXjd,Candy Everybody Wants,"['10,000 Maniacs']",187667,2004,False,,0.64,0.8540000000000001,0.0122,0.8290000000000001,104.98100000000001
5atXogTMdrnYisxvcasa5a,These Are Days,"['10,000 Maniacs']",221053,2004,False,,0.621,0.8190000000000001,0.0326,0.715,108.477
1YONw8g5ynTxQ2wFDrEeAw,Because the Night - MTV Unplugged Version; Live,"['10,000 Maniacs']",224653,2004,False,,0.429,0.7440000000000001,0.21100000000000002,0.32299999999999995,122.406
21YVIGY4gwQhct6LFsAHIj,Poppy Selling Man,"['10,000 Maniacs']",212987,2004,False,,0.424,0.5429999999999999,0.622,0.4970000000000001,137.556
5QSkBFbrscAiUomMEQtVDP,Can't Ignore The Train - Demo,"['10,000 Maniacs']",170800,2004,False,,0.478,0.762,0.0416,0.713,159.471
1w55KYUy9raksnb56nvScq,Peace Train,"['10,000 Maniacs']",208200,2004,False,,0.6659999999999999,0.6829999999999999,0.0652,0.826,155.371
1nsREeeJLTA8cPNQkm3v8P,Wildwood Flower,"['10,000 Maniacs']",112107,2004,False,,0.7140000000000001,0.821,0.203,0.9740000000000001,124.495
1349d7abP24sSNBsnwkwsd,Hello in There,"['10,000 Maniacs']",264413,2004,False,,0.643,0.677,0.00135,0.845,132.629
5e4AzYhsqefoINOnqChSK1,To Sir with Love,"['10,000 Maniacs']",255667,2004,False,,0.424,0.6970000000000001,0.111,0.342,100.61399999999999
2u1KaMCsw34oiBcOQ5Z69p,Eveyday Is Like Sunday,"['10,000 Maniacs']",192173,2004,False,,0.595,0.7290000000000001,0.0127,0.621,125.98200000000001
2TmryD1VT2QbaBXuyFQ3tA,These Days,"['10,000 Maniacs']",208027,2004,False,,0.503,0.489,0.11800000000000001,0.359,79.128
0SdnsSjDsPk56n892P6ZAl,I Hope I Don't Fall in Love with You,"['10,000 Maniacs']",219227,2004,False,,0.498,0.319,0.254,0.32799999999999996,81.58800000000002
5wfd0Uu6qP19vCCTn5le2e,Starman,"['10,000 Maniacs']",251613,2004,False,,0.56,0.561,0.24600000000000002,0.847,98.391
66Ahq0KmYil8OCiEOkndyr,Let the Mystery Be,"['10,000 Maniacs']",188200,2004,False,,0.552,0.586,0.374,0.825,140.778
79tP12kQiCFMhYtf5X6UDh,Noah's Dove - Demo Version,"['10,000 Maniacs']",252040,2004,False,,0.586,0.47,0.382,0.27899999999999997,110.155
0DeU6RgEqgt4bDisdFlSAp,Circle Dream,"['10,000 Maniacs']",203800,2004,False,,0.55,0.48700000000000004,0.033,0.5660000000000001,102.749
1318STXUG7FcsEXsyo6XCN,Eden,"['10,000 Maniacs']",213427,2004,False,,0.5770000000000001,0.53,0.525,0.321,132.889
7EyoZ6V8uj8CNuACgoRHxK,For the Night,['12 Stones'],205618,2012,False,,0.391,0.937,0.00137,0.284,160.07399999999996
2dPsWiOPh2G4rF83cjKPh0,The One Thing,['12 Stones'],200460,2012,False,,0.519,0.915,0.00317,0.715,106.934
7ynD83N4BixgBaqiqEzwXM,Infected - Instrumental,['12 Stones'],219609,2013,False,,0.42,0.9690000000000001,5.1e-05,0.43799999999999994,180.08700000000005
1BHLHkgvAd3nhNaxoPusWS,Bulletproof - Instrumental,['12 Stones'],185050,2013,False,,0.498,0.755,0.000101,0.626,151.013
0h7RYfpHKfrbrrRDhWG5PE,For Tthe Night - Instrumental,['12 Stones'],204028,2013,False,,0.41600000000000004,0.8909999999999999,0.000221,0.27399999999999997,159.971
1STeJHuz2XkgBSFd25Twzq,Worlds Collide - Instrumental,['12 Stones'],227881,2013,False,,0.48700000000000004,0.685,0.0015400000000000001,0.48100000000000004,122.02600000000001
0iIXNy5QwqnEzbd5ymox8s,That Changes Everything - Instrumental,['12 Stones'],252280,2013,False,,0.265,0.615,5.44e-05,0.284,184.84599999999998
6zsIRMuC5cIVNmATQayWgY,The One Thing - Instrumental,['12 Stones'],201593,2013,False,,0.474,0.799,2.95e-05,0.601,106.98700000000001
6WCH5O7xvLxsR7N6TOD5Ja,Blind - Instrumental,['12 Stones'],244685,2013,False,,0.499,0.816,0.0009109999999999999,0.395,130.007
48V1i3JcWkhKcwETVz5Y7M,I'm With You - Instrumental,['12 Stones'],178930,2013,False,,0.483,0.8140000000000001,0.00010400000000000001,0.589,92.525
2GIuJdLEUCTrhOm5yEk8If,Bury Me - Instrumental,['12 Stones'],247251,2013,False,,0.426,0.7120000000000001,0.000273,0.272,155.018
002W133Q1uiHMt9GVwXnW9,Psycho - Instrumental,['12 Stones'],193435,2013,False,,0.561,0.7070000000000001,0.000151,0.71,131.93200000000002
7jbTBfw2OBlXnmvBINgBmX,Only Human - Instrumental,['12 Stones'],218745,2013,False,,0.528,0.7909999999999999,0.00015,0.304,124.992
3Vm07pbLvQ3hBI3CNJnxTi,Someone Like You - Instrumental,['12 Stones'],175408,2013,False,,0.345,0.82,0.000181,0.6709999999999999,195.798
7N2NfxuVD4ubsCMUyRL5GZ,Shine On Me - Instrumental,['12 Stones'],259672,2013,False,,0.42,0.8109999999999999,4.6399999999999996e-05,0.157,144.017
02fiALJOvURTfzeXH2rUta,Pretty Poison - Instrumental,['12 Stones'],258680,2013,False,,0.39,0.823,7.63e-05,0.479,185.97799999999998
3G0EIZHazoxj7YCOoCE1v9,Psycho,['12 Stones'],193766,2012,False,,0.47100000000000003,0.955,0.000105,0.565,131.92700000000002
0k2t4TvlbTz4wuFmHIaGXF,I Don't Love You Too,"['10,000 Maniacs']",236733,2013,False,,0.5589999999999999,0.49,0.111,0.271,139.899
2yrJgRa5MJDkiIYVe7r7Ol,When We Walked On Clouds,"['10,000 Maniacs']",325960,2013,False,,0.324,0.517,0.7040000000000001,0.174,91.86399999999999
5clk96fuo0A1HKfZ32Cxv7,Gold,"['10,000 Maniacs']",211320,2013,False,,0.736,0.406,0.56,0.40399999999999997,119.90299999999999
3SY6PdyPuyCkjhan2vzN7Q,Triangles,"['10,000 Maniacs']",326120,2013,False,,0.619,0.7390000000000001,0.162,0.282,116.068
7wYXEtx0Jr2ltZYA3SSaeK,Live For The Time Of Your Life,"['10,000 Maniacs']",211267,2013,False,,0.579,0.439,0.5479999999999999,0.506,172.166
47w1yM5bKDZjSbxQa1N230,Whippoorwill,"['10,000 Maniacs']",237053,2013,False,,0.695,0.76,0.0202,0.475,113.98
1sM7y4BVwOIaclyHYqt2DT,It's A Beautiful Life,"['10,000 Maniacs']",272067,2013,False,,0.77,0.45299999999999996,0.0278,0.5720000000000001,75.96300000000002
3IDqdYEsVqcfu8gYhHGCTG,Fine Line,"['10,000 Maniacs']",233840,2013,False,,0.565,0.633,0.0664,0.49,111.08200000000001
4xQL1QQWRtpBDafOFB9nwc,Tiny Arrows,"['10,000 Maniacs']",382320,2013,False,,0.648,0.7390000000000001,0.0182,0.41100000000000003,111.93299999999999
4gznEMBkMXVLgQTufVha3v,Downhill,"['10,000 Maniacs']",228213,2013,False,,0.586,0.23199999999999998,0.7440000000000001,0.145,138.201
5V4Cdqa8dxwF2ENkTjvx75,Chautauqua Moon,"['10,000 Maniacs']",179053,2013,False,,0.248,0.11199999999999999,0.985,0.332,137.128
7ke50kbLiqtkJAMceZrlPu,Lady Mary Ramsey,"['10,000 Maniacs']",74160,2015,False,,0.386,0.361,0.987,0.96,178.49400000000003
7uyH2Sj2Z62NWfmGrpydWG,The Song of Wandering Aengus,"['10,000 Maniacs']",97907,2015,False,,0.55,0.249,0.738,0.185,101.977
0vmymHbP21zZ5thPkwjk8U,She Moved Through The Fair,"['10,000 Maniacs']",325493,2015,False,,0.542,0.624,0.313,0.495,120.681
3lFPok7uWujSNd3qxsSZX2,Dark Eyed Sailor,"['10,000 Maniacs']",279240,2015,False,,0.563,0.6829999999999999,0.245,0.498,112.61200000000001
3o105bExR9NGWRvUn2yg1Y,Misty Moisty Morning,"['10,000 Maniacs']",190867,2015,False,,0.613,0.763,0.289,0.5720000000000001,112.787
6h56ddFTDAuEDwPtDL7UA9,Bonny May,"['10,000 Maniacs']",297827,2015,False,,0.5770000000000001,0.47100000000000003,0.608,0.742,76.38600000000002
6C3StZN3Lq50XSrieFngoU,Canadee-I-O,"['10,000 Maniacs']",311640,2015,False,,0.588,0.688,0.00948,0.67,118.22399999999999
3Lih3z2B7iedFO1d799m6O,Do You Love an Apple?,"['10,000 Maniacs']",187453,2015,False,,0.337,0.475,0.102,0.483,174.938
3b79WzdFIgPfTsEJJojmzx,Greenwood Sidey,"['10,000 Maniacs']",144840,2015,False,,0.445,0.256,0.917,0.511,97.655
47yUaHVrjArDXysXYCl7n5,Carrickfergus,"['10,000 Maniacs']",282293,2015,False,,0.57,0.529,0.555,0.4270000000000001,116.639
3qADUbWBFTzoRqtaAaizLg,Death of Queen Jane,"['10,000 Maniacs']",276907,2015,False,,0.28800000000000003,0.21,0.9490000000000001,0.387,92.346
6XnGtNbC4ib8EOonKR6UVR,Wild Mountain Thyme,"['10,000 Maniacs']",222547,2015,False,,0.396,0.331,0.7659999999999999,0.134,136.509
4BX7gNwQBey5goTBKwXFZk,Marie's Wedding,"['10,000 Maniacs']",249893,2015,False,,0.53,0.685,0.379,0.887,110.686
0FhiBjtWaKlYASX5HcBx5m,Lady Mary Ramsay II,"['10,000 Maniacs']",121733,2015,False,,0.21899999999999997,0.113,0.991,0.34600000000000003,140.351
0APpBTlrKNwENjrMRjMEfn,10 Years,['Sarah Severson'],320933,2002,False,,0.585,0.5539999999999999,0.0671,0.625,168.271
2WufeH69jUKHYdGZOzWOiO,100 Dollar Heat,['R. Ring'],161200,2017,False,,0.415,0.41600000000000004,0.3,0.0743,113.78
1p8oANzu6ox7CknutKQ7gk,100 Years - Live at House of Blues,['Five For Fighting'],355667,2007,False,,0.379,0.816,0.823,0.446,122.007
475iNi1Oli2zMFajAOIYuX,1984,['Sadistik'],237907,2014,False,,0.7929999999999999,0.5660000000000001,0.0163,0.324,132.108
7EILRtCXs05WwDg58G6UCf,1234,['Nateybeats'],272970,2017,False,,0.495,0.415,0.54,0.29600000000000004,159.563
1lOA4JJFhLwEZwoi7xf9Ee,122 Hours of Fear,['ADULT.'],217345,2012,False,,0.496,0.903,0.0304,0.7390000000000001,185.916
3vVv12FHuMlGgTQ0MnNJpM,1991 1997 2012,['Stencil'],317973,2007,False,,0.591,0.579,0.0979,0.29,140.028
2rc0o4gRC4ssz0DoBV0ZMX,Colosses of Egypt,['12 Followers/Meteo Xavier'],242030,2011,False,,0.41700000000000004,0.8690000000000001,0.157,0.184,151.064
3q0pqGMnxUKORtfyrCuDKx,1 of 1,['Tyga'],204127,2017,True,,0.5820000000000001,0.526,0.28,0.6940000000000001,146.841
11YBvza5jLFgBIiAb5pQT4,Thundergun,['1UP'],277714,2012,False,,0.525,0.84,4.98e-05,0.0563,140.0
4o6lC5JlNxzjbW2mZUlpx8,Thundergun - Apashe Remix,"['1UP', 'Apashe']",276706,2012,False,,0.499,0.948,0.00146,0.253,170.05700000000004
5nxBoj8KabR4L8c1ycTBAz,Thundergun - Bassex Remix,"['1UP', 'Bassex']",334687,2012,False,,0.737,0.922,0.00237,0.264,128.054
4RrODbbjeossDT0qH94nCQ,Whip-It,['1UP'],271908,2013,False,,0.44799999999999995,0.91,2.49e-05,0.498,172.981
73aLFMrJu7YX7IMaNlo8Ln,100 Bags,['Stormzy'],217664,2017,True,,0.5579999999999999,0.456,0.6990000000000001,0.701,119.986
7xIi7c6VknRSOXZWCnlwlK,1000 to 1,['Gloritone'],258800,2001,False,,0.434,0.631,0.18600000000000005,0.16399999999999998,100.009
4LpZXbV7zoQSQzonHrXk88,#1,['Madison'],204960,2011,False,,0.5820000000000001,0.7240000000000001,0.0416,0.58,127.052
2lWJ1YbPoWhDlPBeDd70JY,100 Years,['Vagabon'],128841,2017,False,,0.3,0.81,0.00958,0.4920000000000001,163.464
3ZFqvZL7Zz0bJDy2RJv5o5,11 PM (Animal Crossing: New Leaf),['ThunderScott'],211000,2014,False,,0.6759999999999999,0.469,0.00365,0.45399999999999996,88.13799999999998
0j5x1DyuUKjQC40qh8xS4w,dog food,['100 gecs'],197000,2017,False,,0.5579999999999999,0.406,0.138,0.141,169.014
475TKIlqjg2wLDTNgebVt7,gum,['100 gecs'],163547,2017,False,,0.636,0.58,0.063,0.262,150.507
1j581GCDFQ9P8xd6fyjgLt,bloodstains,['100 gecs'],129015,2017,False,,0.547,0.39799999999999996,0.182,0.406,87.37299999999998
5dJjpT4Z6ozSfzN0r1FdGP,fuck Teeth,['100 gecs'],187998,2017,False,,0.92,0.455,0.24,0.648,119.985
6IBVwpcF5HkRgk2MNc2HIM,25 bands and a geccco,['100 gecs'],124688,2017,False,,0.735,0.555,0.513,0.637,155.85299999999995
1nC3J0vU5yV86pQdjzOj9n,1 More Mile,['MEMBA'],191419,2019,False,,0.45799999999999996,0.69,0.0476,0.0948,144.013
17v5nPdsXKjjceGIPK8p7f,Happy As Can Be,['11 Acorn Lane'],174444,2010,False,,0.8320000000000001,0.6859999999999999,0.0863,0.55,120.005
19leUq71J9G5GTQ8e5MxqB,The Party,['11 Acorn Lane'],256062,2010,False,,0.747,0.748,0.0991,0.7809999999999999,97.985
5nnpj5o4HP3bQdpHfmKJDm,Two Little Dreamers,['11 Acorn Lane'],196773,2010,False,,0.335,0.284,0.915,0.0634,120.00399999999999
3eL0dhFrfn8MCbf3RCYZ95,Too Hot,['11 Acorn Lane'],186890,2010,False,,0.847,0.7879999999999999,0.488,0.8759999999999999,110.02600000000001
77kRfCmJeffuPeCvGVnILt,My Superstar,['11 Acorn Lane'],181472,2010,False,,0.632,0.9059999999999999,0.0464,0.968,123.97200000000001
66m5tTdEPaCZP3kXL6fR1l,They're At It Again,['11 Acorn Lane'],145848,2010,False,,0.76,0.44299999999999995,0.963,0.934,144.849
3IwGbyQdDoxF1KctsiErmb,Grandmother's Little Secret,['11 Acorn Lane'],253207,2010,False,,0.765,0.645,0.527,0.38799999999999996,113.969
1y6yDS03eaglOc9EXOVS23,I Want To Be Your Friend,['11 Acorn Lane'],194598,2010,False,,0.848,0.807,0.493,0.857,120.035
49oXpJsCIk63zaK8CJUvTf,Comin' Home Baby,['11 Acorn Lane'],159169,2010,False,,0.657,0.948,0.214,0.965,149.958
1PtGQ08HdpGGRFt6GUjfJt,Spend My Time With You,['11 Acorn Lane'],128143,2010,False,,0.47200000000000003,0.526,0.57,0.6920000000000001,200.03099999999998
5AKTk1PdIft5sx5mNpekqA,Yes,['11 Acorn Lane'],219127,2010,False,,0.7759999999999999,0.509,0.2,0.21,119.976
0YkXfvkieZfqYl9u8VATDN,The Return Of The Devious Thought,['11 Acorn Lane'],156960,2010,False,,0.87,0.196,0.981,0.456,100.041
0DGqeP4pmNX0cuxDrFWOD4,160 Bpm,['Papanosh'],214547,2017,False,,0.337,0.355,0.674,0.182,179.101
76PuCqlyhFWXFc2Etnxxa5,1 2 Reminder,['B Boys'],134727,2017,False,,0.642,0.561,0.00643,0.895,118.79799999999999
0K8wt7Csus2cvYX2ugujNW,"Maybe, Probably",['1 Uppers'],199453,2012,False,,0.6990000000000001,0.489,0.501,0.9009999999999999,95.501
2zdiyEWUbFSeDfAkIcBcEi,Punch It In,['1 Uppers'],235947,2012,False,,0.6920000000000001,0.479,0.483,0.736,122.72
1QoXFbVDvc6rdWNDyWBIpY,Ophelia,['1 Uppers'],285640,2012,False,,0.39799999999999996,0.52,0.586,0.5489999999999999,180.55599999999998
43tDhhoUNZXvqJqiyFhT9r,Cadillac Truck,['1 Uppers'],185347,2012,True,,0.451,0.787,0.469,0.9640000000000001,200.507
3f7R9VltHvFvmwS3z96XrY,Fallback,['1 Uppers'],286520,2012,False,,0.505,0.461,0.715,0.433,110.15299999999999
1lz246BuMMtxgYPuAqhxyJ,How Soon Is Now?,['1 Uppers'],244693,2012,False,,0.52,0.865,0.18600000000000005,0.774,110.344
2YGJ6jGL8t6jgCmKiwfaK2,Path Not Taken,['1 Uppers'],261413,2012,False,,0.5720000000000001,0.35700000000000004,0.7070000000000001,0.264,83.88799999999998
5zsitmZmumcLqoSU7I98tF,The Rest,['1 Uppers'],220013,2012,False,,0.414,0.951,0.239,0.7,188.357
2mIIiBAefMeP6QpYlVE8Km,Silver Drawer,['1 Uppers'],225747,2012,False,,0.607,0.628,0.6579999999999999,0.879,136.651
3xoksQfkIXuasrYPUxhMZz,Your New Friends,['1 Uppers'],200240,2012,False,,0.508,0.73,0.324,0.9229999999999999,152.407
24gp2Y0exXrsMVLpisZG4Y,All Over,['1 Uppers'],252227,2012,False,,0.529,0.34700000000000003,0.513,0.198,83.65
04mHrTahRL8YApB3V8ESHk,Halfway Home,['1 Uppers'],194600,2012,False,,0.6709999999999999,0.62,0.696,0.89,95.06
0VAqupSaPF4Jfq5PwcQ3xw,In Joke,['1 Uppers'],238707,2012,False,,0.562,0.48700000000000004,0.6779999999999999,0.439,88.25299999999999
29AVJ7nezU98Kjlq41K6JC,1000 Suns,['Murs'],198120,2017,True,,0.732,0.489,0.0562,0.573,91.001
01DVMRkCuw8TD8C6TlVsnF,1000 y 984,['Inoreneroni'],348678,2016,False,,0.384,0.9440000000000001,0.052000000000000005,0.446,101.01799999999999
2alUHtW8v4YgmN8ZcHdhBe,1337,['Macho.Man'],117525,2016,True,,0.546,0.585,0.0301,0.611,93.699
51vJcyssh39uNKdRCtACfk,Woman on the Bass (arr. for steelband),['Vat 19 Fonclaire'],520173,1991,False,,0.524,0.8320000000000001,0.10300000000000001,0.625,129.207
2sYqdAJpsNSPfKH6zbUyu6,Bubbles,['Mindshift-1'],476288,2013,False,,0.703,0.431,0.0774,0.0995,119.984
3KHIBr4ozRjJESUbF3cNnW,Ghostly Guitars,['Mindshift-1'],372344,2013,False,,0.537,0.826,0.105,0.0377,94.00299999999999
7IOTaMbp3cWYdROJEvzSeU,Snails and Shrooms,['Mindshift-1'],450033,2013,False,,0.45,0.977,0.0142,0.927,115.885
4121NMd5aMS0ngKrfakZq3,Twisted,['Mindshift-1'],406041,2013,False,,0.462,0.955,5.07e-05,0.95,116.023
002CkTMktwkCogBapHtwrI,Morningstar Requiem,['Mindshift-1'],435065,2013,False,,0.506,0.621,0.244,0.135,93.95700000000001
6VKctneThkhmai9fxVQSQU,Wish,['Mindshift-1'],401660,2013,False,,0.48700000000000004,0.8590000000000001,0.00201,0.45,119.98
66ivxea6ogNl0qmnQWFhP8,Senses,['Mindshift-1'],347665,2013,False,,0.7659999999999999,0.539,0.00686,0.804,116.985
5Wj6MrbdyCcxJjc5y4GJOS,The Breaks,['Mindshift-1'],355697,2013,False,,0.478,0.9670000000000001,0.00041799999999999997,0.381,119.947
5VuSFnCVtEGgjakoGBESdO,Theme Reprise,['Mindshift-1'],452040,2013,False,,0.445,0.934,0.0243,0.09,110.01
3rCbsmvXPb25SCSx7OCMIm,Arc,['Mindshift-1'],429671,2015,False,,0.662,0.7490000000000001,0.00048300000000000003,0.312,119.971
5TrOI3fHc62W7t8mLlkYRl,The Beginning of the End,['Mindshift-1'],496093,2015,False,,0.183,0.898,0.000621,0.391,144.981
14Sb6YC9zodRFc4P0g5QTm,How Sweet,['Mindshift-1'],390190,2015,False,,0.151,0.963,0.000714,0.29100000000000004,172.868
2T0utVen6T5AGGUnj3tKSd,Inspiration,['Mindshift-1'],494048,2015,False,,0.48100000000000004,0.8029999999999999,0.0038299999999999996,0.42100000000000004,124.029
1qIhBgM330dAmXboClCVuv,Gift,['Mindshift-1'],567000,2015,False,,0.40399999999999997,0.8420000000000001,0.0233,0.281,120.006
43WJYc2yhsLrdieDicSf1z,Out in the Front Yard,['Mindshift-1'],472520,2015,False,,0.451,0.826,0.000371,0.0765,137.974
3UY5S3ModiCqve40D52YDp,Same Dress,['Mindshift-1'],339294,2015,False,,0.604,0.725,0.008620000000000001,0.278,115.99600000000001
0ohyf1mhP0DO7176KDg5JO,Sequence,['Mindshift-1'],437290,2015,False,,0.599,0.679,0.0019199999999999998,0.29600000000000004,115.986
11X3G0yHlKHjJIwAt7aZIQ,Swim Away Another Day,['Mindshift-1'],317460,2015,False,,0.4320000000000001,0.6679999999999999,0.000525,0.275,112.04700000000001
3gHfFDhw1FftUq4l5rZCV6,Theme,['Mindshift-1'],214680,2015,False,,0.413,0.794,0.0269,0.153,95.068
4wMXAiRnLuu1J2fNb0Gttr,Unfinished,['Mindshift-1'],356000,2015,False,,0.371,0.865,0.00428,0.369,135.711
3ym3ULTLaQwYzY5ZOjecyO,Untitled,['Mindshift-1'],348964,2015,False,,0.4320000000000001,0.705,0.000147,0.10800000000000001,137.988
52YavME3fozr1n3BJKea69,Waltzing Light,['Mindshift-1'],441848,2015,False,,0.489,0.853,6.61e-05,0.521,119.98899999999999
5PRFTE0jhoXnxUKvclae6A,The Abstract,['Mindshift-1'],431447,2015,False,,0.664,0.575,0.000309,0.14,123.999
6W58HSv9iekEDMnfIU9Iwm,Same Dress (Revisited),['Mindshift-1'],302724,2015,False,,0.606,0.496,0.0008529999999999999,0.292,115.97399999999999
4RWcNnHx7sVtN9ILlut2Sq,The Apartment,['Mindshift-1'],319079,2015,False,,0.498,0.833,5.600000000000001e-05,0.252,135.988
28QNgBUs9qkwfFHX7xZFHj,Pan's Walk,['Mindshift-1'],259864,2015,False,,0.547,0.7040000000000001,0.0060799999999999995,0.0404,93.98100000000001
0sdwJz3hxcxprEhF5IZAjB,Synthetic Emotions,['Mindshift-1'],250189,2015,False,,0.4370000000000001,0.588,3.43e-05,0.0556,102.016
0sUQZehf041kZTsCRYTKjq,Morningstar Requiem (Revisited),['Mindshift-1'],416277,2015,False,,0.434,0.557,0.0072900000000000005,0.10300000000000001,93.984
4oUNvdGNv0chiSL9cjv0uf,Soul Shaker,['Mindshift-1'],227216,2015,False,,0.5529999999999999,0.518,5.28e-05,0.872,144.977
6XejLiioJpwue4XDTBrxJH,Untitled (Revisited),['Mindshift-1'],261048,2015,False,,0.509,0.713,0.0123,0.401,138.472
6AOuUT3NdlvlzjlK0fEpYs,Sway,['Mindshift-1'],301058,2015,False,,0.63,0.5589999999999999,0.00126,0.716,119.98
0GRm5jLf2bddSbopEGuNGb,Wish (Revisited),['Mindshift-1'],340911,2015,False,,0.49,0.687,0.00658,0.413,119.978
6yUf96Om7mtgppbx5J5knV,The Choice,['Mindshift-1'],334261,2015,False,,0.483,0.66,0.000356,0.113,114.98
0aOkmHnKVkAbpfasRn2ChO,Your Reflections,['Mindshift-1'],333062,2015,False,,0.45299999999999996,0.669,0.0193,0.331,114.992
3Ov0xU3nOz9F3CeGl5zG4K,Inside This Neon Glow,['Mindshift-1'],251727,2015,False,,0.43799999999999994,0.4320000000000001,4.84e-05,0.268,93.854
3xLupSNM1bPBMZulYKalAm,Starfall,['Mindshift-1'],428471,2015,False,,0.20800000000000002,0.555,0.00823,0.0363,139.862
6PiqWgBOi8ShHZEdhYuxMr,On Your Level,['Mindshift-1'],374639,2015,False,,0.45,0.66,3.71e-05,0.0918,95.01700000000001
1rfHfeGktXNexzjjU2tTQE,Sparks,['Mindshift-1'],306803,2015,False,,0.552,0.648,0.0029,0.11699999999999999,115.992
3uPAZnXSwvS305dgqRWCf3,The Eye of the Storm (Album Version),['Mindshift-1'],390760,2015,False,,0.38299999999999995,0.77,0.0012,0.248,182.025
1IuUfCU8pHhVkWvYo8ZvJO,Catch Me,['Mindshift-1'],286852,2017,False,,0.6609999999999999,0.95,0.000273,0.35100000000000003,112.014
4qZ5BiVg3HTKybVu53aAF8,Mold-a-Rama,['Mindshift-1'],400000,2017,False,,0.498,0.9390000000000001,0.22,0.215,110.021
0Fz2XSqspiZADnue5IAycg,Flamethrown Hearts,['Mindshift-1'],395243,2017,False,,0.506,0.935,2.46e-06,0.069,124.006
5FroXXH4ubRP6Q537G8NSF,Glimmer of Dawn,['Mindshift-1'],428496,2017,False,,0.507,0.7190000000000001,4.05e-06,0.0761,123.995
1A2F1JMik8XSY3OtssIGRb,The Burned Days,"['Mindshift-1', 'Ritchard F. Napierkowski']",401812,2017,False,,0.455,0.857,0.00236,0.105,104.98700000000001
1sV3O1r0BiXumJaVcjUT76,Once,['Mindshift-1'],313899,2017,False,,0.278,0.669,2.76e-06,0.0369,180.043
79nIiPwGqMBW5EDzIkd8Uj,The Next Day,['Mindshift-1'],363926,2017,False,,0.48,0.523,3.15e-05,0.0389,104.98100000000001
1icjHgsxerznW1cAZTG9Z8,Apocalypse,['Mindshift-1'],467720,2017,False,,0.385,0.627,0.0013800000000000002,0.0362,93.98700000000001
5D9OfCHloUWNHfwp1eddzv,The Abyss,['Mindshift-1'],460528,2017,False,,0.348,0.8640000000000001,6.900000000000003e-06,0.0339,180.005
0nMi9jc74Rz23kCTJpwlV9,The Smokefilter,['Mindshift-1'],186218,2017,False,,0.44299999999999995,0.7390000000000001,0.00164,0.10300000000000001,94.96700000000001
3BiZBCSP6t7t4BCrEYuc6x,Enchanted,['Mindshift-1'],274808,2017,False,,0.488,0.95,0.0598,0.10400000000000001,112.014
2EQRpSGu32NZIC24c0cDRG,The Distance,['Mindshift-1'],320000,2017,False,,0.532,0.8859999999999999,0.000336,0.506,94.014
0Mw60mGUguarQZEcLQIgGq,The Darkness Inside,['Mindshift-1'],322448,2017,False,,0.526,0.645,0.00108,0.0366,93.992
6oMMk34RRKKY1tKXcwF6z1,Trippy,['Mindshift-1'],277888,2017,False,,0.7170000000000001,0.665,0.00035099999999999997,0.479,119.978
633T5spJUQtDjfKncusiXX,The Abstract-Lost Inside,['Mindshift-1'],525842,2017,False,,0.525,0.6809999999999999,0.00016999999999999999,0.115,120.00299999999999
5LpKxcby6uCb25XXuWniuh,Say Hello (Acoustic),['Mindshift-1'],222656,2017,False,,0.555,0.43,0.782,0.259,110.353
07KK1XOToikNz8UuKJXUjJ,Dark Beats,['Mindshift-1'],427340,2017,False,,0.473,0.643,1.04e-05,0.25,94.001
05HGDzrUUJvMvXQB3niYWw,Work It Tonite,['Spice 1'],239680,2004,True,,0.591,0.8340000000000001,0.00232,0.57,85.035
6lNwdEQ1wXyFBLoUvrXf4w,Cutthroat Game,['Spice 1'],250693,2004,True,,0.8740000000000001,0.634,0.0941,0.4920000000000001,93.5
1eKGDR09ziX7xPmgIAD6g3,Still Here,['Spice 1'],234027,2004,True,,0.621,0.843,0.0394,0.8190000000000001,103.971
4wfOqRibxAc1PWUzCOu5aA,Behind Closed Doors,['Spice 1'],237307,2004,True,,0.584,0.853,0.106,0.772,93.022
4oyBYoItSpzrRKqOGFebcp,Gangbang Music,"['Spice 1', 'Tha Eastsidaz']",247960,2004,True,,0.857,0.7,0.0444,0.773,96.01899999999999
04Q1ZiGaUItCCmU7ciz52g,Reckless Eyeballin,"['Spice 1', 'Tha Eastsidaz']",219507,2004,True,,0.8220000000000001,0.82,0.0244,0.8140000000000001,93.066
50uNJdZP04gxkMVvac6JDy,Nature To Ride,['Spice 1'],221547,2004,True,,0.725,0.768,0.188,0.575,93.98100000000001
1MzvN2ECZwcZwb4mvawJLt,Kizz My Azz,['Spice 1'],202773,2004,True,,0.76,0.765,0.16399999999999998,0.732,96.04899999999999
4JZzI0Q4WiCxbFM1cXRJKJ,Pimp Pizzle,"['Spice 1', 'Dru Down']",271773,2004,True,,0.843,0.757,0.0081,0.8290000000000001,99.965
6MwqPrnPTmccxDMblrPxs8,Cutthroat Game Pt. 2,['Spice 1'],233467,2004,True,,0.77,0.809,0.0294,0.613,97.012
4ES56oTs0zWgOtBgvxB9vp,Boomin Pistols,['Spice 1'],184373,2004,True,,0.616,0.797,0.44,0.9,94.556
6gWWgQF7erhi83JyTMrGF8,Thug World,"['Spice 1', 'Kurupt']",205707,2004,True,,0.757,0.693,0.124,0.609,96.167
4NziFwsvIEUjwY4o2U8P0Q,1 In A Million,['Spice 1'],199307,2004,True,,0.805,0.7979999999999999,0.297,0.836,92.524
2lhgmW5715lW3lTnnf1nLY,Behind Closed Doors Pt. 2,['Spice 1'],242667,2004,True,,0.883,0.649,0.00589,0.34600000000000003,89.12899999999998
6ZqLIIvuapsCB4QCLW8yZ0,I'm A Boss,['Spice 1'],231347,2004,True,,0.706,0.6990000000000001,0.0352,0.506,89.803
0jT7rA6vady4LltyyXd9N4,Pimp Pizzle - Bonus Track - Radio Mix,['Spice 1'],272493,2004,True,,0.853,0.564,0.00854,0.8809999999999999,99.95
6QxBE21VFYamJkrG1jE6Ab,10 Light Years Away,['Scorpions'],233973,1999,False,,0.5589999999999999,0.812,0.0325,0.743,170.571
2rsTWOm4MEFDTXCSrYiX5z,1880 or So,['Television'],428813,2007,False,,0.335,0.526,0.17,0.319,139.569
24Nk38jX20bt8YNUax8gQK,Reduced - Radio Edit,['100 mg'],176694,2019,False,,0.293,0.998,0.0317,0.18100000000000002,145.002
7szeLlErbtZMMivAt1JRCr,Inhalation - Radio Edit,['100 mg'],152732,2019,False,,0.317,0.973,0.005529999999999999,0.0517,143.019
6b8IdrlmaRqSKx1sUJTuVx,Connection - Radio Edit,['100 mg'],177108,2019,False,,0.18600000000000005,0.998,0.00566,0.0396,145.025
1JacbxglCF9ZfQO6nToHUm,The Resident - Radio Edit,['100 mg'],203086,2019,False,,0.455,0.995,0.000197,0.57,143.003
1ESpgp7uLDQHweqfWFF1K8,Skinny Pigs,"['12th Planet', 'Protohype', 'LUMBERJVCK']",217600,2016,False,,0.629,0.966,0.00135,0.147,75.002
4k3qArm2y9et7fLK6iUCLP,Hide It All - Original,"['12th Planet', 'Crichy Crich']",212069,2016,False,,0.38799999999999996,0.971,0.000195,0.135,145.116
0xTHy2nSvGQaIHh5JT3E4Q,Gully Squad,"['12th Planet', 'Virtual Riot', 'Twine']",218483,2016,False,,0.72,0.966,0.0028899999999999998,0.155,144.95
4Yog4fmOWvBVgBNCBi8yeJ,Stank Gum,"['12th Planet', 'LUMBERJVCK']",180800,2016,False,,0.603,0.9279999999999999,0.0116,0.581,75.172
5lajD1K7SqlKf3JiKDDmZQ,Let Me Help You - Original,"['12th Planet', 'Taylr Renee']",193548,2016,False,,0.465,0.983,0.000227,0.504,155.046
3ovVGR4fcnZHEe4uEcgK4s,Let Me Help You (Instrumental),['12th Planet'],193548,2016,False,,0.505,0.9890000000000001,0.00018999999999999998,0.183,155.047
60kVSdSGXCyEH02ix7HnJ1,Hide It All (Instrumental),['12th Planet'],211862,2016,False,,0.46399999999999997,0.956,7.53e-05,0.126,145.053
2ywKZghIoXGmRdgX9VRaYB,03:50 Am,"['Nativa', '16beats']",248000,2017,True,,0.649,0.504,0.6659999999999999,0.263,93.71
2HzSaUhd5I02wwlxgg78WA,100% Jesus,['Technolorgy'],216593,2019,False,,0.56,0.943,0.0018100000000000002,0.418,99.979
2TDzk2bWBzTSHOe8CZTHRg,Faithless Subject 13,['Subject 13'],411600,2006,False,,0.319,0.763,0.000167,0.361,114.479
6FB4znTlfNXP7aiRGaRiBV,Blackangels,['Subject 13 & Paradox'],417880,2006,False,,0.23600000000000002,0.8740000000000001,0.00243,0.261,85.587
4RhINLkG2Rau4Pefgv91Ra,Should I,['12 Gauge Shotie'],202133,2009,True,,0.825,0.677,0.0197,0.725,81.984
72zO1JBMGMDZ19j2NlhWKh,Dayz Like This,['12 Gauge Shotie'],217440,2009,True,,0.545,0.727,0.11599999999999999,0.517,84.911
150PsdLZjVU89xVnAAYgQL,Waggy,['blink-182'],174307,2017,False,,0.406,0.875,6.53e-06,0.45,144.384
1NXfGbxppUekGkvGMZ4Y3Z,100 Years,['Bagwis'],264613,2007,False,,0.33799999999999997,0.635,0.0389,0.634,174.543
4EfQMKRCwyyL467J0TRk7A,1000 Foot Face,['Mogwai'],271400,2017,False,,0.376,0.35700000000000004,0.723,0.0375,72.048
5U3z76HVF4JZ5cc7Xaem5v,1990 (Mil Nueve Noventa) - Remasterizado 2007,['Soda Stereo'],218747,1990,False,,0.5479999999999999,0.727,0.0112,0.7440000000000001,95.11200000000001
1pzJboOZaDNwshBnOlNh3a,1+1,['Beyoncé'],273880,2011,False,,0.303,0.384,0.381,0.261,63.345
7cpcFxexfT78L7ZPWjN5k4,.10,['Out Of Order'],158000,1996,False,,0.317,0.91,0.00993,0.68,101.387
0mVDtMEKaH1GUcWbR547PR,Trigger Happy,['16'],330413,1996,False,,0.33799999999999997,0.738,0.00221,0.0942,74.703
711kCbBI261Yt5adbDgN6T,Pump Fake,['16'],213533,1996,False,,0.374,0.69,0.0316,0.512,135.42700000000002
0EGFBSRQIJ2izQ71J2Y0fy,Tocohara,['16'],281293,1996,False,,0.34299999999999997,0.86,0.000655,0.45399999999999996,153.88
1G8LCGGvblt2H488zJ6Xyw,Sniper,['16'],256947,1996,False,,0.41700000000000004,0.812,0.11900000000000001,0.364,116.568
0STcOkdTPLrtL1cIqssZwY,Felecia,['16'],190627,1996,False,,0.344,0.723,0.000146,0.337,167.15400000000002
0K1plm4YP1MPt6pTVOaeb7,Fucked for Life,['16'],62120,1996,False,,0.355,0.722,3.2200000000000003e-05,0.132,136.757
5a4wN1f75PmprGlxXVwEwh,Bloody Knuckles,['16'],188213,1996,False,,0.253,0.856,1.5399999999999998e-05,0.527,140.138
3TAMRMkvv26mhGZUfXcJCT,Butterfly Labes,['16'],283720,1996,False,,0.374,0.857,0.133,0.177,126.87899999999999
292OgZSt21q639Zogvt4Hi,Seeds and Stems,['16'],296267,1996,False,,0.308,0.884,0.000795,0.7390000000000001,161.92700000000005
3n3eHbU06CTzH0E7IAr2Xk,16,['16'],233333,1996,False,,0.46,0.705,0.0105,0.376,137.836
167CEgRc4W949wlEPijgXp,冒険の書1-album ver.-,['Mahousyoujoninaritai'],249520,2017,False,,0.41100000000000003,0.966,0.00044699999999999997,0.29,105.021
5pPontjgdVvoDeFwvDO0wS,Heart of Silence,['Omid 16B'],496156,2015,False,,0.7929999999999999,0.585,0.00551,0.415,119.99
1G2XJpCqMRMeTJuODr6Som,101 Dreams,['Trip Theory'],241280,1994,False,,0.763,0.904,0.0755,0.45,101.00299999999999
0gZUtrhz5dbc8PvzEZbxVP,1 2 0,['Trip Theory'],386800,1994,False,,0.584,0.9670000000000001,0.00628,0.308,120.01799999999999
5m9jND1e1XCXdwLj9M5K2O,Thundergun,['1UP'],277714,2012,False,,0.525,0.84,4.98e-05,0.0563,140.0
0khILmAr5dEzJ7AAcSla0H,11 Casse,['Morglbl'],229053,2012,False,,0.433,0.514,0.0042,0.11699999999999999,119.81700000000001
4ra2kovzpL06Qut79D7kEJ,1913,['Kenoma'],508587,2006,False,,0.217,0.524,0.00155,0.19899999999999998,126.818
1kYwFlqW5MgZSfTBaaZhoR,1000,['ATL'],215510,2017,False,,0.732,0.708,0.47100000000000003,0.3720000000000001,97.943
3Rm3Mh2BHpbP0om1JDNoJs,"11 Almost 12 (feat. Steve Szymanski, Leslie Ziegler & Dusty Rider)",['Bella Betts'],173053,2013,False,,0.5429999999999999,0.32899999999999996,0.755,0.41700000000000004,121.589
2kYIS0CXQR01YAzKU9mWZk,100 Years (Live),['Five For Fighting'],237013,2017,False,,0.44799999999999995,0.41700000000000004,0.8590000000000001,0.301,127.64399999999999
4HaXDylRubQJ4WWoQ41VZu,100 Years - Rhapsody Original Version,['Five For Fighting'],238093,2007,False,,0.7240000000000001,0.315,0.6759999999999999,0.613,122.023
7FzkkLnMdZUWFg92mzcagu,12 lb.Tooth,['Dibiase'],140587,2011,True,,0.486,0.674,0.0102,0.884,74.999
1OBRManq4jcdh8MJA3Brjw,123,['Alkaline'],183475,2017,True,,0.569,0.9209999999999999,0.17300000000000001,0.583,171.045
2QMRJPYaGrol8eeOOR6Wpt,17 Reasons,['11/5'],310733,1998,True,,0.6579999999999999,0.7290000000000001,0.0143,0.68,183.989
2s8CjcwSEbB4cxUto37oyk,Rebel Muzik,['Odd-1'],146000,2010,False,,0.669,0.55,0.00364,0.235,82.061
6iHLPw4Izk9cRj7KBJtpVB,I Know and U Know,['Odd-1'],230387,2010,False,,0.629,0.84,0.0686,0.6509999999999999,148.745
6TLUyACSviGkP4Rk3uRTQY,Pop Tags (feat. T-Rock),['Odd-1'],259493,2010,False,,0.467,0.5710000000000001,0.0020800000000000003,0.271,178.19099999999997
3COkevF5eiX9yIJlxSiA0d,Grindaholic,['Odd-1'],219827,2010,False,,0.5329999999999999,0.619,0.000394,0.309,158.088
3DjMWeL0a6xev4xpyFyfLU,Like Odd,['Odd-1'],243893,2010,False,,0.735,0.604,0.00336,0.289,127.956
6GUvPiRJA0m5bDdLnDZQBc,Life's Terms,['Odd-1'],206773,2010,False,,0.541,0.557,0.0386,0.53,157.981
3xzVfN4tCwy2rJz19x4Hl0,This Rappin,['Odd-1'],234160,2010,False,,0.768,0.838,0.0972,0.722,165.003
5m8NcsxfQMiEMlv1E0VIX9,How We Ball,['Odd-1'],194053,2010,False,,0.667,0.856,0.0694,0.59,80.937
2R78tmQGTyHrqhF9611Ce7,Bachelor Life,['Odd-1'],241040,2010,False,,0.6509999999999999,0.6729999999999999,0.0686,0.711,155.981
4mxprpZ0gEuRickuG2FIsx,Insomnia (feat. T-Rock),['Odd-1'],209813,2010,False,,0.622,0.532,0.0367,0.519,156.054
3StvlmXCNKadpN6kMvNbZl,We Can Do Dat (feat. Scrilla Man),['Odd-1'],269920,2010,False,,0.765,0.5820000000000001,0.000951,0.40399999999999997,158.03799999999995
0vykZ8B3Bm0lL2P1VYplcu,Don't Be Deceived (feat. Red Knight),['Odd-1'],252853,2010,False,,0.758,0.488,0.032,0.446,167.97799999999995
5GBSbdYfZmeEnQ3wgKaHXc,Outro,['Odd-1'],94920,2010,False,,0.397,0.452,0.691,0.637,166.385
3yvndMIK3NgVIqz4L0fOHj,Intro,['Odd-1'],74815,2008,True,,0.5489999999999999,0.708,0.905,0.7440000000000001,122.565
0O2eTsjZCuEfuTETeVFqVG,Know Who U Fuckin Wit,['Odd-1'],265770,2008,True,,0.8270000000000001,0.521,0.0335,0.7829999999999999,87.01799999999999
5QX2zA5tHx9YLMnap4SzLU,A Rebel At Ya,['Odd-1'],214100,2008,True,,0.504,0.872,0.0233,0.496,119.696
3KZCw9kxdzaDFHCNR2Xepl,Goin Digital,['Odd-1'],223582,2008,True,,0.7909999999999999,0.795,0.0194,0.539,89.979
6cagaLRtJiL6kG2ln4O0vP,Yeen Heard Me (feat. T-Rock and Boss Minista),"['Odd-1', 'Boss Minista', 'T-Rock']",249548,2008,True,,0.636,0.7170000000000001,0.0742,0.449,81.984
2VC7HBzdR1dTfRC5q18BkN,Anythang Goes (feat. T-Rock),"['Odd-1', 'T-Rock']",248999,2008,True,,0.616,0.502,0.00465,0.239,166.15099999999995
4VzeU4vrQ4rCZyEwZFIu8n,Sugarcoated (feat. Red Knight),"['Odd-1', 'Red Knight']",274442,2008,True,,0.7140000000000001,0.494,0.5,0.579,136.386
3kXvCws86ymZJYHFzGVMJ3,Run Em Off,['Odd-1'],216163,2008,True,,0.8320000000000001,0.561,0.0289,0.562,156.026
7gtqXromb802DQ9Nazj4h9,Back 2 Work (feat. T-Rock and Area 51),"['Odd-1', 'Area 51', 'T-Rock']",285022,2008,True,,0.79,0.605,0.021,0.51,92.73299999999999
3R741VNHuJVKZrxgtr000u,Walk It How U Talk It,['Odd-1'],278282,2008,True,,0.7170000000000001,0.616,0.00321,0.617,86.25
6sVti9YYStT9VK9Zlmh4Ja,Hi And Trippin,['Odd-1'],208875,2008,True,,0.674,0.6859999999999999,0.0381,0.39299999999999996,89.022
4f09RWKinNvhU2G3tfsqcq,Gangsta Wit It (feat. T-Rock and Area 51),"['Odd-1', 'T-Rock', 'Area 51']",290351,2008,True,,0.7140000000000001,0.8059999999999999,0.00263,0.6779999999999999,146.007
4XlqxmK5SuvRtvzbP6PSqN,Watered Down,['Odd-1'],259422,2008,True,,0.696,0.4320000000000001,0.131,0.25,83.039
5raakZ5eYJUXBr4Zsl0ruW,"U Know What It Iz (feat. T-Rock, Red Knight and Puncho)","['Odd-1', 'Red Knight', 'Puncho', 'T-Rock']",232281,2008,True,,0.813,0.461,0.0436,0.23,84.98299999999998
4NfI7Bo0QzL9wxqBumOeNu,Clicked Up (feat. Rock Solid Royal Family and T-Rock),"['Odd-1', 'Rock Solid Royal Family', 'T-Rock']",324859,2008,True,,0.688,0.665,0.0481,0.423,150.03799999999995
3UgGx9RL1SJ4tTcnPw660r,1990 Awesome,['eleventyseven'],181660,2017,False,,0.667,0.71,0.00897,0.5479999999999999,108.007
7LbvJuwGHWoek5tNkQiJKW,池上197,['林生祥'],244360,2013,False,,0.792,0.218,0.899,0.737,116.98700000000001
5HpIeyH9BRfsHieiRt0iEe,12 Cats,['Paula Poundstone'],48893,2009,False,,0.622,0.6970000000000001,0.89,0.141,122.60799999999999
6vaTqmJBnTnqXf6gETvZnK,11: 11,['TALsounds'],194458,2017,False,,0.131,0.794,0.133,0.21899999999999997,79.652
3v9kYUEDGGPeZz4lY4weA8,"10,000 Hours",['Evidence'],171707,2018,True,,0.6940000000000001,0.85,0.0376,0.8190000000000001,87.694
3eU7V69E5ZZrsbX3XvBAVc,Riviera Rendezvous,['Ursula 1000'],299373,2011,False,,0.853,0.904,0.16,0.8909999999999999,125.916
1tgvzpnzWFd2MPBEmUFHKE,11/10,['Annabella'],259167,2017,False,,0.528,0.0705,0.7809999999999999,0.20800000000000002,142.463
0N8zvlUMfAy3Au9eqeT4wS,In My Neighborhood,['Spice 1'],222493,1992,True,,0.8109999999999999,0.48700000000000004,0.0106,0.649,88.965
0ntcI5JQGe3Yw52dgAIAmm,187 Proof,['Spice 1'],230467,1992,True,,0.927,0.392,0.027000000000000003,0.81,93.805
1JJzdKP7mB0kqlCxDv5NMe,East Bay Gangster (Reggae),['Spice 1'],271040,1992,False,,0.8390000000000001,0.524,0.00515,0.6679999999999999,170.94799999999995
6uebHkHwJP8aOrXdlPb0B6,Money Gone,['Spice 1'],226200,1992,False,,0.7709999999999999,0.525,0.0166,0.655,176.53099999999995
7Jv0JZb3ztniGWAd03J8gj,1-800-Spice,['Spice 1'],243573,1992,False,,0.8490000000000001,0.44799999999999995,0.000277,0.513,163.84
1YkzXsN6JuxYUvmgyisym9,Peace to My Nine,['Spice 1'],298533,1992,False,,0.9540000000000001,0.5489999999999999,0.011000000000000001,0.34299999999999997,101.135
57D6Dyd2GYFiyGZhwpAd0j,Young Nigga,['Spice 1'],300200,1992,True,,0.81,0.632,0.0327,0.42100000000000004,90.865
7KqCsGOyUOiwA59B3wgmnr,Welcome To the Ghetto,['Spice 1'],249640,1992,True,,0.872,0.413,0.00685,0.307,101.22399999999999
7drpO6TsuBu4c2yyGBD3mo,Fucked In the Game,['Spice 1'],243493,1992,True,,0.968,0.602,0.0113,0.617,105.193
44kokGzLkit0cLIlXAzuvB,Money or Murder,['Spice 1'],266400,1992,False,,0.8420000000000001,0.536,0.0007059999999999999,0.5529999999999999,166.05900000000003
0BQEb8Ekx4LvOblbA2UW17,City Streets,['Spice 1'],289467,1992,False,,0.857,0.446,0.00107,0.584,153.732
687ZpVp6nK3EyEpZLbNwQ3,1-900-Spice,['Spice 1'],93907,1992,False,,0.815,0.489,0.0036899999999999997,0.789,79.916
0UkAFXu1xpH5ja9VfpwxHb,Break Yourself,['Spice 1'],250307,1992,False,,0.929,0.47100000000000003,0.000762,0.48700000000000004,99.814
2M1lWEEqgOqEYTEwYLjz2P,187 Pure,['Spice 1'],218000,1992,True,,0.9309999999999999,0.597,0.0481,0.742,94.943
7Eq1YyYrk7hDrpUr4dB3YY,12h,['Golya Guzman'],188029,2018,True,,0.877,0.568,0.7170000000000001,0.564,89.969
6bf7QxIBflZ7TTpBMddlyX,1975,['Spoon'],99840,2007,False,,0.401,0.95,0.9470000000000001,0.23800000000000002,82.094
3Ly6UE62u71jkY2r7wTqNW,Lula Bye Bye,"['Daforce', 'Div 1']",196204,2017,False,,0.574,0.667,4.28e-05,0.27699999999999997,184.52
5vfh9AoKb76XanEmW4KgLc,Execution,['Shop 11 Phoenix'],189133,2001,False,,0.312,0.9940000000000001,0.000129,0.228,132.468
3qt4LJP2LPhLT9qoeKtbZz,Closer Than My...,['Shop 11 Phoenix'],133400,2001,False,,0.354,0.9670000000000001,0.00041900000000000016,0.696,133.29399999999998
1XyUGwJfyQR6IckVkN3XQa,I'm Sorry It's Ok,['Shop 11 Phoenix'],155493,2001,False,,0.379,0.953,0.00498,0.8540000000000001,166.465
7AynpVPTPNAHJ9eLMnJDBF,Belive Its True,['Shop 11 Phoenix'],105013,2001,False,,0.551,0.976,0.00307,0.242,109.324
3KhK0kNsXWhJ51gvnmiKdC,Ordinary Me,['Shop 11 Phoenix'],150947,2001,False,,0.366,0.9309999999999999,0.000384,0.902,113.355
5l3smIg4Sl4o7B15jVpteZ,Broken & Bruised,['Shop 11 Phoenix'],163240,2001,False,,0.389,0.943,0.0007160000000000001,0.677,111.713
5Fvpn2fgU8bYJrnN6zYO9G,Hollow Heart,['Shop 11 Phoenix'],162320,2001,False,,0.382,0.909,0.0028699999999999997,0.29100000000000004,110.74600000000001
1QPx3F471L290Ye1BxRnsF,Random Thoughts,['Shop 11 Phoenix'],327933,2001,False,,0.395,0.943,0.00115,0.445,118.395
3ALiSt87HqCnKwYAdGWmAs,I Will Fight,['Shop 11 Phoenix'],164587,2001,False,,0.39399999999999996,0.961,0.00202,0.447,114.98700000000001
1MqdHIUks3rUCnFuGT1Xm3,This Is Your Life,['Shop 11 Phoenix'],206760,2001,False,,0.418,0.955,0.00115,0.7759999999999999,119.54799999999999
5VTrdg7kyydPWlO9qS0liJ,Goodbyes Are Always Sad,['Shop 11 Phoenix'],206840,2001,False,,0.392,0.975,0.00168,0.406,129.501
5dTE4T4LUHO4EJSKpGFGHz,Datenight In Loserville,['Shop 11 Phoenix'],116107,2001,False,,0.495,0.961,0.00454,0.519,111.177
61bxF1Z6Kuvl0f9Eidayfo,One Day We Will All Know,['Shop 11 Phoenix'],134867,2001,False,,0.7509999999999999,0.255,0.655,0.39899999999999997,156.049
57Fgxnxvfn3ogWi22okJdz,Ineffectual Friend,['Shop 11 Phoenix'],191387,2001,False,,0.529,0.915,0.0127,0.539,103.723
0QfJdCdLmP5fkcXeAPqaZe,You Ain't Built for These Streets,"['Daforce', 'Div 1']",222500,2017,False,,0.8590000000000001,0.919,0.185,0.41,79.92399999999998
5S4GYterMLUgZVJs0VRlEz,Light Em Up,"['Daforce', 'Div 1']",200889,2017,False,,0.6609999999999999,0.7,0.0114,0.337,135.047
0PrZoU2TTgl5d4GFFccg0D,Reach,"['Daforce', 'Div 1']",193846,2017,False,,0.727,0.518,0.0175,0.17300000000000001,143.161
1GPthEIC3nSfcBRqDUEpSD,Ya Digg,"['Daforce', 'Div 1', 'Jamuzy']",171130,2017,False,,0.664,0.299,0.41200000000000003,0.396,114.736
7kGPr7Gabs6pRWQLzwRKQJ,Hip Length,['Ursula 1000'],227267,1999,False,,0.858,0.6409999999999999,0.0116,0.752,114.225
43twZJ3gplgUcEOmwOM2Fy,Funky Bikini,['Ursula 1000'],313027,1999,False,,0.708,0.613,0.0584,0.7170000000000001,136.034
3uXX1oen9kKJyRcDnuM97R,Mambo 1000,['Ursula 1000'],340947,1999,False,,0.789,0.754,0.114,0.7290000000000001,143.141
74Z8pACnoAiJmvvVRmZ5eh,Gambit,['Ursula 1000'],251827,1999,False,,0.65,0.677,0.159,0.703,109.041
3Oh44D3le4M4Absn90W8Cm,The Shake,['Ursula 1000'],351040,1999,False,,0.6890000000000001,0.672,0.000361,0.588,121.884
3cs1PHrOhXPl8YybdDucdX,"I'm Gonna Shock You, Daddy",['Ursula 1000'],217693,1999,False,,0.731,0.726,8.73e-05,0.46399999999999997,130.07399999999998
5czSK7JihnTypGT3csLnTi,Mr. Hrundi's Holiday,['Ursula 1000'],257333,1999,False,,0.7879999999999999,0.6970000000000001,0.0143,0.29,104.57600000000001
5pqrBaE4XIoOxQmfVXIqUQ,Slinky,['Ursula 1000'],277000,1999,False,,0.7070000000000001,0.524,0.0194,0.139,99.405
3NUNgQEUKjlu3micvm43yH,Pleasure Unit,['Ursula 1000'],277733,1999,False,,0.867,0.877,0.20800000000000002,0.39399999999999996,125.594
1bLFIeoj0bOuNsgpQkNHCO,Savoir Faire,['Ursula 1000'],263827,1999,False,,0.8440000000000001,0.525,0.07400000000000001,0.29,115.376
4nfgOR8MPKsA1O36z5hO34,Very Leggy,['Ursula 1000'],219747,1999,False,,0.823,0.648,0.008620000000000001,0.8059999999999999,96.29799999999999
0oG0uTLM0Du9yje9OVJgiq,Soft Landing,['Ursula 1000'],213427,1999,False,,0.628,0.38799999999999996,0.128,0.391,79.8
6tONzbKT5h6gljHGACMfEC,Le Fini.aif,['Ursula 1000'],168187,1999,False,,0.429,0.442,0.369,0.3670000000000001,82.025
3H8tPWrAh8sn8p1gd3Yrv8,11:11,['Waterparks'],208760,2018,False,,0.606,0.9159999999999999,0.0070799999999999995,0.7090000000000001,150.072
4z9uQvCeHkp7WDOIXeLrZz,18 Days,['Blaze Bayley'],243522,2018,False,,0.628,0.742,0.07,0.332,122.52799999999999
5iPavEtlHkHBUAhi6ezlBY,100 Bars in ONE Take,['Lyphe'],287413,2006,False,,0.61,0.6970000000000001,0.687,0.765,109.94200000000001
5OpLaVeS0kNbFlckZSTVbV,'14 Tepéca,['SCNTST'],343139,2018,False,,0.626,0.7559999999999999,0.0317,0.792,125.005
6m5FhufOnznciVDU3EGPeB,16 a.M.,['Gost'],193948,2018,False,,0.564,0.903,5.290000000000001e-05,0.368,136.514
5zs3omxCtxQulnYDO4zgbB,112 Intro,['112'],133133,1996,False,,0.693,0.419,0.336,0.5489999999999999,119.852
6JUTn2qBWaQFylVZgwp2mH,Now That We're Done,['112'],309507,1996,False,,0.4920000000000001,0.494,0.32,0.303,124.241
74glbwcJjpaHIk4uqHilnM,Pleasure & Pain,['112'],256960,1996,False,,0.6729999999999999,0.539,0.0249,0.33299999999999996,117.689
346GctLi0LBpPTjfTQRkvZ,Why (Interlude),['112'],103995,1996,False,,0.555,0.397,0.625,0.336,112.185
3kVIFDE3G89I2RPVkiRaRj,Cupid,['112'],252267,1996,False,,0.685,0.38,0.373,0.87,175.562
6x0tssuAlkqrqyKjBKjEiU,Call My Name,['112'],247579,1996,False,,0.667,0.525,0.326,0.6940000000000001,77.785
0uuu6GPfF36MPr6SKMHvuF,Come See Me,['112'],265760,1996,False,,0.701,0.37799999999999995,0.0263,0.604,83.796
7CBtCcTd3Zs6GS1RGKhOva,Sexy You (Interlude),['112'],110467,1996,False,,0.6459999999999999,0.247,0.7829999999999999,0.33299999999999996,113.446
7DVeWlH6Dt4B03mZf1O7ni,Can I Touch You,['112'],304573,1996,False,,0.5710000000000001,0.521,0.322,0.638,144.209
0EaUuxBDW2znDRo4x53lAB,I Can't Believe (feat. Faith Evans),"['112', 'Faith Evans']",332027,1996,False,,0.612,0.653,0.326,0.47100000000000003,140.024
2Ge0R0U8XkIlQqptp1xjNc,Keep It Real - Interlude,['112'],159054,1996,False,,0.424,0.198,0.823,0.27,82.365
6zOg9gP62RJSsKFeOBAgvH,Only You (feat. The Notorious B.I.G. & Mase) - Bad Boy Remix,"['112', 'The Notorious B.I.G.', 'Mase']",289413,1996,False,,0.764,0.525,0.0296,0.787,95.81299999999999
447mw1LST6Z9YnA5sm9AUb,I Will Be There,['112'],287962,1996,False,,0.58,0.544,0.638,0.445,83.17
0o6aDRc56q5oVbY7uxYds5,In Love with You,['112'],273963,1996,False,,0.682,0.674,0.414,0.888,87.29
29N30JZul2tkzaaNRXYDDn,Just a Little While,['112'],227384,1996,False,,0.644,0.4370000000000001,0.365,0.52,141.787
3jla9ziRp8en0n9BYCbgBy,Why Does,['112'],272983,1996,False,,0.6759999999999999,0.489,0.16899999999999998,0.327,112.88
4kCIRfX0SuNdt8AoR1DRpr,This Is Your Day,['112'],288832,1996,False,,0.6779999999999999,0.525,0.124,0.632,129.96200000000002
5QbS1pZJHxKYlyOa4Z2vkY,Throw It All Away,['112'],293667,1996,False,,0.621,0.529,0.0205,0.165,115.62200000000001
7jg3Irt0hqnss3HvaPP2D2,Only You (feat. The Notorious B.I.G.) - Radio Mix,"['112', 'The Notorious B.I.G.']",260427,1996,False,,0.778,0.644,0.145,0.846,96.025
3wXi770kU6UnBQpDlNUCe7,"10,000 Years Of Revolution",['Greenleaf'],229960,2003,False,,0.42100000000000004,0.795,0.00761,0.502,134.392
1rF3k4SIvXQeItUnaBpz46,Don't Concern Me,"['Ayetraye', '100%']",222295,2018,True,,0.8909999999999999,0.784,0.0434,0.6679999999999999,122.01100000000001
2ipjpypVVHeY8WivVNHHhv,Room 112 (Intro),['112'],60218,1998,False,,0.126,0.655,0.0236,0.257,83.014
1e7BgRrZ1uNwSzEuGRosuP,So Much Love - Interlude,['112'],108729,1998,False,,0.595,0.53,0.38799999999999996,0.184,99.98899999999999
6MzgK1n0U7coM3MF1qXfKE,Be with You,['112'],244933,1998,False,,0.688,0.601,0.141,0.7759999999999999,97.022
4uI5xNUdEupLKskfQnfx3o,Love Me (feat. Mase),"['112', 'Mase']",257333,1998,False,,0.654,0.8170000000000001,0.124,0.649,90.06299999999996
1G4vH669VY2uB0PcoXu6EQ,The Only One (feat. Lil' Kim),"['112', ""Lil' Kim""]",264573,1998,False,,0.763,0.701,0.0886,0.823,95.965
62aa75nKO5orJZ1AIOeled,Anywhere (Interlude),['112'],70733,1998,False,,0.574,0.524,0.527,0.679,135.941
0Zze3tFRSNwL6KllmYjLgZ,Anywhere,['112'],244416,1998,False,,0.5920000000000001,0.499,0.174,0.863,125.824
4za4hwET81Hncno04XQKAa,Love You Like I Did,['112'],258733,1998,False,,0.653,0.63,0.11199999999999999,0.7490000000000001,103.87899999999999
4cjBPfRx395LGAcQmHU7SN,For a While (feat. Faith Evans),"['112', 'Faith Evans']",259493,1998,False,,0.5720000000000001,0.537,0.10800000000000001,0.5539999999999999,133.016
18OXiSteYpaqhnqdWxfHQs,Don't Go Away - Interlude,['112'],48840,1998,False,,0.456,0.483,0.374,0.228,111.911
5j784BZH5lk3cEkXmwfySJ,Stay with Me,['112'],262293,1998,False,,0.5770000000000001,0.7340000000000001,0.315,0.725,174.845
2pXc7iL9lwooiXSAtHst1H,Whatcha Gonna Do (feat. MJG),"['112', 'MJG']",261573,1998,False,,0.741,0.695,0.165,0.578,92.62899999999999
1ccgfX1rFVEzJqdA54jUyY,Crazy Over You,['112'],320960,1998,False,,0.603,0.64,0.0626,0.21100000000000002,113.749
0RHzTQTTZeRo2vJP2hYyzb,Funny Feelings,['112'],231040,1998,False,,0.645,0.34,0.284,0.34299999999999997,79.859
2eoeHT4HQeHNHn0ZXzzPah,Never Mind,['112'],244867,1998,False,,0.5710000000000001,0.825,0.214,0.745,101.89
51yS6YoDxKGu4vnE4anuAR,Someone to Hold,['112'],303947,1998,False,,0.67,0.32799999999999996,0.27399999999999997,0.387,112.044
0wn9txw1vf0t5sNbu0R4qP,All My Love,['112'],262067,1998,False,,0.722,0.405,0.226,0.6729999999999999,131.986
2i3j5T0s4hTueMsNlsFYFH,You Are the Only One (Interlude),['112'],108267,1998,False,,0.522,0.561,0.8009999999999999,0.3720000000000001,61.03
1NSCBsrYgjkmNiNSgiMLzK,Your Letter,['112'],320373,1998,False,,0.532,0.39299999999999996,0.379,0.122,138.95600000000002
3BwzyIXehwG6VL1L9is62d,1 Thing,['Amerie'],241293,2013,False,,0.631,0.9570000000000001,0.127,0.8390000000000001,125.88799999999999
53hIswcOsaW86yXdiBmwmq,100 Days,['Ellery Eskelin'],425600,1995,False,,0.478,0.0338,0.917,0.196,99.027
1CJ6rcEocgudbte8WTH4mA,Don’t Stop,"['Seagram', 'Spice 1']",225507,1997,True,,0.789,0.461,0.00202,0.7959999999999999,88.384
0EuxDK2ria7tszAZdtaJWZ,156,['Mew'],293760,2003,False,,0.341,0.8370000000000001,0.00765,0.27399999999999997,130.607
1hY38JHVGariA2gTv5gpEc,Roll The Dice,['145th Street'],262467,2005,False,,0.732,0.82,0.12300000000000001,0.945,116.775
4NI7thsa26LWBZBoEi4e8L,Mary Ann,['145th Street'],251627,2005,False,,0.596,0.758,0.213,0.961,142.572
6ROqEVO6ul9NG6K911vRHG,Snakeskin On My Feet,['145th Street'],147600,2005,False,,0.513,0.746,0.142,0.895,150.984
5tCMIyEma28e0yuQ5deybh,"Reconsider, Baby",['145th Street'],357240,2005,False,,0.302,0.5539999999999999,0.0108,0.47700000000000004,67.962
6oiyuP7NB5qsHj0gHRdCmE,Say Yes To My Baby,['145th Street'],248693,2005,False,,0.513,0.9329999999999999,0.261,0.93,149.863
3NlMBRPlSfaw1EPAs2Spuy,Walking Through The Park,['145th Street'],187693,2005,False,,0.4270000000000001,0.7829999999999999,0.185,0.818,159.945
5B84PaYioT0BXNK7kWwitM,It'll Come To You,['145th Street'],270000,2005,False,,0.465,0.861,0.145,0.8029999999999999,165.055
37jvhyrTx82pU9J73QusCm,You Is So Mean,['145th Street'],489213,2005,False,,0.245,0.565,0.0239,0.426,169.90900000000005
5tH4Sps8QlLU2z7ElJzbTO,Just A Little Bit,['145th Street'],228947,2005,False,,0.606,0.871,0.0343,0.9570000000000001,138.886
6MaujWQuFhrWAV7tLBygqr,Met Her Last Night,['145th Street'],254667,2005,False,,0.377,0.9109999999999999,0.0733,0.799,175.092
3Ie5WVC7UXQmVgrrsnc9vE,12 000 Year Itch,['MOOCH'],223728,2017,False,,0.365,0.691,6.17e-05,0.488,92.226
1mklEaSnZ6Vl4cHZ6AnnNC,"10,000 Hours",['PRETTYMUCH'],193096,2018,False,,0.616,0.8029999999999999,0.0512,0.51,137.924
1cMRw20xyAEiAbGaoLOwsR,13 Times,['Jai-Jagdeesh'],243359,2018,False,,0.469,0.141,0.907,0.11599999999999999,177.68900000000005
2W4ej1pb0WX1EhgfPxvGHA,15 Blocks,['Sims'],287733,2015,True,,0.494,0.9109999999999999,0.0779,0.21,91.93299999999999
757BDeX5pFYDFxrr54E3VX,15 Blocks (Lazerbeak Remix),['Sims'],229680,2015,True,,0.823,0.9109999999999999,0.0911,0.545,91.98
36A4jsP6zPsEzKRn1eL0iA,1014 A.D.,['Cruachan'],216187,2004,False,,0.473,0.805,0.000182,0.444,97.46600000000001
7t55yc6V1oHruh4GrVNnH7,How 2 Flip That Sound - Pba Remix,"['Daforce', 'Div 1']",143377,2018,False,,0.619,0.628,0.45,0.302,132.19
4BBERkl3rp0yWskAM3Kxht,Bend That Frequency - 500hz (Skit),"['Daforce', 'Div 1']",25926,2018,False,,0.5589999999999999,0.9840000000000001,0.4370000000000001,0.778,149.116
3t9aIszMeghSc9XOhPUYth,That 808 Sound - 31hz (Skit),"['Daforce', 'Div 1']",13313,2018,False,,0.0,0.7170000000000001,0.0168,0.0,0.0
1C5Kbm3ijJ7VhQnep4IsqT,Frequency - 16khz Remix,"['Daforce', 'Div 1']",88055,2018,False,,0.799,0.594,0.00114,0.314,90.014
0N40Rs0DxWTJxFF6cb3rvq,1729 Broadway,['Echolyn'],363333,2000,False,,0.474,0.6759999999999999,0.0258,0.0668,142.192
38td8VabuKlQt72Q2VnhbO,134340,['BTS'],230063,2018,False,,0.664,0.688,0.153,0.65,106.022
5y6VvfU2adTZl9id5mj6J9,"Battle (From ""Final Fantasy VI"")","['130Grit Sound Studio', 'GameLark']",218881,2016,False,,0.521,0.8140000000000001,0.003,0.7040000000000001,168.426
5jBdtV5rvJo4wz7gMS2OHt,1000g,['Oré'],188540,2019,False,,0.81,0.6679999999999999,0.0231,0.768,155.025
3fqkgcIkwttjITzeNPo5Go,The Inuit Snow Song - Andrew Heath Remix,"['100th Monkey', 'Andrew Heath']",416627,2018,False,,0.204,0.225,0.826,0.0361,107.285
4pvyLNwDo6oqq7w2SVaHN7,Huima - 100th Monkey Remix,"['LO18', '100th Monkey']",411800,2018,False,,0.792,0.621,0.00233,0.568,119.654
2H7PHVdQ3mXqEHXcvclTB0,1999,['Prince'],379267,1982,False,,0.866,0.73,0.13699999999999998,0.625,118.523
0EvbxYOLwwFABQHAolmcVF,1 Threw 8,['Mac Miller'],237077,2012,True,,0.44299999999999995,0.6659999999999999,0.0123,0.259,80.056
2rPaL61IPIH11kgCeEzfpP,Sweet 16,['Sergeant Steel'],190920,2013,True,,0.522,0.981,0.00199,0.3,139.989
3zVdT0gVZrEBN3g9hSzS0N,100 Mg,['Phideaux'],192333,2003,False,,0.39299999999999996,0.66,0.106,0.287,108.82600000000001
034E5zaDHKeQIF78tMZBD1,100 Coda,['Phideaux'],144373,2003,False,,0.402,0.489,0.0617,0.166,108.36399999999999
2ywW3pTwH0ZiKehN28HXwf,"18,19 - Audiotree Live Version",['tricot'],238770,2018,False,,0.319,0.841,0.000822,0.387,144.127
0L2uDx5Wttn8xlD82MizNl,12 Gauge,['Krucifix Klan'],332383,2019,True,,0.755,0.73,0.00792,0.301,144.954
3trQ2Z54XtwDept7QONL9Q,1000 Fragen,['Silbermond'],237653,2004,False,,0.46299999999999997,0.745,0.00701,0.23,177.97099999999998
4Q0rB4EH8LcpVt0ni3gYXA,"1, 2 ,3",['Silbermond'],192587,2004,False,,0.696,0.9690000000000001,0.0239,0.889,131.998
4w9ctGWWiNTx4ZE8n4Bizs,10000 Lovers - Live in Milano,['TNT'],282973,2019,False,,0.35600000000000004,0.715,0.0464,0.304,108.36
3eMy1x8QKMkVqTHvunMmja,Knackawurst,['Station 17'],204427,1990,False,,0.665,0.599,0.000294,0.9109999999999999,193.87400000000002
3MQC6FOM5xpHn3ZiPqCCdw,Autofahn,['Station 17'],253640,1990,False,,0.46,0.8290000000000001,0.0504,0.20199999999999999,120.598
1s3KhigXgZJ7h6WOZJXoJ3,Max,['Station 17'],213133,1990,False,,0.615,0.46299999999999997,0.225,0.373,113.37200000000001
2HkZdn0VQpitq1Klcle0bL,I Fly,['Station 17'],200827,1990,False,,0.7340000000000001,0.485,0.02,0.408,119.715
4mFqN4M60BERtr5l0yvU4m,Wolln wir Peter auch mitnehm?,['Station 17'],287640,1990,False,,0.287,0.985,0.7609999999999999,0.0898,100.72
71mB5anKPMITlb36kvGACN,Hannes,['Station 17'],216667,1990,False,,0.38799999999999996,0.138,0.6679999999999999,0.132,101.735
4NHivl9ohNI9Q6dKzrtei8,Hei Hosen,['Station 17'],210027,1990,False,,0.5920000000000001,0.893,0.008709999999999999,0.465,101.23100000000001
7FFi7Vm6xIH5L0aOpNwCez,Los Jezz,['Station 17'],242307,1990,False,,0.703,0.6579999999999999,0.000458,0.662,125.887
5cUXN78ClsESjiOYAp1e5K,Pata Patao,['Station 17'],252867,1990,False,,0.784,0.629,0.586,0.775,132.47799999999998
36e2UXjlJIceFZhdkByMxb,Hähohah,['Station 17'],72627,1990,False,,0.713,0.6759999999999999,0.6779999999999999,0.354,79.92699999999998
4ub6x98K6hyXjJSv4GFNFA,Morning Sun,['Station 17'],310267,1990,False,,0.45899999999999996,0.449,0.447,0.159,129.998
3nP4Z5AWjU1aNZfJRwLpZ7,Feeger,['Station 17'],298787,1990,False,,0.635,0.342,0.21899999999999997,0.602,135.81
1ZjU7bVdNFCgCTn5oE3j5i,14 Drops,['Makeness'],355059,2018,False,,0.794,0.6629999999999999,0.0246,0.47,119.98100000000001
5ZiWVDlHkDUcXxUlhJHas6,"Omen - 12"" Mix",['Orbital'],421107,2009,False,,0.68,0.889,0.0193,0.684,119.99
7ydH94O1NM8rjhCmaktXC9,1987,['Nail'],341665,2019,False,,0.75,0.703,5.34e-06,0.0391,138.07
1cKSSBtrLWIc812QCKp9zF,1987 - Arpeggio Bonus,['Nail'],102126,2019,False,,0.46,0.7959999999999999,0.629,0.97,138.05200000000002
3Kd7G7xxWavYcf247RyZgD,1979 - Vaux,['Vaux'],237120,2005,False,,0.526,0.7170000000000001,0.0229,0.589,135.012
1TDby7tinXfYQ0ZmJLZJAa,1 of 1,['Saweetie'],174026,2019,False,,0.7340000000000001,0.645,0.0207,0.271,166.898
6NSNiSz0AyiVwahxPt0dBT,11th: Omen,['Septa'],224901,2017,False,,0.508,0.894,5.320000000000001e-05,0.48200000000000004,150.02700000000004
2CxCroSbXFhMUh0osFlBQE,13th: Aftermath,['Septa'],233357,2017,False,,0.516,0.589,2.7000000000000002e-05,0.0967,140.116
2cz1hemTf7LoBLbutahjfm,1000,['Preme'],183413,2018,True,,0.8140000000000001,0.6629999999999999,0.28,0.5589999999999999,121.943
6tMLEeh3SRItEtLrr0Zanm,10.000 D.c,['Hialina'],177600,2013,False,,0.415,0.9490000000000001,1.09e-05,0.613,74.98100000000002
1Z3mGyX7z1ENnVrPcX1uNG,1971,"['dbAudio', 'dRamatic']",352854,2013,False,,0.61,0.9329999999999999,0.0070599999999999994,0.7759999999999999,175.011
7o8gymoT7XMtoxzqbi7Vr1,120,['Hialina'],160000,2018,False,,0.601,0.973,0.00229,0.0699,104.999
6Xt5aQFfyYbHTAAbg91LUM,1745 7381 3265 2578,['Plini'],182769,2017,False,,0.632,0.529,0.0187,0.155,130.02100000000002
6WOVWPDchoBoLGyNkFaMjS,Octupus,['Capsule 150'],358307,1999,False,,0.562,0.639,0.54,0.7609999999999999,131.91899999999998
0GBAZpDYx3F9DkizHhUNhu,"10,000 Horses",['Candlebox'],310853,2013,False,,0.4,0.9309999999999999,0.0465,0.20199999999999999,120.066
4XsvDaQCMN7klj7yrVM1EM,Intro (Universal),['11 20'],158041,2019,True,,0.58,0.669,0.867,0.486,133.989
4KVGpXGJLv8xrO8V4VaygS,Bounce,['11 20'],202031,2019,True,,0.7440000000000001,0.42,0.542,0.395,138.032
1a3ExcHT2Qv8w8G6odrCHC,Pillz,['11 20'],241032,2019,True,,0.385,0.428,0.7290000000000001,0.29600000000000004,132.747
03aFpyAGTiVQ0ZM4hVsct2,Push2Start,['11 20'],212036,2019,True,,0.81,0.44,0.255,0.209,133.861
6Rpl2zUg0q06SEhZrD6ma6,Swim,['11 20'],192026,2019,True,,0.632,0.418,0.565,0.19699999999999998,145.002
2k2U3VGpTsoSuhFttDgQuk,Prdon Me,['11 20'],116297,2019,True,,0.726,0.424,0.645,0.502,122.9
5H2LgWkuTBjgkPomqypCwk,Birdz,['11 20'],134034,2019,True,,0.715,0.672,0.127,0.26,100.742
57bv7xtg4UMnQVHORRGQgP,Insane,['11 20'],168046,2019,True,,0.6629999999999999,0.493,0.495,0.7440000000000001,112.381
00bM2Inhzw5aq6KDjSSBvr,Euro Step,['11 20'],114051,2019,True,,0.804,0.512,0.265,0.28,155.046
69uTb15Dw5np5Q1kmJaUXi,Halas Hall,['11 20'],207047,2019,True,,0.6970000000000001,0.397,0.37799999999999995,0.391,132.964
6crd3tpgRZZaeT5a9Demwt,Outro (Born),['11 20'],349127,2019,True,,0.642,0.282,0.7879999999999999,0.214,76.993
2RdOT91UfUCuI4oTXNzDMe,1408,['Aenthropy'],368308,2019,False,,0.601,0.7559999999999999,0.00504,0.35700000000000004,130.033
537xRn4BkJv5iINKO796nk,93 Gangstérisme,['13 Block'],179320,2019,True,,0.769,0.514,0.132,0.17800000000000002,140.03
1rCCy5IMdMpKv9oqmyOXZf,Zidane,['13 Block'],209453,2019,True,,0.8490000000000001,0.5760000000000001,0.182,0.32299999999999995,139.97799999999998
03xpHogfjfi2uif4HZKOYd,CR,['13 Block'],185427,2019,True,,0.818,0.642,0.0762,0.727,158.991
5fuCDbUO4N25kp71MunbDk,Fuck le 17,['13 Block'],212173,2019,True,,0.743,0.568,0.16,0.33799999999999997,119.825
48KCOKdDzEGIJ6kNX08xBa,Amis d'avant,['13 Block'],225013,2019,True,,0.78,0.7240000000000001,0.449,0.379,132.037
79qwid3uZ7CgGQOvCNBsQQ,Petit cœur,['13 Block'],211720,2019,True,,0.848,0.562,0.5710000000000001,0.53,119.91799999999999
2SHfSr13pup65GaAPa1aEC,Où je vais,['13 Block'],178627,2019,True,,0.8109999999999999,0.632,0.344,0.589,129.007
31MjZLXM2l3zBXrpaDHHXi,Pas vu pas pris,['13 Block'],218560,2019,True,,0.815,0.525,0.391,0.34,76.509
4BHsm1jg3BTOV8Me39S02k,Binks 2.0,['13 Block'],157440,2019,True,,0.77,0.626,0.23800000000000002,0.414,125.15100000000001
3LHdAyPMv32POqBod0QCRC,Pente noire,['13 Block'],229427,2019,True,,0.813,0.642,0.484,0.259,130.043
74NzHiA0we92LfjQDAPIUm,Ghetto,['13 Block'],229867,2019,True,,0.785,0.585,0.27699999999999997,0.574,138.127
1zXV048TVYUYQh1tpKMlw9,Métagorique,['13 Block'],183200,2019,True,,0.924,0.735,0.47200000000000003,0.9009999999999999,142.016
1N9dqkV4iDPQ6sFQ66DQdy,Si j'avais,['13 Block'],170440,2019,True,,0.79,0.604,0.233,0.456,89.993
0gClak5B5Jr2Xz8KTDxfxR,Ouais,['13 Block'],221400,2019,True,,0.7609999999999999,0.569,0.179,0.365,160.02200000000005
2cYxXRIX2u4qHJUKlDpjtM,Bombarder,['13 Block'],236787,2019,True,,0.857,0.522,0.6679999999999999,0.802,98.99
2Yw5tBKhiqtBDCdfXL97Wo,3h36,['13 Block'],214920,2019,True,,0.794,0.485,0.43,0.076,81.008
3MhBTTcR9wSvJY7miBHwBQ,Affaires,['13 Block'],154507,2019,True,,0.792,0.691,0.316,0.657,82.99600000000002
1KPlBTT4D049mkPPGCBsSB,C'est pas mon cas,['13 Block'],195453,2019,True,,0.807,0.5539999999999999,0.21,0.128,130.002
0KwJGUwXVC9e6uLOC1Kcmq,Des choses à dire,['13 Block'],228733,2019,True,,0.635,0.47,0.589,0.195,80.461
4cGcE9Fgla5pIEiv99tgG7,"10,000 Days Like These",['Low Lily'],198773,2018,False,,0.523,0.308,0.8909999999999999,0.405,147.909
6KS4lMW3PfWyxzH8m4FlfT,На..й 102,['OFFMi'],127922,2018,True,,0.639,0.4,0.5770000000000001,0.429,140.174
35YKX8zh9wFEk9GQ5f7BSz,1,['Duh'],145960,1995,False,,0.43799999999999994,0.904,3.6e-05,0.485,159.959
55BKdpFgwoEJM0aa7jzugf,1999 - 2019 Remaster,['Prince'],373747,2019,False,,0.863,0.826,0.22899999999999998,0.596,118.954
4TAaGfnRU1ClloEW3pYbes,"1999 (7"" Stereo Edit) - 2019 Remaster",['Prince'],216507,2019,False,,0.8740000000000001,0.7170000000000001,0.275,0.662,118.99600000000001
1PfpgMwBrhx3e8rZ4mAML9,"1999 (7"" Mono Promo Only Edit) - 2019 Remaster",['Prince'],215373,2019,False,,0.88,0.7909999999999999,0.387,0.614,118.99700000000001
5a9TGOcOYnW4i7mYRoHT4Y,Possessed - 1982 Version,['Prince'],527074,2019,False,,0.825,0.6890000000000001,0.0961,0.747,117.574
0i0Md14tpsGxu4wgjgJmX3,Dødskamp,['1349'],304587,2019,False,,0.19399999999999998,0.8809999999999999,4.06e-06,0.102,104.975
4NmRdWuL48gtMBErgcGDVB,10€ De L' Heure,['VEUST'],203500,2019,True,,0.78,0.5770000000000001,0.298,0.359,120.744
70O6rFhpjgLcXDwtNHasLB,100 Points of I.D.,['Scientists'],236160,2019,False,,0.409,0.914,0.0005009999999999999,0.624,130.224
2P0J9gaCzvcC8N7QJyAgEF,Enter Cold Void Dreaming,['1349'],238813,2019,False,,0.322,0.97,2.72e-06,0.0385,100.066
5x1iVeaJu2mdoH1taBs2me,Splash II,"['Tedashii', '1K Phew', 'Jarry Manna', 'Parris Chariz']",213644,2019,False,,0.804,0.6940000000000001,0.0178,0.266,155.072
5mMvgZN9cEnzDX0zUNTUuz,Trappist-1: Final Gravity,['Trappist'],269347,2018,False,,0.184,0.73,0.00435,0.0684,133.524
78gn8oKuw6f0LeRWIrekdq,100%,['Godfather'],268693,2001,False,,0.818,0.56,0.223,0.23600000000000002,91.015
0odxXEEjmfBenRO2PaZISR,Road Trip,"['180dB', 'Meredith Graves', 'Nick Zinner']",160701,2018,False,,0.311,0.857,0.00245,0.565,147.406
1IWsat4vQ1Nc9l5yYXu1VK,Road Trip Instrumental,"['180dB', 'Meredith Graves', 'Nick Zinner']",160946,2018,False,,0.361,0.835,0.0001,0.48100000000000004,147.234
46RujZQoYDHe0RK26qW4aO,Speed Freaks,['1200 Micrograms'],410483,2019,False,,0.215,0.88,0.0046,0.0399,145.039
38JghY5bpn7KJGjGOx5FfQ,1000,['Sighdafekt'],175769,2020,True,,0.8340000000000001,0.705,0.32,0.71,145.033
5AlkRSp6jVI4HvCxFC4g4I,Run to Survive,"['Perturbator', 'Protector 101']",285728,2018,False,,0.242,0.841,0.0174,0.0373,76.926
2MjPII9xmDwBkieGmFr6ru,11:4:6,['Deiphago'],270507,2019,True,,0.139,0.9309999999999999,1.44e-06,0.0534,141.018
40FnB2KXdYUw4NoJFz2oid,1049 Gotho,['IDLES'],226376,2017,True,,0.496,0.8640000000000001,0.000797,0.273,101.512
7MYT1Swc79lhj5ZyfVciCd,Candy Everybody Wants (Live),"['10,000 Maniacs']",201453,2017,False,,0.631,0.885,0.537,0.7120000000000001,104.836
4Xsg382qJtrh05oHwWizUA,Like the Weather (Live),"['10,000 Maniacs']",239120,2017,False,,0.7509999999999999,0.8109999999999999,0.35100000000000003,0.963,134.638
2ITMnelPUkq6DJ7X78NKKs,Trouble Me (Live),"['10,000 Maniacs']",190693,2017,False,,0.691,0.523,0.6709999999999999,0.5489999999999999,120.898
0Ot7mSjYyJ99a0TBKPzwMI,More Than This (Live),"['10,000 Maniacs']",233667,2017,False,,0.46299999999999997,0.8140000000000001,0.563,0.447,129.721
1eBI6SUkhOmoeTVrxqyQUJ,What's the Matter Here (Live),"['10,000 Maniacs']",301840,2017,False,,0.595,0.828,0.511,0.5429999999999999,102.387
4iUfiE5wA4OODUpO2IotQj,The Painted Desert (Live),"['10,000 Maniacs']",231907,2017,False,,0.374,0.605,0.545,0.512,173.36900000000003
2Iph0T4kNXIzq2SQ9k5Pgn,Cherry Tree (Live),"['10,000 Maniacs']",207133,2017,False,,0.584,0.92,0.547,0.6629999999999999,139.391
0N6bMMexQXN4PlQs5ip0ax,Pit Viper (Live),"['10,000 Maniacs']",351107,2017,False,,0.495,0.899,0.245,0.687,118.38799999999999
1Bq4eiOyXQ0MD868tlfNDO,Eden (Live),"['10,000 Maniacs']",324053,2017,False,,0.494,0.629,0.7979999999999999,0.473,131.224
5mXrLjVCAkHtjfqqBtRiZB,She Moved Through the Fair (Live),"['10,000 Maniacs']",365300,2017,False,,0.457,0.519,0.642,0.255,131.976
7vGEECUPEzPlOEcFxOZLxK,Stockton Gala Days (Live),"['10,000 Maniacs']",379733,2017,False,,0.633,0.718,0.615,0.723,131.611
5NtETyUnpc1yVuvnGdxfEt,Lady Mary Ramsey (Live),"['10,000 Maniacs']",156587,2017,False,,0.369,0.429,0.8690000000000001,0.61,77.248
7v5CECsKLOhHlWNMl4bRfm,Because the Night (Live),"['10,000 Maniacs']",294547,2017,False,,0.474,0.732,0.507,0.35700000000000004,128.067
03MWxa8pPfCmdfJqrF9Qhp,Rainy Day (Live),"['10,000 Maniacs']",407093,2017,False,,0.545,0.81,0.315,0.629,102.414
694ErfMTMAwEn8NB8HAIpp,Don't Talk (Live),"['10,000 Maniacs']",297813,2017,False,,0.496,0.904,0.462,0.5489999999999999,132.69799999999998
3bsLZx3XZDbnvQmZCymvUL,My Sister Rose (Live),"['10,000 Maniacs']",257480,2017,False,,0.535,0.772,0.10099999999999999,0.546,120.551
4TwA6EMallSu0elYw2M2MC,Hey Jack Kerouac (Live),"['10,000 Maniacs']",223693,2017,False,,0.6459999999999999,0.925,0.5,0.7340000000000001,130.576
5HcvnT48NRCmgTu3LcI4SW,My Mother the War (Live),"['10,000 Maniacs']",258720,2017,False,,0.242,0.914,0.0134,0.6679999999999999,175.80200000000005
6XABq0KwYpoF0pVsY9x7qT,Gun Shy (Live),"['10,000 Maniacs']",253693,2017,False,,0.608,0.71,0.35,0.586,125.969
6Zh5M9udIpoFsGo3c5ATFW,Just Like Heaven (Live),"['10,000 Maniacs']",441827,2017,False,,0.413,0.828,0.6409999999999999,0.435,158.93
4WAUiXVn7FVU6dqAbAaxde,These Are Days (Live),"['10,000 Maniacs']",322627,2017,False,,0.501,0.8490000000000001,0.58,0.578,112.13799999999999
5bKi7jdLo6lJ3wpIzItNS0,"Merijuana - Cortex, Didrapest Remix Part 2",['1200 Micrograms'],384739,2013,False,,0.6509999999999999,0.922,0.00206,0.379,145.019
0gOlH363MOV3862qTzEPOd,1111,['Karcius'],504733,2004,False,,0.295,0.769,0.00259,0.157,110.124
1BEJ56Gk6H0o4L56AenATR,Rise,['Vector 13'],479480,2016,False,,0.634,0.914,0.0011,0.0597,134.991
23Cr3klTV6cX5zuv8AySyI,11 am,['Incubus'],253427,2001,False,,0.469,0.669,0.0486,0.297,153.976
1tT1tIZAINzFZyjoPKtg7C,Dammit,['blink-182'],166933,1998,False,,0.34700000000000003,0.975,1.32e-05,0.287,110.48700000000001
3VzULnaqPKf1deQyZ5W4Ah,1980s Horror Film II,['Wallows'],235272,2018,False,,0.593,0.6579999999999999,0.0038,0.27,116.021
0oeezaJQuJi1pRTHKJJDj7,Улыбка (feat. 104),"['SALUKI', '104']",254000,2019,True,,0.635,0.682,0.239,0.46299999999999997,79.923
22cOQYEFwU7uLccpRe7dUC,1000 Year Reign,['Omen'],261987,2003,False,,0.29600000000000004,0.983,4.92e-05,0.0789,105.685
7qzAHb38FF4chdX9KwZg2r,I'll Be Missing You (feat. Faith Evans & 112) - 2014 Remaster,"['Diddy', '112', 'Faith Evans']",343653,1997,True,,0.647,0.40700000000000003,0.556,0.35,109.882
4ldVXsTJkLOc8tL0lAvyXi,Tonight,"['112', 'Slim & Mike']",207028,2018,True,,0.7120000000000001,0.541,0.0033200000000000005,0.451,81.547
3HVthjE5sgNzTSzF4JfNjF,1:42,['Australis'],404307,2014,False,,0.536,0.585,0.0302,0.092,173.03599999999997
2OW4rjOOZ6JVmSfdfdSdKU,Virtual Reality,['Brain 18'],541360,2007,False,,0.6859999999999999,0.9990000000000001,0.021,0.0381,138.991
7jAWGIG2wwVx6HKKqiJsnW,I Loose My Mind,['Brain 19'],505120,2007,False,,0.5539999999999999,0.977,0.0037600000000000003,0.115,134.996
7JotWnClyxK9OMvB8A2BNt,120 Minutes,['WYLDLIFE'],221116,2017,False,,0.41100000000000003,0.9229999999999999,5.6299999999999986e-05,0.493,155.014
7d5YWJU8sVA1BLRkV8eri7,150 Words,['Zarraza'],207000,2018,False,,0.501,0.998,4.69e-06,0.131,129.998
2uENRkbd4sxpHdr5R34diE,Ecstasy - Dado Remix,"['1200 Micrograms', 'Dado']",434186,2003,False,,0.713,0.8640000000000001,0.00451,0.163,140.005
3aln8WgAUps6efYtdEYxP3,1-2-3-4 (Sumpin' New),['Coolio'],214307,1995,False,,0.91,0.6809999999999999,0.28800000000000003,0.7,115.186
1yy2DlSDtEt90d54rPDPXz,I'll Be Missing You (feat. Faith Evans & 112) - 2014 Remaster,"['Diddy', '112', 'Faith Evans']",306560,1997,False,,0.833,0.619,0.111,0.9009999999999999,109.92
6NgCx8aGWTazvnb0oC0TBQ,"1, 2, Conductor",['Disciple'],212200,1999,False,,0.513,0.975,1.42e-05,0.48200000000000004,104.73299999999999
6rT3pMX9522pze7XuSs6jJ,10 Minute Oil Change,['Disciple'],174920,1999,False,,0.47700000000000004,0.878,2.7600000000000014e-05,0.8029999999999999,147.951
3KOKGs8pMk4VeIWDIDgLRS,City 127,['NCT 127'],199787,2018,False,,0.757,0.616,0.159,0.4970000000000001,97.98299999999999
0guXgbZ7CxAQ3rGsgKKRLH,Regular - Korean Version,['NCT 127'],218307,2018,False,,0.7340000000000001,0.8009999999999999,0.237,0.878,133.999
2vrDgoAyuaPjFQ4m1kK3nH,Replay (PM 01:27),['NCT 127'],220227,2018,False,,0.723,0.6920000000000001,0.21600000000000005,0.3,125.029
56f5GO8ir5ucrcQ00k4a8t,Welcome To My Playground,['NCT 127'],239133,2018,False,,0.7929999999999999,0.505,0.313,0.599,94.074
58GHXHPnSNf7QZH91lTkxu,Knock On,['NCT 127'],206547,2018,False,,0.41100000000000003,0.466,0.21899999999999997,0.354,66.536
3eIFdn5DUUO4CNcpbc8aQw,No Longer,['NCT 127'],298360,2018,False,,0.565,0.371,0.804,0.24600000000000002,79.987
34E1DDOXumirjttzyWgKDJ,My Van,['NCT 127'],206707,2018,False,,0.723,0.65,0.0573,0.395,136.947
2cLCCdw6dovVGZjzsg2p2I,Interlude: Regular to Irregular,['NCT 127'],190693,2018,False,,0.355,0.28600000000000003,0.758,0.0912,101.395
1zedfw5iu7XzKJT8CupEIP,Simon Says,['NCT 127'],199773,2018,False,,0.653,0.836,0.218,0.569,151.977
5PcZmtPJJCi92tYHIzWbpe,Come Back,['NCT 127'],205747,2018,False,,0.7390000000000001,0.85,0.0214,0.573,111.986
5uTprTAUORprODnl383LKx,Fly Away With Me,['NCT 127'],213480,2018,False,,0.665,0.726,0.14300000000000002,0.45399999999999996,88.979
4yzHOucbzNABkX4yb5USVl,Chain - Korean Version,['NCT 127'],223600,2018,False,,0.691,0.9209999999999999,0.0505,0.7559999999999999,139.94799999999998
178UHQyGadnSW6hLSLdBgo,Regular - English Version,['NCT 127'],219707,2018,False,,0.741,0.747,0.263,0.831,134.039
7gIWg2LXA9ipu4oOd6aYKy,Run Back 2 U - Bonus Track,['NCT 127'],219747,2018,False,,0.685,0.728,0.0264,0.335,139.92
6xK8PkcX8SpDYTe4mKiQ1h,100 Miles,['Restless'],187613,2008,False,,0.738,0.884,0.0873,0.807,95.72200000000001
0mL7QIDAY5i8FFJPNyMTnJ,"10,000 Hooves",['Yanomamo'],278333,2017,False,,0.195,0.5660000000000001,0.00058,0.265,183.858
6jpRH7je7vpLnUubBP1oSn,Cast of One,['Autoclav1.1'],188000,2018,False,,0.669,0.873,0.35,0.157,119.999
3d6rBJ0HIO5XhrCsRhmnCy,Thin Client,['Autoclav1.1'],245000,2018,False,,0.6970000000000001,0.504,0.00607,0.335,120.01799999999999
3YyX0QUFScSUKBxe3yNJSq,West Riding Hood,['Autoclav1.1'],178000,2018,False,,0.754,0.632,0.20800000000000002,0.0933,119.999
3zJCAMiIrE5LYrmdniouQn,Beacon on the Hill,['Autoclav1.1'],215000,2018,False,,0.58,0.7340000000000001,0.215,0.429,119.999
2PLNHiE5pXqHwVNJyFZBI5,Privacy,['Autoclav1.1'],213000,2018,False,,0.741,0.795,0.5539999999999999,0.684,119.954
10qk9kyCjwAcmuNBYTPVPf,Line Fatigue,['Autoclav1.1'],276000,2018,False,,0.583,0.7120000000000001,0.00647,0.031,120.01799999999999
1zZqEKdUT3tXEgr0GIvXY7,Rhetoric,['Autoclav1.1'],257092,2018,False,,0.7140000000000001,0.562,0.44799999999999995,0.466,120.014
4OACckMkvV8DG072MHuiRn,Makeshift Splint,['Autoclav1.1'],199000,2018,False,,0.5589999999999999,0.406,0.324,0.188,120.02799999999999
1YtsZd1FWGep10r5q4o3Gl,Vacate These Seats,['Autoclav1.1'],212000,2018,False,,0.516,0.701,0.0119,0.156,120.012
5NM8SxGh0RTPe6khQhpOze,Take a Bow,['Autoclav1.1'],210500,2018,False,,0.589,0.8079999999999999,0.122,0.479,119.98200000000001
0UEknUD00qJuDjljnI1zw9,City 127,['NCT 127'],199187,2018,False,,0.758,0.614,0.159,0.4920000000000001,97.98200000000001
2lAxhE5s3x7OS9sfhsgT1F,Regular - Korean Version,['NCT 127'],217707,2018,False,,0.733,0.8009999999999999,0.237,0.878,133.998
2nOdZukkmCi4HyAnn4GHuU,Replay (PM 01:27),['NCT 127'],219627,2018,False,,0.723,0.6920000000000001,0.21600000000000005,0.3,125.031
6KAfUGPFo4ve8yxVan2Mgv,Knock On,['NCT 127'],205947,2018,False,,0.41100000000000003,0.466,0.21899999999999997,0.354,66.536
629NRMzA7LTXSuzwG7R1Ag,No Longer,['NCT 127'],297747,2018,False,,0.568,0.35200000000000004,0.785,0.23399999999999999,79.918
1E1TQWUHGkV7bMLBN6fD1t,Interlude: Regular to Irregular,['NCT 127'],190560,2018,False,,0.355,0.28600000000000003,0.758,0.0913,101.395
5VRRtp5iD5hIZHx1yRxNhY,My Van,['NCT 127'],206107,2018,False,,0.723,0.65,0.0573,0.395,136.946
33rp9HxDEoriuRUOr0iWpX,Come Back,['NCT 127'],205147,2018,False,,0.738,0.85,0.0214,0.573,111.988
4Tyc1oTfGTsuq52SapQWL9,Fly Away With Me,['NCT 127'],212880,2018,False,,0.665,0.726,0.14300000000000002,0.45399999999999996,88.979
4KqPuyZdcjXuRqXSARnt6r,Regular - English Version,['NCT 127'],219107,2018,False,,0.741,0.747,0.263,0.831,134.039
3fIJFcqNEqKsfK52y6q1CS,Run Back 2 U - Bonus Track,['NCT 127'],219720,2018,False,,0.685,0.728,0.0264,0.335,139.92
0P4YVhPopH3HKRacLpNd29,#14,['AroarA'],302091,2013,False,,0.57,0.494,0.9309999999999999,0.332,114.8
6XT1yCPk66wALsyPglx9UH,#10,['AroarA'],201582,2013,False,,0.505,0.645,0.792,0.634,141.214
5qFOC2b5ANZLtFjXvKphBX,#11,['AroarA'],214829,2013,False,,0.433,0.787,0.597,0.5670000000000001,145.61700000000005
1seK9fxYGBMOvTbNuPLJIL,#13,['AroarA'],196465,2013,False,,0.7,0.444,0.9159999999999999,0.47100000000000003,110.14299999999999
3TsQmrDnfs7KOfD7KcRyBO,13 Days,['7and5'],248187,2014,False,,0.615,0.43799999999999994,0.0349,0.0344,94.007
3gHLXLJ9JE1oOayo3ar4E5,100 Summers,['Meek Mill'],163834,2018,True,,0.48100000000000004,0.483,0.171,0.45299999999999996,79.012
7q5opSK7YqmDUaylsAtNK3,100 Summers,['Meek Mill'],163834,2018,False,,0.618,0.485,0.17600000000000002,0.45899999999999996,111.869
5uQtqnOXspUeYQjozoDhaw,10327,['FTR'],264893,2019,False,,0.35100000000000003,0.993,3.89e-06,0.635,130.016
4n23NofxtEOwrkWmAUspOa,17 Days - Piano & A Microphone 1983 Version,['Prince'],382640,2018,False,,0.696,0.41200000000000003,0.9470000000000001,0.505,121.081
75aErgLb9HxzHQKCUrXXRG,1901,['Walt Wagner'],265973,2017,False,,0.513,0.332,0.8420000000000001,0.19399999999999998,140.374
7dLVVrO869kR1oWJnJZTg3,untitled#1,['非／密閉空間'],178400,2018,False,,0.455,0.797,0.41200000000000003,0.228,74.697
06TRePkmdtRrJKCWGQbQ9R,1012,['ambinate'],129500,2016,False,,0.354,0.20800000000000002,0.988,0.21,151.757
23n1Mii1knEkbD7O6lXn97,Word to the Wise - Intro,['Clika 1'],160413,2009,False,,0.825,0.727,0.0418,0.391,83.061
6jCiNs1EJO9B4jHaIQ6Sik,Gangsta Muzik (feat. Murderous Klik),"['Clika 1', 'Murderous Klik']",297013,2009,False,,0.818,0.748,0.028999999999999998,0.32799999999999996,119.984
43DZS4ErRgTjbo2PY8jnU9,I'm Fucked Up (feat. Don Cisco),"['Clika 1', 'Don Cisco']",268800,2009,False,,0.79,0.924,0.225,0.892,119.99700000000001
61rSP2qFXJqhvMoTKytglS,Criminal Wayz,['Clika 1'],232947,2009,False,,0.613,0.8290000000000001,0.0135,0.805,89.98899999999998
2953mCM0D845rY6eOAbyI1,Woopty Woop,['Clika 1'],264920,2009,False,,0.6970000000000001,0.9009999999999999,0.00504,0.588,156.011
0dCdM5VkxuXfnqXPedSPLT,The Circle (feat. Fatal),"['Clika 1', 'Fatal']",318307,2009,False,,0.8759999999999999,0.8270000000000001,0.00253,0.61,90.051
1zIJrH5m1rngdi2ypZXIQG,My Dogs (feat. G.P.I.),"['Clika 1', 'G.P.I.']",309667,2009,False,,0.777,0.7859999999999999,0.138,0.722,92.986
4SdtO0GX5fwQ0wJT8BtjjH,Bloodsport (feat. Doc Well),"['Clika 1', 'Doc Well']",293400,2009,False,,0.619,0.892,0.444,0.743,114.03399999999999
3hifcXO39JasjfMvsjKKxS,Stress (feat. Frost),"['Clika 1', 'Frost']",398280,2009,False,,0.716,0.5529999999999999,0.359,0.348,134.033
3JeDvMgHQkCg4986t6wZhi,Beltfed (feat. Mack Villinize),"['Clika 1', 'Mack Villinize']",288280,2009,False,,0.747,0.8590000000000001,0.0053100000000000005,0.579,121.897
2vQKmojmwI4eRRp4o1Baia,Hommies in the Can (feat. Ragg),"['Clika 1', 'Ragg']",287987,2009,False,,0.575,0.6859999999999999,0.0569,0.19399999999999998,84.851
13U7wOkuvrw1Gb5Ydb7OgB,Ghetto Recorded Me,['Clika 1'],327733,2009,False,,0.605,0.83,0.17800000000000002,0.537,169.69
3SLpRB1FyzsPTMJLMfCsna,Sinful Seven (feat. XXX Sins),"['Clika 1', 'XXX Sins']",358347,2009,False,,0.821,0.732,0.145,0.4920000000000001,120.02
0HiiVd5srHJPbdfRrbFwU7,"Gangsta Pimpin' (feat. Kurupt, Don Cisco, & Chico Dater)","['Clika 1', 'Kurupt', 'Don Cisco', 'Chico Dater']",276787,2009,False,,0.9420000000000001,0.68,0.149,0.757,99.054
6GBWn0KBnoyY4UHlzDJLkQ,Hide the Pain (feat. Doc Well & G Money),"['Clika 1', 'Doc Well', 'G $ Money']",511800,2009,False,,0.725,0.726,0.0723,0.47,109.99700000000001
367GUor1Ibv5OzpAghwdni,Outro,['Clika 1'],177147,2009,False,,0.774,0.728,0.0221,0.5379999999999999,166.166
7FRRQBvn1roscL30bhmQxw,10 1/2 Years,['Wyvz'],254545,2018,False,,0.583,0.522,0.445,0.165,132.119
6dKjzxNBnyokJOY7Vd36cE,12,['Calboy'],195333,2019,False,,0.701,0.545,0.33799999999999997,0.316,109.3
5eEyew9pdg36mjc4XYg8af,Fever,"['17th Chapter', 'Matt Garrity']",348840,2009,False,,0.56,0.705,0.0674,0.684,126.04299999999999
0650KNuuH6edNLJaxpFgxY,Hints Followed by Guesses,"['17th Chapter', 'Matt Garrity']",210507,2009,False,,0.536,0.546,0.185,0.0959,110.016
4ntTwOC7SqQ0deFvYvG6Es,Don't Try/New Friends,"['17th Chapter', 'Matt Garrity']",300743,2009,False,,0.653,0.856,0.0261,0.45,128.015
4AlSJ9h63pfN85Sa8jR6Ve,Congratulations,"['17th Chapter', 'Matt Garrity']",185758,2009,False,,0.35200000000000004,0.8,0.0218,0.36,152.043
0h4PAScPgibY1zXCl1kJHj,Conversation,"['17th Chapter', 'Matt Garrity']",170080,2009,False,,0.507,0.784,0.0567,0.47700000000000004,151.72799999999995
3l6b1x44ltYbSsv5lXE1YY,Old Folks,"['17th Chapter', 'Matt Garrity']",283227,2009,False,,0.46299999999999997,0.878,0.00499,0.64,120.60600000000001
6XSjYChwA2CuzQIGaz8Nvh,Rhinestone Maker,"['17th Chapter', 'Matt Garrity']",256827,2009,False,,0.6809999999999999,0.772,0.0103,0.89,122.029
0C6U7G0vKk5loJjbFhT0il,Fuzzy Wonderland,"['17th Chapter', 'Matt Garrity']",245120,2009,False,,0.508,0.75,0.111,0.45799999999999996,131.037
67lhkyJXq75d6MV2N4uLOZ,You Were Right (feat. Kat Larson),"['17th Chapter', 'Matt Garrity', 'Kat Larson']",196253,2009,False,,0.599,0.273,0.8959999999999999,0.26899999999999996,108.009
7jJpK3XJ9wklHj6ipM6Zev,Along the Way,"['17th Chapter', 'Matt Garrity']",238630,2009,False,,0.612,0.45899999999999996,0.0675,0.568,116.26299999999999
0m79ZTfWkaOBCgweVHq7Pe,Fast Times,"['17th Chapter', 'Matt Garrity']",249312,2009,False,,0.435,0.792,0.007640000000000002,0.35200000000000004,123.939
1O3ISIZTgNO6JIsuAvw3Yq,Sputnik,"['17th Chapter', 'Matt Garrity']",52917,2009,False,,0.19899999999999998,0.13,0.821,0.105,109.348
5D7w57Jq9Y5jqb6SVp3eMX,Swan,"['17th Chapter', 'Matt Garrity']",134320,2009,False,,0.4370000000000001,0.318,0.53,0.34299999999999997,142.267
34aFQX3rETYA6iI3i5Gqr4,The Moment I Feared,['Tame 1'],226480,2002,False,,0.66,0.6759999999999999,0.0527,0.7490000000000001,91.594
10BUDgV9woZ4sADDUhxmd9,1000 PS - Live,['Callejon'],207307,2015,False,,0.48100000000000004,0.982,5.19e-05,0.0864,130.067
5LhfuEvpb00fdJP51CW8S7,If I Give Myself,['100'],187200,2018,False,,0.215,0.904,0.000138,0.49,178.878
2L7E5wxbGnDLIA0wxFolSa,Groove,['100'],268000,2018,True,,0.515,0.7759999999999999,0.0161,0.6859999999999999,126.12200000000001
520e7CzqCRdMqj4zS2fQdg,Ratchet,['100'],128000,2018,False,,0.526,0.8290000000000001,0.00011599999999999999,0.745,110.087
4EtMXW80rv3yErn8ABN06l,Cortisone,['100'],420500,2018,False,,0.257,0.9209999999999999,3.11e-05,0.442,116.775
4c54TWW6XQQl9gwvC0Wxbn,Just Us,['100'],136000,2019,False,,0.488,0.653,0.00232,0.441,78.501
5RhcK1KtpNEKTJS8YKkZ69,#1 Crush,['∆aimon'],289646,2014,False,,0.5660000000000001,0.857,0.003820000000000001,0.315,90.00299999999999
53hNQ8XbuelGwddLqhQ4gx,14 Forever,['Stars'],228333,2008,False,,0.523,0.703,0.06,0.5770000000000001,95.333
56Dxo0hBDgniOvxXmcM0DP,Arco 2,['1takejay'],177116,2019,True,,0.818,0.696,0.00603,0.267,104.041
7I5H1YQ5CuvAdsiITMc1y8,That's My Bitch,['1takejay'],137050,2019,True,,0.904,0.512,0.0132,0.257,105.932
06CbLUAgX643HZhDwRj7U0,In Her Bag,['1takejay'],138350,2019,True,,0.784,0.51,0.00787,0.457,144.08
7vsZSLcIItaT8XS71E0tFR,Whatever U Is (feat. Shoreline Mafia),"['1takejay', 'Shoreline Mafia']",186694,2019,True,,0.915,0.44799999999999995,0.0197,0.419,105.125
5OxVBIGj83x6Wsc7hUHC2O,Thumpin,['1takejay'],148946,2019,True,,0.86,0.644,0.0314,0.473,85.921
1omcRQmMRYEUbve0DaaxaM,Fucked Up,['1takejay'],114695,2019,True,,0.888,0.5770000000000001,0.14,0.521,78.97399999999998
4Vl2hDpDNu4E6e0VYgqNst,Whistle,['1takejay'],129869,2019,True,,0.965,0.5529999999999999,0.0347,0.322,112.001
5LORsPRBOyhMVkjLl2366K,Drip Walking,['1takejay'],154496,2019,True,,0.9079999999999999,0.6409999999999999,0.00321,0.40299999999999997,105.939
0hKKRzGbIbiYR1DhcRaKCi,Bitch,['1takejay'],127237,2019,True,,0.831,0.6759999999999999,0.128,0.36200000000000004,109.831
4JFCb3e9VhVd6xkr0ky6jc,Baby (feat. Kalan.frfr),"['1takejay', 'Kalan.FrFr']",167731,2019,True,,0.772,0.4970000000000001,0.0577,0.494,105.06299999999999
2rN6TpVLup5jwBjBba9O27,Look How I'm Actin,['1takejay'],115945,2019,True,,0.9009999999999999,0.701,0.0282,0.213,103.00399999999999
48nIt0mCDmr2xZEXZvtQ4l,Hello (feat. Rich the Kid),"['1takejay', 'Rich The Kid']",197335,2019,True,,0.94,0.489,0.0029100000000000003,0.212,97.991
4PfGV18JjOpd3I2RW8ZOos,139th Street,['Osunlade'],386653,2008,False,,0.605,0.6679999999999999,0.0246,0.0781,131.789
7aToo09hS12p18kXSBgAhv,When the Levee Broke At The County Fair,"['1,2,3']",216424,2014,False,,0.6609999999999999,0.629,0.0244,0.888,118.90299999999999
6UAgxToGGskpxMu5an4p4O,Darkly Through The Valley,"['1,2,3']",191909,2014,False,,0.532,0.785,0.258,0.201,117.992
0JySXcSOXKZJCsizxEMBoB,Bigger Black Car,"['1,2,3']",163298,2015,False,,0.17800000000000002,0.6,0.205,0.35700000000000004,79.844
4nNrnfb33HqgGE4HnAKkxl,Big Weather I,"['1,2,3']",234244,2014,False,,0.6990000000000001,0.387,0.594,0.395,79.553
5LHkAhEiZgzfVagAH0wVcX,Leave Me in the Sky With The Lawn Chair,"['1,2,3']",91218,2014,True,,0.488,0.892,0.000579,0.595,90.49600000000001
5U5XkfXOPokQB4CtVuizQL,Pontoon Song,"['1,2,3']",295893,2014,False,,0.713,0.596,0.106,0.516,117.045
2RR06lbGW7BUG7Bj6JSF3T,Waiting for the Horsemen,"['1,2,3']",218025,2014,False,,0.34600000000000003,0.408,0.45,0.494,85.68700000000003
2eIm476b20bhpY8Nh7UKb7,Mile High Grass,"['1,2,3']",256187,2014,False,,0.371,0.682,0.13,0.47,103.865
0HVfvH0x1jUI3MLMjqRhKh,Bus to Babylon,"['1,2,3']",245169,2014,False,,0.466,0.34299999999999997,0.935,0.0772,137.54
5HNsbPeq6Ik5hG9KFdXIYq,Refusal Bop,"['1,2,3']",190762,2014,False,,0.812,0.409,0.5489999999999999,0.0776,108.02
1a9IMipJh7jw3hg83ygwEC,The Shapes of Wrath,"['1,2,3']",430020,2014,False,,0.531,0.653,0.6679999999999999,0.494,118.77
6H7SPCaPshTqPNuFKbprrQ,Fear/Pure Elevation,"['1,2,3']",253687,2014,False,,0.46799999999999997,0.359,0.82,0.22,116.99700000000001
2WkY3zZ9x1BiF9BMYnxJv6,Rebuilding,"['1,2,3']",95758,2014,False,,0.84,0.938,0.47200000000000003,0.135,181.16
0jZXTMyhbLdwOCLKDCf3UL,Stone Haus,"['1,2,3']",341829,2014,False,,0.429,0.552,0.8290000000000001,0.369,123.428
3j7dhp4l8smAX4xjUBWGfM,Porch Swing Song,"['1,2,3']",219727,2014,False,,0.698,0.755,0.21100000000000002,0.6829999999999999,131.96
0kKih5E1NvGv5QSg9ebs76,Big Black Car,"['1,2,3']",104108,2014,False,,0.425,0.28,0.9259999999999999,0.129,83.038
598LmCFwz0NDFunbQ5ArBB,Big Weather Ii,"['1,2,3']",112787,2014,False,,0.509,0.41700000000000004,0.10400000000000001,0.434,131.372
53rfkxgt9MGKTMaGQ0FRbb,In the House of The Locust,"['1,2,3']",494795,2014,False,,0.402,0.7190000000000001,0.802,0.436,69.148
2BQYurPkWJpkMH57QlqWPa,When the Levee Broke At The County Fair,"['1,2,3']",216352,2014,False,,0.6609999999999999,0.636,0.0216,0.9129999999999999,118.89299999999999
5o98MO8MmkXnH06xj0H9GH,Strawberry,"['1,2,3']",267216,2014,False,,0.282,0.698,0.54,0.24600000000000002,179.692
7M0OoAonQQVX3mhgblHkD2,Faith Hill,"['1,2,3']",169591,2014,False,,0.439,0.268,0.664,0.375,91.574
1ofP7zZUKnkF63SzZbghmL,Where We Lived,"['1,2,3']",415374,2014,False,,0.37799999999999995,0.424,0.292,0.0971,176.497
0XTGDI2NbcbW2IVwVUxWF3,Sick of the End,"['1,2,3']",84919,2014,False,,0.648,0.508,0.737,0.941,78.83800000000002
3pWm9oGGsRcYXpwFtYAznY,16 Shot - Distro Remix,['Distro'],254420,2018,False,,0.716,0.9309999999999999,0.00179,0.58,129.999
44ZEwuMIwXb0McAUfQbNaq,"Scared, But Not That Scared","['1,2,3']",195146,2011,False,,0.6,0.77,0.0371,0.335,130.0
3HosJWDKNyvUoATbQiDSuA,Gun Bash,"['1,2,3']",176432,2011,False,,0.606,0.507,0.113,0.616,102.76100000000001
576kmKLcY844hE2DPueiYu,Machine,"['1,2,3']",128871,2011,False,,0.475,0.889,0.695,0.787,78.661
4UOYSJCDC9ToNP0R1pnK23,1-800-273-8255,['Cimorelli'],161935,2017,False,,0.574,0.46299999999999997,0.514,0.258,93.167
5V7X7XvIgwhIYyLNZKEwmo,1453: An Empire Crumbles,['PANTHEIST'],364500,2018,False,,0.258,0.29100000000000004,0.943,0.0322,68.256
2Fuv44yEoYOWgGln8DQU7O,1980,['Tepr'],232480,2019,False,,0.672,0.6759999999999999,0.00685,0.22699999999999998,124.995
5asNIABA6FDCIpcTGWEm1O,14er Bizeps,['257ers'],170947,2019,True,,0.9309999999999999,0.659,0.01,0.8590000000000001,137.99
42CYTU4pgbT2R7X3vwVLs1,14-String Rag,['Micky Moody'],139907,2000,False,,0.451,0.33399999999999996,0.59,0.925,166.18400000000003
4DjjCvr3aMisAWhv5q9Ubn,10 Years a Slave,['JuztKP'],238560,2018,True,,0.604,0.498,0.10099999999999999,0.28300000000000003,89.992
4fh1jw6gYz4AeMa8nydhTv,1 25 N @ 15,['Ümlaut'],285273,2017,False,,0.8690000000000001,0.413,0.5489999999999999,0.293,120.073
3euQ1c8eEowfH2akhLgCxQ,12 Bits of Funk,['Benny Blanko'],270893,2002,False,,0.789,0.802,0.667,0.649,98.913
6orzHW7VBmbb5bsjn4nLKY,Gas 1,['GAS'],387947,2008,False,,0.165,0.377,0.679,0.13699999999999998,65.737
0bJ2Y1T69yMh7McI55KXYG,No Limits - Ambient Dream Mix,['Code 14'],358773,2005,False,,0.491,0.612,0.48200000000000004,0.142,169.97799999999995
5qC22tvY0BMnoIK2BGK8OM,Overture,['1998 Royal National Theatre Cast'],251200,2006,False,,0.251,0.247,0.69,0.306,141.545
0cfRqGSXs722tDL8pCyunm,Kansas City,['1998 Royal National Theatre Cast'],327000,2006,False,,0.516,0.354,0.722,0.7909999999999999,133.107
07FA8E9VnqBvQH7ZFIFLnp,Many a New Day,['1998 Royal National Theatre Cast'],257400,2006,False,,0.465,0.19699999999999998,0.8240000000000001,0.37799999999999995,139.122
7hrO900fbwqqXyLAZz31ZP,It's a Scandal! It's a Outrage!,['1998 Royal National Theatre Cast'],216533,2006,False,,0.579,0.479,0.75,0.685,148.64600000000004
0sitOdqTdywlFGoguAK7FM,People Will Say We're in Love,['1998 Royal National Theatre Cast'],236707,2006,False,,0.272,0.22699999999999998,0.919,0.21899999999999997,143.33100000000005
5WTEZri6bllMAE64vstaD6,Pore Jud Is Daid,['1998 Royal National Theatre Cast'],237093,2006,False,,0.325,0.299,0.945,0.29,77.092
1pB9yUnHLSCFJMwTF5o9z2,Lonely Room,['1998 Royal National Theatre Cast'],164733,2006,False,,0.353,0.20800000000000002,0.85,0.22699999999999998,133.9
0sbUyJ9l8d63OPEjSx99KW,Ballet,['1998 Royal National Theatre Cast'],654973,2006,False,,0.218,0.17800000000000002,0.7170000000000001,0.0897,80.857
2fGHvu05jWpqDICWi1ltZu,The Farmer and the Cowman,['1998 Royal National Theatre Cast'],446467,2006,False,,0.595,0.515,0.6779999999999999,0.865,138.477
0Qpjsp35TFD5s6Z2IvuXBw,All Er Nothin',['1998 Royal National Theatre Cast'],263907,2006,False,,0.5660000000000001,0.302,0.8340000000000001,0.5710000000000001,103.26899999999999
48gvTYciXZVPqfAeciHZ24,People Will Say We're in Love - Reprise,['1998 Royal National Theatre Cast'],92453,2006,False,,0.271,0.265,0.932,0.268,71.888
1w2mDlX0zqeeVwX4xWIZpL,Finale Ultimo,['1998 Royal National Theatre Cast'],133667,2006,False,,0.384,0.439,0.654,0.33399999999999996,148.892
0dnjHu2qDbEaZ9uyp0ys44,10lb Moustache,['Man Man'],218240,2004,False,,0.626,0.524,0.332,0.586,131.657
22HLihdOv820hEmSRJeHUf,Not Another Christmas Song,['blink-182'],159710,2019,True,,0.5379999999999999,0.903,0.0082,0.78,155.096
12zSlItYCqPTURRNJTLYgL,Hard to Be in Love,['13th Amendment'],257959,2012,False,,0.264,0.516,0.83,0.561,132.947
75RZVKbEzzTw1lCXicBpxb,The Stretch,['13th Amendment'],209091,2012,False,,0.61,0.7340000000000001,0.171,0.93,80.898
4Z8r3Yh993RJzTBIrl2wQa,100,['Ovadose'],321464,2019,True,,0.735,0.7979999999999999,0.758,0.9259999999999999,134.064
1LBiYKc7XQT5siR0aUy7pb,$100,['Detour'],169373,2014,False,,0.59,0.8029999999999999,0.321,0.95,124.00299999999999
16YtcLagGQtKumRS3kzzbl,100 MPH,['Prince'],210493,2019,False,,0.726,0.935,0.138,0.428,106.535
7zy1PDMe0nFQpd7SHlV1mT,11,['Lunachicks'],194667,1992,False,,0.455,0.8590000000000001,0.0227,0.318,112.74600000000001
39bIyssUBLUVve2QV29LoH,1 $hot,['Myriha'],238524,2019,True,,0.6579999999999999,0.565,0.0039700000000000004,0.20199999999999999,118.84299999999999
29SvTTSIa1hdulOzztjBDw,What's My Age Again? / A Milli,"['blink-182', 'Lil Wayne']",145573,2019,True,,0.455,0.958,0.0454,0.8320000000000001,159.884
0oS6978exXanyIZJD4cdgV,1999,['beabadoobee'],191130,2019,True,,0.575,0.578,0.38299999999999995,0.126,129.981
2XR8G76IZ6Xcvsj3gcO9sI,1999 - Bedroom Session,['beabadoobee'],168033,2019,True,,0.489,0.321,0.8809999999999999,0.19399999999999998,138.243
2wZN1uXzKmovmEfEA1hXsc,13 Stories High,['Dwarves'],94560,1983,False,,0.179,0.9440000000000001,0.000834,0.552,151.249
5HTeRs3leh4nMYMPAcJYl0,午夜12點10分,['葉歡'],291573,1993,False,,0.379,0.35,0.457,0.29600000000000004,156.172
0F3HLvc4dL7Pt5txVe36q8,1800GOSPEL,['DirtyBoys'],144928,2019,True,,0.929,0.381,0.0193,0.34700000000000003,121.046
2f0CrcWM9FYEpQjXWwKUBn,1954,['Jill Jackson'],238147,2018,False,,0.46799999999999997,0.45799999999999996,0.325,0.6920000000000001,176.02700000000004
1U6PNws3PKE3iW2G5Sbwlk,12:97:24:99,['Mudvayne'],10356,2002,False,,0.0,0.0,0.0,0.0,0.0
631PoNwZUgDOyHY0ckpoRQ,10. Rank Strangers,['RedWhite'],197093,2014,False,,0.373,0.27,0.7290000000000001,0.493,151.85399999999996
2yxLuwJWHkO2qZf01I3DKW,17. I'll Be A Friend,['Mac Martin'],97493,2014,False,,0.499,0.33799999999999997,0.899,0.6920000000000001,133.373
6hDxMbB7AmXwXQVL0wtcxO,12,['Calboy'],195333,2019,True,,0.695,0.556,0.41700000000000004,0.294,109.265
2Pv1lYLkSgdy1XdXgCBhCB,10,['Subhumans'],28987,2019,False,,0.275,0.5920000000000001,5.42e-06,0.153,106.16
6quup3qNMm9k3qG79P5uEO,50 Bands,['19ABDI'],198583,2020,True,,0.513,0.755,0.0426,0.594,168.15599999999995
0V1iSndZvYoXt67KCIpBVj,Make It Drop,['19ABDI'],186201,2020,True,,0.636,0.7240000000000001,0.132,0.742,164.946
0wmNucjaOUg3gLU4wdDhZ2,Don't Leave Me,"['19ABDI', 'Rasstokyo']",185652,2020,True,,0.644,0.677,0.17,0.638,191.98
38bLjGdgekyWddJT8NECCh,Down South,"['19ABDI', '$L Badmon']",202292,2020,True,,0.759,0.706,0.162,0.78,139.946
1mzmhTb7pnB5pZPIe2bz6u,On My Mind Tonight,['19ABDI'],271830,2020,False,,0.794,0.598,0.14300000000000002,0.6579999999999999,114.991
3go3G9IpdySiDG5BceRv84,Best Chic,['19ABDI'],197172,2020,True,,0.8240000000000001,0.287,0.5820000000000001,0.307,98.015
3lEN8u6u2wRSVMScy8v6BI,Two Cups Interlude,['19ABDI'],198792,2020,True,,0.7190000000000001,0.4970000000000001,0.35200000000000004,0.429,147.016
6MnWmWDEkoSOPRGspgHVLk,What's Your Life Like / Runway,['19ABDI'],180663,2020,True,,0.659,0.395,0.161,0.606,133.994
73O7ziwEldcZzinZquiAO3,Quarantine Summer,['19ABDI'],209711,2020,True,,0.764,0.5479999999999999,0.17800000000000002,0.526,94.0
3xYLTtpHJOByup80uOFSmo,AK Girl,['19ABDI'],275096,2020,True,,0.5870000000000001,0.574,0.29600000000000004,0.25,130.011
0szLZLRvgerRiUJN4oYcnC,"If I Was Your Mans, Pt. 2",['19ABDI'],234240,2020,False,,0.7709999999999999,0.845,0.0652,0.612,122.01
0rIFd8t1kSAOpyTNxXKM41,I Ain't Got a Lot Going On,['19ABDI'],232098,2020,True,,0.601,0.364,0.74,0.29100000000000004,136.031
6nmdS4qDUUA6KQuczEY6s8,13 Fast Food Service - Alternative Version (Live),['Plasmatics'],115960,2018,True,,0.3720000000000001,0.598,0.0264,0.596,95.616
4OhqsmPMreC0EFCo3OmDSm,"10,000 Days (Wings Pt 2)",['TOOL'],673773,2006,False,,0.259,0.631,0.0076799999999999985,0.0381,123.37
3Hjx0mCP8UGxUzfL2ThgBQ,Bless That (feat. Armanni Reign),"['12th Planet', 'Tha Trickaz', 'Armanni Reign']",243502,2015,False,,0.48200000000000004,0.922,0.00253,0.353,149.912
096EYhxFdv7KnSEySWyXqS,Bacon Psalm,"['12th Planet', 'Protohype']",204185,2015,False,,0.738,0.948,0.0021100000000000003,0.147,105.005
7lFDY2LCqW5ejQzUy8PXdE,"U, Me And Madonna",['1-800 GIRLS'],252400,2019,False,,0.733,0.71,0.257,0.28,119.984
6imCXpfGEfsSIRKNxhH9Av,Suncream,['1-800 GIRLS'],291000,2019,False,,0.7290000000000001,0.743,0.308,0.54,121.021
3s6oWkYtFvSSbjsi2ffARw,All Day All Night,['1-800 GIRLS'],332400,2019,False,,0.743,0.8590000000000001,0.0575,0.528,124.01
6DGlCgGRiHM2QYyvlwAKao,"U, Me and Madonna - Sundown Edit",['1-800 GIRLS'],366000,2019,False,,0.659,0.745,0.0509,0.397,128.013
7oEOb2AXI2zFzsi1Rzqaf0,12 Step Program - Featuring Awol One,['Capaciti'],244093,2007,False,,0.787,0.579,0.0356,0.294,73.692
08DvLxCQa9aUBt9ZdFm5vO,12 Stars,['Stephenhero'],241000,2007,False,,0.491,0.655,0.0761,0.126,99.978
2Ewp1ru5fvdzIHEkY4o1Bm,150% Attitude,['Exodia'],215667,2014,False,,0.5539999999999999,0.9990000000000001,0.00024900000000000004,0.0975,119.99600000000001
3cBYmf09f6YM49cLkwAHAm,O Tal de Sobe e Desce,['1Rolê'],189504,2019,False,,0.8190000000000001,0.935,0.524,0.9640000000000001,138.082
7zrddvfYcTacnpBuEJprRo,"1816, The Year Without a Summer",['Rasputina'],263947,2007,False,,0.535,0.68,0.008409999999999999,0.332,78.001
5V5xyiTtxBkGNUU7x9uYYe,1975,['Angel'],427533,2019,False,,0.4370000000000001,0.634,0.0113,0.0483,113.005
0COR4zkpRgWwMCDnZ45hzu,Номер 1 - Live в Санкт-Петербург,['Artik & Asti'],184071,2018,False,,0.619,0.9620000000000001,0.0431,0.392,124.936
1hNZ0R5q6X7k5USBg6xA7q,100°,['Zoology'],206528,2018,False,,0.541,0.38299999999999995,0.725,0.222,172.32
4t3CbEgp9cy3IMaFV9mQcA,100 Smiles And Runnin',['ECID'],279560,2010,True,,0.48200000000000004,0.9079999999999999,0.0167,0.715,170.074
3YIsD4KZqLmPtJnPTJrKEG,"В городе, где нет метро - 25/17 cover",['Заточка'],182000,2019,True,,0.615,0.725,0.233,0.198,90.009
6H8y73Fq4ajWm92YxV4Sdz,1-2-3 Hang Up,['Blotto'],213133,2000,False,,0.428,0.919,0.062,0.888,185.678
21d3lNKkgSlNN4xu9FSJ5U,12с2,['Лиза Громова'],172000,2019,False,,0.7879999999999999,0.3720000000000001,0.18,0.307,119.98899999999999
1q4CxDtOT4d7VEUv2l22eN,Номер 1,['Artik & Asti'],178560,2017,False,,0.691,0.8959999999999999,0.257,0.662,124.943
127Fd9ZYE6rslFs3WyHjAC,Conscious Observer (feat. 10z),"['Jovian', '10z']",196667,2008,False,,0.759,0.5529999999999999,0.184,0.665,77.923
3QQEGD7INT0J37EVaU2la9,Beleck,['13 Block'],216653,2018,True,,0.795,0.728,0.134,0.45299999999999996,131.991
5N5sD5xQd8gDj2bDNFVgM1,1'2 Many...,['Common'],192093,1997,True,,0.7929999999999999,0.816,0.0189,0.764,91.9
6DsxTugxLgpX2wuuq5xPM4,1848,['Galadriel'],244040,2008,False,,0.281,0.904,0.000124,0.249,137.89700000000002
7leukLxxI1BL8ytApcLdyt,Dance! (Airplay Mix),['Sq-1'],226227,2001,False,,0.755,0.997,0.0201,0.529,145.961
0VDfnGCleqNV6YCLrgjZdA,Dance! (Live Mix),['Sq-1'],474760,2001,False,,0.76,0.997,0.0008210000000000001,0.359,146.001
4ciJ6LJvv3NQ4Q5Q2rVggT,Dance! (Clubb Mix),['Sq-1'],390987,2001,False,,0.757,0.99,0.000958,0.418,145.998
76hxeiqTdDUwoqvZgNsziH,Cupid,['112'],252267,2019,False,,0.685,0.38,0.373,0.87,175.562
3ldxdO4Ba8WF9Qu2tU9O70,1000 Netter,['Arif'],188750,2019,False,,0.6559999999999999,0.742,0.223,0.32799999999999996,130.079
1n1oPwuU4lXL6Biv5AqiaO,1000,['Clyde Carson'],156213,2019,True,,0.7509999999999999,0.7390000000000001,0.15,0.40700000000000003,99.014
7mF4Uj2LxYrqIs5c11LwXG,11:11 (The Door Is Open),['Semblant'],290987,2011,False,,0.276,0.86,0.00274,0.265,110.02600000000001
4NLWUaqyWoroK1kFOhMsnD,Dust - SH-1 Remix,"['Savlonic', 'SH-1 Remix']",303360,2019,False,,0.5720000000000001,0.7909999999999999,0.00488,0.32299999999999995,125.00399999999999
6eyxts39VJKDfxv5QHOlRB,100 Thoughts,['SL'],123844,2019,True,,0.915,0.789,0.611,0.958,139.901
4w3R1hrWfSguzkGlhXUldQ,Transcendence On Demand - Original Mix,"['14Anger', 'Dep Affect']",424832,2016,False,,0.584,0.937,0.0431,0.0355,131.99200000000002
5xA8doBzdJKl6AqfEbfm11,On The Edge Of Epiphany - Original Mix,"['14Anger', 'Dep Affect']",392533,2016,False,,0.599,0.946,0.00554,0.12,129.97899999999998
5jTVsJ1qqPxhuK5PhAytUw,Eye Trap - Original Mix,"['14Anger', 'Dep Affect']",395598,2016,False,,0.4970000000000001,0.966,0.000229,0.243,136.991
2MjfAxJIGEN64GgC76RhSi,Transcendence On Demand - Plukkk Remix,"['14Anger', 'Plukkk', 'Dep Affect']",361375,2016,False,,0.61,0.9790000000000001,1.3000000000000001e-05,0.16899999999999998,132.015
3m1dk2Y8Rh01Th8xTYphzq,19th Century Boy,['Reclinerland'],336133,2002,False,,0.353,0.62,0.0101,0.44299999999999995,83.165
3LaEfWvYaVT9cMltiJXXyh,19 and 16,['Mairin Mannion'],375413,2016,False,,0.41600000000000004,0.0325,0.9620000000000001,0.32299999999999995,138.612
5JBshs2ghYBgjxvb5uczEw,Danse Real,"['French 13th Cent.', 'The Dufay Collective']",165067,2006,False,,0.0925,0.16399999999999998,0.0009630000000000001,0.0331,171.451
6WvllGFli3Gx9AJ2Wh8Iia,English Dance,"['English 13th Cent.', 'The Dufay Collective']",240000,2006,False,,0.63,0.442,0.9390000000000001,0.853,122.79299999999999
0O7ppHNGGXYrs5Uq7uSlYf,Estampie Real: La Seste,"['French 13th Cent.', 'The Dufay Collective']",207347,2006,False,,0.281,0.0009880000000000002,0.9940000000000001,0.645,145.759
0yT60ybX2X2gRgGOMBJhY0,Estampie Real: La Quarte,"['French 13th Cent.', 'The Dufay Collective']",117880,2006,False,,0.613,0.248,0.9490000000000001,0.965,135.161
7HBAO4w5nNJQGArOvKt0Kh,Estampie Real: La Septime,"['French 13th Cent.', 'The Dufay Collective']",111107,2006,False,,0.282,0.0214,0.963,0.42,136.882
5MK5swFvcekuaKau4kF1qD,Estampie: Robertsbridge Codex,"['English 14th Cent.', 'The Dufay Collective']",419627,2006,False,,0.358,0.0104,0.971,0.174,130.529
5mOH2NFDaNMgLTI0V0d6VX,Chominciamente Di Gioia: Istanpitta,"['Italian 14th Cent.', 'The Dufay Collective']",320000,2006,False,,0.395,0.0363,0.9470000000000001,0.746,92.47399999999999
6i6ZMR6MYBpAuwYsk6UYzU,Lamento Di Tristano,"['Italian 14th Cent.', 'The Dufay Collective']",427760,2006,False,,0.162,0.0076,0.8740000000000001,0.0568,131.629
6QBLhSw2PVxnjOUrybTgwz,La Rotta,"['Italian 14th Cent.', 'The Dufay Collective']",217013,2006,False,,0.507,0.665,0.098,0.772,133.037
5Ytyzbq58ze4xqReou99jC,Dança Amorosa / Troto,"['Italian 14th Cent.', 'The Dufay Collective']",341813,2006,False,,0.406,0.177,0.948,0.364,61.72
2beim1M3v3E7ut24dHkFi5,Salterello,"['Italian 14th Cent.', 'The Dufay Collective']",171213,2006,False,,0.794,0.619,0.259,0.693,122.584
7kM3DPK8kQpaBMswg2cBpV,La Manfredina / La Rotta Della Manfredina,"['Italian 14th Cent.', 'The Dufay Collective']",659373,2006,False,,0.42200000000000004,0.18600000000000005,0.8109999999999999,0.0784,102.962
5mIVPi0bxVUqpjStZuFAEz,Salterello,"['Italian 14th Cent.', 'The Dufay Collective']",275213,2006,False,,0.37,0.606,0.68,0.23,143.201
08Ib1L0NUNVBGY2zAqAHcu,Piss Bucket,"['14 trapdoors', 'Alibi Jones']",177178,2019,False,,0.848,0.335,0.20800000000000002,0.621,97.39
2U1s0w65zxROGYpWtMdhvs,The Rain,['14 trapdoors'],180333,2019,False,,0.645,0.58,0.568,0.741,79.80199999999998
6cUuUENdcMXucqIpGU5Vrl,Ribbit,['14 trapdoors'],286956,2019,False,,0.831,0.531,0.88,0.455,125.102
5qxxuM5bwctWnHGum6Xi9K,Gold Wraps,"['14 trapdoors', 'Little Cake', 'Alibi Jones']",254327,2019,False,,0.765,0.545,0.00713,0.379,124.09
42RNObyMmz5vGzejKRtAiR,Ain't Right,"['14 trapdoors', 'gurlface']",284429,2019,False,,0.8009999999999999,0.557,0.171,0.125,121.54899999999999
4ckKUACP9jqs1vHSEBQTS1,Grandma's Voice (Skit),['1 A.M.'],10430,2019,False,,0.0,0.0026899999999999997,0.956,0.0,0.0
3BptplTLoWIG7yGyg0xJqj,My Heart,['1 A.M.'],179310,2019,True,,0.792,0.5,0.737,0.544,86.999
7wowv4YSejQcCN4YK1155X,You Know (feat. Khan),"['1 A.M.', 'Khan']",197586,2019,False,,0.521,0.643,0.879,0.451,86.60600000000002
5sEzuPC3GvcvhLmhbJ0E0f,Off Top,['1 A.M.'],181895,2019,False,,0.915,0.524,0.595,0.588,95.02
0Cx8Fmqq6qZPRgekd9QpFV,Not in Service (Skit),['1 A.M.'],17250,2019,False,,0.612,0.0502,0.7340000000000001,0.0,78.433
6ovI7sH3ahsZtcEAesB4Cl,Wonder Why,['1 A.M.'],152727,2019,True,,0.737,0.578,0.315,0.263,87.988
5GewtoTtXqMq0s6ETa3v0z,Be Alright (feat. Kai B.G.),"['1 A.M.', 'Kai B.G.']",137143,2019,True,,0.67,0.649,0.752,0.297,91.10600000000001
53d1tlSLNunnKIQAHpHRSO,Way 2 Rare,"['LUCKI', '16yrold']",123182,2019,True,,0.644,0.6779999999999999,0.11599999999999999,0.6990000000000001,139.808
5sGZQrzpubQM7sbJRWMjzd,#1,['LOBODA'],233763,2019,False,,0.7559999999999999,0.726,0.11699999999999999,0.544,100.01700000000001
2W6xFcOKXy44llSmmyUA8W,In The Garden,['10 Ft. Ganja Plant'],231667,2013,False,,0.736,0.375,0.11199999999999999,0.326,79.278
301VvhW2bHPcD6LJJzagDK,It's True,['10 Ft. Ganja Plant'],301960,2013,False,,0.795,0.508,0.0352,0.324,146.523
4shJmtVH3PCCCMwDZb9DUr,Collect The Trophy,['10 Ft. Ganja Plant'],217347,2013,False,,0.807,0.624,0.1,0.799,78.179
18pAhN4jOkf7ByPWIG6HwM,Sounding Zone,['10 Ft. Ganja Plant'],213120,2013,False,,0.7979999999999999,0.401,0.0124,0.618,136.253
5UsVkh39NpkSZ6feGZtHxF,State Of Man,['10 Ft. Ganja Plant'],229680,2013,False,,0.838,0.5710000000000001,0.00558,0.825,140.826
35OfsCqNpQ1cTeSIzAB7kR,Skycatcher,['10 Ft. Ganja Plant'],238667,2013,False,,0.647,0.507,0.198,0.353,74.89699999999998
3wKLFTR0tqxc6TxObuC2LJ,Where Do You Want To Be,['10 Ft. Ganja Plant'],253187,2013,False,,0.7909999999999999,0.495,0.0459,0.746,76.054
2EqyVnOIeUu3AT2RqSjjva,Hypocrites In Town,['10 Ft. Ganja Plant'],235693,2013,False,,0.742,0.491,0.0363,0.609,150.17
6aH88QbJU03JLdIlljDY5X,Sometimes We Play,['10 Ft. Ganja Plant'],245453,2013,False,,0.7859999999999999,0.45299999999999996,0.16899999999999998,0.605,148.664
5f66irKP9uXamSCII63ltx,Sing And Dance,['10 Ft. Ganja Plant'],261627,2013,False,,0.8079999999999999,0.368,0.153,0.772,133.279
5dSBE0ssK1tM1fEWTcB5HD,White Snakeroot,['10 Ft. Ganja Plant'],157160,2014,False,,0.685,0.622,0.21,0.892,77.983
2UxDMsaKLi99nW7yMlGoUG,Castor Bean,['10 Ft. Ganja Plant'],252200,2014,False,,0.7859999999999999,0.48100000000000004,0.611,0.856,81.734
2JKcRdhHMqIHErl3Sdgfek,Mala Mujer,['10 Ft. Ganja Plant'],219440,2014,False,,0.8059999999999999,0.5329999999999999,0.207,0.9209999999999999,82.556
4BFOIEIaJqWH4qgsmlIwMe,Monkshood,['10 Ft. Ganja Plant'],252213,2014,False,,0.742,0.5770000000000001,0.133,0.831,165.08900000000003
31aAUJXJeBb2YHjKFIsuSE,Western Water Hemlock,['10 Ft. Ganja Plant'],218773,2014,False,,0.713,0.785,0.0783,0.7929999999999999,92.76700000000001
7H48Lqz4Yth2BcdRu3wq06,Bladderwort,['10 Ft. Ganja Plant'],210027,2014,False,,0.68,0.608,0.475,0.9690000000000001,145.678
7dn5CPHscLz0vuPA95om25,Venus Flytrap,['10 Ft. Ganja Plant'],231947,2014,False,,0.855,0.42200000000000004,0.381,0.8859999999999999,154.358
0Nu1KhLcG5cZJmroLQqklE,Angel Trumpet,['10 Ft. Ganja Plant'],199707,2014,False,,0.8420000000000001,0.446,0.156,0.778,83.275
0Fgb5xFAfleC1F5KQfROuE,Oleander,['10 Ft. Ganja Plant'],232200,2014,False,,0.698,0.525,0.102,0.9179999999999999,166.662
1RpVeTvW8re7bIKIEiQjEc,Giant Pitcher,['10 Ft. Ganja Plant'],214400,2014,False,,0.8140000000000001,0.551,0.601,0.965,93.529
4beYbFAT9K4COGQrfAR5Bs,1 for the Hustlers,['Lionmilk'],261628,2019,False,,0.527,0.74,0.125,0.669,85.35799999999998
4Da9mj0vJDo6lzVXTIXN5a,13,['Ruffhouse'],414791,2015,False,,0.6829999999999999,0.5,0.00218,0.15,170.037
51glOQHf2CWjiT63TMt98H,100 reasons,['kemt'],375000,2019,False,,0.705,0.853,0.221,0.20199999999999999,119.025
3xHPIWBNv3eBtCfoERdYjh,"$100,000.00",['Trooper'],253133,1989,False,,0.529,0.937,0.00324,0.8140000000000001,142.622
5Gh2FMISQAR0lQC93u1PGt,1000 Mile Burn,['umami'],141507,2012,False,,0.152,0.263,0.903,0.0327,106.363
1cF70rA2TXEKI7rL5ct0X6,1000,['Anamanaguchi'],71466,2017,False,,0.565,0.245,0.0634,0.17300000000000001,100.885
3op288JXjzNqilm5q706rM,King Of The Hill,['NC-17'],275581,2019,False,,0.615,0.9670000000000001,0.000425,0.221,174.018
007bMSpOqIhmYfkGEL8pTC,Royal Rumble,['NC-17'],249424,2019,False,,0.664,0.912,0.0475,0.682,172.977
7aU3zmrtqVXswre4oEsycm,Skip Steps 1 & 3 - Live,['Superchunk'],172600,2020,False,,0.272,0.986,0.000867,0.218,107.541
5bNHQK9qa26LkoIdOSBYXA,10 a Piece,['Zelooperz'],85560,2020,True,,0.945,0.5770000000000001,0.109,0.17600000000000002,138.03
76Vwod3sS0Lh7RhbXHL2bN,152,['Eanternet'],112105,2019,True,,0.787,0.637,0.573,0.893,151.793
1Loafp2IhlBHwVtlZa5Q4U,Skip Steps 1 & 3 - Live,['Superchunk'],186107,2020,False,,0.313,0.9059999999999999,6.38e-05,0.381,104.988
7A1LqlbchWBw5DV8L0QJZJ,"100,000 Fireflies - Live",['Superchunk'],254747,2020,False,,0.217,0.81,0.009640000000000001,0.308,140.961
51ov0iKzVYDyrvosubW494,1:45,['Witch'],233573,2011,False,,0.38799999999999996,0.975,0.00245,0.215,130.86
0hMgdCdV5K6YLWLAs3MuQG,1942,['18veno'],100752,2020,True,,0.87,0.539,0.000575,0.583,155.955
013W4rTaJQ22Fm0Kn7g7pO,Fuck Rap,['18veno'],118392,2020,True,,0.858,0.424,0.00209,0.19399999999999998,74.997
5vhoQ5WGF2MM2tsSKn9NGL,Partments,['18veno'],110393,2020,True,,0.72,0.847,0.00678,0.645,149.15
4XkiCriXUN9EHWElttC6zM,Pakistan,['18veno'],187298,2020,True,,0.855,0.637,0.006529999999999999,0.7120000000000001,153.879
7kWbUrccCegCJ9Ov3MfZjV,Trappin',['18veno'],117159,2020,True,,0.7959999999999999,0.5770000000000001,0.138,0.46299999999999997,154.862
7HFgsClzV6rjwCnaiVwfDF,We Don't Need,['1Farshad'],368890,1998,False,,0.6,0.9540000000000001,0.006509999999999999,0.7070000000000001,125.007
0leVyLipY7A8ruhkIBqc0E,1134,['GASHI'],266672,2019,True,,0.74,0.51,0.00805,0.08900000000000001,141.534
0zZ9FJPL4YPH69y2lYC0yy,1984,['GASHI'],73538,2020,True,,0.568,0.746,0.518,0.253,95.338
3Ykoxj6uGUJ3nnsKSzjoIH,1234,['Jordane'],191650,2017,False,,0.7,0.446,0.626,0.39899999999999997,106.854
7zBsI1J8ZfLkQc36g6xJmE,100 Rounds,['Ynx716'],156480,2020,True,,0.451,0.762,0.0518,0.519,77.165
4E61UoeyFeG9wDh52dU9dz,10/10,['Ricky'],133424,2019,True,,0.847,0.563,0.0152,0.374,101.458
0B5KeB25moPkcQUnbDvj3t,100 Years,['Five For Fighting'],244600,2004,False,,0.643,0.569,0.544,0.275,120.507
4zwNgPxBAVsj9svOBEVX4w,14 Fevrier,['Rakim'],198000,2019,False,,0.775,0.608,0.0981,0.665,140.071
3XC1Xb2urHWH84uWEtFRBz,12345SEX,['UPSAHL'],172819,2020,False,,0.917,0.461,0.10400000000000001,0.527,107.99
5xYKLlv5owfHzAXK3jj3hu,1983,['Vapid'],199373,2015,False,,0.368,0.815,0.184,0.456,168.764
0mWfCoA7FnD4YgJx9Mt4tw,1692,['Frayle'],310385,2020,False,,0.419,0.77,0.0668,0.221,130.004
1vlVe8NvgH5cvOQQuYzriG,Forever (Intro),"['112', 'Strout']",80005,2020,False,,0.501,0.3720000000000001,0.764,0.342,139.954
5ioRoJcWbOfT40VnOwxSJ7,Nowhere,['112'],245588,2020,False,,0.718,0.54,0.0231,0.665,138.004
5hwJ43FfW6KHEwPbKWQKKa,Exclusive,['112'],183908,2020,True,,0.485,0.5379999999999999,0.0065,0.38799999999999996,94.62299999999999
2l1iTVn5t6IBd2BtUsMGie,For Us,['112'],222211,2020,False,,0.6859999999999999,0.6859999999999999,0.00799,0.611,90.02799999999998
0C2cl1DU0tvsH110WModEe,S.I.A (Interlude),['112'],71479,2020,False,,0.75,0.163,0.863,0.655,120.132
6TH9yKzoto0u8D10oKErYD,Spend It All,['112'],210744,2020,False,,0.83,0.631,0.0208,0.812,120.001
4hqrvPlaF5hfYtWbRXUcoK,Looking for Love,"['112', 'Strout']",214646,2020,False,,0.565,0.44799999999999995,0.00863,0.273,110.696
4k2I6sle8fvbgxrlje8WhB,Anytime,['112'],209902,2020,False,,0.708,0.5479999999999999,0.008409999999999999,0.562,144.01
2i4uvlb57bBUgj0WJXXLkl,For Us (Outro),['112'],92589,2020,False,,0.61,0.544,0.982,0.684,139.861
39RMCk1pJJJXguxk39G7Vf,Skip Steps 1 & 3 - Live,['Superchunk'],208267,2020,False,,0.18,0.857,0.0581,0.0753,106.986
5inZIrSLVdICOty7o7HmQ6,Halftime,"['YS', '1takejay']",142574,2019,True,,0.872,0.6659999999999999,0.0836,0.48,101.03399999999999
4u7hsQADa3dSxST4lY2FsS,Bompton - Remix,"['YS', '1takejay', 'OHGEESY']",220500,2019,True,,0.8490000000000001,0.562,0.282,0.574,103.995
1E4x23BZdBNTM7Cb3yA8KE,1-800-DATEME,['mxmtoon'],114426,2017,False,,0.4970000000000001,0.0762,0.9670000000000001,0.68,78.816
01JERChpkx98Fl1l9hDu9t,16 Bars,['Dramaboi'],117499,2020,True,,0.703,0.6679999999999999,0.0634,0.614,179.75599999999997
2zLCyH0LyQhdxrF9hkwn6u,High-Tech Low-Life,['1991'],145200,2012,False,,0.179,0.34600000000000003,0.9490000000000001,0.728,196.613
1l46lObtzhbvIX1UNPpQAH,High-Tech Cold-Life,['1991'],292000,2012,False,,0.401,0.527,0.953,0.478,133.868
2eY8DA96AsiYTdtaXRi0tI,High-Tech Love-Life,['1991'],182857,2012,False,,0.265,0.401,0.0478,0.109,126.102
53XzgpsLF9TUoO5CO0cKet,High-Tech Slow-Life,['1991'],263000,2012,False,,0.716,0.124,0.951,0.0789,102.956
5L0twznuCcHNTwNH2d6OJ1,Regulate,['1991'],260000,2012,False,,0.18899999999999997,0.515,0.84,0.41600000000000004,82.429
7ryRKN9WKLHVkKWXNCZfZk,No Hope,['1991'],210133,2012,False,,0.12300000000000001,0.47200000000000003,0.602,0.083,152.037
4NDc8c2a5W808XE9aO4fYR,Celebrated As Difficult,['1991'],199627,2012,False,,0.36200000000000004,0.209,0.98,0.299,76.93
4kjFJve5ozxW15ODqn5jTv,No Fate,['1991'],168107,2012,False,,0.475,0.5579999999999999,0.455,0.226,128.549
6H6MmPDZivcm29bhpwsS1X,Harm Autumn,['1991'],378240,2012,False,,0.268,0.207,0.965,0.183,141.359
4goPlwJ3bY6gEwWlYwtORN,Alaiyah,['1991'],210133,2012,False,,0.22,0.11699999999999999,0.987,0.183,173.90900000000005
1SBnY8rCCEvzjeRRxOXI6K,High-End,['1991'],84053,2012,False,,0.231,0.0267,0.945,0.0363,141.91
54Ax336daDw4w1lRxoI7bR,1 of U,['Plies'],182561,2019,True,,0.66,0.607,0.113,0.0779,139.986
3Gqw9UtlgZaErxbyed3B9f,1997,['Cave'],168187,2020,True,,0.8079999999999999,0.6709999999999999,0.0854,0.376,80.113
4JkUp72ipRXqYm5hWVElSr,100 Bandaids - Stripped,['Faouzia'],158298,2020,False,,0.317,0.19899999999999998,0.747,0.33299999999999996,183.88099999999997
49VAbcr9ft2MvSw5A7sW41,12/12/12 (fellow friend),['Freddy Fargo'],134625,2020,False,,0.695,0.28800000000000003,0.89,0.441,148.013
2YIX0kppzV6I6qYpCOs327,10K,['Obongjayar'],197840,2020,False,,0.6409999999999999,0.823,0.245,0.47600000000000003,114.958
04wAOTxbIYvJkXiEyKReX4,100 Thoughts,['SL'],123844,2019,False,,0.934,0.77,0.688,0.963,139.931
7EDSixkBMb6uifIs5yBZeJ,10 Seconds,['UKNWN'],150004,2020,True,,0.637,0.542,0.244,0.29,83.95200000000001
4GlGiTsdICTSL0zlqkObT5,10 Minutes 10 Years - Audiotree Live Version,['Tennis'],194517,2018,False,,0.32,0.151,0.971,0.214,96.311
32T5AYD7uqzYtgw5NUrI0G,11:20,['Since99'],133769,2020,True,,0.7759999999999999,0.4370000000000001,0.0513,0.40399999999999997,129.933
1HdJtsjeiCqEaD7LnIloV7,10fifty,['Since99'],163490,2020,True,,0.85,0.42200000000000004,0.0228,0.484,140.05100000000002
3K2AASPGpOW4mJjSubfFdK,12 21 12 part 2,['Kinesis'],456338,2010,False,,0.6579999999999999,0.9229999999999999,5.85e-05,0.111,145.012
1xqPrbWvthCNod3Rd1cP5I,All My Life,"['12Fifteen', 'Forever M.C.']",193334,2019,True,,0.5870000000000001,0.611,0.0592,0.159,150.649
7yMkyHd2ueGoRvgf26kZo6,1am Parking Garage,['Dvorin'],65411,2020,False,,0.53,0.146,0.915,0.195,147.83
3RHBNAJWCihTBqS6XFDFLX,100 DAYS,['Duckwrth'],199163,2016,True,,0.649,0.531,0.514,0.40299999999999997,88.27600000000002
7BIzRoeIc92SVSQV2mydIk,10:10,['Hybris'],265078,2018,False,,0.631,0.932,0.0583,0.377,127.99600000000001
5oet9ngNWUoyIHDWk1Lmfo,101 Lakeview Drive,['Esgazette'],209062,2017,False,,0.882,0.29100000000000004,0.0293,0.23600000000000002,128.003
42QMPr54dPXNlJ63x9gOLZ,September 14th,['Silverstein'],194467,2020,False,,0.478,0.9670000000000001,7.64e-05,0.429,138.123
49ENobtYyy3CL9qjTOEitC,A Thousand Lives,"['At 1980', 'Dana Jean Phoenix']",273750,2020,False,,0.608,0.721,0.00351,0.7509999999999999,128.009
2AdL9XQnE6ROdNdCI7P3Q0,In the Air,"['At 1980', 'Josh Dally', 'Timecop1983']",200242,2020,False,,0.39,0.574,0.005,0.41,195.803
5xPPBgVw0h587mGNp91JUl,Missing You,"['At 1980', 'Josh Dally']",194783,2020,False,,0.535,0.755,0.0284,0.721,137.999
7GmVIbsezojdY3HCW9Yk1Z,Have a Heart,"['At 1980', 'Josh Dally']",211485,2020,False,,0.534,0.742,0.0856,0.8440000000000001,201.952
5LdtWmTFnv0imIRghRBoZQ,Oblivion,['At 1980'],228387,2020,False,,0.5,0.588,0.165,0.262,108.525
0gxaD8j2r8pPEiqy5JvaQB,Play It (On the Radio),"['At 1980', 'Josh Dally']",228578,2020,False,,0.647,0.573,0.0676,0.391,109.02
1A0Ttx76LkG3jvt22VJYZf,Now,"['At 1980', 'Josh Dally']",276801,2020,False,,0.484,0.41100000000000003,0.0373,0.0497,129.842
4hHWMlnp1VKJNSfRA86lCL,Drifting Away,"['At 1980', 'Josh Dally']",226078,2020,False,,0.631,0.601,0.000401,0.5870000000000001,114.024
0sEkxmQFrT6lgNHpuGLNcz,Run Away,"['At 1980', 'Camille Glémet']",259991,2020,False,,0.622,0.631,0.009590000000000001,0.162,115.01700000000001
0yvyiOffFjE0CbgYvwchFa,Neon Sun,['At 1980'],238923,2020,False,,0.233,0.489,0.249,0.0557,175.938
0CNolXkqcjhUEYdFjFDCy1,1982 Space Program,['Waveshaper'],272000,2015,False,,0.51,0.838,0.0031,0.11,104.96700000000001
4x1sTfUXhTPeNFAzq0iZrF,10 Million People,['Example'],262773,2014,False,,0.7340000000000001,0.825,0.11800000000000001,0.154,125.991
5qZ3fSrZkjggxZO1qxKLkf,1469,['phonon'],198000,2020,False,,0.682,0.7120000000000001,0.0279,0.26899999999999996,136.82399999999998
02I2z5ER1TaaU0H7gZnTOs,Skitter Smack,"['1f1n1ty', 'Hallow', 'Miyolophone', 'Stardew']",396476,2020,False,,0.449,0.833,0.0154,0.132,113.402
072jq48D7HhGJHfBcMtQs8,17th Summer,['Chilliwack'],554747,2019,False,,0.38799999999999996,0.726,0.111,0.149,119.554
0Z4bGeehirULW6HrCxGIsP,Give Me Your Love,['1da Banton'],251481,2017,False,,0.8270000000000001,0.7090000000000001,0.195,0.7170000000000001,105.985
5DmTtZUUJzypyEGlpM4BpV,Way Up,['1da Banton'],215040,2017,False,,0.611,0.774,0.45299999999999996,0.563,132.834
5Xb9XGgg36HUfiswx7kFI0,Balance It,['1da Banton'],222041,2017,False,,0.782,0.907,0.0754,0.648,105.025
6yhZMTGA8S5aKfTLou49jE,Is It Your Money,['1da Banton'],197277,2017,False,,0.763,0.6559999999999999,0.276,0.598,128.082
72ZA2jITY1RjqtdcP3xAkm,Calypso,['1da Banton'],227370,2017,False,,0.795,0.8370000000000001,0.0551,0.8690000000000001,110.045
4u2vW0IjG7sBEmmBpeMjXx,Limbo,"['1da Banton', 'Tim']",195004,2017,False,,0.682,0.843,0.495,0.9590000000000001,99.991
2cyHrKKp02X3shpKlbv0yY,No Love,"['1da Banton', 'Timaya']",229277,2017,False,,0.523,0.747,0.14,0.8340000000000001,99.541
6mOD3cA6Q9c13UMcptpBL1,Concentrate,['1da Banton'],191216,2017,False,,0.439,0.5760000000000001,0.0908,0.8240000000000001,67.8
3ydV13tDMoOJrGni7OLAFU,Joy - remix,"['1da Banton', 'HarrySong']",225071,2017,False,,0.6629999999999999,0.935,0.493,0.9259999999999999,103.919
79HchvTg2sSZnb049uSlfQ,Pray,['1da Banton'],213577,2017,False,,0.613,0.3,0.9420000000000001,0.3720000000000001,89.455
26pQRo1SH7MhMdhG2qO0V3,Jowo,['1da Banton'],236304,2018,False,,0.578,0.598,0.28800000000000003,0.491,98.48899999999999
5T48FF58KflNjbLpG7hZ4p,Undead,['Wednesday 13'],120760,2014,True,,0.29100000000000004,0.5329999999999999,0.14400000000000002,0.0366,180.09
4NdZHhusJdSmn7izLCQ4st,Dead Carolina,['Wednesday 13'],177960,2014,True,,0.569,0.374,0.36,0.0766,120.12299999999999
4GFXdxKVb4SDcVvsexyZkj,Haunt Me,['Wednesday 13'],248960,2014,True,,0.606,0.4370000000000001,0.00755,0.521,123.947
4wxTfUErpofqEMenEyj9xn,Nowhere,['Wednesday 13'],270640,2014,True,,0.551,0.345,0.665,0.0692,137.846
0DZMhvKAYaZ2pFawvheASw,Morgue Than Words,['Wednesday 13'],180173,2014,True,,0.573,0.488,0.33299999999999996,0.0657,117.99799999999999
0HTgNyvpUvfYsEMfJnO08k,Curse of Me,['Wednesday 13'],223187,2014,True,,0.56,0.396,0.461,0.151,130.114
1SQLsWrxYeforc1jL9hHnc,Welcome to the Strange,['Wednesday 13'],248707,2014,True,,0.6,0.36,0.581,0.156,112.23100000000001
3ohEI65WpDug5j05ZceH7a,Scary Song,['Wednesday 13'],172160,2014,True,,0.6729999999999999,0.29,0.25,0.428,120.21799999999999
4XJ9y8JCmDAzEYS77vMnk3,We All Die,['Wednesday 13'],181933,2014,True,,0.603,0.524,0.41200000000000003,0.632,110.02
52FTslq7HTy4AfCCcA4lPe,Ghosts Stories,['Wednesday 13'],249507,2014,True,,0.501,0.265,0.53,0.0385,120.235
09GzQvI02bstBpdw6PW8Yn,Transylvania 90210,['Wednesday 13'],232387,2014,True,,0.5429999999999999,0.298,0.00702,0.0395,129.941
0Q0TGBEr1wgxTTKAbHDfq9,1 Kweshun,['Chigul'],185705,2017,False,,0.804,0.715,0.47200000000000003,0.431,99.97
42jHr0ug4wovSGBb9BsATo,1978,['Anjimile'],268573,2020,False,,0.5579999999999999,0.465,0.825,0.57,145.92
3wVvXb3b0p4tlHssE0nWcB,1925,['Aether'],155173,2006,False,,0.531,0.281,0.988,0.348,74.999
2VVjcoPOB4OccPKCkjYNhy,Skit 1,['Storyville'],30467,2008,False,,0.6829999999999999,0.337,0.93,0.904,85.715
2fVQ7spDR0IiZaYZouL2ZX,Black Lambo,['Spice 1'],182167,2020,True,,0.912,0.579,0.0216,0.13,103.12700000000001
3fhKYm6B33xWDwggNKXJ6J,Floss on Um,"['Spice 1', 'Nyceboy']",182613,2020,True,,0.7979999999999999,0.597,0.257,0.321,80.031
23FOGViKFK4MaatF3QfCVv,The Game is Something Vicious,['Spice 1'],215520,2020,True,,0.861,0.66,0.0151,0.743,98.01799999999999
6BZFYskRumFI95MM8htjN9,Killa,"['Spice 1', 'Daz Dillinger', 'Q Bosilini', 'Buk', 'Frost4eva']",248920,2020,True,,0.753,0.61,0.0136,0.7559999999999999,172.007
2LM14Gbvm1lKHWCHjfGMzs,Fucc Yo Opinion - Remix,"['Spice 1', 'Q Bosilini']",297273,2020,True,,0.6679999999999999,0.512,0.0725,0.5820000000000001,106.689
4gVP91KUCWDssHCyTdoBmg,High Enuff,"['Spice 1', 'Billy Hill']",191472,2020,True,,0.723,0.629,0.287,0.845,90.985
1yzQ85CaZ870wUmg8oZGSw,Ride Wit Us,['Spice 1'],229621,2020,True,,0.555,0.59,0.17600000000000002,0.64,88.565
57k3oXdfVESktCK9FmxE5Y,Millionaire,"['Spice 1', 'Bold Boy', 'Yung Sosa']",178000,2020,True,,0.728,0.626,0.016,0.54,92.05799999999999
1GOQAOxjqKP1lEdyoAmNgY,I'm Gangsta,['Spice 1'],171008,2020,True,,0.6579999999999999,0.655,0.125,0.142,148.671
2NH1nv1HrzlSF6RDvKoWM0,Strapped - Remix,"['Spice 1', 'Q Bosilini']",205040,2020,True,,0.73,0.767,0.426,0.804,96.995
6r7yrTgcYpG7BSYhrUoDxv,10/10,['Ministry'],233427,1999,False,,0.353,0.922,1.38e-06,0.3670000000000001,171.96900000000005
1cwQI9EXXDhRV1yP70vHXc,"ringtone (Remix) [feat. Charli XCX, Rico Nasty, Kero Kero Bonito]","['100 gecs', 'Charli XCX', 'Rico Nasty', 'Kero Kero Bonito']",214529,2020,False,,0.8490000000000001,0.473,0.115,0.616,107.001
3GjBH3E4UY7ra3pFblFoQJ,1975,['ArmstrongWW'],102266,2020,False,,0.525,0.245,0.92,0.608,76.71300000000002
17jjlJbs1JT9M4vdTaoKPE,10. Korrika (1997). Euskal Herria Korrika,['Gozategi'],242067,1997,False,,0.779,0.649,0.56,0.847,131.99
0vakV6UjR7f8pCFMfoz2V7,1st Sense,['Luviia'],101000,2017,False,,0.738,0.763,0.0233,0.444,84.72399999999998
7mTprFcjgDiJMXbFXyJLdg,10 Years,['Dorio'],215299,2020,False,,0.7340000000000001,0.804,0.0929,0.745,112.054
4KaXOSzaFeHOF1LlaZlsuS,10 Years,['Dorio'],215299,2020,False,,0.7340000000000001,0.804,0.0929,0.745,112.054
6KjMvgPBb5r6yJWcMCpuoe,#1f1e33,['Camellia'],169245,2020,False,,0.16899999999999998,0.993,0.000334,0.0766,182.41400000000002
1OTtUoVbomBjrKnYQkgVXo,Superfly (feat. 10kkev),"['ShittyBoyz', '10kkev']",132866,2020,True,,0.6829999999999999,0.662,0.597,0.747,123.86200000000001
6jawcMPMc4m2sJIuUkYAVF,$100 Bet,['Luke'],73507,1993,True,,0.687,0.184,0.877,0.51,108.273
4CYRghIzdo56qmLJclECFL,1000 Eyes,['(Loudness)'],276067,2017,False,,0.606,0.8420000000000001,0.000356,0.369,125.39200000000001
7AHVUNoZArjkvlhoWnwonY,123,['Pom Poms'],175093,2015,False,,0.556,0.8859999999999999,0.00021400000000000002,0.865,109.494
1g3XxxIOcJnoxQF4yYH1bW,100 Knives,['Mirah'],232341,2020,False,,0.5329999999999999,0.172,0.938,0.147,112.566
0BxLEK5V6XsvRD0jpRkKCu,1 of 1,['Saweetie'],174026,2019,True,,0.7170000000000001,0.649,0.0103,0.259,167.016
7cJJYQhcxqpRbL3AyYDAqq,~^*+ 100k +*^~,['93FEETOFSMOKE'],81270,2020,False,,0.489,0.828,0.00982,0.43799999999999994,127.90299999999999
5LAZmgcF3iG3pm7E7kGTiw,100 Yu-Gi-Oh Cards,['TeaMarrr'],246857,2017,True,,0.486,0.34,0.617,0.0667,139.92600000000002
2EQcIZ579I4mzkuF2xD2Kl,Pearl,['1000mods'],211533,2020,False,,0.371,0.986,0.0001,0.517,162.92600000000004
2Rczayj2tsm1Uga5uQ58Kz,Midnight (The Hanging Tree),"['HOSH', '1979', 'Jalja']",178823,2020,False,,0.655,0.893,0.00243,0.5379999999999999,123.992
6tVKaswjNVfP3nXhgq127d,money machine - A. G. Cook Remix,"['100 gecs', 'Dylan Brady', 'Laura Les', 'A. G. Cook']",193742,2019,True,,0.303,0.758,0.376,0.5820000000000001,95.637
4svMP1NL2xVVjKAyreyz3L,147 Voices,['Svetlanas'],193027,2013,False,,0.441,0.972,1.21e-05,0.657,155.275
7BaUkGHwz3AGRhTeGV5zIJ,Will We Break the World?,['1001 Instruments'],225163,2020,False,,0.457,0.348,0.813,0.156,82.001
6ScMg8kSlh6Vtc3MqmA237,10% - Instrumental,['KAYTRANADA'],186481,2020,False,,0.853,0.7,0.0124,0.534,108.001
0k4kussOCsoWkHfsNKHUN6,1988,['TMSV'],367074,2015,False,,0.561,0.642,0.7140000000000001,0.315,101.958
2bz9VOL0MBzEJtVRsXDj7t,Oversight,"['District 1', 'Veronica Bravo']",237000,2019,False,,0.4970000000000001,0.602,0.0822,0.34299999999999997,160.011
0hNIRGJMDgzUb2d9q7bVWO,Circle,['H.1'],112941,2019,False,,0.5720000000000001,0.253,0.6970000000000001,0.10800000000000001,85.06
52HTnZUTXDoEdDrzFYvn9g,"Hey, Little Boy","['$1,000,000 War Babies']",190855,2020,False,,0.562,0.49,0.721,0.54,106.115
5qYg2ahhmiTmf8RJ9a3yGS,1937,['Governors'],273800,2017,False,,0.37799999999999995,0.863,1.4999999999999999e-05,0.531,139.934
3lYVCfhEWSnEaxSGhJXuao,"1,2,3 Reaktion",['Governors'],237000,2015,False,,0.4920000000000001,0.9540000000000001,7.83e-06,0.6579999999999999,115.016
3DHMg4IezmCNnkO6YHajd3,"1, 2, 3,... Reaction!",['Governors'],231880,2010,False,,0.578,0.9490000000000001,2.9999999999999997e-05,0.5870000000000001,115.01899999999999
7sno1XsbhcHWtsOSmxnpTY,1981,['Governors'],269280,2007,False,,0.44799999999999995,0.843,0.00952,0.41200000000000003,184.993
1rpYWdbwuSl8YLfXKxshvJ,money machine - A.G. Cook Remix,"['100 gecs', 'A. G. Cook']",192339,2020,True,,0.344,0.737,0.442,0.623,131.745
2T93MtJuKMzcGRTR8fdizV,"ringtone (Remix) [feat. Charli XCX, Rico Nasty, Kero Kero Bonito]","['100 gecs', 'Charli XCX', 'Rico Nasty', 'Kero Kero Bonito']",214529,2020,False,,0.8490000000000001,0.473,0.115,0.616,107.001
7A8nTtXJ36UN0mjEhUJyUO,745 sticky (Injury Reserve Remix),"['100 gecs', 'Injury Reserve']",212280,2020,True,,0.48,0.5760000000000001,0.382,0.32799999999999996,128.334
3wjMpxaZc4YFQaNuoj4w9Q,gec 2 Ü (Danny L Harle Harlecore Remix),"['100 gecs', 'Danny L Harle']",148385,2020,False,,0.41100000000000003,0.738,0.483,0.392,113.35799999999999
5Mm2CJzNRiICC5MWRWQnBo,"hand crushed by a mallet (Remix) [feat. Fall Out Boy, Craig Owens, Nicole Dollanganger]","['100 gecs', 'Fall Out Boy', 'Craig Owens', 'Nicole Dollanganger']",175699,2020,True,,0.473,0.9359999999999999,0.0335,0.545,173.53
5N7X3lGWDi4P0v2h9Vs9mF,800db cloud (Ricco Harver Remix),"['100 gecs', 'Ricco Harver']",103940,2020,False,,0.434,0.846,0.138,0.488,141.61700000000005
0aV4YQ18bZ9qt0PDUZIDSz,stupid horse (Remix) [feat. GFOTY & Count Baldor],"['100 gecs', 'Count Baldor', 'GFOTY']",132469,2020,True,,0.736,0.8590000000000001,0.0124,0.6779999999999999,165.94099999999997
0Zt2mXqXf9sCi2VqOuMZFb,ringtone (umru Remix),"['100 gecs', 'umru']",225969,2020,False,,0.449,0.745,0.222,0.355,124.84
3bz4WlzYw6XatcaTIh0zGX,xXXi_wud_nvrstøp_ÜXXx (Remix) [feat. Tommy Cash & Hannah Diamond],"['100 gecs', 'Tommy Cash', 'Hannah Diamond']",271256,2020,False,,0.379,0.847,0.00603,0.382,170.03900000000004
5YgXVo1eBpGSsLFhRkrwQw,745 sticky (Black Dresses Remix),"['100 gecs', 'Black Dresses']",171613,2020,True,,0.445,0.98,0.175,0.452,149.954
6dLAFNEb2ufM0OjhPpMbFY,gecgecgec (Remix) [feat. Lil West and Tony Velour],"['100 gecs', 'Lil West', 'Tony Velour']",128714,2020,False,,0.733,0.505,0.115,0.48100000000000004,139.953
2dG3EriZ3COuwIatqRCtY0,xXXi_wud_nvrstøp_ÜXXx (99jakes Remix),"['100 gecs', '99jakes']",201529,2020,False,,0.47200000000000003,0.8759999999999999,0.000166,0.273,127.00399999999999
4FeBA1bxkUae1aDsplsmrv,gec 2 Ü (Remix) [feat. Dorian Electra],"['100 gecs', 'Dorian Electra']",166356,2020,False,,0.441,0.882,0.305,0.733,170.19
3Kil8DEZI7WS6hN2RXltfl,hand crushed by a mallet (N0thanky0u Remix),"['100 gecs', 'N0THANKY0U']",160840,2020,True,,0.26899999999999996,0.948,0.529,0.392,176.196
6XU5ROiWvy4s4nJkM9UolQ,came to my show - intro,['100 gecs'],33660,2020,True,,0.67,0.19399999999999998,0.795,0.16399999999999998,128.132
4F6GREUxCHAw1m2Hj1b1rd,came to my show,['100 gecs'],140754,2020,True,,0.706,0.573,0.0232,0.391,83.52799999999998
4u2jCma9zHR59lfKxBIOoy,toothless,['100 gecs'],157360,2020,True,,0.6659999999999999,0.711,0.0266,0.9109999999999999,100.036
0tGqSYS7vc723VYaBErZgl,small pipe - live at fishcenter,['100 gecs'],79853,2020,True,,0.6459999999999999,0.153,0.797,0.523,134.69
1SnXfDfSalPX84fFSTo55l,800db cloud - live at fishcenter,['100 gecs'],163960,2020,False,,0.40299999999999997,0.779,0.22699999999999998,0.23399999999999999,130.393
7eUHKmZULxRKZQszrrgWZI,18+,['Cenzy'],238500,2020,True,,0.733,0.39,0.365,0.449,172.035
5G68kvh8ZtEWSHrSh2pQvT,1939,['MediaCrime'],275987,2006,False,,0.22899999999999998,0.8540000000000001,0.0527,0.424,165.03099999999995
1PjBog09mQ1adK3yiEVnNW,Machine Gun - 16 Bit Remix,"['Noisia', '16 Bit']",360021,2012,False,,0.374,0.885,0.0005059999999999999,0.305,104.96799999999999
0W24KTkQt8qwh6YpGZTa5E,100 Years War,['Audiomachine'],238754,2013,False,,0.366,0.66,0.0553,0.18100000000000002,74.969
4dO4oVzvRrRRsJgaT4ORlM,17again,['Powfu'],168000,2020,False,,0.409,0.504,0.76,0.499,169.24400000000003
6zgxB5Rmku4Ez6J9a0TVUo,12345SEX,['UPSAHL'],172819,2020,True,,0.9159999999999999,0.46799999999999997,0.0885,0.5670000000000001,108.03299999999999
0p2rwRPhdnWNl5YdPjWOsV,The Division,['100Hurts'],212414,2019,False,,0.698,0.872,0.00259,0.62,87.00299999999999
4jZgCIVxaLwz6L0HS9fJE1,1420,['Calamine'],203473,2019,False,,0.62,0.594,0.8190000000000001,0.6409999999999999,171.97099999999998
0mBacO0k3SqoX1oIFnNXi3,12 TIMER,['TopGunn'],139742,2020,False,,0.715,0.47700000000000004,0.465,0.574,154.805
3cv6NEBI1vM9cfhqkJjTdV,12 Balas,['Quemasantos'],351625,2015,False,,0.5720000000000001,0.9620000000000001,0.0017699999999999999,0.401,119.973
7DEZNjLzxIYPjLpCkxJe7J,112 Intro,['112'],76600,2001,False,,0.743,0.48100000000000004,0.0701,0.0921,84.941
6uRH1qMz30ZBwwUG0IYE5s,Dance With Me,['112'],231800,2001,False,,0.912,0.511,0.0259,0.611,101.62799999999999
769geiA8btidGHda4BBDOJ,It's Over Now,['112'],264933,2001,False,,0.66,0.71,0.0106,0.233,97.988
2SLZ2rX5773RS16mcqBxG7,Peaches & Cream,['112'],193093,2001,False,,0.677,0.52,0.00277,0.768,203.862
4E0psyPzApbWOMI20ZU7gZ,I Surrender - Interlude,['112'],74173,2001,False,,0.133,0.302,0.6829999999999999,0.12,175.18599999999995
09PqWERzm7JEEs0H1E1Jii,Missing You,['112'],240960,2001,False,,0.826,0.484,0.040999999999999995,0.7290000000000001,128.019
5HoVqOW9pQNgyWmQAjiyU6,All I Want Is You,['112'],221707,2001,False,,0.6579999999999999,0.83,5.12e-05,0.29600000000000004,102.03299999999999
31ogk4IUhStMXlkvKV5sfj,Don't Hate Me (feat. Twista),"['112', 'Twista']",259267,2001,True,,0.758,0.915,0.0261,0.7859999999999999,148.798
3GuliNti6PIEJoqUoPp8Wl,"Q, Mike, Slim, Daron - Interlude",['112'],118200,2001,False,,0.68,0.38799999999999996,0.578,0.742,87.36
5ZEyR4PSJyIWAK5ihkI21u,Player,['112'],283893,2001,False,,0.5870000000000001,0.397,0.47200000000000003,0.488,129.194
4BdKKkvIMGWN6AtqjrW9Hj,Sweet Love,['112'],326533,2001,False,,0.3720000000000001,0.375,0.17800000000000002,0.204,109.45
2F1bgB87gSEdq43ZrhYOKi,Smile,['112'],232733,2001,False,,0.594,0.593,0.35,0.418,105.993
0CJsYQdW6DXVN8Rovti9cm,Caught Up,['112'],243040,2001,False,,0.6970000000000001,0.922,0.0142,0.5429999999999999,112.029
7ufgJBLRZ3p3wTOmu6mgZ7,Do What You Gotta Do,['112'],230600,2001,False,,0.65,0.5670000000000001,0.0483,0.49,73.131
3S7KU1OgmzdGIkxDqeNg36,I Think,['112'],255133,2001,False,,0.735,0.615,0.22399999999999998,0.281,120.023
3Ts5cShCiN7hlRI6vuSxwt,Still in Love,['112'],284733,2001,False,,0.677,0.574,0.10800000000000001,0.36,124.042
7tT7nQRZClFWlrhuwR0B6h,Shame,['12s'],178909,2020,True,,0.91,0.449,0.485,0.268,140.012
6ixW5pT6VtfYwOHfxf8Tp8,Your Letter,['112'],320373,2017,False,,0.532,0.39299999999999996,0.379,0.122,138.95600000000002
6D9KQOouQLGlgvrVB4P3vZ,110 (Prolog),['LEA'],176373,2019,False,,0.495,0.7020000000000001,0.2,0.256,180.389
7CD07LvlUElYiL5C5dGLqr,110 (Prolog) - Live,['LEA'],209013,2019,False,,0.392,0.39899999999999997,0.635,0.19399999999999998,85.82700000000001
1eQcPzArwgVVmx8mnrkrYr,1-2-3-4U,['Us3'],282640,2006,False,,0.755,0.9009999999999999,0.0015,0.773,102.025
3HWXMpNHSsQkHj4eePAoXb,1AM Somewhere,['Bakes'],138244,2019,False,,0.691,0.617,0.564,0.515,173.122
3IebUc7Q8TMHZSfisQfCP8,1950,['AttackinBlack'],190427,2006,False,,0.16899999999999998,0.6859999999999999,0.109,0.0475,88.038
3hsohJ12kpoupTDG9CLQG4,16,['Zelooperz'],110785,2020,True,,0.8009999999999999,0.555,0.044000000000000004,0.8270000000000001,139.796
64GlitZPKRKQlUYoS9Fw0i,100 Degrees,['Kyuss'],156093,2019,False,,0.348,0.8590000000000001,0.00663,0.485,183.16299999999998
4VwvwlbNZavsDkRdIKFGBi,The First Time,['blink-182'],146933,2019,False,,0.513,0.953,0.00797,0.695,171.998
6GHAAp25FcGdaHgAn8rTif,Happy Days,['blink-182'],179000,2019,False,,0.539,0.857,0.00279,0.605,154.971
5RBM0pP9EE2azF3okstJIt,Heaven,['blink-182'],197373,2019,False,,0.513,0.892,0.08199999999999999,0.469,150.065
39n1y2JqVOPIdfUeLqzgfl,Darkside,['blink-182'],180960,2019,False,,0.4970000000000001,0.9229999999999999,0.00627,0.545,155.11
5vGtrfeMjb03aDHGDaIakG,Blame It On My Youth,['blink-182'],185987,2019,False,,0.439,0.941,0.0497,0.607,170.149
7Cvs8SemDG8Yok8B9GGjW9,Generational Divide,['blink-182'],49147,2019,False,,0.35,0.966,0.000177,0.135,184.887
2HtE3mNbcdJNxEsXuUK59X,Run Away,['blink-182'],147747,2019,False,,0.602,0.895,0.00124,0.38799999999999996,95.03399999999999
207xJdEW3KQZbkLqgl5b7G,Black Rain,['blink-182'],166320,2019,False,,0.509,0.878,0.0174,0.298,144.966
6KWcq5p0wsz97N3eoRUSH6,I Really Wish I Hated You,['blink-182'],191067,2019,False,,0.615,0.81,0.0358,0.728,143.054
330cmrgtnIj4NtPTYdDOZv,Pin the Grenade,['blink-182'],179440,2019,False,,0.564,0.9179999999999999,0.0031100000000000004,0.7390000000000001,157.921
6gc4LhCNFbbs6wQDgafu7b,No Heart To Speak Of,['blink-182'],220293,2019,False,,0.537,0.7829999999999999,0.000109,0.369,160.032
0xeYgM5UfwXZ1JEdT2MkhQ,Ransom,['blink-182'],85120,2019,False,,0.41600000000000004,0.807,0.0137,0.2,102.774
6p9sPxEVx6Y2eiyh6JtRZD,On Some Emo Shit,['blink-182'],189693,2019,True,,0.475,0.826,0.0222,0.42200000000000004,167.071
7rM9rmTzA4SEvtc9M6MKss,Hungover You,['blink-182'],178547,2019,False,,0.6629999999999999,0.7340000000000001,0.0225,0.628,119.97
30zjD8uAoLLckluGf0PNV6,Remember To Forget Me,['blink-182'],209813,2019,False,,0.611,0.639,0.0176,0.257,140.05200000000002
2LZY416KR7VkTDCiQgs6zt,Send It - MVRDA & Samplifire Remix,"['12th Planet', 'Barely Alive', 'PhaseOne', 'MVRDA', 'SampliFire']",251200,2019,False,,0.39,0.953,0.00124,0.221,111.61
7rMiPIh7OTz5ZCJxKBGvlp,Right Back,['RAS 1'],165973,2020,True,,0.609,0.494,0.517,0.701,96.775
6m2p85n0EyKzSFwffjkzDB,Peaches and Cream,['112'],193093,2017,False,,0.677,0.52,0.00277,0.768,203.862
1rz9156I4uht5G1ckiHaXh,I'm Not in Love - Edit,['10cc'],222853,2019,False,,0.316,0.665,0.66,0.258,133.707
30lgryvhHIA0sAe5SS122O,Come See Me,['112'],265760,2018,False,,0.701,0.37799999999999995,0.0263,0.604,83.796
2VG0jCvhVybgpvwmM0BiC5,Come See Me,['112'],265760,2020,False,,0.701,0.37799999999999995,0.0263,0.604,83.796
0xrPmOQK24Zk3f5mqCjIab,"1,000 Eyes - Live",['Death'],367757,1995,False,,0.165,0.9940000000000001,0.22899999999999998,0.0327,111.99700000000001
35bSP9sFknrzhzQS1lS2pt,Slide For Me,['169'],134480,2020,False,,0.494,0.373,0.81,0.366,142.70600000000005
3KZE0uFYL5DdReSh3POygX,No Fears (feat. Wretch 32),"['169', 'Wretch 32']",187303,2020,False,,0.797,0.56,0.115,0.239,95.01100000000001
4Mcir0KYq83l7jCCwMkEpS,Cocoabutter,['169'],160000,2020,False,,0.665,0.502,0.446,0.175,131.784
4bcOFHcrRee7SwCFok0tUT,Crazy (feat. Jaz Karis),"['169', 'Jaz Karis']",180334,2020,False,,0.48700000000000004,0.261,0.19399999999999998,0.19399999999999998,103.012
6GiJkCeg7UvqMC76gQr3dG,Millies (feat. Jaiah),"['169', 'Jaiah']",163862,2020,False,,0.53,0.6579999999999999,0.41600000000000004,0.337,144.97899999999996
2kb7cuwo7tL9CyPkO3g00J,Respect,['169'],295288,2020,False,,0.652,0.612,0.289,0.5539999999999999,130.023
2h4pxSuKrdCUCIfGxACl9i,Over Me (feat. KNWGD),"['169', 'KNWGD']",231273,2020,True,,0.8079999999999999,0.446,0.693,0.531,109.98
6uAGuwzHcXngFxyvVWsiWZ,This Way,['169'],118610,2020,False,,0.382,0.237,0.35600000000000004,0.265,76.342
6CQyHa0ymAhGp7dOeNAWGN,12 AM,['Arone'],149543,2016,False,,0.37,0.713,0.0156,0.273,92.31
1zt9Wz18EQDSFLPg0UPCaS,10 Inch Nails (Alluxe Remix),['Audiomachine'],155957,2014,False,,0.601,0.39,0.0109,0.037000000000000005,130.026
4xDricOQ8MgkFJ5YdlKj3n,1_n1Te,['LoneMoon'],188901,2020,True,,0.8170000000000001,0.753,0.0115,0.46,122.978
5RxU55kFPTmslbxuAWPVak,Withdraw (feat. Kasher Quon and 10kkev),"['Teejayx6', '10kkev', 'Kasher Quon']",165407,2020,True,,0.642,0.655,0.14,0.623,116.993
7uXUfqPt7AYMdfz3XeibJq,Sophisticated,"['Benamin', '10ille', ""Om'Mas Keith""]",185382,2015,False,,0.494,0.605,0.386,0.11800000000000001,90.096
3V6B2LnR0ai00H01sbd4I1,Doot Doo Doo,"['Benamin', '10ille']",180375,2015,False,,0.852,0.7120000000000001,0.141,0.8170000000000001,97.977
69ZEbM9O7oipaWPTqNcNA5,I Like It (Uptown Anthem) [feat. 10ille],"['Benamin', '10ille']",155375,2015,False,,0.76,0.41100000000000003,0.20600000000000002,0.792,95.01799999999999
0eGqgyoH4MIreTtIZKS01B,Espejismos,['18 Horas'],240440,2019,False,,0.496,0.599,0.488,0.182,140.02200000000002
6Yz0sxqdGSFVR2H5vnOUPH,Musicness,['18 Horas'],296560,2019,False,,0.442,0.594,0.0503,0.21100000000000002,143.938
2ukEFZUYS5SK7G84Ms9Vwp,Eterno Olvidar,['18 Horas'],308560,2019,False,,0.402,0.494,0.561,0.132,147.933
7vicupmQSL1shAb5zQBNBm,Alzando Vuelo,['18 Horas'],252787,2019,False,,0.4970000000000001,0.56,0.21899999999999997,0.175,137.971
1a5HIAHr3pv0KTP9RTtg3y,El Color Eres Tú,['18 Horas'],342453,2019,False,,0.25,0.371,0.607,0.11199999999999999,143.546
4yqYI6EPbLmEIinvAKjZLf,Pequeña Muerte,['18 Horas'],314267,2019,False,,0.522,0.442,0.648,0.0773,145.877
6hM4VISRcsBHrZjcoWnkse,Cloudy Day Pt. I,['18 Horas'],255880,2019,False,,0.445,0.469,0.598,0.23199999999999998,77.015
6VFZ1xp4VUxFcIoLGdJ4ap,Transcendence,['18 Horas'],252307,2019,False,,0.445,0.6809999999999999,0.295,0.395,152.08700000000005
19v8rx6aV8acyFPr44ilDG,Behind the Wall,['18 Horas'],310133,2019,False,,0.444,0.505,0.153,0.22699999999999998,78.01
6cnEGbMGdE651nVj8vT8bG,Texx Mars,"['Datsik', '12th Planet']",332726,2009,False,,0.75,0.738,0.0256,0.195,140.043
5tQP8DL0eP5a9uhxLuhW9L,12th House,['Kitty'],193101,2020,False,,0.625,0.7759999999999999,0.695,0.486,181.94400000000002
3h8Zj4UesEzvvi4JltZfuM,177013,['Sewerslvt'],176536,2019,False,,0.315,0.521,0.0177,0.0721,112.801
47rO4ynt0bN61OfzvgigYd,10 Till 2,['Windows'],205107,1992,False,,0.6609999999999999,0.38799999999999996,0.125,0.42,120.057
4PYOtHPJR0PJdodZ8OTgxR,100 - Acoustic,['Rotimi'],167393,2020,False,,0.614,0.21899999999999997,0.892,0.523,185.755
1Y8Qv2r0d9kbRc1fGio2Gv,745 sticky - Injury Reserve Remix,"['100 gecs', 'Dylan Brady', 'Laura Les', 'Injury Reserve']",212000,2019,True,,0.40700000000000003,0.445,0.32799999999999996,0.315,65.68
45oFrl2K9lE8r4AsDeGp4g,1967,['Quakers'],56092,2020,False,,0.813,0.9890000000000001,0.142,0.182,106.955
1Y7MNnEMhVRNOz2SN2BPIz,lullaby for an insomniac (intro),['1AM'],103142,2020,False,,0.28800000000000003,0.28600000000000003,0.879,0.11,77.423
76N2GK6Po9AjUGz3sT8YyZ,cliché,['1AM'],155015,2020,False,,0.511,0.4270000000000001,0.767,0.312,96.09
4eCvqvdoI3n6fNeJNVWQYC,bad company,['1AM'],245735,2020,True,,0.7170000000000001,0.431,0.245,0.304,126.079
4irw3li6L39TVzXB7ONvBb,my type,['1AM'],188289,2020,False,,0.623,0.46,0.706,0.498,152.825
5uGzECaYPUGmtExHTY92Sv,the other mother,['1AM'],261409,2020,False,,0.498,0.406,0.746,0.35700000000000004,100.839
01RWVa3X37zLtrVqyw9hMx,(iamnobody),['1AM'],73722,2020,False,,0.38799999999999996,0.16399999999999998,0.45,0.0385,141.266
1VHI3u4g2Cr5ISVuJJR54I,leaf,['1AM'],223142,2020,False,,0.38299999999999995,0.321,0.843,0.18899999999999997,127.76700000000001
69sHbIEw2QjfPrrxBdhJtu,backtrack,['1AM'],244992,2020,False,,0.524,0.326,0.895,0.479,118.01799999999999
6xbXxnJJRTrgkg0mXfWuCR,insatiable,['1AM'],180023,2020,False,,0.384,0.589,0.506,0.43,141.88
3x5MsY1THEHrOry1qGlDf7,in the dirt (heartburn),['1AM'],215480,2020,False,,0.69,0.506,0.569,0.568,137.007
5DTHSwbr4fmKu6hrUgeAS0,"1 Am, Pt. 1",['Sxtwlve'],226348,2020,True,,0.8240000000000001,0.544,0.384,0.528,140.208
1wLmraFQPowoUOpx2iXzMr,12 Days of Christmas (How I Want to Sing),['Jaime Jamgochian'],231280,2015,False,,0.645,0.604,0.302,0.38799999999999996,102.97200000000001
2MvPA0YtBrUbVPmQHdoHRT,After Dark,['1ST VOWS'],209714,2015,False,,0.82,0.342,0.0449,0.0329,118.904
4cM06YXf1laK8RY2LIfZIQ,I Can Only Give You What I Have,['1ST VOWS'],233798,2015,False,,0.703,0.332,0.7509999999999999,0.263,73.971
1V9y5HBITZIm76VZV4cRks,O.O.A.,['1ST VOWS'],262928,2015,False,,0.5720000000000001,0.40700000000000003,0.122,0.29600000000000004,147.046
78jRTnhwpYtWpI0T0a9y9F,So Violent,['1ST VOWS'],133204,2015,False,,0.4370000000000001,0.307,0.63,0.3670000000000001,70.499
1mSSAZmDSKPk9tkoEP0ajM,It All Came True,['1ST VOWS'],258395,2015,False,,0.64,0.40700000000000003,0.518,0.249,120.99
2itZ7XHdAOVEMxWV76ABY2,11:30,['Koi'],134508,2020,False,,0.5589999999999999,0.426,0.413,0.585,159.382
6RSQJWAsHqCAqhH9cgStE5,10K,['KB'],196132,2020,False,,0.8170000000000001,0.7170000000000001,0.0138,0.713,140.035
6BL4rwa7YCyOUnG6FPdvDa,1.9.9.3,['Lizardking'],216224,2015,False,,0.713,0.826,0.298,0.642,166.683
1OA2d84wOUeYfTtuJmO6Zn,The Messenger,['10 Years'],211280,2017,False,,0.491,0.941,7.31e-05,0.36200000000000004,103.178
0uyDAijTR0tOuH24hxDhE5,Novacaine,['10 Years'],169520,2017,False,,0.444,0.865,0.000106,0.74,188.03599999999997
5vhT2fcFXcRPnJPQA0m1fv,Burnout,['10 Years'],214133,2017,False,,0.38799999999999996,0.924,4e-05,0.628,177.97099999999998
3kBxK3O3nY0l2RThryJGTa,Catacombs,['10 Years'],214413,2017,False,,0.441,0.905,0.0015199999999999999,0.233,147.889
3nTFu6i6p4KxeEkKwlrmnV,Ghosts,['10 Years'],247987,2017,False,,0.522,0.9470000000000001,0.00021,0.563,130.037
2yfVbh5MAE80YBOc1Qdj7r,Blood Red Sky,['10 Years'],190853,2017,False,,0.45299999999999996,0.9229999999999999,0.00101,0.2,140.055
1ldzuczA6CF8x0m6hhQF2n,Phantoms,['10 Years'],254507,2017,False,,0.512,0.885,0.00028,0.5670000000000001,94.025
0OphUNzFrzNPL5WXNXOikr,Vampires,['10 Years'],237240,2017,False,,0.397,0.9309999999999999,0.00010700000000000001,0.589,159.965
6jliZpp5e3yE3C2WQdWphW,Halos,['10 Years'],233680,2017,False,,0.473,0.956,0.00054,0.469,158.015
1nUK0ruxCc4VztXzfozwFA,Lucky You,['10 Years'],218253,2017,False,,0.48,0.807,0.00293,0.341,149.889
7MeWdQPHcVBnf3jbYHo6PF,Insomnia,['10 Years'],242827,2017,False,,0.433,0.851,0.000657,0.37799999999999995,152.02
0RUT07YJpwHitwazT9ZGG2,The Shift,['10 Years'],180691,2020,False,,0.498,0.9490000000000001,0.000324,0.517,95.027
22aIl8RZ9Pv0yBguoFpwvd,The Unknown,['10 Years'],180592,2020,False,,0.484,0.807,0.00299,0.253,120.223
7CmakwGVFgGRAn2AXv0TXD,Waiting,['10 Years'],218934,2020,False,,0.295,0.9109999999999999,3.21e-05,0.456,79.115
5hB8y9u9HDsuvJEMZZrPoS,Déjà Vu,['10 Years'],159713,2020,False,,0.4920000000000001,0.935,0.000275,0.603,172.01
0gFipcfu5IqMlXMhQnAKdx,Without You,['10 Years'],210341,2020,False,,0.41600000000000004,0.879,6.790000000000001e-05,0.401,154.92700000000005
6SUSKBLphYGyzIyz8QrOxh,Cut The Cord,['10 Years'],168946,2020,False,,0.38,0.945,0.00011399999999999999,0.626,179.922
1OfL6tU4wfgQ1I1oJ3Stj6,Planets III,['10 Years'],145684,2020,False,,0.6,0.41200000000000003,0.84,0.14300000000000002,129.977
0gn1VqGwjM2eBkssBs7zo8,Sleep In The Fire,['10 Years'],188805,2020,False,,0.491,0.953,1.93e-05,0.299,130.112
6dKU258yxWOk8VNVaVodIZ,I Wish,['10 Years'],211145,2020,False,,0.27,0.9420000000000001,4.41e-05,0.361,84.155
48xZ7EfobRPoXNONTWeiW8,Start Again,['10 Years'],178281,2020,False,,0.451,0.915,1.27e-05,0.467,94.038
0Te7APnPqzA9Q3tOtMbCNr,Planets IV,['10 Years'],116818,2020,False,,0.475,0.423,0.825,0.122,140.02100000000002
2L9E1z43PXMNd9hIlRXemt,Say Goodbye,['10 Years'],249706,2020,False,,0.379,0.8370000000000001,0.0019399999999999999,0.504,85.02
2jyWetCebnUhzEcLDWP2Gc,"1, 2, 3, 4 (Sumpin' New)",['Coolio'],214187,2020,False,,0.9009999999999999,0.775,0.139,0.564,114.78
6018Cr8qjzKDfC4SPGevsE,Missing You,['112'],240960,2018,False,,0.826,0.484,0.040999999999999995,0.7290000000000001,128.019
2WdO7yqjRD86vgNDxpTIWt,1-800-Boof (Intro),['Boof Bois'],53403,2020,True,,0.518,0.5760000000000001,0.972,0.765,66.19
2ZbbQXKKEkwwNsdn6ktoGz,1988,['Blueprint'],184600,2005,True,,0.541,0.924,0.22399999999999998,0.63,95.05799999999999
4Kv9RfJyeisgGMwRNzzHEZ,1983,['Beach'],184615,2018,False,,0.6990000000000001,0.302,0.0039,0.214,130.002
7va3VJKsMjkhtC66ug6xlb,11th Avenue,['Akurei'],188657,2018,False,,0.7040000000000001,0.409,0.09,0.4920000000000001,136.079
5nOIaVEjs0ZsOwixV4j5lx,14,['Ademir'],235169,2020,True,,0.764,0.376,0.537,0.185,99.91799999999999
1sAN6GebSNNEqPmLwr0H7E,19,['Ademir'],248941,2020,True,,0.677,0.769,0.201,0.45399999999999996,176.955
0xqKui8OKNgkT5jYHIeYFU,Behind the clouds,"['H.1', 'Pueblo Vista']",68513,2019,False,,0.713,0.27,0.812,0.313,84.0
0QUNsfM5lsFWRo46A39Rc2,Red,['12 RODS'],377133,1997,False,,0.4320000000000001,0.8170000000000001,0.000413,0.251,100.23100000000001
6H6LWDHzkPuvxtjDLdnPvM,Make Out Music,['12 RODS'],231600,1997,False,,0.5,0.8540000000000001,0.10400000000000001,0.5660000000000001,73.433
1JvPQtXgj2F84DGdxUIOCK,Gaymo,['12 RODS'],369400,1997,False,,0.58,0.386,0.0577,0.3,75.41
5P0MZBGUxiqshpvt8wVVgW,Mexico,['12 RODS'],383133,1997,False,,0.586,0.917,0.00126,0.542,122.955
2lYcooIwJm9VuCvrgv2f04,Friend,['12 RODS'],334800,1997,False,,0.47600000000000003,0.7929999999999999,0.20600000000000002,0.565,171.817
401BzTFYEecTulCTknD8F0,Revolute,['12 RODS'],571067,1997,False,,0.38799999999999996,0.732,0.1,0.433,149.915
0O4DazrKf15LIY70XLSs0m,Angels We Have Heard on High,['No. 171 Middle School Jinfan Choir'],50467,2011,False,,0.284,0.0528,0.9940000000000001,0.33299999999999996,81.665
3GGcEi7Ot9rvnsKGx5RZzz,Requiem and Redemption (Commander Li and the Children),"['No. 171 Middle School Jinfan Choir', 'Joshua Bell']",132613,2011,False,,0.251,0.0633,0.9890000000000001,0.11199999999999999,90.23200000000001
75GC36acD4L0gtJGlZ95xh,1+1,['reezy'],160693,2020,False,,0.7829999999999999,0.6459999999999999,0.33899999999999997,0.5710000000000001,100.01100000000001
2iCLtILIVU3jeGE7EDdo9R,16 Bars Of Fury - Intro,['Kalifhaa'],65800,2004,False,,0.7979999999999999,0.9079999999999999,0.675,0.302,119.986
7ziYD9aYZpT3gU8rrEDm3x,Curbside Pickup,"['14 trapdoors', 'Camoflauge Monk', 'Smoke DZA']",215111,2020,True,,0.528,0.841,0.835,0.6829999999999999,176.114
4rHvom2am4MAhh7Ofaxxhb,LOVE,"['14 trapdoors', 'Camoflauge Monk', 'Dntwatchtv', 'Medusa']",174893,2020,True,,0.7879999999999999,0.511,0.17600000000000002,0.363,131.855
7wmfoWgGbfV3uuFbwlXdz2,I Did It All,"['14 trapdoors', 'Camoflauge Monk', 'Benny The Butcher', 'Rick Hyde']",198820,2020,True,,0.355,0.581,0.0718,0.542,87.381
27l8Knv6I8D7gJakaNHxQn,Most of the Time,"['14 trapdoors', 'Camoflauge Monk']",146566,2020,True,,0.706,0.7040000000000001,0.516,0.429,111.949
6JBCq5A9dhjx2PpZwxCZQk,Kaleidoscope,"['14 trapdoors', 'Camoflauge Monk', 'Qari']",257893,2020,True,,0.532,0.621,0.746,0.562,82.616
1B3Kf18DbZNBpLTzpiCxso,Hypothesis,"['14 trapdoors', 'Camoflauge Monk', 'Skyzoo']",248999,2020,True,,0.5870000000000001,0.7559999999999999,0.609,0.594,75.93
0XZg6sTOpZLM0iXnhGTCfp,My Bad,"['14 trapdoors', 'Camoflauge Monk', 'Chango4']",290280,2020,True,,0.71,0.644,0.614,0.547,145.925
7a9I6uy8M7s2JZrqoeB56A,Orion's Belt,"['14 trapdoors', 'Camoflauge Monk', 'Che Noir']",289628,2020,True,,0.312,0.723,0.6920000000000001,0.267,77.315
5qZRHGHtFHjYaPNH2O7mCV,The End (Interlude),"['14 trapdoors', 'Camoflauge Monk']",46000,2020,False,,0.45,0.47200000000000003,0.935,0.8240000000000001,76.925
7hxR4uNOTCdL4CMVhQKdBX,Means to the End,"['14 trapdoors', 'Camoflauge Monk', 'Royce Da 5\'9""', 'Boldy James', 'Billie Essco']",352000,2020,True,,0.45299999999999996,0.528,0.542,0.336,77.187
5kBEml7fqVMtT7dRRrrZma,Earth Speaks,"['Lukaijah', '1 Luv']",165625,2019,False,,0.79,0.6759999999999999,0.0638,0.515,129.957
2fC3grG447vgFElKPSY1y2,1999,['Hovvdy'],178480,2019,False,,0.575,0.369,0.935,0.303,105.30799999999999
3GXlNR34l2uEJmp6m7D78s,Pyrex - 160 Bpm Mix,"['160 Bpm', 'Kabuki']",297000,2016,False,,0.677,0.644,0.00141,0.21600000000000005,159.982
6Y2jf7dYFSPxpoH1KABMbS,"1999 - Live in Syracuse, NY, 3/30/85",['Prince'],351140,2020,False,,0.322,0.8140000000000001,0.0244,0.33399999999999996,127.161
6xFGVGjNLJPH2ZCeaAsAiV,1.2,['Muddyoush'],142533,2020,False,,0.502,0.9229999999999999,0.406,0.621,93.022
1f8B0ZHOvcxSjM9EeyqI2G,"1,000 Eyes - Live",['Death'],333526,1995,False,,0.165,0.997,0.9329999999999999,0.0337,150.477
1vziPTP045bC3nBgp5BfH5,16 September,['Breyten Breytenbach'],202067,2010,False,,0.667,0.833,0.161,0.8540000000000001,89.98200000000001
38nAJZl8kUTKpjo4sq8KK1,DESTROYUSALL,['1 800 PAIN'],183375,2020,True,,0.415,0.976,0.0222,0.179,119.39
7yOPE5LvpkynNqCk7nLEwl,HURT,['1 800 PAIN'],173182,2020,True,,0.5660000000000001,0.958,0.0585,0.382,153.999
5iY1FjXaB3gAjyfv68KpxB,LEGO,['1 800 PAIN'],152902,2020,True,,0.575,0.998,0.0329,0.419,175.053
5cV1dQURza6qPuS2PVB5tM,SHELF,['1 800 PAIN'],181463,2020,True,,0.507,0.972,0.0557,0.218,123.06
193WM8SfGp3y5ZQjD0qSOD,OUTSIDE,['1 800 PAIN'],152045,2020,True,,0.35100000000000003,0.996,0.184,0.25,175.84400000000005
0YZQKAB6PealTuv4eAjQm7,LURK,['1 800 PAIN'],182592,2020,True,,0.563,0.9990000000000001,0.218,0.363,165.025
0NFbHD9darYyDc8NzHUdyu,CAKE,['1 800 PAIN'],153224,2020,True,,0.78,0.8390000000000001,0.38,0.5670000000000001,82.48200000000001
0g5fNXDqdDFLRWENILmBYo,CRACK,['1 800 PAIN'],198222,2020,True,,0.531,0.871,0.0824,0.531,135.20600000000002
49DcQG1g5KZI7MeNFsAbuu,Another Day in Paradise,['101 Strings Orchestra'],257949,2014,False,,0.816,0.359,0.0859,0.9,108.00399999999999
6zfYABRJexyn5M6cbYbhwQ,151018,['Aether'],142286,2019,False,,0.125,0.113,0.992,0.0985,86.001
54eTQQQHJFuM9i1llW7ddV,10:56 - Audiotree Live Version,['Oathbreaker'],133393,2016,False,,0.266,0.047,0.909,0.10400000000000001,89.515
1F0V5ZSc30TQVFgAXkoxZd,11 Blocks,['Wrabel'],222213,2017,False,,0.5529999999999999,0.711,0.0216,0.293,99.515
6N59O7Diva3x3Uc2urHkMx,100,['Lusifer'],223556,2020,True,,0.6659999999999999,0.631,0.226,0.519,119.852
6kHDKPCxgANtgHbZ84Lc0B,The Shift,['10 Years'],180691,2020,False,,0.498,0.9490000000000001,0.000324,0.517,95.027
44gOLqsJmVDZEd4av1Bigc,12:30 Train (outro),['Exposition'],244400,2003,False,,0.6679999999999999,0.618,0.871,0.271,108.24600000000001
4mrHpU0oRQfdQwjzhKHw8k,100 Million Volts,['Turbeazy'],113664,2020,True,,0.634,0.8590000000000001,0.33799999999999997,0.12,145.082
46uEYsSnCQpwa4lIN3Fp8I,101 Turndowns,['Baby'],253930,2020,False,,0.35200000000000004,0.6559999999999999,0.00185,0.619,114.15299999999999
446yisO3kEEB2McPTkGbfl,1908,['Sire'],529119,2019,False,,0.278,0.32299999999999995,0.507,0.0356,115.045
18BNqQ5wnP5XzzP9dOxkfu,Anthem Temple,['A&1'],314880,2013,False,,0.8370000000000001,0.7959999999999999,0.312,0.8190000000000001,125.005
5YxLhghzxz2vNjceWYAZ2f,Test,['A&1'],506880,2013,False,,0.36200000000000004,0.77,0.27699999999999997,0.66,125.00399999999999
0JA1c9uned9tmzCUj2d1ea,How Do You Love - Tribute to Kerri Chandler,"['1 School', 'Sonia H.']",623640,2009,False,,0.716,0.76,0.00259,0.298,122.03
4DdN2VT5CgTO1q8OwOGYNn,Indigenous Beat Box - Tribute to Old Schools and Old Tools,['1 School'],605907,2009,False,,0.812,0.7559999999999999,8.290000000000001e-05,0.374,122.02799999999999
4bGsBOFxiTnxC93ZLnH2DA,#12,['Heisenberg'],449074,2014,False,,0.7120000000000001,0.883,0.0979,0.36,125.986
1JHO5PC93FOr3eUrqnP7Z6,#19,['Heisenberg'],510975,2014,False,,0.748,0.7929999999999999,0.0216,0.0703,90.01
32jS8lElviKcBBdusWxqLw,150 Murderous Passions,['Nagamatzu'],282173,2010,False,,0.462,0.779,0.000109,0.603,122.363
62olskzWsXC59b7GJNuqPv,#10,['Ricks'],402657,2014,False,,0.747,0.7390000000000001,0.00145,0.835,109.51799999999999
4uCuwDxOvqTQaAFN2FyjD4,1000 Volt,['Neosignal'],306227,2013,False,,0.27,0.9440000000000001,0.000872,0.195,105.07799999999999
32ef8I72xtq7B7T4klXVfq,Rock Star - Rev-Players Radio Mix,"['1AM', 'Rev-Players']",187130,2019,False,,0.7040000000000001,0.9690000000000001,0.196,0.706,125.027
6nmbCbnGI065VAZCH9I1ME,Rock Star - Rev-Players Extended Mix,"['1AM', 'Rev-Players']",277374,2019,False,,0.77,0.6579999999999999,0.0988,0.779,125.01899999999999
0SdOJ7ERf9u8ayvCyah3m5,Rock Star - Armin Van Masters Radio Edit,"['1AM', 'Armin Van Masters']",200611,2019,False,,0.6559999999999999,0.982,0.000315,0.266,127.99
5YwtKheS3ywe4sEt4GYEBY,Rock Star - Armin Van Masters Extended Mix,"['1AM', 'Armin Van Masters']",243827,2019,False,,0.637,0.9840000000000001,0.000171,0.316,128.058
3jasyNEjRi5IZ7bmFyiDPu,빛1990,['빛과 소금'],263131,1990,False,,0.648,0.833,0.00792,0.8,114.96799999999999
5xMHePEDgXRBU3YA3oy7xh,All That We Had Is Lost - 1987 Remix,"['Postiljonen', '1987']",245348,2014,False,,0.145,0.479,0.004529999999999999,0.0504,179.487
5QvnkG3CTE15m5KXnq2R8s,1nput This 2 Y0ur Spine,['Camellia'],318646,2020,False,,0.17300000000000001,0.993,0.00043099999999999996,0.23199999999999998,159.74
2XFO15riN8Mp1XXyluUsjg,The System,['Element 119'],310573,2017,False,,0.578,0.9209999999999999,1.86e-05,0.726,136.971
7C4axKLqAHBht1Zb7zsMSt,Free Radicals,['Element 119'],217260,2017,False,,0.74,0.8740000000000001,1.26e-05,0.446,120.005
6oL32IMbH2USjG7uIWBdjS,Reactor,['Element 119'],321184,2017,False,,0.654,0.99,6.45e-06,0.935,140.00799999999998
5yqWqoKVFR8jH6IYZrWUUW,Bad Girl,['Element 119'],227110,2017,False,,0.6559999999999999,0.897,0.0069,0.968,130.02100000000002
77U5kydp42Hmg6UhcXwGV7,Men of Vision,['Element 119'],288862,2017,False,,0.615,0.991,2.8800000000000002e-05,0.682,139.995
3jN9en9P2yRTR9ZrpKcBq0,Men of Vision (Pu94 Remix),['Element 119'],220000,2017,False,,0.617,0.992,0.000306,0.915,139.95
7BwcenjNhEpuag6GMFU6en,1995,['SevnthWonder'],189474,2015,False,,0.633,0.861,0.000421,0.14400000000000002,95.04299999999999
7j5zuRDpIW9CdRDcsLNxBD,110 (Prolog),['LEA'],175760,2020,False,,0.462,0.695,0.191,0.28800000000000003,179.764
6ns7kqzPgCpPtyrQeY3Aya,1995,['SevnthWonder'],189474,2016,False,,0.633,0.861,0.000421,0.14400000000000002,95.04299999999999
7345lrzuG4VfYKhbzQsWM0,Lautlos,"['Deladap', '17 Hippies']",353747,2006,False,,0.7929999999999999,0.9009999999999999,0.105,0.7709999999999999,125.051
4nENd5X5SHvcjdszJHyRc2,Breath,['H.1'],147143,2020,False,,0.654,0.141,0.745,0.16,84.012
1FbwUgCXY7R1VdmhSCxQaE,128 BPM,['Fellsius'],275625,2020,False,,0.6809999999999999,0.852,0.0502,0.32299999999999995,127.486
1LpyoC2OeaEsjmAURn23a3,1438,['Moneybagtay'],150178,2020,False,,0.83,0.401,0.371,0.35600000000000004,86.00299999999999
7dTT0A9XZvjcn1bbA5Cxd3,House of Love - Pedigree Mix,['East 17'],281227,2005,False,,0.62,0.968,0.0113,0.20800000000000002,117.521
6OWODeaQWGN6CMNXfPmrPN,Deep - Breath Mix,['East 17'],241813,2005,False,,0.5670000000000001,0.8540000000000001,0.0754,0.903,184.081
4KVThQFc43ufJBZz6tENXK,It's Alright - The Guvnor Mix,['East 17'],280961,2005,False,,0.612,0.934,0.0197,0.391,129.941
1wJuGYnPCRfbpiGJhJTdOJ,Stay Another Day - S.A.D. Mix,['East 17'],266240,2005,False,,0.516,0.52,0.499,0.509,128.007
4SMOj1XpY64t3myTAirk8q,Steam - Vapoureyes Mix,['East 17'],203387,2005,False,,0.6809999999999999,0.91,0.0424,0.76,116.041
2QqAZNvRB6uqHydtIhaubO,Let It Rain - Thunder Radio Edit,['East 17'],213373,2005,False,,0.5760000000000001,0.9790000000000001,0.0149,0.516,86.626
69kcbyQS55GZd0HQHQwN1O,Slow It Down,['East 17'],285573,2005,False,,0.6709999999999999,0.805,0.049,0.18600000000000005,88.244
6fj5hbo327dvmHth4fAs5R,"If You Ever (feat. Gabrielle) - Smoove Mix 7""","['East 17', 'Gabrielle']",255120,2005,False,,0.5489999999999999,0.805,0.147,0.613,140.042
6tg098geANpO0lNXtX8mgq,West End Girls - Faces on Posters Mix,"['East 17', 'Jeremy Allom']",267427,2005,False,,0.743,0.888,0.0334,0.748,102.44200000000001
0mwdOeUNj81xsSi8SYZLnp,"Around the World - Ourworld Master 7""",['East 17'],277800,2005,False,,0.511,0.7809999999999999,0.0382,0.647,176.125
2mG5x3Ztaa9CQYfwwPOId3,Thunder - Radio Edit,['East 17'],256200,2005,False,,0.52,0.853,0.272,0.65,173.703
2vRcVVlbOEYivSOXld57SH,"Gold - 7"" Collar Size",['East 17'],260400,2005,False,,0.588,0.9259999999999999,0.0801,0.531,120.12299999999999
1aZWPcgDogfEEzq9YrDpQt,Do U Still - Single Remix,['East 17'],258573,2005,False,,0.614,0.91,0.213,0.787,90.00299999999999
4o5OleaBqpUbWqfmOGUUH0,Someone to Love - Summer of Love Mix,['East 17'],240027,2005,False,,0.541,0.746,0.142,0.603,109.055
3EUaan2UNEWSEoVuLyZVXE,Hey Child,['East 17'],273067,2005,False,,0.384,0.591,0.0955,0.408,170.19099999999997
6S3qJLUl966dmyKbYc6o3l,"Hold My Body Tight - 7"" Radio Edit",['East 17'],219267,2005,False,,0.586,0.927,0.0603,0.764,98.0
0UexuxPJ0tzPXT2wtOWwCB,1999,['sadtoi'],156360,2020,False,,0.5770000000000001,0.184,0.956,0.128,116.009
6d9u3E8YBvIbC8h3MmL9je,1000,['Jay Jiggy'],123529,2020,False,,0.9,0.682,0.18100000000000002,0.7070000000000001,136.043
5dB02vHFlXxSlSbppp0XZS,Stay With Me,"['Melodie', '12-O-Clock']",203440,2000,False,,0.7040000000000001,0.47200000000000003,0.0968,0.657,180.25
2psVSDm8gFjKyAHz7VoGnn,Mobo Mean Muggers (Intro),['3:16'],175309,1999,True,,0.7120000000000001,0.622,0.301,0.198,186.123
16HOBn14pIoFLtZdzPdUYM,Camp Mix,['3:16'],277526,1999,True,,0.742,0.883,0.0457,0.33299999999999996,99.00299999999999
5NpAyZ5cCaCxnTUQQmSJ4f,3:16,['3:16'],198741,1999,True,,0.78,0.455,0.0196,0.0824,176.058
7aj0rsw8G4KvkS6cQytnaq,Why Did It Have to Be This Way,['3:16'],213474,1999,True,,0.746,0.439,0.109,0.255,179.41400000000004
51jNYAqOYcRAab6zaDMOaF,Nightmare Man,['3:16'],235704,1999,True,,0.602,0.716,0.265,0.302,95.98299999999999
1po9iZNSi8rVj7Cvke5piq,1million,['Descendantz'],119771,2020,False,,0.474,0.773,0.009909999999999999,0.8190000000000001,177.933
758M9fIpmjkhSM73C6Kpu0,18 Again,['PeeZee'],215253,2007,False,,0.73,0.7120000000000001,0.0859,0.5539999999999999,98.02600000000001
6OBAW9FDmFp7gc5gvqTheF,Big Bad,"['Murkemz', '100 Kufis']",167509,2020,True,,0.515,0.618,0.0137,0.16899999999999998,120.07799999999999
3gfyJjFQIdP50Anm5seV8G,Rockin',"['B-1', 'Soup D']",243122,2020,True,,0.475,0.693,0.007240000000000002,0.42,81.40100000000002
3QQ5FVHCJ4qddEP49DaYKM,Feeling Rite,"['B-1', 'PimpGame Shane']",215693,2020,True,,0.757,0.8540000000000001,0.28300000000000003,0.77,85.389
7whzohX8LbeHTJfGCj77uY,My Own Thang,"['B-1', 'Marilyn']",252291,2020,True,,0.493,0.738,0.0115,0.677,87.10799999999998
14ih7FNx76b4SIoueCpzFD,Pay Up,"['B-1', 'Se7en& Icy Hott']",192235,2020,True,,0.6779999999999999,0.9079999999999999,0.254,0.41200000000000003,77.065
1O8918C72xUig4mHrYqCY2,Grind 2.0,"['B-1', 'Klondike Kat']",233736,2020,True,,0.375,0.889,0.0035299999999999997,0.527,72.625
6AAG3BopX8DXSXSLYq5H04,On Butta,"['B-1', 'King Flea Da Boss Dog']",197328,2020,True,,0.435,0.8490000000000001,0.0377,0.5329999999999999,77.197
7objC7OU3N41xY8rV9GYNe,Tell Me,"['B-1', 'PimpGame Shane']",179958,2020,True,,0.532,0.872,0.0852,0.599,144.918
09XNKV5GjHZDX5iVBJQdRq,11 Hours,['Wet'],187440,2018,False,,0.622,0.332,0.8029999999999999,0.14800000000000002,115.97
2DA3e7ZK9yU1i4NYzblONv,10 Hour Drive,['DaBoii'],182112,2020,True,,0.523,0.65,0.14400000000000002,0.465,92.37
2ReVO7P4mLG3XD2wtLJONm,Misplaced,['Trigger 10d'],179493,2010,False,,0.522,0.7509999999999999,6.32e-06,0.645,127.084
1iIN8dduyLCusWlglc4kUa,Lullaby,['Trigger 10d'],251320,2010,False,,0.248,0.8540000000000001,4.93e-05,0.335,176.231
56ivxRMD6MPpMfeUMfaxOq,Skies Gone Dark,['Trigger 10d'],264987,2010,False,,0.524,0.9179999999999999,0.0103,0.395,107.061
6c0BREOodVI6ORik0hcbrK,A-List,['Trigger 10d'],183480,2010,False,,0.5329999999999999,0.972,1.7199999999999998e-05,0.5870000000000001,140.011
4rSoJ4NJ7jgESZRCIQP3Z5,Kiss the Door,['Trigger 10d'],248520,2010,False,,0.405,0.775,0.000715,0.355,160.10299999999995
4wsB3bwQ1LAxJBKlw6MHgt,Again,['Trigger 10d'],205987,2010,False,,0.48,0.785,8.56e-05,0.47700000000000004,173.922
1I5MRvzjGC3blPDq6Bw2NR,Laced,['Trigger 10d'],306640,2010,False,,0.40700000000000003,0.937,1.29e-05,0.413,127.04899999999999
7dPl2ajHqzMVsLVriQBQTC,Roadside,['Trigger 10d'],108147,2010,False,,0.7190000000000001,0.6629999999999999,0.000168,0.7240000000000001,112.029
1WvZs5eQ7XKaibsr2abt0N,Puddlehopping,['Trigger 10d'],305120,2010,False,,0.589,0.867,4.8899999999999996e-05,0.321,124.993
6Ih0jf8XuoM47IdsC7gNT5,Whip You Wicked,['Trigger 10d'],234987,2010,False,,0.597,0.9259999999999999,6.96e-06,0.48,122.98899999999999
1DMcfZbvxpyeUq9k6NVaw1,: 1000 Ways to Die [Hayride Freestyle] (Bonus Track),['Dutch Denim'],129672,2020,True,,0.778,0.377,0.0937,0.519,99.98899999999999
1aAh2NvAzM3MJfYesd2xUs,"120... 150... 200 Km, por Hora",['Leonardo'],286760,1999,False,,0.515,0.623,0.263,0.379,91.079
7LMfj5eHfLTOJuCCJeek33,Peaches & Cream (feat. Ludacris) - Club Mix,"['112', 'Ludacris']",235354,2001,False,,0.78,0.773,0.0227,0.752,102.02
7sE63hEei738GlpjW3UXo8,Peaches & Cream (feat. Ludacris) - Radio Mix,"['112', 'Ludacris']",239983,2001,False,,0.764,0.764,0.0225,0.747,102.025
2u5sLWLwizX60VzDXLwXLa,Peaches & Cream (with P. Diddy) - Original Version; Club Mix,"['112', 'Diddy']",234037,2001,False,,0.575,0.633,0.00299,0.7090000000000001,203.55700000000002
5pORAIx1TLwsuc2riiHaM8,Dance With Me - Club Mix,['112'],234003,2001,False,,0.9079999999999999,0.621,0.0178,0.623,101.639
60TVOOmhKXJgPm6KdXZzP8,You're Gonna Miss Me (Live),['13th Floor Elevators'],191587,2017,False,,0.35700000000000004,0.851,0.264,0.602,79.986
4FJAcoF1zTRScLyIGXjSKf,19,['Wakeup'],129914,2020,True,,0.799,0.544,0.307,0.575,129.028
7poXg6x6eonU7kPaR2drOX,18:29-4,['kent'],146960,2009,False,,0.198,0.21899999999999997,0.983,0.0601,71.885
35nbo4AYzSuXJLcJNzHKws,1000 Volt - Original Mix,['Neosignal'],306227,2014,False,,0.517,0.9440000000000001,0.000919,0.217,105.07799999999999
1qWCmXodeMWrqtUKFuVUIi,Vicious of absolution,['12012'],260613,2014,False,,0.337,0.79,0.00355,0.40399999999999997,126.714
1duM4rZ8iJiczikCn0INcJ,Story of a different dimension,['12012'],258187,2014,False,,0.35600000000000004,0.895,0.000168,0.52,144.934
6SrXMy0UJvnSMGoEFKkUWm,The red,['12012'],357333,2014,False,,0.424,0.9209999999999999,0.000332,0.386,100.024
7jkwFlTFTKeDeFQ3YwrGyv,Alone,['12012'],286920,2014,False,,0.287,0.742,0.0107,0.374,180.266
6NNrWzogUVWCwgQO5FRmdA,aqua,['12012'],557880,2014,False,,0.424,0.517,0.024,0.363,160.053
2iv1U6ulyjUIWJPSlrawHN,12:00,['LOONA'],73720,2020,False,,0.614,0.877,0.00569,0.326,128.037
3eAXFqsxM0Fgmxfmxd3gni,100 Degrees,['Sl333py'],172633,2020,True,,0.812,0.301,0.8240000000000001,0.493,139.03799999999998
3egCnQwe2dqQljZgBldjb0,"10,000 Feet",['Foals'],264156,2019,False,,0.379,0.865,0.00193,0.233,138.572
6kVdZ1kI6WTNasPIhzJN6c,Anywhere - Remix; Without Rap [Without Rap],['112'],281867,1999,False,,0.7040000000000001,0.797,0.0915,0.782,96.81700000000001
3O1mOhPPtrhTxh0YZdmXmN,Anywhere,['112'],244416,1999,False,,0.5920000000000001,0.499,0.174,0.863,125.824
7gLK4aKK1JUO1SDYzhr003,Anywhere (feat. Shyne & Lil' Z) - Remix; With Rap [With Rap],['112'],340627,1999,False,,0.748,0.747,0.106,0.743,96.823
2p8h9x7uILKctLhvyWaLB4,Only You (feat. The Notorious B.I.G. & Mase) - Bad Boy Remix,['112'],291933,1999,False,,0.7440000000000001,0.519,0.00993,0.82,95.764
5hc3hOpAH6DNFpBE5Dg6Tt,12 G's Marbach Interlude,['Liveola'],34344,2020,True,,0.752,0.483,0.013000000000000001,0.711,164.018
3F0NlC4wI6H790XgoBnXbc,12 G's Interlude,['Liveola'],30504,2020,True,,0.841,0.7170000000000001,0.20600000000000002,0.563,85.101
7nNpsBGE2Yj3JXvPmcgNnz,11:05,['Rhapsodist'],210000,2020,False,,0.6579999999999999,0.546,0.494,0.7859999999999999,159.99
03MNfrahZr8JaOyHrJBrcE,1000 Zvijezda,['Magellano'],288031,2015,False,,0.312,0.395,0.0185,0.8370000000000001,129.208
6qu5akwp7pbp8Zo4gBrZse,105 Is the Vibe,['Trashbat'],294857,2018,False,,0.79,0.621,0.0106,0.8590000000000001,105.022
1krRTmZSQx8qIsQWm62qN9,1988,['Money Money'],177293,2005,False,,0.639,0.875,0.0127,0.912,142.997
0T6K49PfwfW7i5I6mEUvCP,Donde Estan (Watcho6),"['116', 'Cardec Drums', 'Manny Montes', 'DJ Mykael V', 'Wxlf', 'Aklesso', 'Yavier Luisan', 'Ada Betsabe', 'Tedashii']",265146,2020,False,,0.4920000000000001,0.626,0.0399,0.484,97.94200000000001
7evXRyhlsaBlAIPCnNBUZk,Rompe Bocina,"['116', 'Cardec Drums', 'Tommy Royale', 'Social Club Misfits']",224851,2020,False,,0.486,0.82,0.0497,0.6459999999999999,76.007
6d9HuQKBKFQmKIHBOffbmx,Como Yo,"['116', 'Niko Eme']",173179,2020,False,,0.8270000000000001,0.6970000000000001,0.07400000000000001,0.861,100.001
2DmdiHUPtgmfzkJowQj9wk,Ella,"['116', 'Wande', 'Lizzy Parra']",201013,2020,False,,0.9490000000000001,0.491,0.0212,0.569,135.011
3cumoI3Q2tOe6E6qCO4SaI,La Fiesta,"['116', 'Lecrae', 'Funky']",212651,2020,False,,0.772,0.813,0.0117,0.524,100.022
4BH6PchH1laKH2O02QNCu2,BUSO,"['116', 'Tommy Royale', 'Angie Rose', 'Cardec Drums', 'Townix']",188032,2020,False,,0.7659999999999999,0.6890000000000001,0.00199,0.657,97.994
6ibIgjwzVSWGSKNs8raZX5,Bomba,"['116', 'Práctiko', 'Derek Minor', 'Cardec Drums']",180992,2020,False,,0.596,0.564,0.0869,0.297,139.768
6ak71F2Q7WPiBjB8mG7pGu,Voy a Amarte,"['116', 'Ivan Rodriguez', 'Byron Juane', 'Cardec Drums']",212267,2020,False,,0.639,0.648,0.0028,0.23199999999999998,129.976
2t2oc79mwM4I2cZiCUCRje,Como Fue,"['116', 'Don Ryvcko', 'Cardec Drums']",168459,2020,False,,0.8540000000000001,0.733,0.0117,0.754,92.0
16ANyjg987JDMrQ038TjKp,Mejor,"['116', 'Cardec Drums', 'Antonio Redes']",183957,2020,False,,0.625,0.677,0.191,0.531,185.752
0MdtBu19dGsHRLwlRuyeNZ,Celebremos,"['116', '1K Phew', 'Niko Eme', 'Yavier Luisan']",182720,2020,False,,0.81,0.527,0.00861,0.447,158.0
7rq5AYxJRydrMP76yi1FLa,Ambiente,"['116', 'WHATUPRG', 'Tommy Royale']",192487,2020,False,,0.747,0.613,0.0278,0.725,181.88299999999998
0DmKtp0DJlgjlXphMOuaB4,Shootin' Craps,"['187 RicKy', 'Dead Hippie']",123584,2020,True,,0.605,0.6,0.00265,0.499,77.961
2RlwNzzDdY7n2x8sEMJQdb,Neva Slippin',"['187 RicKy', 'Dead Hippie']",147290,2020,True,,0.826,0.33799999999999997,0.0295,0.657,140.113
0yGAMMsu7edX29LesoQQdf,Dj Gwizznaztii (Skit),"['187 RicKy', 'Dead Hippie']",111348,2020,True,,0.725,0.444,0.0197,0.622,86.06299999999996
5cKP13SGRfrWAvQ8UXHyiS,Nigglet,"['187 RicKy', 'Dead Hippie']",147070,2020,True,,0.604,0.48,0.0161,0.7240000000000001,80.223
4iYnP5NIWFydO5dI4N9B7M,All My Niggaz,"['187 RicKy', 'Dead Hippie', 'Kshon']",154731,2020,True,,0.629,0.513,0.0647,0.375,80.07600000000002
0cJc39680NEWaACqTVhuG2,Robert Freeman,"['187 RicKy', 'Dead Hippie', 'Wiardon']",211165,2020,True,,0.706,0.5710000000000001,0.0886,0.6920000000000001,77.709
5CqfLwXz23L1jXxsqURXKK,Da Chevron Skit (Sherm),"['187 RicKy', 'Dead Hippie']",175469,2020,True,,0.613,0.381,0.0739,0.20600000000000002,93.586
3a8G7AnBwDxLdWqn9T7NLc,Southern Flow Murder,"['187 RicKy', 'Dead Hippie']",120128,2020,True,,0.555,0.5770000000000001,0.0591,0.14400000000000002,91.706
7rmnNsVkX6RpHtA97QK09X,Drop It,"['187 RicKy', 'Dead Hippie']",137959,2020,True,,0.895,0.5720000000000001,0.0019100000000000002,0.966,80.98
3R16gRc57SMift8yD2d72a,Comercial Break (Skit),"['187 RicKy', 'Dead Hippie']",55208,2020,True,,0.565,0.41100000000000003,0.415,0.7140000000000001,149.825
1fCX7HVWyAM0hqt7hhQj94,New World Order,"['187 RicKy', 'Dead Hippie']",111590,2020,True,,0.778,0.705,0.083,0.306,140.007
2VUyskQF0eFsQY4qjcrgCB,G'z N Playaz,"['187 RicKy', 'Dead Hippie', 'Kshon']",264319,2020,True,,0.742,0.5760000000000001,0.00972,0.619,82.03399999999998
5QuIRdOd2ovg0hYfh9bspx,11,['Thouxanbanfauni'],121809,2020,True,,0.763,0.41700000000000004,0.679,0.423,134.151
4EZHlncS40IMG6226nyzoO,112,['UNDERGRUNN'],170124,2020,False,,0.767,0.6970000000000001,0.64,0.478,140.94899999999996
2LjzFouLX4L2oeRybhpDRv,10 Up,['Veeta Venom'],175386,2020,True,,0.68,0.544,0.215,0.324,115.101
7F1kCX5VNoUxw4ZsJGD4ro,Demons,['100 Proof'],202228,2020,False,,0.475,0.5539999999999999,0.158,0.5870000000000001,167.045
3jKSaoH5O5tbj0IAYZFRV3,Love Song,['100 Proof'],198095,2020,False,,0.624,0.528,0.278,0.32899999999999996,84.43299999999998
62Vj0tTSkykjVUoxpaugKw,Wish You Hell,['100 Proof'],202084,2020,False,,0.39899999999999997,0.561,0.17300000000000001,0.14400000000000002,174.614
4YMJJCkWYxbxA7sXkVexJ4,Lost and Found,['100 Proof'],219253,2020,False,,0.59,0.38799999999999996,0.344,0.3670000000000001,151.911
20aeXP3njEo6VyAy23Lnjq,The Promise,['100 Proof'],269123,2020,False,,0.493,0.201,0.47600000000000003,0.136,135.951
17DWJDWGHfGgbqi4Bf5SG3,Wishful Thinking,['100 Proof'],216085,2019,False,,0.507,0.747,0.156,0.45299999999999996,86.02
4boi9cXQyHpDmAAGES6rLl,Wish You Hell,['100 Proof'],197433,2019,False,,0.483,0.762,0.0176,0.39799999999999996,89.904
2b6aXfhvLO25DLjPjBpquU,The Promise,['100 Proof'],310100,2019,False,,0.4320000000000001,0.365,0.28,0.0896,125.837
2Gy2LebmuMRoGSZvGu4FwH,Sea of Trees,['100 Proof'],280085,2019,False,,0.54,0.546,0.166,0.225,130.215
57laxOWQt1kiNJOJKyBkXr,Natural Born Sinner,['100 Proof'],182100,2019,False,,0.691,0.537,0.326,0.39799999999999996,75.084
4WHpctKeb4h6QCwgDUptAB,Lovin You,['100 Proof'],224105,2019,True,,0.457,0.8690000000000001,0.00505,0.732,180.138
64rkxF4uk71aT5wSvB6eml,Lost & Found,['100 Proof'],220918,2019,False,,0.557,0.758,0.122,0.35,144.208
34Ge1iDzy4qI0LjHuJ6Tkx,Demons,['100 Proof'],190563,2019,False,,0.54,0.843,0.0161,0.561,90.08
4XVEMbhwglKxNSB9Fk9Ugj,All That I Want,['100 Proof'],172095,2019,False,,0.614,0.642,0.214,0.564,74.058
1KszfSsLgoojNDFyLaGrn7,Love Song,['100 Proof'],201953,2019,False,,0.46399999999999997,0.7440000000000001,0.0645,0.534,167.00099999999995
2EzGakPwpfMO7UWq0JnkJr,No Hesitation,['100 Proof'],255659,2017,False,,0.376,0.7070000000000001,0.008329999999999999,0.4320000000000001,150.054
19mHRkYH3o2u9LmYn4wlCa,Quite Like You Do,['100 Proof'],197099,2017,False,,0.823,0.752,0.0979,0.535,105.12799999999999
50llMo6Ug17DRs2NrDkzr2,A Little Early,['100 Proof'],263090,2017,False,,0.45899999999999996,0.948,0.0035,0.547,105.383
4nRl4yyaMkjSWACBV05UB2,Ring Out,['100 Proof'],253895,2017,False,,0.581,0.5660000000000001,0.0472,0.309,140.971
6ugfmbVAaXctauIoL8wIeI,Make a Way,['100 Proof'],210495,2019,True,,0.7509999999999999,0.5429999999999999,0.0314,0.21100000000000002,130.02200000000002
4cHXJjsv1KSFNxYpyNObnP,Jimmy Mack,['100 Proof'],180950,2019,True,,0.765,0.6829999999999999,0.16899999999999998,0.23,129.97799999999998
0p1sn8Fj8L4TPIWekfAWAB,Instalove,['100 Proof'],191791,2019,True,,0.7829999999999999,0.524,0.0956,0.496,143.02200000000005
0Z4dRxsqahKnOev4WViJh1,Letter to the Industry,['100 Proof'],163187,2019,True,,0.807,0.632,0.025,0.45799999999999996,130.085
4rtBEfwn8TflamcN5HQnxd,Yellow Gold,['100 Proof'],198661,2019,True,,0.804,0.46,0.00206,0.506,144.999
7EXKuG6Y2hiyJqzUio6nYq,Pretty Lil Percocet,['100 Proof'],218749,2019,True,,0.619,0.713,0.065,0.29,84.99700000000001
1pGwuCmTjyIYreZa0z5PxM,Som Wrong,['100 Proof'],187089,2019,True,,0.835,0.517,0.0403,0.361,135.945
05b90eQ3ZRChoswDtqZ3TH,White Noise,['100 Proof'],181551,2019,True,,0.701,0.7040000000000001,0.0457,0.541,139.967
6oqUOmBL2959HrLGCEBH1z,Long Nights,['100 Proof'],201718,2019,True,,0.795,0.625,0.0346,0.4270000000000001,144.002
135sp1EsBix6RlvOC0mmOf,You Know,['100 Proof'],272927,2019,True,,0.773,0.54,0.013999999999999999,0.256,120.008
4OBNCO59dDkxhKXve0Da8I,Side Piece,['100 Proof'],259318,2019,False,,0.767,0.758,0.0254,0.306,136.938
0bZLxSHMfUWnRZVxASe73j,Drip,['100 Proof'],236173,2019,True,,0.627,0.672,0.134,0.0641,140.07399999999998
6VTg0t7JzkhJRgi69OuJ70,Work,['100 Proof'],162168,2019,True,,0.743,0.6509999999999999,0.011000000000000001,0.426,78.225
0SCebFJVdnvQaBhUDebu78,Go to Work,['100 Proof'],212950,2019,True,,0.723,0.784,0.0323,0.8190000000000001,160.066
34bInUoK7uL1qyz4QbR2dU,Like This,['100 Proof'],261224,2019,True,,0.784,0.639,0.000516,0.376,118.887
4QiYPHWTo0Sw0TPQujXMAn,Wave,['100 Proof'],206568,2019,True,,0.84,0.637,0.0030399999999999997,0.711,119.96799999999999
6YcTQ9Vj4IoUfhrFPK5KVz,The Morning After,['100 Proof'],50736,2008,True,,0.33899999999999997,0.95,0.598,0.0321,133.934
4gUKYszxCjj23N0YdNArjj,Ya'll Don't Understand,['100 Proof'],191216,2008,True,,0.6459999999999999,0.9440000000000001,0.121,0.597,172.15200000000004
3omn2IbNJ7cthZZTzIyyvx,Good Lord,['100 Proof'],186178,2008,True,,0.753,0.907,0.244,0.807,79.987
1q8K4YnCyaKok6Eo1abCkM,Sick,['100 Proof'],167625,2008,True,,0.7170000000000001,0.718,0.105,0.767,93.927
2rTkICROeAXLDYSBgRoLAg,Kingpin,['100 Proof'],240443,2008,True,,0.56,0.895,0.0211,0.599,90.006
2262wEqO86dIsBzscVZAg7,Movie,['100 Proof'],257453,2011,True,,0.485,0.89,0.28,0.45399999999999996,108.969
5KgafOIt2cagkqlXPwSbLY,City Lights,['100 Proof'],267200,2011,True,,0.43799999999999994,0.9309999999999999,0.00687,0.515,108.387
2cgbkx66qVVMnkwyfA46fn,OG,['100 Proof'],193587,2011,True,,0.846,0.3670000000000001,0.044000000000000004,0.192,74.97
6a8TqD5MStzF3gM1Swx5TD,Damn Good,['100 Proof'],173107,2011,True,,0.604,0.6509999999999999,0.225,0.299,87.899
4EH0LMBz2OWTOArOyLFXBp,Belly Dance,['100 Proof'],202067,2011,True,,0.441,0.778,0.142,0.5579999999999999,80.702
7DIjScW3LPd1TypGNXkdMs,Xclusive Chick,['100 Proof'],205947,2011,True,,0.5670000000000001,0.493,0.0853,0.359,74.82
7jAoRwBpOEhBZXoLroVWIN,Rewind,['100 Proof'],294520,2011,True,,0.441,0.7759999999999999,0.0434,0.578,86.87200000000001
1AsPfiEglYWe5KSlIFxEfm,Know,['100 Proof'],287027,2011,True,,0.431,0.8959999999999999,0.114,0.213,134.03
0tJ9OQQnhYoWmkbE5mO8fN,Fight Muzic,['100 Proof'],168000,2011,True,,0.725,0.684,0.213,0.501,79.506
2QcWXucezCUYXsFHM3suHD,Try me,['100 Proof'],181853,2011,True,,0.5770000000000001,0.71,0.0133,0.299,147.861
7EX6P0YFsSRYlBu3Btz6tq,What up,['100 Proof'],182373,2011,True,,0.7959999999999999,0.637,0.0724,0.282,100.037
33tDqeiVW3PtgHiQAmfB6v,My All,['100 Proof'],184293,2011,True,,0.446,0.8270000000000001,0.243,0.337,136.132
1XdAjlX7RlDKt0V0I88lgK,Dont believe TV,['100 Proof'],214307,2011,True,,0.496,0.862,0.212,0.4970000000000001,78.018
0IxkbQA5umzII9qPcUXuiP,Supervillian,['100 Proof'],265133,2011,True,,0.42100000000000004,0.507,0.10099999999999999,0.384,81.544
49RaaGlUrZJLQ9uD20ryzg,Jokers,['100 Proof'],187267,2011,True,,0.664,0.747,0.0695,0.3670000000000001,86.164
4euvV3aWqeXYqhbJAlfV95,Superphly,"['100 Proof', 'Julez Xavier']",183799,2019,True,,0.7390000000000001,0.574,0.0108,0.706,150.096
622Ng3axGsJKP9QIq8j7hD,Grams,['100 Proof'],150597,2019,True,,0.757,0.6709999999999999,0.316,0.6779999999999999,144.966
1DPaNuFbFbV3gdgZQ3Frm5,Blue Paper,['100 Proof'],155691,2019,True,,0.898,0.491,0.0161,0.742,147.97799999999995
3CKCHESnOhVJfGLCgB3MDR,Lies,['100 Proof'],174744,2019,True,,0.8740000000000001,0.45299999999999996,0.17600000000000002,0.568,132.094
4p4ljEGjpwpRh3Pf6hSngD,I Can Flex,['100 Proof'],215015,2019,True,,0.924,0.32899999999999996,0.0419,0.442,124.994
5jnVoRrtU9933KjwIjwgbC,Intro,['100 Proof'],217640,2014,True,,0.575,0.493,0.441,0.628,80.34100000000002
0UwRlrqEocFsiW2pPIwR2h,Fast,['100 Proof'],217507,2014,True,,0.38,0.5379999999999999,0.0575,0.278,82.561
3iaqSDedh39kYQQ7C4eFZl,Louis Shades,['100 Proof'],227413,2014,True,,0.48,0.47200000000000003,0.124,0.366,77.626
3TWGTtCZLfH0QPLMBEn5JK,BFF,['100 Proof'],208267,2014,True,,0.544,0.379,0.511,0.441,129.412
6pxVInSh7F1w0OFrExMYlq,Blind 2 Celebrity,['100 Proof'],185307,2014,True,,0.508,0.5710000000000001,0.409,0.542,89.98299999999998
5qiMVtbyHIQfMyvHnx54FQ,Yoiungstown,['100 Proof'],213307,2014,True,,0.485,0.451,0.353,0.413,154.385
1Cimrf9QsWGmkYdUDoxFqE,Fresh Sick Dope,['100 Proof'],184160,2014,True,,0.698,0.27399999999999997,0.475,0.733,83.895
4luuMDN581O7eyiqA58x66,Crazy Love,['100 Proof'],206200,2014,True,,0.495,0.5820000000000001,0.0321,0.545,100.38600000000001
0KlJ89Qq2sjydGssFAgpsP,I Used to Love Her Too!!!,['100 Proof'],275880,2014,True,,0.569,0.715,0.28300000000000003,0.5379999999999999,134.226
7xETgWYY9Ml1JmGxQvuVnZ,Roll Up and Smoke Interlude,['100 Proof'],184307,2014,True,,0.504,0.57,0.0144,0.479,74.891
6sGeSqoyFCm7q2wpawicbs,Mulah Baby,['100 Proof'],255360,2014,True,,0.7340000000000001,0.337,0.134,0.414,151.97899999999996
13GYHjKfbn5QW5dv4Ls9Ii,Uknowweball,['100 Proof'],271533,2014,False,,0.33299999999999996,0.551,0.19699999999999998,0.555,128.178
5RAYs6TARz8vtKLnDQleYS,G Shhhh 2,['100 Proof'],209707,2014,True,,0.519,0.539,0.00256,0.485,137.52200000000002
3D3I0XZmaDEu5UMjwYxqct,Hustla,['100 Proof'],271480,2014,True,,0.461,0.499,0.366,0.494,81.78399999999998
3hcQO3aFaku38HrRW8ulwT,@God,['100 Proof'],215347,2014,True,,0.39399999999999996,0.611,0.396,0.368,168.067
1K4kAuB2c3Fq3grkFCG5co,The Key,['100 Proof'],200667,2014,True,,0.528,0.594,0.33299999999999996,0.092,74.665
5RVfLoFjoMjozGcGxJVKVm,Neva Again,['100 Proof'],255333,2014,True,,0.44799999999999995,0.555,0.00867,0.29600000000000004,84.82700000000001
75nONekMsNVlx8UW3p7qO5,2 Far 2 Quit,['100 Proof'],199933,2014,True,,0.466,0.642,0.317,0.532,92.59299999999999
2lMYPW9uFB2KS4qAQDr5W9,Cry Blood,['100 Proof'],226907,2014,True,,0.447,0.375,0.099,0.201,152.93
3xvg2lfS3BmGBet9XKG2qx,No Doubt Interlude (Outro),['100 Proof'],224147,2014,True,,0.43799999999999994,0.607,0.0611,0.483,79.509
5PCpknul2WLQsVtZrQjZMK,"Those Were the Days (Theme from ""All in the Family"")",['101 Strings Orchestra'],150777,2012,False,,0.292,0.251,0.244,0.425,118.198
3n17us3DCIOA6RFEIMR3ya,"Theme from ""Bonanza""",['101 Strings Orchestra'],128341,2012,False,,0.496,0.349,0.9109999999999999,0.6990000000000001,136.398
2T6GlbbJRfDtdLuHj1GGXo,"Suicide Is Painless (Theme from ""M*A*S*H"")",['101 Strings Orchestra'],187819,2012,False,,0.475,0.483,0.0538,0.635,120.139
5jsuV1m0Xsodvmvbwm238E,"Theme from ""Peter Gunn""",['101 Strings Orchestra'],140651,2012,False,,0.295,0.804,0.628,0.275,130.184
6NiSm9GJnygmDhceh7PPqq,"Theme from ""Hawaii Five-O""",['101 Strings Orchestra'],192917,2012,False,,0.377,0.563,0.27,0.711,161.046
1Qse9i9qqmUE4vPvcRA8w0,"Spanish Flea (Theme from the ""Dating Game"")",['101 Strings Orchestra'],151509,2012,False,,0.528,0.473,0.65,0.706,80.435
0FDN2348ZrNpGlYOGzQ2Ft,Pink Panther Theme,['101 Strings Orchestra'],198827,2012,False,,0.446,0.409,0.92,0.17300000000000001,118.60700000000001
4AhEJOos7NJfVzysu8Yy7O,"Theme from ""Battlestar Galactica""",['101 Strings Orchestra'],261595,2012,False,,0.575,0.715,0.17,0.513,131.026
30RTM6DI4qeqUlOXQ3fEmB,Batman Chase Theme,['101 Strings Orchestra'],200403,2012,False,,0.305,0.47600000000000003,0.0245,0.551,163.132
4AGC6VpaOEl8EQ2H8ls7aC,"Theme from ""Gunsmoke""",['101 Strings Orchestra'],183749,2012,False,,0.28300000000000003,0.309,0.555,0.34600000000000003,99.57
1un89kdPVtJpiTF6ql85t9,"Theme from ""Kojak""",['101 Strings Orchestra'],128511,2012,False,,0.414,0.488,0.226,0.628,144.928
0hepfrTjXpaI8kJUGNZIYU,"Theme from ""Little House on the Prairie""",['101 Strings Orchestra'],178155,2012,False,,0.304,0.24,0.742,0.315,99.244
7h7VgW54miqgJryxVTBxjl,"Stranger on the Shore (Theme from BBC TV Show ""Stranger on the Shore"")",['101 Strings Orchestra'],177493,2012,False,,0.27899999999999997,0.327,0.746,0.521,91.743
70l03toZqYQcMA0Lqq9xoQ,"Theme from ""Mr. Lucky""",['101 Strings Orchestra'],159957,2012,False,,0.268,0.391,0.693,0.21600000000000005,114.495
0YFeotGvNOU4MjiAEDgH7Y,"Theme from ""Ironside""",['101 Strings Orchestra'],156606,2012,False,,0.525,0.436,0.301,0.652,137.451
4KHloGhUFGU1D3BhpbSImm,"Theme from ""Onedin Line""",['101 Strings Orchestra'],175402,2012,False,,0.129,0.38,0.96,0.0994,66.933
3ezfnhQzzZAjpt0jb7VsUj,"Ballad of Paladin (Theme from ""Have Gun Will Travel"")",['101 Strings Orchestra'],133483,2012,False,,0.633,0.491,0.813,0.943,118.491
5AhLu8IbMRnCAQTfLRIfO1,"Theme from ""High Chaparral""",['101 Strings Orchestra'],140960,2012,False,,0.228,0.442,0.797,0.5710000000000001,90.71
6afEMg0MD4y1KiA2c0jkEN,"Theme from ""The Virginian""",['101 Strings Orchestra'],144480,2012,False,,0.406,0.413,0.7979999999999999,0.457,100.637
1n3rnbBk8mfdCLV9bd99f6,White Christmas,['101 Strings Orchestra'],211307,2013,False,,0.21899999999999997,0.174,0.983,0.0397,116.315
0FJNXxqGXBR1cTQau3Epjb,O Little Town of Bethlehem,['101 Strings Orchestra'],278699,2013,False,,0.138,0.20600000000000002,0.9490000000000001,0.0607,65.917
6RrcEwvih3oiUlldQ2f8ji,"Let It Snow, Let It Snow, Let It Snow",['101 Strings Orchestra'],124853,2013,False,,0.418,0.153,0.956,0.434,70.57600000000002
4tlNuE95CaRISQX2i0T20a,Jingle Bells,['101 Strings Orchestra'],36667,2013,False,,0.648,0.529,0.8959999999999999,0.544,126.693
1YCamvl6GUajmwRhSRkbHC,Hark! The Herald Angels Sing,['101 Strings Orchestra'],222976,2013,False,,0.129,0.183,0.889,0.11699999999999999,81.605
1vAfzdhM4OYTa4Lz941pE9,Deck the Halls,['101 Strings Orchestra'],205880,2013,False,,0.21600000000000005,0.18600000000000005,0.894,0.172,74.452
0gcD68mye6gNf1LVDb8411,Frosty the Snowman,['101 Strings Orchestra'],157973,2013,False,,0.43799999999999994,0.11800000000000001,0.955,0.265,83.226
4XKnNwZgNhbmTtDP4uNBlh,God Rest Ye Merry Gentlemen,['101 Strings Orchestra'],117733,2013,False,,0.273,0.22,0.968,0.33299999999999996,77.458
1TE1rgTuWkZ2MDbntISFBa,Hallelujah Chorus,['101 Strings Orchestra'],245760,2013,False,,0.353,0.302,0.904,0.41,97.76799999999999
4wAiSTNleVTSp5mRCIDM70,It Came Upon a Midnight Clear,['101 Strings Orchestra'],126293,2013,False,,0.31,0.158,0.858,0.369,133.088
4oerDr9TQeCSFIOSoTIctt,Little Drummer Boy,['101 Strings Orchestra'],191347,2013,False,,0.451,0.17600000000000002,0.9440000000000001,0.239,77.04
41kfTc834Krg7V4Y1ccBUb,March from the Nutcracker,['101 Strings Orchestra'],151400,2013,False,,0.597,0.218,0.9890000000000001,0.4370000000000001,71.065
14frbuEDnxF2ybiqTuPHMm,O Holy Night,['101 Strings Orchestra'],146731,2013,False,,0.20600000000000002,0.409,0.9740000000000001,0.209,81.866
4VyjistexQQJvpCGBQ7s2p,Silver Bells,['101 Strings Orchestra'],121733,2013,False,,0.175,0.275,0.897,0.231,81.227
1Bf3ULvDA0XT5DZ5YDRP6C,Sleigh Ride,['101 Strings Orchestra'],180227,2013,False,,0.552,0.32299999999999995,0.924,0.447,110.235
1ZHkC5Cv1xhUJ8sX7YO5W5,The First Noel,['101 Strings Orchestra'],226176,2013,False,,0.22899999999999998,0.366,0.836,0.27,106.915
0MHtWszO7OGC14E7b1K4b8,While Shepherds Watched Their Flocks By Night,['101 Strings Orchestra'],169173,2013,False,,0.16399999999999998,0.22399999999999998,0.887,0.0567,73.598
1hdIHUdIrlZJ7HNljiS5A7,Silent Night,['101 Strings Orchestra'],222251,2013,False,,0.171,0.177,0.93,0.0378,115.402
1OJVPqBqMbVunjfNp7ewk4,Rudolph the Red Nosed Reindeer,['101 Strings Orchestra'],143360,2013,False,,0.44799999999999995,0.106,0.946,0.11,82.52
1ace9LJwsW6RskcpfguLoA,The Christmas Song (Chestnuts Roasting...),['101 Strings Orchestra'],220973,2013,False,,0.071,0.22,0.9309999999999999,0.0381,76.046
2ag3IsZYhlXWAGzRwHXqbK,The Twelve Days of Christmas,['101 Strings Orchestra'],238053,2013,False,,0.564,0.187,0.996,0.799,116.845
0wr1rxWxbP6DtsfsHrOqAV,We Wish You a Merry Christmas,['101 Strings Orchestra'],156787,2013,False,,0.363,0.18100000000000002,0.972,0.365,169.449
1BNZypPOxxTydzsxFE06V9,Winter Wonderland,['101 Strings Orchestra'],167827,2013,False,,0.273,0.46399999999999997,0.8140000000000001,0.185,141.834
4TY02MvBpueXMVlpDurDl2,Here We Come A-Caroling,['101 Strings Orchestra'],79507,2013,False,,0.316,0.193,0.95,0.578,100.855
2xfJ0isoNm6Zt0ZGrKeV2r,Joy to the World,['101 Strings Orchestra'],257320,2013,False,,0.19,0.135,0.94,0.07400000000000001,83.03
2SIjk5pjr76VV1nQRJtbj0,March of the Toys / Toyland (Medley),['101 Strings Orchestra'],302656,2013,False,,0.312,0.315,0.792,0.225,109.488
1bF5e1s9av9DhkKmML8z6e,Oh Tannenbaum,['101 Strings Orchestra'],209408,2013,False,,0.131,0.17,0.8740000000000001,0.115,80.368
59iv6kmxHdHHbD4rS4uMhr,"Merry Gentlemen, Good King Wenceslas, Jingle Bells",['101 Strings Orchestra'],159725,2013,False,,0.152,0.401,0.853,0.302,65.37899999999999
7mRJcRygy3goNfTCMQDFTb,Ave Maria,['101 Strings Orchestra'],251136,2013,False,,0.184,0.35,0.985,0.073,113.637
1sm0Frfj1552lwy1xGZxJ6,Coventry Carol,['101 Strings Orchestra'],69627,2013,False,,0.196,0.115,0.9109999999999999,0.0878,32.049
6bcQO19XpeLFLauPwCuEw5,Away in a Manger,['101 Strings Orchestra'],150213,2013,False,,0.17300000000000001,0.32299999999999995,0.897,0.0868,82.46700000000001
1zYwvl8bNmpLFaXVGaaim0,"Bell Carol (Good Christian Men, Rejoice)",['101 Strings Orchestra'],175520,2013,False,,0.41200000000000003,0.252,0.976,0.665,155.74200000000005
4A2MNxNEFBq6AvHRSoeJrS,Adeste Fideles,['101 Strings Orchestra'],208107,2013,False,,0.172,0.301,0.619,0.21,132.15200000000002
4l8RO5h0tpeTF7w0CU9jyK,"Jesu, Joy of Man's Desiring",['101 Strings Orchestra'],198571,2013,False,,0.17800000000000002,0.384,0.956,0.262,134.113
5QF2BsV05xUGItf3st6uKz,Angels from the Realms of Glory,['101 Strings Orchestra'],91227,2013,False,,0.5660000000000001,0.29600000000000004,0.9640000000000001,0.462,118.557
7zAKH0tuzhpuYRgCtfrUOb,Opening Number from Swan Lake,['101 Strings Orchestra'],192987,2013,False,,0.207,0.16699999999999998,0.9540000000000001,0.0634,111.45299999999999
1umXpTabW5z6TVCbKfF1wx,Angels We Have Heard On High,['101 Strings Orchestra'],100933,2013,False,,0.20199999999999999,0.231,0.995,0.359,83.735
2s6wpwcvytV2ZkqpXdcnMA,Road Trippin',['11 Guys Quartet'],203859,2020,False,,0.575,0.685,0.0503,0.8079999999999999,119.06299999999999
2ko15KcLzx9SfCUk8x3ghQ,Jackrabbit,['11 Guys Quartet'],121443,2020,False,,0.5710000000000001,0.7929999999999999,0.0897,0.973,129.14700000000002
4TVXwUW6mYKfaIVb0q9G54,Sweet Taste,['11 Guys Quartet'],239081,2020,False,,0.83,0.634,0.337,0.9670000000000001,103.515
59YSubSiXUIaMfNW3KG5v1,Doggin' It,['11 Guys Quartet'],157510,2020,False,,0.534,0.696,0.131,0.821,172.22400000000005
4933E8hCmi81A7z7zNcVVJ,Sleepless,['11 Guys Quartet'],248039,2020,False,,0.494,0.248,0.6459999999999999,0.331,154.154
3DpUhu7Fd3wrIGaAQkTNKS,East Cambridge Cannonball,['11 Guys Quartet'],194560,2020,False,,0.528,0.758,0.36,0.7979999999999999,87.524
02pw3aq9v5zKLcYAhzWuJw,Speakeasy Serenade,['11 Guys Quartet'],240482,2020,False,,0.732,0.374,0.573,0.609,102.564
6UMYzpZVuvgrIehXyBEDIb,Four Maypops,['11 Guys Quartet'],197068,2020,False,,0.61,0.654,0.434,0.872,104.56200000000001
396poxC9go2UoYBA3BDfsv,Down and Dirty,['11 Guys Quartet'],207010,2020,False,,0.32899999999999996,0.415,0.201,0.58,171.687
3Z7msRoNbDVlXtxELMLLIk,Swing Low,['11 Guys Quartet'],199505,2020,False,,0.735,0.585,0.304,0.695,122.896
6FF85n8kpf7ggBn5wLNOVV,Hey Daddyo,['11 Guys Quartet'],153040,2020,False,,0.7170000000000001,0.7559999999999999,0.62,0.965,111.12
5oHEUmuKA9Ha1Y4GeNFN3l,Midnight Streetcar,['11 Guys Quartet'],241955,2020,False,,0.5720000000000001,0.337,0.617,0.436,106.34700000000001
5AAytsDyK7XKKSuUbD7zOC,Rhumba Boogaloo,['11 Guys Quartet'],199067,2020,False,,0.738,0.568,0.45299999999999996,0.95,124.41799999999999
6v0XVtoE0Sk40uDUnkkiVX,Swamp Ride,['11 Guys Quartet'],136197,2020,False,,0.736,0.532,0.217,0.961,106.015
5viD0hvcJ0Me1gbIuw3hk1,Reflections,['Subject 13 vs Sarah F'],374760,2006,False,,0.772,0.7490000000000001,0.009059999999999999,0.626,140.016
43G6EoZZvIeAwRVwnIZ3I3,Reveille,['10GRI'],221000,2018,False,,0.11699999999999999,0.473,0.831,0.0858,79.17399999999998
2R3HFfpbVUstWiS2sZpOPY,"10"" of Funk",['Bill & Ben'],215493,2010,False,,0.568,0.21600000000000005,0.00576,0.39,106.90100000000001
4XYdWfblJrbLlNQZFoG6E6,10lb Blowgun,['ghostride'],250707,2005,False,,0.21,0.987,1.34e-05,0.271,169.84099999999995
1qe0CGfHfpxwXLyDZVvDwp,1 Nite Stand,['Taproot'],220893,2000,False,,0.326,0.848,0.00115,0.478,95.55799999999999
3doIr5CqahlZj8iP9BWbQj,Khabardaar,"['Swadesi', '100RBH', 'Bamboy', 'Tod Fod']",166884,2020,False,,0.797,0.758,0.009040000000000001,0.7490000000000001,99.96
5Gzn717YVBeXFwuYOXRKB3,1994,['Astrolabe'],465996,2018,False,,0.32299999999999995,0.777,0.0236,0.196,135.247
6UrPeTi33GooEs8QwQA4uF,160293 (Interlúdio),['Nill'],85479,2017,False,,0.512,0.722,0.904,0.325,72.51899999999998
3HHpiOl7S57x7DVMwPQ2xH,Silent Night,['14th Street Revival'],161280,2012,False,,0.7140000000000001,0.276,0.574,0.631,115.618
2YXuLyZql7vszriqvrzOFF,Deck The Halls,['101 Strings Orchestra'],205880,2008,False,,0.21600000000000005,0.18600000000000005,0.894,0.172,74.452
55FKLRppdWCUJeQTvifACa,Let It Snow,['101 Strings Orchestra'],124853,2008,False,,0.418,0.153,0.956,0.434,70.57600000000002
57jPt97hVAM51WaTzJkAQi,Angels We Have Heard On High,['101 Strings Orchestra'],100933,2008,False,,0.20199999999999999,0.231,0.995,0.359,83.735
14RsQOCSQGJMqhL6eAqVwL,Adeste Fideles,['101 Strings Orchestra'],219360,2008,False,,0.365,0.17600000000000002,0.965,0.22899999999999998,118.92200000000001
6rBz5lvT281oZNRPYjKoio,Coventry Carol,['101 Strings Orchestra'],69627,2008,False,,0.196,0.115,0.9109999999999999,0.0878,32.049
5tqPTx4m5lSVYsCgnuoVc7,Away In A Manger,['101 Strings Orchestra'],150213,2008,False,,0.17300000000000001,0.32299999999999995,0.897,0.0868,82.46700000000001
1VRgteEeDFPYaoNKZL7ZZN,The First Noel,['101 Strings Orchestra'],222307,2008,False,,0.125,0.195,0.934,0.0951,78.329
1DKtEMOjAT3ao6Ul2tLce1,God Rest Ye Merry Gentlemen,['101 Strings Orchestra'],117733,2008,False,,0.273,0.22,0.968,0.33299999999999996,77.458
0aVV3q4TlhQDnIavZFvPFB,Hark! The Herald Angels Sing,['101 Strings Orchestra'],172747,2008,False,,0.19899999999999998,0.161,0.9840000000000001,0.0765,89.32
6CiG5QrvsfFGc2rdn6GWXH,It Came Upon A Midnight Clear,['101 Strings Orchestra'],126293,2008,False,,0.31,0.158,0.858,0.369,133.088
3Gh74IejkaPKN2VESywSOU,"Bell Carol (Good Christian Men, Rejoice)",['101 Strings Orchestra'],175520,2008,False,,0.41200000000000003,0.252,0.976,0.665,155.74200000000005
46S6C0QEs8CHRp326lVGHu,Angels from the Realms of Glory,"['Traditional', '101 Strings Orchestra']",91227,2008,False,,0.5660000000000001,0.29600000000000004,0.9640000000000001,0.462,118.557
406wcBVcB7ZDl9RK6bKib1,"Bring a Torch, Jeanette, Isabella","['Traditional', '101 Strings Orchestra']",101307,2008,False,,0.177,0.177,0.9229999999999999,0.366,179.372
2nyK7cSlRYVO3ZshI0xNxv,Silver Bells,['101 Strings Orchestra'],121733,2008,False,,0.175,0.275,0.897,0.231,81.227
6NPFVUOsf0DIXoiOUugSR1,Frosty The Snowman,['101 Strings Orchestra'],157973,2008,False,,0.43799999999999994,0.11800000000000001,0.955,0.265,83.226
2BV4c2eOMGbNC6yGQusTA8,White Christmas,['101 Strings Orchestra'],211307,2008,False,,0.21899999999999997,0.174,0.983,0.0397,116.315
58fLs1yuVE3nkYUSJG8MPh,Joy To The World,['101 Strings Orchestra'],257320,2008,False,,0.19,0.135,0.94,0.07400000000000001,83.03
40fu9trANiD7pt8jgc5BzZ,O Little Town Of Bethlehem,['101 Strings Orchestra'],174587,2008,False,,0.11699999999999999,0.129,0.9309999999999999,0.0445,81.627
2zVcKzd2fICstEN647p5rJ,March From The Nutcracker,['101 Strings Orchestra'],151400,2008,False,,0.597,0.218,0.9890000000000001,0.4370000000000001,71.065
3BFwnf4Q9MdFDgKZp5Ol6G,Little Drummer Boy,['101 Strings Orchestra'],191347,2008,False,,0.451,0.17600000000000002,0.9440000000000001,0.239,77.04
6vY5Dnvn0lPBUjfoYYdDLp,Sleigh Ride,['101 Strings Orchestra'],180227,2008,False,,0.552,0.32299999999999995,0.924,0.447,110.235
2mFPJl98JZdQKsFQfn93dC,Rudolph The Red Nosed Reindeer,['101 Strings Orchestra'],143360,2008,False,,0.44799999999999995,0.106,0.946,0.11,82.52
1PAJv0SJ8Ug6JJObxKRFQF,The Twelve Days Of Christmas,['101 Strings Orchestra'],238053,2008,False,,0.564,0.187,0.996,0.799,116.845
5qt0P0XFjAz7yMam0E1fK6,The Christmas Song (Chestnuts Roasting...),['101 Strings Orchestra'],220973,2008,False,,0.071,0.22,0.9309999999999999,0.0381,76.046
4rN79NRRw1ASnq1TBWVHX5,Greensleeves,['101 Strings Orchestra'],252760,2008,False,,0.10099999999999999,0.214,0.98,0.133,75.357
3Z6mwcRMDxhkHAgmyhYeBl,"Still, Still, Still",['101 Strings Orchestra'],243947,2008,False,,0.207,0.203,0.953,0.0504,57.303000000000004
1yKh9BuzH9I4QEhboJxeYx,Here We Come A-Caroling,['101 Strings Orchestra'],79507,2008,False,,0.316,0.193,0.95,0.578,100.855
6z4psVoeYjC7WYKaDFGW56,Jingle Bells,['101 Strings Orchestra'],36667,2008,False,,0.648,0.529,0.8959999999999999,0.544,126.693
4qkwOJ5K86PKTKiyG96gly,Winter Wonderland,['101 Strings Orchestra'],167827,2008,False,,0.273,0.46399999999999997,0.8140000000000001,0.185,141.834
4Da3S08JoJtwAvlRVvXWRe,We Wish You A Merry Christmas,['101 Strings Orchestra'],156787,2008,False,,0.363,0.18100000000000002,0.972,0.365,169.449
1FHJV4xR4gN5ealIus4r0g,O Holy Night (Cantique De Noel),['101 Strings Orchestra'],182453,2008,False,,0.132,0.18100000000000002,0.951,0.052000000000000005,144.825
1KBJfACEfj1mSmLI9G83Ay,10A1,['ItaloJohnson'],445258,2016,False,,0.7759999999999999,0.7929999999999999,0.0004980000000000001,0.784,125.396
71UcyW623vy9Xm47X3vb4B,10B1,['ItaloJohnson'],405046,2016,False,,0.8079999999999999,0.951,7.879999999999999e-05,0.415,125.693
2V1UD8I9vHOjXUCxQkodac,I Took the Hook,['112 North Duck'],238067,2011,False,,0.644,0.551,0.00293,0.857,101.976
4LAMZ1SRBJ30Rr47b73nXL,One Man Woman,['112 North Duck'],281560,2011,False,,0.65,0.645,0.0598,0.846,79.983
0JBvevsM3lKo4PLAPCIFOh,Get Away From Me,['112 North Duck'],230440,2011,False,,0.6409999999999999,0.7490000000000001,0.00108,0.8079999999999999,102.931
3mH89Wzapw38oZtPA5TnK6,Gravedigger,['112 North Duck'],273360,2011,False,,0.698,0.429,0.192,0.691,90.07
3us8wHnI2j2Hid76SwbuGX,Soul of the Duck,['112 North Duck'],251400,2011,False,,0.54,0.5539999999999999,0.0236,0.6920000000000001,175.703
7lPZE43839OVLwjItS8WFW,This Train,['112 North Duck'],220240,2011,False,,0.5479999999999999,0.728,0.000103,0.8240000000000001,112.961
04y6iVP0aSz9EUu3KCF1wj,Unravel,['112 North Duck'],260827,2011,False,,0.626,0.757,0.008579999999999999,0.863,114.902
5RmuYziOge2pJHr0zn6TJ4,That's What I'm Talkin' About,['112 North Duck'],276800,2011,False,,0.6990000000000001,0.635,0.0936,0.937,116.00200000000001
27i3TV7MS6ypNaX6rGWwnU,I've Been Dreaming (feat. Cully Joyce),['112 North Duck'],258533,2011,False,,0.42200000000000004,0.614,0.0399,0.5,200.986
2YhsgGFHXjflNbK8jyyy2C,Twisted Steel,['112 North Duck'],194333,2011,False,,0.503,0.7809999999999999,0.00202,0.8420000000000001,86.91799999999998
7Ar9ieWzwB8E9uiXygn76p,The Game (feat. Loren Winkler),['112 North Duck'],154307,2011,False,,0.754,0.746,0.00186,0.9620000000000001,113.061
30aWVJku0PVntgFs4OGG2J,Natural Disaster,['112 North Duck'],232200,2011,False,,0.627,0.747,0.0964,0.69,97.601
3Cr9rTeGnrBmtgNXVC99nh,Mississippi Mud,['112 North Duck'],290960,2011,False,,0.545,0.672,0.0149,0.731,147.546
6vfArYDJeLgX9K0BtltvaA,Time,['12 Bar Blues'],279000,2011,False,,0.39,0.745,0.0381,0.345,140.329
5GXbdunLbmMhxbZNu7KOYL,Knowing,['12 Bar Blues'],345587,2011,False,,0.35200000000000004,0.715,0.0113,0.247,131.231
5SoaxyxLg838obKAXdkoEe,Stream the Flow,['12 Bar Blues'],111000,2011,False,,0.32899999999999996,0.715,0.0013,0.332,119.007
5Vd75R1vGkWAUec9n8juzD,The River,['12 Bar Blues'],232480,2011,False,,0.672,0.852,0.00405,0.509,121.899
2wvwVsBeWCzinHVZduPQgb,Midnight Blue,['12 Bar Blues'],270613,2011,False,,0.581,0.809,0.00229,0.618,108.14299999999999
11Y4It1Ae8kELcxsAcR3Kl,G-String,['12 Bar Blues'],241013,2011,False,,0.552,0.8590000000000001,0.0053,0.818,112.47
54FeFHPuD6T0HTKNCvCaOv,She's on Fire,['12 Bar Blues'],197760,2011,False,,0.4970000000000001,0.804,0.003,0.696,135.041
5UnjCBeEEHqD9KPN7wIVoy,xxx,['12 Bar Blues'],180587,2011,False,,0.608,0.8059999999999999,0.00346,0.8320000000000001,140.1
6tXtYsMNJa6NLcvJxCEtiJ,10 Toes,['Lecrae'],189258,2020,False,,0.884,0.599,0.00526,0.228,105.13600000000001
1eU3EhUwOa4a3qCM45HogQ,Restored,"['Lecrae', '1K Phew', 'Wande', 'Hulvey']",276584,2020,False,,0.6709999999999999,0.799,0.0956,0.38,129.984
7mOnZagYtB3zKcLqgWq2X8,12 Days Of Christmas,['Pentatonix'],184707,2020,False,,0.727,0.5920000000000001,0.353,0.754,82.53299999999999
6Tdg07S7R7sMMW7OR24bzO,1993,['Ghali'],140518,2020,False,,0.802,0.6940000000000001,0.00403,0.379,96.516
2VhozoiyOctagZM3a30Bbo,If You Love Me,"[""10 'til 11""]",90001,2013,False,,0.512,0.98,0.0263,0.451,118.73200000000001
3g7FVVImHzgnpWuzOjk7B4,Lover Tonight,"[""10 'til 11""]",101412,2013,False,,0.664,0.7190000000000001,0.00132,0.831,129.362
6c0BZPlSUknWDYuAiolz0E,Smack Dab in Love With You,"[""10 'til 11""]",163773,2013,False,,0.718,0.62,0.0208,0.634,125.12299999999999
3f2hqFspgWQws1uhHDeF6Y,Home and Here to Stay,"[""10 'til 11""]",181600,2013,False,,0.639,0.879,0.0342,0.57,135.505
3FwbWKl4gOpC4WsSJI3Xdc,Nuclear Bombshell,"[""10 'til 11""]",160707,2013,False,,0.40399999999999997,0.868,0.0167,0.903,79.308
4TbDaIC7VgPw3gsvmJmyLC,Top That,"[""10 'til 11""]",154573,2013,False,,0.552,0.519,0.00032599999999999996,0.281,155.11
2PZyd8klxfJJefotfNI1Ml,Me and Mine,"[""10 'til 11""]",152907,2013,False,,0.698,0.632,0.0764,0.721,90.948
03jrLz4qLdSWYCU7Z2KaVa,Sinking Ship Rag,"[""10 'til 11""]",195976,2013,False,,0.7879999999999999,0.332,0.14800000000000002,0.654,105.98299999999999
21877uYucUxOBZglhybeGt,Single Awareness (Ain't No Fairness),"[""10 'til 11""]",197573,2013,False,,0.703,0.379,0.632,0.745,99.669
3YytXqPIAB9OeUuyem965J,Pretty Women,"[""10 'til 11""]",210667,2013,False,,0.35700000000000004,0.7959999999999999,0.00883,0.465,78.435
1OueDmRvvM9eKy0DRscoI4,Spotty Bob,"[""10 'til 11""]",204640,2013,False,,0.545,0.907,0.00048499999999999997,0.48100000000000004,120.444
3WtEahDmfe31nXDvasTA1B,Wine and Women,"[""10 'til 11""]",105733,2013,False,,0.435,0.884,0.0005,0.627,123.23
3oQhEEp8dOFQhbn9tGLjRT,All Dressed up in Dreams,['100%'],228850,2017,False,,0.552,0.0298,0.9840000000000001,0.373,94.04799999999999
273S5I3bf1SdtzJekF2Mrr,1909,['Bloodhounds'],196692,2020,True,,0.526,0.982,0.00021400000000000002,0.7190000000000001,132.991
6yyohHft2nv9vOsHWIeUyU,100 G-Packs,['Frosty'],212103,2020,True,,0.77,0.535,0.655,0.391,144.94799999999995
6rQPtpH1N47hdFFURFS9Ui,17again,['Powfu'],168000,2020,False,,0.409,0.504,0.76,0.499,169.24400000000003
5XX3M1zRxLMXgKFPgT8J6U,110 (Prolog),['LEA'],175800,2020,False,,0.45399999999999996,0.6970000000000001,0.207,0.324,178.615
62ANG8x1W670V771QIQ7pW,110 (Prolog) - Piano Sessions,['LEA'],206040,2020,False,,0.522,0.23199999999999998,0.9420000000000001,0.225,172.53
0PZRyijY8qa9QVHBd3GFku,1234,['Maja'],221360,2007,False,,0.853,0.5920000000000001,0.135,0.847,92.984
4udjo5nLK61pKajakfrndc,1st Time,['Bakar'],181747,2020,False,,0.8009999999999999,0.718,0.0932,0.758,122.994
1WZFcJAtYstACm1r7rDfxL,All It Takes (Intro),['1kjuan'],141531,2020,True,,0.799,0.366,0.583,0.586,95.09299999999999
5qAhFfP0b5mk8GE4Px1RKM,Bang Bang,['1kjuan'],174792,2020,True,,0.452,0.597,0.0148,0.536,94.986
4V0tzOhW5QIq2PofvWIAIB,Cap,"['1kjuan', 'Rae']",213055,2020,True,,0.79,0.6559999999999999,0.237,0.48200000000000004,139.983
1SDiB1WjN6exKzECLeekip,Dyin' For Attention,['1kjuan'],197224,2020,True,,0.542,0.41200000000000003,0.272,0.522,85.321
3VuyJLyFpn5W97I9bGRiGs,Tweakin',['1kjuan'],158433,2020,True,,0.79,0.608,0.41,0.49,98.008
1qlkKuVv4cspjtSBE4JknA,Takeoff,"['1kjuan', 'Selfmade JB']",157936,2020,True,,0.765,0.6940000000000001,0.365,0.529,139.937
443qchPgTGkeAmIa4cISQQ,Time Wasted,['1kjuan'],187063,2020,True,,0.635,0.43,0.535,0.561,87.514
03DpI3LzQaOhdiu0j6WfgJ,Watch,['1kjuan'],153652,2020,True,,0.46399999999999997,0.419,0.5670000000000001,0.218,94.245
44u64YN9VZrzfIO4QeTixN,Yo Opinion,['1kjuan'],230784,2020,True,,0.65,0.649,0.16,0.625,178.048
5Cic3BpCE9rfepWCZ4dso6,Took The Lead (Freestyle),['1kjuan'],141662,2020,True,,0.807,0.301,0.382,0.7809999999999999,75.002
5VNnDjk6rKS6KWREyEJGvn,Rari,['10an'],80218,2020,True,,0.765,0.40700000000000003,0.363,0.281,120.01299999999999
6lPVwHzaoiM8O5wzd2b0cV,Min Liga,['10an'],192221,2020,True,,0.517,0.61,0.192,0.575,84.25
0SDxZVuqjiO0IL1xpXwvxq,Masken,['10an'],195254,2020,True,,0.8320000000000001,0.4270000000000001,0.426,0.516,118.012
6LWJZl80JtkP7R8npcyMg9,De Ba Vi,"['10an', 'GULEED']",160800,2020,True,,0.757,0.461,0.8540000000000001,0.40299999999999997,99.959
2kc5gZ1zhr1o02lyhsJzGs,Blue Cheese,['10an'],144000,2020,True,,0.748,0.718,0.105,0.317,160.071
2Q2ZBOf0I8pmsrb5k4MJpX,M.O.B,['10an'],151477,2020,True,,0.823,0.645,0.555,0.33299999999999996,110.09
7huvQmmEBydq5NJZBNLM04,Cocaine Paradise,['10an'],173841,2020,True,,0.619,0.35100000000000003,0.743,0.188,95.315
1CFdzCgNi0g7JBDCkjjPaD,Gangland,['10an'],189571,2020,True,,0.665,0.68,0.341,0.415,81.47399999999998
2IbK0PX8mtDs3elkOpuBtV,Gulag,['10an'],134400,2020,True,,0.772,0.665,0.308,0.29100000000000004,100.006
3FbNipuNvlOPTF4ojTqFkf,Maraton,"['10an', '2M']",166421,2020,True,,0.745,0.626,0.534,0.62,140.00799999999998
71L12PSRg3yuIot1uU6una,Boiler (1 Degree),['Bricks'],203107,1992,False,,0.294,0.887,0.815,0.40399999999999997,118.959
2zi7hVgw3woMxQb7Fm9Bs2,Way Too Far (feat. 12th Planet & Flinch),"['Korn', '12th Planet', 'Flinch']",229107,2011,False,,0.527,0.862,0.0010199999999999999,0.12,145.031
5PaSvGXPppJk43LbYKsWb5,Emotion,['S-143'],138319,2020,False,,0.79,0.873,0.0551,0.193,100.009
2RfKgw9beGJphS0kPm2CPy,Follow,"['12th Planet', 'Katie Sky']",172800,2020,False,,0.5329999999999999,0.938,0.0274,0.11800000000000001,149.998
5A7ZFGkS4m8nNKwoI6MHYZ,100 Degrees,['Not3s'],198467,2017,False,,0.67,0.642,0.41700000000000004,0.7829999999999999,101.667
4i0qTl4rTJvvA0s8La2FOB,Streets,"['Rimzee', '1st Born']",152849,2020,True,,0.565,0.731,0.0105,0.147,178.748
3KJ3opyV29269SXkPrc19l,120,['Bad Bunny'],151506,2020,True,,0.636,0.6559999999999999,0.451,0.439,171.918
