id,name,artists,duration_ms,year,explicit,spotify_popularity,danceability,energy,acousticness,valence,tempo
7DitEePsNJa0B7gnwTnZ5O,Life #2,['Lambchop'],281160,1998,False,,0.44299999999999995,0.182,0.892,0.204,68.102
1Yl4PSL8SJ2txysquvTLr2,216 - Das Geheimnis im Jagdschloss - Inhaltsangabe,['TKKG'],75067,2020,False,,0.7120000000000001,0.201,0.696,0.71,60.843
56ca9lksj8A9DlJ60EKmum,216 - Das Geheimnis im Jagdschloss - Titelsong,['TKKG'],35880,2020,False,,0.494,0.428,0.735,0.8590000000000001,161.237
34KUxxoDQ5wM93dQtIaLJf,216 - Das Geheimnis im Jagdschloss - Teil 01,['TKKG'],99587,2020,False,,0.557,0.284,0.608,0.6,165.203
3s8JBUD452lgbkXxyJ1jES,216 - Das Geheimnis im Jagdschloss - Teil 02,['TKKG'],97240,2020,False,,0.752,0.32299999999999995,0.6709999999999999,0.7440000000000001,60.622
51niJy7TWekaDrVImmYEbq,216 - Das Geheimnis im Jagdschloss - Teil 03,['TKKG'],96120,2020,False,,0.639,0.32,0.542,0.395,124.31200000000001
1Dh5kuXY8AqGt7iRHDzSAO,216 - Das Geheimnis im Jagdschloss - Teil 04,['TKKG'],96653,2020,False,,0.6859999999999999,0.29100000000000004,0.441,0.5920000000000001,80.335
2qyIUVXzjxttfQBSN4Z5Rx,216 - Das Geheimnis im Jagdschloss - Teil 05,['TKKG'],95307,2020,False,,0.6,0.425,0.66,0.23399999999999999,110.506
01bD2OUAriUBTJLuxsfrvI,216 - Das Geheimnis im Jagdschloss - Teil 06,['TKKG'],98280,2020,False,,0.7440000000000001,0.444,0.5870000000000001,0.396,52.093
0eohKuWwZOFMmGd5oWpbO2,216 - Das Geheimnis im Jagdschloss - Teil 07,['TKKG'],96200,2020,False,,0.711,0.268,0.46,0.64,61.067
73x6rhwtpLqzmC72QC0vJG,216 - Das Geheimnis im Jagdschloss - Teil 08,['TKKG'],101133,2020,False,,0.62,0.128,0.973,0.45899999999999996,117.887
5AnQEkgWRWrEnLDoY8Je5v,216 - Das Geheimnis im Jagdschloss - Teil 09,['TKKG'],88413,2020,False,,0.596,0.222,0.71,0.495,114.619
3ml2Mm2rYxjg2h04W59so1,216 - Das Geheimnis im Jagdschloss - Teil 10,['TKKG'],100333,2020,False,,0.631,0.313,0.7070000000000001,0.573,87.564
2HBlvOZ8LX7yDX67syrBPt,216 - Das Geheimnis im Jagdschloss - Teil 11,['TKKG'],98920,2020,False,,0.688,0.244,0.6579999999999999,0.439,83.49600000000002
2WjL4uxw8Uic9nqia3QfPu,216 - Das Geheimnis im Jagdschloss - Teil 12,['TKKG'],94520,2020,False,,0.662,0.237,0.455,0.539,110.302
6sPoblRVlqgGYCXztsOlAh,216 - Das Geheimnis im Jagdschloss - Teil 13,['TKKG'],97813,2020,False,,0.611,0.29600000000000004,0.39299999999999996,0.5710000000000001,65.97800000000001
1kONI0fSf7GUA1vBXOT6Gr,216 - Das Geheimnis im Jagdschloss - Teil 14,['TKKG'],98787,2020,False,,0.665,0.19399999999999998,0.222,0.551,51.787
2zkAcTFuzNvaLXPLTL6G8S,216 - Das Geheimnis im Jagdschloss - Teil 15,['TKKG'],94427,2020,False,,0.619,0.332,0.171,0.475,72.314
379Js9IVYVdCKqKQm4P1wy,216 - Das Geheimnis im Jagdschloss - Teil 16,['TKKG'],103387,2020,False,,0.635,0.185,0.45799999999999996,0.604,123.066
08y7nR3b53A2JI0FxdPq5x,216 - Das Geheimnis im Jagdschloss - Teil 17,['TKKG'],91080,2020,False,,0.611,0.17800000000000002,0.254,0.502,84.876
0YILwNwac2N7DqlIswk2XT,216 - Das Geheimnis im Jagdschloss - Teil 18,['TKKG'],102093,2020,False,,0.648,0.266,0.385,0.5589999999999999,137.481
3Febu36DxRmb2cCbzi3n3Y,216 - Das Geheimnis im Jagdschloss - Teil 19,['TKKG'],93000,2020,False,,0.635,0.239,0.61,0.5489999999999999,124.38600000000001
7rddN2GGkWlkEEWtMXO2j3,216 - Das Geheimnis im Jagdschloss - Teil 20,['TKKG'],94773,2020,False,,0.616,0.253,0.41700000000000004,0.695,83.305
7MM8wNOuR3C4bpo6bSvYp5,216 - Das Geheimnis im Jagdschloss - Teil 21,['TKKG'],98600,2020,False,,0.5870000000000001,0.204,0.41,0.5529999999999999,92.527
3D0abkU6GE3mFBk2GdYMGr,216 - Das Geheimnis im Jagdschloss - Teil 22,['TKKG'],98613,2020,False,,0.59,0.29100000000000004,0.36200000000000004,0.4920000000000001,82.02
7JUFKCqCZr1zdhGTLxF2ci,216 - Das Geheimnis im Jagdschloss - Teil 23,['TKKG'],98947,2020,False,,0.71,0.193,0.529,0.716,85.63600000000002
4nDDQAs7wZByabzshqLSJ4,216 - Das Geheimnis im Jagdschloss - Teil 24,['TKKG'],94093,2020,False,,0.6779999999999999,0.152,0.147,0.6940000000000001,67.104
1MWBUK7FDQuVU4WzTfOYQD,216 - Das Geheimnis im Jagdschloss - Teil 25,['TKKG'],100733,2020,False,,0.648,0.14800000000000002,0.11699999999999999,0.645,127.956
5UXMTwUlsymC2c7xY3nmjG,216 - Das Geheimnis im Jagdschloss - Teil 26,['TKKG'],93627,2020,False,,0.634,0.177,0.429,0.63,101.81700000000001
7esDKbI7S26hiITKhsg7nh,216 - Das Geheimnis im Jagdschloss - Teil 27,['TKKG'],93320,2020,False,,0.6709999999999999,0.228,0.171,0.52,116.821
1OIbbmUrs0WnoGn6O7JO1U,216 - Das Geheimnis im Jagdschloss - Teil 28,['TKKG'],101440,2020,False,,0.565,0.158,0.0769,0.5429999999999999,112.37700000000001
485gzOEOMxexQs8k6GZ5XZ,216 - Das Geheimnis im Jagdschloss - Teil 29,['TKKG'],97227,2020,False,,0.627,0.215,0.56,0.52,127.245
4s09LAXPtgr1nGrdkbkXpv,216 - Das Geheimnis im Jagdschloss - Teil 30,['TKKG'],96093,2020,False,,0.579,0.301,0.0579,0.414,98.947
6A1iX8H8pKfa2P3lngecEP,216 - Das Geheimnis im Jagdschloss - Teil 31,['TKKG'],96053,2020,False,,0.547,0.21,0.301,0.516,64.819
3FQZ0ynFZZptnsQHJh34fF,216 - Das Geheimnis im Jagdschloss - Teil 32,['TKKG'],100547,2020,False,,0.65,0.24,0.262,0.636,61.753
0lMYQBfxfSXiDR9SidP4VN,216 - Das Geheimnis im Jagdschloss - Teil 33,['TKKG'],94453,2020,False,,0.6609999999999999,0.261,0.39899999999999997,0.465,54.684
1sl6siE1fSXinVGcLjmEdK,216 - Das Geheimnis im Jagdschloss - Teil 34,['TKKG'],98507,2020,False,,0.618,0.24600000000000002,0.5379999999999999,0.588,110.396
3TdqRTs2OIDts9gCKKdvDC,216 - Das Geheimnis im Jagdschloss - Teil 35,['TKKG'],90747,2020,False,,0.67,0.23199999999999998,0.5529999999999999,0.109,108.45100000000001
7wDgG9VL7QKr3zFnjVetnW,216 - Das Geheimnis im Jagdschloss - Teil 36,['TKKG'],103107,2020,False,,0.613,0.24600000000000002,0.736,0.45399999999999996,102.611
5dwruX19r2BYHxRRMFqHHK,216 - Das Geheimnis im Jagdschloss - Teil 37,['TKKG'],94413,2020,False,,0.642,0.22,0.628,0.675,77.97
6FDHiSbFNuPBHaqdM4v26Q,216 - Das Geheimnis im Jagdschloss - Teil 38,['TKKG'],94080,2020,False,,0.616,0.151,0.593,0.637,95.24700000000001
3RxecwhO6hG0yRMlXG4gUG,216 - Das Geheimnis im Jagdschloss - Teil 39,['TKKG'],115773,2020,False,,0.5429999999999999,0.226,0.627,0.662,80.745
0IOZdlJihQrGDNdSyApRhY,216 - Das Geheimnis im Jagdschloss - Outro,['TKKG'],70293,2020,False,,0.6709999999999999,0.0964,0.442,0.579,147.81799999999996
4zjuLLD2WL24YI5ReyFGQ5,Horns Of Destruction,"[""2 Skinnee J's""]",233360,2000,False,,0.541,0.894,0.0376,0.544,180.02599999999995
5F4Ra9PLfMSnO5WaIIzr17,3 Minutes,"[""2 Skinnee J's""]",272000,2000,False,,0.643,0.7959999999999999,0.0049299999999999995,0.787,98.071
0ApMpkMnbkd3rMCbwo26cB,Grown Up,"[""2 Skinnee J's""]",237507,2000,False,,0.624,0.769,0.0196,0.848,120.00200000000001
5kPM9z4pgpIdhDMqwdkHtO,Girl With The World In Her Eyes,"[""2 Skinnee J's""]",253227,2000,False,,0.63,0.7440000000000001,0.132,0.618,92.052
0vWt34GgXTEdpFu2HqbEVP,Big Beat Evangelists,"[""2 Skinnee J's""]",205267,2000,False,,0.677,0.863,0.233,0.19399999999999998,96.118
2IIvDT188r7ji42Xavv6lM,Brew Ha Ha!,"[""2 Skinnee J's""]",220973,2000,False,,0.6940000000000001,0.748,0.0422,0.342,102.133
1oWq8GipECslXhJHrQBC4G,Lost & Found,"[""2 Skinnee J's""]",214160,2000,False,,0.6990000000000001,0.608,0.000657,0.446,96.834
7sBYrYx9xBsmqsEBqQAwIl,Pass The Buck,"[""2 Skinnee J's""]",152600,2000,False,,0.785,0.752,0.0030600000000000002,0.622,107.18
0m60YHSt6H9f2mATrSDyxe,Lemon Drop,"[""2 Skinnee J's""]",185773,2000,False,,0.605,0.8009999999999999,0.006670000000000001,0.584,91.95100000000001
3QJlSdvjiLuSvDPcO8PW5e,Sugar & Candy,"[""2 Skinnee J's""]",253760,2000,False,,0.604,0.647,0.0294,0.387,91.06700000000001
6ebuq0jAlq6h1FQ2rPAacD,Loud Neighbor,"[""2 Skinnee J's""]",234373,2000,False,,0.6609999999999999,0.782,0.0457,0.746,91.992
6oVqQp9PraM4DloeIo91Vk,Coming Home,"[""2 Skinnee J's""]",326467,2000,False,,0.5870000000000001,0.425,0.825,0.23199999999999998,79.132
2ykmsVeCQwLAxzbfW6JfMp,Get In The Van,"[""2 Skinnee J's""]",258120,2003,True,,0.637,0.6729999999999999,0.00225,0.494,180.08900000000003
2wI8zVqytrmt1fOK2oImcu,Deal Of The Century,"[""2 Skinnee J's""]",189227,2003,True,,0.82,0.644,0.0311,0.945,94.991
6pTCmbEv44Bg75n9yFIa8J,One Summer,"[""2 Skinnee J's""]",272893,2003,True,,0.637,0.877,0.01,0.32299999999999995,88.01899999999998
1XVzIlpDmCwZrE4B9QkQhV,Who Wants This?,"[""2 Skinnee J's""]",205867,2003,True,,0.747,0.7170000000000001,0.174,0.595,96.92399999999999
4rIsimX19TOiH50zZPpBbv,Inside My Room,"[""2 Skinnee J's""]",265360,2003,True,,0.696,0.565,0.615,0.511,89.995
1v6TFwSyTzbL1YcRQ3M93a,I Can't Hear You,"[""2 Skinnee J's""]",215907,2003,True,,0.585,0.907,0.000205,0.674,89.87899999999998
5PnL63PdaJQ8jJJ1oBcb4B,Friends Don't Let Friends Listen To Rap Metal,"[""2 Skinnee J's""]",99800,2003,True,,0.451,0.883,0.261,0.823,203.774
3tZYDYZRuh2ArHa9iXbocx,Change The World,"[""2 Skinnee J's""]",193840,2003,True,,0.409,0.705,0.00047699999999999994,0.307,102.00399999999999
6sxCbYm8n1J6Kp3PfvDtS3,Love Like Mountains,"[""2 Skinnee J's""]",197227,2003,True,,0.542,0.8690000000000001,0.00137,0.755,88.009
74JFIfZ0tPL5zlrRBwvUrF,Next Big Thing,"[""2 Skinnee J's""]",301093,2003,True,,0.687,0.7859999999999999,0.0014,0.48,93.985
6Z4bKHyaa6fgqycScVTVBu,LL7 26/05/00 (Dear Laurent),['Lackluster'],341520,2004,False,,0.28,0.91,0.000131,0.24100000000000002,158.238
4OOM90b11VY6dTJswJSDhc,24/04/00,['Lackluster'],182920,2004,False,,0.65,0.621,0.182,0.23399999999999999,124.87
676uISWVyXHBkNxo9SLteI,28/06/00,['Lackluster'],394573,2004,False,,0.371,0.5920000000000001,0.027999999999999997,0.163,63.01300000000001
0GgduxoXufggph316GOyG6,Home,['2u4u'],330486,2017,False,,0.628,0.6709999999999999,0.5820000000000001,0.657,101.545
6j0QLTqmV302fUNMatfVS3,Kings of Africa (Tell Me),['2u4u'],285767,2017,False,,0.41700000000000004,0.5710000000000001,0.179,0.28,80.835
7gmnJWfWN1fJb3oYriTOHk,Fall,['2u4u'],224461,2018,False,,0.679,0.7909999999999999,0.138,0.275,88.949
2P3yjpExrEiFxpWWQfCVyw,Fall - Analog Master Version,['2u4u'],221391,2018,False,,0.478,0.742,0.337,0.32299999999999995,87.705
5naQxxn2zYVhyWrDpry5dT,Gurl,['2u4u'],211426,2018,False,,0.758,0.44,0.336,0.6970000000000001,94.337
2ogrTKnSzyMxFwF6ati2vq,23 Island,['JayDaYoungan'],243246,2020,True,,0.804,0.38299999999999995,0.563,0.455,118.009
64z7xHeGL0P99MxuIxHvNn,27,['µ-Ziq'],78133,1994,False,,0.131,0.20199999999999999,0.568,0.0358,91.61200000000001
4djcZqvw5YpLvaTrb9tMpw,20 Bluntz A Day,"['Luniz', '2 LIVE CREW', 'Christión']",456600,1997,True,,0.5660000000000001,0.643,0.0343,0.48,84.53
4mwrDxvEhgpLQSOlnsludG,Runaway,['One 21'],159827,2001,False,,0.32799999999999996,0.9790000000000001,0.00644,0.636,178.291
5eYHxwmWQkcOTeV9NQ3aG0,Nothing to Lose,['One 21'],112240,2001,False,,0.604,0.894,0.0492,0.775,166.607
59zGEkecGGwdtOhIe78gKG,Pacified,['One 21'],205040,2001,False,,0.418,0.958,0.00352,0.836,163.90400000000002
1ytcIgih8LPzzFn04q6tdn,Smells Like Death,['One 21'],163213,2001,False,,0.4320000000000001,0.897,0.0201,0.737,155.394
1543k5hPNMIqZElGGQXbFo,Looking Out for Me,['One 21'],142200,2001,False,,0.297,0.988,0.0030600000000000002,0.643,169.859
67VdlPsTb3maGbQ5WGbCsf,Good Guys Wear Whte Hats and So Do Bad Guys,['One 21'],223747,2001,False,,0.345,0.955,0.02,0.563,164.468
5rym4A0zt7Ied1XQUkfjOj,Building Better Bombs,['One 21'],103347,2001,False,,0.767,0.38799999999999996,0.848,0.479,108.08
0ebYsQRauGveAbrEO2aaNA,We'll Meet Again,['One 21'],45587,2001,False,,0.242,0.9890000000000001,0.000113,0.639,178.78900000000004
7nsWdlj1rmjoo0g49auhYU,Have We Eyes to See,['One 21'],122293,2001,False,,0.245,0.9940000000000001,8.35e-05,0.38,174.3
1sSfRe7TTPBZO84eg3xCxJ,Peculiar Nation,['One 21'],159600,2001,False,,0.455,0.932,0.0034,0.8009999999999999,162.957
128euUEAO28dwQNtsY127c,Shelter,['One 21'],186667,2001,False,,0.408,0.9059999999999999,0.00542,0.499,166.688
0fffcNIsr6NFfc4IA4KvbY,Made in America,['One 21'],150093,2001,False,,0.35100000000000003,0.961,0.0118,0.787,176.74099999999999
0bdAeDjg8XWA178lQ5FRkx,R.I.P. Basement Records,['One 21'],162853,2001,False,,0.363,0.9690000000000001,0.0045,0.498,185.21599999999998
6NEwgBBJ21qffqNWvJ8P83,Morality,['One 21'],140720,1998,False,,0.309,0.8640000000000001,0.00049,0.713,180.96
2qFfgavk6KHvMGjaHH1mUr,"Venit, Victimarius Fuit, Vicit",['One 21'],116347,1998,False,,0.321,0.93,0.00010400000000000001,0.5529999999999999,171.825
5DsjJhI8NA9XfpnBzfRuGv,Break Down The Walls,['One 21'],74240,1998,False,,0.284,0.879,0.0014,0.818,175.15599999999995
46gLzAuQ3h0Ml5777aHvYV,Going Home,['One 21'],93653,1998,False,,0.321,0.991,7.08e-05,0.124,159.0
7pSMW8hOThEVTOSNqwJ0so,Dragon,['One 21'],144773,1998,False,,0.395,0.932,0.0167,0.706,161.205
5x0QByYUaDE7sTSxLoXGkU,Ship Rocks Disaster,['One 21'],133040,1998,False,,0.322,0.9590000000000001,0.00011599999999999999,0.391,163.15200000000004
3V3kumcwtfSNVtU9wAmo6s,Streets Of Philadelphia,['One 21'],136053,1998,False,,0.271,0.925,0.000199,0.7120000000000001,171.395
2PdtCnafty34x4xe8zjeyH,Righteousness,['One 21'],143027,1998,False,,0.293,0.94,0.000168,0.5529999999999999,170.273
2JX7DUNhfxcLwgTb4hOOjL,City Violence,['One 21'],103947,1998,False,,0.271,0.868,0.000425,0.61,173.699
4Hd1yv2ntq0J1zypbXh1Ul,Hardcore,['One 21'],110680,1998,False,,0.237,0.95,0.00016299999999999998,0.7559999999999999,175.81900000000005
3SdPRiPGcrpXpmVZUfIdx1,Accident,['One 21'],94440,1998,False,,0.293,0.9420000000000001,0.000495,0.774,172.19400000000005
6xyEn6odXrCMHMbmHffclG,Been Selling Out,['One 21'],117067,1998,False,,0.348,0.925,0.000675,0.8859999999999999,152.911
2mOCcdslW5VRCNxXc8yczv,Everybody Has It,['One 21'],165307,1998,False,,0.27699999999999997,0.8759999999999999,0.00015900000000000002,0.705,172.516
5guEpxGqisRjaSmZJTViki,We Gotta Get Out Of This Place,['One 21'],128733,1998,False,,0.40299999999999997,0.8,0.00126,0.75,84.49
6oyYNfdQCtO43zGuoeEFzJ,25 Thousand Miles,['Goldmund'],254467,2005,False,,0.445,0.00236,0.9670000000000001,0.11800000000000001,98.883
7kWn04amrJMiEMxVRAuvr9,Redemption 2.0,['Rmb'],513707,2002,False,,0.5329999999999999,0.96,0.00974,0.589,144.975
67WMvh7k9treeuUoxxdPQK,2 Ways!,['Autumn!'],78263,2019,True,,0.723,0.48700000000000004,0.498,0.445,160.009
1KzAl21XqtJPNqyeVme0oR,27,['Lagwagon'],153333,1996,False,,0.396,0.9620000000000001,0.000391,0.612,95.619
2EwTZvfnoroPT4LaKjyeVS,2nd Movement of the Odyssey,['Incubus'],460333,2004,False,,0.61,0.9259999999999999,0.0028399999999999996,0.306,117.431
4eCyjPBC6MbFrUpzkR8BZa,Intro,['2 LIVE CREW'],114133,1996,True,,0.767,0.489,0.075,0.746,85.23100000000002
32hQeLCsYFruJJ0uML37KR,Shake A Lil' Somethin',['2 LIVE CREW'],239307,1996,True,,0.865,0.846,0.00447,0.501,137.496
3gxDH4OTzXDmuPGzjtmQPO,Table Dance,['2 LIVE CREW'],277493,1996,True,,0.825,0.9440000000000001,0.000105,0.897,138.533
4B8HsulcATApcJTZ0EQxHU,Bu--da--er Stole My B--ch,['2 LIVE CREW'],272533,1996,True,,0.875,0.6609999999999999,0.018000000000000002,0.7190000000000001,103.60700000000001
3K7uIoRcAKEg6azqVyWrJK,This Thing Is Huge,['2 LIVE CREW'],10000,1996,True,,0.0,0.263,0.97,0.0,0.0
3wjZBh1RPEmOIleJQI4NFx,When We Get Them Hoes,['2 LIVE CREW'],215440,1996,True,,0.7190000000000001,0.89,0.00036899999999999997,0.961,141.607
3pPlOjwIkx0SBwqfkbs5f6,Skeeta Man,['2 LIVE CREW'],213293,1996,True,,0.797,0.8420000000000001,0.00488,0.721,140.06
3T1LgOyTXUdYCSMUkjdqQV,Savage In The Sack,['2 LIVE CREW'],280507,1996,True,,0.815,0.603,0.0286,0.898,151.497
7hvDPjRg8mE1Vs40c7S6jn,Be My Private Dancer,['2 LIVE CREW'],210800,1996,True,,0.861,0.8079999999999999,0.008620000000000001,0.825,140.009
72wFHatTAbXRgnpqLqaMLL,My D--k,['2 LIVE CREW'],15067,1996,True,,0.574,0.27899999999999997,0.945,0.971,124.50299999999999
7aGXfQdtsl0yxVTC2TAAeu,Do The Damn Thing,['2 LIVE CREW'],239960,1996,True,,0.8640000000000001,0.8370000000000001,0.0003,0.9259999999999999,144.30200000000005
5S4gy3LhBT3jE5exfP0ozk,PSK '95,['2 LIVE CREW'],302867,1996,True,,0.66,0.922,0.0505,0.794,100.973
5sIAUeVRXsRbGOREN7YhKu,Jam Session I,['2 LIVE CREW'],224040,1996,True,,0.8270000000000001,0.882,0.0158,0.9490000000000001,77.14399999999998
19iAcW7b5L076FLJuhSyHw,Anotha P--sy Caper,['2 LIVE CREW'],333667,1996,True,,0.903,0.405,0.0331,0.748,126.008
7wWZo87sP28UFgRLcl4zgj,Mega Mixx VI,['2 LIVE CREW'],191627,1996,True,,0.836,0.987,0.00118,0.575,140.116
6Y11ctbp2qZdqhWkQ7xKxv,Caper Reprise,['2 LIVE CREW'],330867,1996,True,,0.867,0.11800000000000001,0.007640000000000002,0.442,126.0
5i3cPnUiJXAFxEVfyVdMhm,"Throw The D*ck (Original 12"" Version)",['2 LIVE CREW'],332027,2002,True,,0.948,0.6920000000000001,0.0031899999999999997,0.531,123.116
2SHoxTp11TAv9v7CcCL2Gd,We Want Some P*ssy (German House Mix),['2 LIVE CREW'],399467,2002,True,,0.7659999999999999,0.503,0.0020800000000000003,0.8490000000000001,124.734
6AcbPtO2G1Ht3Z2THKUHLd,Me So Horny,['2 LIVE CREW'],277133,2002,True,,0.925,0.532,0.0034200000000000003,0.718,128.748
12nqAegdOEqauEMFrzopBi,Mega Mix IV (Banned In The U.S.A.),['2 LIVE CREW'],211200,2002,True,,0.736,0.46399999999999997,0.00513,0.731,136.77
4yVE8m3yiTbyqYzExccq5a,Get It Girl (Extended Mix),['2 LIVE CREW'],360080,2002,True,,0.787,0.501,0.00137,0.565,133.016
5AqUVaw4e2IyVcrzPW1y3G,C'mon Babe (Doo Doo Brown),['2 LIVE CREW'],361560,2002,True,,0.762,0.436,0.00551,0.687,136.454
7LsyndVcvsuqF7n2mRT0LP,Banned In The Usa What Is This' (Much Too Black Mix),['2 LIVE CREW'],269240,2002,True,,0.863,0.344,0.000231,0.769,115.995
7bETDt3vwTaTtj1M8l0tT2,Mega Mix - (DJ Laz & Felix Sama),['2 LIVE CREW'],327760,2002,True,,0.6509999999999999,0.44299999999999995,0.00117,0.755,127.484
58vD4XBVbdTnzfucMTl7mf,Pop That P*ssy,['2 LIVE CREW'],258747,2002,True,,0.899,0.605,0.000251,0.509,127.785
0mpdcjXMh8sOvNETAz2sSc,Bass 9-1-7,['2 LIVE CREW'],283547,2002,True,,0.943,0.256,0.0514,0.809,117.91
15lABOte0b01ftIkFTpdrr,Mama Juanita (Laid Back Mix),['2 LIVE CREW'],222893,2002,True,,0.9670000000000001,0.28300000000000003,0.0124,0.8170000000000001,124.914
3Cfp3qCnHtWxmZLTDunNui,Get The F* ck Out Of My House (German House Mix),['2 LIVE CREW'],303893,2002,True,,0.8809999999999999,0.507,0.00411,0.669,122.22
469Z51GVlMyiamScom6X3R,We Want Some P*ssy (Liberty City Long Hard Mix-Live In Berlin),['2 LIVE CREW'],360640,2002,True,,0.89,0.627,0.0466,0.8029999999999999,124.70299999999999
1Zjz2zS4JOu1KVDyo7PLwC,Throw The D*ck (Dub Instrumental Mix),['2 LIVE CREW'],325987,2002,True,,0.91,0.561,0.00176,0.504,123.09200000000001
2AWe6wD5ZPI9kJP32CP35x,2 Live Party Feat. Three-6 Mafia,['2 LIVE CREW'],362707,2002,True,,0.7170000000000001,0.614,0.000801,0.736,145.136
4ZT9EKb1iN9Cd5omcHcfoZ,We Want Some P--sy,['2 LIVE CREW'],167867,1992,True,,0.904,0.645,0.315,0.725,124.935
2aygOLEn1GGN2IqBcBVRMv,Throw The 'D',['2 LIVE CREW'],189973,1992,True,,0.9570000000000001,0.742,0.0070599999999999994,0.501,123.15299999999999
3mlmG1MMiW3LK7xuQmwZ6U,Check It Out Ya'll,['2 LIVE CREW'],302560,1992,True,,0.9179999999999999,0.657,0.0606,0.685,102.139
2Vt5zLlHPofCOuHdSu75bB,Move Somethin',['2 LIVE CREW'],206600,1992,True,,0.856,0.727,0.00392,0.46299999999999997,125.851
1JVyf8aEB6AbTPcsnzYGe1,HBC,['2 LIVE CREW'],201373,1992,True,,0.897,0.638,0.0014199999999999998,0.57,124.541
1ayKXbWjSjhtgqBfMD7R7D,Me So Horny,['2 LIVE CREW'],277533,1992,True,,0.94,0.746,0.0053100000000000005,0.633,128.749
3jsq4FXGmCabLMuiRvQl6a,C'mon Babe,['2 LIVE CREW'],284267,1992,True,,0.8540000000000001,0.875,0.019,0.67,126.60700000000001
1fooA592T40SrCsAuqvAjt,If You Believe In Having Sex,['2 LIVE CREW'],231733,1992,True,,0.9229999999999999,0.622,0.0424,0.679,122.765
7Dcrh1wgl7dUSOS6D92aNu,Pop That P--sy,['2 LIVE CREW'],258627,1992,True,,0.92,0.773,0.000365,0.54,127.807
6pvlyGHvN46uIuMVTmYAV0,Some Hot Head,['2 LIVE CREW'],238307,1992,True,,0.9079999999999999,0.778,0.00969,0.894,131.47299999999998
31oVqKN0VktTr5wZyTWXUl,The P--sy Caper,['2 LIVE CREW'],336160,1992,True,,0.698,0.319,0.163,0.46399999999999997,138.96
7eQt6H82LLCKHiM0oU9nzH,The 2 Live Crew Mega Mix,['2 LIVE CREW'],328267,1992,True,,0.6609999999999999,0.6990000000000001,0.00278,0.6809999999999999,127.124
2Nm2DAjJV8PGzslvHIC9mL,Boyz With Da Bass,['2 LIVE CREW'],204800,1992,True,,0.895,0.599,0.107,0.698,100.053
4vpjpqY47ub5UrQUuOBl3P,The Splak Shop,['2 LIVE CREW'],218773,1992,True,,0.8190000000000001,0.723,0.00895,0.568,95.387
5fsZmPRKOJhsD3tgqeBame,We Like To Chill,['2 LIVE CREW'],246000,1992,True,,0.7340000000000001,0.7390000000000001,0.00275,0.486,109.95299999999999
77C0XiQujgGz2wlmf4TLWz,2 strings,['Fourcolor'],419107,2004,False,,0.0931,0.107,0.965,0.157,63.496
07qxVfH5sTwbAcMcxHanYT,2 Can Play That Game,['Sygnature'],190400,2000,False,,0.747,0.684,0.00655,0.9520000000000001,83.03299999999999
3folWxiUfMhgu5Aj7YnZIT,2nd Zero Fidelity Mandible Investigation,['Hrvatski'],228827,2002,False,,0.552,0.9790000000000001,0.0157,0.0897,100.054
23E2ZpePyvMDVkSwTFNz9w,Incroyable mais vrai...,['2 Faces le gémeaux'],227000,2009,False,,0.805,0.6,0.0155,0.825,93.0
0lqr8IPafMhrdBUqFyB1tg,21st Century Schizoid Man,['Ozzy Osbourne'],233387,2005,False,,0.261,0.8009999999999999,0.00148,0.486,110.51299999999999
40mEbXgZWGFgushsGnfYvz,Metamorphosis,['Galaxy 2 Galaxy'],205973,2005,False,,0.381,0.314,0.721,0.435,162.30100000000004
274OIwHbwjO4E6vfzPlJ4r,Transition,"['Galaxy 2 Galaxy', 'Cornelius Harris', 'Christa Robinson', 'DJ Dex']",385413,2005,False,,0.648,0.826,0.000161,0.7809999999999999,130.148
4FvP0Ldfhouzs0togmtO4E,The Theory - Mind Mix,['Galaxy 2 Galaxy'],149360,2005,False,,0.301,0.818,0.10400000000000001,0.62,119.787
2SdmE80ls7H2XCHQmrulIY,Return Of The Dragons,['Galaxy 2 Galaxy'],434013,2005,False,,0.5379999999999999,0.948,0.121,0.7609999999999999,130.625
0zBAWwGdcYjZUVtQsKwCRv,Big Stone Lake,"['Galaxy 2 Galaxy', 'Lenny Price']",258440,2005,False,,0.177,0.325,0.929,0.0355,89.572
3QshysET7Q66k935YNulWr,Sometimes I Feel Like,['Galaxy 2 Galaxy'],374413,2005,False,,0.545,0.809,0.00285,0.691,123.819
1Oy5ZILbPfKkqpgyxJoIpD,Body And Soul,['Galaxy 2 Galaxy'],332627,2005,False,,0.505,0.768,0.0128,0.38299999999999995,121.132
1ThJqYF5fNSSrcQV5xiT5z,Nation 2 Nation,"['Galaxy 2 Galaxy', 'Lenny Price']",319720,2005,False,,0.506,0.8270000000000001,2.25e-05,0.615,122.156
1fQl4V2H28FBwgnXnx4lVX,303 Sunset,['Galaxy 2 Galaxy'],206533,2005,False,,0.685,0.7559999999999999,0.201,0.6409999999999999,115.11200000000001
73bKYDcJqxwERwiVXM1dm9,A Moment In Time,"['Galaxy 2 Galaxy', 'Malcom Holley']",188667,2005,False,,0.175,0.34,0.0146,0.0387,82.397
2T6rMXWYc934IWMudx1H1X,Jupiter Jazz,['Galaxy 2 Galaxy'],270747,2005,False,,0.645,0.877,0.00657,0.473,124.697
7fEZl45mMRy9TiIFarn0qy,Amazon,['Galaxy 2 Galaxy'],275720,2005,False,,0.486,0.79,0.00014099999999999998,0.265,133.196
4gKMXEIv5piKHsTd2mnMPX,Astral Apache,['Galaxy 2 Galaxy'],320453,2005,False,,0.568,0.904,3.78e-05,0.579,132.917
4BYkvIrKDOn3qbJT7iryBe,Deep Space 9,['Galaxy 2 Galaxy'],343467,2005,False,,0.738,0.627,3.12e-05,0.358,134.02100000000002
2ZKF8jc6zt1jb28AXZWnfW,Hi-Tech Jazz,['Galaxy 2 Galaxy'],336160,2005,False,,0.643,0.741,0.008,0.504,126.448
78u4errSiEmxrmakIwJQer,Star Sailing,['Galaxy 2 Galaxy'],391707,2005,False,,0.593,0.779,0.00151,0.519,125.071
3dAGc0wKiD5ejsXVfEzsyT,Windchime,['Galaxy 2 Galaxy'],369720,2005,False,,0.541,0.7509999999999999,0.0152,0.41600000000000004,130.567
05CLtDOLa6IpzkisVPAujq,Timeline,['Galaxy 2 Galaxy'],395093,2005,False,,0.6,0.7929999999999999,0.0028,0.7759999999999999,125.227
03uBCXRxlR3zPwPomjimNX,First Galactic Baptist Church,"['Galaxy 2 Galaxy', 'Paula McPheirson']",431973,2005,False,,0.6609999999999999,0.726,0.00524,0.7090000000000001,131.409
4Qa6z3YWYWZvtoI8aAmo7k,Inspiration,['Galaxy 2 Galaxy'],392587,2005,False,,0.6609999999999999,0.517,0.105,0.29600000000000004,138.543
5Wk2Neu1BM1qY2FjYTsYnq,"Momma's Basement - 12"" Mix","['Galaxy 2 Galaxy', 'Daiske']",307973,2005,False,,0.7490000000000001,0.7,0.24600000000000002,0.6509999999999999,120.025
3baYS8jZldZhuCNT5Tq6vZ,"Afro's, Arps And Minimoogs - 12"" Mix",['Galaxy 2 Galaxy'],405440,2005,False,,0.71,0.816,0.105,0.653,127.791
4xyU8PkSDnOLiXXry22sBx,Don't Bring Me Down (feat. 2 Chainz),"['8Ball', '2 Chainz']",253360,2012,True,,0.598,0.853,0.00513,0.501,98.766
3Ur0Y6CYcdglFZXMUqOSl1,2 Falken,['Faun'],299747,2007,False,,0.637,0.847,0.314,0.424,127.99799999999999
25NLzbniw92uWK6NrelBBV,Erosion 2,['Erosion'],577667,1997,False,,0.747,0.718,0.0031100000000000004,0.7909999999999999,128.471
4O8b1eJEu3yFq3MypkFGdg,2kind4u,['Feadz'],237387,2006,False,,0.46799999999999997,0.715,0.0374,0.613,96.618
51afs6i5cXR3HLx4aAuqIY,Wait a Second,['3-21-70'],331573,1993,False,,0.632,0.669,7.609999999999999e-05,0.682,159.936
1FHAHsTQGh27RiwNfvGyj6,211 - Feat. L.e.p. Bogus Boys,['Yukmouth'],233886,2010,True,,0.659,0.975,0.0253,0.752,152.067
5bTwZF2OdJwOhE547gfWiz,21st Century Devil,['Dødheimsgard'],337467,2007,False,,0.423,0.977,0.0006490000000000001,0.17800000000000002,130.039
6mzDSLx1AjarAsPaiHWTiR,2080 - Live,['Yeasayer'],338307,2013,False,,0.589,0.946,0.251,0.449,130.987
5qpLKbTbfvpNnkEV9KBb9t,24hrs,['DreiBoogy'],194664,2020,False,,0.773,0.48100000000000004,0.0222,0.43799999999999994,90.99600000000001
3MWltV1GUDVhhziHUuuyJf,Reptile,['Plan 29'],358800,2004,False,,0.61,0.469,0.114,0.0312,113.022
3JIzWGmgp8RqaTaSLwzVoX,Murder 2,['Mystikal'],253933,1997,True,,0.778,0.802,0.16699999999999998,0.442,87.956
786aOlrow9auBSALiMxLuJ,"20,000 Tonnes of Machinery to Smash Matter",['Halo'],473320,2001,False,,0.14300000000000002,0.475,0.00041,0.0732,103.23899999999999
1A4WjoM6kUEuoAXnfCpDxt,200,['OOIOO'],112533,1998,False,,0.415,0.8640000000000001,0.0011300000000000001,0.867,170.505
3MinlpAG5NGRwKuSHg4XTR,Land Of The Free,['20/20'],238720,1998,False,,0.597,0.47,0.35700000000000004,0.332,85.09700000000002
01J3NTuuH4sdkYz2qzXO4n,Trip In Hollywood,['20/20'],257627,1998,False,,0.48700000000000004,0.71,0.0723,0.535,93.154
4q0yYBQ6WiXyzU7rH8AWg4,Picasso'S Big Blue Heart,['20/20'],223587,1998,False,,0.669,0.585,0.0422,0.688,130.21200000000002
36xCMY17nguSCuGPnhI0mq,What Do You Feel,['20/20'],184587,1998,False,,0.615,0.888,0.000606,0.564,118.2
6C39Ut09nmLOWUcgQROOMR,Cool White Laura,['20/20'],235187,1998,False,,0.687,0.513,0.22399999999999998,0.445,110.736
02ykkNYTpRwufq49WsFu7M,I Never Did No Hitler,['20/20'],223560,1998,False,,0.688,0.685,0.159,0.75,119.47
4veKQ2mz2zHZ1lytOtxTwP,Best Thing In The World,['20/20'],222507,1998,False,,0.586,0.777,0.00402,0.695,101.725
1DWb1JGWXqFtNPwI34I14Q,Julie,['20/20'],171507,1998,False,,0.757,0.39299999999999996,0.18,0.506,84.21799999999998
1d6icQCM8gzo0L0bGztZdP,Sex,['20/20'],209347,1998,False,,0.65,0.58,0.0141,0.536,101.04899999999999
01TAXiOnXb3d8TuOop2VIb,New Thing,['20/20'],224440,1998,False,,0.635,0.78,0.0069700000000000005,0.631,125.205
6CwPlL6ziEY1fYRGpxnjiJ,So Many Reasons,['20/20'],207160,1998,False,,0.816,0.701,0.01,0.951,134.143
5t7FVDCu6U82BfTq2FeyWd,Song of the Universe,['20/20'],217400,1995,False,,0.539,0.7490000000000001,0.0019399999999999999,0.594,128.607
4AGhg7WM0wZlhb9uVh4tEZ,Stone Cold,['20/20'],304640,1995,False,,0.618,0.613,0.033,0.7190000000000001,126.329
1ztvN30Xq1cODxK5udQ0pb,Nothing At All,['20/20'],239027,1995,False,,0.5770000000000001,0.536,0.0028399999999999996,0.657,137.05200000000002
2V3TlQAuTm9EilJ0pP6ztz,My Tuesday,['20/20'],218133,1995,False,,0.519,0.614,0.0109,0.439,140.159
4lmrHtrHgNe3jbaBWyhOdn,State of Grace,['20/20'],259440,1995,False,,0.51,0.556,0.00187,0.6920000000000001,145.255
6kd3FtxRb2M8eAJ5SLyTq5,Watching the Headlights Burn,['20/20'],213160,1995,False,,0.631,0.527,0.165,0.633,121.602
0FtUyprNqwD8Kc9IP4KUGO,Solid Ground,['20/20'],246107,1995,False,,0.638,0.532,0.21600000000000005,0.649,133.122
6J6WYmJJwqyg2s217hgbMj,For All Our Time,['20/20'],256400,1995,False,,0.58,0.46399999999999997,0.00513,0.621,127.454
4dRL0SVN82FEEBJGOx8nXd,It Goes On,['20/20'],302400,1995,False,,0.5529999999999999,0.598,0.015,0.379,101.19200000000001
7b06q1FwpwhqGCjpcj8nda,"Well, Frankly",['20/20'],208227,1995,False,,0.527,0.807,0.00020899999999999998,0.496,122.537
323h0aO3iXnjSz23rZ9q1w,"Rock and Roll, Pt. 2 (Gary Glitter)",['Tube Tops 2000'],220996,2000,False,,0.5539999999999999,0.5720000000000001,3.16e-05,0.608,130.38
7nMrFvxav3DhHCkvhKW1Rg,20 years,['Idaho'],221933,2001,False,,0.7170000000000001,0.526,0.146,0.13699999999999998,105.29799999999999
0Othakp55bfPfKpEhtPo1p,2 Lane Highways,['Take'],256000,2004,False,,0.698,0.387,0.191,0.165,92.03
7tVRBRzwpSlh54TeXaq0mi,2 Lane Highways (Rednose Distrikt Remix),['Take'],268120,2004,False,,0.752,0.866,0.000609,0.295,99.338
3O701jRcFjm1Jpu0GP4ZIT,25,['Area'],99333,1996,False,,0.311,0.14800000000000002,0.9520000000000001,0.539,107.053
3PThABUUDG5fQU1EKxmuj9,2nd Class Sleeper,['Filastine'],17520,2008,False,,0.41100000000000003,0.53,0.172,0.13699999999999998,74.07
44dPxldypXOpL6iuyGK9ES,2%er,['Williamson'],213533,2003,False,,0.5710000000000001,0.7070000000000001,0.0546,0.507,160.30700000000004
1ThCUaOghF71RXWraYRQnP,Or Trails and Teeth,['20GOTO10'],268400,2006,False,,0.685,0.496,0.0771,0.531,108.006
07dM7GplZD6f7LOcpggeg4,E.N.H 1647-1661,['20GOTO10'],212360,2006,False,,0.514,0.302,0.0178,0.201,78.001
5oyJ8CDzTaqSxJIKkH4q0F,Don't Need to Sleep,['20GOTO10'],209440,2006,False,,0.557,0.706,0.0101,0.366,114.05
2P4USeVr0mUTutpYjbCgFy,Waiting For the End to Arrive,['20GOTO10'],313080,2006,False,,0.49,0.727,0.00249,0.205,131.063
2R0z3ZNs3giWpaYlgoK5jG,Ghosts,['20GOTO10'],317720,2006,False,,0.623,0.636,0.147,0.33399999999999996,104.023
4J787lvPSvTnYYdJvDRoZC,I Know of You,['20GOTO10'],189587,2006,False,,0.519,0.408,0.326,0.17800000000000002,102.04
7jh91HWaTCRctsafF17BZ9,Hard Shadows,['20GOTO10'],265480,2006,False,,0.272,0.685,0.00515,0.20800000000000002,97.65
7FErvPZaoTbcI2X5TpUqeu,A Strange Victory,['20GOTO10'],260813,2006,False,,0.49,0.92,0.000449,0.48200000000000004,140.079
1KXafaRGEag8gQtLFdXfAx,Last Breaths,['20GOTO10'],236800,2006,False,,0.619,0.569,0.188,0.45799999999999996,125.029
7iEmnZq9Lim3dQcg9lJ1g3,The Mess That You Left Isn't Leaving You,['20GOTO10'],242213,2006,False,,0.579,0.862,0.0577,0.373,131.05100000000002
1BafNDe2BHZHYYeC6wHVT9,...Creatures Left Alone,['20GOTO10'],309587,2006,False,,0.6779999999999999,0.469,0.501,0.494,106.025
4wC1W4BCfk6cn9FYmhlIXM,"Concerto for Oboe, Clarinet and Strings","['Ensemble 21', 'Martin Schuring, oboe', 'Robert Spring', 'Arthur Weisberg']",283400,1995,False,,0.449,0.184,0.95,0.265,103.574
7I0WrDXGNHReclf9ukEjQW,"Concerto for Oboe, Clarinet and Strings","['Ensemble 21', 'Martin Schuring, oboe', 'Robert Spring', 'Arthur Weisberg']",346827,1995,False,,0.134,0.0307,0.9670000000000001,0.0366,79.958
2WZxith2k7ekMqU9XukRV4,"Concerto for Oboe, Clarinet and Strings","['Ensemble 21', 'Robert Spring', 'Martin Schuring, oboe', 'Arthur Weisberg']",186933,1995,False,,0.376,0.188,0.919,0.28800000000000003,124.185
5tMXuuICbExIMGybWM1ypF,Passages,"['Ensemble 21', 'Arthur Weisberg']",197307,1995,False,,0.303,0.0455,0.972,0.0396,127.603
0KRFM0l54gu7d6PvBqqjRB,Passages,"['Ensemble 21', 'Arthur Weisberg']",47333,1995,False,,0.29600000000000004,0.0191,0.987,0.0918,65.266
7yZm0xWYTHnISmj61RwltL,Passages,"['Ensemble 21', 'Arthur Weisberg']",189027,1995,False,,0.28800000000000003,0.14800000000000002,0.958,0.081,150.499
0JRGRU4y2ds8bTbC0i5EGI,Passages,"['Ensemble 21', 'Arthur Weisberg']",215067,1995,False,,0.188,0.0273,0.978,0.0382,82.265
4weuIhVlsHW0thCZr2xPeb,Passages,"['Ensemble 21', 'Arthur Weisberg']",179973,1995,False,,0.258,0.11599999999999999,0.977,0.038,74.896
1joFC34P7Ja3nqEEu7ZIkA,Passages,"['Ensemble 21', 'Arthur Weisberg']",249493,1995,False,,0.254,0.0321,0.9740000000000001,0.0351,90.59700000000001
0U97fzcX5dc7D3CcqI9WZX,Passages,"['Ensemble 21', 'Arthur Weisberg']",166640,1995,False,,0.28600000000000003,0.0458,0.985,0.0388,82.443
37Iza777dc3uT7260j2p3K,Passages,"['Ensemble 21', 'Arthur Weisberg']",73960,1995,False,,0.217,0.0929,0.9570000000000001,0.16399999999999998,171.683
4l1anaPGOOCbyDOmvXDqjm,Passages,"['Ensemble 21', 'Arthur Weisberg']",195000,1995,False,,0.177,0.12,0.98,0.0311,86.264
3ftKMKOFg7fuyo6cUlM5Kf,Realidad Uno,['2 minutos'],106027,2000,False,,0.37,0.966,0.00185,0.414,169.815
3lxixQ5RmaMi6XWRDOt7kS,Lado Oscuro,['2 minutos'],147107,2000,False,,0.466,0.9570000000000001,0.0009279999999999999,0.28,104.195
2WP0LkLGeTBlRa9dWQfXTv,Gason,['2 minutos'],153533,2000,False,,0.494,0.9740000000000001,0.000344,0.574,112.792
3OhRnT87udhZrmaBg7JpiP,Disneylandia,['2 minutos'],142200,2000,False,,0.467,0.9490000000000001,0.0174,0.579,163.96
553wbX04HlXQeNbuBtDDu0,Mundo para Dos,['2 minutos'],145533,2000,False,,0.504,0.97,0.00183,0.5760000000000001,117.109
2BhkmyII9xqSgC8gvxYPMS,Sonrisa de Papel,['2 minutos'],117867,2000,False,,0.479,0.977,0.0023899999999999998,0.596,112.156
1MwzDGTU7lvpsyYG1fglcz,Vibrador,['2 minutos'],89760,2000,False,,0.294,0.993,2.86e-06,0.449,139.56799999999998
1W7HPzX6aPkjINlahH9kxe,Siempre Es Lo Mismo,['2 minutos'],161973,2000,False,,0.5329999999999999,0.948,0.0316,0.7909999999999999,99.329
0EMqZYW69LzKLMYH0Utd86,Pobre Susana,['2 minutos'],174760,2000,False,,0.522,0.966,0.0492,0.6920000000000001,106.742
0HMEtUnJkkIBSfI4UIfX16,Cargo de Conciencia,['2 minutos'],105733,2000,False,,0.33,0.976,0.00112,0.6559999999999999,126.197
5DeYcu5SJXfq9XFsgb8ZVq,Vomito Bar,['2 minutos'],144000,2000,False,,0.5479999999999999,0.9279999999999999,0.0225,0.7070000000000001,105.206
4kNeHh4pQbHCG5uJKKEARR,Marylin,['2 minutos'],146507,2000,False,,0.531,0.978,0.00732,0.48100000000000004,111.44200000000001
4g6ndiG9OHRpKo0AkfD3Rt,Veinte - 2 X 10,['2 minutos'],110040,2000,False,,0.355,0.96,0.0105,0.40700000000000003,133.1
3SFYaPJUd5l7cjZPpoSE4f,2,['Fourcolor'],394347,2006,False,,0.495,0.462,0.9470000000000001,0.0398,120.131
0vfHFrQBfJrev99mZntaxI,2005,['SFDK'],216573,2005,False,,0.643,0.9179999999999999,0.373,0.759,91.022
6MQD0wAlFrctzoGg8p4fMW,212 E10,['Plumbline'],301680,2004,False,,0.5429999999999999,0.58,0.9359999999999999,0.16,140.078
33ijKHWHDO8IRM1tQ6PoNS,25th & 6th - Mr. Reliable Remix,['Tuatara'],275080,2003,False,,0.618,0.7759999999999999,0.0018399999999999998,0.588,111.322
5HxpFLZ7K1x6MUnrtsr52e,2nd Hand Smoke - Remix,['Twiztid'],237320,2004,False,,0.833,0.8190000000000001,0.0222,0.653,94.021
7beqVxFB2g7DlL09mvfjDv,2 Step,['Unk'],195787,2006,True,,0.763,0.797,0.0583,0.645,77.003
0QlgkXQOkudYXqUru3tUQR,2 Dollar Niggas - Explicit Album Version,['Project Pat'],234373,2006,True,,0.838,0.7240000000000001,0.0611,0.5589999999999999,155.998
5Ti3mvClMLzJ2ytUMrHZkb,2-Livin Misery,['Casey Chaos'],213667,2004,False,,0.314,0.9940000000000001,3.3799999999999995e-05,0.218,113.098
2qXwjEg64ptItLcqtm5dKG,20-Dress You Up To Kill (outtake),['Casey Chaos'],177520,2004,False,,0.34600000000000003,0.998,0.00822,0.134,137.42
70ccRBqffn2ZuBDqCWniu3,21-Hit It (outtake),['Casey Chaos'],91893,2004,False,,0.264,0.997,0.0241,0.35,141.056
50lhWUi7ZQidmKJT7EnstR,22-Carjack With the Kids,['Casey Chaos'],99147,2004,False,,0.441,0.996,0.000248,0.355,124.444
3w5YKQ7jv3VPoOZz6kskMZ,23rd Chromonosom,['Noosphere'],325800,2000,False,,0.659,0.595,0.000133,0.623,149.87
18ret91R7tbQIkJPO2QOED,256,['Lowfish'],8627,1999,False,,0.0,0.804,0.0999,0.0,0.0
71NwYkpTg1f04ycs1OfU3h,23rd Arch,['Kyler'],80173,2006,False,,0.4270000000000001,0.28,0.364,0.135,107.76899999999999
5KBzAnT7MTNgEQjQj6lIQc,2007-01-13,['Fuzzboy'],648173,2007,False,,0.168,0.408,0.8740000000000001,0.0337,71.315
4MdJWUxzjDfOOkOZHNlegh,Shades of Orange,"['Nobody', '2Mex']",267907,1997,False,,0.537,0.7140000000000001,0.19399999999999998,0.664,97.49
0nxAiEbUskkq9XEpRzi8Z3,Latinlectrofusion - Ambient Pass,['Tempo 2'],367067,1997,False,,0.478,0.753,0.292,0.335,123.97399999999999
0y1ZlOiHAZ9YRKG3YEokrI,21st Century Romance,['Dreadnaut'],227880,2008,False,,0.42100000000000004,0.956,1.9e-05,0.39899999999999997,131.921
188wU8Wk4nC7B6twKT2Xj4,23 Frets From The Blues,['Chris Canas'],105333,2004,False,,0.431,0.535,0.0194,0.645,169.673
0cOzoekxFPm8kFzeeDynGa,"Keep Sending Signals, Pt. 1",['25 Yard Screamer'],194226,2016,False,,0.474,0.358,0.605,0.107,120.241
5hPV7E4UoR4vrn8gvvZJZa,"Keep Sending Signals, Pt. 2",['25 Yard Screamer'],424660,2016,False,,0.23399999999999999,0.5870000000000001,0.000267,0.184,82.25399999999998
0fkKA3AR3t3WxrW0jJceng,Pulse,['25 Yard Screamer'],517427,2016,False,,0.41700000000000004,0.708,0.00075,0.0812,79.94800000000002
0AnYpECMirzgxTVp8PXZZD,Pages,['25 Yard Screamer'],329131,2016,False,,0.385,0.718,0.0004,0.226,177.016
4sduxvKKovWhlnkRlYzOiy,The Pictures Within,['25 Yard Screamer'],391766,2016,False,,0.33,0.713,5.01e-05,0.185,140.248
3vEJWLV9hGC0EKfRa0x0bB,I'm an Explosive,['25 Yard Screamer'],419972,2016,False,,0.48700000000000004,0.654,0.00054,0.192,139.951
0sfRuXt4i33ZExl9q4g7Lo,A Memory,['25 Yard Screamer'],390016,2016,False,,0.3670000000000001,0.903,7.859999999999999e-05,0.366,170.11700000000005
7dg8JKTJCWQHzruiQy9Op5,No Beautiful View,['25 Yard Screamer'],374400,2016,False,,0.168,0.408,0.154,0.175,179.908
5obcGDhk1PvBYjRA85MMee,2 Way,['Ginuwine'],249933,2001,False,,0.718,0.568,0.36,0.48200000000000004,115.22
7vC9arcW65GvjnzC7UTw54,Haindling Herbstthema 2,['Haindling'],186387,2001,False,,0.39,0.121,0.993,0.0552,122.421
1J0cNHkaIHP1On4g40bntJ,23 Years Too Late,['Wire'],586813,2007,False,,0.617,0.5429999999999999,0.0181,0.12,105.50399999999999
4RkcJAVJSRtPYuP73sNXdQ,2244,['Hobbyist'],251520,2018,False,,0.852,0.428,0.00491,0.365,135.955
25ZwVylu4SwZLlp0t5rYid,24 Hours,['Asskickers'],177227,2001,False,,0.47200000000000003,0.294,0.44,0.317,134.517
6QBQOTSHWUf5nxmZUWkT7g,Enmass,['CQ 2007'],249387,2013,False,,0.467,0.929,0.0551,0.593,135.016
2RdFzaOxMwf9SW7jsY32lO,No Inbetween,['Talla 2XLC'],245933,2013,False,,0.467,0.9890000000000001,0.000154,0.18600000000000005,140.012
6eINtP09wdW15Tkg3750mt,"2 Portes, 7 Fenetres",['Monade'],348640,2005,False,,0.34600000000000003,0.628,0.44799999999999995,0.12300000000000001,164.986
2IGzsyFinURUVYjsi2pIUl,21 Miles,['Johnsmith'],228200,2006,False,,0.462,0.601,0.685,0.647,81.075
628PPqCo2sNZf4Ja2X11wO,22 Exits Away,['Emmure'],263200,2007,False,,0.259,0.9540000000000001,3.04e-05,0.135,138.093
4eG1XOT59h5sqPLzruZzDI,California,['2 Minutes Hate'],224733,1995,False,,0.456,0.861,0.000324,0.396,109.624
4DAKzn6dZ7BXvy0LPBOv7F,Killing Time,['2 Minutes Hate'],224507,1995,False,,0.495,0.574,0.0019,0.361,116.934
0C6YPvEWWUf4ijFQuVpV9R,Alligator,['2 Minutes Hate'],205827,1995,False,,0.491,0.856,0.00065,0.312,96.391
0KDQBp9qHRHRbnnQZPcDqC,Cauliflower,['2 Minutes Hate'],139600,1995,False,,0.391,0.6709999999999999,0.000333,0.841,151.775
0BXMHE9Bz0JqUnbnkrGwFz,Liar,['2 Minutes Hate'],245267,1995,False,,0.325,0.647,0.00395,0.5,168.174
59OAa4FGGfQGbTViv4bS4t,Shock,['2 Minutes Hate'],199400,1995,False,,0.39,0.8690000000000001,7.829999999999999e-05,0.715,119.07600000000001
7dedgQoeINzs0AzWxlxbDj,Zero,['2 Minutes Hate'],205333,1995,False,,0.452,0.6409999999999999,0.00218,0.61,149.266
5dzlCIPfzGIGhmGitqU9hc,Pilot,['2 Minutes Hate'],187867,1995,False,,0.38799999999999996,0.885,0.00023199999999999997,0.526,148.441
3Un25S4Xfv7S1md8I0cXTe,Understand,['2 Minutes Hate'],256907,1995,False,,0.295,0.47,0.0018800000000000002,0.0392,79.44800000000002
0CQzjMfmVp9xpYe08iqNiV,And You Are,['2 Minutes Hate'],199360,1995,False,,0.429,0.893,0.000375,0.59,139.917
1ccYmInJeDex6C7tYG1aK7,31 Seconds,['2 Minutes Hate'],506947,1995,False,,0.22699999999999998,0.574,0.000323,0.0537,167.49
6UJI5rxvb9tc1wsnfICFpo,26,['Kiethevez'],282013,2008,False,,0.585,0.624,0.337,0.141,115.04
5fjefOhz4cR2yGOgVmzeSz,2080,['Cobat'],215861,2015,False,,0.789,0.778,0.0658,0.332,140.034
1OGCnYAOowK0ur1LMMN3BM,Seq666,['Front 242'],753933,2003,False,,0.522,0.93,0.0127,0.134,134.993
10O3VegAa63GT5mpbk7sOL,Together,['Front 242'],292093,2003,False,,0.441,0.7040000000000001,0.00032900000000000003,0.545,184.003
3nPv3vIgQAnPLL4GLaZ9Tv,Triple X Girlfriend,['Front 242'],258880,2003,False,,0.696,0.414,0.0476,0.233,160.015
49VlqoQB96IoST9zGRuhUv,No More No More,['Front 242'],442747,2003,False,,0.6559999999999999,0.561,0.00461,0.105,116.016
5dtVIAeVJ9Xw5x3DdYzQVZ,Beyond the Scale of Comprehension,['Front 242'],437347,2003,False,,0.247,0.4,0.595,0.0718,96.199
60PzhvQyUzHAwjsANv6rWc,Song,['Front 242'],401653,2003,False,,0.583,0.541,0.00821,0.0696,100.015
3sfFv66T27kNslvE8loCRA,One,['Front 242'],348453,2003,False,,0.6809999999999999,0.644,0.004079999999999999,0.4370000000000001,135.02100000000002
1PoWV3UtgdK9hkVSdydZmU,Matrix,['Front 242'],374213,2003,False,,0.61,0.573,0.0018399999999999998,0.43,165.537
76fkO5nD4P2gxXIfbrJDhL,Never Lost,['Front 242'],645960,2003,False,,0.45,0.593,0.513,0.23800000000000002,99.995
1s1y3OFER1Thh5lwuSSdgz,7rain - Filter,['Front 242'],246600,2003,False,,0.431,0.275,0.057999999999999996,0.0721,183.718
5fbAsU2AYKLkhtImdQzwxG,Pan Dhemihk,['Front 242'],302573,2003,False,,0.6509999999999999,0.9690000000000001,0.000778,0.141,119.96700000000001
15uwqOZOQcm5G8s9w8qP7s,Happiness,['Front 242'],432453,2008,False,,0.48700000000000004,0.7120000000000001,0.00018899999999999999,0.23800000000000002,144.94799999999995
3AsJHopzWSLrz0JUDtsDwc,Body to Body,['Front 242'],250107,2008,False,,0.541,0.777,0.0005,0.503,169.97299999999996
2WusLfavHv72u8EYwpwTG3,U-Men,['Front 242'],176773,2008,False,,0.632,0.648,0.000897,0.768,125.046
72GzJ0Le45ZFEDh2GlrHNf,Lovely Day,['Front 242'],247160,2008,False,,0.502,0.8109999999999999,0.00066,0.36200000000000004,159.963
02WZpSeSw3apzgPqnVIHlE,Religion,['Front 242'],215400,2008,False,,0.52,0.9890000000000001,0.0481,0.179,140.002
6GLzsKzFJ6m1L3O1aMB8NA,Welcome to Paradise,['Front 242'],277800,2008,False,,0.545,0.893,0.000239,0.703,135.064
1xSrhF1kkkeUAnmOSLy5Ph,Commando Remix,['Front 242'],430333,2008,False,,0.53,0.8390000000000001,4.45e-05,0.12,121.014
4stfsXccc8vnJ3aitrvUKV,Funkhadafi,['Front 242'],210213,2008,False,,0.5579999999999999,0.86,5.260000000000001e-05,0.106,117.992
7Ce79EWxBxmZuAyKSWWOEL,7 Rain,['Front 242'],224147,2008,False,,0.574,0.638,4.5799999999999995e-05,0.153,91.988
0UUNtg5kzPjWyYviV9SI9V,Until Death,['Front 242'],203907,2008,False,,0.626,0.626,0.000808,0.341,113.008
1VZDRpv8IXy2lhomU4MQoX,Moldavia,['Front 242'],214307,2008,False,,0.56,0.856,7.47e-05,0.149,125.926
68Fc8EcWHdO2YXGewGoBIU,Together,['Front 242'],261160,2008,False,,0.484,0.68,0.00018,0.20800000000000002,91.95700000000001
2D4z5iJUHrKaXf6xU8onh0,In Rhythmus Bleiben,['Front 242'],235760,2008,False,,0.57,0.85,6.61e-05,0.512,130.007
0WKwppyOCvXE4r6ZsHzkIu,Head Hunter,['Front 242'],263613,2008,False,,0.593,0.894,0.000283,0.41,124.979
3PN9HRpNIiz9THpcQnBCWq,Operating Tracks,['Front 242'],250533,2008,False,,0.5720000000000001,0.462,8.590000000000001e-05,0.153,132.988
0gM7dwUun9twJ6gK19MYXc,Punish Your Machine,['Front 242'],373827,2008,False,,0.4920000000000001,0.8240000000000001,0.000338,0.327,139.97899999999998
5BxsPMoYPu4J189ZojYTzP,First In First Out,['Front 242'],291787,2008,False,,0.5479999999999999,0.865,0.000319,0.494,130.10399999999998
44PVW6H1pbsNIckP68Era0,No Shuffle,['Front 242'],229173,2008,False,,0.547,0.747,3.63e-05,0.541,130.017
6pnquS57KKuQwrbfv8kW8H,Don't Crash,['Front 242'],224787,2008,False,,0.514,0.845,4.0600000000000004e-05,0.522,119.98700000000001
3MWvM2jmZA3HE8wGmw8QVL,Welcome to Paradise,['Front 242'],277427,2008,False,,0.565,0.956,0.0030800000000000003,0.376,135.036
436rIJjRaaAtlCTDbJfAy7,Commando - Remix,['Front 242'],453773,2008,False,,0.46299999999999997,0.8759999999999999,0.00013000000000000002,0.0565,121.036
3QSRGc7Z5iH2Pv0jZ37g9R,Quite Unusual,['Front 242'],226813,2008,False,,0.5489999999999999,0.7240000000000001,0.000145,0.479,125.038
43kgiu4AEoPztMticI7nGp,Master Hit,['Front 242'],222320,2008,False,,0.5589999999999999,0.925,0.000176,0.32899999999999996,124.98700000000001
2oCsHDc614JFbRAKmu9RPM,Crapage,['Front 242'],269347,2008,False,,0.465,0.951,0.0228,0.0376,144.975
1WzspH9T85qCiP4qMRwne6,Melt,['Front 242'],189600,2008,False,,0.53,0.7120000000000001,5.460000000000001e-05,0.644,89.955
2xHKNtMgew6A3fiAWKdAfb,Gripped By Fear,['Front 242'],210373,2008,False,,0.623,0.629,0.000342,0.27899999999999997,114.944
4ek0caCd3pfQA7JvQQMfej,Loud,['Front 242'],257213,2008,False,,0.499,0.638,0.000433,0.382,99.99799999999999
1rvCEXiGgLzHN72SNiWvqO,Moldavia,['Front 242'],212920,2008,False,,0.5770000000000001,0.86,7.240000000000001e-05,0.255,126.01700000000001
2zYPwvHIDOKNeTLRNSMf3h,Take One,['Front 242'],247667,2008,False,,0.623,0.8170000000000001,0.000196,0.159,119.993
2GFSHZ7i1IEBJlVj8yhNxU,Head Hunter,['Front 242'],249120,2008,False,,0.604,0.937,0.000426,0.405,124.96799999999999
6BzwjmVAtLPoMdShWXIOOS,Kampfbereit,['Front 242'],268040,2008,False,,0.649,0.434,0.00023999999999999998,0.33799999999999997,124.99
6jjIAGTnfjBLGM71SRK3cP,Punish Your Machine,['Front 242'],345280,2008,False,,0.479,0.883,0.000338,0.13,140.025
1MbPQRITKFXuknLnTpQ9HR,Descent,['214'],347551,2013,False,,0.795,0.675,0.015,0.0752,126.992
3SYCVnlXgDG13hy3xjEMhP,29 Steps,['Shooglenifty'],250747,2001,False,,0.337,0.5329999999999999,0.0059299999999999995,0.47700000000000004,207.735
3Nvut4mXZSlV9hHGjPK5xk,Hear Me Now,['Trisomie 21'],303253,2008,False,,0.47100000000000003,0.955,7.49e-05,0.24100000000000002,123.01
4AUEuhCztEU8cDkrugkUjC,Two Of Us,['Skylab 2000'],296387,2005,False,,0.7170000000000001,0.63,0.0022600000000000003,0.254,105.105
4Yq7dvLJSGknylCmnWjI3t,2 Train,['Mario'],243640,2002,False,,0.61,0.6509999999999999,0.0846,0.337,147.928
2hS2EBOkEbobjLhAcQ0KOo,2度目のキスから,['Nogizaka46'],239787,2017,False,,0.531,0.935,0.0826,0.813,144.928
7Hf6WlV1vOVFD1zAX0XgWm,Sitting,['2Me'],250013,2008,False,,0.715,0.301,0.726,0.597,111.887
3A6SB10GKAwvZbHoLcqCKZ,Glass House,['2Me'],232787,2008,False,,0.708,0.507,0.773,0.348,122.096
0RnNKMzEpIInGycePym3yZ,Bed Bug,['2Me'],240680,2008,False,,0.644,0.344,0.84,0.41600000000000004,112.001
67ZGYA9A3lHkE3rKFXhORq,Sultan,['2Me'],414307,2008,False,,0.41200000000000003,0.589,0.486,0.264,120.21799999999999
2ZaVNRW8p50IEg5cPIOBzN,Tonight,['2Me'],249573,2008,False,,0.752,0.278,0.857,0.402,122.053
26jRqZYZv9dhehXC3Zded9,Dear Advice,['2Me'],152187,2008,False,,0.5329999999999999,0.213,0.851,0.34700000000000003,120.749
15d8EDFOWzpguqGT3MSAY7,Start Over,['2Me'],167227,2008,False,,0.679,0.33899999999999997,0.674,0.47,114.04799999999999
3k6jO4aLXPpgQRbZ5QLtM5,Healing,['2Me'],277867,2008,False,,0.315,0.894,0.0198,0.368,113.289
2rlFzMPNdOXwQiA25Mnu1k,Honey Pumpkin Lover,['2Me'],288400,2008,False,,0.528,0.245,0.883,0.294,105.935
58I0khlm8j59aTotzaWdD9,Sea Worthy,['2Me'],280440,2008,False,,0.562,0.312,0.693,0.165,123.735
0XaLKQGrNp0TGMXLIBafkw,Nashville,['2Me'],276787,2008,False,,0.677,0.5479999999999999,0.451,0.54,120.06700000000001
0HiNcU9NAwubt1sOucVSFB,Gone,['2Me'],244573,2008,False,,0.465,0.10300000000000001,0.912,0.154,136.112
3TmzTFtMJJWD9KhNq3jE5g,Everything Ends,['2Me'],259253,2008,False,,0.7190000000000001,0.23399999999999999,0.696,0.11900000000000001,119.984
1OPwItfx3IrVkDgemo0aBH,Tranquilo (Super Stereo Sound System),"['Kassin+2', 'João Donato']",257627,2008,False,,0.8059999999999999,0.317,0.792,0.635,115.85799999999999
1rSSsAfPwWKsXk2P13jUvA,O Seu Lugar,['Kassin+2'],305240,2008,False,,0.7390000000000001,0.512,0.531,0.5,111.31700000000001
2JvroWY2FzcntYfsvXf26b,Esquecido,['Kassin+2'],267653,2008,False,,0.6809999999999999,0.875,0.248,0.961,97.14
2Zmjp4Bqb1K6vIDevIIQP6,Quando Nara ri,['Kassin+2'],213373,2008,False,,0.7909999999999999,0.596,0.589,0.875,130.965
7nqGmhdMh8iO3ohyt8tf9W,Pra Lembrar,['Kassin+2'],222387,2008,False,,0.58,0.39899999999999997,0.777,0.217,85.81200000000003
6ByiNKCs1m7hZkawEK4z2c,Ponto Final,['Kassin+2'],247013,2008,False,,0.66,0.8540000000000001,0.00182,0.39,113.022
4GXMCfYpr05cWTqY79Cx6P,Futurismo,['Kassin+2'],173467,2008,False,,0.5770000000000001,0.502,0.792,0.8009999999999999,78.32
1fsjW0Drrd5CywPZ8IUjnS,Mensagem,['Kassin+2'],266973,2008,False,,0.64,0.47100000000000003,0.251,0.5329999999999999,93.95700000000001
0zcZfZ1oSK0POxw84qCO1T,Antes da Chuva,['Kassin+2'],299160,2008,False,,0.532,0.271,0.504,0.16699999999999998,140.63
6UOGvo35oJbEZiv0lhlZ2S,Samba Machine,['Kassin+2'],199733,2008,False,,0.5660000000000001,0.653,0.0153,0.266,201.96200000000002
5W4qiQGz8I6f0KA4MEJ2sn,Agua,['Kassin+2'],295920,2008,False,,0.685,0.746,0.127,0.674,106.01799999999999
5SdNRNhGC8MLZgY73ltefX,Namorados,['Kassin+2'],228587,2008,False,,0.5770000000000001,0.508,0.262,0.46399999999999997,96.976
2Xyyqrb9PSKatMdZKfeuVb,Simbioticos,['Kassin+2'],177213,2008,False,,0.5870000000000001,0.8859999999999999,0.259,0.5820000000000001,87.523
6dJNzi6J9FETXDGauMrjfX,Homem Ao Mar,['Kassin+2'],249760,2008,False,,0.314,0.889,0.00244,0.596,100.931
5EuAd61BC2UiVxXcGg0jYQ,Lake Line,['Kassin+2'],269493,2008,False,,0.723,0.56,0.45,0.659,124.963
5ATi9ZpPhl042xJFHlFjHv,Bow Road,['Kassin+2'],161053,2008,False,,0.402,0.499,0.7809999999999999,0.537,86.501
5w3yEXPrNrbSCO8dxzQEtz,Ya Ya Ya,"['Kassin+2', 'Moreno Veloso']",221987,2008,False,,0.653,0.74,0.4320000000000001,0.895,110.001
7jhaZFB8qkLQ4Rqwg1r33X,.22 Caliber,['1986'],290093,2006,False,,0.263,0.904,0.0286,0.17,135.45
4hxeMEmFdaQ9z3h4inAvoL,2x2l,['Nyco'],73427,2005,False,,0.6459999999999999,0.32,0.00035,0.165,88.581
5rVSuEnML8J21suY5e9oWk,2012,['Popnoname'],306507,2008,False,,0.619,0.657,0.17800000000000002,0.0735,120.01799999999999
23eMbkm32uKnE5xHDrbEU2,2Nd Fight,['Paracult'],305333,2018,False,,0.664,0.33899999999999997,0.121,0.23399999999999999,134.955
0pvYAaxIiLjigELkGvS094,27 Shots,['Kool Keith'],198867,2000,False,,0.883,0.747,0.0123,0.772,86.90100000000002
0a7HiDHDhrADK9NyshcRD8,200320092000,['Pixelh8'],85573,2009,False,,0.8370000000000001,0.996,0.0431,0.0772,122.054
1kNAtV4vUm6BB4L0WeG6dx,"2nd Nomination Acceptance Speech - Dallas, TX, August 23, 1984",['Ronald Reagan'],360933,2008,False,,0.537,0.5379999999999999,0.6659999999999999,0.19899999999999998,97.141
4O28XlGKKARJiRBktwMBar,CHuAo's CHA.pita CHA,['Masseratti 2Lts'],310813,2006,False,,0.619,0.531,0.561,0.5870000000000001,99.992
6XTU6MXzqtD2zvOqQliCKs,Miss mundo astro.dita 69,['Masseratti 2Lts'],277467,2006,False,,0.631,0.684,0.3720000000000001,0.523,98.006
7I8OcETPqLHnG0m4gHwtbL,The cacao bossamind girl,['Masseratti 2Lts'],292507,2006,False,,0.4270000000000001,0.597,0.66,0.111,100.061
403u97sflpIMSHZtJGRSvB,727 a MER.ida.y.vuelta,['Masseratti 2Lts'],276013,2006,False,,0.535,0.813,0.0591,0.845,159.968
6JY7LgjkEwypEny07LtRlc,"IN.terlude IN, cierto?",['Masseratti 2Lts'],175533,2006,False,,0.695,0.799,0.28,0.652,134.965
1syCVEWi6brUMCtf8FXrD6,para:DISE de:CEPE,['Masseratti 2Lts'],310827,2006,False,,0.754,0.585,0.261,0.455,122.016
17ffCzVzI5CYUz5sHLJ3gC,SUN.risas latin opera,['Masseratti 2Lts'],257800,2006,False,,0.851,0.64,0.71,0.713,135.037
2VYFdo9WW3STJFJn7lFaWI,Lulu chang.song fever,['Masseratti 2Lts'],360013,2006,False,,0.607,0.705,0.17800000000000002,0.299,90.006
6vp3z18p0SaNOZbhOWTwYl,Tam-tam-bor encore,['Masseratti 2Lts'],207067,2006,False,,0.565,0.377,0.888,0.188,120.07
4v7Bw3mNBHm8AYSiXCQQGl,Zico.delia dans i.pan.ema dos,['Masseratti 2Lts'],274467,2006,False,,0.617,0.784,0.37,0.759,130.009
1BCJ79peqHIC9jqyGVk4Zi,maCHINE kong beat,['Masseratti 2Lts'],219773,2006,False,,0.736,0.836,0.365,0.59,117.992
5YKnH3Use7OJS6LU2zggc3,Exterlude Criollotz # 5,['Masseratti 2Lts'],100800,2006,False,,0.615,0.251,0.9109999999999999,0.34600000000000003,99.97
7kg9PMEKVwULbyJKrAoMVu,Caracas body.POP feel'ins,['Masseratti 2Lts'],337360,2006,False,,0.626,0.648,0.6459999999999999,0.6459999999999999,160.012
0GVkKGTA2yStMpiHsxUGHm,MAR.g.ARITA moodset fleur,['Masseratti 2Lts'],250400,2006,False,,0.6579999999999999,0.8109999999999999,0.27899999999999997,0.922,128.003
3h6birnNKnWluV8UPTSUHx,Non-loop comPAZ,['Masseratti 2Lts'],305613,2006,False,,0.653,0.504,0.34700000000000003,0.244,114.98100000000001
7kmZ08HfKUeaRemT3ZmbLA,Low In,['2 Low'],15933,1993,True,,0.638,0.465,0.929,0.81,99.20100000000001
0BXYLh46vayrAlarShaAqr,Class Clown,"['2 Low', 'Devin The Dude']",204627,1993,True,,0.853,0.611,0.0131,0.7709999999999999,92.92200000000001
3Jn6AaOZvHuggQRmWU49fj,Growing up Ain’t Easy,"['2 Low', 'Devin The Dude']",217907,1993,True,,0.9129999999999999,0.457,0.0411,0.738,90.96700000000001
5GyuKQLJ5d4D7kN9o5Xesr,Funky Lil Brother,"['2 Low', 'Scarface']",282133,1993,True,,0.8079999999999999,0.619,0.0582,0.594,91.90899999999999
4S6lI3nx3V9KDTgTumA2tC,Pain,['2 Low'],147267,1993,True,,0.85,0.599,0.064,0.7859999999999999,87.98700000000002
55cide6mmB8EjhgWjV0afT,Here We Go,['2 Low'],208067,1993,True,,0.909,0.715,0.0325,0.63,100.90799999999999
2UYSVdJiPsizZ08WSAGPx6,Boo Ya,['2 Low'],160067,1993,True,,0.637,0.6629999999999999,0.000185,0.32299999999999995,179.81
0QIpWsI5lx2u0Pd48EkF8g,Throw Ya Hands in the Air,['2 Low'],192733,1993,True,,0.8759999999999999,0.8440000000000001,0.0144,0.535,94.90700000000001
3jQNLTVMzF3CAQnWPOysgm,The Groove (Strictly for the Funk Lovers Part 2),"['2 Low', 'Scarface']",287827,1993,True,,0.773,0.535,0.0144,0.684,86.905
08fQlGmyT9hQVU7AxEJjAg,Send Ya Fa Mama,['2 Low'],214733,1993,True,,0.706,0.7140000000000001,0.21899999999999997,0.797,169.921
7L7sLoNUZOVrqSfGhaItS9,Everyday Thang,['2 Low'],201907,1993,True,,0.7959999999999999,0.705,0.376,0.6970000000000001,88.51899999999998
3Z2nSfxSwRmSZ1VlzVzKWZ,Da Hood,"['2 Low', 'Mr. 3-2']",282560,1993,True,,0.705,0.547,0.0028399999999999996,0.612,88.949
5BjV84aPrVZiR4tpG5QhsR,Comin’ Up,"['2 Low', '5th Ward Juvenilez']",402507,1993,True,,0.898,0.9179999999999999,0.145,0.374,89.96700000000001
6a6aoaLdmSIxPf6NrZ6fF9,Low Out,['2 Low'],235333,1993,True,,0.441,0.395,0.0063100000000000005,0.381,70.812
0WAqkWAlxbMdfvCBrkTwJj,21 House,['Xlarve'],189049,2015,False,,0.606,0.8220000000000001,8.740000000000001e-05,0.667,139.999
12fUqsvrCsayVSDUUWLqFM,The Cause,['27'],193800,2004,False,,0.648,0.67,0.00434,0.45799999999999996,126.99799999999999
5llIHFV21vMvJF2cxGb2uv,Every Day,['27'],218360,2004,False,,0.536,0.5720000000000001,0.11599999999999999,0.371,125.95200000000001
0TX3kmxV3vtaydSNJIQgsD,Make Love Not War,['27'],194907,2004,False,,0.555,0.7290000000000001,0.0010400000000000001,0.322,79.805
0hhqNaiFOWlz70JQFIf6WP,Try (Part 2),['27'],189120,2004,False,,0.591,0.623,0.0977,0.18600000000000005,139.959
63f2jdfRZzMlgjGp7gU84m,The Light,['27'],63213,2004,False,,0.22699999999999998,0.0179,0.813,0.11900000000000001,73.715
6RdxeyWlv53TBZqGDXzdeo,April,['27'],295733,2004,False,,0.43799999999999994,0.44299999999999995,0.10800000000000001,0.5670000000000001,106.02
4IZXy4h5d50S3XcIUxfFDr,Night,['27'],264307,2004,False,,0.682,0.16899999999999998,0.389,0.0929,106.05
6gFcFpA4LUfmvwq0XcBlG6,2nd Foot Stomp,['Clinic'],174827,2000,False,,0.418,0.721,0.0025800000000000003,0.489,128.602
3sxsZPvGH8AXHOCov5yJtu,2/4,['Clinic'],155387,2000,False,,0.324,0.77,0.00107,0.161,189.918
7gunhDSSbdGdrfDoBff705,254.13.26,['Mecano'],250387,1982,False,,0.578,0.8740000000000001,0.0061200000000000004,0.7859999999999999,137.116
6QGPJF0fwzihyRKsaIk3Fv,Dario Todo - Spanish,['Face 2 Face'],236027,2009,False,,0.597,0.795,0.134,0.5660000000000001,123.039
48KdzGqKkjT3GX6xoBBaWC,Avivame - Spanish,['Face 2 Face'],245320,2009,False,,0.56,0.9420000000000001,0.0017699999999999999,0.29,141.987
2mqCVOLfyLFlDwOeo9fYUc,Hoy Y Siempre - Spanish,['Face 2 Face'],258333,2009,False,,0.584,0.843,0.00367,0.494,137.97899999999998
52OJYGo8PIczlqwxOmyrsG,Mi Inspiración - Spanish,['Face 2 Face'],246507,2009,False,,0.648,0.794,0.19899999999999998,0.873,107.95700000000001
11EdYIRp06Szidiz8ilgvs,Incontenible - Spanish,['Face 2 Face'],211920,2009,False,,0.502,0.745,0.00179,0.42100000000000004,164.05599999999995
3w1jutsIOt8iNLQqhTVpuW,Cautivado (feat. Eric López) - Spanish,"['Face 2 Face', 'Eric Lopez']",259867,2009,False,,0.649,0.575,0.348,0.499,147.998
28p64KxD7huVXFRfheGANn,Más Alto Que Los Cielos - Spanish,['Face 2 Face'],297787,2009,False,,0.46799999999999997,0.667,0.0064,0.14300000000000002,144.034
41XtmlUanTwp8bXrQGEtt1,En Medio de la Angustia - Spanish,['Face 2 Face'],304520,2009,False,,0.488,0.544,0.0744,0.299,139.98
1pZLOM744X4RD4Yv7gSC0c,Capaz - Spanish,['Face 2 Face'],274973,2009,False,,0.494,0.426,0.17600000000000002,0.221,135.955
7aiPNsUy5E252pa6ENXLiA,Seas Glorificado - Spanish,['Face 2 Face'],299240,2009,False,,0.511,0.612,0.00598,0.147,134.025
1o4ZyyHlkDeZXhW37eNrRO,Eres Mi Fuerza (feat. Carlos Manuel) - Spanish,"['Face 2 Face', 'Carlos Manuel']",286933,2009,False,,0.535,0.5870000000000001,0.0148,0.22399999999999998,140.012
7LmMiGT2V45ec4tCB1OvSq,Todo En Ti - Spanish,['Face 2 Face'],260107,2009,False,,0.44,0.531,0.106,0.261,156.066
4YOq509mbiA9xwMzxcWOym,24,['Xlarve'],283458,2017,False,,0.628,0.804,0.133,0.747,130.986
4Q5z55f2jcPTUxIkJ9cWYg,Our William Tell,['20 Minute Loop'],296573,2006,False,,0.499,0.759,0.000225,0.39899999999999997,114.262
5mqqQcRSVFmWueesaADvDF,20 Years Too Late,['Reanimator'],239027,2009,False,,0.29600000000000004,0.985,4.370000000000001e-05,0.4970000000000001,93.329
3PYKBSq95scKILUhVqEAhg,2249,['36'],171688,2009,False,,0.294,0.138,0.98,0.0348,98.604
1Ne3SqfWO2mQasqiQ5hyBl,21 Hours,['Quazar'],327640,1999,False,,0.782,0.516,0.0205,0.341,134.997
5rrBDywHXARjWjQX2UMhOS,28 ss.rd,['Gate'],432787,2009,False,,0.0,0.0002220000000000001,0.721,0.0,0.0
74GW0Zp1Jt6lp3rp1fIAD3,29 ss.rd.gt,['Gate'],739053,2009,False,,0.16899999999999998,0.975,0.726,0.0305,117.18799999999999
3lx9bxYUcosz7Arglo2tZf,21 ss.rd.mk,['Gate'],388827,2009,False,,0.402,0.98,0.377,0.0398,131.689
3eL5DpkBGbF9ESJb9duQYG,25 Years,['Yarn'],242227,2007,False,,0.727,0.718,0.294,0.655,109.945
4l3YN5xooUkyjlssnpcfy3,2 Cups of Blood,['Gravediggaz'],86827,1997,False,,0.727,0.753,0.41100000000000003,0.8059999999999999,85.87700000000002
28rSyL6SWxIDXA88hdQ5Jc,2nd Ghost,['Divercia'],251413,2009,False,,0.297,0.9209999999999999,0.00023500000000000002,0.359,171.945
6pA2ZKJm3oLx8pZeAIWmUJ,Great Brook Valley,['27'],251307,1999,False,,0.62,0.155,0.6890000000000001,0.109,139.95600000000002
1yOviBaN1RSZAe7QlhSZeO,2-Tone Army,['The Toasters'],236493,1998,False,,0.41600000000000004,0.841,0.006840000000000001,0.541,168.69299999999996
7BWKAv3isqqU6m5SfOIeXh,2-Tone Army,['The Toasters'],199720,2003,False,,0.653,0.932,0.011000000000000001,0.965,165.75099999999995
1tzt6lSdqyuBqZ2xG6P8Fk,23 Minutes of Tragedy,['IZZ'],420013,2009,False,,0.273,0.58,0.00469,0.078,131.042
74J5Fl9czMtetNj4UKv7VU,Freekbass 2YK,['Freekbass'],340200,2001,False,,0.7659999999999999,0.953,0.0414,0.889,103.411
161A3RTEDVpKjR9l4iFdtm,2330,['Miminokoto'],477027,2003,False,,0.168,0.973,0.753,0.107,90.166
7hFADAvaI9PCcxxwuVBQ89,Dead and Gone,['2 Headed Chang'],269387,2007,False,,0.29,0.9640000000000001,1.1400000000000001e-05,0.24100000000000002,107.182
4jguUzB5xGtq3nyYs67Qoe,Fuck Your Core,['2 Headed Chang'],220000,2007,False,,0.22399999999999998,0.915,4.03e-05,0.4,83.316
6zSFgQKeDqZXyXHzqyZr99,Disgusted,['2 Headed Chang'],270400,2007,False,,0.387,0.9890000000000001,0.000135,0.26899999999999996,104.96700000000001
3SupSGWsluJjdsNRtcTUxe,Candy Ass,['2 Headed Chang'],190067,2007,False,,0.33799999999999997,0.934,0.000212,0.361,135.768
6FXgWO8OCIvjNYPGBMQ4lK,The Inner Workings of a Perpetual Victim,['2 Headed Chang'],280040,2007,False,,0.293,0.977,0.000363,0.191,103.635
4Zeem4Xf1GyDKs6w8pTigt,Skin Her For Dinner,['2 Headed Chang'],210320,2007,False,,0.247,0.953,2.24e-05,0.316,101.48700000000001
1jHGUzNE49Jk0oFIgxBJTx,Glass Coffin,['2 Headed Chang'],247333,2007,False,,0.322,0.9690000000000001,5.16e-05,0.423,100.853
3fp0KJRZU7ZD5aLPISchTF,Bonded With Vengeance,['2 Headed Chang'],241453,2007,False,,0.22399999999999998,0.9890000000000001,1.75e-05,0.294,100.96600000000001
5yq2NJub69RFkOjPodiaRb,We Will Not Be Moved,['2 Headed Chang'],191120,2007,False,,0.451,0.9890000000000001,0.000453,0.18100000000000002,97.31
4hgb3m7ZGVKe4WJkzMCt7k,2 + 1 Is Almost 5,['Kagero'],212147,2009,False,,0.652,0.7809999999999999,0.0241,0.7609999999999999,97.044
5aEiCWsXePrFLAwKowbiOy,Hindu,['2Minds'],545901,2017,False,,0.659,0.826,0.004220000000000001,0.14800000000000002,140.0
6stVHRO26ZLdYcIoopWE2U,2nd Sun,['Elegy'],472941,2013,False,,0.616,0.9420000000000001,0.0565,0.636,135.997
5Q92OCK2NlSMCrSc3QmKF2,2 Those,['Madgesdiq'],293920,2009,False,,0.693,0.6759999999999999,0.74,0.9470000000000001,85.132
17XnxJMfsjhntgU0PFoH9i,2 U Mom,['Madgesdiq'],323760,2009,False,,0.792,0.7440000000000001,0.807,0.7929999999999999,97.954
4du34aNgNmgUX5EltksnVL,28800,['Rayden'],256827,2010,False,,0.634,0.937,0.309,0.41600000000000004,104.73
6ZBhvJGLhM3Hjhqe2jmxjb,Cket - 2004,['cliffordandcalix'],100747,2010,False,,0.27399999999999997,0.23600000000000002,0.941,0.10400000000000001,86.814
1PJ8m3ilq81YtgohMQ6Dpj,Master Crowley,['Delhi 2 Dublin'],169027,2010,False,,0.645,0.8809999999999999,0.00047000000000000004,0.174,100.00200000000001
6Ntz4WDQdwqgDhKksaH93q,The Answer,['Delhi 2 Dublin'],218933,2010,False,,0.632,0.8170000000000001,0.0148,0.8079999999999999,192.06599999999997
1zbffxRllo5wqYkIqIOXe5,Raise It Up (feat. Mista Chatman),['Delhi 2 Dublin'],249613,2010,False,,0.772,0.8340000000000001,0.00207,0.665,118.95200000000001
0GcatiPM0cQFG3JeFUgCxH,Tommy,['Delhi 2 Dublin'],326600,2010,False,,0.57,0.932,0.0032,0.708,165.049
780CRarfeKHG41wVeQ5u7u,S.O.S.,['Delhi 2 Dublin'],210813,2010,False,,0.765,0.67,0.0609,0.809,139.985
1roCft2QhqvJipLlCPR1C2,Laughing Buddha,['Delhi 2 Dublin'],249787,2010,False,,0.7829999999999999,0.711,0.00366,0.76,139.993
0WtKKld8AgE8Pg2nwCP5WR,Cabin Fever,['Delhi 2 Dublin'],247653,2010,False,,0.662,0.73,0.000634,0.447,140.067
3ia2PLBHwc1lF30gDD6PH6,Harmonizin Prelude,['Delhi 2 Dublin'],83893,2010,False,,0.726,0.409,0.8640000000000001,0.715,139.876
3wFj3vzFTRDCeHzUtLbDmk,Harmonizin,['Delhi 2 Dublin'],273827,2010,False,,0.653,0.93,0.0695,0.475,139.985
6eEXWHP9iZgoiJnoelFdBB,The Happy Track,['Delhi 2 Dublin'],151627,2010,False,,0.7190000000000001,0.67,0.00209,0.7929999999999999,100.01700000000001
0iPkBYE6yEOOwSPNFkEk5y,Happy Ending,['Delhi 2 Dublin'],95680,2010,False,,0.825,0.725,0.11,0.831,127.985
4vnATueHJqKNP5WMfgZZGq,Bodega Ridge Part 1,['Delhi 2 Dublin'],210800,2010,False,,0.526,0.498,0.439,0.0944,110.055
7u1g8GM8k1KGclzSJHsWYN,Bodega Ridge Part 2,['Delhi 2 Dublin'],227787,2010,False,,0.745,0.6920000000000001,0.0398,0.247,109.976
6XZrE2nbG0QZFVN4yXUVxM,Toxic 220,['Toxic 220'],422493,1997,False,,0.5720000000000001,0.647,2.660000000000001e-05,0.409,171.168
61QK8UUo0KMyP8y8t7ziR2,Basemental,['Toxic 220'],488440,1997,False,,0.537,0.825,0.00117,0.493,171.204
7dBbn2kXBHnL42aFw7FUsd,Intro,['20-2-Life and DJ Screw'],136453,1997,False,,0.627,0.5529999999999999,0.013000000000000001,0.7140000000000001,76.645
0ekTgDhxj4EWkGv4gkIJ7w,Whateva It Takes,['20-2-Life featuring Master P'],238507,1997,False,,0.637,0.517,0.0535,0.47100000000000003,174.033
4FqMQKRSlsI5rn4jHim0WI,Ghetto Life,['20-2-Life featuring Klondike Kat'],334440,1997,False,,0.6920000000000001,0.5760000000000001,0.0438,0.371,83.012
2qGtNF6RVl8VaopkYNHxh7,Feel Me,['20-2-Life featuring Jam'],262307,1997,False,,0.768,0.539,0.0322,0.39899999999999997,84.98899999999998
4ZHiGjbq3OwK5EWaHFSkMN,Twenty Two Life,['20-2-Life featuring Jam'],327053,1997,False,,0.813,0.45,0.013000000000000001,0.272,139.872
1Zzz0Ts9W5sbSd4GE709as,Roofin' It,['20-2-Life featuring 2-Def'],350640,1997,False,,0.62,0.64,0.00256,0.7240000000000001,145.935
0Z8NwQQWx19OUqHnKaha2j,What We See,['20-2-Life featuring 2-Def'],257720,1997,False,,0.861,0.605,0.0036799999999999997,0.7070000000000001,87.01700000000002
1it1xms5m5pW8bzBLY2l62,Pimp A Hustle,"['20-2-Life featuring Master P, Mia X & Mo. B. Dick']",351800,1997,False,,0.725,0.65,0.0038399999999999997,0.5479999999999999,78.02199999999998
6QpFWzZvkzemHcCQk4pYyi,Shist Individuals,['20-2-Life featuring PSK-13'],351400,1997,False,,0.496,0.677,0.0184,0.248,69.915
367ffilGEPSkDzcQPBr6sx,Backstreets,['20-2-Life featuring PSK-13'],360853,1997,False,,0.731,0.469,0.0172,0.534,75.175
6mRrs5GLwifj4QZ5F9g3qW,2 Up 2 Down,['Alfie'],199400,2001,False,,0.667,0.40299999999999997,0.736,0.391,90.936
4plQrbCv65p8nlzz4H5hiR,25 or 6 to 4,['Pacifika'],172267,2010,False,,0.551,0.366,0.795,0.281,137.997
71eCZuqwvAnE2zGOSaOar9,Easy Trigger,['27'],314427,1999,False,,0.3670000000000001,0.534,0.84,0.179,83.90899999999998
0ce7aZVnAUTl3tjyyUxjoK,Bird of Paradise,['27'],199907,1999,False,,0.47600000000000003,0.264,0.779,0.0936,96.936
4s3ZkdY5m9fgXBKidy96i9,The Lone Mariachi,['27'],164093,1999,False,,0.698,0.556,0.0456,0.736,88.12899999999998
579GevciAxqxucsgKjxO7r,"Warm Hands, Cold Heart",['27'],210973,1999,False,,0.48700000000000004,0.345,0.652,0.445,94.53399999999999
5gkNKb93k8Yrfnf8HZX6hJ,Great Brook Valley,['27'],247533,1999,False,,0.442,0.309,0.677,0.147,140.907
6YzEfosWS4oNcxXnJzYUus,The Feathered Serpent,['27'],117933,1999,False,,0.536,0.715,0.0528,0.335,113.65
2vclsh8NSLwCoGNAFdb5MF,Danger Bird,['27'],390693,1999,False,,0.40399999999999997,0.45399999999999996,0.42,0.0937,119.59200000000001
6B3bdaQNr9RhUdM01yEoYv,"Meerhout, 2013",['Ment'],253780,2019,False,,0.491,0.7090000000000001,0.0116,0.243,131.02100000000002
4gdxHXtYof2SntZG099xp1,The Pop up Man,['Ambassador 277'],201907,2014,False,,0.7020000000000001,0.307,0.16399999999999998,0.637,137.639
6bwsQMVbLQMogyK9bLUeSL,#2,['Igloo'],51280,2009,False,,0.0755,0.248,0.5529999999999999,0.145,178.97299999999996
2XZ8YbHtdtpyfl6POBS9dK,22,['Kaupo'],278053,2008,False,,0.6759999999999999,0.5710000000000001,0.0168,0.504,119.94200000000001
6DLTwpH2roW3QIEDqcHVyx,2nd Chaton,['Marco Minnemann'],327560,2007,False,,0.659,0.43,0.027999999999999997,0.24100000000000002,95.96
3vXOrsKnMp1EZgS4oRqW18,If You Want It,['2nd II None'],225893,1990,True,,0.925,0.703,0.007890000000000001,0.893,107.07700000000001
4iz0hMDDEKUDqp3HNSqRZQ,2024 - Feat. Dutti Hairy,['Motiv'],249547,2004,False,,0.544,0.698,0.0611,0.6409999999999999,78.736
0IdZax8AxahXOH1M00vlVS,2nd Phone Interlude,['Pras'],130933,1998,False,,0.904,0.255,0.01,0.5489999999999999,92.57700000000001
1OKn6IeCaFHn8tREGy5ioa,2nd Column,['Belvedere'],185497,2000,True,,0.322,0.868,0.000401,0.336,112.473
6mM5rLp0NGL5Kg8FPQB4z1,Give it Away,['Delhi 2 Dublin'],233795,2011,False,,0.685,0.8340000000000001,0.00851,0.648,110.006
1aM89kbLopPdYMIHy4o518,Tommy (Sonicanimation remix),['Delhi 2 Dublin'],273728,2011,False,,0.6859999999999999,0.77,0.00805,0.645,131.991
4eI8wmFefvnR658FTABx8m,Raise it Up (Gaudi's remix),['Delhi 2 Dublin'],252370,2011,False,,0.862,0.682,0.0666,0.28,110.014
7jXDOvm66RxDQFvUwnLets,Master Crowley (Master Crowley vs Mr. Chowlia remix),['Delhi 2 Dublin'],215608,2011,False,,0.672,0.8859999999999999,0.0229,0.45799999999999996,91.976
11YdpqT9I0OTZBVpI3zmAV,Harmonizin (Jay Dabhi's Lailat al Miraj remix),['Delhi 2 Dublin'],356329,2011,False,,0.36200000000000004,0.877,0.0175,0.32799999999999996,127.005
5xUG2LExWhn0eRTA6qg78h,The Happy Track (Radiohiro's remix),['Delhi 2 Dublin'],256788,2011,False,,0.705,0.833,0.000668,0.419,120.01899999999999
3S0RQJL3G2rEZCpttWFmtC,The Answer (Poirier Soca Chutney remix),['Delhi 2 Dublin'],229663,2011,False,,0.6809999999999999,0.937,5.9699999999999994e-05,0.8170000000000001,159.99200000000005
3NTsvrDYIrPdJAEZmlwEBx,Laughing Buddha (Sub Swara remix),['Delhi 2 Dublin'],299834,2011,False,,0.654,0.831,0.00196,0.562,140.035
1BLJHoctjLCm18xiup3Bw8,S.O.S. (Adham Shaikh Critical Bass remix),['Delhi 2 Dublin'],415560,2011,False,,0.82,0.5760000000000001,0.0185,0.583,140.02200000000002
3Pm7OVLId776T9TXOaF70o,Bodega Ridge part 2 (Kashoo remix),['Delhi 2 Dublin'],228557,2011,False,,0.767,0.6,0.0927,0.6579999999999999,110.005
715jwXA6ClYi8dHszyKAu3,Tommy (Shiva Sound System's Tommy Gun remix),['Delhi 2 Dublin'],271980,2011,False,,0.335,0.897,1.13e-05,0.16,115.806
4FYovBHwcJ9yUxijQ8Z18K,Mesmerized (feat. Kaylla Schubert),"['Burn 24-7', 'Kaylla Schubert']",525000,2011,False,,0.528,0.73,0.4370000000000001,0.309,134.043
4HFbS5gAj9Y0Hv3udWv0rc,There's A Rescue Coming (feat. Kristene Di Marco & Sean Feucht),"['Burn 24-7', 'Kristene Di Marco', 'Sean Feucht']",362707,2011,False,,0.441,0.308,0.861,0.0854,119.905
10yalSBNUtis4kgw2fsDvs,Be Exalted (feat. Stephen Roach),"['Burn 24-7', 'Stephen Roach']",476413,2011,False,,0.325,0.563,0.4270000000000001,0.209,104.779
1UiTAOTyiSmACIe6bcrACy,Let Worship Be Our Weapon (feat. Brandon Hampton & Sean Feucht),"['Burn 24-7', 'Brandon Hampton', 'Sean Feucht']",484493,2011,False,,0.36200000000000004,0.527,0.6940000000000001,0.0664,124.777
2wYE7M6kaNuG7kMHocl7QI,Incense Rise (feat. Sean Feucht),"['Burn 24-7', 'Sean Feucht']",369453,2011,False,,0.496,0.665,0.0109,0.17800000000000002,127.94
2XcjaKO2LRsKV8KBykH10p,Inebriation (The Wedding Song) (feat. Oliva Morgan),"['Burn 24-7', 'Oliva Morgan']",324320,2011,False,,0.397,0.177,0.715,0.214,119.06
1UeqBo1RoQFCBxFHZpVbkg,We Wanna Love You (feat. Nathan Prior),"['Burn 24-7', 'Nathan Prior']",536373,2011,False,,0.337,0.0896,0.973,0.0583,62.85
2bhyUmOhvaZ50pXRGhvfyM,Christ In Me (feat. Sisterbrother),"['Burn 24-7', 'Sisterbrother']",539947,2011,False,,0.41,0.594,0.271,0.23600000000000002,136.94799999999998
2WVnM0oZhBDFdVGSnkxrT6,Spread Your Wings (feat. Brandon Hampton),"['Burn 24-7', 'Brandon Hampton']",415547,2011,False,,0.397,0.13699999999999998,0.97,0.139,126.564
4AMSLi0gXjeEHzGalueZDd,I Stand Renewed (feat. Sean Feucht & Brandon Hampton),"['Burn 24-7', 'Sean Feucht', 'Brandon Hampton']",333480,2011,False,,0.316,0.115,0.875,0.0541,75.709
0hYW2qIxDNNKHSBcqdMBHb,Lord Come (feat. Leonard Jones),"['Burn 24-7', 'Leonard Jones']",369413,2011,False,,0.586,0.6729999999999999,0.263,0.408,112.914
1TuyDvbujiiJ3PKwukqSEc,2Faced,['Tree'],278600,2001,False,,0.365,0.9,0.00034700000000000003,0.32299999999999995,99.891
6yKqOhncyoyjKzzyKpMjLQ,25th Century,['Potion'],332547,2005,False,,0.674,0.895,0.149,0.9440000000000001,129.95600000000002
5saENQ6czxslAEMZm9KxJC,24 Frames,['PacificUV'],278960,2013,False,,0.48200000000000004,0.7559999999999999,0.0754,0.273,124.073
5ALQmRFnopSFVLa3lefGJJ,Definition of a Thug Nigga,['2Pac'],249133,1993,False,,0.848,0.69,0.005229999999999999,0.58,92.296
2AJdekBIsWT03z4gfy5tA2,War - Live,['Burn 24-7'],281733,2008,False,,0.435,0.977,0.6629999999999999,0.52,131.835
1QlAtxzdbdNL4ZGKTeJmbP,21 Levens,['Volumia!'],196427,2001,False,,0.6679999999999999,0.615,0.239,0.887,146.031
2zv9gQ9oepoAJ6NJGClq1d,Devil in Me,['22-20s'],258547,2018,False,,0.439,0.932,0.0016699999999999998,0.342,109.72
0Q4IE6hKcDeBh6XteoGzzY,24-Hours A Day,['Sienná'],414000,2005,False,,0.446,0.847,0.00048300000000000003,0.522,120.06700000000001
3DtiKrokDhwSolfwIDnSTB,2012,['SSM'],275653,2006,False,,0.311,0.623,0.00256,0.33299999999999996,132.246
72MMv8Hsu9lUDXfxsHL3cj,25,['Elegy'],577391,2014,False,,0.643,0.843,0.0019100000000000002,0.0393,138.006
22bFz5PMGSvejGc1k6ooek,Return to Freedom,['2002'],385387,2009,False,,0.151,0.226,0.873,0.0689,80.829
4ZpcQJzH9fX5mQ4JGFwSfm,Memory of the Sky,['2002'],408440,2009,False,,0.14800000000000002,0.263,0.924,0.0416,75.763
0VLQMhvxzKmO5owAFhmYoX,Lady of the Lake,['2002'],364147,2009,False,,0.11800000000000001,0.16,0.866,0.0392,69.263
4aovGCvgH3OIaQasoaQ1Lc,Higher Destination,['2002'],380880,2009,False,,0.179,0.19,0.985,0.0348,89.867
4yzWUbBoiRWTKzVVrX2078,Athena,['2002'],420293,2009,False,,0.159,0.276,0.502,0.0365,108.834
2gw1SZczoxevq2mB2bFGvv,Firebird,['2002'],404147,2009,False,,0.106,0.225,0.922,0.0364,91.47
2c7eqRPsr4o3nMjv3uH16N,Breathing Light,['2002'],374120,2009,False,,0.0814,0.149,0.966,0.0352,74.28
3M6XPbTquL6vEM7uq9WeRc,Stillpoint,['2002'],380933,2009,False,,0.0767,0.0694,0.988,0.0394,177.713
3mIvZn4bqX1HIl2ytQN6Tp,Sunlight Through a Feather,['2002'],391880,2009,False,,0.16899999999999998,0.0617,0.743,0.0749,77.566
2n29m5MCf01mWe0lKN7Fx7,The End Is a Beginning,['2002'],383000,2009,False,,0.0961,0.249,0.897,0.0322,160.52200000000005
2mmdSPHHi1UnwO33YXlXzo,2 @ A Time,['Nump'],250600,2005,False,,0.848,0.855,0.177,0.379,101.964
0OL6m7PC1rncJ8D88qRFZ3,La Flaca,['2 Bmf'],243760,1995,False,,0.698,0.838,0.0092,0.569,155.451
6YWrDWrkg9NhNt5OdQlzjz,La Flaca,['2 Bmf'],243800,1995,False,,0.626,0.79,0.000791,0.758,155.494
1i14Q4CdlImsrXfnRu1vSx,La Flaca,['2 Bmf'],230293,1995,False,,0.737,0.84,0.00925,0.528,137.711
3C9HykvIPYeCZC343mNiuF,La Flaca,['2 Bmf'],227747,1995,False,,0.7040000000000001,0.809,0.00248,0.32299999999999995,137.668
5sPKd0A4STfANXg8qWmxAz,Boubou N'Gary,['Etoile 2000'],411627,1998,False,,0.595,0.885,0.0333,0.785,138.96
6IdOhCkIMcLTkEZgSNvGYc,2099 Dub,['Bizzy B'],367480,2006,False,,0.52,0.997,0.0059700000000000005,0.266,169.921
0yD9yLS5SF815L3P3bggIv,Quicksand,['22-Pistepirkko'],207933,2001,False,,0.634,0.765,0.00662,0.57,94.04700000000001
2hlTuee6kGCZfiYAdTNG3M,This Time,['22-Pistepirkko'],249440,2001,False,,0.6890000000000001,0.6459999999999999,0.004079999999999999,0.452,111.17
6szCkeiScCfkKDryLsepcD,Car Wash,['22-Pistepirkko'],276880,2001,False,,0.6890000000000001,0.601,0.17300000000000001,0.645,88.09299999999998
5wohn7ahYqJJSuBxRVHIQx,Freeman,['22-Pistepirkko'],210333,2001,False,,0.599,0.809,0.0136,0.7170000000000001,128.116
4vDE2YM0BjU268NF7XQrNt,Bloodstopper,['22-Pistepirkko'],191213,2001,False,,0.5,0.349,0.759,0.16699999999999998,101.934
2KpoiOXBfeugwBB9Sliu5E,I'm A Moon Around You,['22-Pistepirkko'],279800,2001,False,,0.711,0.743,0.018000000000000002,0.124,134.92700000000002
47opH4T9NKq2qT1FaOJnwq,Mowing A Lawn,['22-Pistepirkko'],231440,2001,False,,0.7559999999999999,0.66,0.099,0.488,120.191
68xkWN0ApWKjehdcGBGqCY,Waiting For The Train,['22-Pistepirkko'],276120,2001,False,,0.6920000000000001,0.816,0.0335,0.961,123.463
5RKvLBKnVbxb3tRsXPwhnw,D-Day,['22-Pistepirkko'],292480,2001,False,,0.625,0.547,0.0035299999999999997,0.23,158.013
1SJmFRJeWek3mkhHck03WB,Metro Blues,['22-Pistepirkko'],254133,2001,False,,0.778,0.726,0.311,0.49,105.069
6odUcxolvs2x3zqm1mtOqr,Rally Of Love,['22-Pistepirkko'],429507,2001,False,,0.722,0.815,0.0345,0.965,120.14
5xLrvOuRGO3Lg8Lud5jHfN,29th Lobotomy,['Abscess'],102307,1995,True,,0.21899999999999997,0.682,1.39e-05,0.233,88.63799999999998
3VtX9qo02NEPT3UiRz11Ad,2 Face,['Klank'],211240,2007,False,,0.5589999999999999,0.963,0.005679999999999999,0.539,133.032
446OzHImmecaURuFnM43Ct,2 X 4,['Wesley Willis'],153133,2000,False,,0.622,0.5489999999999999,0.2,0.644,150.054
0wA5pr0VWd6LPbhCc6lP1V,Bill So Horny Explicit Version,['2 LIVE CREW'],294053,1999,True,,0.9,0.685,0.0366,0.7190000000000001,128.765
3vTvbUkTIByFpxSwNgbIfP,Bill So Horny Clean Version,['2 LIVE CREW'],279333,1999,True,,0.9109999999999999,0.6759999999999999,0.0414,0.695,128.79
6OEDYGyc81AzgDbtt3POEt,Me So Horny Explicit,['2 LIVE CREW'],278933,1999,True,,0.917,0.7709999999999999,0.00774,0.6409999999999999,128.459
248mKYKrIyGXxJkl6AvcNt,Me So Horny Clean,['2 LIVE CREW'],265840,1999,True,,0.934,0.774,0.0119,0.5760000000000001,128.513
3qzo3BCwdOKuEosELy3EA7,2039,['Exile'],257987,2011,True,,0.474,0.706,0.0631,0.51,129.435
2PVQQ72H3lrROx0mF3GOHc,Intoxication - Clubfield Mix,['React 2 Rhythm'],371067,1992,False,,0.684,0.84,0.0107,0.512,119.882
4CjIxj7tXPAJbpJkOOzw6X,Rhythm Addiction - Mustang Mix,['React 2 Rhythm'],418573,1992,False,,0.645,0.8859999999999999,0.0002220000000000001,0.41,119.56700000000001
5TGsWwvzyBBQVsRAoExhXX,2 Worlds,['Elias'],259680,2004,False,,0.757,0.919,0.159,0.9079999999999999,89.986
3p1t7cPP0OO5vEvJdtfwds,20/20,['Roam'],270907,2009,False,,0.34700000000000003,0.13,0.946,0.153,117.82799999999999
1q7AsCTAHylXGIZJieu6jK,27 Days,['Alder'],213986,2011,False,,0.649,0.38799999999999996,0.636,0.344,91.98200000000001
2a1NPioDswkxUN9G1Ilp9v,2d Person in a 3d World,['Lord'],259193,2013,False,,0.495,0.95,1.17e-05,0.424,105.03200000000001
73rEHR7rrgcWdJT9D1hKqm,2012,['Antiworld'],180387,2007,False,,0.174,0.8959999999999999,3.2e-05,0.491,155.493
4IdlLg0IXK1HV3UuNP20ft,Why 2k,['Willi Williams'],270040,2008,False,,0.807,0.47200000000000003,0.688,0.902,142.376
59CR1auVO3XbhApDLUzNWb,23 Minutes In Brussels,['Luna'],466067,2000,False,,0.489,0.632,0.233,0.493,99.068
6E0cezZnHLdUtERxBq1UH1,Walking Out The Door,['Toothpaste 2000'],205853,2003,False,,0.382,0.971,0.00024700000000000004,0.46399999999999997,180.08599999999996
25eXKWwuxeCoxlHqKtnKKE,Everybody Loves A Loser,['Toothpaste 2000'],138360,2003,False,,0.527,0.873,0.00214,0.6759999999999999,115.775
0rlnmVJF5N0PMINzq2JoQ0,Count Choc-O-Lot,['Toothpaste 2000'],138707,2003,False,,0.725,0.755,0.0105,0.946,120.134
3sSpgfCBdO8IvBiXKVWCq4,"Johnny, Call A Doctor!",['Toothpaste 2000'],182520,2003,False,,0.531,0.818,0.004229999999999999,0.5479999999999999,118.005
2Kd6frsE2Ho17qIcKA0Xmk,Crying In The Morning,['Toothpaste 2000'],153947,2003,False,,0.5489999999999999,0.878,6.840000000000001e-05,0.665,125.086
75uidhRQPJBsJVm2sJ14HO,Just Because,['Toothpaste 2000'],156893,2003,False,,0.27399999999999997,0.905,0.00159,0.7490000000000001,184.675
1h6PdpzAtkKYyEttlhkfaw,You Don't Love Me Anymore,['Toothpaste 2000'],161747,2003,False,,0.465,0.956,0.000215,0.434,114.91
2mN0yK4BXM5Uok5v86M88p,High Life,['Toothpaste 2000'],189173,2003,False,,0.486,0.96,0.00262,0.5670000000000001,149.967
6U6PtDw5vO0FxyUyiDyvoU,Let's Keep It Real,['Toothpaste 2000'],105213,2003,False,,0.5379999999999999,0.8740000000000001,0.0836,0.777,133.834
6CeEc2ksOEJP71dslV3eV0,I'm So Happy That I Could Cry,['Toothpaste 2000'],140200,2003,False,,0.568,0.9009999999999999,0.0812,0.695,134.967
35JQU5ceGI35RjdfYzzNHr,Do What You Do,['Toothpaste 2000'],150907,2003,False,,0.297,0.8690000000000001,0.0132,0.662,148.93
1yXBCluGoiva4ZrcJV5m1t,There's Always Something Going On,['Toothpaste 2000'],145227,2003,False,,0.564,0.927,0.349,0.89,142.08
2kAz9q4FrFP2Jj0Ti4ES0Z,Candy Pants,['Toothpaste 2000'],200933,2003,False,,0.373,0.632,0.0586,0.506,99.1
6wHaabI1ane8Dxq21VVX1X,There's Not Something Wrong,['Toothpaste 2000'],131320,2003,False,,0.504,0.855,0.0008320000000000001,0.434,130.015
36v69h6jEBV5FVLCpnqlPo,Catch-22,['Toothpaste 2000'],192933,2003,False,,0.522,0.8959999999999999,0.027999999999999997,0.6659999999999999,129.946
4ujZihm817JqNwAjO2M4kq,Party Girl,['Toothpaste 2000'],121733,2003,False,,0.474,0.679,0.011000000000000001,0.588,179.78400000000005
312knnr3EUPtXNzDKMjpbl,Action Girl,['Toothpaste 2000'],163360,2003,False,,0.44299999999999995,0.873,0.0017,0.742,145.22299999999996
6CdtHSqtF8uyzn7Y4nZIxw,When I'm With You,['Toothpaste 2000'],143293,2003,False,,0.593,0.912,0.0051600000000000005,0.858,120.02
0MvJdbtKum2tPIvuJ7qtcC,Cleopatra,['Toothpaste 2000'],167200,2003,False,,0.5920000000000001,0.929,0.0929,0.73,134.061
6GAitkV69VYvzzW6rZUM9i,Cats & Dogs,['Toothpaste 2000'],134987,2003,False,,0.635,0.8640000000000001,0.053,0.8959999999999999,129.94899999999998
5tslMFkEan7HWQkxWVmAIv,Imaginary Friend,['Toothpaste 2000'],154920,2003,False,,0.546,0.8079999999999999,0.136,0.778,118.035
1YXI5bXLSCRHXwhcgwgynr,"Girl, You're Gonna Miss Me When I'm Gone",['Toothpaste 2000'],135147,2003,False,,0.603,0.617,0.023,0.8079999999999999,100.031
4eohJeotXu1t6XrrwH5OiI,True'd up Ru'd Up,"['Bloc 2 Bloc Muzic', 'Antonia Marquee', 'Big June', 'Brayzie Ru', 'Charlie Fingaz', 'Dirtymoney Izzy', 'D-Spade', 'Roccett Loc', 'Yun-Gun']",348866,2020,True,,0.633,0.782,0.389,0.581,96.943
3L3HrlEdo7uqC8gFIb3gPm,Missionary Song,['SaGoh 24/7'],176840,1999,False,,0.4,0.809,7.120000000000001e-05,0.797,122.024
7JurxjHFp4CNiBBkS7R6oV,Fifteen,['SaGoh 24/7'],180640,1999,False,,0.307,0.85,0.0637,0.66,101.053
4fcOFP2LEHpruV9s19bjZJ,Nyekwil,['SaGoh 24/7'],192613,1999,False,,0.35100000000000003,0.813,0.000495,0.585,115.069
5oY5KNTjmvR35FEzfwWWyP,See Me Through,['SaGoh 24/7'],204680,1999,False,,0.32799999999999996,0.742,0.000769,0.369,120.993
6LAy8mSWd7Cu2lcqg1eMUV,Sick World,['SaGoh 24/7'],134347,1999,False,,0.331,0.773,1.5399999999999998e-05,0.823,130.308
4lOPiDJ2yc1cOfUcufv1U2,Days Of Our Lives,['SaGoh 24/7'],156253,1999,False,,0.436,0.804,0.000241,0.354,124.27600000000001
6gDPZvN2MMpd6mEj5WyF0u,Let It Go,['SaGoh 24/7'],187840,1999,False,,0.384,0.8220000000000001,0.000124,0.835,137.763
1XOttme441C2eqeoabu9UG,Wish I Had Words,['SaGoh 24/7'],138667,1999,False,,0.214,0.8909999999999999,6.3e-05,0.618,148.953
3ZFUJskgl2xpjJCdBEh7JS,Tickle Me Emo,['SaGoh 24/7'],145373,1999,False,,0.226,0.878,1.1e-05,0.642,120.99
6Rn2gPTjTApJ8LZy7SoP02,Rocky,['SaGoh 24/7'],155387,1999,False,,0.326,0.7090000000000001,0.000466,0.8029999999999999,124.65299999999999
4m1FoHfe0GIm8TW3Y01Pqr,Kiana,['SaGoh 24/7'],174000,1999,False,,0.287,0.912,1.3699999999999998e-05,0.628,123.355
50SSepxQ2HVNPpE9tCOCQA,Point To You,['SaGoh 24/7'],147173,1999,False,,0.375,0.853,0.000202,0.825,121.29700000000001
3lzK4NpdR17HNyDUFKKOkj,Rain,['SaGoh 24/7'],165147,1999,False,,0.257,0.777,5.98e-05,0.66,123.27799999999999
56ieGxhfsjYmPgMtBLjhsk,Withstand,['SaGoh 24/7'],197933,1999,False,,0.342,0.8540000000000001,0.000259,0.69,112.00200000000001
5vbvU9zKS9aLk20MTsW1Np,Saturday,['SaGoh 24/7'],189640,1999,False,,0.319,0.5820000000000001,0.00031299999999999996,0.449,129.183
2pLOA3eSZNGzfohHGLprtg,My Life,['SaGoh 24/7'],256213,1999,False,,0.314,0.7709999999999999,0.000146,0.165,113.655
1qYI0sXP9LpeSHb7m0llxd,Pretty Pt. 2,['Phosphorescent'],806840,2003,False,,0.11800000000000001,0.767,0.000575,0.406,168.06400000000005
4UJNH3UAD6cmxdfzukcpOf,2 Paths,['Tattermask'],205109,2011,False,,0.465,0.912,2.34e-05,0.23800000000000002,92.01899999999999
1QeBWGUln059mvLeBy1goX,2 Hotels And A Set,['Fleshies'],75267,1995,False,,0.353,0.96,0.000229,0.45399999999999996,129.224
3gKsjAgmDnXAbG0fVu1uuO,Prologue,['London 2005 Stage Premiere Cast'],185613,2006,False,,0.122,0.113,0.9690000000000001,0.0367,88.319
6sVLoy5q7kIf3QcvZWQEbZ,Creating a Boy,['London 2005 Stage Premiere Cast'],132800,2006,False,,0.307,0.298,0.31,0.146,153.92600000000004
2Y2L14PLdWZJvPjvwxkIwv,Trick or Treat,['London 2005 Stage Premiere Cast'],150920,2006,False,,0.38799999999999996,0.34700000000000003,0.7979999999999999,0.21100000000000002,148.08
2OtRSwla5wJUPEHgIFUPfo,The Suburban Ballet,['London 2005 Stage Premiere Cast'],182013,2006,False,,0.604,0.262,0.845,0.311,131.429
4mpchhvEO2fWJ9V6mLul6P,Meet the Boggs,['London 2005 Stage Premiere Cast'],149973,2006,False,,0.573,0.31,0.723,0.8809999999999999,131.08
4izd2aOCoOMLCAtljmgsK7,Edward Explores,['London 2005 Stage Premiere Cast'],86080,2006,False,,0.303,0.0747,0.8740000000000001,0.0606,73.63
66N14MS3oJZjiPfwD3AIgW,A Portrait of Kim,['London 2005 Stage Premiere Cast'],144333,2006,False,,0.106,0.124,0.98,0.0384,80.079
3v1xMVh4lT2UI8oVcIzD2C,Edward Meets the World,['London 2005 Stage Premiere Cast'],106760,2006,False,,0.591,0.188,0.742,0.127,120.40299999999999
4Dvnx9BNROjwBONuqhTnnZ,Gossip,['London 2005 Stage Premiere Cast'],106307,2006,False,,0.503,0.414,0.968,0.436,79.692
244amIFTik5vv18rlXj0tK,The Evercreech Family,['London 2005 Stage Premiere Cast'],57853,2006,False,,0.359,0.203,0.862,0.306,143.412
6ThBBMOqJtNorYs77BVdUM,The Boggs Barbeque,['London 2005 Stage Premiere Cast'],90213,2006,False,,0.674,0.23199999999999998,0.9359999999999999,0.633,76.304
7pC3ASc4GxsuqzluMOI3Ij,Kim and Jim,['London 2005 Stage Premiere Cast'],151547,2006,False,,0.594,0.6990000000000001,0.0198,0.455,107.555
5I5OsID7094Ct1ivxMxAIl,Mad Mambo,['London 2005 Stage Premiere Cast'],143360,2006,False,,0.69,0.684,0.585,0.9620000000000001,152.14700000000005
3pLtkBlM8GQ2MXbjvlou6r,Topiary Garden,['London 2005 Stage Premiere Cast'],351187,2006,False,,0.127,0.218,0.934,0.0385,168.463
1w427DeohySGs77bUmhTv0,Edwardo the Barber,['London 2005 Stage Premiere Cast'],197440,2006,False,,0.33299999999999996,0.337,0.6679999999999999,0.43,144.642
7h5Zc3VBeRuMcDEx2SLS1j,Joyce Entertains,['London 2005 Stage Premiere Cast'],193027,2006,False,,0.37,0.172,0.8140000000000001,0.38299999999999995,109.641
2ZLktDu53bShQQuYLO0AVk,Christmas in Hope Springs,['London 2005 Stage Premiere Cast'],154080,2006,False,,0.39799999999999996,0.336,0.782,0.33799999999999997,114.03399999999999
3jkRvzDkYUiKlf6fDskfvS,Ice Dance,['London 2005 Stage Premiere Cast'],158267,2006,False,,0.21100000000000002,0.265,0.955,0.0417,96.73
46UVveIRsODdjWAg4ommY3,New Best Friend/Christmas Ball,['London 2005 Stage Premiere Cast'],127987,2006,False,,0.513,0.35200000000000004,0.5479999999999999,0.5379999999999999,124.402
54GM1HmaLKTtG0ZIAGFkBG,Edward's Party Piece,['London 2005 Stage Premiere Cast'],201173,2006,False,,0.419,0.366,0.7390000000000001,0.677,176.799
032yaYPIrkCZxXq3Y9LL3D,The Hope Springs Swing,['London 2005 Stage Premiere Cast'],274907,2006,False,,0.557,0.386,0.5589999999999999,0.392,146.74
3XYsZtblTsnAwfaK0pgh20,Edward Accused,['London 2005 Stage Premiere Cast'],116187,2006,False,,0.42,0.408,0.79,0.138,147.09
22BDLyioRvf7Fp3JDHMixl,Farewell Duet,['London 2005 Stage Premiere Cast'],237987,2006,False,,0.11900000000000001,0.217,0.951,0.0365,91.024
2tpmbXwhnyPBMyGNj9OzmL,Epilogue,['London 2005 Stage Premiere Cast'],230813,2006,False,,0.131,0.213,0.9620000000000001,0.032,79.569
2r2F7uQ2zGc5ZyrFtJ58HA,20.4.10111519 - Kinetik Mix,['Cenotype'],250296,2013,False,,0.447,0.971,2.47e-06,0.10400000000000001,141.967
14ga5yXJ0yiAZ8WAZ84itb,2ndguess,['Ctrl'],222493,2001,False,,0.474,0.618,0.00045099999999999996,0.467,112.194
6zrkohmOVqwwpqGrzrPfqN,Danse danse,['Mixmania 2'],197720,2011,False,,0.737,0.757,0.138,0.5379999999999999,130.00799999999998
70BI5oVxlR9sWU5vm0ONnP,Chic Chick,['Mixmania 2'],197907,2011,False,,0.723,0.836,0.114,0.9129999999999999,119.988
3aDDhBrd5xxjygoJcPf2bc,Amour point zero,['Mixmania 2'],191013,2011,False,,0.665,0.627,0.0552,0.5529999999999999,112.03200000000001
0nDu0jQJghMNwWIMDbYBq6,Tant que l'on s'aime,['Mixmania 2'],251613,2011,False,,0.581,0.449,0.775,0.131,134.11
0keFSc38kNZwXsIm8iZKiH,Tellement,['Mixmania 2'],186160,2011,False,,0.816,0.5760000000000001,0.413,0.6990000000000001,90.01299999999998
1So18rtl1azPQ6nO9ZNASI,Je prends ma place,['Mixmania 2'],222240,2011,False,,0.7090000000000001,0.782,0.21100000000000002,0.6729999999999999,120.065
3aGLuHCv7Z1BXywd4KB7od,Superstar,['Mixmania 2'],210680,2011,False,,0.605,0.865,0.0218,0.287,129.966
368zAMOAY9lEMql1BmZBcr,100 Visages,['Mixmania 2'],206920,2011,False,,0.779,0.9229999999999999,0.147,0.792,123.01299999999999
4RYdkvev6Kq3q6gBa6nGMi,Amour point zero (chanson acoustique),['Mixmania 2'],190440,2011,False,,0.708,0.685,0.46,0.589,112.035
1R9DZ2s4tlWY1aP0gc3wdZ,Chic Chick (chanson acoustique),['Mixmania 2'],202760,2011,False,,0.866,0.7809999999999999,0.61,0.95,120.03
54pi7tuy9YMyX9UOKFFsOH,Danse danse (chanson thème),['Mixmania 2'],198107,2011,False,,0.645,0.64,0.0138,0.7190000000000001,129.999
4OUWE8EaYmcokSZF4JBgLF,2.7 XO 17,['Fenster'],216690,2012,False,,0.706,0.26899999999999996,0.7390000000000001,0.157,103.053
4OEJfwxD6yqSCGYZCZn51D,21 Praises of Tara,['Amikaeyla and Ariana'],320427,2006,False,,0.565,0.34600000000000003,0.846,0.568,122.038
4O9TrKMjnbfsx1V44xRzfa,2082,['Quantec'],413787,2008,False,,0.305,0.601,0.264,0.0677,115.98100000000001
3JQW5MtJSRHLqiIIWVZMZY,2008 Fm,['MAS 2008'],370453,2002,False,,0.40299999999999997,0.721,0.0115,0.513,131.988
2UnhYfIe6vPQdtjPVIsoxz,Punished By Machines,['MAS 2008'],368253,2002,False,,0.731,0.807,9.6e-06,0.217,135.004
2qcBW9v1yHmd6wKNNGx4Q6,U Can't Emulate A Soul,['MAS 2008'],339920,2002,False,,0.7190000000000001,0.9890000000000001,0.00135,0.489,120.007
461JbvaqVKLvug6P4tCwxL,Forgotten Knowledge,['MAS 2008'],392987,2002,False,,0.813,0.85,0.00217,0.336,115.0
1D9OOQtWCq2iwrGYxsH3zA,X-Perience The Reality,['MAS 2008'],429147,2002,False,,0.759,0.991,0.00025,0.4270000000000001,131.004
0dA0KK4UNeK9zO22dsw92R,Chase Da Sound,['MAS 2008'],284307,2002,False,,0.755,0.826,0.0004440000000000001,0.5710000000000001,130.028
4nUjbiOtqFA8tbl9LJ9SfZ,Journey To Tomorrow,['MAS 2008'],389293,2002,False,,0.629,0.637,0.0024100000000000002,0.141,104.995
7mzBAtwe0nmbpSkTdPCe8W,Opera De Technique,['MAS 2008'],305800,2002,False,,0.52,0.8340000000000001,0.0188,0.22899999999999998,64.936
0SFLkT55IFJXNJPrimn525,Wasted,['MAS 2008'],322040,2002,False,,0.7659999999999999,0.9109999999999999,5.27e-05,0.23800000000000002,130.016
7wpofFNmXtLIKcvuzVyMjc,World´s Passing By,['MAS 2008'],409893,2002,False,,0.794,0.9490000000000001,0.203,0.741,128.014
471v3HR5Tv6bGPklJ9iDIT,You Can't See (What I Can See),['MAS 2008'],361907,2002,False,,0.769,0.828,0.0059299999999999995,0.292,135.024
4lYe5icpate72yivdLghxt,Mindprogramming,['MAS 2008'],423347,2002,False,,0.35600000000000004,0.767,0.00101,0.134,176.088
73HkuHZILWLSs3hJLAjkDF,2 the Bone,['Blake Baxter'],342067,1997,False,,0.7979999999999999,0.9059999999999999,0.00155,0.371,127.993
25OreGy627DFc1yohsQ7M9,_Sealevel.2,['Simon Scott'],445640,2012,False,,0.17,0.222,0.807,0.069,118.85
7xDpowEW1dAXTSW8yBkPGR,2000 And None,['Boole'],277987,2008,False,,0.465,0.951,0.0068200000000000005,0.619,145.002
6BL1kO0WX4eLfyk1DxqxEH,Cristo 2000,['Cenobita'],439667,1999,False,,0.507,0.956,0.0108,0.11699999999999999,119.945
77RELpz9xsUoCVPl61UccM,2 Minutes,['cupcakKe'],193464,2018,False,,0.552,0.659,0.316,0.24100000000000002,105.854
6uH4Gc5uZv2LEI41j6Oiql,"Explicit (Feat. 2Faces, Canox, Lmc'rar, Onze, Saye & Souldia)","['Taktika', ""2Faces, Canox, Lmc'rar, Onze, Saye & Souldia""]",348053,2011,False,,0.669,0.91,0.0781,0.677,85.038
3N6k9ZCGNrhMtwDpmApvXQ,The Knife,['Downfall 2012'],258053,2005,False,,0.345,0.8909999999999999,0.00487,0.684,164.197
3iOVXROQHKZAEZHiBaEWVx,"Red Baron, Blue Skies",['Downfall 2012'],295280,2005,False,,0.439,0.9059999999999999,0.00257,0.8190000000000001,114.602
3UHF35549BBmr3BKHJ1kAy,Snake in the Garden,['Downfall 2012'],341347,2005,False,,0.373,0.9129999999999999,0.000717,0.733,98.213
1uXveK7vQc4sq22QAKuIAW,The Last Twelve Minutes of your Life,['Downfall 2012'],413493,2005,False,,0.439,0.812,0.00224,0.562,117.881
2C9XOH15YqpkFKEplGwSau,50:50,['Downfall 2012'],299680,2005,False,,0.455,0.644,0.00914,0.802,121.421
2is38weUkwvdE3Vz182zHj,Suicide Lecture,['Downfall 2012'],331880,2005,False,,0.546,0.652,0.124,0.659,117.13799999999999
0mj6N0Tb0HM5PkjX7goP7D,Blood Rhythm,['Downfall 2012'],556613,2005,False,,0.381,0.5710000000000001,0.0131,0.389,95.00399999999999
7Kv8rpONJ4TVMKig07OWcZ,Aim High,['Downfall 2012'],377293,2005,False,,0.32,0.9229999999999999,0.00158,0.272,102.25200000000001
3j9OYhz2m3jxMWjzVjoLvx,Twenty,['Downfall 2012'],361120,2005,False,,0.44799999999999995,0.907,0.0397,0.371,126.166
773pQanZBONw6H2czsqBnU,Twelve,['Downfall 2012'],553627,2005,False,,0.349,0.8140000000000001,0.0254,0.473,78.56
4fJZhqQYpbURojfsfwBJ1e,22 Oz.,['Morglbl'],350107,2009,False,,0.556,0.745,0.000218,0.545,99.98899999999999
2yrNogmA5dMYVmeCQ4T68G,Octopus,['2 Foot Yard'],266160,2008,False,,0.45899999999999996,0.455,0.397,0.386,176.196
5ugolhqINts5o8ku4JJBFG,Seven Houses,['2 Foot Yard'],146040,2008,False,,0.376,0.772,0.6709999999999999,0.847,53.723
7noJ17UOvma3YWI4nACO4r,Borrowed Arms,['2 Foot Yard'],295960,2008,False,,0.564,0.382,0.64,0.364,99.976
324FIhKIBMlJBno36o6khw,Chapter IV,['2 Foot Yard'],259893,2008,False,,0.35200000000000004,0.475,0.726,0.77,187.99900000000002
4oZNpA1Se5aOE5dWOOq1W5,Crisis,['2 Foot Yard'],221093,2008,False,,0.361,0.69,0.0531,0.145,112.51100000000001
1iG90Dkvk1a982oFmm3Joi,Plane Song,['2 Foot Yard'],171133,2008,False,,0.41200000000000003,0.187,0.8590000000000001,0.142,124.494
4D76JbwgSllqnMXNME9ORp,Drizzle,['2 Foot Yard'],219707,2008,False,,0.532,0.51,0.18600000000000005,0.6829999999999999,116.08
7K5kR7VdvmXJ4Mu5B2ly6W,Hold My Own,['2 Foot Yard'],265827,2008,False,,0.235,0.495,0.929,0.0396,95.54
1lgeNpT2Kti7Lg0LeXJF99,Red-Rag & Pink-Flag,['2 Foot Yard'],266360,2008,False,,0.631,0.451,0.397,0.483,94.92399999999999
6BWXS5GQSuRrJN5fUwYkPx,Newbury Street,['2 Foot Yard'],161533,2008,False,,0.391,0.248,0.7340000000000001,0.34299999999999997,114.76299999999999
62lSa83FH04a4QRys2BoTQ,One Day in May,['2 Foot Yard'],321133,2008,False,,0.557,0.363,0.455,0.128,110.038
2T0H6IkH3iIWHkuKhtD7fV,Whistle Past the Graveyard,['2 Foot Yard'],346587,2008,False,,0.309,0.273,0.7609999999999999,0.12,89.904
0elZsCvs9uqoQ6PEDidXvE,The Great Escape,['2 Foot Yard'],176587,2008,False,,0.5379999999999999,0.115,0.977,0.248,71.804
2cSkdjDnOBmJ0exyAy8wTL,21st Century Romance,['Blue'],60000,2011,False,,0.7190000000000001,0.455,0.20199999999999999,0.465,119.931
0e2nNtC3NS2mTKOcuTWiaP,2075,['Stokeswood'],239608,2015,False,,0.515,0.9540000000000001,0.00774,0.746,153.018
0rhRjnPr918mB2XzvMoEN8,Intro,['2nd South Carolina String Band'],75227,2008,False,,0.555,0.251,0.958,0.48700000000000004,108.639
6tQw8XHz9KI2zGBJ4gf8n0,Stonewall Jackson's Way/Garryowen,['2nd South Carolina String Band'],331187,2008,False,,0.645,0.27,0.937,0.706,111.79799999999999
7g2ZC074NHN0ophk7u8sFu,The Bonnie Blue Flag,['2nd South Carolina String Band'],300787,2008,False,,0.642,0.344,0.812,0.6729999999999999,113.51
5ohDCrKE3Hf05EVQI1G0FG,Kingdom Coming,['2nd South Carolina String Band'],248720,2008,False,,0.703,0.508,0.736,0.7959999999999999,98.999
1mkmeIoj95xCs0dD4fnggH,"Ring, Ring de Banjo",['2nd South Carolina String Band'],286347,2008,False,,0.675,0.345,0.873,0.8170000000000001,103.444
5f6OedjEdLuLf0vI5mJrov,We're Tenting Tonight On the Old Campground,['2nd South Carolina String Band'],371093,2008,False,,0.39799999999999996,0.26,0.888,0.308,117.63600000000001
7ExcSE9QoYKQ0XGdieh3Or,Rickett's & Fisher's Hornpipes,['2nd South Carolina String Band'],312507,2008,False,,0.632,0.37,0.741,0.955,98.61
0VHTLH9GyFlWY2PnRxex0C,Jine the Cavalry,['2nd South Carolina String Band'],196000,2008,False,,0.62,0.527,0.792,0.892,104.345
76cftgcDPmvTPVK5uSqh9b,Down in Alabama,['2nd South Carolina String Band'],375213,2008,False,,0.563,0.321,0.831,0.7090000000000001,94.13799999999999
4qvyLVx6UGnuEQTQybjzhG,"Company I, 2nd South Caroline",['2nd South Carolina String Band'],247867,2008,False,,0.61,0.35200000000000004,0.8420000000000001,0.8190000000000001,95.02799999999999
4TITtMFxUf1Afb4WcDRBHA,The Boatman's Song,['2nd South Carolina String Band'],344360,2008,False,,0.7170000000000001,0.424,0.774,0.7290000000000001,102.459
1syl6Vg2oC3Zhni36t1e0O,O Lemuel,['2nd South Carolina String Band'],294040,2008,False,,0.445,0.35200000000000004,0.8340000000000001,0.718,201.704
38nSZK9P8M9TR9zZgHDiUR,Keemo Kimo,['2nd South Carolina String Band'],226240,2008,False,,0.679,0.42200000000000004,0.847,0.7909999999999999,94.272
0xWfIMfyjPsC77uDnjh4km,The Camptown Ladies,['2nd South Carolina String Band'],253267,2008,False,,0.6759999999999999,0.336,0.889,0.732,113.73200000000001
6YnZE069nxm5hiGX8Tqxtk,The Vacant Chair,['2nd South Carolina String Band'],299120,2008,False,,0.253,0.141,0.878,0.38799999999999996,78.502
3j3EuxvSDcBTfa6xC95pDl,Hawks & Eagles,['2nd South Carolina String Band'],178120,2008,False,,0.639,0.41100000000000003,0.882,0.6659999999999999,104.141
58WgblmYIcitvsvkmA0BMz,De Lady and De Frog,['2nd South Carolina String Band'],156093,2008,False,,0.616,0.4370000000000001,0.917,0.45299999999999996,82.36399999999998
2P00PwG617aI6nlEkxR6tY,Band Intro,['2nd South Carolina String Band'],191720,2008,False,,0.494,0.47600000000000003,0.851,0.363,172.28400000000005
6ARmfw4OPwSeThEsxFypOL,McLeod's Reel/Zip Coon,['2nd South Carolina String Band'],467053,2008,False,,0.55,0.455,0.7609999999999999,0.826,103.852
6jy7efSkJ3xGah6Mhc630Y,Angelina Baker/Angeline the Baker,['2nd South Carolina String Band'],377467,2008,False,,0.466,0.325,0.878,0.6409999999999999,105.31299999999999
4MtYZsao6p9L3JKZqAbTvU,O Lud Gals!,['2nd South Carolina String Band'],317893,2008,False,,0.626,0.273,0.909,0.5589999999999999,98.37200000000001
3WB4UNk1YmtWP7E4YCdTJN,Cumberland Gap,['2nd South Carolina String Band'],298907,2008,False,,0.573,0.431,0.855,0.691,107.071
34QrhsTjZbd26ZQfl0WxHu,When Johnny Comes Marching Home Again/For Bales,['2nd South Carolina String Band'],267360,2008,False,,0.509,0.43,0.875,0.655,111.58
7LYWeukzqsU1Cz3zYgt1TW,The Rose of Alabama,['2nd South Carolina String Band'],169760,2008,False,,0.623,0.40700000000000003,0.8320000000000001,0.762,101.553
3t2mJyxQAj4ltB5VRW2lM9,The Arkansas Traveler,['2nd South Carolina String Band'],197227,2008,False,,0.391,0.595,0.7959999999999999,0.9129999999999999,119.523
5dvNWCmVj77t1PebqrFErw,Old Rosin the Beau,['2nd South Carolina String Band'],313293,2008,False,,0.359,0.248,0.873,0.54,174.21
4Hz1gffC2Kxl1UCqZcM491,Buffalo Gals,['2nd South Carolina String Band'],213827,2008,False,,0.713,0.377,0.914,0.718,102.292
0q43uS1ri4x8a8n8LBXrfS,Southern Soldier/Dixie,['2nd South Carolina String Band'],635773,2008,False,,0.413,0.436,0.8190000000000001,0.6779999999999999,95.604
4NdYPwh4cazBJ2yyMBqfeP,24,['Mink15'],255067,2011,False,,0.7559999999999999,0.342,0.531,0.49,79.964
3gC4VpjztX6Z2BAgl8KD4O,2 A.M.,['Lazer Lloyd'],131173,2004,False,,0.644,0.599,0.85,0.903,93.756
4ZyExsKSYJZjR8JXnNd1Kh,Tenting on the Old Camp Ground,['2nd South Carolina String Band'],264000,2000,False,,0.445,0.442,0.8220000000000001,0.449,148.089
3SEA6tFda0RVemI3lewjXV,Battle Cry of Freedom,['2nd South Carolina String Band'],205267,2000,False,,0.524,0.905,0.805,0.889,109.26799999999999
3XftVUtBpmL6BCLcd9Rpk3,Cavalier's Waltz,['2nd South Carolina String Band'],102360,2000,False,,0.295,0.614,0.198,0.588,165.908
5gZqew2ZIqrgVtzzYOlplm,When Johnny Comes Marching Home,['2nd South Carolina String Band'],207200,2000,False,,0.6409999999999999,0.8859999999999999,0.805,0.703,124.296
69lzMTPoduJ49FrUiZkQU8,Cindy,['2nd South Carolina String Band'],186173,2000,False,,0.589,0.898,0.5529999999999999,0.879,120.152
6TZFiI8UiwHPtJsrHMYh1U,Oh! Susanna,['2nd South Carolina String Band'],168693,2000,False,,0.669,0.871,0.797,0.903,114.005
5iCIqW3GBIUl2tSmWjByAt,Invalid Corps,['2nd South Carolina String Band'],162347,2000,False,,0.731,0.8859999999999999,0.8859999999999999,0.9109999999999999,111.435
0MdWeENY3ofT7MdQhm2NK6,Buffalo Gals,['2nd South Carolina String Band'],173400,2000,False,,0.622,0.8140000000000001,0.794,0.882,98.145
0zfeVJzJNBAY4Ly4s5BRzs,Kingdom Coming,['2nd South Carolina String Band'],170227,2000,False,,0.746,0.8140000000000001,0.773,0.84,109.14200000000001
6SlvuDxgrwlWioU3Z1I21n,Bonnie Blue Flag,['2nd South Carolina String Band'],282227,2000,False,,0.7070000000000001,0.637,0.631,0.677,114.895
1KeMEO6w7nFjTTdFHMaQ4r,Jine the Cavalry,['2nd South Carolina String Band'],167133,2000,False,,0.698,0.667,0.7559999999999999,0.8390000000000001,103.226
0GJVWts8EhowGJaqv6DBeO,Ring de Banjo,['2nd South Carolina String Band'],217133,2000,False,,0.6509999999999999,0.7959999999999999,0.767,0.961,110.99
1FhZ6uay5vrb0TdXHkZTqw,Rose of Alabama,['2nd South Carolina String Band'],209827,2000,False,,0.6809999999999999,0.695,0.3720000000000001,0.898,111.335
1whGsTogAa4HKJaREFQYZb,Camptown Races,['2nd South Carolina String Band'],233933,2000,False,,0.6759999999999999,0.659,0.625,0.8690000000000001,116.311
672P5GQrMTo1yegWqgHZTY,Goober Peas,['2nd South Carolina String Band'],135533,2000,False,,0.754,0.534,0.893,0.8370000000000001,127.48899999999999
0f0CKuRpfjeuK1Pc7G8ns6,Cumberland Gap,['2nd South Carolina String Band'],246880,2000,False,,0.5710000000000001,0.7509999999999999,0.107,0.525,119.71600000000001
6bvtuyJYcgTCtZZrqqVuqw,Sweet Betsy from Pike,['2nd South Carolina String Band'],238600,2000,False,,0.473,0.38,0.871,0.607,171.24900000000005
2t0a6cviuenzTixMK7t6CE,Lorena,['2nd South Carolina String Band'],246507,2000,False,,0.38,0.326,0.708,0.685,170.665
4mszcRb43689TLvZz2Bpqv,The Vacant Chair,['2nd South Carolina String Band'],266773,2000,False,,0.287,0.36200000000000004,0.609,0.623,191.238
2kKb0ZZY35L6bqwbIo31BS,Richmond is a Hard Road,['2nd South Carolina String Band'],374093,2000,False,,0.655,0.718,0.6409999999999999,0.875,139.93200000000002
35tDdjjBvSZY72I6eGaNta,"Xxlarge (feat. 2 faces, canox & Slick Cat)","['Taktika', '2 faces, canox & Slick Cat']",221093,2007,False,,0.9279999999999999,0.648,0.133,0.721,98.82600000000001
3DORFRWwoieR9tetK3xfbZ,"Mon mic , mon forty , mon blunt Remix (feat. 2 Faces)","['Taktika', '2faces']",249733,2007,False,,0.927,0.444,0.289,0.9059999999999999,97.897
2naddDXZ7mCvgm7q2ctW13,Part 2,['Petey Pablo'],350867,2004,True,,0.792,0.867,0.201,0.95,134.91
79cs7tWlvl1XD4xhFPD8tD,Hitaasti - 2011,['Happoradio'],273080,2011,False,,0.5329999999999999,0.818,0.00605,0.27699999999999997,98.00399999999999
7wf434vYbGv2jqDViEaBhz,20 To life,['Daforce'],199702,2010,False,,0.537,0.46,0.107,0.509,86.845
7HpiT3gHz50o8xFB1Dr7dd,2020 AM (feat. FiF-I),['Daforce'],174707,2010,False,,0.5710000000000001,0.643,0.305,0.873,138.233
3rZk0dISxCkF39ekJwCRXV,Deuteronomy 28:53,['dimbodius'],292932,2012,False,,0.335,0.341,0.9229999999999999,0.0631,109.344
1TUuLDwmq53o9EpavMm8MS,23 Pine Avenue,['Dofka'],219600,2010,False,,0.22399999999999998,0.9740000000000001,1.3800000000000007e-05,0.135,172.11900000000003
3GsS8jzoixpCnp4jDWCEvb,2 Da Beat Ch'yall,['Kris Kross'],221200,1993,False,,0.8590000000000001,0.741,0.0027600000000000003,0.529,98.08200000000001
66dXL4fl4hJfDfabr19ACY,2 in 2 out,['Leuko'],280493,2004,False,,0.428,0.862,0.0726,0.693,164.327
6MsBrqpzKlqSv9TdYvbOm4,Vertige 2,['Asia 2001'],671280,1996,False,,0.509,0.92,0.000327,0.168,146.035
0c6EkVFrJz5yqMIs4dBwXf,2 A.M.,['Sex Slaves'],204211,2010,True,,0.132,0.948,1.18e-05,0.355,170.58
2EcQY09CYgJ1qk6H1qZf8h,26,['Paramore'],221720,2017,False,,0.561,0.28600000000000003,0.852,0.409,90.00399999999998
3NLGzre2XSc8w6tP0wwMgV,"24 Hrs. To Live [feat. The Lox, Black Rob & DMX]",['Mase'],256040,1997,True,,0.66,0.8690000000000001,0.0985,0.652,95.625
3mlQ0GAPoXIg9H1gJJFNID,The Agenda,['2L8'],88653,2011,False,,0.342,0.284,0.907,0.0315,78.742
3ROHLo2OuSsMDpPi6RvPTK,The Balkan Nigger,['2L8'],276680,2011,False,,0.568,0.7509999999999999,0.000152,0.341,130.029
7f490pUkUpVA9w5R7QanMi,Innocent Smile,['2L8'],247040,2011,False,,0.5,0.91,0.0388,0.568,160.00799999999995
2BxmMxq7lrWTwu2U1U6tcV,Let It Go,['2L8'],240920,2011,False,,0.524,0.599,0.135,0.203,116.96700000000001
1RcylmKWzcKWxom3MPp0zx,The Bordeline,['2L8'],407040,2011,False,,0.456,0.804,0.0341,0.47600000000000003,164.002
4Gbwb7dSeD4Np07lbLdI2T,Interlude,['2L8'],133987,2011,False,,0.36,0.41700000000000004,0.0701,0.6940000000000001,119.633
0rdV0GsY7S9eeKmv2bJuhU,"It's Strange, But What Isn't Strange",['2L8'],222013,2011,False,,0.376,0.491,0.00414,0.4370000000000001,126.73700000000001
5K8MIa8h07tt9jMUoh4u27,Strange Too,['2L8'],162653,2011,False,,0.0613,0.309,0.47700000000000004,0.0387,63.843
3laJEtr6gbUEfMThPjAw6i,Radiance,['2L8'],267840,2011,False,,0.514,0.792,0.0195,0.475,157.895
0D9o7O1cAop2JH5eyKzbMW,Fight,['2L8'],327027,2011,False,,0.377,0.903,0.0226,0.614,181.96200000000002
5KGEOggVfcRr4Ior41CAYy,The Will to Live,['2L8'],160733,2011,False,,0.256,0.813,0.12300000000000001,0.452,168.472
6XZHHnrVQvaCBUEVLmjC3E,To Calm Our Brothers Fears,['2L8'],204027,2011,False,,0.514,0.71,0.00217,0.342,94.06700000000001
2ncsneZd7vmVootTN8X0Rz,Respect the Brightness of Our Souls,['2L8'],249200,2011,False,,0.565,0.772,0.2,0.617,139.957
5bzzsYLfZsrB4JcfwsVtWO,Fading,['2L8'],445960,2011,False,,0.48,0.732,0.00853,0.284,92.484
2ds9MunJTlnrT2xgy9Gls9,Velvet,['2L8'],101440,2011,False,,0.48700000000000004,0.135,0.652,0.175,92.406
1pVbQruj45Q0XLHkTG6xdb,The Seeker,['2L8'],180973,2011,False,,0.314,0.39799999999999996,0.22699999999999998,0.0817,109.99600000000001
7tc7x5e5guriiZ7SZIcgzH,Greatness Falls,['2L8'],376920,2011,False,,0.396,0.516,0.102,0.156,124.964
0c80zXzJWGjTckUugnSPnW,Understanding of Standing Under the Same Cloud,['2L8'],97093,2011,False,,0.703,0.57,0.899,0.11800000000000001,124.93799999999999
3NbQz7XKJNtU5U5yB2a2Kp,A Monent!!!,['2L8'],276973,2011,False,,0.27,0.578,0.00761,0.248,140.031
78LVZUTkzNs0DtFoTt8QH6,Lover,['2L8'],135947,2011,False,,0.38,0.779,0.0328,0.765,74.929
219PgeO9nj9aSmRK4pVkz8,Silence,['2L8'],337907,2011,False,,0.395,0.69,0.426,0.309,169.77599999999995
5UIEOVTqd5XJx6XTQNQzWj,Healing Song,['2L8'],268467,2011,False,,0.5489999999999999,0.718,0.0054600000000000004,0.496,110.021
57WqrjgPRSQPJPHWBw3UK8,Lost Pictures,['2L8'],220747,2011,False,,0.451,0.863,0.0385,0.7090000000000001,149.966
3hqyXuT4mn8G2BpIViB4SY,Sleepless,['2L8'],299600,2011,False,,0.48,0.57,0.0582,0.314,160.11
0jBLc7G0wBOQC9eh1SSiNg,Don't Follow Me,['2L8'],338907,2011,False,,0.35700000000000004,0.29100000000000004,0.813,0.179,152.964
2I8CKNrlTjBGi7Aca3Zku3,Xxx,['2L8'],125013,2011,False,,0.552,0.787,0.00217,0.731,140.089
64FVN3eoQ3ifgdrFB1lfrc,Love Is Gone,['2L8'],211387,2011,False,,0.489,0.9059999999999999,0.0011099999999999999,0.503,155.054
54dFjJT2Ipt0McRlfkvCuQ,Circle the Pencil Mr Ink,['2L8'],172813,2011,False,,0.28600000000000003,0.873,0.0622,0.5820000000000001,184.36599999999999
6eIUoKDWFMSBHTESeVUNJU,The Forgotten Dolls Choose to Die,['2L8'],223213,2011,False,,0.581,0.563,0.8140000000000001,0.255,114.749
2nmnwylTRrGlFRLXsLAQKQ,Close Your Eyes When Orbiting New Planets,['2L8'],157987,2011,False,,0.231,0.534,0.0766,0.24600000000000002,69.598
6bFm70ZcL1mIevpNTZ7qkT,I Got Nothing,['2L8'],123333,2011,False,,0.243,0.33,0.843,0.244,135.861
4TYXhvtZptiIJakvM9qFjh,An Ancient Voice,['2L8'],331253,2011,False,,0.382,0.34600000000000003,0.955,0.4270000000000001,113.574
533r1V02VpvYAIhqlAKxgp,24/7,['Pantomine'],200640,2012,False,,0.6859999999999999,0.652,0.0518,0.871,140.037
4JZb6XREzqbgMruldYPiSQ,2 Of Amerikaz Most Wanted,['2Pac'],229133,2003,False,,0.912,0.715,0.259,0.8270000000000001,100.72
7M5R0BuPRfkRdKKPdJgPrw,How Do You Want It,['2Pac'],302067,2003,False,,0.935,0.628,0.141,0.7440000000000001,96.22399999999999
4TQd2hz9f6WBs88GeLANGi,Hail Mary,['2Pac'],320307,2003,False,,0.865,0.706,0.0651,0.508,81.99600000000002
4ZPjiGaZK0sW7pDXjsNz0X,Life Goes On,['2Pac'],259213,2003,False,,0.767,0.787,0.289,0.758,77.59899999999998
2jVlt5Xat4QRUYxrNBeoXg,All Eyez On Me,['2Pac'],290827,2003,False,,0.8320000000000001,0.763,0.168,0.741,93.883
5xA2LA9b0XB1K30gkXB37X,Heartz Of Men,['2Pac'],278253,2003,False,,0.727,0.583,0.023,0.848,121.87200000000001
1ftB7MTAxwqKiSfTzdcUuW,Toss It Up,['2Pac'],288920,2003,False,,0.8079999999999999,0.8140000000000001,0.0846,0.754,91.943
5WYdow0nbyZaUcE6o9ttZE,Hit 'em Up,['2Pac'],252680,2003,False,,0.815,0.807,0.252,0.818,95.19200000000001
47oZY9hhN3p6qCr7xSdcNT,Never Had A Friend Like Me,['2Pac'],246253,2003,False,,0.797,0.867,0.358,0.7020000000000001,87.991
1e2OVsXIALceWer8GxvbeR,Ambitionz Az A Ridah,['2Pac'],260720,2003,False,,0.84,0.7559999999999999,0.0472,0.752,87.113
034AEGh9BqBZqPwl4Q7hA2,25 Hours,['Standeg'],325213,2008,False,,0.723,0.884,0.0846,0.527,119.851
0NtVrPx7oQZLAMtxKIkOiB,2020sht,"['Medhane', 'maassai']",244000,2019,True,,0.705,0.478,0.575,0.569,82.376
1m2p9J7XLMgWQARYL8cFMU,Drive Me Crazy (feat. 2C),"['FEJ', '2C']",202162,2009,False,,0.53,0.945,0.146,0.47100000000000003,105.071
0iIFKbQ7gwPJJdhCgOjflM,United We Stand (feat. 2C),"['FEJ', '2C']",228859,2009,False,,0.586,0.987,0.00948,0.715,152.03799999999995
5mII2JT9W6X5dFwlMqBerx,2: 7,['Uberbyte'],313787,2012,False,,0.6829999999999999,0.72,7.36e-05,0.207,140.014
6a998wFJ3c4lFYFjjq2Lop,Insert tape (intro),['2faces'],110880,2010,False,,0.633,0.804,0.0761,0.7929999999999999,89.744
3hv197wUx4pyXdmU2eIa0s,Auto reverse,['2faces'],167280,2010,False,,0.737,0.9009999999999999,0.11199999999999999,0.584,98.971
6TB4ZoqPGAAXB5OJNJnz4Q,Ça date pas d'hier,['2faces'],250787,2010,False,,0.535,0.867,0.00823,0.688,94.742
6tJ2W8E8UelSxlyLSkX8jQ,Insomnie,['2faces'],208360,2010,False,,0.665,0.7979999999999999,0.0212,0.677,92.945
04BZYsU9sj5CIlGKWTVBdE,Urgence de vivre (avec Taktika),['2faces'],241960,2010,False,,0.35100000000000003,0.932,0.00237,0.56,185.481
7xcAwhVq9GGHSSCMYcxZL9,Le braquage (avec Sticky Fingaz),['2faces'],215280,2010,False,,0.653,0.8959999999999999,0.0394,0.5489999999999999,94.94
4QiKQsiHyiGvyl13b8q7AE,Qui risque rien n'a rien (avec Mocy),['2faces'],188680,2010,False,,0.738,0.835,0.00859,0.429,98.509
4Kl0hx5XwMK07RwnuWVVFp,Les rues parlent trop (avec Webster),['2faces'],250720,2010,False,,0.6659999999999999,0.6809999999999999,0.0386,0.716,87.256
1iL35YJCJOQQjKye46PweE,Le renfort (avec 83),['2faces'],249867,2010,False,,0.772,0.9229999999999999,0.0143,0.632,97.955
6hAxQi0dZ61lIFelAFAHCb,L'art du 16 bars (avec SnapVirus et L'Orateur),['2faces'],207587,2010,False,,0.61,0.882,0.0372,0.4370000000000001,94.48899999999999
65nxJVDPwRXiUvvqJB6qEf,Rien que la vérité (version 2010),['2faces'],359893,2010,False,,0.7979999999999999,0.754,0.0119,0.493,96.991
5KhSKmouxE6nl3cV9MEgjD,La virée (avec bob Bouchard & Canox),['2faces'],236107,2010,False,,0.765,0.841,0.154,0.7929999999999999,94.51100000000001
6NnEdjpEkyIlqHGIJI6bZ7,"C'est le southside (avec T-Mo, ADN, Saye, Broder, Onze, Mc Râr & Raph Paradis)",['2faces'],297840,2010,False,,0.843,0.648,0.0013800000000000002,0.516,96.995
2d6hstVYhkSFjBgJZkedst,Eject (outro),['2faces'],101547,2010,False,,0.6970000000000001,0.601,0.254,0.636,85.021
0YFtO1FcORwXyGApzEIs0m,2 Pesos For Bud,['Shilts'],311800,2006,False,,0.764,0.816,0.0863,0.882,101.96600000000001
2tNyAE2ND3H1rftIK0xGrZ,22-D10,['Frodus'],160853,2003,False,,0.3670000000000001,0.9329999999999999,0.000106,0.375,111.619
3bTxRDQSzoB24QrDwZy2sD,Mary (feat. Dev),"['2AM Club', 'Dev']",189920,2012,False,,0.664,0.79,0.0103,0.7509999999999999,157.939
6ceOuV7ENmdl6g2ZDJaOll,The Best Of Good Love Gone,['24 Carat Black'],340653,2009,False,,0.444,0.531,0.156,0.483,96.17399999999999
2n0YP14f0rsTVwLvFcUxcL,I Want To Make Up,['24 Carat Black'],399587,2009,False,,0.326,0.324,0.603,0.113,156.291
6dGDTHoQy66lqNtqhFFcDb,I Don't Love You,['24 Carat Black'],137427,2009,False,,0.475,0.354,0.267,0.653,115.62
2umXeHwslR5eHxCPsDqcSl,I'll Never Let You Go,['24 Carat Black'],311320,2009,False,,0.511,0.364,0.35100000000000003,0.5379999999999999,98.52
42tjGM0K5bf5kx2MJQCSEm,Gone The Promises of Yesterday,['24 Carat Black'],357093,2009,False,,0.396,0.585,0.33299999999999996,0.552,103.236
7aZaQIYOVb3IDdFUkdFKUi,I Begin To Weep,['24 Carat Black'],709600,2009,False,,0.53,0.5710000000000001,0.133,0.508,110.82600000000001
1bHV7w6TUf0V9ttFQH01wd,Surrogate 2,['Swans'],111827,2001,False,,0.135,0.426,0.168,0.0389,143.08100000000005
4MKmRcHJmc4wCUtFRMUBTN,22nd Century,['Mannequin Men'],192453,2007,False,,0.442,0.727,1.18e-05,0.47100000000000003,119.96600000000001
6WMw8ORuqFIMlxCYqrmwLr,27th Ave,['Nomadic'],511520,2007,False,,0.873,0.773,0.00157,0.11900000000000001,118.009
7gZ3kWNtIxFgxjsm5OTVMB,214,['Rivermaya'],273200,2001,False,,0.537,0.561,0.423,0.242,78.13
3ekjkho0pmil8ZL0aIGDr7,214 - Tripnotic '98 Mix,['Rivermaya'],284693,2001,False,,0.579,0.496,0.00943,0.348,156.125
4LlFUdZ92C08e4tvxiPCzZ,"2 Birds, 1 Stone and an Empty Stomach",['TTNG'],250547,2013,False,,0.6609999999999999,0.36,0.665,0.28600000000000003,107.993
7pvYFNCF82jGv9WDjedc1m,Murder 2,['Mystikal'],255000,2004,True,,0.7609999999999999,0.8029999999999999,0.162,0.46299999999999997,87.902
2YduEwGOhOoxuoxWcEDjDP,"2,000 Leagues Under My Keyboard",['Dutch'],267467,2010,False,,0.405,0.863,0.00023199999999999997,0.332,155.99
1rjjlDqwfBUzx7PNhmgxdr,2 Of Amerikaz Most Wanted,['2Pac'],233773,2003,True,,0.938,0.655,0.254,0.8009999999999999,100.646
5coMvYx6GL0lHkicNoVcI3,How Do You Want It,['2Pac'],302120,2003,True,,0.9359999999999999,0.64,0.149,0.759,96.22200000000001
7aysqt0WyH2xWwsOGqbRvt,Hail Mary,['2Pac'],320333,2003,True,,0.865,0.705,0.0594,0.508,82.01
4XMkJzeWOCGs8l2cWhAvUv,Life Goes On,['2Pac'],298053,2003,True,,0.768,0.79,0.371,0.833,77.62899999999998
3gL4zTpQYoy17kyXGWXGsi,All Eyez On Me,['2Pac'],291093,2003,True,,0.816,0.763,0.18,0.732,93.786
5sw9QkgbJTFVJxwEvDJiBh,Heartz Of Men,['2Pac'],278507,2003,True,,0.657,0.59,0.0187,0.83,91.771
51kJDWCLWawOEThlnrNSL2,Toss It Up,['2Pac'],289373,2003,True,,0.809,0.8079999999999999,0.0808,0.763,91.95200000000001
2TjDg243tjjPSnmfKJyw2r,Hit 'em Up,['2Pac'],256693,2003,True,,0.843,0.804,0.23800000000000002,0.809,95.155
5j16j45byYCh30P2jynNpy,Never Had A Friend Like Me,['2Pac'],246360,2003,True,,0.736,0.8640000000000001,0.39399999999999996,0.7140000000000001,175.977
1iC9gSZKYBpF5tlxSLENUz,Ambitionz Az A Ridah,['2Pac'],261333,2003,True,,0.846,0.759,0.0444,0.732,87.115
77lGAzKVqasRNnqqYNSWbD,Inside Lookin Out,['20-2-Life mixed by DJ Screw'],237893,2001,False,,0.8909999999999999,0.6679999999999999,0.115,0.6809999999999999,93.04799999999999
61MNjQqpMYed8IvevByWtI,Afta Servin A Deuce,['20-2-Life'],353267,2001,False,,0.753,0.564,0.11800000000000001,0.643,150.032
5aQa7aVyp4cbwqHjZ5EyAw,Playa Hatas,['20-2-Life'],330587,2001,False,,0.7340000000000001,0.565,0.3,0.754,74.039
2NxgkdBqnGzgezGSazLWoQ,Whateva It Takes,['20-2-Life featuring Master P'],238467,2001,False,,0.633,0.52,0.0486,0.424,173.965
1s9xueCZRkS59j8SB5o4vJ,Backstreets,['20-2-Life featuring PSK-13'],343000,2001,False,,0.628,0.725,0.162,0.764,137.251
3yF6lmpTQCP6NPVJq6xyac,Momma,['20-2-Life featuring Ronnie Spencer'],327080,2001,False,,0.797,0.461,0.0119,0.23600000000000002,139.94
5GPmJg9bVDwCKHwXURiYEp,Twenty To Life,['20-2-Life'],334467,2001,False,,0.696,0.574,0.0454,0.382,83.022
6it0zGEcwknwwyUYhpC5F9,On Da Grind,"[""20-2-Life featuring Lil' Keke""]",278920,2001,False,,0.665,0.847,0.132,0.738,79.711
6wdyv6VskyO1AwNEU5rte2,Ghetto Life,['20-2-Life featuring Klondike Kat'],301427,2001,False,,0.884,0.5,0.0177,0.45799999999999996,152.10399999999996
3xK9OCkerYRbn6AJW8tdjr,Roofin It,['20-2-Life'],350667,2001,False,,0.618,0.65,0.00271,0.723,145.939
61mzdKT4dbSKKXXq5tfphd,2pm: Aspirine,['Diskonnekted'],252333,2006,False,,0.4270000000000001,0.28,0.0118,0.16,119.87299999999999
3xWEG7EiwrFhx5IBtN8YEM,20qm,['Casper'],268373,2013,False,,0.526,0.614,0.33799999999999997,0.426,75.058
2eg2ldUJiGwEtRoKva5c4y,22 (Wi Xlarve),['Xlarve'],380631,2012,False,,0.675,0.89,0.126,0.524,130.99200000000002
5Cf7EMwMLfIQLhuU0baogm,22 (Resynth Mix 2),['Xlarve'],380631,2012,False,,0.7190000000000001,0.924,0.0158,0.493,131.002
4UOy1jmVmJxN5R9uxT9JFm,Tonight.,['Katch 22'],188335,2015,False,,0.514,0.9520000000000001,0.48100000000000004,0.64,145.842
5gAjNVWBAVaRifaVjPE96W,Get On Up.,['Katch 22'],225960,2015,False,,0.6859999999999999,0.568,0.647,0.5870000000000001,129.997
0bRVIi2OmhLtNqHOwtGdTQ,Carrie.,['Katch 22'],237657,2015,False,,0.5710000000000001,0.743,0.275,0.9109999999999999,129.963
2Iz0sydpnObPvvoaHl2wtP,No-one Could Love You More.,['Katch 22'],202606,2015,False,,0.495,0.34700000000000003,0.825,0.525,75.015
2w2ii1yOqVASDNY36AqYEJ,Mary-Anne Is coming Home.,['Katch 22'],156413,2015,False,,0.505,0.488,0.768,0.789,139.96200000000002
6zpXJi14EZmZT8NEvJFhG9,Emily Change Your Mind.,['Katch 22'],219873,2015,False,,0.547,0.6970000000000001,0.41100000000000003,0.765,129.963
0ORYISM2A7w8vqKq8hVgoI,You've Been A Bad Girl.,['Katch 22'],208777,2015,False,,0.493,0.573,0.638,0.408,119.906
6dvtbV62rNH0mh3aTiDDlu,Listen To Me.,['Katch 22'],204641,2015,False,,0.6659999999999999,0.48,0.449,0.82,129.989
5eKRcn98dthZ863YSM4TAe,She's All Mine.,['Katch 22'],200377,2015,False,,0.716,0.565,0.222,0.9359999999999999,130.005
71iAh9XHhSrn21CdD6AMBY,No Way Out.,['Katch 22'],222436,2015,False,,0.522,0.654,0.66,0.736,135.904
0XmrdnZb7yattIc8PHhntq,The Face In The Crowd.,['Katch 22'],221754,2015,False,,0.61,0.877,0.29100000000000004,0.8490000000000001,120.00299999999999
6MlQpqiPGqKCVdwXf749DP,"20,000 Streets Under the Sky",['Marah'],260080,2004,False,,0.597,0.478,0.456,0.153,122.39299999999999
1iMmnuhvTwWNEgOc9XEbJJ,This Life Of Ours,"['One-2', 'Chace Infinite']",231747,2012,True,,0.645,0.917,0.47,0.507,87.12799999999999
32KCf9Sema3fpw9glO4y0q,Check,['One-2'],215531,2012,True,,0.612,0.888,0.38799999999999996,0.6679999999999999,97.1
191YMmQI0hsmrYIsHhVH8o,Half Man,"['One-2', 'KXNG Crooked']",203190,2012,True,,0.772,0.7879999999999999,0.0762,0.502,90.976
47mK0hYqg7sohyT0ulTBDU,Nothin' II Somethin',"['One-2', 'Project Lionheart']",249985,2012,True,,0.792,0.7020000000000001,0.139,0.682,91.97
7rwHUVjS58AO5kN6gSOVJ8,All In,['One-2'],291511,2012,True,,0.594,0.862,0.10300000000000001,0.674,128.034
3KkJNRqMOaZmfz0wQ9Jq2a,Coast Guard,"['One-2', 'Horseshoe G.A.N.G.']",262007,2012,True,,0.474,0.645,0.131,0.603,87.52799999999998
6LWwLRvbur9wjvtna52VnI,Lifestyles Of L.A.,['One-2'],215209,2012,True,,0.74,0.748,0.013000000000000001,0.168,121.01100000000001
14rglLzwIX0Sl1yA6ofGKX,Femme Fatale,"['One-2', ""Knoc-Turn'al"", 'Jayo Felony']",291568,2012,True,,0.633,0.8540000000000001,0.158,0.7190000000000001,86.521
1Gs27TNb5QZvDpyMoirIcq,Boa Constrictor,"['One-2', 'K-Young']",182599,2012,True,,0.748,0.852,0.138,0.363,117.005
6kVfVksfjGIBo9d40TTzKw,Tears Tumble,"['One-2', 'amin', 'Tena Jones']",261839,2012,True,,0.669,0.7090000000000001,0.207,0.41700000000000004,81.013
2K9att1tudphEm0lVZDDNo,In The Zone,"['One-2', 'Kobe']",259999,2012,True,,0.631,0.634,0.0596,0.5760000000000001,144.084
2NhyzhGpHiq56i7Gpa6SDO,Destiny,['One-2'],281150,2012,True,,0.634,0.748,0.0737,0.736,76.997
3FuM5rMZ4lFT5JN6qURSTr,Go! (Bonus Track),['One-2'],213613,2012,True,,0.7240000000000001,0.961,0.0532,0.442,120.081
0YHgekISd38uCR7caS7Yfo,200 Sábados,['Fobia'],214280,2005,False,,0.565,0.83,0.000572,0.444,127.94
2rZaLiGz7459J981yEqneK,2 Corazones,['Fobia'],191827,2005,False,,0.479,0.953,0.000138,0.5429999999999999,141.982
7oAFB38TcE9KEtPqfmPgIR,2 Step,['YG'],64575,2011,False,,0.715,0.146,0.975,0.306,80.14699999999998
2JdTPXFdwU29V4xrZqDCaJ,2 Makes 1,['Burnt'],276067,2006,False,,0.752,0.386,0.271,0.6859999999999999,83.052
7hhxTEpLM6wRQF6L704vbd,2 Ton Can Of Wupass,['Doseone'],283400,1998,False,,0.623,0.696,0.0284,0.359,171.84900000000005
4UmemfPey2Lqw8kcW8yVvv,2 Faced Traitor ((Gen-XX)) Bonus Track,['Genitorturers'],612241,2009,False,,0.654,0.594,0.0062,0.78,132.00799999999998
1LpGrRGkf1zXpPW86X6QDV,2Nd 2No 1,['Twiztid'],213520,2012,True,,0.672,0.956,0.00205,0.433,94.039
0L4woNQ6PQiEReB1VembN2,Isolation 2.0,['Isaak'],153773,2013,False,,0.35,0.843,1.7e-05,0.256,149.994
23GP7jaeYYeijDSgLyH3gH,2nd Street Girl,['FUN'],83040,1997,False,,0.41600000000000004,0.95,1.7e-06,0.927,132.031
20fBuVybkHgjF6vNhSMROD,Ambitionz Az A Ridah,['2Pac'],278387,1996,True,,0.8009999999999999,0.9079999999999999,0.00253,0.805,87.279
6tYL1tBaqTcaqXIykzfF7M,"All About U (ft. Nate Dogg, Snoop Dogg, Fatal, Yani Hadati)","['2Pac', 'Yani Hadati', 'Snoop Dogg', 'Nate Dogg', 'Fatal']",276813,1996,True,,0.8590000000000001,0.792,0.065,0.7659999999999999,103.20100000000001
1uTMsRYtBaMO043I8tEEiF,Skandalouz (ft. Nate Dogg),"['2Pac', 'Nate Dogg']",248693,1996,True,,0.706,0.919,0.0201,0.805,92.708
4Ed5TSSEgtYfR2aKnDeOrv,"Got My Mind Made Up (ft. Dat Nigga Daz, Kurupt, Method Man, Redman)","['2Pac', 'Daz Dillinger', 'Method Man', 'Redman', 'Kurupt']",312640,1996,True,,0.813,0.897,0.0157,0.863,93.029
6ZmLu4NAhMsuAXLkcLMBrb,"How Do You Want It (ft. KC, Jojo)","['2Pac', 'Jojo', 'KC']",287547,1996,True,,0.763,0.84,0.0346,0.748,92.477
5Iws9ob8FlpMlaIn9IcFZ7,2 Of Amerikaz Most Wanted (ft. Snoop Doggy Dog),"['2Pac', 'Snoop Dogg']",246533,1996,True,,0.856,0.904,0.0253,0.855,99.24700000000001
1hJtNms8jQNDm1Cx9k2UR4,No More Pain,['2Pac'],374800,1996,True,,0.7170000000000001,0.9059999999999999,0.0202,0.8590000000000001,77.012
242UgW5qs0WHoWJ7QPKOB8,Heartz Of Men,['2Pac'],283373,1996,True,,0.794,0.773,0.00286,0.5529999999999999,92.465
5gBRSMkxDBS6DapoSZTeGD,Life Goes On,['2Pac'],301600,1996,True,,0.693,0.843,0.11699999999999999,0.529,158.465
2Z6I3youZAlfRvsyzJAGQA,Only God Can Judge Me (ft. Rappin' 4-Tay),"['2Pac', ""Rappin' 4-Tay""]",296907,1996,True,,0.8029999999999999,0.784,0.0012,0.8009999999999999,90.185
1SysIhBu7bt9GFWPOcHqs4,"Tradin War Stories (ft. C-BO, CPO, Outlawz, The Storm)","['2Pac', 'Storm', 'C-Bo', 'Outlawz', 'C-PO']",329827,1996,True,,0.6809999999999999,0.802,0.47600000000000003,0.495,86.50299999999999
2Low9dwyJeUtqlpgVbFFMn,"California Love (remix) (ft. Dr. Dre, Roger Troutman)","['2Pac', 'Roger', 'Dr. Dre']",385880,1996,True,,0.635,0.843,0.006540000000000001,0.657,91.634
6S8UBw4Nws06e1Umh3v1Zq,I Ain't Mad At Cha (ft. Danny Boy),"['2Pac', 'Danny Boy']",293667,1996,True,,0.7490000000000001,0.679,0.0177,0.672,85.04
3AhC6gUqFLVJiGc08UypO3,Whatz Ya Phone # (ft. Danny Boy),"['2Pac', 'Danny Boy']",309520,1996,True,,0.55,0.9470000000000001,0.000314,0.7070000000000001,120.01299999999999
6POE7KXN1KzMGeAWlFeCB3,Can't C Me,['2Pac'],330760,1996,True,,0.797,0.852,0.0432,0.674,95.416
6O6jYPwFgoAtNg2LvZ6fNt,Shorty Wanna Be A Thug,['2Pac'],231653,1996,True,,0.8079999999999999,0.716,0.00515,0.35200000000000004,90.009
2O8rtsJSsle09cMAcvR0cr,Holla At Me,['2Pac'],295413,1996,True,,0.721,0.929,0.0901,0.547,102.006
31a2HqfdG7t7cfLCgM0nLu,Wonda Why They Call U B____,['2Pac'],258467,1996,True,,0.792,0.8759999999999999,0.0731,0.457,101.277
0lTGv9B3KeHGv9yqOMleZX,When We Ride (ft. Outlaw Immortals),"['2Pac', 'Outlaw Immortals']",309587,1996,True,,0.7040000000000001,0.836,0.0442,0.606,183.465
0VrysGMVfpQFYQqyOkM8VW,"Thug Passion (ft. Jewell, Outlawz, The Storm)","['2Pac', 'Jewell', 'Storm', 'Outlawz']",307640,1996,True,,0.772,0.8,0.146,0.6659999999999999,92.008
2JVdaVgLJB9ekMoyHQD3lS,"Picture Me Rollin' (ft. Danny Boy, CPO, Big Syke)","['2Pac', 'Big Syke', 'C-PO', 'Danny Boy']",314720,1996,True,,0.8320000000000001,0.757,0.028999999999999998,0.449,95.905
0NgeSPp0uIZN0ISp3kIW2Z,Check Out Time,['2Pac'],279067,1996,True,,0.7979999999999999,0.703,0.149,0.6,94.302
2hZWz5WbF2bTBhPTpNXeLl,Ratha Be Ya N____ (ft. Richie Rich),"['2Pac', 'Richie Rich']",253973,1996,True,,0.733,0.5579999999999999,0.204,0.5660000000000001,84.57700000000001
5e7ldn9Kwo8Aw9Z8ql9cDj,All Eyez On Me (ft. Big Syke),"['2Pac', 'Big Syke']",307773,1996,True,,0.873,0.7190000000000001,0.03,0.858,93.281
3zGqu7KxpFw34pSQs9BjK0,"Run Tha Streetz (ft. Michel'le, Storm, Mutah)","['2Pac', 'Storm', 'Mutah', ""Michel'le""]",316400,1996,True,,0.7879999999999999,0.7879999999999999,0.109,0.722,166.97299999999996
6s5WFLsMiKtCnnzjvQeNAr,"Ain't Hard 2 Find (ft. B-Legit, C-BO, E-40, Richie Rich)","['2Pac', 'E-40', 'Richie Rich', 'B-Legit', 'C-Bo']",268573,1996,True,,0.755,0.87,0.0237,0.522,89.96600000000002
7yVrrN3wUi6xKOsMjddCic,Heaven Ain't Hard 2 Find,['2Pac'],239227,1996,True,,0.7829999999999999,0.8170000000000001,0.162,0.841,174.25099999999995
2fK5Z2LH0TlPQDv0DPtOE7,shook 2.3 (inst.),['Sapient'],167067,2004,False,,0.845,0.384,0.16899999999999998,0.67,102.105
2SVMXdFblpCrVAbBO4WuBI,38th Street,['Way 2 Real'],242133,1994,True,,0.7170000000000001,0.805,0.0246,0.505,90.01100000000002
7pKZf9kcZ2NabcWHDseFjE,Southern Funk,['Way 2 Real'],257827,1994,True,,0.809,0.862,0.22399999999999998,0.743,98.992
3qyuP9AZjMK1G0NfxKjApV,Tha Butterfly,['Way 2 Real'],248373,1994,True,,0.778,0.888,0.0264,0.642,100.124
5E2RWWMR4WqIKSXZhJwbM1,Still Walkin,['Way 2 Real'],230600,1994,True,,0.7959999999999999,0.774,0.00558,0.617,94.008
4peCuZHRxL674ZaKnLcWBt,Tops Down,['Way 2 Real'],249067,1994,True,,0.579,0.688,0.215,0.3720000000000001,172.046
0bIY7xQOaAy3K8UcazKio3,Ghetto Thang,['Way 2 Real'],293333,1994,True,,0.778,0.639,0.0211,0.524,84.973
7KAUXDyFRiU9LLHTvpKejA,Gangsta Walk,['Way 2 Real'],222427,1994,True,,0.7170000000000001,0.58,0.0531,0.4320000000000001,86.994
7Fqdq1UOcYlqTTGEE4AXJ1,Playa Thang,['Way 2 Real'],224800,1994,True,,0.8009999999999999,0.6829999999999999,0.006690000000000001,0.7240000000000001,92.041
2q2wSTCIbzCBkTJaX981KT,Freak Me Baby,['Way 2 Real'],237933,1994,True,,0.894,0.853,0.23,0.858,105.025
23H6RO4joC1yp4mOCwW5IT,Tha Butterfly (N Da Club),['Way 2 Real'],375133,1994,True,,0.807,0.741,0.0868,0.547,100.071
5sbh4XwQ6bB29IakjCySJk,Da Fly (Reprise),['Way 2 Real'],63267,1994,True,,0.7170000000000001,0.884,0.0337,0.6559999999999999,100.13
0clkHfAjcPQArozVIfWL66,Hot N Wet,['Way 2 Real'],138240,1994,True,,0.764,0.578,0.335,0.426,124.79299999999999
5BPDtLG3Xv7iZVLmr68XDi,Shouts 2 Ya,['Way 2 Real'],143400,1994,True,,0.809,0.605,0.0283,0.47100000000000003,92.0
2Rw9KtF0x5qjbcTrgQV2kv,2010,['Chrysalide'],262370,2012,False,,0.48200000000000004,0.9620000000000001,0.114,0.4,175.63
0N7z1qx4cRJhJrJ39kRZCK,2084,['Koffin Kats'],815747,2005,True,,0.281,2.0300000000000002e-05,0.00282,0.0742,115.77
2Li7aJe8igMhFglDlFP6Dw,Confetti,"['1,2,3']",171733,2010,False,,0.361,0.6759999999999999,0.0473,0.593,144.03799999999995
3cLYAD21XmUNJ7ZFgLbvZG,Can't Bribe God,"['1,2,3']",258360,2010,False,,0.34299999999999997,0.442,0.0753,0.402,193.77700000000002
4LCJuy7t0u8oe5mrJXygZy,24 Waves,['Emptyself'],385333,2005,False,,0.322,0.7120000000000001,0.0513,0.40299999999999997,162.618
0WRjwvUO6CeyiaZDdHLEXf,Alltag 2,['All'],397850,2013,False,,0.742,0.611,0.000285,0.278,124.961
79OLYwQ3GOWqb0KGtvODQ5,Sog 2.2,['Sog'],477000,2013,False,,0.815,0.13,4.02e-06,0.147,124.911
5hpImMSFS5qiWhdv94LuJ0,Love Me,['Aerial 2012'],209187,2004,False,,0.526,0.872,0.0106,0.396,114.955
0z22FVEVH506fTGp2usovZ,Whisper,['Aerial 2012'],276693,2004,False,,0.527,0.815,0.00717,0.644,119.98
5zv9XK1UiSq9oOwjyEDbnr,Like a Child,['Aerial 2012'],227027,2004,False,,0.5479999999999999,0.747,0.496,0.345,120.035
2JltG5S1lm7dmXzqaQUlHW,Find the Truth,['Aerial 2012'],275240,2004,False,,0.5589999999999999,0.677,0.0595,0.319,125.023
0hUvWvcWGhqGz4vft2mRuP,Pound is Featured in video Game Vampires and Bloodlines,['Aerial 2012'],328227,2004,False,,0.48700000000000004,0.595,0.0437,0.0381,139.99200000000002
1MbtuDRb71kwSk66we2kvD,Digital Emotion,['Aerial 2012'],254053,2004,False,,0.331,0.6890000000000001,0.273,0.0682,159.859
2lgk4gQqUpThEpbpseVirv,Nu Blu,['Aerial 2012'],256227,2004,False,,0.45299999999999996,0.715,0.0065,0.545,99.958
6FWZi0dOn0Rpt9quN21mPK,Forever Ritual,['Aerial 2012'],242933,2004,False,,0.617,0.498,0.20199999999999999,0.505,136.069
08Qt2QQq2NfgnlfimDJxoF,Heavy Quiet (Remix of Heavy Mojo),['Aerial 2012'],328173,2004,False,,0.599,0.53,0.258,0.41200000000000003,74.977
4qTJiWJZYgynNLA0YR7Pza,Journey East,['Aerial 2012'],492880,2004,False,,0.523,0.589,0.0197,0.0521,140.00799999999998
70AbkiWBliFNTLfbdcAQij,Ultra Lover,['2PM'],199093,2011,False,,0.588,0.961,0.0339,0.767,136.048
6hH3XDkcR3MreuEblGY4z2,I'll be back - Japanese ver.- - Japanese Ver.,['2PM'],216880,2011,False,,0.726,0.9079999999999999,0.00296,0.679,130.02100000000002
4fo7CW1UDd6qv6cWWfuuUR,Ultra Lover(without main vocal)(オリジナルカラオケ) - Without Main Vocal(Original Karaoke),['2PM'],199093,2011,False,,0.556,0.9079999999999999,0.000162,0.763,136.046
6rJ3WSzLes7K1KTvwE7DcS,I'll be back-Japanese ver.- (without main vocal)(オリジナル・カラオケ) - Japanese Ver. (Without Main Vocal)(Original Karaoke),['2PM'],216067,2011,False,,0.627,0.902,7.23e-05,0.635,130.018
4P1b0EQBpta6gfDQht2Sdy,290979,['Hiems'],120173,2009,True,,0.19899999999999998,0.9159999999999999,0.9640000000000001,0.519,98.965
2TERQPTclRpM2UzlXaG8eC,Wanted Dead Or Alive,"['2Pac', 'Snoop Dogg']",279787,2001,True,,0.82,0.8170000000000001,0.243,0.677,101.396
27pK4kMx63JGRVM1she2EJ,Never Had A Friend Like Me,['2Pac'],266800,2001,True,,0.807,0.7859999999999999,0.191,0.726,87.944
6iO9ez40WIbv0lTVhvCuCV,Life Is A Traffic Jam,"['2Pac', 'Eight Mile Road']",264307,2001,True,,0.627,0.304,0.67,0.687,127.26100000000001
4WMcpeWsQTYEdk6tHap5qH,2 Am.,['Pinkroom'],386213,2009,False,,0.541,0.38799999999999996,0.17600000000000002,0.0366,106.949
1H44oLHyL1TLSoLrXtKJou,2:00 Am,['GRRL'],204440,2019,False,,0.727,0.478,0.0233,0.0658,134.939
7geuvxHVPNUsG3JzEWnHhG,2000 Light Years From Home,['Vivabeat'],373240,2001,False,,0.37799999999999995,0.826,0.0076700000000000015,0.317,125.161
5JuK9SMd7v5CEX8dfqPKmY,2nd Wind,['Erase-E'],254933,2009,False,,0.784,0.4920000000000001,0.48100000000000004,0.732,93.4
0fqf9RKOSyg9X7E3hdf1Ll,24 Hrs. Ago,['Savatage'],295907,1987,False,,0.256,0.919,0.276,0.231,123.102
6jqTUAVcLXNasU6OKepPib,28 Days (Live),['Sponge'],192925,2014,True,,0.493,0.9159999999999999,6.54e-05,0.58,95.189
1X9i6rXxENi7BM3LjEdNvi,2000 Miles - Symphonic Version,['Pretenders'],218670,2018,False,,0.295,0.473,0.187,0.133,100.139
1qmgk59o0vcWKLu27GPQDb,It's That SLAB (SLABed),"['2', 'A3', 'Yung Redd', 'Delo', ""Jay'ton"", ""Lil' Head"", 'Lil B', 'Trae Tha Truth']",392587,2006,True,,0.743,0.664,0.16699999999999998,0.83,75.814
3vnBU2RMJq0rCAiPvAxDqI,2000 and Gone,['Anathema'],290840,1999,False,,0.494,0.342,0.0544,0.175,130.733
5J0aLU3VQeUvA3B9Oo5R6h,無題平成23六月五日,['Empty Ensemble'],241000,2015,False,,0.5660000000000001,0.5920000000000001,0.0115,0.469,143.934
70vMkEj9Z5HlBldpE8QZCN,20 Prozent,['Haindling'],231107,1993,False,,0.594,0.243,0.8059999999999999,0.10400000000000001,115.416
2N79x9V7mQLeU9BrKGzQlh,Bennie's From Heaven,"['21st Century Swing Band', 'Kim Nazarian']",255947,1999,False,,0.535,0.223,0.856,0.358,133.595
4EQh1p85xlPeMg6iCnIwUD,It Don't Mean a Thing If It Ain't Got That Swing,['21st Century Swing Band'],243000,1999,False,,0.5720000000000001,0.281,0.9309999999999999,0.58,107.53299999999999
4wuWsdiwe9luSFzJZnTgjK,Steppin' Out With My Baby,"['21st Century Swing Band', 'Kim Nazarian']",152760,1999,False,,0.518,0.29100000000000004,0.775,0.613,167.02900000000002
4ASU0ioMIfFuMYHyD9sIVM,I'm Gonna Move,['21st Century Swing Band'],205520,1999,False,,0.552,0.212,0.843,0.423,119.044
1UfplXpF5GWeBgo1r8sFV5,Opus 1,['21st Century Swing Band'],193920,1999,False,,0.58,0.248,0.789,0.742,99.98100000000001
2gXTfwDbppRlX8ATd0w2be,7 Come 11,['21st Century Swing Band'],207827,1999,False,,0.541,0.271,0.8009999999999999,0.56,104.29299999999999
2WSMgP8XGta4ERPdSbA1Vl,When I Fall In Love,['21st Century Swing Band'],287280,1999,False,,0.47200000000000003,0.0598,0.9740000000000001,0.19699999999999998,123.147
0eorOxDyzYmd6xPG8ojecY,String Of Pearls,['21st Century Swing Band'],207867,1999,False,,0.662,0.149,0.804,0.401,139.153
16dDqlNSk4lbv0uMTdsAZa,All Shook-Up,['21st Century Swing Band'],180533,1999,False,,0.648,0.392,0.7390000000000001,0.769,92.381
4413Or6MDvyKPKXcnYmXJL,Sweet Lorraine,"['21st Century Swing Band', 'Danny Conn']",207120,1999,False,,0.527,0.134,0.784,0.198,88.416
5EfCMdeuDpY772cgRxij1V,"Sing, Sing, Sing",['21st Century Swing Band'],194800,1999,False,,0.637,0.345,0.57,0.365,125.339
7mIDSOAqFm6rWXKSCNU52T,I Mean You,['21st Century Swing Band'],268413,1999,False,,0.547,0.258,0.943,0.627,98.113
09Kw2BG6tuufM36sqAakXn,Drum Boogie,['21st Century Swing Band'],142453,1999,False,,0.63,0.365,0.81,0.618,105.31200000000001
6t3vtmmCklqX1s8hVA5dS0,2 The Bedroom,['Otasco'],156227,2007,False,,0.556,0.8490000000000001,0.0243,0.49,125.73100000000001
4X5kQRx7nK2STx4an05mDv,Intro,['2 LIVE CREW'],117627,1998,True,,0.836,0.626,0.0019199999999999998,0.309,129.36
0bcYptWQOs7NHHiuKWd5ly,2 Live Is Here,['2 LIVE CREW'],219307,1998,True,,0.836,0.8809999999999999,0.00173,0.7490000000000001,136.282
41os9WJ6iVBij1Md8f6ams,2 Live Party Feat. KC From KC & The Sunshine Band & Freak Nasty,['2 LIVE CREW'],185800,1998,True,,0.779,0.887,0.0129,0.812,140.826
3s1W6ZMPM2Yi6LRF3S9Kyk,Freaks Inherit The Earth,['2 LIVE CREW'],31400,1998,True,,0.6579999999999999,0.271,0.96,0.951,72.381
25jwX47JEDabazpUdkzuij,Freak Ho,['2 LIVE CREW'],241733,1998,True,,0.7909999999999999,0.945,0.000198,0.679,144.895
5hZNUmManQ14FG8fQWeUGb,Take It Off,['2 LIVE CREW'],210493,1998,True,,0.8109999999999999,0.7440000000000001,0.00162,0.7909999999999999,138.16
68YcZjGskjJReevuJC3GLh,Don't Get Busted By A Texas Ranger,['2 LIVE CREW'],48307,1998,True,,0.6779999999999999,0.434,0.915,0.693,46.233999999999995
7MylQbR74KJOSMrkMEQgS0,Bottle And A Blunt Featuring The Luniz,['2 LIVE CREW'],267000,1998,True,,0.828,0.953,0.0284,0.667,121.882
1a3asKPmvgX3DOfQcMXyQf,The Real One Featuring Ice-T,['2 LIVE CREW'],257867,1998,True,,0.8059999999999999,0.721,0.124,0.785,102.846
2NzjYsy0J9eYh8MUM1eofD,"Come On, Get Up And Dance",['2 LIVE CREW'],259467,1998,True,,0.8140000000000001,0.9079999999999999,0.000171,0.46799999999999997,134.116
55gsSaBDkCnQsgUFsVNeLi,Shake Your Pants,['2 LIVE CREW'],231960,1998,True,,0.764,0.9620000000000001,0.0007700000000000001,0.773,141.881
6jzMVC64Hi4WVtW2dylKTN,Playa Hatas,['2 LIVE CREW'],226000,1998,True,,0.773,0.973,0.0021100000000000003,0.72,134.255
62Ccax7YBcaRJjG0aFpxCB,Bring That Money To Me,['2 LIVE CREW'],238507,1998,True,,0.779,0.958,0.0263,0.7120000000000001,143.834
5kplTM0Qp0CXz1vzqK4o1K,Raise The Roof Featuring Verb,['2 LIVE CREW'],200800,1998,True,,0.763,0.9740000000000001,0.00281,0.83,140.036
29m9N0UAmtcc1inCw8jiAh,It's Time,['2 LIVE CREW'],195067,1998,True,,0.856,0.8640000000000001,0.013999999999999999,0.27,135.358
3QWNqBAxS2fFi5N1vXk3Bk,World Famous,['2 LIVE CREW'],231800,1998,True,,0.8690000000000001,0.703,0.0402,0.561,107.057
635smewHpfRNRGWXYFPyR5,Show You A Shot,['2 LIVE CREW'],220427,1998,True,,0.802,0.915,0.337,0.769,133.687
0i8CeeAxRXeVemx5JGjHYf,On Top Of Ol' Rachelle,['2 LIVE CREW'],39973,1998,True,,0.564,0.222,0.862,0.6809999999999999,80.992
0GnOcWsWQ7a65st5NLLbs3,Call Me,['2 LIVE CREW'],214693,1998,True,,0.871,0.8370000000000001,0.00455,0.616,136.058
66UN6IpalwmbQ5QCifqcOK,Ay Papi,['2 LIVE CREW'],175133,1998,True,,0.807,0.833,0.00212,0.721,142.276
4Tr99t1kYXspdnMh4C1cNe,Ride With Me (Bottom Style) Featuring Rufftown Mob,['2 LIVE CREW'],391133,1998,True,,0.787,0.804,0.0177,0.48200000000000004,97.846
5AeAdfCNlc91NUMlwTN8wb,Intro,['SaGoh 24/7'],42987,2001,False,,0.358,0.894,0.754,0.0675,77.562
5wOzrwXtwM5SWer4NqGDOJ,Fallen On Deaf Ears,['SaGoh 24/7'],5038,2001,False,,0.0,0.0,0.0,0.0,0.0
0Nal8zN8y8EZVI3BSGH9c0,Atlantis Reaching Affinity,['SaGoh 24/7'],257213,2001,False,,0.406,0.9109999999999999,0.00279,0.764,93.89399999999999
38Qtdvdi3FrqyurKgQwLY9,Billet Doux,['SaGoh 24/7'],239653,2001,False,,0.376,0.932,0.00020800000000000001,0.73,99.01700000000001
48AAOg1KaTWHNIHVNO7Sjc,"These, The Effects of Failure",['SaGoh 24/7'],267187,2001,False,,0.433,0.9359999999999999,6.95e-05,0.614,105.751
6bUMNS5i8NHjCoWbZtEJUc,Surfacing Distant,['SaGoh 24/7'],222747,2001,False,,0.39,0.9159999999999999,0.000651,0.48700000000000004,94.928
02JH9vzYJzJ2NBLC3Uaj0b,Dearest You,['SaGoh 24/7'],222587,2001,False,,0.35,0.929,0.000241,0.815,102.23100000000001
1djvDMTwlaEpEcerWsVrKe,Mercury,['SaGoh 24/7'],164933,2001,False,,0.38799999999999996,0.9229999999999999,0.00703,0.8859999999999999,91.095
6zTBycqaisoywuqWbu2L3K,Regrettable Paris,['SaGoh 24/7'],231947,2001,False,,0.591,0.3,0.884,0.22399999999999998,150.007
0jGRdMqXf3jh2kC3LLSHLc,Solace,['SaGoh 24/7'],231080,2001,False,,0.295,0.9640000000000001,0.00108,0.531,89.45
3XDiZStyMUJMlAwq44i9kt,Hazing,['SaGoh 24/7'],296307,2001,False,,0.384,0.919,0.0128,0.657,99.18
5CnCl7QeUun6gDQqFc8glT,Where I've Been (Hollow),['SaGoh 24/7'],216440,2001,False,,0.281,0.8,0.000735,0.7440000000000001,101.596
659vM8J5XLXOoEVKbhPy40,Celeste's Song,['SaGoh 24/7'],303400,2001,False,,0.317,0.9259999999999999,0.0015199999999999999,0.639,103.389
3oiZfPVX6abMHiMNIvGpaX,2094 US Open,['Same'],210225,2020,False,,0.583,0.39299999999999996,0.242,0.258,82.04799999999999
0CRZzOFVYNRwA6lKZTzUJk,Compton Muzik,['2nd II None'],165120,2014,True,,0.899,0.38,0.0726,0.868,92.988
6cQjcep8NBGO3NZ1HcQ6fR,2nd II None,['2nd II None'],258240,2014,True,,0.647,0.563,0.102,0.5589999999999999,123.96600000000001
4LIq0mIkvNglquIzm763Md,Summertime,['2nd II None'],239000,2014,True,,0.835,0.4,0.0864,0.619,97.01
5zxfgwtR17UD97PEw3YmKc,Solid and Groomed,['2nd II None'],201493,2014,True,,0.9129999999999999,0.455,0.0264,0.264,97.00200000000001
227faJBDIZRWTyzuzRY1U9,Be With You,['2nd II None'],206867,2014,True,,0.9159999999999999,0.267,0.0375,0.657,94.0
5KmRpBIuYyxFLSWHs8g2cv,Runnin' the Streetz,['2nd II None'],214867,2014,True,,0.752,0.396,0.618,0.198,92.934
0DEdzuDo7xEA37EBocf1Zx,Gone Wit' It,['2nd II None'],204000,2014,True,,0.904,0.529,0.037000000000000005,0.184,100.029
0zxH4Oe1nJdwDFsC47OPwV,New Shyt,['2nd II None'],219400,2014,False,,0.86,0.45399999999999996,0.0391,0.517,104.98700000000001
6YoFny2wbxAeW35X6ffutQ,The Way It's Goin',['2nd II None'],239747,2014,False,,0.9079999999999999,0.359,0.0786,0.502,102.50399999999999
2P3C7Vde1afnDNIiSTNSGj,No Discussion,['2nd II None'],222680,2014,True,,0.8370000000000001,0.33,0.0662,0.789,95.95700000000001
79d1PC3Ko9elnW9siKOPPY,6 'n Tha Mornin',['2nd II None'],284680,2014,False,,0.66,0.5820000000000001,0.0193,0.695,175.053
3aIqgY5JbKDMkipKwg8ovH,That's My Bitch,['2nd II None'],289960,2014,True,,0.706,0.534,0.385,0.531,101.104
6vEhgqO09SSJbkuzu42Pae,The Girlz a Freak,['2nd II None'],331907,2014,True,,0.7559999999999999,0.409,0.17600000000000002,0.816,93.819
5ZCNDFYRMovLB7c9KviuM0,Worthless Fucking Cunt,['Apartment 213'],91507,2008,True,,0.231,0.8170000000000001,0.000233,0.17300000000000001,71.65899999999998
0sHDab3Nk0tNjgPNf0LObP,Mutilation,['Apartment 213'],107747,2008,True,,0.259,0.8540000000000001,0.0005110000000000001,0.198,84.46799999999998
0ff2M7xcQ9KMiTXnwVvgst,Kill for Christ,['Apartment 213'],103827,2008,True,,0.305,0.405,0.000956,0.265,104.416
2ZOCw9FnHJ9bzDtcttcTpC,Instrumental (In Child Rearing),['Apartment 213'],173133,2008,True,,0.19,0.684,0.00372,0.075,160.217
1mGhUTXBZ36J0J1UVKSo6X,Zodiac,['Apartment 213'],66693,2008,True,,0.245,0.99,0.000244,0.18899999999999997,77.631
7ncNpLdEoOr9dSoH0mf0uz,Don't Tell,['Apartment 213'],168120,2008,True,,0.22399999999999998,0.912,0.000997,0.376,98.368
442fxJwAPfcOmq7Y76CUcx,Die Section,['Apartment 213'],86240,2008,True,,0.311,0.975,0.00047400000000000003,0.10800000000000001,91.586
6tboYY9KZyKK0A9q3ZmYFO,20 Second Man,['Chalk'],170827,2002,False,,0.7979999999999999,0.379,0.7559999999999999,0.27,103.616
5FIZP4nsWY6s9v3kBPAMYH,Chains - 2009 Remaster,['Chicago'],204267,1982,False,,0.4970000000000001,0.7170000000000001,0.0012,0.5489999999999999,132.84
0LtvO2auMkQH4K6JlVxeH0,Vintage,['2 Minds'],565573,2013,False,,0.737,0.905,0.033,0.5479999999999999,120.014
0QDtn6ncCD37173Q30wSrm,Blue Magic,['2 Minds'],568000,2013,False,,0.684,0.961,0.0172,0.138,129.99
2SK406pZHcOu6MDYKyqcer,Mission To Mars,['2 Minds'],468213,2013,False,,0.505,0.938,0.00198,0.467,135.0
2exLN2gammJsSrZRABN3BI,Goa Land,['2 Minds'],567107,2013,False,,0.447,0.6829999999999999,0.000534,0.191,136.01
52MOB4aiC9UzSz3u3xwBFV,Wave Shell,['2 Minds'],563827,2013,False,,0.517,0.884,0.038,0.267,103.49799999999999
25CWOk1JpVAPlQksmq7KEi,Hindu,['2 Minds'],548360,2013,False,,0.659,0.826,0.004220000000000001,0.14800000000000002,140.0
3GNZJBU4gBqnIeJndJ9sfr,Deep & Warm,['2 Minds'],489787,2013,False,,0.6809999999999999,0.922,0.000323,0.113,139.994
2NAbPPgl6PTcAYCTI0NMH8,Viber,['2 Minds'],490440,2013,False,,0.485,0.8170000000000001,0.008709999999999999,0.0523,142.005
27ziyK0eyElQRJXiwJj8NL,Eclipse,['2 Minds'],440000,2013,False,,0.507,0.903,0.00115,0.179,180.012
4o2jvNkC9m47pwsasxYMMf,Blood Connection,['2 Minds'],602000,2013,False,,0.546,0.804,0.0012900000000000001,0.614,160.00799999999995
5Or8SsRkRm7TOTmxqfXmQK,Evil Echo,['2 Minds'],576000,2013,False,,0.345,0.816,0.0257,0.22899999999999998,145.993
2CAv6SwcxHr32AFCRY6TfL,Ethnic Demonstration,['2 Minds'],538000,2013,False,,0.5579999999999999,0.845,0.000516,0.319,120.005
0JvOCkQpTi08vaNbIl8miZ,Half Moon,['2 Minds'],431333,2013,False,,0.529,0.8220000000000001,0.0011300000000000001,0.6970000000000001,179.993
43RIGVMWJeozMDbrgpvqLe,Magic Carpet,['2 Minds'],454000,2013,False,,0.627,0.83,0.000325,0.348,119.99600000000001
1EhIit5BgS6IS3vH5TNhB7,The Last Travel,['2 Minds'],527173,2013,False,,0.49,0.935,0.00731,0.903,170.00599999999997
2f7lxIzMv3Jt80PJmThIAP,Panik Atack,['2 minutos'],125838,2010,False,,0.531,0.612,0.00131,0.61,97.882
1T0NL18dUEk23y1QgRERK0,Cabeza de limón,['2 minutos'],161759,2010,False,,0.4320000000000001,0.9229999999999999,0.00040899999999999997,0.614,103.631
5f9ZrcD86w7oafQ4r3pQty,Especial,['2 minutos'],197224,2010,False,,0.451,0.884,0.0075400000000000016,0.601,96.66
1eCs6KOTfcjsOUXhdkhF9z,Navaja,['2 minutos'],83278,2010,False,,0.38,0.988,0.00020099999999999998,0.325,151.31799999999996
0fVE3RVL6B4B4Xp6wUfdR3,Resfriada,['2 minutos'],93132,2010,False,,0.316,0.857,0.000651,0.519,101.609
5Saphxus6UX3TAbwApPJXJ,Melodía de barrio,['2 minutos'],119025,2010,False,,0.386,0.941,0.007090000000000002,0.5,183.442
2MJnMADobua4mcDmQHUeuO,A.X.E. (amnesia por ebriedad),['2 minutos'],123678,2010,False,,0.439,0.971,0.00771,0.341,104.244
4FfFEPNRypL5LqwHRN1M1e,Paro general,['2 minutos'],64226,2010,False,,0.708,0.5479999999999999,0.446,0.858,127.68799999999999
4g98fKmfmVk4jK96kbGUaK,Metal Marciano Rojo,['2 minutos'],215359,2010,False,,0.44299999999999995,0.9420000000000001,0.000173,0.324,115.152
2j33sOYKP13ertGgcj70hG,Todavía una canción de amor,['2 minutos'],163039,2010,False,,0.489,0.9570000000000001,0.00157,0.695,90.525
6Wv7HaRT1NZo2XDK9mKqxS,900 muy bien,['2 minutos'],128464,2010,False,,0.529,0.326,0.8590000000000001,0.753,167.4
1C0dBAWCrJzC4JbE9ZqcVl,Fantasma,['2 minutos'],182039,2010,False,,0.35700000000000004,0.941,0.000625,0.76,163.89700000000005
7EUXoPWpb0CTqiSLuC7gQp,El que no salta es un skon,['2 minutos'],130705,2010,False,,0.3,0.9890000000000001,0.00031600000000000004,0.469,157.665
6EzSAejgmDeGu2bDKHiVkV,Ave de paso,['2 minutos'],130293,2010,False,,0.35600000000000004,0.958,0.00195,0.754,164.02
4oc2pOkmFlQDh3LOvT9A9L,El asador,['2 minutos'],146945,2010,False,,0.442,0.93,6.75e-05,0.716,101.609
0zW5kzT9E3xrC7S5TfMpRU,Guitarrita y fafa,['2 minutos'],130360,2010,False,,0.474,0.917,0.0151,0.625,116.35799999999999
4QHxDLlSYSZSf4b1SJ9UiN,Esto no es el Italpark (la caprichosa),['2 minutos'],148251,2010,False,,0.373,0.9129999999999999,7.190000000000001e-05,0.584,133.72
1RKzZRQ2gzlLzv2hPITwxj,Maravillosa mente,['2 minutos'],150039,2010,False,,0.361,0.9490000000000001,0.00018999999999999998,0.644,124.729
0vDLc7cU1oAvUd3MXTqgCD,Efedrina,['2 minutos'],234960,2010,False,,0.54,0.903,0.0216,0.685,82.46600000000002
2M6sc6lAmxVfT0sLdz1kik,Straight to hell,['2 minutos'],320746,2010,False,,0.561,0.6609999999999999,0.11,0.65,92.40799999999999
6A83hasG4Oy3Mq9IvILUsH,Vamos a la granja,['2 minutos'],125986,2010,False,,0.525,0.815,0.00804,0.897,77.908
1bFAfIkEvBAw2f0oIH9Kb9,Contrabando de Amor,['2 minutos'],217587,2019,False,,0.379,0.9640000000000001,0.127,0.691,170.794
2gMnCsDqB1CWYfLDctoILG,Bienvenidos al Tren,['2 minutos'],160231,2019,False,,0.446,0.9520000000000001,0.0016899999999999999,0.5539999999999999,100.954
2oU4XGnbMIyse2dzeBZrCj,Banderitas y Globos,['2 minutos'],163653,2019,False,,0.17300000000000001,0.9520000000000001,0.004079999999999999,0.245,186.32299999999998
7iYVrctqlz8obn98QUhpjl,Polly,['2 minutos'],196046,2019,False,,0.162,0.9940000000000001,0.00144,0.0452,154.983
5vF5JqvpoeRmh1Yj188ZNA,Un velero llamado Libertad,['2 minutos'],214573,2019,False,,0.45299999999999996,0.955,0.000143,0.648,104.258
6FAiXOSSxVQ6FORwSZ7QKr,Le hace falta un Beso,['2 minutos'],161792,2019,False,,0.355,0.966,0.0036200000000000004,0.46399999999999997,112.516
4kOEueFV7SAL2KvFK0qQRz,La mitad del Amor,['2 minutos'],165882,2019,False,,0.315,0.977,0.0542,0.439,150.84799999999996
0UPPkMYBbotUYqRmekWOqn,24,['ATO'],243375,2019,True,,0.731,0.632,0.273,0.364,159.969
6V2rIhiQBpAAKK72anDDDb,I'm back,['2faces'],155987,2007,False,,0.682,0.809,0.0075200000000000015,0.4920000000000001,91.727
6Ar0k9e750TS3GN0peF8mw,Prêts pas prêts,['2faces'],225147,2007,False,,0.7240000000000001,0.8590000000000001,0.105,0.763,92.96600000000001
4VuarwU5y2lxDwW1Wm3gro,Interlude 1: Laissez un message,['2faces'],12373,2007,False,,0.0,0.6859999999999999,0.0579,0.0,0.0
0Xf0cS62XATwMNVBboaeA8,"Moi, 2 Faces & Dirty",['2faces'],200453,2007,False,,0.8320000000000001,0.743,0.0455,0.775,95.911
3NE6NEw2ev1HESwqwYHcHO,Regardes autours de toi,['2faces'],226893,2007,False,,0.5720000000000001,0.9209999999999999,0.193,0.68,88.98100000000002
4jgrjQAgblUVN3INUrS7lS,Interlude 2 : B. I. T.,['2faces'],13333,2007,False,,0.0,0.855,0.44,0.0,0.0
15uFxrgEMImCSIjJygT7ck,Let's go,['2faces'],225707,2007,False,,0.722,0.903,0.33399999999999996,0.516,95.009
6MpWFWbeauDqanukLuQU09,Dans l'oeil du public,['2faces'],236947,2007,False,,0.402,0.852,0.0453,0.6,94.04899999999999
2NSTmE1O5kULuYuYXcBCAp,Le son du southside,['2faces'],287827,2007,False,,0.8809999999999999,0.863,0.0226,0.812,96.995
5zo5LwilPs1AeKVgweaUz2,Interlude 3 : Done,['2faces'],24800,2007,False,,0.857,0.9159999999999999,0.787,0.963,93.863
14QKIC7rXUKbQB9VyCZE6P,On est encore là,['2faces'],210627,2007,False,,0.757,0.831,0.00494,0.752,96.98
52sAN8ahDOFlnYHUGG7qpG,Interlude 4 : D'Eternal Rika Canox,['2faces'],13267,2007,False,,0.0,0.6859999999999999,0.0716,0.0,0.0
2cjvWLUZw8AW31SvmqLJay,Do what U gotta do,['2faces'],218400,2007,False,,0.867,0.6990000000000001,0.136,0.654,99.045
5IzVoFVfb0y9lBGPAgY6w1,Qc collabo,['2faces'],291533,2007,False,,0.7709999999999999,0.74,0.0379,0.8270000000000001,93.999
7wSXsTClHGohXgYsBaAvoV,Interlude 5 : Dj Artur,['2faces'],15427,2007,False,,0.8170000000000001,0.8170000000000001,0.135,0.8690000000000001,93.926
0lYqK0JhPU6huSIA6W7c5r,J'm'accroche,['2faces'],210227,2007,False,,0.498,0.93,0.39299999999999996,0.82,173.359
0XZM5MaKSJ5OOPzCchwsYq,Interlude 6 : Frenchi,['2faces'],13227,2007,False,,0.0,0.866,0.153,0.0,0.0
6qsZXTCFhzQj8csG8DawIo,C'est juste bizness Prise II,['2faces'],236293,2007,False,,0.763,0.85,0.035,0.4270000000000001,90.979
5FfYMprpHSw8y6I7mFHptn,Interlude 7 : Jack L'arnak,['2faces'],16240,2007,False,,0.818,0.93,0.528,0.925,92.861
0soqE4q8hehdpvzqd0hT7k,Toute bonne chose a une fin,['2faces'],145000,2007,False,,0.6759999999999999,0.9309999999999999,0.0146,0.6779999999999999,153.933
2YV3r5WmoaRIPItun8Kdal,Lame Like Dog,['Ward 21'],200133,2002,False,,0.636,0.565,0.20800000000000002,0.614,89.77
6V1ivsoAqBbkBh9GbyldBC,2 Stoned Riders,['Guy Gerber'],516520,2003,False,,0.7859999999999999,0.938,7.140000000000001e-05,0.23600000000000002,127.12299999999999
7Gc5F1yFtp3yfXwPVFGS1T,In A Perfect World,['27'],253960,2010,False,,0.32,0.385,0.6609999999999999,0.0854,165.982
6AmOy134XFdsY4Psk7NWm4,Sometime Somewhere Soon,['27'],198733,2010,False,,0.38299999999999995,0.155,0.746,0.0619,156.195
7fsEA7bQZyn4xEzA03FybK,Love Letter,['27'],259600,2010,False,,0.41100000000000003,0.212,0.899,0.139,179.832
02wL6tQipHZc2CbRQBpHCS,Sacred Scars,['27'],336733,2010,False,,0.35,0.261,0.0609,0.0482,129.414
1knYEnCRwfhqutbDPD2bUC,Brittle Divinity,['27'],28600,2010,False,,0.894,0.132,0.978,0.965,103.95700000000001
4Too3liNBO9Xo2N7IF2leJ,Slower Than Time,['27'],225307,2010,False,,0.541,0.20600000000000002,0.835,0.0576,82.01299999999998
7iskF1rrl6712C1cmdiiQR,Tangled In Your Spokes,['27'],191533,2010,False,,0.711,0.46299999999999997,0.168,0.374,162.072
65SXliWJvRoeKs3x4e3yCY,What Did You Expect,['27'],178227,2010,False,,0.396,0.267,0.466,0.0387,111.32799999999999
0En33GzOg0sSG8bPDTJg6J,Everything Is Illuminated,['27'],48173,2010,False,,0.396,0.00367,0.9620000000000001,0.225,62.541000000000004
35IY60T4DORqYB9vTZ3EIU,On the Lookout,['27'],212933,2010,False,,0.303,0.312,0.929,0.115,95.04299999999999
4soY0AY8i5Qpe7xw9kSM4o,Man On Wire,['27'],237893,2010,False,,0.441,0.415,0.664,0.12300000000000001,128.715
4c3DqKAzxDulc8q3JmSQpv,Brittle World,['27'],196773,2010,False,,0.253,0.275,0.971,0.0389,119.176
3dYTaBS8w34JXBJK1bHXpA,25 Years,['Garrity'],203893,2001,False,,0.585,0.9129999999999999,0.0542,0.76,145.09
3CaVxa814EhT3Aa086wNVm,Vinculum Part 1,['2caves'],270080,2014,False,,0.86,0.5760000000000001,0.121,0.151,128.004
28Rd2HOPec9efI9nmIUPre,Pulp,['2caves'],177110,2014,False,,0.155,0.0112,0.34600000000000003,0.0391,74.11399999999998
2wUSTzcjTnYwpwczwib9n7,The Elder Ones,['2caves'],480105,2014,False,,0.884,0.691,0.0066099999999999996,0.215,127.973
6Tm1F2bokb0hT4H9tQZmXv,One Easy Lesson,['2caves'],137247,2014,False,,0.816,0.84,0.46299999999999997,0.826,139.97299999999998
7ErJJrmEU0FAioSQHJESil,Cordyceps,['2caves'],259318,2014,False,,0.536,0.773,0.733,0.0406,125.12700000000001
5RvaS6JWnRk1CoQE6KA4HI,Inertia,['2caves'],583654,2014,False,,0.732,0.327,0.0157,0.0519,127.991
0d6Ag76GjUQFkAmhavF4tt,S12216,['2caves'],225123,2014,False,,0.593,0.49,0.7070000000000001,0.225,127.95299999999999
5a1YG8EgvO0KbRzQl6PJjE,Vinculum Part 2,['2caves'],352627,2014,False,,0.784,0.498,0.0957,0.0347,128.009
6ecwq0mjjJQTqw9jNIJfXm,Underclocked,['2caves'],564480,2014,False,,0.5660000000000001,0.621,0.301,0.0284,127.991
0mHqAOMs7DsXZscvyJFz3T,Another Progression,['2caves'],679994,2014,False,,0.55,0.6459999999999999,0.00757,0.258,128.02
5NeBcK3udubeV6lAtLKDA8,Four Thousand,['2caves'],194534,2014,False,,0.52,0.07,0.99,0.128,120.035
0ZRmBBMh53TbbVDbfBYSQp,Son of Odin,['Loop 2.4.3'],770000,2007,False,,0.395,0.386,0.469,0.254,177.77200000000005
68ACqO2fm2TXVNyFWPFP4w,Almglocken Melodien,['Loop 2.4.3'],350000,2007,False,,0.43799999999999994,0.0203,0.991,0.239,141.009
5O39emeRRlgESOlfXpwp9M,Chickchi,['Loop 2.4.3'],378000,2007,False,,0.489,0.621,0.7759999999999999,0.46,95.47399999999999
6mwF8nmmkLniG73X5Nm1is,Urban Mantra,['Loop 2.4.3'],312120,2007,False,,0.385,0.114,0.865,0.0714,122.46700000000001
0GmttBzVJfiyujJJXky6PM,DBC,['Loop 2.4.3'],573653,2007,False,,0.46299999999999997,0.691,0.14300000000000002,0.258,115.632
43UaOCoa0EOHwZ2kN2aoGR,Walls of Waves,['Loop 2.4.3'],565133,2007,False,,0.441,0.365,0.0812,0.17800000000000002,184.322
3h7TXD78lUyPd3gURvRkry,Prologue: Rebirth,['Loop 2.4.3'],78880,2009,False,,0.213,0.013999999999999999,0.99,0.0386,38.044000000000004
7Fy4IFj0brapKzspvl0CNe,Dark Matter,['Loop 2.4.3'],401573,2009,False,,0.5479999999999999,0.41700000000000004,0.698,0.35,89.51899999999998
4qjQhVFEULFNHq0xDkraxv,Underground,['Loop 2.4.3'],394947,2009,False,,0.54,0.196,0.966,0.192,100.72399999999999
0GE8j9TrLzKuvn7GdEuzSW,The Existentialist,['Loop 2.4.3'],431987,2009,False,,0.51,0.439,0.45299999999999996,0.0371,99.036
25Isysk8284ot42XTthKBb,Zodiac Dust,['Loop 2.4.3'],244187,2009,False,,0.312,0.128,0.9259999999999999,0.231,76.83800000000002
6SS2tyZb3aD40e77EzfvRs,Clouds,['Loop 2.4.3'],243387,2009,False,,0.451,0.252,0.363,0.0731,152.435
3WrcHSIrZPABmoWl1KdLbc,I Remember,['Loop 2.4.3'],97893,2009,False,,0.16,0.00985,0.972,0.0691,74.304
641O23fpM8Jf5rD7z0OAqB,The Return Of Chickchi,['Loop 2.4.3'],398173,2009,False,,0.465,0.6970000000000001,0.165,0.612,172.734
6YnlU2kq40BcRnJNBWOG9Q,Epilogue: Ashes To Ashes,['Loop 2.4.3'],291747,2009,False,,0.10099999999999999,0.466,0.7290000000000001,0.0361,165.144
0rn8s5ItkzzqpsGXfbtNhH,Total Collapse,['Loop 2.4.3'],23107,2012,False,,0.65,0.17800000000000002,0.654,0.9640000000000001,99.322
2OpfMP10RcR8RyNwXhTA3R,Sakura (We Must Love),['Loop 2.4.3'],312187,2012,False,,0.601,0.48100000000000004,0.414,0.48100000000000004,137.989
1UPZv13x7aPNKsgxyYxJzO,As a Child...,['Loop 2.4.3'],514307,2012,False,,0.565,0.138,0.909,0.145,141.001
2GD7cjVkF83w2A10NILHTg,Dialed Out,['Loop 2.4.3'],10347,2012,False,,0.0,0.207,0.39399999999999996,0.0,0.0
22DnjxNMt1MCK2bl3i9dJ3,So Strong,['Loop 2.4.3'],321893,2012,False,,0.639,0.601,0.401,0.389,81.012
5ALZE4Kt3VF5M78gItwSAe,Waldo I,['Loop 2.4.3'],9987,2012,False,,0.0,0.19,0.985,0.0,0.0
0mtUedfV4x8PBiWz7lZpGo,I Knew (We Shouldn't),['Loop 2.4.3'],212440,2012,False,,0.185,0.301,0.9159999999999999,0.11699999999999999,104.181
4G2RBOFj0L6e3JGiwZirJo,Road Trip,['Loop 2.4.3'],18547,2012,False,,0.615,0.254,0.993,0.878,193.36599999999999
7zuOKYHgRhehH6RHg67M3m,American Elder,['Loop 2.4.3'],88173,2012,False,,0.415,0.124,0.9740000000000001,0.14,76.58
0hg88V9WyHnNjJyOqF1yGb,Alchemy II: Dreamland,['Loop 2.4.3'],541533,2012,False,,0.637,0.228,0.40299999999999997,0.0388,113.845
5x9AhtssrtJx5OLHatOymJ,All Good,['Loop 2.4.3'],8760,2012,False,,0.0,0.345,0.98,0.0,0.0
1aWExq72PDvwbteA7CKXMs,Tulips,['Loop 2.4.3'],199293,2012,False,,0.312,0.0296,0.987,0.0692,97.635
7IwOUw9462lc68M5UC0iji,Waldo II,['Loop 2.4.3'],7933,2012,False,,0.0,0.127,0.98,0.0,0.0
2cbcabM2xgT9nnqq9nmu4d,So Strong: Radio Edit,['Loop 2.4.3'],253880,2012,False,,0.5720000000000001,0.6679999999999999,0.41,0.304,80.959
4hYn8OpFMhrfuw9AKiY0bw,If Mi Know U Name,['Ward 21'],229800,2003,False,,0.716,0.861,0.254,0.769,99.44200000000001
6la63uOTqxUrzM3z83BHrS,If Mi Know U Name,['Ward 21'],87480,2003,False,,0.483,0.89,0.105,0.446,163.799
3MEu8uW6CJ4xfxuilVJ2p8,Put em' up,['2faces'],218107,2009,False,,0.7020000000000001,0.708,0.0041,0.857,98.14399999999999
2SN2uI3bDcHdNTZtP4q0D9,2005,['83'],172360,2004,False,,0.679,0.8,0.0414,0.9440000000000001,97.904
2Bj6SDTpB5Y6EX7CqUUZ68,22 Parody,['Bart Baker'],193846,2013,False,,0.871,0.754,0.10099999999999999,0.513,103.95299999999999
6pYEkUfikeyBBRcu1wju6S,22 Parody,['Bart Baker'],193846,2013,False,,0.871,0.754,0.10099999999999999,0.513,103.95299999999999
2LYPKgI81L27sj8a32ZdIc,Relationship - Live Intro - Unreleased,['Trisomie 21'],190840,2008,False,,0.611,0.475,0.034,0.0755,153.688
4OEO96ezdTepdmCrHXHdCm,The Wayside - Unreleased,['Trisomie 21'],162960,2008,False,,0.622,0.83,0.036000000000000004,0.875,123.27799999999999
0XYWZQRdrGwNaH4tcPju54,See The Devil In Me - Demo,['Trisomie 21'],264733,2008,False,,0.8490000000000001,0.7440000000000001,0.0264,0.5529999999999999,108.759
4U3WH1gleYii5cVCTPHO97,Don't You Hear? - Unreleased,['Trisomie 21'],242413,2008,False,,0.878,0.787,0.00155,0.578,96.208
1x85v4h9xI57abubXV7pwV,Preface - Live Intro - Unreleased,['Trisomie 21'],360133,2008,False,,0.603,0.5329999999999999,0.0019,0.11,111.811
7HpQGThhqxTWBAlGev1RYc,We Have Not The Choice - Unreleased,['Trisomie 21'],292840,2008,False,,0.542,0.735,0.000877,0.8140000000000001,111.70200000000001
11W0XqkZI1IAaHkaBYsOpg,Hot Roads - Unreleased,['Trisomie 21'],153600,2008,False,,0.40399999999999997,0.711,0.000717,0.506,138.195
5dkyG5KxwrH8wjwm6zYkKX,La Fête Triste - Demo,['Trisomie 21'],284627,2008,False,,0.457,0.58,0.223,0.248,99.415
4zWwOreF4yqK6wir1V70oK,Darkness Settles - Unreleased,['Trisomie 21'],206200,2008,False,,0.626,0.5579999999999999,0.0107,0.114,125.92200000000001
4bAdgnnLHCWvodLIoRrLH1,Is Anybody Home Part 1 - Demo,['Trisomie 21'],152547,2008,False,,0.501,0.9440000000000001,0.0039,0.15,119.605
6XhQsCPAa2ia81bcEiUI43,Blue Twilight - Unreleased,['Trisomie 21'],222720,2008,False,,0.693,0.6629999999999999,0.00245,0.758,99.76100000000001
7JUBKd1zxKyu5ndhuY1VLy,There's No Trouble There - Version,['Trisomie 21'],201333,2008,False,,0.306,0.968,0.00048499999999999997,0.636,129.137
4dngnoSRXpc6zXckhllElN,Constellation - Unreleased,['Trisomie 21'],182733,2008,False,,0.233,0.9309999999999999,0.0034200000000000003,0.64,63.907
2MgwnpFrBkZ0TKF2lXsSm2,Out Of The Signs - Live,['Trisomie 21'],66200,2008,False,,0.512,0.6609999999999999,0.603,0.441,92.955
5QIV53FJ4kdI3sgNiBZrOF,Red Or Green - Live,['Trisomie 21'],274800,2008,False,,0.48,0.606,0.8190000000000001,0.444,90.2
3nG8rD3kSNwcWycbewPwn7,Personal Feelings - Live,['Trisomie 21'],256147,2008,False,,0.496,0.691,0.21899999999999997,0.5589999999999999,110.18700000000001
3q5qJ4kkWWWn4EicmT0usB,Soft Brushing Speed - Live,['Trisomie 21'],240173,2008,False,,0.6679999999999999,0.879,0.491,0.5820000000000001,142.184
4X4ksywQ0gqXKTHNiMixEj,Midnight Of My Life - Live,['Trisomie 21'],326373,2008,False,,0.48200000000000004,0.8109999999999999,0.555,0.107,117.01799999999999
6jleOPse6i1w3XCpSIRvM2,Jakarta - Live,['Trisomie 21'],282720,2008,False,,0.537,0.6509999999999999,0.136,0.578,130.313
6bS8d65KQCIdCrfoZB5oqQ,Breaking Down - Live,['Trisomie 21'],296467,2008,False,,0.721,0.65,0.6940000000000001,0.5489999999999999,117.075
1APV5LGip9fsRN1jFTJd0E,2814スカイライン,['２８１４'],451678,2014,False,,0.47600000000000003,0.743,0.7829999999999999,0.284,135.983
3o5JwUV4rdgGp79bawTfUT,2 Minutes 2 Go,['Slide'],271933,2007,False,,0.511,0.622,0.94,0.8690000000000001,131.764
4hWd4XInrTSBrSj9Acat0i,22,['Frogpond'],134867,1999,False,,0.5489999999999999,0.86,2.13e-05,0.426,128.305
0n70s7T7x0qC52kdc0Onte,2000 Miles,['Anthony'],325853,2004,False,,0.674,0.469,0.318,0.175,107.741
7drD4ehy08NI2OA0VY3MeN,All She Wrote,['24 Black'],131291,2008,False,,0.564,0.934,0.00262,0.653,144.936
1xz1O9Bs2QEFD1tUPj9GfJ,Autograph,['24 Black'],145894,2008,False,,0.569,0.95,0.00025499999999999996,0.5379999999999999,135.058
1NnNNM7tf2K7BXVc8DujN4,Kiss the Gun,['24 Black'],176222,2008,False,,0.536,0.98,8.52e-05,0.248,107.99600000000001
49EyY1C9nieFdcPhunBOmg,Hollywood Monroe,['24 Black'],190328,2008,False,,0.58,0.95,0.00135,0.239,124.02600000000001
7ByeRgNG0bJo67cK3kzOxn,Church,['24 Black'],162429,2008,False,,0.47700000000000004,0.9259999999999999,0.0010199999999999999,0.4320000000000001,110.012
7rfi4KTeOC6iPnkoqGlrw0,Heroin,['24 Black'],171651,2008,False,,0.5710000000000001,0.9520000000000001,2.42e-05,0.5579999999999999,123.969
4NHJTcLdsguzT2V9vYBYt2,Saints & Sinners,['24 Black'],191060,2008,False,,0.552,0.935,0.000319,0.413,139.937
5ygouGr9wabi8d88Dwc96B,Beer Goggles,['24 Black'],208823,2008,False,,0.505,0.977,3.05e-05,0.519,140.981
4QQgtqXdCPxZPQqOWjRWKR,Shakespeare's Bridge,['24 Black'],167967,2008,False,,0.5539999999999999,0.937,0.002,0.401,127.01799999999999
7cK9djLswK8FxUsaXx9Irx,Wedding Dance,['24 Black'],180924,2008,False,,0.203,0.98,7.13e-06,0.507,101.255
09mIEXW8h2WdWkW6ZStwHc,Cradled,['24 Black'],260101,2008,False,,0.433,0.8320000000000001,0.0017,0.182,75.0
3KCnnepsXI6m87f1M5DZAc,Thou Shall Not Kill,['24 Black'],113371,2008,False,,0.42100000000000004,0.397,0.47100000000000003,0.0373,99.961
2vrRxwGzEPX144BhIf7mAU,2hell - Shrapnel: 2012,['Dunkelwerk'],328587,2006,False,,0.654,0.9620000000000001,0.402,0.0382,143.02200000000005
18k0TZDO0XOC0d7q4SA3SJ,2hell - remix,['Dunkelwerk'],254280,2006,False,,0.609,0.976,0.0364,0.41200000000000003,140.009
5DViJ6McV7S1Wrqoh7FpRO,2hell - Ladykiller Mix Extended,['Dunkelwerk'],345453,2006,False,,0.4370000000000001,0.8240000000000001,0.0962,0.0916,140.007
0tdbjwIDHXoaZHOnrG6w6e,"2, 4, eta 7en Bakarrizketa Txikia",['Inoreneroni'],225667,2009,False,,0.514,0.836,0.0213,0.38799999999999996,151.018
4aOUaty044GYL6gXE2g4gq,Do It,['Shaggy 2 Dope'],141467,2015,False,,0.777,0.915,0.272,0.938,150.122
2852LGi8FwQK2JuYQ57P6z,Eye 2 Eye,['Estate'],281129,2011,False,,0.6559999999999999,0.77,0.00116,0.794,123.994
0wuFo3lzoJYShIW3DOndOq,Who's Jivin' Who,['2000 Lbs of Blues'],279600,2009,False,,0.7340000000000001,0.535,0.613,0.8290000000000001,109.975
1f4bczvnyxncUwLKB9tba4,Don't Jump,['2000 Lbs of Blues'],297293,2009,False,,0.726,0.664,0.6629999999999999,0.789,145.064
2HKTq2c9RRrfPbWdis44MD,Big Empty House,['2000 Lbs of Blues'],291227,2009,False,,0.7190000000000001,0.531,0.327,0.8270000000000001,105.65899999999999
6urCLeHWtf2IjNYMEAth65,I Need Your Love So Bad,['2000 Lbs of Blues'],325733,2009,False,,0.366,0.442,0.7120000000000001,0.314,163.494
5SJO2kv6eGSeMQlRFYpHj8,Good Heart Black Soul,['2000 Lbs of Blues'],228133,2009,False,,0.831,0.289,0.868,0.6629999999999999,103.32600000000001
1j6bsrCdx5VFb3n5LYlO6g,Gravedigger,['2000 Lbs of Blues'],252227,2009,False,,0.419,0.45299999999999996,0.14300000000000002,0.529,113.29
3stSpthwvgVWTCbCZ2H4KK,Black Eyed Mary,['2000 Lbs of Blues'],265493,2009,False,,0.523,0.81,0.20800000000000002,0.853,144.336
1x4K09xuYkKDpj3pC1Lhkv,Love in the Dirt,['2000 Lbs of Blues'],229600,2009,False,,0.521,0.8170000000000001,0.264,0.56,95.051
4yUCEJCJBT4xOhJjzlJ5Vb,She's Right,['2000 Lbs of Blues'],240253,2009,False,,0.8590000000000001,0.494,0.493,0.924,135.05
0adNFBaxvzaODjWYUC9yiq,Real Bad Woman,['2000 Lbs of Blues'],287587,2009,False,,0.451,0.4,0.37799999999999995,0.413,81.196
5kDshIgp8THIS9Ra6qgxcR,Bad Reputation,['2000 Lbs of Blues'],255520,2009,False,,0.48200000000000004,0.696,0.0055899999999999995,0.785,119.566
7fuc95MrBenudAwxMIFTS2,Belly of the Beast,['2000 Lbs of Blues'],609440,2009,False,,0.7759999999999999,0.578,0.263,0.478,137.996
4AJ8NC5t7mogEHaxL3TFrA,Soul of a Sinner,['2000 Lbs of Blues'],222200,2009,False,,0.568,0.267,0.993,0.489,97.383
28HKgRbPishJhOkfmA0xCq,Walking Through the Fields (Live),['2Hurt'],279162,2015,False,,0.244,0.9279999999999999,0.0975,0.12,137.41899999999998
42bv7S3YVA0rEycDpdGYA4,Lost Soul Train (Live),['2Hurt'],386821,2015,False,,0.214,0.9309999999999999,0.11900000000000001,0.168,106.11200000000001
6ZgBmd5ohImiA7KA2mvnvQ,Leave This Town (Live),['2Hurt'],298015,2015,False,,0.35700000000000004,0.863,0.109,0.17,77.567
1hioqgGpqtPhVqqiX7Tj6s,Tonight I'll Let You Know (Live),['2Hurt'],141610,2015,False,,0.293,0.792,0.723,0.405,88.154
17jSMyQMMxTDidaYVq2WDe,Every Day It's Gonna Rain (Live),['2Hurt'],370316,2015,False,,0.395,0.795,0.24,0.327,119.50200000000001
72VIjbz4EwWog5PxvbKyvo,Medicine Man (Live),['2Hurt'],460591,2015,False,,0.326,0.9259999999999999,0.0221,0.406,122.641
3TmeZ3qAcNbP9fZhZFE1DU,See That My Grave Is Kept Clean (Live),['2Hurt'],297665,2015,False,,0.365,0.99,0.0799,0.253,127.677
0l0xC5eIh1vRKgTKXRwFC4,Taste of My Paste (Live),['2Hurt'],401345,2015,False,,0.305,0.562,0.0456,0.122,109.583
5W5nTiwWNYsmuZN4jInSyy,Painful Memories (Live),['2Hurt'],346465,2015,False,,0.425,0.8190000000000001,0.245,0.48700000000000004,56.501999999999995
7mBDj7KGTyK9ZJjujTnvKA,Throwing My Dog a Bone (Live),['2Hurt'],417773,2015,False,,0.35700000000000004,0.873,0.17,0.36,125.51
3xtB21LcHaOCRBXCkBVIea,Love Kills (Live),['2Hurt'],194534,2015,False,,0.257,0.818,0.271,0.413,89.286
5nOQkHzONxIM6AraWyl58z,Find My Way Back Home (Live),['2Hurt'],306233,2015,False,,0.11800000000000001,0.9279999999999999,0.209,0.251,79.722
6Pva0MpRoMijHtQFoCk2Cn,Revenge Burns Under the Sun (Live),['2Hurt'],316996,2015,False,,0.273,0.71,0.265,0.0993,129.379
1WRTbPF9QfIcj72iWy27Wf,Reach for the Sky (Live),['2Hurt'],379611,2015,False,,0.35700000000000004,0.97,0.00187,0.415,97.60700000000001
0fAhIjGAmQ3cg25bfoiqsD,2000 Miles from Home (Live),['2Hurt'],196785,2015,False,,0.299,0.45799999999999996,0.467,0.268,120.007
3T6oBkYRULQQbU6YQPvbht,Like Another Dope (Live),['2Hurt'],260307,2015,False,,0.32299999999999995,0.498,0.716,0.17300000000000001,131.44799999999998
1w6CFsERQ0TsIFoma6nY19,Tonight I'll Let You Know,['2Hurt'],141759,2014,False,,0.32299999999999995,0.526,0.627,0.44799999999999995,84.194
1ofBPH4J4b3ngNalmvrwTx,Painful Memories,['2Hurt'],350020,2014,False,,0.221,0.636,0.00316,0.57,112.911
6Hu2ATYMg1Z6sNU53KYKQw,Find My Way Back Home,['2Hurt'],234963,2014,False,,0.113,0.792,0.0754,0.342,151.243
0dMrXUFrtsuJfWCtU4U2Un,Love Kills,['2Hurt'],175914,2014,False,,0.157,0.684,0.898,0.125,95.255
5j3CSVTQoCvXMsOlvzzqHe,Young Suicide,['2Hurt'],257515,2014,False,,0.212,0.6990000000000001,0.182,0.39899999999999997,95.499
2DHAFDH7qYvYAARelUYvPC,Whilst We Have a Ball,['2Hurt'],112720,2014,False,,0.512,0.33899999999999997,0.945,0.21100000000000002,75.281
7AfMKooDCx21dIqCMo5ywB,Without Affection,['2Hurt'],354604,2014,False,,0.171,0.68,0.528,0.39799999999999996,134.197
6eOR4NronpvUR4r8ENUa38,Revenge Burns Under the Sun,['2Hurt'],222582,2014,False,,0.159,0.528,0.111,0.0926,131.569
4ovOqaj4wSL5HqAEXsCQCR,Black Coffee,['2Hurt'],302671,2014,False,,0.244,0.6759999999999999,0.245,0.248,137.05200000000002
55LEAQOUBjsya4QQpp7Bku,Sofia's Lullaby,['2Hurt'],208563,2014,False,,0.32799999999999996,0.496,0.529,0.22699999999999998,116.40299999999999
6swGob89yNPyCd8XZ2ttWe,Faith,['20 Shades\xa0'],247825,2016,False,,0.39799999999999996,0.941,0.0267,0.324,127.831
2p5Qz9Z4LFh66v3Pv8SXA6,27 Jump Street,['Cook Classics'],106293,2013,False,,0.772,0.604,0.122,0.626,82.00299999999999
5YItNkJj1zVtW7F5WLU8et,2h22,['Bernadette'],180720,2011,False,,0.716,0.856,0.215,0.81,122.071
4aP0XMroSe8jattg1nQx2x,Five Six Dub,['2=3'],376400,2010,False,,0.573,0.311,0.00755,0.0855,169.829
40IoF8esCVehrHhgrmA74g,Seoithín Seo Hó / Gartan Mother’s Lullaby,['2002'],387173,2016,False,,0.159,0.18899999999999997,0.97,0.054000000000000006,83.54899999999998
6t4yEy7ObXdsBBJ0EffsS8,Cariad,['2002'],274693,2016,False,,0.231,0.172,0.978,0.0399,106.553
0ZOzkZtLe0d40VKqWItFVw,Bí Thusa Mo Shúile,['2002'],241600,2016,False,,0.165,0.174,0.963,0.0394,129.931
4MKfvY4CaL1TED6io95cdd,Away from the Roll of the Sea,['2002'],207467,2016,False,,0.14,0.19399999999999998,0.986,0.183,148.174
1RtSklDZVrIIZlDu6fRCur,Éamonn an Chnoic,['2002'],231707,2016,False,,0.242,0.18600000000000005,0.9159999999999999,0.0572,140.365
7n5qVsgEFfFuhPag783Jcv,Hó Bha In,['2002'],274027,2016,False,,0.109,0.23399999999999999,0.988,0.0709,92.946
4fwgGaGz7Vik63kAHF8CXa,Bánchnoic Éireann Ó,['2002'],392773,2016,False,,0.11,0.20600000000000002,0.9840000000000001,0.0481,78.413
6JdXDzx9eWzJZDuZoxhW7a,Ar Hyd Y Nos,['2002'],235027,2016,False,,0.17300000000000001,0.204,0.9670000000000001,0.107,121.435
3GNB2poo92ADlHNApl9QXF,Mo Ghile Mear,['2002'],241267,2016,False,,0.0741,0.264,0.98,0.0904,176.606
3lEpWhGiHz95H101b3bsx7,My Singing Bird,['2002'],187760,2016,False,,0.193,0.109,0.976,0.203,82.024
6JLWS7v9uoicyTSIZcvoXj,Buachaill Ón Éirne,['2002'],317027,2016,False,,0.14300000000000002,0.20800000000000002,0.978,0.083,142.58700000000005
5vsgxOepH3WcEXc0gWYd6Z,Thugamar Féin an Samhradh Linn,['2002'],359885,2016,False,,0.115,0.158,0.9490000000000001,0.0694,89.351
23oh3jYPewdutzaKVPA00z,P.Y.T. (Playa Young Thugs) (feat. 2Pac),"['Smooth', '2Pac']",275427,1995,False,,0.841,0.725,0.105,0.722,95.06
0OsH0SxyrjLhKPXaNzHtcB,Ika'y Mahal Pa Rin,['Rockstar 2'],301600,2011,False,,0.636,0.48,0.254,0.575,140.222
6BINmejtJU078PzbcI5q0F,I'm Sorry My Love,['Rockstar 2'],188307,2002,False,,0.561,0.38,0.0412,0.29100000000000004,97.45299999999999
6U5LC2QZ9YrPd7HkUWuevT,Bakit,['Rockstar 2'],297333,1997,False,,0.574,0.47100000000000003,0.0831,0.33799999999999997,133.986
59wVkoRPfTYjCdb2nAkaiK,Individual,['Level 2.0'],390899,2011,True,,0.68,0.977,5.65e-05,0.397,136.02
5OmCnm1BxBg8jM7cf3TYF1,Testament,['Level 2.0'],344086,2011,False,,0.631,0.836,1.4800000000000002e-05,0.466,122.015
14H97EkAVvP5qAjhkGeW0H,Battle Sight Zer0,['Level 2.0'],395352,2011,False,,0.562,0.998,5.22e-05,0.67,133.994
401lOKC1XUfttieaQHWaxC,Victim,['Level 2.0'],360176,2011,False,,0.657,0.8809999999999999,0.000196,0.461,115.016
4YKY2Hbud6CjoBramhlSzS,The Sound of Goodbye,['Level 2.0'],369106,2011,False,,0.732,0.996,0.00032599999999999996,0.184,132.012
5DBnQdH4BgPFPtpVc5jTvU,Back into Light,['Level 2.0'],397593,2011,False,,0.5720000000000001,0.888,2.8800000000000002e-05,0.812,129.007
3S5059MsO0OgphSxfDTdG4,Evidence of Existence,['Level 2.0'],399911,2011,False,,0.629,0.937,0.00011499999999999999,0.33799999999999997,136.985
4KlDkkTAioJtmjYm22NpON,Vengeance,['Level 2.0'],333834,2011,False,,0.598,0.965,0.00025299999999999997,0.894,133.037
7l6YZLqmC9e2Tn6yFqAFoi,Blue Like Neptune,['Level 2.0'],294070,2011,False,,0.601,0.862,0.00011599999999999999,0.46799999999999997,114.98700000000001
4zU7R6POSNdGt3ZJZHsAE9,Abandon,['Level 2.0'],294853,2011,False,,0.73,0.934,0.0027199999999999998,0.0863,125.01799999999999
593tOpmdpcmg4rlSnAof1t,Red - X,['Level 2.0'],319320,2011,False,,0.581,0.9690000000000001,1.57e-05,0.723,139.997
6qAex3d8vrrqZ5LYgmJH84,Beside You,['Level 2.0'],288851,2011,False,,0.613,0.966,0.00023500000000000002,0.665,130.017
4ZzAgzyTOMRdaJFAuL7XXv,Zer0 Hour,['Level 2.0'],384707,2011,False,,0.545,0.977,0.000128,0.81,100.008
4JuDqa9Jo9TP12hMB07PxJ,She's Killing Me,['21Octayne'],253315,2014,False,,0.488,0.892,0.000153,0.475,93.99700000000001
3pDdqZExSFVAcPZS6db6k8,Dear Friend,['21Octayne'],361175,2014,False,,0.47100000000000003,0.7979999999999999,0.00146,0.37799999999999995,86.985
1IzKOD4f2aXe2nqe3ymj09,Turn the World,['21Octayne'],258364,2014,False,,0.436,0.903,0.00044100000000000004,0.38,105.979
13bw9tzypKKWLhPA6dZn0h,Don't Turn Away,['21Octayne'],276181,2014,False,,0.45,0.875,3.2299999999999986e-05,0.408,145.984
2Jvfv62Pbpdxn5CO2BvYgy,My Teddy Bear,['21Octayne'],275185,2014,False,,0.475,0.9540000000000001,8.49e-05,0.34299999999999997,104.057
3K9fAFdhanpzQJyDc2SZ91,Into the Open,['21Octayne'],293824,2014,False,,0.379,0.748,0.000349,0.2,134.52700000000002
6vGUMcPOgeog6Un4IqqyFZ,Me Myself and I,['21Octayne'],322546,2014,False,,0.52,0.789,0.0035299999999999997,0.248,91.999
3rQ0fVV5CitcHQmVoXInU7,The Heart (Save Me),['21Octayne'],247500,2014,False,,0.512,0.845,0.000143,0.521,96.045
0fQVUez4HZBB6ta7FZX7H8,Your Life,['21Octayne'],271250,2014,False,,0.439,0.8540000000000001,0.000124,0.385,154.059
3QbUr1YpL8iSpQh8uZ52r0,I Will Always Be Right There,['21Octayne'],270781,2014,False,,0.636,0.41600000000000004,0.294,0.35600000000000004,80.993
19MpckOc732yLb8dklqtSw,Leave My Head,['21Octayne'],245393,2014,False,,0.5329999999999999,0.78,0.000479,0.336,108.064
1PIDYvxATeGEkjusX3dtKA,Come Alive,['21Octayne'],227783,2014,False,,0.408,0.93,1.11e-05,0.304,83.991
7IjtDBUk2jMyRehZMfEApC,2'N'DRiver,['すてらべえ'],397655,2019,False,,0.585,0.987,0.0052899999999999996,0.198,115.01700000000001
6JJB17ob2PlyExJUcU1rti,Happiness,['Front 242'],431893,2008,False,,0.512,0.7140000000000001,0.000153,0.268,144.958
5SZggEKdDrJEpnQFwvJpcR,Body to Body,['Front 242'],246413,2008,False,,0.537,0.795,0.00072,0.5329999999999999,169.953
65SeyefEJtR3O6KUqtnEAJ,Religion,['Front 242'],215067,2008,False,,0.525,0.992,0.102,0.11699999999999999,140.019
5h7fEEW7DmBa0Pu5mdTnGq,Welcome to Paradise,['Front 242'],274773,2008,False,,0.537,0.895,0.000601,0.66,135.034
2sGVrBk3vx6ZhB16dWKq7X,Commando Mix,['Front 242'],433640,2008,False,,0.514,0.8290000000000001,6.11e-05,0.11800000000000001,121.029
4SZofQ9ONco6au8ueR6rr6,Lovely Day,['Front 242'],248453,2008,False,,0.51,0.807,0.00131,0.431,159.991
1Ysw59nVr8cLSaIVBLaRoR,Until Death,['Front 242'],203213,2008,False,,0.605,0.609,0.00216,0.322,112.993
7dVB4xNVD4aqB3x53jPjqj,Moldavia,['Front 242'],212320,2008,False,,0.544,0.826,4.33e-05,0.126,125.956
2OeYmeGIP1bKOo7hXuBzRe,Funkahdafi,['Front 242'],207453,2008,False,,0.535,0.8140000000000001,7.38e-05,0.0975,117.99799999999999
3wQcLDCTg3K2D4nly9MBVR,7 Rain,['Front 242'],221187,2008,False,,0.575,0.586,3.950000000000001e-05,0.155,92.008
4IlybVtXBUPKmShbrYo3ky,Loud,['Front 242'],243653,2008,False,,0.478,0.688,5.720000000000002e-05,0.568,100.009
5VlJugr2EZbXAND0twPYZT,Together,['Front 242'],263253,2008,False,,0.47600000000000003,0.7090000000000001,0.000354,0.222,91.932
1P3GD82isN1TRaBoPnElOC,U-Men,['Front 242'],176093,2008,False,,0.632,0.698,0.00282,0.843,125.029
2q9z9sHalrThk8dvMD8rx0,Take One,['Front 242'],244347,2008,False,,0.5529999999999999,0.765,0.000143,0.15,120.008
2fdLTnguzf7XtjbAE9B45c,Im Rhythmus Bleiben,['Front 242'],234573,2008,False,,0.564,0.8340000000000001,0.000102,0.541,130.018
7glh9GuQ4G4upQWdjktwxH,Head Hunter,['Front 242'],256147,2008,False,,0.589,0.8759999999999999,0.000654,0.45,124.98899999999999
3sbuk9GbeWTkMoBKfqUoF8,Kampfbereit,['Front 242'],266160,2008,False,,0.645,0.447,0.000272,0.195,125.016
7tOhyw4kYXc045BKEllWNq,Punish Your Machine,['Front 242'],358813,2008,False,,0.46299999999999997,0.932,0.0002,0.156,139.984
3ltxb0iKxM3QZgnrbn44jN,Into the Light,['2002'],199387,2014,False,,0.142,0.44799999999999995,0.915,0.0367,147.888
0R1NzHA1cKk88lQQUw8raO,Sky,['2002'],188520,2014,False,,0.14300000000000002,0.4320000000000001,0.85,0.228,95.286
31yS9dqdg3JA07dnGx7lIA,Wait for Me,['2002'],252587,2014,False,,0.263,0.222,0.9179999999999999,0.113,87.844
0cYEYkODeOk5L8W6FIvavY,Trail of Dreams,['2002'],322933,2014,False,,0.149,0.595,0.308,0.35700000000000004,83.79700000000003
10LN32LpR4bjMDOEhTmMDP,Ta Mé 'mo Shuí,['2002'],197653,2014,False,,0.161,0.252,0.986,0.141,97.844
1n84icBcexpD50yJ6qoTDJ,Navigatio,['2002'],334493,2014,False,,0.426,0.379,0.932,0.084,110.03299999999999
3UEZ9Xjunn2rrJeeNKMUhf,Follow Your Star,['2002'],272627,2014,False,,0.149,0.40399999999999997,0.797,0.28600000000000003,148.403
5gE49hxCnvddXNPTrGRTzi,Far from Home,['2002'],307040,2014,False,,0.23,0.23800000000000002,0.977,0.0757,72.229
43KHrFHcvID8FFj3LySJkA,Deep Horizon,['2002'],207413,2014,False,,0.115,0.32299999999999995,0.894,0.0377,72.143
10uMaltn3iNikhFbtwkAUE,Ever Onward,['2002'],341999,2014,False,,0.21100000000000002,0.38,0.893,0.0717,144.047
2GnbyLBqTW8PNfLosZm0F4,2 Sips & Magic,['Nickodemus'],242707,2009,False,,0.679,0.773,0.00611,0.624,101.975
62HZdocJuxJz7nQ02WldPH,7rain,['Front 242'],227453,2003,False,,0.672,0.835,0.0141,0.657,184.101
1ljvl9oCI84QO7H28PDNYj,Loud,['Front 242'],238920,2003,False,,0.573,0.4370000000000001,0.531,0.358,177.918
6qSJ2ct4uTyWTAjYmb29lv,Strobe,['Front 242'],206413,2003,False,,0.767,0.732,0.040999999999999995,0.642,100.006
4jG4h5ou5dlBXRX3qlrIFm,Collision,['Front 242'],312707,2003,False,,0.665,0.434,0.0701,0.664,177.979
7zdgweroOitXKf6kHIji4A,7rain - Ghost,['Front 242'],246413,2003,False,,0.621,0.532,0.111,0.647,184.00900000000001
75EfOfHgPG0Nu8y0BhUClv,Strobe - Fragments,['Front 242'],441600,2003,False,,0.4,0.195,0.8959999999999999,0.0371,100.037
25IGvB2ihPrFfXJzLgVf9b,28 Days,['Sponge'],221360,2003,True,,0.41100000000000003,0.9570000000000001,0.0008960000000000002,0.40399999999999997,179.983
1qHR8jxNZZM87XKiXnCSAH,2000 Miles,['Skydiggers'],213253,2014,False,,0.376,0.406,0.17600000000000002,0.18,172.06099999999995
2I4kmFHCmHqV1nr0JnCCCu,20 de abril,['Celtas Cortos'],235333,2001,False,,0.611,0.866,0.0274,0.826,114.016
3gAhiJNAkFu6YFOvxsAfGG,22nd St.,['Stook'],197453,2006,False,,0.608,0.648,0.47100000000000003,0.617,118.867
3vk99MVlCxOOlBiUboQuOw,2nd Childhood,['Nas'],231600,2001,False,,0.726,0.863,0.0383,0.8370000000000001,79.051
1x2nf9bg85iLvPJHOYOVnp,21. How I Bounce,['Jaxter'],193240,2009,False,,0.9079999999999999,0.39,0.213,0.772,90.926
5O2gOunYDj00xyq0QkXomn,22. Breathe No Moe (feat. Blak),['Jaxter'],211347,2009,False,,0.568,0.5529999999999999,0.17600000000000002,0.748,95.97399999999999
0IwT67IaAfCtfqHUSY5QFS,24 Shots,['Necro'],239053,2001,True,,0.828,0.9520000000000001,0.0442,0.871,93.09899999999999
0WNj2wymYuzmHi4fWX6OvJ,2127,['Eminence'],273554,2016,False,,0.7829999999999999,0.46,0.16399999999999998,0.172,122.016
3ep7LK8X9pWQpzI3EFVTJo,You Can't Have Your Cake,['2 Block Radius'],468373,2003,False,,0.752,0.679,0.0583,0.687,125.00399999999999
6twSwB8UBC0mR4nxhXlqKD,24/7,['GLD'],192829,2016,True,,0.7909999999999999,0.494,0.0546,0.309,129.91299999999998
4bwQjKzuJFsaJYfi88o5BP,2600 Funkus - Cold Winter Remix,['pH10'],223013,2004,False,,0.6679999999999999,0.809,0.0235,0.341,176.998
7pAR9c7tdVfZomDJP2I7BJ,"2,5 Sekunden",['Seer'],202000,2001,False,,0.591,0.659,0.36200000000000004,0.545,140.02200000000002
4TDqYBDNFvD22qAMfVrLqY,2000 Miles - Live,['Pretenders'],212853,1995,False,,0.516,0.52,0.0247,0.435,95.899
42wrEf2oMjWtEQmuMZXPpF,Monster,['28 North'],216547,2014,False,,0.402,0.894,0.0007,0.19899999999999998,138.97
1aiKA3SpQKagw8ahgTbmqO,Restless,['28 North'],211360,2014,False,,0.47200000000000003,0.9740000000000001,0.012,0.449,128.037
7oeH5WM3UBZv4jknfwuAM6,World on Fire,['28 North'],197267,2014,False,,0.327,0.905,0.000411,0.726,183.99200000000002
4VyGYi89EWHtq3aWxgzfJ8,Los Angeles,['28 North'],199147,2014,False,,0.48200000000000004,0.7829999999999999,0.000331,0.5670000000000001,98.009
5gDrwUfeZ8NIII85uNMmPf,Gone,['28 North'],216307,2014,False,,0.49,0.922,0.00365,0.721,120.98200000000001
5zrErHDrnqFEXGuyyjRjkK,Trails,['28 North'],250547,2014,False,,0.445,0.85,0.00044500000000000003,0.616,154.003
1AY5QcUVDwcA7hT8l10tv6,Surrender,['28 North'],233040,2014,False,,0.439,0.912,0.00471,0.47600000000000003,137.0
6V2NWMuqHhfXhNEMjjMkCk,Daddy,['28 North'],236533,2014,False,,0.39,0.95,0.000131,0.466,149.944
1ubPEmYqt88GniJ8mhaYFf,Call Me Up,['28 North'],193947,2014,False,,0.619,0.5920000000000001,0.184,0.301,108.03299999999999
6uCYrAW9ZSIEyp7aTweMGe,Pride,['28 North'],269733,2014,False,,0.47700000000000004,0.978,0.000101,0.429,125.507
4EsuqMqlmGdDxy8VAeSvfB,2 Wicky,['Hooverphonic'],283980,1997,False,,0.5529999999999999,0.604,0.145,0.426,68.13
1RvL7eHoeUolnQbWm2Hnba,La Vida Sin Ti,['Piso 21'],194984,2018,False,,0.677,0.757,0.0449,0.643,184.11900000000003
7AyWQEgFHVM5EVQqggX78M,Te Amo (feat. Paulo Londra),"['Piso 21', 'Paulo Londra']",201122,2018,False,,0.8270000000000001,0.7440000000000001,0.019,0.5820000000000001,98.007
43jclIPKJv9iFiYWVyWqsb,Besándote,['Piso 21'],181048,2018,False,,0.7240000000000001,0.809,0.0345,0.496,95.037
1XOOL9ZGgMOzi1BjY1ZLoD,Adrenalina (feat. Maikel Delacalle),"['Piso 21', 'Maikel Delacalle']",201115,2018,False,,0.7,0.579,0.165,0.5770000000000001,155.02200000000005
7ALXL8qkIKoaz8WZ7zFZMz,Frenesí (feat. Zion & Lennox),"['Piso 21', 'Zion & Lennox']",213977,2018,False,,0.674,0.867,0.0573,0.6409999999999999,180.016
1cwIglC3V5HLILOsEPhJeK,Cada Noche,['Piso 21'],218667,2018,False,,0.732,0.7959999999999999,0.0676,0.795,89.98
1tMLejQ0YYI3igRBsnJeT9,Tiempo,['Piso 21'],204120,2018,False,,0.5589999999999999,0.654,0.705,0.515,173.90400000000002
1j6xOGusnyXq3l6IryKF3G,Déjala Que Vuelva (feat. Manuel Turizo),"['Piso 21', 'Manuel Turizo']",220117,2018,False,,0.6809999999999999,0.7879999999999999,0.0482,0.8390000000000001,170.019
0JgMNPWXQzSyz0ombE5zqN,Así No Se Hace,['Piso 21'],167239,2018,False,,0.6659999999999999,0.8640000000000001,0.262,0.9179999999999999,172.02200000000005
04cd1MHVq1D8v1nuTZoCdv,Puntos Suspensivos,['Piso 21'],186316,2018,False,,0.823,0.731,0.175,0.9520000000000001,152.024
5ID9OcOU7EwpGYDKzyQHPg,Tu Héroe,['Piso 21'],195045,2018,False,,0.7859999999999999,0.8190000000000001,0.217,0.715,94.98
6t0pCukYcCbSmGBX2qeIHB,"Versos de Neruda (feat. Xantos, Fonseca)","['Piso 21', 'Fonseca', 'Xantos']",229677,2018,False,,0.664,0.8320000000000001,0.0185,0.667,93.00399999999999
6tkMQQ5bJ6g0YF6d18iavC,Me Llamas,['Piso 21'],188472,2018,False,,0.7759999999999999,0.735,0.139,0.6629999999999999,93.01700000000001
128LUSJ8d5xUN9nbBBVC6w,2 Steppin',['Roney'],126342,2019,True,,0.955,0.7140000000000001,0.18,0.415,110.039
3EgvmOhP3NQUHY7d6PDOUg,Me So Horny,['2 LIVE CREW'],276467,1989,True,,0.941,0.727,0.00472,0.623,128.746
0qeCynSid8QX5BLCBDfgQE,Put Her In The Buck,['2 LIVE CREW'],237307,1989,True,,0.888,0.435,0.0224,0.507,103.464
5GetNpPJAkAT2E5BGGq1Xg,D-ck Almighty,['2 LIVE CREW'],292693,1989,True,,0.897,0.542,0.004379999999999999,0.452,90.419
4ojSwzB88D3gSoHNuxdl2H,C'mon Babe,['2 LIVE CREW'],283573,1989,True,,0.855,0.8809999999999999,0.023,0.659,126.619
4QhjRiHnPswtI1WnnKMXea,Dirty Nursery Rhymes,['2 LIVE CREW'],187667,1989,True,,0.833,0.818,0.0234,0.732,112.98
0JcIpthx4PayYLNqJ3htuW,Break It On Down,['2 LIVE CREW'],238627,1989,True,,0.888,0.779,0.0369,0.767,111.686
6QAos17FKjOEwe7zRIoUuc,2 Live Blues,['2 LIVE CREW'],314640,1989,True,,0.733,0.462,0.107,0.588,174.922
27DOi16Q7R8IFmlueDVJH5,I Ain't Bullsh--in',['2 LIVE CREW'],266760,1989,True,,0.89,0.469,0.0122,0.7090000000000001,90.736
5DWRniGdgzIWuHe9gtbE3W,Get Loose Now,['2 LIVE CREW'],276373,1989,True,,0.91,0.726,0.0119,0.682,117.64200000000001
4plt8w3RVJ28s5FShYyvGR,The F--k Shop,['2 LIVE CREW'],205133,1989,True,,0.87,0.529,0.0155,0.9129999999999999,133.584
2vNhFfLZus3TiRH7kK32UM,If You Believe In Having Sex,['2 LIVE CREW'],231760,1989,True,,0.9279999999999999,0.626,0.0389,0.6559999999999999,122.697
6fmAgv62rxuLBTjGZ6sdSQ,My Seven Bizzos,['2 LIVE CREW'],258933,1989,True,,0.845,0.5720000000000001,0.0743,0.904,87.72
4NbV4FD0iM7a1nbD9MmGeP,Get The F--k Out Of My House,['2 LIVE CREW'],277440,1989,True,,0.8909999999999999,0.35200000000000004,0.0459,0.446,122.25200000000001
40vqIuOMvnpxHFahWIFtG1,Reggae Joint,['2 LIVE CREW'],254467,1989,True,,0.797,0.522,0.0633,0.655,81.012
4NHOuLx28sXZNt2Asd1yXV,Fraternity Record,['2 LIVE CREW'],287200,1989,True,,0.809,0.812,0.00352,0.753,139.851
1jMleLb0mWOwDU3Arzmq0b,Bad A-- B-t-h,['2 LIVE CREW'],244160,1989,True,,0.782,0.725,0.11199999999999999,0.72,99.54899999999999
4rtfdAwEGMvz52IsUnvzxe,Mega Mixx III,['2 LIVE CREW'],345107,1989,True,,0.6890000000000001,0.7070000000000001,0.00011100000000000001,0.455,121.634
1EdLcm43rJi16IK6dUEEcY,Coolin',['2 LIVE CREW'],302867,1989,True,,0.603,0.527,0.00156,0.524,185.479
5swKQiU3B9yHvE8sQd5gZE,Child Of the Great I AM,['2PRAISE'],150640,2005,False,,0.435,0.304,0.5720000000000001,0.311,109.948
6sRo9eHtfo6Gpqxrg0NSes,It's Your Love,['2PRAISE'],217440,2005,False,,0.38,0.311,0.731,0.16,79.81
7xGrYItTRrcuRZ5hMeU0v3,Unto You,['2PRAISE'],143360,2005,False,,0.385,0.138,0.696,0.313,100.334
3Ypt0nPYve0qJdzwxFVF7C,Come And See,['2PRAISE'],173467,2005,False,,0.23800000000000002,0.35100000000000003,0.154,0.41100000000000003,63.835
4rRUsPrBGGIuNazYOqNCKE,Vessel of Honor,['2PRAISE'],204267,2005,False,,0.331,0.34,0.396,0.324,126.42299999999999
6dca6GudG5lJprzsHPu9N7,Freedom,['2PRAISE'],165760,2005,False,,0.19699999999999998,0.205,0.304,0.162,85.37
5amsyliYkqotak3hhWPn40,Depth of Mercy,['2PRAISE'],226867,2005,False,,0.196,0.152,0.474,0.0764,142.343
2KvLiXPgDEnhhkCeKHORQJ,Join To Sing,['2PRAISE'],225787,2005,False,,0.24100000000000002,0.247,0.6579999999999999,0.125,106.016
71TOSn3pUn9j5CNiMG2zlS,Wideness In God's Mercy,['2PRAISE'],153507,2005,False,,0.626,0.195,0.505,0.56,100.876
2g2xvcFUuHTMvoFpT9gh02,God Is Still God,['2PRAISE'],158453,2005,False,,0.32,0.354,0.106,0.66,82.958
0OevwqGTLiSFT3L46TzUKb,Gloria,['2PRAISE'],340293,2005,False,,0.207,0.218,0.45399999999999996,0.0919,114.385
1i1tBE6UxzftnEReCZDN62,Let God Guide,['2PRAISE'],66493,2005,False,,0.226,0.235,0.152,0.18,93.287
3ZaY1Ge6X4kykMDAVmpAGb,Gift,['2PRAISE'],300800,2005,False,,0.18899999999999997,0.222,0.294,0.245,73.85
6AVZvzqAUwwBbuHxRFqvYg,2-4-1,['Telemachus'],182169,2017,False,,0.498,0.488,0.175,0.7859999999999999,166.011
1t2DwzxLh7zTta9Jxri1xd,22 Food,['Telemachus'],176386,2017,False,,0.679,0.584,0.105,0.583,82.975
3rIehdAxnonjxlEb0kJBTd,2 Win Charlie,['Telemachus'],34909,2017,False,,0.447,0.696,0.622,0.308,105.66
0ue56OkZP4MX74fPhzqyyw,2 Late 4 Love - Live,['Tesla'],239680,2016,False,,0.47700000000000004,0.888,0.008740000000000001,0.156,98.07799999999999
4QRlIdJx2JZEhDrwaXxDv5,2 A.M.,['Run Run Run'],292933,2006,False,,0.569,0.82,0.00011599999999999999,0.40299999999999997,116.939
2fQrGHiQOvpL9UgPvtYy6G,Bank Account,['21 Savage'],220307,2017,True,,0.884,0.34600000000000003,0.0151,0.376,75.016
1vc2YF7ZvUtwr45HNpdGch,Numb,['21 Savage'],271307,2017,True,,0.8390000000000001,0.4370000000000001,0.0438,0.46399999999999997,82.008
55GLc4nywcX4aIlOcx1u06,FaceTime,['21 Savage'],239160,2017,True,,0.701,0.624,0.21899999999999997,0.38299999999999995,93.024
5ZIZgRrrDj60O0F5oA9bVz,Bad Business,['21 Savage'],162253,2017,True,,0.856,0.54,0.000985,0.387,158.05
2aNdXtCtyoB2KrUh7pJYxO,Whole Lot,['21 Savage'],313987,2017,True,,0.9159999999999999,0.537,0.188,0.223,123.02
1mxC48728CxBA7WdKw6nFB,Close My Eyes,['21 Savage'],292267,2017,True,,0.9209999999999999,0.47200000000000003,0.16399999999999998,0.198,139.996
6QMlELXFU07NLdqv3DGNPI,Special,['21 Savage'],217867,2017,True,,0.8909999999999999,0.321,0.147,0.331,136.005
3rBwHfVPzmfR3ZVSliB0Om,Baby Girl,['21 Savage'],169093,2017,True,,0.852,0.45899999999999996,0.007809999999999998,0.157,163.02100000000004
0mhsw7HRwRwF79ES5ucP9Y,Thug Life,['21 Savage'],263427,2017,True,,0.8,0.467,0.159,0.307,132.054
6g0TAJ1grweRwBMLQyiZFb,Famous,['21 Savage'],234280,2017,True,,0.779,0.597,0.723,0.6459999999999999,173.986
74BIr8H03lr5L6LZ1friIa,Dead People,['21 Savage'],147427,2017,True,,0.835,0.521,0.297,0.21100000000000002,158.923
5aZrmUOr1kL5U6cg0WZNyw,7 Min Freestyle,['21 Savage'],431587,2017,True,,0.8440000000000001,0.45399999999999996,0.0723,0.27399999999999997,155.029
54i1CQFlT3LeGdIVctDQp1,Money Convo,['21 Savage'],213427,2017,True,,0.821,0.276,0.0392,0.0569,144.89600000000004
1szcZMcUlPjCItP4xNIU3E,Nothin New,['21 Savage'],219360,2017,True,,0.743,0.467,0.145,0.19,150.004
4xkcGfpM9RwB4IiQ7yx2dB,2 + 2 = 5,['Radiohead'],199360,2003,False,,0.442,0.7170000000000001,0.17800000000000002,0.386,149.582
5oVf5G6gq20VsAAQ3RdvUc,2 for 1,['Seagram'],265000,1992,True,,0.6659999999999999,0.6829999999999999,0.14800000000000002,0.33299999999999996,95.947
5LtkM305n71JyvKLNXqoEn,2884,['Vomitron'],130160,2017,False,,0.268,0.35100000000000003,3.02e-05,0.045,90.086
1FbP1ScqfQArtOdJ1H3W3a,299 792 458,['Stemage'],192733,2013,False,,0.256,0.9259999999999999,0.0008460000000000001,0.10099999999999999,172.674
2gRQlkCNF5fiWU4LGTazfc,CRUSH,['2NE1'],194236,2014,False,,0.711,0.91,0.568,0.556,130.144
34Ga20vIH4vN9neqWG8Tok,COME BACK HOME,['2NE1'],229627,2014,False,,0.585,0.84,0.155,0.149,149.855
0rZtdLa27w0q2GJkLBX5SA,GOTTA BE YOU,['2NE1'],231519,2014,False,,0.584,0.9009999999999999,0.152,0.612,130.178
3e9SMJwxKLZb9ZfureVmhy,IF I WERE YOU,['2NE1'],210258,2014,False,,0.5589999999999999,0.657,0.195,0.624,181.945
1vKf7COveV4h7ckSM8UW5B,GOOD TO YOU,['2NE1'],220684,2014,False,,0.609,0.662,0.767,0.4370000000000001,157.937
0EmJRLb8a5axjX0swbsVBR,멘붕 - CL SOLO,['2NE1'],195748,2014,False,,0.7559999999999999,0.792,0.0166,0.207,99.993
2XkDyGlKF2oM7JEhOUDC2J,HAPPY,['2NE1'],216750,2014,False,,0.765,0.8059999999999999,0.387,0.682,120.009
0HIWaFNQveGYrRAZFG5P0b,SCREAM,['2NE1'],219936,2014,False,,0.6679999999999999,0.816,0.00659,0.563,127.956
3XNqL9MU3Sk6a758YRXYHP,BABY I MISS YOU,['2NE1'],192084,2014,False,,0.789,0.616,0.166,0.25,102.00299999999999
2EW9rQg1vCxeRMVpNhl4YO,COME BACK HOME - UNPLUGGED VER.,['2NE1'],193700,2014,False,,0.5710000000000001,0.465,0.332,0.335,75.191
3ugV4VWSrCtxS6P2AQSQOz,Fresh,['23'],335071,2012,False,,0.522,0.882,4.7799999999999996e-05,0.307,140.049
4OkrHfEJVYGNxDrwCZGUGK,"Mon mic, mon forty, mon blunt - 2016 (feat. 2Faces & Benz)","['Taktika', '2faces', ""Ben'z""]",241520,2016,False,,0.7090000000000001,0.838,0.0945,0.523,97.935
6eW1aesRUHC3cxL15G84xd,Les yeux grands fermés - Remix (feat. 2Faces),"['Taktika', '2faces']",377880,2016,False,,0.611,0.885,0.0135,0.39899999999999997,94.036
4rcCMHiQ5Crl2rbmcOgGEO,Blithering # 2,['Barnes & Barnes'],202627,1986,False,,0.726,0.595,0.345,0.721,128.513
69oXyu51SljJ2qjCoIBL8I,2 Each It's Own,['Trae Tha Truth'],170293,2006,True,,0.82,0.684,0.209,0.8290000000000001,93.039
70r07WYPPabE1Vtz1V6pTx,2 Each It's Own (Screwed),['Trae Tha Truth'],242520,2006,True,,0.737,0.7170000000000001,0.261,0.779,155.866
3tLcLzfvqZ9AguJW5Pifmf,SUBJEKT 2 CHANGE - Half-Open Door,['Subjekt 2 Change'],156227,2004,False,,0.41700000000000004,0.915,1.39e-05,0.29,108.199
3rzf2zLMwOObK3BZSaWEdn,21st Century Ragg,['Ahmad Alaadeen'],497333,1997,False,,0.61,0.16699999999999998,0.915,0.264,128.64
4xlYqjyULgET0rgpMabdW9,Duo 2,['Daniel Diaz'],208027,2010,False,,0.711,0.28800000000000003,0.848,0.414,95.98700000000001
2zuCssTqURrEvORhDcvRct,24/7,['3T'],278667,1995,False,,0.684,0.504,0.0264,0.56,136.174
3Xvu5uFWbyHd0qixrvIxxE,2PAC,['BROCKHAMPTON'],62375,2017,True,,0.7090000000000001,0.505,0.503,0.71,77.947
5cCF2n8DkO4bUdBWoRlNdi,2095,['Youngin'],202342,2013,True,,0.852,0.9,0.0445,0.825,119.96600000000001
4AlrLQ2RMxOwz1gTTkb4vQ,Deadz (feat. 2 Chainz),"['Migos', '2 Chainz']",274097,2017,True,,0.862,0.785,0.162,0.3720000000000001,123.012
7spKY6UHUzzUwFrULTQ4lw,280 - 10,['Jarvis'],187066,2016,False,,0.45299999999999996,0.982,0.0123,0.315,154.988
0PLGAyvk1PBdSqa3A5nmVa,D_*k Mouth,"['2wice', 'Caprice', 'French Braids Presents']",208907,2001,True,,0.667,0.675,0.0292,0.609,199.84099999999998
1GyII26IPDiiZKhPrvxrAj,FLOW - 2 ANIMEny DJ's MEGAMIX -,['FLOW'],354707,2011,False,,0.19399999999999998,0.927,0.00282,0.434,174.43900000000005
2jfnHH0QZoV7AYG9AdKbxU,Goodbye,['2NE1'],231445,2017,False,,0.653,0.488,0.32899999999999996,0.4920000000000001,151.594
2iHFlhNws3dWqNiPltJtdJ,2度目のキスから,['Nogizaka46'],239787,2016,False,,0.528,0.9420000000000001,0.0771,0.795,144.929
5VhnLxTcfxN5crNpAOJPzl,2marrow,['Cowboy5'],264870,2017,True,,0.5589999999999999,0.6659999999999999,0.27899999999999997,0.7909999999999999,160.155
62Vt2uVfm53HqmrBtwvVEp,Hambruna,['2 minutos'],160960,1998,False,,0.319,0.879,4.4200000000000004e-05,0.743,106.87299999999999
6NsVEKHHPjVs56LL0GxJiK,Lejos Estoy,['2 minutos'],243867,1998,False,,0.523,0.937,0.000542,0.622,101.03200000000001
5jLn4uwhvYEb8HKjAujrTP,Canción para Mi Muerte,['2 minutos'],276307,1998,False,,0.435,0.93,0.0026899999999999997,0.32299999999999995,139.526
6Sz13546MiRbzcCqz0nvWI,Destino,['2 minutos'],139627,1998,False,,0.48200000000000004,0.9490000000000001,0.000127,0.65,120.19200000000001
55Kq32ncuZmRXwFTZL4ahq,Mi Marca,['2 minutos'],130440,1998,False,,0.4920000000000001,0.9390000000000001,5.36e-05,0.8859999999999999,133.131
3Zp6EK1alT2zWdBgpeDOS7,Surfer&apos;s Punk&apos;s - Aquaman,['2 minutos'],123867,1998,False,,0.379,0.894,6.63e-06,0.711,169.69099999999997
6Yu9t5ghLNbQMWbdYxR9ef,No Me Moleste,['2 minutos'],59560,1998,False,,0.353,0.872,7.84e-06,0.9540000000000001,174.822
0Lcs6oJFtsqPMMStO1Ccw2,In The Street,['2 minutos'],85507,1998,False,,0.345,0.868,5.56e-06,0.9670000000000001,193.426
4CnU2Id8GyaapXmwzPDKIE,Ska de la Rutina,['2 minutos'],150867,1998,False,,0.595,0.883,0.00021099999999999998,0.7140000000000001,100.89299999999999
4snI23F4rbf3UUSzbyygTd,Casa de Dos,['2 minutos'],93000,1998,False,,0.5589999999999999,0.855,0.0016699999999999998,0.9129999999999999,117.381
5eFpvNndEZpr6b7jCDZwxc,Correo de Amor,['2 minutos'],102000,1998,False,,0.5429999999999999,0.882,0.006529999999999999,0.895,115.40899999999999
5TJxzFgNoaunXUUBeKHuxJ,Naif,['2 minutos'],199667,1998,False,,0.41100000000000003,0.861,0.000277,0.674,171.732
4uc2pa43E5UzFKm7200JpS,Perdiendo el Tiempo,['2 minutos'],140267,1998,False,,0.602,0.888,0.0018100000000000002,0.9359999999999999,101.539
2akoar5xVqHNVS82TdPaOL,Carta a E.T.,['2 minutos'],267293,1998,False,,0.27,0.907,0.000571,0.20199999999999999,134.55200000000002
06S9EWc6oYy4lkhnZVdoJy,"2,000 Years",['Skydiggers'],223600,1997,False,,0.585,0.39799999999999996,0.778,0.517,107.31700000000001
159nTOik9MudDOINJtT8cA,Love Fantasy - Transparent Mix,['Mig 29'],320840,2014,False,,0.653,0.9259999999999999,0.000304,0.431,136.852
4a0ZIUlAkU4BNmxXCI5cBk,Can't Resist - Pagani Mix,['Mig 29'],314187,2014,False,,0.5670000000000001,0.912,0.00485,0.203,140.129
6ioQfFjzsU4I0jm25QYnbH,2012,['40831'],191920,2008,False,,0.648,0.6890000000000001,0.5760000000000001,0.578,119.991
4Fum4Q3yo3H62TrxB111r8,Deadz (feat. 2 Chainz),"['Migos', '2 Chainz']",276630,2017,False,,0.8690000000000001,0.82,0.168,0.366,123.00399999999999
3hcTz7QSyvgk6oqxFMowFd,The GALAXY,['2PM'],85240,2016,False,,0.7290000000000001,0.48,0.000178,0.212,118.94200000000001
02JybZ4VmklKAPfai0kQCr,想像してみて,['2PM'],194533,2016,False,,0.6629999999999999,0.904,0.00988,0.637,127.947
4Mzh6wKRjixpJLC1enqcgI,Party Monster,['2PM'],183413,2016,False,,0.8009999999999999,0.868,0.146,0.6609999999999999,108.007
6y0D7qoNLbNK9i92kHOiHs,Talk about your love,['2PM'],253467,2016,False,,0.695,0.91,0.00225,0.569,117.96799999999999
57lLK72T05mPFN4tAcRXn1,My House -Japanese ver.- - Japanese version,['2PM'],188893,2016,False,,0.614,0.725,0.0592,0.8440000000000001,176.11
5nJkr9E1K8km4xQBNYoAQw,Freeze,['2PM'],218587,2016,False,,0.764,0.44299999999999995,0.0439,0.619,125.986
09HmuGbdl8o5GHZ4unVi5f,忘れないで,['2PM'],239840,2016,False,,0.648,0.546,0.48100000000000004,0.486,77.96300000000002
3hSOLd68DREl63t6HDHJAo,HIGHER,['2PM'],183027,2016,False,,0.7290000000000001,0.892,0.105,0.674,95.012
2sZLEaDlzg2BkBOO17bZa8,TEASER,['2PM'],216760,2016,False,,0.637,0.8959999999999999,0.179,0.758,127.96700000000001
1dyXpxpa6tN8g4kaKcz1JZ,Shining Star,['2PM'],229587,2016,False,,0.69,0.877,0.354,0.6609999999999999,104.98
0UaXNiG79IXIaATqxCZEgy,SET ME FREE,['2PM'],202827,2016,False,,0.705,0.778,0.0716,0.563,122.01
6jmuHcQqrDsaYakOqYwCtK,一緒に過ごした時間,['2PM'],311093,2016,False,,0.38299999999999995,0.67,0.0845,0.384,170.108
7lCOkTKWUrJsWB7za0QWVh,HIGHER,['2PM'],182387,2015,False,,0.732,0.9,0.106,0.6659999999999999,95.03399999999999
7hWBHlsT0mq0QwnA37TBNT,My House -Japanese ver.- - Japanese version,['2PM'],187640,2015,False,,0.5820000000000001,0.721,0.0663,0.8290000000000001,176.173
6oCQhC4s9MDlSNE4XEG84O,HIGHER (Instrumental),['2PM'],182387,2015,False,,0.696,0.741,0.00186,0.672,95.016
0DYOokXFn3kQ7tZyHa0XFC,My House -Japanese ver.- (Without main vocal) - Japanese Version [Without Main Vocal],['2PM'],188680,2015,False,,0.723,0.624,0.00987,0.8009999999999999,176.093
4w4eqWcd35o8oZDD6Yh5ck,2B2,['Lambchop'],339760,2012,False,,0.718,0.11,0.8029999999999999,0.0776,116.081
7eMQVnFaGB4aQVuUBEvAdJ,2 Hogs (feat. Big2daboy),['Collarossi'],211173,2011,True,,0.644,0.653,0.0374,0.956,94.947
6KQ9TJpaPGllckcTBSCNzi,City 2 City (feat. Zigg Zagg & Tony Crome),['Collarossi'],258720,2011,True,,0.708,0.797,0.0532,0.9009999999999999,86.149
50Y02a5buFXaEQ3zTfm9GY,"20,000 Deaths For Eidelyn Gonzales, 20,000 Deaths For Jamie Peterson",['Xiu Xiu'],168653,2006,False,,0.613,0.125,0.9309999999999999,0.0705,101.51299999999999
284TOHB8dqiZePErfEqCwq,20140803,['tofubeats'],192480,2014,False,,0.7559999999999999,0.768,0.312,0.961,100.001
0BaQxtRf7xflFcbqV0WUx8,21st Century Psalms,['Boxstep'],177133,2004,False,,0.225,0.897,0.000105,0.634,184.514
3hWdCPZ9Kb4Hp2WLwZiK5i,2-0-1-2,['Orixa'],193307,1999,False,,0.5820000000000001,0.9259999999999999,0.0271,0.718,103.45700000000001
1jVGf2o2raJFtrBgyVGIFx,2017 Is the New 1984,['Curly'],36000,2017,False,,0.40700000000000003,0.897,0.8029999999999999,0.355,108.478
3Rx0GesdE74cWr5XEhmEyQ,Needed You,"['2ble Jay', 'edZone']",221538,2019,True,,0.6779999999999999,0.642,0.0775,0.498,181.90900000000002
5UnOvV9cgmTQ3sSObqAL2C,Out to Sea,['22 Kings'],248170,2016,False,,0.534,0.573,0.33,0.4920000000000001,136.965
6rbl8Y39DfYUAZ6vWzPTLX,2 X 4,['Sponge'],257653,2016,True,,0.326,0.8740000000000001,0.000122,0.532,176.084
5i9CoKtZudxv9K7JJx1WXp,Distorted Universe,['20x'],446956,2015,False,,0.68,0.878,0.000787,0.138,137.983
6RQnLzYr6Wubo2fIlkUsgh,2010,['Prometheus'],437627,2010,False,,0.513,0.625,0.00551,0.0525,135.975
6vvLW6CreuG77xJnoaB1Ts,2 Fo' Thangz,['Guttafamm'],254533,2006,False,,0.754,0.518,0.146,0.46,151.054
4sxY9Hff8IxQoqsdIViqXB,Netflix,['2 Chainz'],187402,2013,True,,0.856,0.626,0.071,0.871,124.11399999999999
1HwTx5RMPn2QmfGjbHsUN1,24 Hour Fool,['Debbie Davies'],281400,1993,False,,0.406,0.539,0.318,0.7390000000000001,78.531
6c9ETc8fy8TTdhDeK8eekZ,The Camp,['Trisomie 21'],245185,2009,False,,0.604,0.9329999999999999,0.151,0.7020000000000001,111.18799999999999
0VVm4YQkqsbP14vU3MOu9r,Glistering Like Gold,['Trisomie 21'],263288,2009,False,,0.408,0.616,0.0238,0.105,146.30200000000005
3BoelzXX1BQIhwG7hP7MOr,One Minute in the Dream World,['Trisomie 21'],222825,2009,False,,0.449,0.902,0.0422,0.41700000000000004,139.986
6d4ee44ynPLtywS5SbimVQ,Shakespeare,['Trisomie 21'],234109,2009,False,,0.589,0.6890000000000001,0.04,0.512,120.01299999999999
3HGJ42scDGwV7TW3ukVbPL,Half a Drop,['Trisomie 21'],278544,2009,False,,0.5429999999999999,0.7070000000000001,0.0206,0.501,121.036
1W1voew2bkpCJNzuvtPKPd,Hear Me Now,['Trisomie 21'],305084,2009,False,,0.48200000000000004,0.915,2.8100000000000002e-05,0.217,123.041
2i8tKEbuuBraztccqmBxOT,Sadness Forces,['Trisomie 21'],282749,2009,False,,0.474,0.743,0.0376,0.467,106.007
59PLpqaSHZXAZ2SaRS9HfB,Shadows Army,['Trisomie 21'],311771,2009,False,,0.39399999999999996,0.83,0.0782,0.514,138.15200000000002
3vpEW7ZhZC2ilEP5cnG78V,Angels of Rain,['Trisomie 21'],306860,2009,False,,0.525,0.883,0.0104,0.324,120.07700000000001
4o5XcBqKrx43wlWLN4L1dB,Outside the Door,['Trisomie 21'],244898,2009,False,,0.635,0.7020000000000001,0.00842,0.242,118.759
5VtpD8QgGm3OXxnaBEe024,The Lined Hands of Afternoon,['Trisomie 21'],287974,2009,False,,0.4370000000000001,0.308,0.89,0.0418,116.34200000000001
4IO8X9W69dIQe0EC5ALXhq,Immortal,['21 Savage'],254723,2019,True,,0.741,0.87,0.00813,0.6629999999999999,184.19400000000002
2onu9Pby5E9BKq4OzFh7Vc,240 Roll Out,['Shade'],218907,2004,False,,0.20199999999999999,0.8390000000000001,1.11e-05,0.359,163.96099999999996
0rR4CzfY4hgTBNzFobqhS7,Body to Body 2 Trax,['Front 242'],223200,2011,False,,0.799,0.621,0.47700000000000004,0.856,131.148
4iTHnTc12swZdJ8RaaZyCm,20 Size,['Mogwai'],284107,2017,False,,0.257,0.725,5.93e-05,0.107,120.171
1LSsmVI2MDE6Q4THMrJ1tJ,21st Century Overload,['Eyeshine'],212413,2008,False,,0.41700000000000004,0.907,0.000265,0.281,103.73299999999999
15oFujGTSNVdbDGlhyd84j,Fuck Da Roof,['2 Chainz'],178651,2012,False,,0.5479999999999999,0.7070000000000001,0.154,0.465,140.006
2VAchKfrciYMGtHMjmIfDZ,Long way down,"['Rick Ross', '2 Chainz']",386325,2012,False,,0.6990000000000001,0.743,0.0744,0.381,141.00799999999995
6REnLfnYBhsmKSZIkxTpas,Keep It Real Code Check in,['2 Chainz'],13479,2012,False,,0.0,0.0159,0.628,0.0,0.0
2vsXqmYzyk4XY3tR8VMk3K,2009,['Momus'],155380,2017,False,,0.733,0.35700000000000004,0.529,0.9620000000000001,74.09100000000002
5v1SC5d3F8VHwqkXx53f7d,2000 Miles,['Coldplay'],195717,2003,False,,0.47,0.32,0.929,0.35100000000000003,117.512
2xRj7QJvgP8amN9M9HYoJV,20,['Merzbow'],136933,2010,False,,0.19699999999999998,0.895,0.00316,0.027000000000000003,134.64
3WJRAavXPRtRgKTYAYhcyI,25 De Octobro Nostalgia,['Triorganico'],182347,2009,False,,0.436,0.14400000000000002,0.966,0.0975,76.633
4OA4jH6t0U13GPuI3UqZ5U,20 Miles South Of Nowhere,['Michael McDermott'],247493,2000,False,,0.522,0.919,0.0028899999999999998,0.7120000000000001,129.906
0aHsC8lSlZDr99mr2Jcznu,I'm Sorry My Love,['Rockstar 2'],189040,1999,False,,0.617,0.36200000000000004,0.0591,0.312,97.427
5aBmXUT9ZpDyxNWrpdDuWC,Eyes of An Angel,['2* Sweet'],288267,2002,False,,0.5379999999999999,0.503,0.868,0.21600000000000005,120.21700000000001
5oxz4l72lLZo9UuY7u2OPN,We're Real Cool (i Knew a Man),['2* Sweet'],189893,2002,False,,0.561,0.581,0.13699999999999998,0.24,110.139
1dDkRciIjAbKjjre3cr0ke,My Little Baby,['2* Sweet'],218267,2002,False,,0.6629999999999999,0.364,0.157,0.16699999999999998,110.24700000000001
7bMag6iZUVo4MfLEYA1KVK,Baby You Make Me Wild,['2* Sweet'],227280,2002,False,,0.759,0.8059999999999999,0.128,0.52,130.197
0rtAZ8eUaI2QUUzjSG9yLt,Dark Flower,['2* Sweet'],345747,2002,False,,0.621,0.377,0.684,0.102,126.171
31htCkUoUJM0f8iVM0AZu1,Rain in Your Eyes,['2* Sweet'],237293,2002,False,,0.461,0.245,0.905,0.353,134.293
5qpQYawT15Wv4eRzC3kWRI,Deep Rose,['2* Sweet'],182627,2002,False,,0.696,0.784,0.0887,0.642,122.0
4x4QhTBZqmH5INWDBuaAit,Devil Made Me Do It,['2* Sweet'],230960,2002,False,,0.718,0.524,0.447,0.66,140.092
6LJxrOF15WyAsiybDCVmir,Musical Evolution,['Born 2 B'],267173,2017,False,,0.535,0.9209999999999999,0.0133,0.773,168.11599999999999
2Tw0gL70aElzQsA9sTp6Yw,Musical Evolution - Remix,['Born 2 B'],269632,2017,False,,0.7709999999999999,0.555,0.0338,0.15,139.947
7jPC5cLzt0dHnt8KF4xaRl,Musical Evolution - Instrumental,['Born 2 B'],267173,2017,False,,0.562,0.93,0.0061200000000000004,0.512,83.99
2KN5bCxfK22weondBTlj8q,Musical Evolution - Acapella,['Born 2 B'],243691,2017,False,,0.733,0.9520000000000001,0.16,0.5870000000000001,84.305
76sdwL9TixqJ2cAbp0yLTU,Fresh,['23'],335071,2012,False,,0.522,0.882,4.7799999999999996e-05,0.307,140.049
3mRyR9LPF78DRj2FPWf4jq,Glad for You,['2Ru3'],273651,2018,False,,0.536,0.265,0.5539999999999999,0.3720000000000001,99.80799999999999
0dkff6K9wgGZYFNqwd38dE,Say No More,['2Ru3'],318555,2018,False,,0.6579999999999999,0.449,0.127,0.6409999999999999,110.069
09VARncEfv9bXmNbsG1ls6,Twain,['.22'],200827,2003,False,,0.501,0.42100000000000004,0.196,0.20800000000000002,132.40200000000002
4fYwd8is9Qcfy3YOp5Un9F,Blackout,['.22'],243867,2003,False,,0.34700000000000003,0.435,0.159,0.212,82.428
6PT6Yw7d2YR66TrjHBcREe,Southwest,['.22'],197707,2003,False,,0.44799999999999995,0.645,0.009000000000000001,0.387,115.738
1MFUp74Flqg3DYv9bc9UZb,The Worker,['.22'],267893,2003,False,,0.461,0.415,0.0524,0.499,135.553
5q8WcjkNVDYTtxuWlpFzOd,Limelight,['.22'],251707,2003,False,,0.6609999999999999,0.40299999999999997,0.247,0.522,131.34
1Udczar8R800hp5Ker4RQg,Academy,['.22'],242933,2003,False,,0.6,0.413,0.424,0.46799999999999997,113.81
7FTr3HDTEoQrW3lg4iksps,Standard Vs. Daylight,['.22'],250400,2003,False,,0.7020000000000001,0.563,0.128,0.344,142.269
57xZYYDUnDXE5YYjbWsnsJ,Einstein,['.22'],252800,2003,False,,0.385,0.7390000000000001,0.0013800000000000002,0.47,133.882
2zXIccr3u0pIqN84kCrvPG,The Old Man And The Dirty Bottle Of Water,['.22'],248000,2003,False,,0.531,0.6659999999999999,0.299,0.7440000000000001,127.321
4OIPczL64kj8O3UAntO4Ao,Hank Aaron,['.22'],288893,2003,False,,0.64,0.387,0.355,0.701,128.134
1h4OBvNPpl54SEm0ncEVsN,Take One - Korea Huntington Mix,['Front 242'],299282,2017,False,,0.642,0.831,0.000277,0.35600000000000004,120.01799999999999
7xqQtHLkKKyMa5T6777OVg,Evidence,['2AM Club'],198253,2013,False,,0.841,0.5720000000000001,0.17,0.6679999999999999,134.945
1H82pOtT3fFrI0eTtgzuH2,Fletcher The Mouse,['Electrocution 250'],301427,2004,False,,0.462,0.887,0.009059999999999999,0.621,124.98200000000001
2qV6eXadkVgg7I45qJrmEv,Funky Lizard,['Electrocution 250'],262907,2004,False,,0.499,0.903,0.0007599999999999999,0.46,150.21200000000005
03YFL6KsfLImWxypbMmYc0,Gee-Wiz - Guitar Solo,['Electrocution 250'],79507,2004,False,,0.191,0.946,0.585,0.222,69.079
01VH6QgbsXJY5RFjGPT6kQ,Brainscraper,['Electrocution 250'],223960,2004,False,,0.451,0.96,0.00018999999999999998,0.6459999999999999,100.079
36ZjpyxZIzjFqXyFQikEg1,Dr Fluffels,['Electrocution 250'],435133,2004,False,,0.623,0.755,0.00046699999999999997,0.392,119.969
5Iiq539964SDNThxO82OKP,Exploding Head - Drum Solo,['Electrocution 250'],129560,2004,False,,0.47600000000000003,0.8740000000000001,0.0358,0.33299999999999996,129.27700000000002
3Ya5HSg03mprvze6gNzCc6,Ridiculosous,['Electrocution 250'],187667,2004,False,,0.32,0.94,0.000177,0.672,181.104
1MC2gS4K2ikKWhPXUQS4fP,Nincompoop Scuttle,['Electrocution 250'],278253,2004,False,,0.521,0.8809999999999999,2.94e-05,0.304,120.03299999999999
3EIawP5uv5a7Z8IxX5VdNo,Looney Tune - Piano Solo,['Electrocution 250'],110480,2004,False,,0.395,0.57,0.9259999999999999,0.643,94.243
2IHEAk5JUyMLDgivhpvgHO,Mr Scruffen Mcfluff,['Electrocution 250'],263027,2004,False,,0.436,0.748,9.92e-05,0.612,150.41299999999995
5N88wPeKhdkkJO8xEYZ8m8,No Games,['2Ru3'],338296,2018,False,,0.4370000000000001,0.287,0.0218,0.287,200.10299999999998
0I8hANcZC2B5Q1loz5I8d9,"20,000 Deaths for Eidelyn Gonzales, 20,000 Deaths for Jamie Peterson",['Xiu Xiu'],196013,2003,False,,0.5920000000000001,0.59,0.568,0.0799,115.228
5u6vkDnOyaf8LsteDAj2ub,Ghostface Killers,"['21 Savage', 'Offset', 'Metro Boomin', 'Travis Scott']",268933,2017,True,,0.782,0.436,0.331,0.243,82.994
0tdCy39PgWN8LFWu34ORn3,Rap Saved Me,"['21 Savage', 'Offset', 'Metro Boomin', 'Quavo']",257600,2017,True,,0.845,0.39899999999999997,0.00525,0.14800000000000002,143.049
2D2w9943rsnJOGCrI4aMQp,My Choppa Hate Niggas,"['21 Savage', 'Metro Boomin']",148640,2017,True,,0.862,0.27399999999999997,0.0974,0.146,77.493
6HR1z11h0ROUlWP4Kx8Z7G,Mad Stalkers,"['21 Savage', 'Offset', 'Metro Boomin']",202667,2017,True,,0.9,0.365,0.147,0.136,135.003
3oxCefEI6Tc6Z6t20J4IvH,Disrespectful,"['21 Savage', 'Offset', 'Metro Boomin']",160320,2017,True,,0.799,0.381,0.354,0.0488,158.02100000000004
7vbjH8laThXpcBXeLNPm3M,Run Up the Racks,"['21 Savage', 'Metro Boomin']",189800,2017,True,,0.825,0.364,0.141,0.177,153.028
6m6Oy3F6GG0zRwH03rWmTv,Still Serving,"['21 Savage', 'Offset', 'Metro Boomin']",231787,2017,True,,0.9259999999999999,0.544,0.413,0.6559999999999999,115.95100000000001
7vg47qMIEdLfNdTE3WLf0T,Darth Vader,"['21 Savage', 'Offset', 'Metro Boomin']",228893,2017,True,,0.7240000000000001,0.284,0.557,0.14400000000000002,150.98
2IoV8LMYuW3oPDhPt43aaP,Nobody's In Love,['2AM Club'],227440,2009,False,,0.631,0.72,0.0025399999999999997,0.41100000000000003,110.95299999999999
3BizfLhenI6161XPdsBZxa,Flashing Room,['2AM Club'],226395,2010,False,,0.6890000000000001,0.8140000000000001,0.0011099999999999999,0.665,127.916
4ynWrmMNzfhtiw0aSiURNT,Only For Me,['2AM Club'],203964,2010,False,,0.696,0.87,0.0412,0.502,111.98200000000001
3gof22xe7vuAceUdeEvlsr,Worry About You,['2AM Club'],191425,2010,False,,0.609,0.8640000000000001,0.11199999999999999,0.867,85.238
0RuUVOssl9hBGT95BYKqEI,Faster Babe,['2AM Club'],174846,2010,False,,0.6990000000000001,0.812,0.00387,0.8490000000000001,117.976
6NUbjI9GHMAhNhvioPhxhA,Dearly Departed,['2AM Club'],201317,2010,False,,0.6509999999999999,0.89,0.00361,0.602,85.03299999999999
1ZKUgN9ms89JnAIlUYuakf,Nobody's In Love,['2AM Club'],225977,2010,False,,0.627,0.735,0.00172,0.396,110.949
5fzAVh9jiQhnm2FO6vCU93,Let Me Down Easy,['2AM Club'],217571,2010,False,,0.722,0.934,0.0035399999999999997,0.8,124.98899999999999
0DgeM8XTfdB1dchlk5cJzR,Hurricane,['2AM Club'],199877,2010,False,,0.494,0.9570000000000001,0.00141,0.696,156.082
6ehBCAc2aTyNtEj6zvM54N,Same Night Sky,['2AM Club'],235636,2010,False,,0.555,0.895,0.000489,0.501,150.102
22xYIKPB7XXGCeGU59phWL,Saturday Night,['2AM Club'],253330,2010,False,,0.6559999999999999,0.81,0.0631,0.591,105.008
6tZSnz5XAHmHhmaOhA0WMH,Make You Mine,['2AM Club'],217942,2010,False,,0.4370000000000001,0.8490000000000001,0.136,0.414,169.929
67JpxXr8I9L0spSox3iujb,Worry About You,['2AM Club'],191747,2010,False,,0.609,0.868,0.113,0.894,85.255
0mJbuGt59wWGa5QzxuW0xN,Too Fucked up to Call,['2AM Club'],237107,2013,False,,0.8190000000000001,0.856,0.0309,0.642,103.08200000000001
4OFq35EwtImfqknl0OspJQ,Glad for You (Congratulations),['2Ru3'],381582,2018,False,,0.591,0.273,0.519,0.4270000000000001,99.844
1d5NUm6FQlf3gW4IxT01vQ,Done Me Wrong,['2Ru3'],243283,2018,False,,0.6829999999999999,0.373,0.419,0.5589999999999999,94.93799999999999
3To9MKMgPeS3hVV7xcqrSQ,No Games,['2Ru3'],338296,2018,False,,0.4370000000000001,0.287,0.0218,0.287,200.10299999999998
4XbPgqlmca5GARTpihUDrs,Say No More,['2Ru3'],318555,2018,False,,0.6579999999999999,0.449,0.127,0.6409999999999999,110.069
0WZ7pK5JRRQb9ShjIyyFca,Broken,['2Ru3'],279274,2018,False,,0.523,0.318,0.0452,0.345,85.024
2J0GW7cH2uEP2mOmppYXcb,La Llave de Tu Corazon,['3-2 Get Funky'],177720,2019,False,,0.795,0.867,0.0265,0.45399999999999996,95.02
2QCclKN3S3hWdq3emjWpQQ,24 Hours,['Cueshé'],239160,2005,False,,0.5379999999999999,0.539,0.522,0.19399999999999998,113.33200000000001
5VP0yKzpSSNcFvGSx51S8P,I See Stars,['2AM Club'],202827,2013,False,,0.6829999999999999,0.909,0.0624,0.619,96.57600000000001
6qarcFdSiHXFY5SQVl1HXL,24/7-365 II,['Coolzey'],133760,2006,False,,0.778,0.353,0.0364,0.659,83.62200000000001
5sS1ngnAvNHq9GbRnAlMq8,Bad for Me,['Take 28'],246573,2015,False,,0.46799999999999997,0.7929999999999999,0.0191,0.508,196.957
5D1six3CsRs8vFNuBkF8LI,Porcelain,['Take 28'],297933,2015,False,,0.455,0.75,0.19,0.361,197.985
4FD1SF3ArzkKE2BGgj6nbv,Bomber & A Fly Chick,['Add-2'],200229,2014,True,,0.528,0.67,0.0507,0.5589999999999999,173.21
1iIcNR9GBoW3lJPddA424p,Iron Mic,['Add-2'],196992,2014,True,,0.613,0.767,0.183,0.755,89.03200000000002
3Ebh6sgyMT0XWLgmxs9tv2,Knock Knock,"['Add-2', 'Sundown']",248607,2014,True,,0.452,0.868,0.0036200000000000004,0.687,81.904
0Q7VZRZlDFz9M7LgcucLKa,Sleuth,['2-Sided Triangle'],180713,2017,False,,0.615,0.782,0.0154,0.46799999999999997,140.04399999999998
48WLsmfTqJpOnTmhfFcW8D,Dark Matter,['2-Sided Triangle'],293000,2017,False,,0.537,0.7290000000000001,0.0799,0.0611,120.06200000000001
2PFDpBG2V07KGRUMwNydJM,The Ultimatum,['2-Sided Triangle'],264198,2017,False,,0.652,0.741,0.217,0.42100000000000004,106.015
08a0l5s0fHYRcmaeA6BjHa,Warped,['2-Sided Triangle'],314625,2017,False,,0.636,0.708,0.54,0.0712,119.99
7b7k9tysUAntKIf6zZfVyJ,Wistful,['2-Sided Triangle'],250000,2017,False,,0.7240000000000001,0.745,0.0376,0.146,120.01
5Fz8KVe2HNNPbznB3FhSDt,Beyond,['2-Sided Triangle'],357000,2017,False,,0.514,0.851,0.0111,0.0689,79.994
6yXTaffpYMV8UU2ucNEbA8,Never Goin' Home,['2-Sided Triangle'],295962,2017,False,,0.614,0.498,0.00321,0.139,129.97299999999998
4gbYf3fIpP66ldQFGuwsBa,HyperVerse,['2-Sided Triangle'],234098,2017,False,,0.509,0.917,0.000959,0.129,121.99
2SrCd8n8AsS5TVBgWMoglR,Bakit Pa?,['Rockstar 2'],267600,2002,False,,0.597,0.48200000000000004,0.51,0.203,129.993
1RJnPMtz2F2DZf0sAyuyNj,Namoro,['Project 2000'],295680,2011,False,,0.716,0.451,0.867,0.401,90.01
4oHQ86BHVhp2uZb2IpGAID,Holdin On (feat. 24hrs),"['Tyga', '24hrs']",152339,2018,True,,0.792,0.5770000000000001,0.41,0.418,117.946
1qeqGIFBg8GTb6etWGskIM,241 (My Favorite Song),['Rivermaya'],272640,2010,False,,0.705,0.311,0.568,0.165,130.097
1sXXg1CD7UCVf4NoZMSntL,Look at Em,['2 Chainz'],67500,2013,True,,0.75,0.733,0.00758,0.655,174.21
1iY6lakfCPtVu2GwiDJ83K,Fu*k Em,"['Rick Ross', '2 Chainz', 'Wale']",275383,2013,True,,0.6890000000000001,0.586,0.182,0.124,129.842
0cPe2B54mPu6OgQ7BmN7QN,Fu*k You To,"['2 Chainz', 'Planet Vi']",112222,2013,True,,0.755,0.674,0.0318,0.8390000000000001,139.708
5y8PNVCcedAQaz6q3dmUqP,2CV,['µ-Ziq'],152987,2007,False,,0.627,0.7609999999999999,0.721,0.0738,113.506
0qGUnt7qZTkJnkgY8CaJvR,Comme avant,['2Frères'],189842,2017,False,,0.531,0.75,0.078,0.893,84.50299999999999
2vd5ObQSjVnSCxxC1WmALV,Un peu de toi,['2Frères'],238400,2017,False,,0.51,0.662,0.0748,0.754,87.98700000000002
2z2yTsY81oxpuKbmXBB8SZ,On est ben,['2Frères'],206180,2017,False,,0.522,0.723,0.000785,0.552,95.03399999999999
4cU6t2Lr82PYepPkwa4F8a,Au sommet,['2Frères'],239439,2017,False,,0.593,0.873,0.12,0.8140000000000001,110.005
6QEQ9gg9rRlnxrcWNF0rvZ,Une seule fois,['2Frères'],208685,2017,False,,0.509,0.836,0.00328,0.742,95.016
5To71vPM7WmMXtUEBphk2c,Léo Gagné,['2Frères'],220713,2017,False,,0.589,0.579,0.0648,0.63,90.01799999999999
4ZMF07jk8XXRn0yPb3G1M4,Mom,['2Frères'],249903,2017,False,,0.539,0.632,0.134,0.606,144.003
1UQ5PpREHBF9go9f7sLJ6I,Pense plus à elle,['2Frères'],242126,2017,False,,0.541,0.7240000000000001,0.20800000000000002,0.6759999999999999,115.006
2oHB2Q0EUnVwqLRek24Q5G,"En dedans, comme en dehors",['2Frères'],201705,2017,False,,0.7140000000000001,0.6,0.14,0.888,100.039
7IRjdPBRpMkL7OOu9XWlC9,Ti-gars,['2Frères'],213882,2017,False,,0.447,0.779,0.00601,0.68,170.02
6u5dhhEU4L8CE96sUFNbjM,La route,['2Frères'],293298,2017,False,,0.469,0.5589999999999999,0.18100000000000002,0.461,94.05
3sCrvU0NAE9RcMkd24iQQ8,Elle écoute pousser les fleurs,['2Frères'],151865,2017,False,,0.594,0.33899999999999997,0.8909999999999999,0.3720000000000001,95.1
4Idv9cWx1c71vBzeX3fIP8,20s (Original Version),['SMK'],275880,2019,True,,0.8740000000000001,0.556,0.00224,0.503,148.972
3odGiqaENa8ZBk4u34PcaD,Verdugo 2.0,['Vorkia'],354054,2018,False,,0.306,0.8540000000000001,0.0597,0.11699999999999999,88.493
4LwXqhXt7h2VARhnel4Uuo,200 Pounds (of Heavenly Joy),['Tony & the Torpedoes'],352213,2005,False,,0.6709999999999999,0.614,0.221,0.872,143.958
2gXRNYnDxEOSMP1neokTg9,23,['Saweetie'],165080,2018,True,,0.642,0.8190000000000001,0.201,0.48100000000000004,160.003
77eZAll1P8ODMOUJjhMFpI,23 Flavors - Original Mix,['Gramatik'],324751,2012,False,,0.758,0.7440000000000001,0.0378,0.774,142.019
2AJQXnSGqhS9bmuoSq9889,500 грамм и 2 грамма,['ЩЕНКИ'],168000,2015,True,,0.9079999999999999,0.76,0.0991,0.348,105.016
4fd2m7PKEROOQ4lERtMYln,2 AM Flow,['Don Dadda'],152884,2017,True,,0.6609999999999999,0.7070000000000001,0.138,0.78,76.007
4XByfnN7UZi1cjIsf1BvB9,21st Century Man,['Overkill'],252827,2012,False,,0.297,0.995,0.00025299999999999997,0.439,94.46600000000001
332MS5KDZ53oj0xpu5aeXD,Stop Playing (feat. 24 Heavy & Lil Marlo),"['Ralo', '24 Heavy', 'Lil Marlo']",234166,2020,True,,0.7290000000000001,0.54,0.44,0.623,81.859
05AZRQEpi09MKMctgf6u0s,2Pac & Biggie,['Ralo'],158147,2020,True,,0.47700000000000004,0.589,0.0226,0.136,136.722
4fRLoTqtLKxFc7FMbb7lHD,2 Late (Dont Call),['Florentino'],222852,2018,False,,0.825,0.6509999999999999,0.039,0.179,100.014
5HpxO3qShrSNt5KB3BVmB1,20 Burnt (False Hopes Bonus Track),['Sims'],200573,2015,True,,0.6729999999999999,0.7879999999999999,0.475,0.742,90.89299999999999
4MFvofA7yBqo57Rj7uWVoO,2nasty,['trapdollazmanny'],270080,2019,True,,0.812,0.37799999999999995,0.371,0.207,117.925
4MhmAPkqKZT7xXfD9pOJ2V,2112 Overture / The Temples of Syrinx - Live in Cleveland,['Rush'],430160,2011,False,,0.258,0.976,0.0018,0.275,132.025
0F2ge63ykSCR2GfwePXpjp,Theme,['GoodKnight_2'],134769,2013,False,,0.708,0.852,0.0304,0.608,130.0
72SIWynyIR7ASOqH7ilUJO,DK Island Swing,['GoodKnight_2'],178315,2013,False,,0.526,0.6459999999999999,0.0018,0.696,104.47399999999999
6Pz35lS20W44zifF77vj40,Life In The Mines,['GoodKnight_2'],198458,2013,False,,0.49,0.774,0.00011,0.23600000000000002,143.535
6SVk2UPUtIi4WzajuHtnz8,Aquatic Ambience,['GoodKnight_2'],230400,2013,False,,0.6559999999999999,0.9440000000000001,0.0275,0.23800000000000002,150.011
2xeYgZ1vqzi1Asu61DhUdB,Pokey Pipes,['GoodKnight_2'],212632,2013,False,,0.804,0.856,0.00103,0.9309999999999999,114.021
38gXfnGZQlt9jrEWhpOlCs,Fear Factory,['GoodKnight_2'],129438,2013,False,,0.583,0.545,0.0891,0.92,133.505
23dENFDevD14HZ5kGp5mBq,Ice Cave Chant,['GoodKnight_2'],204000,2013,False,,0.589,0.856,0.7070000000000001,0.4270000000000001,199.93
5iYQu48UraAJvLeARE0D7b,Northern Hemispheres,['GoodKnight_2'],160145,2013,False,,0.364,0.674,0.0321,0.127,127.228
04OzWQUCLDTYZGSA9fkuc5,Stickerbrush Symphony,['GoodKnight_2'],145385,2013,False,,0.5820000000000001,0.758,0.0121,0.0455,97.99799999999999
58cGm4iwtSV32mxhRWUcBY,Disco Train,['GoodKnight_2'],212930,2013,False,,0.5760000000000001,0.828,0.00434,0.748,137.039
2p6wI2s5bRxMUZVsrypn5f,Flight Of The Zinger,['GoodKnight_2'],252698,2013,False,,0.43,0.94,0.0018100000000000002,0.0663,149.97899999999996
70OLt7Hg2SMJ6q27NqDgqI,Nuts & Bolts,['GoodKnight_2'],171333,2013,False,,0.61,0.489,1.99e-05,0.509,89.927
3fEKTbpHIFGK5CWR9pFuMj,Jib Jig,['GoodKnight_2'],136035,2013,False,,0.4370000000000001,0.9109999999999999,0.268,0.976,187.47
4ekBObBV8PayFRmR8qQmbG,Mama Bird,['GoodKnight_2'],156154,2013,False,,0.5670000000000001,0.7290000000000001,0.518,0.114,110.00200000000001
2zobS6JXzBxCgksuj9M8cR,Bayou Boogie,['GoodKnight_2'],209362,2013,False,,0.629,0.642,0.00339,0.851,187.99200000000002
4ZNjweFk7qivdVaHWPneX3,Hot Pursuit,['GoodKnight_2'],156405,2013,False,,0.59,0.98,0.000121,0.188,125.985
39RItuaqA8qumJlT1OkUMp,Haunted Chase,['GoodKnight_2'],145091,2013,False,,0.48200000000000004,0.8009999999999999,0.17,0.255,146.873
6m7V6sS7n9KIoZ3vgW1o5Y,Funky The Main Monkey,['GoodKnight_2'],216967,2013,False,,0.804,0.8340000000000001,0.0187,0.698,121.00299999999999
7EyXZ8rnvpwLgNozqdeb2G,Forest Interlude,['GoodKnight_2'],284063,2013,False,,0.615,0.754,0.0268,0.745,94.03
40ucPzoMDxN6LvYLZAJT5H,Cave Dweller Concert,['GoodKnight_2'],226406,2013,False,,0.618,0.67,0.0126,0.0855,105.023
6n1tu4z6zVW8p5kfbLwPoR,Cavern Caprice,['GoodKnight_2'],185316,2013,False,,0.721,0.491,0.1,0.622,158.013
2dPVJJUm40V9qktTn1jHg2,Funky's Fugue,['GoodKnight_2'],132110,2013,False,,0.597,0.8109999999999999,0.00558,0.675,119.99799999999999
5yFpVldpjMqqmU0ME9rpII,Northern Hemispheres (Reprise),['GoodKnight_2'],146705,2013,False,,0.284,0.705,0.00533,0.0933,127.891
0Fp2AAHz91pKQ9fVf6zMcH,Water World,['GoodKnight_2'],168634,2013,False,,0.45799999999999996,0.716,0.00337,0.555,162.425
0lytMiKMcVlti1Mb0wztur,In A Snow Bound Land,['GoodKnight_2'],194157,2013,False,,0.6609999999999999,0.568,0.7559999999999999,0.887,103.985
6POq4wrI8MFFQKh5tJiJVW,Crocodile Cacophony,['GoodKnight_2'],128182,2013,False,,0.574,0.951,0.006790000000000001,0.3670000000000001,117.211
46QoYkHQWqhE6oXnIiB5hf,The Credits Concerto,['GoodKnight_2'],143670,2013,False,,0.489,0.763,0.0262,0.0361,147.032
20gx4UakDxKQAIubuj9Otc,Broken - Chopped Not Slopped,"['2Ru3', 'DJ Lil Steve']",297953,2018,False,,0.34299999999999997,0.413,0.0796,0.22699999999999998,163.07399999999996
3jEgRi5PORPxUtifpb9WSg,Glad for You (Congratulations) - Chopped Not Slopped,['2Ru3'],382537,2018,False,,0.524,0.46799999999999997,0.5770000000000001,0.475,93.281
16a5lEfttsezd3oPwKKF22,Say No More - Chopped Not Slopped,"['2Ru3', 'DJ Lil Steve']",362371,2018,False,,0.61,0.6629999999999999,0.151,0.45899999999999996,95.37700000000001
5XNPpn5bY1LtLVH7iNDTy4,Done Me Wrong - Chopped Not Slopped,['2Ru3'],255399,2018,False,,0.648,0.4920000000000001,0.48200000000000004,0.4920000000000001,86.412
7068WeBXoyYUQA9oF9h018,No Games - Chopped Not Slopped,"['2Ru3', 'DJ Lil Steve']",364826,2018,False,,0.628,0.401,0.09,0.226,91.39
0FaHE51uzSRBGxEi9HVi8t,21 Years,['Wildfire'],160587,2010,False,,0.501,0.595,0.68,0.8270000000000001,199.75599999999997
5Dmzmvvlgbc6DBjVc1SEaJ,2 + 2 = 5 - Live at Earls Court,['Radiohead'],215267,2004,False,,0.307,0.812,0.0569,0.34700000000000003,148.165
5tORQL3XeeJnSUism6MOr9,25 or 6 to 4 - 2002 Remaster,['Chicago'],289800,2002,False,,0.604,0.905,0.309,0.723,147.44799999999995
2KrlsPkDCBkT0lUduIsrns,Haters,['219 Boys'],279000,2020,False,,0.8190000000000001,0.75,0.00156,0.5529999999999999,128.025
7qOSylQyXSIIXrXMhr8wWd,24,['Jem'],234520,2004,False,,0.626,0.6970000000000001,0.0475,0.525,96.02600000000001
4fQ1h3Zzkn9scoRGw8RV15,Duelo a muerte,['21 Japonesas'],315373,2018,False,,0.498,0.65,0.267,0.95,195.957
0mIVeUQcm8e5jhiQevlBk0,26-5,['Homegrown'],166000,2016,False,,0.633,0.67,0.365,0.882,91.788
0gcOrWi7E7PakJWF4CX2jX,2 Easy,['Ethereal'],240000,2020,True,,0.598,0.715,0.00020899999999999998,0.547,119.92399999999999
3ViHfw6ndJLV7sbmQGOig3,2Bodiesinatrunk,['Sweeneyfrod'],49024,2011,False,,0.46299999999999997,0.379,0.369,0.263,174.06400000000005
2HbhMxfZfHH7nIr38y8ixd,Rock Music,['2 Faced'],234640,2007,False,,0.654,0.9229999999999999,0.00018899999999999999,0.493,132.018
3gMPNy3Zh3PVL14Or88bCc,Banned In The U.S.A.,['2 LIVE CREW'],264160,1990,False,,0.841,0.51,0.0233,0.47200000000000003,115.921
15KfjycqTlN1UqWk8lsdlM,"News Flash ""People In The News""",['2 LIVE CREW'],16267,1990,False,,0.557,0.545,0.782,0.991,81.258
6MQ0iypFEKONvVSih5engx,"Man, Not A Myth",['2 LIVE CREW'],232307,1990,False,,0.872,0.513,0.0274,0.616,103.905
0jompY2zTYFjR1SQkXYge0,"News Flash ""350 Men""",['2 LIVE CREW'],38093,1990,False,,0.455,0.52,0.7140000000000001,0.9620000000000001,166.054
6pV6YeuT1y3u0I84eYfUl5,"News Flash ""Super Snoop""",['2 LIVE CREW'],196773,1990,False,,0.742,0.5429999999999999,0.00457,0.46,95.31299999999999
07Vppz83abCZqOFSGumfd9,Strip Club,['2 LIVE CREW'],9360,1990,False,,0.0,0.649,0.43,0.0,0.0
4sfy29wfWh14SyPw35FsGZ,"News Flash ""Nation By Storm""",['2 LIVE CREW'],262200,1990,False,,0.9179999999999999,0.8140000000000001,0.0285,0.643,125.367
6ioxtwi50Wks0ktmLauuFb,Do The Bart,['2 LIVE CREW'],39000,1990,False,,0.8170000000000001,0.21899999999999997,0.3,0.9059999999999999,116.771
07TMEyI1hVSKIWMn44ndWS,In Color-Men On Records,['2 LIVE CREW'],181067,1990,False,,0.8490000000000001,0.522,0.00267,0.534,124.98899999999999
5NJMZWtSai4ZQhGBS2YNhB,Face Down A-- Up,['2 LIVE CREW'],55333,1990,False,,0.75,0.18600000000000005,0.503,0.7490000000000001,106.874
7kszBGoBdvtob1dI4xxQit,Hey Jack,['2 LIVE CREW'],282907,1990,False,,0.951,0.436,0.0386,0.738,117.90799999999999
2gE3DcKcX3rGXQhfsrA0TS,Bass 9-1-7,['2 LIVE CREW'],298133,1990,False,,0.8759999999999999,0.514,0.0115,0.568,115.913
4y656YHocEs0VXkMJ4vX9O,So Funky,['2 LIVE CREW'],11933,1990,False,,0.0,0.385,0.679,0.0,0.0
69gi7cfDFozLekLU0ZDdpd,"News Flash ""Poll Results""",['2 LIVE CREW'],180160,1990,False,,0.946,0.306,0.052000000000000005,0.795,123.90299999999999
4wl6O5dfxesMTNxyizhwAP,Mamolapenga,['2 LIVE CREW'],10467,1990,False,,0.0,0.45399999999999996,0.478,0.0,0.0
53yI5POI5VvB6Ae3Lz9Yn3,Video No Soul,['2 LIVE CREW'],402000,1990,False,,0.8590000000000001,0.369,0.0412,0.8590000000000001,83.941
1xH9GfDkkjXXQjNDB0xyx4,I Ain't Bullsh--tin' Part 2,['2 LIVE CREW'],15667,1990,False,,0.757,0.21600000000000005,0.298,0.325,135.24
36o3ubGtOeum21KZ0Yj4EP,Commercial- Nasty M.f.'S,['2 LIVE CREW'],315240,1990,False,,0.914,0.59,0.0233,0.722,108.898
4zKGhA4krQ0PXffaEWpfVt,This Is To Luke From The Posse,['2 LIVE CREW'],12800,1990,False,,0.0,0.45,0.39,0.0,0.0
0jnjrEPUIZBYzJqo1Eft1O,News Flash -British Youth,['2 LIVE CREW'],38533,1990,False,,0.9059999999999999,0.406,0.00158,0.685,100.851
5rkKQ5xSG7t0KvRv71qEsV,F--k A Gang,['2 LIVE CREW'],197933,1990,False,,0.9079999999999999,0.537,0.0005099999999999999,0.518,100.8
5pVCfSVqzbgg4UVKf5V1AH,Commercial- Inquiring Minds,['2 LIVE CREW'],8027,1990,False,,0.0,0.478,0.6940000000000001,0.0,0.0
4ZTL6J3heu8kXzoZpwCCCA,Mega Mixx IV,['2 LIVE CREW'],211600,1990,False,,0.779,0.591,0.00010800000000000001,0.361,136.796
20c15MMbYGpgrcXKTKZYsO,22,['Soliloquium'],219429,2018,False,,0.574,0.6509999999999999,0.5870000000000001,0.0694,105.0
4eXED7Mx5HbsilY5WRFCXh,Патрон,"['LSP', '25/17']",210214,2019,False,,0.517,0.7959999999999999,0.127,0.425,140.018
2NWoKpRnMfxocVAXF8ASwk,Ikuyo (feat. 2 Chainz & Sophia Black),"['KYLE', '2 Chainz', 'Sophia Black']",221667,2018,True,,0.765,0.609,0.255,0.547,77.957
4U64LHcyGXrWPM7c3k03wu,24 Tum,['Psilodump'],402783,2009,False,,0.773,0.721,0.00937,0.278,115.001
28odQLBmOi1rcnneRrsfZk,24 horas por dia / Não encosta - Ao vivo,['Ludmilla'],203823,2019,False,,0.557,0.9079999999999999,0.231,0.496,132.472
38A47mTFHWoAzWmxK3ioge,25 Years - 2014 Remaster,['Pantera'],365907,2014,True,,0.374,0.976,0.00011499999999999999,0.551,123.765
5lJaAw2lMormcCq2SQxNZ5,"20,000 FT. with Andy Sneap (San Antonio 2018)",['Saxon'],219380,2019,False,,0.19899999999999998,0.9640000000000001,0.000782,0.0672,148.061
0GMmFlt9cgJLRO2iJEq3Lu,Allo,['257ers'],106293,2019,True,,0.816,0.89,0.223,0.8270000000000001,103.012
6I4hIxOHFKa4PRhCbP6B8e,Akk & Feel It (feat. Captain Jack),"['257ers', 'Captain Jack']",176733,2019,True,,0.769,0.799,0.00502,0.804,125.007
7AXWkAdnEMyn6kqblJqphH,Gravitacion,['257ers'],200987,2019,True,,0.7909999999999999,0.74,0.0007700000000000001,0.708,117.045
0EekLXEMi1DPMkvPUptPJT,Stone Is My Pillow,['257ers'],169587,2019,True,,0.868,0.84,0.147,0.69,116.04799999999999
3foV2JSxxMUVr6rCJQFDKw,Igitt,['257ers'],158533,2019,True,,0.802,0.802,0.0128,0.764,118.036
2eiXhTtdq3ungxbIl7mBVa,Halt Mein Bier,['257ers'],177213,2019,True,,0.863,0.7240000000000001,0.03,0.746,129.984
4CdmMyMVQ2t643LWglfRRI,Delorean,['257ers'],195040,2019,True,,0.7020000000000001,0.8590000000000001,0.0787,0.632,165.05700000000004
6NQr8yj5CgmvX5t1RTZZRd,Stabile Seitenlage,['257ers'],170613,2019,True,,0.8340000000000001,0.866,0.0406,0.569,100.014
7w137gjh5i46nwGiARhrFh,Baggamuffin,['257ers'],154507,2019,True,,0.665,0.915,0.113,0.777,173.88099999999997
4v5FvmOZJNDCRfCv3XxYfo,Ja Sichael,['257ers'],203227,2019,True,,0.71,0.9470000000000001,0.0965,0.126,99.975
6FEWgrUib9YvPBz0yeAXou,Lastkraftwagenfahrer,['257ers'],162547,2019,True,,0.9109999999999999,0.647,0.20800000000000002,0.695,126.971
07wmRb1WV8XLmsrFv33Exv,Regenbogenland (feat. Le Fly),"['257ers', 'Le Fly']",134613,2019,True,,0.612,0.857,0.0985,0.961,177.00900000000001
2syRIpPnWoBwC7HJ7oZxwc,Bis Einer Weint,['257ers'],187573,2019,True,,0.662,0.907,0.00572,0.34299999999999997,127.98299999999999
3xsKDSK1tAfawStklY2dEB,Mundo TV,['2 minutos'],191811,2004,False,,0.31,0.998,1.17e-05,0.0782,148.741
5LUa0uV65x1rDD1UEFvyrT,Historia Triste,['2 minutos'],166891,2004,False,,0.19399999999999998,0.975,4.4e-05,0.442,178.127
6RbvuyDzSgPvb8Ae55Vs9j,Corazón,['2 minutos'],113197,2004,False,,0.325,0.998,7.82e-06,0.0621,128.761
3Msg9gel2hs4XikQ5yKQFC,Angela,['2 minutos'],160331,2004,False,,0.239,0.992,0.000808,0.231,181.213
2yrxQ6iPeMjORyrUdTwBfQ,Washington,['2 minutos'],146065,2004,False,,0.41,0.996,0.000166,0.233,133.628
1UThtViwr5gog5VtQ3ooVD,Puntero,['2 minutos'],89585,2004,False,,0.255,0.991,3.61e-06,0.2,173.764
6aXfQYPKv8DM1f6jz1c4Z8,Vampira,['2 minutos'],191785,2004,False,,0.39399999999999996,0.997,4.870000000000001e-05,0.161,131.579
0uoSmSwtNvPiGo2K5vKV8F,Ticket,['2 minutos'],130104,2004,False,,0.306,0.9990000000000001,7.15e-05,0.0372,156.684
1ChtBTpydStqRjNigLXeYe,Qué más,['2 minutos'],125277,2004,False,,0.504,0.98,0.000285,0.18,106.17
5ZiyrRlj3lVQ418w4LgIY7,Tiempo,['2 minutos'],120079,2004,False,,0.18899999999999997,0.996,0.00155,0.0393,165.957
1pIiQ8ZNI4Z521pKf2VamX,Ezeiza,['2 minutos'],139799,2004,False,,0.284,0.986,0.00020800000000000001,0.5489999999999999,167.09799999999996
7b3nSbI6mSm6Dda7Vwsfta,Falta,['2 minutos'],122212,2004,False,,0.29600000000000004,0.9990000000000001,3.26e-06,0.11699999999999999,156.438
4Ln7mJBmMsb7aumULBOHnf,Cristina,['2 minutos'],188224,2004,False,,0.489,0.973,0.000341,0.515,134.00799999999998
5K6UvhTZaEKC7CyNiQkmYF,Piso 22,['2 minutos'],145145,2004,False,,0.198,0.997,0.00013700000000000002,0.363,215.18099999999998
5wExP0occIyJKz22vQMoBT,Felicidad,['2 minutos'],142893,2004,False,,0.4,0.997,1.1900000000000001e-05,0.0865,126.26299999999999
4bqqbrEQ4Ti55Bd6FqwVCv,David song's,['2 minutos'],128026,2004,False,,0.484,0.972,9.32e-05,0.7290000000000001,99.988
6dFn6my1sHK2bcf23GlHwM,2009,['Mac Miller'],347987,2018,True,,0.5329999999999999,0.496,0.77,0.17300000000000001,155.158
7qH2AaHO29sEfZ9Ekyo2qQ,Room #9,['24-7 Spyz'],278707,2018,False,,0.391,0.976,0.000185,0.204,138.326
4XsvDaQCMN7klj7yrVM1EM,Intro (Universal),['11 20'],158041,2019,True,,0.58,0.669,0.867,0.486,133.989
4KVGpXGJLv8xrO8V4VaygS,Bounce,['11 20'],202031,2019,True,,0.7440000000000001,0.42,0.542,0.395,138.032
1a3ExcHT2Qv8w8G6odrCHC,Pillz,['11 20'],241032,2019,True,,0.385,0.428,0.7290000000000001,0.29600000000000004,132.747
03aFpyAGTiVQ0ZM4hVsct2,Push2Start,['11 20'],212036,2019,True,,0.81,0.44,0.255,0.209,133.861
6Rpl2zUg0q06SEhZrD6ma6,Swim,['11 20'],192026,2019,True,,0.632,0.418,0.565,0.19699999999999998,145.002
2k2U3VGpTsoSuhFttDgQuk,Prdon Me,['11 20'],116297,2019,True,,0.726,0.424,0.645,0.502,122.9
5H2LgWkuTBjgkPomqypCwk,Birdz,['11 20'],134034,2019,True,,0.715,0.672,0.127,0.26,100.742
57bv7xtg4UMnQVHORRGQgP,Insane,['11 20'],168046,2019,True,,0.6629999999999999,0.493,0.495,0.7440000000000001,112.381
00bM2Inhzw5aq6KDjSSBvr,Euro Step,['11 20'],114051,2019,True,,0.804,0.512,0.265,0.28,155.046
69uTb15Dw5np5Q1kmJaUXi,Halas Hall,['11 20'],207047,2019,True,,0.6970000000000001,0.397,0.37799999999999995,0.391,132.964
6crd3tpgRZZaeT5a9Demwt,Outro (Born),['11 20'],349127,2019,True,,0.642,0.282,0.7879999999999999,0.214,76.993
5NpQrb6xhLlALBwN8C1mpj,2.0,['Universum'],188467,2010,False,,0.413,0.9209999999999999,1.9399999999999997e-05,0.431,165.00799999999995
1Cr9a1EJLaFHR9jdyPYPlv,Solar Soul - 2019 Remaster,['Samael'],224400,2019,False,,0.535,0.981,0.00106,0.256,120.015
1a8NPRfu0iBc0PrjDYEzdk,Slavocracy - 2019 Remaster,['Samael'],210787,2019,False,,0.466,0.965,5.42e-06,0.27,132.011
1u8GYNq18LxHBx4Yu7uQpm,"2,459 Miles",['mewithoutYou'],146044,2018,False,,0.371,0.32799999999999996,0.84,0.10400000000000001,140.125
2nWXEEnZMgxnvhXQIyrmkv,2 Minutos,['2 minutos'],83133,2006,False,,0.245,0.995,0.0010199999999999999,0.158,168.263
3ozMy83fgOGgsyiaSCDLAe,Caceria,['2 minutos'],152747,2006,False,,0.423,0.935,1.55e-05,0.708,91.204
37aaue7yg8OvizXw10pjlG,Pandora Box,['2 minutos'],199227,2006,False,,0.474,0.9470000000000001,1.6899999999999994e-05,0.721,110.236
01VTynVSCMrCfizWwDei6W,Un Sueño,['2 minutos'],153667,2006,False,,0.355,0.963,0.00010700000000000001,0.53,109.45
6wwRCI06tJhS7FWVvJkggq,Fotos Rosadas,['2 minutos'],136080,2006,False,,0.324,0.9940000000000001,0.000195,0.726,146.414
6pdd2WHmNBThzIXMWFXc52,Las Piedras Rodantes,['2 minutos'],134133,2006,False,,0.526,0.956,0.0008380000000000001,0.6890000000000001,113.042
5BK8JZS8wZlmivPzuvWt9E,Aeropuerto,['2 minutos'],174080,2006,False,,0.502,0.978,7.48e-05,0.6579999999999999,104.43799999999999
0UrWNjOFWbCWsgISza622J,El Bondi,['2 minutos'],35267,2006,False,,0.387,0.9790000000000001,0.000113,0.7929999999999999,90.09700000000001
0gD55vWRffXSSVAwVcbL7L,Planetas,['2 minutos'],159373,2006,False,,0.485,0.986,0.0016699999999999998,0.4270000000000001,119.89200000000001
0nuk6RYatUgEHNbQXj8Pte,Miss Muerte,['2 minutos'],195293,2006,False,,0.292,0.9890000000000001,0.00023799999999999998,0.626,171.204
7moYWCC8JCkkyzrW2YFKKT,Soledad,['2 minutos'],132387,2006,False,,0.423,0.9540000000000001,1.6899999999999994e-05,0.574,127.76799999999999
0O2CIrwqNjDFgFBjW6j1nI,Somos Mas Americanos,['2 minutos'],161733,2006,False,,0.499,0.9890000000000001,0.00606,0.672,131.931
0SbzGyEr1JPGFsrazrc9oS,Niño,['2 minutos'],106333,2006,False,,0.508,0.9890000000000001,0.000156,0.9129999999999999,124.087
0pO7dWXDcwt1TpnB47PVRn,Cero,['2 minutos'],194267,2006,False,,0.405,0.9620000000000001,6.22e-05,0.586,105.304
4RrFTURDPtSQcbZrrWnnlz,Rompan Todo,['2 minutos'],88587,2006,False,,0.47600000000000003,0.9840000000000001,0.000674,0.7759999999999999,101.76299999999999
1VsDy6eFXy66fZ6amYpmzO,One by One,['3.2'],431853,2018,False,,0.469,0.741,0.0268,0.191,120.01100000000001
5SqaYCojRcB5Pzw7RuTaNs,Powerful Man,['3.2'],301453,2018,False,,0.508,0.9359999999999999,0.0336,0.184,97.985
5XTyoH5rumBbS8O4SY6sYm,The Rules Have Changed,['3.2'],407400,2018,False,,0.397,0.61,0.00323,0.0951,147.384
6ZDtyPq7YHHuW5Zdj6sWrN,Our Bond,['3.2'],275253,2018,False,,0.29600000000000004,0.495,0.371,0.255,180.14
5WhN7S9LFEXzaccjV9bHDr,What You're Dreaming Now,['3.2'],271907,2018,False,,0.5489999999999999,0.873,0.0206,0.177,94.007
4ajZNNFjhdKkMyGGpCxr8H,Somebody's Watching,['3.2'],332667,2018,False,,0.527,0.825,0.000587,0.239,124.04899999999999
7JXkB3Okv1iiPy7mQHdUJk,This Letter,['3.2'],402360,2018,False,,0.634,0.645,0.009590000000000001,0.45399999999999996,116.001
1k9N81KRN3Ab1WTkipsIsE,Your Mark on the World,['3.2'],324227,2018,False,,0.337,0.813,0.0131,0.253,131.75
7deuUebXu3QIDxxXnV9OH8,24 Pictures of You,['Neutrals'],172624,2019,False,,0.59,0.7120000000000001,0.0548,0.883,160.72799999999995
2RVrdr062uLFxXwIxwdXPH,Te Amo,"['Piso 21', 'Paulo Londra']",201122,2018,False,,0.8490000000000001,0.7240000000000001,0.0204,0.63,98.005
1pQKLv4iqW0FNCls4ZVfiP,I Like to Move It (feat. The Mad Stuntman) - Klaas Remix,"['Reel 2 Real', 'The Mad Stuntman', 'Klaas']",341027,2010,False,,0.873,0.64,0.00145,0.595,128.02200000000002
41CSUAnPVg5rOAEOKoABdi,22 Frags,['VEUST'],211714,2019,True,,0.785,0.718,0.248,0.579,140.215
1H7FFDs4OBnCO78UoYA5rm,25 Lighters,['Rizzo'],184000,2018,True,,0.809,0.7390000000000001,0.0051600000000000005,0.56,150.043
0CM6wAIBu9r0SPnDhT9hnw,20th & Hendo,['Burn Burn Burn!'],153287,2019,True,,0.298,0.9640000000000001,5.8399999999999997e-05,0.531,145.644
1EVFA78mdwECWGXYV6Ih9x,Way2tite - Redanka's Reversion,['Situation 2wo'],388174,2016,False,,0.7190000000000001,0.631,0.0057,0.621,115.01700000000001
2pcOhUI6kmIkGqf7YxYsiN,On This Time,['2ble Jay'],135428,2018,False,,0.887,0.485,0.17,0.698,139.92
2Ep4Jr3TGqHtLg2f1Up3KZ,Bags,['2ble Jay'],214285,2018,True,,0.9179999999999999,0.467,0.465,0.619,139.961
3x3qWVQbIh2zOEjUgFam1h,Yeah Yeah,['2ble Jay'],206154,2018,True,,0.835,0.575,0.0592,0.778,155.995
6BM5VveCXSmXd6BQT3aKcC,Surfing,['2ble Jay'],217500,2018,True,,0.59,0.652,0.17300000000000001,0.613,98.471
65yB1JSOKYXdtLMIjf2Vre,Psychedelic Mind,['2ble Jay'],165405,2018,True,,0.884,0.508,0.0338,0.688,147.955
6UP1lUDuyboP9oHY5Hwes2,Period,['2ble Jay'],217959,2018,True,,0.871,0.401,0.0603,0.231,98.03299999999999
1c0RJbecKjAmvzgWTqFlii,Out of My Mind,['2ble Jay'],278400,2018,True,,0.9179999999999999,0.5379999999999999,0.546,0.805,124.993
4Xw5HIapHcd3Vit70fONwu,Happy Hour,['2ble Jay'],241846,2018,False,,0.8220000000000001,0.708,0.32799999999999996,0.763,130.019
7LyfuDpZxlG7pVisd4qkrF,Miami,['2ble Jay'],254000,2018,False,,0.8079999999999999,0.8109999999999999,0.49,0.9620000000000001,120.065
6yMuX7QZRrtuHizzaMiiKI,Bahamas,['2ble Jay'],230103,2018,False,,0.799,0.561,0.723,0.764,96.964
11MCDVvl6WSQxIKcL4DHfR,In the Air,['2ble Jay'],210309,2018,True,,0.8059999999999999,0.5820000000000001,0.21600000000000005,0.7120000000000001,97.01899999999999
5CliHsX9ZiqW1efRk7XBns,Ballout,['2ble Jay'],188444,2018,True,,0.873,0.601,0.397,0.831,134.96200000000002
5n7gZddSQkcVU5jidpgzEy,Five A.M.,['2ble Jay'],265263,2018,True,,0.7170000000000001,0.496,0.428,0.33899999999999997,95.069
0ciiU2bo7tT2mwoYm1Ohly,Welcome to Jim Crow,['Add-2'],71386,2019,True,,0.513,0.3720000000000001,0.924,0.594,83.829
6XxwR0u13e7hUhoynyHV0E,The Secret Life of Blacks,"['Add-2', 'Koku Gonza']",214694,2019,True,,0.518,0.657,0.7240000000000001,0.434,77.237
4LztxhKcTRivhTCTaUG69r,Git Your Hand Out My Pocket,['Add-2'],233524,2019,True,,0.591,0.813,0.0536,0.795,92.725
3N2bIjgnZ3KkjOWDC8JNkz,3 Fifs,"['Add-2', 'Accapella']",241093,2019,True,,0.58,0.7,0.768,0.529,147.305
3RozNU1ngy1p4j24Pxyy9X,You're Different Skit,['Add-2'],107679,2019,True,,0.601,0.636,0.929,0.851,55.766999999999996
1lXbjZtG0fukcubBOk7SXs,Young Niggas (Maintain),['Add-2'],200515,2019,True,,0.479,0.7070000000000001,0.9009999999999999,0.634,91.758
7FTT34ODFdNFTK5ipDzkWT,Souls 4 Sale (Soul'd Out),['Add-2'],223381,2019,True,,0.642,0.7559999999999999,0.652,0.575,92.209
2OlFlgGu5bkipN637n7Qoe,Back in the Day,"['Add-2', 'Brittney Carter', 'Oliv Blu', 'Phonte']",189867,2019,True,,0.58,0.607,0.816,0.5329999999999999,81.79
08lQQULeI1M4rM430jzJ8Z,Mama Said Skit,['Add-2'],92130,2019,True,,0.713,0.193,0.972,0.13699999999999998,111.54299999999999
4rOdJEw07c8BCEFRpXqRmY,Fear of God,['Add-2'],111438,2019,True,,0.496,0.777,0.43799999999999994,0.191,79.697
03nsF633wIxCrMhmkPonlq,Jump the Broom,"['Add-2', 'Andy Allo']",210560,2019,True,,0.414,0.74,0.893,0.41,89.391
6N2RHagPoVNSyVCV0MvNwh,Black in Amerikkka Skit,['Add-2'],56566,2019,True,,0.595,0.579,0.8059999999999999,0.78,88.46
5UQhOTyq7VtRJv6vDeSacX,Hashtag,['Add-2'],227469,2019,True,,0.642,0.512,0.7390000000000001,0.326,93.405
4nzJW8ThL1k4F2FIGEylLQ,Nappy Hair,"['Add-2', 'Sam Trump', 'Elisa Latrice', 'K.Love']",278641,2019,True,,0.41700000000000004,0.41700000000000004,0.85,0.6679999999999999,74.50399999999998
3UguOjBjG8BdFTH5yfiJ8W,Homecoming,"['Add-2', 'WdotIll']",188520,2019,True,,0.696,0.888,0.258,0.8390000000000001,132.378
6uQOz3Y07XcAe4YVyBd853,Slave Awareness Skit,['Add-2'],30558,2019,True,,0.615,0.377,0.9390000000000001,0.653,169.021
3gI7GajOpEjxZqkJlyfBKn,Willie Gets Lynched,"['Add-2', 'Yaw']",264427,2019,True,,0.391,0.679,0.884,0.222,79.111
0qhaNJipKcrUNm1PxbNjmY,Wings (Please Don't Leave) [feat. Point of Realization],"['Add-2', 'Point of Realization']",231218,2019,True,,0.5479999999999999,0.79,0.68,0.5539999999999999,82.902
6oG9qYd02Y5knN4oc64Prw,Soul Searching,"['Add-2', 'Natalie Oliveri']",262642,2019,True,,0.46799999999999997,0.596,0.895,0.17300000000000001,88.941
3fKwayS08HXUrZhVnBKapl,Applause (2),['Audience'],77613,2010,False,,0.228,1.0,0.856,1e-05,96.637
1ry3iBXjKvV8buDxgxhfPn,Déjala Que Vuelva (feat. Manuel Turizo) - MC WM Remix,"['Piso 21', 'Manuel Turizo']",244180,2018,False,,0.6709999999999999,0.792,0.078,0.884,169.993
0uN4IvTJ5akEPsKMaovxzR,2007 Clarksville High Volleyball State Champs Gay Is OK,['Emery'],243248,2018,False,,0.358,0.45,0.0655,0.237,168.31
1YhzXnCYieHw3QdTIZ0yMZ,XoXo,['2Lane'],156108,2020,False,,0.648,0.579,0.37799999999999995,0.45399999999999996,122.14299999999999
6XjfinOBWzAKJ8oHlH8nmW,Dream of Life,['2002'],312320,2018,False,,0.429,0.462,0.805,0.13,121.855
54DBBpfyVmp2ROPxqnChs9,Finding You,['2002'],262360,2018,False,,0.451,0.299,0.9640000000000001,0.121,104.056
5ua4EK8oKlOkBOccdNDDKW,To Live Again,['2002'],280787,2018,False,,0.225,0.20800000000000002,0.945,0.0378,73.482
5UqRTt0VTZwXPFsVoVdf07,Butterfly,['2002'],260949,2018,False,,0.175,0.467,0.912,0.39899999999999997,150.08
3HZFvmgS2GwhhOzkTdG1Du,Memory of Tomorrow,['2002'],266800,2018,False,,0.292,0.28,0.853,0.0353,91.9
5XYyZl7WZHriH1AKBwaAcv,Stars and Moon,['2002'],290680,2018,False,,0.233,0.489,0.871,0.102,134.352
4aqb2NI2QjPIBUMz0wCqdg,We Are Always,['2002'],257027,2018,False,,0.302,0.261,0.985,0.12,128.81799999999998
74dixV4EGB9qMbMxImpzJ5,The Stars Will Guide Us,['2002'],255053,2018,False,,0.285,0.19,0.976,0.0945,139.343
0S3YzTrdNAVQHF2hCgLwpk,The Space Between,['2002'],242478,2018,False,,0.24100000000000002,0.258,0.9840000000000001,0.0845,78.149
1SkPHsx1AHsOT1yXI0ZW3E,Strings of Your Heart,['2002'],277148,2018,False,,0.4370000000000001,0.40700000000000003,0.9670000000000001,0.111,109.571
40Wq4k1SXqQK8ufzeVfGFr,Нити ДНК,"['Куртки Кобейна', 'Bi-2', 'Monetochka']",308744,2018,False,,0.758,0.7909999999999999,0.019,0.43799999999999994,121.999
4rUcxmjtkKYRCg7JPDqZ79,Acid Motherfuckers,['Brain 20'],472840,2007,True,,0.7859999999999999,0.693,0.00117,0.223,138.987
5uqDb3kQ9PSN7OtWUQ3UDd,Something for Your Mind,['Brain 21'],415933,2007,False,,0.777,0.868,0.067,0.19399999999999998,135.989
77DPYuL6YcGbH6nXI9WHhl,The Hard Side of Life,['Brain 22'],419920,2007,False,,0.747,1.0,0.155,0.0348,133.026
7yKqMNUtplH2gSCA5f32yf,Never Forget,['Brain 23'],429107,2007,False,,0.6509999999999999,0.9990000000000001,0.40700000000000003,0.0653,133.001
007t1UJTtQnMdeOwz9EcAM,Feedback Destroyer,['Brain 24'],417040,2007,False,,0.664,0.992,0.000162,0.0736,135.0
0KoilNRYYe8kBG0NqJj5Xm,Confusion,['Brain 25'],427227,2007,False,,0.6679999999999999,0.815,0.00945,0.43,133.006
4RadFHngxzQ9WBRdBW7shS,Acid Motherfuckers - Junk Project Remix,['Brain 20'],481133,2007,False,,0.619,0.9890000000000001,0.000452,0.184,142.023
6QBtKHDWaHsKe7fDx5Crmn,Something for Your Mind - Kaylab Remix,['Brain 21'],358080,2007,False,,0.737,0.738,0.00186,0.0884,138.99
1C6YIV7AMdJIH25UOQP4dh,Sulfur - 2012 Remaster,['Slipknot'],277800,2012,False,,0.275,0.9740000000000001,0.000102,0.335,104.635
1p8MAPqPL0togrGjqR82FF,Snuff - 2012 Remaster,['Slipknot'],280040,2012,False,,0.542,0.69,0.00889,0.2,123.961
2kPABXCLxkdLdnvMlxG2S2,Sulfur - 2012 Remaster,['Slipknot'],277800,2012,False,,0.275,0.9740000000000001,0.000102,0.335,104.635
633JrSIrIyyrFlrzv1W8Zi,Snuff - 2012 Remaster,['Slipknot'],280040,2012,False,,0.542,0.69,0.00889,0.2,123.961
198L4syMOSGh1tUwKwB2S5,Static (Mix II),['2Pac'],241587,2009,False,,0.852,0.632,0.006540000000000001,0.723,104.39200000000001
0nc32IZAQG4AzWzoEyDTqZ,20th Anniversary Jigs,['Skipinnish'],283133,2019,False,,0.408,0.825,0.000169,0.268,143.959
6P2tZWMO5d8C2C5jzzwGHM,Static (Mix II),['2Pac'],241587,2009,False,,0.852,0.632,0.006540000000000001,0.723,104.39200000000001
5o2Su5jRQ0FBxnXFVbelA1,Static (Mix II),['2Pac'],241587,2009,False,,0.852,0.632,0.006540000000000001,0.723,104.39200000000001
1zPBfHjR2TmmLMhzlCHOze,21st Youth,['Annabella'],219375,2018,False,,0.547,0.785,0.0338,0.635,167.988
5q50nLQBJLSp5LU6K59xKf,Focus (feat. 21 Savage),"['Bazzi', '21 Savage']",155134,2019,False,,0.743,0.7070000000000001,0.00561,0.532,76.993
7kcCB7oh6X4bSoFCvrHLvG,24/7,['EXO'],243324,2018,False,,0.762,0.594,0.1,0.337,98.025
6qH01HFLRRKMWWhBFqwgjH,Focus (feat. 21 Savage),"['Bazzi', '21 Savage']",155134,2019,False,,0.743,0.7070000000000001,0.00561,0.532,76.993
7bt1CYUhoXrXxXT3Q3kzMW,Hey Mr. DJ,['2 Dope Queens'],252792,2013,False,,0.909,0.534,0.105,0.961,101.242
3LNihsEvQzr8OPs23hwK4Q,2 of a Kind/epilogue,['Sky Salt'],251960,2004,False,,0.319,0.315,0.564,0.105,94.39299999999999
4BQxTIkfNrfbOu5u8QD6DU,2020 (New Year),['KoBoogie'],142238,2019,False,,0.86,0.642,0.19,0.7929999999999999,132.03799999999998
7L9AMnL4RaG4Kj7vomh44A,#2,['AroarA'],192864,2013,False,,0.633,0.53,0.563,0.519,151.95600000000005
0UNeNA0dcfUMsGxvLwf2p3,Pay You Back (feat. 21 Savage),"['Meek Mill', '21 Savage']",235263,2018,True,,0.821,0.6940000000000001,0.03,0.23,85.04700000000003
2Cgo8W3rjj1oGHJtb61H0o,Pay You Back (feat. 21 Savage),"['Meek Mill', '21 Savage']",235263,2018,False,,0.562,0.679,0.0393,0.265,79.542
3dXdvh4LoDbWFx6xrSwelB,Thought I Had a Friend,['2Ru3'],342524,2018,False,,0.562,0.365,0.136,0.255,102.948
0rC49vfSsUynsVc9isjLIg,Don'tcha Know,['2Ru3'],353916,2018,False,,0.6509999999999999,0.496,0.226,0.371,110.055
61wInS7moAHdrGK1ZPQePz,Psybochurch 2.0.19,['Psybolord'],340071,2019,False,,0.7120000000000001,0.902,0.0203,0.386,113.014
5WOY5z6FdwrMw9ZfcK1UYA,Мысли Миколы (Bonus 2014),['ПОЕХАЛИ'],136713,2018,False,,0.63,0.324,0.007409999999999998,0.307,170.002
6eQGlLWaykM63jrYKwmTCt,Hopeless,['2Ru3'],368630,2018,False,,0.726,0.446,0.6559999999999999,0.544,99.818
7z5kqJsqSlPuWaQbgKXZ6P,Heartbeat,"['2Lane', 'Charlotte Horst']",266000,2020,False,,0.8009999999999999,0.5489999999999999,0.0786,0.828,120.006
0pW7KI68L0kKYgi73fkION,21st Century Jesus,['Fear Factory'],439533,1995,False,,0.489,0.972,0.0020399999999999997,0.312,137.893
2JY6InGj9xJOkCRslJ7Acb,21st Century Jesus,['Fear Factory'],439533,1997,False,,0.489,0.972,0.0020399999999999997,0.312,137.893
0PPFONhWPpMEapOqXA7wX3,28,['Poolside'],295941,2012,False,,0.46299999999999997,0.9129999999999999,0.0020800000000000003,0.48700000000000004,164.94400000000005
3WXJOVqIyZKSkdLa82PF0L,a lot,['21 Savage'],288624,2018,True,,0.8370000000000001,0.636,0.0395,0.27399999999999997,145.972
1SHei85qV8JtytFwJq3MkF,break da law,['21 Savage'],177748,2018,True,,0.904,0.575,0.0493,0.359,141.039
4oP8NxbTOEUaQ3jwddewmu,a&t,['21 Savage'],211588,2018,True,,0.924,0.5670000000000001,0.0016899999999999999,0.8270000000000001,146.975
51w3e5PWpRCus9wpkVLIwc,out for the night,['21 Savage'],137232,2018,True,,0.841,0.695,0.001,0.408,173.368
1VXVS7GZN9yfbzaWcWq2eo,gun smoke,['21 Savage'],167410,2018,True,,0.809,0.461,0.0008320000000000001,0.325,85.992
2rjbWlEDTx4tfajRaMs8Fw,1.5,['21 Savage'],148656,2018,True,,0.885,0.52,0.000244,0.306,84.022
0lf7CfXZnvX7LnqL2q8FNB,all my friends,['21 Savage'],211785,2018,True,,0.713,0.62,0.171,0.20600000000000002,130.09
1nbYiPgDJ4T3t46Is5Zc26,can't leave without it,['21 Savage'],205352,2018,True,,0.872,0.591,0.111,0.696,131.982
4FQaMaxFgIMX1Wg5wYKMRi,asmr,['21 Savage'],171714,2018,True,,0.84,0.5429999999999999,0.0399,0.161,170.067
4UW4GsTVETXP2mzXfMT2iC,ball w/o you,['21 Savage'],195047,2018,True,,0.892,0.633,0.0467,0.45899999999999996,137.994
4xKn7ETAkXUQBTuueJM3Ri,good day,['21 Savage'],242448,2018,True,,0.966,0.519,0.00359,0.11900000000000001,122.195
5j8sYRvWdZM8TgVJXYad1B,pad lock,['21 Savage'],191360,2018,True,,0.96,0.55,0.0187,0.7979999999999999,130.02200000000002
27gIYiauwut951G7lpt9Zr,monster,['21 Savage'],233040,2018,True,,0.89,0.607,0.158,0.22399999999999998,134.02200000000002
4y66YZn8Bopcsumft1r39M,letter 2 my momma,['21 Savage'],194810,2018,True,,0.8640000000000001,0.608,0.0531,0.963,80.225
41EKwqBy5rPsjxIWXAkobc,4L,['21 Savage'],288364,2018,True,,0.879,0.41,0.000897,0.0703,80.01100000000002
4B8vU5oDXVxO5OkLAI4aLx,out for the night - part 2,['21 Savage'],235232,2018,True,,0.593,0.632,0.0133,0.0789,173.36900000000003
2YPn0j7ikyBMdfKFKvgeyb,Beneath - Julian Gray Remix,"['28mm', 'Julian Gray']",277577,2017,False,,0.82,0.743,0.24,0.0624,128.001
4p2eZvyTH0rphqSoq8FrI8,2 Each Is Own,['Jungle52'],147984,2017,False,,0.657,0.265,0.284,0.5379999999999999,169.998
652wGRbBtKXRX2T8lxBjiF,Light Room,['28mm'],280800,2019,False,,0.861,0.691,0.0164,0.5529999999999999,124.994
43W0MINZasumrBNgcJbuC6,25 Reasons,['Nivea'],247213,2002,False,,0.589,0.355,0.222,0.573,137.464
3JX21iDYHl1phge2vtEbp6,Las Tapas,['Banda 20 De Julio De Repelon'],220627,2016,False,,0.677,0.584,0.0222,0.966,113.40100000000001
0lIIIaIaFDO84Mc4PtYeRc,24562 Overture,['Rygar'],328987,2012,False,,0.602,0.888,1.7100000000000002e-05,0.494,123.993
3f8Cg1YOV9AfjXeg9fjzuM,If You Really Want Someone - Extended Mix (Mixed),['Player 2'],247742,2018,False,,0.762,0.846,0.0101,0.705,123.93799999999999
7qhNPQuiNnhjRBfO50ceNC,If You Really Want Someone - Extended Mix,['Player 2'],372517,2018,False,,0.862,0.8540000000000001,0.0051,0.7809999999999999,120.023
2t8yVaLvJ0RenpXUIAC52d,a lot,['21 Savage'],288624,2018,True,,0.8370000000000001,0.636,0.0395,0.27399999999999997,145.972
5ZSIExfQuVv69tw5Qw3yDl,break da law,['21 Savage'],177748,2018,True,,0.904,0.575,0.0493,0.359,141.037
6ho88pvz4c8WCSFbdVXNia,a&t,['21 Savage'],211588,2018,True,,0.924,0.5670000000000001,0.0016899999999999999,0.8270000000000001,146.976
0ZKKJTv21zJpNrKiL0LYyV,out for the night,['21 Savage'],137232,2018,True,,0.841,0.695,0.001,0.408,173.368
4f1XXGjZZ9EkFkrbPJek6X,gun smoke,['21 Savage'],167410,2018,True,,0.809,0.461,0.0008320000000000001,0.325,85.992
2wOXxtHZgRkkrkEbKLzzqs,1.5,['21 Savage'],148656,2018,True,,0.885,0.52,0.000244,0.306,84.022
4paAidoE8VAemwU4jgCc6l,all my friends,['21 Savage'],211785,2018,True,,0.713,0.62,0.171,0.20600000000000002,130.09
0hPLZrnDgtKxrym1BHjDhd,can't leave without it,['21 Savage'],205352,2018,True,,0.872,0.591,0.111,0.696,131.982
2QgfDF0fQ4sskDthP8MG5w,asmr,['21 Savage'],171714,2018,True,,0.84,0.5429999999999999,0.0399,0.161,170.067
50a8bKqlwDEqeiEknrzkTO,ball w/o you,['21 Savage'],195047,2018,True,,0.892,0.633,0.0467,0.45899999999999996,137.994
2LqoYvMudv9xoTqNLFKILj,good day,['21 Savage'],242448,2018,True,,0.966,0.519,0.00359,0.11900000000000001,122.195
5stbfxsPi8gcOH2LCuA4Le,pad lock,['21 Savage'],191360,2018,True,,0.9590000000000001,0.55,0.0187,0.7979999999999999,130.024
2FUNBaa5DwItJtYEBgAblU,monster,['21 Savage'],233040,2018,True,,0.89,0.607,0.158,0.22399999999999998,134.02200000000002
55xNjVrGJxgqcEFqCyejTM,letter 2 my momma,['21 Savage'],194810,2018,True,,0.8640000000000001,0.608,0.0531,0.963,80.225
1uULQtJ8rbsX5TwjPpPc9Q,4L,['21 Savage'],288364,2018,True,,0.879,0.41,0.000897,0.0703,80.01100000000002
02gKwv2pksFUNYrdvDdL2h,Let's Do It Together,['Blackbirds 2000'],169853,2010,False,,0.40700000000000003,0.8859999999999999,0.0198,0.574,128.917
6iabsBoeULp49Lou8yJ8oI,H-B-C,['2 LIVE CREW'],226133,1990,True,,0.40299999999999997,0.703,0.264,0.205,122.92399999999999
2XUtMyDo6BiaatcN2w6cB3,C'mon Babe,['2 LIVE CREW'],217333,1990,True,,0.493,0.76,0.653,0.375,132.43200000000002
3yCLcYYON8pZ781GYoS2DE,Face Down A-- Up,['2 LIVE CREW'],170827,1990,True,,0.6940000000000001,0.54,0.11,0.512,132.28
01eKbKNxs6EogcCYONAmYI,Throw The D--k,['2 LIVE CREW'],205240,1990,True,,0.6779999999999999,0.659,0.158,0.47600000000000003,128.727
6E54Ug5920iZCHuqqEqmoK,One And One,['2 LIVE CREW'],140667,1990,True,,0.609,0.444,0.637,0.444,122.42299999999999
48b5I1E61wwgHncfvYUezT,Mr. Mixx Turntable Show (Pt 1),['2 LIVE CREW'],335267,1990,True,,0.531,0.612,0.5529999999999999,0.32299999999999995,131.776
0sM9hlH6HVxKhMxPP2c2iP,"Sex, I Like It - I Love It",['2 LIVE CREW'],259267,1990,True,,0.645,0.48200000000000004,0.615,0.308,98.959
265vTYC1OTAQOQbiqv9XHq,Mr. Mixx Turntable Show (Pt 2),['2 LIVE CREW'],215733,1990,True,,0.563,0.5,0.7809999999999999,0.523,121.419
1dnAGDoRAnh3G7y4dFTFlp,If You Believe In Having Sex,['2 LIVE CREW'],228267,1990,True,,0.8109999999999999,0.531,0.434,0.284,124.569
163KV22kPJHJxNPP3wetn1,The F--k Shop,['2 LIVE CREW'],180293,1990,True,,0.7759999999999999,0.6759999999999999,0.19699999999999998,0.46399999999999997,141.355
3cv0TkSSgK9UqsQuhlTczG,Move Somethin',['2 LIVE CREW'],271840,1990,True,,0.687,0.63,0.191,0.309,132.989
1sdB46ylVMc2baVNTgbQvM,We Want Some P--sy,['2 LIVE CREW'],236027,1990,True,,0.6629999999999999,0.6659999999999999,0.5820000000000001,0.395,131.942
6VmhXZ7mS30uWNecHkFouO,Me So Horny,['2 LIVE CREW'],337907,1990,True,,0.7440000000000001,0.659,0.172,0.575,136.019
5IDK0bJN0suqKZK5SWndYn,Banned In The U.S.A.,['2 LIVE CREW'],325360,1990,True,,0.632,0.452,0.122,0.46399999999999997,115.853
1qCD5JYaIRYTH5nKffQ9rB,2:1,['Stuart'],268933,2004,False,,0.54,0.608,0.23399999999999999,0.18899999999999997,123.37100000000001
7aToo09hS12p18kXSBgAhv,When the Levee Broke At The County Fair,"['1,2,3']",216424,2014,False,,0.6609999999999999,0.629,0.0244,0.888,118.90299999999999
6UAgxToGGskpxMu5an4p4O,Darkly Through The Valley,"['1,2,3']",191909,2014,False,,0.532,0.785,0.258,0.201,117.992
0JySXcSOXKZJCsizxEMBoB,Bigger Black Car,"['1,2,3']",163298,2015,False,,0.17800000000000002,0.6,0.205,0.35700000000000004,79.844
4nNrnfb33HqgGE4HnAKkxl,Big Weather I,"['1,2,3']",234244,2014,False,,0.6990000000000001,0.387,0.594,0.395,79.553
5LHkAhEiZgzfVagAH0wVcX,Leave Me in the Sky With The Lawn Chair,"['1,2,3']",91218,2014,True,,0.488,0.892,0.000579,0.595,90.49600000000001
5U5XkfXOPokQB4CtVuizQL,Pontoon Song,"['1,2,3']",295893,2014,False,,0.713,0.596,0.106,0.516,117.045
2RR06lbGW7BUG7Bj6JSF3T,Waiting for the Horsemen,"['1,2,3']",218025,2014,False,,0.34600000000000003,0.408,0.45,0.494,85.68700000000003
2eIm476b20bhpY8Nh7UKb7,Mile High Grass,"['1,2,3']",256187,2014,False,,0.371,0.682,0.13,0.47,103.865
0HVfvH0x1jUI3MLMjqRhKh,Bus to Babylon,"['1,2,3']",245169,2014,False,,0.466,0.34299999999999997,0.935,0.0772,137.54
5HNsbPeq6Ik5hG9KFdXIYq,Refusal Bop,"['1,2,3']",190762,2014,False,,0.812,0.409,0.5489999999999999,0.0776,108.02
1a9IMipJh7jw3hg83ygwEC,The Shapes of Wrath,"['1,2,3']",430020,2014,False,,0.531,0.653,0.6679999999999999,0.494,118.77
6H7SPCaPshTqPNuFKbprrQ,Fear/Pure Elevation,"['1,2,3']",253687,2014,False,,0.46799999999999997,0.359,0.82,0.22,116.99700000000001
2WkY3zZ9x1BiF9BMYnxJv6,Rebuilding,"['1,2,3']",95758,2014,False,,0.84,0.938,0.47200000000000003,0.135,181.16
0jZXTMyhbLdwOCLKDCf3UL,Stone Haus,"['1,2,3']",341829,2014,False,,0.429,0.552,0.8290000000000001,0.369,123.428
3j7dhp4l8smAX4xjUBWGfM,Porch Swing Song,"['1,2,3']",219727,2014,False,,0.698,0.755,0.21100000000000002,0.6829999999999999,131.96
0kKih5E1NvGv5QSg9ebs76,Big Black Car,"['1,2,3']",104108,2014,False,,0.425,0.28,0.9259999999999999,0.129,83.038
598LmCFwz0NDFunbQ5ArBB,Big Weather Ii,"['1,2,3']",112787,2014,False,,0.509,0.41700000000000004,0.10400000000000001,0.434,131.372
53rfkxgt9MGKTMaGQ0FRbb,In the House of The Locust,"['1,2,3']",494795,2014,False,,0.402,0.7190000000000001,0.802,0.436,69.148
2BQYurPkWJpkMH57QlqWPa,When the Levee Broke At The County Fair,"['1,2,3']",216352,2014,False,,0.6609999999999999,0.636,0.0216,0.9129999999999999,118.89299999999999
5o98MO8MmkXnH06xj0H9GH,Strawberry,"['1,2,3']",267216,2014,False,,0.282,0.698,0.54,0.24600000000000002,179.692
7M0OoAonQQVX3mhgblHkD2,Faith Hill,"['1,2,3']",169591,2014,False,,0.439,0.268,0.664,0.375,91.574
1ofP7zZUKnkF63SzZbghmL,Where We Lived,"['1,2,3']",415374,2014,False,,0.37799999999999995,0.424,0.292,0.0971,176.497
0XTGDI2NbcbW2IVwVUxWF3,Sick of the End,"['1,2,3']",84919,2014,False,,0.648,0.508,0.737,0.941,78.83800000000002
3XSmSSVOyG5e6eRR1UOMfA,2nd Twelve (7.2mb Mp3),['Loess'],459760,2001,False,,0.5539999999999999,0.32,0.863,0.0389,159.933
2pP0NcbUBJOydIHJpgOjm7,2nd 12 (Accelera Deck Mix),['Loess'],231227,2001,False,,0.85,0.23199999999999998,0.845,0.43799999999999994,119.478
6xMTSrTRH1dxi6hCxdvuDf,2 Kool 4 U,['Flyscreen'],140680,2007,False,,0.4270000000000001,0.9890000000000001,0.00509,0.177,91.59200000000001
44ZEwuMIwXb0McAUfQbNaq,"Scared, But Not That Scared","['1,2,3']",195146,2011,False,,0.6,0.77,0.0371,0.335,130.0
3HosJWDKNyvUoATbQiDSuA,Gun Bash,"['1,2,3']",176432,2011,False,,0.606,0.507,0.113,0.616,102.76100000000001
576kmKLcY844hE2DPueiYu,Machine,"['1,2,3']",128871,2011,False,,0.475,0.889,0.695,0.787,78.661
71eDVUMUYZw1sVrnAr61Og,24 God,['DontDoItBeats'],282645,2019,False,,0.5479999999999999,0.0872,0.0583,0.268,145.33100000000005
2mOxDFpJQ5AMNtCk2ZCqVt,20-20 Vision,['Bassholes'],189493,1995,False,,0.375,0.893,0.598,0.408,91.65
4zaUDt7WzQTil9RnNuLtGp,Gravitacion,['257ers'],200987,2019,True,,0.7909999999999999,0.74,0.0007700000000000001,0.708,117.045
1P2FxMEo0bo6kug6q77RFC,Gnu,['257ers'],190427,2019,True,,0.907,0.6709999999999999,0.0102,0.627,140.02700000000002
4Uf1S9W4i61EMXpuT4NEFv,Nie Mehr (feat. Mehnersmoos),"['257ers', 'Mehnersmoos']",261080,2019,True,,0.818,0.722,0.0443,0.9129999999999999,148.96200000000005
71Hd9UPAUkymv5XKzqKxBu,Guara Guara,['257ers'],182547,2019,True,,0.8859999999999999,0.643,0.0634,0.948,150.062
5asNIABA6FDCIpcTGWEm1O,14er Bizeps,['257ers'],170947,2019,True,,0.9309999999999999,0.659,0.01,0.8590000000000001,137.99
33WRsCKjx17Ls0KhQeSGg0,Letzte Zeit,['257ers'],161480,2019,True,,0.945,0.738,0.0645,0.7120000000000001,120.12700000000001
5xxRq26NWfFVmOXdpbKE3G,Wacko Wacko,['257ers'],127973,2019,True,,0.938,0.585,0.0123,0.47,110.042
3OQ0kn0ZlDfk3JRg0XX0OD,Irgendwie Muss Ja Jeder Sein,['257ers'],414880,2019,True,,0.5429999999999999,0.9059999999999999,0.043,0.297,191.782
2WphbB2qPZI71JiSAJA0SM,2008,['Chaos Chaos'],195915,2018,False,,0.35100000000000003,0.679,0.00925,0.581,169.71
6k3rgkdn5AzrMX7ZH9codB,LUH,['Isotope 217'],581067,1999,False,,0.34299999999999997,0.45899999999999996,0.615,0.0789,177.5
6SjRFTtx7O85gBuGRiOZAT,Audio Champion,['Isotope 217'],236867,1999,False,,0.47700000000000004,0.563,0.391,0.249,147.76
0WcipgCSp6zhjHgCrXjSDK,New Beyond,['Isotope 217'],373093,1999,False,,0.425,0.342,0.7290000000000001,0.16,172.59599999999998
4JkAh0uflkefzMz42QALO7,Rest For The Wicked,['Isotope 217'],135067,1999,False,,0.742,0.215,0.48,0.322,94.34
7h1PyFj1pX0U64dPEhXjzv,Looking After Life on Mars,['Isotope 217'],484507,1999,False,,0.5670000000000001,0.6990000000000001,0.52,0.355,138.275
37EDpUXe6zScbH2258s6ol,Solaris,['Isotope 217'],370733,1999,False,,0.44299999999999995,0.285,0.807,0.131,133.75799999999998
4H72KfvZde7cuBCgJEHZZN,Real MC's,['Isotope 217'],438067,1999,False,,0.35100000000000003,0.195,0.9490000000000001,0.0377,100.238
0bOkUmC8K0qeaypchHoCw7,Dogmatofobia,['Digital 21'],322720,2011,False,,0.315,0.987,0.000532,0.0387,79.967
61iA7GlyQsOehYmbeZNGgx,Kryptonite Smokes the Red Line,['Isotope 217'],206800,1997,False,,0.503,0.359,0.642,0.0744,97.421
3Keh8Rv2LVTYWcNFPMrtAI,Beneath the Undertow,['Isotope 217'],352733,1997,False,,0.569,0.528,0.38299999999999995,0.41100000000000003,166.935
5LNVCT4LHHniuv9qHrRaAg,La Jeteé,['Isotope 217'],375493,1997,False,,0.5820000000000001,0.25,0.872,0.183,139.547
1mkh7fOLRFHg2yFiMTQKid,Phonometrics,['Isotope 217'],320773,1997,False,,0.626,0.563,0.488,0.77,112.446
752OTTmvPNTbDo5rBJQTdH,Prince Namor,['Isotope 217'],446333,1997,False,,0.221,0.11800000000000001,0.887,0.0387,103.971
2IldPFCdbP56RADrTisTCv,Audio Boxing,['Isotope 217'],164893,1997,False,,0.695,0.66,0.0017800000000000001,0.182,97.781
3Ks2mJbY7XzhgOGx4e9evH,Check This Out,['The 2 Zigg Zaggs & Mr Mixx'],139560,2004,True,,0.922,0.52,0.0419,0.49,91.104
1H3jDi4oyf2iJYqTy2t1mt,2099 (Heretics),['Sinsaenum'],377893,2017,False,,0.24600000000000002,0.9620000000000001,0.00011999999999999999,0.12,123.04799999999999
0G1lwjQDtwsppv7vGkvYJk,2 0's,['Blackwater Burial'],281757,2019,False,,0.317,0.95,0.0145,0.35100000000000003,114.449
6WiSBtCoUq9s8jAI4EdiZb,Gas 2,['GAS'],848293,2008,False,,0.36200000000000004,0.706,0.623,0.305,119.03299999999999
0ZMzWY56kPbXL2SaxTUfPc,Erase - 2006 Rehersal Version,['Eldritch'],298667,2006,False,,0.45899999999999996,0.991,0.000176,0.319,146.061
3yxo4s3y913ePu0nSUVdT5,Бойня номер шесть,"['Anacondaz', '25/17']",236107,2019,True,,0.435,0.914,0.0772,0.47200000000000003,75.271
4hoYwvMUsYWANG8E1ENc1F,2 Bad 4 U,['Lunachicks'],225293,1992,False,,0.349,0.7559999999999999,0.00015,0.40299999999999997,113.336
31mHCYslxEmQumwNd7a4hb,21,['Delilah'],201907,2012,False,,0.625,0.518,0.424,0.161,76.887
3yEFKMoPatBxCuZQn48oOa,26 Years of Nothing,['Disfear'],205627,2003,True,,0.10099999999999999,0.985,1.52e-06,0.174,160.17600000000004
3YNwG3TK0Lw9Xi6urlGjgx,218,['Shaarimoth'],202893,2005,False,,0.198,0.968,0.161,0.0573,99.848
5FPg014rb7DfIyX6fcAbsV,207 Torches,['Ascension'],240001,2010,False,,0.316,0.7929999999999999,4.06e-06,0.179,83.985
059bcIhyc2SBwm6sw2AZzd,Te Vi,"['Piso 21', 'Micro TDH']",231848,2018,False,,0.877,0.777,0.0446,0.706,102.02
1X3Ir3cjKn9eo0G4GxuuQK,263,['Manifestic'],73400,2019,False,,0.326,0.581,0.0165,0.23600000000000002,74.408
3Mio1uaCWLoDz1WN444hfb,22. When The Angels Carry Me Home,['RedWhite'],109787,2014,False,,0.529,0.397,0.774,0.8340000000000001,139.923
64n6PnIRBWuRSXwNydcYZF,27. Crying Holy Unto The Lord,['RedWhite'],94720,2014,False,,0.47600000000000003,0.395,0.715,0.878,137.304
79nmz3sTog69GJWtBQUzWH,2,['Khary'],236757,2020,True,,0.5379999999999999,0.446,0.292,0.21600000000000005,148.09
7IeYqbVq36vm4lXgGeIB9I,It's the New - Club Mix,['2nd Avenew'],528680,1990,False,,0.7829999999999999,0.43799999999999994,0.007909999999999999,0.723,120.02600000000001
4TNMNqArfNlsqhNG9FwmdO,It's the New - Dub,['2nd Avenew'],293693,1990,False,,0.774,0.462,0.00443,0.774,120.037
1ZVJrY0hxPbdXpgQ9LQg5x,It's the New - Short Version,['2nd Avenew'],280693,1990,False,,0.773,0.552,0.00822,0.79,120.03200000000001
0cD8R5TedN9ilEao3wkUUg,"2pac Cobain (feat. Sean Anonymous, Rapper Hooks)",['ECID'],266936,2013,True,,0.484,0.708,0.000549,0.601,97.47200000000001
4xeg9Z9ZpwRAUmOWs9cR3k,Keraguan,['2D'],325729,2015,False,,0.866,0.6,0.8079999999999999,0.799,108.821
56TraOBWxbRvt363jjfUHd,Oh Mengapa,['2D'],156526,2015,False,,0.7140000000000001,0.635,0.484,0.882,98.62
05TALqFl0THuUjgzIou2LL,Kunanti Dan Kucari,['2D'],315458,2015,False,,0.49,0.68,0.708,0.6459999999999999,94.529
2FbCikprl6p1AGpqwnwBHG,Lolla,['2D'],223911,2015,False,,0.627,0.401,0.7190000000000001,0.27,129.747
345RFM7xlVhpdG4O38LC18,Pengisi Kalbu,['2D'],169150,2015,False,,0.718,0.535,0.674,0.623,99.568
2kyJU1T6JXOIp56A2osyAA,Pantomim - Instrumental,['2D'],238265,2015,False,,0.847,0.529,0.825,0.489,121.311
6Wf6fA54io5NDCU3KOUVmY,Asmara RIndu (feat. Malyda),"['2D', 'Malyda']",264765,2015,False,,0.6559999999999999,0.529,0.805,0.583,92.46799999999999
1ABVf1Gm8moXJBoHQ13tHh,Yang Mana,['2D'],237336,2015,False,,0.604,0.81,0.647,0.732,95.18
4XePmRCeAlaTlBA2LUfPAG,Kadang Kala,['2D'],249021,2015,False,,0.631,0.45799999999999996,0.787,0.38299999999999995,103.831
1GNYPoLKZtCFYK7V3GyHal,Apa Lagi,['2D'],240163,2015,False,,0.893,0.657,0.436,0.963,131.394
2wpSDWk3JFM12fni3T1AQl,Teman,['2D'],283464,2015,False,,0.816,0.802,0.785,0.92,119.85799999999999
5O33ah5Q1ejxxoXwzvcA8a,24 Hours,['Georgia'],185856,2020,False,,0.542,0.78,0.00839,0.35100000000000003,106.11
6XFzBWsZjyfUboH22d8vey,24 Hours - Edit,['Georgia'],166713,2020,False,,0.5379999999999999,0.841,0.00331,0.37,105.929
4ljkNZgkHLbrYn762TqraF,24 Hours,['Georgia'],185856,2020,False,,0.542,0.78,0.00839,0.35100000000000003,106.10700000000001
0NoA5UyGQSF52p5IYBNlXA,24 Hours - Edit,['Georgia'],166713,2020,False,,0.5379999999999999,0.841,0.00331,0.37,105.93
0z3mjnVPyojnRfD1Zx6iou,TNT 2.0,['Tryhardninja'],202000,2017,False,,0.637,0.715,0.0469,0.462,119.954
5P8VNbtT9q7RTTaQaAW4Cf,222X3,['Mazes'],66555,2012,False,,0.321,0.535,0.29600000000000004,0.951,160.387
25H9CSws7nAqWYLogQ7COF,The Magic in Her Eyes,['2XM'],309677,2019,False,,0.8109999999999999,0.281,0.287,0.33899999999999997,93.024
5ILZgnJ8NotXvDeWMlkVAD,By My Side,"['2XM', 'Neil MacLeod']",412562,2016,False,,0.6990000000000001,0.442,0.581,0.521,120.99700000000001
5Xbirtcn2gfDXPlo5AA67k,Spyz in Da House,['24-7 Spyz'],212067,1996,False,,0.326,0.8959999999999999,5.3e-05,0.436,93.421
7eIn6FbFvE3lZvwnE1DyMs,Love and Peace,['24-7 Spyz'],202160,1996,False,,0.52,0.941,0.0013,0.515,131.856
2S7DQShaO7qP1i1ovfeLWT,Yeah X 3,['24-7 Spyz'],181867,1996,False,,0.379,0.91,0.000572,0.414,137.969
0Mm3Yu2RohMeTvXEHJkpVx,If I Could,['24-7 Spyz'],291933,1996,False,,0.321,0.81,7.6e-05,0.57,152.385
4iTpwzZ0rDqPAhcUZbxEn9,Burned,['24-7 Spyz'],204600,1996,False,,0.313,0.634,0.00179,0.26,171.09599999999998
6DiAbZ3AAgqYT9gewiB6uC,Simple Minded Simon,['24-7 Spyz'],290307,1996,False,,0.308,0.815,7.4e-05,0.462,172.416
4xvKjcpUp2XUmmsbeOLhVq,Eyes Don't Lie,['24-7 Spyz'],253827,1996,False,,0.42,0.6409999999999999,0.000521,0.6829999999999999,143.645
3u34e0yZSfcSKTFbzF3xti,Interlude,['24-7 Spyz'],82773,1996,False,,0.499,0.882,7.290000000000001e-05,0.7490000000000001,91.411
3cB7wZaZJFP57cilyRX00M,El Lame,['24-7 Spyz'],368400,1996,False,,0.45299999999999996,0.825,0.009729999999999999,0.738,87.49
1pyT7Nqx03IrBALRg4z5ZO,Earth & Sky,['24-7 Spyz'],244067,1996,False,,0.669,0.737,0.0851,0.727,132.618
4fzNsN3PxTobDHcKVHOObO,Free to Be,['24-7 Spyz'],322733,1996,False,,0.565,0.5670000000000001,0.0994,0.6759999999999999,96.655
24kqZtn1Yg0gUctYbDDZSn,Let Your Fancy Flow,['24-7 Spyz'],143960,1996,False,,0.529,0.785,0.0231,0.845,93.133
49m705bcQNBBMp39S7RlKh,Crushonya,['24-7 Spyz'],245640,1996,False,,0.345,0.828,0.00059,0.44799999999999995,145.92600000000004
4iZCBGxILwEubj9nrIZleN,No Hope for Niggaz,['24-7 Spyz'],255467,1996,False,,0.544,0.924,0.00179,0.654,99.374
7fc6jigOo9estwY3vAGxQN,Love for Sale,['24-7 Spyz'],247200,1996,False,,0.353,0.8809999999999999,0.000131,0.617,173.755
6MmWuyJUC7sFnmTjWeGRb5,Clique,['24-7 Spyz'],298627,1996,False,,0.484,0.907,0.000103,0.718,155.217
16l0nAVNYTcndMTAy5ucRm,Save the World,['24-7 Spyz'],209973,1996,False,,0.504,0.8390000000000001,0.000283,0.546,103.991
5g9RTdl0vfflC5aKmqA5ff,21 Dicks,['Kreayshawn'],147711,2019,True,,0.773,0.578,0.26899999999999996,0.215,130.065
2M0bGlKK49QK2afOgDiXtm,Lift Him Up - Mark's Ol' Skoo Mix Re-Edit,"['280 West', 'Diamond Temple', 'Mark Mendoza', 'Tomo Inoue']",450743,2019,False,,0.831,0.691,0.000759,0.5920000000000001,124.81200000000001
0B6MXa3uFYqYJsqnsXOQhO,2027 (Brief an mich),['Monet192'],180000,2020,False,,0.665,0.531,0.0481,0.225,80.086
0dBHIoRbP27yJvFe2nzLNG,200 ден,['HLEB'],138367,2019,False,,0.753,0.726,0.0748,0.384,98.008
4zvxpw8ioTClA7ovcwTRYR,2018,['Zensery'],145733,2018,True,,0.6459999999999999,0.747,0.17,0.28600000000000003,98.945
2o0qjVA1C65Q0mbaMrrWCo,26 Is Dancier Than 4,['TTNG'],288013,2008,False,,0.33799999999999997,0.823,0.14300000000000002,0.45299999999999996,138.03799999999998
502MICFpc3HTZ4BXJuA1Pl,Our House,['Delhi 2 Dublin'],246573,2012,False,,0.5579999999999999,0.795,0.000303,0.541,129.904
6h6fod50T5jBVU5nHYYEH2,Love Is The Hero,['Delhi 2 Dublin'],211760,2012,False,,0.611,0.821,0.046,0.621,93.999
47BHp55XevkbKS8xrgWUrQ,Ve Mundeya,['Delhi 2 Dublin'],195587,2012,False,,0.536,0.8009999999999999,0.0232,0.523,139.92700000000002
724c7mPyDHjroER3TX6xho,Turn Up The Stereo,['Delhi 2 Dublin'],254760,2012,False,,0.62,0.872,0.0027600000000000003,0.446,131.95600000000002
4p47GRyrw6Ehhdprbe3WGI,iLove,['Delhi 2 Dublin'],233427,2012,False,,0.5920000000000001,0.77,0.0026100000000000003,0.522,129.97899999999998
12YUSuJaKoAtgrB9XGqmdF,Tabla Boy,['Delhi 2 Dublin'],301680,2012,False,,0.302,0.639,0.555,0.242,99.955
1nTFReZ8bnwAK0FcdDozWX,Code Red,['Delhi 2 Dublin'],229507,2012,False,,0.52,0.9440000000000001,0.0254,0.32799999999999996,99.97200000000001
0UGfzCMIH9ZUe0Uwo35rbr,Revolution,['Delhi 2 Dublin'],228467,2012,False,,0.452,0.877,0.000296,0.272,169.946
3IWQ6dgpl7oiW1gmKNnQXT,She Moved,['Delhi 2 Dublin'],154013,2012,False,,0.157,0.0675,0.9670000000000001,0.106,81.87899999999998
5XG82ISSDyvAlep2CwUzNF,Lighta,['Delhi 2 Dublin'],225053,2012,False,,0.45,0.87,0.0206,0.26,140.046
4aTJZhkMz71WGljdZaEQry,Strength of a Lion,['Delhi 2 Dublin'],256987,2012,False,,0.414,0.695,0.0239,0.0661,170.02900000000002
32RPI8NpWvCDHqragHyxKE,We Get To Carry On,['Delhi 2 Dublin'],298720,2012,False,,0.457,0.7559999999999999,0.0636,0.33,174.239
3H0LkQUIaFKcBRkFjmXQuQ,Bali High,['Delhi 2 Dublin'],183027,2012,False,,0.643,0.687,0.057,0.732,135.04
3PNaMkHfR3tZOyszoE5xlI,Turn Up The Stereo - Funk Hunters Remix,['Delhi 2 Dublin'],252857,2012,False,,0.762,0.627,0.00155,0.654,112.016
1BDkdW6kfBMbmh1xwBeHey,Lighta - Knight Riderz Remix,['Delhi 2 Dublin'],215962,2012,False,,0.645,0.6629999999999999,0.000348,0.377,155.998
0JAbjgmHEHShSJwUQIlyax,Love Is The Hero - Acoustic,['Delhi 2 Dublin'],242330,2012,False,,0.6890000000000001,0.71,0.509,0.885,87.977
3UZ8b8lAZiaqqH6ggZqxCR,Dulcecitos (feat. Zion & Lennox),"['Piso 21', 'Zion & Lennox']",199144,2020,False,,0.8690000000000001,0.7809999999999999,0.45,0.618,97.95700000000001
5wjH7WOIhHu2q8OtQEkrTA,Besándote (feat. Anne-Marie) - Remix,"['Piso 21', 'Anne-Marie']",201227,2017,False,,0.736,0.779,0.0906,0.6409999999999999,94.97399999999999
33bnxcjePIkcmNjEFTJX0l,Déjala Que Vuelva (feat. Manuel Turizo),"['Piso 21', 'Manuel Turizo']",220117,2017,False,,0.6809999999999999,0.7879999999999999,0.0482,0.8390000000000001,170.019
3YIsD4KZqLmPtJnPTJrKEG,"В городе, где нет метро - 25/17 cover",['Заточка'],182000,2019,True,,0.615,0.725,0.233,0.198,90.009
21d3lNKkgSlNN4xu9FSJ5U,12с2,['Лиза Громова'],172000,2019,False,,0.7879999999999999,0.3720000000000001,0.18,0.307,119.98899999999999
6JV66O5xWS6KVUFeL2OxVH,"2Pac Cobain (feat. Sean Anonymous, Rapper Hooks)",['ECID'],266936,2013,False,,0.484,0.708,0.000549,0.601,97.47200000000001
4urbHOvwcvhmg23Bvm3kMl,2Pac Cobain - Instrumental,['ECID'],240000,2013,False,,0.591,0.7959999999999999,0.000126,0.129,100.23100000000001
12qFhycgJ0n96vvAMUS29U,2048,['Conflict'],312000,2019,False,,0.138,0.996,0.00247,0.16399999999999998,194.34
2ScCclWasSDApjSijbMbQs,ТЕБЕ 20 - DANOV & Vad-Dim DiscoWave Mix,['АГОНЬ'],212373,2019,False,,0.64,0.9309999999999999,0.0084,0.7120000000000001,119.986
0WThez6kPi2gWAPOi0LffE,ТЕБЕ 20 - KOLYA 90's Remix,['АГОНЬ'],210096,2019,False,,0.693,0.79,0.0206,0.7170000000000001,120.061
1UQViqm4nlBaH3N76qnvb2,ТЕБЕ 20,['АГОНЬ'],226824,2019,False,,0.836,0.4970000000000001,0.0236,0.314,119.99
01gATugF81MEVnbR9mRVjU,2 LATE,['Lorn'],74500,2019,False,,0.71,0.264,0.282,0.483,80.538
6l0NGYDQevSYogDmXuzlRP,2up,['JGivens'],222500,2019,False,,0.72,0.45,0.0872,0.40700000000000003,124.725
6czxEoxhwr20EakRlg8YEc,"2,3,4,5 Infinity",['ZibraZibra'],234987,2013,False,,0.715,0.7340000000000001,0.395,0.852,125.941
5KBgIcHtuBdqgxyTKyP4N5,True'd Up,"['Bloc 2 Bloc Muzic', 'Antonia Marquee', 'C-Lim', 'Khalicco 100 Roundz', 'Mink Loco', 'OG Semi-Auto', 'Roccett Loc', 'Sideraq Osama', 'Yun-Gun']",508536,2020,True,,0.574,0.9059999999999999,0.00958,0.45299999999999996,81.96799999999998
0bfzltA5iuOjQfCI6B7yzB,Каренина,"['ST', '25/17', 'Nigativ', 'Качмар']",288000,2019,False,,0.415,0.7959999999999999,0.0952,0.34600000000000003,90.005
58T7h6WkKc39K7LUgtt6nr,2012 - Original Mix,"['Enei', 'Eastcolors']",307291,2012,False,,0.7120000000000001,0.9279999999999999,0.0013,0.23600000000000002,175.046
6IPejOFFnB2ANmwixLanRU,Intro / Rap Sheet,['22Gz'],126017,2019,True,,0.7190000000000001,0.841,0.111,0.615,124.07
7a68kXyghRHvkNUVqwAeJd,King of NY,['22Gz'],173144,2019,True,,0.735,0.862,0.161,0.364,121.931
1WDy3ng95WXSqLELFRsT4e,Limelight,['22Gz'],127944,2019,True,,0.713,0.7609999999999999,0.008740000000000001,0.309,120.301
1jzpH1pfv3ae2Kv7lvQnXd,Man Down,['22Gz'],128610,2019,True,,0.804,0.7240000000000001,0.0197,0.35700000000000004,188.092
0CirWCIJqFc1161znQTqzU,Timing,['22Gz'],126312,2019,True,,0.79,0.6609999999999999,0.0208,0.166,86.493
69VnFJO5gOmsIJoAMejbOV,On Me,['22Gz'],126118,2019,True,,0.706,0.521,0.262,0.405,187.92700000000002
6p1zGOwbM9uIjDo33ZMWUo,Crime Rate,['22Gz'],137149,2019,True,,0.78,0.8140000000000001,0.28800000000000003,0.741,168.17700000000005
027WNZS3IaY2ozx9UfVUHQ,Spin the Block (feat. Kodak Black),"['22Gz', 'Kodak Black']",178567,2019,True,,0.627,0.9,0.0801,0.39299999999999996,195.908
1KFqhriyA4lJDImlPAGDwh,Chandelier,['22Gz'],168233,2019,True,,0.754,0.768,0.275,0.528,116.038
09yW37r0xMDrJeC4GgAY7D,FNs & Blixkys (feat. Quin NFN),"['22Gz', 'Quin Nfn']",139241,2019,True,,0.904,0.7759999999999999,0.45899999999999996,0.8740000000000001,131.02100000000002
1ZlxkCkLZkQfohvnCJFZJA,Salary,['22Gz'],146750,2019,True,,0.763,0.741,0.0275,0.632,150.069
12hfZNWtZInct3l8nT3c9O,Sniper Gang Freestyle,['22Gz'],102821,2019,True,,0.8340000000000001,0.6679999999999999,0.0792,0.3720000000000001,130.849
1tT1xhhciDkUtwEO4TQaoz,2 of You (Hearts),['LUCKI'],147083,2019,True,,0.731,0.66,0.0206,0.7709999999999999,144.12
7rSqLn0w6wZtPAEliop4RZ,2012,['Silverlight Shadows'],135480,2016,False,,0.485,0.915,0.00935,0.654,92.18799999999999
4RT3ntr4fKC2D0rfAEJo69,Cause I'm Fucked Up,"['23zyro', 'Lil Minute']",63010,2019,True,,0.59,0.501,0.648,0.505,77.42399999999998
3bDD7GGvIzAZeHz2TOYD3A,Mami,"['Piso 21', 'Black Eyed Peas']",229504,2019,False,,0.718,0.695,0.609,0.6920000000000001,177.90900000000005
3jsiqWRPBu6kY5UfIEOPkq,2,['Jorrdee'],219470,2019,False,,0.221,0.772,0.72,0.0658,161.005
4YcDkgoqhRYUbEuquBmeJU,21st Century Schizoid Men,['Impossible!'],441006,2019,False,,0.391,0.583,0.19399999999999998,0.564,142.752
0Z6Zq7lJSvrqGdZKrta8hW,"Summer, 1983 - 7"" Version",['2DCAT'],212106,2019,False,,0.47700000000000004,0.6759999999999999,4.21e-06,0.195,120.024
6eyNxpBSKt1tlDHEEBsfGq,Dreams,['2DCAT'],244806,2019,False,,0.461,0.534,0.0035299999999999997,0.284,97.98899999999999
7GezsduH0OstTs3coScK6J,Remember Sailor,['2DCAT'],211206,2019,False,,0.514,0.653,2.8899999999999998e-05,0.43,125.012
4lVsjPhWPkUrYJJpyO3FDV,I Just Need Someone,['2DCAT'],228006,2019,False,,0.6509999999999999,0.483,0.0436,0.32899999999999996,110.00299999999999
63h2SDxUcjkOlVC8EXhQhA,Broken Inside,['2DCAT'],270606,2019,False,,0.54,0.564,0.0025399999999999997,0.39299999999999996,130.001
4hB2zTINnWnc8jPtoLs6sw,"Summer, 1983 - Original Demo",['2DCAT'],288006,2019,False,,0.485,0.68,4.39e-06,0.161,120.012
6oVZiLktCFofMWoyUkVWug,Gurl,['2u4u'],211426,2018,False,,0.758,0.44,0.336,0.6970000000000001,94.337
3OQrruSrwAw4nodWUyn7Mm,Home,['2u4u'],330486,2018,False,,0.628,0.6709999999999999,0.5820000000000001,0.657,101.545
0OOTv0jHmpTt9Enj1lh70q,Calumisdead,['2u4u'],243704,2018,True,,0.545,0.6,0.0188,0.33799999999999997,75.848
5PyCBIzAqPUOjUxopqQj0g,New Battles Pt. I,['2u4u'],142891,2018,True,,0.386,0.4970000000000001,0.207,0.268,105.546
5Ak6oefmcPseWUI7sIVXIV,Fall (Digital Master),['2u4u'],224461,2018,False,,0.6579999999999999,0.7959999999999999,0.128,0.27899999999999997,88.935
0o8OBWMlU00Ii1JKaXpNjP,Secluded,['2u4u'],189722,2018,False,,0.425,0.586,0.266,0.41700000000000004,83.051
2wV5qZaRalM2kvGE1z6A7o,Kings of Africa (Tell Me),['2u4u'],285767,2018,False,,0.41700000000000004,0.5710000000000001,0.179,0.28,80.835
6368AeUUux2jOgprdsiOPi,New Battles Pt. II,['2u4u'],109940,2018,True,,0.514,0.857,0.0512,0.7659999999999999,86.009
3lcJP77GCR62yE9LFaon6Y,Нити ДНК,"['Куртки Кобейна', 'Bi-2', 'Monetochka']",308744,2019,False,,0.758,0.768,0.0175,0.45799999999999996,121.98899999999999
7v7u6vduUywDjnZ6FJTamV,Люди на эскалаторах,"['Куртки Кобейна', 'Bi-2', 'Leonid Agutin', 'Manizha']",240453,2019,False,,0.769,0.9129999999999999,0.0008619999999999999,0.816,120.09700000000001
4b9feMbnEqeIuBG5CtMffW,Охота на кузнечиков,"['Куртки Кобейна', 'Bi-2', 'Diana Arbenina']",243000,2019,False,,0.654,0.828,0.00731,0.14400000000000002,105.988
6dTvqSQoI3ixTBND4XcMMu,No Order,"['Куртки Кобейна', 'Шура Би-2', 'Ace MarCano', 'Midnight Faces', 'Chad Channing']",306907,2019,False,,0.546,0.809,0.00331,0.242,140.012
32c4rmKeSwhFflkvL3sJMF,Молитвы мёртвых,"['Куртки Кобейна', 'Bi-2', 'Глеб Колядин']",429188,2019,False,,0.7609999999999999,0.529,0.138,0.23600000000000002,107.99799999999999
0R63QK2LD65PdPaI9jUdd9,Змея,"['Куртки Кобейна', 'Bi-2', 'Zventa Sventana']",326780,2019,False,,0.72,0.7759999999999999,0.005379999999999999,0.29100000000000004,123.015
0PEwVF6TStGXMTnQMAk9kl,Sex mit dir,['Apache 207'],173200,2019,True,,0.845,0.5589999999999999,0.375,0.43,119.95100000000001
6hw1Sy9wZ8UCxYGdpKrU6M,Roller,['Apache 207'],157093,2019,True,,0.941,0.758,0.0256,0.6829999999999999,128.017
1COyMUbpLCVDzRBKn4TQY4,Beef,['Apache 207'],146880,2019,True,,0.903,0.715,0.0126,0.42100000000000004,130.065
2PGA1AsJal6cyMNmKyE56q,200 km/h,['Apache 207'],163147,2019,True,,0.899,0.67,0.26899999999999996,0.413,148.065
6jbzGtCG4O7GDWYB224h9C,Keine Fragen,['Apache 207'],173827,2019,True,,0.7859999999999999,0.716,0.389,0.516,130.004
6dNB3XdAzx7kTf5wa8Rg89,Wieso tust Du dir das an?,['Apache 207'],176067,2019,True,,0.857,0.473,0.29600000000000004,0.461,133.966
3uhTOxvu2h2YEm0uPNF2vi,Doch in der Nacht,['Apache 207'],191760,2019,True,,0.9,0.8320000000000001,0.121,0.706,130.994
3aOICrSrJP0LgjBGyq7P0R,Grey Goose,['Apache 207'],166667,2019,True,,0.696,0.456,0.205,0.355,127.932
1R12cEzkDD40twWg50l3qS,2Pac,['Future'],200907,2014,True,,0.648,0.621,0.013999999999999999,0.479,136.001
1qqD0JUpvYYilQ2GFdk8Jo,Let a Day Together Be Christmas,['23rd Hour'],194770,2018,False,,0.433,0.401,0.594,0.499,89.86200000000002
3OdSaYyL6pNLNtyjYhmQNa,Have You Noticed the Season?,['23rd Hour'],225560,2018,False,,0.39299999999999996,0.597,0.43,0.5870000000000001,157.738
79PV3144iA18JqEzkNTJQ9,Thanksgiving (Solo Acoustic Guitar),['23rd Hour'],136720,2018,False,,0.435,0.165,0.85,0.272,175.368
3dod9MulIN71XJKPxwe0Nm,Silent Night / Away in a Manger (Solo Acoustic Guitar),['23rd Hour'],180420,2018,False,,0.632,0.221,0.924,0.318,130.265
6otulAl28Kvu6hGk6W6kca,My Favorite Things,['23rd Hour'],210000,2018,False,,0.726,0.278,0.8909999999999999,0.6409999999999999,94.97399999999999
5IDZwwqD8wfB9IhoeS1T8F,I'll Be Home for Christmas,['23rd Hour'],219200,2018,False,,0.47200000000000003,0.128,0.843,0.249,179.868
6Fdp489u1cc9sCc4Th4v9g,It Came Upon a Midnight Clear,['23rd Hour'],176100,2018,False,,0.469,0.257,0.802,0.423,104.727
0d2s38lhx7xv7VInI0J5GF,O Christmas Tree (Solo Acoustic Guitar),['23rd Hour'],153320,2018,False,,0.361,0.182,0.9059999999999999,0.682,180.31400000000002
0WCDGNrmRbyu3jwbIqWphk,Douce Nuit / Silent Night,['23rd Hour'],276410,2018,False,,0.35,0.149,0.885,0.222,140.19299999999998
2Fpnm7xLo2nVB7UrxK9yAe,2 G's,['Aitch'],199800,2019,True,,0.5820000000000001,0.6,0.179,0.606,96.926
7eAJEMhjeQLLp4HSdJJ58b,Unterwegs,['Apache 207'],172227,2020,False,,0.706,0.772,0.376,0.304,99.186
3B4jo3a0OBIbkStWS9sCsk,2,['Zelooperz'],122547,2020,True,,0.915,0.662,0.12300000000000001,0.491,134.033
2FqqVHvC4eKrsk97vpMRid,Focus (feat. 21 Savage),"['Bazzi', '21 Savage']",155134,2019,True,,0.752,0.703,0.006940000000000001,0.5379999999999999,77.021
7dbz9OzTNCYTi5vV0O0sR4,2018,['Midwife'],354728,2020,False,,0.35200000000000004,0.153,0.7490000000000001,0.0348,100.52
5PBarHCkrRfA2RXxwmag1V,Turn Up,"['Emmerson', '2 flames']",194400,2020,False,,0.8059999999999999,0.787,0.198,0.885,100.01299999999999
3iKU4vXE3HCBrefjVF0VX6,24 Hours,['GASHI'],249340,2019,True,,0.753,0.501,0.0188,0.0917,123.979
5n1s4vg1FOzZLH3r5aqWAu,211,['Jayesfoo'],150038,2020,True,,0.552,0.5489999999999999,0.11900000000000001,0.52,80.007
3bJtEzsSsyYQf8YqHGWwhi,Time For That,['24kGoldn'],187973,2019,True,,0.701,0.774,0.0771,0.606,109.515
0nlRyrZzQzKhpQdT7eDYXW,Ice Cream Man,['24kGoldn'],175020,2018,True,,0.721,0.629,0.000508,0.177,142.912
1lZVUHqCHVlmIfstB2PTQP,20MISSEDCALLS,['polearm'],60317,2020,True,,0.655,0.715,0.322,0.265,167.43099999999995
2jJzDVvuNdINu40wA2GjnG,2THEBOTTOM,['polearm'],60388,2020,False,,0.47700000000000004,0.868,0.502,0.28600000000000003,157.162
14beduxmIw6Jn8mHtgCp5G,2 Waters,['Tuamie'],120088,2019,False,,0.687,0.345,0.0031100000000000004,0.965,88.008
27fHRBChyQCRkSck75a89b,2077 - Original Mix,['Kyurra'],315429,2020,False,,0.645,0.9259999999999999,0.0188,0.0971,140.006
7moVYdv5g5owukIo8cik6o,My Love,"['Kura', '22Bullets']",147000,2019,False,,0.693,0.7390000000000001,0.00795,0.508,129.97
45i2BirArjgyZwG1Azfj9H,213 - Das unheimliche Dorf - Inhaltsangabe,['TKKG'],63947,2019,False,,0.703,0.287,0.4970000000000001,0.835,104.78299999999999
7vF6gehPm00vVAfG6Ip5Fb,213 - Das unheimliche Dorf - Teil 01,['TKKG'],113547,2019,False,,0.521,0.731,0.486,0.475,78.495
3ZNIlSQ7u4thYCxRL2dFf0,213 - Das unheimliche Dorf - Teil 02,['TKKG'],110880,2019,False,,0.488,0.672,0.316,0.522,91.995
6cyHo2G1fHpV6iDDuIljGd,213 - Das unheimliche Dorf - Teil 03,['TKKG'],115293,2019,False,,0.536,0.846,0.337,0.218,111.59299999999999
3FAkzLUjLPPrer76INl4dO,213 - Das unheimliche Dorf - Teil 04,['TKKG'],104893,2019,False,,0.696,0.5,0.28600000000000003,0.722,111.781
0owvlU79UF43eZHXnlJQge,213 - Das unheimliche Dorf - Teil 05,['TKKG'],115667,2019,False,,0.598,0.41600000000000004,0.52,0.698,73.08800000000002
6EGmrxtPuLzggtnALCiHfU,213 - Das unheimliche Dorf - Teil 06,['TKKG'],110853,2019,False,,0.5660000000000001,0.375,0.163,0.545,98.62899999999999
7thjlLIEjpHrOPuh8IlGE0,213 - Das unheimliche Dorf - Teil 07,['TKKG'],110813,2019,False,,0.584,0.528,0.156,0.37799999999999995,78.919
6DxuSlEjqEf8RxPis7oBc0,213 - Das unheimliche Dorf - Teil 08,['TKKG'],116893,2019,False,,0.5539999999999999,0.5820000000000001,0.439,0.45399999999999996,146.593
6AyinTHZ9F742xQRiAs0K2,213 - Das unheimliche Dorf - Teil 09,['TKKG'],106813,2019,False,,0.647,0.446,0.444,0.6579999999999999,92.594
2RjynVItNtGlrp3lpKiWtk,213 - Das unheimliche Dorf - Teil 10,['TKKG'],113973,2019,False,,0.5820000000000001,0.446,0.198,0.3720000000000001,78.661
0Y9tOXnCRLzpvEpjioIF0A,213 - Das unheimliche Dorf - Teil 11,['TKKG'],115987,2019,False,,0.575,0.45,0.569,0.43799999999999994,95.322
2W3AwFeZ4cFqtLJaSGjiDU,213 - Das unheimliche Dorf - Teil 12,['TKKG'],105440,2019,False,,0.589,0.435,0.57,0.384,81.617
3X51FBDLpjFt6YFquFtPt8,213 - Das unheimliche Dorf - Teil 13,['TKKG'],118573,2019,False,,0.6409999999999999,0.35100000000000003,0.37,0.248,81.604
4rqp8wCy4HjJpyuNP79bq6,213 - Das unheimliche Dorf - Teil 14,['TKKG'],114200,2019,False,,0.601,0.501,0.579,0.55,113.492
53rjIbZOz6PvnkO2Ry9wXP,213 - Das unheimliche Dorf - Teil 15,['TKKG'],107080,2019,False,,0.583,0.479,0.515,0.6920000000000001,86.365
77MgnyT6Md3cZh3y3cgxTg,213 - Das unheimliche Dorf - Teil 16,['TKKG'],113707,2019,False,,0.585,0.562,0.353,0.618,108.89299999999999
1bBnpuPUdIDuRFCaFEebbN,213 - Das unheimliche Dorf - Teil 17,['TKKG'],105427,2019,False,,0.601,0.5529999999999999,0.445,0.544,76.755
4YRMhIpj1jn8rWCePzzFSS,213 - Das unheimliche Dorf - Teil 18,['TKKG'],114933,2019,False,,0.6,0.542,0.35100000000000003,0.466,69.89699999999999
1rHuu3JeYMtBg2SVIwAjml,213 - Das unheimliche Dorf - Teil 19,['TKKG'],110333,2019,False,,0.611,0.747,0.325,0.608,110.244
3Tu4lKqLdIS39D7vpevLMG,213 - Das unheimliche Dorf - Teil 20,['TKKG'],111213,2019,False,,0.628,0.6920000000000001,0.555,0.63,95.696
2IANl30g8KfACtUsUde7iq,213 - Das unheimliche Dorf - Teil 21,['TKKG'],112800,2019,False,,0.629,0.61,0.19399999999999998,0.4270000000000001,95.46
0HbLFmeA2NauVycg5E8QLP,213 - Das unheimliche Dorf - Teil 22,['TKKG'],109160,2019,False,,0.7020000000000001,0.513,0.5760000000000001,0.604,70.557
5SzqVX2LoWKD5Lf6pZIXBm,213 - Das unheimliche Dorf - Teil 23,['TKKG'],122280,2019,False,,0.5379999999999999,0.523,0.424,0.509,82.934
0yehBvu51PEBcfLEturQhU,213 - Das unheimliche Dorf - Teil 24,['TKKG'],106293,2019,False,,0.5720000000000001,0.626,0.158,0.47700000000000004,55.61
2luBqnjYvoYBJ7ylic9c4y,213 - Das unheimliche Dorf - Teil 25,['TKKG'],112947,2019,False,,0.45899999999999996,0.4920000000000001,0.446,0.21899999999999997,129.776
3htxv7twWbb0RqsKhsAduZ,213 - Das unheimliche Dorf - Teil 26,['TKKG'],115333,2019,False,,0.486,0.637,0.213,0.342,76.07600000000002
1BrykMRi4O9x6LgUrdTKeq,213 - Das unheimliche Dorf - Teil 27,['TKKG'],106933,2019,False,,0.721,0.539,0.524,0.604,80.241
1a8n13Hlogu4JfesFhGByO,213 - Das unheimliche Dorf - Teil 28,['TKKG'],111400,2019,False,,0.605,0.546,0.512,0.562,90.11
3n6n6CRuPSYm43L3heLAgS,213 - Das unheimliche Dorf - Teil 29,['TKKG'],111800,2019,False,,0.621,0.505,0.21100000000000002,0.574,104.70100000000001
1A8N4n9frIH9KWR1xQsf3t,213 - Das unheimliche Dorf - Teil 30,['TKKG'],113787,2019,False,,0.542,0.507,0.133,0.6409999999999999,135.93
5dtmyMVte9O8ztlmZ8Ilux,213 - Das unheimliche Dorf - Teil 31,['TKKG'],111573,2019,False,,0.541,0.5579999999999999,0.37799999999999995,0.486,83.86399999999998
3AQ9nTPAH16xAmqmIF1kon,213 - Das unheimliche Dorf - Teil 32,['TKKG'],117973,2019,False,,0.496,0.581,0.259,0.34299999999999997,77.331
3X0QD1Qpubxim4he3csr8x,213 - Das unheimliche Dorf - Teil 33,['TKKG'],106960,2019,False,,0.682,0.59,0.32299999999999995,0.5589999999999999,77.546
5IARMepXbYXTO1F9Aji5KV,213 - Das unheimliche Dorf - Teil 34,['TKKG'],110147,2019,False,,0.5579999999999999,0.684,0.6990000000000001,0.635,65.888
7vgiZyWu3wN8A2dENIK4Bs,213 - Das unheimliche Dorf - Teil 35,['TKKG'],112467,2019,False,,0.53,0.441,0.366,0.5589999999999999,75.209
6v1aEZmYfp5i5Lo0HKsUXt,213 - Das unheimliche Dorf - Teil 36,['TKKG'],111413,2019,False,,0.606,0.511,0.48700000000000004,0.653,63.303999999999995
1BxjLL8i43h2Swbqqn5Dlx,213 - Das unheimliche Dorf - Teil 37,['TKKG'],118693,2019,False,,0.56,0.523,0.665,0.6729999999999999,75.199
7LcYfYRyPCrUUj1sEHeH2G,213 - Das unheimliche Dorf - Teil 38,['TKKG'],104933,2019,False,,0.684,0.608,0.725,0.565,115.412
0OFEFTqElrssmu6izwIIEF,213 - Das unheimliche Dorf - Teil 39,['TKKG'],116027,2019,False,,0.583,0.649,0.294,0.598,136.359
64I2gwEuW0CiBZCUzlugdy,213 - Das unheimliche Dorf - Teil 40,['TKKG'],103987,2019,False,,0.578,0.488,0.626,0.733,80.563
70bMVG3kCgJ3Ir5WLbeekt,213 - Das unheimliche Dorf - Outro,['TKKG'],58987,2019,False,,0.8370000000000001,0.16399999999999998,0.465,0.6829999999999999,38.938
5igpnGbgbeAk244My4AzV5,Focus (feat. 21 Savage),"['Bazzi', '21 Savage']",155134,2019,True,,0.752,0.703,0.006940000000000001,0.5379999999999999,77.021
0JPckSgQybw9wReibExCac,Break the Chains,['24-7 Spyz'],248240,2017,False,,0.304,0.805,0.008740000000000001,0.5660000000000001,174.639
1knrFHDAkrnmOSzPMKnT6a,212 - Tyrannei Kommando Eins - Inhaltsangabe,['TKKG'],50453,2019,False,,0.804,0.271,0.4320000000000001,0.7929999999999999,38.606
3hdP2YqAEInrPjkNX40BnA,212 - Tyrannei Kommando Eins - Teil 01,['TKKG'],86133,2019,False,,0.632,0.735,0.705,0.47600000000000003,112.646
0ep9MPiXN6xcsTeXNMFUVI,212 - Tyrannei Kommando Eins - Teil 02,['TKKG'],88853,2019,False,,0.659,0.44299999999999995,0.58,0.794,141.559
1sJVCvl3XQHYJdqygeWNsz,212 - Tyrannei Kommando Eins - Teil 03,['TKKG'],86680,2019,False,,0.613,0.43,0.44,0.488,81.398
2apa0XqNMlZKwo1TBZaICn,212 - Tyrannei Kommando Eins - Teil 04,['TKKG'],86867,2019,False,,0.7390000000000001,0.36200000000000004,0.574,0.562,82.499
5bqENlZr2d1nhVeu12RlcG,212 - Tyrannei Kommando Eins - Teil 05,['TKKG'],89227,2019,False,,0.679,0.489,0.141,0.6759999999999999,125.848
2aUAyklxJFi2w8b8PnLE0k,212 - Tyrannei Kommando Eins - Teil 06,['TKKG'],88080,2019,False,,0.6829999999999999,0.539,0.518,0.9,87.62899999999998
5E12oA4p7cTTEU5942z8rp,212 - Tyrannei Kommando Eins - Teil 07,['TKKG'],90533,2019,False,,0.632,0.521,0.402,0.809,84.64399999999998
3WNfm3Ff5g0NCbvIKWLX0F,212 - Tyrannei Kommando Eins - Teil 08,['TKKG'],83040,2019,False,,0.633,0.45899999999999996,0.537,0.6709999999999999,78.561
3dRINF6Hwa1arYoHkHAXdK,212 - Tyrannei Kommando Eins - Teil 09,['TKKG'],93667,2019,False,,0.7390000000000001,0.4920000000000001,0.287,0.47200000000000003,64.774
444gaU5gfCy90PMSTWVarX,212 - Tyrannei Kommando Eins - Teil 10,['TKKG'],89507,2019,False,,0.718,0.508,0.623,0.586,122.287
1S62J6E3t2OaG6QuRZxJHp,212 - Tyrannei Kommando Eins - Teil 11,['TKKG'],90667,2019,False,,0.696,0.608,0.3720000000000001,0.6759999999999999,87.551
1Y15f3ZcRBeVEGVu0Iz1Fy,212 - Tyrannei Kommando Eins - Teil 12,['TKKG'],83467,2019,False,,0.7440000000000001,0.659,0.629,0.773,79.876
3NQlGrQgaZd6v1yjaZKiZF,212 - Tyrannei Kommando Eins - Teil 13,['TKKG'],85320,2019,False,,0.617,0.614,0.42100000000000004,0.7879999999999999,85.363
6KBKS2ehFN3t6LXYUMozaI,212 - Tyrannei Kommando Eins - Teil 14,['TKKG'],87253,2019,False,,0.584,0.531,0.512,0.584,138.993
4W6FcCQX8zrweauP7gZB6j,212 - Tyrannei Kommando Eins - Teil 15,['TKKG'],91573,2019,False,,0.718,0.522,0.381,0.696,62.794
7AuR5XflHjrQs5iD1UcRfK,212 - Tyrannei Kommando Eins - Teil 16,['TKKG'],86440,2019,False,,0.57,0.5820000000000001,0.46,0.725,81.226
0DH2JxfBFCe88FH0IFHtmd,212 - Tyrannei Kommando Eins - Teil 17,['TKKG'],89000,2019,False,,0.622,0.573,0.6709999999999999,0.599,64.697
0fvYQl8kv9ZjJ4OMQB2ldN,212 - Tyrannei Kommando Eins - Teil 18,['TKKG'],89147,2019,False,,0.608,0.513,0.721,0.5770000000000001,84.789
5oahKqEXGqNKQH4YSLzJbr,212 - Tyrannei Kommando Eins - Teil 19,['TKKG'],85907,2019,False,,0.555,0.4920000000000001,0.295,0.574,91.145
3Twh35ejrddMGJLDoLvV5y,212 - Tyrannei Kommando Eins - Teil 20,['TKKG'],88013,2019,False,,0.653,0.479,0.5579999999999999,0.679,78.54899999999998
3Ly7lCF4EOmu58MC3NHf4u,212 - Tyrannei Kommando Eins - Teil 21,['TKKG'],91067,2019,False,,0.6659999999999999,0.47100000000000003,0.609,0.732,91.56299999999999
4KCzOQPKPTLLi6a3Qvj6Xc,212 - Tyrannei Kommando Eins - Teil 22,['TKKG'],82200,2019,False,,0.634,0.515,0.45,0.767,81.105
60LNFl71EC6tPRPJsN31vE,212 - Tyrannei Kommando Eins - Teil 23,['TKKG'],89787,2019,False,,0.701,0.6809999999999999,0.445,0.674,77.107
2Vj9k2HAPVkLjoGb3KGF8R,212 - Tyrannei Kommando Eins - Teil 24,['TKKG'],91360,2019,False,,0.701,0.794,0.561,0.45799999999999996,120.63
6hfJC4hV1UEBZ2Lftt0qMh,212 - Tyrannei Kommando Eins - Teil 25,['TKKG'],84107,2019,False,,0.6990000000000001,0.5539999999999999,0.249,0.305,80.145
0864Lgf71qJ2y7Fgk7sfgz,212 - Tyrannei Kommando Eins - Teil 26,['TKKG'],86947,2019,False,,0.462,0.294,0.0145,0.0573,85.15299999999998
1uOd3kCrPm1d5A1dRDyBjf,212 - Tyrannei Kommando Eins - Teil 27,['TKKG'],87733,2019,False,,0.725,0.441,0.5710000000000001,0.792,78.413
3ldNX2i4RIJRGDXCBF5L5O,212 - Tyrannei Kommando Eins - Teil 28,['TKKG'],92547,2019,False,,0.621,0.45,0.195,0.502,96.934
6dx84b6Y7DU1s64W6pdD5H,212 - Tyrannei Kommando Eins - Teil 29,['TKKG'],85813,2019,False,,0.654,0.439,0.386,0.66,85.971
0feC8O7yE8J9v29nH4UzQ0,212 - Tyrannei Kommando Eins - Teil 30,['TKKG'],86387,2019,False,,0.769,0.379,0.539,0.789,89.045
6JhRWtVVT9C4xsXbN7mAv0,212 - Tyrannei Kommando Eins - Teil 31,['TKKG'],91920,2019,False,,0.613,0.405,0.304,0.595,58.43899999999999
2hB0fF5FAPQ71PjLtZOOLi,212 - Tyrannei Kommando Eins - Teil 32,['TKKG'],87907,2019,False,,0.733,0.452,0.7170000000000001,0.496,45.016999999999996
1jc6EPuArYWqSlL22xBGv6,212 - Tyrannei Kommando Eins - Teil 33,['TKKG'],87800,2019,False,,0.74,0.475,0.5489999999999999,0.8140000000000001,86.961
4GrzdinbWrVBZRedpNM8Kr,212 - Tyrannei Kommando Eins - Teil 34,['TKKG'],92187,2019,False,,0.6859999999999999,0.376,0.622,0.604,116.125
2ICzlsLDw6rncnd8PnZ8om,212 - Tyrannei Kommando Eins - Teil 35,['TKKG'],81693,2019,False,,0.7040000000000001,0.5329999999999999,0.486,0.382,89.419
1iM7dv31ahd9JLNQUNODpL,212 - Tyrannei Kommando Eins - Teil 36,['TKKG'],83493,2019,False,,0.6890000000000001,0.662,0.502,0.6890000000000001,65.117
5FijASZwNpd2qf6O5DZ626,212 - Tyrannei Kommando Eins - Teil 37,['TKKG'],94693,2019,False,,0.61,0.48100000000000004,0.4,0.496,85.789
0CtXbFRU46Qkd7otvSaX7D,212 - Tyrannei Kommando Eins - Teil 38,['TKKG'],88800,2019,False,,0.643,0.44299999999999995,0.56,0.6890000000000001,91.541
1rddQe567FLjcS1UMh5nIl,212 - Tyrannei Kommando Eins - Teil 39,['TKKG'],85253,2019,False,,0.677,0.48200000000000004,0.537,0.607,99.49700000000001
3D5YPSA39TrbUsO8DOkcoK,212 - Tyrannei Kommando Eins - Teil 40,['TKKG'],59107,2019,False,,0.6779999999999999,0.665,0.7709999999999999,0.855,86.416
7F3qC0IEwBJz40NbkFFVaY,212 - Tyrannei Kommando Eins - Outro,['TKKG'],72200,2019,False,,0.799,0.242,0.414,0.551,37.183
7HJIo8h37dzpnf4zYgmJhl,Puncture Wound - 2Gross Remix,"['2Gross', 'DaVIP', 'Imetic']",256009,2015,False,,0.713,0.884,0.0189,0.193,135.013
7EqoATlXAKNwzv45LAlqRt,23,['Burna Boy'],245920,2020,True,,0.738,0.53,0.16,0.5329999999999999,102.891
5DNQKZAyM1zyibgXSxB5Kb,23,['Burna Boy'],245920,2020,False,,0.6809999999999999,0.525,0.171,0.524,102.72200000000001
3CJfosszZ4LL5aa1Or6V5S,25 Cromwell,['Ilsa'],240555,2015,False,,0.34600000000000003,0.8009999999999999,6.58e-06,0.182,102.04
5jpPuiSfxFPmjJRQyH1Lie,Motivation (with 21 Savage) - Savage Remix,"['Normani', '21 Savage']",204587,2019,False,,0.617,0.898,0.0126,0.88,170.922
1Y8V7yhFFrFjzBQtOH4ap7,28 Liter,['Apache 207'],173227,2020,False,,0.81,0.552,0.0785,0.26899999999999996,109.98899999999999
4CyCHkhRsDXUeP5K4Y3xjU,Sie ruft,['Apache 207'],152013,2020,False,,0.8190000000000001,0.507,0.48200000000000004,0.634,130.009
0QjjaCaXE45mvhCnV3C0TA,Fame,['Apache 207'],173933,2020,False,,0.813,0.659,0.185,0.507,129.965
0DRBQsCUcl3H3NTRPxXsU2,Beifahrersitz,['Apache 207'],179587,2020,False,,0.91,0.654,0.0795,0.39899999999999997,110.992
7oJW8vNkosiWuKJtsq3mZs,Unterwegs,['Apache 207'],172227,2020,False,,0.706,0.772,0.376,0.304,99.186
2WRTnY0slmFgWcrmEr8dPj,Bläulich,['Apache 207'],196213,2020,False,,0.79,0.7040000000000001,0.069,0.212,154.007
3VXJy5nUYOuOw4nXsAIHrH,Stimmen,['Apache 207'],196093,2020,False,,0.873,0.5920000000000001,0.376,0.518,130.126
12KENAKQY5JvAsRURN7TzB,Boot,['Apache 207'],193360,2020,False,,0.534,0.565,0.0627,0.529,194.03400000000002
3EmCRdONSwuGJJJWPghRjd,Auf und Ab,['Apache 207'],160027,2020,False,,0.955,0.494,0.258,0.42,107.007
2hkOwMb5AzWK8aW2wKQZ7t,Nur noch einen Schluck,['Apache 207'],178587,2020,False,,0.802,0.67,0.0227,0.528,130.048
6TL7b76AWgto4ulxoUB3qB,Nie verstehen,['Apache 207'],177600,2020,False,,0.785,0.7390000000000001,0.0568,0.6459999999999999,121.5
0CflhdVVA63j3oxaqNSUzC,Matrix,['Apache 207'],184760,2020,False,,0.8140000000000001,0.524,0.754,0.39399999999999996,114.98700000000001
6CZanHyEOyRH9LXLOO6eNl,See You Later (NOW What's Next!),['Alexander 23'],162160,2020,False,,0.579,0.8059999999999999,0.654,0.79,154.084
3aqYK25rv8e56CLPMkJHzV,2020,['Randolph'],140678,2020,True,,0.737,0.63,0.828,0.511,88.45100000000002
3GuTjbiqv4Pv05J8OgrvBg,Parking Lot Pimpin',"['WawMart', '2 Chainz']",135747,2019,True,,0.664,0.78,0.00324,0.755,138.92600000000002
5GY7KtrY17cJd3YrfUmMA5,211 - Geiselnahme im Villenviertel - Inhaltsangabe,['TKKG'],42187,2019,False,,0.698,0.248,0.361,0.7879999999999999,101.899
3JrNTPxCLJGdz4c5w3Wp16,211 - Geiselnahme im Villenviertel - Teil 01,['TKKG'],104920,2019,False,,0.634,0.71,0.731,0.614,84.773
2l6HDehMyzuyBfoHOvsi4h,211 - Geiselnahme im Villenviertel - Teil 02,['TKKG'],107760,2019,False,,0.672,0.57,0.654,0.7490000000000001,109.652
1NVygqY7WIuL80T4S86Uux,211 - Geiselnahme im Villenviertel - Teil 03,['TKKG'],106067,2019,False,,0.672,0.495,0.529,0.5529999999999999,104.691
7h7ZPlzXWuZZHWJFrhcohv,211 - Geiselnahme im Villenviertel - Teil 04,['TKKG'],115253,2019,False,,0.649,0.484,0.46399999999999997,0.648,108.835
1uAPHTrpaxo8z9n0beVRnu,211 - Geiselnahme im Villenviertel - Teil 05,['TKKG'],109867,2019,False,,0.6709999999999999,0.43,0.557,0.54,84.965
5sT05HirauPjNRN9p77xR1,211 - Geiselnahme im Villenviertel - Teil 06,['TKKG'],97067,2019,False,,0.675,0.599,0.284,0.6,82.962
4gJDalj2ciR8v3oJCh28bl,211 - Geiselnahme im Villenviertel - Teil 07,['TKKG'],129200,2019,False,,0.682,0.479,0.31,0.628,86.69
1ilW00ZtdTq1XfxwHQdp4m,211 - Geiselnahme im Villenviertel - Teil 08,['TKKG'],94987,2019,False,,0.654,0.392,0.309,0.6970000000000001,88.285
6YvRmpPOg7ioBexXvjFzFM,211 - Geiselnahme im Villenviertel - Teil 09,['TKKG'],123413,2019,False,,0.6940000000000001,0.557,0.354,0.6609999999999999,98.885
1q8IjHOYLLZ3L9iewfgyai,211 - Geiselnahme im Villenviertel - Teil 10,['TKKG'],98453,2019,False,,0.643,0.489,0.33899999999999997,0.555,103.697
45mTRTTLsqbZrP1zjHEK1y,211 - Geiselnahme im Villenviertel - Teil 11,['TKKG'],113707,2019,False,,0.65,0.618,0.26,0.6990000000000001,109.609
3fn8GDe4w6axYq0wPrZxd7,211 - Geiselnahme im Villenviertel - Teil 12,['TKKG'],107013,2019,False,,0.574,0.634,0.391,0.41600000000000004,83.20100000000002
7kK6BYucp3ELJNMIDSNVAL,211 - Geiselnahme im Villenviertel - Teil 13,['TKKG'],105133,2019,False,,0.5429999999999999,0.483,0.71,0.462,167.24900000000005
2ZVZm39GHxPIkmYsMegHQp,211 - Geiselnahme im Villenviertel - Teil 14,['TKKG'],108640,2019,False,,0.5720000000000001,0.4,0.218,0.387,85.64299999999999
5H1kR0K6tuGiG8bna1eu0V,211 - Geiselnahme im Villenviertel - Teil 15,['TKKG'],116547,2019,False,,0.6779999999999999,0.6659999999999999,0.318,0.504,64.983
6fBXLvKncEYtmknLAHPALP,211 - Geiselnahme im Villenviertel - Teil 16,['TKKG'],106360,2019,False,,0.506,0.6709999999999999,0.5770000000000001,0.446,69.762
2tbNAMGEyDoVbMGkIQbpO9,211 - Geiselnahme im Villenviertel - Teil 17,['TKKG'],97013,2019,False,,0.644,0.344,0.523,0.653,127.384
6n1Tf0JrTQI0QpoSKzjQvC,211 - Geiselnahme im Villenviertel - Teil 18,['TKKG'],121373,2019,False,,0.659,0.42200000000000004,0.8029999999999999,0.615,99.98
4kTti1itk7jtf2ncZ2nDVi,211 - Geiselnahme im Villenviertel - Teil 19,['TKKG'],106987,2019,False,,0.687,0.53,0.52,0.555,120.274
6r06wJ29eBfxKVW6PPE6YD,211 - Geiselnahme im Villenviertel - Teil 20,['TKKG'],112947,2019,False,,0.649,0.433,0.585,0.723,87.214
5nAZznN2PYfe073ZysKjtD,211 - Geiselnahme im Villenviertel - Teil 21,['TKKG'],106293,2019,False,,0.706,0.447,0.639,0.753,88.302
5vz8MIUbHFz1AwZr6jjy87,211 - Geiselnahme im Villenviertel - Teil 22,['TKKG'],104787,2019,False,,0.733,0.4370000000000001,0.65,0.67,100.868
70UUviZ2dpzYdFbOE7v860,211 - Geiselnahme im Villenviertel - Teil 23,['TKKG'],108307,2019,False,,0.61,0.474,0.105,0.42,92.66
102DdlK7wYnAHmSXeJQEne,211 - Geiselnahme im Villenviertel - Teil 24,['TKKG'],119413,2019,False,,0.643,0.523,0.34299999999999997,0.568,111.73899999999999
2tpOwP2ign7VtefKrctdq2,211 - Geiselnahme im Villenviertel - Teil 25,['TKKG'],97040,2019,False,,0.715,0.633,0.852,0.754,59.073
0vpil8iveeBgmBi48t7j6S,211 - Geiselnahme im Villenviertel - Teil 26,['TKKG'],111227,2019,False,,0.629,0.767,0.812,0.6759999999999999,126.383
3QwCezXYpW1vK8ExOCJpqW,211 - Geiselnahme im Villenviertel - Teil 27,['TKKG'],111747,2019,False,,0.652,0.745,0.8320000000000001,0.513,128.347
1qyFOrlbXXYd1F5hmIMBeV,211 - Geiselnahme im Villenviertel - Teil 28,['TKKG'],96587,2019,False,,0.521,0.45799999999999996,0.21600000000000005,0.523,179.22400000000005
37cgeyZ5NTOOG8IWLByrZ5,211 - Geiselnahme im Villenviertel - Teil 29,['TKKG'],115947,2019,False,,0.754,0.366,0.855,0.67,104.38799999999999
2Mi5VqkblahbKcoubZSiGI,211 - Geiselnahme im Villenviertel - Teil 30,['TKKG'],112293,2019,False,,0.767,0.354,0.8959999999999999,0.562,66.836
0nvG8Xt88FqB6oY1WcQWRy,211 - Geiselnahme im Villenviertel - Teil 31,['TKKG'],107973,2019,False,,0.71,0.305,0.867,0.5870000000000001,113.40799999999999
5TPLGQlUV1qHB8RVIX3Otr,211 - Geiselnahme im Villenviertel - Teil 32,['TKKG'],116933,2019,False,,0.7020000000000001,0.47600000000000003,0.33299999999999996,0.52,117.366
5t1GB1IMOfxKfansuOAfcH,211 - Geiselnahme im Villenviertel - Teil 33,['TKKG'],92240,2019,False,,0.738,0.5589999999999999,0.359,0.6629999999999999,90.21799999999999
3TjpfUbIXAuYDW2fQrSUmI,211 - Geiselnahme im Villenviertel - Teil 34,['TKKG'],117120,2019,False,,0.715,0.517,0.504,0.662,64.018
1dJrtnQpnaBakIwbtStC9S,211 - Geiselnahme im Villenviertel - Teil 35,['TKKG'],110053,2019,False,,0.631,0.467,0.142,0.65,111.20299999999999
1pYzFw5OK3IvSDobKvBsFC,211 - Geiselnahme im Villenviertel - Teil 36,['TKKG'],111213,2019,False,,0.551,0.529,0.268,0.256,79.39699999999998
14lvtEfVEZ4jr4U4LYZLzh,211 - Geiselnahme im Villenviertel - Teil 37,['TKKG'],96400,2019,False,,0.599,0.618,0.21100000000000002,0.8029999999999999,85.48700000000002
01Yl8BgYMaA7PIyiIDSAHE,211 - Geiselnahme im Villenviertel - Teil 38,['TKKG'],109933,2019,False,,0.72,0.624,0.528,0.585,89.774
4VZ22yZlTwoR9ARVqBr9UY,211 - Geiselnahme im Villenviertel - Teil 39,['TKKG'],106627,2019,False,,0.653,0.45299999999999996,0.557,0.583,118.499
4jFPRfnEaGkn5Bi1xAao1D,211 - Geiselnahme im Villenviertel - Teil 40,['TKKG'],101160,2019,False,,0.557,0.7709999999999999,0.612,0.635,82.314
5k105qvI4A0bmnZU8XyRa2,211 - Geiselnahme im Villenviertel - Outro,['TKKG'],93720,2019,False,,0.6920000000000001,0.23199999999999998,0.168,0.4320000000000001,85.92
1USn35N6QjCCqcf8nyffro,2001/19 outro,['Freddy Fargo'],151625,2020,False,,0.39299999999999996,0.48100000000000004,0.306,0.37,166.05
58Ij3BJDXo9l9MRDz1cmZp,Clouted,"['AJ2K', '27CLVB']",105927,2020,True,,0.9209999999999999,0.344,0.012,0.64,135.967
2hbYIHn59EiclGM4sC1wX3,20-20 Vision,['Bassholes'],232600,2012,False,,0.39899999999999997,0.536,0.0891,0.405,145.605
6qQ39E5MAifSp1xMsVW1I4,Jack's Got A Problem,['20/20'],259111,1983,False,,0.662,0.551,0.0036200000000000004,0.7040000000000001,140.12
4pqQi16LqUM197OoTXbg7e,Fast Car(Remix Version),['20/20'],179746,1983,False,,0.31,0.7879999999999999,0.00939,0.757,164.138
0XbDYkqb1oVMYuFCMxFenv,Sex Trap(Remix Version),['20/20'],238144,1983,False,,0.364,0.8140000000000001,0.00144,0.904,165.332
6DtKPN0qhElVKGrDVi13Ij,We Can Fly,['20/20'],169482,1983,False,,0.445,0.826,0.00263,0.865,154.112
11vOnRDVSbIstm59BZDcQJ,Please Please(Listen To Me),['20/20'],232200,1983,False,,0.511,0.4,0.0515,0.48100000000000004,100.853
11VhWsrcCb7pQsgtlXd7g4,Howard,['20/20'],208933,1983,False,,0.31,0.9159999999999999,0.0154,0.6659999999999999,156.44799999999995
1VsGdT4CFV7PQksNmR57uE,Overload,['20/20'],238492,1983,False,,0.6609999999999999,0.76,0.0054399999999999995,0.924,127.037
4IdQmJPIbPJlOYhKhSYYYo,Walking Downtown,['20/20'],192842,1983,False,,0.5379999999999999,0.754,0.0024,0.746,146.57
1DyIqO2LYuNncJREyjTEDh,Bad Night,['20/20'],187501,1983,False,,0.565,0.785,0.0038,0.76,143.095
210qd2USroSo1Kp40U7q7c,Haunted People Go,['20/20'],172965,1983,False,,0.515,0.764,0.0255,0.8290000000000001,170.50799999999995
0CHJUdG0nZzCAOYtDIjRjD,Kick It Up Twice,['20/20'],198763,1983,False,,0.34299999999999997,0.9009999999999999,0.0007059999999999999,0.8690000000000001,194.696
0kBdlTQc6mqWYdASvzVOM2,The Best Of Your Life,['20/20'],277339,1983,False,,0.537,0.6679999999999999,0.00044100000000000004,0.706,145.679
3Y4tI3vFyjGC1IjSH3HR8a,Fast Car,['20/20'],179815,1983,False,,0.366,0.7859999999999999,0.00515,0.7809999999999999,164.429
0pHBZl1Q9FezPox64wF4Ql,Sex Trap,['20/20'],227857,1983,False,,0.38799999999999996,0.871,0.000647,0.9109999999999999,166.175
43QTcdgtITFWa1217GyzDd,Девушки,['Bi-2'],225133,2012,False,,0.64,0.897,0.0038299999999999996,0.511,124.962
64vTIrYXwMD38pPEFIyNJA,Оптимист,['Bi-2'],321747,2012,False,,0.5760000000000001,0.8909999999999999,6.759999999999999e-05,0.191,125.027
0IV9D62yearLFtwsIHJ03J,Заноза,['Bi-2'],243053,2012,False,,0.534,0.889,7.36e-05,0.591,126.05
1yFhLRk7JPGVNM5EtPSiPz,Любовь и ненависть,['Bi-2'],374613,2012,False,,0.6459999999999999,0.8590000000000001,0.00926,0.745,120.051
3koeoRRcFzxoq6NtgPXrdP,Безвоздушная тревога,"['Bi-2', 'Tamara Gverdtsiteli']",315627,2012,False,,0.48,0.903,0.0705,0.44,179.979
6a9O9ictXTaWA6jlOmedS9,Блеф,['Bi-2'],258493,2012,False,,0.606,0.9309999999999999,0.0022600000000000003,0.8059999999999999,124.999
4qe9A1099dw4DWQtrS28Ve,Блюз,"['Bi-2', 'Настя Полева']",306600,2012,False,,0.302,0.6659999999999999,0.35600000000000004,0.107,169.493
2I86UGaHOSZJjFvdftuZtZ,1000 миль,['Bi-2'],266053,2012,False,,0.579,0.9109999999999999,0.0397,0.389,120.1
5rWjqGehAKQr4RE6KZNSwp,Гонка за жизнь,['Bi-2'],236040,2012,False,,0.546,0.925,0.00236,0.57,120.024
1aI1rsu5mczsH0WmNO63o9,Северная лень,['Bi-2'],216520,2012,False,,0.6659999999999999,0.8240000000000001,0.0046700000000000005,0.698,110.02799999999999
3yEwHkeXTlqwkIrwf2tLtn,Место под солнцем,['Bi-2'],244667,2012,False,,0.8029999999999999,0.728,0.0141,0.758,92.00399999999999
4SoXv5KBB0b7dDjiLXlcnz,Молитва,['Bi-2'],337867,2012,False,,0.55,0.624,0.179,0.21100000000000002,140.075
1V06bs64cp9kNPkBB2IeRp,Остров,"['Bi-2', 'Piknik']",236800,2012,False,,0.7020000000000001,0.958,0.0024100000000000002,0.7659999999999999,133.958
6b2qiIwLlqPVOOOKtDMbQO,Время Луны,['Bi-2'],178627,2012,False,,0.418,0.97,0.0024100000000000002,0.507,170.007
7w58yetjnSuH3vOIvZl8sa,Бегущий по лезвию бритвы,"['Bi-2', 'Varya Demidova']",290373,2012,False,,0.63,0.861,0.1,0.226,89.999
5RvP0X4gpk7GDK5rMgaVdR,Февраль,"['Bi-2', 'Юлия Чичерина']",290893,2012,False,,0.7090000000000001,0.8540000000000001,0.0527,0.732,110.00299999999999
7qRTrU9W2f2Tt1WDjkXJn8,Не свернуть (на огни),['Bi-2'],234760,2012,False,,0.551,0.552,0.47200000000000003,0.784,79.892
3nqPgyKXZtBTWN1wVu5G0C,Last Call,['24-7 Spyz'],286933,2019,False,,0.41600000000000004,0.865,0.015,0.371,131.64600000000002
5j8fi3IRcWH1B0RyPIPKl1,DROPPED OUTTA COLLEGE,['24kGoldn'],127613,2019,True,,0.9109999999999999,0.37799999999999995,0.0116,0.19,120.044
0FiDhkJe8joEuKuE9nMwcV,THE GRAM (feat. Fetty Wap),"['24kGoldn', 'Fetty Wap']",198440,2019,True,,0.7909999999999999,0.64,0.0556,0.599,141.049
5i0CPHrNBNFcEyPKIyDzKn,MY BED,['24kGoldn'],121507,2019,True,,0.7340000000000001,0.552,0.139,0.601,127.96
22n3yEminj4AL8wHbyqQMt,CITY OF ANGELS,['24kGoldn'],112493,2019,False,,0.6859999999999999,0.541,0.042,0.7240000000000001,120.08200000000001
5m0IbXvcU0WFJC6HVyl78e,VALENTINO,['24kGoldn'],179133,2019,True,,0.747,0.7170000000000001,0.19899999999999998,0.523,150.965
1SYxOPGC3KzjIWRhnqgVow,GAMES ON YOUR PHONE,['24kGoldn'],150933,2019,True,,0.6829999999999999,0.607,0.15,0.496,152.945
3O4JrloJxuVovz06Q3U0m3,BEEN HERE BEFORE,['24kGoldn'],189160,2019,False,,0.665,0.7959999999999999,0.0229,0.102,99.012
6tgX9d6XpcCSeeHxzLqBjt,A LOT TO LOSE,['24kGoldn'],180747,2019,False,,0.608,0.7659999999999999,0.193,0.425,159.999
2ZW6w3NPw4lZf4Li0UBOwL,CITY OF ANGELS - LLusion Funk Remix,"['24kGoldn', 'Llusion']",124000,2019,False,,0.856,0.616,0.233,0.8859999999999999,120.165
6eS0wBVWhhFmT1ufmMMh2G,VALENTINO (feat. Lil Tjay) - Remix,"['24kGoldn', 'Lil Tjay']",198964,2019,True,,0.7440000000000001,0.557,0.14300000000000002,0.66,151.054
1r7MrNL4fRwFjq5h9u5Zdf,Water Run Dry,"['Chelsea Collins', '24kGoldn']",164302,2020,True,,0.7290000000000001,0.644,0.293,0.391,156.025
2MmaW85HooP2VnOEDn83Ph,CITY OF ANGELS (Nitro Remix),"['24kGoldn', 'Nitro']",176303,2020,False,,0.7340000000000001,0.593,0.239,0.682,119.991
14tKxVL8OkwnCt0yMjYIOP,CITY OF ANGELS (Sero Remix),"['24kGoldn', 'Sero']",176898,2020,True,,0.705,0.5760000000000001,0.0416,0.711,120.089
660BgHpKo1jhR9MMSFn7CF,VALENTINO - Imanbek Remix,"['24kGoldn', 'Imanbek']",177975,2020,True,,0.7909999999999999,0.795,0.0161,0.963,124.007
5J09DPkZyVw06NCnyaYk9t,Arctic Sunset,"['Silent Sabotuers', '2bdetermined']",301774,2009,True,,0.359,0.588,0.391,0.128,74.571
32OnEq4Q6yoIYmorIPK5rp,Frostbite,"['Silent Sabotuers', '2bdetermined']",242158,2009,True,,0.57,0.705,0.478,0.37,72.827
695ta4IjbOT1qj12bA9fjM,Hot Aire,"['Silent Sabotuers', '2bdetermined']",227704,2009,True,,0.3720000000000001,0.701,0.159,0.537,88.198
2xEyclHzLJU0CwKiQ4DwJ4,VALENTINO - Imanbek Remix,"['24kGoldn', 'Imanbek']",177975,2020,False,,0.785,0.825,0.0133,0.966,124.061
4IhNBvnffx7pvHp7IM2n7h,CITY OF ANGELS (feat. Larry) - Larry Remix,"['24kGoldn', 'Larry']",113500,2020,False,,0.784,0.436,0.0937,0.826,120.08
4829T7aCXt8VGIiE9kHrUt,23 (Years) [Live at Monty Hall],['Eyelids'],298067,2018,False,,0.402,0.733,0.0117,0.42,117.44
1MvNmc92AefUHhlup17uJ2,CITY OF ANGELS (feat. YUNGBLUD) - YUNGBLUD Remix,"['24kGoldn', 'YUNGBLUD']",177139,2020,False,,0.6579999999999999,0.667,0.0367,0.7170000000000001,120.03200000000001
48rW1ILltYWuHTFZTuIPRS,Earthquake,"['KRYPTO9095', '24kGoldn']",142117,2020,False,,0.91,0.442,0.000388,0.168,139.935
2okfdBLRlJaCR4uMJdvqsY,VALENTINO (feat. Lil Tjay) - Remix,"['24kGoldn', 'Lil Tjay']",198964,2019,True,,0.7440000000000001,0.557,0.14300000000000002,0.66,151.054
7tVTYf17rcDEGrr6qHZNqc,DROPPED OUTTA COLLEGE,['24kGoldn'],127613,2019,True,,0.91,0.37799999999999995,0.0116,0.19,120.044
690Iqu1m1EoSrAsot3jams,Workin',['24kGoldn'],132893,2019,True,,0.7509999999999999,0.7140000000000001,0.0119,0.5589999999999999,162.05100000000004
1YTkVMFRNzKojhcPq31Jfs,GAMES ON YOUR PHONE,['24kGoldn'],150947,2019,True,,0.684,0.612,0.168,0.542,152.991
4tATBlCv7q0Aigbn7eVMMO,2002,['Order89'],222912,2019,False,,0.315,0.221,0.8690000000000001,0.0383,180.955
4l1pEoIJvTP4eJzvuoHI4U,A LOT TO LOSE,['24kGoldn'],180760,2019,False,,0.611,0.755,0.20600000000000002,0.429,159.947
0c7K73roy6RW4ebDkf4yGh,VALENTINO,['24kGoldn'],179133,2019,True,,0.745,0.718,0.19699999999999998,0.539,151.097
1ifSWY4HaSSLA4wNCDCqqM,VALENTINO,['24kGoldn'],179226,2019,False,,0.7559999999999999,0.7170000000000001,0.138,0.507,151.094
68vOoilCGPurPT112WSjhk,Heartless,['2Kz'],176000,2020,True,,0.591,0.501,0.46,0.381,119.83200000000001
4rzOBsAx6kz19ej1uQI1TQ,If Rap Don't Work,"['2Kz', 'Jason Packs']",160087,2020,True,,0.8909999999999999,0.758,0.22399999999999998,0.209,128.929
5USHEpavBzTnvHykWrcjdR,Talking Bout,['2Kz'],196000,2020,True,,0.835,0.5870000000000001,0.11699999999999999,0.5,120.053
5jkhRuNzUrvtWLTPey4jbu,Hard Way,"['2Kz', 'Blockboi Twitch']",165000,2020,True,,0.826,0.667,0.217,0.396,79.988
1y3QZlPmfl0Xdqss06X2lR,Live from the Trenches,['2Kz'],148978,2020,True,,0.755,0.615,0.391,0.40399999999999997,115.838
4UtJvkrePOuxM0QZOXDbKE,Ballin' Like Shareef,['24kGoldn'],171311,2018,True,,0.41700000000000004,0.601,0.0007639999999999999,0.442,82.24700000000001
2LCXiFcc7KcZrEHz1OERGt,LIT (feat. 24kGoldn),"['Lonr.', '24kGoldn']",130005,2020,True,,0.74,0.8320000000000001,0.00898,0.5429999999999999,148.015
5Gu64pZcmA4YcVxQcWUoH3,LIT (feat. 24kGoldn),"['Lonr.', '24kGoldn']",130005,2020,False,,0.742,0.843,0.00536,0.527,148.07399999999996
7l2aOzQ1BT8hukdZI3JyTv,2012,['Alex Arrowsmith'],213720,2010,False,,0.638,0.7340000000000001,0.44799999999999995,0.831,119.986
49NUoRAUskQgEqb4cyJYOJ,2 or 3,['Tink'],165840,2020,True,,0.44,0.546,0.243,0.107,84.48700000000002
5kJBMKPwIepUQfyypnHoJO,Officially Blind,['2Baba'],187027,2017,False,,0.6459999999999999,0.91,0.29600000000000004,0.4320000000000001,100.0
3AZDtXY9ycHJVpZBSYKPEO,215 - Verbrechen im Moorsteiner Wald - Inhaltsangabe,['TKKG'],63640,2020,False,,0.682,0.265,0.325,0.8059999999999999,89.07
0VYMzpBpw8MBiYwJDqWQSU,215 - Verbrechen im Moorsteiner Wald - Titelsong,['TKKG'],35960,2020,False,,0.615,0.7659999999999999,0.825,0.976,81.402
00UuEWvW6zaxDOgR4Sm0G6,215 - Verbrechen im Moorsteiner Wald - Teil 02,['TKKG'],104427,2020,False,,0.669,0.585,0.624,0.653,56.37300000000001
5dCLFXCK2yLSVWkUplKhAa,215 - Verbrechen im Moorsteiner Wald - Teil 03,['TKKG'],97827,2020,False,,0.644,0.547,0.36200000000000004,0.7170000000000001,77.266
1n5nI6fnNrzoJlk82WPLrM,215 - Verbrechen im Moorsteiner Wald - Teil 04,['TKKG'],103107,2020,False,,0.573,0.568,0.491,0.675,80.229
1lDFjiCAKwC3RtOSaIFda9,215 - Verbrechen im Moorsteiner Wald - Teil 05,['TKKG'],96640,2020,False,,0.645,0.41700000000000004,0.653,0.6759999999999999,98.64
7ldXitPUk8FkaBLcFf2Yi1,215 - Verbrechen im Moorsteiner Wald - Teil 06,['TKKG'],105973,2020,False,,0.5589999999999999,0.41700000000000004,0.414,0.618,80.944
60Zs9vDNgROJ2MEhmn5FZ0,215 - Verbrechen im Moorsteiner Wald - Teil 07,['TKKG'],96507,2020,False,,0.569,0.447,0.36,0.5539999999999999,154.726
6WqjIgIXK03T4RrnmkGvVE,215 - Verbrechen im Moorsteiner Wald - Teil 08,['TKKG'],101360,2020,False,,0.655,0.51,0.7879999999999999,0.52,131.612
53UtURQskqFKjVrMQer5T8,215 - Verbrechen im Moorsteiner Wald - Teil 09,['TKKG'],120347,2020,False,,0.557,0.48700000000000004,0.7040000000000001,0.45799999999999996,84.85
06L78eveQCN6kn2fFB5xaC,215 - Verbrechen im Moorsteiner Wald - Teil 10,['TKKG'],91933,2020,False,,0.594,0.44799999999999995,0.47,0.611,86.82600000000002
1qKx9777R40RUxfN6MB9fN,215 - Verbrechen im Moorsteiner Wald - Teil 11,['TKKG'],91960,2020,False,,0.662,0.54,0.7340000000000001,0.687,104.95
0SUYsRhjypkq77rb4KeDs1,215 - Verbrechen im Moorsteiner Wald - Teil 12,['TKKG'],100933,2020,False,,0.58,0.5660000000000001,0.545,0.495,130.865
3ZWwHPnUMWjwQRQSPOz7wI,215 - Verbrechen im Moorsteiner Wald - Teil 13,['TKKG'],103040,2020,False,,0.613,0.509,0.5920000000000001,0.61,70.512
1rLZ4wdZ57MxuxARqPD1uz,215 - Verbrechen im Moorsteiner Wald - Teil 14,['TKKG'],99267,2020,False,,0.633,0.545,0.713,0.617,128.68200000000002
7HJ6qPFJ9itJTsipgaPHdr,215 - Verbrechen im Moorsteiner Wald - Teil 15,['TKKG'],93747,2020,False,,0.609,0.381,0.5539999999999999,0.731,62.562
6Be2ErYSnAx8epDWqj9ncs,215 - Verbrechen im Moorsteiner Wald - Teil 16,['TKKG'],107933,2020,False,,0.61,0.552,0.594,0.78,111.78200000000001
0xGYok16gntBOwxYNNCusN,215 - Verbrechen im Moorsteiner Wald - Teil 17,['TKKG'],101973,2020,False,,0.61,0.583,0.597,0.682,115.243
3dpfW8xC1WZLTnTlvgQSEq,215 - Verbrechen im Moorsteiner Wald - Teil 18,['TKKG'],92173,2020,False,,0.703,0.386,0.6459999999999999,0.504,70.467
42tWOJ7KGHsSLj7LhRwABk,215 - Verbrechen im Moorsteiner Wald - Teil 19,['TKKG'],107653,2020,False,,0.6729999999999999,0.42,0.617,0.174,86.33200000000002
34A0vCP692WoeooJplCgWo,215 - Verbrechen im Moorsteiner Wald - Teil 20,['TKKG'],105867,2020,False,,0.625,0.504,0.513,0.228,92.546
1svX50fwHzk5jXQAfPGX7Y,215 - Verbrechen im Moorsteiner Wald - Teil 21,['TKKG'],92467,2020,False,,0.7090000000000001,0.402,0.6920000000000001,0.713,119.079
2DbyZikBJ81PcVMcFn40ts,215 - Verbrechen im Moorsteiner Wald - Teil 22,['TKKG'],98867,2020,False,,0.638,0.336,0.7040000000000001,0.726,145.161
23lKeShB2PGZNYmhjqvkYC,215 - Verbrechen im Moorsteiner Wald - Teil 23,['TKKG'],97507,2020,False,,0.642,0.408,0.54,0.495,141.219
0NIZTJNX87zNYo8Hg9s5em,215 - Verbrechen im Moorsteiner Wald - Teil 24,['TKKG'],109240,2020,False,,0.7490000000000001,0.44299999999999995,0.5770000000000001,0.622,60.047
3k398DTbH2p8ufjjvysxKH,215 - Verbrechen im Moorsteiner Wald - Teil 25,['TKKG'],101293,2020,False,,0.647,0.444,0.547,0.578,134.553
2Zk83u8AQ86b4oTxiWKrmr,215 - Verbrechen im Moorsteiner Wald - Teil 26,['TKKG'],104253,2020,False,,0.6729999999999999,0.451,0.6809999999999999,0.509,89.1
4xiWULg6Oi5RnE2SF0h3WG,215 - Verbrechen im Moorsteiner Wald - Teil 27,['TKKG'],97947,2020,False,,0.583,0.461,0.5329999999999999,0.309,127.33
5CqbaNgze8zaKZr1YU5jze,215 - Verbrechen im Moorsteiner Wald - Teil 28,['TKKG'],105413,2020,False,,0.5770000000000001,0.455,0.426,0.149,154.299
1AF1t2LazSIpbWojyxfZ4j,215 - Verbrechen im Moorsteiner Wald - Teil 29,['TKKG'],99133,2020,False,,0.573,0.486,0.517,0.6629999999999999,141.17600000000004
47wMJi7tWuqD5LuF4Q2i7L,215 - Verbrechen im Moorsteiner Wald - Teil 30,['TKKG'],102120,2020,False,,0.755,0.355,0.33399999999999996,0.485,47.769
5hpPBNFyvdAlZqhatplImZ,215 - Verbrechen im Moorsteiner Wald - Teil 31,['TKKG'],90160,2020,False,,0.64,0.39799999999999996,0.49,0.767,127.125
2uXKxCrZOgLUPhWuIvi9vf,215 - Verbrechen im Moorsteiner Wald - Teil 32,['TKKG'],119093,2020,False,,0.642,0.535,0.733,0.485,103.554
4WYDvtgOtpdoKAGrO6qRcX,215 - Verbrechen im Moorsteiner Wald - Teil 33,['TKKG'],88640,2020,False,,0.596,0.589,0.517,0.493,95.025
7d3Qvte1nh6jBE5X5VJDEc,215 - Verbrechen im Moorsteiner Wald - Teil 34,['TKKG'],108573,2020,False,,0.5870000000000001,0.5529999999999999,0.5329999999999999,0.25,89.684
5OArIs7BXUk0Ul5kv9XMd6,215 - Verbrechen im Moorsteiner Wald - Teil 35,['TKKG'],99693,2020,False,,0.655,0.45399999999999996,0.624,0.77,92.579
7dNc3uoViErXfSqIh9Py6d,215 - Verbrechen im Moorsteiner Wald - Teil 36,['TKKG'],88987,2020,False,,0.72,0.406,0.486,0.778,113.419
2EiJj2ME8CcO1iztpHpawy,215 - Verbrechen im Moorsteiner Wald - Teil 37,['TKKG'],105440,2020,False,,0.7440000000000001,0.36200000000000004,0.44,0.7090000000000001,82.26899999999998
6Rzv0IbE4dabbBQGz10VbP,215 - Verbrechen im Moorsteiner Wald - Teil 38,['TKKG'],111560,2020,False,,0.711,0.401,0.638,0.757,116.40100000000001
6Ecdt76OAKEbXDacCUvHjq,215 - Verbrechen im Moorsteiner Wald - Teil 39,['TKKG'],94040,2020,False,,0.662,0.4270000000000001,0.652,0.784,83.58
7ySVuKFBHdeOgCE5mjYEfz,215 - Verbrechen im Moorsteiner Wald - Teil 40,['TKKG'],100187,2020,False,,0.6609999999999999,0.465,0.785,0.7090000000000001,84.87100000000002
7eKYMGApTDXP50XibaUQbV,215 - Verbrechen im Moorsteiner Wald - Outro,['TKKG'],58960,2020,False,,0.706,0.264,0.306,0.746,86.75200000000002
5qtpyQ64y8PoYc47r5aZpM,222,['MIKE'],95142,2020,True,,0.619,0.83,0.622,0.7759999999999999,91.071
3fDcXYYKmoMAI7DbOopdSj,25 or 6 to 4,['Chicago'],174067,2017,False,,0.607,0.841,0.152,0.872,147.483
6ElMLrgiEwPf1n5kJ4XeBj,Skit 2,['Storyville'],34960,2008,False,,0.503,0.21600000000000005,0.878,0.818,84.652
0g8miyWr2g99kCw13DeV2Z,Час пик 2,['kizaru'],215587,2016,True,,0.847,0.6459999999999999,0.331,0.435,110.985
2gAQCoOPQsdeMGUDqYpBtz,20 Below - Original Mix,['Loxy'],358605,2015,False,,0.632,0.855,9.300000000000001e-05,0.358,172.014
6WRm0GEuPpKuXWSuTGWqsb,Bleed,"['2 Eleven', 'T.F']",171000,2020,True,,0.547,0.8190000000000001,0.456,0.821,150.89700000000005
3AUYZvndVmCHTYh6CCWGBl,Ace Boogie (feat. Phonk P),"['2 Eleven', 'T.F', 'Phonk P']",144031,2020,True,,0.613,0.8420000000000001,0.0123,0.7040000000000001,82.434
49ciXUYThQmx86J38MoB6h,Turf,"['2 Eleven', 'T.F']",170359,2020,True,,0.662,0.7070000000000001,0.0589,0.363,113.90299999999999
30tXNKaGbDmpQHj3FKdrS6,Dead Prez,"['2 Eleven', 'T.F']",165564,2020,True,,0.64,0.682,0.184,0.727,74.138
7KHh4pzXSBKhxyRpbBGIRy,Blacklist (feat. Flee Lord),"['2 Eleven', 'T.F', 'Flee Lord']",217500,2020,True,,0.6990000000000001,0.728,0.182,0.247,75.756
3zX7yRP7NI69QFSCKyEE8X,Ambidextrous (feat. Big WY),"['2 Eleven', 'T.F', 'Big Wy']",156219,2020,True,,0.517,0.9520000000000001,0.255,0.723,79.20100000000002
3aN00f5B4MjMlnxNvMHA7n,Cop Killa,"['2 Eleven', 'T.F']",116875,2020,True,,0.52,0.877,0.0241,0.684,158.761
0aZSinlzMChX8k1MhULK8x,20 Below,['Loxy'],358605,2015,False,,0.632,0.855,9.300000000000001e-05,0.358,172.014
2aH0X4TY5f3k71OVXEvPpi,Дай мне 2,['Nullzweizwei'],225015,2020,True,,0.838,0.8170000000000001,0.10400000000000001,0.402,101.98700000000001
4NqQaovM14WR2hNPMFxgjb,25/8,['Bad Bunny'],243276,2020,False,,0.7609999999999999,0.732,0.092,0.542,151.982
7DzXophijmVRbHMkxFyHme,$21 Phone Bill,['Seymour'],197600,2003,False,,0.58,0.8690000000000001,0.259,0.861,124.946
5nXPybBT9tsrzVcrZin7Cp,Пекло,['Bi-2'],296519,2020,False,,0.457,0.7879999999999999,0.0151,0.36200000000000004,170.06599999999997
0etODiiAvxnOR1oG2jgUao,Пекло - Mages remix,"['Bi-2', 'MAGES']",204103,2020,False,,0.536,0.665,0.0168,0.0373,94.985
0RqSQWpJ51kblgx0usr7Xt,Мосты - B-side,"['Bi-2', 'Лиза Громова']",321051,2020,False,,0.7390000000000001,0.527,0.17600000000000002,0.584,101.986
1YbUiVgWeZVv2cjJS5Ikw9,Menealo,"['2 Minicanos', 'Dj Uncle Al']",212333,2004,True,,0.708,0.753,0.0026,0.7,155.006
1Qmn16sKxwoI9ffJnDVWZN,Freak Party,"['2 Minicanos', 'Dj Uncle Al']",220333,2004,True,,0.82,0.584,0.000446,0.441,141.046
67z8NSdUAeLKMvx87hBqKg,Get It,"['2 Minicanos', 'Dj Uncle Al']",157800,2004,True,,0.762,0.601,0.0132,0.5579999999999999,139.912
54bTMT0eIvTsUK9LVFM8Se,Just Ride,"['2 Minicanos', 'Dj Uncle Al']",182493,2004,True,,0.8240000000000001,0.575,0.00302,0.382,82.486
6JRl30ouJ69gKqGNzciQXh,Put Your Booty In The Air,"['2 Minicanos', 'Dj Uncle Al']",199573,2004,True,,0.768,0.7070000000000001,0.0025399999999999997,0.313,135.151
0STDohUgNUOP5sbXBHpA4U,Shake It,"['2 Minicanos', 'Dj Uncle Al']",151627,2004,True,,0.7190000000000001,0.583,7.03e-05,0.5720000000000001,152.055
29FwU5bKCX1j6ndAvXhoRP,No Kitty,"['2 Minicanos', 'Dj Uncle Al']",125867,2004,True,,0.7090000000000001,0.73,2.15e-05,0.42200000000000004,139.91
2VL9bzpWZdnU6Eq5Vj0hCF,Where You From,"['2 Minicanos', 'Dj Uncle Al']",242373,2004,True,,0.703,0.84,0.0319,0.428,135.091
5um6PdxOJybMSN7jJTJ7is,Put Your Hands Up,"['2 Minicanos', 'Dj Uncle Al']",201867,2004,True,,0.867,0.77,0.00873,0.7390000000000001,135.028
6TpvEYkoTSUmYK1d2EAPX0,Take It Off,"['2 Minicanos', 'Dj Uncle Al']",168000,2004,True,,0.88,0.72,0.00236,0.528,133.016
63GpHEsnTzxW9bwkO65x6R,G-String,"['2 Minicanos', 'Dj Uncle Al']",160893,2004,True,,0.5660000000000001,0.703,0.004229999999999999,0.662,79.17399999999998
3In0StHjim6Cqmen1WTAFS,Get-Hype,"['2 Minicanos', 'Dj Uncle Al']",148293,2004,True,,0.789,0.46399999999999997,0.00662,0.098,145.134
02unzSW0W0GPM66JI6AkMS,Do Me,"['2 Minicanos', 'Dj Uncle Al']",146173,2004,True,,0.55,0.69,0.00185,0.6629999999999999,79.072
0Ip45i7IPl44sXImjL0flN,Spank Wit It,"['2 Minicanos', 'Dj Uncle Al']",177173,2004,True,,0.745,0.8290000000000001,0.174,0.747,152.14600000000004
2GcxM6uzKzlMww465U2QvO,243p,['Hecq'],227960,2013,False,,0.8170000000000001,0.7509999999999999,0.67,0.62,90.999
5XOzMCn3pufQdEbnyTi3qK,2010 Anthem,['Mark Mikel'],189400,2012,False,,0.419,0.682,0.0962,0.8909999999999999,153.611
7rOcHRdCDw9RNQzR5KXWrt,"Tick, Tick, Tick",['24-7 Spyz'],82267,2017,False,,0.653,0.884,0.000136,0.738,97.821
16IfbIstCFnKeZkj37GUdC,2518,['Scandroid'],107847,2017,False,,0.253,0.653,0.114,0.159,109.59299999999999
598Nfu15RtRB18LMFzHVh8,2518 - Instrumental,['Scandroid'],108319,2017,False,,0.395,0.514,0.0943,0.0676,108.824
2FVMbLuIxo0dz3KLXgN6Jh,24,['Money Man'],160952,2020,True,,0.8420000000000001,0.715,0.0265,0.428,126.021
66Pvnz2CqrQP1FqBYIfmUY,"Main Theme (From ""Shovel Knight"")","['2 Players for Life', 'GameGrooves', 'Pixel Mixers', 'Leo Miyata']",187131,2020,False,,0.625,0.77,0.00028700000000000004,0.655,130.02700000000002
7HZ1YQlGzrHLGCdhJFh54F,2020,['Laura'],233760,2014,False,,0.741,0.629,0.39399999999999996,0.287,117.97399999999999
5VHBhuVIBcLgljgfT7cTOq,2094,['TMSV'],228640,2019,False,,0.52,0.961,0.0101,0.385,169.88400000000001
4ektHFPXxc4JgVlQeHxpEx,22 Steps,['Citizens'],242880,2019,False,,0.46399999999999997,0.696,0.0034799999999999996,0.28300000000000003,77.105
14TxLhdCi8gfO49n7RT2W6,24HRS,['ITZY'],127406,2020,False,,0.932,0.614,0.0507,0.7979999999999999,99.994
4ajHTQH7SwkPYeGP7ecPCM,20th August 1619,['ONO'],168867,2020,False,,0.171,0.627,0.10099999999999999,0.258,180.22
5HUykgk1ryKXi1DlmzME7N,26 June 1919,['ONO'],108427,2020,False,,0.402,0.387,0.15,0.301,161.03799999999995
0mB5AC7px0OWAv19uRh4EH,"Make It Rain (feat. 2 Short, Sweets and Kool Ace)","['D4L', '2 Short', 'Sweets', 'Kool Ace']",279947,2005,True,,0.893,0.897,0.147,0.9390000000000001,147.25799999999995
0JhvcGPP8GqK9njDkrLHJw,2019 (Перемирие),['Digimortal'],267560,2008,False,,0.5529999999999999,0.977,0.0146,0.17600000000000002,119.969
7dtcvzIoadSzJZrLha6v4t,2020,['illexotic'],227012,2020,False,,0.8220000000000001,0.5760000000000001,0.415,0.706,81.971
65BFM1kAKQln8aHMpMf8zM,Skit 2,['Scarface'],39467,2012,True,,0.7120000000000001,0.52,0.226,0.659,109.661
4NyKEVldCvokxpmeFBNNXI,2 Wicky,['Hooverphonic'],284293,1997,False,,0.546,0.613,0.16,0.446,68.172
616gxCpKP302xUgov3MjWX,Walk In,"['Orphanboy', '2baggshawty', 'Rare Tazo']",227700,2020,True,,0.972,0.365,0.00262,0.547,119.95700000000001
6zIgLduh2AzfXgjskypvsF,2.25,['MICHELLE'],283833,2018,False,,0.589,0.7040000000000001,0.627,0.413,88.786
1gP9XAilNybP0aDGycllBQ,2 The Music - Instrumental,['KAYTRANADA'],183627,2020,False,,0.848,0.6859999999999999,0.0308,0.897,110.056
4bTjMqMXF3DK6VcDUPz2Uk,23,['Saweetie'],165080,2018,False,,0.633,0.8140000000000001,0.165,0.491,160.02200000000005
0jlvmFdNJornvbrXIB4aqI,Pull Up (feat. 21 Savage),"['Mulatto', '21 Savage']",156257,2020,True,,0.922,0.589,0.0225,0.696,140.134
1kmwwY6tHShokjuZE8iB5M,Breakin' Poccets (Slyde'n),"['Bloc 2 Bloc Muzic', 'Cold Brewski', 'Unkut Yola', 'Yun-Gun']",225880,2020,True,,0.507,0.7170000000000001,0.0524,0.295,78.594
3TH7tWPBNNtgfP2WA9eIkV,20-20,['Void Vision'],263407,2014,False,,0.602,0.813,0.00203,0.287,142.97299999999996
7aKP2sPVXvZOA7CgbB5fdT,2 Much Cash,['888moment'],126408,2020,True,,0.915,0.249,0.121,0.34700000000000003,145.079
5jS78smnQ6seCmVP4mhXfc,24 Windowed House,['SOAK'],238412,2015,False,,0.444,0.185,0.79,0.185,132.13299999999998
2jSqi4XD85Vqw1f6szfMQT,2814年頃の情事,['２８１４'],229000,2019,False,,0.172,0.344,0.961,0.0396,119.691
3etb3gve6u4OiEWgZE0E1D,2805,['Dennis Develin'],214947,2012,True,,0.496,0.725,0.0027199999999999998,0.337,110.115
1LYNKLExlepWsYy5UZwMBd,Cherry Blossoms,['2nd Thought'],202907,2008,False,,0.597,0.9620000000000001,0.0221,0.708,98.898
6aHLMXEdkz4pSgrwDELM1Z,Get Up,['2nd Thought'],196493,2008,False,,0.4970000000000001,0.892,0.00133,0.537,142.033
3y3VRysuegJkORD6CeHnOj,Tomorrow,['2nd Thought'],270053,2008,False,,0.66,0.794,0.0301,0.653,123.009
1ZFoGpkrr86S7DBcGkPymj,New Day,['2nd Thought'],164427,2008,False,,0.565,0.924,0.318,0.6559999999999999,102.696
604xyqLmojG0rE7iEcItw7,Today is the Day,['2nd Thought'],219107,2008,False,,0.431,0.8740000000000001,0.278,0.337,102.20299999999999
380RshmcEpTtJubYU9c1BR,Just Hang On,['2nd Thought'],160680,2008,False,,0.701,0.44,0.308,0.415,77.051
6Zd3DzhLqGgfCgbHa0crr3,The Conclusion,['2nd Thought'],276333,2008,False,,0.316,0.647,0.494,0.58,156.684
03XE36FX1CajthDeZZT4KA,2 Milly,['Money Man'],140488,2020,True,,0.7929999999999999,0.688,0.23,0.679,123.016
74J2stK19PZ5GgaETMtHQn,Superstar,"['24hrs', 'Ty Dolla $ign']",219443,2020,True,,0.612,0.5710000000000001,0.113,0.151,85.361
0Ii7oj1Qh5m6bycbDxj5mf,Heart Shaped Hole,['22 Kings'],290693,2014,False,,0.308,0.27399999999999997,0.758,0.129,167.43
4uiJiDbeZGqzbNxqI559ew,Behind the Moon,['22 Kings'],276747,2014,False,,0.509,0.5539999999999999,0.544,0.303,134.904
0S3On7FuAOWIM9JNj15ls8,Not Today,['22 Kings'],270347,2014,False,,0.414,0.8059999999999999,0.257,0.33399999999999996,174.00400000000005
609FzRvpFphNvPighXHNoc,Follow You (Live),['22 Kings'],191387,2014,False,,0.359,0.2,0.795,0.289,82.48899999999998
5K9YwKEwWKgKpEPaxP8d9Y,Out to Sea,['22 Kings'],248053,2014,False,,0.527,0.607,0.248,0.517,136.924
6CWhwVZ723BSvCAJ7ZgTRf,Your World Inside of Me,['22 Kings'],148067,2014,False,,0.62,0.551,0.179,0.68,99.98200000000001
3ZZbncYH21lVbWQd7wrXQn,Behind the Moon (Live),['22 Kings'],284040,2014,False,,0.361,0.406,0.672,0.185,67.661
1pPhqvb5LqiV7u3YSXm1U0,2d,['Blasphem'],168934,2020,True,,0.794,0.583,0.149,0.4370000000000001,152.086
7pil4p3ayGlqwL6Z4hUIEP,27 chandelles,['Calamine'],193174,2019,False,,0.728,0.5479999999999999,0.485,0.59,90.145
2iOcSA6UfYcx3hPF4AkUOf,2 Nite - Main Version - Explicit,['Huey'],260387,2006,True,,0.8009999999999999,0.7979999999999999,0.0768,0.75,126.06
4qUPBa9W3QdDuIsWaPKdxh,À tous les vents,['2Frères'],181175,2020,False,,0.5529999999999999,0.754,0.128,0.7759999999999999,121.946
2zbBpmUHtTmf9jhM3VjYbN,Ready for the Show,['Attention 2'],173160,2016,False,,0.7609999999999999,0.785,0.0142,0.513,127.95299999999999
4h6ViRoztTBpWcJ1zFT9Zg,20 Something,['SZA'],198160,2017,True,,0.569,0.299,0.7390000000000001,0.505,81.04899999999998
6SpBKyfn9BnvnoQbUGPlYM,200 FOR LUNCH,['Gunna'],149107,2020,True,,0.745,0.662,0.27699999999999997,0.787,127.915
4Rk2EvyxSs5TWobRRDbs5Y,21,['Samia'],192287,2018,False,,0.365,0.523,0.0295,0.586,206.095
6ttaPYSa59vbzZRyTvNL88,"2DA, De Niña Mujer",['XOchitl'],215307,2005,False,,0.494,0.643,0.608,0.534,86.37299999999998
604PZ1WOG1fZcMq1jpMMDB,Earthquake,"['KRYPTO9095', '24kGoldn']",142117,2020,True,,0.919,0.4370000000000001,0.0004860000000000001,0.184,139.95600000000002
6sZXwVaRVEPKV65z4SljYX,GODZILLA (2017),['GEOTHEORY'],133067,2020,False,,0.583,0.789,0.00115,0.317,145.23
02kl51rqDZho8wCEnsf2JX,Mo' Problems,['24Heavy'],179094,2020,True,,0.8059999999999999,0.335,0.0073599999999999985,0.217,145.125
4gS9WJKurxZ7fC2JewZtQG,Make It,"['24Heavy', 'Rylo Rodriguez']",203976,2020,True,,0.597,0.706,0.0203,0.375,110.314
5DjnrHFdlugD4WsXWs86cE,Slime Mobb,"['24Heavy', 'Marlo', 'Lil Keed']",162606,2020,True,,0.738,0.48700000000000004,0.5329999999999999,0.395,59.101000000000006
3vYaO3d0L3uspVyKTunnaq,Ride,"['24Heavy', 'Lil Baby', 'Rylo Rodriguez']",235014,2020,True,,0.501,0.61,0.28300000000000003,0.434,81.104
4V1S6aAcephGV5HzFtI8G5,Blood Diamonds,['24Heavy'],244867,2020,True,,0.5920000000000001,0.5670000000000001,0.0661,0.282,88.031
67y0RzXuuHjGSbXPN2Ck12,Longtime,"['24Heavy', 'Young Thug']",182854,2020,True,,0.551,0.73,0.11699999999999999,0.32799999999999996,109.212
5HGAPc50lxZlOBpSeo4BWE,On Fleek,"['24Heavy', 'Gunna']",160228,2020,True,,0.8,0.47200000000000003,0.0727,0.11599999999999999,160.989
5bJeilofqZQbXB4VUwjkbq,Thuggin Alone,"['24Heavy', 'Y&R Mookey']",130374,2020,True,,0.529,0.4970000000000001,0.0126,0.4,172.38400000000001
5gmLpKHeZP2EV9blGakQTR,Beast,"['24Heavy', 'Lil Baby']",189192,2020,True,,0.87,0.301,0.0366,0.287,138.012
6xoFhnpzeV933AtKr3xZlQ,Nobody Safe,['24Heavy'],187427,2020,True,,0.5,0.498,0.0526,0.358,71.673
6PVobcUZFwr7RJprf5Bz2G,DECEIVE,['24Heavy'],163500,2020,True,,0.815,0.486,0.00891,0.0396,131.987
20gypH2pY3SKGOW4Zw00m3,Emotions,['24Heavy'],159051,2020,True,,0.675,0.524,0.275,0.616,78.352
1Cyvm5NVui8HhB8Yq2x1H1,Dem The Lights,['24Heavy'],193454,2020,True,,0.733,0.503,0.00215,0.18600000000000005,160.069
1ll3654rbo0V1SveZEXlsa,Quichebeat 2019,['Quichenight'],152576,2019,False,,0.5920000000000001,0.898,0.0191,0.6579999999999999,111.28
3u7M2BC1STDu5SqxpqDvcp,Hustle Late Night,"['Bloc 2 Bloc Muzic', 'Charlie Fingaz', 'Cold Brewski', 'Roccett Loc', 'Yun-Gun']",236480,2020,True,,0.652,0.8079999999999999,0.205,0.684,93.963
4gwQOYNm5Lewo5jXR883vl,2 Faced,['Louise'],221093,2017,False,,0.792,0.818,0.131,0.8390000000000001,102.19200000000001
5YSmqb8Ds4M6Ey5XpWLILX,20 Something,['SZA'],198160,2017,False,,0.5660000000000001,0.29600000000000004,0.738,0.505,79.888
00QG68Ieuy0QhiuJFmjsk2,2 Faced,['Louise'],221093,2020,False,,0.792,0.818,0.131,0.8390000000000001,102.19200000000001
0VFp9D2SHGZmPQVSg6o1Dy,214 - Diamantenrausch auf der A9 - Inhaltsangabe,['TKKG'],66440,2020,False,,0.7240000000000001,0.298,0.609,0.835,119.056
3a30Ef04YgXS13rpDN37tO,214 - Diamantenrausch auf der A9 - Teil 01,['TKKG'],104120,2020,False,,0.623,0.578,0.8190000000000001,0.491,97.417
5UOYZ3px4AbqCdbcKptuOZ,214 - Diamantenrausch auf der A9 - Teil 02,['TKKG'],104320,2020,False,,0.534,0.605,0.708,0.531,59.644
1mqEuF2B9rV605Kma9hbg3,214 - Diamantenrausch auf der A9 - Teil 03,['TKKG'],102320,2020,False,,0.607,0.465,0.46299999999999997,0.21100000000000002,103.42200000000001
3txC8xD7wpXs9dGkWnxDEV,214 - Diamantenrausch auf der A9 - Teil 04,['TKKG'],107973,2020,False,,0.561,0.436,0.503,0.521,78.009
4rS4lERIi5YGMWmuWvkR6M,214 - Diamantenrausch auf der A9 - Teil 05,['TKKG'],98947,2020,False,,0.599,0.48200000000000004,0.506,0.498,106.17399999999999
2QZUtPDKYWSRDUK0z7Oskg,214 - Diamantenrausch auf der A9 - Teil 06,['TKKG'],110360,2020,False,,0.617,0.58,0.3720000000000001,0.47600000000000003,82.322
5vNWoOt3dbhDBNt7Y743Ch,214 - Diamantenrausch auf der A9 - Teil 07,['TKKG'],95387,2020,False,,0.649,0.5770000000000001,0.41700000000000004,0.4970000000000001,67.358
1HcsXjKovOXtjvIqPUL51T,214 - Diamantenrausch auf der A9 - Teil 08,['TKKG'],109720,2020,False,,0.68,0.377,0.621,0.581,81.808
3JEmfDIlUNrybeUiSW65R7,214 - Diamantenrausch auf der A9 - Teil 09,['TKKG'],109093,2020,False,,0.6829999999999999,0.47100000000000003,0.672,0.687,102.85799999999999
54UUyQbXhZno9Nq0tcsxgE,214 - Diamantenrausch auf der A9 - Teil 10,['TKKG'],98360,2020,False,,0.6859999999999999,0.48,0.652,0.7140000000000001,85.23299999999998
3ahanCpoxoZNr8BKcZMJ62,214 - Diamantenrausch auf der A9 - Teil 11,['TKKG'],103400,2020,False,,0.6890000000000001,0.501,0.541,0.711,101.186
58fkxUFKl1qa62XghmYP3H,214 - Diamantenrausch auf der A9 - Teil 12,['TKKG'],100240,2020,False,,0.575,0.449,0.48200000000000004,0.691,148.597
2cwPZUhUsZBepTAwEwcwas,214 - Diamantenrausch auf der A9 - Teil 13,['TKKG'],105587,2020,False,,0.631,0.447,0.591,0.611,92.089
0aTBMk2d4ADyJrLm6hdZRG,214 - Diamantenrausch auf der A9 - Teil 14,['TKKG'],101933,2020,False,,0.7090000000000001,0.29,0.638,0.5770000000000001,95.33
7zwj6ITNPqicEEwdtjuK1P,214 - Diamantenrausch auf der A9 - Teil 15,['TKKG'],108160,2020,False,,0.737,0.3720000000000001,0.5660000000000001,0.667,106.811
39uI5GbMLHCflM0CfTs06B,214 - Diamantenrausch auf der A9 - Teil 16,['TKKG'],106240,2020,False,,0.73,0.436,0.547,0.657,96.21600000000001
2v9uIXVJURmp0YS0s5D8L9,214 - Diamantenrausch auf der A9 - Teil 17,['TKKG'],103387,2020,False,,0.715,0.37,0.731,0.5710000000000001,108.48100000000001
6szjEmz8coUunT9pK5cTzJ,214 - Diamantenrausch auf der A9 - Teil 18,['TKKG'],104187,2020,False,,0.57,0.47,0.32799999999999996,0.0774,137.751
12F6BjYk6K40N5fq1kdlT6,214 - Diamantenrausch auf der A9 - Teil 19,['TKKG'],101787,2020,False,,0.544,0.34,0.225,0.32,80.377
2TU8JKpAp4HmMNmSibZPrO,214 - Diamantenrausch auf der A9 - Teil 20,['TKKG'],104093,2020,False,,0.67,0.355,0.195,0.353,106.296
7ivBxOpNoKfSPaOG9FZw1H,214 - Diamantenrausch auf der A9 - Teil 21,['TKKG'],104853,2020,False,,0.7190000000000001,0.42,0.5660000000000001,0.644,106.10600000000001
3TosJupJMkbGtmgfo0RMSk,214 - Diamantenrausch auf der A9 - Teil 22,['TKKG'],102960,2020,False,,0.687,0.462,0.426,0.6940000000000001,96.79299999999999
23nCrYYwOpBByyBZwBJQuo,214 - Diamantenrausch auf der A9 - Teil 23,['TKKG'],106000,2020,False,,0.695,0.654,0.741,0.41200000000000003,114.63
24mVsWwpGunYOCxNdiXHP3,214 - Diamantenrausch auf der A9 - Teil 24,['TKKG'],103347,2020,False,,0.63,0.521,0.436,0.513,75.59100000000002
1G1Wzu889WeYdaH3QpbLye,214 - Diamantenrausch auf der A9 - Teil 25,['TKKG'],101347,2020,False,,0.653,0.521,0.488,0.623,87.679
60uu9ORDXSIQv9wS4HAIjK,214 - Diamantenrausch auf der A9 - Teil 26,['TKKG'],105120,2020,False,,0.691,0.457,0.675,0.262,90.67299999999999
64da5Cmjgra6JBil8u8IA2,214 - Diamantenrausch auf der A9 - Teil 27,['TKKG'],107187,2020,False,,0.516,0.44,0.387,0.486,69.768
7du4TC3W5nlLDsZE0GYBfV,214 - Diamantenrausch auf der A9 - Teil 28,['TKKG'],99547,2020,False,,0.591,0.475,0.34700000000000003,0.564,90.90899999999999
0Rc1H4nUONLfGIuq62zvUf,214 - Diamantenrausch auf der A9 - Teil 29,['TKKG'],101013,2020,False,,0.703,0.585,0.37,0.591,88.626
1OqQRA7dZegdC23ZSzQH9X,214 - Diamantenrausch auf der A9 - Teil 30,['TKKG'],108773,2020,False,,0.6459999999999999,0.292,0.518,0.409,103.616
5P82dJMdcl27cCdgOAiuXC,214 - Diamantenrausch auf der A9 - Teil 31,['TKKG'],99680,2020,False,,0.718,0.489,0.748,0.659,120.589
7mWjcsWwhKCsXw163KG6ME,214 - Diamantenrausch auf der A9 - Teil 32,['TKKG'],107427,2020,False,,0.715,0.45799999999999996,0.748,0.764,125.93
177yTVrpguwyVOLVyIWcz1,214 - Diamantenrausch auf der A9 - Teil 33,['TKKG'],106693,2020,False,,0.7040000000000001,0.341,0.659,0.604,108.818
2AdcEFZZu7WR2flLgNkTx5,214 - Diamantenrausch auf der A9 - Teil 34,['TKKG'],107813,2020,False,,0.6859999999999999,0.434,0.7490000000000001,0.41100000000000003,51.222
0lDseTR7m8XX2oxknoeHg5,214 - Diamantenrausch auf der A9 - Teil 35,['TKKG'],94720,2020,False,,0.524,0.433,0.6729999999999999,0.522,75.126
3HgcUZzTX4P3AnfMZ3Wvdp,214 - Diamantenrausch auf der A9 - Teil 36,['TKKG'],108933,2020,False,,0.618,0.56,0.635,0.5589999999999999,129.191
5QgQaIQiDPFqoqIwpuCkpA,214 - Diamantenrausch auf der A9 - Teil 37,['TKKG'],103827,2020,False,,0.6,0.527,0.47600000000000003,0.3720000000000001,123.802
2bAnEperrV6mHg0oEXysPN,214 - Diamantenrausch auf der A9 - Teil 38,['TKKG'],104960,2020,False,,0.611,0.529,0.466,0.54,85.302
08kLHqfsLGrQ1dtyDs8QeF,214 - Diamantenrausch auf der A9 - Teil 39,['TKKG'],103867,2020,False,,0.672,0.461,0.6709999999999999,0.642,124.041
03RuWbXCqymWPehFKtfTfx,214 - Diamantenrausch auf der A9 - Teil 40,['TKKG'],66827,2020,False,,0.6679999999999999,0.523,0.773,0.7490000000000001,80.64699999999998
5szj7L32TAfEYMgJ9nyQZl,214 - Diamantenrausch auf der A9 - Outro,['TKKG'],68960,2020,False,,0.6829999999999999,0.276,0.336,0.507,144.945
7aXW24VJUdlK9QXGXs6AI8,22 (Bonus Track),['Arone'],248059,2019,False,,0.642,0.595,0.0102,0.486,119.97
3tjFYV6RSFtuktYl3ZtYcq,Mood (feat. iann dior),"['24kGoldn', 'iann dior']",140526,2020,True,,0.7,0.722,0.221,0.7559999999999999,90.98899999999999
32fAWpYcKGVNqOOjsjSo3Y,I Need A Change,"['24 Carat Black', 'LaRhonda LeGette']",247020,2020,False,,0.6779999999999999,0.27,0.82,0.213,80.413
2TquMNujJ2fH8CIsj1XqNd,Your Love Is My Desire,['24 Carat Black'],238835,2020,False,,0.581,0.332,0.843,0.754,95.62200000000001
1yAJn1QpLfjGixSKIgZh8E,Speak Low,"['24 Carat Black', 'LaRhonda LeGette']",356704,2020,False,,0.64,0.195,0.7090000000000001,0.157,112.851
3h1CiJ2f0yQo4XmFcJi85w,Skeleton Coast,['24 Carat Black'],623072,2020,False,,0.726,0.631,0.79,0.9109999999999999,86.65899999999998
350dW0tZW1J2Ib0G7s51Lh,Now You Sit Alone,"['24 Carat Black', 'LaRhonda LeGette']",292268,2020,False,,0.723,0.13,0.7,0.696,128.173
5HNdjvqYyv0kCz1jTib6L6,You're Slipping Away,"['24 Carat Black', 'Vicki Gray']",345480,2020,False,,0.693,0.495,0.951,0.877,95.344
1lbmzjK0SDvaQC9gIANW3N,I'm Coming Back,"['24 Carat Black', 'Princess Hearn']",474013,2020,False,,0.628,0.33899999999999997,0.6809999999999999,0.545,130.653
79NBqlv5zyS96GxOvVoJTX,Someone To Somebody,['24 Carat Black'],189600,2020,False,,0.847,0.304,0.536,0.239,102.969
0fvQyd9MSAF24yG1YTFLPK,A World That's Not Real,['24 Carat Black'],365235,2013,False,,0.406,0.184,0.861,0.5579999999999999,185.045
7xVTHCNZpTa8BIvNctDbh3,What I Want,['24 Carat Black'],267527,2013,False,,0.58,0.579,0.687,0.7190000000000001,123.40899999999999
26kVRngOv2AwZTbeb6yvsg,Anyday Now,['24 Carat Black'],602453,2013,False,,0.402,0.133,0.599,0.221,135.097
5F8yuqUhQlUtztlUJJmQsT,Love the One You're With,['24 Carat Black'],168269,2013,False,,0.613,0.575,0.39399999999999996,0.7120000000000001,106.698
7kGcZyUNuImN3oIc2a7aq7,Forever Low,['22Cats'],362308,2018,False,,0.5720000000000001,0.614,0.00526,0.29,92.133
75X16lYZBTkoq78jQN1FJ4,Blue Pill Story,['22Cats'],197692,2018,False,,0.606,0.419,0.747,0.193,93.979
5beJWzsNjSniWrvT1hMGJH,Ghost (Of 22 Cats and Reonda),['22Cats'],230000,2018,False,,0.593,0.24600000000000002,0.937,0.429,164.234
2Zgik5pzMGcZpblRSJpKm9,Muscular Girl,['22Cats'],270000,2018,False,,0.499,0.665,0.0299,0.493,156.32399999999996
1qbabIEk1Lwr5KRh0Oj52U,Business Trip,['22Cats'],363077,2018,False,,0.285,0.47200000000000003,0.0944,0.168,135.977
1ExySpxma7XslPJrWeI2Um,Forever Low (Binaural Version),['22Cats'],362308,2018,False,,0.557,0.607,0.0285,0.267,92.19
4ySGR2UcBBmA4RqXwCRn8u,Blue Pill Story (Binaural Version),['22Cats'],197692,2018,False,,0.6,0.435,0.84,0.212,93.946
1nGX81fkWtJP4B7pbt5ZNg,Ghost (Of 22 Cats and Reonda) [Binaural Version],['22Cats'],230000,2018,False,,0.59,0.28300000000000003,0.96,0.45899999999999996,164.27200000000005
12eeJwcUDj9XfYb5GGfY7v,Muscular Girl (Binaural Version),['22Cats'],268462,2018,False,,0.45799999999999996,0.6629999999999999,0.0976,0.565,156.355
2xdb3mmhRRzTlNNwUXFdSu,Business Trip (Binaural Version),['22Cats'],363077,2018,False,,0.281,0.5,0.345,0.196,134.096
6a9H7aXfKYMTU9YfJ3HJQo,2RAW,['Bodega Bamz'],170511,2020,True,,0.8959999999999999,0.342,0.21,0.171,126.975
2qG4AhkB2yQmlBiBiBBGmk,26 DOGS,['SPICE'],237453,2020,False,,0.496,0.73,0.000424,0.183,114.02
05JxRX2TnkHcxupMBlQLPz,20 More Years,['Odyssey'],312138,2018,False,,0.282,0.332,0.733,0.127,169.25599999999997
2CfoSuqcTzKKTsQZdDgmKN,PLEASE PLEASE - 2019 Remaster,['PIPER'],253714,1985,False,,0.652,0.9159999999999999,0.0688,0.8290000000000001,150.112
7guvE07anfkAdQ0RcLaAky,PHOTOGRAPH (思い出のフォトグラフ) - 2019 Remaster,['PIPER'],203822,1985,False,,0.667,0.515,0.35200000000000004,0.373,123.882
6HkgwWcJlaJZrYTew2ABM4,2012年のLove Song,['waffles'],257240,2012,False,,0.7190000000000001,0.506,0.55,0.602,99.963
3mYfRmbnQm5u6A71BRsxLD,2pm,['Momus'],356507,2019,False,,0.418,0.609,0.129,0.6940000000000001,93.73100000000001
6GwaIHgFiyiFTWKzdB5SPI,Legends,['2 Souls'],132800,2020,False,,0.55,0.619,0.276,0.28800000000000003,75.053
4Fn4qJf3wz9PbCA9HI2QoY,2010,['Cornelius'],123560,1998,False,,0.349,0.977,0.00045999999999999996,0.298,180.072
7d1cSXkS5BkuYxi0B5tvz1,Boujee Bitches,"['24hrs', 'DJ Drama', 'Young Nudy', 'SlickLaFlare']",180000,2020,True,,0.78,0.6629999999999999,0.0574,0.379,132.94
1dzdEcvpnIawZOFXuZMwOl,Cheap Phone,"['24hrs', 'DJ Drama', 'Seddy Hendrinx']",252475,2020,True,,0.7120000000000001,0.7490000000000001,0.0724,0.5479999999999999,84.994
7gVBjc924GZT1ptUKWSzLw,Benz Freestyle,"['24hrs', 'DJ Drama']",83355,2020,True,,0.862,0.4970000000000001,0.125,0.7,159.895
6aXcH1kDIRaVOyrstIEC7L,Phipps Plaza,"['24hrs', 'DJ Drama', 'Kap G']",157500,2020,True,,0.852,0.594,0.0157,0.614,128.014
38pLVzgmSnStOSRYZcUnfn,Selfies,"['24hrs', 'DJ Drama']",149621,2020,True,,0.838,0.627,0.0258,0.602,154.07299999999995
2wb2GR8rol5vrpAB7QkbG6,Candy Shop,"['24hrs', 'DJ Drama', 'K CAMP', 'MadeinTYO', 'SlickLaFlare']",215259,2020,True,,0.83,0.42,0.293,0.595,152.04399999999995
1HqWh7QM2vTwZqBA1NP87b,Birthday,"['24hrs', 'DJ Drama', 'Guap Tarantino', 'CashOnly']",232747,2020,True,,0.802,0.609,0.306,0.84,86.475
1jgPeLqupJM3Wfy12Tpf7I,OTW,"['24hrs', 'DJ Drama']",160512,2020,True,,0.8079999999999999,0.556,0.0392,0.102,136.996
1qrF5Xc6Ou1WHlnYSabkrV,Love Atlanta,"['24hrs', 'DJ Drama', 'Nessly']",181883,2020,True,,0.7909999999999999,0.5429999999999999,0.161,0.547,157.082
13cUelin1JC3nThKIWi3vO,Pass Em Round,"['24hrs', 'DJ Drama', 'K CAMP', 'SlickLaFlare']",177499,2020,True,,0.649,0.47,0.725,0.402,148.315
7nuNFunQTguHE5vdnsybHb,Hang Onto Me,"['24hrs', 'DJ Drama']",100811,2020,True,,0.733,0.415,0.601,0.59,75.961
3xUUZunzIbtxkJIBui5WOk,Content,"['24hrs', 'DJ Drama', 'Wiz Khalifa', 'K Swisha']",141771,2020,True,,0.835,0.461,0.000482,0.0987,77.508
6fSXQX4Ce6slRygm8EIJps,Check Da Mail,"['24hrs', 'DJ Drama', 'Lil Scrappy']",156480,2020,True,,0.813,0.591,0.0158,0.275,159.975
5LwMN4rExxkHx17cyOfe4Y,Freddy,"['24hrs', 'DJ Drama']",138747,2020,True,,0.743,0.609,0.077,0.626,168.12400000000005
4RcoN0Mr5EfezJqpkQc1z0,Superstar,"['24hrs', 'DJ Drama', 'Ty Dolla $ign']",219443,2020,True,,0.612,0.5710000000000001,0.113,0.151,85.361
5IjCf6rpT6d2T8MyfSaJkG,Curtis Snow,"['24hrs', 'DJ Drama', 'SlickLaFlare']",163522,2020,True,,0.601,0.583,0.319,0.41100000000000003,83.04
0rqY8g1Y1zaA4YwU6vhBQg,Boot,['Apache 207'],193017,2020,False,,0.534,0.565,0.0665,0.496,194.032
57tck8MCxkY6tcQC6VhahR,Bläulich,['Apache 207'],196230,2020,False,,0.7959999999999999,0.687,0.0633,0.222,153.959
2Mwo2HGayE8u2r04CpG6YP,25 Shades,['Dirty Dollhouse'],181274,2015,False,,0.631,0.48100000000000004,0.5920000000000001,0.6509999999999999,78.543
1GLSdlGguylRPkyDUB0x2I,Lying (Intro),['22Gz'],195319,2020,True,,0.773,0.782,0.298,0.653,145.19
7kGkLdu8ckDDEb5Nls0HCe,308,['22Gz'],125857,2020,True,,0.87,0.7440000000000001,0.321,0.447,145.107
4RHHhJbneFWfJxkGQOO9Ud,No Questions,['22Gz'],185182,2020,True,,0.612,0.7809999999999999,0.518,0.486,144.97899999999996
4nwnF7J7LFvACEh3O9EKiW,Cash App,['22Gz'],135363,2020,True,,0.895,0.6,0.14400000000000002,0.11900000000000001,139.882
0kHKrG78l8JH6v2daDDmKr,4 Times,['22Gz'],177094,2020,True,,0.9540000000000001,0.7390000000000001,0.0615,0.603,130.006
7rWLqeQJabrK7FbY8X0TyI,"Suburban, Pt. 2",['22Gz'],190746,2020,True,,0.83,0.574,0.281,0.5379999999999999,143.892
7sdma1XuK2d2nBuZgW8azw,Careers,['22Gz'],175491,2020,True,,0.647,0.488,0.27399999999999997,0.5770000000000001,144.884
3mckyat5lAxzBWCijrrOl8,Blixky Gang Freestyle,['22Gz'],144051,2020,True,,0.865,0.68,0.13699999999999998,0.249,139.97299999999998
12GxS0iCoDCo8S3HXzFTlb,Twirl Girl,['22Gz'],158933,2020,True,,0.804,0.631,0.32899999999999996,0.0694,145.001
6YoOWCUvT2oBSCKZaUhnfx,Pop Out,['22Gz'],130616,2020,True,,0.883,0.882,0.273,0.498,147.001
3QPtcDBumS3qC7ZQJpDxBP,U-Turn,['22Gz'],144042,2020,True,,0.9059999999999999,0.575,0.009000000000000001,0.32899999999999996,139.984
2SznW1XmWfR3mXqop3LMWJ,"ATB ""Addicted to Bankrolls""",['22Gz'],178422,2020,True,,0.672,0.649,0.00294,0.22,139.94799999999998
3jI6bS2tGhWsL13hrKdvH1,The Oath (Outro),['22Gz'],189203,2020,True,,0.705,0.648,0.258,0.45,71.094
0LZmaNrqJ0daDkRj7QZ79M,Lying (Intro),['22Gz'],195319,2020,False,,0.823,0.779,0.271,0.6659999999999999,144.975
4SISYXW5ft6a8XzjjUzicS,308,['22Gz'],125857,2020,False,,0.84,0.722,0.304,0.47200000000000003,145.061
5pEYP6b9zYzvUl33iGiMMv,No Questions,['22Gz'],185182,2020,False,,0.815,0.7929999999999999,0.535,0.495,144.968
7MXPrnhP1x1RF5E9l9Vess,Cash App,['22Gz'],135363,2020,False,,0.899,0.604,0.126,0.129,139.851
3r49cI6Ik7JlFTkzUwimOI,4 Times,['22Gz'],177094,2020,False,,0.9590000000000001,0.741,0.0733,0.627,130.005
6Vv7rXH6Hwza5KfcslgJ1h,"Suburban, Pt. 2",['22Gz'],190746,2020,False,,0.83,0.5760000000000001,0.265,0.514,143.9
7r6ZNROXSxJbYFzXqOasq2,Careers,['22Gz'],175491,2020,False,,0.523,0.47700000000000004,0.27899999999999997,0.5589999999999999,144.58
3g26xHAF0Hd5XRqHhkgWtW,Blixky Gang Freestyle,['22Gz'],144051,2020,False,,0.879,0.665,0.11,0.275,139.97299999999998
2szWYc8lfAOPWdYpiTg5Mn,Twirl Girl,['22Gz'],158933,2020,False,,0.813,0.615,0.298,0.0726,145.043
4vlEFA9pEwUw48imDDHHCw,Pop Out,['22Gz'],130616,2020,False,,0.873,0.8740000000000001,0.27399999999999997,0.494,147.096
2Oqzs7h0PUzhbPL0Qvahk8,U-Turn,['22Gz'],144042,2020,False,,0.9079999999999999,0.6459999999999999,0.00836,0.345,140.097
6TXTy5wZKrxWcRXiiDTy6H,"ATB ""Addicted to Bankrolls""",['22Gz'],178422,2020,False,,0.6629999999999999,0.68,0.00201,0.207,139.91
1S8uaNr1QZfLJ8Kw8UwoMl,The Oath (Outro),['22Gz'],189203,2020,False,,0.7190000000000001,0.66,0.278,0.415,142.80100000000004
2aV5ZEAvHwvL332EsJ1gWc,DROPPED OUTTA COLLEGE,['24kGoldn'],127613,2019,True,,0.9109999999999999,0.37799999999999995,0.0116,0.19,120.044
2ajT5ziA7OSRU9Q7PwXdri,THE GRAM (feat. Fetty Wap),"['24kGoldn', 'Fetty Wap']",198440,2019,True,,0.7909999999999999,0.64,0.0556,0.599,141.049
3IGDjnVf4i7g44bePMSKV0,MY BED,['24kGoldn'],121507,2019,True,,0.7340000000000001,0.552,0.139,0.601,127.96
6ap9lSRJ0iLriGLqoJ44cq,CITY OF ANGELS,['24kGoldn'],112493,2019,False,,0.6859999999999999,0.541,0.042,0.7240000000000001,120.08200000000001
6piAUJJQFD8oHDUr0b7l7q,VALENTINO,['24kGoldn'],179133,2019,True,,0.747,0.7170000000000001,0.19899999999999998,0.523,150.965
2EsyJN3AvC3zBlkQpb119M,GAMES ON YOUR PHONE,['24kGoldn'],150933,2019,True,,0.6829999999999999,0.607,0.15,0.496,152.945
3yxRe1MUvZthHSaXIFMU9m,BEEN HERE BEFORE,['24kGoldn'],189160,2019,False,,0.665,0.7959999999999999,0.0229,0.102,99.012
7yL4wdksHlDnmKvofxMTBE,A LOT TO LOSE,['24kGoldn'],180747,2019,False,,0.608,0.7659999999999999,0.193,0.425,159.999
67lKDoCZbRCJDa4RT68eme,Secret (feat. Summer Walker),"['21 Savage', 'Summer Walker']",210462,2020,True,,0.727,0.496,0.0893,0.504,130.061
1wSsBmKBrNmvaOGgfSmw2D,Intro,['ASHE 22'],126657,2019,True,,0.94,0.39,0.0125,0.7040000000000001,135.053
1p24zKb11jsTnyu8Sk68Wz,Impoli,['ASHE 22'],140000,2019,True,,0.955,0.298,0.00587,0.498,129.965
3WuZywzQdNFW61TQoQv02u,Brazil 22,['ASHE 22'],144000,2019,True,,0.9390000000000001,0.436,0.0939,0.32299999999999995,120.01700000000001
64XtM4NEEzLDiky2ei8Qgo,Stage,['ASHE 22'],144481,2019,True,,0.929,0.376,0.223,0.8,135.055
42hwptTUYSodXOsNFmTANA,Affaires,['ASHE 22'],135000,2019,True,,0.9079999999999999,0.34299999999999997,0.0963,0.433,130.132
5ynOy6NT393q5yA7a8ulT2,Drill,['ASHE 22'],131000,2019,True,,0.89,0.3670000000000001,0.159,0.13,129.982
6fGGLeOKkN551n4uIiLy7S,Scellé,"['ASHE 22', 'Freeze corleone']",138484,2019,True,,0.927,0.41700000000000004,0.0629,0.126,125.046
4tp2unsIZVL9qDJNfWaYkD,Vicer,"['ASHE 22', 'Noma Rttclan']",162481,2019,True,,0.92,0.281,0.359,0.18,129.935
2DBT94BvJv9BD9lPp9REcd,Pure,"['ASHE 22', 'Gouap RTTCLAN']",123429,2019,True,,0.83,0.27699999999999997,0.252,0.215,139.972
0OCVmkMgy6mmL6LEgzURFJ,Diss,"['ASHE 22', 'JMK$', '8ruki']",147865,2019,True,,0.895,0.345,0.305,0.733,130.02100000000002
0BOPACOxopl151SZCkXW0X,Triplé,"['ASHE 22', 'Slim C', 'Kpri']",151116,2019,True,,0.866,0.353,0.695,0.5379999999999999,135.054
2fA6I635KbXxGC4ZjpCobl,Sans efforts,['ASHE 22'],164409,2019,True,,0.7929999999999999,0.7140000000000001,0.0614,0.97,127.037
6lfKabhPwDGBsDI7Y6LmDY,2% Chest,['NNAMDÏ'],147119,2014,True,,0.537,0.825,0.141,0.636,104.681
5P0jywe0Jt6WxcSyXVC7VE,2 Myself,['Ludic'],202581,2019,False,,0.7140000000000001,0.777,0.0377,0.5,112.025
2HlMETAKHVwDWa1JJIca9j,2k20,['Lok Low'],211125,2020,False,,0.74,0.39299999999999996,0.111,0.503,79.999
2DnyKpPcFpC460wLJeGzOs,23 Island,['JayDaYoungan'],243246,2019,True,,0.804,0.38299999999999995,0.563,0.455,118.009
6WoRX54GMoes0fYUt8RMBq,Heavensent,"['Shxphxrd', '2prozacshortyy']",209684,2020,True,,0.7829999999999999,0.5770000000000001,0.3670000000000001,0.478,95.01700000000001
4JUjeU0KzW0MTa0zE978va,Paralyze,"['Shxphxrd', '2prozacshortyy']",158768,2020,True,,0.93,0.613,0.0499,0.917,130.02200000000002
5QUzOKlmudYhnySDJADOoq,Cut,"['Shxphxrd', '2prozacshortyy']",119210,2020,True,,0.452,0.9129999999999999,0.00288,0.21,75.983
6heBwosPil042H77osGQ6P,Amphetamine Fiends,"['Shxphxrd', '2prozacshortyy']",121000,2020,True,,0.818,0.65,0.3670000000000001,0.308,119.977
1FKVUfB6EnAvSuf70oAQjz,Phaser,"['Shxphxrd', '2prozacshortyy']",152277,2020,True,,0.659,0.515,0.256,0.0385,145.006
0ajjKNbziTe6iqkqoYlGTe,Skeleton,"['Shxphxrd', '2prozacshortyy']",89598,2020,True,,0.601,0.721,0.19399999999999998,0.142,150.12
26FHnAx5Ga06I2ImV008bH,New Air Force 1's,"['Shxphxrd', '2prozacshortyy']",169848,2020,True,,0.79,0.725,0.769,0.614,130.076
4iCS95Gm3Z35ftMJ49EWcl,Red Light,"['Shxphxrd', '2prozacshortyy']",201397,2020,True,,0.775,0.556,0.226,0.469,143.02200000000005
18n05mfPPTNVRgkMRFGZ8I,Undead,"['Shxphxrd', '2prozacshortyy']",178339,2020,True,,0.765,0.483,0.0116,0.0424,129.993
5iE5mfuqGTqL6yi5JtMtlY,Glock Freestyle (Outro) [feat. 2prozacshortyy],"['Shxphxrd', '2prozacshortyy']",168789,2020,True,,0.507,0.589,0.0963,0.35600000000000004,157.026
0YZaModwRxtEG8QGY8t4E5,LIT (feat. 24kGoldn),"['Lonr.', '24kGoldn']",130005,2020,True,,0.74,0.83,0.00898,0.547,148.018
2SyKo4YXNFwDxpdZHgFQxV,Pop That Pussy,['2 LIVE CREW'],260480,2008,True,,0.925,0.919,0.000193,0.5589999999999999,127.82600000000001
5wTM2Bm8phDwHAuOsfBwhU,2000 Miles - 2007 Remaster,['Pretenders'],220427,1984,False,,0.22,0.708,0.00292,0.45299999999999996,66.214
0qVEFfAcdkzIELkVzfAC8E,Shot in the Dark,"['YungVeli', '220JAVO', 'NASA']",311562,2020,True,,0.659,0.752,0.0562,0.46299999999999997,124.01700000000001
7yWwzHv21bsukQZpKpu2GR,20 Layer Player,['Casual'],128612,2020,True,,0.607,0.573,0.212,0.285,85.335
0LxkcIlkPcCCrsOhGqhzBB,Mediate,['2XM'],331875,2020,False,,0.7390000000000001,0.6409999999999999,0.0148,0.33399999999999996,128.007
3v0gK3I3wDn8Vz6nt78whH,Outer Lands,"['2XM', 'JDA']",348197,2020,False,,0.7959999999999999,0.33,0.0329,0.27,122.00200000000001
3EBXLBCA2yXQxE3JEVIfy5,Flow,"['2XM', 'Jess Aspinwall']",374857,2020,False,,0.732,0.563,0.0755,0.596,105.04700000000001
1z1ywZcV44SxQ1we4o9uWN,Bliss,['2XM'],355420,2020,False,,0.79,0.486,0.0835,0.581,130.985
1nghM5Y5m0scQk8KepvcA6,21 - Demo,['Pasosh'],140069,2017,False,,0.552,0.795,0.0382,0.895,179.98
4ZU0VAYzClR9hVMwWvBDaw,2020,['Idealism'],202105,2017,False,,0.35200000000000004,0.0697,0.8079999999999999,0.114,189.955
1BEre9NGa02ItxQaGaD1SB,Unbelievable (feat. Kaash Paige),"['24kGoldn', 'Kaash Paige']",148135,2020,True,,0.387,0.484,0.6809999999999999,0.44299999999999995,102.03
4K5Bnu8qJkDo6H4QBH93BU,Twist Sound,['2 Mello'],199500,2020,False,,0.7879999999999999,0.688,0.218,0.723,111.029
5UpXJ75CXod4PCoBQP6MAP,Intro,"['21 Savage', 'Metro Boomin']",70044,2020,True,,0.4270000000000001,0.473,0.312,0.654,80.972
5SWnsxjhdcEDc7LJjq9UHk,Runnin,"['21 Savage', 'Metro Boomin']",195906,2020,True,,0.8190000000000001,0.626,0.00748,0.415,143.01
6pcywuOeGGWeOQzdUyti6k,Glock In My Lap,"['21 Savage', 'Metro Boomin']",193591,2020,True,,0.847,0.733,0.0057399999999999994,0.20199999999999999,130.029
4Q34FP1AT7GEl9oLgNtiWj,Mr. Right Now (feat. Drake),"['21 Savage', 'Metro Boomin', 'Drake']",193839,2020,True,,0.647,0.667,0.231,0.7040000000000001,172.08
3ruoIF2UnoXdzK8mR61ebq,Rich Nigga Shit (feat. Young Thug),"['21 Savage', 'Metro Boomin', 'Young Thug']",190331,2020,True,,0.825,0.733,0.349,0.62,97.97399999999999
7fxSLnklnayJNBIKntXedZ,Slidin,"['21 Savage', 'Metro Boomin']",185037,2020,True,,0.774,0.706,0.0016300000000000002,0.382,152.891
3CDVMejYHnB1SkEEx0T1N4,Many Men,"['21 Savage', 'Metro Boomin']",201856,2020,True,,0.635,0.7929999999999999,0.000647,0.281,77.594
2y3mrzWEWaAFqb2jf5fED8,Snitches & Rats (Interlude),"['21 Savage', 'Metro Boomin']",57074,2020,True,,0.607,0.371,0.742,0.945,102.48100000000001
3WaDoMDQRqDdgtCDLxanpN,Snitches & Rats (feat. Young Nudy),"['21 Savage', 'Metro Boomin', 'Young Nudy']",187773,2020,True,,0.821,0.6709999999999999,0.00843,0.494,145.953
42Tohunwlh34o0mgxYx5iq,My Dawg,"['21 Savage', 'Metro Boomin']",181716,2020,True,,0.831,0.532,0.0652,0.364,140.105
7FtZFla3ZH6PqsAJ9MvVCM,Steppin On Niggas,"['21 Savage', 'Metro Boomin']",140833,2020,True,,0.8490000000000001,0.635,0.000608,0.7979999999999999,89.484
4V9ynsDPwHtdItksqjuRu0,Brand New Draco,"['21 Savage', 'Metro Boomin']",202420,2020,True,,0.6970000000000001,0.7090000000000001,0.040999999999999995,0.439,155.023
50I7FNN2rl2rWiNwGxS146,No Opp Left Behind,"['21 Savage', 'Metro Boomin']",194214,2020,True,,0.823,0.703,0.0161,0.26,178.043
1wGnp7ejkCuXRsehXx0PNP,RIP Luv,"['21 Savage', 'Metro Boomin']",214192,2020,True,,0.63,0.39899999999999997,0.105,0.0657,183.016
11XegnWeJHBDtj9IsNwngu,Said N Done,"['21 Savage', 'Metro Boomin']",231831,2020,True,,0.775,0.5660000000000001,0.0381,0.479,160.351
6xHImLp8W9i4ARyW3yrnxl,Epiphany,['Assemblage 23'],404320,2020,False,,0.536,0.8490000000000001,0.00941,0.44,99.999
2Suyg3f2xXe21Z84bI6sp6,Factory,['Assemblage 23'],304039,2020,False,,0.502,0.96,4.120000000000001e-05,0.36,129.989
65GCBQKkBKLUP504m9diaL,Bloom,['Assemblage 23'],318090,2020,False,,0.331,0.8059999999999999,0.0095,0.501,120.012
3MvIWaMoBfZXhJucrvI5aJ,Anxiety,['Assemblage 23'],290280,2020,False,,0.563,0.7609999999999999,0.0508,0.23399999999999999,117.00299999999999
3pHdlK42ZqkwWmbZI3iQ8d,Confession,['Assemblage 23'],336986,2020,False,,0.655,0.589,0.00881,0.20800000000000002,107.99799999999999
5kuifF0Nckff90nuPaIGC5,Dissonance,['Assemblage 23'],323588,2020,False,,0.547,0.9420000000000001,0.0008550000000000001,0.9309999999999999,132.007
5EmePAouFCA8kuxEpoZGIb,"Welcome, Apocalypse",['Assemblage 23'],312373,2020,False,,0.682,0.851,0.0111,0.8740000000000001,130.006
4439eMNGokWoIcsxVavlLI,Could've,['Assemblage 23'],239566,2020,False,,0.536,0.9209999999999999,0.00262,0.195,110.01799999999999
43wyeYWhkuNes7SdRExQgM,Tragedy,['Assemblage 23'],320289,2020,False,,0.609,0.835,0.000734,0.512,127.993
0yNc3AsYYdFAvP6rxSnQEj,This House Is Empty,['Assemblage 23'],264123,2020,False,,0.512,0.9359999999999999,0.00117,0.47,120.014
5UgxZRWtP5u8Dhpu3GOupL,Crescendo,['Assemblage 23'],306462,2020,False,,0.493,0.95,0.000278,0.46799999999999997,122.001
4T2hrMHCVK7XRUSEE1ouQw,"Welcome, Apocalypse - Alpha Quadrant Remix","['Assemblage 23', 'Alpha Quadrant']",345618,2020,False,,0.5720000000000001,0.856,0.0009660000000000001,0.489,130.002
1lTB7aba2a24dKZqcpyT1j,Tragedy - Big Time Kill Remix,"['Assemblage 23', 'Big Time Kill']",336524,2020,False,,0.64,0.695,0.00367,0.361,118.99799999999999
6vedHjC4lAhiP6UBOYlqlq,Factory - KLACK Remix,"['Assemblage 23', 'Klack']",318613,2020,False,,0.789,0.8959999999999999,1.28e-05,0.40399999999999997,114.975
5nef8fhHsu6czdhpWeWQ6X,Epiphany - [:SITD:] Remix,"['Assemblage 23', '[:SITD:]']",346303,2020,False,,0.602,0.674,0.0484,0.373,100.00399999999999
01k2h13FWdvf4b1rvvkvsL,Anxiety - Stoneburner Remix,"['Assemblage 23', 'Stoneburner']",278565,2020,False,,0.551,0.9159999999999999,0.0404,0.47200000000000003,121.99700000000001
2FvwijdCd4E5Fn38oBOP8L,Tragedy - Watch Clark Remix,"['Assemblage 23', 'Watch Clark']",306877,2020,False,,0.6859999999999999,0.8290000000000001,0.069,0.9109999999999999,132.016
0gkxDromNhCZWQSE4tis2e,This House Is Empty - Coldkill Remix,"['Assemblage 23', 'Coldkill']",307569,2020,False,,0.7040000000000001,0.7659999999999999,1.49e-05,0.698,120.014
3foTyGxRDC3WCjKPGw9wxE,"Welcome, Apocalypse - Neuroactive Remix","['Assemblage 23', 'Neuroactive']",331628,2020,False,,0.759,0.821,0.226,0.602,129.982
3lfZtjV5LpMeEQbe7xI9vZ,Black Dog,['Assemblage 23'],244152,2020,False,,0.4920000000000001,0.8079999999999999,0.00196,0.629,89.98
0TpAzRSW0Fcbz5GiHgBi1R,Intro,"['21 Savage', 'Metro Boomin']",70044,2020,False,,0.39799999999999996,0.475,0.29,0.65,86.234
35vBw3xeuI75CVWaVWrqw1,Runnin,"['21 Savage', 'Metro Boomin']",195906,2020,False,,0.8190000000000001,0.688,0.00707,0.34600000000000003,143.054
4aapF01SjrSPovA6vjU1JW,Glock In My Lap,"['21 Savage', 'Metro Boomin']",193591,2020,False,,0.8490000000000001,0.752,0.0050100000000000006,0.174,129.988
7ePrKMF7lpHkigDa8AmmyE,Mr. Right Now (feat. Drake),"['21 Savage', 'Metro Boomin', 'Drake']",193839,2020,False,,0.631,0.68,0.301,0.73,171.979
1Wt5tponmRQp7JgasjIvSf,Rich N*gga Sh*t (feat. Young Thug),"['21 Savage', 'Metro Boomin', 'Young Thug']",190331,2020,False,,0.82,0.718,0.43799999999999994,0.599,97.994
4X1DbZ3tBn8vL0EF34G5zp,Slidin,"['21 Savage', 'Metro Boomin']",185037,2020,False,,0.779,0.696,0.00196,0.3670000000000001,152.858
710fpq04CKM2EWDAS1akfq,Many Men,"['21 Savage', 'Metro Boomin']",201856,2020,False,,0.631,0.789,0.0005769999999999999,0.278,77.613
6yaAzgGhDquwv9bgG0H9eZ,Snitches & Rats (Interlude),"['21 Savage', 'Metro Boomin']",57074,2020,False,,0.625,0.366,0.754,0.938,108.633
4AlRqtjgPSOpBTxBRBbHow,Snitches & Rats (feat. Young Nudy),"['21 Savage', 'Metro Boomin', 'Young Nudy']",187773,2020,False,,0.835,0.688,0.00883,0.4370000000000001,145.881
0o6Uw3AY7Y3EGZWE1foBn6,My Dawg,"['21 Savage', 'Metro Boomin']",181716,2020,False,,0.831,0.557,0.0695,0.314,140.107
6higdpilQBtxJDp1vUuPaw,Steppin On N*ggas,"['21 Savage', 'Metro Boomin']",140833,2020,False,,0.8420000000000001,0.6459999999999999,0.000816,0.726,89.51700000000002
20hpzkqxqWjD0QEd5gHGqG,Brand New Draco,"['21 Savage', 'Metro Boomin']",202420,2020,False,,0.6829999999999999,0.7120000000000001,0.0358,0.34299999999999997,155.061
4PtCUGPX8EUO3x2NT7Exb3,No Opp Left Behind,"['21 Savage', 'Metro Boomin']",194214,2020,False,,0.8059999999999999,0.684,0.0149,0.294,178.018
5Wff06rFAvvbbdvinHyMBI,RIP Luv,"['21 Savage', 'Metro Boomin']",214192,2020,False,,0.762,0.39399999999999996,0.10800000000000001,0.0592,91.52
0dQKLNDqrlviR3j8gc2V4a,Said N Done,"['21 Savage', 'Metro Boomin']",231831,2020,False,,0.779,0.56,0.039,0.512,160.382
0yYDqrIOSknUwbfUoJfTI3,21,['Pasosh'],211176,2016,False,,0.479,0.88,0.000307,0.156,99.934
3goH7O78TLkV9RhCAyM4AT,Fame,['Apache 207'],173761,2020,False,,0.8109999999999999,0.645,0.184,0.474,129.967
5dhQeuLGmlhfwlI6BWfSpo,Roller,['Apache 207'],158853,2019,True,,0.9279999999999999,0.758,0.03,0.7290000000000001,128.005
4zj2FEHN6Hw6a5vqN70PvL,Wieso tust Du dir das an?,['Apache 207'],177467,2019,True,,0.858,0.49,0.26899999999999996,0.451,133.975
2wvLtM25eMpHK7hkidqte2,200 km/h,['Apache 207'],164080,2019,True,,0.904,0.677,0.273,0.424,148.049
34RsHRsFDjIuUDHCNNWPZ7,2002,['SwuM'],128000,2016,False,,0.604,0.725,0.201,0.258,90.07700000000001
516XhLkWsr9chNh9HY93jz,2 Trees,['Foals'],315507,2010,False,,0.503,0.774,0.20199999999999999,0.265,120.06299999999999
1KkCSJcTjKFDLE2M80Y9Ll,2 In the Morning,['KONGOS'],192973,2016,False,,0.552,0.316,0.722,0.18100000000000002,124.949
1mCXSSgdM38IFKVkVWvZZg,24,['SKAAR'],157394,2020,False,,0.593,0.6629999999999999,0.0162,0.418,154.87
3nPoy75bcpQAzN06Q1NDEb,2Nd 2No 1,['Twiztid'],213520,2012,True,,0.672,0.956,0.00205,0.433,94.039
07n7jvEH7diIJeHkDXcccd,2020 Souls,['Aaaron'],398898,2020,False,,0.8029999999999999,0.7440000000000001,0.00233,0.158,121.015
5UMAfaKFHZQ0MAwUOmnqGN,Холодное лето 2017,['Декроу'],52733,2018,False,,0.47,0.366,0.907,0.161,119.955
2bIKe3dHpCehE7KAtySUN5,CITY OF ANGELS - Futosé Remix,"['24kGoldn', 'Futosé']",178548,2020,False,,0.664,0.815,0.102,0.5589999999999999,123.963
1rDHKFrzFXOEEX9K2tOZka,CITY OF ANGELS - Billy Da Kid Remix,"['24kGoldn', 'Billy Da Kid']",179048,2020,False,,0.6559999999999999,0.7829999999999999,0.004220000000000001,0.215,125.98
0R1JlbEqTmC9vgur8y7dE2,CITY OF ANGELS - Billy Da Kid Warehouse Dub,"['24kGoldn', 'Billy Da Kid']",171429,2020,False,,0.67,0.7070000000000001,0.0013800000000000002,0.414,125.992
4HDfx0MEGYElfayDDAVamg,Profile - Original Mix,['Level 2'],320000,2016,False,,0.6729999999999999,0.7879999999999999,0.000587,0.309,174.00099999999995
6SUWtbzgHABpKwYBSodi1I,Euterpe - Original Mix,['Level 2'],312000,2016,False,,0.636,0.764,0.0111,0.267,174.00900000000001
5ngKqh2NSV1QdHAjHdAtiB,Voices,['2Lane'],189127,2020,False,,0.823,0.425,0.0198,0.11699999999999999,117.96799999999999
0uPsQjQ31Qc2tTclWU4UZ4,So Wie Es Immer War,['257ers'],192200,2019,True,,0.6759999999999999,0.745,0.0143,0.78,133.314
3VUklt7b6HgK2P7FtaOPER,257 ist der Boss 2019,['257ers'],171467,2019,True,,0.882,0.812,0.111,0.5329999999999999,99.976
3bDorylPVsQiddVrFtyQRc,A Man Must Do What A Man Do Must,['257ers'],157133,2019,True,,0.831,0.797,0.0726,0.36200000000000004,100.16799999999999
6sJUcyzxRHNN9ZJSWRAWxb,Adiletten (feat. Finch Asozial),"['257ers', 'FiNCH ASOZiAL']",174667,2019,True,,0.919,0.736,0.0464,0.71,128.963
2QHbtMcYFDqEdsHFE6SQj0,Hardcore Vibes,['257ers'],171987,2019,True,,0.861,0.785,0.111,0.579,124.96
3i0w3Evdqm4nrRTNumOqQz,Drehmaschinenstraßenabitur (Skit),['257ers'],77613,2019,True,,0.723,0.248,0.91,0.79,89.227
1psavBI1ktoYo7akRXdWfL,Immer Wieder Joints,['257ers'],166227,2019,True,,0.925,0.879,0.0226,0.8340000000000001,99.99700000000001
6oIIQ2jN67wAp0eMfwrKkM,Abrakadabra,['257ers'],176547,2019,True,,0.9570000000000001,0.604,0.102,0.8240000000000001,119.96799999999999
62iqf333Laf072WbP49zu4,ADAC (feat. K.I.Z),"['257ers', 'K.I.Z']",188413,2019,True,,0.83,0.8420000000000001,0.0629,0.6679999999999999,114.91799999999999
1vxWUnpniZGDz3H9bjMje6,Sexdisko,['257ers'],146360,2019,True,,0.914,0.828,0.0452,0.0883,133.05700000000002
71MfSHqC3POQWe9VJDJYKe,Vagina (Skit),['257ers'],60867,2019,True,,0.88,0.24100000000000002,0.8859999999999999,0.741,129.988
1YmVcmY0kEtr2LFKNrbsOk,Vagina,['257ers'],165987,2019,True,,0.83,0.83,0.0143,0.9259999999999999,114.961
0zMZbMrwhF0kJKxUk05MAu,Der Boden Ist Lava,['257ers'],195493,2019,True,,0.955,0.588,0.0152,0.59,128.939
6Qu2sZYuWkzwv6Gb8Q49fg,Alkoholexperte (Skit),['257ers'],51533,2019,True,,0.627,0.24,0.65,0.435,138.88
1TG6k4jzxoY7PzKIP7gSTf,Alk Hol,['257ers'],213893,2019,True,,0.902,0.7340000000000001,0.0686,0.603,94.98299999999999
4JpQTJiiVP8iWqpbX4FslE,König Hurensohn,['257ers'],205000,2019,True,,0.777,0.8440000000000001,0.494,0.762,109.99799999999999
7JVlc8vKUdqoY2zP36RIqZ,Jewlz (Outro),['257ers'],262480,2019,True,,0.5529999999999999,0.494,0.354,0.42,82.242
49qN9R1jMcKuyKNsOJ7ua7,Intro,['2Lane'],115174,2019,False,,0.428,0.267,0.9390000000000001,0.552,199.995
2iLSqQkPgfUWf1acFb952Y,Lelo,['2Lane'],335987,2019,False,,0.8059999999999999,0.502,0.525,0.363,120.01299999999999
0Aolp1o2iqQa6pK6h4LbC1,Influence,['2Lane'],182465,2019,False,,0.804,0.701,0.376,0.489,120.93799999999999
2En0V9ERCSbSoid1CzMhOz,Pool Date,['2Lane'],195971,2019,False,,0.8029999999999999,0.758,0.0451,0.424,120.01100000000001
3Qykrb89Z4qfBnHcAp9oPl,Levada,['2Lane'],263993,2019,False,,0.745,0.621,0.473,0.294,119.979
0h6bhJJ55ERvJm5k7pC2PR,Sunset,['2Lane'],237035,2019,True,,0.826,0.6829999999999999,0.0288,0.263,122.008
3FtQlfF7DyjzSxdgAxwBuG,Kallo,['2Lane'],313992,2019,False,,0.804,0.838,0.0683,0.6559999999999999,119.98200000000001
3HcZ7dI8XDEHmrwjOSVif8,Light,['2Lane'],358478,2019,False,,0.7909999999999999,0.8490000000000001,0.0467,0.6629999999999999,120.01100000000001
1vnFDPnKQVwqo0FjQuB22Q,Get,['2Lane'],240483,2019,False,,0.784,0.768,0.264,0.653,119.98
5upAqK4Soatht5fppcSiWZ,Afro Drive,['2Lane'],260937,2019,False,,0.544,0.8390000000000001,0.0133,0.266,126.008
572bvTtwNX1zVkt7Sx48TP,Dawn,['2Lane'],432771,2019,False,,0.775,0.879,0.00633,0.153,122.008
6meswpG54F1JhgZcmQWzzJ,Mad Monkey,['2Lane'],321985,2019,True,,0.818,0.723,0.0462,0.695,119.99600000000001
1q1F7etX6CtF5q5slRO7OU,Sas,['2Lane'],293538,2019,False,,0.8029999999999999,0.97,0.187,0.565,120.971
5PJhg3s0RC1bPyChQz6xij,25 Hours,['Plested'],212710,2020,False,,0.584,0.7090000000000001,0.00878,0.40399999999999997,105.027
4AuGW60uFtjM9gZE85t0Zz,200 Scratches,['Brigade'],213160,2011,False,,0.45399999999999996,0.99,4.46e-06,0.355,135.07
7MYf8wY7RdOgT7fPxJKIR8,2 KIDS,['TAEMIN'],213200,2020,False,,0.617,0.696,0.16,0.494,104.01100000000001
2LyGuxzZ9ocgUQHxWxLFkx,Shoelaces,"['2ToneDisco', 'Cosmicosmo', 'ぷにぷに電機']",195254,2020,False,,0.805,0.638,0.121,0.51,118.01299999999999
2tbe9aQKfjNgLmT2bapElB,Lemon,"['2ToneDisco', 'Milkoi']",181622,2020,False,,0.5479999999999999,0.7809999999999999,0.0186,0.11199999999999999,110.973
7CTqCOQsg6HVKeEdWpoKGo,Sugar Rush,"['2ToneDisco', 'NΣΣT', 'Levi Kaiser']",206769,2020,False,,0.677,0.718,0.23800000000000002,0.41100000000000003,129.891
1AFkcDXGBy5SGfhhmc1pQA,ToneDino,"['2ToneDisco', 'James Landino']",210000,2020,False,,0.7340000000000001,0.7909999999999999,0.0101,0.511,127.979
3RhmJZODz7E185yeWoadC3,Shidoshi,"['2ToneDisco', 'YTCracker']",137143,2020,False,,0.722,0.903,0.00785,0.47200000000000003,139.863
1oVdf05JiYZtFi55cVAvTZ,Giga,"['2ToneDisco', 'Kabuki']",186000,2020,False,,0.547,0.785,0.00043200000000000004,0.11900000000000001,159.959
5MNx4vtF3QTi1JRxJrC39o,Bud,"['2ToneDisco', 'Capturelight']",223448,2020,False,,0.511,0.9079999999999999,0.00285,0.0711,174.019
60UQrWWtw61uWTIDvsTwax,20/20,['Nobis'],205172,2005,False,,0.287,0.981,0.000895,0.266,105.88600000000001
33gppasE54usJsGu7dCXWI,Hail Mary,['2Pac'],310987,2015,True,,0.775,0.618,0.14800000000000002,0.402,82.06700000000002
7aeUPVUFDCDm78o5ktXg01,Box Chevy (feat. 2 Chainz),"['Skooly', '2 Chainz']",236400,2020,True,,0.691,0.48100000000000004,0.054000000000000006,0.109,108.01799999999999
723mHpUo0eaHdmLiGaF0fy,Virgil Discount (feat. 2 Chainz),"['Skooly', '2 Chainz']",138067,2020,True,,0.894,0.735,0.402,0.6679999999999999,118.035
3Ar5nz9BwGB086Y3fQ8tfy,Intro,"['2Pac', '40 Cal.']",72093,2005,True,,0.7240000000000001,0.59,0.0115,0.575,93.90700000000001
1jSfPewLaSsQxoQqsmrVTa,Power Of A Smile,['2Pac'],278667,2005,True,,0.318,0.6459999999999999,1.4800000000000002e-05,0.139,172.03400000000005
4HsuVxKp6xeiJMoDyTppKa,The Eternal Lament,"['2Pac', 'Fred Money']",244213,2005,True,,0.615,0.7559999999999999,3.9899999999999994e-05,0.36200000000000004,96.48299999999999
2OGIzmlBVZm7yKEO6Izqe2,Fallen Star,['2Pac'],289507,2005,True,,0.7120000000000001,0.8690000000000001,0.163,0.5770000000000001,94.866
7lNlOD6fwjOd8qS4mkiRKh,In The Depths Of Solitude,"['2Pac', 'SAS']",258240,2005,True,,0.603,0.4,0.09300000000000001,0.213,136.221
76Rltl2VEXQHA5bTXXsyZs,Movin On,['2Pac'],179107,2005,True,,0.687,0.37,0.496,0.555,121.74600000000001
2dKY6mznWAYz1UJxrlAXQT,Life Through My Eyes,"['2Pac', 'Paul Wall']",252987,2005,True,,0.573,0.752,0.000309,0.578,78.598
7Jd9uMuUM8ZqvI6j7ReGZT,When Ure Heart Turns Cold,['2Pac'],231920,2005,True,,0.604,0.435,0.0186,0.434,82.537
1ckzpCmPRuALCq645W5kPZ,Black Woman,['2Pac'],180907,2005,True,,0.5820000000000001,0.256,0.48100000000000004,0.3,74.491
7uFM7RhKVO7ZezMi9C6o7f,Only 4 The Righteous,['2Pac'],221560,2005,True,,0.872,0.5720000000000001,0.0477,0.777,104.059
7CtPJKPNXggCRqxjILbJXd,Where There Is A Will,['2Pac'],287587,2005,True,,0.8029999999999999,0.479,0.0008529999999999999,0.823,85.213
7Gw9Ryz8laf77CoblaPI7D,When Ur Hero Falls,['2Pac'],211160,2005,True,,0.597,0.47700000000000004,0.34299999999999997,0.331,94.928
5N8A5fHqrhNI8vuMIxZ0oc,And 2morrow,['2Pac'],215440,2005,True,,0.735,0.594,0.02,0.546,98.014
0htCWYwkFwlubmkb1PDnbi,If I Fail,['2Pac'],260547,2005,True,,0.79,0.552,0.0141,0.667,100.16799999999999
1FpEv43p6iUtcU32RXXtJ4,Poetry,['2Pac'],225080,2005,True,,0.737,0.564,0.00281,0.552,91.824
4jjRsmFygTll3s7qBGfvj9,I PRAY,"['SlickLaFlare', '24hrs']",133747,2020,True,,0.871,0.5489999999999999,0.0014,0.40700000000000003,139.964
4NJDXz1FwtKGqHn08nBrOQ,2am,['Indigo'],168192,2020,True,,0.8740000000000001,0.353,0.7290000000000001,0.552,137.032
4WJJVl824QAtyIFNlyhoBg,#2,['Heisenberg'],578998,2014,False,,0.7290000000000001,0.9159999999999999,0.0151,0.0352,127.99700000000001
60DdTGxfZsoNZWGLIo0Ty8,Rekcahdam 2.0,['Rekcahdam'],44596,2014,False,,0.586,0.852,2.6700000000000002e-05,0.826,125.03200000000001
39Zqd6YIiDQA6ThP7294jD,My Love,"['Kura', '22Bullets']",147000,2020,False,,0.693,0.7390000000000001,0.00795,0.508,129.97
2FFZ2Rjgg2m4TWH9HtaNuk,2006,['Russ'],193000,2020,True,,0.67,0.63,0.00765,0.5920000000000001,84.361
7y3rPS9E5YBYbSq1vO5kwy,De Charybde..,"['Dents 2 Sabre', 'Le Jouage']",98400,2020,True,,0.684,0.6759999999999999,0.0111,0.47,90.068
4zJMNzHSPRlNNYSqcKPZGl,Bestialement Vôtre,"['Dents 2 Sabre', 'Le Jouage']",154950,2020,True,,0.732,0.589,0.003820000000000001,0.47,89.70299999999996
5fzT7MzA8OGKhzp5pwydcD,Human Nature,"['Dents 2 Sabre', 'Le Jouage']",213600,2020,True,,0.8240000000000001,0.428,0.0124,0.598,89.991
0mihhU2ABfh7sKG9KMOo5q,Le Festin Nu,"['Dents 2 Sabre', 'Le Jouage']",195000,2020,True,,0.6829999999999999,0.669,0.00215,0.523,160.106
5RGpTUpgkCJKm481R8v2CE,Le Héro de tes Peurs,"['Dents 2 Sabre', 'Le Jouage']",165600,2020,True,,0.726,0.344,0.00606,0.115,83.84200000000001
3Rs0Se7kLupUspp9sYYyql,J.V.K.M.,"['Dents 2 Sabre', 'Le Jouage']",192600,2020,True,,0.659,0.495,0.000184,0.374,87.021
0XqqDOO37VlXTJJraugzTc,Jeun' Fouuu,"['Dents 2 Sabre', 'Le Jouage']",195600,2020,True,,0.8190000000000001,0.597,0.0126,0.722,92.009
1oCyGKIXE2l5tRauztl2fo,Charybde Holocost,"['Dents 2 Sabre', 'Le Jouage']",109200,2020,True,,0.722,0.512,0.000826,0.7240000000000001,77.05
2BXR365KSqvBCOitUt9bFW,A Ma Place,"['Dents 2 Sabre', 'Le Jouage']",223200,2020,True,,0.629,0.684,0.00106,0.5760000000000001,90.03
2MD0ePws1oFYgCD55exgtX,Le Jeu du Chat,"['Dents 2 Sabre', 'Le Jouage']",205200,2020,True,,0.765,0.792,0.0063,0.812,90.001
6IKw6CbEBgTqptP07IiV04,..En Scylla,"['Dents 2 Sabre', 'Le Jouage']",152333,2020,True,,0.843,0.465,0.00563,0.375,77.014
4DPBRvBSgSoPs92WPn3Cte,21st Century Woman,['Creek'],269377,2017,False,,0.56,0.583,0.107,0.252,125.898
6UAZQr7UMxlwtQQRle0nUk,21:29 - Japanese ver.,['TWICE'],231547,2020,False,,0.568,0.71,0.2,0.528,180.005
26Vq26zVFV2c1nPtmkhM5r,2020,['Mugg Mann'],144000,2020,False,,0.8440000000000001,0.521,0.387,0.38,99.99700000000001
1wRuptC23rnu6dYJOazDCq,Intro,['Hash 24'],158400,2020,False,,0.7979999999999999,0.574,0.9490000000000001,0.452,99.977
60EJBXhuxFG8JKYOFpr3lb,Un autre monde,['Hash 24'],218182,2020,False,,0.742,0.516,0.0252,0.0399,87.988
1Nmk2mlTY8Eh8EII7v5ghX,Hell Paradise,['Hash 24'],168791,2020,False,,0.731,0.5529999999999999,0.353,0.6759999999999999,92.947
2zb1V2Yo9XezuCWMsodaDo,Heure d'été,"['Hash 24', 'SelaSToutSeul']",137379,2020,False,,0.6659999999999999,0.515,0.536,0.557,71.957
6dCidmLmNRtP422ccARfPX,Outro,['Hash 24'],169714,2020,False,,0.47600000000000003,0.478,0.308,0.19399999999999998,139.806
6UKVSnlYm8Fk5tvKVj60cv,2:38 A.M.,['pronouncedyea'],175714,2018,False,,0.654,0.385,0.8690000000000001,0.19899999999999998,111.965
0gbbKHZt5kcRa2hizMO3dd,2night,['Hook'],210732,2020,True,,0.501,0.493,0.0727,0.363,82.001
5u37fwtwpniOYtOzw11zhM,$20 Mints,['Niiice.'],83000,2018,False,,0.517,0.608,0.391,0.276,127.738
5F3FzDNevvKEtLssYtYoff,278 - Airport,['Brooklyn Brothers'],199421,2012,False,,0.701,0.6940000000000001,0.242,0.9229999999999999,80.005
3bhHI00r6yDlyAAr3rkXtF,2 Cents,['Supreme'],137900,2020,True,,0.8140000000000001,0.45899999999999996,0.184,0.359,126.02799999999999
7IhEq6sTqMH5YLu6AWFchw,20 minuter,['HON'],164029,2020,False,,0.764,0.48700000000000004,0.364,0.23800000000000002,139.0
1dgq6zZ873HAjfHPehEqsu,Disco Trappin',"['Ben Beamon', '2 Ls Up', 'Beam Olajuwon']",245070,2020,True,,0.79,0.68,0.0241,0.737,141.938
6klWFTBNQuOT7Lj8Ee70TF,Bonnee,"['Ben Beamon', '2 Ls Up']",200148,2020,True,,0.872,0.675,0.14800000000000002,0.8340000000000001,124.948
1u98Rhdf3q4UQsij1Hn0n6,Feels Like California,"['Bloc 2 Bloc Muzic', 'Antonia Marquee', 'Brayzie Ru', 'Yun-Gun']",208413,2020,True,,0.639,0.607,0.10099999999999999,0.217,92.964
4KLDVwYk5Jq9U0OF7XLN8D,2.3.,['ZAYSAVAGE'],108117,2020,True,,0.7090000000000001,0.408,0.525,0.47100000000000003,93.042
10AwYbeCQs21WjgCSGiwQB,Magnificent (Intro),['2Kz'],134769,2020,True,,0.735,0.7140000000000001,0.35700000000000004,0.397,130.20600000000002
5z6QtgBxCVYi0ctVPOWknB,Kife Don't Sell,['2Kz'],210462,2020,True,,0.816,0.63,0.47,0.6409999999999999,130.086
6FcxXlb8z0N3CYPDzEvxJq,All My Life,['2Kz'],165957,2020,True,,0.845,0.581,0.147,0.506,141.045
7MhphbsnT2fXtmJMn6IZX0,Shaking,['2Kz'],246429,2020,True,,0.861,0.644,0.37799999999999995,0.38,111.875
4ovZwQ6fMSdZraPF51kMOJ,Diddy Bopping,"['2Kz', 'Swaggerrite']",189296,2020,True,,0.8370000000000001,0.522,0.12300000000000001,0.18100000000000002,141.964
401pAkIVNeEsY5DSgimhSa,Trap Never Gonna Die,['2Kz'],192676,2020,True,,0.878,0.66,0.136,0.703,141.918
3KpgwZgEst33lKWrzl5rca,Digging Graves (Freestyle),['2Kz'],131707,2020,True,,0.885,0.496,0.10400000000000001,0.315,82.042
0xtOyeifDrdiPohBOxmdh8,Same Thing,['2Kz'],183704,2020,True,,0.7959999999999999,0.49,0.109,0.24100000000000002,161.97
4B1CqzjDo622uzK39z4Xok,Whispers,['2Kz'],179277,2020,True,,0.748,0.524,0.182,0.304,166.033
0GOhMUazRVvzZ7FngjJw8H,Vibe,['2Kz'],170973,2020,True,,0.865,0.5589999999999999,0.465,0.608,113.012
6FHuOCpoqvyCuBEE2LuSyw,Gone,['2Kz'],182074,2020,True,,0.861,0.623,0.244,0.654,115.851
0dCN0bEXDodItLkEfUy4dj,Diffrent Situation,['2Kz'],160958,2020,True,,0.601,0.588,0.0492,0.297,83.148
4ECkO5YLgRkZUybBzkqPX8,2Tru - Foreign Interior Dub Mix,['CCFX'],242472,2018,False,,0.319,0.725,0.265,0.223,95.98700000000001
0Yay9aYkUYicWNSYwgWspP,Rhymes With Fame,['Small 23'],182427,1995,False,,0.341,0.937,0.00312,0.434,139.203
6CGcAezttV7vz0LJwt2Nxg,Stereophone,['Small 23'],198040,1995,False,,0.34600000000000003,0.9059999999999999,0.00527,0.368,138.585
6bJ8ZTdnikQ4Y55EPtYsqM,Zoo Girl,['Small 23'],250560,1995,False,,0.273,0.823,0.000794,0.22899999999999998,158.119
466JphYKEaB09L29H96aB5,Dump,['Small 23'],135867,1995,False,,0.298,0.835,0.00366,0.27399999999999997,137.488
4QufXvuX040Rr0vUxekHty,Grey,['Small 23'],200000,1995,False,,0.226,0.9490000000000001,0.00021099999999999998,0.374,166.674
30GtBIW4OsEUtsGEGc0dxL,Floor,['Small 23'],203600,1995,False,,0.402,0.763,0.39899999999999997,0.26899999999999996,120.915
1TMLVTzS8KhzoFLX4lrU7A,290 Recto,['Delmer Darion'],199173,2020,False,,0.34600000000000003,0.134,0.975,0.114,109.971
3DK7gJdEEwHmc5YacyRh6H,20 On 4,['Kur'],207145,2020,True,,0.7859999999999999,0.596,0.0325,0.638,147.079
60o6MpvszmwAAdgduvkYYz,2016,['Wakeup'],148651,2020,True,,0.721,0.46399999999999997,0.2,0.47100000000000003,159.96
3IglDLgbhnHAR7MopuOGpG,Naggin' On My Mind,['GA-20'],160822,2019,False,,0.504,0.742,0.21899999999999997,0.866,133.968
5hzvtDWjx9mJ8GMEZ9lNZj,You Know I'm Right,['GA-20'],245813,2019,False,,0.433,0.73,0.7070000000000001,0.706,111.811
1xsNNJGkP0jBXo6WmiLTOB,One Night Man,['GA-20'],162840,2019,False,,0.479,0.847,0.8270000000000001,0.555,101.074
6SCTCCdzQt1uWputQVLnVN,Got Love If You Want It,['GA-20'],200707,2019,False,,0.511,0.8420000000000001,0.7879999999999999,0.784,149.304
0VFV6DU804vCfLxai2MS1H,Happy Today,['GA-20'],231013,2019,False,,0.611,0.5579999999999999,0.6579999999999999,0.294,92.363
1qYFVI7I6nTO2TWvK7tMOG,My Soul,['GA-20'],176147,2019,False,,0.502,0.762,0.765,0.616,106.17
64qRG8cryI8XzXgVUr1zU8,Crackin' Up,['GA-20'],192747,2019,False,,0.47200000000000003,0.653,0.6709999999999999,0.72,109.381
4CwhHvcFxG5RcsJ3fCnTq0,I Feel So Good,['GA-20'],162453,2019,False,,0.637,0.792,0.867,0.836,116.205
2geWm4HP3Dkxc1eT8vv5t4,Greene Boy,['GA-20'],195093,2019,False,,0.742,0.787,0.8190000000000001,0.8809999999999999,99.939
1kQi7SgUQW79dYGOYygICB,Lonely Soul,['GA-20'],116347,2019,False,,0.327,0.878,0.657,0.955,166.763
1iERgTTv7qAz3yHODlmMZE,24 (Outro),['Sincere'],181372,2020,True,,0.9159999999999999,0.561,0.196,0.6709999999999999,120.101
4dvFzzPsn29VifynGymdxj,29 Mile Wind,['Chokebore'],113067,2007,False,,0.255,0.41200000000000003,0.0028899999999999998,0.12300000000000001,75.956
3T6RtDhEiSovWsryJCNo96,2nd Batch,['Gmmkrome'],176379,2020,True,,0.45399999999999996,0.504,0.24600000000000002,0.465,161.888
5O29nkYY8aByZY6X2TD7eO,Purple Savage Mode II Intro [ChopNotSlop Remix],"['21 Savage', 'Metro Boomin']",121173,2020,True,,0.601,0.664,0.243,0.2,123.964
5pMU8APwU6k09iRcmSYNpV,Many Men [ChopNotSlop Remix],"['21 Savage', 'Metro Boomin']",292595,2020,True,,0.735,0.514,0.0017100000000000001,0.134,123.755
3anTHzyskaQVkWi8UxSTgj,Runnin [ChopNotSlop Remix],"['21 Savage', 'Metro Boomin']",303949,2020,True,,0.8909999999999999,0.386,0.0084,0.111,115.22200000000001
2PFnRMwywJzQEBTOElSkmV,My Dawg [ChopNotSlop Remix],"['21 Savage', 'Metro Boomin']",233297,2020,True,,0.875,0.355,0.0648,0.156,115.21
39nPqJBbWQYrfUQmA42uTZ,Snitches & Rats [ChopNotSlop Remix] (feat. Young Nudy),"['21 Savage', 'Metro Boomin', 'Young Nudy']",296873,2020,True,,0.845,0.505,0.0826,0.24,115.182
7GjbHAe4SlpHS47BKiMj0A,Glock In My Lap [ChopNotSlop Remix],"['21 Savage', 'Metro Boomin']",323396,2020,True,,0.853,0.42200000000000004,0.0146,0.18100000000000002,105.60700000000001
37aVvSj79fSvNeimxSI92o,Slidin [ChopNotSlop Remix],"['21 Savage', 'Metro Boomin']",223968,2020,True,,0.838,0.374,0.00165,0.15,124.11200000000001
6ba5ItuoGEm0KBh9oBKFOS,Brand New Draco [ChopNotSlop Remix],"['21 Savage', 'Metro Boomin']",247258,2020,True,,0.7609999999999999,0.5770000000000001,0.0819,0.345,124.234
6gZnEG5qJOAyuV244wazeL,No Opp Left Behind [ChopNotSlop Remix],"['21 Savage', 'Metro Boomin']",241511,2020,True,,0.9059999999999999,0.444,0.0459,0.193,141.06799999999996
4ymWhSFX1XzCnjJxfGihzW,Steppin On Niggas [ChopNotSlop Remix],"['21 Savage', 'Metro Boomin']",227207,2020,True,,0.8029999999999999,0.493,0.00404,0.752,141.744
74Xq55d0irPDchHgYMBSHV,Mr. Right Now [ChopNotSlop Remix] (feat. Drake),"['21 Savage', 'Metro Boomin', 'Drake']",286232,2020,True,,0.69,0.6779999999999999,0.23399999999999999,0.586,141.57
18EbQ3lKKZwmxtskOUM52N,Rich Nigga Shit [ChopNotSlop Remix] (feat. Young Thug),"['21 Savage', 'Metro Boomin', 'Young Thug']",328469,2020,True,,0.741,0.402,0.517,0.736,148.24
498a782fCJvXd51gCsUaZw,RIP Luv [ChopNotSlop Remix],"['21 Savage', 'Metro Boomin']",281472,2020,True,,0.7440000000000001,0.248,0.146,0.0843,148.484
78noo1oeVygvqtd5fs0Ol0,Said N Done [ChopNotSlop Remix],"['21 Savage', 'Metro Boomin']",297044,2020,True,,0.877,0.242,0.0476,0.242,131.328
6HCWcsXThI4z5OhpDfUW9Z,Intro,"['21 Savage', 'Metro Boomin']",70044,2020,True,,0.4270000000000001,0.473,0.312,0.654,80.972
0hJUCdlk7IzPQyYjPezJlt,Runnin,"['21 Savage', 'Metro Boomin']",195906,2020,True,,0.8190000000000001,0.626,0.00748,0.415,143.01
6PdQMF4YaMUHMuybwinCFV,Glock In My Lap,"['21 Savage', 'Metro Boomin']",193591,2020,True,,0.847,0.733,0.0057399999999999994,0.20199999999999999,130.029
0vMRkjVKltTEd7w18AGuxW,Mr. Right Now (feat. Drake),"['21 Savage', 'Metro Boomin', 'Drake']",193839,2020,True,,0.647,0.667,0.231,0.7040000000000001,172.08
2BI5QH7yZXzxFkGqVSocy8,Rich Nigga Shit (feat. Young Thug),"['21 Savage', 'Metro Boomin', 'Young Thug']",190331,2020,True,,0.825,0.733,0.349,0.62,97.97399999999999
1ztkjvyidhhYNg1QSG3KjA,Slidin,"['21 Savage', 'Metro Boomin']",185037,2020,True,,0.774,0.706,0.0016300000000000002,0.382,152.891
17ppHU8c07iHHwc2EonR3q,Many Men,"['21 Savage', 'Metro Boomin']",201856,2020,True,,0.635,0.7929999999999999,0.000647,0.281,77.594
5HUJ0smJeJCO85KLxyiiTK,Snitches & Rats (Interlude),"['21 Savage', 'Metro Boomin']",57074,2020,True,,0.607,0.371,0.742,0.945,102.48100000000001
100K2GNLk91lcwxiUVO9sJ,Snitches & Rats (feat. Young Nudy),"['21 Savage', 'Metro Boomin', 'Young Nudy']",187773,2020,True,,0.821,0.6709999999999999,0.00843,0.494,145.953
3ZU0bB2EiJHhB91G1drmDq,My Dawg,"['21 Savage', 'Metro Boomin']",181716,2020,True,,0.831,0.532,0.0652,0.364,140.105
45qZlZKpC16UbrJE2BurN7,Steppin On Niggas,"['21 Savage', 'Metro Boomin']",140833,2020,True,,0.8490000000000001,0.635,0.000608,0.7979999999999999,89.484
0UWc0sCKE3f9npzNaTUz0g,Brand New Draco,"['21 Savage', 'Metro Boomin']",202420,2020,True,,0.6970000000000001,0.7090000000000001,0.040999999999999995,0.439,155.023
38iaENfG11eBFgak4gt018,No Opp Left Behind,"['21 Savage', 'Metro Boomin']",194214,2020,True,,0.823,0.703,0.0161,0.26,178.043
1vFMk21UtRRrIneXVN2p80,RIP Luv,"['21 Savage', 'Metro Boomin']",214192,2020,True,,0.63,0.39899999999999997,0.105,0.0657,183.016
1Nfcn9ax2mu3EWS4d8F8LI,Said N Done,"['21 Savage', 'Metro Boomin']",231831,2020,True,,0.775,0.5660000000000001,0.0381,0.479,160.351
4C80CFGTDT6fktJe4L4dvJ,21 Years Down,['Opus Orange'],131502,2015,False,,0.542,0.127,0.99,0.514,92.73700000000001
0zBzB1C0pVD37HvwS2URKm,Bop,"['2ble Jay', 'edZone']",260000,2019,False,,0.883,0.721,0.726,0.813,108.039
7Ev2R1shx1zddT3J6NGWCG,TUK,"['2ble Jay', 'edZone', 'DG']",188108,2019,True,,0.7509999999999999,0.6,0.149,0.721,74.024
2ok3KEgru2jLNbgbx526V9,Pum Pum,"['edZone', '2ble Jay', 'Broadway Q']",217778,2019,False,,0.8290000000000001,0.565,0.285,0.696,107.985
5quJG8jGobPPxhrQ6mfXfd,Yo No Lo Conoco,"['2ble Jay', 'D7 Montana']",208000,2019,True,,0.851,0.905,0.0547,0.462,119.969
0XFlg8gryhkGNr8LbOtg9u,Pa Ella,"['2ble Jay', 'edZone', 'Fresh EP', 'Shorty Fresh Boy']",247120,2019,False,,0.825,0.56,0.0155,0.228,98.061
38RRHlokRWCFYHKhtKuj39,Believe,['2ble Jay'],220138,2020,False,,0.777,0.486,0.35200000000000004,0.341,145.238
0uGsUwIRJPJHLJwlmbZtqz,Kobe Bryant,['2ble Jay'],204940,2020,False,,0.708,0.621,0.306,0.509,83.042
5iFDtaVt7a7kHp4H0Lvhot,Killing Me,['2ble Jay'],204000,2020,False,,0.755,0.688,0.065,0.45799999999999996,99.975
57UgsIgwxILf28KrfpItKa,Habits,"['2ble Jay', 'edZone']",145533,2019,True,,0.8959999999999999,0.484,0.0209,0.446,93.991
5NVv6sLtolIK8M0V4j7MHa,Undecided,['2ble Jay'],195273,2020,False,,0.7829999999999999,0.675,0.159,0.604,110.0
6bPwm13ktfcgBX3VOhbJv8,Ella Bebe,['2ble Jay'],237526,2020,False,,0.769,0.595,0.507,0.5770000000000001,97.212
68FwT5v79MDxIOAbxIYtQ2,24 Hrs,['Deyah'],201247,2019,False,,0.883,0.588,0.0837,0.691,136.078
75TQhs2vu3622WqG8ZG3n2,20 10 20,['Burna Boy'],213716,2020,False,,0.823,0.466,0.149,0.59,98.01
0gcCfMpaygeNQjcy3Af8lh,Nasim,['2FLY KNG'],207125,2020,False,,0.537,0.705,0.0748,0.8320000000000001,85.443
6ZTM7PI0qTABXmvoIoiRHM,Dream!,['2FLY KNG'],126353,2020,False,,0.653,0.732,0.071,0.805,136.94299999999998
2YwJGhXcliLrfBzKTAOSMr,Make It,['2FLY KNG'],180097,2020,False,,0.862,0.504,0.0732,0.43799999999999994,127.99
7FihScsHVVZP32Cs160JBZ,On My Own,['2FLY KNG'],111329,2020,False,,0.555,0.532,0.7140000000000001,0.7170000000000001,66.994
39n8ohxPn9DNNHuFhIiKEj,Be Okay,['2FLY KNG'],187918,2020,False,,0.5379999999999999,0.44,0.20600000000000002,0.4,173.88
7gSe3WFBusUXTbGBH1kmD3,"Hey, You Lost (Interlude) [feat. LaTone]","['2FLY KNG', 'Latone']",101053,2020,False,,0.406,0.369,0.938,0.0954,84.382
5Ken9wunqov5U98Yudc2ee,Cycle,"['2FLY KNG', 'Latone']",198000,2020,False,,0.762,0.43,0.684,0.326,97.038
4UMbbOt4ROkbpj2mB0oSmt,Euphoria,"['2FLY KNG', 'Latone']",186681,2020,False,,0.708,0.594,0.525,0.38799999999999996,103.0
7HQTQlrmcHDnuw3DTl9yV1,I Know,"['2FLY KNG', 'Latone']",298034,2020,False,,0.59,0.469,0.42,0.34600000000000003,90.954
10708P07FFaE9Ln1ggU8VG,Bright Day,"['2FLY KNG', 'Latone']",173389,2020,False,,0.38,0.551,0.861,0.298,91.21600000000001
0JBmyRzQ8caHipd4V6ueK1,Late Vibes,['2FLY KNG'],154365,2020,False,,0.706,0.639,0.581,0.72,145.966
3aKOotosIAxKi1JszW8kud,Perception,"['2FLY KNG', 'CrownChaz']",218337,2020,True,,0.489,0.682,0.266,0.172,174.196
1st50tkvqdbBGXY9oUPLbv,2008,['GULEED'],156173,2019,True,,0.856,0.6629999999999999,0.0357,0.0389,136.00799999999998
2cBokJ3dOSNvyqtj5qNZFm,27 Dreams,['Owsey'],252774,2020,False,,0.322,0.32799999999999996,0.243,0.0398,119.865
3jpmSZzwaKECA5JKoEVGek,Jet Set Sona Theme,['2 Mello'],129032,2020,False,,0.77,0.862,0.111,0.809,186.013
08l4V1IXj4RQ58zQ7ee0kP,23 (Follow moi),['ADI'],230182,2020,True,,0.741,0.515,0.0708,0.168,109.977
6vq9BD04vkzJMSzoKxo7bj,Hmm,"['2ble Jay', 'edZone']",180000,2019,False,,0.8390000000000001,0.5760000000000001,0.4920000000000001,0.607,99.976
22543gSvo8ueQJrAmDRuHB,Pop That,"['edZone', '2ble Jay']",153373,2019,True,,0.789,0.5770000000000001,0.00968,0.804,169.03099999999995
1VEdGEwx5sslJ4aGWzcWri,Mi Amor,"['edZone', '2ble Jay']",251294,2019,False,,0.7,0.556,0.252,0.603,169.88099999999997
0QGRO3URqzCvl8S0jX5Ovq,Esto No Es Amor,"['2ble Jay', 'edZone']",258067,2019,False,,0.858,0.6970000000000001,0.545,0.941,110.012
0DrrhgUYJefeKLddA5Ecgo,Gauge,"['2ble Jay', 'edZone', 'TheDiskoKidd', 'Wrex']",240893,2019,True,,0.674,0.5479999999999999,0.017,0.55,170.308
18q8kheTq9TA6VvPdvF9ao,Wake & Bake,"['2ble Jay', 'edZone']",203003,2019,True,,0.8490000000000001,0.433,0.342,0.322,152.04399999999995
7hX9iA2wghd5GMiLxIHJST,Uptown,"['2ble Jay', 'edZone']",204080,2019,True,,0.789,0.5820000000000001,0.196,0.713,142.129
5YrMZwhiSGCCYaboxpQMfP,All We Know,"['2ble Jay', 'edZone']",195692,2019,True,,0.8640000000000001,0.596,0.408,0.77,129.976
5zBYnqudkktjWWnm6waPff,Pa la Disco,"['2ble Jay', 'edZone']",246000,2019,False,,0.857,0.725,0.265,0.7759999999999999,119.97200000000001
6FuGJB290AQMAHTfjOYVaK,"Mood (Remix) feat. Justin Bieber, J Balvin & iann dior","['24kGoldn', 'Justin Bieber', 'J Balvin', 'iann dior']",192745,2020,True,,0.721,0.745,0.151,0.6990000000000001,90.988
7a5p9fhzHPSK0CKVIgK8zL,"Fw, Tx",['29 Mules'],181133,2009,False,,0.598,0.8420000000000001,0.000204,0.858,106.06299999999999
6d66QTjQErHZv5Tx24gPYz,Old Blind Dog,['29 Mules'],188480,2009,False,,0.5589999999999999,0.86,0.0259,0.426,111.057
3dLOlB9VNYgLnf9rCG7ZDf,Caballero,['29 Mules'],272800,2009,False,,0.563,0.6940000000000001,0.14800000000000002,0.67,112.905
6ldFwpulzj94rGhvreSZdB,Get Behind the Mule,['29 Mules'],388640,2009,False,,0.495,0.773,0.0281,0.524,177.91
6HGG8faapAAkw5vaAuNxgK,Devil Stole My Last $10,['29 Mules'],239133,2009,False,,0.469,0.8290000000000001,0.0299,0.386,121.323
2cvE11bcDJwDD1TVADLGPf,Stopped Drinking Whiskey,['29 Mules'],183147,2009,False,,0.373,0.855,0.324,0.474,169.821
1SNpK5UHzSoUa8RbJXwEzn,Lifetime Away,['29 Mules'],237533,2009,False,,0.275,0.439,0.435,0.292,50.441
6fWiuYx2Tiaw0hv1YAPfwz,Bring It Up Mules,['29 Mules'],290173,2009,False,,0.596,0.688,0.0213,0.675,172.058
28tJgCm3eVz1nhgzoFPRPb,Hell Don't Wanna Ride,['29 Mules'],196040,2009,False,,0.534,0.784,0.0128,0.431,157.918
6EPZR1PhkueNatwAKWjhzc,Corpus Christi,['29 Mules'],165320,2009,False,,0.535,0.726,0.17800000000000002,0.6,97.946
7ikV8iqk79BJfVco9qu7Kd,2am,['dutchavelli'],128028,2020,True,,0.775,0.841,0.0549,0.568,142.05700000000004
2m5mImkOSMsQ0Q7f2RhGMy,2008,['ericdoa'],138893,2020,True,,0.735,0.565,0.0282,0.659,150.09
4BoPvRgqQZb2jWXrznaUKZ,Firefall,['220 Volt'],243800,1984,False,,0.331,0.8320000000000001,6.15e-05,0.511,134.514
7FkHAiBRZ0WLVPDOPa6LGv,Airborne Fighter,['220 Volt'],211240,1984,False,,0.214,0.845,7.099999999999999e-05,0.527,138.874
5cUmQ1XOUdZSp8HAbsAor0,Over The Top,['220 Volt'],267453,1984,False,,0.327,0.7929999999999999,0.00028399999999999996,0.565,126.76299999999999
023ARTsvzZK0VcRfUQ5OM1,Night Without End,['220 Volt'],307133,1984,False,,0.184,0.655,0.000595,0.272,126.77799999999999
4MTfucjcV9dOcPJ8zFaZ9c,Child Or Beast,['220 Volt'],299080,1984,False,,0.0814,0.711,0.0029,0.43,172.285
3lSASVPKJAgBaiD0sWBWQK,Mistreated Eyes,['220 Volt'],299640,1984,False,,0.262,0.8059999999999999,5.5e-06,0.341,119.09100000000001
7g0xi2XXCShYSVwlQCkVuA,Don't Go,['220 Volt'],236067,1984,False,,0.409,0.7609999999999999,9.340000000000001e-05,0.348,124.45700000000001
3tsnDg6Egw97E2CJHsYHTA,Carry On,['220 Volt'],296120,1984,False,,0.228,0.527,0.0006320000000000001,0.308,129.708
0xcpK0LyTw3oVbF1dFwUSD,Screaming For A Riot - Bonus Track,['220 Volt'],197920,1984,False,,0.272,0.705,6.17e-06,0.433,130.11700000000002
1Pc5KR44HJJePnrLK0BWKj,City Lights - Bonus Track,['220 Volt'],321467,1984,False,,0.40700000000000003,0.561,0.0008039999999999999,0.603,82.834
1sxalU5p9xWrgwrobLXE7C,Spoonful (Live),['21 Blue'],483533,2019,False,,0.6559999999999999,0.631,0.584,0.46799999999999997,118.354
2fCukwg4tHPO0cqMYuv0zG,The Chicken (Live),['21 Blue'],522667,2019,False,,0.488,0.89,0.191,0.436,128.372
4IuyEpLdZXmAOqcK78X1ly,S.O.L. Blues (Live),['21 Blue'],597267,2019,False,,0.39899999999999997,0.5870000000000001,0.32,0.259,80.589
4k3VdH8Py75CxXEBKVPXx5,African Nights (Live),['21 Blue'],575213,2019,False,,0.45,0.807,0.484,0.37,110.27
60L9I9RJDFZEbPqHi1W2XH,21 Blues (Live),['21 Blue'],565053,2019,False,,0.3720000000000001,0.655,0.298,0.261,94.447
3EC9AcAJ6txsQkjePe4pTP,Black Magic Woman (Live),['21 Blue'],392733,2019,False,,0.47700000000000004,0.77,0.24,0.6659999999999999,131.162
6udTD7gwiaIGEyxAtE6Qhu,911-6969 (Live),['21 Blue'],502533,2019,False,,0.426,0.7020000000000001,0.22699999999999998,0.578,118.806
3cbBIEJlhsgaWdbRYUtcsJ,Spoonful (Radio Edit) [Live],['21 Blue'],296733,2019,False,,0.6990000000000001,0.7070000000000001,0.653,0.483,117.97
0Adn31nKZQM09Ww1V01Lbs,S.O.L. Blues (Radio Edit) [Live],['21 Blue'],329453,2019,False,,0.379,0.537,0.129,0.29600000000000004,84.17299999999999
6FSqO136ZTeiNglHk6Cifd,911-6969 (Radio Edit) [Live],['21 Blue'],264427,2019,False,,0.451,0.769,0.266,0.581,117.007
56A0T1F1Lp39FB8cLkoLx9,Goin' Fishin,['2BLU and the Lucky Stiffs'],351107,2009,False,,0.6679999999999999,0.65,0.105,0.6509999999999999,117.024
0IKerZU9wH6mSdPmDoBGwU,Your Love Is Enough,['2BLU and the Lucky Stiffs'],261453,2009,False,,0.6940000000000001,0.265,0.745,0.489,106.43
1xKpVYmlOBsvViRpSBSrO8,Walk In Peace,['2BLU and the Lucky Stiffs'],313520,2009,False,,0.563,0.637,0.0116,0.812,79.148
5V36NZZpnjKBckMYzpsiFj,Dead Mans Blues,['2BLU and the Lucky Stiffs'],216360,2009,False,,0.754,0.271,0.888,0.39899999999999997,120.273
4ta9vqpTxvcKQFRd10fu48,My Babe,['2BLU and the Lucky Stiffs'],383107,2009,False,,0.5379999999999999,0.6459999999999999,0.31,0.565,154.207
0uRDnaBIUUAmEbObDUg66U,Memphis,['2BLU and the Lucky Stiffs'],178827,2009,False,,0.6679999999999999,0.7340000000000001,0.133,0.838,177.058
3jIb4EgFPEtwv0IwL72F40,Key To the Highway,['2BLU and the Lucky Stiffs'],170907,2009,False,,0.523,0.447,0.303,0.496,115.095
0hTJD28t3HfZmNoRty31fk,Baby Why Ya Wanna Let Go,['2BLU and the Lucky Stiffs'],210907,2009,False,,0.502,0.593,0.34299999999999997,0.336,115.304
32SiE2weGYetRmBbmHKKbz,Crossroads,['2BLU and the Lucky Stiffs'],190520,2009,False,,0.71,0.852,0.249,0.8909999999999999,104.671
3Eig3WQxD6wnb2EL9D5Ji1,Way Down In A Hole,['2BLU and the Lucky Stiffs'],252987,2009,False,,0.7390000000000001,0.491,0.111,0.8240000000000001,133.472
3DV5hyGJ8z7sw8WrpedOib,Soul Light,['2BLU and the Lucky Stiffs'],313813,2009,False,,0.627,0.727,0.11199999999999999,0.7090000000000001,167.804
69SSVqQsA0EGnu6JGINcah,2en1,['427'],76857,2019,True,,0.802,0.504,0.7140000000000001,0.657,88.579
3PdaR99HalqvBgnrCa0NXL,Little Mountain Home,['220 South'],156813,2005,False,,0.65,0.496,0.63,0.698,122.38
2439kEArdhSrWNM8PrqkZy,23 Seconds of Silence,['Wilco'],23253,2020,False,,0.0,0.0,0.0,0.0,0.0
0j7GQD2X8KID05Uy5ooG1J,23 - from the Crimson Soundtrack,['BEAM'],148875,2020,True,,0.9129999999999999,0.478,0.0306,0.38799999999999996,130.045
4JlbAb2nTPaFzlUsggdT2R,2:30 & Anxious,['Cage9'],235907,2009,False,,0.488,0.973,0.0018399999999999998,0.26899999999999996,98.005
4O6R2PuCuEREYe4FbTy3xB,TikTok,['2ble Jay'],205810,2020,True,,0.8759999999999999,0.519,0.00492,0.9440000000000001,149.055
6BsxtJ3aKkc3KqB734VaYJ,22:22,['Ghali'],180000,2020,False,,0.75,0.73,0.0956,0.4270000000000001,94.977
1an0zdV89IkvSxVYzFJVIm,2someawe,['Knova'],165858,2015,False,,0.596,0.82,0.0006580000000000001,0.619,134.029
3cdYmP7NY8WSL6t5NF1xaN,Vette (feat. Trouble),"['21 Savage', 'Trouble']",216589,2015,True,,0.8490000000000001,0.41,0.139,0.649,133.094
1MP6Z380ZpxVDyVTIAdlNk,Pages Turn - Alternate Version,['28th Day'],257907,2020,False,,0.22399999999999998,0.9570000000000001,0.0032,0.242,156.805
5GBqiKZgLfLsVSXIhAhSg5,29,['SHOVELHEAD'],258879,2019,False,,0.551,0.628,0.141,0.5579999999999999,79.85
3Py97fBJ4RprHUcBo5AtLV,216 - Das Geheimnis im Jagdschloss - Kopfhörer auf! (Intro),['TKKG'],109013,2020,False,,0.73,0.249,0.687,0.575,102.744
2MiJIAIMXazymiWWsrTcE6,216 - Das Geheimnis im Jagdschloss - Inhaltsangabe,['TKKG'],75067,2020,False,,0.672,0.201,0.742,0.741,63.733000000000004
2DN4NmeqOSaQuoEadPLb9f,216 - Das Geheimnis im Jagdschloss - Titelsong,['TKKG'],35880,2020,False,,0.51,0.504,0.773,0.902,80.663
2NSACdsipwVRjmERZtOXio,216 - Das Geheimnis im Jagdschloss - Teil 01,['TKKG'],99587,2020,False,,0.7290000000000001,0.335,0.6559999999999999,0.624,106.061
31gALYIvmS2AvGc3dvUauq,216 - Das Geheimnis im Jagdschloss - Teil 02,['TKKG'],97240,2020,False,,0.621,0.37,0.726,0.713,175.507
50lGcz7mk8I60PsVTEj5NW,216 - Das Geheimnis im Jagdschloss - Teil 03,['TKKG'],96120,2020,False,,0.695,0.341,0.7070000000000001,0.515,118.256
1gFlu1jPsmRxnvZB4GL4Kl,216 - Das Geheimnis im Jagdschloss - Teil 04,['TKKG'],96653,2020,False,,0.65,0.32299999999999995,0.601,0.551,118.955
4FNOkWjjIr78p4mea0sZ2i,216 - Das Geheimnis im Jagdschloss - Teil 05,['TKKG'],95307,2020,False,,0.5870000000000001,0.46799999999999997,0.715,0.2,110.883
7yONujjYb5tFC108R7rAZ6,216 - Das Geheimnis im Jagdschloss - Teil 06,['TKKG'],98280,2020,False,,0.7070000000000001,0.618,0.503,0.262,110.69
2TNxZTbtkOA01bkfF39zkO,216 - Das Geheimnis im Jagdschloss - Teil 07,['TKKG'],96200,2020,False,,0.67,0.32799999999999996,0.498,0.583,58.64100000000001
6pFQycSvkGHnrZnECIxUjG,216 - Das Geheimnis im Jagdschloss - Teil 08,['TKKG'],101133,2020,False,,0.5870000000000001,0.132,0.9640000000000001,0.44,88.564
7F4o2XQlLskmxBPChKv08w,216 - Das Geheimnis im Jagdschloss - Teil 09,['TKKG'],88413,2020,False,,0.6,0.254,0.843,0.516,114.361
5U5phKaVZ7kmvtFYunxGTi,216 - Das Geheimnis im Jagdschloss - Teil 10,['TKKG'],100333,2020,False,,0.69,0.38299999999999995,0.736,0.546,140.0
4rZdwkdhKQTUhStaltwWb8,216 - Das Geheimnis im Jagdschloss - Teil 11,['TKKG'],98920,2020,False,,0.664,0.314,0.746,0.45399999999999996,95.088
2q7HZtdAas7aZhuTM6ThgP,216 - Das Geheimnis im Jagdschloss - Teil 12,['TKKG'],94520,2020,False,,0.607,0.27399999999999997,0.631,0.52,168.737
2utnu2vXTWL8VKb1xgAa02,216 - Das Geheimnis im Jagdschloss - Teil 13,['TKKG'],97813,2020,False,,0.664,0.387,0.509,0.6709999999999999,116.488
23snBM3bHIGmuVq7ePDoId,216 - Das Geheimnis im Jagdschloss - Teil 14,['TKKG'],98787,2020,False,,0.654,0.26899999999999996,0.371,0.516,76.256
0XVIQoWJbCpq1brun2aZO5,216 - Das Geheimnis im Jagdschloss - Teil 15,['TKKG'],94427,2020,False,,0.556,0.41,0.444,0.5579999999999999,186.998
5jW6RFUPiQQcOkOPmukCV6,216 - Das Geheimnis im Jagdschloss - Teil 16,['TKKG'],103387,2020,False,,0.677,0.235,0.45899999999999996,0.588,111.984
5nS0GztQ83nFOvkv1crrqj,216 - Das Geheimnis im Jagdschloss - Teil 17,['TKKG'],91080,2020,False,,0.6659999999999999,0.23,0.272,0.593,82.79299999999998
2bG5S5RQcSqFZkyPTw2tZX,216 - Das Geheimnis im Jagdschloss - Teil 18,['TKKG'],102093,2020,False,,0.664,0.332,0.431,0.562,139.851
05XIrcYXSTE01Je7pCWW9n,216 - Das Geheimnis im Jagdschloss - Teil 19,['TKKG'],93000,2020,False,,0.65,0.301,0.632,0.586,115.60799999999999
1kjmGInjOTY4kBv3fTg8I7,216 - Das Geheimnis im Jagdschloss - Teil 20,['TKKG'],94773,2020,False,,0.665,0.33,0.446,0.625,111.679
5pekL3gbDYzPPZu5TelIis,216 - Das Geheimnis im Jagdschloss - Teil 21,['TKKG'],98600,2020,False,,0.7040000000000001,0.282,0.48700000000000004,0.44,107.38799999999999
1PjSKXDoj1P8Hl0xMulEXH,216 - Das Geheimnis im Jagdschloss - Teil 22,['TKKG'],98613,2020,False,,0.659,0.327,0.618,0.55,85.863
7lgQTsjF7dVFwNcIeoo4z9,216 - Das Geheimnis im Jagdschloss - Teil 23,['TKKG'],98947,2020,False,,0.62,0.308,0.604,0.705,82.478
4Phn5OmX3g213VcQqxD0th,216 - Das Geheimnis im Jagdschloss - Teil 24,['TKKG'],94107,2020,False,,0.6709999999999999,0.243,0.27,0.754,84.43700000000003
40bOVv1KiDa2HSmHYdPZDB,216 - Das Geheimnis im Jagdschloss - Teil 25,['TKKG'],100720,2020,False,,0.625,0.24,0.203,0.6859999999999999,124.416
3w4NiH0xOWK2YmcugXsyyD,216 - Das Geheimnis im Jagdschloss - Teil 26,['TKKG'],93627,2020,False,,0.629,0.21600000000000005,0.495,0.6609999999999999,127.667
6pqXifdJf0NmOVPmXZC603,216 - Das Geheimnis im Jagdschloss - Teil 27,['TKKG'],93320,2020,False,,0.601,0.252,0.297,0.569,98.196
2B3enRCyjqohhuXtrAJl9v,216 - Das Geheimnis im Jagdschloss - Teil 28,['TKKG'],101440,2020,False,,0.526,0.262,0.256,0.504,78.934
46MET4PimWdpeKkXgTEmss,216 - Das Geheimnis im Jagdschloss - Teil 29,['TKKG'],97227,2020,False,,0.617,0.244,0.5589999999999999,0.5670000000000001,137.181
1uDeNojk7spbi0YcQKCJuM,216 - Das Geheimnis im Jagdschloss - Teil 30,['TKKG'],96093,2020,False,,0.5870000000000001,0.33,0.138,0.38799999999999996,116.72399999999999
0bARYaTLIAuNKVNCs13x49,216 - Das Geheimnis im Jagdschloss - Teil 31,['TKKG'],96053,2020,False,,0.5589999999999999,0.271,0.426,0.509,87.48700000000002
2f7UFR0fxhfIgaHqonKFW7,216 - Das Geheimnis im Jagdschloss - Teil 32,['TKKG'],100547,2020,False,,0.637,0.294,0.425,0.5489999999999999,60.735
290Y8Pi60xm2roSbuMD4XU,216 - Das Geheimnis im Jagdschloss - Teil 33,['TKKG'],94453,2020,False,,0.557,0.313,0.5589999999999999,0.414,85.57799999999997
37uBka5w07QGKaMV88hqbk,216 - Das Geheimnis im Jagdschloss - Teil 34,['TKKG'],98507,2020,False,,0.657,0.327,0.386,0.534,117.574
4vr6OhA6p8x9qpQ122ENYa,216 - Das Geheimnis im Jagdschloss - Teil 35,['TKKG'],90747,2020,False,,0.545,0.299,0.511,0.081,69.624
7wgKgAhcbEGZAnM4MubuOC,216 - Das Geheimnis im Jagdschloss - Teil 36,['TKKG'],103120,2020,False,,0.682,0.27899999999999997,0.7659999999999999,0.47700000000000004,86.58200000000002
5CeOcaZJb2VJcEpoHsygog,216 - Das Geheimnis im Jagdschloss - Teil 37,['TKKG'],94400,2020,False,,0.7290000000000001,0.262,0.679,0.626,84.01299999999998
3YFqNXIzSpmbCerILj5h0E,216 - Das Geheimnis im Jagdschloss - Teil 38,['TKKG'],94080,2020,False,,0.624,0.195,0.754,0.7020000000000001,89.839
1tIYWssEJgwWhJ6Ifc1bmM,216 - Das Geheimnis im Jagdschloss - Teil 39,['TKKG'],115773,2020,False,,0.645,0.292,0.6970000000000001,0.648,80.258
1l20YRLeDidF8ogbUVegR9,216 - Das Geheimnis im Jagdschloss - Outro,['TKKG'],70307,2020,False,,0.662,0.0939,0.429,0.585,78.508
6fPiWlNKoOmfLde6qIlmh4,Its About Time,"['Timaya', '2Face']",211958,2009,False,,0.597,0.904,0.72,0.963,138.047
3FbNipuNvlOPTF4ojTqFkf,Maraton,"['10an', '2M']",166421,2020,True,,0.745,0.626,0.534,0.62,140.00799999999998
7MiGlE0m5zWfRSNkJowbOL,Pdp,['ASHE 22'],187826,2020,True,,0.7170000000000001,0.373,0.625,0.128,137.995
4lGiu30TYGWXqn7BcLqTAj,The Process,['Section 25'],324440,2014,False,,0.363,0.6679999999999999,0.8220000000000001,0.0335,114.18
3a6z2DYy1kW7JGKBBxIU2c,Looking from a Hilltop,['Section 25'],263240,2014,False,,0.7120000000000001,0.9940000000000001,0.0293,0.69,117.63
18yRN3pNmhKSXwtnFQn7fx,Reflection,['Section 25'],284653,2014,False,,0.58,0.8370000000000001,0.125,0.7659999999999999,194.326
4TQWc9vXTvf3IzkF5CIGfJ,Prepare to Live,['Section 25'],216493,2014,False,,0.474,0.917,0.0196,0.494,148.452
57VUjI3yUeJ0SIrO7RWuci,Program for Light,['Section 25'],240307,2014,False,,0.575,0.998,0.00293,0.264,133.452
6pZOknvroprfpPYQJxEVXB,Desert,['Section 25'],207160,2014,False,,0.426,0.215,0.696,0.15,180.71400000000003
35AhVf2Fr3yGm5WK7QFTjb,Beneath the Blade,['Section 25'],256800,2014,False,,0.598,0.665,0.0823,0.23199999999999998,146.192
4l8dm3HV8g1NRcPZ3iZzxc,Inspiration,['Section 25'],490293,2014,False,,0.557,0.84,0.0194,0.5720000000000001,101.885
2iSUrbSgwkb2F7e4EBjJD9,Looking from a Hilltop - Restructure,['Section 25'],278733,2014,False,,0.682,0.897,0.00285,0.23199999999999998,117.56299999999999
6ek1LjJ5ZuSqrBerQscbzq,Looking from a Hilltop - Megamix,['Section 25'],488200,2014,False,,0.778,0.86,0.00672,0.10300000000000001,117.545
3A6goN90AVea5wmmciVkD7,Dirty Disco II,['Section 25'],328467,2014,False,,0.547,0.982,0.000226,0.316,138.871
0y8ZQ9n0NHkWo49U6fu6n9,Dirty Disco II - Premix,['Section 25'],244040,2014,False,,0.667,0.7709999999999999,0.0186,0.769,138.92600000000002
00vQeAteagvuY3oGEgyhyo,Beating Heart - 12-Inch Remix,['Section 25'],304973,2014,False,,0.428,0.809,9.27e-05,0.15,142.842
7xmNRcYUc1KkhF35ZgqZ30,Back to Wonder - 12-Inch Version,['Section 25'],200133,2014,False,,0.6459999999999999,0.6940000000000001,0.0812,0.8390000000000001,136.089
4tBQHhiKZpyB9KTADTV1i2,Beating Heart - 12-Inch Version,['Section 25'],310080,2014,False,,0.457,0.904,1.3000000000000001e-05,0.281,141.988
6mWf9Y0x0XrrJbIGujuNDl,Looking from a Hilltop - BBC Version,['Section 25'],238640,2014,False,,0.598,0.8440000000000001,0.00773,0.371,112.92200000000001
5TLHm6T3yrpaEnLaR2VpuB,Reflection - BBC Version,['Section 25'],313387,2014,False,,0.5870000000000001,0.8590000000000001,0.276,0.418,103.521
6tmYn47JnZL4So569qgNvI,Warhead - BBC Version,['Section 25'],310040,2014,False,,0.5579999999999999,0.853,0.0255,0.581,151.241
6O29n6Vhak0dYafWsiTYOf,The Process - 1983 Demo,['Section 25'],253800,2014,False,,0.526,0.725,0.833,0.198,112.48899999999999
66E85zpp4HJIFoBrmNkHVj,Looking from a Hilltop - 1983 Demo,['Section 25'],281840,2014,False,,0.535,0.605,0.268,0.573,108.82700000000001
7bEx0f69t2CaoDkao8iuOg,Prepare to Live - 1983 Demo,['Section 25'],232667,2014,False,,0.474,0.688,0.11599999999999999,0.609,145.476
7bVTNQpbfzjM83tq2jBUJi,Reflection - 1983 Demo,['Section 25'],228320,2014,False,,0.23199999999999998,0.77,0.0619,0.273,193.083
62zil5GHda9jnAk9fj3Kml,Desert - 1983 Demo,['Section 25'],249907,2014,False,,0.38,0.135,0.384,0.13,70.322
37l0FuHr4lIteri9TQcMVS,Program for Light - 1984 Vocal Mix,['Section 25'],289067,2014,False,,0.544,0.679,0.825,0.505,131.356
7p0OkUctCxS22JdHcWrCkD,Looking from a Hilltop - Stephen Morris Mix,['Section 25'],554880,2014,False,,0.691,0.9129999999999999,0.000586,0.7909999999999999,124.995
5yscDvEPcTDvmjX0jkIlZk,Reflection - Young Image,['Section 25'],282573,2014,False,,0.616,0.861,0.0164,0.853,97.236
7vFuxUEUrItwGfuIQFaAgD,2 Feathers,['SIAMES'],184125,2020,False,,0.608,0.662,0.0121,0.486,89.99700000000001
5fN82XbPhBQZlxQFwh21MR,23's for 32's,['Billionaire Burke'],201620,2020,True,,0.845,0.4970000000000001,0.182,0.75,81.017
0Obl1n2xackqKxW6aGsxaa,Ai Ai,['2ble Jay'],184800,2020,False,,0.738,0.758,0.47100000000000003,0.505,100.023
