id,name,artists,duration_ms,year,explicit,spotify_popularity,danceability,energy,acousticness,valence,tempo
7Gi8kaILAUgjYqgdee9410,3rd Planet,['Modest Mouse'],238493,2000,True,,0.536,0.5670000000000001,0.326,0.433,82.191
7DpFOFoYVOdyYtNYhTq67O,3 Polizisten - Live,['Haindling'],176933,1996,False,,0.479,0.326,0.732,0.439,117.844
1SM1zwPtweRE6m9XQhbqLU,Ll12 31/10/99,['Lackluster'],178227,2004,False,,0.434,0.706,7.53e-05,0.35,118.21600000000001
6hv80E6vzTvcceWKpcJPSX,30/03/00,['Lackluster'],192333,2004,False,,0.265,0.644,0.00247,0.0347,112.485
0dPfVxotklQkYkFjwyQkgG,38K,['JayDaYoungan'],124902,2020,True,,0.782,0.5529999999999999,0.0896,0.23399999999999999,83.88
67L78rxXo4Epvs4pS7uMLC,314 Intro,['Project 314'],61067,2001,False,,0.639,0.433,0.0934,0.396,178.361
0U1466G4plp6tZjca2BJry,My Baby Was Shakin' Her Booty At the Booty Club,['Project 314'],272227,2001,False,,0.755,0.938,0.223,0.6729999999999999,172.99900000000005
1Z1p9uP17eOg28pYDOcJHl,U Kant' Git No Koochie,['Project 314'],262720,2001,False,,0.94,0.87,0.0823,0.757,139.697
22w4ID29M8C8w5bNikwaXz,Let Me Hit It From the Back,['Project 314'],249800,2001,False,,0.778,0.446,0.00213,0.7340000000000001,171.472
1EhPZNg2bjiXjKUhhMSjaH,Let the Music Play,['Project 314'],280453,2001,False,,0.907,0.726,0.0329,0.945,107.184
50UDcCEDtge31he26qlJuZ,Get in Where U Fit In,['Project 314'],248880,2001,False,,0.856,0.7809999999999999,0.0361,0.8290000000000001,90.12299999999999
6cGlS0RHUUhuehYs20lmcG,Spank That Booty,['Project 314'],241813,2001,False,,0.748,0.706,0.00499,0.738,193.638
3ATwe4Na0WhVHFPQWx7Jln,Baby Can U Lap Dance,['Project 314'],248133,2001,False,,0.863,0.958,0.073,0.883,157.234
4aqpCEt7in7PZDknk21OjA,Ride On the Rhythm,['Project 314'],314720,2001,False,,0.8959999999999999,0.914,0.0017,0.956,131.49
6nz7zMZKjtngPlXwmVH0L2,Endangerer Species,['Project 314'],300053,2001,False,,0.807,0.674,0.0317,0.502,172.18400000000003
3mWObk5hwlDU04G9tIrQRQ,Crenshaw Roll,['Project 314'],323640,2001,False,,0.782,0.64,1.62e-05,0.762,133.793
5wt5lF111Px0g7EwZ0yJD6,Slide Over,['Project 314'],272280,2001,False,,0.595,0.527,0.000177,0.375,170.91099999999997
05Ew0G6b87giNA9ECELSMZ,Rump Thumpa,['Project 314'],391480,2001,False,,0.8320000000000001,0.6970000000000001,0.00122,0.634,161.387
7jnCehZxoLtwN5ckRUBMv6,They Time (Edit),['ST-37'],357973,2005,False,,0.245,0.813,0.374,0.0394,114.725
5FCJHFvBRm0kTRcW0phcC2,3rd Movement of the Odyssey,['Incubus'],400027,2004,False,,0.643,0.634,0.0156,0.036000000000000004,118.954
1jsk3k8zRP9F3QrSwBsUqN,'Til I Say So,['3LW'],236040,2000,False,,0.8,0.856,0.0566,0.9620000000000001,147.98
69rNsSfy1UWwFGjPAjgBIL,359 Degrees,['Secret Society'],291667,2008,False,,0.46,0.779,0.171,0.35100000000000003,95.022
6rkbtAIQXmJtCCEpuNH55C,.38 Airweight (Live),['Doomtree'],249451,2015,True,,0.6990000000000001,0.5720000000000001,0.044000000000000004,0.318,75.087
0jcB9q1mIwGePpdugrZTIP,(White Man) In Hammersmith Palais,['311'],231400,1999,True,,0.672,0.83,0.00107,0.784,105.551
57jmDBEESSUH7iUJKAvuGC,3 Points...,['OOO'],233387,2004,False,,0.318,0.882,0.21100000000000002,0.105,98.666
275EmoPPOyBjovCthvhyb5,3 nuits par semaine,['Indochine'],289467,1996,False,,0.6679999999999999,0.982,0.00967,0.9059999999999999,137.793
1osU4tqw07XCIGXedGcacg,3e sexe - Live 1994,['Indochine'],225227,1996,False,,0.469,0.603,0.8190000000000001,0.317,136.631
2B8HkN0jTlt4mV3nNgxPHw,3e sexe - Live 1994,['Indochine'],225933,1994,False,,0.47,0.5489999999999999,0.841,0.33799999999999997,136.67700000000002
1q1C1jYCa9WNiK4Q7DDImt,333,['Tewz'],213333,2010,False,,0.561,0.733,0.415,0.883,89.973
4wUxEKWflJFromGztspfad,Monkey Bridge,['33.333333333'],191680,2013,False,,0.48,0.65,0.33799999999999997,0.893,122.54
5yZXrzJ91IUQcuQfROWG6b,Fuck My Car (feat. 3-2) - Chopped & Screwed Version,"['UGK', '3-2']",263827,2004,True,,0.5870000000000001,0.8109999999999999,0.0243,0.573,78.128
4EDuovvDp7mrkflusWmcwF,No. 3,['No. 3'],499520,1997,False,,0.408,0.309,0.47700000000000004,0.253,74.73
6PwKZ1ATSJBAZVNZ2QxZMd,Erosion 3,['Erosion'],477133,1997,False,,0.377,0.4920000000000001,0.0881,0.24100000000000002,100.52
51afs6i5cXR3HLx4aAuqIY,Wait a Second,['3-21-70'],331573,1993,False,,0.632,0.669,7.609999999999999e-05,0.682,159.936
4pTIahrIhpHTrqUFcmsyRV,So Happy,['Astropop 3'],177413,2000,False,,0.475,0.843,0.0156,0.629,110.18799999999999
3sInsSBPbKAkM4nzsQ7PnF,3000 Hours,['Indidjinous'],332053,2010,False,,0.5770000000000001,0.894,0.000333,0.157,174.99200000000005
0mk7m67Eu9FzlPNpWOzTr9,3 am,['Sero'],41893,2020,False,,0.223,0.23800000000000002,0.87,0.23199999999999998,53.695
74KbBFU4QV3cbFpzOew4ku,Testers,"['Dutchieman', '38 Spesh']",187638,2020,True,,0.48100000000000004,0.603,0.0475,0.5329999999999999,83.397
0SXgbc0HfukXun6tZGbQ7G,It Hurts Here,['30Hz'],287920,2004,False,,0.596,0.6659999999999999,0.0159,0.648,106.241
3wlBNIr1jTl3J8RKH309AM,3sids,['duo505'],293117,2011,False,,0.599,0.302,0.27899999999999997,0.0723,129.997
6cOLkSmUhqz0UKMN6bL3m9,Robot,['3OH!3'],237323,2011,False,,0.608,0.792,0.0144,0.474,82.44200000000002
7rxLocCxll0hC4YB0gXDBY,3hit,['Nudge'],291667,2003,False,,0.639,0.221,0.675,0.33399999999999996,125.84899999999999
59MnnwRyKUFiHiEd3SYMZ2,3 Musketeers,['MBNel'],240065,2019,True,,0.721,0.586,0.0956,0.37799999999999995,80.065
2zc0rwE2rD3zIjnAM3WL33,Mantra,['3Plusss'],207306,2020,False,,0.6779999999999999,0.713,0.0608,0.18,84.994
1V2U5LF00KnFmVZSQnFT4S,300 hp Lie Detector,['Chess Club'],208360,2006,False,,0.381,0.8390000000000001,0.015,0.307,152.319
6ZrvPlGydkzBJq1A2g533N,3rd of July,['HOURCAST'],218067,2010,False,,0.401,0.919,4.7499999999999996e-05,0.11599999999999999,143.975
6Pgmqg15yVexuOgtzuxwoX,Dancing in My Room,['347aidan'],180139,2020,True,,0.98,0.413,0.6709999999999999,0.764,119.993
2JT8dCJpL7zdQJXiQiHTQz,317 W13,['Plumbline'],260240,2004,False,,0.47100000000000003,0.626,0.523,0.28600000000000003,79.983
7xPf3WjnhAnAftk6qzoV9J,3 Tietä Valojen Taa,['Es'],346120,2006,False,,0.28800000000000003,0.20800000000000002,0.986,0.038,103.29799999999999
6uF1xEOKBHvBcWhIOXAMpH,3 hrs ago,['dynastic'],88500,2020,False,,0.4270000000000001,0.38,0.611,0.306,80.109
10TRFwDyZkx1MstgcpfDXc,3000 Miles,['Valencia'],166187,2005,False,,0.29100000000000004,0.909,8.46e-05,0.629,185.38099999999997
7mtfQSvimA9kl7Nq03AqNE,3 AM,['The Trucks'],243893,2006,False,,0.973,0.29600000000000004,0.0135,0.5660000000000001,120.008
2b9WNIFY1C9u6TMLakkv0j,3-Atrocity,['Casey Chaos'],260907,2004,False,,0.302,0.996,3.04e-05,0.0462,107.369
4NOQPWsxpdymfw3PnKPjRG,302 Cubic Inch V-8 Powered Blues,['Zeke'],114573,1996,True,,0.184,0.991,0.00251,0.0813,97.656
27oE7DzP8hLNRxKoaPDLoP,383,['Zeke'],165533,2004,False,,0.245,0.9490000000000001,3.01e-06,0.494,130.293
3DYdYlwV0ImoMh3EceVbuw,3am In Edradour,['Wolfstone'],140253,2007,False,,0.496,0.8079999999999999,6.57e-05,0.609,116.85700000000001
1rM3VDF4DJLIFPWcq8wSMU,313 Dumpsta Railing,['Phono'],243253,2007,False,,0.845,0.813,0.00212,0.7759999999999999,130.005
1nXNpRFIrbs2lxZfjQeDOg,33-53.9 N/118-38.8 W,['Dolorean'],166613,2007,False,,0.305,0.33299999999999996,0.579,0.109,73.344
1UL54RNHn7396HbufT8L1d,3743,['Twinkie'],109933,2004,False,,0.182,0.8059999999999999,2.6700000000000002e-05,0.45899999999999996,161.392
77ydUrhNfNy6vo3BV0Oy3e,33,['Architect'],33042,2007,False,,0.306,0.9259999999999999,0.96,0.344,101.105
0TD8fuMTvK6kK0xXNjVq2b,What Could Be Better,['33Miles'],245453,2007,False,,0.595,0.8290000000000001,0.00424,0.733,104.022
1mEKJN2ap9szdeJiCAObSK,Come With Me,['33Miles'],185013,2007,False,,0.467,0.8909999999999999,0.0273,0.58,95.119
1342lxcm0udzmP7GE0BIaC,Stand Amazed,['33Miles'],234907,2007,False,,0.506,0.675,0.0168,0.447,141.88299999999995
0nj69SRIIbYim2mlInqPMe,There Is A God,['33Miles'],239573,2007,False,,0.503,0.733,0.0105,0.312,145.981
7wv2a8YrDQq8u6eyU1ZZyb,Hold On,['33Miles'],252000,2007,False,,0.475,0.456,0.31,0.20600000000000002,140.0
0TUmFbRujQBakRBFj7HQI8,Thank You,['33Miles'],219093,2007,False,,0.5329999999999999,0.7879999999999999,0.00542,0.919,95.015
27ysxxFHtl1mr8zCe4RUER,I Can't Deny,['33Miles'],237560,2007,False,,0.557,0.75,0.00427,0.748,95.024
1LJjG35BIhlRY43RRIvBPr,Salvation Has A Name,['33Miles'],255387,2007,False,,0.20199999999999999,0.6829999999999999,0.155,0.32,169.7
5VKaDZHQAayOzAs5eS7tbb,This Is Now,['33Miles'],226627,2007,False,,0.3720000000000001,0.8079999999999999,0.00863,0.451,180.111
2eBh1ewy4cmr5kvISUu9dZ,The Best Man,['33Miles'],264827,2007,False,,0.44,0.569,0.249,0.196,135.916
5YbLuAs1vR628urPNC8vCm,When I Get Where I'm Going,['33Miles'],228893,2007,False,,0.469,0.5770000000000001,0.297,0.23199999999999998,87.734
6ZBCd0aTcx4BuAiiRnlUH3,"Angels, Oblongs, Lines, and Points",['3 Leg Torso / David Greenberger'],110040,2004,False,,0.706,0.261,0.29600000000000004,0.836,115.39399999999999
1qBhYscDsaYZ4ZVEUDYAiG,Single,['3 Leg Torso / David Greenberger'],205467,2004,False,,0.59,0.326,0.204,0.49,110.648
49tN5gy7MFVqRi4lmMtWAU,Fine Print,['3 Leg Torso / David Greenberger'],102000,2004,False,,0.691,0.239,0.11800000000000001,0.644,106.54700000000001
6UMyWJ3jSsA2o4ILM0ngJz,Another Bruno,['3 Leg Torso / David Greenberger'],58147,2004,False,,0.752,0.33399999999999996,0.504,0.231,115.425
2lPKnWOrvRlws69kfhqYcl,Hoe Handle,['3 Leg Torso / David Greenberger'],64467,2004,False,,0.607,0.47200000000000003,0.565,0.223,81.39
5z9uDF9aumO7lUPXfxeaIv,How Whivet Got Her Name,['3 Leg Torso / David Greenberger'],94547,2004,False,,0.685,0.27899999999999997,0.179,0.867,138.40200000000002
3fXAk5VM8lcrXBu87DYWPe,Two Strokes,['3 Leg Torso / David Greenberger'],555307,2004,False,,0.573,0.23,0.865,0.522,113.7
43roeVPm8RQl3qC5PE8YHd,Thank You,['3 Leg Torso / David Greenberger'],96253,2004,False,,0.797,0.125,0.941,0.326,109.711
17dDfTl2EtflzjLxc4w3yn,Home Alone,['3 Leg Torso / David Greenberger'],241173,2004,False,,0.386,0.0443,0.6809999999999999,0.168,83.06700000000002
41vCq5kKQJ789kZ5oB2YBO,A Condition of the Heart,['3 Leg Torso / David Greenberger'],499120,2004,False,,0.55,0.257,0.377,0.5710000000000001,137.58
7dHnVEFmqb4h2umc7qzf95,Leaving Portland,['3 Leg Torso / David Greenberger'],201493,2004,False,,0.5760000000000001,0.29600000000000004,0.261,0.7090000000000001,112.759
6HGzyqzmdFWzkTNgOUL4pB,Perpetual Motion,['3 Leg Torso / David Greenberger'],629267,2004,False,,0.563,0.226,0.511,0.42200000000000004,104.536
2qOuQYjQ6uP5YOdMclCm4M,300 Perfect Game,['Nicotine'],160387,2002,False,,0.623,0.9740000000000001,0.003,0.584,113.164
6XFthUDDIExvle1eS8FR3U,The Kent 3 - Cave Ball,['Kent 3'],196147,2000,False,,0.442,0.919,0.00533,0.409,84.059
0tIjMqi3U7tb5kWrLQl24E,37 Push Ups,['Smog'],137960,1993,False,,0.569,0.535,0.8320000000000001,0.631,104.506
7EVeFDc9oFJ2QrlkVBemRh,Weekend Waster,['3 Minute Warning'],170533,2006,False,,0.306,0.885,0.0383,0.8440000000000001,163.865
6w0csSobtnXA7BxvTvT2u7,The Ripper,['3 Minute Warning'],155867,2006,False,,0.45299999999999996,0.8809999999999999,0.244,0.915,167.62
2zT63PbTynkKGWfMaGtZ3k,Anti-social Day,['3 Minute Warning'],173627,2006,False,,0.32799999999999996,0.841,0.0286,0.838,150.16899999999995
4BHXHr9nzbnajIpAIE0ZZn,Sussed Out,['3 Minute Warning'],220867,2006,False,,0.498,0.866,0.0666,0.624,152.79
592ozrf8CMakwqpnLClvTC,TV Is On,['3 Minute Warning'],163200,2006,False,,0.35100000000000003,0.779,0.008329999999999999,0.8420000000000001,180.417
2H5mOljLv7WNZiCfuMEP6Z,Arsonist,['3 Minute Warning'],165907,2006,False,,0.633,0.758,0.213,0.8140000000000001,145.113
08FYtIMcftDzh5NwY7qIeL,Hangover,['3 Minute Warning'],179467,2006,False,,0.456,0.735,0.21100000000000002,0.951,141.825
5NrtEMuB1ch6opGqibXXlA,Lost Cause,['3 Minute Warning'],145067,2006,False,,0.325,0.843,0.0309,0.866,166.325
0O3YgKXGCvTDvNU08DgLAE,In Your Face,['3 Minute Warning'],137027,2006,False,,0.5479999999999999,0.76,0.16,0.591,141.96
1F929WdfzsdOSqHcKsO1Cy,Can Of Worms,['3 Minute Warning'],192707,2006,False,,0.317,0.84,0.0952,0.63,174.327
2yKdUScHo4o0JQbYImMAez,Silicon 39 Killer in the Crowd,['Silicon 39'],211907,2000,False,,0.56,0.7829999999999999,0.00464,0.65,124.97
11siQ5oXlPF6xN6RIGtwhb,3:33 a.m. / The Insomnia Waltz,['Aveo'],214693,2004,False,,0.33899999999999997,0.551,0.0571,0.28800000000000003,184.727
4OzK31KMLlO6Qf1LgJUq4g,Bullets,['Jonah 33'],189320,2007,False,,0.431,0.742,4.23e-05,0.33299999999999996,97.36
0rRWVAAGRrFzzoR0HLiL9o,Fire At Will,['Jonah 33'],172227,2007,False,,0.507,0.858,0.000396,0.4320000000000001,104.76100000000001
1htpvekYpuHVsnDyi4c5E9,Scream,['Jonah 33'],202667,2007,False,,0.387,0.9229999999999999,3.2500000000000004e-05,0.449,93.844
3gSvDqcAmhONVIAc87kFCY,Brand New Way To Live,['Jonah 33'],273027,2007,False,,0.41200000000000003,0.64,0.000151,0.33799999999999997,98.762
6EocA3nvHz21u24dHkhK2J,No Song Left To Sing,['Jonah 33'],231267,2007,False,,0.418,0.777,0.000166,0.408,154.96200000000005
6Kjf75pQg7CYWZBNiCtXY4,Bravery,['Jonah 33'],280040,2007,False,,0.47600000000000003,0.742,0.000215,0.299,96.508
24lUcQhqBjNTNxHhdflw9k,Never Alone,['Jonah 33'],258773,2007,False,,0.64,0.387,0.000244,0.152,99.037
1y1kuNFgwekHpSCLU99KLV,Last One Standing,['Jonah 33'],192627,2007,False,,0.506,0.852,0.000164,0.564,92.053
1yiVbTKro5LEYsmRiPR8Rq,White Flag,['Jonah 33'],270627,2007,False,,0.4370000000000001,0.588,0.00024700000000000004,0.289,168.618
0af44PIR0GB84YW8WDrvTj,Dying To Live,['Jonah 33'],307827,2007,False,,0.297,0.57,0.000572,0.0801,107.867
4vaJ3dHa4YKHmTjXRrxqnL,3 Sheets To The Wind,['Thunderbrew'],239640,2007,False,,0.521,0.941,0.0105,0.627,133.377
20CfxT9kqukobTkuGDxVWE,3 Years,['Neve'],252067,2000,False,,0.295,0.706,0.0504,0.292,162.355
11598it1Rx1AqeBojeEwUH,3rd Ones,['Relic'],200160,2004,False,,0.696,0.6920000000000001,0.136,0.6409999999999999,98.79700000000001
7FIKk4iH5XhV0q26k45529,30 Pieces,['Pale'],344107,2004,False,,0.397,0.802,0.0036299999999999995,0.294,98.26
4ihNh17wEKbm9SVMIdads0,Action 7 News(intro),['3-Deep'],74400,2004,False,,0.6609999999999999,0.551,0.6559999999999999,0.879,83.162
5V1agDPfM1PoXTIe1ILWNm,We Ready,['3-Deep'],208720,2004,False,,0.872,0.57,0.271,0.9620000000000001,140.05200000000002
5IYjanKDykh9DUVXo84wYu,Player Attitude,['3-Deep'],239267,2004,False,,0.8759999999999999,0.27,0.213,0.684,84.995
1dmoh2J0cMPFjVau8GVhIg,Strip Club,['3-Deep'],194640,2004,False,,0.82,0.243,0.397,0.531,99.99799999999999
7amcpSCJwW98fBTwL8U25A,Superbad,['3-Deep'],208920,2004,False,,0.8370000000000001,0.624,0.121,0.836,94.999
5aGI8oQgP0fkmLVArhnNDn,Po' Folks(skit),['3-Deep'],75360,2004,False,,0.88,0.19399999999999998,0.139,0.7609999999999999,129.994
6jEyujYjVUonK9coCAKJEc,U Can't Deny It,['3-Deep'],186853,2004,False,,0.8859999999999999,0.225,0.19,0.654,156.13
02f2ewA9zAmrmEoupAUBRD,Time,['3-Deep'],204440,2004,False,,0.7659999999999999,0.426,0.0915,0.8059999999999999,95.00399999999999
3qvGUC5t0bKwlZyJcyVGKk,What You Doin',['3-Deep'],187467,2004,False,,0.9129999999999999,0.536,0.245,0.6609999999999999,140.053
3pNw3IeTzUSSqVkcf8IO38,There 4 U feat. Tartrez,['3-Deep'],236067,2004,False,,0.6629999999999999,0.302,0.35600000000000004,0.584,78.73
5WKzCQncDmRsDdjA6coasy,Don't Care,['3-Deep'],230640,2004,False,,0.747,0.15,0.431,0.5720000000000001,80.194
72tRrB3Ypgv7PCu4DyulQw,What A Sensation,['3-Deep'],153053,2004,False,,0.847,0.341,0.154,0.27899999999999997,104.98299999999999
5dfaAvNx4fu0S0MdTKiT0k,Gotcha Blowed,['3-Deep'],230267,2004,False,,0.715,0.309,0.317,0.4320000000000001,79.949
6Wi01ivaJ4TCu8Gr0Q5qgw,Don't Stop,['3-Deep'],189760,2004,False,,0.9229999999999999,0.38299999999999995,0.0157,0.721,99.28299999999999
0ZUssHlXyVWbO3XZ1i6Nka,Goodbye(outro),['3-Deep'],106920,2004,False,,0.853,0.182,0.0279,0.74,90.04799999999999
5cbi7RTMtlMEE1BCQgqTg4,#3,['Potshot'],41333,2000,False,,0.894,0.542,0.315,0.973,108.14299999999999
29JktNQE1kRsuGZXallQPl,How Long (feat. 3X Krazy),"['Cydal', '3X Krazy']",238920,2009,False,,0.7140000000000001,0.878,0.066,0.6920000000000001,99.705
2xLho90FTJCQrnxmXUVhBZ,The Word Is Born of Flame,['3'],205000,2008,False,,0.405,0.622,0.00877,0.484,78.968
6EwjQ6hnKrlgoSILawURfc,The End Is Begun,['3'],222160,2008,False,,0.649,0.9229999999999999,0.0163,0.833,95.198
2OqC770vWurb1456XK9XvT,Battle Cry,['3'],243133,2008,False,,0.636,0.845,0.0010400000000000001,0.879,113.309
2UtIlYrpepn1H8AFn7oK8G,All That Remains,['3'],234240,2008,False,,0.48100000000000004,0.9079999999999999,0.0409,0.6809999999999999,133.238
0N2yWcHhcJfni7YyDgsysf,My Divided Falling,['3'],231160,2008,False,,0.504,0.96,0.000675,0.601,125.337
75A7hhYrFtiWg7sZXBN6fJ,Serpents in Disguise,['3'],204067,2008,False,,0.588,0.9179999999999999,0.017,0.816,76.66
7u4GulGEP42alSpY80cc8d,Been to the Future,['3'],261400,2008,False,,0.512,0.8079999999999999,0.0132,0.304,82.51899999999998
2IdEXsN1vJFN8waA9TW1p1,Bleeding Me Home,['3'],227400,2008,False,,0.507,0.9129999999999999,0.0148,0.207,127.51
3cjGNPl1hXy3UxQKFP9np0,Live Entertainment,['3'],208027,2008,False,,0.618,0.8079999999999999,0.00206,0.6890000000000001,124.064
2j5yvcHguizyt8ztUjJXNl,Diamond in the Crush,['3'],221040,2008,False,,0.512,0.857,0.00047999999999999996,0.61,161.151
3e7Uk0TByLEuuSpsfyyQQR,Shadow Play,['3'],247267,2008,False,,0.594,0.551,0.0513,0.258,83.009
1Y04Q7wfOyq44nVohTez1g,These Iron Bones,['3'],249600,2008,False,,0.355,0.93,0.000168,0.384,126.881
1eltOb4GaUPvz18QPYYMwb,The Last Day,['3'],472733,2008,False,,0.445,0.539,0.11699999999999999,0.28,161.98
5JyZ0AJRYev7c4DucFi8ln,See Emily Play,['3'],199960,2008,False,,0.452,0.872,0.0547,0.69,110.025
7EfjH4QkPxALlhqStYtc6B,The Rebirth,['MOEZART 3RDEYE'],181128,2019,True,,0.652,0.731,0.0399,0.59,74.253
2CXDP9CCqhFv8GrrCVnPoD,Hold up Now,['MOEZART 3RDEYE'],220793,2019,True,,0.7,0.882,0.000833,0.6920000000000001,150.908
30DMaDPwe3OdoD4ISt4S18,Take Two,['MOEZART 3RDEYE'],244238,2019,True,,0.732,0.8009999999999999,0.0886,0.495,110.883
7MAlg4XnG3HzGjwW1DBfJ7,Struggle,['MOEZART 3RDEYE'],209322,2019,True,,0.6890000000000001,0.722,0.0116,0.611,76.021
02QfyFtsSa4sPxPcslvsMe,Mechanical Lives,['MOEZART 3RDEYE'],213966,2019,True,,0.633,0.815,0.0357,0.777,82.87
2KPluGSxIVbdtFoibQ45CV,What's Going On,['MOEZART 3RDEYE'],265235,2019,True,,0.778,0.847,0.0162,0.578,98.47200000000001
4xFnNeGM7FTYowloicZK5w,My Life,['MOEZART 3RDEYE'],200612,2019,True,,0.809,0.7240000000000001,0.000334,0.623,76.97800000000002
3eEwBKrJTTLq783ZV6IZpX,Survival,['MOEZART 3RDEYE'],243488,2019,True,,0.691,0.763,0.0527,0.257,87.081
1dDQAssoUKLy4V4Vau1kXD,What Can I Do,['MOEZART 3RDEYE'],263478,2019,True,,0.6829999999999999,0.91,0.0231,0.525,80.498
7tVG2kPBl1PBtPMtFw5AIA,Migranes,['MOEZART 3RDEYE'],142939,2019,True,,0.769,0.7929999999999999,0.10300000000000001,0.358,74.53699999999998
5pB11nufMHeezWZ6RtUuhB,Caution,['MOEZART 3RDEYE'],263832,2019,True,,0.585,0.802,0.00221,0.413,80.289
4NtBWZwLntxtYhRM52i2PL,On a String,['MOEZART 3RDEYE'],226440,2019,True,,0.725,0.907,0.0189,0.486,104.051
5sbJsV1gW5YxZKCvP5p2TD,Pimpology 101,['MOEZART 3RDEYE'],171020,2019,True,,0.778,0.71,0.000717,0.461,84.523
1zOAFX3OSSBOZedtZRNZRy,One More Time,['MOEZART 3RDEYE'],183543,2019,True,,0.7559999999999999,0.6779999999999999,0.0537,0.45,96.486
3HDAtrBTGx0m59idyjl3Mu,3 Belts,['Sybyr'],89443,2020,True,,0.951,0.8029999999999999,0.012,0.8290000000000001,130.034
62P1Nn6Z9vGgk2VzOS6zXj,35 Rooms,['ModeReko'],207267,2003,False,,0.7390000000000001,0.604,0.0162,0.784,87.413
6y9TR94oPncHPGuMylKugH,Nociva,['La-33'],208114,2019,False,,0.7979999999999999,0.737,0.5,0.8340000000000001,103.869
4TpGJpCEMlC5GQtQfs8jv4,Si Tú Quieres Salsa,['La-33'],263664,2019,False,,0.74,0.8740000000000001,0.386,0.657,93.259
39rGX2afnaB023JrBVr39i,Dime por Qué Será,['La-33'],188420,2019,False,,0.6920000000000001,0.614,0.23600000000000002,0.9159999999999999,85.175
1sqc4IHx9fN0kmgh9HuSt4,Majadera,['La-33'],276372,2019,False,,0.684,0.7440000000000001,0.327,0.758,159.61700000000005
070V2SZUrnDsMFl9k0tX68,Salerosa,['La-33'],288342,2019,False,,0.807,0.831,0.183,0.8,99.447
68T4a1CVrQheCPAPF0SYnN,Maria Juana,['La-33'],246352,2019,False,,0.78,0.68,0.297,0.887,150.17600000000004
30lvLCaf5t8aUTek5oGvT2,Aniamlz,"['Daz Dillinger', '3tre Tha Hardway']",234150,2001,True,,0.7,0.677,0.0846,0.37799999999999995,95.994
49Syhiq8PqMjAiVtbxMiO2,Afilliated,"['Daz Dillinger', '3tre Tha Hardway', 'Woo']",314212,2001,True,,0.8029999999999999,0.7659999999999999,0.0385,0.903,146.173
5cHa51W2eYfhBoJlfPorrF,Que Te Pasa,['La-33'],278899,2016,False,,0.637,0.504,0.6940000000000001,0.938,100.62899999999999
7J41gDL4aaDAjt4O1AW4ur,Arroz Con Coco,['La-33'],176961,2016,False,,0.77,0.7070000000000001,0.764,0.8690000000000001,100.39299999999999
6SXJLdNzn4D5LZ177azCLz,3Molecules Away,['Wunderbugg'],324253,2008,False,,0.264,0.902,0.115,0.414,159.765
5OTzdOkYWXFua2j9wQU4Ln,Walked In,"['3MONUXRECORDS', 'Otis Rey']",194619,2019,True,,0.69,0.547,0.0522,0.495,158.002
2uX5KXOLjDERiBYFHl7t6s,Aliens of Earth,['32crash'],205867,2008,False,,0.4270000000000001,0.992,0.000101,0.452,160.019
60wzvKcKQry2fVc1pGcN9f,Betrayal 3.0,['Battery'],245067,1999,False,,0.6829999999999999,0.94,0.00829,0.7190000000000001,123.98100000000001
4ouyh295OwhzEqheWPgydb,Stay With Me,['Frankenstein 3000'],192440,2008,False,,0.423,0.804,0.00827,0.511,139.856
6O4gzaKOKCuBkz66kiFlhU,Mi Amor Tu Volveras,['3D'],324133,2005,False,,0.778,0.772,0.557,0.8059999999999999,93.931
1f9xPF6yizv0RyQTYuTaLI,Sobrevivir,['3D'],315627,2005,False,,0.6409999999999999,0.498,0.706,0.419,107.96799999999999
2DDBFlitGuRKBH5fH9yt9B,Ritmo de Vida,['3D'],259747,2005,False,,0.743,0.865,0.47,0.7020000000000001,134.115
3tYpIk9EN3MQyARZHrLV6x,Country Cubano,['3D'],222600,2005,False,,0.4,0.8690000000000001,0.0528,0.8420000000000001,126.016
5zfrAI4i2jIT3w98tlu6vg,Otra Vez,['3D'],232360,2005,False,,0.7140000000000001,0.765,0.626,0.74,100.109
3hBfkAfwXIS3IN2MQc1Fpt,Guanta Rico,['3D'],206600,2005,False,,0.7240000000000001,0.742,0.769,0.73,97.085
1An4wJZPFUFcYMCI1J3c8s,Con Los Manos Arriba,['3D'],236627,2005,False,,0.687,0.9279999999999999,0.21100000000000002,0.956,136.041
1US5ZNJf83D5VkoWhTVmty,Eliana,['3D'],268693,2005,False,,0.706,0.862,0.337,0.865,116.073
7ddISjtHaMLIstgGz2TAKV,My Love Will Return,['3D'],323987,2005,False,,0.72,0.813,0.601,0.851,93.94200000000001
5tWNuFODVX4wdGw7FA6FBC,I'll Get By,['3D'],315613,2005,False,,0.6579999999999999,0.45,0.711,0.544,108.01100000000001
4VrH6go8ATsmX4dXcMp4v5,3HOURS,['CloudNone'],243750,2019,False,,0.627,0.775,0.469,0.129,129.946
5k6shGwpNRiYZGOdzrXdph,3Rd Day,['AnnaMaria'],198349,2011,False,,0.603,0.902,0.115,0.6759999999999999,157.341
0af4epNczoFbGqdKzQrkJY,100Y,['32crash'],192627,2011,False,,0.524,0.7490000000000001,0.000252,0.737,159.96
5zhHrqM8xuNmrzsI941z02,Aliens on Earth,['32crash'],208173,2011,False,,0.4320000000000001,0.987,0.00011399999999999999,0.33399999999999996,160.035
2MbKEdVWRClpMETdwCPnnp,Dawning Sun,['32crash'],189147,2011,False,,0.479,0.882,0.000559,0.83,114.986
0egf3X9CkNbOtQBO9acmXX,What Happened Here,['32crash'],269467,2011,False,,0.43,0.757,0.00165,0.221,139.011
50psRo1xMMOteKxY0vqDwC,The Man Who Came from Later,['32crash'],173093,2011,False,,0.366,0.9620000000000001,0.000133,0.589,180.023
0f77u43QQkVVrjBlKj2bJj,Into the Hole,['32crash'],249493,2011,False,,0.72,0.473,0.14,0.5429999999999999,127.993
1LFqaxYAV1kk5hDtjkQXd1,Impressionist Piece for a Free Planet,['32crash'],176040,2011,False,,0.27699999999999997,0.915,0.0502,0.0649,135.009
6X5EI6bG2Nty5C4LiFrBWj,Hyperreal,['32crash'],206667,2011,False,,0.41200000000000003,0.914,0.057,0.6659999999999999,180.00099999999995
1z3ROMomrnjiM1Q8tbLbQD,Kryptonically Yours,['32crash'],243240,2011,False,,0.536,0.821,0.000729,0.0892,139.975
4CVuUjP1FdgbA6uOmQXHoj,Elegy for Himeself,['32crash'],201627,2011,False,,0.38299999999999995,0.777,0.00828,0.624,134.565
7dwrfjIEUvSGPo3c37d1p9,Human Decomposition,['32crash'],156520,2011,False,,0.353,0.316,0.0382,0.0325,75.983
1xyIDXLckDPshxh4oh7HRV,Not Quite Human,['32crash'],199427,2011,False,,0.733,0.735,0.115,0.348,119.96700000000001
7FdFfdxfO6ChiOykimViyY,Perpetuum Mobile,['32crash'],220413,2011,False,,0.534,0.973,0.00108,0.542,109.988
6dr4Hl2TvBZS308O5dYoS5,xn + 1=a*xn*(1-xn),['32crash'],198573,2011,False,,0.612,0.927,0.0802,0.5710000000000001,99.958
02VOajbDxPg6f62dt22gUY,Lasercutter,['32crash'],64440,2011,False,,0.3670000000000001,0.897,6.27e-06,0.521,109.955
35Ehp8ow5OG4zpYjAamOsK,The Attack on ZA4,['32crash'],244133,2011,False,,0.434,0.9159999999999999,9.22e-05,0.255,159.94
6v7HxkWxjck97dCmNOK9Ty,Neighbours,['32crash'],206373,2011,False,,0.5539999999999999,0.8690000000000001,0.0018399999999999998,0.36,109.921
0K9BicfG0iWTvwR431MgyR,MelangOhlm's Hit and Run,['32crash'],264187,2011,False,,0.489,0.604,0.366,0.0705,130.013
23B4YFYIpaqFHdfe6vhq5H,A Tiny Foil of Oil,['32crash'],255067,2011,False,,0.519,0.95,0.0019199999999999998,0.586,139.922
3r9NJp2z7wRujszBqJAYc5,The Ol-Lesar Mass,['32crash'],384427,2011,False,,0.325,0.3720000000000001,0.086,0.205,169.94
2Go2T0me21uzThOdW2DJ0A,3:15 On the Last Day Of School,['Memphis'],204280,2004,False,,0.413,0.846,0.532,0.212,118.19200000000001
1a3IHWSvqL6TAMP57r92bI,If You Want Me,['33Hz'],261293,2005,False,,0.8270000000000001,0.607,0.0812,0.8859999999999999,99.999
2771s20eaEKwGfYCZd4538,Digital Lover,['33Hz'],235440,2005,False,,0.833,0.795,0.156,0.9620000000000001,121.977
2LV8W1IaMQ1sgVR9PoGp7k,Uncomplicated,['33Hz'],268333,2005,False,,0.701,0.623,0.00176,0.54,94.995
5YWrRekjXIwSVQK6ZSUyHE,Chemical Reaction,['33Hz'],267560,2005,False,,0.809,0.7,0.0091,0.746,113.009
3Ks8aiBIgN4SWKImR3zmAK,Lovely,['33Hz'],171907,2005,False,,0.855,0.703,0.000648,0.887,119.955
5FbHIaEbt9uGqZpBB4qKmU,Call Me Up,['33Hz'],214227,2005,False,,0.914,0.665,0.0424,0.772,120.001
2VSoYZ55bUxZ19yx1AsGye,I Know,['33Hz'],263773,2005,False,,0.6809999999999999,0.4270000000000001,0.0115,0.634,136.107
0wytVtgwcGxsikCX5cJ490,Angels & Devils,['33Hz'],267627,2005,False,,0.748,0.584,0.0404,0.496,94.005
6xtYoIUI3fQ5864xLxbr1b,Not Ready (to give up just yet),['33Hz'],253373,2005,False,,0.7440000000000001,0.573,0.08,0.634,81.98299999999998
7Jkr1tEQgTd3mmmLsZa7Jy,Crazy All The Time,['33Hz'],275467,2005,False,,0.7979999999999999,0.659,0.000367,0.887,122.008
53eblFEdhvFMLpht337ZbO,Hot Flashes,['33Hz'],240733,2005,False,,0.804,0.816,0.149,0.8759999999999999,111.98899999999999
6BWZkH7osAvVZjpWFlabsl,Whatever Happened To The Party,['33Hz'],266627,2005,False,,0.8270000000000001,0.511,0.0116,0.757,104.985
0LdcaClIb0BLL1UpFBhOod,Someone Else,['33Hz'],353973,2005,False,,0.767,0.389,0.02,0.73,134.947
3Muy1qKRn99luWntQmMRsU,Time to March On,"['32crash', 'Implant', ""Jan D'Hooghe from Implant"", 'Len lemeire from Implant', 'Jean-Luc De Meyer from Front 242']",70213,2007,False,,0.479,0.498,0.004220000000000001,0.493,131.998
1vLsqkFt9Ygfd9qc32zU6g,Dust and Drought,"['32crash', 'Implant', ""Jan D'Hooghe from Implant"", 'Len lemeire from Implant', 'Jean-Luc De Meyer from Front 242']",167227,2007,False,,0.473,0.8859999999999999,0.0116,0.3720000000000001,185.03400000000002
01orA9JrftWKyjiIHUcBcS,Spacemen and Poets,"['32crash', 'Implant', ""Jan D'Hooghe from Implant"", 'Len lemeire from Implant', 'Jean-Luc De Meyer from Front 242']",196493,2007,False,,0.595,0.634,0.00346,0.319,130.025
7k19hD3CIzboI0X9V3FSL1,Slow Crash,"['32crash', 'Implant', ""Jan D'Hooghe from Implant"", 'Len lemeire from Implant', 'Jean-Luc De Meyer from Front 242']",212560,2007,False,,0.391,0.563,0.0593,0.473,132.822
3sPZjRltWr3XPiXAJnULHm,I Remember,"['32crash', 'Implant', ""Jan D'Hooghe from Implant"", 'Len lemeire from Implant', 'Jean-Luc De Meyer from Front 242']",197253,2007,False,,0.42100000000000004,0.948,0.0017,0.195,172.88
3Pq52aMxJtSlag9HphaWvZ,www.Hide,"['32crash', 'Implant', ""Jan D'Hooghe from Implant"", 'Len lemeire from Implant', 'Jean-Luc De Meyer from Front 242']",201667,2007,False,,0.61,0.6609999999999999,0.00106,0.773,135.012
7AUMuBnR6WawE883FdIEt1,Merlin's Gun,"['32crash', 'Implant', ""Jan D'Hooghe from Implant"", 'Len lemeire from Implant', 'Jean-Luc De Meyer from Front 242']",222867,2007,False,,0.4970000000000001,0.985,0.00861,0.737,150.071
6var7o2fJZBrMMoIfZ0BWc,The War of All Against All,"['32crash', 'Implant', ""Jan D'Hooghe from Implant"", 'Len lemeire from Implant', 'Jean-Luc De Meyer from Front 242']",212520,2007,False,,0.253,0.585,0.195,0.128,131.732
3m4IbBgyFOUf4DUp39BHjG,Liquid Ice,"['32crash', 'Implant', ""Jan D'Hooghe from Implant"", 'Len lemeire from Implant', 'Jean-Luc De Meyer from Front 242']",96493,2007,False,,0.4970000000000001,0.557,0.0252,0.0502,120.008
4mkjiS5p7hv8ytxT1A8QWL,Hérissons et Porcs-Epics,"['32crash', 'Implant', ""Jan D'Hooghe from Implant"", 'Len lemeire from Implant', 'Jean-Luc De Meyer from Front 242']",194467,2007,False,,0.618,0.71,0.0417,0.665,170.00400000000005
0tIRDeGF8oYuJrrfjkGAcm,Plutonian Breeders,"['32crash', 'Implant', ""Jan D'Hooghe from Implant"", 'Len lemeire from Implant', 'Jean-Luc De Meyer from Front 242']",192507,2007,False,,0.5489999999999999,0.64,3.05e-05,0.28600000000000003,130.011
0ow7Xxicxuhhxj5mHeKM6j,Let Me Enjoy,"['32crash', 'Implant', ""Jan D'Hooghe from Implant"", 'Len lemeire from Implant', 'Jean-Luc De Meyer from Front 242']",220427,2007,False,,0.526,0.907,0.00366,0.613,133.311
2v2S6is5LBLp7wQmsjgc8T,Planetarian Plant-Objects,"['32crash', 'Implant', ""Jan D'Hooghe from Implant"", 'Len lemeire from Implant', 'Jean-Luc De Meyer from Front 242']",49520,2007,False,,0.306,0.977,0.521,0.0637,77.023
61mSXNxUBEx6z2GzRSx1F0,Propaganda,"['32crash', 'Implant', ""Jan D'Hooghe from Implant"", 'Len lemeire from Implant', 'Jean-Luc De Meyer from Front 242']",166867,2007,False,,0.5489999999999999,0.915,0.0032600000000000003,0.629,165.024
6XpvQ36Ij3uZIOXBqC0LFe,Beware!,"['32crash', 'Implant', ""Jan D'Hooghe from Implant"", 'Len lemeire from Implant', 'Jean-Luc De Meyer from Front 242']",210600,2007,False,,0.53,0.9229999999999999,1.4400000000000001e-05,0.413,169.924
4wXOrCYaAvmMaNM4TWi7S3,Isomodia,"['32crash', 'Implant', ""Jan D'Hooghe from Implant"", 'Len lemeire from Implant', 'Jean-Luc De Meyer from Front 242']",192067,2007,False,,0.408,0.981,0.165,0.7120000000000001,179.94400000000005
6e1VNsp1bycRM7PXdfwqbq,NTT,"['32crash', 'Implant', ""Jan D'Hooghe from Implant"", 'Len lemeire from Implant', 'Jean-Luc De Meyer from Front 242']",165387,2007,False,,0.462,0.9179999999999999,0.00243,0.71,159.94899999999996
6VtFeI0ixWONjOGMPk0FSU,Fast Crash,"['32crash', 'Implant', ""Jan D'Hooghe from Implant"", 'Len lemeire from Implant', 'Jean-Luc De Meyer from Front 242']",156040,2007,False,,0.47,0.972,8.56e-06,0.23600000000000002,100.01700000000001
3uMjZMkYBPuuzGmpUPz3Hy,A Last Shower,"['32crash', 'Implant', ""Jan D'Hooghe from Implant"", 'Len lemeire from Implant', 'Jean-Luc De Meyer from Front 242']",50947,2007,False,,0.3,0.978,0.506,0.0383,86.648
4NeRnNkvJJSe4kQOswjzcA,32 Pin Accupuncture,['Pixelh8'],234107,2007,False,,0.799,0.993,0.0021100000000000003,0.461,120.012
23hAvr6X03qn9cparycNyZ,Get The Balance Right - Depeche Mode cover,['32crash'],185547,2009,False,,0.569,0.953,0.0115,0.7120000000000001,130.093
2db8wgrYwXl09iDI5BWYpy,3 Minutes Of,['Moderat'],197520,2009,False,,0.36,0.534,0.384,0.0359,137.04399999999998
24XgSdVQ3qEz8RuVPnzK20,Xmas In tha Hood,['3LW'],223760,2002,False,,0.609,0.531,0.336,0.802,92.723
6h5SgfvLwnnHoDLmZgC2bi,Naughty On Xmas,['3LW'],192867,2002,False,,0.6509999999999999,0.736,0.11800000000000001,0.825,123.93799999999999
1iWchUoiJqOZo0yQkolpDo,Christmas Party (featuring Treach of Naughty By Nature),['3LW'],231933,2002,False,,0.61,0.7709999999999999,0.0716,0.836,115.785
5guqfn1Tns2ebg4WCFcVKA,This Year (It's All About You),['3LW'],264467,2002,False,,0.79,0.498,0.0773,0.499,77.03
5fxlPaAbPs5wPyInozHz0l,Ahh Hell Nah,['3LW'],184240,2002,False,,0.672,0.494,0.0528,0.78,123.065
2I2WHXX1sxw64bqXhXXztp,Shady Holiday,['3LW'],259067,2002,False,,0.684,0.435,0.0265,0.21100000000000002,114.15700000000001
2FDSg4AG9RKTKkrCLWRDUz,Santa's Coming,['3LW'],228027,2002,False,,0.7490000000000001,0.655,0.126,0.376,97.99
1sGuQCQYTJfboUY4tzTkvJ,Take You Home For Christmas,['3LW'],307507,2002,False,,0.725,0.584,0.0942,0.515,142.578
2Om06C7KeatVFbgLTCKJUU,Christmas Love,['3LW'],290827,2002,False,,0.7,0.475,0.523,0.298,113.611
3B9Ct9k9wTufvuUFEfMxNH,Have Yourself A Merry Little Christmas,['3LW'],183000,2002,False,,0.4920000000000001,0.33,0.887,0.391,136.846
7gkIT0akYRLDxRhXylB4pg,Intro,['The 3 Foot People'],31400,2006,False,,0.43799999999999994,0.062,0.983,0.556,108.206
65bQxFX08CGFcvPtdCxGNp,Simply Fresh (feat. Desmond Foster),"['The 3 Foot People', 'Desmond Foster']",297027,2006,False,,0.9179999999999999,0.589,0.0119,0.747,115.024
2ZiiV5oxIMWcGtamP3bphx,Zodiac,['The 3 Foot People'],280960,2006,False,,0.7959999999999999,0.631,0.171,0.8490000000000001,97.99799999999999
73LdVWEzCBEQf7FRooVNTh,Clappers Power,['The 3 Foot People'],222880,2006,False,,0.852,0.9890000000000001,0.0366,0.638,120.03399999999999
1D5RolwMPwRXPIWRgQ1LmZ,On My Way (feat. Linn),"['The 3 Foot People', 'Linn']",202160,2006,False,,0.769,0.29,0.358,0.493,95.021
4whgckWcbXNqJh9gCbYovV,Le Market,['The 3 Foot People'],137907,2006,False,,0.6709999999999999,0.40299999999999997,0.467,0.5489999999999999,171.99900000000005
3FWJR6OWkSNSFh0RSuNXco,Childsplay,['The 3 Foot People'],223173,2006,False,,0.884,0.655,0.222,0.96,92.988
5LhwhVByiCQVyo8Qfz1WZJ,Dubwiezer,['The 3 Foot People'],192413,2006,False,,0.83,0.526,0.00285,0.222,80.01100000000002
2H906IryJFBKHHKapCyLFg,The Way You Look At Me,['The 3 Foot People'],265920,2006,False,,0.789,0.6729999999999999,0.036000000000000004,0.34600000000000003,92.999
3iQcAhvjaDPxuirfKHCUPl,Reach Out,['The 3 Foot People'],148333,2006,False,,0.8029999999999999,0.6729999999999999,0.0024,0.253,95.611
4S3Wcnvo5hhThZF7JXNri9,This Is Going Ut,['The 3 Foot People'],226507,2006,False,,0.85,0.228,0.34299999999999997,0.597,97.04700000000001
0HRdWmB1cNqOmINRe0yan2,Kant Hold Us Back,['The 3 Foot People'],175400,2006,False,,0.6970000000000001,0.542,0.29100000000000004,0.627,179.90400000000002
6DfBZGpdwKxoPdUDqL1NPP,Little Black Train Of Death,['The .357 STring Band'],188893,2008,False,,0.363,0.642,0.4370000000000001,0.882,166.951
62ZIW0NdjmmhnqTRLzITqi,Fire & Hail,['The .357 STring Band'],136293,2008,False,,0.5489999999999999,0.7559999999999999,0.18600000000000005,0.9109999999999999,87.359
2DAyIW9QuL2QXjpr1D6WeM,One More Round,['The .357 STring Band'],253627,2008,False,,0.629,0.484,0.39399999999999996,0.892,91.22200000000001
6kL6tDJIluSe6UJACzRIEC,Cluck Ol' Hen,['The .357 STring Band'],145707,2008,False,,0.488,0.755,0.285,0.961,182.717
1sPF0OF3w6grOKi4t6A4Pn,Black River Blues,['The .357 STring Band'],185547,2008,False,,0.64,0.385,0.64,0.625,83.73100000000002
27QgvPlvOCy1onhehoTpp9,Down On A Bender,['The .357 STring Band'],164987,2008,False,,0.556,0.73,0.441,0.9390000000000001,165.61
1jcCQImssxHNcPhdP2XeSd,"Glory, Amen",['The .357 STring Band'],280467,2008,False,,0.386,0.652,0.5870000000000001,0.87,149.577
0chRKQ4WgKrbCtZ83qci2q,Holy Water,['The .357 STring Band'],131947,2008,False,,0.48200000000000004,0.759,0.115,0.9279999999999999,153.78
2fg4mAsYlwYb3A6OzotrtF,I'm Gone,['The .357 STring Band'],145667,2008,False,,0.509,0.8340000000000001,0.235,0.9640000000000001,83.397
3GL0ugngejifRjb6IOTmU8,Hold Me Tight,['The .357 STring Band'],230160,2008,False,,0.672,0.192,0.652,0.204,108.064
1a0PJpBlnl4Gtnlf38yonN,Darleen,['The .357 STring Band'],158907,2008,False,,0.27,0.765,0.0181,0.9209999999999999,163.863
26yVWpxYK7pjeCUJ2I3zE0,Long Put Down That Gospel,['The .357 STring Band'],318813,2008,False,,0.483,0.43799999999999994,0.536,0.6759999999999999,173.91
79I7T631bnG87EMsobmSU9,Two White Horses,['The .357 STring Band'],148773,2008,False,,0.504,0.7020000000000001,0.38299999999999995,0.5720000000000001,150.204
2TeYwLP62FKuPvMYaKRMy3,Rollin' Down The Track,['The .357 STring Band'],257600,2008,False,,0.537,0.6920000000000001,0.21899999999999997,0.741,170.125
2U0wQoeI8tliL06CII88R4,Blackship,['The .357 STring Band'],155547,2008,False,,0.6559999999999999,0.6629999999999999,0.474,0.486,158.757
4rYtKxNsHBuEZGA2cCeTIp,Diorama of the Golden Lion,['.357 Lover'],93966,2009,False,,0.0928,0.141,0.184,0.0369,182.93400000000003
39E3UzYpiaYg4MiE52XWRQ,Nighttime School,['.357 Lover'],260151,2009,False,,0.322,0.5529999999999999,0.11699999999999999,0.569,185.52200000000002
73xWmpZAmlBbskAN6vkhxz,Maybe Tonite,['.357 Lover'],301924,2009,False,,0.478,0.9009999999999999,0.0406,0.5720000000000001,149.986
1G2DRdo8bhDLdNFQdgoDHS,Give It Up,['.357 Lover'],127294,2009,False,,0.512,0.605,0.131,0.58,128.123
0Y2FIoZSCKK65AY5QWOqpq,Event Horizon,['.357 Lover'],187388,2009,False,,0.235,0.589,0.0454,0.0511,110.245
59L6IJOnZ3ScU955Om3jve,Time Cop,['.357 Lover'],268900,2009,False,,0.41200000000000003,0.626,0.0304,0.151,97.305
443xNWZ9YxL1IkqkXzLspQ,German Lady Special,['.357 Lover'],141942,2009,False,,0.495,0.644,0.4920000000000001,0.21100000000000002,108.699
2Ak39GvMx4iUZxsWyWIV0w,Old Man,['.357 Lover'],178730,2009,False,,0.625,0.634,0.0437,0.449,116.09899999999999
4Yc7hDDRF7uEwfW6ZgmM95,Sweet Kentucky Girl,['.357 Lover'],266017,2009,False,,0.4320000000000001,0.655,0.0538,0.29,117.671
6FlAIsOtg6Y59ipgsCpXub,Junior High,['.357 Lover'],127901,2009,False,,0.545,0.841,0.0152,0.54,101.87299999999999
57aF02xKez7Y7dobpy8uQT,Your Nin Cassette (I'm Sorry),['.357 Lover'],191623,2009,False,,0.45399999999999996,0.598,0.07,0.33399999999999996,91.75299999999999
0bNnO49iysZHnoMxGb8vPe,High On the Horse,['.357 Lover'],145247,2009,False,,0.535,0.715,0.00775,0.617,134.097
1VtUDvIFYd80e5JexflNF5,Thank You,"['.357 Lover', 'Jordan Katz', 'Kevin Hinshaw']",145993,2009,False,,0.642,0.723,0.0343,0.873,122.478
1BbX2yC7N0T3WzJm10pZVi,You're My Baby,['.357 Lover'],28043,2009,False,,0.479,0.5710000000000001,0.127,0.605,66.145
0KYxIxf7FhVniPCgCUiprJ,Hava Nagila Monster,['.357 Lover'],129570,2009,False,,0.342,0.851,0.000496,0.12300000000000001,89.146
1wLXVDGpbWeWl4CPy2vmJZ,3hrs of Fun,['Steve Spacek'],336773,2005,False,,0.9620000000000001,0.622,0.0887,0.643,111.79
4w3eAZ3KX7IxbNMTEVREA6,3000 Brüste sind 1500 Frauen,['Glitzer Gischi'],201195,2018,False,,0.789,0.88,0.0298,0.919,128.046
5DOkOlIl8lXjIG7KKJqfB0,Signal,['36'],92114,2009,False,,0.29600000000000004,0.953,0.92,0.0366,50.518
3PYKBSq95scKILUhVqEAhg,2249,['36'],171688,2009,False,,0.294,0.138,0.98,0.0348,98.604
1cWEEK99WPffGEAh6qLzty,Inside,['36'],323570,2009,False,,0.198,0.429,0.907,0.0383,79.836
4w2tCFOIwY0XeQfagmtSer,Intercept,['36'],53374,2009,False,,0.223,0.634,0.0785,0.0959,102.573
0z5Zk7fIeoxX3JDl9ilSDy,The Box,['36'],295570,2009,False,,0.311,0.304,0.96,0.0378,150.091
2ZH2fi2jV3jrbVrspvrLkP,Nephyr,['36'],334002,2009,False,,0.16399999999999998,0.222,0.941,0.0245,111.815
5a2YFM224JslcV11ky5NUn,Beacon,['36'],182811,2009,False,,0.539,0.182,0.983,0.10300000000000001,106.84200000000001
6KGf1CGxUCjquRli2VzuFR,Hypersona,['36'],346500,2009,False,,0.41600000000000004,0.204,0.963,0.0378,100.05799999999999
3mPuFIrSVGyQepgj37ECkC,Juliet,['36'],184198,2009,False,,0.15,0.447,0.983,0.0712,68.979
6k1CSU4tJ5LjA1eQmyJkD0,Dream Window,['36'],122387,2009,False,,0.265,0.501,0.905,0.522,159.936
7C78DGMFBxRNXHplfyOnpt,Forever,['36'],326584,2009,False,,0.0629,0.198,0.855,0.0303,47.95
557Cj3Sjmabl5ksLAx85cA,Untitled,['36'],50321,2009,False,,0.32,0.965,0.976,0.0722,151.175
7j8MrNgYlXZ6xAsEdy8Ift,38 ss.mk,['Gate'],160200,2009,False,,0.40700000000000003,0.557,0.919,0.312,79.26
1RzFfq79LnIu3hYljg0wVX,3 Words,['Ashanti'],203096,2014,False,,0.62,0.628,0.10099999999999999,0.623,117.676
72gKXvn7Phv5sQUtYlh666,360 Questions,['Gravediggaz'],33507,1997,False,,0.561,0.41600000000000004,0.514,0.833,88.03299999999999
2PXZR27A2ilvBmPxg6c7js,30 Seconds For Orbit,['Semiautomatic'],30027,2003,False,,0.526,0.7240000000000001,0.006540000000000001,0.281,111.88799999999999
4duT0UQVFGz2c3SDZT1yfn,-33-,['Coalition'],389533,2008,False,,0.507,0.76,0.45,0.511,91.904
3n8w0yN61ASRcAMX0TgKWP,Lightning From the North,['The .357 STring Band'],163680,2010,False,,0.66,0.7709999999999999,0.35200000000000004,0.972,94.956
0xrK9IaAY7iRnhCTlmGxnj,Dust Devil,['The .357 STring Band'],174133,2010,False,,0.685,0.725,0.414,0.966,133.04399999999998
5aMz8GncKJ1ppYvWqowFqc,"Milwaukee, Here I Come",['The .357 STring Band'],142480,2010,True,,0.62,0.833,0.139,0.96,87.507
6bfAFq1wEPdVE4fYykBr7R,Darkness In My Soul,['The .357 STring Band'],178440,2010,False,,0.599,0.685,0.13699999999999998,0.98,75.542
0iqSg9nZbBEmps9nZtP0eO,"Half Tank of Gas, Full Tank of Lies",['The .357 STring Band'],146800,2010,False,,0.581,0.7390000000000001,0.27,0.9670000000000001,84.962
2fyKBTg7We9qMflDYdgooH,"Oh, Adilene",['The .357 STring Band'],187813,2010,False,,0.523,0.5539999999999999,0.23199999999999998,0.9309999999999999,173.995
3rKr9MjB7xG2iCFOhnD2mV,The Harvest Is Past,['The .357 STring Band'],135680,2010,False,,0.73,0.6609999999999999,0.311,0.6679999999999999,113.92200000000001
4M94jgYXNs7q2WYebbW0M7,Head Under My Heel,['The .357 STring Band'],397840,2010,False,,0.444,0.5539999999999999,0.657,0.684,95.13
5MaGK4wYg2p1qi5p09kXA6,Rags To Rags,['The .357 STring Band'],146480,2010,False,,0.5670000000000001,0.726,0.252,0.9,151.065
2wG4f3zCTjw28knoEJJ5Z5,The Days Engrave,['The .357 STring Band'],270120,2010,False,,0.743,0.484,0.41200000000000003,0.856,100.471
4y1tkDK8vdEmAwdWbeYowG,You Better Run,['The .357 STring Band'],124907,2010,False,,0.718,0.608,0.396,0.961,106.962
0Ff2iRfAKUaDZvLUBxIef0,...And All the World Turns Gray,['The .357 STring Band'],150067,2010,False,,0.57,0.713,0.27,0.946,155.123
6ZWaHRlpLOdf22gYKafYfG,Ride Again,['The .357 STring Band'],198293,2010,False,,0.6,0.753,0.0938,0.932,91.955
4ZB28g8CBKAVaWCk1TMDh8,'Til Peace Or Hell,['The .357 STring Band'],198200,2010,False,,0.363,0.615,0.21899999999999997,0.711,175.683
515iPyYz7AHgfjltar8bDe,33 Seconds of Sanity - Chapter 3 - So Pretty So Plastic,['Killwhitneydead'],33427,2009,False,,0.271,0.7,0.68,0.521,69.158
3xL0r7pJQgELJoqUntaDec,300lb Stripper,['Smoochknob'],132560,2013,False,,0.503,0.927,0.000172,0.7020000000000001,152.129
62MPTLVU97sKXBDrNjWbMP,3:30 On The Hill,['Plumtree'],194973,1995,False,,0.35200000000000004,0.82,0.0308,0.889,186.67
57tFwiqaxEcF0y71hWEwu7,(314)Nicate,['Furzluft'],224440,2009,False,,0.743,0.721,0.000205,0.7609999999999999,117.95200000000001
0Auexy73VSJpdTnt3IkGs0,"3 Inch Horses, Two Faced Monsters",['Modest Mouse'],253267,2001,False,,0.623,0.374,0.239,0.165,79.585
0ljgmLG0tyJwu8h9aY5pWW,3 Words - Feat. Logic & Priest,['Kambino'],314480,2010,False,,0.758,0.591,0.244,0.723,96.93
4FQVCrUvtl4yRJd5bWpupn,State of the Nation,"['Deltron 3030', 'Del The Funky Homosapien', 'Dan The Automator', 'Kid Koala']",25853,2000,False,,0.517,0.301,0.341,0.7809999999999999,174.917
39GBFwBe4GGk7i3yr3F46P,3030,"['Deltron 3030', 'Del The Funky Homosapien', 'Dan The Automator', 'Kid Koala']",449480,2000,False,,0.495,0.7709999999999999,0.502,0.805,81.615
5JxxUeVajSGK4EREc9c39y,The Fantabulous Rap Extravaganza,"['Deltron 3030', 'Del The Funky Homosapien', 'Dan The Automator', 'Kid Koala']",21773,2000,False,,0.9079999999999999,0.816,0.0781,0.752,105.163
3LRUR23xkDdMSOPhTnLv2d,Things You Can Do,"['Deltron 3030', 'Del The Funky Homosapien', 'Dan The Automator', 'Kid Koala']",299827,2000,False,,0.6,0.91,0.0844,0.557,84.883
6mKai3TB6wtorWTX47wHUt,Positive Contact,"['Deltron 3030', 'Del The Funky Homosapien', 'Dan The Automator', 'Kid Koala']",282920,2000,False,,0.862,0.55,0.0707,0.385,105.01799999999999
0lLgpQm6oUhditOPXxD1VG,St. Catherine St.,"['Deltron 3030', 'Del The Funky Homosapien', 'Dan The Automator', 'Kid Koala']",43507,2000,False,,0.649,0.7440000000000001,0.40700000000000003,0.6809999999999999,128.17
4CpWJkSodVFE3HSylu7ajJ,Virus,"['Deltron 3030', 'Del The Funky Homosapien', 'Dan The Automator', 'Kid Koala']",266240,2000,False,,0.742,0.494,0.0472,0.175,92.008
1vQUA54snqF8dNZsuxVPTo,Upgrade (A Baymar College College),"['Deltron 3030', 'Del The Funky Homosapien', 'Dan The Automator', 'Kid Koala']",250373,2000,False,,0.442,0.47200000000000003,0.711,0.606,88.929
6tQUl1w5qZifjObjHUxnX5,New Coke,"['Deltron 3030', 'Del The Funky Homosapien', 'Dan The Automator', 'Kid Koala']",41507,2000,False,,0.675,0.67,0.465,0.345,192.28599999999997
0uMn8WKu3qtQLaUyal1bsz,Mastermind,"['Deltron 3030', 'Del The Funky Homosapien', 'Dan The Automator', 'Kid Koala']",214307,2000,False,,0.741,0.657,0.00224,0.25,94.211
26YXtbip8lII51zOhT1aGA,National Movie Review,"['Deltron 3030', 'Del The Funky Homosapien', 'Dan The Automator', 'Kid Koala']",53080,2000,False,,0.573,0.146,0.51,0.619,104.818
2Mh3mh3aKeAgLKaUyDQZbv,Madness,"['Deltron 3030', 'Del The Funky Homosapien', 'Dan The Automator', 'Kid Koala']",278880,2000,False,,0.46,0.772,0.17800000000000002,0.741,174.935
1Om3iM04oZdOZVBdjrtx79,Meet Cleofis Randolph the Patriarch,"['Deltron 3030', 'Del The Funky Homosapien', 'Dan The Automator', 'Kid Koala']",36413,2000,False,,0.8109999999999999,0.5489999999999999,0.48700000000000004,0.6679999999999999,89.95200000000001
4a7iNsBx9sIDcqv0AdmFKn,Time Keeps on Slipping,"['Deltron 3030', 'Del The Funky Homosapien', 'Dan The Automator', 'Kid Koala']",299093,2000,False,,0.6970000000000001,0.7559999999999999,0.0589,0.785,96.015
4x8stzSz2sTURPIjZOkQ41,The News (A Wholly Owned Subsidiary of Microsoft Inc.),"['Deltron 3030', 'Del The Funky Homosapien', 'Dan The Automator', 'Kid Koala']",49760,2000,False,,0.4920000000000001,0.5379999999999999,0.7979999999999999,0.0391,172.584
5NEmFuX17Xw7YVFGOKu5nx,Turbulence - Remix,"['Deltron 3030', 'Del The Funky Homosapien', 'Dan The Automator', 'Kid Koala']",213053,2000,False,,0.5429999999999999,0.727,0.11,0.684,174.09400000000005
5tL8QHozba3XRrINsbY66Z,The Fantabulous Rap Extravaganza Part II,"['Deltron 3030', 'Del The Funky Homosapien', 'Dan The Automator', 'Kid Koala']",37360,2000,False,,0.78,0.5710000000000001,0.0368,0.305,104.98100000000001
23t86Wo1tL5Xabo9aDKo9A,Battlesong,"['Deltron 3030', 'Del The Funky Homosapien', 'Dan The Automator', 'Kid Koala']",247200,2000,False,,0.516,0.8370000000000001,0.23,0.79,88.396
5wUtxANidoc8CVyhXgjMUQ,Love Story,"['Deltron 3030', 'Del The Funky Homosapien', 'Dan The Automator', 'Kid Koala']",206373,2000,False,,0.701,0.6409999999999999,0.109,0.809,82.01700000000002
7lqEuhNhBbpKzgqZEA9y3z,Memory Loss,"['Deltron 3030', 'Del The Funky Homosapien', 'Dan The Automator', 'Kid Koala']",279280,2000,False,,0.7759999999999999,0.6659999999999999,0.209,0.8140000000000001,90.936
65vdGqGnxUoMrlWPwjC3LF,The Assman 640 Speaks,"['Deltron 3030', 'Del The Funky Homosapien', 'Dan The Automator', 'Kid Koala']",33080,2000,False,,0.58,0.317,0.973,0.22,140.735
0nNFD6VHH0ZJKYuRc3tyak,Positive Contact - Bonus Track - Charlie Clouser Remix,"['Deltron 3030', 'Del The Funky Homosapien', 'Dan The Automator', 'Kid Koala']",296133,2000,False,,0.693,0.9179999999999999,0.00215,0.8320000000000001,105.00299999999999
50pV0jcD0QGZUyanfKgaO1,Turbulence - Bonus Track - Mark Bell Remix,"['Deltron 3030', 'Del The Funky Homosapien', 'Dan The Automator', 'Kid Koala']",258987,2000,False,,0.87,0.718,0.37,0.91,104.979
6WZp9rcZVL7KjAvVWuFy7G,Positive Contact - Bonus Track - Mario C Remix,"['Deltron 3030', 'Del The Funky Homosapien', 'Dan The Automator', 'Kid Koala']",236853,2000,False,,0.833,0.763,0.0591,0.691,105.87799999999999
4ufPkJtHPcsJZ0pMvlt66H,3-2-1,['AutoVaughn'],204960,2010,False,,0.45,0.9229999999999999,0.0766,0.42200000000000004,135.03
2C0ZZKLWfgKH6YuYEqCgIJ,3.1,['APSE'],249960,2009,False,,0.555,0.7020000000000001,1.22e-05,0.622,125.115
1g593WnYAGvWdYepzsSbd0,30.6.1881,['Crato'],353913,2011,False,,0.17,0.231,0.504,0.0564,120.42399999999999
7Ci7c87sNO5PzbOZvgTczi,3rd Phone Interlude,['Pras'],232240,1998,False,,0.847,0.2,0.13699999999999998,0.55,92.524
32Bsv0WRgWCd2fEkCCgqVh,Searchin',['33 1/3 Queen'],225000,2004,False,,0.8059999999999999,0.992,0.00489,0.882,121.8
0fQDFpRKUwMf1H3MK4v838,3; 51 A.M.,['oOoOO'],105505,2013,False,,0.696,0.319,0.64,0.3,123.904
7CNF0Gmr2E6zl9L0ARCbq6,3PM INTERLUDE,['nobigdyl.'],44500,2019,False,,0.51,0.565,0.386,0.43,136.209
2oNO8H3t2uxWxBtNbWXoty,Waiting For Love,['3T'],226907,1997,False,,0.42100000000000004,0.4970000000000001,0.0571,0.382,85.258
0WrTM2lGp30XFCzVfgfw19,Burster,['3D House Of Beef'],294427,2001,False,,0.488,0.48,9.46e-06,0.282,123.655
4BoZ8tA39tdh95Xx7cKwyp,Triumph Of The Weak,['3D House Of Beef'],202373,2001,False,,0.484,0.604,2.55e-05,0.193,123.863
4mnJZs3DfEql8MlxkSJ9AE,Lowendowski Lean - Intro,['3D House Of Beef'],47333,2001,False,,0.331,0.601,0.868,0.41200000000000003,101.376
6CXgg0yXTwjxGuL63mAm2Y,Lowendowski Lean,['3D House Of Beef'],217947,2001,False,,0.508,0.6920000000000001,3.9899999999999994e-05,0.429,116.965
5wXBed6gusBuaM5LGM1BOF,Man Made Of Misery,['3D House Of Beef'],280827,2001,False,,0.35600000000000004,0.652,0.000126,0.289,109.15
2Bo1UUG0kIzX4T7Xgsuh8d,Proof Of Concept,['3D House Of Beef'],84453,2001,False,,0.358,0.0251,0.312,0.0759,79.781
1mKeyFCIM6nQORIe8978RZ,Crawl,['3D House Of Beef'],256307,2001,False,,0.43799999999999994,0.615,5.3799999999999986e-05,0.529,136.355
4LhvtdwApT9LuCAb28uZgP,Egg Chamber,['3D House Of Beef'],372640,2001,False,,0.281,0.575,2.6000000000000002e-05,0.174,135.4
0lDiN7cHF1m73H1qe0PqxO,Laughing Outside,['3D House Of Beef'],224107,2001,False,,0.354,0.5579999999999999,0.000407,0.409,131.786
4iA82ojFaMV80EoRVaGYYN,Seethe,['3D House Of Beef'],205333,2001,False,,0.28600000000000003,0.794,2.4e-06,0.33399999999999996,90.131
0biHBRc1uoXT7LusTGPE1O,Pretender To The Throne,['3D House Of Beef'],219867,2001,False,,0.49,0.619,0.000148,0.37,133.686
2H2dUoOaeMKjlh1AbJThPZ,Blank Track,['3D House Of Beef'],59587,2001,False,,0.0,0.0,0.0,0.0,0.0
2yoY5GTp9OHgvKIf9RX1ie,Dead Head - Live In Stoke U.K.,['3D House Of Beef'],277200,2001,False,,0.5660000000000001,0.726,0.0167,0.138,110.211
3lPiiAk8SqiwsFZ0O2UHX0,Bonus Track,['3D House Of Beef'],31800,2001,False,,0.489,0.696,0.914,0.0379,51.891999999999996
17PXbV9XpkRsKgeBV2lYq6,Vacant Bodies - Filament 38 Remix,['Filament 38'],282787,2004,False,,0.546,0.992,0.0007830000000000001,0.552,120.031
36b7nj7SVuQPM7bukSPjEX,30 Pieces of Silver,['Tim Timebomb'],156519,2014,False,,0.727,0.779,0.41100000000000003,0.972,129.528
3baoSb8NY5QKOsJAQB8lGn,Il Parto,['Articolo 31'],40240,1998,False,,0.379,0.968,0.8,0.0367,99.07600000000001
4kP4ZRmX6tp42g3KoIOAFf,La Rinascita,['Articolo 31'],334160,1998,False,,0.621,0.769,0.0696,0.925,180.179
2X2Ioo4yT1WUszQKzOlkga,La fidanzata,['Articolo 31'],233240,1998,False,,0.713,0.618,0.198,0.961,191.93099999999998
4VxKYTPz5DEGNc4FVBKJru,Buon sangue non mente (feat. Grido),"['Articolo 31', 'Grido']",243360,1998,False,,0.752,0.633,0.0676,0.838,96.02
125xO2PHqWuPmj791xqtQ9,Non So Cos'è,['Articolo 31'],222467,1998,False,,0.812,0.276,0.299,0.528,82.02600000000002
3VNb5zcNXJXKbgUQXRxUwe,Davanti Alla Tv,['Articolo 31'],221000,1998,False,,0.523,0.608,0.0663,0.958,167.865
0Q7veG5sZWr8y2CWayYUka,Nessuno,['Articolo 31'],274533,1998,False,,0.7959999999999999,0.642,0.111,0.6859999999999999,93.035
6QRPpne0tkNh9292MpN4Ap,Per Sabino,['Articolo 31'],76107,1998,False,,0.319,0.41600000000000004,0.695,0.133,107.851
5Np3jYIL26UeinEIHZ7xt4,Dall'Altra Parte Della Strada,['Articolo 31'],247200,1998,False,,0.7559999999999999,0.5870000000000001,0.32799999999999996,0.575,95.99600000000001
55JqNOlv4z6ms8POVnGjEr,Venerdì,['Articolo 31'],278427,1998,False,,0.7859999999999999,0.575,0.0112,0.555,101.98200000000001
1Sq8JjImMam3bLX91lJVgR,La Frase,['Articolo 31'],118133,1998,False,,0.623,0.391,0.754,0.8370000000000001,173.9
5b1y8vngIGdfDv0XGtmERZ,Vai bello (feat. Spaghetti Funk),"['Articolo 31', 'Spaghetti Funk']",208800,1998,False,,0.52,0.8109999999999999,0.32,0.861,83.331
3adcD5W7vYs0yrij2BP6c3,Scacco Matto,['Articolo 31'],51933,1998,False,,0.777,0.586,0.29100000000000004,0.9670000000000001,85.84899999999998
5azymeIOJxb9yBOQFyK28v,Aria,['Articolo 31'],235667,1998,False,,0.8079999999999999,0.59,0.247,0.915,95.02600000000001
53dQupSsTWpfzs62B4dZfY,Come uno su mille (feat. Gianni Morandi),"['Articolo 31', 'Gianni Morandi']",250267,1998,False,,0.728,0.63,0.115,0.8170000000000001,93.95100000000001
3ULirLSERg6FLB8EnGUx8P,Non C'è Sveglia,['Articolo 31'],188307,1998,False,,0.863,0.485,0.139,0.736,109.015
7B4ZcVf1QyKD7bO9ASY9DZ,Come una pietra scalciata,['Articolo 31'],250667,1998,False,,0.7859999999999999,0.687,0.18100000000000002,0.77,95.527
7rWZKHvFwGP2QUKAl0gfN7,Il Mondo Dove Vivo,['Articolo 31'],229493,1998,False,,0.736,0.541,0.613,0.64,170.111
2Z7wONdQCsFjKJt6QayGXG,Shazam,"['Р3ЙМ4Н', 'Dэйв']",172186,2019,False,,0.8490000000000001,0.6890000000000001,0.028999999999999998,0.496,160.029
5eRgNrU6oX1ScRAbgjNuDo,Тот день,['Р3ЙМ4Н'],175252,2019,False,,0.821,0.619,0.149,0.401,84.98200000000001
2J3TmJJd9q2HsJIqnKiCaM,3 Weeks,['Tiga'],258720,2006,False,,0.655,0.884,0.0215,0.41100000000000003,124.00299999999999
2wtJbbwjOm6bHnQLh4Q3io,37 Telephones on Fire,['Kash'],189000,2004,False,,0.439,0.8009999999999999,0.00938,0.19899999999999998,153.05700000000004
0bXMeVKoSNdDJ2hbqVwvr1,357,['Used'],494146,2001,False,,0.20600000000000002,0.688,3.950000000000001e-05,0.405,95.794
7wHjW6CJqiwXsneJh9fw6c,32 Leaves,['Used'],461023,2001,False,,0.253,0.589,0.0184,0.188,155.244
7h4G6VpFMFF4KnFrp6yfI1,31 Leaves,['Used'],443469,2001,False,,0.128,0.7559999999999999,0.000371,0.27699999999999997,178.05599999999995
0R97k5AJy1udJI6mGV82FJ,Dirty Mind,['3OH!3'],197602,2011,True,,0.642,0.861,0.0318,0.5820000000000001,92.912
6aIlQ4EVeyKzGS4lS6GNLY,Set You Free - Single Version,['3OH!3'],204188,2011,False,,0.612,0.807,0.0961,0.617,79.999
0hWNSYeJQ8zeLmwlmYZjS9,BANG BANG,['3OH!3'],212266,2011,False,,0.586,0.715,0.0022,0.575,140.007
0J0sqfUJ48gYI6dM2QWiXL,32 Cents,['MU330'],210813,1999,False,,0.624,0.882,0.0336,0.8109999999999999,103.087
4SbMK7lHHPSBIXAA5QP2DN,30,['SFDK'],253640,2009,False,,0.618,0.642,0.0559,0.66,117.72399999999999
6DUkehiETGZDKrXyJrSCb0,3x10,['Fleshies'],81960,1995,False,,0.24100000000000002,0.987,0.00225,0.3720000000000001,102.883
10YfO1IKD9c9ZucFoa1311,3,['FORMHAMPTON'],224250,2019,True,,0.9540000000000001,0.598,0.0143,0.382,111.995
0hXIfEUtIJBQwKRh3tj2mH,Eurocrime!,['Calibro 35'],176613,2010,False,,0.496,0.8909999999999999,0.0272,0.872,127.755
3vJnnp8B58qwwP4XH9MmNi,Death Comes at Midnight,['Calibro 35'],316987,2010,False,,0.486,0.521,0.0122,0.165,79.907
1JDh94mn2p8v9cJJFnAbud,Five Dolls for an August Moon,['Calibro 35'],138440,2010,False,,0.674,0.872,0.0015300000000000001,0.966,94.33200000000001
2DjsMSPTnbrnseudsaiNQG,Calling All Units to Broccolino,['Calibro 35'],214107,2010,False,,0.752,0.8690000000000001,0.0536,0.9,93.212
7pSYsBkZWHsChr07AJvDnL,Talk is Cheap,['Calibro 35'],178547,2010,False,,0.62,0.875,0.0691,0.809,94.031
3Mwe3UJDZX3S7W2z4n33uy,The Return of the Band Pt. I,['Calibro 35'],199893,2010,False,,0.606,0.22899999999999998,0.353,0.0375,114.723
2yEev4T8Xx6ASKgXz01wnr,The Return of the Band Pt. II,['Calibro 35'],176733,2010,False,,0.32,0.527,0.0094,0.266,167.222
0aa4GbdKv5HJaAZnt7dTb7,Fair Sex and Merciless Crimes,['Calibro 35'],175893,2010,False,,0.37799999999999995,0.672,0.7290000000000001,0.405,174.983
3chqTdTSsAYk9qgmfdUbUG,Hired to Kill,['Calibro 35'],190400,2010,False,,0.315,0.988,0.0834,0.5479999999999999,137.36
4k9p5q0P5c1T1KjU8VoBRh,Almost Human,['Calibro 35'],261613,2010,False,,0.47700000000000004,0.6729999999999999,0.00892,0.25,131.481
68kHqk6OUWfS0V5VkFM2na,A Fistful of Lead,['Calibro 35'],211120,2010,False,,0.513,0.542,0.36200000000000004,0.902,156.515
2isAzr3opWPeEaALuHBB6f,Counselor at Crime,['Calibro 35'],389587,2010,False,,0.515,0.7490000000000001,0.0019199999999999998,0.375,160.09799999999996
0wm15hyrQcevvKr6EU4jao,31 and Falling,['Stray'],336000,2012,False,,0.265,0.659,0.4,0.0636,115.01
7enoJdosRwcHWgSZlyS0eC,3 Degrees,['Stray'],226987,2012,False,,0.645,0.88,0.00235,0.17600000000000002,128.02200000000002
2Clp68BMUOkjAut265hilo,31 and Falling,['Stray'],336000,2012,False,,0.262,0.633,0.397,0.091,114.381
1cDWcNxq1ecscf8UuJVpDH,3 Wxl,['Emerge'],285133,2007,False,,0.594,0.235,0.382,0.606,59.983000000000004
6vbPE8yVqFg38p1sSoKBWn,_Sealevel.3,['Simon Scott'],350053,2012,False,,0.17600000000000002,0.0865,0.23600000000000002,0.0305,81.493
7jqLkhhC9KzP4XasPIDChr,32nd Cycle,['Audio Additive'],272000,2010,False,,0.65,0.47100000000000003,0.0363,0.436,180.015
2OOPz8wZMeU6LvtkbuUivn,"3rd Planet - Live at the Social, Orlando, FL - February 2004",['Modest Mouse'],325400,2004,False,,0.35200000000000004,0.764,0.122,0.535,164.831
73mIppaoXETWLyGdBGO2aX,Y a tu kelkun?,"[""3 Gars Su'l Sofa""]",155107,2004,False,,0.8270000000000001,0.527,0.133,0.7390000000000001,93.025
7DOizhknHFMA0A5k2lAuxA,Hang It Up,"[""The 360's""]",139360,1996,False,,0.201,0.8220000000000001,0.000213,0.6509999999999999,145.904
5nTVegrN5oso5iudax3LT1,3e sexe,['Indochine'],375440,1996,False,,0.6759999999999999,0.868,0.00913,0.976,149.265
6k3BCkxaeSA632QXFAb9Df,358,['Amestigon'],636733,2015,False,,0.204,0.7929999999999999,0.00106,0.0727,125.09899999999999
3NHwpHULWm0rNA2hBJgDrZ,-Anger - Tim Schuldt Remix,"['32crash', 'Len lemeire from Implant', ""Jan D'Hooghe from Implant"", 'Jean-Luc De Meyer from Front 242', 'Implant']",291067,2007,False,,0.32799999999999996,0.867,0.00010400000000000001,0.0561,105.001
4tfT8DjfEHjKUa9dZyYVDX,Propaganda - Machine Drama Mix by Nid and Sancy,"['32crash', 'Len lemeire from Implant', ""Jan D'Hooghe from Implant"", 'Jean-Luc De Meyer from Front 242', 'Implant']",271520,2007,False,,0.5660000000000001,0.894,0.000231,0.755,164.94099999999997
1IK8z1wkWHa1TbeOqnBUMk,Dust and Drought - The Penelopes Remix,"['32crash', 'Len lemeire from Implant', ""Jan D'Hooghe from Implant"", 'Jean-Luc De Meyer from Front 242', 'Implant']",298413,2007,False,,0.7190000000000001,0.889,0.027999999999999997,0.8590000000000001,119.995
4e3VvXd4rEC3MUEhOpNnMn,Merlins Gun - Skydive by Helmut Kraft,"['32crash', 'Len lemeire from Implant', ""Jan D'Hooghe from Implant"", 'Jean-Luc De Meyer from Front 242', 'Implant']",227520,2007,False,,0.516,0.79,0.0122,0.722,132.024
2BiLeUFNE89eMi4TZPSXHl,Isomodia - Implant Remix,"['32crash', 'Len lemeire from Implant', ""Jan D'Hooghe from Implant"", 'Jean-Luc De Meyer from Front 242', 'Implant']",264293,2007,False,,0.596,0.8690000000000001,0.000169,0.61,139.998
4xGoXRWJ7Z4FZsOwEYAFoq,Lone Ranger - Punx Soundcheck Remix,"['32crash', 'Len lemeire from Implant', ""Jan D'Hooghe from Implant"", 'Jean-Luc De Meyer from Front 242', 'Implant']",372027,2007,False,,0.782,0.7,0.0362,0.638,130.029
4DlXyprNFLnNuGj8grCf6E,Spacemen and Poets - David Carretta Remix,"['32crash', 'Len lemeire from Implant', ""Jan D'Hooghe from Implant"", 'Jean-Luc De Meyer from Front 242', 'Implant']",330027,2007,False,,0.7909999999999999,0.845,0.00116,0.62,130.002
11gBGOY2lQFvd0Os6kr2a7,Isomodia - Milimetric Remix,"['32crash', 'Len lemeire from Implant', ""Jan D'Hooghe from Implant"", 'Jean-Luc De Meyer from Front 242', 'Implant']",312493,2007,False,,0.607,0.961,0.00882,0.226,139.997
2y9IG9pPUGtJ1DcPaR5RoD,Merlins Gun - Warrior Mix by Helmut Kraft,"['32crash', 'Len lemeire from Implant', ""Jan D'Hooghe from Implant"", 'Jean-Luc De Meyer from Front 242', 'Implant']",323813,2007,False,,0.546,0.914,0.0218,0.27699999999999997,131.986
3OwBvmtXz2g3G4Fg5DK9Qy,Slowcrash - Lifelike Remix,"['32crash', 'Len lemeire from Implant', ""Jan D'Hooghe from Implant"", 'Jean-Luc De Meyer from Front 242', 'Implant']",349240,2007,False,,0.794,0.897,0.0484,0.47600000000000003,125.022
0xm6jsfWlGYPnBvFEcNa92,Hérissons et por-épics - 32Crash remix,"['32crash', 'Len lemeire from Implant', ""Jan D'Hooghe from Implant"", 'Jean-Luc De Meyer from Front 242', 'Implant']",249493,2007,False,,0.63,0.8490000000000001,0.0134,0.7290000000000001,131.95600000000002
56HNDFV4e2kGll6SgsYySH,"3, 4 Go",['Freiband'],87427,2010,False,,0.21,0.00221,1.3300000000000001e-05,0.0354,72.48100000000002
2JolXJV3RlZyFDNvtVJ7Gb,30mg Of Valium,['Shallow'],244760,1996,False,,0.132,0.252,0.16399999999999998,0.273,98.615
06MPYvBJFsUsQSnjNCwbjN,Triumph,['Def 3 and Factor'],82293,2009,False,,0.455,0.847,0.7809999999999999,0.7509999999999999,140.261
5f3ONgjYTHFiwy32Q8Btir,Stutter Step,['Def 3 and Factor'],220293,2009,False,,0.617,0.8240000000000001,0.6509999999999999,0.45399999999999996,91.715
6Ga9YcpCmQRWZ2K17nnCYw,Take Me Higher,['Def 3 and Factor'],253867,2009,False,,0.64,0.8390000000000001,0.685,0.551,121.839
5JfgTmAwq6znKIOsxHR0m5,Change Your Mind,['Def 3 and Factor'],147547,2009,False,,0.737,0.861,0.376,0.748,104.085
7EVBb9LhqvyQEwxQRJBgut,Speed Demon (feat. Moka Only),['Def 3 and Factor'],130000,2009,False,,0.677,0.813,0.778,0.92,109.345
0HEHprrZuU934l8fa3vs3R,Galaxy Kush (feat. Thomas Roussin),['Def 3 and Factor'],213027,2009,False,,0.69,0.805,0.7709999999999999,0.8740000000000001,90.417
6OSEENfqQ1kcvrSRxThCGm,So Alone,['Def 3 and Factor'],143040,2009,False,,0.667,0.823,0.726,0.779,91.54700000000001
5A49gRj6DIJVjvRyZq90b6,Losing You (feat. Val Halla),['Def 3 and Factor'],208213,2009,False,,0.414,0.826,0.465,0.6579999999999999,97.133
5KAmJTuU8qO8VHHErS1MUa,Deal With It (feat. B Dot Soul),['Def 3 and Factor'],179160,2009,False,,0.759,0.8740000000000001,0.7609999999999999,0.67,107.272
7BvR4tu8IxenINgJy9SrBa,Hold On,['Def 3 and Factor'],150280,2009,False,,0.708,0.932,0.838,0.569,89.199
11idLcyMc3teW3wgxlQ5p9,C.H.U.G.,['Def 3 and Factor'],113733,2009,False,,0.71,0.879,0.5429999999999999,0.665,135.911
6cKgIKWYl1AaD7gMVVgllp,Building A Dream (feat. Joe Dub),['Def 3 and Factor'],168240,2009,False,,0.387,0.925,0.845,0.5539999999999999,68.016
69cTKSCLW4nqUWYTgE7Xj4,Leaders Vs. Followers (feat. Cam the wizzard & Sunspot Jonz),['Def 3 and Factor'],219040,2009,False,,0.364,0.903,0.602,0.836,176.597
1LTr5yNWjbjggvJ5kxozyb,Killing Time,['Def 3 and Factor'],90000,2009,False,,0.505,0.77,0.889,0.535,177.209
6LvmRxQZBQUQl7y1I2nqo4,Impressionist Piece for a Free Planet (The Rubber Incident),['32crash'],150320,2011,False,,0.516,0.682,0.365,0.231,100.01799999999999
3zaNgRvNIcjzS4ahWg8ffJ,The Ol-Lesar Mass (War Song),['32crash'],201027,2011,False,,0.28800000000000003,0.976,0.00066,0.0792,89.976
6WxqMDwF6lPqRqfpCz3lmt,100Y (Ganrif),['32crash'],191213,2011,False,,0.518,0.883,0.008759999999999999,0.769,160.029
5xyu6Fa5cYOewf6mFe2zDy,Elegy for Himself (Please Dance on My Grave),['32crash'],261853,2011,False,,0.44799999999999995,0.97,0.523,0.5920000000000001,134.99
2Jvmwiq4WSbVYBX9jz6Kw3,Dawning Sun (The Sound of 32C),['32crash'],202773,2011,False,,0.455,0.884,0.00391,0.254,114.99799999999999
57PhU8M1vPmLTlFKvBHplj,The Man Who Came from Later (Autostrade),['32crash'],180013,2011,False,,0.557,0.49,0.174,0.153,180.03400000000005
5O1kT5CaXkRKWoWLpTiLBm,Human Decomposition (Solved in Acid),['32crash'],170533,2011,False,,0.594,0.6579999999999999,0.0194,0.23399999999999999,80.003
2LPjZd55jNgkEpkwvdcXbh,Into the Hole (At the End of the Light),['32crash'],214960,2011,False,,0.645,0.774,0.000178,0.23,128.001
4HxtxHoi3yVZG0j7DvrmIZ,What Happened Here (3rd Evangelic),['32crash'],218280,2011,False,,0.4920000000000001,0.623,0.00147,0.483,139.033
2uEtqPQBphueDgEVykcvM2,Aliens on Earth (The Core Isn't Liquid Anymore),['32crash'],178533,2011,False,,0.406,0.9129999999999999,0.00011999999999999999,0.39299999999999996,80.045
3NV2Br6n0Fb1GqBEJZLYBo,A New Order,['32crash'],106920,2011,False,,0.505,0.81,0.0816,0.19699999999999998,119.99700000000001
0OAuyWUS0BwtdsPfZ76W6k,MelangOhlm's Hit and Run (Classic Killer Theme),['32crash'],223693,2011,False,,0.465,0.48200000000000004,0.7759999999999999,0.127,130.034
3ZFABI9QbkIcZ9lHQ5KXEX,Not Quite Human (Altered DNA),['32crash'],305413,2011,False,,0.596,0.9329999999999999,0.0707,0.29100000000000004,120.02600000000001
1R6f2SogfSzP3Oyou28424,Perpetuum Mobile (Will It Blend),['32crash'],201520,2011,False,,0.616,0.958,0.00229,0.785,110.031
2XmrkOqI2q1fTVs5ltI3Uy,Kryptonically Yours (Particles in Orbit),['32crash'],249307,2011,False,,0.573,0.9690000000000001,0.00135,0.674,140.012
4Y9lNFidemzJJfAXAPwNsd,xn+1=a*xn*(1-xn) (Tapis Vollante),['32crash'],128400,2011,False,,0.363,0.794,0.00024900000000000004,0.207,150.197
6Y2OiNlpsfVP25vxpNR7C5,Hyperreal (Really Hyper),['32crash'],205627,2011,False,,0.521,0.907,8.87e-05,0.605,89.992
0ZcD68ER5mr5Q3jCvQvvag,Neighbours (The Bitch Next Door Has a Gun),['32crash'],200840,2011,False,,0.59,0.9940000000000001,0.0355,0.099,110.001
7qFyMa9v9RI0bSjwM5tfTR,37 Stabwounds,['Regurgitate'],24533,2000,False,,0.365,0.775,9.49e-06,0.401,128.22299999999998
3P7VVVCPOee4iH2FTxmJ6i,3 Cheers for Beer,['Headwound'],181013,2005,False,,0.142,0.955,0.0284,0.271,165.19799999999995
743Uqq1ezUFzNy9Rkyhphu,3 of clubs,['Map'],223000,2004,False,,0.5710000000000001,0.655,0.00448,0.522,97.07799999999999
3wzTPdY0G6CDTvLoUWJcxD,Master of Decay (Aesthetic Perfection Remix),['3TEETH'],205517,2014,False,,0.517,0.971,0.00019099999999999998,0.813,173.99599999999995
4M8MJsvyvbZURH7GHa13Ru,Master of Decay (Aaimon Rework),['3TEETH'],276000,2014,False,,0.414,0.922,0.11699999999999999,0.0981,174.03
3sHHUTIji62BH1FQGVSeiS,Master of Decay (Dismantled Remix),['3TEETH'],170141,2014,False,,0.467,0.9279999999999999,0.0040100000000000005,0.457,174.058
17r9jc0tj2lxFFnMz0xCc9,Pearls 2 Swine (Caustic Remix),['3TEETH'],264500,2014,False,,0.599,0.846,0.000298,0.442,99.021
5zrcGjaZJsFCtjsp4hayNj,Pearls 2 Swine (Kanga Remix),['3TEETH'],220000,2014,False,,0.505,0.8170000000000001,0.00109,0.251,144.035
5r3IOvXgsQ2OZwYn8k6KOg,Pearls 2 Swine (Mr. Skeleton Remix),['3TEETH'],277000,2014,False,,0.687,0.938,0.0018,0.18100000000000002,127.99
6haZZX2Ty0mT15J2EpYOcK,Pearls 2 Swine (Diamondstein Remix),['3TEETH'],346019,2014,False,,0.636,0.8959999999999999,0.0196,0.33399999999999996,103.01799999999999
5X8JmenDtJxvvxXQO8MR2p,Nihil (Mircalla Remix),['3TEETH'],263468,2014,False,,0.447,0.802,9.97e-05,0.0369,180.048
2QgTXh9JMxv2ugFh1vzrtq,Nihil (Myrrh Ka Ba Remix),['3TEETH'],224826,2014,False,,0.655,0.7759999999999999,0.000828,0.578,102.993
3CRyxj1CSLwXq2ronxr2p0,Consent (Randolph & Mortimer Remix),['3TEETH'],244848,2014,False,,0.46299999999999997,0.992,0.000167,0.0391,98.992
3VBNTUY3UUrXDKADhrikNB,Consent (Blkhrts Rework),['3TEETH'],198740,2014,False,,0.511,0.889,0.0008210000000000001,0.46399999999999997,89.994
3dmmkQnLuZE5Vll16L2VjI,Final Product (Freakangel Remix),['3TEETH'],210275,2014,False,,0.564,0.659,4.9700000000000015e-05,0.23,109.021
4Ys3PqzxYkmJiCJPu3kPXG,Final Product (Brain Influenza Remix),['3TEETH'],365505,2014,False,,0.601,0.905,0.0391,0.295,109.016
20PTqmvNXOFFQNIi8oLDU2,Final Product (Restriction 9 Remix),['3TEETH'],211445,2014,False,,0.5670000000000001,0.9,0.000231,0.598,109.01299999999999
1Jf6ZzbyRtDn4bQ0EaPWE4,Final Product (Synesthesia Remix),['3TEETH'],323670,2014,False,,0.55,0.764,0.0266,0.255,108.995
3lQakBHwELWjFQghYmVC49,Some Kinda Angel,['Mojave 3'],224667,1998,False,,0.41600000000000004,0.639,0.00107,0.4920000000000001,91.012
4tk6Z7dEmm5VZAsIGKS098,Go Lady Go,['Mojave 3'],217667,1998,False,,0.425,0.757,3.57e-06,0.373,125.54899999999999
09BacGnq9OybI0PwNVqwWE,All I Want,['Mojave 3'],263333,1998,False,,0.602,0.292,0.44299999999999995,0.374,123.60600000000001
51WNVSbaz9wWEIhM3Dbzan,3.1 - Humate's 98 Mix,['Humate'],419000,1999,False,,0.725,0.664,0.00044,0.153,134.035
6GgpkfRCt0n1jrjuKc3zb1,311,['Hiroshima'],272667,1987,False,,0.7979999999999999,0.6459999999999999,0.228,0.888,109.991
5GqDzXgiKojzWIQXXO5pmy,3e sexe - Live symphonique à l'Opéra de Hanoï 2006,['Indochine'],238467,2007,False,,0.599,0.451,0.316,0.268,128.107
3eAkSHyJzMZqKuPw6tkvSW,88mph,['Kadd-3-Wompu$'],223640,2013,False,,0.516,0.721,0.0198,0.624,176.11
3Od8kxiMdBEZFrVLx74d2u,3two5 - Kiwi Remix,['Bonar Bradberry'],408736,2014,False,,0.813,0.645,0.000291,0.639,122.01100000000001
2ZXaDoi6kVIevMavqx63ms,3two5,['Bonar Bradberry'],400000,2014,False,,0.846,0.47100000000000003,0.0111,0.445,122.00299999999999
7foER76laJJVOWMbDyrtWw,3Leged Animal,['Califone'],248107,2006,False,,0.579,0.654,0.606,0.584,130.589
4khVlG3wrFybkKZSAqUj99,You're Fooling Yourselves,['3rdegree'],413133,2012,False,,0.524,0.637,0.256,0.34299999999999997,144.04399999999995
2vOWV4Q1H8ywkHHurJKK0J,Exit Strategy,['3rdegree'],346267,2012,False,,0.595,0.5660000000000001,0.32,0.669,128.392
3ovkwfuLJyxn6aSks6OauT,The Socio-Economic Petri Dish,['3rdegree'],411480,2012,False,,0.371,0.805,0.107,0.51,119.538
301drndQuppdRK8s6p4fsW,Incoherent Ramblings,['3rdegree'],466120,2012,False,,0.635,0.684,0.4920000000000001,0.39899999999999997,114.977
1l8fIexWwsMVmC6XlAYvla,The Ones to Follow,['3rdegree'],195013,2012,False,,0.5,0.547,0.12,0.39,93.501
2fwPGFJBhh29RXLqVyhIxL,A Work of Art,['3rdegree'],173160,2012,False,,0.61,0.341,0.7829999999999999,0.39299999999999996,122.061
4HuCvjPdBqjyuXIgRaN2aY,Televised,['3rdegree'],414173,2012,False,,0.535,0.711,0.185,0.19399999999999998,143.982
6BWHlwz8g75cdhSBVv62z0,The Millions of Last Moments,['3rdegree'],127920,2012,False,,0.479,0.23600000000000002,0.75,0.428,82.135
5vLUUjknJ1U5r9qByDbRLA,Memetic Pandemic,['3rdegree'],449973,2012,False,,0.365,0.469,0.14400000000000002,0.157,110.92399999999999
6qoUh42c1WH2TcKF35f4ui,A Nihilist's Love Song,['3rdegree'],219933,2012,False,,0.44299999999999995,0.496,0.15,0.4270000000000001,120.90799999999999
2q8ruivSkPe9BiZFZJkSnC,+3 Awesomeness Repels Water,['TTNG'],265147,2013,False,,0.414,0.858,0.0254,0.609,125.35600000000001
5Srg18lGcK8v2Ql8NDxJ8A,This Is My Time,['3 Colours Red'],225027,1999,False,,0.413,0.544,0.00101,0.13,149.391
4mn8maoWGXvxv3LhiuYpa0,Pirouette,['3 Colours Red'],253373,1999,False,,0.433,0.9059999999999999,0.000144,0.42,140.605
7xD8EsvD07L0xRNfNw3nYr,Beautiful Day,['3 Colours Red'],258360,1999,False,,0.342,0.636,0.0004969999999999999,0.13,128.688
5p6q4H8lfJhn2GQnp1eVrS,Song On The Radio,['3 Colours Red'],246067,1999,False,,0.499,0.8390000000000001,0.000117,0.42,136.09
71q2c5RQTfk8a59uH8Wbjj,Calling To The Outside,['3 Colours Red'],217240,1999,False,,0.114,0.9490000000000001,1.5399999999999998e-05,0.185,171.468
1qKRH9rIOgqdRvlnXG7uTR,Intermission,['3 Colours Red'],261133,1999,False,,0.379,0.9840000000000001,1.62e-05,0.0794,143.916
1d9exqUhcsi754zhw9X7U1,Paralyse,['3 Colours Red'],198333,1999,False,,0.56,0.9420000000000001,0.000301,0.649,129.91299999999998
0ZqWtSCNbRmP4RycapebZd,Cancel The Exhibition,['3 Colours Red'],223667,1999,False,,0.391,0.985,0.000352,0.0857,145.778
2N37G2GwttjljSHYDytyx2,Paranoid People,['3 Colours Red'],189000,1999,False,,0.285,0.836,5.35e-06,0.518,156.767
6zSDmm5G6ABqx0lj8EhKgS,Back To The City,['3 Colours Red'],240267,1999,False,,0.513,0.934,5.45e-05,0.557,136.523
2nPZsysjz01f0LLOW1YtJF,Be Myself,['3 Colours Red'],170160,1999,False,,0.475,0.958,0.00018999999999999998,0.359,147.143
2lBmm71vp9nnS9OungrXpk,Age Of Madness,['3 Colours Red'],141773,1999,False,,0.45299999999999996,0.9840000000000001,1.3500000000000001e-05,0.377,99.618
27ZAmPE4h7j4jKHvQsvF6Z,Rain,['3 Pill Morning'],178987,2012,False,,0.536,0.902,0.0034,0.48100000000000004,132.08100000000002
35DVTtAHtXiCCkZMPmw5L2,Skin,['3 Pill Morning'],176573,2012,False,,0.568,0.912,0.000151,0.644,128.999
4rH6yseqY10qmqBqKXUtzS,Nothing's Real,['3 Pill Morning'],184560,2012,False,,0.40700000000000003,0.937,0.000917,0.349,157.955
1EHZIiMefrHJadPAqbQ7f8,Loser,['3 Pill Morning'],176267,2012,False,,0.415,0.9740000000000001,9.08e-05,0.535,161.95600000000005
0AwsHjR9dKXPYozqJHZsaB,I Want That for You,['3 Pill Morning'],197560,2012,False,,0.49,0.91,0.00021600000000000002,0.441,92.95700000000001
4llVP0st0x571142RJWLyC,So Good to Leave,['3 Pill Morning'],193467,2012,False,,0.29100000000000004,0.609,0.00389,0.23199999999999998,173.99099999999999
2xRLjF4HARaywCpR6zYqvz,Take Control,['3 Pill Morning'],188600,2012,False,,0.32299999999999995,0.8690000000000001,0.000172,0.442,173.02599999999995
3Apgpihu2jRoTskcb36en1,Revolution,['3 Pill Morning'],180320,2012,False,,0.37799999999999995,0.935,0.00647,0.27,182.00799999999998
44EVkjYDR8NEq8FIuXUJSv,Daddy's Little Girl,['3 Pill Morning'],192280,2012,False,,0.46399999999999997,0.932,0.00243,0.475,143.07399999999996
4uJWVnbBnZpGHn6DJ3ASUI,Drive by Lies,['3 Pill Morning'],187320,2012,False,,0.389,0.96,0.000398,0.419,164.96400000000003
44P7qUuYafGmNjpNfm8XAn,Turbo Tabla 3,['Turbo Tabla'],233267,2004,False,,0.5870000000000001,0.757,0.0036799999999999997,0.8859999999999999,190.074
4buZB5VNdWJ9akYXRpInPy,360 Waves,['Durag Dynasty'],416707,2013,True,,0.251,0.909,0.161,0.418,78.831
1FPvVh7DG84BGNeuhK4n6p,32 Springs,['Cesare Carugi'],196854,2011,False,,0.616,0.6829999999999999,0.201,0.855,130.04
6UjZ6SSmn9EtyJZTLR8aqK,3 Days Gone,['Heavy Hands'],358347,2008,False,,0.271,0.644,0.00599,0.616,156.033
2jdPkFD7bKYbKJOJmLMjxs,The Photography Kills,['30 Odd Foot of Grunts featuring Russel Crowe'],204067,2011,False,,0.611,0.419,0.00804,0.519,129.476
2HJpoogyrcQqpWBJshgVZq,Reggae Got Soul,['311'],189093,2007,False,,0.746,0.6859999999999999,0.0556,0.743,173.783
0tHkBeRt3eeMPgzHREPoMM,3-Piece Suit,['Billyclub'],154440,1996,False,,0.395,0.9890000000000001,0.00182,0.547,114.63
3rmpAxWbiY1FVF7sc5NmXN,362799 (Etheric Abomination),['Fractured Fairytales'],266133,2011,False,,0.521,0.9,0.00139,0.358,140.02200000000002
3aIrxpDtLZWi7GhXGhLKmy,362799,['Fractured Fairytales'],236547,2009,False,,0.5660000000000001,0.94,0.0573,0.213,140.037
1YQvJdlKOnud0FhnGvc1l4,30 Plus 1 - Feat. Tazz,['Flexxarally'],232533,1998,False,,0.836,0.568,0.00236,0.62,98.749
4AYGWkYcHzHFvyBok3z4TD,Welcome,['311'],175107,1993,False,,0.7829999999999999,0.779,0.0013800000000000002,0.74,141.98
4G7MuKmH2n2lZKDMm6myzJ,Freak Out,['311'],223000,1993,False,,0.733,0.8859999999999999,0.003820000000000001,0.612,96.396
5Wg2WOoQeznJG1LqFLuhEJ,Visit,['311'],220867,1993,False,,0.585,0.892,0.000132,0.652,164.065
39YjABxB9Ew5ig9b3LNSmt,Paradise,['311'],302200,1993,False,,0.71,0.789,0.000691,0.622,144.014
2zVZuMxSr6WJzzVKjWH7yv,Unity,['311'],206867,1993,False,,0.505,0.951,0.00175,0.509,144.026
5Vaa69KJIHcsvFv2KHxq3t,Hydroponic,['311'],233867,1993,False,,0.64,0.94,0.00386,0.601,135.987
2KHn9Hlv8kU1DVohI0sIKP,My Stoney Baby,['311'],224227,1993,False,,0.747,0.86,0.00214,0.841,95.26899999999999
7HQg6v3KK4lhzlBcci0lvi,Nix Hex,['311'],248600,1993,False,,0.58,0.8220000000000001,0.0209,0.544,143.987
3ZXwToYkocg9mAeJW3bazC,Plain,['311'],177400,1993,False,,0.8009999999999999,0.909,0.00107,0.708,106.073
0hMfJQJjAF71yHqbgKIpHY,Feels So Good,['311'],202773,1993,False,,0.775,0.938,0.00216,0.674,118.00200000000001
1JRxOhK2heeRsBsB2Dt4Vs,Do You Right,['311'],257827,1993,False,,0.622,0.968,0.000425,0.485,110.03
6mZ6OBnYofGJXFM0paysSs,Fat Chance,['311'],304667,1993,False,,0.499,0.924,0.0005480000000000001,0.355,117.525
4GSrFmggOGZDrd0aBC0r9a,Time Bomb,['311'],196920,2011,False,,0.595,0.922,0.165,0.903,179.78400000000005
2acvrze9DgBaFZlugUI5FT,Wild Nights,['311'],218613,2011,False,,0.621,0.9490000000000001,0.025,0.8059999999999999,105.984
0DaXPLskMeTu01eqx7Di1i,Sunset in July,['311'],236413,2011,False,,0.502,0.846,0.0326,0.69,174.88400000000001
6U0l0sRGHSaaOVFcW13oIR,Trouble,['311'],212347,2011,False,,0.627,0.7659999999999999,0.131,0.769,143.934
6K6kMn8lkJU4XgxEml6yiR,Count Me In,['311'],207467,2011,False,,0.6779999999999999,0.894,0.11699999999999999,0.8690000000000001,95.98100000000001
6QBbYQ4EY1bJX6DC0H8NHa,Rock On,['311'],209573,2011,False,,0.436,0.877,0.0179,0.387,161.936
02hPCKJrIfqRldCaD9DnBK,Weightless,['311'],199227,2011,False,,0.53,0.9490000000000001,0.0515,0.728,157.88299999999995
0HLkpIfjudd3ujHECL2B7I,And A Ways To Go,['311'],258680,2011,False,,0.596,0.893,0.405,0.617,129.99
7erhOacWy0F18eH3mKNDUk,35mm Man,['Trocadero'],253720,2009,False,,0.6409999999999999,0.675,0.29,0.91,130.526
5WRk3LwhL426XMX6Ct1iWx,Immigration Dub,"['Dubblestandart', '3gga']",270813,2007,False,,0.737,0.585,0.00325,0.384,139.969
068WdctAqi5rDwX0k8ceaW,Immigration Dub - Extended Dub Mix,"['Dubblestandart', '3gga']",267347,2007,False,,0.718,0.545,0.0038,0.46399999999999997,140.005
2ZiR1yqR77lFcpDqsB0ibX,Throwell To the Stairs,['31Knots'],147667,2000,False,,0.382,0.8320000000000001,0.0026899999999999997,0.5670000000000001,164.521
2bwh04sPo0O7i5BVkbd4JD,Layman's Proxy,['31Knots'],148667,2000,False,,0.248,0.866,0.00059,0.262,176.834
6unboU8V56gm2WBDGAVl7s,Of the Flesh,['31Knots'],308467,2000,False,,0.34,0.611,0.0566,0.654,83.61399999999998
6RUADr7A1njFugrHTsgwsg,Gavel of Hammers,['31Knots'],207200,2000,False,,0.23399999999999999,0.877,0.0104,0.496,169.36700000000005
01leiauWBeQYJaHNRXsbr1,Symphony Mediocre,['31Knots'],363467,2000,False,,0.42200000000000004,0.637,0.00743,0.341,98.757
1zrky3g5UpqqPOM0QqjSlH,Whack,['31Knots'],243533,2000,False,,0.27699999999999997,0.5579999999999999,0.000831,0.28,99.19200000000001
00eHnB3bR1oJeiXY6MkhAO,Exponential Glitch,['31Knots'],254333,2000,False,,0.336,0.503,0.0082,0.223,114.42200000000001
4YL8GK583DZ14nvqKTAfnL,Selfie,['31Knots'],356667,2000,False,,0.392,0.63,0.00988,0.27699999999999997,131.67700000000002
0svwjaYqoEwxkaFCOmasfL,Heed the Town Crier,['31Knots'],121693,2000,False,,0.42100000000000004,0.7979999999999999,0.0284,0.603,115.56
05Yn5kh6cViOsrefbQ0fYd,Kow Tow To Rock and Rolldom,['31Knots'],327693,2000,False,,0.271,0.835,0.0006730000000000001,0.342,150.1
5uvkLLtYGKyBFE7vmalrvq,Any Resemblance To Real Facts is Purely Coincidental,['Calibro 35'],225400,2012,False,,0.406,0.7,0.00021099999999999998,0.861,174.077
5wIyKDSVurlcnYWkpJFdKV,Uh Ah Brr,['Calibro 35'],152987,2012,False,,0.588,0.9309999999999999,0.0141,0.722,164.106
65kCS49U9BDrFeU8NvhJlZ,Thank You and Goodbye,['Calibro 35'],192627,2012,False,,0.618,0.7879999999999999,0.00434,0.7609999999999999,131.658
2hG7VtgMK1zqCTeOdlbV0z,New Dehli Deli,['Calibro 35'],204133,2012,False,,0.515,0.907,0.00059,0.764,105.361
71KEYrBqAZvrdFTsO6hlYE,The Package,['Calibro 35'],243440,2012,False,,0.595,0.84,0.04,0.86,90.251
3uOnOvrsFRDSGkhBQfmVMs,Passaggi Nel Tempo,['Calibro 35'],142907,2012,False,,0.604,0.6579999999999999,0.0858,0.52,107.38600000000001
4WjzJ6XBVG4iHDmetLx2Iu,New York New York,['Calibro 35'],173853,2012,False,,0.379,0.778,0.16,0.34600000000000003,135.921
4NNNtTZ9TFbMzWKASyzON2,No News Good News,['Calibro 35'],228787,2012,False,,0.35600000000000004,0.8140000000000001,0.0117,0.634,177.967
0Z37d8BBK2Yo9Fgcz4ujiF,"Italian Band from BBQ (Brooklyn, Bronx, Queens)",['Calibro 35'],188693,2012,False,,0.665,0.866,0.008409999999999999,0.858,123.667
4eYVTgbKIxXOtYmJyFhlI1,Rain on Concrete,['Calibro 35'],157813,2012,False,,0.299,0.644,0.000734,0.115,142.601
6R2lHrMataCUb3gy2WUUtH,A Massacre at Dawn,['Calibro 35'],331960,2012,False,,0.3720000000000001,0.701,2.71e-05,0.28800000000000003,80.053
03jI1C32bnPYNBU6DYB9VW,Any Resemblance To Real Persons is Purely Coincidental,['Calibro 35'],213493,2012,False,,0.124,0.925,1.4300000000000005e-05,0.5329999999999999,183.267
2DArRctkNLsN0BFRVgRa4v,Twerk Time,['336 Boyz'],186975,2013,False,,0.8,0.7959999999999999,0.0445,0.508,99.98
1y7NHb5MHpwzy0UlgTymru,3 Card Molly (feat. 3ad & Mr. No Name),"['Big Bear', '3AD', 'Mr. No Name']",48987,2000,True,,0.606,0.929,0.35700000000000004,0.56,95.16
5fasmWZNtiT8mAKOprkurp,Wanna Ride,['3AD'],225587,2000,True,,0.7290000000000001,0.659,0.336,0.868,159.928
3KlYssegcNGbpsAsiJUoFQ,303,['Rudy Royston'],431107,2014,False,,0.47600000000000003,0.386,0.769,0.33899999999999997,131.717
1Pk3tu03qta6wlfDzgsIqD,3000 Miles Away From Home,['Soundfreak'],248067,2009,False,,0.45899999999999996,0.152,0.98,0.1,87.977
02BB33AUHqkVz3crQ94CnR,3x3,['Lydia Lunch'],276400,2013,False,,0.265,0.818,0.000433,0.0658,139.91899999999998
66z9dZYezoHPJeBtxw6e6w,You've Been Shot,['3'],280426,2000,False,,0.51,0.868,0.0785,0.5770000000000001,80.781
5zacdLpomdLGOMoecjT914,Leaving After All,['3'],262035,2000,False,,0.521,0.8109999999999999,0.0877,0.5539999999999999,121.575
34SAjedbiyXXH23uVJ3iQJ,Wrongside,['3'],231577,2000,False,,0.619,0.758,0.00199,0.564,130.155
6BYQHxEKGbNgZvxYlgTdQ4,Lay Down the Law,['3'],235835,2000,False,,0.502,0.7190000000000001,0.0503,0.316,80.311
76Oa2IU4aud5112rPh60yG,Paint by Number,['3'],259110,2000,False,,0.414,0.937,0.000236,0.578,131.76
21Z8JuYdi8MgETFS3esiRv,You Call Me Baby,['3'],262819,2000,False,,0.706,0.799,0.0274,0.513,82.06299999999997
6FkluI4EQ4qvRORf2UbUpm,Astroknot,['3'],280504,2000,False,,0.544,0.8,0.0206,0.64,79.01
2HWsXTQPuQ0cGzaTa1mem8,Blood on the Blankets,['3'],260311,2000,False,,0.736,0.65,0.17600000000000002,0.7090000000000001,122.07799999999999
0kjvHkoVWh4VCYbKCtbKzQ,Careless Kim,['3'],292416,2000,False,,0.39899999999999997,0.6,0.00485,0.318,133.72799999999998
7Erfmm6FacLz4uQvwV18Z5,Better State of Mind,['3'],200830,2000,False,,0.613,0.778,0.0207,0.56,83.639
31e2hhm456JxBmD67F3iID,Heart Attack,['3'],261487,2000,False,,0.498,0.762,0.0491,0.44799999999999995,75.304
4JGYOd9fF5d9xvec4XiIcP,Old Grey Dog,['3'],287792,2000,False,,0.56,0.8,0.125,0.833,137.465
0hsbS7dItC8INAEFg9lIZ8,Policeman,['3'],300540,2000,False,,0.36,0.7440000000000001,0.0985,0.33,78.131
1jngqCcYYXb6wdGeAcpzyA,Vic,['36?'],229747,2019,False,,0.62,0.657,0.276,0.6409999999999999,151.00799999999995
1hDV9nFI1y3bH08W1DA7qm,32 Pennies In A Ragu Jar,['Warrant'],188173,1996,False,,0.436,0.7509999999999999,0.0249,0.726,168.271
1qQQBwEixAaTrg307XgNWI,Goodbye,['305curtis'],93158,2015,False,,0.46299999999999997,0.508,0.35600000000000004,0.379,156.166
5XEfcoNZfUnJ7jC0FVXoB6,Blue Beat,['3 Balls of Fire'],150653,2013,False,,0.41,0.765,0.0707,0.601,176.252
6fDkxazdYqp7xg1gWDxDBc,Space: 2067,['3 Balls of Fire'],200280,2013,False,,0.47,0.8420000000000001,0.0031,0.223,145.944
5sefrV091icDomedOsvjko,Lost & Found,['3 Balls of Fire'],213893,2013,False,,0.513,0.7929999999999999,0.0129,0.419,121.419
3ye9X1Y3lZloENLe1gWBbj,My Little Red Book,['3 Balls of Fire'],139547,2013,False,,0.6679999999999999,0.606,0.0634,0.745,102.65
5RBpKUBtzRQWBqIQxQAREp,Somewhere On the Pacific,['3 Balls of Fire'],217747,2013,False,,0.693,0.456,0.0321,0.14800000000000002,112.17299999999999
3FngdxYp0efoigJibuo0NR,Loaded,['3 Balls of Fire'],165093,2013,False,,0.684,0.736,0.106,0.565,122.022
6RF1kOi8hPYJpTH8OFpufy,Theme That Never Was,['3 Balls of Fire'],230707,2013,False,,0.365,0.698,0.0009339999999999999,0.466,142.776
2gv2ogpOipaGRmy298DDod,Lotus Song,['3 Balls of Fire'],153827,2013,False,,0.662,0.55,0.267,0.444,109.775
1w6ChXZDRlDnaVlS1FU4NX,Beach Balls,['3 Balls of Fire'],142453,2013,False,,0.748,0.784,0.0294,0.91,130.061
5ovxdnaBhRjNvTiqkeDYVR,From Russia With Love,['3 Balls of Fire'],266653,2013,False,,0.718,0.446,0.371,0.45299999999999996,137.95600000000002
4mF5LyPxvlCTuPtJaQGGAU,Wave,['3 Balls of Fire'],211853,2013,False,,0.654,0.691,0.33799999999999997,0.46799999999999997,127.072
6jKvDUakLHBY4KasdSsIlq,Guitar City,['3 Balls of Fire'],256347,2013,False,,0.345,0.8540000000000001,0.021,0.35600000000000004,123.14200000000001
4eJokPhRlwORtVGQgnJWrA,3030,"['Deltron 3030', 'Dan The Automator', 'Del The Funky Homosapien', 'Kid Koala']",416267,2000,False,,0.276,0.616,0.131,0.777,163.968
0FkVCUClpzVbmIyCbcOwiW,Memory Loss,"['Deltron 3030', 'Dan The Automator', 'Del The Funky Homosapien', 'Kid Koala']",279133,2000,False,,0.7879999999999999,0.628,0.0176,0.722,90.945
5Kanr3CyH3sEiDgNDuE8gS,Love Story,"['Deltron 3030', 'Dan The Automator', 'Del The Funky Homosapien', 'Kid Koala']",206933,2000,False,,0.6,0.545,0.0392,0.94,81.89399999999998
3RRWBylmUELk7e1i0UriAm,Madness,"['Deltron 3030', 'Dan The Automator', 'Del The Funky Homosapien', 'Kid Koala']",279867,2000,False,,0.382,0.736,0.0134,0.301,175.15200000000004
6AA9h6iWhpNLrdYoimqseb,Mastermind,"['Deltron 3030', 'Dan The Automator', 'Del The Funky Homosapien', 'Kid Koala']",217027,2000,False,,0.6990000000000001,0.569,9.63e-05,0.309,94.212
4DfDiHGzYJtHPwK8cIXuq7,Time Keeps on Slipping,"['Deltron 3030', 'Dan The Automator', 'Del The Funky Homosapien', 'Kid Koala']",306200,2000,False,,0.526,0.6940000000000001,0.0302,0.755,192.03799999999998
5zqxdeL2YCIcEj0isOW2Q6,Positive Contact,"['Deltron 3030', 'Dan The Automator', 'Del The Funky Homosapien', 'Kid Koala']",294133,2000,False,,0.748,0.4370000000000001,0.045,0.524,210.157
7AS28FdERunvCARoJRNKMI,Things You Can Do,"['Deltron 3030', 'Dan The Automator', 'Del The Funky Homosapien', 'Kid Koala']",301707,2000,False,,0.77,0.9570000000000001,0.0128,0.73,85.01899999999998
0POt9PrmQohbJ64IFKF6Np,Upgrade,"['Deltron 3030', 'Dan The Automator', 'Del The Funky Homosapien', 'Kid Koala']",236867,2000,False,,0.525,0.29600000000000004,0.595,0.13,89.119
2fy2Mz0iIXgG7Iu8FvPpMA,Virus,"['Deltron 3030', 'Dan The Automator', 'Del The Funky Homosapien', 'Kid Koala']",253533,2000,False,,0.79,0.308,0.000625,0.131,92.00399999999999
657eczTqZ4Xup6ZB9pkOB3,Battle Song,"['Deltron 3030', 'Dan The Automator', 'Del The Funky Homosapien', 'Kid Koala']",248093,2000,False,,0.377,0.6459999999999999,0.045,0.47100000000000003,84.046
6FIsI6EgDx8cV6iKF6A8zQ,Turbulence - Mark Bell Remix,"['Deltron 3030', 'Dan The Automator', 'Del The Funky Homosapien', 'Kid Koala']",258733,2000,False,,0.875,0.586,0.491,0.889,104.973
5gLIo7FdYL3ufe8NDgFgub,Down,['3JC'],218013,2005,False,,0.309,0.872,0.000593,0.32799999999999996,125.427
1EplutoZ8T1WZvPKAfVIkP,Lady,['3JC'],216680,2005,False,,0.4920000000000001,0.895,8.99e-05,0.536,154.34
5H7vt9QLBWGHPUp1TQuNRO,Three Days,['3JC'],180093,2005,False,,0.369,0.748,0.0743,0.664,91.12
6QNo6pI6JjHZZvWD09JMTw,Little Missc.,['3JC'],203813,2005,False,,0.555,0.675,0.0304,0.703,138.21
6z0TIHDPgsSGdIpollGOBp,Same Old Story,['3JC'],186413,2005,False,,0.349,0.893,0.002,0.675,179.60299999999995
3gTA0wpc92cOz865Mrle4O,As I Bleed,['3JC'],239947,2005,False,,0.45899999999999996,0.789,0.000176,0.313,130.47
568URrya9r6ElhZUQQk2Pa,I Need You,['3JC'],227240,2005,False,,0.35600000000000004,0.797,2.0300000000000002e-05,0.336,107.105
1Jwds2vuDp1GfWKSp3SLcb,The Kiss,['3JC'],185053,2005,False,,0.392,0.7909999999999999,0.00316,0.273,111.805
3SicKXWPqtDdlXY30yalkU,My Girlfriend,['3JC'],184987,2005,False,,0.456,0.82,4.84e-05,0.524,123.42399999999999
5p2fJt07WtaSCppxiSTTgZ,.38 Airweight,['Doomtree'],251467,2014,True,,0.6759999999999999,0.6579999999999999,0.0818,0.319,74.993
2wKERKD8nVj6BMejac5BpC,30 Xtra,['Superchunk'],150733,1991,False,,0.124,0.985,2.93e-06,0.275,169.628
0f4g2DEM4CKzyOGCWKRMmL,3.214,['Madvillain'],123760,2008,True,,0.58,0.665,0.4,0.603,91.62899999999999
1tZbsxdMOda2Jsv7tTI96b,Show You How It Go (SLABed),"['Mr. 3-2', 'Z-Ro', 'Trae Tha Truth', 'Dougie D', 'Lil B', ""Cl' Che'"", '2']",367907,2006,True,,0.873,0.85,0.611,0.91,89.57799999999996
6b7ugyEuyQJJAoDsmQwfa8,Spittin Fire (SLABed),"['Mr. 3-2', 'Archie Lee', 'Yung Redd', ""J'Ronimo"", 'Trae Tha Truth', 'Z-Ro', 'Kiotti', 'Big Pup', 'Lil B']",420600,2006,True,,0.674,0.684,0.171,0.593,159.82299999999995
4ws6r97tqViuIupJx1mwBV,Putting It Down In H Town (SLABed),"['Mr. 3-2', 'Trae Tha Truth', 'J-DUB', 'Lil B', 'Archie Lee', ""Jay'ton"", 'Kiotti']",378547,2006,True,,0.731,0.777,0.519,0.856,79.876
452CPC343FGoJIUnloSw7T,Something New,['3PM'],203947,2014,False,,0.457,0.9490000000000001,0.0008939999999999998,0.546,169.967
1AWjSIKqx3VBiNJFtwnj1p,Missed Call,['3PM'],219987,2014,False,,0.5770000000000001,0.95,0.00010800000000000001,0.5429999999999999,130.033
2Oj8iNbe2mN5Hk1PrIctb6,Moving Day,['3PM'],214053,2014,False,,0.509,0.857,0.000754,0.46399999999999997,169.96099999999996
4nnTJ4NP6qepIkJX3M6qcF,Slow Me Down,['3PM'],175960,2014,False,,0.332,0.866,0.00948,0.295,92.723
4ziYxRjfLXE3XakIylqIJ4,At Least I Tried,['3PM'],220000,2014,False,,0.596,0.821,0.0005769999999999999,0.442,119.98299999999999
59JeDDdZuCiSdjdwCmi5Xl,Lazer Tag,['3PM'],196760,2014,False,,0.426,0.856,0.000359,0.46399999999999997,179.97299999999996
2jfXXQNcFZHUVBxCJSZshY,This Is Right,['3PM'],192067,2014,False,,0.434,0.94,0.000696,0.5710000000000001,194.924
45NhP89v9wjrImjYp4sC1X,My Soul On Fire,['3PM'],169040,2014,False,,0.688,0.815,0.0158,0.556,119.98700000000001
7ub58psUUQitHRsyDjRv9F,All Caught Up,['3PM'],182960,2014,False,,0.55,0.937,0.000603,0.672,95.00299999999999
4MYRFWZh9BlPRqQIJIaIH3,Who We Are,['3PM'],178147,2014,False,,0.647,0.909,0.00948,0.684,95.01299999999999
2i17yasauSqL8O24jnZ9Wa,Perfect for Me,['3PM'],182000,2014,False,,0.593,0.907,0.00322,0.40700000000000003,94.98100000000001
64kOsNKnung3fWEg6FKPVz,Danger Zone,['31-Oct'],270320,2004,False,,0.41600000000000004,0.883,1.12e-05,0.5820000000000001,145.524
52k9A7i7W4DAXUPrs5IGzA,All Been Done,['300 Days'],284093,2017,False,,0.5529999999999999,0.45899999999999996,0.524,0.665,108.56299999999999
0erJ7HVHclbS1ePyfqvOd5,Oh Billy,['300 Days'],177146,2017,False,,0.581,0.445,0.7979999999999999,0.74,109.359
0MhXXnXHJyetMlMClnhdTu,Whiskeyhead,['300 Days'],260040,2017,False,,0.479,0.172,0.825,0.239,89.696
4vemhIiwh2JTOuafv8sCvU,Hollywood,['300 Days'],247746,2017,False,,0.429,0.365,0.617,0.521,105.512
4iAMW9JYNUPAoPQP72lHiJ,Green on the Outside,['300 Days'],412440,2017,False,,0.508,0.358,0.513,0.40399999999999997,108.67299999999999
3HeGQoF5EHXWa2TGfYGFgA,Mainline,['300 Days'],213547,2017,False,,0.456,0.225,0.679,0.48200000000000004,91.87200000000001
5b1BU7Xue9n3OhevLBe1sO,#37,['Otasco'],327760,2007,False,,0.46799999999999997,0.513,0.39799999999999996,0.501,100.506
1fY8K9tHO1Ob02ZYrd160z,Nihil,['3TEETH'],242743,2014,False,,0.507,0.779,3.32e-05,0.124,90.007
123Ex6nWgoFm9DUjJ7Nm72,Consent,['3TEETH'],181714,2014,False,,0.608,0.981,0.000121,0.10300000000000001,98.976
78BydKeLHFq4M2b9Dr96My,Pearls 2 Swine,['3TEETH'],302743,2014,False,,0.521,0.991,0.000325,0.149,99.001
0SpnNcSWj1UNyqbuvUu0n5,Dust,['3TEETH'],226286,2014,False,,0.41200000000000003,0.8290000000000001,0.00045999999999999996,0.0708,87.48200000000001
154Yx0umKTsALUaKL7qwsH,Zeit,['3TEETH'],40000,2014,False,,0.198,0.29600000000000004,0.23600000000000002,0.163,170.80900000000003
6m0HDm65KVygzVpVDLQJHT,Master of Decay,['3TEETH'],289833,2014,False,,0.39,0.998,0.00678,0.451,174.0
1S86JMCVtjFc2MS6cuRav8,Unveiled,['3TEETH'],189942,2014,False,,0.47700000000000004,0.6779999999999999,0.024,0.8029999999999999,171.975
4ghNEgtJA03gOWXorKvRHj,Dissolve,['3TEETH'],186514,2014,False,,0.654,0.997,0.0017,0.0626,114.99600000000001
2pwKm8QzRoXPfhoxQ2hQ16,Eradicate,['3TEETH'],195429,2014,False,,0.391,0.915,5.9e-05,0.4,173.019
4rMeQwHP0yuOSS5Nyo9cTy,X-Day,['3TEETH'],195200,2014,False,,0.474,0.858,7.91e-05,0.0394,150.02200000000005
4Wcb2JS9lFSYYHy0nReh9a,Final Product,['3TEETH'],188062,2014,False,,0.493,0.94,3.79e-05,0.231,109.027
7sNtcdt7WtBeUQTjqf89op,Antiflux,['3TEETH'],276000,2014,False,,0.337,0.943,0.11199999999999999,0.11900000000000001,192.025
7mNeNZ6ggQwM9vTmC7Wc6l,Chasm,['3TEETH'],175625,2014,False,,0.546,0.988,0.0316,0.27,80.008
45mfjkMxUYqqgNafXJBCnD,Too Far Gone,['3TEETH'],250543,2014,False,,0.523,0.8009999999999999,0.00058,0.158,137.951
482xXOVGGHIiJbJwa9XSsH,Catalyst,['3TEETH'],163200,2014,False,,0.546,0.278,0.726,0.10300000000000001,74.971
0OY1QTbD4JIL0FOreaqNuI,3 For Boston,['Mike Metheny'],346640,2001,False,,0.324,0.19399999999999998,0.836,0.263,50.323
5Sio4QjwVfFqj0HkPlccao,All or Nothing Hero,['3 Kisses'],206599,2013,False,,0.473,0.887,0.0564,0.6659999999999999,84.93700000000003
5mVyavexVRFsbhX9Leb9Mg,Save Me,['3 Kisses'],218337,2013,False,,0.389,0.9420000000000001,0.000134,0.385,82.6
5YjK2smzPURdHLN814AlsU,We're Through,['3 Kisses'],228589,2013,False,,0.536,0.85,0.0259,0.672,146.029
3MQ3G47ZIEqa9ONqb11ttY,Terminal Adolescents,['3 Kisses'],211882,2013,False,,0.363,0.9390000000000001,0.013000000000000001,0.652,174.07299999999995
31PTLwdma0IIpgaPuQTL3k,Move On,['3 Kisses'],215144,2013,False,,0.575,0.8959999999999999,0.007390000000000002,0.607,107.016
1re0D6Xe28pMUoX4m3sNSH,Tragedy,['3 Kisses'],199517,2013,False,,0.638,0.943,0.0589,0.5589999999999999,114.03299999999999
2Q293ioNWkxxJX8G2hTWO4,Can't Stop Loving You,['3 Kisses'],181210,2013,False,,0.496,0.877,0.149,0.593,124.007
43cIIhxX4b1lDgLHBbivaI,Shut You Out,['3 Kisses'],210164,2013,False,,0.575,0.866,0.007940000000000001,0.639,141.07299999999995
1RUVONjIc28ebbjgnh3nuZ,Raise Your Hands,['3 Kisses'],248685,2013,False,,0.405,0.846,0.0109,0.395,80.857
0HgN7Zo0NnotifbpWQws3o,Only One Who Gets Me,['3 Kisses'],232282,2013,False,,0.565,0.92,0.0426,0.72,100.02
4lbayH4OD1Xh6HuDIB3HlT,Pick Me Up,['3 Kisses'],207532,2013,False,,0.444,0.914,0.00872,0.369,84.10600000000002
4aZ2ojxO5bm31s7MSuVXqc,Don't Underestimate Me,['3 Kisses'],250774,2013,False,,0.542,0.813,0.0455,0.685,148.072
6Ko7GCVgvN7GrzM29oVkx9,Does It Matter,['3 Kisses'],284757,2013,False,,0.606,0.6779999999999999,0.10400000000000001,0.597,138.95600000000002
6lMvS4Cte4nX9jDo3AwVn9,Rise My Tempo,['T3RR0R 3RR0R'],279534,2015,True,,0.528,0.946,0.000204,0.188,110.02600000000001
1Z8cgycN3H06Ub1XW4UC5l,Blues Time,['Lucky 3 Blues Band'],168587,2015,False,,0.642,0.848,0.0521,0.695,120.667
4Y6vtWefdujYiwFFqRA6AE,Blues On the Run,['Lucky 3 Blues Band'],285213,2015,False,,0.503,0.6829999999999999,0.00464,0.677,102.505
2X0jcGmpjpDLsIstk9UdTY,Blues Don't Live Here Anymore,['Lucky 3 Blues Band'],136040,2015,False,,0.366,0.6709999999999999,0.154,0.519,90.95
0ACqWREqeIDxvm5SUEoi4y,Blues Will Never Leave You,['Lucky 3 Blues Band'],290547,2015,False,,0.23199999999999998,0.46799999999999997,0.414,0.304,183.889
13bRGexg0SCYgnn0ah3IMq,Blues You Can Use,['Lucky 3 Blues Band'],259320,2015,False,,0.478,0.767,0.0641,0.613,115.895
5CrOVestteOizweXzLM05B,Let It Begin,['Workhorse 3'],99573,2010,False,,0.469,0.9840000000000001,5.5e-05,0.363,90.459
4EZdw10nnqLf7loB67jrQE,Revolution Blood Machine,['Workhorse 3'],183880,2010,False,,0.21899999999999997,0.961,5.6299999999999986e-05,0.32299999999999995,170.28099999999995
1HsElb00qgwWlYt2n5vwJ4,Down So Long,['Workhorse 3'],139533,2010,False,,0.316,0.956,0.00133,0.19699999999999998,92.234
2LIpGhDJqqvvTtZtHWwBc1,Die Tonight,['Workhorse 3'],214547,2010,False,,0.359,0.953,9.2e-05,0.308,159.251
55zt9Ry3jRzBIQxl7XaQ6E,Face In The Crowd,['Workhorse 3'],139333,2010,False,,0.268,0.9540000000000001,5.3299999999999995e-05,0.385,138.74200000000002
0dGV94Ae9dK3ywebAJoNSm,Glory And The Sun,['Workhorse 3'],170947,2010,False,,0.40700000000000003,0.968,6.11e-05,0.4320000000000001,90.3
7Lr4B4Eia2vG6egs9TKXG4,Fear Is Law,['Workhorse 3'],144800,2010,False,,0.348,0.966,0.008020000000000001,0.336,146.04399999999995
1XJbdgVyDGw2Abdm8OH3Xg,Workhorse I,['Workhorse 3'],108533,2010,False,,0.215,0.968,7.98e-06,0.698,170.304
0Hy6Rbs8Udojo9r7eZQPxz,Slipping Away,['Workhorse 3'],176280,2010,False,,0.314,0.93,5.13e-05,0.5870000000000001,125.78299999999999
4CixMm9zsI1NqtIT48UsN4,Disinfect The Masses,['Workhorse 3'],132147,2010,False,,0.488,0.9790000000000001,0.000154,0.285,105.977
7s8ZVT3MB7CJ6VdBFUrqWX,War Machine,['Workhorse 3'],166880,2010,False,,0.20800000000000002,0.941,4.2100000000000014e-05,0.499,82.59700000000002
5kbRP5mk9rUNfTEaWiRMG1,What You Wanted,['Workhorse 3'],193240,2010,False,,0.29600000000000004,0.8959999999999999,0.000606,0.113,128.94299999999998
3frYIQZ4sWSXg7yKhQi1Nf,30 Rock,['Pomplamoose'],158202,2015,False,,0.708,0.74,0.16899999999999998,0.83,95.939
4jdav8mxbIQE1IsYkphe2L,35mm,['Flipside'],452627,2004,False,,0.366,0.175,0.845,0.0686,120.023
6DlphUuE1pBPjB4FGPN0vh,3 Boys From the East (feat. Sambo & V Jr. & Cat),['SniperShot'],266529,2010,True,,0.655,0.715,0.152,0.45,81.97200000000002
1Y8F7Etk65owioOlRncfEk,"3 Boys From the East (Feat. Sambo, V Jr. & Cat)",['SniperShot'],349781,2011,True,,0.469,0.532,0.262,0.311,137.077
7AFELUmD26YJa0BnRDE04O,3005 - Chilled Mix,['PXR8'],348028,2008,False,,0.638,0.7609999999999999,0.0197,0.7879999999999999,126.993
6evF1ZmYSobeXjiM9YcpfW,Just Look at Me,['3 Access & You'],572563,2014,False,,0.7959999999999999,0.562,0.00016999999999999999,0.44,127.99700000000001
1YrIb1xGcITglr9ogmViuW,382 Seaside,['Ott'],404600,2008,False,,0.46799999999999997,0.731,0.102,0.19899999999999998,180.028
5fbuq2ef2Wpbizjy9V4Eoi,Come Una Pietra Scalciata (Like A Rolling Stone),['Articolo 31'],252093,1981,False,,0.774,0.76,0.16699999999999998,0.74,95.545
7fCx9DA5w3UpkgpL96e0w3,321tot...,['Dunkelwerk'],267480,2013,False,,0.53,0.977,0.0679,0.0396,120.038
7GHqWGX5RvwfNCn89R73Ah,321tot...,['Dunkelwerk'],267480,2013,False,,0.53,0.977,0.0679,0.0396,120.038
28iCp1AUTUgDx4Ok1Au31w,Work Hard (feat. K-Natural),"['Slimkid 3', 'DJ Nu-Mark', 'K-Natural']",171414,2014,True,,0.804,0.708,0.0772,0.94,96.04700000000001
19XnpOxNS8Ln99FW8ef4zO,Let Me Hit,"['Slimkid 3', 'DJ Nu-Mark']",171123,2014,True,,0.6809999999999999,0.884,0.0167,0.897,90.995
4n5WqSYpG23pMmZU7OfiIh,I Know Didn't I (feat. Darondo),"['Slimkid 3', 'DJ Nu-Mark', 'Darondo']",234942,2014,False,,0.8009999999999999,0.635,0.127,0.9209999999999999,93.994
4U3rryXlZCYM3n7D70tKlM,Fade To Black (feat. J-Live),"['Slimkid 3', 'DJ Nu-Mark', 'J-Live']",121578,2014,True,,0.723,0.845,0.342,0.552,95.90899999999999
5ljrIk1tYuuG9drTlPjoA4,No Pity Party,"['Slimkid 3', 'DJ Nu-Mark']",160888,2014,True,,0.858,0.525,0.157,0.893,91.03299999999999
1RX31whwNnFwTdOYgzpnxs,What Are Words For,"['Slimkid 3', 'DJ Nu-Mark']",152875,2014,False,,0.787,0.7190000000000001,0.425,0.622,93.999
7HWxD0o34bUGp3eGrmx2O0,King (feat. Diamond D & K-Natural),"['Slimkid 3', 'DJ Nu-Mark', 'Diamond D', 'K-Natural']",179741,2014,True,,0.778,0.8859999999999999,0.0592,0.7490000000000001,92.01299999999999
6V7kQEkfv8QIw9HuMcATiS,Bom Bom Fiya,"['Slimkid 3', 'DJ Nu-Mark']",133612,2014,True,,0.752,0.885,0.016,0.578,93.007
3jz4Avn6a6J2e9AWmvwj2F,Godzilla Or Gamera,"['Slimkid 3', 'DJ Nu-Mark']",149526,2014,True,,0.828,0.833,0.23199999999999998,0.59,96.45700000000001
4BgoGXPT4YPAA1rpNPcA9C,Bouillon (feat. Del The Funky Homosapien & Murs),"['Slimkid 3', 'DJ Nu-Mark', 'Del The Funky Homosapien', 'Murs']",190859,2014,True,,0.6409999999999999,0.775,0.0775,0.823,121.92299999999999
5uAy1kQY4GYD0NbXjE1tp4,Work Hard (feat. K-Natural),"['Slimkid 3', 'DJ Nu-Mark', 'K-Natural']",172453,2014,False,,0.809,0.696,0.0741,0.9540000000000001,96.069
1bkw3nKyMcImrstndODz3w,Let Me Hit,"['Slimkid 3', 'DJ Nu-Mark']",171407,2014,False,,0.685,0.872,0.0188,0.89,91.02799999999999
4CiPf2ehbAIn3yt8rGJhyZ,Fade To Black (feat. J-Live),"['Slimkid 3', 'DJ Nu-Mark', 'J-Live']",122530,2014,False,,0.7140000000000001,0.841,0.318,0.5770000000000001,96.022
4NrNZsbQpNR7tWB5YryIIH,No Pity Party,"['Slimkid 3', 'DJ Nu-Mark']",162313,2014,False,,0.8540000000000001,0.537,0.16,0.8959999999999999,91.022
1yso4titEom2xLiWFT4sXe,King (feat. Diamond D & K-Natural),"['Slimkid 3', 'DJ Nu-Mark', 'Diamond D', 'K-Natural']",180706,2014,False,,0.778,0.882,0.0611,0.7390000000000001,92.01100000000001
0WFroDVsofK8kPRfzTPYrp,Bom Bom Fiya,"['Slimkid 3', 'DJ Nu-Mark']",135156,2014,False,,0.77,0.865,0.0208,0.642,93.006
2pmBk1vIQn5QWjeH2PGBqF,Godzilla Or Gamera (feat. Del The Funky Homosapien & Murs),"['Slimkid 3', 'DJ Nu-Mark', 'Del The Funky Homosapien', 'Murs']",149592,2014,False,,0.823,0.835,0.22399999999999998,0.584,96.48
4zPtvnwX4kx9iti7Z3tlyw,Bouillon,"['Slimkid 3', 'DJ Nu-Mark']",190892,2014,False,,0.64,0.759,0.0843,0.8170000000000001,121.964
15nZmjVtNgU7FpKmtNm0Iu,Work Hard (Instrumental),"['Slimkid 3', 'DJ Nu-Mark']",172453,2014,False,,0.86,0.5820000000000001,0.0148,0.982,96.039
1T6TS9ex0nzxpWJCnaoHNH,Let Me Hit (Instrumental),"['Slimkid 3', 'DJ Nu-Mark']",171407,2014,False,,0.591,0.7979999999999999,0.00123,0.927,91.01299999999999
4hV6uMa355aQ0I4i3QGvz8,"I Know, Didn't I (Instrumental)","['Slimkid 3', 'DJ Nu-Mark']",234865,2014,False,,0.81,0.489,0.096,0.96,94.053
0Hi83aivEjaLWuYM8Y8FQe,Fade To Black (Instrumental),"['Slimkid 3', 'DJ Nu-Mark']",122530,2014,False,,0.705,0.518,0.10800000000000001,0.7070000000000001,96.01700000000001
7cXxhwqpR1aHGehaaztjvn,No Pity Party (Instrumental),"['Slimkid 3', 'DJ Nu-Mark']",162313,2014,False,,0.841,0.39899999999999997,0.0916,0.9640000000000001,91.01799999999999
6u4tNk7AMiKxB7MfG1URlT,What Are Words For (Instrumental),"['Slimkid 3', 'DJ Nu-Mark']",152895,2014,False,,0.757,0.479,0.0393,0.7070000000000001,93.98299999999999
2KPCkmMgJ6GsDF1JcKzkFo,King (Instrumental),"['Slimkid 3', 'DJ Nu-Mark']",180706,2014,False,,0.9059999999999999,0.7170000000000001,0.00286,0.669,92.007
1PhIMUMymgiCOi2Tzm1uFu,Bom Bom Fiya (Instrumental),"['Slimkid 3', 'DJ Nu-Mark']",135156,2014,False,,0.715,0.708,0.000151,0.68,93.045
7qP8vIVaWGkCa69rv36P8E,Godzilla Or Gamera (Instrumental),"['Slimkid 3', 'DJ Nu-Mark']",149592,2014,False,,0.746,0.769,0.126,0.71,96.44200000000001
5O84qb1CBpkTBFdpliKd9S,Bouillon (Instrumental),"['Slimkid 3', 'DJ Nu-Mark']",190892,2014,False,,0.838,0.5539999999999999,0.0278,0.7929999999999999,97.016
3Lg2bmVwwJ7uKXRWyIp49W,Work Hard (Acapella) [feat. K-Natural],"['Slimkid 3', 'DJ Nu-Mark', 'K-Natural']",172453,2014,True,,0.879,0.9079999999999999,0.588,0.158,96.10700000000001
5sLuBkrlRFRrY4tnu7a4Py,Let Me Hit (Acapella),"['Slimkid 3', 'DJ Nu-Mark']",171407,2014,True,,0.818,0.794,0.7979999999999999,0.373,91.01700000000001
1jiWbUOr36tWfIhnWbNDuQ,"I Know, Didn't I (Acapella) [feat. Darondo]","['Slimkid 3', 'DJ Nu-Mark', 'Darondo']",234865,2014,False,,0.8140000000000001,0.49,0.575,0.17300000000000001,94.006
4iMeEJV2BgcLbkzKlpxaoe,Fade To Black (Acapella) [feat. J-Live],"['Slimkid 3', 'DJ Nu-Mark', 'J-Live']",122530,2014,True,,0.7190000000000001,0.866,0.711,0.344,192.217
3U6iEWMCIy4KZySlUkj99H,No Pity Party (Acapella),"['Slimkid 3', 'DJ Nu-Mark']",162313,2014,True,,0.72,0.522,0.47700000000000004,0.715,182.051
0QIcsRY7w5GGowj8XSaLC0,What Are Words For (Acapella),"['Slimkid 3', 'DJ Nu-Mark']",152895,2014,False,,0.518,0.545,0.767,0.7020000000000001,188.81400000000002
3zuRTzCOXrkUQEIjPXA9d8,King (Acapella) [feat. Diamond D & K-Natural],"['Slimkid 3', 'DJ Nu-Mark', 'Diamond D', 'K-Natural']",180706,2014,True,,0.62,0.665,0.615,0.687,184.065
2XZZBCqBYuLI3owA2ekVnw,Bom Bom Fiya (Acapella),"['Slimkid 3', 'DJ Nu-Mark']",135156,2014,True,,0.875,0.833,0.674,0.397,93.075
3A8HFwS0EDdpKKSLbHkLLD,Godzilla Or Gamera (Acapella),"['Slimkid 3', 'DJ Nu-Mark']",149592,2014,True,,0.773,0.58,0.611,0.8759999999999999,97.581
6H5GtL56Vhx6ahZJVlaE2L,Bouillon (Acapella) [feat. Del The Funky Homosapien & Murs],"['Slimkid 3', 'DJ Nu-Mark', 'Del The Funky Homosapien', 'Murs']",190892,2014,True,,0.772,0.568,0.47100000000000003,0.847,97.40299999999999
7N0beUxvRtmeaclweJxfKF,33 страницы,['Легендарные Пластилиновые Ноги'],204907,2012,False,,0.711,0.57,0.0456,0.34600000000000003,112.985
7gCyzxBqGFOnfzwY5aTG96,Fresh 24,['310'],443560,2001,False,,0.732,0.955,0.0843,0.34,116.12700000000001
5CqLUrBkLI5hyPzBO2fiMF,Raincarnation,['310'],217773,2001,False,,0.26,0.337,0.29600000000000004,0.22,107.162
0zRhTFBg2BlFxS9PtRwm90,Red Horizon,['310'],351667,2001,False,,0.742,0.705,0.0462,0.21600000000000005,96.531
3o5k5jWmaJWt38SnUBTjMn,Two Endtables And A Telephone,['310'],260467,2001,False,,0.249,0.354,0.953,0.297,103.094
1Ld1NWZmp3DKhL503pAFKP,Farm Show Complex,['310'],178467,2001,False,,0.325,0.215,0.00424,0.0289,130.37
2htUZwNChM0oapNYnpvXXz,Rubberfoot,['310'],290467,2001,False,,0.636,0.391,0.0021100000000000003,0.0752,127.73299999999999
6HaygPOeSYSWtwrUhdYOe8,Your Mother's No Good Here,['310'],111667,2001,False,,0.207,0.0699,0.9940000000000001,0.094,129.408
5kDOhYthbxqwsB0XJUVQDH,Between The Red Ropes,['310'],292133,2001,False,,0.599,0.42100000000000004,0.485,0.20199999999999999,113.741
0aiqGJdBbqxBA25YaInWza,Persian Wolf,['310'],168760,2001,False,,0.0713,0.0209,0.9440000000000001,0.0384,77.758
63hja6s1t5MAbRKgLmDFwU,Stickbag,['310'],296733,2001,False,,0.72,0.185,0.00476,0.253,110.071
4yfVe943ELmPbmDsfpieNT,Dick Vitale Is Dead,['310'],68907,2001,False,,0.379,0.8340000000000001,0.905,0.0233,86.821
4dphUatFrHshpkVL6PAse0,Exu,['310'],402600,2001,False,,0.6809999999999999,0.34299999999999997,0.361,0.0918,63.299
0AMusa0kvMPhdLrdkfXlWn,Get Outta Here Reagan,['310'],332667,2001,False,,0.46299999999999997,0.498,0.00863,0.21,124.20700000000001
2ZiNDa7XoVOUIwrPw4VzgF,Urban Mantras,['310'],349227,2001,False,,0.17600000000000002,0.4270000000000001,0.9059999999999999,0.031,145.644
1sCgstbziJnSwakPPKUbMC,Spawn Winds,['310'],596800,2001,False,,0.5720000000000001,0.546,0.015,0.0565,120.82600000000001
1WH96QFPIhxlnATR0K90KX,3am,['HONNE'],228406,2016,False,,0.73,0.655,0.0389,0.518,100.00299999999999
61O6T1E26pUv7ajkitifpN,"3 Sheets to the Wind, Pt. 1",['Barleyjuice'],220947,2013,False,,0.585,0.818,0.10800000000000001,0.764,130.775
2JwFfbptcRmWdgHfifeBUP,"3 Sheets to the Wind, Pt. 2",['Barleyjuice'],175880,2013,False,,0.55,0.862,0.0925,0.953,112.75
7sxtm88hdF3rPSKdndM6rI,Desperado,['Frankenstein 3000'],206413,2010,False,,0.32799999999999996,0.639,0.00073,0.307,126.693
6XfoQ6JLrs51kb2Kse3vuR,Coronation,['3 Kings'],62067,2004,False,,0.721,0.815,0.00792,0.0409,96.054
4VadHxeeP2NZk8LOjvxwFK,Start,['3 kings Feat Nonezeo'],162000,2004,False,,0.79,0.748,0.10800000000000001,0.815,90.08200000000001
6Ao1cJo29IlYwoAxNmNXwd,Born,['3 Kings Feat Sinclair'],234293,2004,False,,0.825,0.8140000000000001,0.282,0.96,83.464
4UkfusJe7m3NC23WyktCSg,Daily Grind,['3 Kings'],187867,2004,False,,0.7340000000000001,0.833,0.149,0.5539999999999999,104.955
2RJM5WqB6gIaFkbVUdMhQ7,K.I.N.G.,['3 kings Feat Nonezeo'],205373,2004,False,,0.835,0.513,0.184,0.858,89.962
2BMlMIWlyatM59JeITxC5A,E.O.W. Boot Camp,['3 kings Feat Nonezeo'],200733,2004,False,,0.7490000000000001,0.8170000000000001,0.292,0.728,92.075
2O0s2u7kVbwravcpmSCNTf,Jungle,['3 Kings'],197667,2004,False,,0.6859999999999999,0.912,0.0896,0.6609999999999999,84.87899999999998
2udwTC6ogZfHzDvSN2pzUk,Animal,['3Kings feat Breez & Tru The God'],288267,2004,False,,0.625,0.6829999999999999,0.0428,0.413,91.571
1Y9n9VoJ7eoost26R8MNal,Escape From the Underground,['3 kings Feat Webbafied'],215667,2004,False,,0.561,0.787,0.022000000000000002,0.932,97.53200000000001
3lCfA2lDkK3511h0qqGbyf,Pirates,['3 kings Feat Sinclaire'],353600,2004,False,,0.8190000000000001,0.502,0.0016899999999999999,0.8170000000000001,98.00399999999999
5UGqsRr8zxsOlcnizGnjYe,Tres Reyes,['3 Kings feat. Jainardo'],171733,2004,False,,0.726,0.6679999999999999,0.522,0.9390000000000001,95.171
1tK71eNhLiZwpOovP4dXeK,Wifey,['3 kings Feat Sinclaire'],244333,2004,False,,0.611,0.67,0.185,0.649,178.52
0Da1sTtznxtHY65ZIAdm4n,Reconstruction,['3 kings Feat Nonezeo'],198093,2004,False,,0.6890000000000001,0.805,0.24100000000000002,0.564,102.115
3cd6sQiBOBX1wySyUvR89x,Disease,['3 kings Feat Nonezeo'],247707,2004,False,,0.67,0.8079999999999999,0.196,0.669,90.027
3BTio20MDH7OtGursqvjo0,Return of the Living Dead,['3 Kings'],253960,2004,False,,0.86,0.534,0.113,0.45799999999999996,90.05
2M9XmuOLyBAVtEm0WnVR4h,1 Crown,['3 KingsFeat Sinclaire'],365133,2004,False,,0.674,0.575,0.0883,0.8740000000000001,172.074
2pyforXT2YOrsnSSKhLwYF,Crown (ft. 3D Na'tee),"['Torae', ""3d Na'tee""]",161613,2016,False,,0.65,0.9259999999999999,0.0819,0.46,89.156
0Eu03gUJ3LtetULAN0CWko,3/13,['Mury'],237280,2008,False,,0.523,0.907,0.0201,0.45299999999999996,137.94899999999998
4M474wGP7dl6o6MmFoV7Tl,Chichimix Colombiano 3: Mil Horas / Llámame,['Chichimarimba'],254336,2016,False,,0.7240000000000001,0.616,0.237,0.922,105.027
4pjWx1ujoLTFFTSYh7EbDo,30 Second Blues Song,['POLLY PUNKNECK'],56533,2006,False,,0.512,0.0794,0.879,0.495,84.214
3ldUiO4egHAelcG3yxB10q,30 Second Blues Song,['POLLY PUNKNECK'],56533,2014,False,,0.495,0.0868,0.8420000000000001,0.418,85.383
4aP0XMroSe8jattg1nQx2x,Five Six Dub,['2=3'],376400,2010,False,,0.573,0.311,0.00755,0.0855,169.829
61EOYeLdGrqDWB8GrIGhCU,Fans of Yesterday,['The 30 Year Men'],193533,2014,False,,0.284,0.6609999999999999,0.004379999999999999,0.20800000000000002,162.27100000000004
7AJLsYG7N5s5P8UrPfkVo0,P.S.H. Philip Seymour Hoffman,['The 30 Year Men'],256000,2014,False,,0.526,0.922,0.0354,0.5479999999999999,138.028
7j8FJJLWXPOysB4A2TeW7p,Always Here to Stay,['The 30 Year Men'],298267,2014,False,,0.48700000000000004,0.9129999999999999,0.00316,0.45299999999999996,146.849
2xRQoTRMxO6K25eh1hrAAb,"3 Songs, Op. 3 (text by P.B. Shelley): 3 Songs, Op. 3: No. 1. Love's Philosophy",['Arleen Auger'],88000,2000,False,,0.315,0.14400000000000002,0.978,0.28,170.503
0y7ntp6ULqZgOgBXUlENxs,2096,['MOEZART 3RDEYE'],259264,2016,False,,0.5479999999999999,0.735,0.00107,0.247,179.92
2LNQmnZoBTaEGNjCwsXtMx,Pass the Ganja (feat. Trebor The Firebreather),"['MOEZART 3RDEYE', 'Trebor the Firebreather']",301358,2016,True,,0.861,0.539,0.00247,0.7340000000000001,76.512
5ZaRQWE86L2qc5SiMf8ax6,So Much On My Mind,['MOEZART 3RDEYE'],224434,2016,False,,0.877,0.664,0.0434,0.503,119.92399999999999
5xnQLOOS364HvtYyFNBApR,Frenemies (feat. Trebor The Firebreather),"['MOEZART 3RDEYE', 'Trebor the Firebreather']",226001,2016,False,,0.731,0.7120000000000001,0.0103,0.563,168.049
1z8umoAct0JfrLTkJQylYW,Yeah,['MOEZART 3RDEYE'],268317,2016,False,,0.7959999999999999,0.581,0.0264,0.114,121.984
0FiwGc7Bt3GldQgvFHhNDS,Swag so Mean (feat. Trebor The Firebreather),"['MOEZART 3RDEYE', 'Trebor the Firebreather']",191694,2016,False,,0.59,0.72,0.0352,0.433,80.354
2quY8QSLetFptgGN7CsV3G,The New West Coast,['MOEZART 3RDEYE'],259875,2016,False,,0.7070000000000001,0.7,0.0104,0.414,168.03599999999997
2ZUc0zUoIlfnRU6MRHlE2C,Outlaw (feat. Trebor The Firebreather),"['MOEZART 3RDEYE', 'Trebor the Firebreather']",276961,2016,False,,0.508,0.8109999999999999,0.0188,0.682,171.898
24wOVXWfr0diphnGN5uJnH,Imagine,['MOEZART 3RDEYE'],234824,2016,True,,0.484,0.6629999999999999,0.0914,0.675,79.835
4HY8wFUI7lyvuTzNT1QNFp,"The Round Table (feat. Trebor The Firebreather, Natascha Forté)","['MOEZART 3RDEYE', 'Trebor the Firebreather', 'Natascha Forté']",215034,2016,False,,0.787,0.588,0.10400000000000001,0.509,90.044
1GudoqiggJDmOXpDKGLUPO,Fallen,['MOEZART 3RDEYE'],220328,2016,True,,0.8590000000000001,0.643,0.077,0.385,122.005
1Sdv9xDtniq4OxUsrpBYfq,Supernova,['MOEZART 3RDEYE'],264348,2016,True,,0.848,0.7709999999999999,0.212,0.341,137.982
64rrzfCB2GqWtIWTDUhFlg,Halloween,['MOEZART 3RDEYE'],256000,2016,True,,0.7040000000000001,0.78,0.22699999999999998,0.509,120.00399999999999
0d6NXMKfFLg1mAObUH5uPY,Your Love Will Never End,['3 Winans Brothers'],247259,2014,False,,0.557,0.478,0.20600000000000002,0.243,58.05
2ydshK73GT9AGZWzhloveh,If God Be For Us,['3 Winans Brothers'],286693,2014,False,,0.496,0.452,0.349,0.205,104.816
7i2P84BLhWWFwDRH5wOz6B,I'm Not Ashamed,['3 Winans Brothers'],230710,2014,False,,0.812,0.638,0.0393,0.6970000000000001,121.984
4HFP1SipGSRAaLRCk1wNcs,I Choose You,['3 Winans Brothers'],318130,2014,False,,0.568,0.528,0.0805,0.087,150.054
30ezxRcJ34nQKfNB46Tsiz,Foreign Land,['3 Winans Brothers'],248662,2014,False,,0.792,0.48200000000000004,0.23199999999999998,0.457,132.004
4zlcLHjg2M1BUMwQ1W4c5y,Move In Me,['3 Winans Brothers'],263141,2014,False,,0.782,0.8029999999999999,0.0142,0.353,103.025
2jQ9NjEJ606Da4YjtKcM4o,I Really Miss You,['3 Winans Brothers'],247223,2014,False,,0.574,0.467,0.162,0.127,106.973
6WUI5xPTiB0JMCOpIYm4VQ,Little Bit,['3 Winans Brothers'],246332,2014,False,,0.752,0.528,0.0233,0.8190000000000001,138.994
1iFY74WMa56UDWgA0q9Kyt,Please Don't Go,['3 Winans Brothers'],298889,2014,False,,0.6459999999999999,0.6709999999999999,0.135,0.6990000000000001,82.99799999999998
2yH9sdAJ0yvQqw9RwYHTYR,Just Between Me And You,['3 Winans Brothers'],255522,2014,False,,0.513,0.40700000000000003,0.644,0.14300000000000002,132.276
7HYFXSaPwuRHNkyNXsFs51,Negative 2 Positive,['3 Winans Brothers'],238480,2014,False,,0.425,0.457,0.622,0.342,131.96
1wF8SGuZVNDmBnsCWCvr5f,Dance,['3 Winans Brothers'],270283,2014,False,,0.743,0.434,0.0177,0.535,172.081
1qQJMlbNW4fuboCctwpLS2,Move In Me (Warryn Campbell Remix),['3 Winans Brothers'],222744,2014,False,,0.741,0.904,0.0236,0.6709999999999999,115.975
1c2oYPFni5vth1v9M7fYZb,3 de Abril,['Anuel AA'],224286,2020,True,,0.511,0.596,0.765,0.48100000000000004,171.858
0WGC12jYj547bgcN9qRPUd,The Intro,['MOEZART 3RDEYE'],40883,2016,True,,0.578,0.8420000000000001,0.268,0.37799999999999995,131.571
2YTk4yauzhDJEfd4uCvOTI,One 2 Many Mc's,['MOEZART 3RDEYE'],261000,2016,True,,0.7829999999999999,0.843,0.0608,0.267,105.027
40KOD1pd1YVFIhHC2gCVR1,Culture Vultures,['MOEZART 3RDEYE'],264179,2016,True,,0.622,0.8909999999999999,0.0146,0.649,159.989
5J6XbYlYBzrwjuYBb1bgSa,Let's Get Loaded,['MOEZART 3RDEYE'],260129,2016,True,,0.701,0.87,0.115,0.713,145.947
7IwEf30zoqlTZsg8J47t01,The Introduction,['MOEZART 3RDEYE'],272941,2016,True,,0.5329999999999999,0.7879999999999999,0.5710000000000001,0.495,83.594
2aLqSmwtha9yp6Tniwlp03,Pleas Don't Go,['MOEZART 3RDEYE'],223722,2016,True,,0.7929999999999999,0.909,0.308,0.5770000000000001,123.12799999999999
73xfclyRekXFa6Ak45qjMS,Shady Exec's (Interlude),['MOEZART 3RDEYE'],35056,2016,True,,0.66,0.8140000000000001,0.293,0.961,148.065
4sqAOdWI53xZULPzsUQEVe,Soul Controller,['MOEZART 3RDEYE'],220896,2016,True,,0.4270000000000001,0.8909999999999999,0.0927,0.6609999999999999,175.388
4N3jg7N4ngwaDQlsOwtos1,The Hustle,['MOEZART 3RDEYE'],260387,2016,True,,0.784,0.799,0.00579,0.387,82.01700000000002
1kig9xskkPJwSswyZ4hH5Q,Put a Spell On You,['MOEZART 3RDEYE'],226765,2016,False,,0.8859999999999999,0.888,0.268,0.815,118.155
7eiy3tJkiDrp4jia4rJHUl,Cruisin Down the Street,['MOEZART 3RDEYE'],245472,2016,True,,0.523,0.79,0.0433,0.759,169.99400000000003
1QfnJYDktJSp0qwCUdfuqK,The Black Oscars (Interlude),['MOEZART 3RDEYE'],55222,2016,True,,0.503,0.6859999999999999,0.282,0.8290000000000001,129.357
6ZzqwLvTP6zeF2EBBOIB0c,Why Does It Seem so Cold,['MOEZART 3RDEYE'],264022,2016,True,,0.6629999999999999,0.919,0.0938,0.35,149.636
1oPo9dpzkmkPF3DkVp6HVj,Moez Luchiano,['MOEZART 3RDEYE'],262899,2016,True,,0.433,0.868,0.106,0.6459999999999999,150.077
3wNla7pWeiiIIHm2zQYcPG,Get It Together,['MOEZART 3RDEYE'],263523,2016,True,,0.77,0.853,0.193,0.7509999999999999,142.091
3PPx1BjKxyxj2y9ZITxXGs,Beautiful Things,['3Ds'],212160,2004,False,,0.469,0.718,0.00161,0.596,110.62799999999999
4zCBSIHmByTilvwobo3jEU,3 Chords of Something,['Freehand'],285293,1988,False,,0.369,0.544,0.175,0.611,112.21600000000001
7xVbRNW6yXSUiqST6rma9U,Down,['311'],170973,2014,False,,0.423,0.945,9.04e-05,0.584,175.195
0NTs96jeKN0YCKOb3tyGZl,Big Shot,['3rd Force'],264280,2016,False,,0.721,0.868,0.11199999999999999,0.882,99.99799999999999
3bhtzKM37dHJYIamePqGVP,Breakout,['3rd Force'],278213,2016,False,,0.6829999999999999,0.7959999999999999,0.254,0.838,98.00399999999999
58OCiuczlm4WMh5xb7BEDR,Carry On,['3rd Force'],279920,2016,False,,0.485,0.48100000000000004,0.682,0.179,74.935
3wJbx4jcfnKXjtigENLfXV,Compassion Passion,['3rd Force'],266707,2016,False,,0.647,0.8109999999999999,0.424,0.588,80.04
1Nsb4ylRi5qy79qAhgOXsq,Day into Night,['3rd Force'],250000,2016,False,,0.513,0.537,0.629,0.13,157.965
5Ycgu1842z8tDt6pEuJXwk,Follow Me Home,['3rd Force'],326573,2016,False,,0.677,0.55,0.41200000000000003,0.368,115.992
0XbpuX03gBegi900qDXTQj,Out of the Storm,['3rd Force'],300907,2016,False,,0.6809999999999999,0.831,0.45799999999999996,0.28,101.999
5IdgJJ2zJ1qKRGkslo6kJA,Shadow of Love,['3rd Force'],295640,2016,False,,0.643,0.48200000000000004,0.37799999999999995,0.0619,119.993
1kht9VTxSLWvwO4vzahESu,You Are the One,['3rd Force'],292533,2016,False,,0.6729999999999999,0.698,0.182,0.7659999999999999,95.01100000000001
33Q0ImAU9wnIZmhEWe4UuX,We'll Be Together,['3rd Force'],267400,2016,False,,0.732,0.8909999999999999,0.0118,0.852,114.995
5t5lT5j7VwIXrYHO6aPhmb,3 Minuten um die Welt zu retten - Live,['Seer'],214493,2014,False,,0.428,0.963,0.00496,0.3,140.096
462Gn5aIbAFpn2acXZ0a67,Don't Tread On Me,['311'],186893,2005,False,,0.5760000000000001,0.9179999999999999,4.24e-05,0.675,176.53799999999995
6T1l2X3WlaJZuxkB1RIbgy,Thank Your Lucky Stars,['311'],204733,2005,False,,0.593,0.7859999999999999,0.000343,0.8220000000000001,170.43900000000005
1nMqn3b6vOK97IXJWZugJd,Frolic Room,['311'],214827,2005,False,,0.556,0.8320000000000001,0.00137,0.765,182.59900000000002
69lHxfx9zykMoHFBp7b22x,Speak Easy,['311'],206747,2005,False,,0.624,0.867,0.0174,0.591,174.60299999999995
0GhMCyLLEvHjXI7mnKtJCX,Solar Flare,['311'],191787,2005,False,,0.653,0.805,0.000221,0.469,116.31
7aaMiI0EBJQhpMq9NzIgyn,Waiting,['311'],197293,2005,False,,0.804,0.7879999999999999,0.0241,0.885,90.197
0JdJWiT7K7HWduVLEhOPL0,Long For The Flowers,['311'],169413,2005,False,,0.5329999999999999,0.847,0.000309,0.713,170.53400000000005
5sZK6FR6DrLiUFM2FTYoPP,Getting Through To Her,['311'],204613,2005,False,,0.5479999999999999,0.84,0.00125,0.5870000000000001,161.19899999999996
5jR0pZmYSpiW6n6bgyW9UE,Whiskey And Wine,['311'],178147,2005,False,,0.621,0.746,0.00107,0.767,144.648
0t2x55n0luPr3rflHQfFSq,It's Getting OK Now,['311'],184853,2005,False,,0.39299999999999996,0.978,1.63e-05,0.45,168.39
5bIUpisDTLcG6QMiU0Nv3l,There's Always An Excuse,['311'],307347,2005,False,,0.624,0.8079999999999999,0.00292,0.473,138.39
5vvGeQcdWI6dwWloJ4aEwC,Buddah Baby Intro,['Mr. 3-2'],142200,1996,True,,0.765,0.61,0.0269,0.5579999999999999,122.935
4nqZzPfkeLG1Ly5JzbpP5F,Comin Down,"['Mr. 3-2', 'Sonia Moore']",240267,1996,True,,0.75,0.696,0.107,0.524,91.904
21VYDdOzdONsRrXaGqgqcP,Dressed 2 Kill,['Mr. 3-2'],303627,1996,True,,0.754,0.637,0.14800000000000002,0.436,151.844
3FG7IpPz3DUIx4ePUdtYGR,My Sweet Trick,['Mr. 3-2'],340933,1996,True,,0.747,0.49,0.425,0.691,73.852
5jLOx1ZKtjMmXGzycal90H,Them Against Me,['Mr. 3-2'],288867,1996,True,,0.785,0.586,0.0884,0.44799999999999995,93.863
2Oz4Cxh9I8m6kAMeH9s6WC,Welcome to the Slab,['Mr. 3-2'],220640,1996,True,,0.46,0.613,0.239,0.29,82.012
23803vgOpzLwhJe6qkPNZQ,Turning Lane,"['Mr. 3-2', 'Southside Playaz', 'Mike D', 'Fat Pat']",246667,1996,True,,0.6990000000000001,0.602,0.0535,0.534,92.12299999999999
77oTC2WzeQTnIDir7sHKBt,Kickin Flowz,['Mr. 3-2'],233200,1996,True,,0.8440000000000001,0.455,0.331,0.381,139.996
34pc5ij9MYT7oB6IHRx7pB,Hit the Highway,"['Mr. 3-2', 'Too $hort', '8Ball', 'MJG']",342600,1996,True,,0.647,0.529,0.18100000000000002,0.547,76.493
09PwnstOYOWtqXc1VBbLZ5,You Wanna Ride,"['Mr. 3-2', 'UGK', 'Pimp C', 'Bun B']",278627,1996,True,,0.643,0.61,0.0447,0.375,79.98899999999998
6sADyMoR6uVbegMb8SLk15,Buddah Nature - Remix,['Mr. 3-2'],248973,1996,True,,0.77,0.713,0.0946,0.696,89.573
3svUerccNvLOzWuPtrq8gO,Buddah Baby Outro,['Mr. 3-2'],391293,1996,True,,0.6890000000000001,0.632,0.0144,0.628,130.042
74YYa7Tpkasz21nlE4g7k3,Governor's Inauguration - Intro,['Mr. 3-2'],214693,2001,False,,0.684,0.732,0.00605,0.672,81.98299999999998
0xcUMi9FTY5Pay4tcSpOFa,Don't Play,"['Mr. 3-2', 'RZE', 'H.A.W.K.']",251733,2001,False,,0.789,0.872,0.001,0.556,83.006
01cVU9Ut8NS0XcauUruCC6,Face 2 Face,['Mr. 3-2'],261067,2001,False,,0.88,0.866,0.0178,0.805,160.351
2JCMnKnyGCN7VNd2PFiDuR,G.O.V.,['Mr. 3-2'],251667,2001,False,,0.917,0.8859999999999999,0.0299,0.643,92.016
1wd4xs8Kzi17ntYbtosaBi,$2 Gangster - Skit,['Mr. 3-2'],61747,2001,False,,0.703,0.16699999999999998,0.935,0.787,133.361
1k5gWZZTnXxRBjH6dhaTLM,Mafia Convention,['Mr. 3-2'],229253,2001,False,,0.748,0.903,0.00038500000000000003,0.485,92.17200000000001
4G4aAafVPxC8jpRJSYy6Bp,It's Rough,['Mr. 3-2'],239907,2001,False,,0.833,0.6559999999999999,0.261,0.5770000000000001,168.778
0TcaroiFuySsbmZFIJTS9M,2 Hell And Back,['Mr. 3-2'],243960,2001,False,,0.8270000000000001,0.851,0.00793,0.848,89.234
02CiYGG3ip7a73ygyqwIPB,Fly Guy - Skit,['Mr. 3-2'],87307,2001,False,,0.653,0.10099999999999999,0.868,0.779,90.085
6RKK8ukM8R9MpTpobDXVPX,Millionaire Moves,"['Mr. 3-2', 'MC Breed', 'Big Steve']",364920,2001,False,,0.603,0.8190000000000001,0.00534,0.355,144.734
5ASFUWyF6V22QarVCMeY4O,Royalty,"['Mr. 3-2', 'Billy Bad Ass']",234413,2001,False,,0.742,0.919,0.0344,0.569,158.97299999999996
1800f1RJwsId1stsSAoSvd,Raunchy Hoe - Skit,['Mr. 3-2'],41013,2001,False,,0.632,0.195,0.9179999999999999,0.8290000000000001,81.084
0Lt8eAts5jF2FZRlrQ1jyP,Tonight's The Night,"['Mr. 3-2', 'Big T', 'H.A.W.K.']",248693,2001,False,,0.738,0.9009999999999999,0.0376,0.6809999999999999,101.167
75tP2LqPqtVr88paLVchcw,Stay Down,"['Mr. 3-2', 'Sincere']",287733,2001,False,,0.898,0.79,0.0026100000000000003,0.644,91.041
35KjjGx5FL0chZwzhi5VYG,Streets On Lock,"['Mr. 3-2', 'Mike D']",237880,2001,False,,0.785,0.868,0.0259,0.961,164.79
2FTCYqEmChkPbEuMYpza2h,Boss Of All Bosses,['Mr. 3-2'],237267,2001,False,,0.8140000000000001,0.8170000000000001,0.1,0.74,161.192
2WugnLeYx3a2zkvDfsjiER,Roach A N***a - Skit,['Mr. 3-2'],60440,2001,False,,0.665,0.22899999999999998,0.799,0.594,130.355
0eBPFECS7eu8EfLhNhGaep,Move Around,"['Mr. 3-2', 'D.Z.']",243293,2001,False,,0.777,0.9,0.00214,0.47700000000000004,177.688
5vpnIKEZPrqGmfXAjlgx29,My Daddy (R.I.P.),"['Mr. 3-2', 'Marilyn']",231920,2001,False,,0.6890000000000001,0.547,0.11,0.682,75.968
4JXCxILAhwajEnToAtCJfi,Governors State Of Address - Outro,['Mr. 3-2'],94507,2001,False,,0.762,0.544,0.196,0.611,159.887
5hd0Wm1LuAvo3msLCvqvA6,Down,['311'],170973,2004,False,,0.423,0.945,9.04e-05,0.584,175.195
3p6VOdsqF0GPnNFoBd0x88,Flowing,['311'],192333,2004,False,,0.5329999999999999,0.9520000000000001,0.003,0.195,125.98
2eXybTEWeIc8y4WMJQwL6l,All Mixed Up,['311'],182333,2004,True,,0.765,0.747,0.00395,0.675,92.28399999999999
51UtgWS4z1eMPuLQOzPtNH,Amber,['311'],211080,2004,False,,0.659,0.727,0.11900000000000001,0.748,166.16299999999995
7LG5qAX1r73gafhxvzu28K,Come Original,['311'],222360,2004,False,,0.654,0.976,0.0105,0.78,93.89399999999999
42xfNojkD14nnVltUJ2MRf,Beautiful Disaster,['311'],239933,2004,True,,0.5579999999999999,0.754,0.00022999999999999998,0.6609999999999999,168.021
5bS8yckaN26o92LOeC9CK0,Creatures (For a While),['311'],266333,2004,False,,0.515,0.907,0.0020399999999999997,0.7040000000000001,190.605
0zFzX35M0ZjMjWuemPiluU,Do You Right,['311'],261587,2004,False,,0.59,0.972,0.00131,0.609,110.00399999999999
5CTbNtv2J3SnCv2EtX0zvW,I'll Be Here Awhile,['311'],208880,2004,False,,0.637,0.877,0.00042199999999999996,0.8740000000000001,142.17600000000004
4uDyDNNm17tpD7YJhjQl97,You Wouldn't Believe,['311'],221280,2004,False,,0.485,0.927,0.0009599999999999999,0.509,167.653
7FDfctuSbCs5w5mJLjwLhL,Transistor,['311'],184120,2004,False,,0.485,0.792,0.0007769999999999999,0.7090000000000001,75.244
1EAyT437VxVnF4U2EI6Spe,Don't Stay Home,['311'],165147,2004,True,,0.628,0.885,0.00722,0.872,108.917
490Ondk1vbkXznOpqRlZOz,Homebrew,['311'],185947,2004,True,,0.6729999999999999,0.938,0.00827,0.509,101.012
6pqjhO9cDziDKLK0Oejaqz,Beyond the Gray Sky,['311'],257853,2004,False,,0.81,0.39399999999999996,0.00657,0.503,120.14299999999999
3mtukCAgd0mE260QcBfXAX,Love Song,['311'],211693,2004,False,,0.625,0.6859999999999999,0.0154,0.556,139.817
7knLXvyv3wYbSdFjmkOKUY,How Do You Feel?,['311'],183987,2004,False,,0.612,0.841,0.00010400000000000001,0.794,117.009
6FEzFxEbAj0y0FJjJUVWna,First Straw,['311'],179747,2004,False,,0.6990000000000001,0.621,0.00672,0.789,156.036
4sXXxNvZGT459t2Sd0X3so,Fate,['Rocket 3'],190533,2014,False,,0.5870000000000001,0.7170000000000001,0.0277,0.516,150.929
2LgiEIEtxz8i6huMMdix5m,Catch Me,['Rocket 3'],198853,2014,False,,0.669,0.545,0.00237,0.7609999999999999,148.069
28Psvfht5CYFrbYdtYSEk9,Good Enough,['Rocket 3'],218427,2014,False,,0.5479999999999999,0.7509999999999999,6.52e-05,0.643,168.041
4C8odB8HW7IYcoNHfT8D0Z,Submission,['Rocket 3'],203187,2014,False,,0.598,0.835,0.17600000000000002,0.509,124.99700000000001
45pEClpohztIllecWZOFNI,Never Again,['Rocket 3'],227413,2014,False,,0.48,0.593,0.275,0.498,160.047
1CxppiL60C7X52ckKkWteq,Ride,['Rocket 3'],200853,2014,False,,0.414,0.9079999999999999,0.0009550000000000001,0.659,82.986
6aTGtSGiR0C4cQc9ByAFiY,All Tomorrow's Parties,['Rocket 3'],295453,2014,False,,0.735,0.638,0.26,0.836,100.98200000000001
7wb9ejoRnQeGqqnRchqWzM,Jealous Girl,['Rocket 3'],207613,2014,False,,0.4370000000000001,0.9259999999999999,0.008,0.519,162.954
5LK1QGpmMe29olHbDkg7ww,I See,['Rocket 3'],191920,2014,False,,0.75,0.507,0.28600000000000003,0.623,100.008
22jncy6X6MrWdxDDDSfWcL,Begin Again,['Rocket 3'],189320,2014,False,,0.4270000000000001,0.687,0.0728,0.557,160.519
5LMlnLbNsJzwPQjWa5F1dM,We Believe,['Rocket 3'],227027,2014,False,,0.389,0.785,0.00591,0.799,75.641
2otlJ3nOiV6sgDQupZQtj1,Mountain Song,['Rocket 3'],158560,2014,False,,0.41200000000000003,0.121,0.878,0.242,114.08
3NeCz1owjXEdm0xJkIE0dR,Only Shallow,['Rocket 3'],258520,2014,False,,0.385,0.9129999999999999,0.00185,0.301,167.06099999999995
3yNFFGFciWRNpQc8ylo7ht,Ebb and Flow,['311'],204182,2014,False,,0.534,0.74,0.0122,0.759,184.97400000000002
0sZZiB9CcmiSaPtcJsGokM,Five of Everything,['311'],231819,2014,False,,0.642,0.815,0.0293,0.894,98.946
1HPgGWChZASqL1E0yleBon,Showdown,['311'],228026,2014,False,,0.6809999999999999,0.623,0.0169,0.397,120.075
2ojHq51ujgvNrm1HNVpYHG,Revelation of the Year,['311'],251519,2014,False,,0.6920000000000001,0.622,0.0578,0.9129999999999999,143.8
0FQQGI3dNlAy15fwxT8W2G,Sand Dollars,['311'],199056,2014,False,,0.655,0.602,0.0277,0.593,172.196
5Hzy3gAvtvjB1wV4YOH5n1,Boom Shanka,['311'],185207,2014,False,,0.728,0.92,0.0244,0.7759999999999999,104.95200000000001
6DwvhycpYe0wLDTrT3MoqL,Make It Rough,['311'],202207,2014,False,,0.7040000000000001,0.6779999999999999,0.0195,0.935,102.913
0qyzNudONhKgzgy5ghqI5o,The Great Divide,['311'],245874,2014,False,,0.6859999999999999,0.7859999999999999,0.0201,0.506,99.978
6OmB4CMbhV1N2lGrbjokPN,Friday Afternoon,['311'],252159,2014,False,,0.45899999999999996,0.447,0.0726,0.37799999999999995,108.95700000000001
1Sl1aytAoU2YxQ1O5lWY6I,Simple True,['311'],252879,2014,False,,0.672,0.8909999999999999,0.0122,0.638,106.00299999999999
0c0j4SKYG7lll38vbyEvSK,First Dimension,['311'],202519,2014,False,,0.435,0.927,0.0018,0.848,194.205
03yj7neapVahWtDk71yiCo,Made in the Shade,['311'],203426,2014,False,,0.741,0.809,0.203,0.0848,95.977
7083RIuldWYPYODDrs8NNU,Existential Hero,['311'],240826,2014,False,,0.55,0.835,0.00827,0.276,92.053
0i8gJ6EoJRfFSsBmK3axaG,The Call,['311'],207980,2014,False,,0.541,0.8590000000000001,0.00419,0.3720000000000001,112.104
1S4kOXeUfpQYzbOjs1irMI,Tranquility,['311'],228614,2014,False,,0.374,0.659,0.0394,0.146,81.95299999999997
18o332nzuxYtHwnj3id6qc,345,['Driveways'],217938,2016,True,,0.5489999999999999,0.951,0.00278,0.6409999999999999,147.998
7DMppzaXcq1fQp0fM3iM45,Повод,['Р3ЙМ4Н'],178186,2019,False,,0.789,0.7120000000000001,0.207,0.5329999999999999,165.967
2MKstYLr897JY2OOz4qF32,3,['Moths'],187493,2001,False,,0.769,0.521,0.0761,0.111,128.911
3URvxeUSzHSOKKSwuNoRCC,30 Century Man,['Tomten'],128000,2014,False,,0.491,0.433,0.6759999999999999,0.375,143.13
2AtBXRPCZhtIqSGF5ap33B,Anything,['3T'],321000,1995,False,,0.6859999999999999,0.45399999999999996,0.43,0.645,131.977
2zuCssTqURrEvORhDcvRct,24/7,['3T'],278667,1995,False,,0.684,0.504,0.0264,0.56,136.174
0gfqiSFDDJSZnmJv1EUbRO,Why (feat. Michael Jackson) - Duet with Michael Jackson,"['3T', 'Michael Jackson']",320333,1995,False,,0.637,0.39899999999999997,0.18899999999999997,0.14800000000000002,75.319
03b5E9kXzlk5rFlyaWvXlF,Gotta Be You (feat. Herbie),"['3T', 'Herbie']",213933,1995,False,,0.871,0.579,0.0135,0.7170000000000001,103.027
53bS6Dp4j1v0GUZ0lZduOK,With You,['3T'],299800,1995,False,,0.603,0.511,0.183,0.703,151.933
391XVnEMkOh3crD4nrRlBP,Sexual Attention,['3T'],249307,1995,False,,0.838,0.3720000000000001,0.0989,0.53,134.882
4NFDYOaUOFbmGVzHNSG45i,Memories,['3T'],272533,1995,False,,0.57,0.38299999999999995,0.336,0.32299999999999995,141.75
23QoOLhWKM7AdVgEWLGkKl,I Need You,['3T'],234667,1995,False,,0.5820000000000001,0.276,0.898,0.198,126.00299999999999
7zKuU7eG4XGmLmDzRstqx7,Give Me All Your Lovin',['3T'],247507,1995,False,,0.807,0.457,0.0187,0.649,102.88
74561A73B10x3gWTuvUgOB,Tease Me,['3T'],328427,1995,False,,0.624,0.40299999999999997,0.004229999999999999,0.325,131.72799999999998
0sI3cbldnq3xkAV5kfII6d,Words Without Meaning,['3T'],239600,1995,False,,0.516,0.195,0.768,0.193,152.44799999999995
493AZioH9lx6gXeFNktANR,Brotherhood (feat. Markie Dee),"['3T', 'Markie Dee']",310000,1995,False,,0.7859999999999999,0.455,0.0317,0.7440000000000001,90.022
0vJAuPu5by4AV3iaMlSYvd,3% [Solji Solo],['EXID'],217985,2016,False,,0.40700000000000003,0.561,0.614,0.349,90.302
1kFyS5QhrSe716M7HS0sT3,#31,['Chimney'],167408,2017,False,,0.544,0.71,0.0116,0.508,120.162
6zDhz8ks8YWOqsFiXpJX4x,3 Haiku,['Nerdkween'],298680,2008,False,,0.17,0.0546,0.847,0.0374,78.007
0KzdI9dGvmvCpejhcu8JX9,Stories,"['Cappadonna', '3rd Diglah', 'JoJo Pellegrino']",163601,2013,False,,0.6509999999999999,0.9079999999999999,0.126,0.715,83.866
0xV6gvqEI0oyR6trgo3k30,Оттенки Серого,['3110'],193539,2014,False,,0.645,0.8909999999999999,0.087,0.486,97.03200000000001
26RZ62n6wS2FrKPMzjhGko,Изнутри,['3110'],239391,2014,False,,0.349,0.86,0.000348,0.419,131.156
2mvgVCxdSAtxHDX1P2SmFo,Время,['3110'],247940,2014,False,,0.456,0.902,0.0393,0.218,149.409
2NeL5YGS3s3TCIIPN4lsKh,Нет Причин,['3110'],220470,2014,False,,0.632,0.862,0.00288,0.7140000000000001,99.99700000000001
1vOxZdMbAVouytxJE6Z1mj,Для Тебя,['3110'],185040,2014,False,,0.5820000000000001,0.919,0.000745,0.4270000000000001,105.94200000000001
0XDG9qIhXUXOteoLmSUUTk,Не Прощать,['3110'],278136,2014,False,,0.614,0.823,0.0205,0.297,139.97
5Yo1waEbYVljDxjhzQoeCN,Обоснование,['3110'],250167,2014,False,,0.606,0.902,0.000593,0.341,110.014
2D9u9VBjvJzjGD7fCHl77z,Fакты,['3110'],215160,2014,False,,0.659,0.9440000000000001,0.00536,0.723,105.021
6W5w0jOUKrqWMHO1RMXQAX,Призраки,['3110'],213765,2014,False,,0.57,0.625,0.0164,0.0987,144.855
4zFc1CHTTxgwggJQsDKL35,Сколько,['3110'],165846,2014,False,,0.613,0.7829999999999999,0.0267,0.49,89.96700000000001
35DBCBC3ZFj5LHhUFdla3O,Страха Нет,['3110'],289497,2014,False,,0.5920000000000001,0.785,0.00106,0.35200000000000004,94.979
5ZOvtNCcSL0LlgkT9ZVVZL,Голоса,['3110'],286770,2014,False,,0.6709999999999999,0.866,0.0172,0.127,110.014
3RSqxbU72xiZD7AfXqllG7,Mmn - feat. Benoît Pioulard,"['Future 3', 'Benoît Pioulard']",249707,2014,False,,0.445,0.61,0.6759999999999999,0.552,92.021
4ZNACBrslD9ftevEQ0gfgB,Revenant - feat. Benoît Pioulard,"['Future 3', 'Benoît Pioulard']",259573,2014,False,,0.253,0.715,0.9259999999999999,0.41,82.98200000000001
5zB24vzcMZPhkoDd6Te973,Signature - feat. Anja T. Lahrmann,"['Future 3', 'Anja T. Lahrmann']",244907,2014,False,,0.517,0.593,0.782,0.125,99.993
3Q7LnN70NuS7TrSBzK5vWn,Roller Coasters - feat. Anja T. Lahrmann,"['Future 3', 'Anja T. Lahrmann']",190573,2014,False,,0.428,0.67,0.10800000000000001,0.504,180.106
4ODQaEvCYFVEJXDT8566mm,Seen - feat. Anja T. Lahrmann,"['Future 3', 'Anja T. Lahrmann']",234213,2014,False,,0.433,0.568,0.8009999999999999,0.0381,119.986
1SV3Kd9AccTcMO69H2JRMe,Fair,['Future 3'],114867,2014,False,,0.31,0.42100000000000004,0.583,0.106,121.022
66W4XAdKUwUMy2GWiaYR5t,August,['Future 3'],188867,2014,False,,0.58,0.862,0.529,0.3720000000000001,137.999
3TlpdJFyXvI3kbExoUIeEz,O/A,['Future 3'],222800,2014,False,,0.514,0.583,0.8190000000000001,0.5920000000000001,188.037
6T6KgQFHamuothL7hZsBzb,Camphor,['Future 3'],170760,2014,False,,0.701,0.7090000000000001,0.87,0.555,129.97
0gmVAOq971Z58rVi60d37B,Trmbns,['Future 3'],201040,2014,False,,0.725,0.816,0.423,0.11199999999999999,109.991
30iZi213MbGJuvJNQQlYdl,Return,['Future 3'],153173,2014,False,,0.264,0.44,0.96,0.0336,94.05
41sUQTuz9DU50GW7oUZZS7,Figure,['Future 3'],346400,2014,False,,0.161,0.623,0.47700000000000004,0.0388,96.975
1WjDZRejK3UaxOM4lhruDn,Intro,"['MOEZART 3RDEYE', 'Chateau One']",45779,2017,True,,0.594,0.40700000000000003,0.818,0.6890000000000001,139.939
4Cvsf71fBRims2FVmGcgRH,513 to the 818,['MOEZART 3RDEYE'],236777,2017,True,,0.8009999999999999,0.9440000000000001,0.141,0.765,88.899
6tcJ4xr8VH7EUGBrs22Wt1,Everywhere We Go,['MOEZART 3RDEYE'],167881,2017,True,,0.69,0.747,0.0357,0.675,172.166
7xSY4NsNr3TBMK4WQfLhG8,Ha Ha Ha Ha,['MOEZART 3RDEYE'],248173,2017,True,,0.672,0.937,0.136,0.52,83.896
2QnQNMNJmgeVXWkywrYUaJ,High Noon,['MOEZART 3RDEYE'],215371,2017,True,,0.818,0.9,0.0836,0.8690000000000001,144.005
2UCszIZs59Q4jUuodQFewV,Mighty as a Lion,['MOEZART 3RDEYE'],235938,2017,True,,0.7070000000000001,0.878,0.0752,0.455,80.968
0BbqM5dndtrHmWbmdq0zjM,Mr. International,['MOEZART 3RDEYE'],259740,2017,True,,0.513,0.885,0.0324,0.561,161.739
7jcLuOkNt4JStnw6PeUJNu,My Life My Love,['MOEZART 3RDEYE'],251617,2017,True,,0.624,0.7709999999999999,0.121,0.897,161.789
2nLv11vqxmggoJMNLrQXvr,Moezart's the Name,['MOEZART 3RDEYE'],281113,2017,True,,0.505,0.7979999999999999,0.009290000000000001,0.61,79.719
6mFy0aWph96FIavO9MbKbo,Skidrow,['MOEZART 3RDEYE'],271961,2017,True,,0.522,0.853,0.364,0.46799999999999997,88.619
4J4Da3CBde2twEJWcHPeYG,Round We Go,['MOEZART 3RDEYE'],243327,2017,True,,0.7490000000000001,0.873,0.0409,0.22899999999999998,91.041
2J2EdedsfCp99NwF31CdAL,The 40 Year Old Rapper,['MOEZART 3RDEYE'],276649,2017,True,,0.59,0.871,0.054000000000000006,0.5,97.39200000000001
6cYPWtg5XYx2HfggzEYqtu,The Wake up Call (Interlude),"['MOEZART 3RDEYE', 'Chateau One']",40069,2017,True,,0.526,0.44299999999999995,0.97,0.894,146.263
7qs8rl5vTqpkbZWwPB0ANP,The Way Life Goes,['MOEZART 3RDEYE'],231177,2017,True,,0.677,0.8959999999999999,0.14400000000000002,0.7070000000000001,84.14399999999998
5b6vOVk3qAi7doDo9A1YDu,What's the World Coming 2,['MOEZART 3RDEYE'],276571,2017,True,,0.48200000000000004,0.897,0.0699,0.551,109.289
7doArtnGqLxt8KnngqjyTZ,You Don't Know Me,['MOEZART 3RDEYE'],264148,2017,True,,0.525,0.755,0.0064,0.225,82.242
7pSNE23IPM2Hv0FZeBbXw1,Outro,['MOEZART 3RDEYE'],53873,2017,False,,0.611,0.488,0.45299999999999996,0.629,84.314
18fQTWrTpoaIV199BAOV2R,.38 Airweight,['Doomtree'],250107,2015,True,,0.653,0.6859999999999999,0.0834,0.34299999999999997,75.062
1OSVYKyXxSEInXy7V3D9Qw,Crucify Me,['3 Kisses'],261981,2017,False,,0.5720000000000001,0.878,0.0536,0.637,129.938
0vLKYT9Ue5HqJ42Wx2F2Zl,Goodbye Home,['3 Kisses'],240140,2017,False,,0.514,0.937,0.332,0.20199999999999999,99.95100000000001
4FDnIPZuM32I9TndZQmEdW,Dead Man's Hand,['3 Kisses'],176983,2017,False,,0.593,0.945,0.233,0.466,109.819
5ZL4wtd9AMg0Ii4nh4HuTf,Savior,['3 Kisses'],261282,2017,False,,0.34600000000000003,0.937,0.18100000000000002,0.522,179.96200000000005
4wBEtJguCfdDlb0VRxenM0,Here Forever After,['3 Kisses'],338571,2017,False,,0.525,0.812,0.125,0.5579999999999999,140.02
59EPjJJBbaFMVR5QJfrU6p,Kill Shack,['3 Kisses'],183562,2017,False,,0.589,0.818,0.154,0.754,139.991
4lZMXCF5ByjfFXnZn4RMzZ,Stay,['3 Kisses'],226154,2017,False,,0.431,0.8240000000000001,0.0532,0.5770000000000001,129.981
7ofl8tXfk7dOKi08MwSZtC,Green Light Go,['3 Kisses'],206140,2017,False,,0.5579999999999999,0.845,0.22,0.762,170.079
2P5zy1KExbxukrDfjH76cn,Fool's Gold,['3 Kisses'],308053,2017,False,,0.626,0.8759999999999999,0.33899999999999997,0.26,94.925
2TwO1gZjjgqWojCjysdFcP,Deny Me,['3 Kisses'],250890,2017,False,,0.4270000000000001,0.8809999999999999,0.0694,0.522,150.086
5VVhL9DcdaPBbOj6jXxZZA,Victory of Defeat,['3 Kisses'],205938,2017,False,,0.555,0.945,0.132,0.32899999999999996,90.064
2vk0grKXMErDpdVlfNBzod,3000 Flowers,['Destroyer'],226507,2006,False,,0.34600000000000003,0.935,0.00185,0.344,129.262
4efcXkKClnyQiM79QzL8yT,Lovesick Ending,['3 Kisses'],217311,2016,False,,0.413,0.966,0.147,0.6779999999999999,159.836
6Dp0QHjyFLmjZ8872rdDus,Angels Bleed Black,['3 Kisses'],254357,2016,False,,0.424,0.879,0.0481,0.5710000000000001,140.045
7eXosAYsTdo1U8Wqz1Sy9F,Bow to the Tyrant,['3 Kisses'],213927,2016,False,,0.568,0.941,0.136,0.691,125.98899999999999
29d52GL3LKXiF9Oi6KmUBs,Better off Gone,['3 Kisses'],220868,2016,False,,0.486,0.7959999999999999,0.14,0.473,99.523
1oNbU3JsyGx15OGR11JQqp,Shot Down 1000 Chances,['3 Kisses'],200852,2016,False,,0.423,0.879,0.23800000000000002,0.8809999999999999,163.168
2L0Ca4eiHrhzyh9lyyvtU4,Fired Up,['3 Kisses'],190453,2016,False,,0.597,0.925,0.3720000000000001,0.665,129.99200000000002
2dD1ckqgfol1EGtHYcmbUC,Open up Your Mind,['3 Kisses'],265798,2016,False,,0.389,0.929,0.131,0.852,178.96900000000005
3GO9gtTymsitAZWD0ThAt4,Throw It All Away,['3 Kisses'],316530,2016,False,,0.42,0.937,0.19,0.34600000000000003,151.59799999999996
0KVpY1dlfxGx1qv8LZxT5I,Crush Your Heart,['3 Kisses'],218400,2016,False,,0.44299999999999995,0.892,0.13699999999999998,0.85,150.055
5UGTg87czbM9KeCJcQ91sZ,Welcome to Hell,['3 Kisses'],289281,2016,False,,0.602,0.899,0.155,0.542,120.09200000000001
70Xtlq1Q6WuBGyzMiYcWzQ,3xDope (Instrumental),['Flip'],224681,2015,False,,0.6709999999999999,0.812,0.0309,0.735,93.991
7AZLKVXNGkhp3RPPLxjoO7,#34,['Teodasia'],317931,2016,False,,0.32799999999999996,0.907,0.0031,0.34299999999999997,125.971
4vwdD5NIqa9udRFdkusESQ,#35,['Neptune'],107787,2011,False,,0.23199999999999998,0.000279,0.971,0.0334,65.32600000000001
3FvqwcAE4nViMXwRsCt0EQ,#36,['Neptune'],196053,2011,False,,0.575,0.289,0.505,0.135,144.77200000000005
754pZtJspitd1cUBBUqAiT,#37,['Neptune'],83800,2011,False,,0.605,0.516,0.8859999999999999,0.0358,122.676
6yEArefEouvR9hOt1YoslI,Cats in the Cradle,['3rd Bass'],250347,2007,True,,0.835,0.375,0.0365,0.384,96.322
3QARXUGCIWUZlNauALS7X5,Out to Bat,['3rd Bass'],339707,2007,True,,0.927,0.447,0.17,0.895,96.98100000000001
77ZDGcsQBeYzKlUaVeS0yM,Commute,['3rd Bass'],240053,2007,True,,0.596,0.6459999999999999,0.062,0.585,85.84299999999998
6Vyga4ne5Zj0iZapv2gWnb,3 Less Problems,['KillRadio'],217400,2008,True,,0.331,0.95,0.00144,0.368,177.959
3mEldAadm2Ib4UoPobsbWp,Soy un Animal,['La-33'],312685,2016,False,,0.7440000000000001,0.6629999999999999,0.684,0.86,128.856
3kbUCOzJRp87e4w8dAWqGf,Caliente,['La-33'],250025,2016,False,,0.486,0.667,0.76,0.6940000000000001,167.421
5e88eKXPNt0FooODwax30s,Buscando Alcanzarte,['La-33'],260275,2016,False,,0.823,0.6459999999999999,0.7,0.9059999999999999,130.738
2TvXEmAg9M7XbEMoYgfORy,Fire,['La-33'],142993,2016,False,,0.467,0.8009999999999999,0.7559999999999999,0.718,168.449
6RokLkT0I4mGtiP0aDPLYn,Calambre,['La-33'],302607,2016,False,,0.6709999999999999,0.738,0.787,0.81,96.559
1BCS8X27QeSLHEOFQ9HtbK,Cosa Buena,['La-33'],247028,2016,False,,0.76,0.574,0.745,0.932,122.069
6dKKMBGUOdzxTCjURiOv6G,The Man Who Came from Later,['32crash'],174573,2011,False,,0.373,0.961,0.000125,0.5710000000000001,179.97400000000005
3K2ezNzxknyLzM53kUK29N,Swamp Thing,['Section 31'],138707,2003,False,,0.249,0.379,0.067,0.0331,97.9
2S6PcY3oTTUbyLMiaYrEDY,George Clinton,['Section 31'],278213,2003,False,,0.605,0.83,0.145,0.843,108.146
0gzEPQg1xkhW8y7RgSVnbr,Sports,['Section 31'],285027,2003,False,,0.546,0.474,0.105,0.354,138.938
6b08u5feW7rgJFeSC4p2Hl,Astrometrix,['Section 31'],439293,2003,False,,0.506,0.371,0.534,0.337,133.77
3lx9HI4zl4LpSsvuR0bIlP,Tosca,['Section 31'],170493,2003,False,,0.486,0.546,0.115,0.5,158.755
62ix8K9yZliljLVxYspARS,Duke,['Section 31'],262200,2003,False,,0.34600000000000003,0.8390000000000001,0.0135,0.385,83.27
4k7Wymlg8fcGMrzoiHvVvd,Time Traveler,['Section 31'],222053,2003,False,,0.45899999999999996,0.6679999999999999,0.14400000000000002,0.622,169.57299999999995
0sYCeGitTZjVLF4hAoGwrm,D Bop,['Section 31'],424413,2003,False,,0.672,0.606,0.223,0.731,114.555
2qEXcTsjwnc4SPJyhJyE81,3:30 (No Hook Pt. 1),['Selldretti'],229333,2017,True,,0.509,0.813,0.162,0.428,91.67200000000001
0nTTas6T21lzBG2oNtCHQu,Tengo La Llave De Tu Corazon,['3 Two Get Funkie'],177888,2003,False,,0.804,0.856,0.0274,0.428,95.01100000000001
1DxPA6JwajbO5HEVwEVedV,Tengo La Llave De Tu Corazon - R&B Version,['3 Two Get Funkie'],180512,2003,False,,0.632,0.56,0.0538,0.639,94.786
42do9ZhQggdesWsf7fwSG8,Black Soma,['36'],314027,2017,False,,0.155,0.226,0.851,0.032,85.512
282Q6s6NbWQmmUt4Uk5eL2,Black Sustain,['36'],348717,2017,False,,0.0637,0.405,0.435,0.0328,73.665
6NAYQkjLNK49lOY3xM4Svg,Black Halcyon,['36'],428251,2017,False,,0.0866,0.282,0.7879999999999999,0.032,86.29299999999998
7lCCf2ThjBEXSklrzPPQzc,Black Sun,['36'],340329,2017,False,,0.159,0.14300000000000002,0.8190000000000001,0.034,70.392
7hhDrvRZ1zVPl1kIi2wUVX,Black Shore,['36'],140411,2017,False,,0.188,0.14400000000000002,0.9259999999999999,0.0356,83.26799999999999
0mPQ8kckxqI7Cd6mPXuFN5,Black Future,['36'],376976,2017,False,,0.18600000000000005,0.26,0.8540000000000001,0.0365,135.05200000000002
4HBHfGualnLYbnmEhA3tEN,Black Sleep,['36'],413687,2017,False,,0.136,0.275,0.87,0.0349,142.345
3XU04kB5ARveOY4rkATQjQ,Black Cascade,['36'],436804,2017,False,,0.15,0.39399999999999996,0.00186,0.0353,136.017
5Y8iKPRM0yPj6U2hJ9SNdc,My Mistake,['3 Parts Dead'],269268,2016,False,,0.35200000000000004,0.9059999999999999,0.000121,0.4370000000000001,168.00099999999995
2N5QTOtkvydbT1ADQTOCXI,Summer of Sam,['3 Parts Dead'],192531,2016,False,,0.423,0.9590000000000001,1.32e-05,0.584,96.85
3BToBrAqWtuq1AfM2Isqtq,The Mirror,['3 Parts Dead'],262979,2016,False,,0.312,0.972,1.82e-05,0.336,144.33
6uhnwezIRE17o1cbqueWpF,Hey Seuss,['3Ds'],142333,1993,False,,0.303,0.865,2.23e-06,0.6409999999999999,157.847
1QDdCs2DZRl5cDF1lw5sCB,Philadelphia Rising,['3Ds'],290040,1993,False,,0.32899999999999996,0.855,0.00023700000000000001,0.33,113.743
6XupLViTEFsdcdlwViWLz9,Cash None,['3Ds'],188533,1993,False,,0.523,0.428,0.00029,0.21899999999999997,117.193
6MAzyE9tfSH2ywUL99Ti8V,The Golden Grove,['3Ds'],165800,1993,False,,0.43,0.491,4.120000000000001e-05,0.6629999999999999,123.36
7yPoaBQoI0PEaovHKumvmw,The Venus Trail,['3Ds'],132200,1993,False,,0.392,0.884,4.7499999999999996e-05,0.544,155.852
4zNciwldOtNhptbYZkCLqF,Beautiful Things,['3Ds'],216667,1993,False,,0.491,0.4920000000000001,0.0018,0.647,110.619
0WYJp0eoOLu7H5e6tmbr9e,Man On The Verge Of A Nervous Breakdown,['3Ds'],247493,1993,False,,0.195,0.6729999999999999,1.39e-05,0.298,93.71700000000001
5iOtQt845k1uZGB124kf1L,Jane Air,['3Ds'],188040,1993,False,,0.138,0.915,5.67e-06,0.336,163.17700000000005
1VVrjCzPQ59I8jJGl0syu3,The Young And The Restless,['3Ds'],198827,1993,False,,0.361,0.498,1.34e-06,0.649,124.45700000000001
0BTY297HSV7pI56XUCdHVG,Summer Stone,['3Ds'],160267,1993,False,,0.363,0.904,4e-06,0.7879999999999999,141.024
5A9ETPGXYlj6mQOi4yyPQv,Ice,['3Ds'],365867,1993,False,,0.21600000000000005,0.7340000000000001,6.05e-05,0.253,104.68299999999999
3ENpecYWrIeHduU50JNLz1,Spooky,['3Ds'],294067,1993,False,,0.583,0.157,0.746,0.32,111.179
2J0GW7cH2uEP2mOmppYXcb,La Llave de Tu Corazon,['3-2 Get Funky'],177720,2019,False,,0.795,0.867,0.0265,0.45399999999999996,95.02
6hLq9uQccEh13ZWI2aUKdB,36 Beers and a Ball of String,['Eyehategod'],96320,2010,False,,0.16,0.5379999999999999,0.0609,0.0956,155.024
0PQz4aPribRRoQ3gKKNcRi,3 Directors,['Metroland'],316560,2015,False,,0.6859999999999999,0.9159999999999999,0.027999999999999997,0.374,122.883
3TUz4uLjrVBrwg8JhHXOTe,3 Directors - Threshold Mix,['Metroland'],376003,2015,False,,0.629,0.897,0.0037799999999999995,0.212,123.005
3zIwZkBRCCuCSZUw8VrLeh,3 Directors - Oberkampf's 80's Mix,['Metroland'],494792,2015,False,,0.5670000000000001,0.902,0.000662,0.261,123.90799999999999
1wqQsb7HVUv8qKGOjV71k6,Just Look at Me,['3 Access & You'],576226,2014,False,,0.7959999999999999,0.56,0.000174,0.449,127.99600000000001
5TbKiWee5Igf4Scm2UiiN8,Back to Love,['3 Access & You'],549848,2014,False,,0.622,0.8640000000000001,0.0405,0.27399999999999997,127.995
2zI8yQ5JxNMHmPob2CVHbN,Dance with Us,['3 Access & You'],551335,2014,False,,0.614,0.614,0.000101,0.243,127.009
6eNtHNM3LDtjiJMMxVSsg5,Flow,['3 Access & You'],501737,2014,False,,0.6829999999999999,0.596,9.82e-05,0.23199999999999998,127.991
0CMnGaxtyNWkOSYaU1gO8d,The Beginning,['3 Access & You'],546462,2014,False,,0.706,0.693,5.720000000000002e-05,0.272,130.007
7EW3heRNg6LBH5oGJTz9rK,Tokyo Nights,['3 Access & You'],495049,2014,False,,0.802,0.563,0.00019099999999999998,0.376,129.004
3BK8CiW9228OGiCbYpzfmv,We Can Trance You,['3 Access & You'],429848,2014,False,,0.555,0.909,0.00479,0.212,128.003
2sKhxe9DlMJ3BASgORh0zj,The Destiny,['3 Access & You'],487805,2014,False,,0.626,0.809,0.0285,0.139,128.005
1mniGzoiCuf2Vbs4Wm5PKi,Say Ko Lang,['3Yo'],244627,2004,False,,0.7829999999999999,0.563,0.0547,0.7170000000000001,90.961
3gCIJwu3nSwqN9qO5KJ2Kw,"Alam Ko, Alam Mo",['3Yo'],232827,2004,False,,0.642,0.284,0.633,0.135,128.061
698hNai6gkyikaqcFoRELA,Paano Nga Ba,['3Yo'],216480,2004,False,,0.643,0.415,0.537,0.324,113.969
6478GsgpU5dKG7yxWcy3Wz,Sapat Na Ang Isang Ngiti,['3Yo'],255347,2004,False,,0.614,0.26,0.8240000000000001,0.19399999999999998,127.77600000000001
0PrdnkpojFSKnbUNUUagmU,Ok,['3Yo'],223133,2004,False,,0.56,0.747,0.563,0.467,78.577
2i0tlFcFkGtJphnnsFijci,Ano Ka Ba,['3Yo'],207827,2004,False,,0.466,0.635,0.386,0.425,75.60300000000002
2srPS8yGq36AMTgUpMcVmM,Ketchup Song (Asereje),['3Yo'],240840,2002,False,,0.726,0.792,0.0377,0.903,92.48899999999999
2G55D0gXvpRwDUj6WASuur,Iingatan Ka,"['3Yo', 'Nastymac']",290533,2002,False,,0.5329999999999999,0.648,0.491,0.124,82.01100000000002
7ornT2ygsv3JFUwTsRosn1,Unang Halik,['3Yo'],260440,2002,False,,0.7,0.55,0.774,0.581,124.891
6do17H2BKx8Fx3xmwZsMXk,All Lies - Live,['3rd Strike'],213027,2002,True,,0.33299999999999996,0.992,0.0013,0.184,109.897
1tvgIIpdiVthqxY7IUjPuu,Fanfare For The Common Man (Live),['3'],592867,2015,False,,0.149,0.924,0.0115,0.18100000000000002,78.656
085EgXmT3zEjDjVLdn3kbq,Deste La Vita (Live),['3'],561600,2015,False,,0.177,0.92,0.0779,0.315,79.77199999999998
6N7r3v8tnOnRMmlJP7Cvtf,Lover To Lover (Live),['3'],290747,2015,False,,0.228,0.9059999999999999,0.0523,0.424,133.916
2OVAMeJjFDpDdTSLObiiQg,Introductions (Live),['3'],28387,2015,False,,0.395,0.755,0.7190000000000001,0.8109999999999999,109.1
4ViKpOfNtbT474G5dhqga4,Hoedown (Live),['3'],248000,2015,False,,0.20199999999999999,0.95,0.0375,0.3670000000000001,158.405
2uSzI4KgVsOk2L3uHNUKFu,You Do Or You Don't (Live),['3'],357360,2015,False,,0.21899999999999997,0.82,0.0895,0.298,79.211
4M2Efp5byqduVdP5xcm5dK,Talkin' Bout (Live),['3'],444320,2015,False,,0.184,0.81,0.354,0.21,97.71799999999999
4cqTqpTP4A4SOSQITWXD2U,Creole Dance (Live),['3'],299533,2015,False,,0.27,0.794,0.735,0.496,104.209
1lKwYkOXKJk8AXCdXmcOXL,On My Way Home (Live),['3'],300120,2015,False,,0.205,0.847,0.018000000000000002,0.35,90.684
3gUwwBNonMyOyP6DFWKSid,Runaway (Live),['3'],318147,2015,False,,0.3,0.898,0.196,0.19399999999999998,141.391
4NNDvcuBiTiK7cczwRGNDt,Standing In The Shadows Of Love (Live),['3'],370947,2015,False,,0.19,0.966,0.00807,0.11699999999999999,149.42700000000005
6lFrP6E2SsWSw0noSGdjBg,Eight Miles High (Live),['3'],644400,2015,False,,0.49,0.884,0.00873,0.318,116.98899999999999
4nq1xfdAukh8NZDC5kfWkQ,Canto Della Liberta,['3rd Face'],412138,2017,False,,0.981,0.932,0.163,0.7040000000000001,125.81700000000001
0LpSzdUhFJ45StpFAzfwJM,This Situation,['3d5spd'],207693,2002,False,,0.35100000000000003,0.867,0.0359,0.568,77.712
3ZLJZfN1aTT3dp5dGqvMZU,Now & Then,['3d5spd'],214373,2002,False,,0.44799999999999995,0.83,0.000317,0.45299999999999996,125.76899999999999
246Wo60AYMar8F5Cj10kNp,Lightweight,['3d5spd'],222760,2002,False,,0.264,0.862,0.000869,0.662,155.088
38WfOA50ywc9i6t7YDXoIV,Clarity,['3d5spd'],218480,2002,False,,0.34700000000000003,0.608,0.0323,0.431,77.515
2hvqy1t2y3zbLP1cJMRxLq,Neon Seasons,['3d5spd'],291920,2002,False,,0.44799999999999995,0.725,0.23800000000000002,0.522,125.609
47OgOoMSvFE5vDCCZFMRGx,Celsius One,['3d5spd'],41507,2002,False,,0.311,0.349,0.922,0.222,203.102
1trJNm4Xb7gPeKQTkA6wzB,Wide Air,['3d5spd'],297053,2002,False,,0.48,0.6409999999999999,0.114,0.461,122.073
3wFWeZHCXyFJTqiKpxpS98,Live Wire,['3d5spd'],271760,2002,False,,0.413,0.519,0.132,0.293,74.226
0GmknAh8hY37blFn4O1uMN,Red Wire,['3d5spd'],220013,2002,False,,0.34700000000000003,0.741,0.00216,0.626,137.049
6r9jjmOA64WiT4rhzmcgi4,Celsius Two,['3d5spd'],65893,2002,False,,0.153,0.366,0.5429999999999999,0.204,81.473
34scKFzEdeQibpkkSJT78z,Tunnel Vision,['3d5spd'],232293,2002,False,,0.434,0.574,0.0181,0.223,95.134
5W6xEvP1KHakeRySmm6VHr,Celsius Three,['3d5spd'],86413,2002,False,,0.23199999999999998,0.39299999999999996,0.395,0.0398,85.00200000000002
2C20FLXlqdr63C77Kvv7bm,We Accelerate,['3d5spd'],310227,2002,False,,0.255,0.879,0.0166,0.35200000000000004,169.482
31sQD4MPIL28my0ipwPJ1z,Hit the Gas,"['3 TIMES KRAZY', 'Harm']",305946,2009,True,,0.47200000000000003,0.5479999999999999,0.10400000000000001,0.5379999999999999,172.2
3QHq4RzYFSJ856zkyLYebi,3679,['Greenleaf'],55000,2003,False,,0.168,0.267,0.753,0.039,96.16799999999999
0HDaKOlVAfUWXdFR2RhBtN,Down,['311'],172160,1995,False,,0.441,0.922,0.00017900000000000001,0.565,175.41099999999997
38LmUFMkw1W28bLJZWVRDQ,Random,['311'],185267,1995,True,,0.47600000000000003,0.5579999999999999,0.0148,0.836,160.469
0orNm6qQT2B5WFi0l7l3PV,Jackolantern's Weather,['311'],204160,1995,True,,0.677,0.8370000000000001,0.0198,0.446,96.958
18ZOH3KKu5Elt5ysocFyX4,All Mixed Up,['311'],179600,1995,True,,0.76,0.7020000000000001,0.0104,0.659,92.324
1CQB6Z27O8Es2O9LWld1K4,Hive,['311'],178000,1995,True,,0.716,0.9490000000000001,0.0292,0.426,109.242
6ZpYLIYdXxLLiA4oZjxVjp,Guns (Are for Pussies),['311'],136933,1995,True,,0.6629999999999999,0.903,0.0153,0.599,100.86200000000001
3UQ9D4zn3wTMGUJJuCKeif,Misdirected Hostility,['311'],176960,1995,True,,0.703,0.7929999999999999,0.0156,0.321,99.073
5Qz82PV7j3ZrY5WX51NVzn,Purpose,['311'],162693,1995,True,,0.633,0.5539999999999999,0.000654,0.8370000000000001,158.174
3LIOXPCAc9jZNssMj6xwNM,Loco,['311'],113267,1995,True,,0.604,0.8340000000000001,0.00279,0.8059999999999999,94.775
7yyMAejsgg7VZB42xNGPW1,Brodels,['311'],209773,1995,True,,0.597,0.84,0.0309,0.69,90.07799999999999
4dstbDKQJgRpxEe5daxCMC,Don't Stay Home,['311'],163400,1995,True,,0.647,0.825,0.0101,0.9359999999999999,108.988
6qUOGh3YfBpl1dJf7ePqTm,DLMD,['311'],131333,1995,True,,0.61,0.8,0.00146,0.7120000000000001,93.52
15bB4ZXVsgmlHuSA2RRQ6R,Sweet,['311'],195133,1995,True,,0.701,0.534,0.000582,0.7,139.08100000000002
6wZrMyW6LkvK6zPMxjvjwE,T & P Combo,['311'],169773,1995,True,,0.586,0.968,0.0101,0.653,101.59
5H9rh8MJE3uMTc4XsTGiBl,Ran Kan Kan,['La-33'],221320,2018,False,,0.7120000000000001,0.809,0.835,0.9209999999999999,111.456
3z3Ih0ts4inEThIrKSU1lI,Born to Be Wild One,['Justin 3'],172208,2018,False,,0.648,0.511,0.00644,0.332,154.002
6DnMVtF85kx2QffDo6wimW,Inoxia,['36'],269226,2018,False,,0.0652,0.31,0.856,0.129,58.26600000000001
2Q6v44JjrOwV1lczo3YgDs,Circuit Bloom,['36'],304616,2018,False,,0.297,0.32,0.917,0.031,66.092
3sGTUkUodx3sgWN4IMkwtw,Changing Faces (Static Places),['36'],284526,2018,False,,0.19699999999999998,0.259,0.812,0.0415,139.763
4xKmCjMqMIpAmiSeV5GmIw,Metropolis,['36'],313260,2018,False,,0.2,0.46399999999999997,0.0943,0.0427,65.421
0qaDsjVz6egXSi7kl3n8JC,Eight Four,['36'],285410,2018,False,,0.079,0.331,0.8690000000000001,0.0513,173.605
2TW3lYscuK1jBzjWjanRSV,Luxx,['36'],286842,2018,False,,0.0882,0.304,0.8440000000000001,0.0347,169.65599999999995
708jkkXTxgf6oLHOa7IbaZ,Eight Four - Ambient Version,['36'],268365,2018,False,,0.0856,0.0974,0.943,0.0502,87.163
7GkxtewWnCptKGmeDEHFO8,Changing Faces (Static Places) - Ambient Version,['36'],255106,2018,False,,0.0603,0.113,0.97,0.0845,72.131
2bRjaOBtFNDz8lWUAK0ojs,Luxx - Ambient Version,['36'],261701,2018,False,,0.0797,0.257,0.9740000000000001,0.0299,83.76100000000002
2nWE6ISeFjk3NNmeTjMNEE,Inoxia - Ambient Version,['36'],257776,2018,False,,0.129,0.10400000000000001,0.925,0.0484,59.231
1kUaRp3tzM0SIVaHw3HlBw,Metropolis - Ambient Version,['36'],296681,2018,False,,0.13699999999999998,0.34,0.765,0.0386,141.06799999999996
7FZoenJu7IqcLZWoGK9MaX,Small Town Hero,['Timbuk 3'],262467,1998,False,,0.493,0.287,0.517,0.37,133.91899999999998
6pmZMP2ET1OJi5rKfLO8jD,3:15,['Bazzi'],167019,2018,True,,0.6509999999999999,0.654,0.385,0.539,141.975
1vgIDCNOriYyx8jbT85yMB,3 Being 2,['JOBS'],474429,2020,False,,0.171,0.5820000000000001,0.0011099999999999999,0.0886,84.84899999999998
69RTYXKyRkS9j3yk6Q872M,333,['HELLYEAH'],196587,2019,True,,0.515,0.997,0.00067,0.461,104.01899999999999
3VP2BG499sqKXo3f0Cct7J,Freeze Time,['311'],202067,1999,False,,0.59,0.904,0.0158,0.784,183.972
4HcgoL4KNExj5LgmmFCj0D,Come Original,['311'],223333,1999,False,,0.648,0.978,0.0122,0.795,93.86
6pus0UjezVUhUbB0m0faQm,Large In The Margin,['311'],207533,1999,True,,0.6759999999999999,0.91,0.0207,0.6809999999999999,98.089
7eoWEwVUJAIr9CjK9UZNsj,Flowing,['311'],190907,1999,False,,0.526,0.945,0.00275,0.18600000000000005,126.179
52haIktp7XPqdfnRRi3Yq4,Can't Fade Me,['311'],129240,1999,False,,0.669,0.972,0.0073799999999999985,0.934,103.86
5yAaNbboVSwDCHThogIbxP,Life's Not A Race,['311'],265800,1999,False,,0.6890000000000001,0.8859999999999999,0.00253,0.915,123.09200000000001
0YvvSz15Wnc6PmHYy0KcEf,Strong All Along,['311'],208307,1999,False,,0.763,0.846,0.0424,0.943,94.85600000000001
1zBWVYRI8wPIazvRVHHFRO,Sever,['311'],283027,1999,True,,0.5529999999999999,0.9009999999999999,0.0103,0.617,106.943
6OqRH1Hu3NsYeigbVmVCcu,Eons,['311'],194333,1999,False,,0.39299999999999996,0.813,0.000973,0.25,147.724
5SU9toKKmRNpKiuVuRlnNN,Evolution,['311'],257133,1999,False,,0.774,0.8220000000000001,0.171,0.895,90.92200000000001
6aH6DrEYncvt5QSjTVFbfI,Leaving Babylon,['311'],240373,1999,False,,0.772,0.496,0.11900000000000001,0.439,128.023
3LTOXFz7XrWCGvpVSBqxbx,Mindspin,['311'],238933,1999,False,,0.486,0.956,0.0133,0.562,183.84599999999998
4XDxnBjNVyBXCskMx31jYr,Livin' & Rockin',['311'],163000,1999,True,,0.563,0.985,0.0528,0.866,181.766
2xEiOt0wTSRHfdv1cWlOLn,30pcs of Silver,['Tarrah'],216338,2020,False,,0.745,0.5760000000000001,0.0778,0.385,142.126
6jYxM3Ei7GT47r6RX9Q1Un,30-30,['DERYL DODD'],208533,1998,False,,0.6779999999999999,0.43,0.294,0.596,114.316
7MywASx2OFZngfoORjo1yy,31 DAYS,['Future'],240682,2018,True,,0.875,0.644,0.267,0.7879999999999999,139.086
3xX54lX4BNoCKUMUzkJSwi,3人のうた,['chay'],292500,2018,False,,0.517,0.187,0.9,0.365,147.812
0TWnHKLxUyrqWdYsZGsSmD,32endless,['Brin'],257223,2019,False,,0.19,0.535,0.98,0.268,132.02200000000002
3bQFLFlEV5UvDAqoxlMla7,31 DAYS,['Future'],240682,2018,False,,0.878,0.654,0.292,0.755,139.101
4tBSev8HCJHBW3JCJY5ly9,3 X Time,['Family'],228867,2003,False,,0.41,0.40700000000000003,0.297,0.243,122.755
0jJXyRJlWYG0DqFrs17j52,333,['HELLYEAH'],196587,2019,True,,0.517,0.996,0.000732,0.40700000000000003,104.001
0f8X5UobD96k0SIQtpPblR,Set The Ray to Jerry,"['32 Leaves', 'Zolof the Rock & Roll Destroyer']",227307,2005,False,,0.527,0.794,0.00507,0.355,106.325
5vm0feMkFi1DCarrhcJyUJ,321 Tot - Tribunal Mix,['Dunkelwerk'],317915,2015,False,,0.515,0.988,0.00558,0.0501,127.986
5UshaJenPAIaHyxuf2UTZX,What Happened Here - Tauntin Devils' Mix,['32crash'],242733,2012,False,,0.475,0.9159999999999999,0.0028899999999999998,0.11,139.069
3p2duddm0nojW0T98to26r,34 Stories Of Ana Mendieta,['Kalpana'],307853,2005,False,,0.429,0.226,0.345,0.172,87.37899999999998
69cWxwoTdeCFPNsF25hNCt,302号室,['Keyakizaka46'],251567,2018,False,,0.5579999999999999,0.966,0.0458,0.515,122.95299999999999
6hqGpW6yU2mp6wj4WlQEHM,Song #3,['Stone Sour'],256533,2018,False,,0.48100000000000004,0.945,0.00264,0.4270000000000001,157.059
5Bd0LNmEfqwzlrDcM3XQ2d,Song #3 - Acoustic,['Stone Sour'],236293,2018,False,,0.602,0.7090000000000001,0.155,0.7190000000000001,153.156
1a8biVzeLCl65oHFh4Fgt5,3:45,['Pllush'],277653,2018,False,,0.35600000000000004,0.564,0.213,0.376,117.447
4251XgDoBoLjC82kXVJ77Q,"Hold On Loosely - 1999 / Live at Buffalo Chip Campground, Sturgis, SD",['38 Special'],352667,2014,False,,0.273,0.948,0.000388,0.366,129.88299999999998
4fPUoFIpHOOjt8rm5QHFXb,"Caught Up in You - 1999 / Live at Buffalo Chip Campground, Sturgis, SD",['38 Special'],330827,2014,False,,0.37,0.882,0.000123,0.722,133.845
6C76UPVSarNt0q3zFL0lCl,"Rockin' Into the Night - 1999 / Live at Buffalo Chip Campground, Sturgis, SD",['38 Special'],293880,2014,False,,0.381,0.863,0.00294,0.616,129.003
2cUuTOi8fYbJKc331yDa3J,"Back Where You Belong - 1999 / Live at Buffalo Chip Campground, Sturgis, SD",['38 Special'],266227,2014,False,,0.493,0.75,0.00282,0.807,125.449
3KxzytvAc5c9Fn2fkO0RiV,"Fantasy Girl - 1999 / Live at Buffalo Chip Campground, Sturgis, SD",['38 Special'],249573,2014,False,,0.374,0.8109999999999999,8e-05,0.575,126.766
0K3fUeBNKSbp5YyMLw1XEl,"If I'd Been the One - 1999 / Live at Buffalo Chip Campground, Sturgis, SD",['38 Special'],231280,2014,False,,0.46299999999999997,0.782,9.13e-05,0.647,145.827
3PDpoiPNDjDJMhl3VylMAV,"Wild-Eyed Southern Boys - 1999 / Live at Buffalo Chip Campground, Sturgis, SD",['38 Special'],311800,2014,False,,0.363,0.804,0.0011,0.614,145.107
2DVbyGjA9s87XGxySkPdW5,"Twentieth Century Fox - 1999 / Live at Buffalo Chip Campground, Sturgis, SD",['38 Special'],231453,2014,False,,0.336,0.902,3.4399999999999996e-05,0.5820000000000001,78.57300000000002
1L7t1jlGfvUIZa1EAYpSUy,"Fade to Blue - 1999 / Live at Buffalo Chip Campground, Sturgis, SD",['38 Special'],271293,2014,False,,0.4370000000000001,0.816,0.000136,0.56,144.984
1IUMDKiEVuXCJC1qkfFgUG,"Rebel to Rebel - 1999 / Live at Buffalo Chip Campground, Sturgis, SD",['38 Special'],404733,2014,False,,0.28800000000000003,0.6629999999999999,0.0016,0.3670000000000001,123.867
7itNeXwgApmGuSgADgYSKf,33,['Last Lungs'],395867,2010,False,,0.311,0.594,1.89e-05,0.107,142.613
1VsDy6eFXy66fZ6amYpmzO,One by One,['3.2'],431853,2018,False,,0.469,0.741,0.0268,0.191,120.01100000000001
5SqaYCojRcB5Pzw7RuTaNs,Powerful Man,['3.2'],301453,2018,False,,0.508,0.9359999999999999,0.0336,0.184,97.985
5XTyoH5rumBbS8O4SY6sYm,The Rules Have Changed,['3.2'],407400,2018,False,,0.397,0.61,0.00323,0.0951,147.384
6ZDtyPq7YHHuW5Zdj6sWrN,Our Bond,['3.2'],275253,2018,False,,0.29600000000000004,0.495,0.371,0.255,180.14
5WhN7S9LFEXzaccjV9bHDr,What You're Dreaming Now,['3.2'],271907,2018,False,,0.5489999999999999,0.873,0.0206,0.177,94.007
4ajZNNFjhdKkMyGGpCxr8H,Somebody's Watching,['3.2'],332667,2018,False,,0.527,0.825,0.000587,0.239,124.04899999999999
7JXkB3Okv1iiPy7mQHdUJk,This Letter,['3.2'],402360,2018,False,,0.634,0.645,0.009590000000000001,0.45399999999999996,116.001
1k9N81KRN3Ab1WTkipsIsE,Your Mark on the World,['3.2'],324227,2018,False,,0.337,0.813,0.0131,0.253,131.75
0MhbgaXAFgOLfO8QOBeZCL,3262,['Evaro'],249373,2010,False,,0.526,0.603,0.00828,0.358,140.864
7LXcpfTJHYmb0tmYeI5VSm,Rockin' Into the Night,['38 Special'],269400,2011,False,,0.489,0.9540000000000001,0.0486,0.611,128.06799999999998
70tpyCYbljgH9DwrCUUMjv,Twentieth Century Fox,['38 Special'],251120,2011,False,,0.249,0.9279999999999999,0.00135,0.4920000000000001,75.332
4yh6g9jQE2aIOIjKolZWaR,Back Where You Belong,['38 Special'],269013,2011,False,,0.39899999999999997,0.9390000000000001,0.0121,0.595,125.538
49Qwyc3OgJl9SVoIv36P0E,Wild-Eyed Southern Boys,['38 Special'],263507,2011,False,,0.325,0.9740000000000001,0.00374,0.47,143.43200000000004
5O91jOv72fnyMlJMej1Cd6,The Squeeze,['38 Special'],301667,2011,False,,0.336,0.963,0.168,0.595,89.971
6vQ98AUTlJXz2knn6mYTN8,If I'd Been the One,['38 Special'],249693,2011,False,,0.4,0.9520000000000001,0.0203,0.395,145.018
3TCBHMBluDXsVhaNTOcgVw,Help Somebody,['38 Special'],257440,2011,False,,0.429,0.9420000000000001,0.132,0.4,78.958
4S5PgnnCs6235XGFh4TPog,Fantasy Girl,['38 Special'],260573,2011,False,,0.308,0.9670000000000001,0.0163,0.506,124.146
7rLNkzAfGo61kPAWhlnGxt,Trooper With an Attitude,['38 Special'],225573,2011,False,,0.243,0.986,0.00255,0.563,165.68200000000004
12F7mrxirECgRN13hz3KZA,Back to Paradise,['38 Special'],61227,2011,False,,0.43,0.9840000000000001,0.0625,0.735,156.852
0Amk5lKqFCpzxUxUURprd1,Somebody Like You,['38 Special'],68587,2011,False,,0.391,0.97,0.0207,0.733,137.671
7IS4gcd2UHiV4aoMyaqSlh,"Teacher, Teacher",['38 Special'],62733,2011,False,,0.366,0.965,0.0155,0.731,77.071
3wJUS3Ry8VE5rpz2In4yN3,Rough Housin',['38 Special'],64947,2011,False,,0.341,0.995,0.0198,0.363,78.598
1zULX8aSyy2qIhkmAvS9ux,Stone Cold Believer,['38 Special'],69600,2011,False,,0.386,0.966,0.23600000000000002,0.56,84.559
33S7Frmvk3MiGe6w0jOGcv,Like No Other Night,['38 Special'],76013,2011,False,,0.425,0.97,0.0395,0.665,120.719
3UndbcM1ZDoBXJrQcEf40V,Second Chance,['38 Special'],105907,2011,False,,0.48700000000000004,0.84,0.0478,0.507,120.068
27y0Dmu8nU37YdpPZIEejW,Caught Up In You,['38 Special'],341387,2011,False,,0.34700000000000003,0.976,0.0669,0.675,128.63299999999998
77G77J4J8bEBGFOT1tTzl2,Chain Lightnin',['38 Special'],332707,2011,False,,0.261,0.9590000000000001,0.00663,0.434,79.09100000000002
0d2SucIdhfD4QOuRIH0CAd,Hold On Loosely,['38 Special'],317507,2011,False,,0.484,0.985,0.14400000000000002,0.446,127.309
6299SrUMUzHs8imcvIjoE8,Back In the U.S.A.,['38 Special'],153520,2011,False,,0.27899999999999997,0.985,0.0044399999999999995,0.643,148.754
62R8S0cte94pI7Xl27nc9s,Travelin Band,['38 Special'],208613,2011,False,,0.132,0.98,0.0027,0.385,165.09
1dxFtFo4EBLJAbVj5dIGqC,Re1nstall_0verture,['3rdegree'],236936,2018,False,,0.505,0.74,0.000479,0.621,140.05
2yNIMZTKUuN2YwIJLxFHEh,Connecting,['3rdegree'],293113,2018,True,,0.502,0.569,0.0485,0.359,139.984
4wvcZmyWIM7gdTZmRYQiLz,Olympia,['3rdegree'],315447,2018,False,,0.486,0.488,0.0867,0.425,139.975
671CaHtMcMqN0SgxXLQJ6B,The Future Doesn't Need You,['3rdegree'],349878,2018,False,,0.518,0.679,0.0199,0.166,134.623
4pd0AIrtI6naauNU3C9Js8,Unintended Consequence,['3rdegree'],214994,2018,False,,0.589,0.597,0.0177,0.305,154.94
5JLyz6hIXouvXrqbWu5o61,Perfect Babies,['3rdegree'],282749,2018,False,,0.65,0.727,0.0152,0.541,119.962
2yMNM6fjROoj02iPTUAi1h,Logical Conclusion,['3rdegree'],400000,2018,False,,0.35,0.617,0.0201,0.264,160.01
02kFdzivtdVrL75EbXys4u,Ones & Zeros,['3rdegree'],427401,2018,False,,0.368,0.539,0.0101,0.385,117.78299999999999
4tXOn39nq6CTT7eJUwbATA,Freak of the Week,['Marvelous 3'],200640,2017,False,,0.618,0.82,0.000543,0.51,130.709
28B3ZFOnKqJkNpuAVZ7vBE,Exit 37,['Egorythmia'],419167,2019,False,,0.7170000000000001,0.799,0.00196,0.196,140.02200000000002
0Q6AD7e7d9tpN1dXL4qh5P,Made An America,['FEVER 333'],173327,2018,True,,0.479,0.9259999999999999,0.000399,0.6729999999999999,175.99400000000003
23sOzJDUM8pWioTt1K4mX1,We're Coming In,['FEVER 333'],136061,2018,True,,0.633,0.79,0.0342,0.529,175.104
1kc3xvHmhXqXg4le5uYqLM,(The First Stone) Changes [feat. Yelawolf],"['FEVER 333', 'Yelawolf']",189743,2018,True,,0.6890000000000001,0.8690000000000001,0.0124,0.3720000000000001,118.956
1HIlQMRxSJ5rvq5M31a2OK,Hunting Season,['FEVER 333'],158705,2018,True,,0.617,0.7979999999999999,0.0284,0.6890000000000001,89.917
0F4jpWXr1N0YwGIOaSaeJN,Soul'd Me Out,['FEVER 333'],165718,2018,True,,0.556,0.9670000000000001,0.0166,0.35100000000000003,135.033
7mqJvR6BgtGbOssGZAfdaP,Walking In My Shoes,['FEVER 333'],171810,2018,True,,0.633,0.777,0.00941,0.299,130.02700000000002
7gm2Q8bx4cRp8mvEka0p8W,POV,['FEVER 333'],114601,2018,True,,0.772,0.84,0.0152,0.748,146.985
4dHNWm43HrElSRtwvRRbtg,Trigger,['FEVER 333'],164751,2018,True,,0.63,0.986,0.0070799999999999995,0.376,112.066
0utSaqennSQmrSlhTEwBVC,Intro,['3rd Deggree'],207000,2015,True,,0.502,0.828,0.7040000000000001,0.871,147.54
3pAIy6Qbgq2bvJgLziFC1r,This Is It,['3rd Deggree'],251000,2015,True,,0.517,0.8690000000000001,0.0149,0.73,109.588
1LjhQBVt3xRoSWbLrSefaa,The Pat Down,['3rd Deggree'],263507,2015,True,,0.72,0.9359999999999999,0.21,0.71,110.819
3AsrU1KdFDpLJr9YQefW3I,Speakers Blow,['3rd Deggree'],243493,2015,True,,0.679,0.924,0.0868,0.6759999999999999,103.594
2abtUmVOAsvBqOtYOmkud7,Crowd Control,['3rd Deggree'],269000,2015,True,,0.75,0.917,0.235,0.532,93.181
6miMlLRVTJt34TM0NrNHwb,When It's On (feat. Christian Nelson),"['3rd Deggree', 'Christian Nelson']",321253,2015,True,,0.428,0.8759999999999999,0.281,0.345,81.783
4W1LZLOAb7uBvCu4MkRhs8,Chitty Bang Bang,['3rd Deggree'],268000,2015,True,,0.44,0.934,0.537,0.7559999999999999,144.16
2WWrit0QWMh9b84wheO0Ps,Mathematics,['3rd Deggree'],313507,2015,True,,0.424,0.9440000000000001,0.0167,0.507,82.02600000000002
5cWFx9UBBfiAy0WCkds64N,Stranded,['3rd Deggree'],239000,2015,True,,0.607,0.75,0.146,0.738,83.62700000000002
1y3Go9sk9WGSsGnWVln9oe,The System,['3rd Deggree'],291000,2015,True,,0.402,0.963,0.231,0.503,82.367
5AR703h5nN8oKyydtacfcG,Just Breathe,['3rd Deggree'],256000,2015,True,,0.546,0.857,0.449,0.625,82.09
2enCgqAsHcg9ZlMe9R4RBO,Dangerous,['3rd Deggree'],105000,2015,True,,0.591,0.887,0.0189,0.42100000000000004,87.07799999999996
4DPzDPdkWVPFG50cmAVbeI,Outro - 3rd Speaks,['3rd Deggree'],173267,2015,True,,0.654,0.198,0.764,0.602,81.859
6vlFUnBFtbZTmZbOqSJLec,Dancing Song,['Johnie 3'],105200,2011,False,,0.401,0.9790000000000001,0.005220000000000001,0.764,106.249
2yLiStPEHLVtExAP7woATT,Stacy Tonight,['Johnie 3'],123053,2011,False,,0.504,0.987,0.0399,0.51,104.633
72UCPlRyZ7YqpFrie3akK1,Peggy Sue,['Johnie 3'],131013,2011,False,,0.196,0.889,0.165,0.6920000000000001,204.03
1VxJ6VpGQ4apGzch8I8NJk,She Gets Around,['Johnie 3'],138173,2011,False,,0.17300000000000001,0.966,0.0020399999999999997,0.75,202.739
7sjCzOcQGxjLkYScevqDBN,Side Walk Surfin',['Johnie 3'],87773,2011,False,,0.396,0.9890000000000001,0.0159,0.311,105.891
3SS96mSWonF0ZArOgqrW0G,Bleach Blonde Girls,['Johnie 3'],93987,2011,False,,0.252,0.958,8.209999999999999e-05,0.812,203.739
4Ms5aBpyc6IOXrpRxI5rth,Christy Brigitte Darlington,['Johnie 3'],74440,2011,False,,0.466,0.955,0.0672,0.924,119.814
0r1dUf14jGMzpjT2gVXSDI,Testify,"['Jamie 3:26', 'Masalo']",496444,2017,False,,0.8220000000000001,0.563,3.09e-05,0.265,122.056
57qdKr9lqGuYzHHmiX4O3w,3 In The Mornin',['UGK'],341200,1996,False,,0.818,0.243,0.18100000000000002,0.0897,83.008
0UAYy2ivJWfaEJQyllHNbx,Fuck My Car (feat. 3-2),"['UGK', '3-2']",239733,1996,True,,0.792,0.602,0.155,0.747,92.01700000000001
3qFcQrFQwHG8JX6ZMtjt4E,Testify - Terrence Parker Remix (Mixed),"['Jamie 3:26', 'Masalo', 'Terrence Parker']",270960,2018,False,,0.79,0.955,3.9299999999999986e-05,0.589,124.04700000000001
2PC6OdRipHu0tm5InwHrMl,35,['Objekt'],278735,2018,False,,0.774,0.905,0.0132,0.804,104.00399999999999
3liN7XYLejAW8WnMjAh12b,ВЛАДИВОСТОК 3000,['SALUKI'],206593,2019,True,,0.631,0.727,0.151,0.239,94.925
2V36VTbHwJQz0JNhR87t6q,Testify - Terrence Parker Remix,"['Jamie 3:26', 'Masalo', 'Terrence Parker']",444943,2018,False,,0.7859999999999999,0.9520000000000001,6.13e-05,0.664,122.02799999999999
7DuLMODzHy9XBnYU2rvDkQ,#3 Sticker,['Frank Foster'],165640,2018,False,,0.607,0.9009999999999999,0.000239,0.966,121.03
1X1VvOK7yydUSqfzzd7dbH,3 Days 3 Hours,['Wale'],269000,2018,False,,0.58,0.391,0.843,0.48700000000000004,74.328
5o6LebzpBrqvcdQiVbC2yi,Gas Face (Live),['3rd Bass'],238347,2009,False,,0.648,0.9309999999999999,0.132,0.496,101.715
72bY8d6OiVCZglSfcFg9hm,3rd Eye,['Prince'],293960,1998,False,,0.7659999999999999,0.451,0.212,0.45399999999999996,132.543
2zEwed4Pvzo05HMD4CUOAM,Bout 6,"['KoBoogie', '3 feet', 'Cashmoneyap']",284682,2019,False,,0.794,0.578,0.0279,0.3720000000000001,151.975
2H8LLvCrV8iWGdU2eCGjoS,31 ядерных бомб,"['ПОЕХАЛИ', 'Алиса Липская']",47789,2019,False,,0.583,0.583,0.6559999999999999,0.366,77.78
10YYQ4rQ52glLleqIkDdYT,3-Piece Suit,['GBH'],136893,2004,False,,0.405,0.997,0.031,0.11,128.363
6tLSVjM8qg5PdYsCpotqyb,3am Forever,['Shadowlight'],343877,2013,False,,0.332,0.608,0.0568,0.355,80.181
0TS3RR2XqiGjQcjPvob715,34 Alpha - Original Mix,['Seba'],373029,2009,False,,0.47200000000000003,0.98,0.000676,0.517,175.017
0ROWMXq57my9q52hHQBe2K,I Love This Place - Mixed,['3 A.M.'],327805,2016,False,,0.743,0.585,0.000364,0.557,123.016
4v2shjivXFtytGOoL1e6eg,Transistor,['311'],181627,1997,False,,0.4320000000000001,0.778,0.000977,0.758,75.041
5kew37U5hM3V9D65RWOye2,Prisoner,['311'],170773,1997,False,,0.621,0.6990000000000001,0.0217,0.78,170.217
1KlKUw0gEbt5CVMq95TeIb,Galaxy,['311'],170760,1997,True,,0.39,0.8540000000000001,0.0395,0.297,173.483
0LtsuNRz3IMRrHCYO9fKRk,Beautiful Disaster,['311'],238400,1997,True,,0.5760000000000001,0.738,0.00038700000000000003,0.675,168.132
0Ad93Ruu1wGsmwOKa3at9f,Inner Light Spectrum,['311'],220440,1997,False,,0.727,0.494,0.201,0.565,130.239
0fcJwONTBWpDg6fjZpKayn,Electricity,['311'],152040,1997,False,,0.579,0.7609999999999999,3.2899999999999987e-05,0.41100000000000003,138.236
3nbFLdwlbUREwisT9VfKut,What Was I Thinking,['311'],157867,1997,True,,0.634,0.802,0.000398,0.51,105.131
70HyBDkp04Yvj4EJyvISlv,Jupiter,['311'],163107,1997,False,,0.5589999999999999,0.8,0.000629,0.166,103.096
1wAUM8F740gEZTyUiafTF3,Use Of Time,['311'],264427,1997,False,,0.5920000000000001,0.488,0.0105,0.113,102.103
7rn2tNsU2OgHE34PDFWKso,The Continuous Life,['311'],209640,1997,True,,0.561,0.6629999999999999,0.0236,0.34700000000000003,158.558
0m3nKp8aiLF8VPt70kIhoD,No Control,['311'],188867,1997,False,,0.746,0.708,0.0368,0.735,100.068
1Qs77dLaY9W0nJ3vq4VGCM,Running,['311'],223267,1997,False,,0.623,0.767,0.0617,0.369,91.05799999999999
57MOUP1XQupBlrQWH3HNN8,Color,['311'],114333,1997,False,,0.727,0.493,0.000947,0.423,121.118
23YsAHgbF4EyDyv81ssemt,Light Years,['311'],146200,1997,False,,0.68,0.706,0.0769,0.775,84.07799999999997
4P3OOVXnOjbgfvEvuiupDj,Creature Feature,['311'],156200,1997,False,,0.527,0.629,0.0606,0.47600000000000003,133.653
5xNDdIJxTu1fiLYonCzOwX,Tune In,['311'],136533,1997,True,,0.473,0.835,0.0006929999999999999,0.525,92.04700000000001
5EOGvfbwZB7xuw6HwRXsLD,Rub a Dub,['311'],160667,1997,False,,0.772,0.596,0.147,0.6970000000000001,92.214
3GrmgrePBvD6eThHWGZ73S,Starshines,['311'],156867,1997,False,,0.516,0.7559999999999999,0.0302,0.6990000000000001,101.134
62WQt2G44s7BUwp78kXbhe,Strangers,['311'],160040,1997,True,,0.846,0.518,0.00528,0.423,95.977
3G1TqRkgaFew6uuy4Y7mht,Borders,['311'],162333,1997,True,,0.575,0.85,0.00252,0.35100000000000003,85.57600000000002
2hIiQV8VG5TnfOdfBB7ovF,Stealing Happy Hours,['311'],350307,1997,False,,0.67,0.7609999999999999,0.109,0.0936,95.846
5hqXqxce2MMEeJLvf2XTjH,3rd DAY MIX,['Cello'],231600,1999,False,,0.629,0.44,0.0982,0.387,169.97
3qgMq2Ct5P9oyWcbndg3Rs,I Love This Place,['3 A.M.'],391907,2016,False,,0.748,0.575,0.000366,0.447,121.686
2HzWHjJOQWdfyWNZVly60J,3 Boys,['Helvetia'],84314,2020,False,,0.579,0.556,0.0811,0.581,117.01100000000001
3hqGc5FdE7OhbqaoYxMcfj,305 Shotta (feat. Top Hoodlum & Nephew),['Yooda'],256227,2010,False,,0.522,0.419,0.0465,0.535,94.054
0lWoGrpR8tBIFs5JeOzVTO,...,['FEVER 333'],62547,2019,True,,0.3720000000000001,0.525,0.737,0.0681,120.18
2j02RtZz6v53FRw4oWliZf,BURN IT,['FEVER 333'],232053,2019,False,,0.591,0.9590000000000001,0.00343,0.426,130.017
5J7E7oivyvyxGfHYfb6Cdd,ANIMAL,['FEVER 333'],203733,2019,True,,0.612,0.867,0.00244,0.6609999999999999,91.531
6l7RAW0pgGD1YZdb2Dg9yi,PREY FOR ME/3,['FEVER 333'],311467,2019,True,,0.36200000000000004,0.946,0.0154,0.42,130.076
51rdCmgHBzg9HJ7eHjVRK9,ONE OF US,['FEVER 333'],204267,2019,True,,0.645,0.85,0.00119,0.45,90.999
5XQHf9fGKnHVgk7YkqIQ4I,INGLEWOOD/3,['FEVER 333'],421013,2019,True,,0.397,0.8909999999999999,0.0406,0.294,130.126
1Y2FJpsOmfqfFuqS0KatUu,THE INNOCENT,['FEVER 333'],201773,2019,True,,0.64,0.8809999999999999,0.00179,0.5870000000000001,103.029
16MICnFainAu6GMvlf0N5H,OUT OF CONTROL/3,['FEVER 333'],429360,2019,True,,0.344,0.963,0.00627,0.192,139.963
3Nxj3Y58d5omSnOYqTSIxN,AM I HERE?,['FEVER 333'],168160,2019,False,,0.52,0.609,0.534,0.304,130.041
4ZTffUzmM3WnFD13usXXZe,COUP D’ÉTALK,['FEVER 333'],240133,2019,True,,0.595,0.9520000000000001,0.000942,0.23800000000000002,123.02
4CrzhHsmc9VP2Pe7jlKksc,351,['CloudNone'],287427,2020,False,,0.5670000000000001,0.7859999999999999,0.158,0.444,125.05
6dGkxRPAEnk0RJ5Qezjwll,Summer Time Flingz,['3drac'],240458,2019,True,,0.721,0.69,0.069,0.35,96.025
7cXpYzWrhhlqtECIsoUmii,30,['Calmly'],308235,2019,False,,0.45899999999999996,0.541,0.0032600000000000003,0.0781,97.788
5QY2qYJJ1TRQWCwkqG32lY,Gas 3,['GAS'],500893,2008,False,,0.0711,0.217,0.409,0.10800000000000001,179.785
5SHvd2QkZiHEW8F1YAGy5u,32 Months,['Heiruspecs'],127933,2004,False,,0.479,0.851,0.008190000000000001,0.823,139.727
1G5MRpwiL8TetLMArSW9VB,Hail Mary,"['3drac', 'Lowdown Dirtygame']",313026,2019,True,,0.705,0.637,0.316,0.41600000000000004,81.419
0gcMVEOoOIF5tslPo0euAu,"Hello, World!",['3rdegree'],16920,2017,False,,0.325,0.33799999999999997,0.0651,0.0,120.574
1vBZ8lfqndtE6sR4tjWNeQ,The Gravity,['3rdegree'],470840,2017,False,,0.5579999999999999,0.5529999999999999,0.12,0.355,140.50799999999998
0o2NjfTkcf2JNbstWe3uu9,This Is the Future,['3rdegree'],274440,2017,False,,0.542,0.862,0.294,0.5489999999999999,140.084
1lJHivRvkIKz8aCXQ4595s,Life,['3rdegree'],187827,2017,False,,0.418,0.384,0.584,0.475,98.243
61OtHb9m3p8CWGEmkAEbHt,The Best & Brightest,['3rdegree'],245693,2017,False,,0.5529999999999999,0.551,0.0738,0.109,130.05200000000002
1uiaFAkab63PuEv3d8H251,Circuit Court,['3rdegree'],319213,2017,False,,0.589,0.545,0.312,0.495,130.961
7E4qaKlZYTZTyR90JwJTjP,Life at Any Cost,['3rdegree'],529093,2017,False,,0.321,0.6809999999999999,0.0961,0.355,98.906
2EPphgC92u8WU2nIwZ1xzJ,What It Means to Be Human,['3rdegree'],330973,2017,False,,0.301,0.695,0.106,0.39299999999999996,138.953
0cZN1vHnapzAoz4rz7Jomy,We Regret to Inform You,['3rdegree'],322840,2017,False,,0.509,0.809,0.00942,0.386,144.405
1X1F0XWT1Tr0ph3CKtknqU,More Life,['3rdegree'],333387,2017,False,,0.23,0.7020000000000001,0.0776,0.23,88.787
2A9htlkIRFwbQoeezFVAUS,3 Days,['Jay'],10886,2019,True,,0.0,0.39299999999999996,0.846,0.0,0.0
6R9U1vXUC6hJej9k6Ib8IM,Future Love,['36'],458536,2019,False,,0.16899999999999998,0.446,0.10300000000000001,0.0399,125.309
74FqtNCjoCm2Mxv7lq7mgz,Galatea,['36'],425866,2019,False,,0.322,0.552,0.0292,0.0384,137.569
4H7qHSoY50zfeCzSncRBeA,Talos Sequence,['36'],235868,2019,False,,0.145,0.366,0.00607,0.0393,83.971
7L1YCr3pW1jUOmVbPxBcHA,Midnight Helix,['36'],437419,2019,False,,0.446,0.8759999999999999,0.134,0.14800000000000002,124.024
5yu4fkHurCVushy0LoUesM,Social Credit,['36'],189677,2019,False,,0.433,0.634,0.34,0.0361,123.99700000000001
6LXpj1QvdDRKCQjPXAEOP9,The Lower Lights,['36'],297778,2019,False,,0.397,0.42200000000000004,0.45799999999999996,0.0343,108.0
0rCt7JhOzbf0cvNTwxL4tK,Through the Prism,['36'],589714,2019,False,,0.32899999999999996,0.4,0.281,0.0355,139.976
4i50J4RQDYBJtzHTwAmEaZ,Lahaina Noon,['36'],216247,2019,False,,0.087,0.243,0.948,0.0263,85.837
2HVEqAB9L5Pg5GRf8rqrFa,Minerva,['36'],323500,2019,False,,0.18600000000000005,0.258,0.133,0.0479,80.727
63VFcmP3gzAgPwDEeoeQ6i,Tempora,['36'],380215,2019,False,,0.115,0.196,0.713,0.0374,89.978
0DuP6DUvhpQRJ7BG7J9Cnw,Ametsa,['36'],300745,2019,False,,0.163,0.27699999999999997,0.000129,0.0394,127.315
0oGd7GFEGsGzB8ouJC97MX,Dead Satellites,['36'],268922,2019,False,,0.516,0.514,0.11900000000000001,0.0896,98.98899999999999
1ZG1ToYlTw80QyEByS5O0v,Find You,['36'],267476,2019,False,,0.341,0.271,0.995,0.0382,64.97800000000001
6OEhKfwWTCJ1vO3wXzOuK5,Eternal Blue,['36'],243131,2019,False,,0.16899999999999998,0.488,0.0153,0.0929,117.363
4VN7O8tuoHez6XBK6EcwXm,Origin Beach,['36'],197886,2019,False,,0.16399999999999998,0.23199999999999998,0.8859999999999999,0.044000000000000004,156.52
6S3C7ppCbMrABUO81NtbeQ,Tokyo Loop Line,['36'],279406,2019,False,,0.0971,0.29,0.28,0.0442,71.79899999999998
0Gr27DG35fIcXDoHfusKpo,A Gentle Dystopia,['36'],260737,2019,False,,0.0622,0.34,0.12300000000000001,0.0299,71.22800000000002
4E5PoMptW5QN0fbD87Xp4O,Astral Rejection,['36'],367943,2019,False,,0.209,0.413,0.392,0.0372,91.93299999999999
5gsUkaqtQatI2WlFHqGIAy,Signing Off,['36'],274895,2019,False,,0.201,0.0363,0.95,0.0343,70.525
5KqQWa9jK2fg8oLaSiZ1L6,Guardian Angel,"['3FORCE', 'Robin Adams']",223304,2019,False,,0.517,0.7709999999999999,0.000242,0.0627,115.042
6KUA9PuTEbOKtTazrCEJSS,Nuke,['3FORCE'],347077,2019,False,,0.495,0.914,0.000421,0.255,129.95
0iz4aj9e42fytQGwqJCNiw,Resistance,['3FORCE'],307755,2019,False,,0.46399999999999997,0.9670000000000001,0.000129,0.223,147.002
34OIJfVWztHz151OaRNFoX,Tatui (feat. Karine Carvalho),['3 Na Massa'],218120,2008,False,,0.696,0.755,0.595,0.69,99.887
7FEHN1xWxCJ5GBoMMGWaA5,Guardian Angel,"['3FORCE', 'Robin Adams']",223304,2019,False,,0.517,0.7709999999999999,0.000242,0.0627,115.042
4VYdatBAJmfvjTPfJDu3cq,Guardian Angel - Instrumental,['3FORCE'],223304,2019,False,,0.499,0.9059999999999999,0.000217,0.0397,115.001
0XtXJHPG5CasXJnpw47XcD,Повезло,"['Р3ЙМ4Н', 'Romero']",191000,2020,False,,0.9109999999999999,0.87,0.0474,0.451,92.962
6uaMq992V5X4tT5MbQJk5S,In the Flesh,"['Facemob', '350', 'DMG', 'Smit D']",293960,1996,True,,0.593,0.48,0.038,0.732,170.292
6vN8BqTGGyGCDAOOv7ThNp,306 ◑,['HONNE'],235757,2018,True,,0.725,0.5870000000000001,0.0638,0.439,121.943
4jp4Z02kzzg8gK0NmDGgml,Play,"['K-391', 'Alan Walker', 'Tungevaag', 'Mangoo']",167977,2019,False,,0.52,0.7979999999999999,0.10099999999999999,0.168,101.944
2sHO8jzefKN0jXraIoo9to,365,['Resorte'],135667,2002,False,,0.59,0.873,0.0155,0.754,84.93
6zZenF5CO9gyFCDWshOOZG,33rd,['cupcakKe'],220787,2017,False,,0.794,0.975,0.322,0.526,112.97200000000001
468BxFzkBkKJteKh1EA0a2,Good Bye Green Day,['Mickey 3d'],186400,2007,False,,0.336,0.297,0.614,0.21100000000000002,200.607
5a6lFtnMJNMREHte6hAkkY,Neo-Tokyo - 3FORCE Remix,"['Scandroid', '3FORCE']",320639,2017,False,,0.518,0.865,4.7499999999999996e-05,0.133,140.02
7v0gPebkS2jTEv6CIo0kbv,Neo-Tokyo (3FORCE Remix) - Instrumental,"['Scandroid', '3FORCE']",320571,2017,False,,0.48700000000000004,0.812,5.290000000000001e-05,0.0384,140.05700000000002
0BB2P09BoJUannaGxoZKhZ,30/30-150 - Live,['Stone Sour'],260899,2019,True,,0.531,0.9420000000000001,0.000162,0.33799999999999997,163.919
07e8xcpcHRldDxf8VscUTX,Song #3 - Live,['Stone Sour'],281119,2019,True,,0.40399999999999997,0.945,0.000628,0.301,168.03099999999995
2UWuQxY06g0qfOYDxLP7d3,3633,['ECID'],259643,2015,True,,0.757,0.884,0.0729,0.47100000000000003,101.914
0wGoOwOvLGCZqz8mNFMpAC,360,['Lunay'],176000,2019,False,,0.6409999999999999,0.633,0.503,0.365,155.941
7Ak4jLNTOI2ZthuQ66M0cH,3 AM,['Tan'],225045,2019,True,,0.727,0.45,0.8240000000000001,0.172,90.084
37ipjROPNdtPEBpjA0cpE7,New York State Of Mind,"['38 Spesh', 'RJ Payne', 'Che Noir']",171225,2019,True,,0.5660000000000001,0.85,0.0497,0.757,115.259
6ApOi4t1iQ9QKW9tDuK4ww,Warning,"['38 Spesh', 'Elcamino', 'Ty Farris']",139567,2019,True,,0.778,0.7909999999999999,0.251,0.738,172.00799999999995
0xGhFve2e2Qb7eZ2a2uQdy,Mass Appeal,"['38 Spesh', 'Fred the Godson', 'Rain 910']",200000,2019,True,,0.8740000000000001,0.614,0.0823,0.684,95.985
0Jfn0SQiVgpkVNqJlLsY2k,Supa Star,"['38 Spesh', 'Daniel Son', 'Rome Streetz']",131507,2019,True,,0.767,0.851,0.0757,0.527,91.28
1qOqhOOEifuapKUpIAKNES,Never Seen a Man Cry,"['38 Spesh', 'Benny The Butcher', 'Conway the Machine']",252000,2019,True,,0.635,0.8190000000000001,0.20199999999999999,0.6729999999999999,80.008
1wubQExRVPjf4riwaEfXju,Come Clean,"['38 Spesh', 'The Musalini', 'Flee Lord']",149583,2019,True,,0.767,0.898,0.153,0.7340000000000001,89.866
5sC7HzJ5SGMaew2G4JcEhp,Rugged Never Smooth,"['38 Spesh', 'Rasheed Chappell', 'Street Justice']",183097,2019,True,,0.737,0.5820000000000001,0.0256,0.8190000000000001,83.931
43WuepEzFxJTGSUxV1Cia8,Times Up,"['38 Spesh', 'Jai Black', 'Jamal Gasol']",155879,2019,True,,0.563,0.622,0.0319,0.36,178.567
5V3Bfbl7jU0UCgdH0NG8bI,Bring The Pain,"['38 Spesh', 'Grafh', 'Cory Gunz']",157910,2019,True,,0.794,0.654,0.461,0.435,101.814
3HjNntgqais9JXJfjQQQB9,Plo Style,"['38 Spesh', 'Planet Asia', 'Flashius Clayton']",199913,2019,True,,0.5720000000000001,0.6920000000000001,0.34299999999999997,0.613,183.709
1XWRIuui0BQt4H0OmSiUxS,Born To Roll,"['38 Spesh', 'G4 Jag', 'Ampichino', 'ReefHustrle']",190435,2019,True,,0.745,0.439,0.0082,0.35200000000000004,91.96700000000001
1NVB82OlpjyhrqLtQYePO9,Stress,"['38 Spesh', 'Rim Da Villin', 'Hus KingPin']",252547,2019,True,,0.737,0.868,0.0199,0.578,89.345
1cm4bUoBArVI68VrdCJ9kZ,The Most Beautiful Thing,"['38 Spesh', 'Eto', 'Black Geez']",151587,2019,True,,0.779,0.591,0.457,0.306,123.255
4i5X2FnXT8JvgesoDl4eb2,3080s,['I61'],175550,2018,True,,0.439,0.779,0.00441,0.574,129.75799999999998
7kt9N5aolPpaCy35bWK2QV,No Gyal Again,['KI & 3veni'],188747,2015,False,,0.8,0.972,0.155,0.909,133.02700000000002
1y3eCZLdbJpsPZOY6POzAI,3 x 3 - Live - Extra,['Pylon'],139107,2020,False,,0.377,0.879,0.0138,0.49,157.20600000000005
0bAahSPEcS5raUHoOMtQR8,3rd Testament (Codex Omega),['Septicflesh'],248324,2017,False,,0.243,0.981,0.000131,0.0669,126.146
1ecmg34FW5UxB2fo4tYHJN,3rd Testament (Codex Omega),['Septicflesh'],248324,2017,False,,0.243,0.981,0.000131,0.0669,126.146
719r8SWlBD7wQDNztQFYdj,3am,['Surf'],144000,2019,True,,0.6990000000000001,0.586,0.0418,0.564,159.911
7ltxQB3H4NfYbl6FKkDIal,321,['Hierophants'],164960,2015,False,,0.26899999999999996,0.797,0.00492,0.7609999999999999,195.16299999999998
0fYmnzy3iN0MItfRqAHkMC,3h37,['ISHA'],211880,2017,False,,0.8170000000000001,0.738,0.193,0.551,121.948
56Ex9uvMhcaC3aklNN40kN,3 Hits,['Yheti'],211263,2020,False,,0.62,0.8290000000000001,0.00307,0.0446,141.959
4W10uaR5I7I6WzzVC9ZS2c,3 RINGS,['CARSONHILL'],150000,2020,True,,0.7240000000000001,0.57,0.597,0.162,144.049
3mL8mr5wCH0A7fl72ffrkJ,Beyond the Horizon,['3R2'],140732,2016,False,,0.379,0.976,1.34e-05,0.34600000000000003,175.046
7E6yHHUhYXOSCQTfPxq4GN,3D,['JLS'],248480,2011,False,,0.6459999999999999,0.6829999999999999,0.0143,0.536,125.98899999999999
0eyhT4KkuF4EvMTJDcTXKS,32,['Mr. Mister'],278427,1984,False,,0.687,0.374,0.271,0.738,156.793
3D76JgjWDfuzbOnXRYgVVH,3D Pool Designer,['Eyeliner'],219568,2013,False,,0.6829999999999999,0.621,0.0376,0.273,173.99200000000005
30wu7cLa9mM3rmGhjCNpDM,6 Shots Intro,['38 Spesh'],30029,2020,True,,0.628,0.41600000000000004,0.971,0.508,80.763
64aaym1jWGA1AJMmTtTLlO,The Showdown,['38 Spesh'],126000,2020,True,,0.6459999999999999,0.888,0.42200000000000004,0.7240000000000001,79.975
5FnJCve3e791SRs6f4qpQF,Dirty Revolver,['38 Spesh'],120000,2020,True,,0.708,0.9179999999999999,0.28800000000000003,0.57,160.002
1bfwc73jvdmdxDJCqufgCx,Mind over Matter,"['38 Spesh', 'Ransom']",146824,2020,True,,0.59,0.6859999999999999,0.737,0.45,170.535
0oQAbelEThftCZcPBzIAVC,Overkill,['38 Spesh'],122791,2020,True,,0.5589999999999999,0.6970000000000001,0.121,0.58,86.039
5l0en5QbhlaCuQuVy694kM,Flour City 2,"['38 Spesh', 'Eto']",165818,2020,True,,0.727,0.838,0.271,0.647,82.536
2RmPkOxoKjmJVu4e6ydWqT,Carved Initials,['38 Spesh'],150361,2020,True,,0.447,0.6859999999999999,0.326,0.5529999999999999,82.90700000000002
7mFrmydOHMhRrG5NaqpmBN,3 Stretch,['Crown Court'],177702,2015,False,,0.325,0.915,0.00897,0.354,103.66799999999999
4S9hjx5pmvBo16LJaB40R5,3 AM,['HAIM'],190133,2020,False,,0.7140000000000001,0.69,0.218,0.662,90.995
4PHb1WXYBKpYPEMLIZcvJH,3 out of 4,['Four80East'],372107,2002,False,,0.7090000000000001,0.5720000000000001,0.45799999999999996,0.877,87.993
0ynKGhFGXHQpTC0df6kYgo,Sunsets,['3 Ayem'],164241,2020,False,,0.6679999999999999,0.24100000000000002,0.652,0.22,87.036
70qNHnDwhp2fevk3vSoSXj,Dreaming,['3 Ayem'],142080,2020,False,,0.861,0.465,0.69,0.26,125.0
0p6DMv4C5dIjuEbIaAR4Hi,Late Afternoon,['3 Ayem'],160000,2020,False,,0.604,0.313,0.5820000000000001,0.316,179.946
6h1dty5EcECuiWIVKlVL1A,1997,['3 Ayem'],139535,2020,False,,0.687,0.21100000000000002,0.113,0.146,171.91400000000004
10HycNoY95s2GEdRfKYZV0,Far From Home,['3 Ayem'],90000,2020,False,,0.77,0.47100000000000003,0.19899999999999998,0.8690000000000001,79.987
1jXZgMqCpOfPNK7moCycAn,3 x 10,['Fleshies'],82733,1995,False,,0.32,0.988,0.00042,0.391,103.208
0JUVFZ0z2gOGUeQkXiM8R2,Tearout Boi - Original Mix,['Subject 31'],195204,2020,False,,0.853,0.96,0.135,0.5429999999999999,74.639
2rp8AkHGSu1oaoMyVSYNiK,Fly,"['AB', '3Means']",168594,2020,True,,0.401,0.384,0.0361,0.113,197.85299999999998
1pfjSYz2f1CLWOl5njK8s2,38,['Waeys'],275862,2020,False,,0.633,0.8859999999999999,0.168,0.294,174.092
4MZSqgwlE71CWZ6qQ3gkKm,<3,['Bad Bunny'],157967,2020,False,,0.631,0.665,0.602,0.634,80.35300000000002
4yyRhMoE31PwSCCh9LnMFC,3AM,['Elias'],217507,2018,False,,0.5770000000000001,0.423,0.281,0.237,120.094
7ahCgpsRE5M1hj5dDp6pUG,3min,['Aimer'],180347,2019,False,,0.5670000000000001,0.958,0.0153,0.688,106.984
2SkKsSG7LCn5ncWuV6cYSe,3001,['seeyousoon'],139927,2020,True,,0.6659999999999999,0.8740000000000001,0.0912,0.442,91.928
4V1s7EPW6lTgupuotKI8gy,Sun Riders,['36'],307897,2014,False,,0.244,0.18,0.99,0.0726,136.976
1RbIehn6JslyqSM7KpgQs9,Enshrine Exit,['36'],172765,2014,False,,0.187,0.209,0.995,0.0671,78.193
3ZBfLBz0OZxWvXe2AkBpeZ,Hyperbox,['36'],177563,2014,False,,0.573,0.376,0.402,0.45899999999999996,155.685
6wzivcOm64MR3DZpvJg15o,Night Light,['36'],188108,2014,False,,0.423,0.384,0.7979999999999999,0.0348,147.84799999999996
013W2JSFOxdDCE0OIR50Pb,Hold On,['36'],374631,2017,False,,0.157,0.544,6.19e-05,0.039,54.263999999999996
2TxktJMO3TVCPvfd6GvC2j,Equinox,['36'],283376,2017,False,,0.18,0.3720000000000001,0.758,0.0317,54.784
3lQZD7GQFYvvrxbBVkjO3q,Stasis Eject,['36'],361311,2017,False,,0.14,0.32899999999999996,0.24600000000000002,0.0348,90.90700000000001
79ZmyWg8pWg93AacW1pJ8a,Meshi Echelon,['36'],103986,2017,False,,0.217,0.575,0.917,0.0868,111.404
29oGQ5qpmQn7LCHLxTyewO,Nova,['36'],191502,2017,False,,0.359,0.292,0.9390000000000001,0.11699999999999999,143.666
0MBsbXx90kta3kl61lAd1s,Pulse Dive,['36'],432358,2017,False,,0.419,0.611,0.0851,0.131,113.96799999999999
59UiyB36UAQe3YZo05elDE,Tomorrow's World,['36'],153783,2017,False,,0.493,0.307,0.9690000000000001,0.37799999999999995,125.854
6FQOh6WOuYC4bKup5rLP2h,Void Dance,['36'],376268,2017,False,,0.142,0.324,0.22899999999999998,0.0326,101.90100000000001
2DEhDSaKuttolStigZcnTP,Diamond Rain,['36'],203024,2017,False,,0.0932,0.32799999999999996,0.8109999999999999,0.0296,177.06900000000005
2Ae3ErpCJP5knTF77PJT2I,Sine Dust,['36'],325799,2017,False,,0.22699999999999998,0.242,0.644,0.0608,70.83
6vysYtpKDn3AEnwD2EzrMp,The Last Light,['36'],561226,2017,False,,0.0917,0.42,0.8759999999999999,0.0354,71.605
2dX8vLcHNvAc0jSFy4PBj6,Endless,['36'],240977,2017,False,,0.0672,0.209,0.32899999999999996,0.0317,77.242
4o1wYQ65CmZk7biwUBcyhG,Digging the Grave,['36 Crazyfists'],176440,2018,False,,0.46799999999999997,0.943,0.00011499999999999999,0.611,170.088
1uzxBIo8tDOuHlz4zFlfd6,3 Millionen Wünsche,['Pat'],214573,2017,False,,0.6579999999999999,0.976,0.0624,0.562,129.994
0tYvysAQOSgEaOmW8iyYPx,3 Millionen Wünsche - Freestage DJ Mix,['Pat'],216333,2017,False,,0.654,0.985,0.0349,0.628,129.986
3e3eNxTUBfk2EA9dJtAf7k,Will Pull This In By Hand,['36 Crazyfists'],169947,2017,False,,0.364,0.9570000000000001,0.000178,0.529,183.12599999999998
6aFLSe9Ss98bPVjLxKnbZn,All the Way Home,['3rd Matinee'],312587,2017,False,,0.478,0.442,0.336,0.315,160.46200000000005
3dX0MPOr7eI6qPYCq3v7Iw,UVB-76 (Intro),['Paisaje 3'],76254,2016,False,,0.499,0.792,0.977,0.0313,79.556
3rBVcqr6QnCfbZSivIWEKb,Fire Bird,['Paisaje 3'],245952,2016,False,,0.588,0.665,0.00114,0.405,109.98299999999999
0eOrOMdchsItHkYDinVNwG,Sonar,['Paisaje 3'],217632,2016,False,,0.42200000000000004,0.596,3.17e-05,0.0519,79.98100000000002
2YpVyFQ7CoTm94cwATX8Wu,Hate,['Paisaje 3'],255901,2016,False,,0.578,0.5720000000000001,0.0067,0.21100000000000002,160.053
7sv4hv4PPmcbxgrLnPZioK,Doppelgänger,['Paisaje 3'],260513,2016,False,,0.447,0.713,0.0037799999999999995,0.172,90.007
798KNexMT5LNTzXQcqltrl,Under Mind,['Paisaje 3'],223680,2016,False,,0.32899999999999996,0.769,2.57e-05,0.156,149.997
7BUFX0toXwQ5DCQ96wHQE1,Invernal,['Paisaje 3'],355223,2016,False,,0.5329999999999999,0.6890000000000001,0.00528,0.244,79.967
6RgtCSoxXU7Rry3cbn4H8X,Acid Trip,['Paisaje 3'],395199,2016,False,,0.535,0.741,4.54e-06,0.578,109.945
0HtEVi3DqyM3BbKD6PyNXB,Midnight,['Paisaje 3'],293925,2016,False,,0.42100000000000004,0.35100000000000003,0.0144,0.295,80.012
7Jlpn1190pHM97LFvUAXaL,Raindrops,['Paisaje 3'],183176,2016,False,,0.5589999999999999,0.48,0.000297,0.0745,120.07700000000001
454bWizgaI5TuPyLC1rNSA,Voyage,['Paisaje 3'],208025,2016,False,,0.486,0.38299999999999995,0.000118,0.0842,135.89
1bqVLMVDKPz9zWzR2X7xuf,14,['Paisaje 3'],211557,2016,False,,0.601,0.475,0.00205,0.275,119.51100000000001
3BsAtf0nB8YnCyQOaBstF4,Day 3,['Disciple'],295280,2005,False,,0.5429999999999999,0.828,0.192,0.633,83.721
1lGAhrPGxnoYlVbUMWlhkH,Endlich,['3Plusss'],244000,2020,True,,0.7509999999999999,0.705,0.033,0.27699999999999997,119.926
0jQiXsH2RmeALvQJHfbXUj,Mantra,['3Plusss'],207306,2020,False,,0.6779999999999999,0.713,0.0608,0.18,84.994
22gZsFYRsj4X6YeRDu2IEv,Lone Ranger - C-Drone Defect Mix,['32crash'],329933,2007,False,,0.531,0.9790000000000001,0.0075299999999999985,0.113,129.994
06HO3SOKNVpFB536Ops9yD,Skit 3,['Scarface'],48213,2012,True,,0.583,0.501,0.635,0.53,84.18
5GWqRBIAEZnai0StQnSGWW,Powerhouse,['October 31'],243293,2004,False,,0.166,0.914,0.00014,0.332,175.575
7bPiUh8GwlDhS384tYYVU1,Rivet Rat,['October 31'],311373,2004,False,,0.363,0.9179999999999999,5.31e-05,0.32899999999999996,112.295
6qTwP0prM0fc2sBnJOkQXI,Commit to Sin,['October 31'],289733,2004,False,,0.295,0.899,8.690000000000001e-05,0.384,97.77
1mUN8eu7YOXTTStxn2CaAk,No Survivors,['October 31'],236227,2004,False,,0.20199999999999999,0.905,2.78e-05,0.29,104.887
6eYHdSRkUnkFs9GPhwc3Yn,What Waits Beyond,['October 31'],270920,2004,False,,0.262,0.8340000000000001,3.52e-05,0.423,88.096
0w0YiMTlcDQo4EkznlxZ9O,Back Alley Murders,['October 31'],263027,2004,False,,0.331,0.86,0.0002220000000000001,0.47100000000000003,94.43700000000001
1Gqb84eTd7OrwkdwKfiC0L,Misfortune,['October 31'],515933,2004,False,,0.213,0.6990000000000001,1.7199999999999998e-05,0.256,133.589
5rwnPjg1pVql5bFRJPho6s,I Don't Know,['October 31'],293920,2007,False,,0.193,0.919,4.0799999999999996e-05,0.207,139.692
6YrQc2qDjBfoTsodSs7Ibr,All the Way Home,['3rd Matinee'],312587,2019,False,,0.478,0.442,0.336,0.315,160.46200000000005
2Gqajomjm6LbNS5jjFpYGw,333 266,['Amb'],203851,2015,False,,0.531,0.823,0.007409999999999998,0.77,179.965
5fGqdGW8qEaOroiDi7qDvz,3 Balle,['Remundo'],246125,2018,False,,0.677,0.898,0.0319,0.5,125.01899999999999
0PXWj5P7PMUfl2QYokt5sQ,3 Balle - Radio Edit,['Remundo'],201844,2018,False,,0.647,0.922,0.0159,0.48,125.02799999999999
2f0fqe6eGzoBHsu6LEBJ7l,Bloodwork,['36 Crazyfists'],197973,2018,False,,0.586,0.925,0.00133,0.843,160.055
1MCLHzgxSigpnUg33tIyrC,Sultro-Matic Principle,['Aubergine 3'],260533,2003,False,,0.6459999999999999,0.5529999999999999,0.129,0.461,169.986
2N4HoLckW3wwiBDF6mGNAE,Tres Bolivares,['Aubergine 3'],255627,2003,False,,0.586,0.645,0.00179,0.15,136.053
3LDuT9SXgZXPHFio7FXiE7,Panderthal Redux,['Aubergine 3'],363840,2003,False,,0.594,0.726,0.264,0.445,89.995
1GmZBYHj0HWCXGVV6JbG0E,World 6,['Aubergine 3'],317867,2003,False,,0.738,0.721,0.638,0.457,132.039
2VYZNWKpKFFs92YCcfpJY8,Jinn,['Aubergine 3'],304187,2003,False,,0.7070000000000001,0.418,0.5920000000000001,0.0438,125.087
2eWv9ZH4yhKBv2VHS4Ybj1,As Wide As The World,['Aubergine 3'],307693,2003,False,,0.728,0.564,0.687,0.509,99.97399999999999
5F8DcMZgw8pm5PKRQj4PdL,Spank Le Disco,['Aubergine 3'],327787,2003,False,,0.9159999999999999,0.653,0.21899999999999997,0.787,125.027
4d38M0aYuqh45vWOV91uKY,Lando's Lament,['Aubergine 3'],346800,2003,False,,0.7170000000000001,0.523,0.02,0.6809999999999999,90.00299999999999
5rvWb0sBzTkdVmyfj4ttp0,Cloud Forest,['Aubergine 3'],310120,2003,False,,0.413,0.633,0.565,0.361,80.02600000000002
7mnzmDW1bNRnvF7bTrlLIJ,Don Pisco,['Aubergine 3'],330320,2003,False,,0.81,0.595,0.159,0.765,125.99700000000001
4SSAPP7mpDvGd21HfLiluM,Vapour,['Aubergine 3'],288067,2003,False,,0.6920000000000001,0.631,0.191,0.716,92.98899999999999
3YIFI2swM1palnDdZfa8OU,The Pickup,['Aubergine 3'],269267,2003,False,,0.708,0.5,0.34600000000000003,0.857,100.022
0L1ry7JWL67O1O1s67V2fx,SUPREMACY,['FEVER 333'],174600,2020,True,,0.662,0.774,0.424,0.718,100.006
3NiDSF0Jhi4DwbZrvP4QgX,3D,['Money Man'],113333,2020,True,,0.789,0.7190000000000001,0.00505,0.501,143.904
3TWkAgxg2LKjmJ4CiEvOkr,3 small words,['MisterWives'],193027,2020,False,,0.6459999999999999,0.593,0.028999999999999998,0.88,98.949
2vnhmi02O2nFgv1Xe6Y7XW,3AM LUST LOFT,['GEOTHEORY'],135610,2019,False,,0.733,0.774,0.0020800000000000003,0.0758,122.994
3E97dRttUwufj4PKTUkRS4,Life Value,['38 Spesh'],120216,2013,True,,0.495,0.7659999999999999,0.0494,0.674,80.656
5rFZdogwVkIfxvfZ6WPn2G,Fire,['38 Spesh'],138240,2013,True,,0.484,0.6659999999999999,0.105,0.728,154.872
0MGCpGYuDCJeKIzYLYDX53,Room full of Money,['38 Spesh'],178338,2013,True,,0.613,0.532,0.11599999999999999,0.184,87.225
2FtJrnHZuaGCnjeD2KSlCI,The Appeal,"['38 Spesh', 'French Montana', 'Chinx']",214413,2013,True,,0.529,0.682,0.161,0.253,146.14
0cD2Mjs6UOwhPIx9Ubs86d,These 3 Words,['38 Spesh'],159922,2013,True,,0.5579999999999999,0.8420000000000001,0.312,0.157,81.048
4hwRBdVxoA7utJCwRwOV1D,Gone,['38 Spesh'],216085,2013,True,,0.36200000000000004,0.525,0.22899999999999998,0.152,179.093
3fgrG7CzSsZXWTkAMRVrQx,Snow,['38 Spesh'],176353,2013,True,,0.675,0.711,0.0972,0.489,78.01899999999998
0g6DtlSfYhrESbOjj29jdM,House around the corner,"['38 Spesh', 'Gucci Mane']",164250,2013,True,,0.687,0.6709999999999999,0.0821,0.87,141.091
2kYxPayE1v74en0mJsjrWA,I rather Die,['38 Spesh'],193332,2013,True,,0.855,0.474,0.1,0.237,122.039
41QWhcaJ9xBV7pEagy1sMq,Selfish,"['38 Spesh', 'Dwayne Collins']",237375,2013,True,,0.647,0.623,0.225,0.389,90.00200000000002
0qUM5MDFyMGku54mR8DTk5,Lookin' at Me,"['38 Spesh', 'Jazze Pha']",189832,2013,True,,0.6409999999999999,0.813,0.0537,0.551,154.094
5yuBbIYAe3TbEbwHVWVBe9,Coke Man / Weed Man,"['38 Spesh', 'Klass']",175726,2013,True,,0.39299999999999996,0.863,0.0694,0.736,153.168
0AQmhnXjaHFKYwQn3KCTsq,Up Top,['38 Spesh'],204069,2013,True,,0.628,0.852,0.149,0.815,85.072
57DFJM1wk0VoXTq1CZOoIS,The Lust,"['38 Spesh', 'Armani Ceaser']",236957,2013,True,,0.6579999999999999,0.67,0.301,0.685,85.303
4ksCW8BfCm7AkyxTyN4OxR,Throw away,"['38 Spesh', 'Stuey Rock']",222119,2013,True,,0.685,0.9109999999999999,0.0324,0.728,131.006
1xOVKG5LkyiuAfWIzexAfs,Flyin' Ho's In,['38 Spesh'],130743,2013,True,,0.25,0.7829999999999999,0.121,0.337,75.07
3YfmAy0EpzsXu036puWewJ,Re-Up with Everything,['38 Spesh'],222981,2013,True,,0.555,0.607,0.043,0.358,140.235
2M7rOCMqn2wqE4rlJofbnd,C.O.D.,['38 Spesh'],217496,2013,True,,0.738,0.759,0.0417,0.18600000000000005,143.935
0gg3l0QMcSifWxEj5SWU8l,That was Me,['38 Spesh'],218906,2013,True,,0.542,0.721,0.312,0.619,82.655
3BHhjRJ8YvFdUnKw46DqNd,No More,['38 Spesh'],193437,2013,True,,0.625,0.764,0.303,0.877,89.97200000000002
4ErPKodk1pNl4IRl5qneYR,Support,"['38 Spesh', 'Styles P']",282540,2013,True,,0.575,0.9109999999999999,0.138,0.5,110.175
0P1tTtedw5mis9NADEK8m3,Robot,['3OH!3'],237323,2011,True,,0.597,0.787,0.0134,0.478,82.385
6ck01KsIL9YHSmOKaRgrL9,<3,['LoneMoon'],196188,2020,True,,0.7609999999999999,0.825,0.18100000000000002,0.40299999999999997,97.98899999999999
1VOg7KgxCyrwPUguwPvEPg,3. Korrika (1983),['Egan'],219800,1983,False,,0.611,0.78,0.0972,0.8959999999999999,144.539
3kLuFiuBi7MxVLM7DA0UZF,Farewell,['3R2'],135786,2019,False,,0.531,0.419,0.716,0.36,159.958
6mIfGEviySQMuLPUP20zoq,Angelic Sphere,['3R2'],143054,2019,False,,0.522,0.992,0.0181,0.539,143.007
4rW3ESqeGne7PVvJMdH4UL,3 Legged Guy,['Lir'],195133,2008,False,,0.445,0.8909999999999999,0.0151,0.679,116.359
3VBuuSIKUA7lU68Vy6ddTM,Do What You Want,['30 Seconds Over Tokyo'],78507,1999,False,,0.29600000000000004,0.9620000000000001,2.9299999999999997e-05,0.513,122.70299999999999
0oO5NhbDeNvZgBAvOWwbvC,319 - X-cerpt,['Prince'],88227,2019,False,,0.79,0.735,0.0035,0.8240000000000001,121.948
7sf0OhDU5LH8MJqnF2XS9b,Drunk & 35,['Deromantic'],221880,2007,False,,0.40700000000000003,0.7070000000000001,0.00016299999999999998,0.637,141.101
6B8XlDgvuUTvpbU1QY90dc,3D Corporation,['Momus'],164640,2019,False,,0.71,0.617,0.0981,0.605,124.96
4L3T2yp2xdPkkqaQcc0Ua8,Momutation 3,['Momus'],149333,1992,False,,0.762,0.688,0.00307,0.5870000000000001,123.571
29f042ab0VT4d8UBTIsJom,Momutation 3 - Voyager,['Momus'],209893,2018,False,,0.763,0.292,0.00561,0.0705,123.571
6IY926U5nMwTdBDnEvdnvF,Gert.,"['Zandah', 'Ł3śł3ý']",96625,2019,True,,0.828,0.546,0.157,0.31,105.456
0CgvozbkfFRUCtpDi4xAeL,3:14am (Waze),['Kaseem'],181473,2020,True,,0.6709999999999999,0.45,0.461,0.701,85.05
0NywIStGb92KkoxiEMkQyC,Ciudad Desnuda,['37 Hostias'],198480,2013,False,,0.409,0.986,0.000924,0.7240000000000001,187.87900000000002
3SH4TtJCOdPyWJdOrmsc5Z,Mujer,['37 Hostias'],221147,2013,False,,0.263,0.93,0.000278,0.496,163.69799999999995
1iNvxoeH79qzdX58pXpANT,Pesadillas,['37 Hostias'],167053,2013,False,,0.584,0.943,0.000488,0.624,128.44
1NAEE4m2P6XCmH5n76kI6W,Canon,['37 Hostias'],191013,2013,False,,0.385,0.946,0.0018100000000000002,0.8340000000000001,133.811
0br5TCBwFQ8jurrNe2NQiy,Babilonia,['37 Hostias'],178160,2013,False,,0.5720000000000001,0.986,0.0016699999999999998,0.645,119.086
53tLv1MuPuMm1cwO786z7A,Dónde Voy,['37 Hostias'],180293,2013,False,,0.579,0.914,0.0129,0.937,128.569
7qMqqzw5F1SjRB7hfwrKEp,Mordiendo la Vida,['37 Hostias'],133907,2013,False,,0.589,0.9740000000000001,0.038,0.7390000000000001,127.941
5agWAOq9gYgWDkGr1OhfIh,La Ley,['37 Hostias'],236387,2013,False,,0.389,0.9670000000000001,0.00162,0.34299999999999997,160.04
1wXSirgz4RnKUZ9gDbcCy3,Inferno,['37 Hostias'],133667,2013,False,,0.452,0.9590000000000001,0.00162,0.513,108.09299999999999
2C5DC72SDVeYD1Nx6yXJA2,Solo una Vez,['37 Hostias'],146733,2013,False,,0.41700000000000004,0.958,0.0008990000000000002,0.8540000000000001,177.46599999999995
1s6rHGzsh8pxKCjEOwAif7,Círculo Vicioso,['37 Hostias'],148493,2013,False,,0.528,0.9309999999999999,5.600000000000001e-05,0.701,125.152
2Eskk1yL1t2knxxwJ8ijjc,Requiem,['37 Hostias'],157947,2013,False,,0.4270000000000001,0.9640000000000001,0.00131,0.778,160.974
1m50NUPuug7t7kcpqrl785,Me da Igual,['37 Hostias'],172360,2013,False,,0.515,0.966,0.0253,0.5489999999999999,127.801
74Fjx92R8eF46EUhPxL2re,Norte y Sur,['37 Hostias'],116453,2013,False,,0.40399999999999997,0.953,0.000233,0.8440000000000001,159.95
1LYs0aSDUqjtvikykIo6Nq,Rockets in a Beautiful Sky,['Alternative 3'],199800,2001,False,,0.607,0.852,0.057999999999999996,0.436,140.2
7kGkLdu8ckDDEb5Nls0HCe,308,['22Gz'],125857,2020,True,,0.87,0.7440000000000001,0.321,0.447,145.107
4SISYXW5ft6a8XzjjUzicS,308,['22Gz'],125857,2020,False,,0.84,0.722,0.304,0.47200000000000003,145.061
6cMHgFzhAv41B0Pl2SfeCD,Shooting Star,['3oom 3ox'],242607,2020,False,,0.607,0.524,0.423,0.28,107.995
528siHn7P1mbkNg2gRlfxY,Message on the Mirror,['3oom 3ox'],257655,2020,False,,0.614,0.626,0.0421,0.595,109.986
6GGLUiybPTCGDsJagNOzDC,Exosphere,['3oom 3ox'],344941,2020,False,,0.7140000000000001,0.675,0.0833,0.305,127.994
1kiUHzNaTIiVooykYq1VsU,Radiance,['3oom 3ox'],223535,2020,False,,0.47200000000000003,0.9259999999999999,0.012,0.353,115.005
6FS3qihCwwfB3PEqwNCGcg,3 Legged Guy,['Lir'],200693,1994,False,,0.502,0.7659999999999999,0.14300000000000002,0.81,107.406
7pMyq97F6UAqKnc2P9e425,32 Pennies,['Warrant'],188093,1989,False,,0.447,0.8,0.0103,0.7759999999999999,168.396
117NRVevZNmAabL8dLJYH3,3:14am (Waze),['Kaseem'],181473,2020,True,,0.6709999999999999,0.45,0.45799999999999996,0.69,85.05
3LajoYXuSQ9ecsCr4TOD9t,Like This Summer,['3YE'],208880,2020,False,,0.693,0.93,0.0883,0.762,126.926
4Y4Vp3pG7SaW1kDzxouT4e,Like This Summer - Instrumental,['3YE'],208880,2020,False,,0.6809999999999999,0.878,0.00179,0.745,126.99600000000001
1s1olni1LRN6fJ96GEO9qo,DMT (Do Ma Thing),['3YE'],175600,2020,False,,0.7120000000000001,0.919,0.00115,0.557,108.03
1uJbIHMYly6tMAG3jLUg81,OOMM (Out of My Mind),['3YE'],200947,2020,False,,0.718,0.88,0.0533,0.39899999999999997,150.063
4h08HFaL0rhpIXdHqVFvPV,QUEEN,['3YE'],213080,2020,False,,0.6940000000000001,0.897,0.00128,0.431,129.947
6nBj2v6UkCYQQaz9tJ3tsH,YESSIR,['3YE'],198493,2020,False,,0.6809999999999999,0.975,0.0626,0.726,94.99799999999999
0NEh24OJ2rGc74SeUB8eto,ON AIR,['3YE'],173453,2020,False,,0.775,0.77,0.00854,0.324,105.99799999999999
3NDxIXDHgLKm5FzzRQ0s0f,STAY WITH ME,['3YE'],215613,2020,False,,0.569,0.5820000000000001,0.405,0.617,91.735
1pZf4jXPNN3qVwj7pUFoD0,OOMM (Out of My Mind) - Remix,['3YE'],161760,2020,False,,0.768,0.665,0.102,0.698,149.93
7kDw5mRoi0Vw7eGZSID5Y5,QUEEN,['3YE'],213080,2020,False,,0.7,0.8909999999999999,0.0014199999999999998,0.4,129.976
7HYuX7yWaZeVCh3nNXDi8m,QUEEN - Instrumental,['3YE'],213080,2020,False,,0.614,0.762,0.000262,0.324,130.014
65gzcr0GjgVInjECujSpPm,OOMM (Out of My Mind),['3YE'],200947,2019,False,,0.7170000000000001,0.88,0.0533,0.39899999999999997,150.063
0LtJ5gngAI8OP36Q4M9HvK,OOMM (Out of My Mind) - Instrumental,['3YE'],200945,2019,False,,0.705,0.737,0.0535,0.365,150.001
4z8goz0Qkar5om69GL45il,DMT (Do Ma Thing),['3YE'],175600,2019,False,,0.7120000000000001,0.919,0.00115,0.557,108.03
4DTOwhrX6YuyHi3WHczRlw,DMT (Do Ma Thing) - Instrumental,['3YE'],175599,2019,False,,0.718,0.8909999999999999,0.00011499999999999999,0.47700000000000004,108.042
44x0T9w7VuBKcZl04w5Upw,If You're Thinking About Giving Up Think Again Because I Believe In You,['3xBlast'],221305,2020,False,,0.435,0.871,1.4099999999999999e-05,0.391,100.044
6ICNOOuk61g4Oc8jFIaQMZ,39 (Intro),['Grayson'],35020,2019,False,,0.225,0.0985,0.805,0.0532,120.35700000000001
6ej19lj81kp2LPCT806MZU,32 Pennies,['Warrant'],215267,1999,False,,0.38799999999999996,0.929,0.006409999999999999,0.579,160.907
2gFRuKR5SCNzaQycQVlKqC,32 Pennies (Meeks Remix),['Warrant'],225360,1999,False,,0.545,0.912,0.00733,0.725,161.65200000000004
6YaR3eORSTxGL4azFn2HkS,313,['Dano Detroit'],195030,2020,True,,0.486,0.836,0.00044,0.125,160.129
1jgylwbYBdyYLnAE8nMqho,Untitled,['Johnie 3'],69056,2007,True,,0.488,0.981,0.00029,0.179,105.521
1vhwHHM9rUAuiqVbZzBd8Z,You'll Do,['Johnie 3'],89466,2007,False,,0.431,0.945,0.0186,0.887,105.081
34n1nyUcUEo5jO4oDodDc1,Let's Get Medicated,['Johnie 3'],105419,2007,False,,0.21100000000000002,0.978,0.0135,0.68,201.764
3WpDi3TebEL1S5IJuhPOtN,Rollercoaster,['Johnie 3'],130403,2007,False,,0.48200000000000004,0.981,0.000414,0.41100000000000003,104.04899999999999
3hoSHJXV0ehMYnhNFEGRBC,32 Pennies In A Ragu Jar,['Warrant'],189333,1996,False,,0.446,0.777,0.0104,0.775,168.301
2WAdXRRn8jnbJaZNHZbLmf,Horror Show,['32Stitches'],181369,2019,False,,0.532,0.528,0.0214,0.0752,90.059
67O8CWXxPsfz8orZVGMQwf,End of Time,"['K-391', 'Alan Walker', 'Ahrix']",187560,2020,False,,0.81,0.7,0.267,0.193,116.01899999999999
2ECRAYT3ZKjt9ViqFRQuxq,Unpredictable,"['BigHomieJayRell', '33']",205191,2020,True,,0.67,0.675,0.0249,0.235,77.382
4p44Y22mPDmFT1rG3ZWOB4,3 Cheers,['Invasives'],336016,2010,False,,0.23399999999999999,0.9470000000000001,0.0515,0.188,205.305
7wNQ7UEjLfxI1gr2y3zzX5,Tailfish,"['nok nok', '37']",218525,2020,False,,0.679,0.7020000000000001,0.152,0.272,125.008
7sgdcbuvmzoS1VH62lIB7K,Tailfish,"['nok nok', '37']",218525,2020,False,,0.679,0.7020000000000001,0.152,0.272,125.008
5UCZOzJ0SFwjrjrH5s0g3t,3 Head Thoroughbred ft. Jake The Snake and Prone2,['Exposition'],280373,2007,False,,0.6459999999999999,0.758,0.0651,0.782,171.051
3HjvhL3o0RQoI6oyFhda3j,Debout les femmes,['39 Femmes'],202628,2018,False,,0.56,0.361,0.955,0.309,102.12799999999999
3xTp3AVMvAtRYooFcZsKQl,Too Sick To Pray,['Alabama 3'],284227,2000,False,,0.517,0.833,0.226,0.2,88.044
4UoEyiUDsinkKzf0G9brIq,Mansion On The Hill,['Alabama 3'],178173,2000,False,,0.489,0.848,0.163,0.6409999999999999,172.734
3yUmeanXv7A1ahFGT8VDSg,Sad Eyed Lady Of The Lowlife,['Alabama 3'],281600,2000,False,,0.674,0.727,0.10400000000000001,0.862,150.04399999999995
3wjQbXWK4Ulfn71FnRLpqQ,Walking In My Sleep,['Alabama 3'],369467,2000,False,,0.5720000000000001,0.747,0.00788,0.752,176.64700000000005
3FgJcRkhqTGTXjcqeDLpaZ,Wade Into The Water,['Alabama 3'],314133,2000,False,,0.531,0.912,0.0112,0.802,134.972
1oUZzUNJ6voEqlfB7YqJFi,Hotel California,['Alabama 3'],334027,2000,False,,0.6970000000000001,0.93,0.094,0.879,74.994
3UDs3eZKMDthZwCWZbyfIB,Cocaine (Killed My Community),['Alabama 3'],284733,2000,False,,0.7140000000000001,0.758,0.000399,0.428,113.37700000000001
1JLY7ptPh4gOgR28HJumwz,The Thrills Have Gone,['Alabama 3'],267733,2000,False,,0.486,0.198,0.885,0.0321,128.564
1sFgqTQQcScMNoMJuejS4G,2129,['Alabama 3'],263600,2000,False,,0.517,0.703,0.00257,0.369,177.984
1Bv8Yav0hHyGHrpoWQJfno,Strange,['Alabama 3'],325640,2000,False,,0.35200000000000004,0.5539999999999999,0.0141,0.0665,126.85600000000001
51osZGOTzd5xHLunFpjE8Z,Sinking...,['Alabama 3'],329067,2000,False,,0.601,0.638,0.139,0.537,75.009
0b0NNNXVepz7qPaU7Bkirv,Ignite - Hellberg Remix,"['K-391', 'Alan Walker', 'Julie Bergan', 'SEUNGRI', 'Hellberg']",205533,2018,False,,0.51,0.603,0.0291,0.507,122.14200000000001
0qsAtFxboLqqvSWhUr9uy3,Ignite - Different Heaven Remix,"['K-391', 'Alan Walker', 'Julie Bergan', 'SEUNGRI', 'Different Heaven']",191440,2018,False,,0.7040000000000001,0.8009999999999999,0.22699999999999998,0.522,100.00399999999999
4BkOTjyeSbQw1LkFhKu1gL,Ignite - Ahrix Remix,"['K-391', 'Alan Walker', 'Julie Bergan', 'SEUNGRI', 'Ahrix']",217200,2018,False,,0.439,0.792,0.19699999999999998,0.20199999999999999,128.265
29fReQcAz3Kr2OE5fMciIO,Ignite - Raiden Remix,"['K-391', 'Alan Walker', 'Julie Bergan', 'SEUNGRI', 'Raiden']",225560,2018,False,,0.544,0.8540000000000001,0.187,0.507,179.91099999999997
4HnQJ7oDVgIoTXyBe2vAtl,Ignite - Hollaphonic Remix,"['K-391', 'Alan Walker', 'Julie Bergan', 'SEUNGRI', 'Hollaphonic']",168240,2018,False,,0.672,0.884,0.00487,0.58,123.948
08GaTSWcx5rVQ9LVmS4VYw,Ignite - Panta.Q Remix,"['K-391', 'Alan Walker', 'Julie Bergan', 'SEUNGRI', 'Panta.Q']",203573,2018,False,,0.511,0.644,0.006790000000000001,0.16399999999999998,167.97
4NulPpu5ICpVH4M7veJKEj,3rd Option,['Ruslan'],198194,2019,False,,0.633,0.62,0.77,0.284,155.572
6pPVYDnHTFAWNha0qBJrlU,33rd,['Ruslan'],145882,2019,False,,0.8059999999999999,0.72,0.618,0.6729999999999999,102.025
61tMLCfIycEtYPJr3v9cPn,You Spin Me Round (Like a Record),['3TEETH'],208125,2020,False,,0.517,0.99,2.95e-05,0.318,127.984
5NQnRGAE82p4zwDAbPErcm,Ballroom Blitz,['3TEETH'],210828,2020,False,,0.493,0.991,7.69e-05,0.231,120.00299999999999
3P2JmyNO7hlOd6spRIJdD9,3/4,['Law'],203960,2002,False,,0.317,0.5820000000000001,8.109999999999999e-05,0.336,119.944
5fWrAzVN1rQckoX8OxVEUo,30hz,['Fellsius'],220212,2018,False,,0.7509999999999999,0.759,0.059000000000000004,0.331,145.033
34XEgIcJqC1qAK9F1DkErO,3peat,['Moneybagtay'],162534,2020,True,,0.787,0.652,0.0556,0.28600000000000003,99.18299999999999
3rK44Yqa3POu45sSbks33t,30 Rounds,['Moneybagtay'],193000,2020,False,,0.852,0.732,0.025,0.483,99.95700000000001
0cigEXxqeeLCffShUS9as7,30,['TiaCorine'],80987,2020,True,,0.769,0.564,0.12,0.609,140.115
4BBwIYiXpQANxxdN4sFGSe,34 Faucet,['TiaCorine'],203707,2020,True,,0.787,0.522,0.0385,0.38,135.829
63wf92i45hD2svEtZFaMXi,3 Senses,['Hydelic'],171870,2020,False,,0.5920000000000001,0.49,0.585,0.26,173.995
1evWRujri8M7wwVRVrqssd,Scream - Original Mix,['L 33'],256744,2015,False,,0.594,0.956,0.00020800000000000001,0.365,172.03799999999995
3WN8dYHB5KiorwE67oPcWP,Digital Sound - Original Mix,['L 33'],279070,2015,False,,0.596,0.9790000000000001,5.3400000000000004e-05,0.32299999999999995,172.03599999999997
15nEjJcTHfEhoO0yXtobRa,Oscillation - Original Mix,['L 33'],279070,2015,False,,0.6559999999999999,0.94,0.000424,0.397,172.021
3GjQKkIFSmwTbJDbEhdK5a,Calibrate - Original Mix,['L 33'],297931,2015,False,,0.73,0.871,0.000562,0.27899999999999997,174.037
4HcvFh452K1hbIngjOwLfn,Mental Accelerator,['L 33'],285261,2011,False,,0.7759999999999999,0.7879999999999999,0.004220000000000001,0.27699999999999997,87.459
6kWPaujceoPs0vfk4HrP8m,Goodbye,['L 33'],185951,2011,False,,0.6729999999999999,0.9390000000000001,0.00722,0.496,169.94
0ywZsF2GsEFVPDdK41CQCX,Zombieland,['L 33'],221192,2011,False,,0.441,0.9470000000000001,1.64e-05,0.32,173.958
0A7fAwapNYKhfvcuVBBQwv,Rise,['L 33'],292714,2011,False,,0.642,0.996,0.00126,0.386,172.012
6jn3M1aFHgjdkXIK7JlP0W,Deep Silence,['L 33'],247482,2011,False,,0.713,0.904,0.00119,0.645,171.977
2psVSDm8gFjKyAHz7VoGnn,Mobo Mean Muggers (Intro),['3:16'],175309,1999,True,,0.7120000000000001,0.622,0.301,0.198,186.123
16HOBn14pIoFLtZdzPdUYM,Camp Mix,['3:16'],277526,1999,True,,0.742,0.883,0.0457,0.33299999999999996,99.00299999999999
5NpAyZ5cCaCxnTUQQmSJ4f,3:16,['3:16'],198741,1999,True,,0.78,0.455,0.0196,0.0824,176.058
7aj0rsw8G4KvkS6cQytnaq,Why Did It Have to Be This Way,['3:16'],213474,1999,True,,0.746,0.439,0.109,0.255,179.41400000000004
51jNYAqOYcRAab6zaDMOaF,Nightmare Man,['3:16'],235704,1999,True,,0.602,0.716,0.265,0.302,95.98299999999999
2Sc7Z0WM3lAdlSxOE0kNa5,302,['RiverKinn'],118779,2019,True,,0.682,0.409,0.0932,0.18100000000000002,94.941
1xMAeCfJ8tlmHbq8MGssb2,Pistol On Me,"['38 Spesh', 'Benny The Butcher']",233480,2008,True,,0.451,0.902,0.049,0.569,90.822
7I1aMl6Iof0sQwbzMotS7S,Street N***a,"['38 Spesh', 'Benny The Butcher']",208187,2008,True,,0.601,0.932,0.0859,0.64,75.971
15oeldxsjFbMNf7WDoUXbX,Hustlers Paradise,"['38 Spesh', 'Benny The Butcher']",194400,2008,True,,0.35200000000000004,0.889,0.105,0.47,160.06799999999996
5xEJzy7W1j3mIV1i96uU36,Half Of Brick,"['38 Spesh', 'Benny The Butcher']",189280,2008,True,,0.637,0.698,0.0426,0.867,149.947
5dZSTjB49MyI692ZpNRnX0,Cook Work,"['38 Spesh', 'Benny The Butcher']",57573,2008,True,,0.628,0.816,0.204,0.92,56.303999999999995
4tIW3bU4E4PEcz3ldDCTp5,38 Freestyle,['38 Spesh'],111880,2008,True,,0.6709999999999999,0.8140000000000001,0.152,0.644,172.882
5SdatJyw4GcX63KHOJ5fZS,Whip Game Freestyle,"['38 Spesh', 'Benny The Butcher']",114787,2008,True,,0.485,0.821,0.0309,0.5489999999999999,116.064
05861ILJZHjQzjFK1HUdEJ,Re Up (Remix),"['38 Spesh', 'Benny The Butcher']",196280,2008,True,,0.833,0.684,0.11900000000000001,0.9670000000000001,111.941
0LSElhoMmDEVJnRhefGenc,American Dopeboy,"['38 Spesh', 'Benny The Butcher']",113653,2008,True,,0.604,0.857,0.332,0.9309999999999999,77.64
2kPBNrFmx6mhhTpgMzxY4Y,Hustle Block,"['38 Spesh', 'Benny The Butcher']",169080,2008,True,,0.56,0.902,0.0296,0.8809999999999999,82.65799999999999
2YfpG1ypb7xCx17qcremdC,Trapping,"['38 Spesh', 'Benny The Butcher']",203600,2008,True,,0.483,0.898,0.433,0.659,82.87200000000001
6IYE2mpHw2qrPhvbAcHWD8,Cocaine Wishes,"['38 Spesh', 'Benny The Butcher']",224533,2008,True,,0.639,0.826,0.0171,0.618,150.394
2zYUzv4fu40ysh3JkXehai,We Got,"['38 Spesh', 'Benny The Butcher']",260720,2008,True,,0.5720000000000001,0.78,0.0475,0.523,139.412
6mKNXEeOO8GNEoI3CESEDG,Take The Money,"['38 Spesh', 'Benny The Butcher']",175907,2008,True,,0.6990000000000001,0.92,0.0654,0.384,148.481
1ZIYGUSoU7zyIcdgBXRPYY,In Love With You,['38 Spesh'],162933,2008,True,,0.588,0.797,0.00826,0.462,83.145
4xGwNguTFTeB01r8qbipFN,F*ck The World,"['38 Spesh', 'Benny The Butcher']",146627,2008,True,,0.515,0.887,0.0070799999999999995,0.562,166.329
3j2sPxcOY49hoepGmkAxmP,The Truth,"['38 Spesh', 'Benny The Butcher']",119720,2008,True,,0.5429999999999999,0.9179999999999999,0.0469,0.746,84.47399999999998
4F5hV994Fz4aKPc0GJiOrg,One Brick,"['38 Spesh', 'Benny The Butcher']",214507,2008,True,,0.379,0.868,0.128,0.435,75.024
70mgleiCIAfeE0oylY7yUa,Freestyle,"['38 Spesh', 'Benny The Butcher']",209240,2008,True,,0.5529999999999999,0.758,0.139,0.7140000000000001,86.495
6kC9K0VYejNYPeOav3hKqi,3am in Doral,['Lipp'],156891,2020,True,,0.41,0.505,0.48200000000000004,0.317,182.19400000000002
2D4GLeYU0OCsfl7EikOX0S,Hellbound Eyes,['3 Blind Mice'],194747,2003,False,,0.581,0.537,0.413,0.9620000000000001,166.21599999999995
5mfAsi5s2RyE9xvQUlPyvc,Let Me In,['3 Blind Mice'],290053,2003,False,,0.617,0.251,0.873,0.35200000000000004,112.375
2KROFDnMDRZset4c3PT9Bk,The Bear Lies Down,['3 Blind Mice'],263040,2003,False,,0.498,0.174,0.885,0.24100000000000002,125.02799999999999
1pYZjc8BXhf73X4BqHCkBP,Doing the Best I Can,['3 Blind Mice'],200840,2003,False,,0.4270000000000001,0.452,0.14400000000000002,0.3720000000000001,80.273
0pzFeAVLf3Bzd8khAVCeCa,The Sun Still Shines,['3 Blind Mice'],230307,2003,False,,0.42100000000000004,0.513,0.47100000000000003,0.13,181.333
6mNable0WeBDWzajeW9rQh,Piggy in the Middle,['3 Blind Mice'],256987,2003,False,,0.7390000000000001,0.473,0.563,0.518,93.8
20LxBoQt1fC5Rkfj0Bzhwn,Jack & Billy,['3 Blind Mice'],358280,2003,False,,0.601,0.444,0.33399999999999996,0.677,147.619
0Yi4k69KgqHcYB1j8rfbHj,Welcome to the Water,['3 Blind Mice'],203147,2003,False,,0.677,0.318,0.753,0.557,149.431
2R5gwNYm5muVWe7wyFAnsq,Emily Has Compassion Fatigue,['3 Blind Mice'],261587,2003,False,,0.76,0.479,0.61,0.6629999999999999,146.958
51iQiRCbKHJzCPEFLzEz5W,Storyteller,['3 Blind Mice'],193413,2003,False,,0.552,0.4370000000000001,0.496,0.33,101.95
79ktbIrEikYu7yUHzNXKRM,Heartstrings,['3 Blind Mice'],241880,2003,False,,0.7340000000000001,0.318,0.0719,0.585,101.74799999999999
6cqPvxzzYYtkdv78uklSE9,Pray God,['3 Blind Mice'],179907,2003,False,,0.6829999999999999,0.47100000000000003,0.6709999999999999,0.409,90.523
2uqX1s2IzPDivdHgRNVJhM,Don't Go Killing Me,['3 Blind Mice'],195053,2003,False,,0.722,0.462,0.517,0.32299999999999995,127.085
4e3mKn7PUohYiMJTQMGSAr,Steel,['3 Blind Mice'],633320,2003,False,,0.629,0.8909999999999999,0.0199,0.6,153.311
3iT0IhAa11vcrVYQipXd9Z,Baby & All,['3 Blind Mice'],300600,2003,False,,0.57,0.6409999999999999,0.0768,0.26899999999999996,98.681
2HMdiK6mzaReXlLvgFDR3n,Old Mother Hubbard,['3 Blind Mice'],225747,2003,False,,0.848,0.308,0.10400000000000001,0.506,132.672
6QbyIrAZbeVs16IzrGSdjc,Chapter 319,['clipping.'],190735,2020,True,,0.696,0.7290000000000001,0.00209,0.685,142.225
1YtJGpYuDgcX8dclzEc3tG,312,['9YVER'],120007,2020,False,,0.802,0.418,0.00461,0.5760000000000001,119.98100000000001
2Hwrs62RF8lOllWa83bMAa,La Rose blanche,['Mickey 3d'],241053,2014,False,,0.46799999999999997,0.365,0.654,0.31,73.005
0L7R5lxs5A0GwCLysZKFdR,En léger différé,['Mickey 3d'],206000,2014,False,,0.7609999999999999,0.752,0.147,0.9520000000000001,128.991
1K6oiFf6b38K29M69hJGrJ,Rallonge tes rêves,['Mickey 3d'],244773,2014,False,,0.898,0.447,0.315,0.4270000000000001,90.041
5dJ8X30VDbcIZL9mdCWlsf,Sebolavy,['Mickey 3d'],222667,2014,False,,0.8009999999999999,0.621,0.156,0.855,123.05
7puz0v2wfQIR6cGympjGOW,Aurélia,['Mickey 3d'],240080,2014,False,,0.625,0.7190000000000001,0.38,0.222,130.251
7auuV6cSOSXAoCSF5z2BkZ,Les Papillons,['Mickey 3d'],249347,2014,False,,0.616,0.38,0.635,0.418,74.92
5NFx39e2unXG7xqVQBreov,J'attends Mylène,['Mickey 3d'],243333,2014,False,,0.8190000000000001,0.486,0.0132,0.69,125.125
56F5233ryR7aOCUJETiSpi,Le Dernier des cinglés,['Mickey 3d'],220053,2014,False,,0.895,0.552,0.2,0.9059999999999999,123.016
7GoA0Dv28GsSRJvDbjxbGf,Après le Grand Canyon,['Mickey 3d'],213027,2014,False,,0.585,0.588,0.185,0.5329999999999999,168.113
3AYrKCgIOBhqJVzlvDtSSY,François sous la pluie,['Mickey 3d'],181347,2014,False,,0.7340000000000001,0.40700000000000003,0.7,0.632,116.97
6VVV6DitUQcl5309hKrka3,Liberté égalité fragilité,['Mickey 3d'],188187,2014,False,,0.688,0.721,0.256,0.605,115.021
1Q1AVxp7WRjSBS5xoGRo2N,Des fleurs dans les cheveux,['Mickey 3d'],220720,2014,False,,0.831,0.551,0.087,0.9620000000000001,131.592
5c29QM9lEREZKbcotNBrvC,"Sylvie, Jacques et les autres",['Mickey 3d'],274173,2014,False,,0.736,0.41100000000000003,0.293,0.517,82.98200000000001
3HfkowNUVZZu0qPlFhTaQT,#cpasgrave - Radio Edit,['Mickey 3d'],171347,2014,False,,0.757,0.6990000000000001,0.599,0.922,88.029
2Z1fwyUIhfq8MrxrR1yvsh,BITE BACK,['FEVER 333'],190657,2020,True,,0.545,0.998,0.0192,0.142,129.99200000000002
5STqsbcMcEy4rYXrE1H3Af,BLOCK IS ON FIRE,['FEVER 333'],136110,2020,True,,0.665,0.978,0.12300000000000001,0.71,146.047
5NxcwsJjimdAoE7UtZm9Qd,WRONG GENERATION,['FEVER 333'],142640,2020,True,,0.633,0.885,0.0294,0.39399999999999996,92.075
1UcHgDvcSi7epiDsqX4Hlj,U WANTED A FIGHT,['FEVER 333'],137452,2020,True,,0.486,0.883,0.0028,0.307,103.986
6QtC9XV1epDT9rJRLm4rg6,WALK THROUGH THE FIRE,['FEVER 333'],134351,2020,False,,0.665,0.924,0.0352,0.433,92.52600000000001
1UJhxFYza5iKVkwr1JRWGC,FOR THE RECORD (feat. Walter Delgado of Rotting Out),"['FEVER 333', 'Walter Delgado']",122252,2020,True,,0.253,0.9940000000000001,0.000942,0.084,102.70700000000001
2CHwb8oZDkVvtvzTEY4fTU,LAST TIME,['FEVER 333'],72571,2020,False,,0.61,0.311,0.971,0.321,105.311
6bBM1eXNKZ4xpScD79Qk8J,SUPREMACY,['FEVER 333'],174600,2020,True,,0.662,0.774,0.424,0.718,100.006
7cVgF6mla5VRG9N00iYs8P,3rah,['GASM'],463994,2018,False,,0.273,0.672,0.00345,0.0358,51.96100000000001
2xYd62Ab9xvinHrISlsKQO,3 Feet from Gold,['Mawr'],155500,2018,False,,0.605,0.611,0.049,0.545,114.99600000000001
7sR13ytKmJcEauzdW7oL8y,Respire 2020 (feat. Bigflo & Oli),"['Mickey 3d', 'Bigflo & Oli']",229031,2020,False,,0.721,0.8590000000000001,0.0693,0.406,96.992
4VQPwDijJYQbM0hU5YkCvy,Hood Prayer,"['38 Spesh', 'Street Justice', 'Planet Asia']",204852,2020,True,,0.557,0.88,0.0588,0.691,171.882
6yfRpUiTeQrgmIfDm4hVTF,Honor and Glory,"['38 Spesh', 'Street Justice']",204497,2020,True,,0.5710000000000001,0.87,0.0309,0.45299999999999996,169.233
47LoPMm0i6cADWt0M2OoEs,Stand Up,"['38 Spesh', 'Street Justice']",163636,2020,True,,0.6679999999999999,0.883,0.131,0.537,88.00200000000002
52AOQOln3sLmJ2tvJRZmR6,No Unity,"['38 Spesh', 'Street Justice']",192000,2020,True,,0.6759999999999999,0.8029999999999999,0.0545,0.778,170.11700000000005
4zIvPub0XcFhlgQvrxkH8H,Don't Believe 'em,"['38 Spesh', 'Street Justice', 'Eto']",166474,2020,True,,0.6559999999999999,0.7959999999999999,0.0706,0.489,172.979
4wGgWI7Z3isi83dfN1NwXI,Respect the Hustle,"['38 Spesh', 'Street Justice']",182278,2020,True,,0.552,0.74,0.214,0.782,158.11
2jZPAc3fezZJbHUG312azh,Overthrow,"['38 Spesh', 'Street Justice', 'Che Noir']",226898,2020,True,,0.557,0.513,0.13699999999999998,0.605,84.806
7HNZtBaOQUjYEnvX8dKqKz,Live Long to the Real,"['38 Spesh', 'Street Justice', 'Che Noir']",94815,2020,True,,0.465,0.649,0.828,0.7090000000000001,80.57600000000002
3iPu0FjYRzXPkOv2Lzn22h,Libertad Lejana,['37 Hostias'],190400,1997,False,,0.516,0.9329999999999999,0.0018800000000000002,0.792,120.02600000000001
4dREk7J4HKANDAthUIdQEt,Fuera de la Ley,['37 Hostias'],175133,1997,False,,0.521,0.9,0.0171,0.716,129.829
1bIHb37LfA3bIqHtxryylS,Queremos un Grammy,['37 Hostias'],146133,1997,False,,0.541,0.885,0.0008289999999999999,0.693,111.06299999999999
5ojFcb3XPwgvOp19XqYHpW,La Rusa,['37 Hostias'],192867,1997,False,,0.308,0.919,0.000941,0.777,135.888
4OTVWsA2C3ci7eb5iyG0NA,El Hueso,['37 Hostias'],228027,1997,False,,0.46299999999999997,0.889,0.0026899999999999997,0.675,117.959
1DfJrYM3rkAmhWWUqZ5tdh,La Canción del Pirata,['37 Hostias'],233933,1997,False,,0.23,0.813,0.0186,0.511,164.68900000000005
4gc885a5oCABx25vhhJf6Q,El Jurado,['37 Hostias'],201307,1997,False,,0.34,0.978,0.0041600000000000005,0.655,180.482
3d56Q8JEFsNf7eHmLubsKH,Legalización,['37 Hostias'],205533,1997,False,,0.2,0.9390000000000001,0.000399,0.6759999999999999,173.843
0JgQJl9QXR5XCxaxmf7lyP,Te Volvió a Besar la Soledad,['37 Hostias'],166200,1997,False,,0.47100000000000003,0.9490000000000001,0.00364,0.635,123.065
6LZDCuxWSGmoLmWBSACwXB,El Hombre y Su Ambición,['37 Hostias'],120027,1997,False,,0.40700000000000003,0.945,0.00955,0.708,170.007
2EekUJkrahI7naDmlP3QZa,Suenan Disparos,['37 Hostias'],163040,1997,False,,0.39399999999999996,0.934,0.00109,0.649,169.82
1Y9nrPsEezt78Sfew6TvAT,Soy... (El Virus),['37 Hostias'],122960,1997,False,,0.434,0.794,0.00413,0.7240000000000001,185.558
5AAvpTUnXzOkkXVzqfBOAT,Zuemar,['37 Hostias'],143440,1997,False,,0.568,0.9209999999999999,0.0144,0.861,136.159
72wRaNNr09STkOt2dyNmTh,Ainhoa,['37 Hostias'],199093,1997,False,,0.382,0.9420000000000001,0.0011,0.6459999999999999,160.031
3xkVi9FjdtTxnEttq1plFP,Callejón Sin Salida (El Expresidiario),['37 Hostias'],161800,1997,False,,0.385,0.917,0.00282,0.708,173.97099999999998
380sUur9dnB1pAbZ9e6EwJ,La Taberna Fantástica,['37 Hostias'],241333,1997,False,,0.43,0.857,0.0163,0.542,96.98200000000001
5MgOCmr1BfobYETPMG4Z1X,Ressacca Di Amore (La Garganta),['37 Hostias'],160307,1997,False,,0.47700000000000004,0.862,0.000712,0.68,135.059
4MJsQcV0PyXrB7irffKvRe,"Gallo Rojo, Gallo Negro",['37 Hostias'],207800,1997,False,,0.47100000000000003,0.815,0.00755,0.621,129.715
1OvURRQO4n9EQmjeb0hZtW,Amenaza Digital,['37 Hostias'],144200,2009,False,,0.308,0.971,0.00139,0.763,172.81099999999995
3KYz7a1ZZgvPMglwYiR5bR,La Gracia de Dios,['37 Hostias'],198880,2009,False,,0.445,0.958,0.0021100000000000003,0.523,95.405
6wN0uT6r75w9IHHyuiaNKZ,Rata de Ciudad,['37 Hostias'],204360,2009,False,,0.265,0.9840000000000001,0.000262,0.295,186.22799999999998
7wXpU1J25qz13FK5bR3DiE,Soy Pocero,['37 Hostias'],73147,2009,False,,0.429,0.995,0.000239,0.222,101.711
3vZY2nzj7Zug8CeHuwwFEV,Bostezando la Ciudad,['37 Hostias'],201120,2009,False,,0.265,0.932,0.000475,0.693,193.114
6nwhTwffubFzQsPUaEXzZy,El Niño,['37 Hostias'],157227,2009,False,,0.386,0.985,0.00105,0.4320000000000001,97.31200000000001
4W7DJl7wGp25WIWgGPOISl,Perro de Presa,['37 Hostias'],174733,2009,False,,0.303,0.985,0.000778,0.345,87.195
1WRYYBgVfFPb3dmRClS9L9,Reina de la Casa,['37 Hostias'],168160,2009,False,,0.3720000000000001,0.9540000000000001,0.00158,0.773,111.001
37VoeSM5WvViZKvgB5u5sI,La Vida en el Filo,['37 Hostias'],119800,2009,False,,0.27399999999999997,0.987,0.00394,0.5660000000000001,186.292
1XX9HbdY4rdBBhrMSJecsO,La del Inmigrante,['37 Hostias'],149893,2009,False,,0.366,0.977,0.00303,0.34700000000000003,95.292
3f1rJXVZMcQDWW2fnpE256,Quién?,['37 Hostias'],154467,2009,False,,0.377,0.978,0.000122,0.364,95.962
6RXV33SAdg6cy31jakku1j,Dónde Está?,['37 Hostias'],169947,2009,False,,0.434,0.972,8.82e-05,0.546,102.236
22PVdyq0MiIzixxfBVigf4,Perdedor,['37 Hostias'],130840,2009,False,,0.365,0.987,5.6399999999999995e-05,0.293,91.706
6laVxNAE7y3kEoT9IHoT31,El Papa (Ha Perdido la Fe),['37 Hostias'],180027,2009,False,,0.287,0.968,0.00134,0.48700000000000004,183.24599999999998
29vJVMoh5fDDEgWgdACatH,No Puedo Parar,['37 Hostias'],63400,2009,False,,0.304,0.978,0.000433,0.45899999999999996,101.70299999999999
3jvBv2aeW8kXiHTrQXJhKI,Paco el Madero,['37 Hostias'],101773,2009,False,,0.435,0.9890000000000001,0.000978,0.215,96.23299999999999
2Z2dCsN9YEFyo4GlsDkwIo,Bandera Negra,['37 Hostias'],187280,2009,False,,0.16,0.95,0.000109,0.44,195.36
4t7v4vagGM4nKXcg1UD9sy,El General,['37 Hostias'],125547,2009,False,,0.35200000000000004,0.946,0.00339,0.324,98.787
6Bd0YEWGJRLesCods93sOc,La Yonki,['37 Hostias'],191333,2009,False,,0.23199999999999998,0.9059999999999999,0.000425,0.665,188.483
1HjzRNNyzjpmh7aIKdwm4C,Acción,['37 Hostias'],85080,2009,False,,0.436,0.9129999999999999,0.000173,0.725,94.65899999999999
0i81xgkvKjI4msX3YHLlHh,Dale Caña,['37 Hostias'],120547,2009,False,,0.408,0.966,0.0193,0.22699999999999998,99.524
2Sp4VvXoWAw54Ftaz2UCiH,La Tripa,['37 Hostias'],139813,2009,False,,0.429,0.987,0.00367,0.355,99.39200000000001
098whOX7RiKTFZo0UZonEA,Cansados,['37 Hostias'],156987,2009,False,,0.46799999999999997,0.912,0.000213,0.11599999999999999,92.9
3hGT6XjF2GxTLrfMgU1ZXQ,Velocidad,['37 Hostias'],137200,2009,False,,0.35600000000000004,0.981,0.00122,0.348,98.32
1gh0yxHGf0gXYS7vViJo65,Sargento Gómez,['37 Hostias'],217933,2009,False,,0.355,0.9079999999999999,0.00705,0.7509999999999999,171.387
3zuRSbNs7G27p8DLEASSqE,Represión,['37 Hostias'],140867,2009,False,,0.34700000000000003,0.966,0.0251,0.376,96.15
5dJLgESmVC4OEzpKo6dxgU,Horror,['37 Hostias'],164307,2009,False,,0.309,0.943,0.000307,0.467,176.46200000000005
6dMNMVsHKSNuT0H0IpLgIG,Camino Hacia el Hardcore,['37 Hostias'],150307,2009,False,,0.214,0.83,3.06e-06,0.344,144.894
52LvzRbZB8y56g9DHO5t87,Doce de la Noche,['37 Hostias'],116933,2009,False,,0.268,0.86,0.16899999999999998,0.6729999999999999,91.288
1LI8csHqa9Tjv18LWKa7eV,Días de Destrucción,['37 Hostias'],111907,2009,False,,0.401,0.9209999999999999,6.16e-06,0.609,94.919
4nteTgKiSdE07e58xy7jEw,That's Our Family (Intro),['3T'],26806,2016,False,,0.785,0.317,0.905,0.8370000000000001,114.984
0nfpQvRuCv2x7B3JywXaQH,Power of Love,['3T'],281507,2016,False,,0.59,0.532,0.731,0.313,80.0
5Uo1QtGNWo3oj7PnRn05UH,Gotta Have You,['3T'],179333,2016,False,,0.674,0.8540000000000001,0.235,0.8270000000000001,94.01700000000001
0b1iN8bs4lCZAuWPTkbdhK,Heaven,['3T'],250933,2016,False,,0.606,0.5920000000000001,0.0249,0.617,172.03799999999995
2SwFWSkRVlFsxle57FNMfs,Fire,['3T'],284400,2016,False,,0.7240000000000001,0.619,0.387,0.721,136.0
3A2EeqF0FdjJQpJkgK7Hh9,Missing You,['3T'],231040,2016,False,,0.815,0.599,0.0523,0.68,94.99700000000001
5Nr1KpbUsDqXAnEvlGDBIi,Sugar,['3T'],253627,2016,False,,0.68,0.54,0.0508,0.551,105.0
6FjWsiTBUQDh674O3oP1ET,I Do (The Wedding Song),['3T'],254013,2016,False,,0.613,0.547,0.254,0.583,171.90099999999995
4HIC7maFZ2aACf50Zt7Lav,Forever Girl,['3T'],204707,2016,False,,0.7,0.64,0.0346,0.40399999999999997,86.01799999999999
0nx4zrtrwWO7FIQ7JktlzA,The Story of Love,['3T'],205693,2016,False,,0.6779999999999999,0.528,0.264,0.33899999999999997,89.969
7yb5AbEpCn5H4k8Q68a7uG,Digital Lover,['33Hz'],233825,2006,False,,0.8290000000000001,0.7170000000000001,0.146,0.9540000000000001,121.99700000000001
43EOHZN9EnvsYuBIOj1T38,IN THE END – Spotify Singles,['FEVER 333'],213173,2020,True,,0.61,0.8540000000000001,0.0232,0.364,104.015
0Mbr3XK1MVCUWVabVkYGm6,3e sexe - Live,['Indochine'],289133,2003,False,,0.439,0.885,4.6299999999999994e-05,0.508,146.009
6RgyQKjnRckmbsoR3WGPEg,32 Hike,['Roué'],194120,2005,False,,0.24600000000000002,0.991,0.000491,0.0701,103.945
6FuBcqSPq4qBSYtWjfUHvi,3rd Trick,['Chessie'],122240,2008,False,,0.177,0.569,3.620000000000001e-05,0.17800000000000002,131.245
0QJb3mCfJAPn0KEyqt0Yne,Outer Space,['3Ds'],194387,1992,False,,0.40399999999999997,0.882,0.00011200000000000001,0.711,129.486
4LLb4YSiXSFQFMBtuX7ye6,Ugly Day,['3Ds'],172333,1992,False,,0.327,0.9790000000000001,0.00032599999999999996,0.43799999999999994,136.64600000000002
1C0SvNjo0JNdMAPVJ4vp99,Sunken Head,['3Ds'],225333,1992,False,,0.18100000000000002,0.5770000000000001,0.0127,0.159,104.71600000000001
3s8nCy926lf68f5PvuRlnF,Swallow,['3Ds'],164507,1992,False,,0.36,0.943,0.000146,0.685,131.766
6KG1h9LIuYNwFiEKXpucWm,Sunken Treasure,['3Ds'],228333,1992,False,,0.287,0.924,0.00155,0.6940000000000001,132.937
22furRMm16rBZrAQ37fLOc,Hellzapoppin,['3Ds'],142160,1992,False,,0.22399999999999998,0.997,2.38e-06,0.327,155.934
7BAk1PV9aD5XQSE1rgooGM,Leave the Dogs to Play,['3Ds'],199507,1992,False,,0.4320000000000001,0.985,0.0134,0.154,113.09200000000001
4rJpzjDB7L5B4ZC4aaYH1F,Hairs,['3Ds'],157160,1992,False,,0.36,0.956,0.00349,0.486,150.08700000000005
4w2pncUSgBLH8z1Pnvxbsu,Something in the Water,['3Ds'],142840,1992,False,,0.203,0.9590000000000001,0.00533,0.81,172.22
5TB3Ehl1EHQqgEWsNFXvgM,Homo Necans,['3Ds'],200160,1992,False,,0.321,0.907,1.32e-05,0.616,142.586
19yCvedSGtsuSeKZuJF1V1,One Eye Opened,['3Ds'],152333,1992,False,,0.27699999999999997,0.618,0.0473,0.665,132.739
5afm55CrUNFEUt9bDFhoSZ,Teacher Is Dead,['3Ds'],185507,1992,False,,0.45899999999999996,0.981,0.737,0.136,116.455
2mshx7bCXPfOM3adYvq5VN,Jewel,['3Ds'],245933,1992,False,,0.358,0.307,0.845,0.11900000000000001,93.92299999999999
5DuO1qiFggq19YsiIfKUG7,Prólogo,['37 Hostias'],109507,2002,False,,0.38,0.71,0.0165,0.493,160.188
4lLTyDfIxCBc2LbKjGPYAg,Planeta Gris,['37 Hostias'],185133,2002,False,,0.203,0.652,6.21e-06,0.391,178.985
44vaOG2j5pMrrBYrrYWxFb,Ratas,['37 Hostias'],54507,2002,False,,0.373,0.784,1.47e-06,0.215,125.139
7jQU2PaNdOyMvwagIrwp1K,La Rata-Clon,['37 Hostias'],179467,2002,False,,0.21,0.879,6.75e-06,0.26,141.994
7sGG6eTBVbFrXqgXniLfEN,El Sueño,['37 Hostias'],212013,2002,False,,0.353,0.84,1.35e-06,0.41600000000000004,109.64299999999999
7DOj9btJHRutjCZAjcvkAM,El Último Homo-Gen,['37 Hostias'],145360,2002,False,,0.315,0.835,2.81e-06,0.353,140.655
79pAbZowIRNlLr4ozOwXVT,Asamblea de Ratas,['37 Hostias'],195373,2002,False,,0.25,0.831,7.38e-06,0.325,102.296
5QpPgA6jpT6qk5O73ax1GS,Tecnocerebro,['37 Hostias'],167053,2002,False,,0.273,0.9309999999999999,3.17e-06,0.381,143.709
3l2bjWIQz6NrpRkiX3txjk,La Era de la Rabia,['37 Hostias'],198920,2002,False,,0.294,0.805,5.44e-06,0.537,159.713
3LvmpdkW33ru91SKxkKFED,Flor de un Día,['37 Hostias'],152227,2002,False,,0.146,0.8190000000000001,2.62e-06,0.47100000000000003,157.994
5YkXB03ZmAdD6IV9rziyRp,Solución Final,['37 Hostias'],239400,2002,False,,0.17800000000000002,0.8370000000000001,1e-05,0.373,178.273
7d8ozuxVBUhA7sOLLMGp2M,El Final,['37 Hostias'],187387,2002,False,,0.215,0.735,0.0004860000000000001,0.113,156.624
7vLMEfOZk6zTMM8cl3QyAD,3am Cobra,['ghostride'],208947,2005,False,,0.257,0.893,8.56e-06,0.455,90.316
0LeE1vG4WoXYhTwhKNnTS9,4 A.m.,['3 Legged Dawg'],336876,2011,False,,0.319,0.767,0.00283,0.711,135.346
4knJwvWM1HNVXWpi0mXMTT,Don't Miss the Water,['3 Legged Dawg'],362215,2011,False,,0.193,0.632,0.0145,0.46,81.183
7D5bgnYxW4QHqPLtgD1qYU,Highway,['3 Legged Dawg'],361484,2011,False,,0.174,0.6890000000000001,0.0239,0.5,168.18599999999995
2s1wgOa4xOxo20TvIInnRU,Throw Me Back,['3 Legged Dawg'],410515,2011,False,,0.381,0.637,0.00404,0.508,79.795
4JdP9ng3bnx8QGAmRSWJnm,Pearl,['3 Legged Dawg'],242208,2011,False,,0.5660000000000001,0.63,0.007909999999999999,0.838,122.602
7De6B6CPtfoouiHrf3x8pG,Stoney Creek,['3 Legged Dawg'],205245,2011,False,,0.363,0.7240000000000001,0.00458,0.514,128.327
7IMTkTtKEtWfXR9LXNgHqZ,After He's Gone,['3 Legged Dawg'],229356,2011,False,,0.379,0.705,0.205,0.643,117.87100000000001
3b6MD0ayS2dqY6mdEWOZQn,Now,['3 Legged Dawg'],384602,2011,False,,0.16399999999999998,0.642,0.0167,0.498,177.755
3YvSD7G2WJM4acK4pJI4kR,Necktie Party,['3 Legged Dawg'],187247,2011,False,,0.488,0.5579999999999999,0.312,0.40299999999999997,114.181
73H5x8lYac1MuZju2npYqR,Tmb,['3 Legged Dawg'],307097,2011,False,,0.45,0.655,0.21899999999999997,0.626,116.235
1wtUHsyTNtYImiIZA5Q8w8,Eat Me,['3 Legged Dawg'],294767,2011,True,,0.506,0.706,1.2e-05,0.706,120.59100000000001
3ZJhr87vulsDtvqwRxHQ57,The Spark,['3 Legged Dawg'],224236,2011,True,,0.48700000000000004,0.79,0.00176,0.733,79.562
3lYHdkq8SSxV8caQAVJi2U,I Repent,['3 Legged Dawg'],244925,2011,True,,0.32299999999999995,0.9790000000000001,0.0194,0.309,156.024
7xUG1JxWJmLJWoMTDxvlJY,Endless Sea,['3 Legged Dawg'],295603,2011,True,,0.365,0.684,0.0358,0.6829999999999999,144.037
3SllI0NuWqJldqPIaqO5gr,Daddy's Boots,['3 Legged Dawg'],270865,2011,True,,0.713,0.547,0.00040199999999999996,0.934,102.085
6gbgZPpt09d5KMFG800jsh,Dragging Me Home,['3 Legged Dawg'],545124,2011,True,,0.441,0.524,4.31e-05,0.5660000000000001,74.765
595uQTxIGi90K4rsGsWK4r,Dam Good,['3 Legged Dawg'],259110,2011,True,,0.527,0.956,0.02,0.6679999999999999,151.675
3PcW1q4oSgQGXePaHTSR9h,I Keep Coming Back,['3 Legged Dawg'],216243,2011,True,,0.46399999999999997,0.32799999999999996,0.624,0.467,142.533
2CfxsjOspvm0F65hWeZnEH,Good Morring,['3 Legged Dawg'],305111,2011,True,,0.546,0.73,5.36e-05,0.92,152.966
742kuRubPkzFmlS8RNqLr7,Not My Town,['3 Legged Dawg'],300357,2011,True,,0.358,0.431,0.5920000000000001,0.38299999999999995,180.671
2zLzzLErfXAQmp1brln8h9,Hideaway Blues,['3am'],254502,2014,False,,0.652,0.884,0.0516,0.579,123.52
3P5pxw1peNBVBRQWCgKpVw,You Got Me Wrong (Travesty),['3am'],339302,2014,False,,0.7659999999999999,0.522,0.237,0.687,106.624
7tjdQ9j6N0sCdzPzs1FvvW,Wind Callin' My Name,['3am'],267807,2014,False,,0.55,0.7490000000000001,0.0442,0.46299999999999997,92.083
6qrq98Jv0Z2N28WEDLjP0h,Angel on the Road,['3am'],243647,2014,False,,0.419,0.915,0.0296,0.455,161.006
6jGKCB2CVIdTqnkVxrMz8s,Different Page,['Don 3'],247406,2020,True,,0.606,0.725,0.098,0.62,151.965
7v1Campbaqx2xIFf7K6kvD,Outnumbered,['Don 3'],220865,2020,True,,0.76,0.632,0.638,0.579,99.37100000000001
7xm1FMLFma69CeFW0Gh0DL,How I Am,['Don 3'],267207,2020,True,,0.35700000000000004,0.8390000000000001,0.3670000000000001,0.282,177.11900000000003
7KqHkcanFFX4Z2g3ijTKw7,Pressure,['Don 3'],200647,2020,True,,0.51,0.66,0.731,0.65,97.13
7rHu9J2vO9KLoW9ZpEC75Y,On the Scene,['Don 3'],151589,2020,True,,0.6709999999999999,0.499,0.37,0.43799999999999994,139.84
3JqkvAxb6E9fu8w3IikGmt,Sleepin' on Me,['Don 3'],183954,2020,True,,0.604,0.45899999999999996,0.125,0.516,96.068
5V9bmnU7Y799Lcl1DHbCJZ,Gottalotta,['Don 3'],161149,2020,True,,0.773,0.493,0.0742,0.557,102.015
544Z6UpgwO8gf25nyfhIbq,Midnight,['Don 3'],161672,2020,True,,0.777,0.452,0.0237,0.217,101.15
4BZV8ISyt3Fbb8FAuI99Cb,I'm Good,['Don 3'],237035,2020,True,,0.745,0.441,0.0623,0.6709999999999999,86.05
5KCsS04UByuCNW4pDGgr4I,Silent Hill,['Don 3'],242913,2020,True,,0.593,0.408,0.838,0.7859999999999999,84.50399999999998
5S8Lywqapf4RgVmyU7vuBS,Queen,['Don 3'],242782,2020,True,,0.5710000000000001,0.442,0.0117,0.0958,175.976
5cHrhnlHZKX1q3uCQol8fu,Get Back to It,['Don 3'],294922,2020,True,,0.747,0.4920000000000001,0.0304,0.498,105.113
5MlR9y7P2WYyApxHOYG3LA,Committed,['Don 3'],198713,2020,True,,0.9229999999999999,0.23600000000000002,0.467,0.235,109.977
13LLAuIvorQJGWvYBMXJEd,Rei,['L 33'],346047,2016,False,,0.561,0.978,0.000206,0.0395,172.07
3LrZveTQRj7pQxq1w4AkMG,303 O'Two,['Sumgii'],236089,2020,False,,0.607,0.528,0.392,0.17300000000000001,143.844
58lNi1LBv0coIY4GJ1t1a8,3 A.M.,['Jway'],221568,2020,True,,0.892,0.541,0.248,0.813,129.972
5XND8aufA4UvtqAgARcjfN,Aurora,"['K-391', 'RØRY']",164167,2020,False,,0.498,0.6890000000000001,0.0784,0.17600000000000002,143.804
0Ws2ni91gKWLZgLMrF5u6k,Below,"['3CK', 'Pkrek']",217002,2017,False,,0.7040000000000001,0.787,0.0154,0.303,139.846
4kwX9ggEEXOsWXmdTnEVpX,The Ghetto (feat. 3D),"['Peezy', '3D']",201600,2020,True,,0.858,0.456,0.005,0.21100000000000002,99.936
3AKC6lQFtomGwbjZtXR7xV,"Cold (feat. 3D, Hardo & Philthy Rich)","['Peezy', '3D', 'Hardo', 'Philthy Rich']",221772,2020,True,,0.764,0.532,0.00569,0.16,157.988
3Fp7oBoOD8HPubPVV4nANt,Thirst,['ST 37'],363787,2008,False,,0.319,0.574,0.00067,0.332,94.816
6MsN8qrOMmHnUZsSso1ETP,First Light,['ST 37'],304947,2008,False,,0.247,0.879,0.00145,0.225,129.141
3gieCoGSPktZw2G0dtHkEv,I Let It Slip Away,['ST 37'],419280,2008,False,,0.225,0.672,2.9199999999999998e-05,0.157,123.82
0KkZ4kAaKOYUyny2NDuaae,Birds'd Crash,['ST 37'],611547,2008,False,,0.0862,0.332,0.26899999999999996,0.105,58.792
1Zp2ns3KgsFgutJ7SW9jOb,Invocation Of My Demon Brother,['ST 37'],633853,2008,False,,0.163,0.872,0.00484,0.0397,138.961
4LeGLWdW12xknF8XOPn7Bq,Watch The Bile Come Out,['ST 37'],146213,2008,False,,0.253,0.889,1.17e-06,0.504,101.947
4XzYQtOVo4keHDmcprM17n,Future Memories,['ST 37'],335933,2008,False,,0.18,0.7340000000000001,1.32e-06,0.154,109.962
3w9WOXGIYYLp5fzZq9x7wk,Devil Is A Liar,"['PmpMurd', '34']",258377,2020,True,,0.733,0.444,0.8240000000000001,0.215,136.942
5K69XdhzOnLE4XSjy7JVcP,3 AM,['Seven7Hardaway'],160553,2020,True,,0.7190000000000001,0.631,0.215,0.366,101.994
