id,name,artists,duration_ms,year,explicit,spotify_popularity,danceability,energy,acousticness,valence,tempo
1A2qRd1Y6FcQEEV4PtcrWv,"4'33""",['Escapade'],275200,2005,False,,0.134,0.966,0.00143,0.0769,169.24400000000003
1mDBpk70pwffacJ7MoLzUh,4 Soundclashes & a Funeral,['Shitmat'],292640,2000,False,,0.7,0.986,0.136,0.314,90.03200000000002
5npJ6AdbvSsKI060DoXRAS,All 4 Me!,['Autumn!'],87822,2019,False,,0.518,0.5720000000000001,0.000394,0.18100000000000002,76.295
7pzrtWlhPU5YVnrNbW7KSU,##4 #My ##Sons!,['Autumn!'],100650,2019,False,,0.45399999999999996,0.444,0.10800000000000001,0.424,98.598
3mKuw5Z5TOmZ89iRbjLCh1,4th Movement of the Odyssey,['Incubus'],547000,2004,False,,0.39799999999999996,0.8220000000000001,0.00925,0.218,117.508
1nM2mzVWFHaHnFbjWaZU2Q,Back Again,"[""Rappin' 4-Tay""]",132200,1994,True,,0.924,0.406,0.0408,0.593,134.561
2F4u3Jj4SUqLSCKj0eZadr,Dank Season,"[""Rappin' 4-Tay""]",274093,1994,True,,0.9129999999999999,0.3670000000000001,0.0574,0.413,102.00299999999999
2YBkbKRtupaxEwDQkPgyLC,Keep One In The Chamba,"[""Rappin' 4-Tay""]",204000,1994,True,,0.968,0.48100000000000004,0.00328,0.23,111.155
5DBTOyTGwsoLjlr1hZp8jO,Can U Buckem',"[""Rappin' 4-Tay""]",256507,1994,True,,0.69,0.336,0.0663,0.789,196.335
2sLOlQ5ByaAKeJoVKHxMcU,Just Cause I Called You A Bitch,"[""Rappin' 4-Tay""]",179867,1994,True,,0.8420000000000001,0.5379999999999999,0.0153,0.271,101.866
22QUY8b8OjEk2uBcyPUOjC,Playaz Club,"[""Rappin' 4-Tay""]",266333,1994,True,,0.866,0.3720000000000001,0.0105,0.6459999999999999,99.956
5gqWoCaThGLpmKzc5iWK5U,She's A Sell Out,"[""Rappin' 4-Tay""]",309560,1994,True,,0.9520000000000001,0.4920000000000001,0.0945,0.644,101.38
3FIegpT93jol4hl8xCqFxW,I'll Be Around,"[""Rappin' 4-Tay""]",347733,1994,True,,0.843,0.627,0.0039,0.491,107.322
0EiUvnqfVrPyBAee6O2bv8,Tear The Roof Off,"[""Rappin' 4-Tay""]",260200,1994,True,,0.9690000000000001,0.526,0.0381,0.8190000000000001,112.40799999999999
0AL1aQiFGtV7F37rpfMeI8,Sucka Free,"[""Rappin' 4-Tay""]",283467,1994,True,,0.917,0.467,0.0142,0.522,91.65899999999999
41j83TlB7WIjApAbx639Pp,Call It What You Want To,"[""Rappin' 4-Tay""]",296000,1994,True,,0.935,0.6829999999999999,0.0673,0.768,95.025
5h4hM3EnoYtcrSM9HJK63I,I Got Cha Back,"[""Rappin' 4-Tay""]",248173,1994,True,,0.845,0.40399999999999997,0.245,0.486,174.375
2tmaLrzCO6V9xnFV8n4H8v,This Is What I Know,"[""Rappin' 4-Tay""]",218467,1994,True,,0.968,0.39299999999999996,0.0033799999999999998,0.6709999999999999,116.45299999999999
0CfqU2JpL9mKTMkOR0jyoN,The Gift,"[""Rappin' 4-Tay""]",252133,1994,True,,0.701,0.5529999999999999,0.242,0.7490000000000001,140.601
14DitdezXq7Y6xerWOnJHW,Out 4000,"[""Rappin' 4-Tay""]",233733,1994,True,,0.8270000000000001,0.515,0.47600000000000003,0.524,95.334
7wnVVqVQZ4Z8Bl5q4qUhgw,[Hidden Track],"[""Rappin' 4-Tay""]",276000,1994,True,,0.862,0.527,0.0229,0.43,99.859
7IbOObXMi0kLIUufXT8R2E,40 Ounces And A Fool,['Paris'],77547,1994,True,,0.644,0.866,0.0121,0.7,168.419
149oWx2daRbTPfcJ9PzgKL,47 Burning Violins (James Bright remix),['Kalabi'],366985,2011,False,,0.302,0.851,0.0147,0.653,179.94099999999997
3baZL1N2nV9ci1kvLgO30f,4031,['Mortification'],250133,1995,False,,0.461,0.81,0.000526,0.467,97.60700000000001
2uIekJIBesMtoJxDKroEqE,4 Chambers,['Aeone'],200107,2002,False,,0.45899999999999996,0.755,0.29100000000000004,0.502,80.215
4OpB5ExXiVjj1f3gMfTw4u,40 Hour Week (For A Livin'),['Alabama'],201027,1986,False,,0.578,0.44,0.12300000000000001,0.439,85.213
04FoKLE5X33QX3nk9JxU05,No. 4,['No. 4'],107880,1997,False,,0.478,0.10300000000000001,0.621,0.0495,81.85300000000002
2EsI1BrnL2JrWeiKjYY3OV,Montreal -40C,['Malajube'],199600,2007,False,,0.318,0.764,0.134,0.517,99.693
1ZnydffBIWKqonUgTwPgn9,4th Worldwar,['LCD'],263040,1993,False,,0.616,0.877,0.034,0.852,150.859
07uK1yW28FdV3D5Zzbpksw,Field Stencils,['Line 47'],325733,2006,False,,0.32899999999999996,0.919,0.32,0.142,92.027
0dMGSGqHZ6b7z5yZIsYe0y,"One Time, Two Times",['40 Winks'],140547,2002,False,,0.315,0.878,0.0009019999999999999,0.685,151.954
4FJX6gw7qMAJQ1ZpRpQDZt,"Bull Shit (feat. Tha Hoodstarz, Turf Talk & E-40)","['E-40', 'Turf Talk', 'Tha Hoodstarz']",229080,2005,True,,0.613,0.688,0.124,0.873,101.939
1BGLWYzgmzXm36tLonemch,"Go Ignat (feat. E-40, The Mossie, Turf Talk, & the Federation)","['E-40', 'The Mossie', 'Turf Talk', 'The Federation']",242947,2005,True,,0.774,0.732,0.218,0.498,138.474
4kqVdFiISQLAe4Tm8Jbnbj,No Trouble (feat. The D.B.'z & E-40),"['E-40', ""The DB'z""]",239093,2005,True,,0.9390000000000001,0.955,0.0311,0.672,105.01299999999999
14FU33cV9NsbUATWhPiZWE,4:17 (california),['Cannata'],219440,2006,False,,0.708,0.603,0.152,0.691,113.947
3n7eT1mwbRbygBgyATTrGT,Proud To Know You,['4ft Fingers'],189293,2002,False,,0.27399999999999997,0.938,9e-05,0.214,103.286
5HgkNteiV2AdpVYFBNNsRg,Burn The Bridges,['4ft Fingers'],157187,2002,False,,0.335,0.9440000000000001,3.01e-05,0.256,101.82
6l9fHhpAxdbi0SkGJQHfL2,Bright Side,['4ft Fingers'],238080,2002,False,,0.247,0.96,3.81e-05,0.284,109.306
2XEbtdDY1iwtfG5DnhoY28,Walk Away,['4ft Fingers'],199107,2002,False,,0.408,0.961,0.000176,0.121,100.225
4qQTiR9x2bA7pa9S3U7X0D,All Down Hill From Here,['4ft Fingers'],223827,2002,False,,0.201,0.9470000000000001,0.00011100000000000001,0.23,93.31
61Cm5cAa7scc0aMiYweOS9,Confused,['4ft Fingers'],84187,2002,False,,0.256,0.977,4.68e-05,0.36,104.07
6TuzS46BbyWrv00tJ6MjCe,One Way,['4ft Fingers'],113067,2002,False,,0.292,0.809,0.000592,0.31,116.891
6taeHvIJcWBVWOn59kQeE7,Last Man Standing,['4ft Fingers'],155027,2002,False,,0.32899999999999996,0.889,6.39e-05,0.643,125.335
1qfs3Fsq0WlUZZHvpFmtiM,Emergency Manoeuvre,['4ft Fingers'],275013,2002,False,,0.27399999999999997,0.863,0.000233,0.33799999999999997,117.62299999999999
0qnPa8dk7JTWVePpAHYl9E,Busted,['4ft Fingers'],129773,2002,False,,0.318,0.95,0.00073,0.649,159.292
4y0xY9IUkXZEqLPAAJrlYn,Doubt It,['4ft Fingers'],211587,2002,False,,0.305,0.9570000000000001,3.97e-05,0.298,103.745
6Blki2kqxff7ZxmgzmUp8U,Eye For An Eye,['4ft Fingers'],176893,2002,False,,0.376,0.9329999999999999,2.7600000000000014e-05,0.3670000000000001,112.245
05WoZSbqTWvqKPGFpDlMta,Carpe Diem / Fire In Your Eyes,['4ft Fingers'],576587,2002,False,,0.276,0.00228,0.0025800000000000003,0.9640000000000001,148.141
7Jd1rCy9N3kusOr6BnJb1j,4182333461... Dance!,['Auto!Automatic!!'],247246,2006,False,,0.434,0.619,0.273,0.562,159.154
2CrbAzYPYATP52H5hIZZXB,4-6 (Reset Demo),['Mira'],274174,2005,False,,0.525,0.488,0.565,0.11199999999999999,105.794
2zWM1eMBt7X7B6Sddvw80b,4 Motets No 1: Ubi Caritas,['Dwschorale'],127013,2009,False,,0.35200000000000004,0.153,0.988,0.149,99.259
1FiltJDeaB6xn0RokfhVNw,4 Those of You - Remix,['Twiztid'],258093,2004,False,,0.805,0.762,0.0132,0.77,93.037
1zhaoO3OEyPeMNbXhB9S8s,4-Wargasm,['Casey Chaos'],174147,2004,False,,0.304,0.998,2.62e-05,0.0371,105.024
6qHiOf1BFCQIzAjJsRbMfY,Goodmorning (Intro),['40 Winks'],144893,2007,False,,0.6409999999999999,0.157,0.20199999999999999,0.247,82.52600000000002
7jquIg1ncrwqeTu0V5P6QU,New Day (Introlude),['40 Winks'],49107,2007,False,,0.868,0.677,0.152,0.647,112.568
3UftfcFNx0uzbvpyfM9GrY,Sketch,['40 Winks'],174013,2007,False,,0.701,0.507,0.0152,0.7490000000000001,144.085
1pUFoolrzBMbh4iTdsPKUf,Go Ahead Bobby (Interlude),['40 Winks'],97733,2007,False,,0.648,0.244,0.401,0.25,90.184
37LoU09kgHgEMcmF0oRsuD,Progress,['40 Winks'],116680,2007,False,,0.69,0.479,0.573,0.151,94.367
4r86OChekyBv9wEXTclqQs,Welcome To Paradise Island (Interlude),['40 Winks'],70600,2007,False,,0.41100000000000003,0.46,0.857,0.71,179.01
1ENqDxLbFhKmFEpMBoFEuu,For The Traveller,['40 Winks'],199667,2007,False,,0.635,0.297,0.19899999999999998,0.4970000000000001,90.17
4ocUNKEcVI3hNyLHQbuV3s,Egyptian Love Poems,['40 Winks'],201573,2007,False,,0.467,0.24600000000000002,0.397,0.146,97.999
6svFNcv6AWeRMcJ0MmNvNB,It's Here,['40 Winks'],227467,2007,False,,0.606,0.402,0.159,0.541,89.641
6hfAjvhBFrOMDRNj8uMani,You (Interlude),['40 Winks'],119933,2007,False,,0.8079999999999999,0.293,0.135,0.7390000000000001,102.20700000000001
58YX61fHucIXochOoytOdN,I Bring You Dreams,['40 Winks'],150760,2007,False,,0.705,0.35700000000000004,0.004529999999999999,0.41100000000000003,88.973
4f1ZgV326YaTjHee0u8PMK,Divine Intervention (Interlude),['40 Winks'],111080,2007,False,,0.725,0.478,0.00442,0.595,89.51100000000002
4Uy1MdGQuNH7HaTfRUohas,Planet Anvers,['40 Winks'],259387,2007,False,,0.821,0.65,0.02,0.431,106.125
7kRvqSy47WcHX6RC2BVotL,Picture This,['40 Winks'],217560,2007,False,,0.469,0.365,0.251,0.243,120.096
0DWXrYbYBULYaBAnOcq4Pd,Soulful Sensitivity,['40 Winks'],227600,2007,False,,0.706,0.424,0.023,0.605,90.315
48mV9BhYY3PrtzLTmJiMTm,Mind Lost (Interlude),['40 Winks'],143453,2007,False,,0.73,0.369,0.293,0.4920000000000001,179.888
0j1MGPyN4JeTYwHUOnOtUh,One Button,['40 Winks'],155240,2007,False,,0.938,0.45,0.0237,0.461,119.311
3jkfYeDxqlL3wcCM2izMP8,Old Train,['40 Winks'],143587,2007,False,,0.7490000000000001,0.313,0.389,0.8809999999999999,101.79899999999999
6BwPfpJ4phaKV42zOE1c6G,Way Past Bedtime (Outro),['40 Winks'],203680,2007,False,,0.455,0.53,0.542,0.233,77.002
3WOeKzLBAXbhJwShhqngNx,Melancholia (Bonus),['40 Winks'],275507,2007,False,,0.778,0.384,0.852,0.37799999999999995,95.887
5kCQTWQinU5LwBA7luAuUM,45 Parade Place,['AYA'],118027,2004,False,,0.8740000000000001,0.21899999999999997,0.0281,0.6679999999999999,112.008
4kXBjsUqIOVyexLqVGk0l2,4 Pole,['Tied & Tickled Trio'],378253,2006,False,,0.725,0.732,0.0742,0.316,122.163
2aXd4YK2VHTfG7mOD5wBvd,Head Held High,['4ft Fingers'],225400,2004,False,,0.39299999999999996,0.8690000000000001,0.000528,0.504,100.904
2nNfXGO7okNWbgk4iAOaGz,Only Time Will Tell,['4ft Fingers'],176147,2004,False,,0.43,0.799,0.0029100000000000003,0.784,99.47399999999999
5sxxuWHsmwUTBv9uWvZL7w,Back On The Wagon Again,['4ft Fingers'],187080,2004,False,,0.391,0.8640000000000001,0.00109,0.711,103.118
666moAPPwia82qx7WcOATz,Unite Or Fall,['4ft Fingers'],237827,2004,False,,0.386,0.833,0.00015900000000000002,0.753,99.976
5yqigNtQieKBeGeZ0tbAPG,Gone But Not Forgotten,['4ft Fingers'],235907,2004,False,,0.327,0.8440000000000001,0.000212,0.568,101.333
1B8tTR48QBj86pgVvnd1Ft,Side By Side,['4ft Fingers'],222987,2004,False,,0.3,0.8590000000000001,0.00056,0.532,98.132
4FQdXgl0jQZ52KHeL4rOqi,One For All And All For Me,['4ft Fingers'],227040,2004,False,,0.303,0.878,0.00020099999999999998,0.818,158.85399999999996
6jbMAkAqJ60jULZ0Hgxw65,Stand My Ground,['4ft Fingers'],184093,2004,False,,0.434,0.85,0.000361,0.722,105.32799999999999
5g1lCZh7TJiSiRA5ci1Bsu,Irish Eyes,['4ft Fingers'],193067,2004,False,,0.231,0.95,0.00359,0.555,157.881
41EsFZdo9xilBRzLjDiprY,40 Years Of Misery,['4ft Fingers'],206107,2004,False,,0.386,0.877,0.000795,0.797,94.928
6vukybDli4mE2YsSbx3DWl,Hollow Words,['4ft Fingers'],169347,2004,False,,0.387,0.835,0.00043200000000000004,0.6859999999999999,136.137
2JQr10oZ1UwdNHEcm6QkIl,The Life We Choose To Live,['4ft Fingers'],223720,2004,False,,0.342,0.8340000000000001,0.00165,0.43,100.475
3n0JbyaNtpDZ6U3EBo3npu,4,['VaVa'],205127,2018,False,,0.794,0.642,0.159,0.21,92.949
6zMou1pZUZZFGKSG3vKmlw,4,['VaVa'],205127,2019,False,,0.794,0.642,0.159,0.21,92.949
4qyJE4D584f7qJCRSy7HOE,40 Days,['Slowdive'],194120,1993,False,,0.172,0.745,0.0987,0.491,184.93400000000003
0a9KKgQ80ZI2K6V97rnYir,Casual Viewin',['54-40'],283027,2000,False,,0.621,0.917,0.006229999999999999,0.963,124.97
4MgDWMsOfdi37T5WjEvyew,Unbend,['54-40'],229933,2000,False,,0.591,0.878,0.000663,0.8809999999999999,99.955
1IBrbduo4FwdldnA0bRjco,Blue Sky,['54-40'],245040,2000,False,,0.725,0.8340000000000001,0.00286,0.9420000000000001,109.961
5LHXjmqGpkllwSWdmzARiY,Sunday Girl,['54-40'],279893,2000,False,,0.622,0.809,0.0183,0.363,121.984
1edj8LAQorLwmpFf0yGtOU,Roll Up Rule,['54-40'],263533,2000,False,,0.632,0.737,0.0404,0.737,171.954
1vAcvJd6p9pK4JqoGaUb62,She's A Jones,['54-40'],264533,2000,False,,0.6990000000000001,0.526,0.0153,0.349,105.98100000000001
5icX35IPsuNR4lDLnnp8pA,It's Alright,['54-40'],225333,2000,False,,0.562,0.795,2.64e-05,0.545,139.997
0Fb8QcssUuXQCqLguTzyrD,Watching You,['54-40'],284573,2000,False,,0.68,0.764,0.00265,0.115,81.96799999999998
7GJSudkofQ55mnHLQ7eibA,Say My Name,['54-40'],280693,2000,False,,0.555,0.836,0.000384,0.457,102.609
1HQ6oC20AXQs3JwyauNcaz,Speak What You Feel,['54-40'],310133,2000,False,,0.675,0.638,0.000978,0.267,104.382
4ueahK0D0P6yKhmCndwM0b,Someone's Mind,['54-40'],208733,2000,False,,0.498,0.8190000000000001,0.00037,0.721,161.922
62cs8n0uMZ8PGLqp2DkoLH,You The One,['54-40'],262400,2000,False,,0.743,0.652,0.141,0.835,103.963
6zHUgAyAe2L5QDE7lbxVWb,Big You Up,['54-40'],237067,2000,False,,0.522,0.7929999999999999,0.00019099999999999998,0.384,141.961
6bDOWoEV3J2aJnzhsXdeiv,Castles,['54-40'],234467,2000,False,,0.5870000000000001,0.552,0.0715,0.46399999999999997,171.93
6MXQHiGE9L5pxBbFhpkQ0t,"Bring A Torch, Jeanette-isabella",['Harp 46'],232400,2007,False,,0.473,0.322,0.948,0.252,90.50200000000001
7BAziPu225J0gBpAHHLUGW,"God Rest Ye Merry, Gentlemen/Patapan",['Harp 46'],237653,2007,False,,0.513,0.484,0.912,0.915,162.409
3Xt01Ah3vHqod9mhZ2kJFu,Il Est Ne - He Is Born,['Harp 46'],212760,2007,False,,0.5589999999999999,0.371,0.9790000000000001,0.374,116.698
1yb9w0GCUN6vgr1GRVcVXE,Joy To The World,['Harp 46'],210040,2007,False,,0.507,0.307,0.945,0.24600000000000002,113.00299999999999
3WwJ7BmNaMkDNLUpU2E9f0,The Holly And The Ivy,['Harp 46'],249440,2007,False,,0.521,0.21899999999999997,0.98,0.109,110.132
5ts34WKYIcoiyHFaPpTuyF,"O Come, O Come, Emmanuel",['Harp 46'],243240,2007,False,,0.436,0.121,0.956,0.207,89.16
3SFEJmi83naJTZetLwOtc7,Angels We Have Heard On High,['Harp 46'],225040,2007,False,,0.3670000000000001,0.0275,0.9890000000000001,0.0599,85.626
5iZBo8j265H9dzAJRpqV3s,In The Bleak Midwinter,['Harp 46'],181973,2007,False,,0.381,0.218,0.98,0.198,148.898
04l9qelkx6jhX3HOfFQQfv,Let All Mortal Flesh Keep Silence,['Harp 46'],191560,2007,False,,0.499,0.36200000000000004,0.986,0.897,95.287
2HVPLnK0IyFRynnQzn4bqX,We Three Kings Of Orient Are,['Harp 46'],254840,2007,False,,0.382,0.28,0.988,0.068,156.155
5yrmdVaReyxcX1XdGJ7vVT,Silent Night,['Harp 46'],216907,2007,False,,0.479,0.0161,0.986,0.10400000000000001,77.842
4U8YIr7D0AHcxfcpYFBvPj,4 Down (A Toast),['Floater'],286173,2003,False,,0.355,0.369,0.264,0.0391,116.023
5kJpSoVNFDirbZTDFpz21C,Limitless,['Project 46'],420117,2011,False,,0.591,0.506,0.000399,0.521,128.005
5hKNk9cJeZC0kFfmW7qSFk,Slide,['Project 46'],423980,2011,False,,0.836,0.49,0.000291,0.578,128.0
41062GI4lChibeueMLTEn4,460,['Tsunami'],225667,1993,False,,0.321,0.9209999999999999,0.012,0.515,93.859
0PeZDrylEb8XmmVw8V2Ao8,"Sing, Sing, Sing",['After 4'],283067,2007,False,,0.579,0.41100000000000003,0.5589999999999999,0.44,101.09
1pVu9jYwaPpFBCayI2teOw,Call Me,['After 4'],235827,2007,False,,0.679,0.33799999999999997,0.81,0.531,122.734
24oCWGRqHkjwRCpjxItEin,Smack Dab in the Middle,['After 4'],315653,2007,False,,0.721,0.384,0.596,0.669,131.651
1z5zZTBI9XFrYt7fIXgjMe,Shaker Song,['After 4'],239320,2007,False,,0.625,0.384,0.713,0.6,91.815
4I1XpR4n8KNRTmqvHQNuEB,The Night We Called It a Day,['After 4'],342627,2007,False,,0.389,0.201,0.893,0.11199999999999999,121.226
0NSAouHYo5PJhzJ1MnfxLK,Me and Julio Down By the Schoolyard,['After 4'],245733,2007,False,,0.669,0.541,0.428,0.889,102.969
2UEDMABGo5Vbt87Fex3uXI,Thousand Things,['After 4'],250907,2007,False,,0.5760000000000001,0.254,0.8220000000000001,0.341,137.44299999999998
0zu4N4sN2qYBNO8HA0ACD2,Masquerade,['After 4'],284053,2007,False,,0.657,0.344,0.6970000000000001,0.53,115.63600000000001
3QMHfMGNmX3CaYuadWS3Dj,Lullaby of Birdland,['After 4'],166440,2007,False,,0.59,0.376,0.847,0.669,133.829
0NJfCzC7IgA7FUBiZQOPiM,You Must Believe in Spring,['After 4'],286293,2007,False,,0.268,0.142,0.9420000000000001,0.128,176.312
4p9SG9USocyBQw6g3ToTVZ,Take Five,['After 4'],234213,2007,False,,0.509,0.447,0.638,0.631,162.89600000000004
5unm62RS1EuPnLi5wB7bER,"Night, Night, Smiley",['After 4'],291413,2007,False,,0.158,0.146,0.953,0.134,71.942
3NKutdSSXYpNfNlzi0A5Cs,4 Walls,['Toob'],349147,2005,False,,0.6759999999999999,0.542,0.00213,0.24100000000000002,131.0
46MAhyxZg245vKBysW5Gr3,4 Train,['Mipso'],195867,2015,False,,0.493,0.377,0.888,0.5429999999999999,176.113
2hiYfp5zpP9NJmO7GFcMWV,4Sho 4Sho,['1300Liko'],159072,2020,True,,0.513,0.541,0.11699999999999999,0.728,157.015
47Wv7knmg7C9ISkSuTcxo3,Stop the Rock - Apollo 440 Mix,['Apollo 440'],212333,1997,False,,0.599,0.9890000000000001,0.28,0.578,150.007
46gpiOadqDbBQZE9jYbWhQ,Stop the Rock - Mint Royale Mix,['Apollo 440'],370133,1997,False,,0.529,0.99,0.000611,0.5660000000000001,137.023
71IiU6AVrGi6iLHMq0kzRC,Stop the Rock - Gigolo Stop The Jocks Remix,['Apollo 440'],402120,1997,False,,0.731,0.9670000000000001,0.0049,0.743,138.002
4sV6743loT2v0A4ow0MZ8f,Raw Power - Urban Takeover Mix,['Apollo 440'],335680,1997,False,,0.69,0.92,0.00195,0.687,173.59099999999995
20NTDSznglias4Qa6PmU1V,Krupa,['Apollo 440'],372867,1997,False,,0.642,0.895,0.00197,0.14400000000000002,124.786
4IiZlgVMQMM7yTVsgoF4n5,40',['Franz Ferdinand'],204267,2004,False,,0.573,0.564,0.00128,0.563,104.01299999999999
6lsPYQadWyOShBbawMjvAK,Soca To Me,['47Uma'],207560,2009,False,,0.614,0.855,0.276,0.825,119.87200000000001
7xw5O6dvLuFrDJlPffeHUc,African Dream,['47Uma'],240587,2009,False,,0.607,0.757,0.0692,0.865,119.37700000000001
6be1ijYDE2fqfyhS8u3Snk,Wheel Of Life,['47Uma'],221187,2009,False,,0.557,0.7120000000000001,0.465,0.9520000000000001,161.59
3tnph3yvBZmC2UJmpMDOUt,Spread It Everywhere,['47Uma'],363027,2009,False,,0.605,0.6579999999999999,0.22699999999999998,0.825,137.232
2j2AV7V7GVBdZs65fwQavY,Street Beat,['47Uma'],208520,2009,False,,0.537,0.8290000000000001,0.0179,0.52,111.62100000000001
5FSavUwCWasjuAWV3nchEX,The Rhythm,['47Uma'],238600,2009,False,,0.569,0.727,0.523,0.894,137.55200000000002
1n7uHcQUyGq4Gk3nIuXoWb,Ojos Bien Abiertos (Eyes Wide Open),['47Uma'],208000,2009,False,,0.583,0.785,0.0805,0.95,81.471
6wh5OVcANq9rT9uC89SftI,This Feelin',['47Uma'],181747,2009,False,,0.444,0.737,0.0903,0.885,82.709
0o04M9RmU1Usv7Da4xB4Gr,Karibuni,['47Uma'],372547,2009,False,,0.5429999999999999,0.547,0.58,0.48100000000000004,92.62200000000001
3O2DXXUEJN2UXqftfaKZXk,This Small Town,['47Uma'],201333,2009,False,,0.581,0.718,0.124,0.955,138.013
2QX13R8jhn0dyiKqjL0H5Q,It's Time,['47Uma'],229093,2009,False,,0.698,0.894,0.0369,0.703,89.98299999999998
6UPEPWutsTExfQpUbCjl4E,Please Help Me,['47Uma'],228893,2009,False,,0.892,0.598,0.0762,0.737,102.09100000000001
0VJ4AOkj4YK48I48Mgd2ht,Like the Wave,['47Uma'],177333,2009,False,,0.426,0.774,0.226,0.514,129.059
0jYfvbO214xMM6oJPdvldA,Breakin News,['E-40'],293000,2003,True,,0.812,0.5820000000000001,0.27,0.616,94.031
21DS2AKZGJbURBxPAAZi02,Hot,['E-40'],187893,2003,True,,0.857,0.7390000000000001,0.008790000000000001,0.8340000000000001,97.655
5u8geioscrk6kScO2ilsu5,I Got Dat Work (feat. Turf Talk),"['E-40', 'Turf Talk']",291373,2003,True,,0.8759999999999999,0.478,0.0583,0.534,96.02799999999999
2yvkSpzcAERwZlJyuQepwn,Quarterbackin' (feat. Clipse),"['E-40', 'Clipse']",284427,2003,True,,0.7040000000000001,0.873,0.0354,0.637,97.014
1oUQDwr2dENXampkC8Kv15,Married To The Ave,['E-40'],265067,2003,True,,0.825,0.64,0.129,0.532,96.005
7JdbPkF4vlQOfzrMAYgrOB,One Night Stand (feat. DJ Kayslay),"['E-40', 'DJ Kay Slay']",251600,2003,True,,0.722,0.528,0.0652,0.6779999999999999,99.899
3J6AuYwk8WdSZ1bQwts8jy,I Hope U Get This Kite,['E-40'],245267,2003,True,,0.519,0.948,0.0528,0.718,89.698
33Ys75OXwtCbNOI74HvjSp,Act A Ass (feat. Rankin Scroo),"['E-40', 'Rankin Scroo']",268200,2003,True,,0.914,0.614,0.0627,0.5,96.36399999999999
3zy29MHpxTAnMmFArjVKOu,"Anybody Can Get It (feat. Lil Jon, The EastSide Boyz, Bone Crusher & David Banner)","['E-40', 'Lil Jon', 'Eastside Boyz', 'Bone Crusher', 'David Banner']",262533,2003,True,,0.8170000000000001,0.687,0.0218,0.62,82.005
3TE4xo8T4bXU253IPoPiV8,Gasoline (feat. Turf Talk & Doonie),"['E-40', 'Turf Talk', 'Doonie']",274667,2003,True,,0.8759999999999999,0.69,0.0579,0.493,100.027
1dsTcUICum4JGBFxZbII6A,Show & Prove (feat. Goapele),"['E-40', 'Goapele']",220733,2003,True,,0.777,0.708,0.0762,0.585,88.006
3HqsMl82sc1I7lxwQzUuj9,This Goes Out,['E-40'],236573,2003,True,,0.8540000000000001,0.882,0.007229999999999999,0.647,102.015
3zS68TaqVdzSQN6fErq7Pc,"Northern Califoolya (feat. San Quinn, Messy Marv, B-Legit, Keek The Sneek & James ""Stomp Down"" Bailey)","['E-40', 'San Quinn', 'Messy Marv', 'B-Legit', 'Keek The Sneek', 'James ""Stomp Down"" Bailey']",309600,2003,True,,0.813,0.659,0.0272,0.48200000000000004,99.152
73BK30XIRYmIwxLI3MGLAx,That's A Good Look 4 U,['E-40'],264933,2003,True,,0.639,0.8759999999999999,0.0321,0.85,125.51100000000001
20r4Gn4cgSK2POvNwXKrHC,If If Was a 5th,['E-40'],257093,2003,True,,0.8759999999999999,0.599,0.10800000000000001,0.8590000000000001,97.994
2q1rhOhBHtTkbLpJ7KCOnM,Wa La (feat. The Mossie & Mo Mo),"['E-40', 'The Mossie', 'Mo Mo']",233707,2003,True,,0.9309999999999999,0.5589999999999999,0.0695,0.7979999999999999,98.993
1bstHHtFWvTcKhDRXOrRF9,Pharmaceutical Outro,['E-40'],143227,2003,True,,0.8759999999999999,0.639,0.0779,0.741,98.959
4FtWY7zxoF0SekJ2pS4MQf,Quarterbackin' (feat. Clipse) - DJ Quick Remix,"['E-40', 'Clipse', 'D. Blake']",243840,2003,True,,0.604,0.691,0.0123,0.457,132.588
0uG9FYMGaz4mDx1XNqfvsz,Intro,['E-40'],155200,2000,True,,0.6709999999999999,0.78,0.35,0.615,78.98
2VK1XKIV1S0It9VhQSwMiN,Loyalty And Betrayal,['E-40'],274333,2000,True,,0.643,0.755,0.40399999999999997,0.629,92.53299999999999
2j7t522iutmmICim0GqZiQ,Lace Me Up (feat. Suga-T),"['E-40', 'Suga T']",244467,2000,True,,0.846,0.617,0.29600000000000004,0.858,100.631
5Ox8MOyrUqE2g5gAWewMXU,Ya Blind (feat. Eightball & Jazze Pha),"['E-40', '8Ball', 'Jazze Pha']",268000,2000,True,,0.7040000000000001,0.731,0.616,0.836,98.008
0QrasghWYQnnRzEWxXcLI3,Sinister Mob (feat. Nate Dogg),"['E-40', 'Nate Dogg']",301267,2000,True,,0.8340000000000001,0.74,0.0349,0.35700000000000004,80.054
1b8eCgT3Oo0HgcaHb3K5g6,Nigga Shit (feat. Mack 10 & The Click),"['E-40', 'Mack 10', 'The Click']",351693,2000,True,,0.86,0.588,0.249,0.708,95.00399999999999
0ytR1crCeDa016jH0xPa9o,"Nah, Nah... (feat. Nate Dogg)","['E-40', 'Nate Dogg']",221507,2000,False,,0.83,0.82,0.184,0.742,99.958
6ITRMveN7P6BEQ5AfkASx5,Pop Ya Collar (feat. The Click),"['E-40', 'The Click']",244293,2000,True,,0.807,0.7659999999999999,0.0385,0.309,108.14200000000001
1biAXlOf9034Vc0O6S7r0A,Record Company Skit,['E-40'],89107,2000,True,,0.615,0.32,0.904,0.424,52.61
3xFrK1THkPzlosqjrkYd0x,To Whom This May Concern,['E-40'],250360,2000,True,,0.698,0.802,0.0508,0.8440000000000001,95.773
5aPiWhcrliZEb5ofcbE2di,Like A Jungle,['E-40'],248240,2000,True,,0.856,0.6890000000000001,0.45,0.81,97.037
5EMZMVZR7LsIR2sMTubwEY,Behind Gates (feat. Ice Cube),"['E-40', 'Ice Cube']",252560,2000,True,,0.792,0.6709999999999999,0.0127,0.85,88.887
6W8rpHWUFf8tORXp3jBoMb,"Doin' The Fool (feat. Too $hort, Pimp C, Pastor Troy & Al Kapone)","['E-40', 'Too $hort', 'Pimp C', 'Pastor Troy', 'Al Kapone']",258440,2000,True,,0.805,0.73,0.0285,0.818,142.924
5kOBxfzGEoXd7vyPcw8AIz,Flamboastin' (feat. Baby),"['E-40', 'Baby']",264227,2000,True,,0.8590000000000001,0.539,0.18100000000000002,0.75,95.824
1plHNpWqkhoFEXzggPMXxj,It's Pimpin',['E-40'],279173,2000,True,,0.5479999999999999,0.6970000000000001,0.39299999999999996,0.841,178.12599999999995
7r1K458ir84aJ62SjpnGej,Clown With It (feat. Mystikal),"['E-40', 'Mystikal']",242427,2000,True,,0.823,0.7090000000000001,0.43,0.47600000000000003,91.99799999999999
65TPGadpyHThUnLK2psn0i,Intro,['E-40'],105000,1995,True,,0.626,0.68,0.00895,0.8059999999999999,69.116
2NRALRQQJzh14UK66NzZSy,Chip In Da Phone,['E-40'],13627,1995,True,,0.0,0.381,0.44299999999999995,0.0,0.0
4R9rFOfgxa7xMCgXwgdMhR,Da Bumble,['E-40'],251333,1995,True,,0.826,0.74,0.14800000000000002,0.7290000000000001,88.90899999999998
4tY6O5Tbj5yTofc7A4XeDe,Sideways (feat. B-Legit & Mac Shon),"['E-40', 'B-Legit', 'Mac Shon']",264507,1995,True,,0.92,0.532,0.00924,0.47,95.92
5hO34KFDzLuHmkIOdsGEsU,Spittin',['E-40'],281400,1995,True,,0.777,0.9259999999999999,0.021,0.46299999999999997,94.015
5C0LRpVmi4h5pIwAnujiw0,Sprinkle Me (feat. Suga-T),"['E-40', 'Suga T']",250000,1995,True,,0.778,0.6940000000000001,0.0203,0.736,82.98200000000001
0PRGzA0pW0oQovlhrbn72v,Outta Bounds,['E-40'],41293,1995,True,,0.642,0.992,0.665,0.0501,106.419
4iL2i3kck6tRcbSGuXJOe7,"Dusted 'N' Disgusted (feat. 2Pac, Mac Mall & Spice 1)","['E-40', '2Pac', 'Mac Mall', 'Spice 1']",269733,1995,True,,0.8490000000000001,0.705,0.0954,0.6729999999999999,92.706
2yJCZ4b5v5vT0iqAs9LuS5,1-Luv (feat. Leviti),"['E-40', 'Leviti']",308307,1995,True,,0.8059999999999999,0.746,0.0657,0.41700000000000004,90.038
5ump5QtQFmqTEhF07A3bRL,Smoke 'N' Drank,['E-40'],256933,1995,True,,0.759,0.589,0.0845,0.583,94.088
1W2Be8P0B8w3czzbYYzc2n,Dey Ain't No,['E-40'],270960,1995,True,,0.743,0.713,0.0731,0.34,80.042
1foyeAOvJqFgO5wdm0Oq0E,Fed,['E-40'],312267,1995,True,,0.882,0.568,0.00262,0.574,89.927
1efDtysIYZi2br61WbwAdl,H.I. Double L.,['E-40'],283307,1995,True,,0.779,0.6609999999999999,0.0589,0.6679999999999999,170.128
6fNtTYwlmuS0rcKQeONDh6,Bootsee,['E-40'],256333,1995,True,,0.8320000000000001,0.6509999999999999,0.0285,0.348,90.05799999999998
4OEfEAEdR8jV8hObhiWYdG,It's All Bad,['E-40'],207693,1995,True,,0.809,0.5920000000000001,0.158,0.598,84.89399999999998
0udDPnCYAYVuFC1UA4GAco,Outro,['E-40'],147600,1995,True,,0.7659999999999999,0.546,0.34600000000000003,0.722,159.97
6x2XLhv81JPVJPfNOUGgQJ,Get Bodacious,['Warhammer 48k'],220973,2006,False,,0.0641,0.909,1.12e-06,0.32899999999999996,194.864
2mBmCU9dqcKbdt0gHqpCHx,Citizen Pain,['Warhammer 48k'],172320,2006,False,,0.0984,0.8420000000000001,2.65e-05,0.28600000000000003,90.415
5GUl1mWu7BKVKpQbHFCZke,Haunted Abortion,['Warhammer 48k'],576880,2006,False,,0.24,0.897,5.27e-05,0.11699999999999999,112.494
278R27Zk72Lyb87jaIq8pV,Total Eclipse,['Warhammer 48k'],422333,2006,False,,0.316,0.23199999999999998,0.025,0.136,117.494
1x7IKIqcam7AGbBcdT5LHb,Do You Need Help Walking,['Warhammer 48k'],517533,2006,False,,0.24100000000000002,0.564,0.00256,0.0887,143.575
1uFSvvNAdriLMY1EXHJdXm,Failed Suicide Attempt #1,['Warhammer 48k'],256987,2006,False,,0.0784,0.843,1.43e-06,0.24,181.24099999999999
7glRbGp4Z6tCwdRK4WRkvI,Kimini Hanashiteokitaikoto,['けやき坂46'],297400,2019,False,,0.544,0.853,0.298,0.721,99.916
5AoTJrmdVgoZ4OYo4g5lPz,Dakishimeteyaru,['けやき坂46'],246693,2019,False,,0.542,0.95,0.154,0.41700000000000004,109.005
54qrffnjkibki3wq1PlPkh,4U,['Korn'],102427,1999,True,,0.325,0.5660000000000001,0.0122,0.0395,69.47800000000001
5BK6BWSyWgESeyVrBeyBzI,Are We a Rock Band or What...? - Instrumental Version,['Apollo 440'],80000,1998,False,,0.336,0.475,0.64,0.07200000000000001,154.97899999999996
37jrubWAb4F9TY2GgSRG56,Stop the Rock - Apollo 440 Mix,['Apollo 440'],212400,1998,False,,0.594,0.988,0.276,0.595,150.017
1MtKWcFe2Q9Q0WPlnMUemV,Crazee Horse - Instrumental Version,['Apollo 440'],226107,1998,False,,0.53,0.9570000000000001,0.00519,0.395,146.031
1Bt1h6dOsgU96PKG2zRhFv,Cold Rock the Mic - Instrumental Version,['Apollo 440'],258933,1998,False,,0.628,0.986,0.0212,0.491,125.544
60Wf8wMmdoZ1GoIpOFYxkN,Lost In Space (Theme) - Instrumental Version,['Apollo 440'],205573,1998,False,,0.466,0.968,0.0014199999999999998,0.8270000000000001,155.053
04yXefrApLtOwgZc71PkWr,For Forty Days - Instrumental Version,['Apollo 440'],331533,1998,False,,0.44299999999999995,0.8009999999999999,0.175,0.654,169.96
5xkzdZp1u6u5sS9NcfuC9j,Heart Go Boom - Instrumental Version,['Apollo 440'],301333,1998,False,,0.7979999999999999,0.72,0.00566,0.565,90.685
5C8OsWNSUh2ZAhtYGzVjIv,The Machine in the Ghost - Instrumental Version,['Apollo 440'],402507,1998,False,,0.37,0.7829999999999999,0.23399999999999999,0.132,145.04
0tKaockShwu3R6lvBPTQla,Blackbeat - Instrumental Version,['Apollo 440'],203427,1998,False,,0.565,0.9159999999999999,0.000584,0.765,116.00299999999999
6ICFiGvARhA9g8QMQGVmHR,Stadium Parking Lot - Instrumental Version,['Apollo 440'],230240,1998,False,,0.376,0.982,0.000463,0.35200000000000004,95.874
2RoVkGezd3sYOCeZcUxPCV,Yo! Future - Instrumental Version,['Apollo 440'],248333,1998,False,,0.282,0.992,0.0019199999999999998,0.46299999999999997,179.854
3875Lj9wsgYcWuc0wUU8lp,High on Your Own Supply - Instrumental Version,['Apollo 440'],318533,1998,False,,0.63,0.601,0.00105,0.314,108.023
1a44RB4ea19gGwnD14dmBT,The Perfect Crime - Instrumental Version,['Apollo 440'],362840,1998,False,,0.626,0.657,0.431,0.649,137.65
23O6bol0NQyuTBQV4peh26,Why They Don't Fuck Wit Us,['E-40'],246333,2002,True,,0.569,0.603,0.204,0.7979999999999999,196.753
5pAIL9HYHq4se6laj4uPIh,The Slap,['E-40'],243533,2002,True,,0.7659999999999999,0.604,0.0296,0.434,99.54700000000001
74uOPJ7l4t7qNkt7v3nHDD,Automatic (feat. Fabolous),"['E-40', 'Fabolous']",282600,2002,True,,0.93,0.727,0.145,0.866,96.007
5DMdRrHd0hLyH5pTbLSio1,"Rep Yo City (feat. Petey Pablo, Bun B, Eightball, Lil' Jon & The EastSide Boyz)","['E-40', 'Petey Pablo', 'Bun B', '8Ball', 'Lil Jon', 'Eastside Boyz']",313467,2002,True,,0.8,0.6990000000000001,0.0444,0.387,79.955
4SmP0GQZaJDS5s2RNqrTak,It's All Gravity,['E-40'],260093,2002,True,,0.953,0.642,0.109,0.763,105.06
1wq3RJNZlGujAOCcICtBdq,7 Much (feat. Kokane),"['E-40', 'Kokane']",207133,2002,True,,0.847,0.575,0.0764,0.62,114.945
5OyiUwH6ZMzG1WXqe9Djk3,Mustard & Mayonnaise - Intro,['E-40'],58667,2002,True,,0.748,0.265,0.894,0.718,80.911
1GkK0IqH5SjJKMZWpVSoWf,Mustard & Mayonnaise,['E-40'],227907,2002,True,,0.8170000000000001,0.735,0.0606,0.8,97.95700000000001
5yHJKZ1nOKUlyukSiHt5xC,My Cup (feat. Suga-T),"['E-40', 'Suga T']",226560,2002,True,,0.857,0.7829999999999999,0.135,0.818,93.985
6JJQVH2KD6FOf0qU2FK25n,Whomp Whomp (feat. Keek The Sneek & Harm),"['E-40', 'Keek The Sneek', 'Harm']",231240,2002,True,,0.9059999999999999,0.742,0.326,0.708,97.10799999999999
75yklSO70E24l7qKPwOPsj,Lifestyles,['E-40'],238627,2002,True,,0.9159999999999999,0.479,0.0497,0.706,90.508
4iPdRWr3rern5D3fimz0Vc,'Til The Dawn (feat. Suga Free & Bosko),"['E-40', 'Suga Free', 'Bosko']",278240,2002,True,,0.941,0.516,0.308,0.826,104.045
0D3Vur8CqKZ2dI2NDFj7Rs,End of The World,['E-40'],287693,2002,True,,0.833,0.753,0.626,0.774,88.016
7G10L22reriXzD0dw0yH5k,It's A Man's Game,['E-40'],221773,2002,True,,0.883,0.63,0.0805,0.653,92.04700000000001
0pnJy3KN4CGC8aqfMreJXg,"Pimps, Hustlas (feat. James ""Stomp Down"" Bailey) - Intro","['E-40', 'James ""Stomp Down"" Bailey']",66493,2002,True,,0.784,0.545,0.564,0.863,93.485
0UDtbu5wjIt359u9yIVSFv,"Pimps, Hustlas (feat. James ""Stomp Down"" Bailey)","['E-40', 'James ""Stomp Down"" Bailey']",240333,2002,True,,0.861,0.698,0.146,0.8109999999999999,93.801
335mGxxoZWrMtzAxzoPoKq,Fallin' Rain,['E-40'],227067,2002,True,,0.537,0.875,0.0704,0.555,144.83100000000005
7jOITiL5r3ZzmjKyNLDqV8,Roll On (feat. Afroman & B-Legit),"['E-40', 'Afroman', 'B-Legit']",334467,2002,True,,0.9179999999999999,0.62,0.158,0.726,96.98899999999999
2YNlGOJTFqc01ltrb2viJb,Strawberry,['420 Four Twenty'],200493,2004,False,,0.496,0.752,0.38299999999999995,0.48700000000000004,104.71
5PzWigLtlGk6NrJXelMi92,Driven By My Stick Shift,['420 Four Twenty'],146093,2004,False,,0.461,0.745,0.17,0.843,192.226
68Fla3GTHb87UaIb0gIjV4,Nowhere to Hide,['420 Four Twenty'],253107,2004,False,,0.618,0.8,0.0567,0.585,110.632
5PKEH05dbcgZSxm0tWc7gh,Close to Me,['420 Four Twenty'],244493,2004,False,,0.555,0.306,0.86,0.336,104.721
4bXYYf8CftuKYhjUldYcYc,True to Me,['420 Four Twenty'],296867,2004,False,,0.39899999999999997,0.763,0.0614,0.502,127.06
5beXKkWlMd8oP4B8xDS8sz,Walking Underground,['420 Four Twenty'],238947,2004,False,,0.401,0.8390000000000001,0.511,0.442,98.916
74pE6eUEMR12x2Mz8jts8a,About It,['420 Four Twenty'],273280,2004,False,,0.442,0.40299999999999997,0.7859999999999999,0.324,130.126
4fTQTvPSFVSoRHBdBswLD6,Inside,['420 Four Twenty'],143613,2004,False,,0.7340000000000001,0.475,0.75,0.5429999999999999,119.40700000000001
40oNx977B73etb3sYyZglT,Playaz Dedication,"[""Rappin' 4-Tay""]",289493,1997,True,,0.79,0.599,0.0218,0.455,92.971
5nu4iCyBk9pEYYH691JqlP,One Nite,"[""Rappin' 4-Tay""]",243707,1997,True,,0.8740000000000001,0.54,0.183,0.45899999999999996,94.757
3n0ihgiTS3DHHorEK9syEY,Beats 4 Sale - Comm. Short,"[""Rappin' 4-Tay""]",44467,1997,True,,0.537,0.34299999999999997,0.789,0.7979999999999999,64.22399999999999
1seRFj6ajcKsR3epGO6fO2,What's Wrong Wit The Game,"[""Rappin' 4-Tay"", 'E-40']",255293,1997,True,,0.841,0.772,0.069,0.5710000000000001,92.021
022BdEYhLMUb0WenDU7VRc,Money Makes The Man,"[""Rappin' 4-Tay"", 'J. Mess', 'Sauce']",233667,1997,True,,0.92,0.659,0.0943,0.509,96.008
5DOdSY1MeF6g9Ysh5PYJLZ,Where You Playin' At,"[""Rappin' 4-Tay""]",271573,1997,True,,0.8029999999999999,0.593,0.0363,0.601,84.921
19ClgtR22wpzu6P5w7Z2cN,Cold Blooded,"[""Rappin' 4-Tay"", 'Rick James']",250467,1997,True,,0.853,0.301,0.0337,0.504,94.656
607RqJJIj7S6yz8dUPol2K,Just Came Up - Comm. Short,"[""Rappin' 4-Tay""]",17293,1997,True,,0.527,0.266,0.9309999999999999,0.9129999999999999,130.525
657G24JCQ2N5mZ9Bz2LS1V,Back At Cha,"[""Rappin' 4-Tay""]",237933,1997,True,,0.7979999999999999,0.4320000000000001,0.033,0.759,169.915
2l2CnQC8yUFWrAPE5b5wc7,Playa 4 Life,"[""Rappin' 4-Tay"", 'Master P']",254200,1997,True,,0.9129999999999999,0.43,0.00436,0.606,137.974
1zKwupW6Bt8US5rIeiPUDq,What Fo',"[""Rappin' 4-Tay""]",325000,1997,True,,0.8370000000000001,0.273,0.0916,0.599,80.308
00tChXjn2FOezVCF0kYv0H,Ain't Nobody Coachin',"[""Rappin' 4-Tay"", 'Franky J']",226373,1997,True,,0.828,0.62,0.0803,0.8909999999999999,106.04899999999999
1bj9c06rXW90caqTdmKuv8,Brin' The Beat Back,"[""Rappin' 4-Tay"", ""Lil' Fly""]",194533,1997,True,,0.8809999999999999,0.42100000000000004,0.0039,0.46799999999999997,110.09
7MngsjXZsiVQj6S3FkLjtV,Lay Ya Gunz Down,"[""Rappin' 4-Tay""]",294733,1997,True,,0.778,0.423,0.00324,0.247,89.99
4CDIixk9ay9vNG0QSqHJzf,The Biggie - Comm. Short,"[""Rappin' 4-Tay""]",27760,1997,True,,0.7040000000000001,0.561,0.55,0.848,89.831
61AHmAkQyaiCofLYkhkqHU,The Biggie,"[""Rappin' 4-Tay"", 'Screwface']",246800,1997,True,,0.9209999999999999,0.34299999999999997,0.00443,0.512,89.917
1VIjXYrt4e3KAHRevHk65y,Shake It,"[""Rappin' 4-Tay"", 'The Conscious Daughters']",266240,1997,True,,0.856,0.727,0.0369,0.767,99.993
5cqs1gtAtDSglboObJdx4K,Elements Of Surprize,"[""Rappin' 4-Tay"", 'San Quinn', 'Messy Marv']",261360,1997,True,,0.877,0.377,0.00479,0.564,99.069
403Px4b055T9xTcdK9YkHq,Thinking About You,"[""Rappin' 4-Tay"", 'C.D.']",246667,1997,True,,0.879,0.6,0.0236,0.639,99.993
5aALDDDEHXdbK1n6ZH575K,4-Tha Hard Way,"[""Rappin' 4-Tay""]",213240,1997,True,,0.917,0.55,0.0482,0.917,89.161
0o7FlJsp0HZdoOYwO7iGgH,The Intro,"[""Rappin' 4-Tay""]",50067,1992,True,,0.774,0.317,0.13,0.812,135.284
3k0SqWIqmLA1dJdQJREmlZ,4-Tay Is Back,"[""Rappin' 4-Tay""]",287627,1992,True,,0.9359999999999999,0.233,0.0023899999999999998,0.628,136.476
1Hl7HX6E1ncIfSYxzw7bE9,No Stoppin',"[""Rappin' 4-Tay""]",214840,1992,True,,0.9259999999999999,0.42100000000000004,0.00617,0.586,112.13600000000001
1Etz7lnA3F6AdxW0m48FNa,The Frisco Game,"[""Rappin' 4-Tay""]",450467,1992,True,,0.965,0.305,0.0070799999999999995,0.248,119.64
0NKrpuT27lFnenP6kVxAmC,Only In America,"[""Rappin' 4-Tay""]",337027,1992,True,,0.8109999999999999,0.337,0.005679999999999999,0.526,164.389
2U2RtezPlZStleJRSHv8el,What's Really Goin' On,"[""Rappin' 4-Tay""]",286867,1992,True,,0.838,0.44,0.00011499999999999999,0.11900000000000001,101.616
632QngfY1VU4oYTYDNDonx,The Tom & Jerry Show,"[""Rappin' 4-Tay""]",187373,1992,True,,0.8690000000000001,0.317,0.0119,0.198,130.04399999999998
4eHiN7KEX1LJJEiPTydScJ,I'll Always Love Ma! Ma!,"[""Rappin' 4-Tay""]",219800,1992,True,,0.8370000000000001,0.205,0.00133,0.109,59.775
1IvedQhfGLJwUfG3ht9dfl,Luv Is True,"[""Rappin' 4-Tay""]",271293,1992,True,,0.809,0.312,0.0159,0.39899999999999997,146.35
6UuloGguprcfEmLFDEvTMC,Can You Feel Me,"[""Rappin' 4-Tay""]",250773,1992,True,,0.902,0.484,0.0243,0.298,111.508
2lcxrulZ3khuA9yVKvWkAT,Paranoia,"[""Rappin' 4-Tay""]",240200,1992,True,,0.888,0.425,0.0017399999999999998,0.621,131.023
5txDReVn0EjVRlG3D9Wa8h,Ain't Nobody Trippin',"[""Rappin' 4-Tay""]",209333,1992,True,,0.927,0.289,0.00915,0.35600000000000004,129.482
0BaXSuts19rWdnuvTpijdh,The Streets Of San Francisco,"[""Rappin' 4-Tay""]",341467,1992,True,,0.846,0.19899999999999998,0.0101,0.441,148.488
6DTNXScLGq8iNXyf8V9uxN,Song 4 Kate,['Stonecircle'],184787,2009,False,,0.525,0.9309999999999999,0.000518,0.735,158.154
4ivrh8zNXi5PtKxi71KqQZ,What We're All About - The Original Version,"['Sum 41', 'Rick Rubin']",214107,2002,False,,0.7809999999999999,0.899,0.0242,0.884,107.25
7uNibFzCBf17NBiUGFmupW,Vor unserm Hause,['4 PS'],222533,1996,False,,0.532,0.406,0.39399999999999996,0.7040000000000001,89.226
4KDeNTfGD6q8JJz3x2RHrm,Nachtigall,['4 PS'],245640,1996,False,,0.534,0.546,0.171,0.46399999999999997,132.188
5K4iaZ29106lQhSzI4MDjq,40 Oz,['Brokencyde'],269080,2009,True,,0.499,0.9259999999999999,0.0134,0.235,166.05900000000003
164enQRlmkUEOU5FjCMu9Y,Demu Gani - feat. T.i.D.,"['JJC', '419 Squad', 'T.i.D.']",244307,2006,False,,0.711,0.642,0.187,0.795,103.565
6gz3yHIEg49UkghigittMY,Wings,['4Him'],239027,1994,False,,0.7140000000000001,0.8340000000000001,0.154,0.86,114.213
7stOgEBD8SRizn4lVF92Y0,The Nature Of Love,['4Him'],212240,1994,False,,0.669,0.909,0.131,0.7709999999999999,117.01899999999999
0eZHru19VgnsY5Ng7mYZ4I,For Future Generations,['4Him'],290267,1994,False,,0.499,0.6409999999999999,0.0958,0.449,136.02200000000002
4KzYKM2k5lWFjWmgJOafuB,Shelter In The Rain,['4Him'],230200,1994,False,,0.629,0.9059999999999999,0.163,0.852,112.095
1g6N33D9P7mxSlVzo5Hi2F,Between You And Me,['4Him'],274493,1994,False,,0.40299999999999997,0.41100000000000003,0.5,0.17300000000000001,153.83100000000005
3kSj7vipVroostXcXujzeI,Real Thing,['4Him'],267400,1994,False,,0.507,0.914,0.165,0.747,161.981
4ktnTu3G6oVrawm95zcvXL,Ride Of Life,['4Him'],278267,1994,False,,0.45799999999999996,0.929,0.0138,0.773,158.282
5fr3Tz6Hs7Ltm0jjimjAjZ,As Long As My Heart Knows It's You,['4Him'],256907,1994,False,,0.43799999999999994,0.341,0.584,0.22699999999999998,137.776
3mmGBEFxuEeJjEAgl8Wxms,What Do I Know,['4Him'],232627,1994,False,,0.546,0.606,0.25,0.41100000000000003,82.10700000000001
1GmxlRxAHPs6texBvyi5OA,Love Finds You,['4Him'],361107,1994,False,,0.519,0.574,0.298,0.22,140.558
1YCxoIPCbLw54PXRLe4DT0,Push It - Radio Edit,['Mighty 44'],217813,2003,False,,0.7090000000000001,0.9470000000000001,0.006670000000000001,0.685,130.006
5GDIer2Ye4oknZaTS3qLFk,Push It - Planet Remix,"['Mighty 44', 'DJ Planet']",317360,2003,False,,0.609,0.892,6.47e-05,0.627,133.97799999999998
24ao1N6hnGtyVQGbLEm1vB,Push It - Elastinen Remix,"['Mighty 44', 'Elastinen']",227680,2003,False,,0.9159999999999999,0.727,0.135,0.634,129.96
1ciUrHgx5QoPlyghpnF2rD,Push It - Extended Version,['Mighty 44'],284733,2003,False,,0.732,0.888,0.0017,0.782,129.991
3bJs2OFdxVWJbEyVKVMh2B,41100 Rock,['Juaninacka'],138107,2009,False,,0.696,0.927,0.13,0.748,177.864
3pN6UCTCzhmXtOUO435Rdb,I Paid My Dues,"[""Rappin' 4-Tay""]",265467,1996,True,,0.748,0.495,0.0911,0.155,89.867
0leOWmtrWIVm366hd5EYZO,New Trump,"[""Rappin' 4-Tay"", ""Lil' Fly""]",254533,1996,True,,0.8340000000000001,0.643,0.10800000000000001,0.7120000000000001,93.90899999999999
6wyZPyRiLJ0pey3HWxNcbx,A Lil' Some'em Some'em,"[""Rappin' 4-Tay""]",337333,1996,True,,0.857,0.635,0.111,0.63,91.99
5TNrHdb8WzFHGeL8nuPVzq,Check Ya Self,"[""Rappin' 4-Tay""]",207467,1996,True,,0.757,0.521,0.00301,0.111,82.992
3Mu5nGJNRiDWdFgHV3OuIo,Ain't No Playa (Playaz Sh*t),"[""Rappin' 4-Tay"", 'Passion']",302360,1996,True,,0.741,0.763,0.0106,0.449,84.992
78859Af0fmA9VTlgnOHTAP,Never Talk Down,"[""Rappin' 4-Tay"", 'MC Breed', 'Too $hort']",337973,1996,True,,0.897,0.414,0.0113,0.273,96.039
6ZB8vA08JRZrap9f2D2NeB,25-2-life,"[""Rappin' 4-Tay""]",304200,1996,True,,0.6809999999999999,0.515,0.0312,0.664,140.153
6ricYcvN4TnjWvX0AXEVBr,Boogie Bang Bang,"[""Rappin' 4-Tay"", 'Franky J']",269493,1996,True,,0.723,0.54,0.00243,0.7609999999999999,90.166
0u5UlBS33DrGR07F8MFRXZ,Comin' Back,"[""Rappin' 4-Tay""]",244507,1996,True,,0.851,0.47,0.0391,0.63,168.109
0tLoHICZA1YlmMOvvWw6xC,Hola At A Playa,"[""Rappin' 4-Tay""]",251667,1996,True,,0.787,0.7709999999999999,0.124,0.7090000000000001,181.81799999999998
5QYoK5nVGETU1xvDCNFkFn,Game On The Shelf,"[""Rappin' 4-Tay"", 'San Quinn', 'Seff The Gaffla', 'JT The Bigga Figga']",223293,1996,True,,0.852,0.613,0.0636,0.226,103.19200000000001
431SMcIISNBmGL6xGYwGkX,Off Parole,"[""Rappin' 4-Tay""]",254373,1996,True,,0.76,0.51,0.0726,0.47700000000000004,84.875
6Izkljhq1miGkGqSRyusyN,Where's The Party?,"[""Rappin' 4-Tay""]",295960,1996,True,,0.953,0.59,0.172,0.726,107.85799999999999
38t0lP3DzPC881OaqOrnDS,Phat Like That,"[""Rappin' 4-Tay"", 'Jasmyne Forté']",222600,1996,True,,0.813,0.629,0.00125,0.6859999999999999,97.086
5eutqiOT6A5wQVxdcGWgtN,Still Ph#@*in' Wit My Folk$,"[""Rappin' 4-Tay"", 'Primo', 'Hugh E M.C.', 'D-Moe', 'Fly Nate the Banksta', 'T-lowe']",287373,1996,True,,0.623,0.772,0.18,0.442,168.00099999999995
4nklOqfOgqtYCDxQ1JnHDv,Ain't No Playa - Radio Mix,"[""Rappin' 4-Tay"", 'Passion']",254400,1996,False,,0.628,0.774,0.0255,0.578,84.381
0uWliYgq2PCOW72I4pO7KK,44x ss.rd.bs,['Gate'],174680,2009,False,,0.6559999999999999,0.779,0.7490000000000001,0.18,74.99
4eUVjl6zukeatu2rzUeiq1,Freak Show,"['E-40', '918', 'B-Legit', 'Levitti']",303547,2008,False,,0.41200000000000003,0.857,0.0505,0.575,73.53399999999998
4fyKqzLgJyOEF7J54wqD74,Ginuwine 4 ur Mind,['Ginuwine'],322867,1996,False,,0.7170000000000001,0.523,0.0272,0.6559999999999999,147.727
4uZqfDU3JGQn8YVBDjglxM,Why Don't We Do It in the Road,['the 4onthefloor'],105560,2011,False,,0.536,0.625,0.00854,0.81,96.382
13pj4s9tfeTL6nhPzORFqd,Country Song,['49 Special'],164453,2010,False,,0.522,0.684,0.46799999999999997,0.8590000000000001,129.436
5YP6PVFDGANMCQ2YvBAkwO,Cold Mountain Blues,['49 Special'],317547,2010,False,,0.504,0.451,0.519,0.488,101.431
4GL8bPO3PTQVcXF3uaLF5y,Backdoor Blues,['49 Special'],174573,2010,False,,0.45399999999999996,0.379,0.643,0.853,167.613
3kxrkOHI01MirWAkCd865E,Highway 1,['49 Special'],203813,2010,False,,0.565,0.529,0.368,0.815,144.35
1cgxHuWIqT6AwjnRaXGWOi,Dog Eat Dog,['49 Special'],171680,2010,False,,0.581,0.6659999999999999,0.506,0.937,108.868
2tqm5VHxhN1KeYmVOMglm4,Crossroads,['49 Special'],203827,2010,False,,0.5710000000000001,0.529,0.659,0.7,100.984
1ynIhtHb3x4m2fK0wQamak,Picker's Mark,['49 Special'],266867,2010,False,,0.59,0.544,0.45299999999999996,0.77,107.01700000000001
4yykdE2cuBbxB3vdFyexjf,Turning on a Dime,['49 Special'],167053,2010,False,,0.633,0.684,0.32799999999999996,0.899,128.13299999999998
2IDv4fsHtgDJbAke82MQ6B,Blue's Not Your Color,['49 Special'],186653,2010,False,,0.71,0.384,0.782,0.447,131.434
4gnvXocLnLlOKOKuPypLhk,Wild Unknown,['49 Special'],148413,2010,False,,0.629,0.647,0.514,0.848,126.238
3752zHhUWSpHa7fXee7OJC,Another Rebel on the Run,['49 Special'],174960,2010,False,,0.526,0.7070000000000001,0.52,0.769,109.796
4rXhv0BbxFJ2TaRJAk6aIk,Train 49,['49 Special'],164320,2010,False,,0.52,0.723,0.0563,0.953,137.629
0mr3GpbeljHQtSspwww6LY,The Call of a Lonesome Road,['49 Special'],205680,2010,False,,0.47200000000000003,0.601,0.684,0.68,178.583
645bX2CxIguq2kogspVzDs,4CHAN REDDIT STUMBLEUPON FACEBOOK,['NNAMDÏ'],150816,2013,True,,0.18899999999999997,0.506,0.00035800000000000003,0.153,82.374
2nVSsIxobNBfwCTBS8dH4f,4H Teen Ambassadors,['Mark McAdam'],197053,2006,False,,0.727,0.494,0.626,0.611,110.965
6C7SZMl6LJQC3c3Uq79hjh,4 Way,['Smokewagon'],268760,2002,False,,0.36,0.426,0.00747,0.256,144.942
64i5EayfwsRixhYAN3wXLX,Airtime,['4Front'],118800,2002,False,,0.392,0.764,0.000151,0.409,150.132
5xrYt7nGqTt3xezhKxmxhw,Tunnel Vision,['4Front'],353467,2002,False,,0.517,0.825,0.0042899999999999995,0.28300000000000003,117.89399999999999
7oJN36c4kIXSW5wRVWcrC2,Hideaway,['4Front'],201160,2002,False,,0.348,0.611,0.0396,0.35100000000000003,177.935
5Tdgbkn3M5jIupupFf0lHN,Special Patrol Group,['4Front'],180240,2002,False,,0.419,0.946,1.04e-05,0.813,99.882
6lGidjwbO1dNXF0CZ7rkzG,Space Oddity 2001,['4Front'],394160,2002,False,,0.384,0.721,0.033,0.293,129.513
0mPAcmthkMreN692ju8oqj,Burial At Sea,['4Front'],313107,2002,False,,0.239,0.675,0.099,0.0546,102.439
7L00n7yy3FoetBssFb6EIi,Fuse,['4Front'],245493,2002,False,,0.29,0.9640000000000001,3.8799999999999994e-05,0.789,124.516
1BnDeDQCEu5ecma1lHGYRm,Learning to Crawl,['4Front'],353040,2002,False,,0.373,0.542,0.000245,0.327,176.945
3ViRy4IjhtpOJIBkQ5lgfq,747,['4Front'],141267,2002,False,,0.535,0.956,3.32e-05,0.649,119.29299999999999
4mhr0XxHW1uR0SdHxEgo8T,Memories of Kansas,['4Front'],354893,2002,False,,0.40700000000000003,0.731,0.000392,0.297,141.966
2URTOwYYSG9r8ybi272HQO,Descent,['4Front'],323573,2002,False,,0.36200000000000004,0.858,0.00128,0.57,126.715
15SmOEWnCR2KDBZ8qBT8rR,Radio Waves Goodbye,['4Front'],272693,2002,False,,0.35,0.57,0.0027300000000000002,0.12,114.494
7HnIfcM4fMsTjY9vOuNpvL,Dance Flow - 4-Play Remix,"['Delirious', 'DJ 4-Play']",464209,2010,False,,0.573,0.899,0.0033799999999999998,0.0351,135.015
659nJCCP4NGGU8ncSM5NW1,The Basics Of Life,['4Him'],313469,1992,False,,0.629,0.498,0.161,0.33,118.95700000000001
3n23BNJ7EUWLap33UZPLxm,When It Comes To Livin',['4Him'],327169,1992,False,,0.716,0.521,0.0875,0.23800000000000002,102.096
0M5F6f8fWxy8jOsxmZECpt,Fountain of Youth,['4Him'],265961,1992,False,,0.5770000000000001,0.401,0.00201,0.23,87.76700000000002
1AKUrSY2lpEIXgG0H4HdJZ,This Time,['4Him'],281240,1992,False,,0.48700000000000004,0.396,0.16899999999999998,0.276,152.24200000000005
7L3iiM1jL3TbP6roZP80Ks,Through His Eyes,['4Him'],323408,1992,False,,0.521,0.311,0.0381,0.282,151.55100000000004
3GDVCZbRRw04UOQLQDFFTy,Built on Amazing Grace,['4Him'],285327,1992,False,,0.5379999999999999,0.345,0.23399999999999999,0.242,105.79299999999999
0sKMNyjlrkeyqwAvI2xGNj,Freedom,['4Him'],238283,1992,False,,0.6659999999999999,0.769,0.125,0.7070000000000001,91.148
5188wof0q4y699vCCUjjtl,Livin' In The Lion's Mouth,['4Him'],260574,1992,False,,0.515,0.44299999999999995,0.0892,0.48700000000000004,77.945
0mgPi7CUthNS5emyhS1wPs,When It's Time To Go,['4Him'],277432,1992,False,,0.573,0.46799999999999997,0.013999999999999999,0.157,77.786
22X8Y0VmyQ7kIIXrwM5tJy,Head Over Heels,['4Him'],261457,1992,False,,0.6659999999999999,0.523,0.012,0.5760000000000001,92.064
6a16d569Jqlb2xs1rlxtPe,Wrecking Ball,['4Him'],268330,1992,False,,0.677,0.632,0.00213,0.7070000000000001,122.23
69wOELvxqbNJ8ZwLH74cNm,The Voice of God,['4Him'],334600,1992,False,,0.5710000000000001,0.14300000000000002,0.802,0.376,126.40299999999999
2SAkSMCnyX0FvLRKsuNdjg,4u4now4life,['Rockapella'],179206,2010,False,,0.75,0.84,0.086,0.8420000000000001,82.97
4c5vkjqKYiostt9WvP4gK3,No One,"['Project 46', 'Matthew Steeper']",353872,2013,False,,0.507,0.8059999999999999,0.0006730000000000001,0.109,128.017
6yMAafM8CwB2KmypsKe4hl,Lonesome Without You,['4 Wheel Drive'],171720,2000,False,,0.591,0.605,0.507,0.9440000000000001,123.859
1OVq1mHDXXJDNXRmNSv9Q8,No Doubt About It,['4 Wheel Drive'],161560,2000,False,,0.514,0.499,0.742,0.6940000000000001,190.75900000000001
5NujmeJTmOaKye10dlLoUF,Indian Killed a Woodcock,['4 Wheel Drive'],172547,2000,False,,0.509,0.755,0.331,0.951,121.899
24FJmb2nLmkmW750Lv1RUy,Four Wheel Drive,['4 Wheel Drive'],150920,2000,False,,0.516,0.584,0.381,0.8809999999999999,154.29
33Wh3i7OqcYwJCjE3j4lbQ,Wild and Wicked World,['4 Wheel Drive'],174360,2000,False,,0.634,0.353,0.7759999999999999,0.752,126.836
6V49piFCNXYlFCjrhQjUHq,One Tear,['4 Wheel Drive'],154720,2000,False,,0.688,0.565,0.7709999999999999,0.778,104.515
05o74nriY3ZFoXwGefviAB,Send Me Your Address (From Heaven),['4 Wheel Drive'],190507,2000,False,,0.5710000000000001,0.555,0.74,0.845,135.84
7zLnwhL9WnyxruFO74ZwnC,Anita's Waltz,['4 Wheel Drive'],156333,2000,False,,0.522,0.36200000000000004,0.6759999999999999,0.6409999999999999,115.786
0ri1Bmvs8zFRTDwpROOlVI,Wreck of the Old 97,['4 Wheel Drive'],157893,2000,False,,0.662,0.685,0.7340000000000001,0.938,130.06799999999998
30C0xpecYgzXjUH3A6DRGs,I'm Lost and I'll Never Find the Way,['4 Wheel Drive'],126267,2000,False,,0.479,0.578,0.511,0.8909999999999999,151.464
6ZVxXQ3nFhS0uNFe62M8C0,"Hot Corn, Cold Corn",['4 Wheel Drive'],175373,2000,False,,0.644,0.555,0.87,0.9109999999999999,96.051
1L7qIbN2WAk4HYnnoj8gRf,Daley's Reel,['4 Wheel Drive'],151813,2000,False,,0.564,0.8170000000000001,0.8290000000000001,0.98,136.816
64NQnIKAsjZKd5f9DGY8to,Occasional Blues,['4 Wheel Drive'],197867,2000,False,,0.48100000000000004,0.389,0.625,0.494,168.351
0keVwLnAmKLSSGGrK6Alxw,How Many Men?,['4 Wheel Drive'],186360,2000,False,,0.598,0.588,0.764,0.875,119.814
1lB1sYnx2jxw6eLfDSKyrC,Bad Moon Rising,['4 Wheel Drive'],193773,2000,False,,0.631,0.5770000000000001,0.645,0.8959999999999999,113.751
5m2wfj8GTPNxoT2kqmvIie,Yakety Axe,['4 Wheel Drive'],90893,2000,False,,0.568,0.648,0.5489999999999999,0.966,132.576
2MWzu5bJAS2DmdK2wDV7Md,45 - 01,['Karat'],298813,1982,False,,0.48700000000000004,0.484,0.242,0.195,159.465
302hdfPadeeG6JUOtLu04s,Act I - Snake Bites Trail / Just a Number / Ego Death,['Defcon 4'],261053,2007,False,,0.289,0.988,4.24e-05,0.0495,113.28200000000001
53bWcPojXAOAuecRGJZCHH,Act II - Tool Without Function / Collect My Guts / Trail of Blood / Final Step,['Defcon 4'],356107,2007,False,,0.23600000000000002,0.95,0.000101,0.195,93.834
2EcDFmU4Z8zIjB19jQh7e1,Act III - Mind Forks / Plotting & Planning / Hair My Pillow,['Defcon 4'],248453,2007,False,,0.307,0.981,2.72e-05,0.0936,93.60600000000001
7xc712PwMwJBEDrqhrWVkg,Act IV - Into Flames / Poison Runs Deep / Long March,['Defcon 4'],458413,2007,False,,0.26,0.95,0.000244,0.166,124.055
0iOV6OxXFzqSaKFro6RgLp,4.,['Versoma'],115387,2006,False,,0.14300000000000002,0.349,2.96e-06,0.126,138.38299999999998
09av60A7iNQBgKWTLOaxep,4D,['Tadpoles'],427240,1996,False,,0.228,0.43,0.000449,0.239,96.223
0EHAbhLWjaoEYTN6PpAjs3,Brickwall,['4ft Fingers'],187347,2002,False,,0.237,0.915,2.99e-05,0.486,165.65099999999995
5DVXBtpis0r1i08tavk3ry,One For The Road,['4ft Fingers'],159987,2002,False,,0.349,0.937,9.240000000000001e-05,0.924,107.189
30q3CmUgETp67j3a74l7tS,Pictures,['4ft Fingers'],159520,2002,False,,0.191,0.963,6.0599999999999996e-05,0.631,154.711
2v9W6qon2mAiJUkv9jc4BL,Slowly Sinking,['4ft Fingers'],148267,2002,False,,0.366,0.977,2.7399999999999995e-05,0.5329999999999999,126.443
0nrjJ8PLYMXv467DwOsASP,Killing Time,['4ft Fingers'],215600,2002,False,,0.502,0.889,0.00101,0.812,109.089
5H7IeiVqQJS6RmUR0NMxIs,Coffee Grinder,['4ft Fingers'],136720,2002,False,,0.4,0.848,0.00035,0.693,113.31299999999999
47hMyRtX06HqD8kkhOmeny,My Song,['4ft Fingers'],121747,2002,False,,0.4,0.945,7.070000000000001e-05,0.8220000000000001,88.87100000000002
4PiOEDhr5dJj3HlxPBBzMx,Drunkenville,['4ft Fingers'],203147,2002,False,,0.41,0.937,0.000462,0.6,124.43799999999999
5tLhgaTCsRvQqFFenVDuLA,Hopeless Romantic,['4ft Fingers'],194547,2002,False,,0.479,0.799,0.000256,0.945,106.83200000000001
2cGrf0OTmrPQOXIxXjcscK,Learn To Survive,['4ft Fingers'],197387,2002,False,,0.34600000000000003,0.968,6.4e-05,0.691,84.625
6L4Ra4GlJRZtqlkLjwC9EG,Broken Bones,['4ft Fingers'],192653,2002,False,,0.245,0.9309999999999999,1.55e-05,0.628,152.275
3r3Js62bjFP51eiwwQ33sj,Sense Of Direction,['4ft Fingers'],166547,2002,False,,0.45899999999999996,0.9570000000000001,4.33e-05,0.893,110.941
53XzeiZqHYyaDugXk7UAdm,"Good Bye, Good Luck",['4ft Fingers'],194720,2002,False,,0.366,0.9540000000000001,1.56e-05,0.6509999999999999,101.28200000000001
2ajWaTZQUQhqV0sCr0Qlsp,Fake ID,['4ft Fingers'],134573,2002,False,,0.4920000000000001,0.98,0.0105,0.602,103.96799999999999
1nRU4rUeu4zUl5oqxZ7zKO,Subterfudge,['4ft Fingers'],127800,2002,False,,0.397,0.875,0.00474,0.55,107.023
7CHfcoUm5Pt7hX6MWbXNAe,One Night Stand,['4ft Fingers'],174787,2002,False,,0.419,0.9640000000000001,0.00122,0.562,102.179
0NL7I1ImOyIzY90Z0qIiSk,Constricted,['4ft Fingers'],155467,2002,False,,0.33,0.9740000000000001,0.00442,0.5479999999999999,111.773
5cWrMm5CEKFlQrRBSwV5hg,All About,['4ft Fingers'],126840,2002,False,,0.312,0.9540000000000001,2.78e-06,0.883,118.801
444LgjHTRt5Oyg0A6usHJX,In My Shoes / You Give A Little Love,['4ft Fingers'],681533,2002,False,,0.36,0.311,0.000301,0.9740000000000001,131.778
08fTvOquFCXa34ATtssbxR,Safe House,['49th Parallel'],217021,2019,True,,0.685,0.5529999999999999,0.109,0.494,104.948
2temdHJQA71k4M5xRuJ9Co,Bazaar,['49th Parallel'],134817,2019,True,,0.682,0.643,0.287,0.47200000000000003,139.314
398LtfHzxZjE6smpoYVIyv,Boeing,['49th Parallel'],132068,2019,True,,0.6659999999999999,0.628,0.379,0.8370000000000001,69.368
41KdSxSNYqysG5RKr0dOuU,To Tell the Truth,['49th Parallel'],117374,2019,True,,0.742,0.39899999999999997,0.0977,0.327,78.857
6rZZEsTWmk9PMeB9Mkj3jz,Cormac's Sample,['49th Parallel'],132973,2019,True,,0.76,0.762,0.132,0.8590000000000001,144.30100000000004
4WNp1Ol0CH9eJEzgzwnXzq,Motorola,['49th Parallel'],127996,2019,True,,0.758,0.7609999999999999,0.105,0.629,149.972
5BZDxgDURKo3hht89g2DU1,These Walls,['49th Parallel'],163974,2019,True,,0.701,0.478,0.00519,0.539,80.48
44rIcwKjoCMb5kIMcp40fM,Spy Kids,['49th Parallel'],154656,2019,True,,0.81,0.5920000000000001,0.145,0.738,132.056
6gXTLIRPmlEtKNpQv3BjsC,Rabbit (Interlude),['49th Parallel'],82796,2019,True,,0.8140000000000001,0.3670000000000001,0.311,0.966,93.976
61BVZKpQLmHk1w1GhDLh4d,I Love It,['49th Parallel'],222780,2019,True,,0.708,0.662,0.131,0.9420000000000001,85.65299999999998
48LU2xAxLtdq3idFgZPwJh,Just Another Day,['49th Parallel'],110615,2019,True,,0.773,0.547,0.122,0.606,88.852
0sfbZIqm9YdMuU6MstHMrN,Missed Calls,['49th Parallel'],164542,2019,True,,0.42100000000000004,0.46399999999999997,0.271,0.11199999999999999,172.123
3nr6cvVehQJc2yfyLu4YOp,Canvas,['49th Parallel'],187951,2019,True,,0.626,0.701,0.337,0.693,144.204
4mAtqFdWj9tyuUnKBPEe7w,Roulette,['49th Parallel'],136573,2019,True,,0.589,0.493,0.21,0.33299999999999996,91.40799999999999
7eDTQY4L5N9oAL0w6G4eG0,Pickin' the Devil's Eye,['Fiddlers 4'],144147,2002,False,,0.5,0.612,0.9590000000000001,0.9129999999999999,139.751
6OLJcQNgcpDMU4XLBVRI1o,You Little Wild Thing (La Bétaille),['Fiddlers 4'],216800,2002,False,,0.45299999999999996,0.312,0.919,0.628,124.78299999999999
2loYPZSUJHtri4XJOgSLiy,E. St. Louis Todalo,['Fiddlers 4'],224440,2002,False,,0.52,0.264,0.9159999999999999,0.65,150.286
0CmXN7SEJpkDeovUREGU3l,Hidirassirifo,['Fiddlers 4'],257880,2002,False,,0.645,0.5579999999999999,0.92,0.87,115.81299999999999
5CBoSkhmjMZ7LKxxCgyHlZ,Just a Closer Walk With Thee / I Know,['Fiddlers 4'],261533,2002,False,,0.581,0.233,0.917,0.5329999999999999,129.636
4byszaXiSuRHNVEl6VujVz,Chez Seychelles,['Fiddlers 4'],224040,2002,False,,0.3670000000000001,0.26,0.966,0.5670000000000001,117.264
45R6bm6XbGfxAQMd0UDD76,I Wish I Knew How It Would Feel to be Free,['Fiddlers 4'],252027,2002,False,,0.741,0.308,0.7979999999999999,0.561,137.41899999999998
3VOt7t1n6ISs9Q3gGhS1q5,African Solstice,['Fiddlers 4'],287373,2002,False,,0.544,0.397,0.983,0.8170000000000001,94.042
2VagENDfFzlyeQ1OHtOmgr,Man of Constant Sorrow,['Fiddlers 4'],283440,2002,False,,0.244,0.16899999999999998,0.9329999999999999,0.249,84.27600000000002
3HQrx0mhmBRiFtFOa4c1dR,Mazurka / Acadian Two-Step,['Fiddlers 4'],248787,2002,False,,0.483,0.665,0.9690000000000001,0.8590000000000001,94.93799999999999
7lYvGtQT375Xfkp8IpfNtW,Greek Medley / Polly Put the Kettle On,['Fiddlers 4'],260680,2002,False,,0.58,0.5,0.9740000000000001,0.9690000000000001,101.97
0jhqJBc2Sm9KQ12Z3yDNUD,Danse Caribe,['Fiddlers 4'],215013,2002,False,,0.491,0.419,0.737,0.878,89.135
7mdZvsbvZW74o03YdbfyF2,Atchafalaya Pipeline,['Fiddlers 4'],599600,2002,False,,0.396,0.00396,0.965,0.961,100.96799999999999
5EXcZeH5A789TRcWPJLzMR,40 Versions - (On the Box - live 1979),['Wire'],246280,2004,False,,0.46799999999999997,0.728,0.7509999999999999,0.583,122.77799999999999
1TlJIYwiqJwI9ohuG8EVYp,Devil Takes his Turn,['Dusty 45s'],198427,2004,False,,0.56,0.909,0.0225,0.561,112.712
0G6NAMKC8X0ChlX8n3Fkwj,New Romance,['Dusty 45s'],157133,2004,False,,0.599,0.83,0.602,0.655,82.781
14BvIUwtOObgmPhcxV4Gru,Leave you in the End,['Dusty 45s'],175027,2004,False,,0.62,0.691,0.424,0.621,90.194
6a6sbxbqqqjHKAgHoNBAKB,All Tied Up,['Dusty 45s'],143800,2004,False,,0.391,0.9420000000000001,0.0331,0.722,200.365
4aliU3bMecjEjLTnqSI9EH,St. James Infirmary,['Dusty 45s'],285320,2004,False,,0.645,0.672,0.5660000000000001,0.6409999999999999,96.419
0mql5tkaSdVnthy3uCiiNI,Play the Game,['Dusty 45s'],183707,2004,False,,0.655,0.847,0.591,0.8590000000000001,128.205
2qN5mz4xSJcB5acteh2Opq,Lonley Fool,['Dusty 45s'],255413,2004,False,,0.617,0.669,0.27899999999999997,0.601,145.25
3TtSDdLl2b7Ax8RwVnPBLQ,Vino,['Dusty 45s'],218227,2004,False,,0.632,0.738,0.511,0.9359999999999999,121.684
7MvQokIYRDPeoPsQgmo12t,A Reason to Stay,['Dusty 45s'],184387,2004,False,,0.619,0.601,0.599,0.738,124.117
5U2HMM3kO78c6Q8s8YjIeI,My Heart Bleeds,['Dusty 45s'],189507,2004,False,,0.39399999999999996,0.887,0.401,0.609,150.35399999999996
4f7EcWDatBOMAIDnzNrbnP,Why Darlin' Why,['Dusty 45s'],283307,2004,False,,0.56,0.444,0.562,0.406,96.24600000000001
7zWDxXHVZNHK3XdNpAmUqT,Blistering Sky,['Dusty 45s'],209027,2004,False,,0.35200000000000004,0.884,0.00215,0.892,149.47299999999996
09H5U7pqMRTRTv0UQGbDt7,Saved,['Dusty 45s'],273640,2004,False,,0.518,0.945,0.0786,0.6629999999999999,140.482
63goFG4bPU8Xm0lAgjR4Rq,48,['Seer'],360787,2006,False,,0.39299999999999996,0.736,0.111,0.129,137.972
2Z7wONdQCsFjKJt6QayGXG,Shazam,"['Р3ЙМ4Н', 'Dэйв']",172186,2019,False,,0.8490000000000001,0.6890000000000001,0.028999999999999998,0.496,160.029
5eRgNrU6oX1ScRAbgjNuDo,Тот день,['Р3ЙМ4Н'],175252,2019,False,,0.821,0.619,0.149,0.401,84.98200000000001
7dZkTnmu8KdOCd5FGd79b0,He Never Changes,['4Him'],269067,1991,False,,0.41700000000000004,0.653,0.639,0.5579999999999999,75.627
3DLz2wCb38RO6myiXp9Fhd,Puzzles,['4Him'],284667,1991,False,,0.627,0.6920000000000001,0.37799999999999995,0.36200000000000004,124.89399999999999
3tANDfq5ncWozdQ7jPU1Z2,Why,['4Him'],296560,1991,False,,0.569,0.4370000000000001,0.544,0.129,124.792
3mMVew6TAKuntv0ZcmLMGb,When The Walls Come Down,['4Him'],264707,1991,False,,0.39899999999999997,0.48,0.321,0.611,80.601
7LiFyo2uLvPDTSFDXfOAin,Chisel Meets The Stone,['4Him'],291427,1991,False,,0.63,0.639,0.7020000000000001,0.534,122.06299999999999
36OAhAe3mEQAOVtpIZzX8x,Face The Nation,['4Him'],279667,1991,False,,0.649,0.7140000000000001,0.04,0.556,109.02799999999999
60sq7P74S2fs4FErMyE1qZ,Over The Horizon,['4Him'],247667,1991,False,,0.59,0.301,0.631,0.6920000000000001,75.719
4KAQAcdBXh3cotAn5LpK8b,A Man You Would Write About,['4Him'],297467,1991,False,,0.5920000000000001,0.532,0.5479999999999999,0.32,139.119
5EmKthW0QKOYccJRvoib2f,When I Get Home,['4Him'],239467,1991,False,,0.603,0.45,0.649,0.192,102.98700000000001
4sUypNhDsUxjOF3wz0iWS9,Every Reason To Believe,['4Him'],219507,1991,False,,0.6409999999999999,0.903,0.21600000000000005,0.722,120.00299999999999
3qT0PLCQ2vOZbQs0gf1Ddv,Take Me To The Place,['4Him'],283360,1991,False,,0.617,0.521,0.405,0.16,127.05
1SwxNkVd0OdurLGRsCQeTN,When I Get Home - (Reprise),['4Him'],151973,1991,False,,0.319,0.10300000000000001,0.909,0.155,83.806
7zpkvKv2nnwvzQT2gO3JzN,Dance On the City,['Feature 4'],307213,2011,False,,0.838,0.6679999999999999,0.0139,0.912,128.007
5sgOnxYYHFJUUcYMN510c7,Simple As It Gets,['Feature 4'],257920,2011,False,,0.772,0.63,0.0277,0.775,89.006
3gGVJh4zygrxXzAFMr3Edf,Sparkling In the Starlight,['Feature 4'],211587,2011,False,,0.78,0.6709999999999999,0.154,0.93,121.992
4p7xqO8qeSYOHSRTDD5OeA,To Rio,['Feature 4'],253520,2011,False,,0.703,0.542,0.265,0.675,123.97200000000001
6WZ0Goqp2ZcorUeD4S1F7z,Naked As a Mouse,['Feature 4'],198080,2011,False,,0.731,0.619,0.204,0.843,163.907
2w747EXAIjYJbl0orBSXxM,Alesia,['Feature 4'],265573,2011,False,,0.8320000000000001,0.109,0.86,0.262,111.896
4mHG7bl6bkEbe3TGhwFOYz,Crazies,['Feature 4'],244200,2011,False,,0.789,0.787,0.135,0.799,138.059
5fjR8oDVidVcL44o8IVzja,Santa Ana Wind,['Feature 4'],298933,2011,False,,0.715,0.731,0.127,0.799,130.975
1Uxe96YHAimw1cKADQ0AbP,Outta Amsterdam,['Feature 4'],285413,2011,False,,0.7979999999999999,0.758,0.0458,0.866,115.977
38g5Spg5wbIzt7UXuNXFej,Bossa Me Baby,['Feature 4'],250187,2011,False,,0.833,0.655,0.293,0.785,126.00299999999999
7Ez6fkiJ5KKnoAL1Z9fRWR,Enzyme,['Feature 4'],241773,2011,False,,0.713,0.679,0.4270000000000001,0.726,132.046
2M7sS4QBjH0nuAun4xoKwh,Your Exit,['Feature 4'],259547,2011,False,,0.389,0.6809999999999999,0.0431,0.37799999999999995,95.96600000000001
3lyyP8caIav8x1Rh8VHB5J,Big Fellah,['Black 47'],337880,1980,False,,0.27399999999999997,0.894,0.10300000000000001,0.423,148.767
21NZ8cwv0ePn7Vjf9oRjQ3,Those Saints,['Black 48'],305413,1980,False,,0.446,0.9279999999999999,0.33399999999999996,0.5539999999999999,103.434
6cOusTMK8EoK1SD5Z2wUmq,Czechoslovakia,['Black 49'],283560,1980,False,,0.429,0.894,0.19,0.7659999999999999,151.815
3yTCuAEguPm3SJpQ2xmG5W,4000 Days,['Luna'],252933,2000,False,,0.433,0.701,0.212,0.608,129.893
7IUfyBVLHkQIE6lKvbBQVv,4Th Of July,['Luna'],297200,2000,False,,0.275,0.915,0.0244,0.36,122.76799999999999
4FVekR5agpasamGVszvuPh,.45 Intent,['Division'],230680,2010,False,,0.474,0.98,0.00358,0.21100000000000002,166.041
2Xtyo3S9HDxe1NORVPDyqs,Far Side of the Wall,['Black 47'],280893,2005,False,,0.451,0.902,0.0392,0.563,128.62
5YvUoHUlzo6iqDWVyYs8Sd,Downtown Baghdad Blues,['Black 47'],245160,2005,False,,0.511,0.878,0.138,0.631,101.12
2gIe70asZqWUJ0Yt4ZHSYg,The Bells of Hell,['Black 47'],277533,2005,False,,0.314,0.948,0.0708,0.574,161.705
4Wj11KKv7O3s92V8T4RgqB,Girl Next Door,['Black 47'],139320,2005,False,,0.539,0.887,0.268,0.87,141.459
6NLfSvP60xssmD5XeUl2ms,Elvis Murphy,['Black 47'],238413,2005,False,,0.536,0.848,0.21100000000000002,0.79,143.154
1qsY5RYrvS4pD638BdobFP,The Day They Set Jim Larkin Free,['Black 47'],292827,2005,False,,0.418,0.912,0.13699999999999998,0.514,131.35399999999998
4WgDX7QsCMZdWKdEjO3CA3,Uncle Jim,['Black 47'],222587,2005,False,,0.457,0.946,0.13699999999999998,0.6809999999999999,138.139
5Yjlj6VJcJec66A2d09CUv,Into The West,['Black 47'],265027,2005,False,,0.361,0.828,0.182,0.5870000000000001,135.797
1iinGcI26Dyt1hU2KHrHr0,Liverpool Fantasy,['Black 47'],166893,2005,False,,0.32799999999999996,0.442,0.48100000000000004,0.384,156.675
3gb5Akwo1LWDBp9AHqzzf9,"History of Ireland, Part 1",['Black 47'],472893,2005,False,,0.48200000000000004,0.619,0.10400000000000001,0.534,123.54299999999999
7e7eWZ871Kjseq6kRiSNP4,Kilroy Was Here,['Black 47'],423347,2005,False,,0.235,0.633,0.0635,0.28800000000000003,180.042
44cD0JN43TPmcf8Qh2ayrQ,"Life's Like That, Isn't It?",['Black 47'],485600,2005,False,,0.35700000000000004,0.5479999999999999,0.16899999999999998,0.327,128.778
2XBZtwrBvRBVAshb8wPYXI,Drought Season,"['E-40', 'Kaveo']",262026,1993,True,,0.826,0.541,0.0053100000000000005,0.48100000000000004,92.2
4QMf6kNcrNzGTq5t9yQ0Ti,Rat Heads,['E-40'],336266,1993,True,,0.863,0.5770000000000001,0.0625,0.687,82.02600000000002
3G59exHUqDHTbTOcMNwQJq,Federal,"['E-40', 'B-Legit']",297266,1993,True,,0.8540000000000001,0.44299999999999995,0.00476,0.376,90.044
3Ow0IUt1i0l51KbINadqy1,Outsmart The Po Po's,"['E-40', 'B-Legit']",265599,1993,True,,0.8690000000000001,0.418,0.0011300000000000001,0.794,90.068
1KVp58KxpcGk6tEvvsOuYv,Hide-N-Seek,['E-40'],265306,1993,True,,0.879,0.679,0.0311,0.479,95.022
5t666ZEsgjhnA7MEzqwRAc,Carlos Rossi,"['E-40', 'B-Legit']",287266,1993,True,,0.8290000000000001,0.235,0.0142,0.6890000000000001,143.998
6lEcDnu1dzJVQ0o3OiRHjk,Tanji 2,['E-40'],223200,1993,True,,0.9590000000000001,0.326,0.0172,0.42200000000000004,103.038
6xkIVxoyCqsXSAzZxPGOjh,Let Him Have It,"['E-40', 'Kaveo']",293692,1993,True,,0.6659999999999999,0.473,0.00836,0.61,170.106
0TSN66N1VKAAMhz4qKVauW,Questions,['E-40'],40466,1993,True,,0.81,0.233,0.004370000000000001,0.359,170.17
5Jm57FkCGxijUxMLxnKBCA,Extra Mannish,"['E-40', 'Mugzi']",243706,1993,True,,0.818,0.37799999999999995,0.0040100000000000005,0.514,172.215
2Zz1qvcVRngL4iv87NpjJm,Get Em Up,['E-40'],229666,1993,True,,0.915,0.535,0.0124,0.8079999999999999,110.28
1WSgNKxlnqg3kapoJSuA60,Nuttin Ass N*gga,"['E-40', 'B-Legit']",256959,1993,True,,0.8190000000000001,0.602,0.00882,0.46299999999999997,93.14200000000001
3rqW75M1VtRIIEtazpng1j,Rasta Funky Style,['E-40'],269505,1993,True,,0.843,0.34,0.0798,0.687,82.98200000000001
291YKSqNBp6AGFeZ3XFFAA,Shots Out,['E-40'],268519,1993,True,,0.6829999999999999,0.631,0.0319,0.862,89.928
4GrQzl7T9j8bvLDnMoWeUk,4:21,['Honky'],145973,2012,False,,0.28600000000000003,0.902,4.94e-06,0.897,103.8
4AWR5JrQ0q9gmKzrPNQzSr,Lionhearted,['the 4onthefloor'],158813,2012,False,,0.384,0.755,0.000965,0.899,141.278
2wPcjd2I3RRy4ihbzpRVdJ,HZ 412 / Introduktion,['MZ. 412'],87560,1999,False,,0.166,0.268,0.637,0.253,113.196
18YE8k6My4oIGG0AO4TOoU,Algiz – Konvergence Of Life And Death,['MZ. 412'],455160,1999,False,,0.324,0.46299999999999997,0.0129,0.161,112.79
6BwjH7KMmQUfgW0R3M7qQE,Satan Jugend I,['MZ. 412'],200867,1999,False,,0.217,0.376,0.0416,0.0371,133.524
6JZ9lF5rSAQZe6wsUYLh0p,Legion Ultra - Completed Version,['MZ. 412'],340133,1999,False,,0.16699999999999998,0.718,4.2499999999999996e-05,0.0574,81.685
4nXPdecnxZ3pFQnlwr4U7b,Der Kampf Geht Weiter I,['MZ. 412'],386827,1999,False,,0.418,0.436,0.535,0.0849,117.925
4J2wAX2jj7ydR2zYgiNDID,Der Kampf Geht Weiter II,['MZ. 412'],202080,1999,False,,0.732,0.524,0.8,0.466,117.84100000000001
4bKibazRjgySFxvACegNDF,Satan Jugend II: Global Konquering,['MZ. 412'],466187,1999,False,,0.18899999999999997,0.54,0.00564,0.0293,79.214
6o1aUNW7juVU0FbHsUYtwZ,Tyranor,['MZ. 412'],210760,1999,False,,0.22699999999999998,0.736,0.17600000000000002,0.289,170.245
6xMlEz81zHttHEIODcSrfI,NBS Act I: Begravning,['MZ. 412'],387280,1999,False,,0.278,0.20600000000000002,0.284,0.0983,106.861
6nTxRweiES0z0ZJC891wku,NBS Act II: 14W,['MZ. 412'],395867,1999,False,,0.23800000000000002,0.376,0.684,0.0755,109.60600000000001
6sL6TlZY8CVjoYUwwOeT1N,Multiple Deity Worship,['MZ. 412'],273800,1999,False,,0.231,0.547,0.8029999999999999,0.10099999999999999,122.97399999999999
71rFv3sddvgLfUTSp3UF1h,In Hoc Signo Vinces,['MZ. 412'],423640,1999,False,,0.136,0.34,0.0488,0.0368,88.646
2nwXqCCnaRWAdEeZt19RSh,Charlie's Angels 2000 - Apollo 440 w/o Dialog,['Apollo 440'],237133,2000,False,,0.455,0.977,0.00044699999999999997,0.177,139.981
31D9erxK4pWv4E6Ayjs6ta,4th Level Dwarf Fighter (+3 Vorpal Mix),['Lesser'],274400,1998,False,,0.494,0.738,0.0401,0.128,189.832
3tJ96ck1OAFXmpnAZzGJWT,4th Level Dwarf Fighter (-5 Cursed Backbiter Mix),['Lesser'],293198,1998,False,,0.41100000000000003,0.955,0.0325,0.299,188.255
4XJynDJ8M7EolLgWt9zyUm,_Sealevel.4,['Simon Scott'],392960,2012,False,,0.213,0.638,0.501,0.0837,115.411
3v50SO1xoD91TCbRpENRzK,Pushed it Too Far,['Route .44'],180747,2007,False,,0.59,0.6990000000000001,0.336,0.4,120.012
1GHXjYhcZ2O3p9FnCyqO89,Worthless Lessons,['Route .44'],281333,2007,False,,0.547,0.785,0.121,0.456,113.95700000000001
6CacONek3ppKNJJ8HM3s7h,Addiction,['Route .44'],176173,2007,False,,0.43799999999999994,0.792,0.552,0.369,130.588
4gFMPIF1lYmlSCRTdtXpOE,All My Trials,['Route .44'],235720,2007,False,,0.33299999999999996,0.725,0.0186,0.191,84.777
23PPzpjzf7Us2MImwysmWX,Little Narcissus,['Route .44'],198560,2007,False,,0.344,0.805,0.0811,0.521,175.653
1U849xsz1FLiCtY9Qth5iH,Ways of the City,['Route .44'],219067,2007,False,,0.267,0.892,0.314,0.534,199.915
7DMChr5MbHnpDn0Q2TNEPk,Bottom of the World,['Route .44'],230480,2007,False,,0.48100000000000004,0.633,0.214,0.542,129.976
0RtBuvDqkgVdiaoNXnBIFj,No Troubles,['Route .44'],234587,2007,False,,0.61,0.7090000000000001,0.107,0.536,105.97
3YCWutavPN8YMsxarxgULQ,Redeemed,['Route .44'],204413,2007,False,,0.532,0.9279999999999999,0.0848,0.39899999999999997,108.145
5IdKrOMuBntBNNM3ckfUfO,Memories of You,['Route .44'],225347,2007,False,,0.508,0.863,0.141,0.605,115.882
4z1fH2BYrOKT4F6h3vGHKA,Maybe,['Route .44'],264133,2007,False,,0.594,0.672,0.33899999999999997,0.452,108.03399999999999
7AFzZaliYuYxoBFFMmUoqz,Fadin',['Route .44'],217827,2007,False,,0.41700000000000004,0.652,0.39,0.385,148.118
7hq6w7peKwwktFT9505puC,47 Rockets (For Wan Hu),['White'],346040,2009,False,,0.529,0.391,0.0241,0.214,132.684
03QratHBhHGM12JTSauyJl,"The 99, Pt. 1 (Great Scott)",['Kairos 4tet'],232427,2013,False,,0.32299999999999995,0.35600000000000004,0.91,0.4270000000000001,72.227
38VoXennU1kHC0PYA6JYRL,Home to You,"['Kairos 4tet', ""Marc O'Reilly""]",290067,2013,False,,0.564,0.18600000000000005,0.892,0.17,93.11200000000001
5bQSV1WiiGCqO0sKPHIasP,J-Hø from the Block,['Kairos 4tet'],419747,2013,False,,0.462,0.45899999999999996,0.6579999999999999,0.6859999999999999,129.812
1vTDc2b74y6yHOf9RyzcXs,Narrowboat Man,"['Kairos 4tet', 'Emilia Martensson', ""Marc O'Reilly""]",349827,2013,False,,0.375,0.14400000000000002,0.9670000000000001,0.0664,99.557
6pKE5XpI5OOCi09dWZd3R1,Reunion,['Kairos 4tet'],431533,2013,False,,0.44799999999999995,0.217,0.8540000000000001,0.248,79.324
27E6L7rhbFiFa7SpL4c12O,Song for the Open Road,"['Kairos 4tet', 'Omar']",279907,2013,False,,0.45299999999999996,0.4,0.861,0.32299999999999995,124.634
2RwtWWI0RkGi37UgFD9Qir,"The 99, Pt. 2",['Kairos 4tet'],315800,2013,False,,0.348,0.354,0.861,0.349,92.27799999999999
3ibcnvI0KM5v7zlHLbgiHS,"The 99, Pt. 3",['Kairos 4tet'],176067,2013,False,,0.521,0.478,0.711,0.515,61.843
1Zr9FMC2uoO92kCWtz3WRe,Ell's Bells,"['Kairos 4tet', ""Marc O'Reilly""]",222280,2013,False,,0.267,0.099,0.917,0.147,85.304
0BTjbKNW7tjfUztulYysp5,Finding Neamo,['Kairos 4tet'],411533,2013,False,,0.46799999999999997,0.382,0.754,0.264,100.554
5YjoLuTbWriF0QHrJEs1yi,"The 99, Pt. 4",['Kairos 4tet'],55560,2013,False,,0.369,0.0169,0.983,0.423,92.15899999999999
6bOGhngjWKGIcUzuCvtjyh,49 Maggots,['Endation'],133520,2012,False,,0.623,0.609,3.7e-05,0.635,104.23100000000001
6zRB8CUtJk6xnoa6zqy5vf,4 O'Clock Sun,['Seth Swirsky'],76720,2010,False,,0.5,0.24600000000000002,0.873,0.195,97.875
7DiqyTOm0X08FlUMfQcxXX,4th Cadence Caller,['Motova8'],79907,2006,False,,0.6579999999999999,0.34,0.628,0.778,66.51
2V3ngqY7wM80YN8I07PMWe,I CAN LOVE YOU LIKE THAT,['All-4-One'],262307,1996,False,,0.6809999999999999,0.501,0.0812,0.618,91.022
47vr8TCoIjkg7SncM5gvbE,Business Deals,['427'],270467,2000,False,,0.612,0.903,0.23800000000000002,0.659,88.715
36YRtsMdgJZtmR3S5pv3FI,La pluie d'un desert,['Psy 4 De La Rime'],197333,2000,False,,0.711,0.669,0.5920000000000001,0.43799999999999994,90.038
5Fhsi0zWvTJmamrJuhgqcQ,Record Haters,['E-40'],278693,1996,False,,0.899,0.4970000000000001,0.00201,0.7190000000000001,89.071
30QatqmeD6QMbGbPjVAons,Rapper's Ball (feat. Too $hort & K-Ci),"['E-40', 'Too $hort', 'K-Ci']",327267,1996,True,,0.8540000000000001,0.44799999999999995,0.0156,0.498,89.079
15vxqm502oFpSGbY8ycyFY,Growing Up,['E-40'],232200,1996,False,,0.831,0.462,0.0123,0.5529999999999999,94.04700000000001
18c7QvhQJqJwuUqslK3H7E,Million Dollar Spot (feat. 2Pac & B-Legit),"['E-40', '2Pac', 'B-Legit']",247640,1996,True,,0.81,0.506,0.0565,0.495,93.087
0AdQ6YrAUtoEr1v0CKxcDg,Mack Minister,['E-40'],153627,1996,False,,0.69,0.252,0.988,0.609,89.785
1BLlJrrRZRimFXMANtUf3t,I Wanna Thank You (feat. Suga-T),"['E-40', 'Suga T']",317067,1996,False,,0.755,0.604,0.0434,0.43,91.62
4kYbSOqfpLHd9DiJveWCnL,The Story,['E-40'],295733,1996,False,,0.787,0.608,0.0222,0.621,79.117
3SnzZ16hguZwCWOWlLEH9r,My Drinking Club (feat. Young Mugzi),"['E-40', 'Young Mugzi']",299600,1996,False,,0.8859999999999999,0.6679999999999999,0.0515,0.637,98.185
52XUp34srbt89KfM6iZ1h5,"Ring It (feat. Spice 1, Keek The Sneek & Harm)","['E-40', 'Spice 1', 'Keek The Sneek', 'Harm']",288973,1996,False,,0.838,0.638,0.0457,0.449,106.083
7uqCalmZC9wtmyp65uCXho,Pimp Talk,['E-40'],50293,1996,False,,0.611,0.0393,0.213,0.583,175.09400000000005
5zZ9C10fe2VbaYgpP1ObWX,Keep Pimpin',['E-40'],253840,1996,False,,0.72,0.501,0.0509,0.664,181.99
219swiCWFpt1yKde8srX4d,I Like What You Do to Me (feat. B-Legit),"['E-40', 'B-Legit']",240827,1996,False,,0.777,0.6779999999999999,0.155,0.8,199.94
4Z7fsseN51XbQz9JckKnfC,Things'll Never Change (feat. Bo-Rock),"['E-40', 'Bo-Rock']",306133,1996,False,,0.768,0.496,0.151,0.42,87.179
1X4j86mjTiYcQ4ufFUl3HW,"Circumstances (feat. The Luniz, Cold 187um, Kokane, Celly Cel & T-Pup)","['E-40', 'Luniz', 'Cold 187um', 'Kokane', 'Celly Cel', 'T-Pup']",329040,1996,False,,0.6859999999999999,0.7140000000000001,0.0412,0.565,177.965
6FXUQSkzmi5fG6CuBhGYfj,It Is What It Is,['E-40'],287933,1996,False,,0.716,0.539,0.138,0.747,149.93200000000004
0CS9YmcB7AJ7PG1A1r4Mbv,Smebbin',['E-40'],233333,1996,False,,0.752,0.5479999999999999,0.0118,0.6659999999999999,174.055
4p2UDbYbPAP11qypPksZZJ,Enigmatics I,['Eponymous 4'],163000,2008,False,,0.14300000000000002,0.381,0.835,0.0338,103.333
62iwktHeclPGUiwrybpVf4,Enigmatics II,['Eponymous 4'],277027,2008,False,,0.58,0.638,0.00355,0.27,96.00299999999999
4VQB9DOv7LmH4vev3mBi0V,Enigmatics III,['Eponymous 4'],265920,2008,False,,0.61,0.778,0.221,0.361,99.985
0OjEhM36kGyGFZ4fRp64Zk,Enigmatics IV,['Eponymous 4'],227240,2008,False,,0.446,0.9840000000000001,0.000125,0.608,124.012
0wEJLyK5hsI5YF8ZyJG1a0,Enigmatics V,['Eponymous 4'],336760,2008,False,,0.588,0.758,0.157,0.537,96.005
2Vt2ijIADh0cbwCkS3iREo,Untold Demons,['Eponymous 4'],261253,2013,False,,0.36,0.545,0.0495,0.301,176.03799999999995
7Ebe4PuuxpR7yq68bUI371,Revulsion,['Eponymous 4'],182413,2013,False,,0.597,0.802,0.12300000000000001,0.665,151.958
4Vo7MqCjUD9Eo7acJ7cEQt,Destruction Baby,['Eponymous 4'],201320,2013,False,,0.48,0.738,0.0261,0.316,127.94
4erNXtBM2jRyn1snKlqvMS,"聞いてはいけない、言ってはいけない (Kiite Wa Ikenai, Itte Wa Ikenai)",['Eponymous 4'],239307,2013,False,,0.621,0.833,0.109,0.755,127.971
1r7BV7Fj9OP5r0ZLeeqAyA,Go,['Eponymous 4'],232200,2013,False,,0.57,0.75,0.113,0.5710000000000001,96.007
2Eu16KcSaCw64DsSp2m3WR,The One to Make You Whole,['Eponymous 4'],202013,2013,False,,0.725,0.8240000000000001,0.174,0.89,115.98
2auzgV3afimZbPw0WWJ8CT,Imprint,['Eponymous 4'],341240,2013,False,,0.5329999999999999,0.42200000000000004,0.654,0.0398,80.003
4hE0xHelYAT5wupMmbdh9l,Enigmatics IV,['Eponymous 4'],228280,2013,False,,0.447,0.985,0.00011499999999999999,0.573,124.022
4WFDCfqOn6jmqUvd4e1cmR,Silver Sting,['Eponymous 4'],238320,2013,False,,0.6409999999999999,0.812,0.198,0.613,111.992
0SkOXEPUpTO0GG3oFL7CGr,What I Deserve,['Eponymous 4'],214080,2013,False,,0.638,0.6920000000000001,0.0784,0.33299999999999996,100.069
60UhCZxz9SCESBu9TC6vfr,Don't Disturb This Groove,['Eponymous 4'],346227,2013,False,,0.242,0.382,0.595,0.171,107.736
3LYwQ8gvN4UEmCzEhj4d6C,Speechless,['Eponymous 4'],228227,2013,False,,0.509,0.456,0.862,0.201,184.12400000000002
10OHw6nhi3TZOpiqJ1AimT,Hear the Wind Sing (Incomplete Version),['Eponymous 4'],329013,2013,False,,0.198,0.6809999999999999,0.14300000000000002,0.175,78.217
0jygA5O1BvfLf3SnhtuYgb,Promises,['Eponymous 4'],260000,2013,False,,0.5920000000000001,0.68,0.0159,0.376,109.927
5Ul7vgKrUI2hIf56RDz6Zj,Never Turn Back,['Eponymous 4'],262747,2013,False,,0.6,0.784,0.0216,0.631,120.029
4DYWdUzP0slKbUwugxHPjX,Silver Sting,['Eponymous 4'],238000,2013,False,,0.633,0.797,0.213,0.589,111.973
5lqb2E0zEI6N8LeL70GGS2,Our Best Wasn't Enough,['Eponymous 4'],293280,2013,False,,0.617,0.47600000000000003,0.332,0.46,78.001
2TLgAULMNswrs2qowwgJAx,Late Thaw,['Eponymous 4'],155000,2013,False,,0.688,0.142,0.5870000000000001,0.33399999999999996,83.961
4XZXYtI4nPm4KV1c0pT3kQ,Take It Apart,['Eponymous 4'],208520,2013,False,,0.685,0.6559999999999999,0.233,0.961,99.999
7aM9pfDIUvMx7Tv0skdmW6,Choices,['Eponymous 4'],223000,2013,False,,0.6,0.745,0.0158,0.828,91.991
1eZTBaERCt0nbFZmkIqluY,Your Gaze,['Eponymous 4'],211253,2013,False,,0.767,0.583,0.425,0.612,95.963
0kiRVuEPM5TDrStesEOtbB,Imprint,['Eponymous 4'],338067,2013,False,,0.532,0.42100000000000004,0.619,0.0384,79.991
3XqnvlndagXIMPGaS3DZCN,Undone,['Eponymous 4'],102000,2013,False,,0.467,0.73,0.159,0.0375,95.98200000000001
37XKMg7pzktARgJCBze3jM,A Chance to Get It Right,['Eponymous 4'],203907,2013,False,,0.542,0.507,0.332,0.486,168.208
0YTaicNP8fVRyHg84xc074,Love and Pride,['Eponymous 4'],176947,2013,False,,0.589,0.648,0.0153,0.599,117.915
79tMkoNmwsxb7KlXodWjXM,A Simple Song (Clarinet and Cello Demo Mix),['Eponymous 4'],131000,2013,False,,0.512,0.0835,0.938,0.15,109.935
2W3mGnWYU8WvBeVYgKAgVy,Downtown Downpour,['Eponymous 4'],281000,2013,False,,0.695,0.644,0.153,0.305,116.01
0UuYqFPbbZehpHVHf8J92J,Rescuer,['Eponymous 4'],305000,2013,False,,0.413,0.512,0.0474,0.0869,76.0
3Z0CWuxuiQ6MDusOdWAkiG,Here,['Eponymous 4'],218987,2013,False,,0.625,0.384,0.9440000000000001,0.147,76.042
1Vaszi9Bv2pDs6RHp8hgaJ,Hear the Wind Sing (Incomplete Version),['Eponymous 4'],329747,2013,False,,0.315,0.674,0.14800000000000002,0.171,80.08800000000002
6fWPAocRLnvZxtAS32iR5u,The One to Make You Whole,['Eponymous 4'],201693,2013,False,,0.725,0.8270000000000001,0.18600000000000005,0.877,115.995
7osEX5ZwP3pk7Ix2ToH6Yz,Without Nothing,['Eponymous 4'],231693,2013,False,,0.7609999999999999,0.626,0.179,0.282,103.98
6IIRcXA6wf5negoZ1FjhpG,Letter I,['Eponymous 4'],101200,2013,False,,0.563,0.37,0.828,0.262,135.892
5d4qp0pMeAuC7RIpmmbKea,Release,['Eponymous 4'],186427,2013,False,,0.595,0.85,0.0773,0.67,106.016
5KmicfHMcSjh64mku060Me,All the Times I Remember,['Eponymous 4'],235293,2013,False,,0.6920000000000001,0.6920000000000001,0.0582,0.5660000000000001,95.999
41ND2269ZJE9fivLFZEy0y,On Paper,['Eponymous 4'],199267,2013,False,,0.634,0.619,0.7240000000000001,0.301,116.056
4BrXecZnQvyYxz6jBjLHdT,Speechless,['Eponymous 4'],228373,2013,False,,0.6629999999999999,0.446,0.846,0.195,92.029
4SKAKNwsSSStfNeuVqpC5H,Melt,['Eponymous 4'],177373,2013,False,,0.609,0.66,0.255,0.33,113.98700000000001
2ibFyUrfZs92uDnel8nJLC,Emancipation,['Eponymous 4'],227800,2013,False,,0.6459999999999999,0.81,0.0556,0.257,119.993
0UteoydnZvBtLivCvAbggI,Reticence,['Eponymous 4'],286453,2013,False,,0.54,0.581,0.217,0.161,82.005
1Tovs2HiFZpaZQzzTaHOpl,Letter II,['Eponymous 4'],98400,2013,False,,0.0,0.39299999999999996,0.804,0.0,0.0
3sLUiRhMXwBucAamsFr1CT,Strange Arrangement,['Eponymous 4'],211400,2013,False,,0.639,0.4970000000000001,0.72,0.28800000000000003,83.99799999999998
0mW9p087PWqjVnbpVCgc5U,Restraint,['Eponymous 4'],328373,2013,False,,0.45899999999999996,0.635,0.213,0.408,163.929
1E2pI8u0e0LeyNlCwModA7,Untold Demons,['Eponymous 4'],267027,2013,False,,0.376,0.557,0.0471,0.295,176.12599999999995
6szcNdo9HlfE8RwsZszkVj,Heard and Said,['Eponymous 4'],172120,2013,False,,0.6759999999999999,0.748,0.32299999999999995,0.884,123.993
1YPQsnCbNeyTlEBARjuuYX,Light of Day,['Eponymous 4'],227120,2013,False,,0.68,0.914,0.11800000000000001,0.684,120.012
3xCUSPLDqCdqzw84YUrF77,Dusk,['Eponymous 4'],244387,2013,False,,0.569,0.769,0.000165,0.758,131.977
71kLoSfhtCP2WDdNnwAw3X,Risk (Wait and See),['Eponymous 4'],257080,2013,False,,0.636,0.725,0.0448,0.5539999999999999,115.995
1Os4eyYgcNKw743UqjorSu,Go,['Eponymous 4'],232267,2013,False,,0.565,0.748,0.11699999999999999,0.5489999999999999,96.00399999999999
7u6YhS0P7YdzQ9Qt185aDX,Five (Ambiguous Friendships),['Eponymous 4'],364240,2013,False,,0.5,0.787,0.0126,0.519,115.016
2lTCz7uWKGvMpjQi5mC7dT,Faith in Religion,['Eponymous 4'],330467,2013,False,,0.312,0.528,0.0938,0.121,99.572
31ewsZtBbifVklliB3JFNC,Beat of the Heart,['Eponymous 4'],242107,2013,False,,0.586,0.456,0.629,0.19899999999999998,182.84099999999998
1FAfZcNfnRtUUaXRhCNHIh,Nagasaki,['Eponymous 4'],156373,2013,False,,0.5670000000000001,0.948,0.00013000000000000002,0.47,120.036
4dX4XIzVq1YEaqZCnxhfha,No Exit,['Eponymous 4'],218187,2013,False,,0.588,0.61,0.0799,0.547,139.94
5oTX9NLNeLWP6xHHPCrSif,TV People,['Eponymous 4'],129280,2013,False,,0.4920000000000001,0.816,2.2e-05,0.187,120.04899999999999
7DFwpPUbYtqd71jqMEur3x,Revulsion,['Eponymous 4'],182253,2013,False,,0.5920000000000001,0.831,0.11599999999999999,0.693,151.885
5qP7UwVBeU6ncExoWobcMC,Epiphany,['Eponymous 4'],195267,2013,False,,0.5820000000000001,0.716,0.00025499999999999996,0.648,123.992
250ColDiMJ5SUtt1iUGq06,Dismissal,['Eponymous 4'],122533,2013,False,,0.265,0.889,7.79e-05,0.528,180.003
24JZRy4ZaqKRH5PS9PNe3w,Disengaged,['Eponymous 4'],217227,2013,False,,0.491,0.726,0.00144,0.336,114.051
1ivSTtz0BIKHLTsctsKgxg,Contrition,['Eponymous 4'],255133,2013,False,,0.455,0.509,0.000795,0.669,171.93099999999995
6N355uXx2cEiFJ6KkY9VZj,Relent,['Eponymous 4'],173240,2013,False,,0.20600000000000002,0.662,0.0782,0.374,66.767
3dgGhWBGSTMCxrJq5Ktjy9,跡なし (Ato Nashi),['Eponymous 4'],213240,2013,False,,0.654,0.804,0.00278,0.775,119.977
2uEGw6DebSIEbnfr6OkVof,"聞いてはいけない、言ってはいけない (Kiite Wa Ikenai, Itte Wa Ikenai)",['Eponymous 4'],239253,2013,False,,0.612,0.838,0.10400000000000001,0.7340000000000001,127.955
2VSjEVnpEGOi0cqhDBfsTF,光速 (Kousoku),['Eponymous 4'],213080,2013,False,,0.69,0.785,0.17,0.455,123.97399999999999
50vLnAgAgMfZWFFPHzmmqN,"文句、文句 (Monku, Monku)",['Eponymous 4'],272227,2013,False,,0.498,0.5870000000000001,0.0010400000000000001,0.613,171.96900000000005
1Jh9WKQWGTLdZVvEW51O3X,間違い (Machigai),['Eponymous 4'],221907,2013,False,,0.48700000000000004,0.47,0.245,0.11599999999999999,69.271
6wCKRQ3iBUwOpkrij6kFLk,健忘症 (Kenboushou),['Eponymous 4'],201013,2013,False,,0.311,0.79,0.0378,0.40700000000000003,207.74599999999998
6lj5lGsKPWWbGnVBU8uTcW,言葉はハートを指す刀になる (Kotoba Wa Haato Wo Sasu Katana Ni Naru),['Eponymous 4'],186160,2013,False,,0.599,0.777,0.0909,0.7559999999999999,119.97399999999999
3e0EaWnN6zahiyYOgcgdm5,今 (Ima),['Eponymous 4'],215987,2013,False,,0.601,0.755,0.1,0.638,115.988
5yis6lWKDod1clBF86BT3I,住んでいない (Sunde Inai),['Eponymous 4'],282227,2013,False,,0.595,0.568,0.0313,0.6779999999999999,151.889
5PrvRpOGSYDmkrtn0ShCn6,後悔しない (Koukai Shinai),['Eponymous 4'],248173,2013,False,,0.523,0.37799999999999995,0.763,0.109,82.00200000000002
1hzUxjTp4dOyC0sqJpzoGx,結果 (Kekka),['Eponymous 4'],247227,2013,False,,0.5329999999999999,0.701,0.0034200000000000003,0.602,143.958
2ecUQ6aGLtfY7zVeeqXLnn,What I Deserve,['Eponymous 4'],212147,2013,False,,0.639,0.6859999999999999,0.0846,0.365,100.016
6DO7rhTfXP1BqE34jxEJP2,光がない (Hikari Ga Nai),['Eponymous 4'],139160,2013,False,,0.555,0.645,0.000986,0.373,144.127
1Jb0ZnaupLzu51Gf45y9cV,スレノディー (Threnody),['Eponymous 4'],296693,2013,False,,0.488,0.605,0.0027,0.505,163.93400000000003
45uS99595knC9dvhtjN5cQ,ドキュメンテーション (Documentation),['Eponymous 4'],218440,2013,False,,0.667,0.857,0.000995,0.8420000000000001,110.006
17FuFs2hGfb6nw9WEIXKCX,しつれします (Shitsureshimasu),['Eponymous 4'],222000,2013,False,,0.484,0.41100000000000003,0.6890000000000001,0.473,74.047
3Nizxjn5ZImwsTs0X0RuAE,4-1-8-3,['83'],222973,2009,False,,0.838,0.5660000000000001,0.0954,0.754,98.01899999999999
2GieHTHh69ZkgNu2sQ09KI,48 and Goal,['Kieran Kane'],47773,1998,False,,0.718,0.294,0.9159999999999999,0.307,110.51299999999999
2P86ADeFUT7mN6HyzzjxEr,4 & 20 Blues,['Redbird'],215560,2011,False,,0.6709999999999999,0.625,0.636,0.6890000000000001,120.601
1XbClg6XZJdYVw6RxiRuvw,4am Highway,['KiloWatts'],390467,2005,False,,0.5539999999999999,0.847,0.061,0.7959999999999999,179.997
754KATuSCBlGATbt7PP9lH,4am Highway (Gift Culture Remix),['KiloWatts'],322773,2006,False,,0.597,0.73,0.191,0.45299999999999996,180.01
3JVB6HueqqIi8mXmfc7uXp,Easy Land (MC Mix),['TK 401'],522307,2015,False,,0.484,0.987,0.00099,0.0726,139.971
1CORHpCTjFUu8mOFvxNMzL,4 Billion in '74,['Celestaphone'],320862,2017,False,,0.37799999999999995,0.6970000000000001,0.0227,0.46299999999999997,83.14299999999999
6jwoZ9UiCbCahrju4YMLcW,San Patricio Brigade,['Black 47'],307707,2004,False,,0.40399999999999997,0.925,0.461,0.745,204.248
6dqth1AtT5g5qPD8aUQoq3,New York Town,['Black 47'],305933,2004,False,,0.6940000000000001,0.693,0.326,0.797,135.576
6Y2pUe5q0bIaBY6ybqasxa,Orphan of the Storm,['Black 47'],247920,2004,False,,0.523,0.87,0.42200000000000004,0.621,129.512
16d7kzE4xyjQu00MjLE0IA,Fiona's Song,['Black 47'],414040,2004,False,,0.568,0.518,0.7170000000000001,0.336,116.064
14OeJQTPYEkYk6X0omoCZC,Staten Island Baby,['Black 47'],220147,2004,False,,0.47700000000000004,0.778,0.258,0.8059999999999999,169.94299999999996
4xinyM1AGaBvT2xbNcnvIm,Mychal,['Black 47'],291440,2004,False,,0.38299999999999995,0.348,0.33,0.359,156.095
0csShkzE2DwNIdE8qybNbp,Livin' In America,['Black 47'],381813,2004,False,,0.58,0.88,0.3670000000000001,0.775,110.949
7gAhBKk11DtsTz3E4LNRyb,"Brooklyn, Goodbye",['Black 47'],309293,2004,False,,0.20600000000000002,0.7040000000000001,0.434,0.564,197.197
69kSfNfi7XeqMP0MAGbFFc,Black Rose,['Black 47'],306960,2004,False,,0.531,0.713,0.439,0.8540000000000001,94.399
7kWjEHRNAG1mubbF9Uj5rZ,Blood Wedding,['Black 47'],307747,2004,False,,0.537,0.6679999999999999,0.387,0.5920000000000001,116.065
43RqmPo0id6x1syYXldZSY,"I Won't Take You Home Again, Kathleen",['Black 47'],259680,2004,False,,0.441,0.8270000000000001,0.23600000000000002,0.784,137.086
3tbzpdCs8QKZSe28uPJyaQ,Fatima,['Black 47'],268413,2004,False,,0.518,0.63,0.158,0.423,115.089
4I9cdJLW21bkDiLZ7oN85U,47,['Anxiety'],199293,2015,False,,0.5539999999999999,0.787,0.0319,0.855,131.964
7hrbqYxGD9FMsQKmb59v7I,Intro,['4Say'],119147,2009,False,,0.691,0.7090000000000001,0.053,0.556,159.878
74CHwshUmoOmhcxQ7nBd84,Mes débuts,['4Say'],163067,2009,False,,0.7290000000000001,0.551,0.0198,0.32,89.946
1dRrZb4f0Qp7bdvyPR9kGS,À la une,['4Say'],132813,2009,False,,0.436,0.8029999999999999,0.22399999999999998,0.321,88.01899999999998
0j1PxZ1igSqtqUMXw5P7YA,Faucheuse,['4Say'],185947,2009,False,,0.7759999999999999,0.563,0.0155,0.616,90.96799999999999
2hu5mGrEe70XXhxpFT0Uu8,Ils ont tué la scène,['4Say'],246427,2009,False,,0.774,0.8290000000000001,0.34700000000000003,0.638,86.508
3u4P8OitKsK40O7bLRAI37,Ma raison,['4Say'],161187,2009,False,,0.371,0.677,0.253,0.38299999999999995,83.90799999999999
6wk7mhU9ih6dm4bdTcUxou,Bienvenue au terminal,['4Say'],214960,2009,False,,0.37799999999999995,0.664,0.073,0.341,76.622
3yJQVwTBf66VHHtZDM4p9Z,Le temps passe,['4Say'],158453,2009,False,,0.672,0.711,0.428,0.701,91.001
11dAsqTxDgi09jYoMPXlZJ,Walida,['4Say'],128840,2009,False,,0.46399999999999997,0.722,0.187,0.664,77.51
6hrHiyT2WieUDQqakqKH4B,Direction le bled,['4Say'],212613,2009,False,,0.506,0.691,0.151,0.365,98.35700000000001
15DxtyMfluvLK9ExMD1A5u,Sans retour,['4Say'],228293,2009,False,,0.7,0.654,0.0707,0.284,90.993
7ytZ58QhTAr9WIv99y7OtF,Afrika united,['4Say'],218933,2009,False,,0.7559999999999999,0.556,0.20800000000000002,0.27399999999999997,90.00299999999999
2FokTAY8BUIFVNesu4OJ2A,Le temps passe Remix,['4Say'],162213,2009,False,,0.687,0.722,0.452,0.6829999999999999,90.93
741bMjPfyl560uwJZD0fKc,Conclusion,['4Say'],42987,2009,False,,0.631,0.722,0.115,0.39,145.119
75ih3nROp0L6NyeJAlv9Fc,4ever,['Dillon'],229691,2014,False,,0.332,0.162,0.609,0.114,64.21600000000001
4WdZIjVY9mu2dfoCgz8hTa,Ruff Ryders 4 Life,['Ruff Ryders'],257160,2005,False,,0.48200000000000004,0.941,0.185,0.265,117.693
6JdhOUlkEeF1y7kjDAT2Wr,Everything 4 U,['Elliphant'],216880,2014,True,,0.637,0.54,0.109,0.381,89.708
6cfQEFk0zNoMcWuaoEvxK2,404 Not Found,['Offering'],270600,2006,False,,0.7,0.528,0.858,0.598,114.911
6aZGlzq6Iw5rpUPiYY0awP,Tore It Up,['456 Mafia'],250453,2000,True,,0.39,0.747,0.273,0.821,69.152
455KYc2HSFO1Zy0Rs7Cuaw,Home Of The Brave,['Black 47'],206933,2006,False,,0.532,0.8390000000000001,0.0104,0.532,95.87799999999999
0UhAzBdlubAt5AH4suck3D,Funky Ceili,['Black 47'],255413,2006,False,,0.29,0.8370000000000001,0.147,0.778,173.975
4Ejkq4KjofiQ69aj50sOMZ,For What It's Worth,['Black 47'],248227,2006,False,,0.41200000000000003,0.92,0.0689,0.5710000000000001,99.726
6t1Jt50a9uPAcPVKVrf8zC,My Love Is In New York,['Black 47'],262813,2006,False,,0.447,0.9540000000000001,0.00172,0.6709999999999999,131.941
66ZEkxBHPE1Druj77axfmM,Downtown Baghdad Blues,['Black 47'],242480,2006,False,,0.401,0.953,0.185,0.55,101.01299999999999
6Oey803Ye6QaOo4PkBgJmk,Southside Chicago Waltz,['Black 47'],251213,2006,False,,0.3,0.6679999999999999,0.0223,0.45299999999999996,77.962
2DfyJmTVrVel3jBtcp1KEr,Big Fellah,['Black 47'],347547,2006,False,,0.233,0.953,0.146,0.313,149.17700000000005
7fyEoiJm4yiyCdVfqlrMIr,"Bobby Sands, MP",['Black 47'],333960,2006,False,,0.256,0.905,0.0824,0.44,93.35600000000001
17J65ARxLww23DnSVRgacS,Road To Ruin,['Black 47'],289493,2006,False,,0.39399999999999996,0.91,0.00148,0.628,144.19899999999996
3aSXaYByXOK3d4qY42raN8,Voodoo City,['Black 47'],323280,2006,False,,0.512,0.677,0.705,0.7240000000000001,145.202
5wBBTtLqrLgi29HrhbUxOs,Staten Island Baby,['Black 47'],220000,2006,False,,0.41,0.8640000000000001,0.204,0.7509999999999999,169.584
5K0K2cI4tkGHUW2vpc9V1q,Losin' It,['Black 47'],257280,2006,False,,0.44299999999999995,0.96,0.19899999999999998,0.7559999999999999,144.309
6IrkMI5NNxv2634PHOMKVz,Danny Boy,['Black 47'],322560,2006,False,,0.39799999999999996,0.623,0.0181,0.456,94.234
0GKXBm2LNtLR1RzpYPo5BF,Patriot Game,['Black 47'],302107,2006,False,,0.233,0.862,0.00402,0.33899999999999997,138.767
46ZDT4tBB5L9yqsjqJx4e2,Forty Deuce,['Black 47'],469280,2006,False,,0.40700000000000003,0.6970000000000001,0.128,0.456,132.31
2u2LR974cUbV2OgNbQ2H5U,Joe Hill's Last Will,['Black 47'],81013,2006,False,,0.516,0.0502,0.46399999999999997,0.33399999999999996,86.37899999999998
1XcXhu1X0xBFMDFyq0b7Ue,4u,['blackbear'],158571,2015,True,,0.7759999999999999,0.513,0.392,0.813,153.934
3hAJtfORjpBGnckSuECeEL,Means to an End,['Flight 49'],235128,2014,False,,0.303,0.746,0.273,0.267,169.889
56c4a0yeDb0SigkNkdB8jv,Rage,['Flight 49'],243871,2014,True,,0.514,0.7140000000000001,0.0335,0.27399999999999997,135.072
3tWIGwjjCv1qdtaDG6hH1X,For a Flag,['Flight 49'],250024,2014,False,,0.21600000000000005,0.493,0.428,0.0912,185.105
0ZIrWrkCtGGxaWtjFC90Ut,Tmpm,['Flight 49'],220911,2014,True,,0.272,0.728,0.0575,0.531,160.184
6iTctGJIsCopdEvyO8NB6T,9 to 5,['Flight 49'],219149,2014,False,,0.589,0.491,0.563,0.5,112.021
32NKH1iQ2hNMDDcM7tQXJR,4 LO,['Hogjaw'],229907,2008,False,,0.58,0.91,0.0312,0.65,147.093
0Qmwdapc6F2tH3X4XKABab,Fastlane (Feat. Harm),"['E-40', 'Harm']",272053,2004,False,,0.816,0.643,0.0125,0.541,94.23700000000001
2tNWvKy1hBP3eEwexCbhjq,Cocaine Business (Feat. Spice 1),"['E-40', 'Spice 1']",251733,2004,False,,0.8009999999999999,0.461,0.000236,0.619,80.528
5BZFM65ltZvmkvRZV1ntzQ,4th Of July,['Jihad'],348227,1999,False,,0.262,0.332,0.0973,0.191,155.57399999999996
5uHNMIzO5mDEND3f4ave97,40 to 1,['Author'],461973,2005,False,,0.466,0.642,0.0202,0.125,185.947
4tostedpqtJat2NPs8NLCo,45 Ways,['Taydatay'],240800,1998,False,,0.8640000000000001,0.557,0.0709,0.652,94.054
6Kx55qgT3bgpCwkYxyyr2I,The First 49 Story,['49 Stories'],270267,2003,False,,0.601,0.518,0.24600000000000002,0.48700000000000004,87.12799999999999
6VxvHfNFocZlrviiJNwaVY,A Brighter Future,['49 Stories'],190667,2003,False,,0.64,0.41100000000000003,0.0107,0.18100000000000002,173.83
2f9emxxSaC7W4rYsufpVvZ,Arms Bend,['49 Stories'],318707,2003,False,,0.7390000000000001,0.474,0.187,0.745,86.04
6Xhkh9rBIYn7xb9WHRXl7V,Hardcore,['49 Stories'],196147,2003,False,,0.585,0.625,0.17300000000000001,0.55,171.854
3pFxxztJmkQc1ruSaQXVjG,Hourglass,['49 Stories'],292093,2003,False,,0.626,0.485,0.261,0.7040000000000001,171.917
6eTowB6oGDuC8VZ59geuBG,Imagination,['49 Stories'],184733,2003,False,,0.54,0.293,0.0882,0.17,172.019
55GPX2q7PlAdiiUBysbstK,Yestermarrow,['49 Stories'],208920,2003,False,,0.643,0.474,0.131,0.255,86.27799999999998
4NzIco6DDwSooxgJasD4bd,Fake Pain,['49 Stories'],261440,2003,False,,0.6659999999999999,0.598,0.308,0.41700000000000004,86.98
4j5w6y6AO7iZJtKHuaRVea,Hypochondriac,['49 Stories'],265573,2003,False,,0.5479999999999999,0.47700000000000004,0.005379999999999999,0.594,166.081
4qAdsevUYPNaJoD7C1HmPI,Back Breaks,['49 Stories'],168653,2003,False,,0.659,0.7759999999999999,0.0016899999999999999,0.7859999999999999,171.90900000000005
7JeB30vhqhb1HlaDC8aypC,Together,['49 Stories'],301387,2003,False,,0.762,0.41200000000000003,0.0664,0.252,86.961
3OcUyqjOCTFn8uviBnJYgV,So Many Kids,['49 Stories'],312387,2003,False,,0.469,0.6,0.192,0.342,174.05900000000003
3tywcOzZ9pvqTg7VpsSLP2,Cultural Disease,['49 Stories'],257173,2003,False,,0.547,0.708,0.297,0.523,172.12
2S2IcGGk8mdnxV6xjgVERX,Drop the Drums,['49 Stories'],238787,2003,False,,0.598,0.5539999999999999,0.632,0.42100000000000004,85.971
3c5HoWnOGEDHR77Wy2y4s9,Ratfood For Matthews,['49 Stories'],81080,2003,False,,0.792,0.565,0.57,0.897,97.89299999999999
7eFP0oJviNRHQBW5xnHT4e,City Block,['49 Stories'],223693,2003,False,,0.617,0.484,0.0219,0.251,85.992
0vpIfMJEuGUYy9I6YHeRLc,Escape,['49 Stories'],202187,2003,False,,0.759,0.34,0.244,0.2,85.976
7nj0vGxTpEZi6pNzShs38O,Organ Grinder,['49 Stories'],398307,2003,False,,0.526,0.588,0.39299999999999996,0.733,175.96400000000003
7zDRMvsyoYpi5qk1lB6IfU,Winter Weeks,['49 Stories'],306027,2003,False,,0.68,0.336,0.0547,0.361,174.00900000000001
5OpkKvpXMwOGgN8BMEALqt,40080,['Kitaro'],316413,2003,False,,0.172,0.207,0.982,0.10800000000000001,86.69200000000002
4eOgs6RYlAw7MzYDx0rEPd,Drought Season,['E-40'],260493,1993,True,,0.8190000000000001,0.624,0.0036899999999999997,0.479,92.17299999999999
3E200rCl5lwqQjoVfv2IjN,Rat Heads,['E-40'],312907,1993,True,,0.867,0.636,0.0402,0.659,81.97200000000002
533DVaXdJY8sZTPyGv2psd,Federal,['E-40'],284267,1993,True,,0.857,0.486,0.0028899999999999998,0.325,90.022
3WeJvcoiWHAHVP0hcDJERC,Outsmart the Po Po's,['E-40'],266467,1993,False,,0.856,0.486,0.000848,0.762,90.083
7elCPtxNVKO4AtrYn4RLUf,Hide 'N Seek,['E-40'],263093,1993,True,,0.812,0.7070000000000001,0.039,0.728,95.035
1PCkhrHwkfwmvKgv1QG7OZ,Let Him Have It,['E-40'],293667,1993,True,,0.6859999999999999,0.499,0.00877,0.594,170.357
6X9xdLP7PzvPRf5YSDGu7p,Questions,['E-40'],40440,1993,True,,0.7240000000000001,0.249,0.00809,0.389,85.145
7pDQNljoQn4UyqKlypWD1u,Extra Manish,['E-40'],249867,1993,True,,0.76,0.568,0.0020399999999999997,0.67,170.15200000000004
1VkBKf4ty9OFQA2TESbV43,Carlos Rossi,['E-40'],285560,1993,True,,0.836,0.24,0.0101,0.674,144.032
52QEPLZJPTnRRKCuAfIGG5,Nuttin Ass Nigga,['E-40'],247840,1993,True,,0.804,0.759,0.00717,0.38299999999999995,93.046
4UpFRqNup4itWxJAEa2SQK,Shouts Out,['E-40'],269933,1993,True,,0.693,0.627,0.0152,0.8590000000000001,90.101
7eHF2ILeiz5u1mdIwrWEx6,4:59,['PANTHEIST'],303000,2011,False,,0.226,0.537,0.5,0.0556,105.023
5ZfGIlaIYl2JBs5r9EdcK1,enigmatics IV,['Eponymous 4'],227000,2015,False,,0.444,0.9840000000000001,0.00011999999999999999,0.65,124.02600000000001
1Sz8TUVnpp2GgbMB8mN2S9,Wrong Again,['Eponymous 4'],243000,2015,False,,0.615,0.7559999999999999,0.00825,0.922,124.01299999999999
2vWcBdLvmuqagEX5mpJuhH,Acid Vogue,['Eponymous 4'],204000,2015,False,,0.46,0.871,0.00016299999999999998,0.441,132.037
3OybcdcGiLg4tibPGvzMqE,Silver Sting,['Eponymous 4'],238000,2015,False,,0.629,0.8059999999999999,0.0372,0.595,111.962
1Pi1Fp8ahTVpk1woIcr1uw,"Yesterday, Today, Tomorrow",['Eponymous 4'],207000,2015,False,,0.505,0.706,0.0021100000000000003,0.5870000000000001,83.99700000000001
3AsFUU1d3Bp9wXdNmSz2yK,Strivers for a Better Tomorrow,['Eponymous 4'],335000,2015,False,,0.49,0.6659999999999999,0.005529999999999999,0.257,131.987
6SSTComG8u54p1hFTVdxVL,The One to Make You Whole,['Eponymous 4'],202000,2015,False,,0.7240000000000001,0.868,0.0157,0.91,115.96
6Ql4I7ZDjcjae9rXyd3THz,The Dreaming End,['Eponymous 4'],174000,2015,False,,0.6679999999999999,0.755,0.00481,0.36200000000000004,119.95100000000001
0fUsPeqbyPgcJRmjZ1FIyR,I'm the Shadow,['Eponymous 4'],227000,2015,False,,0.633,0.7440000000000001,0.0269,0.585,123.954
2ckrzuZ1sUsYUhsaQE5fLu,Epiphany,['Eponymous 4'],195000,2015,False,,0.596,0.7190000000000001,3.2e-05,0.7070000000000001,123.96600000000001
5bu3EL7I8Zgbx1TCSso9Ta,Four-Letter Word,['Eponymous 4'],151000,2015,True,,0.519,0.899,0.00073,0.5720000000000001,153.929
1fsM2tIlGZEpUhVNPNp1Tf,No Exit,['Eponymous 4'],222000,2015,False,,0.5710000000000001,0.611,0.0021899999999999997,0.4270000000000001,139.929
4HI1oFEstQeKrpo5cD4Yr4,Blood Money,['Eponymous 4'],262000,2015,False,,0.5579999999999999,0.659,0.0209,0.475,86.021
2c3EzznvPZxj2aGjt4FzMO,The Nature of Things,['Eponymous 4'],225000,2015,False,,0.7759999999999999,0.626,0.004070000000000001,0.4970000000000001,117.97
67helKK1JwUx7dUHLV7ONh,今 (Ima),['Eponymous 4'],215000,2015,False,,0.601,0.775,0.006670000000000001,0.713,115.96600000000001
0mhW7viNEJ71b18hcmegoJ,Long-Distance Lover,['Eponymous 4'],178000,2015,False,,0.4270000000000001,0.31,0.27399999999999997,0.655,108.005
00kTTLztaaEYwUQUH4rpYS,Winter Rain,['Eponymous 4'],222000,2015,False,,0.40700000000000003,0.433,0.8109999999999999,0.48200000000000004,172.03900000000004
3emLRIbtSJJK0ls0VV058o,Wrong Again,['Eponymous 4'],243187,2015,False,,0.618,0.754,0.00796,0.9179999999999999,124.00200000000001
21kVIx7gmwN2mdp5wIRW9I,Acid Vogue,['Eponymous 4'],202507,2015,False,,0.47,0.836,0.00015,0.6579999999999999,132.00799999999998
29c38x8sbHXIdeGTbQqTjT,"Yesterday, Today, Tomorrow",['Eponymous 4'],207067,2015,False,,0.508,0.7070000000000001,0.00216,0.5760000000000001,84.001
34FqoWDCkQfx8Ce37bA7G8,Strivers for a Better Tomorrow,['Eponymous 4'],335213,2015,False,,0.491,0.684,0.00548,0.24100000000000002,131.98
10p1ZJmSa75m4YNxstSO2X,The Dreaming End,['Eponymous 4'],174107,2015,False,,0.669,0.7340000000000001,0.0048200000000000005,0.373,119.98899999999999
1cKAMtoEMOKKsalsHCDocz,I'm the Shadow,['Eponymous 4'],227200,2015,False,,0.629,0.74,0.0257,0.517,123.976
4zyGKSRs2Nwyd1MGai0EPL,Four-Letter Word,['Eponymous 4'],152200,2015,True,,0.519,0.904,0.000543,0.532,76.999
19vcsY0Gx5ayooD0MlxLhL,Blood Money,['Eponymous 4'],262093,2015,False,,0.384,0.66,0.0288,0.439,114.514
6UgT7hh6g47CUTSIGmGeFK,The Nature of Things,['Eponymous 4'],226173,2015,False,,0.7759999999999999,0.63,0.0036299999999999995,0.53,117.985
7FYd66ISNaEd5ODpacBJA2,Long-Distance Lover,['Eponymous 4'],178253,2015,False,,0.628,0.315,0.253,0.5820000000000001,108.006
5vK1xihsIU8VbmxhHBzFoQ,Winter Rain,['Eponymous 4'],220147,2015,False,,0.401,0.444,0.802,0.479,172.0
1Ucl2zSTHnGWuzTBq9xl5v,Rackz,"['4GAuto', 'A1 Bentley']",172062,2018,True,,0.8079999999999999,0.669,0.0359,0.489,147.314
20ywK9bPgg21SEBamGRAA0,Think For Yourself - Question Authority,['COLT 45'],94252,2013,True,,0.31,0.52,3.73e-05,0.192,92.54799999999999
1kRE4DBThnTnp6pqkl6U3z,Everybody Will Let You Down,['COLT 45'],222338,2013,True,,0.47,0.9279999999999999,6.52e-06,0.628,166.06599999999997
7gKh1v93iVuxsf1aSY5NV9,Happiness is A Dying Art,['COLT 45'],219921,2013,True,,0.556,0.863,2.47e-05,0.805,163.97
17WaUjDNqEZsq40OCLLCsu,I'm Drowning Not Waving,['COLT 45'],253755,2013,True,,0.545,0.765,3.72e-05,0.39,98.956
0lvqG1x1wXTaO0ron4fmNz,Brick Wall,['COLT 45'],229588,2013,True,,0.42,0.905,5.26e-06,0.58,184.96599999999998
186xewxbxvb9KEa7JvURSC,Chasing Yesterday,['COLT 45'],171587,2013,True,,0.501,0.955,5.35e-06,0.551,94.494
54ebKacMjE2wiB4LO64scB,Shit Happens,['COLT 45'],188504,2013,True,,0.33899999999999997,0.981,2.29e-06,0.614,192.081
4UcZ4ottXJ7lPMneNPDkFI,In These Dreams (I'll Live and Die),['COLT 45'],178837,2013,True,,0.35600000000000004,0.9309999999999999,1.38e-06,0.674,84.904
4WeQfqhZRAfzaMD81AHwPb,These Unspoken Arguments,['COLT 45'],125669,2013,True,,0.337,0.9670000000000001,4.25e-06,0.625,193.063
4Tzy47U8jUc2wd5MWzx5zV,Six Months in Chino,['COLT 45'],190920,2013,True,,0.42,0.907,2.64e-06,0.725,165.05900000000003
5m1Azd8r35Bwe9CVo8RuhN,42nd Street,['Sister Swing'],253147,2005,False,,0.451,0.374,0.8420000000000001,0.35600000000000004,72.556
2OkjRGnawlryEYsy1qSNbO,Salt Water,['COLT 45'],176308,2014,True,,0.488,0.8340000000000001,3.17e-06,0.38299999999999995,77.045
591UbEsnfCHtocBKNBRiMz,OK,['COLT 45'],180500,2014,True,,0.523,0.774,1.09e-05,0.648,155.947
0URtWplpD870nWKkqsXTBJ,I Thought I Knew Best,['COLT 45'],212613,2014,True,,0.44799999999999995,0.92,6.5000000000000004e-06,0.413,155.042
7q6z3v4OjkP1xOFEhOZTBd,595,['COLT 45'],195583,2014,True,,0.537,0.8240000000000001,0.000174,0.7879999999999999,162.00799999999995
0Dks8biRmDe7n0jTuhLUt7,I Remember When The Rain Came Down,['COLT 45'],228343,2014,True,,0.672,0.8590000000000001,0.000942,0.63,94.99
10WldySdMByDv8bmNWAz0y,The Simple Things Are Working,['COLT 45'],293951,2014,True,,0.498,0.784,0.000288,0.301,154.128
2pLJHfx7pqoIzktLLfOG0i,Time Will Tell,['COLT 45'],195009,2014,True,,0.54,0.9009999999999999,1.53e-05,0.645,82.993
1aFWBCfZ0n7sHjuQ3hreGc,Lessons Must Be Learned,['COLT 45'],162259,2014,True,,0.505,0.919,1.12e-05,0.4320000000000001,139.971
40cSh1vstqaGH7V2ONQdyj,When We Sleep Alone,['COLT 45'],206291,2014,True,,0.498,0.9079999999999999,6.829999999999999e-05,0.49,160.069
1pJrdjoKb0x2jeQka7dUDT,Found My Home,['COLT 45'],222782,2014,True,,0.507,0.9009999999999999,8.27e-06,0.862,91.01700000000001
07yDCmNv3SQO0fIQb4Uvu3,Crutches,['COLT 45'],211784,2014,True,,0.546,0.8690000000000001,8.69e-06,0.45399999999999996,117.014
2EJ3a73enFBv9iOvnX6QwV,44 Blues,['Pinetop Perkins'],203120,2012,False,,0.47200000000000003,0.486,0.953,0.506,84.13600000000002
6x6aQzRkWhN1qwwnLiH38V,4 O'Clock In The Morning,['Pinetop Perkins'],261467,2012,False,,0.502,0.364,0.96,0.445,181.41099999999997
29pkXVqOmYpXzc6xobOlWB,Lay It On The Line,['4Him'],263267,1997,False,,0.623,0.8909999999999999,0.0395,0.632,104.03299999999999
5TaOGq2ViT8GodDLmbOv6F,Measure Of A Man,['4Him'],244400,1997,False,,0.451,0.898,0.0422,0.643,168.12
5LbVowgNYseqNlTESoONCM,Land Of Mercy,['4Him'],247027,1997,False,,0.648,0.889,0.00603,0.622,101.025
0zwMxDT9zcgQsfF1qt8Ayt,The Message,['4Him'],266200,1997,False,,0.555,0.7659999999999999,0.106,0.18899999999999997,140.135
3363SaIFEkDJtkUxmugz5K,The King And I,['4Him'],250533,1997,False,,0.632,0.833,0.0639,0.498,104.012
5dajXuPteOynqpaLLYHBTs,Center Of The Mark,['4Him'],323173,1997,False,,0.581,0.43,0.685,0.22699999999999998,111.962
189WSiiCMMnSxce3CdCcy4,Window With A View,['4Him'],246933,1997,False,,0.674,0.7140000000000001,0.0419,0.591,115.073
3Mb6qqicNIM0BnMki16Z8x,All The Evidence I Need,['4Him'],265027,1997,False,,0.615,0.9,0.10099999999999999,0.615,102.00299999999999
068BHvGQmcnHGqixjxxHaE,Sacred Hideaway,['4Him'],321507,1997,False,,0.501,0.773,0.0525,0.405,90.64
3pwNIlHURZi0UFvuss07gY,A Lot Like You,['4Him'],269093,1997,False,,0.695,0.903,0.0287,0.794,109.36200000000001
7jZfKtJ1KmF2qqAaOuDmSM,Greatest Story Ever Told,['4Him'],333440,1997,False,,0.504,0.598,0.228,0.231,138.08
5mGnmj2O1nJyetQ8v8XaRd,My Crutch,"['Luniz', '4rAx', 'G-Stack', 'Kuzzo Fly']",299941,2015,True,,0.935,0.552,0.115,0.613,100.00299999999999
1WcePZfH9tn1NOmqjik2fA,You Know,"['Luniz', '4rAx', 'Stevie Joe']",245333,2015,True,,0.5920000000000001,0.613,0.28600000000000003,0.711,78.744
7JWe1P4sGd1WIncp9svOj1,Just A Touch (Numskull Solo),"['Luniz', '4rAx', 'Iesha Brooks']",223271,2015,True,,0.941,0.47600000000000003,0.0448,0.873,100.991
0TOILX5ncYDP8w7euHTV6D,Let The Lion Run Free,['4Him'],293227,1998,False,,0.557,0.7909999999999999,0.0736,0.41100000000000003,96.999
4HETvMIhvuOe9citpxZ9s1,Can't Get Past The Evidence,['4Him'],233133,1998,False,,0.48200000000000004,0.69,0.047,0.525,187.958
5SA7xBMVtvGAC7obbVbOF5,Signs and Wonders,['4Him'],235440,1998,False,,0.62,0.7609999999999999,0.0058,0.451,112.031
76pLmHaEpHumLTxvYE3gvw,Great Awakening,['4Him'],287067,1998,False,,0.522,0.617,0.226,0.256,131.939
6d6E2D0Y8BhE6SeOk3i1kh,That Kind of Love,['4Him'],250133,1998,False,,0.616,0.653,0.00399,0.402,103.97
2IIQ0ILlD39rd9LfMlzdMY,Mystery of Grace,['4Him'],306160,1998,False,,0.53,0.49,0.107,0.485,80.92399999999998
3iG93owd8KAliVzeaBaHa1,Obvious,['4Him'],249667,1998,False,,0.5820000000000001,0.8170000000000001,0.026000000000000002,0.759,99.068
0G9I337uKKikSQllEChTH9,Before The River Came,['4Him'],248067,1998,False,,0.45899999999999996,0.8320000000000001,0.00406,0.6559999999999999,183.97799999999998
6Y97NXOOrcmwBT8UgBiQ9T,Voice In The Wilderness,['4Him'],285373,1998,False,,0.551,0.818,0.00549,0.7340000000000001,98.006
2bunZlvnWoYT5cjkpqnwQJ,Who's At The Wheel,['4Him'],362933,1998,False,,0.58,0.828,0.0156,0.7020000000000001,93.95299999999999
3ZvwujCvmTBEfu14ctT2SD,The Hand of God,['4Him'],312160,1998,False,,0.44799999999999995,0.32899999999999996,0.679,0.248,144.005
2SYBjqpK86UzuEA1vxRrR2,Liquid Chicken,['Atomic 45'],298187,2014,False,,0.44299999999999995,0.7509999999999999,0.0105,0.522,112.656
0q0yTcLpCMnM2499MAZv5B,Eerie,['Atomic 45'],260947,2014,False,,0.564,0.872,0.00146,0.47600000000000003,109.874
0nn2FIjD26Vh6hpbJD4ACo,War Machine,['Atomic 45'],129773,2014,True,,0.29,0.932,7.7e-05,0.69,195.15099999999998
2iG0HzfYDoxYSORClIZQgt,Ivy,['Atomic 45'],317973,2014,False,,0.392,0.45,0.0864,0.0605,110.074
40ZaAFg5BpHmTkY6MP0Kvi,Parent Trap,['Atomic 45'],146173,2014,False,,0.514,0.841,0.0121,0.6679999999999999,80.04
4t2kN9RN723J6WsVDf9smI,Persana Non Gratis,['Atomic 45'],262480,2014,False,,0.53,0.8270000000000001,0.0038799999999999998,0.342,139.952
3eT9abzAo8dLhFMNQI7faT,Take,['Atomic 45'],238320,2014,False,,0.322,0.8959999999999999,0.00011999999999999999,0.253,174.94400000000005
26NzyjZmcnhSvYPuVIq5wx,Wake Up Dead,['Atomic 45'],158293,2014,False,,0.4970000000000001,0.9,0.0033399999999999997,0.441,140.192
6ENfR6l0yAeCmXg89nngrL,Nothings Changed,['Atomic 45'],249787,2015,False,,0.5820000000000001,0.782,0.203,0.409,124.96799999999999
3QwQ3tcfEDlcuaGPbSMncL,Evil Dead,['Atomic 45'],187800,2015,False,,0.374,0.9329999999999999,0.0235,0.49,97.47399999999999
6ZKkMs7hrxs45h2O2UOB0l,Spacecase,['Atomic 45'],206013,2015,False,,0.648,0.7120000000000001,0.0174,0.9229999999999999,109.90100000000001
5x3Cdt6HDxoZP2Q5sp12iT,Trapped,['Atomic 45'],308573,2015,False,,0.447,0.652,0.0526,0.307,154.923
5tzI0PaSEjglveUpPJhT8F,Fumunda,['Atomic 45'],227027,2015,True,,0.396,0.941,0.0036299999999999995,0.5589999999999999,89.82
2rcn7NDzbmhQsYBAT0SRTT,Trend Whore,['Atomic 45'],170027,2015,False,,0.524,0.955,0.0265,0.41200000000000003,110.0
15ARQTomLDtZ8SRhwpRxXH,Cauterized,['Atomic 45'],248413,2015,False,,0.605,0.904,0.000493,0.8590000000000001,90.04700000000004
2zhp2qmWYM1QjDTifFvfsG,Neva Broke,['E-40'],405200,1993,True,,0.579,0.513,0.033,0.34299999999999997,95.054
0DR0nBO0APpcONCOiHJjdl,Bring The Yellow Tape,['E-40'],268040,1993,True,,0.8029999999999999,0.511,0.385,0.7959999999999999,80.058
4q2v2iZ2DujnVUuKMvC7I5,Practice Lookin' Hard,['E-40'],277000,1993,False,,0.745,0.537,0.195,0.757,80.07
7zELA3ONlnWNO2STl0u4Tk,Ballin' Outta Control,['E-40'],267360,1993,True,,0.846,0.522,0.0648,0.698,91.22
2pYwJNDOkUmJ88PibUH5nZ,Where the Party At (feat. The Mossie-Kaveo & Young Mugzie),"['E-40', 'The Mossie-Kaveo', 'Young Mugzie']",295040,1993,True,,0.836,0.672,0.22899999999999998,0.731,95.057
3ZgQhe1Sv7mnQjpVTJnOFp,"Captain Save a Hoe (feat. The Click, D-Shot, B-Legit & Suga T)","['E-40', 'The Click', 'D-Shot', 'B-Legit', 'Suga T']",287600,1993,False,,0.753,0.514,0.0612,0.563,166.015
4GmtqBHda6XgQ7njDVTEs0,The Mail Man,['E-40'],261867,1993,True,,0.805,0.405,0.207,0.638,88.01100000000002
3172PtsnZu0hfkcRzZhJK7,"Captain Save a Hoe (feat. The Click, D-Shot, B-Legit & Suga T) - Remix","['E-40', 'The Click', 'D-Shot', 'B-Legit', 'Suga T']",288627,1993,True,,0.777,0.6940000000000001,0.217,0.763,166.00400000000005
4DAEzer1045Suk1KcAe8px,New Age Slaves,['40 Below Summer'],227573,2006,True,,0.36,0.9390000000000001,0.00811,0.225,143.986
1xBKjFQQOwKwvbjSvDxMry,5 Of A Kind,['40 Below Summer'],267560,2006,True,,0.41700000000000004,0.977,0.0138,0.11699999999999999,97.874
7nq0NdWnAvVjU9nyYXCNr7,Tell Me Now,['40 Below Summer'],260013,2006,True,,0.546,0.6659999999999999,0.00379,0.384,129.05200000000002
2HZ2Q4Y2hsRYUDNSz5xrQw,It's About Time,['40 Below Summer'],216653,2006,True,,0.406,0.945,0.000843,0.271,146.993
3PQBhDquZhVwZy07Qt98sf,Relapse,['40 Below Summer'],272493,2006,True,,0.21600000000000005,0.772,0.0015300000000000001,0.193,168.675
5gb2WjXCfTCYKaQX2yHUL8,Anxiety 101,['40 Below Summer'],247373,2006,True,,0.385,0.914,0.000381,0.276,129.321
4KaUwpMEgS22D0635WQARZ,Alaskan Thunderfuck,['40 Below Summer'],310067,2006,True,,0.41700000000000004,0.865,0.0111,0.214,154.968
6Oyqcxg6hp3oFVujO1loFe,It's So Easy,['40 Below Summer'],191773,2006,True,,0.213,0.972,0.00405,0.488,152.911
4d6tSGi1VCv1qZKYFxdlKC,Cut In Half,['40 Below Summer'],263347,2006,True,,0.406,0.768,0.05,0.313,125.52799999999999
2jhK9fkYw5FPA7yMnvAcK3,4 Nothin' featuring Sorceress,['CES Cru'],219220,2004,True,,0.654,0.823,0.121,0.77,87.95700000000002
66Knj1s760uvKtvq2SqoJw,Lost Highway,['The 484 South Band'],267053,2009,False,,0.384,0.9129999999999999,0.29,0.534,209.90200000000002
24A9kIPq8WkfNlNE2dkKQt,Mississippi,['The 484 South Band'],327067,2009,False,,0.604,0.78,0.0015400000000000001,0.5720000000000001,130.095
7Eojk1LoCxCmuEfpWhsOUe,The Road,['The 484 South Band'],270013,2009,False,,0.442,0.473,0.149,0.425,153.884
6TDRurVSozg5p9CnR8jLMz,See Me,['The 484 South Band'],176067,2009,False,,0.601,0.7090000000000001,0.31,0.7020000000000001,92.139
6EvQ93hzbyKUP86vkfYCpP,Counted,['The 484 South Band'],235933,2009,False,,0.635,0.8079999999999999,0.0331,0.708,99.014
1cMFNsgZGO2tJb3eqWuIat,Big Muddy,['The 484 South Band'],222853,2009,False,,0.516,0.687,0.252,0.648,159.92700000000005
1bBVWZp7pwT5c1XCpnJFao,Baton Rouge,['The 484 South Band'],192960,2009,False,,0.5770000000000001,0.647,0.0655,0.753,170.195
4qhr5XaDgNHzQJkqwDuDjZ,Mississippi Night,['The 484 South Band'],227813,2009,False,,0.449,0.37,0.4270000000000001,0.509,115.406
1SSQOTwSZzzHu9B6wcbWqV,Crystal Springs,['The 484 South Band'],185493,2009,False,,0.392,0.852,0.126,0.887,185.97099999999998
2BJJxNsKSe2Xj4xnoKStBK,Blackwater River,['The 484 South Band'],198680,2009,False,,0.652,0.802,0.0285,0.841,129.983
7uDVNW0dLgxxfFauZddLnm,Love Me,['The 484 South Band'],253373,2011,False,,0.526,0.914,0.0741,0.649,159.99
3zuAZ5EcyFztIzTr8Up7CO,That Brother of Mine,['The 484 South Band'],243933,2011,False,,0.6990000000000001,0.8909999999999999,0.071,0.9009999999999999,131.99
3fuyXetgEgUQYR5cYTdShW,I Drown,['The 484 South Band'],242640,2011,False,,0.475,0.785,0.57,0.384,170.173
5vrDh2f9jSxY5f6BaGsmDH,Southern Angel,['The 484 South Band'],262573,2011,False,,0.545,0.586,0.0595,0.455,73.035
7MK5tWNNbNI8Rcjszx69Sk,Baton Rouge Tonight,['The 484 South Band'],155947,2011,False,,0.603,0.8490000000000001,0.0802,0.9179999999999999,91.074
1OmCqALqlnWCMQdQ2HOyCJ,All Night Long,['The 484 South Band'],194573,2011,False,,0.67,0.873,0.40399999999999997,0.7979999999999999,138.06799999999998
6tijicE6GcbJhCI1G0YLfr,No Words,['The 484 South Band'],227640,2011,False,,0.618,0.69,0.155,0.27,101.97399999999999
2ohyxro4ijrt8JRkUPqGJM,Life Worth Living,['The 484 South Band'],239840,2011,False,,0.5660000000000001,0.8390000000000001,0.67,0.66,123.197
56SU74jZeKRG4Jd3XgModU,Take,['The 484 South Band'],191680,2011,False,,0.57,0.9329999999999999,0.368,0.728,99.898
461CollMAPqQmwOgzYm7hY,Born and Raised,['The 484 South Band'],245053,2011,False,,0.446,0.845,0.157,0.61,109.919
4Z34zzXhEVRU11lRosrWOV,Fades,['The 484 South Band'],242093,2011,False,,0.655,0.858,0.158,0.777,127.118
5DW7904pc2RQvPsj5WZWwu,Wrote This Song,['The 484 South Band'],261547,2011,False,,0.551,0.86,0.457,0.47700000000000004,88.03299999999999
3n7OjcD8v4mWKCUmOvagRL,So Long,['The 484 South Band'],366213,2011,False,,0.715,0.465,0.7759999999999999,0.244,97.4
7sSlHZ6wzKdWnTCfxYBN16,The Element Of Surprise,['E-40'],263360,1994,True,,0.736,0.6679999999999999,0.0115,0.557,85.001
0JlkUuxAHeNU1KPnw6Sihx,Trump Change,['E-40'],270400,1994,True,,0.7140000000000001,0.757,0.109,0.48700000000000004,84.455
1N783tR3SUA0LycaW9JMif,All Tha Time (feat. B-Legit),"['E-40', 'B-Legit']",200933,1994,True,,0.875,0.63,0.0817,0.645,92.016
77p7irKBPhewa45xGRfCX8,"Dump, Bust, Blast",['E-40'],250733,1994,True,,0.7859999999999999,0.609,0.03,0.456,156.019
6nIUP3xiRrrzuhlyqwtfvv,Hope I Don't Go Back,['E-40'],278200,1994,True,,0.785,0.537,0.0241,0.551,92.81
1QYOQoYedAzeuuR2Y2Arjt,"$999,999 + $1= A Mealticket",['E-40'],273373,1994,True,,0.7,0.67,0.0108,0.609,91.162
3eyCL6XiVc3Zyl0aAr8sp2,Money Scheme (feat. Jayo Felony),"['E-40', 'Jayo Felony']",380533,1994,True,,0.684,0.7240000000000001,0.0637,0.7190000000000001,171.861
0gROT56vsTZpVuHZI6TmIR,Zoom,['E-40'],249493,1994,True,,0.745,0.52,0.225,0.531,170.003
4wUiAiVhieIBbAoGa2vMgU,Mayhem (feat. A-1),"['E-40', 'A-1']",309067,1994,True,,0.836,0.688,0.0007769999999999999,0.596,86.79700000000004
1ImU3112Omcw9r7ZQhCMdE,"Personal (feat. D-Shot, Suga T, The Mossie & Levitti)","['E-40', 'D-Shot', 'Suga T', 'The Mossie', 'Levitti']",269973,1994,True,,0.682,0.563,0.0226,0.7090000000000001,164.13400000000001
0P6TQO6bod5r4WYbRRiSLX,My Hoodlums & My Thugz (feat. WC & Mack 10),"['E-40', 'WC', 'Mack 10']",284133,1994,True,,0.7759999999999999,0.8320000000000001,0.205,0.594,93.103
7kCMJC2CV6l0tFLUCXRiyf,Do It To Me (feat. Busta Rhymes),"['E-40', 'Busta Rhymes']",221400,1994,True,,0.7929999999999999,0.636,0.0437,0.615,100.85799999999999
2zkLaLFUHbrpxO9J8ZwLcr,Lieutenant Roast A Botch,['E-40'],280960,1994,True,,0.82,0.6,0.0266,0.45299999999999996,90.17299999999999
0orL60xKFW35ciLdG6WwFp,"It's On, On Sight (feat. C-Bo)","['E-40', 'C-Bo']",253400,1994,True,,0.7240000000000001,0.7140000000000001,0.00877,0.598,85.712
7r10XxfgtEbmLGeMT1x7Fk,"From The Ground Up (feat. Too $hort, K-Ci & JoJo)","['E-40', 'Too $hort', 'K-Ci', 'JoJo']",292373,1994,True,,0.7929999999999999,0.5920000000000001,0.0702,0.826,89.565
1yZebpLjx2dLW6heUGc8yG,Flashin',['E-40'],295000,1994,True,,0.865,0.601,0.00743,0.728,140.141
6Tv6CRbizY9RZ35DY5xRvk,Doin' Dirt Bad (feat. B-Legit),"['E-40', 'B-Legit']",262333,1994,True,,0.883,0.667,0.213,0.557,92.016
24lbPD1Snr7cSHSb1BRyxF,Broccoli,['E-40'],246827,1994,True,,0.805,0.556,0.0598,0.772,98.75399999999999
6XZcsEqbLVoqoHM9IHnBc8,Jump My Bone,['E-40'],237373,1994,True,,0.632,0.733,0.0883,0.665,90.23
0JeF5PsgJZna9m9WR5lTXf,Back Against The Wall (feat. Master P),"['E-40', 'Master P']",281733,1994,True,,0.736,0.474,0.0507,0.647,83.397
4985jpw1jWhrUk5L0MVp5v,To Da Beat,['E-40'],252200,1994,True,,0.7829999999999999,0.5720000000000001,0.00619,0.8270000000000001,166.049
4SWR3IIoE4tA7Q2hXpo7fL,Dirty Deeds,['E-40'],226200,1994,True,,0.8220000000000001,0.585,0.0353,0.745,94.064
0fwPpDRctiZbTcnR2XduVn,Ballin' Outta Control,['E-40'],267133,1994,True,,0.851,0.66,0.0541,0.7170000000000001,91.228
4Yp4g4yRPJhPBmAHGmHp2C,One More Gen,['E-40'],369293,1994,True,,0.652,0.519,0.053,0.574,106.68299999999999
40fjCUHZBlFG2JfoVWrpZ3,42 Days Ago,['Area42'],242168,2012,False,,0.4,0.677,0.12,0.48,180.09
2F8YOlA0G1vfTGM5ykVS7r,483 Substances,['Ascent'],424978,2014,False,,0.652,0.843,1.7899999999999998e-05,0.125,135.004
272NfWIW4w3r8QLTAjp1FJ,CC: 4L,['Corpse Circus'],143667,2015,True,,0.489,0.6559999999999999,0.16399999999999998,0.578,90.016
5wGuVuinGOKcOnDZfzjmnY,481772,['C418'],257500,2015,False,,0.302,0.47200000000000003,0.000356,0.139,135.045
2fidrGWUTc1nVDKPNPjDtb,40 Oz. of Blood,['Corpse Circus'],248307,2013,True,,0.8029999999999999,0.655,0.0109,0.696,87.007
0x7LmoivJmD2XQRduHz3mM,4 a.m.,['Forrest Fang'],274187,2000,False,,0.284,0.0578,0.987,0.149,71.21600000000002
67C83OtwDqKBQeip9SxcpP,Motionless,"['Project 46', 'SERi']",347193,2013,False,,0.614,0.7909999999999999,0.0153,0.19899999999999998,128.016
4pyBR3EptdTGhGbVHvZPwH,"4 Lieder, Op. 36, TrV 186 (text by F.G. Klopstock): 4 Lieder, Op. 36, TrV 186: No. 1. Das Rosenband",['Arleen Auger'],187000,2000,False,,0.237,0.0298,0.991,0.0416,80.242
18ikgW8z1Rko3F7Uz6aQbL,402 (E39 Chill Mix),['Lightyear'],250000,2017,False,,0.7240000000000001,0.61,0.0626,0.71,120.04700000000001
7tFng1WsXsUWWjSJ7FgEtV,402 (E39 Pop Mix),['Lightyear'],300000,2017,False,,0.649,0.759,0.22,0.586,99.95
7vwV9NOk70VNpo5pb82ml0,442nd Battalion,['Kitaro'],208080,2010,False,,0.525,0.235,0.601,0.502,84.79799999999999
2kM1AKXmYxW5xwDv7F6zdo,42.195km,['KOBUKURO'],218253,2016,False,,0.4,0.971,0.0655,0.625,167.005
6ezw74cvzp56m24cy6TQHY,Something's Coming,['All-4-One'],281667,1996,False,,0.723,0.5660000000000001,0.132,0.8059999999999999,102.199
3IUXMPvsw1Q8T22mF94d3e,Ride Of Life,['4Him'],274373,2001,False,,0.445,0.95,0.0152,0.785,158.291
3MkrWBdwFNERbDwXBJi3Gw,The Only Thing I Need,['4Him'],299453,2001,False,,0.522,0.5870000000000001,0.524,0.68,83.859
1EZ4Qxw72ZwvNb9zihejJZ,You Are Holy,['4Him'],296987,2001,False,,0.5670000000000001,0.551,0.34600000000000003,0.247,139.94
3kAxu83BTQoLwhZZhCU4SW,For Future Generations,['4Him'],288467,2001,False,,0.4970000000000001,0.67,0.0972,0.48700000000000004,136.05
28immNAQ0Jv3E8N9laAIVD,Shelter In The Rain,['4Him'],227200,2001,False,,0.627,0.9129999999999999,0.14400000000000002,0.884,112.083
1myiXn0LKf2jHuQqO4RhNh,Sacred Hideaway,['4Him'],315040,2001,False,,0.493,0.764,0.044000000000000004,0.39,90.68799999999999
3y8tXC1Zw67m8DXj1kGeJ7,Can't Get Past The Evidence,['4Him'],232200,2001,False,,0.478,0.6829999999999999,0.0546,0.546,187.916
5RZGQdeIw7Ph0LpNnjbxD0,Measure Of A Man,['4Him'],242547,2001,False,,0.44799999999999995,0.862,0.0432,0.63,168.013
39uSDREuvDiY972mQmWcCZ,Before The River Came,['4Him'],246613,2001,False,,0.461,0.852,0.0049299999999999995,0.654,184.013
5XQS6cPzaWPEliFcruWOXt,Center Of The Mark,['4Him'],319240,2001,False,,0.589,0.435,0.7040000000000001,0.196,111.98100000000001
3XgQrYGoo3iRSG5TIFj9lU,Where There Is Faith,['4Him'],294147,2001,False,,0.541,0.6679999999999999,0.253,0.517,124.838
2PWpM9jJouWh1TLmJL2dEY,A Man You Would Write About,['4Him'],284293,2001,False,,0.609,0.612,0.561,0.282,139.172
6ZdwO1LA8F1QInfY1M74bJ,Land Of Mercy,['4Him'],245040,2001,False,,0.6509999999999999,0.879,0.00517,0.604,101.027
0zhDesdFKvfJ3FPZwYJyKA,The Basics Of Life,['4Him'],310640,2001,False,,0.638,0.55,0.14300000000000002,0.335,118.95200000000001
2NoWUw6jdijW8v1nPHoNwG,Strange Way To Save The World,['4Him'],270280,2001,False,,0.4,0.263,0.812,0.33799999999999997,119.802
1XisvIQoDeo9ebebGFmbkp,The Chant,['54-40'],273360,2008,False,,0.51,0.784,0.00494,0.6759999999999999,106.288
3jxjeNFNifJUoO3Dk5gP8p,Snap,['54-40'],242467,2008,False,,0.534,0.883,0.00987,0.5770000000000001,136.38
41BbIpznhux7lq9B983moa,The Scare Of Meaning Less,['54-40'],188027,2008,False,,0.43799999999999994,0.8320000000000001,0.0012,0.848,80.247
04lCP1Wptxscoh2Rtmg3y5,Northern Soul,['54-40'],251107,2008,False,,0.479,0.648,0.33399999999999996,0.309,132.285
1dWbsC18tV4esaA2Ag6jgi,Where Did The Money Go,['54-40'],231667,2008,False,,0.41100000000000003,0.659,0.0158,0.493,162.444
2mNC2dVAaLDSh1YOT4DOao,One Hundred Songs,['54-40'],206560,2008,False,,0.565,0.6559999999999999,0.13,0.606,112.43
0h9MB8Wjyb3UWrBSzbrIIf,Shade Grows,['54-40'],215027,2008,False,,0.5870000000000001,0.386,0.6509999999999999,0.17300000000000001,110.34200000000001
2lGjt8X7cTDYlbxk0404LP,Moonbeach,['54-40'],252027,2008,False,,0.531,0.447,0.262,0.0928,116.34299999999999
43hujWwasZuOpfdMMz2BI4,The Wind Down,['54-40'],223693,2008,False,,0.501,0.8240000000000001,0.00137,0.833,129.82399999999998
2iSWL0dfglEBB4Bg5kF3B4,To Face Your Eyes,['54-40'],196440,2008,False,,0.387,0.902,0.00808,0.5870000000000001,75.214
36ERPzEVvMsmoumIMDB4Zs,Lucky,['54-40'],181867,2008,False,,0.353,0.22699999999999998,0.83,0.24600000000000002,78.582
44Dv8ecT8RRawNzfIS6G2w,Waiting,"['Project 46', 'Soundwell', 'Kory']",305279,2013,False,,0.6809999999999999,0.6890000000000001,0.0088,0.32799999999999996,127.993
72QPftHnRhn8HaY7PXxKPx,Catalyst,['Project 46'],354038,2013,False,,0.685,0.934,0.00047699999999999994,0.36200000000000004,125.053
5XcPdJVzEdovmzMxyco63J,Ekho,['Project 46'],302942,2013,False,,0.711,0.654,0.0046700000000000005,0.146,127.98200000000001
3e8WPH1HiZCNZShzyP6bz1,4 Tha' Bizzness,['Lunasicc'],263827,1997,False,,0.73,0.72,0.33,0.6609999999999999,89.96600000000002
1t6l68B9HOwPIC8wtLtDX3,I Swear,['All-4-One'],259853,2018,False,,0.532,0.40700000000000003,0.235,0.23,83.20700000000002
2w0Z9DJr3i5224Cko8HiLK,I Swear,['All-4-One'],259853,2017,False,,0.532,0.40700000000000003,0.235,0.23,83.20700000000002
6q9MPsRMHUidAPj9dJjxiG,Stars,"['Project 46', 'Haley']",232177,2016,False,,0.4270000000000001,0.743,0.385,0.23199999999999998,122.012
73QKAt2GSRtfjVs89ApDa1,Helplessly Hoping,['We 4'],148142,2015,False,,0.433,0.27899999999999997,0.946,0.287,84.23700000000002
1fgSC95mHiR4LrLKfw3uMc,Summertime,['We 4'],147028,2015,False,,0.419,0.289,0.9259999999999999,0.473,144.22
4kmEzfgGu80pfnHRkHE7aJ,4PM - Feat. Pete Miser,['pH10'],182053,2004,False,,0.7140000000000001,0.8690000000000001,0.0237,0.542,93.021
1UoPhKyEzzYzLo2x93xqpG,4PM - Radio Edit,['pH10'],185040,2004,False,,0.7090000000000001,0.872,0.0196,0.495,93.039
4iQ6LeBGel2L4Ye133r98I,40 Days And Nights,['Protein'],221133,1999,False,,0.588,0.858,0.000121,0.485,120.244
502TdGnM7valxFLNt7Kkls,How It'z Like,['4eleven'],211040,2005,False,,0.9,0.893,0.121,0.768,110.954
7BgnRIcUTwvUA7BMpIWCw7,Come & Get Me,['4eleven'],266813,2005,False,,0.9259999999999999,0.657,0.0924,0.345,95.515
59B1gnlJRsWqezX1mxalPt,Only U,['4eleven'],292973,2005,False,,0.5579999999999999,0.7809999999999999,0.318,0.4270000000000001,82.93299999999998
3FEH3NTXZros1biWLK1rre,Us,['4eleven'],247147,2005,False,,0.937,0.584,0.152,0.301,95.505
3TpbEXg56TnnHV3gX0DsDi,Look At U,['4eleven'],237987,2005,False,,0.924,0.494,0.0347,0.6920000000000001,92.979
1BqYsOs8woHtPhRhCfP5GL,Nowhere,['4eleven'],281240,2005,False,,0.8220000000000001,0.535,0.006529999999999999,0.048,93.087
0U4IpDvFifwFr2CKp7fxpF,Swirvin',['4eleven'],227107,2005,False,,0.833,0.605,0.0156,0.327,98.005
0ilfHKgKFAekwcGMI4StKp,Starz,['4eleven'],219373,2005,False,,0.757,0.883,0.7140000000000001,0.57,90.959
5AxODDXEY3kLphZ5u1bHgD,Where the Sun Fallz,['4eleven'],247280,2005,False,,0.833,0.7140000000000001,0.0436,0.807,99.986
3OSWyrnrNMvqdB4UDA8VGR,It Ain't Eazy,['4eleven'],269253,2005,False,,0.878,0.611,0.19899999999999998,0.505,89.99799999999998
0JlNcQobHdJL8duQNtF8Xc,Out the Door,['4eleven'],257027,2005,False,,0.929,0.698,0.113,0.7759999999999999,102.962
228XedGrHE4BvEeCieh5lc,Euthenasia,['4eleven'],269307,2005,False,,0.898,0.547,0.139,0.7120000000000001,87.98200000000001
2ILw7DDnzXn0V3JJRw2Gce,All I Eva Wanted,['4eleven'],274800,2005,False,,0.7190000000000001,0.6679999999999999,0.0541,0.647,140.11
1tTx6o4nftGDZgCO5060Il,4 People,['Deadheart'],172333,1994,False,,0.506,0.652,0.00223,0.162,140.388
4u4ySp65H7gzRWmJprmRiQ,Fall Off The Wagon,['44 Long'],192187,1997,False,,0.619,0.607,0.00556,0.493,90.295
6q3XYfyfnKEMWNXRfgSStu,Burn Up At Re-Entry,['44 Long'],175307,1997,False,,0.591,0.823,0.000482,0.6579999999999999,126.51899999999999
6agv3pahTUOrC7nRVZMavM,Irregular Heart,['44 Long'],181667,1997,False,,0.47600000000000003,0.648,0.00315,0.792,101.181
50CpQWUI60SuKXZlVhO30E,New Blood,['44 Long'],225427,1997,False,,0.604,0.823,0.000221,0.927,127.68700000000001
3V5B9KIWvlXI1osSG8j9Im,Divine,['44 Long'],167920,1997,False,,0.569,0.7340000000000001,0.0182,0.945,92.758
2zQUVBef7gnEIApuWCv7dC,God Loves A Fool,['44 Long'],226000,1997,False,,0.505,0.524,0.0298,0.381,169.53
4QtE1KtoAAjC01SdXG6RsT,Undertaker,['44 Long'],169187,1997,False,,0.364,0.8290000000000001,0.000936,0.956,148.68200000000004
06Yxjzmnbk6ikjAwFFxUCW,Lovers Leap,['44 Long'],239733,1997,False,,0.563,0.603,0.0109,0.344,148.016
154hG5pohtJtpmRN3N9BvG,Free,['44 Long'],152973,1997,False,,0.289,0.9420000000000001,0.00118,0.9129999999999999,82.361
1USZgAclKETIHrppdUKVmw,Your Fortune,['44 Long'],191120,1997,False,,0.615,0.56,0.0722,0.239,95.984
5R1eeIyq0V1sUsqVFZrjcx,46 Lodgings,['Telemachus'],186353,2017,False,,0.63,0.473,0.727,0.449,85.0
2Y5knyKhwtz7L0OkAOYs6P,Stars,"['Project 46', 'Haley']",232177,2016,False,,0.4270000000000001,0.743,0.385,0.23199999999999998,122.012
7JQMyVEfCRwyVkNK2qlNnu,Signs,"['Project 46', 'Shantee']",195997,2016,False,,0.64,0.8540000000000001,0.0175,0.23199999999999998,120.024
0I14qZhplmxvwZSyIOMaFm,Summer,['Project 46'],207486,2016,False,,0.282,0.649,0.595,0.13,126.854
4claeSrjiPe7GAFgzyy2gY,Falling,"['Project 46', 'Felicity']",219380,2016,False,,0.516,0.758,0.0013800000000000002,0.265,128.069
3HPLfZhQUds6N6tZ4WiApn,4 Minute Warning,['Radiohead'],244285,2007,False,,0.532,0.303,0.5870000000000001,0.225,124.15700000000001
0spkC3qlpHnRgytWwmEURW,40 y 20,['José José'],243667,2014,False,,0.3670000000000001,0.445,0.584,0.315,85.88600000000002
6wmVPggLOMDW1GFIKxilpY,Only You,['THE 413 EFFECT'],245736,2016,False,,0.715,0.7979999999999999,0.028999999999999998,0.599,104.995
0hfDQig4I17gXlErOQ6lCg,Cut Throat,['4Mag Nitrous'],176093,2009,False,,0.29,0.888,2.6000000000000002e-05,0.522,112.995
658I6WeNm82ACYINErIih7,Hellhounds,['4Mag Nitrous'],185453,2009,False,,0.41700000000000004,0.8370000000000001,5.22e-05,0.7170000000000001,129.588
4epaAlK8xaXcuNo6FHprsQ,Speed Demon,['4Mag Nitrous'],236640,2009,False,,0.19699999999999998,0.816,2.99e-05,0.66,165.28799999999995
368QIT67faXjKNkKbTzP14,River & 6th,['4Mag Nitrous'],271707,2009,False,,0.302,0.738,3.6e-05,0.536,119.986
23vRlTbPcZf3erj5txytzW,In the Straight,['4Mag Nitrous'],212000,2009,False,,0.267,0.8540000000000001,4.74e-06,0.526,124.945
1IMWjFlKr16pDAqIhdj3mZ,The Swamps Lie Dead,['4Mag Nitrous'],176320,2009,False,,0.27399999999999997,0.882,2.17e-05,0.317,66.862
0I7n0VLEJcKbdpwmiwep20,Texas & Back,['4Mag Nitrous'],196880,2009,False,,0.302,0.7809999999999999,0.00010700000000000001,0.622,117.273
2ffqMIaTZCgPoi2z4pMb6T,Death Grip,['4Mag Nitrous'],263240,2009,False,,0.222,0.794,0.000121,0.605,89.925
1SubvKVWPWg6fAPEfeTPad,Coongrass,['4Mag Nitrous'],316293,2009,False,,0.271,0.867,2e-05,0.257,135.444
4wRLkkrpgX2AcULOdYjyZX,No One,"['Project 46', 'Matthew Steeper']",353872,2013,False,,0.507,0.8059999999999999,0.0006730000000000001,0.109,128.016
58hUeu0zUkMTg5y0LXhXUr,Reasons,"['Project 46', 'Andrew Allen']",316860,2013,False,,0.82,0.705,0.0412,0.799,127.98299999999999
7hzNXFdQs3bDzxU4JYOQO9,Wut!,['Project 46'],366402,2013,False,,0.623,0.7509999999999999,0.00107,0.223,125.979
7DMppzaXcq1fQp0fM3iM45,Повод,['Р3ЙМ4Н'],178186,2019,False,,0.789,0.7120000000000001,0.207,0.5329999999999999,165.967
3QxX59oSgFrBlOuCsBuaaR,SERAPH 49 - 1000 Sunsets,['Seraph 49'],301773,2006,False,,0.58,0.982,0.0098,0.792,123.005
04wZD5jGRuJ5qZybwGMXU5,Signs,"['Project 46', 'Shantee']",195997,2015,False,,0.64,0.8540000000000001,0.0175,0.23199999999999998,120.024
4w6DvSl3XVldg6xCb7caeq,Deadline,"['Project 46', 'Gemellini']",380640,2011,False,,0.8340000000000001,0.603,0.00515,0.066,127.98299999999999
0k2dpx8UuzX1t7nx9s83eE,Reasons,"['Project 46', 'Andrew Allen']",316860,2012,False,,0.82,0.705,0.0412,0.799,127.98299999999999
4G01tA0RTVljjTnq1lP0X0,Open Your Eyes (feat. 40 Cal),"['Dipset', '40 Cal.']",204347,2005,True,,0.72,0.7759999999999999,0.138,0.494,74.992
2h7fuFxRVbhRxOLHE7N9cS,"40th Boys (feat. 40 Cal, A-Mafia)","['Dipset', '40 Cal.', 'A-Mafia']",223893,2005,True,,0.4270000000000001,0.738,0.00164,0.511,79.92
28JEghLGtdCaOSb09GgGQA,Life Dedication,['ID 4 Windz (of Science Life)'],175067,2005,False,,0.703,0.659,0.35100000000000003,0.7390000000000001,96.978
4wSEKuX7Rma7Wzd9s6jVrz,Give It A Little Nudge,['Flicker 4'],233560,2007,False,,0.318,0.635,8.640000000000001e-05,0.63,145.821
2oWNQBOZRGbbIvbCaNmEmd,Invok: Satha 412.71,['MZ. 412'],364027,2012,False,,0.23,0.281,0.56,0.145,109.073
0p1NHdWVLCkW48XCQCs2YH,Uhk Khatark,['MZ. 412'],335000,2012,False,,0.266,0.706,0.14,0.0514,103.083
044PJaFQrhnyU8gXuy3BIy,Ritual: Summ Nv 41:2:1,['MZ. 412'],349627,2012,False,,0.28300000000000003,0.0554,0.563,0.08199999999999999,79.516
16pn0vAY10lx3FQoScbJaL,Ritual: Summ Nv 41:2:2,['MZ. 412'],672387,2012,False,,0.11900000000000001,0.0653,0.653,0.0368,189.824
1RCHezEj3WUwYee6DKpqBq,Ritual: Summ Nv 41:2:3,['MZ. 412'],273507,2012,False,,0.314,0.359,0.466,0.0393,68.991
3wQynaNv3rcOcQnE7zHJoi,Ritual: Summ Nv 41:2:4,['MZ. 412'],491173,2012,False,,0.0827,0.16899999999999998,0.38,0.0398,79.508
0JdZDGH44mUmOGgAgkLFfb,Ritual: Summ Nv 41:2:5,['MZ. 412'],182253,2012,False,,0.423,0.429,0.00010800000000000001,0.0648,85.051
3yZhjT2CgKgjhBtgP0Tuni,Ritual: Summ Nv 41:2:6,['MZ. 412'],295707,2012,False,,0.179,0.272,0.6779999999999999,0.0993,179.896
68nJf9Jyos21xzmkmxilK1,Komuni: Disciple 824.9 KX,['MZ. 412'],400293,2012,False,,0.359,0.617,0.585,0.0397,117.66799999999999
2HkmW4hOuE1v0FJ0sja6vE,Sekarth Una Nejad,['MZ. 412'],327280,2012,False,,0.157,0.531,0.0203,0.0359,107.836
4rYzDVVRaSywKb20o4LMkT,Self Medicate,['40 Below Summer'],192253,2003,True,,0.557,0.987,2.33e-05,0.266,104.036
2heyHouyS2rU4o4li2ChsG,Taxi Cab confession,['40 Below Summer'],201440,2003,True,,0.502,0.9259999999999999,0.000265,0.5589999999999999,151.963
0rRwRDSuaAHeC96LyQdliG,Rain,['40 Below Summer'],272827,2003,True,,0.5760000000000001,0.915,9.8e-05,0.495,137.97
2NMVKPFhwh9KvTVMQ7PyAO,Breathless,['40 Below Summer'],226813,2003,True,,0.526,0.8420000000000001,0.000296,0.419,152.045
7tFyjjgE70mtj9Xc5BkZIO,Better Life,['40 Below Summer'],184853,2003,True,,0.376,0.98,6.840000000000001e-05,0.45,181.843
2LAxWfbbs3vhsb1NBkFwE4,Monday Song,['40 Below Summer'],225320,2003,True,,0.51,0.8390000000000001,0.00121,0.223,136.128
0dQ54Fly6in62Ar79BQtXN,F.E.,['40 Below Summer'],202960,2003,True,,0.311,0.887,0.00021099999999999998,0.396,96.772
7ssSFXSMuOLuIFcPEvppDX,Awakening,['40 Below Summer'],216440,2003,True,,0.46799999999999997,0.755,0.0116,0.215,155.971
1oejZre2aeOcX7dAoq5sFl,Alienation,['40 Below Summer'],221840,2003,True,,0.519,0.925,5.7600000000000004e-05,0.3,151.061
7xgZROiUZ5zyRHjeljJfCp,Faith Of Our Fathers (interlude),['4Him'],36960,2000,False,,0.223,0.215,0.878,0.586,149.501
7pilrlUgWc77KuTblgs40Y,The Solid Rock,['4Him'],248200,2000,False,,0.618,0.713,0.0566,0.408,114.023
2piwgNxJiDExC7mDzA8NO9,Be Thou My Vision,['4Him'],260773,2000,False,,0.258,0.382,0.43799999999999994,0.174,89.921
2D5HEIgbqhlqspQkpbLnkY,Take My Life And Let It Be (interlude),['4Him'],28400,2000,False,,0.45299999999999996,0.0329,0.938,0.8,95.111
6Zje4oocwkOSu1yyEOfr4c,It Is Well With My Soul,['4Him'],308467,2000,False,,0.379,0.331,0.551,0.165,169.834
6N9PEfVUghd4ziWofLU4Y2,"O Sacred Head, Now Wounded",['4Him'],369400,2000,False,,0.373,0.46,0.252,0.0755,126.11399999999999
3k4pr6CYVNGcDWuD4mDdhe,"Savior, Like A Shepherd Lead Us",['4Him'],329093,2000,False,,0.461,0.47600000000000003,0.109,0.23800000000000002,134.05
0MCf6jYc3WuK0Zj01O3ZDA,"Holy, Holy, Holy (interlude)",['4Him'],48533,2000,False,,0.29,0.0591,0.9329999999999999,0.737,134.985
3qPwp8WSI82ucgV3eT307y,"All Creatures Of Our God And King, Doxology",['4Him'],300733,2000,False,,0.47600000000000003,0.7020000000000001,0.0956,0.431,180.00599999999997
634Jhee7viiTlDzBCc2LtT,The Love Of God,['4Him'],330773,2000,False,,0.47700000000000004,0.597,0.298,0.625,159.96200000000005
2Ldhwb7vwZfOjOLbsuZ3Ma,Great Is Thy Faithfulness,['4Him'],363627,2000,False,,0.596,0.521,0.257,0.521,95.95200000000001
2pY1Gq9BWHeE77sskHQQUI,"O Love, That Wilt Not Let Me Go (interlude)",['4Him'],36267,2000,False,,0.35,0.0594,0.9390000000000001,0.413,139.93200000000002
121YkY7mvyOe480frkD1IY,Fairest Lord Jesus,['4Him'],291773,2000,False,,0.5479999999999999,0.361,0.18,0.33,82.027
5TZMgh9I84tttwC1lBFGZj,There Is A Fountain,['4Him'],315467,2000,False,,0.185,0.32299999999999995,0.7559999999999999,0.263,76.01100000000002
0CthvdwohdGqxvcymiXP5p,Survival Tactics,"['E-40', 'The Mossie', 'French Braids Presents']",287893,2001,True,,0.738,0.79,0.109,0.589,79.962
1Hxt2vSXcbQHE1Ld5afDJ0,Signs,"['Project 46', 'Shantee']",195997,2016,False,,0.64,0.8540000000000001,0.0175,0.23199999999999998,120.024
2gT9lRBuPQKP1r4xH0g2hb,Black Earth,['MZ. 412'],410173,1995,False,,0.348,0.307,0.326,0.3720000000000001,118.838
7HG9oGGCpQfBy7wmHHUmFJ,In Nomine Dei,['MZ. 412'],544880,1995,False,,0.245,0.12300000000000001,0.8370000000000001,0.0357,130.63
5oWviWgnVNdUZZPxWnG0u4,Salvo Honoris Morte,['MZ. 412'],681827,1995,False,,0.16399999999999998,0.31,0.106,0.0752,172.93099999999995
0BS5hfQYJPQwVXqoMwsNDN,Necrotic Birth,['MZ. 412'],381480,1995,False,,0.665,0.8740000000000001,0.7140000000000001,0.34700000000000003,153.941
0fJUTI9wSWpW8NIO9Ove8e,Daemon Raging,['MZ. 412'],379987,1995,False,,0.377,0.25,0.0596,0.0702,137.566
73aogHSWqAVGvs8x41BTAD,God Of Fifty Names,['MZ. 412'],357493,1995,False,,0.221,0.363,0.40700000000000003,0.0387,119.17
1CDXkT3F8YCu9c9ZbR60oH,In Ritual Of Blood And Oath,['MZ. 412'],298453,1995,False,,0.157,0.58,0.363,0.065,82.14
5hRMRI7SLxRcQ586iZkFCH,Regie Satanas,['MZ. 412'],289480,1995,False,,0.23600000000000002,0.434,0.966,0.036000000000000004,137.906
0zuxygOcIhcEBmy1Y10e33,Paedophilia Cum Sadismus,['MZ. 412'],308173,1995,False,,0.528,0.8029999999999999,0.469,0.308,84.947
4s7XVeeKClW1yNq9PnN7Vm,Hail The Lord Of Goats,['MZ. 412'],137067,1995,False,,0.19399999999999998,0.121,0.883,0.126,83.329
7j8S9kS70C6q90R5bhcRfI,Surge 2,['MZ. 412'],302133,1995,False,,0.455,0.682,0.0017699999999999999,0.151,120.069
3L409v1BRi00ErvubSwoJu,Infinite Hollow,['MZ. 412'],333973,1995,False,,0.32799999999999996,0.435,0.031,0.0393,86.154
7I36Gz6C9Cl4ey1sCIMVsu,4PM (Interlude),['Droxity'],84702,2016,False,,0.782,0.16399999999999998,0.982,0.312,119.98700000000001
17VjvqKXWR7dtZhu5p5Te5,4AM (Interlude),['Droxity'],93619,2016,False,,0.693,0.272,0.99,0.515,80.003
0Ne0xOidxFoR4fDoJRbW2C,Bridge the Gap,['40831'],177947,2007,False,,0.6809999999999999,0.8859999999999999,0.303,0.563,92.368
3DWgMTe4MOD9LHIHIluxxS,Celebrate (New Day),['40831'],229360,2007,False,,0.765,0.6459999999999999,0.257,0.419,99.036
606qCwufwjieTDZVWhcJ7v,Open (Mind Soul),['40831'],215440,2007,False,,0.6809999999999999,0.768,0.28600000000000003,0.596,98.066
4woa6yoOOk1EZ2eLcIBtak,The Realest Thing,['40831'],340533,2007,False,,0.736,0.816,0.23600000000000002,0.45799999999999996,89.975
0dKJyKyXrkGE3SVNqNaFJD,Cant Let You Go,['40831'],214080,2007,False,,0.74,0.868,0.6,0.5479999999999999,89.97
1Pg9H2mH3uWy7hPJ7aGhDE,No Turnin Back,['40831'],217827,2007,False,,0.823,0.7509999999999999,0.7340000000000001,0.326,91.99
3533QsUaP8YWfFtHaotKWh,(interview),['40831'],23507,2007,False,,0.5870000000000001,0.292,0.862,0.9279999999999999,87.035
4hldVKzWz6cF8Iqt1SHWB6,Long Time,['40831'],237840,2007,False,,0.8029999999999999,0.584,0.263,0.682,77.036
41sBUuEdj1awmE0OxFCZtG,Not Too Late,['40831'],216053,2007,False,,0.835,0.948,0.127,0.7829999999999999,89.993
56huktyAG55OaNYBWj6iSg,Between Us,['40831'],167080,2007,False,,0.767,0.677,0.0734,0.6890000000000001,122.979
5T42qdY0GJfgDWUx7oRZ7G,(Appreciate Intro),['40831'],24040,2007,False,,0.435,0.34700000000000003,0.9790000000000001,0.828,86.693
244hGZpq7dCr77DzzvAVvq,Appreciate,['40831'],178907,2007,False,,0.732,0.84,0.685,0.764,91.709
5ykQLSPXPsRt9aDmWni9aN,Home,['40831'],233587,2007,False,,0.853,0.623,0.41100000000000003,0.574,94.788
2ezC08rvcKJMTFJjmaiklh,Rootz,['40831'],201947,2007,False,,0.825,0.657,0.48200000000000004,0.562,77.778
43Ca7mWqwx2AJJhsfZoRTO,Tsali Da Chiefa,['40831'],240013,2007,False,,0.872,0.7240000000000001,0.493,0.514,96.009
4mG60OkzbIvxFtRlnnazzm,Speak Up,['40831'],269133,2007,False,,0.6409999999999999,0.665,0.165,0.11900000000000001,84.50299999999999
1nSDWhzoBLi7mwRPLWKWOb,Jah Love,['40831'],203840,2007,False,,0.623,0.723,0.515,0.802,152.031
78JwUbOedleOQgFiFd8Z29,We Wont Stop,['40831'],164320,2007,False,,0.833,0.726,0.7240000000000001,0.884,101.05
6ioQfFjzsU4I0jm25QYnbH,2012,['40831'],191920,2008,False,,0.648,0.6890000000000001,0.5760000000000001,0.578,119.991
5lb73bfkLGg2Vbfg4VIgkV,Universoul,['40831'],195347,2008,False,,0.7090000000000001,0.836,0.515,0.619,100.015
3CxAzDLBJBjSqwurI0nwOX,Gusto Ko,['40831'],201213,2008,False,,0.718,0.775,0.499,0.524,92.973
4mQJA4rhHVQgUNTpkplPx7,Beautiful Timing,['40831'],224533,2008,False,,0.828,0.616,0.0256,0.55,94.0
16qfLyFY5PaFw47HNXgfel,There She Go,['40831'],211467,2008,False,,0.795,0.763,0.187,0.722,136.007
0DGQQHnVckhmIVkrKV4xE0,One for Me,['40831'],229733,2008,False,,0.9159999999999999,0.6829999999999999,0.0327,0.713,116.03200000000001
4jscM3gt0NfW1ksfUAHMxi,Riddim,['40831'],262907,2008,False,,0.56,0.6409999999999999,0.0858,0.637,198.06400000000002
5UfM7IUImJKboumINtpl1t,Rudeboyz,['40831'],241093,2008,False,,0.765,0.6890000000000001,0.424,0.935,90.977
7Jp7jZcGRGJ6zjIITMrQvQ,Surrounded,['40831'],195440,2008,False,,0.805,0.613,0.321,0.47,139.971
4dNMLrTBYihHFlH2D0Lm5e,Conspiracy,['40831'],238920,2008,False,,0.762,0.843,0.4970000000000001,0.64,92.03399999999999
31ach0M30u3GMwKonB9ToU,Souljah Story,['40831'],197227,2008,False,,0.768,0.7170000000000001,0.316,0.319,119.98700000000001
3KBTNiV3iNrrLEvp6HQW8o,Livin the Struggle,['40831'],226413,2008,False,,0.72,0.903,0.713,0.298,104.041
5a4fhS8BaSvYKYLAkHnBsm,Liberation,['40831'],220827,2008,False,,0.835,0.794,0.37,0.706,105.01700000000001
1bFTRLijN2p4Y0bo7tbTxu,War Dance,['40831'],188880,2008,False,,0.722,0.8240000000000001,0.34299999999999997,0.677,109.992
4O9RUNToVhLmsToBeXLRah,Outro,['40831'],144107,2008,False,,0.6609999999999999,0.498,0.391,0.545,109.00299999999999
0C4ZWkZqtb8l5DIq9DXqmd,4th Prize,['Zipgun'],160067,1993,False,,0.4,0.95,2.31e-06,0.561,113.646
0Y02CZBiGqsIpTlOfUFEGz,4am,['OHMelectronic'],306853,2013,False,,0.599,0.7490000000000001,7.32e-05,0.0915,120.022
5fEAeByISXls3BKqkSdBa5,No One,"['Project 46', 'Matthew Steeper']",353872,2013,False,,0.507,0.8059999999999999,0.0006730000000000001,0.109,128.016
6AHkERqs5x4cGCcOsaL8hX,Deadline,"['Project 46', 'Gemellini']",380640,2012,False,,0.8340000000000001,0.603,0.00515,0.066,127.98299999999999
3TEuN9CAYxOBQXOoefUi9r,Slide,['Project 46'],423980,2012,False,,0.836,0.49,0.000291,0.578,128.0
21pTUL40n3pcJ2DQl6evtZ,Red 5,['Yavin 4'],265333,1998,False,,0.536,0.8009999999999999,0.321,0.47100000000000003,142.009
75twaPfyuJpbXrnGZ3h6fS,Sell This Game,"['E-40', 'Big Tone', 'Too $hort', 'Matt Blaque']",244080,2014,True,,0.48700000000000004,0.8029999999999999,0.0183,0.813,95.00200000000001
5K9AX4dknZ2IVIZycZ440o,Girlz Time,"['Tetuna', '4ven']",430869,2016,False,,0.795,0.6940000000000001,0.0921,0.308,126.992
52dukF27WDFr0J3oZizcgE,409,['Bob Bert'],175200,2011,False,,0.4320000000000001,0.409,9.16e-06,0.643,91.39299999999999
2V7ngWEDKVrXkzkKLPKyMt,I Swear,['All-4-One'],259853,2017,False,,0.532,0.40700000000000003,0.235,0.23,83.20700000000002
69wd75Xn7Rnvchyt1ujWRV,Touch Me - 7uk Mix,['49ers'],228587,2010,False,,0.642,0.978,0.00675,0.787,123.079
0zfRi8535ycjKUr4V4nfai,4ever With Me - Euroversion Mix,['More'],310773,2010,False,,0.715,0.872,0.00021400000000000002,0.597,135.009
1eePfYoMYsLnZRRhTKurJy,I Swear,['All-4-One'],259853,2019,False,,0.532,0.40700000000000003,0.235,0.23,83.20700000000002
2HhlbJbIke4g7bT4144ig3,Reasons,"['Project 46', 'Andrew Allen']",316860,2013,False,,0.82,0.705,0.0412,0.799,127.98299999999999
3j5QueMafIH7Fc0HoxrmOt,421 (Instrumental),['Evidence'],90853,2008,False,,0.79,0.445,0.0076900000000000015,0.52,175.775
3EAImNVzxPEA7qKzcAMYQT,"4 Years, 9 Months",['Panorama'],37547,2005,False,,0.495,0.11699999999999999,0.88,0.64,135.016
5wgkj3iAxUAfnWse6Gmnr3,4ever Grl,['Sync'],200000,2014,False,,0.599,0.623,0.0061600000000000005,0.606,139.998
0VbcGt7MpzJI9S8pSitLty,4 A.M.,['Herbie Hancock'],321307,2006,False,,0.473,0.7290000000000001,0.522,0.344,115.67
4zTEH442btH9YsnSWoWHqG,Prelude: The Travis Lament,['Eponymous 4'],74827,2018,False,,0.42,0.276,0.968,0.0514,71.97800000000002
4rzMub3kdDx0eYA8Zg3nQe,Timekeeper,['Eponymous 4'],179973,2018,False,,0.38299999999999995,0.857,0.000298,0.812,163.92700000000005
7MoBKHdhRDp0X3zYFhfiTu,August,['Eponymous 4'],182493,2018,False,,0.562,0.653,4.2700000000000015e-05,0.212,124.015
1JzZquc6M1FfdQo7otLdsl,I Want to Follow,['Eponymous 4'],216773,2018,False,,0.644,0.7190000000000001,0.00031600000000000004,0.423,123.946
2yzkj6whJbIEOnPwQzJcRR,Another Fiction,['Eponymous 4'],191987,2018,False,,0.515,0.809,5.01e-05,0.493,144.013
6BUlMST4sBstMRk10oSPSn,||: :|| (Repeat Signs),['Eponymous 4'],186520,2018,False,,0.557,0.9590000000000001,4.5799999999999995e-05,0.551,144.035
3gty9BwPI6legq5EtmYKR3,Sekai No Owari,['Eponymous 4'],199213,2018,False,,0.62,0.915,0.0006230000000000001,0.42,100.02600000000001
2aByrL8UpxASNw5I7S0CkK,Surplus,['Eponymous 4'],167373,2018,False,,0.484,0.564,0.000303,0.342,79.999
3z8vohFtP9XWIcLEJLcaEe,The Man Who Stopped the World from Falling,['Eponymous 4'],217853,2018,False,,0.684,0.7340000000000001,0.0189,0.368,112.053
760VPIC6U9CBdlqIbIzxZ9,West,['Eponymous 4'],169280,2018,False,,0.636,0.925,0.00123,0.42,99.97399999999999
38VH3wZ7p2hb6VebSMj9wu,Interlude: The Travis Reel,['Eponymous 4'],125867,2018,False,,0.5589999999999999,0.7659999999999999,0.56,0.94,106.09700000000001
4fmjur1OzLG7M4A0NfMtii,Useless,['Eponymous 4'],144333,2018,False,,0.593,0.526,0.7809999999999999,0.21100000000000002,143.907
61YLHM97iGVzc0XWVEhHIY,Drop It Again - Xmas Version,['4B'],184154,2014,False,,0.731,0.892,0.0191,0.703,130.005
46DEBWLA2nsbvzrsLTraEF,Carnival - Xmas Edition,"['4B', 'Bunji Garlin']",199385,2016,False,,0.764,0.93,0.0139,0.66,129.991
30KkCsOxFhtTLi8FtpLaVy,M.O.A.B. - Instrumental Mix,['Project 46'],300151,2012,False,,0.703,0.614,0.00603,0.223,127.975
3xB8LBXjCTS6HNforamlsj,Wut!,['Project 46'],366402,2012,False,,0.623,0.7509999999999999,0.00107,0.223,125.979
5U409EtYoAV7vaHAyu7Z3G,Hasselhoff,['Project 46'],320203,2012,False,,0.763,0.534,9.570000000000001e-05,0.168,127.999
5yVd44R3WWQTT5B5xH4oiv,I Swear,['All-4-One'],259680,2018,False,,0.53,0.35600000000000004,0.20800000000000002,0.222,83.28
39h1ygB6sP25ZtxElJPngb,Catalyst,['Project 46'],354038,2013,False,,0.685,0.934,0.00047699999999999994,0.36200000000000004,125.053
6K0uL25ZfHidcViW4fPG0n,45,['Undermars'],263827,2000,False,,0.545,0.782,0.000162,0.7509999999999999,123.945
6JodlKv0zoKSMvmezoLmSg,Light My Way,['Formula 400'],309733,2020,False,,0.493,0.955,5.2300000000000004e-05,0.486,92.555
3nXOJN4iZYKEWfdM60tvq1,Messenger,['Formula 400'],270667,2020,False,,0.521,0.747,5.0600000000000003e-05,0.193,110.04799999999999
4q40Zo8YibUvjxraHzC6qv,Ridin' easy,['Formula 400'],266253,2020,False,,0.45899999999999996,0.9440000000000001,8.09e-06,0.4270000000000001,135.993
50oOa9LeudueBM9ttLLh3g,Spector,['Formula 400'],229413,2020,False,,0.44,0.892,2.78e-05,0.449,147.06
6Dff8Fr3s92XE3hvn4BjXT,Illusion,['Formula 400'],245227,2020,False,,0.457,0.8909999999999999,7.670000000000001e-05,0.703,144.964
2JoVvF6zjLTgvVSTvaZp2L,Sun Destroyer,['Formula 400'],359893,2020,False,,0.272,0.905,8.82e-06,0.363,131.94299999999998
0n8IC1Bd0kgGoRjtnDX1Yj,The Long Road Home,['Formula 400'],183533,2020,False,,0.41700000000000004,0.672,0.00016299999999999998,0.237,146.96
2dTCXvAXgsEaWccvcY3xMN,I'm There,"['4SHO', 'Trey Morset']",251038,2013,True,,0.687,0.7240000000000001,0.0177,0.38299999999999995,81.986
5i8vyLZ2TXm3h6B3V4rqP2,4312,['Tyvek'],100813,2010,False,,0.348,0.976,0.113,0.5,123.661
6TJS4IH9gZCDvEVDdIYp1m,495 Boogie,['Foghat'],235907,2010,False,,0.371,0.9540000000000001,0.308,0.83,92.787
2kbvPAUi2TNPAmtO0pnzYt,I Swear,['All-4-One'],259853,2018,False,,0.532,0.40700000000000003,0.235,0.23,83.20700000000002
3vWSFOs1ybKEzjfeQiMq2w,4mg Warmth,['LITE'],239576,2019,False,,0.609,0.5429999999999999,0.4920000000000001,0.467,75.0
7zRGWuGN88ji46LaOs9Co5,Kalas,['Butti 49'],362547,2011,False,,0.6759999999999999,0.581,0.0040100000000000005,0.927,99.501
3QIdwGfhI8sGdSOycAsuKT,Saturday Night Slaughter (Live),['40 Shillings on the Drum'],200513,2018,False,,0.395,0.413,0.040999999999999995,0.253,115.906
6FdAbwQ5qPUbcWb0wZFnS7,Everyman (Live),['40 Shillings on the Drum'],203599,2018,False,,0.188,0.777,0.0189,0.48,182.00599999999997
6ImcPBAJU4vNJRPuFC8XUX,Brighton Belle (Live),['40 Shillings on the Drum'],215740,2018,False,,0.42200000000000004,0.604,0.0218,0.779,93.586
4IT5dwIb8SoKuZuXMzT7lR,Gatsby Believed in the Green Light (Live),['40 Shillings on the Drum'],275374,2018,False,,0.47700000000000004,0.5870000000000001,0.0789,0.522,95.053
68jHTmsMbRFDIjOUJBPXRJ,The English Coast (Live),['40 Shillings on the Drum'],376894,2018,False,,0.54,0.546,0.0709,0.687,102.32
2zfKqL6sBGE9E8nvNUgA8F,The Early Days (Live),['40 Shillings on the Drum'],323288,2018,True,,0.344,0.617,0.00818,0.513,149.0
1lYsEpLmrNPSozVjQw7INk,Beggars on the Street (Live),['40 Shillings on the Drum'],272652,2018,True,,0.17600000000000002,0.7240000000000001,0.00607,0.7120000000000001,200.706
1FzNCj3V5DmxEVvfgwPfba,The Call of the Sea (Live),['40 Shillings on the Drum'],484391,2018,True,,0.386,0.389,0.0919,0.166,109.941
18t9LK46tmX2zE95PoY2mu,Broken Windows (Live),['40 Shillings on the Drum'],339752,2018,False,,0.40399999999999997,0.669,0.00502,0.621,91.77600000000001
7m5NurvI4RudE7k7Cj6tDi,Under the Tree (Live),['40 Shillings on the Drum'],597659,2018,False,,0.215,0.643,0.00352,0.428,178.43599999999995
6ah7L6ijOMMlOabQzuJGUB,Train 4 This,['Tyga'],205800,2018,True,,0.9059999999999999,0.474,0.0658,0.204,124.979
1GqUgxGzmUkEs5nhothOLZ,416 05/03/97,['Scorn'],488120,1997,False,,0.733,0.317,0.00175,0.17800000000000002,139.935
2FuwDOcJlzfXpwanChlYfP,New Orleans Water,['Morning 40 Federation'],240587,2006,False,,0.485,0.831,0.000381,0.495,113.473
1aEhhTvhqjU40w1TqXE4wF,Dumpster Juice,['Morning 40 Federation'],210333,2006,False,,0.624,0.456,0.000125,0.546,120.985
1sIL1yF6UVe8PtBXuN7502,Gin Instead Of Whiskey,['Morning 40 Federation'],151680,2006,False,,0.525,0.8170000000000001,0.0059299999999999995,0.679,129.482
0P2rMISuy4IRg9HKFRTPfy,4x4,['¡MAYDAY!'],203880,2006,True,,0.603,0.805,0.195,0.44,96.26100000000001
12t40jWw60xv0vHFdUUadE,Motionless,"['Project 46', 'SERi']",347193,2013,False,,0.614,0.7909999999999999,0.0153,0.19699999999999998,128.015
3fuoXoQELYaugIzm9HNPfF,Sine 4 Friendz,['SCNTST'],282787,2018,False,,0.35700000000000004,0.315,0.687,0.214,89.993
0j2NDrg94Vrff39a6nSrjS,I Swear,['All-4-One'],259853,2017,False,,0.532,0.40700000000000003,0.235,0.23,83.20700000000002
6d1ijCdmDI8b6tWyvdJpUm,I Swear,['All-4-One'],259853,2019,False,,0.532,0.40700000000000003,0.235,0.23,83.20700000000002
0OQd0VzE0vFejbGXrCfzBI,Hva nå - Intro,['No. 4'],88107,2017,False,,0.42200000000000004,0.10300000000000001,0.983,0.377,134.959
2Ml1DYQ6EUtzZX7mqHlxmG,Alexander B,['No. 4'],240347,2017,False,,0.456,0.614,0.0163,0.371,67.697
76QHBkAM1Qyi8NPFgeu3St,Mens alle andre sover,['No. 4'],205693,2017,False,,0.4,0.5870000000000001,0.105,0.441,159.59799999999996
39MBuyQT0yFkcq5FLdroEA,Familie,['No. 4'],207627,2017,False,,0.574,0.46299999999999997,0.0858,0.514,84.84299999999998
75QeDBqAsDIgyDXYVol5Yn,Vi burde ha vært på film,['No. 4'],236840,2017,False,,0.524,0.7,0.00937,0.517,93.948
2VUxmXgdlnI7zjMdD4AqaD,Salen så helt annerledes ut i går,['No. 4'],260133,2017,False,,0.539,0.0824,0.988,0.098,92.675
1eEXJWtMslx4ND1n8ZzYl8,Hva nå,['No. 4'],199533,2017,False,,0.473,0.635,0.299,0.564,139.94299999999998
1wGkqRatLVESVRpumUEEBy,De to,"['No. 4', 'Mattis Herman Nyquist']",204480,2017,False,,0.45,0.467,0.39299999999999996,0.37,80.15
22Dq9r9I9AjnQEiWXviDzH,Det finnes bare vi,['No. 4'],227747,2017,False,,0.594,0.371,0.322,0.139,129.981
3iEe4Ezw5jbrZUSbTrj7t2,Oslo forteller,['No. 4'],206213,2017,False,,0.23399999999999999,0.65,0.231,0.23199999999999998,65.012
6zWujlz7SpM4jLiWuTMlFP,Skoleveisvise,['No. 4'],188733,2017,False,,0.474,0.0499,0.9329999999999999,0.33899999999999997,82.926
463ZXKiMFO9nDhkOagoVl1,Intro,['E-40'],143013,2009,True,,0.642,0.4320000000000001,5.68e-05,0.521,140.036
4Zm2JBfZDmhk5aCC3NpoZ1,Easy To Love,['54-40'],228720,2005,False,,0.615,0.818,0.0157,0.754,113.977
0GJtzaQvxiDTl5qgsJdQGn,Can't Get Enough,['54-40'],238640,2005,False,,0.5920000000000001,0.825,0.000566,0.9620000000000001,122.90899999999999
2rJg7m43QH5vqqh0t3kRsS,Golden Sun,['54-40'],275973,2005,False,,0.6970000000000001,0.773,0.0009310000000000001,0.98,128.02
2kKBFuMDxfsudW5l1YHZuq,Stopline,['54-40'],365293,2005,False,,0.596,0.713,0.0038399999999999997,0.7759999999999999,156.04399999999995
3f60j9CxNOrgNTK3gDG2xi,This Is Here This Is Now,['54-40'],261427,2005,False,,0.531,0.638,0.0132,0.498,120.93700000000001
6UZDxIBQg53XtHHtui9dme,All About Love,['54-40'],192613,2005,False,,0.706,0.608,0.0018100000000000002,0.778,138.019
2fDCWoP9MOjuTELjI2Ah7P,Blue Plate Special,['54-40'],224147,2005,False,,0.5579999999999999,0.735,0.00267,0.747,149.071
7qqgaKnQ31z5FxZHLrVweQ,Beautiful Self,['54-40'],218480,2005,False,,0.5670000000000001,0.861,0.00944,0.8809999999999999,112.986
7eMgZnIdoIcC81Ef5FhbFI,Calling You Out,['54-40'],180027,2005,False,,0.524,0.9079999999999999,9.67e-05,0.972,98.031
0MuLXmC2geSZse1ORU66TD,Another Kiss,['54-40'],186440,2005,False,,0.359,0.871,0.000285,0.469,169.95
6EpoxW9hlu0L6rMymKHjPe,On The Road Home,['54-40'],238493,2005,False,,0.521,0.847,0.011000000000000001,0.7020000000000001,102.0
6pMSv2JohLeoLwslhaVfBj,Judgement Day,['4Fourty'],297307,2010,False,,0.392,0.488,5.65e-05,0.37,77.425
1TcmMBPSUsBIT2PkC1x96j,4 Is 0,['R2os'],112719,2012,False,,0.273,0.0287,0.988,0.439,117.11
5IkmPjRe6FdJWMzFBSGs0n,40 West,['Ellery Eskelin'],505160,1995,False,,0.5429999999999999,0.341,0.643,0.0915,93.598
6FtKiavMqbtahX9KndUTYG,48 Crash,['Peter Perrett'],132279,2019,False,,0.557,0.89,0.00134,0.768,139.997
1e3gQEkpcsCl7673E9yAxf,Yo Crei,['Los 4 Crickets'],151373,2013,False,,0.424,0.8190000000000001,0.00046100000000000004,0.7070000000000001,136.584
5q5XsmGeMbRcJGOHRLs1l4,4-2-F,['Eyesberg'],84373,2014,False,,0.735,0.608,0.35200000000000004,0.7040000000000001,125.103
1UBd31SKtHQG6ssk9LTYMJ,4th Street Mess Around (Live),['The Thumping Tommys'],220883,2016,False,,0.652,0.456,0.573,0.594,107.962
3mX8Y6iWWqttMlT56wbkXp,Signs,"['Project 46', 'Shantee']",195997,2015,False,,0.64,0.8540000000000001,0.0175,0.23199999999999998,120.024
7DHtJ9GUibMtdUOn8Elt8w,Dreaming,"['Project 46', '15grams', 'Matthew Sartori']",320010,2011,False,,0.495,0.389,0.0117,0.6759999999999999,126.01100000000001
7vWh8D6krp3tH1Aqck84rV,4 Shots,['DAY26'],154560,2018,True,,0.6609999999999999,0.622,0.000964,0.695,137.03
3BKFC16g3Kt0GpRzQ3IyON,Glitchy Talking,['4bstr4ck3r'],299269,2015,False,,0.7709999999999999,0.621,0.0106,0.439,90.035
5rGCYJaonc5osAervOPKN8,Limitless,['Project 46'],420117,2011,False,,0.591,0.506,0.000399,0.521,128.005
3MIKYE0FFFb8FxXuH4y3hL,Slide,['Project 46'],423980,2011,False,,0.836,0.49,0.000291,0.578,128.0
0ye6S9wIqGGN3jfrN691Z4,Revelation's Eve,['The 4th Movement'],152520,2018,False,,0.391,0.73,0.05,0.23,67.775
2xtbkPk2fZ49bAKN53uHdD,Always At Your Door,['The 4th Movement'],232827,2018,False,,0.295,0.618,0.0253,0.43799999999999994,143.178
08izJGl5OMAhXzuZGcBtsF,The Christ In You,['The 4th Movement'],238320,2018,False,,0.585,0.541,0.0431,0.23,82.70100000000002
7CVl9McrVYH4bNjO4SQ6yw,Seeking the Life That's To Be,['The 4th Movement'],198787,2018,False,,0.387,0.491,0.157,0.239,73.75
6y3boo4ZY66rdsVpDIXVAX,The Build Up,['The 4th Movement'],169347,2018,False,,0.32899999999999996,0.7070000000000001,0.0357,0.556,86.15299999999998
4qfXNcxgRNKxvoCcodEKzC,You'll Never Go Wrong,['The 4th Movement'],213413,2018,False,,0.337,0.58,0.0207,0.39,112.251
2uSaGwsUnZxiC0XgzGVqvq,He Even Reigns Today / Don't You Think Your Life Is Worth It,['The 4th Movement'],447613,2018,False,,0.373,0.674,0.0205,0.39,154.359
0Vr97KewODJMce1rqeEeRw,Life Without End,['The 4th Movement'],407400,2018,False,,0.201,0.31,0.139,0.223,80.775
3rjmTqifHjHxSDlEU6AlY3,Key To Paradise,['The 4th Movement'],137160,2018,False,,0.46799999999999997,0.6509999999999999,0.000388,0.35200000000000004,95.554
1YyzyjWCFBYiDZ7LIuAmsa,Love and Music,['The 4th Movement'],196227,2018,False,,0.374,0.784,0.024,0.595,197.632
6lgIoJB8LUSTsxUCFjyU7V,Jesus (Please Come),['The 4th Movement'],180627,2018,False,,0.305,0.858,0.004229999999999999,0.67,190.987
5GR1kcsFToooAdKGnYfpKU,Yay Area,['E-40'],234933,2019,True,,0.5379999999999999,0.701,0.0343,0.593,95.959
6RogASkhUWCwzT8eRfInai,They Might Be Taping,['E-40'],235507,2019,True,,0.532,0.718,0.0209,0.34299999999999997,91.34299999999999
105w0GIqDZViZxtqaJ1edu,The Ambassador,['E-40'],225213,2019,True,,0.644,0.821,0.166,0.647,99.96799999999999
6UYzCzMe9ugrTRurabaHvj,I'm On One,['E-40'],298653,2019,True,,0.86,0.62,0.0195,0.293,103.986
0VmExqnYm53hGQqFF4R7pG,Do Ya Head Like This,['E-40'],285253,2019,True,,0.444,0.514,0.179,0.182,175.09599999999998
15NE2Zn3WfUmBNdXazz9hP,"GettheF***On.Com, Part 1 (Skit)",['E-40'],76840,2019,True,,0.649,0.42,0.843,0.83,90.704
6v3W0tT7gA3HGV0Jgn74ez,Hood Boy,['E-40'],249107,2019,True,,0.591,0.669,0.106,0.513,70.976
57G9KQHQBXdc04Qfwpl47G,Tell It Like It Is,['E-40'],240147,2019,True,,0.653,0.9,0.249,0.524,89.073
1QJMDlwGArqSz6bBfM5UC9,Turf Drop,['E-40'],208793,2019,False,,0.9329999999999999,0.831,0.255,0.737,109.979
5bhfmE4wpRBeDrkr5rtaO9,Poor Man's Hydraulics,['E-40'],264653,2019,True,,0.8320000000000001,0.384,0.0262,0.537,102.052
7xDY5tYFqrceFOfBlJUeSw,40 Water,['E-40'],217867,2019,True,,0.8540000000000001,0.546,0.0715,0.3670000000000001,110.96700000000001
7pSCt3fYNGtLGRMVUXwDDj,U and Dat - Instrumental Version,['E-40'],203400,2019,False,,0.955,0.45899999999999996,0.0017399999999999998,0.17600000000000002,100.02
29qLq4KrMjyDW4zrZlG05D,JB Stomp Down (Skit),"['E-40', 'JB']",19307,2019,False,,0.747,0.5589999999999999,0.634,0.968,114.583
7A4PDkbvMpI1qs1Va91hoC,One Day In Your Life,['54-40'],254520,2018,False,,0.6579999999999999,0.5489999999999999,0.0512,0.542,133.735
0VW7fwPOtKAkiEDKgNaZR9,ハッピーオーラ,['けやき坂46'],242000,2018,False,,0.55,0.871,0.131,0.284,141.02200000000005
41JbDgdsvOVEnTKb8IkcP8,Get Down People (Undercover Brother Edit),['400 Years Of What'],191107,2009,False,,0.57,0.965,0.0306,0.684,115.647
3PhFJG0Z9Fn5zZZMEeqiRw,Do What You Like (Undercover Brother Edit),['400 Years Of What'],233587,2009,False,,0.419,0.946,0.0921,0.7909999999999999,150.165
3uXbZqUS5wqUzrMWdtB57Y,Fire At Zero Gravity,['40 Below Summer'],62013,2013,True,,0.424,0.705,0.972,0.0523,133.22299999999998
4JG6eDiDjHX93y5tkuARCa,Bottom Feeder,['40 Below Summer'],324133,2013,True,,0.511,0.992,0.00829,0.191,92.037
4st9mGtuuJdX9hOdwHGJS4,Coalesce,['40 Below Summer'],253240,2013,True,,0.423,0.98,0.00692,0.121,162.071
4is6fVXI7KtyMIWg5Me1Rw,Painting The White House Black,['40 Below Summer'],235653,2013,True,,0.444,0.988,0.00519,0.251,152.056
4C6CMKk3lxgDFRp2e2VBWT,Vela,['40 Below Summer'],36973,2013,True,,0.6459999999999999,0.11900000000000001,0.6409999999999999,0.5720000000000001,81.02199999999998
5izoaCr6dgKiz35M2912Dt,Eternal,['40 Below Summer'],242960,2013,True,,0.379,0.932,0.00491,0.483,158.091
5oBezBF4lwHxSUYRBsQKbU,My Name Is Vengeance,['40 Below Summer'],228027,2013,True,,0.447,0.997,0.00581,0.11599999999999999,170.144
10Bd5Mpt6SdDJb80ZJrQRf,Predator,['40 Below Summer'],369213,2013,True,,0.46299999999999997,0.976,0.00112,0.0981,123.874
3mb5ZQPpJShhriF3dCcXMc,Daywalker,['40 Below Summer'],299240,2013,True,,0.433,0.986,0.000916,0.40299999999999997,92.505
4MV9gz8d7rdyRq4TDZSp5s,Little Miss Happiness,['40 Below Summer'],220867,2013,True,,0.405,0.987,0.00135,0.446,178.023
5R9PiFvGTJxrtDurBK6SRn,Our Own December,['40 Below Summer'],269107,2013,True,,0.35600000000000004,0.992,0.000908,0.23600000000000002,176.015
7t031daIXhbDGzTKtVo4kz,Human Gamma Bomb,['40 Below Summer'],243413,2013,True,,0.501,0.9940000000000001,0.0054399999999999995,0.228,90.03200000000002
18Uy2zLKjOF9Nxn7IOcXZz,Earthquake,['40 Below Summer'],279120,2013,True,,0.479,0.986,0.00109,0.168,128.079
69GEL0RNVW6REuWpLHtp5t,Total Harmonic Destruction,['40 Below Summer'],377147,2013,True,,0.316,0.986,0.00265,0.10800000000000001,116.057
28IaGIqJa08uCUTIO5ZoMB,God Complex,['40 Below Summer'],338107,2013,True,,0.376,0.992,0.00283,0.142,174.175
3jg6Eb3l5N5X2MRG4IFV3z,Ain't Right Girl,['Rocket 455'],160200,2017,False,,0.319,0.968,0.000837,0.23199999999999998,116.427
6AG24IE45sxne0yPRMFWvK,That's All You Get,['Rocket 455'],86240,2017,False,,0.21600000000000005,0.603,0.000178,0.91,137.787
50OlnluM1lv5EDyV6UoJKa,4Th of July,['X'],230307,2017,False,,0.429,0.638,0.0356,0.8740000000000001,142.509
5VPPvwZbsu5UK1pXquHsIM,Let's Get Drunk,"['E-40', 'B-Legit', 'D-Shot']",319360,1994,True,,0.917,0.42200000000000004,0.00495,0.5720000000000001,89.939
5dCEz7oLJi6vuvQbggKy7v,On A Mission,"['E-40', 'Kaveo']",249107,1994,True,,0.8640000000000001,0.495,0.0561,0.672,91.971
6scSgSGXjxh3kY1SdaIEa8,Street Life,"['E-40', 'Kaveo', 'B-Legit', 'D-Shot', 'Mugzi']",299027,1994,True,,0.91,0.685,0.0102,0.631,97.046
6Pn3Zo3SVE4Vbv6UUaRi5l,Mic Check,"['E-40', 'B-Legit']",232707,1994,True,,0.8140000000000001,0.573,0.0195,0.82,170.15099999999995
4jeWJxhEVJU8v5PwPeTs7B,Mr. Flamboyant,"['E-40', 'B-Legit']",373800,1994,True,,0.7090000000000001,0.568,0.00596,0.659,178.71099999999996
3GBjHfK3lEOTXUOSGyTLqh,Old School,"['E-40', 'B-Legit', 'Lil Bruce']",277893,1994,True,,0.9009999999999999,0.449,0.0578,0.6409999999999999,101.925
1fGX47jjpVzENRAxZIM0HT,"This Is The Sh*t That Will F*ck With Your Brain, Boy","['E-40', 'B-Legit']",290067,1994,True,,0.902,0.505,0.11599999999999999,0.743,86.92299999999999
4JZLQON2H4wP7hwxOB14ad,She Was Only 16,['E-40'],284373,1994,True,,0.929,0.276,0.0521,0.41200000000000003,97.955
4zRPb63IwGAVSgz7CxWUUb,Tired Of Being Stepped On,"['E-40', 'Lewis King', 'D-Shot', 'B-Legit']",299467,1994,True,,0.6679999999999999,0.467,0.0296,0.622,179.91299999999995
5ODPUH007gLBFP2Jzz8kqo,Sohabs,"['E-40', 'Suga-T']",208800,1994,True,,0.9159999999999999,0.561,0.0104,0.708,97.073
5qWATOzgFesHIEoF7vpFXm,Party In The V-Town,"['E-40', 'B-Legit']",248293,1994,True,,0.89,0.599,0.0719,0.885,105.045
4YXcBUBOHllgfgPiWcAc8B,4:15am,['Clorofila'],286720,2010,False,,0.807,0.562,0.196,0.687,124.041
74HY5GWebCeOoY1djswmQm,45,['Surfbort'],68101,2018,False,,0.299,0.981,0.631,0.574,193.137
2E73cTHQzHqdz90SgAi1MF,Igniter (Azor Ahai),['the 4onthefloor'],199800,2018,False,,0.573,0.865,0.00196,0.74,140.05
7mqCDY22f8t9fNtg5PlDQg,Radio Edit - Radio Edit,['the 4onthefloor'],194000,2018,True,,0.575,0.6729999999999999,0.0359,0.841,88.038
2sST3kXdNUYHTWVbFlHw9X,Stop? Stahp.,['the 4onthefloor'],148960,2018,False,,0.531,0.7929999999999999,0.00343,0.7070000000000001,132.914
0qx6frkIMODG7Cx41aKDjY,Faux American,['the 4onthefloor'],211933,2018,False,,0.585,0.695,0.017,0.821,152.037
5RTfGYlSTkhBdZ1QRpEuP3,How the Mighty,['the 4onthefloor'],280427,2018,False,,0.46,0.653,0.000308,0.45799999999999996,94.054
5HUe6nXbbGWd3aodEKhOPW,"The Wall, Pts. I-XVII",['the 4onthefloor'],498147,2018,False,,0.532,0.7040000000000001,0.000276,0.509,147.901
0NVi3QBpm5POXNdOj5mzBT,С4,['ATL'],212571,2015,True,,0.67,0.799,0.026000000000000002,0.708,140.002
1iWlZv7FjTfOeHNXXQ5yYg,Seastone: Movement I,['Duo 46'],146187,2009,False,,0.542,0.0761,0.8909999999999999,0.374,132.976
68tv7f7wk6GkoQwhheOE0x,Seastone: Movement II,['Duo 46'],192027,2009,False,,0.3,0.0612,0.9259999999999999,0.0973,102.37100000000001
2t9C6bVQluNSllR8WKZKkQ,Seastone: Movement III,['Duo 46'],138200,2009,False,,0.47700000000000004,0.105,0.9520000000000001,0.561,100.54899999999999
08C6P5yAPMhiGzSYaZhbwx,Seastone: Movement IV,['Duo 46'],105840,2009,False,,0.596,0.25,0.87,0.349,135.69
3nJkBYajiln6fT6Xlk0oEJ,Seastone: Movement V,['Duo 46'],229013,2009,False,,0.4970000000000001,0.0521,0.9059999999999999,0.21899999999999997,117.647
7hBdQySIYgldmGsQRCEXPQ,#4,['AroarA'],334905,2013,False,,0.33299999999999996,0.8270000000000001,0.612,0.64,150.27200000000005
1YhqELsNDxDg0DcBfxPdon,C U When U Get There (feat. 40 thevz),"['Coolio', '40 Thevz']",310800,2012,False,,0.758,0.56,0.0104,0.45399999999999996,91.176
1uiSb4ZaQQyvrYB8MELf44,4 the nightmare children,['Twiztid'],91401,2019,True,,0.75,0.87,0.0484,0.5870000000000001,141.99200000000005
7uVx19OP9N7hR2xVdSFa6C,Ностальгиви,"['ПОЕХАЛИ', 'bill 4ik']",41505,2019,False,,0.958,0.58,0.17600000000000002,0.5579999999999999,144.97799999999995
7hRYe2leI1LApYuc2vnsq6,4X4,['HARDY'],222794,2018,False,,0.531,0.747,0.449,0.456,80.071
1Hban3Cx0oXdtbFP8WeIaY,Lit,['40XL'],200803,2019,True,,0.433,0.945,0.0157,0.655,180.33599999999998
4y6UbERZs3PZ0qsPYqe0Cq,Turning Away,['Sum 41'],230806,2019,False,,0.565,0.919,5.12e-05,0.441,120.00399999999999
30XUVaCG8ghAiE45SnXLhn,Out For Blood,['Sum 41'],216571,2019,False,,0.5529999999999999,0.868,7.35e-05,0.5,140.054
66rEcw8rK6iCc0UesDdqxs,The New Sensation,['Sum 41'],230185,2019,False,,0.52,0.9570000000000001,0.000598,0.449,140.004
27zeUYNVuXG5kXlPvS2Wod,A Death In The Family,['Sum 41'],198358,2019,False,,0.467,0.965,5.0600000000000003e-05,0.47700000000000004,154.899
2YIbk9mnCHCR83YPhqshaJ,Heads Will Roll,['Sum 41'],230096,2019,False,,0.40299999999999997,0.835,0.000309,0.645,187.93200000000002
5oOphgtp0ZhMfYz3HpnMyU,45 (A Matter Of Time),['Sum 41'],192039,2019,False,,0.503,0.897,9.82e-05,0.62,75.529
3ujzd7pcdAhILCnS3oGbaU,Never There,['Sum 41'],260094,2019,False,,0.516,0.561,0.00264,0.141,139.95
2rvgD5mWMVTRq1k5ycgkdj,Eat You Alive,['Sum 41'],164384,2019,False,,0.28600000000000003,0.973,1.01e-05,0.474,105.839
2oWGNem9V4PhlpIbRclo8a,The People Vs…,['Sum 41'],199460,2019,False,,0.384,0.968,4.28e-05,0.752,172.46099999999996
3EOWZdSRXtEs82oZTCNTXJ,Catching Fire,['Sum 41'],241706,2019,False,,0.574,0.764,0.000708,0.63,141.0
4AcVmbDImjJzgQqdk8tqaZ,400 slag,['kent'],298600,2005,False,,0.563,0.835,0.000146,0.344,106.98899999999999
79lkx368aBtzFZ9aQ0Xepw,4th of July,['Shordie Shordie'],202176,2019,True,,0.815,0.665,0.16,0.735,94.988
1LXQ7xqksXo4q4r5oCxW7M,4°,['TOOL'],362890,1993,False,,0.4270000000000001,0.7140000000000001,0.000376,0.239,113.603
0ShNzZBKWqyMQ6H98HK1VQ,Survivor,"['Akon', '40 Cal.']",164653,2009,False,,0.494,0.938,0.0346,0.44,167.912
59OjmVI2c3LWTukOztp9DF,4 You - DJ Steaw Remix (Mixed),"['4th Measure Men', 'Dj Steaw']",325095,2018,False,,0.7959999999999999,0.895,0.0156,0.7809999999999999,124.007
0BHslfN7KwZq8wECcW6IZ6,4 You - DJ Steaw Remix,"['4th Measure Men', 'Dj Steaw']",384106,2018,False,,0.7979999999999999,0.789,0.00713,0.726,125.006
4BRlQ1wbTPn7so1ujJTzrD,4 POUND,['Comethazine'],93000,2019,True,,0.7290000000000001,0.917,0.0649,0.86,154.91
1cvlyWD3puEKfUtBRmgsDQ,48th & 8th,['Lanterna'],449187,2006,False,,0.371,0.317,0.408,0.147,143.768
3f3lCgJ4pjk1plWEqbjNKH,420 in the Tre (Bonus),['Smileyface'],161500,2015,True,,0.877,0.564,0.0174,0.555,125.02600000000001
012T4ThZlpGYjSPsaFQt9u,420,['Smileyface'],124344,2017,True,,0.6940000000000001,0.8190000000000001,6.829999999999999e-05,0.5529999999999999,153.96200000000005
2uKJZ6j9YWBr6xY1akOrRj,4th Kind,['Tepr'],398413,2019,False,,0.68,0.747,0.11800000000000001,0.136,124.976
2u6UM33Zpc1BxNA3OoEks1,40th and Plum,['Deke Dickerson'],149173,2013,False,,0.672,0.688,0.78,0.9620000000000001,107.029
3Fj0OxVnikwvcWLvWIftqT,'47 Cadillac,['The Teledynes'],182000,2018,False,,0.302,0.8759999999999999,0.0035299999999999997,0.8690000000000001,199.045
5kcabqirrQKjfjpdsMpvTt,Gas 4,['GAS'],710187,2008,False,,0.187,0.632,0.125,0.446,82.177
00id6Nk2RP36DnhFPtWcIr,"4, 3, 2, 1 (Vielen Dank Aggro Berlin)",['Bushido'],230173,2008,False,,0.736,0.794,0.0529,0.7170000000000001,77.251
54f9O2kCMl3WxEPPpnoS5V,476 Laminas of Zilch Division III,['Psilodump'],195440,2006,False,,0.657,0.943,0.00262,0.078,119.965
0eeFlSUKmKUzAqU0wswfVf,Synergy - Black Sun Empire Remix,"['Cause 4 Concer', 'Black Sun Empire']",365427,2010,False,,0.521,0.92,0.0009199999999999999,0.474,173.976
0nf7576ytJ5FYVfiUrmEY1,Fuji Mountain Breakdown,['Bluegrass 45'],126907,2005,False,,0.35100000000000003,0.585,0.32799999999999996,0.966,132.791
5XIib7KY6QtOI49dIQk9zy,Arbolito de Navidad,['Los 4 Grandes Maestros'],227093,2011,False,,0.4970000000000001,0.741,0.522,0.9620000000000001,180.017
3UYbw46Ay7wX3DWyKNlNHB,Las Pilanderas,['Los 4 Grandes Maestros'],222747,2011,False,,0.785,0.648,0.34299999999999997,0.9620000000000001,99.986
4C2sXTR1mI3yPmx8zmjyaw,Tolú,['Los 4 Grandes Maestros'],206200,2011,False,,0.7609999999999999,0.828,0.46299999999999997,0.7959999999999999,102.031
5e1UHv8nuHOBvaojXTMgW3,El Merecumbé,['Los 4 Grandes Maestros'],154227,2011,False,,0.863,0.623,0.317,0.972,134.119
5l3GsbEzXweGG84IfVJDoW,El Vaquero,['Los 4 Grandes Maestros'],200147,2011,False,,0.818,0.7909999999999999,0.619,0.9620000000000001,97.561
1vSYIOtAJsXm2N4p8Sx1BW,Navidad Negra,['Los 4 Grandes Maestros'],209560,2011,False,,0.805,0.545,0.68,0.951,95.065
1rEZQhhtuILUClWyDxKqxz,Colombia Tierra Querida,['Los 4 Grandes Maestros'],167787,2011,False,,0.616,0.7020000000000001,0.425,0.856,191.959
5E85IhMNtgKiXeJ1QnjNeW,Palmira Señorial,['Los 4 Grandes Maestros'],191907,2011,False,,0.785,0.6659999999999999,0.542,0.92,91.021
2auLdxacK0pIuFMCvqhRn4,La Gaita de la Flores,['Los 4 Grandes Maestros'],255147,2011,False,,0.831,0.7959999999999999,0.561,0.8809999999999999,97.072
7kDpP5MjZIAmZyOHGAxPxJ,Mi Cali Bella,['Los 4 Grandes Maestros'],181827,2011,False,,0.723,0.585,0.659,0.9690000000000001,95.046
2otHAKZlF0JM9yYOYB87CE,Boquita Salá,['Los 4 Grandes Maestros'],256440,2011,False,,0.8109999999999999,0.632,0.48100000000000004,0.899,90.565
2uGqtZH8Gjees2XbXU3jxd,Momoposina,['Los 4 Grandes Maestros'],195973,2011,False,,0.838,0.6,0.633,0.951,100.081
3nznLFuVIvTV13bhT2wUr8,Preludiumh,['MZ. 412'],58413,2011,False,,0.152,0.0036799999999999997,0.995,0.0441,138.62
1dTllKXWQ87LDnLknZF0Ig,Infernal Affairs I,['MZ. 412'],428253,2011,False,,0.184,0.5760000000000001,0.264,0.042,69.204
77HKLCgWQckjBr5I6R5xsw,Vredens Skvadron,['MZ. 412'],344720,2011,False,,0.316,0.21899999999999997,0.74,0.0796,126.867
4KKSWa38zvTNMM0MotrXaY,Point Of Presence,['MZ. 412'],366040,2011,False,,0.154,0.5660000000000001,0.00499,0.0344,46.475
33IlLGnOpXmwsxmARfiSQ6,"Lord, Make Me An Instrument Of Your Wrath",['MZ. 412'],299120,2011,False,,0.193,0.0628,0.8759999999999999,0.0329,82.115
3wBPAhlNI0ccbJ9sifksgn,Epilogh,['MZ. 412'],86267,2011,False,,0.17300000000000001,0.133,0.196,0.00484,120.67
2Bf5EKFY6VAEdOcsZOrAGk,Inkant 12 SLE,['MZ. 412'],482680,2011,False,,0.258,0.429,0.856,0.07,98.678
1XNBaufLe7gGcIRji4Ku7Y,Unhealing Wounds,['MZ. 412'],336587,2011,False,,0.257,0.47700000000000004,0.0179,0.0682,132.53
0WMrLdrFmPXmrNj9WngdMA,Mourning Star,['MZ. 412'],367427,2011,False,,0.18899999999999997,0.5920000000000001,0.513,0.133,178.106
1Jb9opuzVdhJSZjvTUK7Y7,Infernal Affairs II,['MZ. 412'],285973,2011,False,,0.39299999999999996,0.47200000000000003,0.40700000000000003,0.0572,89.976
4d2LqZApt6GUQLTouLSR4O,Postludiumh,['MZ. 412'],271693,2011,False,,0.20800000000000002,0.125,0.884,0.0315,104.506
32vxRBu3gjFev8r1WvfgAY,Wounds Of A Fallen Warrior,['MZ. 412'],242667,2011,False,,0.192,0.39399999999999996,0.047,0.0349,172.463
2EUW8TSVrXtBUHImmjqegD,Overthrowing European Christianity,['MZ. 412'],462600,2011,False,,0.304,0.695,0.493,0.0697,98.75
0XtXJHPG5CasXJnpw47XcD,Повезло,"['Р3ЙМ4Н', 'Romero']",191000,2020,False,,0.9109999999999999,0.87,0.0474,0.451,92.962
0Q15L2UY6RrZWYINKrfZXr,One Day In Your Life,['54-40'],254520,2018,False,,0.6579999999999999,0.5489999999999999,0.0512,0.542,133.735
2fjp9VUrb0I5I1t2fNOrUt,4ÆM,['Grimes'],270983,2019,False,,0.48200000000000004,0.905,0.00971,0.11599999999999999,93.01700000000001
4Fe1y0iPVvOgziAbwQWkCe,Learning To Be More Like You,['All 4 Hym'],215440,2011,False,,0.585,0.5329999999999999,0.484,0.8540000000000001,117.55
5xWH7tAoJ4AHB6elOqa5Bh,Old Sinner Like Me,['All 4 Hym'],234507,2011,False,,0.662,0.38799999999999996,0.7829999999999999,0.499,128.093
2O9rofuyQXyIxtEZRY0ycM,Dollar Angel,['All 4 Hym'],284520,2011,False,,0.542,0.192,0.8540000000000001,0.275,80.472
0ks2hvfCzFdG1jULUCxQP3,Bought And Paid,['All 4 Hym'],222560,2011,False,,0.649,0.385,0.45299999999999996,0.455,151.814
1i5lEiMAmjVzJ6NuuSm1zQ,I Was There,['All 4 Hym'],288547,2011,False,,0.701,0.32799999999999996,0.695,0.371,129.57399999999998
51Mefe6egcJYZyVJ6K5GGq,Even At The Door,['All 4 Hym'],205893,2011,False,,0.462,0.0759,0.9390000000000001,0.348,93.522
1Y9AdrzFpndQ44GpoKeI3B,Grandpa's Table Grace,['All 4 Hym'],220080,2011,False,,0.738,0.348,0.782,0.777,134.85
64p66OEpzcyBGamzUFwvKx,Wealthy Man,['All 4 Hym'],220253,2011,False,,0.609,0.439,0.675,0.58,89.58200000000002
3tlbAMien4DeklA9uLmeno,Inside A Prayer,['All 4 Hym'],222107,2011,False,,0.45899999999999996,0.252,0.804,0.275,128.999
3RjRClVQVz65I5eu8Ss01D,Sit Down With Jesus,['All 4 Hym'],163280,2011,False,,0.669,0.541,0.634,0.792,111.1
3aLespEw7Ie7DmgpOeXv2k,Fifty Years Together,['All 4 Hym'],234587,2011,False,,0.672,0.46799999999999997,0.509,0.469,101.13
0kr36nebSXtzOGN0co7bqz,After All These Years,['All 4 Hym'],227320,2011,False,,0.401,0.349,0.726,0.364,178.93
5Dltrqb9qEyCvS5km0Bu1p,Batman (Freefalling),['4 Of Us'],120080,2012,False,,0.488,0.818,0.0278,0.7070000000000001,145.661
3JPEnVkFXFySSwHyZC0eSR,400 Acres,['TG3'],242442,2019,True,,0.6829999999999999,0.789,0.267,0.526,172.075
2ks9IPm93Ri5amN1iLA0YM,I Can Love You Like That,['All-4-One'],257960,2019,False,,0.635,0.7120000000000001,0.0811,0.423,91.024
0AedCGPi4ebcHkjIeSLHzL,Side Show,['415'],230458,2013,True,,0.9209999999999999,0.7859999999999999,0.0346,0.841,114.428
2yt1ftQkwghmM1qGqHI2At,Acid Rain,['404 Guild'],138479,2019,False,,0.705,0.8640000000000001,0.6890000000000001,0.698,150.034
4ShDvTsfrYFiButqqV2Lod,Jenny,"['404 Guild', 'Jennifer Walton']",241521,2019,True,,0.515,0.867,0.0289,0.39399999999999996,149.878
2YO4ymesiaJfRREvBztVB9,Doubt It,['404 Guild'],110071,2019,True,,0.56,0.763,0.0623,0.38799999999999996,140.062
3zXoUkipYdmVHz1im5T6a0,Blind Spot,['404 Guild'],326242,2019,False,,0.773,0.743,0.278,0.555,120.021
41K2fDeIsVp5tKjEOviWwD,Brace,['404 Guild'],229368,2019,True,,0.768,0.636,0.231,0.40399999999999997,104.96799999999999
3U0NhXsProNIs2EjdGhRQx,Sulaco,['404 Guild'],206736,2019,True,,0.799,0.5820000000000001,0.0556,0.26899999999999996,140.005
6pb45xJl3L7N5QI2NbK3si,Gauntlet,['404 Guild'],210487,2019,True,,0.539,0.7120000000000001,0.175,0.19399999999999998,127.95700000000001
0yXS2UkuuD3irJaiwIbtY2,Hound Pound,['404 Guild'],260248,2019,False,,0.6829999999999999,0.604,0.785,0.5529999999999999,139.97799999999998
7agCvvkpF29MMr134sCQrn,Je Suis Seul Ce Soir,['Swing 41'],350827,2011,False,,0.619,0.41,0.546,0.5379999999999999,142.20600000000005
0PxCllznnjAWIAsW46iXJC,4 (Интро),['Dzhizus'],72000,2018,True,,0.48,0.397,0.6709999999999999,0.19699999999999998,89.08
7ibRB2S2WOfPKSvYkhcYtj,4 The Betta,['LUCKI'],132115,2019,True,,0.78,0.45299999999999996,0.233,0.305,155.984
4SRBv9M0wIPIw916zWfhkU,Left 4 Dead,['LUCKI'],139130,2019,True,,0.7190000000000001,0.5,0.111,0.431,137.924
4zvaJ9kEyGoDzJiGzad1SJ,48843,['BONES'],114504,2019,True,,0.732,0.35,0.0654,0.0689,75.527
44wSkKTHkdzPWmtTFupKGH,4wingkilla!,['JoeJas'],174000,2020,True,,0.584,0.925,0.162,0.8690000000000001,127.59899999999999
7ymNcFNS0Vs0ITQz1crnyz,Curtains Interlude,"['SORIANO', '451']",110072,2020,True,,0.703,0.6990000000000001,0.128,0.184,157.054
1XrvYMGWt9a8jTiXDq1jB4,4U,['Deeper'],200464,2020,False,,0.612,0.522,0.0036899999999999997,0.518,169.94299999999996
3xLvx5eOctR4kESukmEz1T,We the People,['40 Below Summer'],220573,2017,False,,0.478,0.885,0.000105,0.5770000000000001,155.582
1W309jdCpcaAW5I8q79YCj,I Swear,['All-4-One'],259853,2019,False,,0.532,0.40700000000000003,0.235,0.23,83.20700000000002
7dKxtxzWbVJSJc9UOhw6rX,40/35,['Sonny'],173707,2002,False,,0.331,0.8809999999999999,0.00035,0.363,100.04700000000001
2m8pYWa4KWP9H2razvuiVT,Doing Too Much (feat. Slimmy B),"['Guapdad 4000', 'Slimmy B']",220496,2019,True,,0.544,0.414,0.10099999999999999,0.145,94.111
4B9pOIJp309DPpr2LHHlcz,Stuck With It (feat. Tory Lanez),"['Guapdad 4000', 'Tory Lanez']",181455,2019,True,,0.711,0.584,0.42100000000000004,0.722,97.97200000000001
1lrBmqgC1ktWB6eI0hyQ6Q,First Things First (feat. G-Eazy & Reo Cragun),"['Guapdad 4000', 'G-Eazy', 'Reo Cragun']",176882,2019,True,,0.8270000000000001,0.642,0.0682,0.282,92.00299999999999
6Xd0UxhSnQYCyvGGAMHajB,Gucci Pajamas (feat. Chance the Rapper and Charlie Wilson),"['Guapdad 4000', 'Chance the Rapper', 'Charlie Wilson']",203669,2019,True,,0.583,0.665,0.38299999999999995,0.927,112.84200000000001
0q2H0EJxjG9w0yJ33oo4Yc,Going Through It (feat. E-40 & Nef The Pharoah),"['Guapdad 4000', 'E-40', 'Nef The Pharoah']",91225,2019,True,,0.628,0.684,0.195,0.726,85.866
59Fj7oSeQWYlTyUjX9tRct,Scammin (feat. Mozzy),"['Guapdad 4000', 'Mozzy']",180626,2019,True,,0.8240000000000001,0.49,0.0319,0.214,140.03
6136OsDSYIDRB10R2MSgWl,"Izayah (feat. Key!, Maxo Kream, Denzel Curry & Kenny Beats)","['Guapdad 4000', 'Key!', 'Maxo Kream', 'Denzel Curry', 'Kenny Beats']",213559,2019,True,,0.912,0.696,0.151,0.586,142.028
23s5OsqANbcHnJilFzOArr,Jigga Juice's Prayer,['Guapdad 4000'],96520,2019,True,,0.609,0.794,0.898,0.0335,64.76
3HYw9gQIuoZvfGebOrKob5,Iced Out Gold Chain,['Guapdad 4000'],211755,2019,True,,0.8140000000000001,0.531,0.336,0.5760000000000001,98.037
2HE4GNGO1xWDefN2tm3vm4,Can't Stop Finessing,['Guapdad 4000'],333551,2019,True,,0.5489999999999999,0.486,0.203,0.10800000000000001,141.901
7Jn3OwOlGIDwdOqd9W9DOg,Rolex Rockstar (feat. Buddy),"['Guapdad 4000', 'Buddy']",191717,2019,True,,0.81,0.728,0.00275,0.396,136.062
1eZJY83Pkp0VqkCiaMLh9E,Prada Process (feat. 6lack),"['Guapdad 4000', '6LACK']",198717,2019,True,,0.57,0.63,0.46299999999999997,0.501,84.537
5iUjPpm0qEmQZv4h9MEoqu,Stunt On Ghosts (feat. Mansa),"['Guapdad 4000', 'Terrace Martin', 'Mansa']",225462,2019,True,,0.33,0.387,0.7609999999999999,0.41700000000000004,172.921
0ekm7WrrwSEkEDVdfmn3ti,Flossin (feat. Snoop Dogg),"['Guapdad 4000', 'Snoop Dogg']",239768,2019,True,,0.624,0.521,0.0465,0.19699999999999998,163.956
5EJoQtNwDrylRxzZ0zwzeK,40',['Franz Ferdinand'],204267,2004,False,,0.573,0.564,0.00128,0.563,104.01299999999999
4SxSnTgGBtVEmIgFPvZrbz,4 My Queen,['FatherDimePack'],93621,2020,True,,0.609,0.45399999999999996,0.196,0.4920000000000001,130.06799999999998
1fyZoLyBcEUGOfR1QaXg2k,49,['Jacaszek'],129671,2020,False,,0.154,0.0247,0.9520000000000001,0.0906,69.833
5AK1Nvzd3w88UX78cyXhsJ,Lil Scammer That Could (feat. Denzel Curry),"['Guapdad 4000', 'Denzel Curry']",186000,2020,True,,0.8340000000000001,0.6459999999999999,0.155,0.52,79.992
1D3Sb06DYCKpQYpyf3Uyl6,No Home For The Brave,['Guapdad 4000'],193208,2020,True,,0.715,0.77,0.321,0.452,158.983
5oZCPJHvgcWUiRcp80ZGB0,Orgasm Full Of Pain (feat. Deante Hitchcock),"['Guapdad 4000', ""Deante' Hitchcock""]",216973,2020,True,,0.674,0.5720000000000001,0.106,0.667,76.99600000000002
6QKSMsLAnsXPHjG0W0hki8,Choppa Talk (feat. TyFontaine),"['Guapdad 4000', 'TyFontaine']",155077,2020,True,,0.7829999999999999,0.604,0.308,0.245,129.94
2D5o2WocmW3KdpvDqaRRZO,Deadly Assassination Summer Squad,['Guapdad 4000'],109091,2020,True,,0.664,0.455,0.41600000000000004,0.414,76.422
1ydstJS3vinZmOtp7givV8,Hairless Horsemen (feat. Boogie),"['Guapdad 4000', 'WESTSIDE BOOGIE']",193846,2020,True,,0.578,0.467,0.49,0.221,81.233
3NRGrSYA2gyTv9vVZZOdLt,Stutter Step,['Vis@40'],271600,2000,False,,0.4320000000000001,0.758,0.0015,0.8370000000000001,98.042
7utHI2Bdv9k6Qq2v2C11wn,Crucify,['Vis@40'],308493,2000,False,,0.425,0.701,0.00011399999999999999,0.46799999999999997,135.14600000000002
27unoEyEf1dOSN8ijoCtOU,Squirm,['Vis@40'],212613,2000,False,,0.48200000000000004,0.871,0.000128,0.579,114.742
52iLcFkPpO2XJLlub0fiby,Last Time,['Vis@40'],220680,2000,False,,0.5579999999999999,0.529,0.0384,0.081,104.95200000000001
2jIF8IUt0nEgGKsd3LTPeF,Fate(Human Tragedy),['Vis@40'],248280,2000,False,,0.342,0.863,0.00016,0.7440000000000001,96.603
5JDrHQAVa3Hs4Sh6Fz4NQR,Grudge,['Vis@40'],280733,2000,False,,0.363,0.9059999999999999,0.00132,0.27899999999999997,89.76
54tCcBWOrFa7Dwmijz70UE,Trainwreck,['Vis@40'],337027,2000,False,,0.38,0.856,0.007390000000000002,0.501,148.445
4AZBIUbqvHLX6Dc69DSlTX,Last Time - Unplugged,['Vis@40'],195853,2000,False,,0.514,0.27,0.785,0.42200000000000004,110.154
30Hmgn3jgNy6k3tE08VFX6,Suck It,['Vis@40'],269747,2000,False,,0.341,0.789,0.000628,0.507,100.897
1oxZsXpEjNmBjIfs7bJe9x,Reasons,"['Project 46', 'Andrew Allen']",316860,2012,False,,0.82,0.705,0.0412,0.799,127.98299999999999
188CtjeOPSC0xqqIVK6szZ,4 BASE,['BLCKK'],121851,2020,True,,0.877,0.515,0.547,0.381,129.981
7kj5bH6iDKKPIbkZV7Jxuq,Hasselhoff,['Project 46'],320203,2012,False,,0.763,0.534,9.570000000000001e-05,0.168,127.999
2GbT3xPa0PAg0IDNnuTM14,48 Crusades,['Uptownbodega'],225202,2019,True,,0.579,0.76,0.129,0.7190000000000001,172.893
3r3gxFfdEPCAngEGhAq9PD,I Swear,['All-4-One'],259680,2017,False,,0.53,0.35600000000000004,0.20800000000000002,0.222,83.28
6urRYgsdyVWMdB8wy8BBbB,4D,['Zeroh'],246793,2020,True,,0.35100000000000003,0.436,0.45799999999999996,0.23199999999999998,106.745
03uq7DmI8cipN7zhHC8OD6,No One,"['Project 46', 'Matthew Steeper']",353872,2013,False,,0.507,0.8059999999999999,0.0006730000000000001,0.109,128.016
5Hf7PFRIrxwXT8PF535t1u,After Human,['4mulate'],279077,2015,False,,0.607,0.826,0.0131,0.0979,172.02900000000002
4keclC0eBhQm8lFtYmX01K,4ÆM,['Grimes'],270983,2020,False,,0.48200000000000004,0.905,0.00971,0.11599999999999999,93.01700000000001
6IdjgneeIkqxA9gWcMEx3L,4ÆM,['Grimes'],270983,2020,False,,0.48200000000000004,0.905,0.00971,0.11599999999999999,93.01700000000001
17rOGXD67XqmQn4QnZOYe0,4U,['PRETTYMUCH'],204627,2019,False,,0.401,0.573,0.106,0.489,93.14399999999999
5Qtk9oFAgByFX1YrFTZ7o1,47,['seeyousoon'],196023,2020,True,,0.552,0.65,0.475,0.614,85.84700000000002
6K9ueZ1U5a4auxwjE8kUXi,4:05,['Joshua'],214712,2018,True,,0.764,0.562,0.00778,0.107,122.055
2nSKol7UyxwffI6jLYTuUd,Lil Scammer That Could (feat. Denzel Curry),"['Guapdad 4000', 'Denzel Curry']",186000,2020,True,,0.835,0.645,0.172,0.524,79.992
6b9rk17W8N9UuyDmmXUZAx,Rope,['40 Below Summer'],260613,2017,False,,0.424,0.935,0.000357,0.381,163.82
39oBiITpqeS1XMkUWF78Cb,4 Quarters,['MaxThaDemon'],206413,2020,True,,0.894,0.63,0.0224,0.217,134.999
1xgk8BFotBe608e9VNsweS,4 Herzen,['reezy'],206733,2018,False,,0.883,0.446,0.10300000000000001,0.45299999999999996,139.966
4uoQBJVI0S7RGOiE8MEZrv,Take Me Away,['4Motion'],504481,2018,False,,0.88,0.7559999999999999,0.0015400000000000001,0.627,138.018
5uTCUKohWJFnN1lqfT4rdB,4th Dimension/Forbidden,['Disalusion'],177560,2006,False,,0.322,0.489,0.0038,0.0848,148.519
7I68tPPhA5EuwLS1MonhwC,40 y 13 (paedolove),['TxPxFx'],179867,2014,False,,0.34,0.973,0.00106,0.262,167.571
00InqOBQrcdCu27lIYnoN2,Off Top (feat. 42 Dugg),"['Mulatto', '42 Dugg']",135915,2020,True,,0.904,0.563,0.47,0.20800000000000002,120.03299999999999
3ytTmiyHP0JkheRi5d2ODs,48 Hours,['Humbird'],108007,2019,False,,0.35200000000000004,0.303,0.907,0.34,201.857
73ajSPWlVGD7l7TT7A1VPg,4:27 P.M. (Skit),['Mwk'],51952,2020,True,,0.6,0.384,0.48,0.439,97.889
29JsEWGTEGGpdGoHvhlcTw,4:30 EST,['Mwk'],168008,2020,True,,0.466,0.693,0.835,0.555,81.88
5nC3l0F22mFleOToIsbzvS,Mr. Woody,['42 Dugg'],99977,2020,True,,0.768,0.8740000000000001,0.017,0.32299999999999995,96.98
1BheYH1mrH0YaiNpYCWaXM,Y&T 2,['42 Dugg'],121266,2020,True,,0.716,0.725,0.00389,0.573,159.97
0qnHywpYq7D2SGMpuHEasL,Not A Rapper (feat. Lil Baby & Yo Gotti),"['42 Dugg', 'Lil Baby', 'Yo Gotti']",107771,2020,True,,0.888,0.715,0.128,0.557,120.10600000000001
5kieBp2Vpmo8ihaXuhcAKu,Habit,['42 Dugg'],119785,2020,True,,0.61,0.7829999999999999,0.00132,0.524,191.87
0xjmmGMakcgZCHDIqkzJ5E,It Get Deeper,['42 Dugg'],105756,2020,True,,0.8109999999999999,0.8420000000000001,0.23800000000000002,0.737,97.02
0Jz3zqxMiVmMiLkJENBNh1,Been Turnt,['42 Dugg'],119410,2020,True,,0.924,0.5710000000000001,0.00105,0.335,129.975
6LdGmmcrOvSFLw3dkthtsD,Hard Times,['42 Dugg'],138760,2020,True,,0.5760000000000001,0.66,0.0651,0.747,179.925
6qFigvkC3xOk7iUuCyT53e,Turnt Bitch,['42 Dugg'],122342,2020,True,,0.794,0.841,0.0511,0.612,149.981
4zevq2MT5fKCc1GA7zaIQg,Bout 40,['42 Dugg'],145229,2020,True,,0.722,0.586,0.0881,0.14,169.979
7tlRHcLOxPJKxpiCmJ1M7A,One of One (feat. Babyface Ray),"['42 Dugg', 'Babyface Ray']",113905,2020,True,,0.813,0.687,0.13699999999999998,0.282,94.005
2yXj6YVqEyIazS0ggNAgSu,Ride With Me,['42 Dugg'],116550,2020,True,,0.703,0.6459999999999999,0.00619,0.297,150.142
5b8J3QM4LAojfoNt5wDDY5,World On My Shoulder,['42 Dugg'],121201,2020,True,,0.846,0.718,0.0383,0.387,99.885
5mLX7WtBpn0ZxsFBlI9B7m,Palm Angels In The Sky,['42 Dugg'],168829,2020,True,,0.929,0.696,0.0342,0.718,120.113
4KJg8aFNidRQUDwlPZqlso,Bounce Back,"['42 Dugg', 'Yo Gotti']",195818,2020,True,,0.75,0.6729999999999999,0.007090000000000002,0.34,158.086
7cgHVRUUCniwg4a2842Xf1,+4,['RAYA'],227143,2019,True,,0.778,0.45,0.7909999999999999,0.767,139.969
2iqYj9BXwmFpBNeeUymEbK,F.O.Y,['4*'],252706,2020,False,,0.5,0.968,0.009770000000000001,0.0794,170.05
68McKcD3hIdgPdl96uCii4,Love Rush,['54-40'],203027,2003,False,,0.45299999999999996,0.872,0.000472,0.8079999999999999,149.924
0VtzOwYwMJd2VIYLWm1cEd,Plenty Emotion,['54-40'],219067,2003,False,,0.426,0.9259999999999999,5.51e-06,0.371,95.906
0pg0iMUykN2HP2TCb9mQVZ,Unbend,['54-40'],231840,2003,False,,0.598,0.879,0.0009369999999999999,0.914,99.95200000000001
35bRWVQEEZ6H5b4QXIbjSz,Casual Viewin',['54-40'],282493,2003,False,,0.623,0.91,0.00498,0.9640000000000001,124.96600000000001
3uYH9rpb4Bz8rllXKpis0Y,I Go Blind,['54-40'],175973,2003,False,,0.643,0.72,0.000346,0.68,120.06299999999999
1HuqjkVoaKX1YsI7XFVUBj,Since When,['54-40'],255067,2003,False,,0.732,0.83,0.0039,0.612,121.40100000000001
1qJzktE5AgsJNGwstNcoFC,Baby Ran,['54-40'],262627,2003,False,,0.431,0.937,3.94e-06,0.831,154.032
6LeBw6kY7ga2fUZlT4CqPJ,Crossing A Canyon,['54-40'],239573,2003,False,,0.5379999999999999,0.635,0.000709,0.262,92.848
5yxDAzSzRn93Ojc0H2K3lL,Lies To Me,['54-40'],202067,2003,False,,0.503,0.871,0.00013000000000000002,0.6409999999999999,129.42600000000002
624sSMF6TqClSnZdRAUFYp,Love You All,['54-40'],269333,2003,False,,0.591,0.9329999999999999,0.000526,0.546,121.12799999999999
3Hs7gmlnHFCz5YDsr5Tdo5,One Day In Your Life,['54-40'],257800,2003,False,,0.528,0.77,0.0016600000000000002,0.337,134.218
45FgsVxVonrm4KNCM0Y4s6,Blame Your Parents,['54-40'],267160,2003,False,,0.377,0.8809999999999999,6.68e-06,0.195,106.315
6wkKwnaMBT4IaLkAzN4sTj,Radio Luv Song,['54-40'],130267,2003,False,,0.507,0.797,3.35e-05,0.465,123.811
4MERszrP3aiyuKDRBmBWof,Assoholic,['54-40'],222107,2003,False,,0.38799999999999996,0.691,6.54e-05,0.242,132.774
29lE3cVVkw0XhcirKboxXm,Ocean Pearl,['54-40'],208493,2003,False,,0.664,0.8809999999999999,0.00010700000000000001,0.893,113.367
1e0LhwdeUbVTCTvec3Kzo1,One Gun,['54-40'],255067,2003,False,,0.5539999999999999,0.695,0.000417,0.513,136.02700000000002
6f8PxGfH95QNmX41sGemcd,She-La,['54-40'],250773,2003,False,,0.434,0.825,0.00343,0.305,113.179
6nCfgHPqkORuLludxKkHHn,Music Man,['54-40'],343467,2003,False,,0.685,0.799,0.00614,0.81,97.34
5NnyRu3me5qzBSBaMyEzq4,Nice To Luv You,['54-40'],263600,2003,False,,0.5489999999999999,0.743,0.0022199999999999998,0.392,117.976
1cP0sWJn6In5eChV82SAXg,Heads Will Roll (Acoustic),['Sum 41'],210333,2019,False,,0.75,0.563,0.0165,0.7140000000000001,94.01100000000001
5ULYE2LqN7zp0uCNWG1CHA,Catching Fire (Acoustic),['Sum 41'],240019,2019,False,,0.68,0.45399999999999996,0.23199999999999998,0.23800000000000002,139.012
4SLAqIMpmZyOSFjxaa9r7U,4D,['Northlane'],251133,2020,False,,0.225,0.9440000000000001,0.000182,0.40299999999999997,146.031
1uG99HnjryAOR48BDW6Lj3,4D - Instrumental,['Northlane'],251133,2020,False,,0.39,0.938,6.31e-05,0.4270000000000001,146.018
6il3jyYzARaDdTIs9uM5jX,Partytime,['45 Grave'],186133,2018,False,,0.519,0.7659999999999999,0.0174,0.5489999999999999,128.263
2QRFA1ikAK4MdqRXuyRHVv,4u4u,['Liyv'],164769,2019,False,,0.134,0.313,0.825,0.0774,83.73100000000002
20pTXAJqJhv7qawV9MuTET,4 Y'all,['Atex'],190258,2020,True,,0.469,0.444,0.006640000000000001,0.0726,66.038
5rFT62GAMgCK25eZ2VGeqG,4 Good Reasons,['Solence'],197100,2020,True,,0.598,0.8270000000000001,0.00022400000000000002,0.65,106.01100000000001
5Dh8ZyQPx7zFqDapc0bp20,40,['Miles Morrison'],224461,2020,True,,0.825,0.573,0.182,0.239,102.95200000000001
61ZYkv9MEQZ25jVaIavQOM,4 Degrees,['ANOHNI'],231583,2016,False,,0.35200000000000004,0.76,0.307,0.307,112.58200000000001
5zmAwH3eUNP5YSdCg8XPtm,"49er - Live in Ohio, 1978",['Riot'],326680,2017,False,,0.17600000000000002,0.862,0.6779999999999999,0.233,73.365
4E1OG7S9sDDlGLfobTmCoV,4 Degrees,['ANOHNI'],231120,2015,False,,0.341,0.813,0.304,0.24600000000000002,108.477
3ODek75CWEn7BkftPqQ3FY,Hanging Tree,"[""The 44's With Special Guest Kid Ramos""]",254547,2012,False,,0.45799999999999996,0.755,0.2,0.48700000000000004,171.988
4bf8hq7FYA4uetNRzprrO6,Lady Luck,"[""The 44's With Special Guest Kid Ramos""]",310933,2012,False,,0.648,0.695,0.0114,0.6829999999999999,110.694
2K81wD5zNZmOIRAjUWEtIv,Cocaine,"[""The 44's With Special Guest Kid Ramos""]",213920,2012,False,,0.348,0.8140000000000001,0.00123,0.621,112.34
39rcbcz9DQ0zpf4iF4UVKZ,Dixie,"[""The 44's With Special Guest Kid Ramos""]",162333,2012,False,,0.624,0.932,0.0192,0.92,126.713
3e05vTXjVWSsruNb3m8cSP,She's Poison,"[""The 44's With Special Guest Kid Ramos""]",354787,2012,False,,0.45899999999999996,0.688,0.0020800000000000003,0.637,137.753
0iB6s6uTlkjme6OM4ZvavI,Pleading My Case,"[""The 44's With Special Guest Kid Ramos""]",214253,2012,False,,0.45799999999999996,0.7040000000000001,0.0162,0.579,115.281
4dkA3zTgt5dEWCqYfhBDWS,Mr. Operator,"[""The 44's With Special Guest Kid Ramos""]",254040,2012,False,,0.526,0.312,0.0353,0.14300000000000002,145.055
22UDg6ka2LygzdlaFzAw02,You'll Be Mine,"[""The 44's With Special Guest Kid Ramos""]",198173,2012,False,,0.6629999999999999,0.774,0.0015300000000000001,0.907,106.60700000000001
5XeNOdf1X5iwunIJCtNbzb,Slip Slidn' Thang,"[""The 44's With Special Guest Kid Ramos""]",175053,2012,False,,0.581,0.836,0.157,0.722,109.669
5hhNOFxZzwVprC9p7hamUU,99 to Life,"[""The 44's With Special Guest Kid Ramos""]",275467,2012,False,,0.504,0.883,0.0050799999999999994,0.899,119.176
774LWz4lugkdKiJx5gear7,Hard Times,"[""The 44's With Special Guest Kid Ramos""]",357080,2012,False,,0.462,0.257,0.7140000000000001,0.142,154.577
356rWY4WgoDNaQDKezjVq0,Mr. Highway Man,"[""The 44's With Special Guest Kid Ramos""]",215560,2012,False,,0.469,0.65,0.0010400000000000001,0.46,98.631
3wXdHFxBM7Ue4gEVbnIjx8,Hold On,"[""The 44's With Special Guest Kid Ramos""]",303413,2012,False,,0.524,0.836,0.005,0.693,112.26799999999999
3JH99uQv8We2x1m0UAcmvR,43,['CrusaderBeach'],82005,2011,False,,0.386,0.0639,0.991,0.26899999999999996,133.88
15U9n0qW8vael0Kj9S9Lou,4.S.G Radio: Fortnite (Skit),['Kaseem'],124773,2020,True,,0.64,0.171,0.315,0.609,94.163
5sM6TUvUIVOtUZsOU07aC2,4U,['Tommy Trash'],259048,2020,False,,0.649,0.9890000000000001,0.217,0.21100000000000002,126.04700000000001
0kHKrG78l8JH6v2daDDmKr,4 Times,['22Gz'],177094,2020,True,,0.9540000000000001,0.7390000000000001,0.0615,0.603,130.006
3r49cI6Ik7JlFTkzUwimOI,4 Times,['22Gz'],177094,2020,False,,0.9590000000000001,0.741,0.0733,0.627,130.005
5h09EAvaYSSQsMtijhHQfO,4 U - Audiotree Live Version,['Hoops'],95033,2016,False,,0.5379999999999999,0.9,0.0072900000000000005,0.7240000000000001,125.295
3vf4BW2QiagMIVmC47dv3K,4 U Pt. 2 - Audiotree Live Version,['Hoops'],117470,2016,False,,0.33799999999999997,0.8220000000000001,0.0267,0.457,168.252
10Xmxza5VpcYFViqR1LRTx,Nadia,['The 4Qua Of Orion'],280227,2020,False,,0.63,0.828,0.7909999999999999,0.953,220.051
7JjphsHsdECj3Y3oPpvchf,4 U,['Hoops'],101062,2017,False,,0.373,0.597,0.0514,0.828,188.71900000000002
2uAJTmnG0NXubKpQ7s16Wu,"4 U, Pt. 2",['Hoops'],122369,2017,False,,0.18,0.54,0.105,0.337,81.44800000000002
2POAFJYXKVGpFM53EN5RU9,Your Dreamland,"['4s4ki', 'KOTONOHOUSE']",196006,2020,False,,0.632,0.755,0.0295,0.386,99.973
7exmlh6VlEt0oEbZrfFb26,Platonic,"['4s4ki', 'gu^2']",150000,2020,False,,0.7290000000000001,0.925,0.0197,0.883,77.528
2US57J7UCkiXkyr8fWQXlH,NEXUS,"['4s4ki', 'rinahamu', 'KOTONOHOUSE']",189638,2020,False,,0.606,0.871,0.045,0.447,137.97
7uNA9bEXKOtSwBlCiIQFOd,moniko,"['4s4ki', 'Anatomia', 'maeshima soshi']",247450,2020,False,,0.662,0.703,0.0362,0.821,160.055
5oO4McF6Xhk1gpHrJqFs1h,I picked up a prostitute's iPhone,"['4s4ki', 'Gokou Kuyt', 'maeshima soshi']",204000,2020,False,,0.667,0.9009999999999999,0.24600000000000002,0.861,146.02100000000004
49fwDzm3DrVMTiWYe9M3a9,Sakio is Dreamland,"['4s4ki', 'gu^2']",182000,2020,False,,0.8590000000000001,0.755,0.0216,0.76,127.024
0uqWJuA6IhkIcAmoqCS3sB,lover,"['4s4ki', ""Snail's House""]",259719,2020,False,,0.423,0.6679999999999999,0.111,0.20600000000000002,139.66299999999998
5nAsDSAik2IN1HjIgRyVIe,eyes,"['4s4ki', 'Rinne', 'maeshima soshi']",184000,2020,False,,0.507,0.858,0.5770000000000001,0.648,171.924
0UQZW6waA6qIaHtk6mCRRW,bed,"['4s4ki', 'maeshima soshi']",138469,2020,False,,0.637,0.6890000000000001,0.32,0.455,77.455
4RCDqzIeQh9vCYafeUkfz1,SUCK MY LIFE,"['4s4ki', 'Gigandect']",152571,2020,False,,0.57,0.9,0.0656,0.418,139.912
4MztyU7Tdqe38wgkppCVRJ,kakerumono,['4s4ki'],156000,2019,False,,0.6859999999999999,0.687,0.737,0.552,119.988
5YsFmbCBx6krQtC3ant3gn,escape from,['4s4ki'],200506,2019,False,,0.521,0.326,0.963,0.23,150.218
2qxA6wWHp8o8CIhbTGRSPD,last scene,['4s4ki'],195000,2019,False,,0.748,0.701,0.409,0.794,159.984
7gOsJiOfJKobXrWwQ0AAAD,Lavender,['4s4ki'],166667,2020,False,,0.7,0.7390000000000001,0.53,0.387,89.99700000000001
2flwcaugQbrrCuTR3fqDSj,kg,['4s4ki'],221333,2020,False,,0.662,0.5720000000000001,0.833,0.413,90.006
64KJtQ4dPcszYQx1KCNcWL,Super Catastrophic Thinking - maeshima soshi remix,"['4s4ki', 'maeshima soshi']",170286,2019,False,,0.7240000000000001,0.865,0.151,0.58,104.99600000000001
6VUz0SFWXNbfDdxsyIIxgK,innocence - maeshima soshi remix,"['4s4ki', 'maeshima soshi']",167853,2019,False,,0.5489999999999999,0.594,0.606,0.603,163.042
6D2Krwt8HSq1Pq408Oz6Qc,4 the Bay,['SEKKTOR17'],248276,2020,True,,0.8420000000000001,0.7609999999999999,0.0419,0.27,144.895
5eEz8uoh5wADdHBI15f0OK,Xenophile,['4 Star View'],232168,2020,False,,0.31,0.0883,0.955,0.185,178.148
4CjZLsYnuQTpTAZ9axNhyI,Quiddle,['4 Star View'],349284,2020,False,,0.42100000000000004,0.0449,0.903,0.0711,134.816
1MzkenxlWmbtDHCRfN30Kx,Zugzwang,['4 Star View'],248060,2020,False,,0.469,0.0448,0.9640000000000001,0.24,120.354
6QqGkB5Tgu9dNV6VF6OzC3,Sour Grapes and Cool Beans,['4 Star View'],229905,2020,False,,0.446,0.0508,0.981,0.188,85.803
0gFIlqvcyfxH49YqNYGIBT,Moseley Flag,['4 Star View'],423910,2020,False,,0.648,0.294,0.485,0.389,173.958
2JLPfZiHtc8qi0TYh5fkub,Dance Hall Shoes,['4 Star View'],189781,2020,False,,0.473,0.0891,0.9790000000000001,0.371,73.16199999999998
6ZZ1tASOfQMPj9UcDWlTsE,Figure It Out,['4 Star View'],366212,2020,False,,0.406,0.0481,0.9670000000000001,0.158,70.70100000000002
4CsMnJ6UL4PjlhsBwXWV11,Ghost Knocking,['4 Star View'],207974,2020,False,,0.479,0.133,0.966,0.218,95.62100000000001
2Me38Xjc2qtz3lmrvWnWxM,Dystopian,['4 Star View'],231576,2020,False,,0.45799999999999996,0.21600000000000005,0.466,0.309,79.362
5Fuaxtj3uNaOoIjAfuXHej,Kafkaesque,['4 Star View'],184431,2020,False,,0.537,0.114,0.94,0.213,121.36399999999999
1YqodP7SJ5KnykoK1WgAZx,Bad Juju,"['4 Star View', 'Adam Sessums']",215614,2020,False,,0.418,0.22399999999999998,0.674,0.392,85.26100000000002
2FANd9yNUrqYJ4IUV2ri17,You Might Like It,['4 Star View'],306703,2020,False,,0.578,0.175,0.89,0.452,104.662
6UlQUYXbjgwCkz2K5pdcrG,Over You,"['4 Star View', 'Adam Sessums']",225515,2020,False,,0.598,0.24600000000000002,0.922,0.141,115.00399999999999
2TPt3jtdJQZR86mcD3PjEd,Pieces of You,['4 Star View'],176457,2020,False,,0.584,0.134,0.778,0.257,115.066
4IqbjaiBznGJcgG0vcDVnH,Jacob,"['4 Star View', 'Adam Sessums']",271882,2020,False,,0.514,0.22399999999999998,0.927,0.456,138.506
0h7loDQwgqJsp1kdbnb1Bh,7 Years Bad Luck,['4 Star View'],250096,2020,False,,0.40399999999999997,0.24100000000000002,0.867,0.385,169.299
4Zx4xgvZvvT5PODBThXb18,The Superman Song,"['4 Star View', 'Adam Sessums']",214961,2020,False,,0.462,0.317,0.873,0.396,94.79799999999999
3jLY3uUsOEj0TenZpceEsK,Victoria's Confession,['4 Star View'],233691,2020,False,,0.562,0.24,0.92,0.524,96.455
1Jzr8hgpQiijT8D2npo4CD,Tears of Joy,['4 Star View'],198635,2020,False,,0.515,0.239,0.905,0.2,115.061
0oiLshEYO0XUI94O09HIbM,It Looks Like Rain,"['4 Star View', 'Adam Sessums']",206968,2020,False,,0.629,0.2,0.868,0.321,122.601
56cOiwa63RQB34O3AvOT3b,Wrong Side of the Bed,['4 Star View'],198452,2020,False,,0.48100000000000004,0.252,0.88,0.276,117.759
02ex9bTkws5hBiOtlHMfQE,Part 2,"['4 Star View', 'Adam Sessums']",80901,2020,False,,0.622,0.11900000000000001,0.9129999999999999,0.6759999999999999,128.346
6FKC4pM3lA2KjQnZ0ZCi24,The Tender Injustice,['4 Star View'],199026,2020,False,,0.45399999999999996,0.14400000000000002,0.9229999999999999,0.21100000000000002,162.159
4lF0hdagYTS32bzRJQK8H8,4010,['Une'],237360,2008,False,,0.522,0.935,0.016,0.243,141.97299999999996
4GiFh4CE0BKeWOAdQBFTZ7,4010,['Une'],224320,2010,False,,0.6659999999999999,0.737,0.315,0.36200000000000004,141.936
63YRzaapJlMSpqK9NXz3fy,Ducks on the Lake,['4 Star View'],180456,2020,False,,0.4320000000000001,0.461,0.809,0.496,98.585
6CQE6F8WDhKZ4VbY5DXEst,Reflection of Hope,['4 Star View'],199758,2020,False,,0.40399999999999997,0.107,0.9129999999999999,0.27899999999999997,82.855
7cvXr8SidlH5iFAsjcqBb2,Green Night,['4 Star View'],242364,2020,False,,0.4270000000000001,0.0252,0.9540000000000001,0.341,75.805
5dsh68NyuRgKwQik8MHLJx,Racquetballs and Moonbeams,['4 Star View'],131840,2020,False,,0.418,0.0841,0.98,0.267,146.31
7eZW11vDYrLfmRtJlTuWV4,Gratitude,['4 Star View'],265848,2020,False,,0.486,0.0432,0.965,0.39,84.65
0Jo3mtofsnKJq5lqFFwdiR,Personal Porter,['4 Star View'],200673,2020,False,,0.32299999999999995,0.0852,0.816,0.217,59.426
3hO1Eh8OYpLLiN8bWTeLpA,Hopeful at the Apocalypse,['4 Star View'],255399,2020,False,,0.496,0.11800000000000001,0.943,0.23800000000000002,139.437
6frs6osLH5p7ZlB865wV8k,Emerald Isle,['4 Star View'],222407,2020,False,,0.449,0.22399999999999998,0.831,0.17800000000000002,134.905
5mAfHBjq5fAFArQ1eht8Jv,Social Distancing,['4 Star View'],246962,2020,False,,0.536,0.16899999999999998,0.728,0.187,65.564
4EAPyi1JmYwTzzNgh7uHIj,Rushing for Embrace,['4 Star View'],279589,2020,False,,0.455,0.196,0.862,0.316,122.565
42wLVTAFKP794kqZSMLzCD,Swimming Pool Incident,['4 Star View'],154122,2020,False,,0.36200000000000004,0.113,0.889,0.44,148.85
0ChmKMFQvNQaNrqoCUfCx8,Dancing Alone in My Room,['4 Star View'],185966,2020,False,,0.531,0.0843,0.9229999999999999,0.23399999999999999,95.85
4lVrYnQMv3kyPqvH8Hda9o,Moon Spell,['4 Star View'],375980,2020,False,,0.397,0.201,0.8029999999999999,0.145,85.17
5YEGFGqgL8S9SXrtur19mR,Platinum Falcon,['Guapdad 4000'],150286,2020,True,,0.9570000000000001,0.825,0.10400000000000001,0.9309999999999999,132.067
5hiZVBhInHzefK3Xv2xEjU,Greedy,['Guapdad 4000'],157563,2020,True,,0.8640000000000001,0.535,0.0449,0.825,128.02
5IckhJATD1gMHqzpcU0a53,Dolce & Gabbana Dalai Lama,['Guapdad 4000'],203984,2020,True,,0.802,0.565,0.10099999999999999,0.442,86.009
2hUT7DOyabi7GM2yiBy3Ab,Embezzle (feat. Jigga Juice),"['Guapdad 4000', 'Jigga Juice']",178901,2020,True,,0.778,0.7190000000000001,0.0125,0.474,127.944
3CR6chcKIwpoYVUFRjGJkV,Peanut Butter Pootie Tang,['Guapdad 4000'],205350,2020,True,,0.7659999999999999,0.565,0.39299999999999996,0.47700000000000004,88.90899999999998
1awKFdswWnFNPAdIbR7PES,Trade Places With Them Jeans,['Guapdad 4000'],139814,2020,True,,0.539,0.5479999999999999,0.627,0.385,172.012
0yFI0nUMJg9FSmDiI84gqZ,A Little More Stout,['4 Star View'],199967,2020,False,,0.517,0.254,0.946,0.35,128.3
6v7C56IbGbNA5etlliUtJL,The Whole Ride Home,['4 Star View'],197904,2020,False,,0.519,0.32799999999999996,0.9490000000000001,0.474,100.361
2Up3lDMc6W9x9fLcmWHYVY,Even Ghosts Cry,['4 Star View'],206393,2020,False,,0.4370000000000001,0.537,0.888,0.435,102.95100000000001
2vbsguZGPFIEliwXsDPwil,Cedar Grove Days,['4 Star View'],242991,2020,False,,0.345,0.254,0.932,0.14400000000000002,179.701
0KWCoiMELzOcTDwVqJCvXu,Funny Thing About Distance,['4 Star View'],244140,2020,False,,0.41700000000000004,0.235,0.912,0.201,147.63299999999995
0ikJAoYqNi0ortI28WDuJG,J.I.T.,['4 Star View'],235807,2020,False,,0.565,0.43799999999999994,0.9440000000000001,0.444,111.994
04j7mpMMAp5Cdk2Ey240Fl,Poker Face,['4 Star View'],345496,2020,False,,0.45799999999999996,0.27699999999999997,0.872,0.13699999999999998,102.285
7EQyZaPFmioguxh0tdIIn6,Tabitha 16-22,['4 Star View'],186593,2020,False,,0.5479999999999999,0.45,0.899,0.42200000000000004,104.887
01axdpYEXfFnb6AssUgm4H,Our Favorite Pastime,['4 Star View'],259344,2020,False,,0.608,0.302,0.9670000000000001,0.38,77.595
29SZ5AD1HXRPwBx8uHWHNB,Next Time I Die,['4 Star View'],219585,2020,False,,0.44799999999999995,0.264,0.987,0.0899,123.81299999999999
1tCiZAKtqxwl9yonqGnD0C,My Cheated Heart,['4 Star View'],137535,2020,False,,0.484,0.5479999999999999,0.9390000000000001,0.495,96.285
6cvQszTWSDzg5WmIC1t3tc,Mary Beth (Broken Call Button),['4 Star View'],302211,2020,False,,0.5479999999999999,0.306,0.937,0.374,85.74
6ST03P505GxwEIGwJt2BDF,Natalie S&t,['4 Star View'],272771,2020,False,,0.41,0.386,0.938,0.353,68.622
71RK0PZ02Uck6ybA34DbQS,Red Light Lovin',['4 Star View'],98456,2020,False,,0.625,0.307,0.941,0.386,96.323
7tv6kRvJ910JuKyl8TPgP0,The Acting Life,['4 Star View'],276558,2020,False,,0.396,0.29600000000000004,0.9129999999999999,0.27699999999999997,89.035
4c2gN4CKzNiJAO3o7rbeET,Waiting for His Taillights to Return,['4 Star View'],288522,2020,False,,0.5489999999999999,0.36200000000000004,0.8909999999999999,0.386,106.919
5xcdWGyWiuUhMedq4FKxAS,Searching...,['4 A.M.'],130508,2020,False,,0.479,0.865,0.677,0.467,159.967
0OzInFC2UBEHHYTs2cEjso,"Lost, Not Found",['4 A.M.'],153610,2020,False,,0.599,0.495,0.953,0.0797,124.99799999999999
3DBJRu1pAQfzNtVLKoYo6d,Moonlight,['4 A.M.'],203302,2020,False,,0.488,0.484,0.7190000000000001,0.168,85.009
554qnnGxkUXGRkhBjK9Kd8,Am I Alive?,['4 A.M.'],195438,2020,False,,0.703,0.465,0.765,0.10400000000000001,140.063
3X3FvWEW0Alkdin58EMeMd,Remedy,"['4 A.M.', 'Louie Mikal']",174000,2020,True,,0.785,0.452,0.7170000000000001,0.23,80.017
7yIo5MfwTjsiOx99roa70O,Bump,"['4 A.M.', 'Taliyah Kao']",39701,2020,False,,0.479,0.518,0.892,0.465,117.383
5DSx7JZZB2nkUl5yfXsm1l,Limbo,['4 A.M.'],150000,2020,False,,0.377,0.499,0.857,0.22399999999999998,159.829
4zANmcrUtfV9f4Ut3oSdQt,4:15,['Yuki'],160445,2018,True,,0.583,0.638,0.33,0.193,146.05700000000004
4SozBq05fUup6etltFW90P,Absent Daylight Savings,"['4 Star View', 'Anna Powers']",239752,2020,False,,0.47200000000000003,0.218,0.975,0.198,140.73
5431Go7fAOKapjLf49FrJh,Back,['4 Star View'],256366,2020,False,,0.48,0.441,0.8859999999999999,0.33899999999999997,88.125
6YAfvALSr7ZHVqzOlG2bTP,Bridesmaid,['4 Star View'],283011,2020,True,,0.58,0.24100000000000002,0.97,0.318,102.825
0gxZ2ETIsTKZQZtYJNQSBx,U Plus I Equals X,['4 Star View'],174942,2020,False,,0.426,0.0946,0.963,0.292,77.661
7FglhJwFEK0yyPFecCFEwN,Icarus Wings,['4 Star View'],420545,2020,False,,0.429,0.314,0.9259999999999999,0.106,89.53200000000002
6G0VBEeOJs9P2b4JXi9zlm,Nothing Remains,['4 Star View'],269113,2020,False,,0.586,0.42100000000000004,0.9640000000000001,0.402,126.43700000000001
7AW42Ckyq4Hs8h6fboPuOl,Of the Unknown,"['4 Star View', 'Adam Sessums']",134975,2020,False,,0.5579999999999999,0.326,0.165,0.265,97.69
3F9HF4lCVaJtb9rMnEC73l,Roll Again,['4 Star View'],275984,2020,False,,0.419,0.293,0.836,0.276,55.916000000000004
3za9JvqiZzkbZcqz7Obb82,Laws of Physics,['4 Star View'],179566,2020,False,,0.461,0.153,0.9540000000000001,0.221,88.34100000000002
04joDObNBPUWIg8XOkBvX3,Green Eyes Close,['4 Star View'],141166,2020,False,,0.386,0.14300000000000002,0.986,0.289,94.139
6qkSa9Z3h9gO90VUng8ruM,This Side of Romance,"['4 Star View', 'Anna Powers']",185365,2020,False,,0.56,0.45899999999999996,0.9209999999999999,0.5579999999999999,104.977
5LsnA0VZKGq0NpGPU3OHXk,40000 Years BC,['Gyan'],332093,2003,False,,0.426,0.501,0.203,0.165,129.85399999999998
5evzA6ccOYwzS2lY8uhnt3,4543 (Altermix),['KONGOS'],177041,2019,False,,0.5820000000000001,0.28300000000000003,0.767,0.21,135.041
6LauBLL28h8vWfwE5rUkZB,4543,['KONGOS'],174987,2019,False,,0.6629999999999999,0.428,0.447,0.374,135.07299999999998
74xQIE9IbMQXMOLfXbsmGY,Wonderland's Broken Dream,['4 Star View'],238289,2020,False,,0.485,0.142,0.9229999999999999,0.449,102.413
3VbinzbB0zneLrpU3Uigz0,And So,['4 Star View'],321698,2020,False,,0.309,0.0633,0.9790000000000001,0.17800000000000002,183.997
4s1KCf3SYwNmbACAFN5bAS,Chicks Dig Nautical References,['4 Star View'],215301,2020,False,,0.47100000000000003,0.188,0.9790000000000001,0.161,117.238
3BUmx957d5vzqbgQMFqGH6,Rakta Moksha,['4 Star View'],197198,2020,False,,0.507,0.157,0.927,0.344,95.661
2RuLPWJJu4wmAHWPPgzvnK,Closing Time Waltz,['4 Star View'],268852,2020,False,,0.637,0.303,0.99,0.32899999999999996,80.788
1DAbSgCRWMoGrZH9dT5rIK,The Row's Hymn,['4 Star View'],182883,2020,False,,0.397,0.2,0.9520000000000001,0.11599999999999999,157.14700000000005
4mECz8z3pj0g0Frac58yTm,Family Ties,['4 Star View'],147200,2020,False,,0.46799999999999997,0.16,0.9790000000000001,0.184,135.655
5G88Wz1XY8FNTxPndKQ1dU,Means to the End,['4 Star View'],273084,2020,False,,0.447,0.21600000000000005,0.972,0.12300000000000001,74.37899999999998
3VDIHiSkMrLBVFJFnxRxTw,Was Your Father a Thief?,['4 Star View'],259683,2020,True,,0.44299999999999995,0.183,0.958,0.262,144.298
6hc8XFE19iUbf4SRQPJ0Ue,Monster Mashed Peas,['4 Star View'],290429,2020,False,,0.604,0.115,0.92,0.266,114.99600000000001
2RqPqGA1KzRToPjvw5NimN,Melinda's Changing Currents,['4 Star View'],212584,2020,False,,0.516,0.156,0.865,0.174,82.963
3xdzznVCyJrXCDYXDATeDS,400 Years,['Celly Cel'],198779,2020,True,,0.836,0.7959999999999999,0.0105,0.617,84.044
7LflQJEbLUdkPtkgnfroCt,Work Buss Down,['4snhs J Will'],170841,2020,True,,0.856,0.615,0.584,0.433,117.995
3NVIz0leOLaFESdYGDa1kT,P.O.T.U.S.,['4snhs J Will'],134060,2020,True,,0.862,0.5429999999999999,0.685,0.605,128.967
4O6FJdgVS9MiYSE1WpaIC5,Outta Here,['4snhs J Will'],175935,2020,True,,0.823,0.599,0.259,0.52,119.977
0QKvJAqisPZE2DV420hod4,By My Side,['4snhs J Will'],168307,2020,True,,0.65,0.708,0.24600000000000002,0.342,162.07399999999996
0CUd2kYstrLnySzj6wnHOs,As You Were,['4snhs J Will'],146051,2020,True,,0.831,0.593,0.257,0.231,117.98899999999999
1urrgi3PixKXjrRMtyemcT,Head to the Sky,['4snhs J Will'],175673,2020,True,,0.733,0.639,0.307,0.382,156.013
0MhCBpQd6yNM7e331D2fmm,Talk To' Em,['4snhs J Will'],121391,2020,True,,0.615,0.597,0.237,0.303,126.604
4GiwuxZQDbsyvlNwvlQol5,S. Cooke,['4snhs J Will'],171860,2020,True,,0.615,0.667,0.36200000000000004,0.507,145.366
1h0j7t439opnTOGECm6LHW,Going Up,"['4snhs J Will', ""Jizzle Get' Em""]",226011,2020,True,,0.7020000000000001,0.602,0.12300000000000001,0.41700000000000004,76.515
0E5TFphUGcbQG8nVDPnlYJ,Bring the Pain,['4 Star View'],190276,2020,False,,0.598,0.0449,0.9790000000000001,0.361,126.87100000000001
3wtUWdrKWTevTpQc16hql6,No Noise,['4 Star View'],259291,2020,False,,0.435,0.0685,0.961,0.299,90.736
4ffngW5vcVGehLso9yPjw5,Seashells and Rice,['4 Star View'],215301,2020,False,,0.506,0.125,0.945,0.23399999999999999,129.148
6kqddQ2vvxRZpQ2KipkGK8,Oscar Bravo,['4 Star View'],196493,2020,False,,0.5529999999999999,0.105,0.961,0.27399999999999997,137.365
7n9VFtUDawofqfPG3TpMbc,Sack of Ilium (Nero's Violin),['4 Star View'],270681,2020,False,,0.44799999999999995,0.326,0.46399999999999997,0.18,93.94200000000001
1Dw5hRFChI7tZRxdSvJbTX,Puddles of Neon,['4 Star View'],364095,2020,True,,0.44799999999999995,0.36200000000000004,0.226,0.40399999999999997,132.881
6IsmVLn276a7eWupEUKR9Y,Swandering,['4 Star View'],256653,2020,False,,0.435,0.07,0.778,0.221,73.02600000000002
1dvCIMO8quBTAlgA4t2S1B,The Mist Retreats,['4 Star View'],193358,2020,False,,0.475,0.228,0.518,0.519,81.35
5U06nxehdZuRMnxCa6KhYi,Katherine Kenton's Lifetime Achievement Award,['4 Star View'],404271,2020,False,,0.4370000000000001,0.184,0.451,0.18600000000000005,104.22200000000001
04L6gXU4pP6Jlay0w6sOU2,Soul's Drain,['4 Star View'],307644,2020,True,,0.479,0.261,0.6609999999999999,0.47,138.105
2qouqJdi6eUFlk5Z3Gplwt,Easy Target,['4 Star View'],292571,2020,False,,0.5479999999999999,0.146,0.608,0.307,135.297
54JPWB1MouUxtLtDPguZGw,Pioneers (Astronauts and Kaintucks),['4 Star View'],239438,2020,False,,0.365,0.502,0.904,0.4,88.74700000000001
7D1sFHULeVlgedaTZRjfkc,Death's Domain,['4 Star View'],187455,2020,False,,0.42100000000000004,0.27399999999999997,0.384,0.281,167.65400000000002
4PabE56MNeXnPH4H4GD9NO,Heartfelt Habit,['4 Star View'],201822,2020,False,,0.555,0.439,0.452,0.467,113.876
49MfTewlH5MQ1SSNN4pExk,A Brave Man Reposes in Death,['4 Star View'],294740,2020,False,,0.499,0.226,0.662,0.263,138.31799999999998
0wdPAtZqXwlnRBmZNDEkeP,40 Days,['TEC'],144320,2020,True,,0.731,0.5379999999999999,0.0235,0.633,81.929
6WwHPgdGX4dIZ0WXGuCYKE,4 Good Reasons,['Solence'],197100,2020,True,,0.599,0.8270000000000001,0.00022799999999999999,0.649,106.024
2MRVjU8yMwCv53QbjzVOvR,Mary's Little Boy Child,['All-4-One'],270027,2019,False,,0.769,0.423,0.153,0.474,126.152
6Bf1AlPp2yVLzkw4mhNpON,4U,['Tommy Trash'],259048,2020,False,,0.649,0.9890000000000001,0.217,0.21100000000000002,126.04700000000001
7aHzqC8YsUCTFLef4o6D2J,4am Flow,['Landlord Lo'],128261,2020,True,,0.8959999999999999,0.637,0.326,0.845,122.021
7fpYGfBTfToHEOT9My2dkQ,Simile of a Smile,['4 Star View'],228153,2020,False,,0.40700000000000003,0.237,0.96,0.284,90.95700000000001
5ci9c0BZNtzaZfcDfqEx5n,Unwritten,['4 Star View'],259579,2020,False,,0.513,0.245,0.9420000000000001,0.18100000000000002,141.862
6NZLG3WGXDWjdOn94ON0H9,Jacob's Army,['4 Star View'],332878,2020,False,,0.419,0.175,0.983,0.21,109.065
0LcpMnYbl3YxHvGydylWNm,This Is Real,"['4 Star View', 'Adam Sessums']",272692,2020,False,,0.511,0.737,0.131,0.23600000000000002,149.907
7vuojaY9ezU9CoUwmgPtTk,Closer to Thee,['4 Star View'],203442,2020,False,,0.444,0.18899999999999997,0.9309999999999999,0.40299999999999997,123.584
3LbynnqOuBE41UIZEUZAAr,The Awakening,"['4 Star View', 'Adam Sessums']",187063,2020,False,,0.591,0.537,0.26,0.511,105.652
7a1zq5p1cWtxMYuLfALbzo,Safehouse,['4 Star View'],163344,2020,False,,0.542,0.223,0.915,0.33,108.569
7N34SWwu9k5Mvan1c5e7Yc,Shattering the Legacy,['4 Star View'],305345,2020,False,,0.563,0.0819,0.657,0.235,137.619
24zcUUCtaTdphzIXGjqiup,4 Different Skits,"['Mozzy', 'Marco Mula']",186693,2020,True,,0.638,0.792,0.245,0.345,118.16
5hSYsHzImOhHJTkEAD6LPq,Deadline,"['Project 46', 'Gemellini']",380640,2011,False,,0.8340000000000001,0.603,0.00515,0.066,127.98299999999999
3Ar5nz9BwGB086Y3fQ8tfy,Intro,"['2Pac', '40 Cal.']",72093,2005,True,,0.7240000000000001,0.59,0.0115,0.575,93.90700000000001
6T2Cc5QtGrbDa4eFPSkexr,Shine for Gold,['4 Star View'],309891,2020,False,,0.32799999999999996,0.23,0.925,0.13699999999999998,73.545
78uXdvZTCFeVofVynaUYSa,Tuesday Matinee at the Lyric,['4 Star View'],123141,2020,False,,0.423,0.23199999999999998,0.935,0.317,135.912
5LrjsrRzVkRyTo0rJW4rTH,The Currency of Strangers,['4 Star View'],228232,2020,False,,0.363,0.3670000000000001,0.638,0.469,174.84
2OqUlkOUfcGvc40rHm9OLf,Ballad of the Gentleman Pirate,['4 Star View'],202710,2020,False,,0.502,0.21600000000000005,0.608,0.314,128.379
6UBA3Dt87nNahXWwCKxS2c,Hard Pressed,['4 Star View'],141871,2020,False,,0.369,0.315,0.511,0.239,180.908
5wwvY0fUprsOdFClqv8WyJ,Notions,['4 Star View'],246100,2020,False,,0.467,0.18100000000000002,0.851,0.252,106.68799999999999
6zgVOzGcQhcnaoa9intvoW,To My Friends With Daughters,['4 Star View'],229276,2020,False,,0.392,0.215,0.935,0.321,143.642
1WeDOiwNmHyaGWuWMpq5jA,Tonight's Beau,['4 Star View'],204434,2020,False,,0.38299999999999995,0.162,0.92,0.37799999999999995,195.02200000000002
3ZvnIAsCGkzJGtwWrxVGyc,Springtime in DC,['4 Star View'],191242,2020,False,,0.507,0.301,0.6729999999999999,0.452,146.30200000000005
1TjxCTNpb1gJ5LDLqQY1sN,Dr. Stephanie and Walter Forever (Space Walrus),['4 Star View'],226586,2020,False,,0.434,0.253,0.9179999999999999,0.32299999999999995,118.196
1EUwfUAbnL86Te7yLKToS6,Bouncers and Crashers,['4 Star View'],142446,2020,False,,0.536,0.0875,0.662,0.379,84.774
6OBc1aiIi2sdBJQoKpqAU1,Gen y Trophy Wife,['4 Star View'],291474,2020,False,,0.5489999999999999,0.21600000000000005,0.884,0.434,92.991
4b9XS6ccU2jKxG0QxHMhjz,Notions - Demo,['4 Star View'],75546,2020,False,,0.425,0.0535,0.7879999999999999,0.265,100.31700000000001
1sbBS3RzSgSMZWJi1DrJAL,#46,['Ripatti'],490091,2014,False,,0.627,0.509,0.00031299999999999996,0.311,154.862
5xZJehAnzZdi1lYTv6bvCl,.44,['Bizzy Bone'],217720,2020,True,,0.6940000000000001,0.5529999999999999,0.0212,0.373,140.128
6UggKdwuHsXAy7OdrcnUOO,4 Moccasin Game Songs: Ye'iitsoh Song / Counter Stick Song / The People of Lukachukai / Pinyon Jay song (medley),['Unspecified'],177867,1992,False,,0.684,0.0573,0.983,0.557,100.405
53Cm8pXXCFC3rPukC5qdr5,4 A.M.,['Herbie Hancock'],321973,2007,False,,0.447,0.629,0.5670000000000001,0.344,115.984
5qdCsd05UUdtAsAtET9gxV,4th Dimensional Transition,['MGMT'],238013,2007,False,,0.381,0.9390000000000001,0.042,0.335,159.97
1YX1sUd6iORJneBUfRcZI6,I Can Love You Like That / I Swear Medley,['All-4-One'],311427,2011,False,,0.32299999999999995,0.439,0.6609999999999999,0.332,89.52
1hWACGAG4oVp5ByEJ15tJB,Fear Intro,['4rAx'],54300,2020,True,,0.695,0.691,0.209,0.0837,103.68799999999999
0bHJtrsNBtfbRTjKdtAYe4,4 rAx,['4rAx'],188771,2020,True,,0.674,0.8079999999999999,0.006670000000000001,0.6920000000000001,178.06099999999995
6O7qk2g0W8SLuNYmdAGmRI,Cobain (feat. Keak da Sneak),"['4rAx', 'Keak Da Sneak']",276423,2020,True,,0.6629999999999999,0.642,0.0012699999999999999,0.156,86.51799999999999
2r4b1YnQYhHVMbYSZHk6W1,Kick It Off,['4rAx'],204512,2020,True,,0.7090000000000001,0.7,0.000999,0.114,90.45
41E2MHRGkT0RMvd9x3v9Sa,Fear Me (feat. J. Stalin),"['4rAx', 'J. Stalin']",280257,2020,True,,0.7490000000000001,0.611,0.0246,0.647,90.012
6pNyiekYiAsHXIHp1paM8i,You Can't Tell Me,['4rAx'],221313,2020,True,,0.5579999999999999,0.782,0.0081,0.44,86.1
4Qv6jRtXwjH7RH0zC35TnI,They Luv It,['4rAx'],225147,2020,True,,0.626,0.7509999999999999,0.0119,0.316,79.96300000000002
3VdBVhkTL3lC9tOCzU019V,Standin Up,['4rAx'],228638,2020,True,,0.462,0.731,0.00988,0.522,80.17
6BZznR50LHnU9rZULNLc8m,Django,['4rAx'],242509,2020,True,,0.6759999999999999,0.696,0.003,0.278,87.588
5V3LqxIPuI3rxdehQT4adk,Soul Stealer (feat. Curcinado Da Don),"['4rAx', 'Curcinado Da Don']",257752,2020,True,,0.58,0.7190000000000001,0.053,0.46299999999999997,74.497
0mh0VIfLbk90k1kclfvf4o,You Aint Made Enough (feat. Richie Rich),"['4rAx', 'Richie Rich']",231964,2020,True,,0.6459999999999999,0.664,0.0063,0.446,88.973
76gDAuUalInU1JCMfXgqa6,Scars,['4rAx'],267384,2020,True,,0.63,0.6579999999999999,0.0403,0.214,80.42399999999998
1gMmGiBnWudutJ316ue0yU,Back To The Throne (feat. Yukmouth & G-Stack),"['4rAx', 'Yukmouth', 'G-Stack']",287084,2020,True,,0.642,0.644,0.0038399999999999997,0.308,87.88799999999998
5NlKjZP6GcD56l70qLIPW3,4ch,['Moneybagtay'],237845,2020,False,,0.518,0.759,0.11699999999999999,0.617,89.875
4Mo6oP1yeMChV6gt38CRPG,Calamine,['4 Star View'],155424,2020,False,,0.42100000000000004,0.237,0.8640000000000001,0.611,73.032
5oQhubtNTMFW0CETY7Hhet,"Hank, Elvis, and Kurt",['4 Star View'],245712,2020,False,,0.447,0.174,0.851,0.312,110.066
7bOhFOivJQWva5DByAs0cp,Little Hands,['4 Star View'],140256,2020,False,,0.517,0.332,0.7020000000000001,0.7809999999999999,78.78399999999998
2MsfOvafXUVlRrCftpwBB3,Another Mausoleum,['4 Star View'],263520,2020,False,,0.5479999999999999,0.11599999999999999,0.8420000000000001,0.221,129.035
16qtyLUVbySea0H0FMfyYA,Brevard County Mating Call,['4 Star View'],293328,2020,False,,0.5589999999999999,0.155,0.885,0.478,122.586
6nsYerGFzzN19Zgb0x1Uri,Aurora Rises,['4 Star View'],222380,2020,False,,0.371,0.0936,0.885,0.221,83.572
407iDAEKLErzEv4lX3yyLW,One Mile Past,['4 Star View'],238968,2020,False,,0.527,0.233,0.797,0.39399999999999996,122.906
5CwaZX5TC1C2PmtDrz4zuL,This Seems Healthy,['4 Star View'],235233,2020,False,,0.483,0.17300000000000001,0.8240000000000001,0.10300000000000001,127.318
7g3dsXLanOGG2le3Vuk4NZ,Cape Cookie Confessions,['4 Star View'],297770,2020,False,,0.38799999999999996,0.11699999999999999,0.856,0.306,137.36700000000002
7fCbwX5RV9tIDB8QVQSfPv,Two Sisters of Brevard,['4 Star View'],400536,2020,False,,0.485,0.193,0.865,0.5589999999999999,143.243
6ixUwO1Pl8zzpbn3xxmrIg,Sociopathic Doo-Wop Blues,['4 Star View'],233688,2020,False,,0.502,0.177,0.823,0.451,68.071
2oCkazQqgrAynQJmguJT6I,Ginnungagap,['4 Star View'],182952,2020,False,,0.449,0.0895,0.91,0.37799999999999995,118.51
2BzUf9MZgxNMKnOYMDhd0H,A Florida Cracker Christmas,['4 Star View'],198912,2020,False,,0.525,0.109,0.873,0.4320000000000001,83.90899999999998
38pLMDKvcIjPPEX5ISB8Jy,4:47am,['Hook'],108000,2020,True,,0.529,0.636,0.371,0.565,109.41799999999999
1hIXUMCL2Pzg7PO12TPPxl,4shanbeh Soori,['Alin'],243827,2020,False,,0.6990000000000001,0.899,0.0165,0.406,127.98200000000001
0vE83hbgyJwhLrilUyB6bu,4 Da Trap,['645AR'],95502,2020,True,,0.635,0.589,0.52,0.39399999999999996,142.049
5uKa7JBa5NKWAtnqmreF7S,Letter to a Friend in the West,['4 Star View'],260448,2020,False,,0.425,0.16,0.644,0.187,166.132
2MqTo5OqRWFGLeLB0idec2,The P-Hatch,['4 Star View'],97750,2020,False,,0.457,0.11900000000000001,0.688,0.608,83.215
1ifplW6HAdo4FOxXPymn2E,Somewhere South of Memphis,['4 Star View'],176379,2020,False,,0.42200000000000004,0.14,0.773,0.3720000000000001,112.965
3gPHbfgQSnCk6BbXOWPuV5,Furlough,['4 Star View'],399856,2020,False,,0.4970000000000001,0.284,0.517,0.39399999999999996,98.945
1DyXV7yVvGAvOOtdN1ONY5,Long Time Coming,['4 Star View'],236232,2020,True,,0.44799999999999995,0.111,0.83,0.249,134.31799999999998
42ti42x6Re7FJw6HhdXwDG,Golvania Suite 0 (Priscilla and Thomas),['4 Star View'],316848,2020,False,,0.5,0.133,0.6920000000000001,0.489,89.229
6hvZSJTW5P7sVDIIdhflaF,Golvania Suite 0.5 (P&t Score),['4 Star View'],68415,2020,False,,0.547,0.0763,0.996,0.5479999999999999,95.491
4xxToPOeSnbSNbBtS0Hm1o,Golvania Suite 1 (Village Anthem),['4 Star View'],69224,2020,False,,0.4,0.13,0.929,0.39799999999999996,112.037
13HYYy9217I3rFh4zXUFqZ,Golvania Suite 2 (the Storm),['4 Star View'],144718,2020,False,,0.579,0.256,0.902,0.765,136.119
5ouGEyszHZRy2tS9Xq5ZGh,Golvania Suite 3 (Fitzbilly's Cave),['4 Star View'],216432,2020,False,,0.611,0.165,0.894,0.513,95.199
0Pr4vPnme95fz97P3cnHPd,Golvania Suite 4 (Aescher Joins the Quest),['4 Star View'],319817,2020,False,,0.43799999999999994,0.20600000000000002,0.835,0.184,110.087
4UYczxu8fjH3P9zGG0mavk,Golvania Suite 5 (Planning and Preparation),['4 Star View'],150168,2020,False,,0.431,0.19699999999999998,0.9620000000000001,0.364,93.527
7tOduYULrlNZvnyY201SCD,Golvania Suite 6 (Teamwork Works),['4 Star View'],272562,2020,False,,0.38799999999999996,0.0654,0.951,0.27399999999999997,128.864
53nyOGOAlSUs4NZjx3B8Bb,Golvania Suite 7 (Powers Collide),['4 Star View'],249264,2020,False,,0.381,0.0608,0.977,0.213,81.889
3b9dAAQhh7BMyUio0unqDA,Golvania Suite 8 (Feast and Farewell),['4 Star View'],271152,2020,False,,0.521,0.14800000000000002,0.904,0.44,114.77
7Gt9Clf3wpAZiwOye5Mxif,Golvania Suite 9 (Down in the Valley),['4 Star View'],197956,2020,False,,0.456,0.13,0.902,0.28300000000000003,128.97899999999998
3tW103jGgZEvCd9yRSlQxm,4 Piano,['Processor'],168000,2013,False,,0.203,0.128,0.909,0.0379,59.942
7FmfHMonWXDGakhLBMxzb2,42,['Processor'],205714,2015,False,,0.62,0.698,0.00322,0.14800000000000002,125.971
6A0G7EFyjkJu0T1vxNeTlx,4evatrill,['Bishop'],252865,2020,True,,0.769,0.44299999999999995,0.695,0.474,74.411
4v2MJ1gEdYRwa8dBGsmOfc,4AM,['ZAYSAVAGE'],68567,2020,True,,0.769,0.42100000000000004,0.535,0.371,83.90700000000002
47SnKKrqCnW6BiF877CQBK,I LOVE ME,"['4s4ki', 'Masayoshi Iimori']",131200,2020,False,,0.547,0.8059999999999999,0.0449,0.579,150.05
03eODVb2CgYiTJy1vgI3SL,monmon,"['4s4ki', 'Masayoshi Iimori']",143220,2020,False,,0.7559999999999999,0.7240000000000001,0.0636,0.5760000000000001,124.994
2HIohAQjYHIubYdGupAOH7,Cat Jesus Cat,"['4s4ki', 'Masayoshi Iimori']",166542,2020,False,,0.6729999999999999,0.875,0.19,0.0594,106.978
2Y74DfxUwNG7RrLj4MEl8G,35.5,"['4s4ki', 'Masayoshi Iimori']",220235,2020,False,,0.465,0.997,0.0036200000000000004,0.5529999999999999,169.99099999999999
6qIdkU2bP4qLwWenGDAS0Q,Liar,"['4s4ki', 'Masayoshi Iimori', 'CVLTE']",185800,2020,True,,0.593,0.903,0.17800000000000002,0.496,150.047
23znGO6JPzCfdqQQI2moLw,Your dreamland - Ill Japonia Remix,['4s4ki'],224824,2020,False,,0.349,0.6759999999999999,0.00609,0.21899999999999997,100.072
1uPYzyAw4m2IP88H9CI56b,NEXUS - Miraie Remix,"['4s4ki', 'rinahamu']",220611,2020,False,,0.5770000000000001,0.815,0.27899999999999997,0.557,135.04399999999998
2dFQhq5GP4qAimYb48Coze,Rackz,['4GAuto'],170711,2018,True,,0.778,0.591,0.009179999999999999,0.409,147.34799999999996
22wWDgF4Hm2Q0FPgBEcSQg,With or Without You,"['48th St. Collective', 'Deborah Dixon']",187613,2012,False,,0.733,0.4270000000000001,0.604,0.397,119.935
0EZmTdGfuEFKp4sq0oeaav,Shine on You Crazy Diamond,['48th St. Collective'],162760,2014,False,,0.373,0.413,0.48700000000000004,0.311,118.255
1GSone9r9FLlmUmVxmiu6t,4 AM,['Rande'],195335,2020,True,,0.456,0.44299999999999995,0.494,0.409,82.575
7wVTAHBgqvTNYBLxksuURy,48,['Michigander'],139828,2020,False,,0.45899999999999996,0.359,0.9209999999999999,0.384,84.603
38Gi3L8vAzmnqt5qhsclhc,4th Density,['crewZ'],200526,2018,True,,0.698,0.8190000000000001,0.023,0.727,151.986
4i0ISa0KhKjqYYcDq0bb4m,42 Shots,['Gmmkrome'],128601,2020,True,,0.5479999999999999,0.6709999999999999,0.493,0.257,80.304
1N8ayW7UKQ7gtiVr57yhBd,4,['$NOT'],137760,2020,True,,0.718,0.604,0.252,0.7040000000000001,76.93
74vgtXl9E6ImT98kTzXLGK,Banks Of The Hudson,['Black 47'],300800,1991,False,,0.508,0.848,0.0282,0.72,134.13
2MywegIAsrZiSQGbk3zyAT,Rockin' The Bronx,['Black 47'],275587,1991,False,,0.493,0.752,0.0781,0.7829999999999999,87.164
00w0O9ABc0DIKJtbAcjEpR,Desperate,['Black 47'],267253,1991,False,,0.654,0.599,0.0757,0.915,144.88
3nQ3RQbT8JhoLlLLnIH5q6,Funky Ceili (Bride's Song),['Black 47'],256240,1991,False,,0.506,0.7879999999999999,0.147,0.8140000000000001,173.98
7zfIoXi96oWRJF3KWjd9Wx,Fanatic Heart,['Black 47'],390027,1991,False,,0.41,0.593,0.0789,0.22899999999999998,84.92299999999999
2OGdUGP7gtMSwQ3NN9jEIs,40 Shades Of Blue (For Kevin Wherever You Are),['Black 47'],346333,1991,False,,0.462,0.615,0.534,0.58,133.726
3MdddEdcm5MWGv2eZzi2u0,James Connolly,['Black 47'],358813,1991,False,,0.5760000000000001,0.7340000000000001,0.006540000000000001,0.381,116.04700000000001
7xwdE7vbFkh4AhuLNY9p18,Blind Mary / Her Dear Old Donegal (Sleep Tight In New York City),['Black 47'],515560,1991,False,,0.48,0.467,0.366,0.182,95.04
0O2XRLzjJo995lQ3yBJAAR,Livin' In America,['Black 47'],338827,1991,False,,0.593,0.7979999999999999,0.00774,0.557,104.99700000000001
3iHHkERZGuhizzqeaVI7O7,Land Of DeValera,['Black 47'],268427,1991,False,,0.731,0.7509999999999999,0.0111,0.9520000000000001,133.079
0PGbKug3YPfhDW3ivwcJVt,Paddy's Got A Brand New Reel,['Black 47'],212960,1991,False,,0.63,0.741,0.000145,0.564,90.219
4iuK6fa57g7yOUP87gerfT,445,['637godwin'],156582,2020,True,,0.8059999999999999,0.634,0.0218,0.4920000000000001,80.553
7nFalyVTJqCDAfs4trAvaE,4th Of July,['Money Money'],190133,2005,False,,0.4920000000000001,0.7809999999999999,0.0008880000000000002,0.61,167.024
2V1lFIrEdMgYEHfdCjzDWU,Verses of 528,"['crewZ', '4biddenknowledge']",407303,2019,True,,0.59,0.659,0.298,0.569,115.83
1bbWbxRbICBjpfPsug8dQ3,452 (Intro),['Nill'],72000,2017,False,,0.503,0.6559999999999999,0.8590000000000001,0.461,71.538
3Rxi0aHqxkYPVjhybKsEkV,Intro 427,['427'],200064,2019,True,,0.541,0.466,0.442,0.0524,96.069
2kp315SdjHknqefvl4daee,Fauché,['427'],193358,2019,True,,0.718,0.52,0.42100000000000004,0.529,85.005
70hz6HNM2fVcFVSjv8FL0J,Hésitation,['427'],228284,2019,False,,0.841,0.434,0.364,0.562,80.02600000000002
69SSVqQsA0EGnu6JGINcah,2en1,['427'],76857,2019,True,,0.802,0.504,0.7140000000000001,0.657,88.579
3GzSGbUBhzNqzPqnYOFhhW,09 Janvier 2019,['427'],221309,2019,True,,0.9209999999999999,0.314,0.0441,0.109,112.992
5ygyDQXElp5QBbGbh2FNto,Action Réaction,['427'],168515,2019,True,,0.7170000000000001,0.27399999999999997,0.877,0.08900000000000001,114.086
67RD0JdefsEzN0bwSMYIxJ,Cognard,['427'],102795,2019,True,,0.889,0.593,0.315,0.769,95.979
2DBHA90Cfr1YJrazkHPuUL,Outro 427,['427'],128235,2019,False,,0.5,0.309,0.287,0.0839,85.64
6Pu51PlqImuQm3y7oV3Zol,Drop the Needle,['.44 pistol'],80360,2011,False,,0.626,0.413,0.213,0.858,94.896
0FV3XUYNDNnFW5BfczlvmO,Salvation,['.44 pistol'],180347,2011,False,,0.667,0.8490000000000001,0.28300000000000003,0.812,109.148
0mGg5BPRTLEEsO5GwZd4Jj,Ol' Time Country Blues,['.44 pistol'],235227,2011,False,,0.4270000000000001,0.677,0.21899999999999997,0.7559999999999999,92.898
0iRG71ZQmBpaevOXAqIvYn,Good Morning Blues,['.44 pistol'],241413,2011,False,,0.5589999999999999,0.586,0.47,0.695,89.43
5wafekfGBpqaD4m3DnNB6Q,Could Say the Same,['.44 pistol'],185653,2011,False,,0.5429999999999999,0.8009999999999999,0.191,0.74,120.53299999999999
1DgDKJ9fSQpCooBMmjqbPB,Call My Name,['.44 pistol'],215173,2011,False,,0.55,0.932,0.0263,0.36200000000000004,114.976
48VHGimkHsh5BSXHaaSKtu,Future Blues,['.44 pistol'],246973,2011,False,,0.461,0.9179999999999999,0.597,0.726,205.81900000000002
45tEnhLBNcgODVFuJv32F1,Send You Back To Georgia,['.44 pistol'],214333,2011,False,,0.4970000000000001,0.831,0.585,0.6940000000000001,101.91799999999999
6KzzRzzVof4IxYIGnLbmGz,Keep Rockin,['.44 pistol'],265253,2011,False,,0.626,0.772,0.368,0.8240000000000001,99.93799999999999
5QLvw0OTvYRWz0wc2UT8Fn,Riverside Blues,['.44 pistol'],270320,2011,False,,0.628,0.8009999999999999,0.168,0.847,117.675
3mrge6VKevFuaOTpyimJDM,Taste of Sin,['.44 pistol'],216480,2011,False,,0.521,0.7909999999999999,0.366,0.797,122.654
47UtsLgK7oUkWD8k71sBMo,Train I Ride,['.44 pistol'],240387,2011,False,,0.654,0.8220000000000001,0.0277,0.653,111.98700000000001
2DwRxDvOzudPFN9IxNSnT2,Devil In Me,['.44 pistol'],94640,2011,False,,0.659,0.419,0.57,0.809,191.68400000000003
1uaYUcOqnQ3oefTwM7fwAm,Neva Change,"['I-40 Boyz', 'Tom Skeemask', 'J-Mac']",177387,2020,True,,0.807,0.655,0.0326,0.38299999999999995,154.05100000000004
7nOGVqOH455CnDTmPl5PcE,Attitude Problem,"['I-40 Boyz', 'Ricky D', 'Roccafelon', 'Tha Vet']",210804,2020,True,,0.792,0.612,0.16699999999999998,0.7559999999999999,148.156
6URheejXFdtes11iDva1cx,Same Thang Arkansas,"['I-40 Boyz', 'Arkansas Bo', 'Tom Skeemask', 'Crunchy Black', 'Ricky D', 'Brutha Mac']",238944,2020,True,,0.774,0.6579999999999999,0.179,0.452,137.968
26ZWT5aRkkUmPb49gAi3nM,2 Clean,"['I-40 Boyz', 'Nasty Nardo', 'Ricky D', 'Tom Skeemask', 'Big Drew']",258311,2020,True,,0.695,0.68,0.337,0.623,83.994
4nbXDMCKnhTrCDoaMJc5EB,Play Wit It,"['I-40 Boyz', 'K-Rock', 'Ricky D', 'Tom Skeemask', 'Buzzy']",158133,2020,True,,0.755,0.728,0.0578,0.537,151.159
4cW2Zf7idkayK0wRnleKfL,Who Me,"['I-40 Boyz', 'Ricky D', 'Ball Jones', 'Roccafelon', 'Brutha Mac']",238138,2020,True,,0.945,0.584,0.15,0.617,130.046
2FQqTm9tGkNgSaEzQvAjb7,Life of a King,"['I-40 Boyz', 'Ricky D', 'Arkansas Bo', 'Buzzy']",172657,2020,True,,0.511,0.5870000000000001,0.493,0.8290000000000001,158.357
012PXbAXRbkUD3gb3pVVQc,Grind,"['I-40 Boyz', 'G Boo', 'Ricky D', 'Kingpin Skinny Pimp']",250949,2020,True,,0.797,0.797,0.129,0.57,139.884
5b9hSIMImVfcY2TE8EOHBr,Same Ole Shit,"['I-40 Boyz', 'Ricky D', 'Errol Westbrook', 'Ball Jones', 'King Jack', 'Grench', 'Buzzy']",234354,2020,True,,0.7809999999999999,0.519,0.245,0.466,88.617
0W5Xb1EXotn2BQfmzxXcl3,Hit Da Slab,"['I-40 Boyz', 'Tom Skeemask', 'Slugger', 'J-Boss', 'Ricky D']",243840,2020,True,,0.415,0.91,0.163,0.5539999999999999,80.193
7qDbeolVf8aqLS7kFTOOHN,49 Stow,['Firestarter'],161960,2013,False,,0.21100000000000002,0.99,2.42e-05,0.355,95.413
1gbgwb8AwRo9i42YaqWnj2,45,['Bleachers'],204149,2020,False,,0.446,0.555,0.629,0.43799999999999994,78.83
4smbWgbBX45Mm4ZNCHlDmg,Deal With It,['4 JACKS'],203747,2013,False,,0.8390000000000001,0.713,0.6579999999999999,0.8079999999999999,107.539
1YdNUl8vPAPHzf7xSs8yYK,Have Ourselves A Time,['4 JACKS'],131693,2013,False,,0.738,0.73,0.6920000000000001,0.7609999999999999,81.584
4mq41NTIbFi9kKwDKc7N0h,I Don't Want To Be President,['4 JACKS'],248013,2013,False,,0.7040000000000001,0.672,0.5720000000000001,0.8859999999999999,93.147
4y8BGjKNWXpnuzDAdiDB5W,She Ain't Worth A Dime,['4 JACKS'],143573,2013,False,,0.754,0.726,0.736,0.961,128.779
6Z42HBBbwV26ycURmJG4GJ,Love's Like That,['4 JACKS'],208493,2013,False,,0.856,0.289,0.7040000000000001,0.551,98.958
4ueBuGkbrfokAV7y6lO8d3,Bobcat Woman,['4 JACKS'],210853,2013,False,,0.627,0.8140000000000001,0.642,0.831,115.124
1E6jGfA6B939aNABb6ZNIv,Your Turn To Cry,['4 JACKS'],226067,2013,False,,0.6,0.215,0.595,0.381,138.65
1hzcymSj2eVSXMdBY0tjS5,Thunder And Lightning,['4 JACKS'],205627,2013,False,,0.462,0.862,0.62,0.722,179.265
5dwOflrYco6cycrKFDieFz,Texas Twister,['4 JACKS'],160907,2013,False,,0.625,0.9059999999999999,0.654,0.976,145.422
6u4PP063KUAgBspeb9lgbu,Ansonmypants,['4 JACKS'],246587,2013,False,,0.5670000000000001,0.833,0.5429999999999999,0.8690000000000001,78.793
6DuRSmX44oNRmNsvgnzZz2,Bad News Baby,['4 JACKS'],337467,2013,False,,0.5479999999999999,0.391,0.597,0.562,167.99599999999995
14RrxAhIXnAM8mPP23OC2B,Painkiller,['4 JACKS'],157693,2013,False,,0.736,0.45299999999999996,0.5379999999999999,0.5770000000000001,86.773
1D5dyeppKYSV5rU9Z7vr4i,Black Swamp Kind of Town,['427'],234013,2012,False,,0.644,0.4920000000000001,0.00949,0.66,96.384
7wyyDIkHJVXBNoeFt1A5Ra,They Said You'd Gone,['427'],250973,2012,False,,0.569,0.353,0.109,0.529,112.725
53MmOdNFmnjdTfHN0QUxoR,Avalanche,['427'],220053,2012,False,,0.382,0.691,0.0115,0.19699999999999998,99.9
6MeQATTKXEq5poU6HiarRD,Devil in My Eyes,['427'],386387,2012,False,,0.369,0.39799999999999996,0.000525,0.474,101.68299999999999
68uBLz09FVSs7ThfCKhoL2,Bottom of the Barrel Bitch,['427'],178693,2012,True,,0.461,0.5660000000000001,0.0166,0.5770000000000001,147.304
34OT0LkLpM1agFO5FVUexo,Missin' My Woman,['427'],230440,2012,False,,0.605,0.526,0.122,0.345,91.47
24EJ7D2nvHpzrpLrdk9lvA,I Want to Live,['427'],443440,2012,False,,0.266,0.23399999999999999,0.12,0.114,97.60600000000001
4qduNYixxZT3iCk0F0MiKy,We Had a Deal,['427'],274960,2012,False,,0.71,0.35600000000000004,0.601,0.799,117.791
43dOfDaRPGrWcbvujUaUdQ,Guitar Builder Blues,['427'],200013,2012,False,,0.532,0.39299999999999996,0.0091,0.48700000000000004,111.01
6DbG6RDZe3TbV6Y8fEvQ8k,Angeline,['427'],287987,2012,False,,0.332,0.263,0.258,0.19899999999999998,72.755
3HfEaroSB9O6XUhnDlJK6f,Finally Found You,['427'],237333,2012,False,,0.5870000000000001,0.174,0.835,0.33299999999999996,102.756
3jVvvJ0iweOVabA6KmkD6v,Until It Is Done,['46 Long'],241932,2020,False,,0.435,0.556,0.512,0.22,110.915
2iMuyKjgbyBPr8KtaJIxKX,No Peace in La Paz,['46 Long'],193524,2020,False,,0.708,0.706,0.0141,0.747,120.52799999999999
0k7WLOeJNAicpdFcvYNeID,Kiss Me and Convince Me,['46 Long'],250420,2020,False,,0.429,0.2,0.8959999999999999,0.267,48.89
7CUBlVZu43QfpoOECUm7ui,Heart Attack and Vine,['46 Long'],299791,2020,False,,0.3720000000000001,0.7609999999999999,0.299,0.35,92.15100000000001
67dcpgvvb8yCM93VYaYnPn,Should Have Known Better,['46 Long'],276153,2020,False,,0.466,0.615,0.08900000000000001,0.563,135.812
72wlPXvEfQkOlKd60oRRb7,It's a Shame,['46 Long'],227580,2020,False,,0.6940000000000001,0.759,0.0722,0.9640000000000001,123.83200000000001
49RoQ3qAp5tmWQcZxparQM,Born Under a Bad Sign,['46 Long'],391307,2020,False,,0.324,0.68,0.932,0.221,84.256
5C0eAzQvxdekgowPNVYaEo,It's All Tom's Fault,['46 Long'],190433,2020,False,,0.647,0.45899999999999996,0.23199999999999998,0.38299999999999995,131.865
1izGp7bnHEG3e03SFzwxiJ,More,['46 Long'],201092,2012,False,,0.542,0.574,0.746,0.7140000000000001,99.81700000000001
6EeUcjM2Th5cyb6q6HLQGm,Tennessee,['46 Long'],281314,2012,False,,0.47200000000000003,0.446,0.423,0.718,75.91
4E7vZpoiukSKHoAOAui2Zc,The Best Revenge,['46 Long'],186254,2012,True,,0.542,0.473,0.917,0.419,117.87100000000001
7AGvcwXDOZMzP9g1N2BHHf,Lock It Up or Lose It,['46 Long'],173036,2012,False,,0.831,0.674,0.545,0.816,127.738
5GpGAxbIPmF3Hn4QE2k0V5,Jockey Full of Hell,['46 Long'],397872,2012,False,,0.5660000000000001,0.414,0.765,0.845,113.152
3F0F8LshZvx40TnvH1OAcD,"One for Her, One for Him",['46 Long'],272928,2012,False,,0.51,0.48700000000000004,0.445,0.518,63.498999999999995
2k41dy7qY3YLC8RoyCyucA,Don't Drink (The Good Booze),['46 Long'],238003,2012,False,,0.35100000000000003,0.636,0.867,0.495,84.008
3vD0vA0r0DE1Px3Wo2qWZX,Thursday,['46 Long'],207100,2012,False,,0.638,0.809,0.737,0.583,172.752
78Oap1lXaM4uaXEt9MD73Q,Somethin' Strange,['46 Long'],235077,2012,False,,0.45299999999999996,0.6609999999999999,0.527,0.40299999999999997,112.07
6YCFXikLuK03uOYsycgydO,Show Me,['46 Long'],207100,2012,False,,0.48100000000000004,0.444,0.6559999999999999,0.251,134.05100000000002
0CTW0XXHvBFvKXZWPBr9Ni,Time's Right,['46 Long'],206347,2007,False,,0.7240000000000001,0.632,0.867,0.797,80.42699999999998
3jMJpaxJ1wJ2n5xivBh9eR,Aberdeen,['46 Long'],199587,2007,False,,0.738,0.546,0.439,0.9329999999999999,126.92
4QRgzVlxkp1sZWZP710oAT,My Baby's Away,['46 Long'],239360,2007,False,,0.613,0.447,0.838,0.6,120.20100000000001
6OQtwNfXQDrgB7N8jFt1Db,Drop Down Mama,['46 Long'],397227,2007,False,,0.66,0.5479999999999999,0.818,0.715,88.596
65oc2pS5IAykhYV0YxM4BE,East 13,['46 Long'],280667,2007,False,,0.462,0.22399999999999998,0.929,0.273,171.66400000000004
4FUb7YaO6j4gF8wzoL2aCA,Shame on Me,['46 Long'],183120,2007,False,,0.597,0.5529999999999999,0.79,0.747,92.485
0B4Pg21T94M9s4mUFF3yJE,Death Letter,['46 Long'],331680,2007,False,,0.603,0.436,0.6609999999999999,0.619,129.03
5nqcrpVbmlKJOs9MZ6dBLS,Midnight Special,['46 Long'],222960,2007,False,,0.613,0.355,0.715,0.508,132.035
6ne0vT47N7to91fdJ34WVo,Put a Spell on You,['46 Long'],308880,2007,False,,0.442,0.298,0.87,0.191,145.21
2VZ1Y8MzRy8Xi83gAUZ4ee,Arzikin Wuta,['46 Long'],244827,2007,False,,0.361,0.29600000000000004,0.63,0.24600000000000002,91.197
4yngNhuAHanAXNrxXSslaJ,Music For Murder,['46 Long'],622067,2007,False,,0.525,0.263,0.5329999999999999,0.738,124.22200000000001
52Ob1Rb63COICqfzxR7LgQ,4 Everybody,['W777NTR'],153652,2020,True,,0.529,0.358,0.00617,0.134,99.969
6gzpegBt6KyearWXgvyPze,47 Interlude,['Hen'],16091,2020,False,,0.722,0.37799999999999995,0.23,0.451,116.738
01OZiVBxVE6D4NgzYbbtRq,4eva Eva,['Neak'],219759,2020,True,,0.742,0.852,0.221,0.855,82.955
4xJ440QEZBv981xtJfsMKb,409,['Rattlecake'],221707,1997,False,,0.45899999999999996,0.7859999999999999,4.56e-06,0.6679999999999999,92.816
4kmuW8FJ8UOhv5IW8AoxYI,I Luv You (Intro),['Just Joey 4L'],64032,2020,True,,0.723,0.005520000000000001,0.97,0.297,100.427
7ncrlXcoPPgPsWh6WawmjW,Reality,['Just Joey 4L'],196032,2020,True,,0.429,0.439,0.174,0.45399999999999996,179.93099999999995
451VyKDnWuWu3kxnwqE3YK,Holy Joey,['Just Joey 4L'],147912,2020,True,,0.6709999999999999,0.617,0.7120000000000001,0.565,80.704
3GZDlJUJxIhx1u40jpYOSO,Back n Forth,['Just Joey 4L'],124080,2020,True,,0.84,0.5760000000000001,0.19399999999999998,0.526,144.96200000000005
1C3wrJgHnFJXu3ZbKsTDgQ,I Got It All,['Just Joey 4L'],236592,2020,True,,0.645,0.531,0.0859,0.237,140.07
5aSTn1LA7LMPTT8ltxpcld,Mind Ya Business,['Just Joey 4L'],186816,2020,True,,0.603,0.777,0.0144,0.797,75.054
6KDf6sdEH84P7E2fwNnAjD,Airball,['Just Joey 4L'],192549,2020,True,,0.40700000000000003,0.62,0.0563,0.21100000000000002,159.797
08Z3EdFAKmF5aLNJCLdh0m,"I Luv You, Pt. 2",['Just Joey 4L'],81144,2020,True,,0.586,0.0846,0.863,0.0623,134.864
44t1VA9dTyzcIbUIhG6QYn,Made In Heaven,['Just Joey 4L'],221376,2020,True,,0.45399999999999996,0.556,0.6729999999999999,0.809,77.983
0R7O88Y0F10V41GStzCqcZ,Won't Change,['Just Joey 4L'],273168,2020,True,,0.6579999999999999,0.35600000000000004,0.19899999999999998,0.557,133.939
4vUtA4nDzqqo4z2HI1x04g,Joey's Mind Unplugged - Unplugged,['Just Joey 4L'],59040,2020,True,,0.617,0.85,0.831,0.9059999999999999,81.156
2NndcpxduIw3S3z0kgHuEF,Who Gone Be There For You,['Just Joey 4L'],186432,2020,True,,0.449,0.795,0.0377,0.5,140.64600000000002
4trNfTKooPFE7RaVnyUhwY,When It All Goes Down,['Just Joey 4L'],190272,2020,True,,0.419,0.8009999999999999,0.102,0.475,142.09799999999996
0Ub3Pxjc2kRA1POCm2QQYE,Sent Location,"['Just Joey 4L', 'Just Joey']",127112,2020,True,,0.485,0.63,0.311,0.257,135.016
4UYPjmPxL65BNcf7yhRYR7,The Sun Will Shine,['Just Joey 4L'],246024,2020,True,,0.627,0.36200000000000004,0.917,0.46799999999999997,72.03699999999998
354R34KukeJgmgtfsDbBsu,40 Degrees,['Beatsteaks'],149480,2017,False,,0.483,0.625,5.6399999999999995e-05,0.373,122.012
