id,name,artists,duration_ms,year,explicit,spotify_popularity,danceability,energy,acousticness,valence,tempo
6bpCajILuOjQLqJm3APw4l,5n9,['MD'],262747,2001,False,,0.47200000000000003,0.578,0.0935,0.0969,179.968
7l7h6XlmEMj3z75qX2DRfb,5. März,['Megaherz'],258507,2009,False,,0.615,0.835,0.000795,0.41600000000000004,100.02
1fdv772hAlUJLR8hYDr3Jr,5th of July,['Watershed'],171040,2005,False,,0.28,0.565,8.070000000000001e-05,0.479,131.126
2yFCfFliz5F5THWchz5EU7,Bugs Are Round,['Ranch 51'],144920,1998,False,,0.41100000000000003,0.973,0.0448,0.354,128.164
4Ryaq9FxRsQRe9kDEUOx98,Bring It All to Me (feat. 50 Cent) - Remix,"['Blaque', '50 Cent', 'The Dutch']",245693,2000,False,,0.7440000000000001,0.835,0.0126,0.491,99.57700000000001
0gqGR7gQXhmL0EtLHxKyu6,Bug,['50 Foot Wave'],260027,2004,False,,0.263,0.9670000000000001,0.000531,0.298,121.016
42GP7EH07xO0cYdRGft1NM,Clara Bow,['50 Foot Wave'],189453,2004,False,,0.35,0.977,0.000234,0.643,101.579
4nsxTK5WpbwLRkuRJmR6mJ,Long Painting,['50 Foot Wave'],177227,2004,False,,0.39299999999999996,0.943,1.24e-05,0.586,98.96600000000001
4KNNyWjbbH7ikafrhQm7dK,Glory Weed,['50 Foot Wave'],153387,2004,False,,0.519,0.866,0.0409,0.621,106.60700000000001
3OTXXFK8GqzBZWSX91kG9m,Lavender,['50 Foot Wave'],170013,2004,False,,0.415,0.951,1.2e-05,0.591,111.48100000000001
799DkBhHRSdf4AhRnvs93t,Dog Days,['50 Foot Wave'],231600,2004,False,,0.244,0.943,5.56e-05,0.42,108.87700000000001
7bcvRKAWwIEY4884KdrCDv,No. 5,['No. 5'],235360,1997,False,,0.7859999999999999,0.365,0.6579999999999999,0.621,130.763
3qUljGVEV1FkEuBVDjDv7w,50%,['Grandaddy'],62947,2006,False,,0.35200000000000004,0.982,3.6e-05,0.244,101.44
6K2R7WHIUTue0AjJ4Wjt1r,50 Guitars,['Brokeback'],272800,2003,False,,0.32,0.226,0.9279999999999999,0.13699999999999998,97.275
47XTGrAN60YHEpQ1X1PpDI,5/4 Swansong,['Calika'],255800,2005,False,,0.653,0.55,0.349,0.498,90.978
6jKO9z7kbJMhlAhqu7Dxft,50 & A Month,['Ignite'],182973,1995,False,,0.262,0.965,0.0836,0.315,180.61900000000003
4oru884IRrpOkHNO024IAK,Ultra Mega,['Powerman 5000'],210293,2000,False,,0.484,0.976,0.000129,0.38,155.327
2LnS4ijPaa3mEdx3G83B17,5002,['OOIOO'],202960,1998,False,,0.645,0.727,0.0339,0.39299999999999996,93.665
1pI3cJ493VENV9Y5tIUBtv,When I Come Down,"['50/50 Twin', 'Lil C']",337080,2006,True,,0.6779999999999999,0.6509999999999999,0.00198,0.506,75.979
5uWtA3ujC4iQQ7COncVWXY,What It Do,"['50/50 Twin', 'Paul Wall', 'Chamillionaire']",268440,2006,False,,0.76,0.8029999999999999,0.0538,0.853,150.6
2fIBM4Ju3PyzhlPqpaRiJi,Party,['50/50 Twin'],111000,2006,False,,0.711,0.775,0.602,0.8420000000000001,95.60600000000001
3Cw8V9mpegbGvmMVAsArJr,Streets on Lock,"['50/50 Twin', 'J-Dawg', 'Lil Mario']",296880,2006,False,,0.6729999999999999,0.804,0.0309,0.5820000000000001,82.484
5eIoZ1j6XEApaethl4zeNS,Throwed Whips,"['50/50 Twin', 'Slim Thug']",266760,2006,False,,0.865,0.573,0.196,0.344,136.534
5Fg4YtvCSWjEJ2aeLhktC3,Ride on Our Enemies,"['50/50 Twin', 'Chamillionaire']",179520,2006,False,,0.537,0.785,0.305,0.753,90.863
06f0yS6blYhqtWgWDv58CA,Thugs,"['50/50 Twin', 'Slim Thug']",167640,2006,False,,0.574,0.9470000000000001,0.0602,0.657,80.02199999999998
5mykaVBN6TepQfJZJoh2u6,Hawk Freestyle,"['50/50 Twin', 'H.A.W.K.']",96120,2006,False,,0.5539999999999999,0.536,0.10300000000000001,0.33,108.79799999999999
07iu3Q3y7hHFCGq9UDAeO0,Chamillionaire Freestyle,"['50/50 Twin', 'Chamillionaire']",439680,2006,False,,0.825,0.447,0.0692,0.45,136.68
3ZeTlFXaxoRGv2TdZSmDPx,Respect My Mind,['50/50 Twin'],228720,2006,False,,0.7290000000000001,0.669,0.17800000000000002,0.556,75.72800000000002
0JRQ8Pyx93E6ed6RUsDfvu,Tryna Get a Job,['50/50 Twin'],267120,2006,False,,0.8059999999999999,0.545,0.109,0.6609999999999999,142.526
6frv7DBPRIqH3a8lJOtEAn,U Need It,"['50/50 Twin', 'B.G.', 'Big Tuck']",279480,2006,False,,0.792,0.841,0.0225,0.752,138.059
38BafcmOhaPSmuiyXnFb6D,F*ck It,"['50/50 Twin', 'Big Pokey']",167400,2006,False,,0.713,0.508,0.0279,0.22399999999999998,173.637
5FhNYyYrGZQlDv1WMpui4i,M.O.E.,['50/50 Twin'],107640,2006,False,,0.82,0.789,0.157,0.7070000000000001,160.214
0vPiEx7sJmxmm7oTAbEFjt,Move B*tch Move,"['50/50 Twin', 'Archie Lee', 'BigNik']",194520,2006,False,,0.833,0.5710000000000001,0.0181,0.797,159.995
7eNpR20aV3OrmqiSBvdcFW,No Sentences,"['50/50 Twin', 'Chamillionaire', 'Rasaq']",427440,2006,False,,0.616,0.5529999999999999,0.0225,0.5479999999999999,175.105
5ovWSL3evCBWgIReq93MWR,Kappa Classic,"['50/50 Twin', 'Chamillionaire', 'Slim Thug', 'Paul Wall']",584520,2006,False,,0.888,0.7090000000000001,0.188,0.626,140.97
7tDyraLzRbqMPrkIoGHguo,Throwed Classic,"['50/50 Twin', 'Chamillionaire']",377640,2006,False,,0.8140000000000001,0.7979999999999999,0.41700000000000004,0.733,142.248
3AASTYWf8pLMdBj2ZIAMBx,Fourth of July,['Galaxie 500'],338507,1990,False,,0.34600000000000003,0.9420000000000001,0.00968,0.511,120.51299999999999
074i8JwWXPr8llLOOGPw9g,Hearing Voices,['Galaxie 500'],216773,1990,False,,0.401,0.604,0.00465,0.316,99.809
5ovJUtCj7ZZcEZbaA8a5iM,Spook,['Galaxie 500'],279093,1990,False,,0.213,0.529,0.0426,0.11599999999999999,170.733
6DqB76aIN0Yk4vl1Ttv8D7,Summertime,['Galaxie 500'],361627,1990,False,,0.177,0.653,0.000288,0.21100000000000002,75.979
1fe5i3l6yRh3stM5lBkjet,Way Up High,['Galaxie 500'],246667,1990,False,,0.261,0.40700000000000003,0.12300000000000001,0.237,82.486
6rXh1BjDeBG6u7XbYBb8yZ,"Listen, The Snow Is Falling",['Galaxie 500'],470120,1990,False,,0.13699999999999998,0.628,0.0543,0.19699999999999998,194.278
4yrw97zV46yGz5Q4vvM9hu,Sorry,['Galaxie 500'],257280,1990,False,,0.243,0.516,0.0845,0.34700000000000003,176.65599999999995
6Sm5437SxYdn2fBhaez0FY,Melt Away,['Galaxie 500'],278333,1990,False,,0.162,0.556,0.00195,0.255,178.63400000000001
1GG5uaN0qwIprT539rUsEk,King Of Spain Part 2,['Galaxie 500'],310507,1990,False,,0.187,0.426,0.0287,0.22399999999999998,163.188
0v968u9bMZlrFVCNyr0Eri,Here She Comes Now,['Galaxie 500'],358000,1990,False,,0.23199999999999998,0.484,0.0478,0.077,80.477
0hxcEyLBjmoR0v6pSlTfiO,Cheese And Onions,['Galaxie 500'],187427,2004,False,,0.18,0.8109999999999999,0.11699999999999999,0.32899999999999996,154.566
4Hu1fSqaOILcLch1nw0cYE,Them,['Galaxie 500'],224933,2004,False,,0.353,0.551,0.451,0.0669,92.09299999999999
2ri8TfPI4Ga3oCVcARkleF,Final Day,['Galaxie 500'],176267,2004,False,,0.466,0.376,0.5329999999999999,0.4320000000000001,87.285
7e59eL9sMiUncLG9dZ4UZx,Blue Thunder (w/Sax),['Galaxie 500'],229000,2004,False,,0.309,0.713,0.183,0.402,90.79700000000001
1p9HkOrRiX0icCzJ1KVF6v,Maracas Song,['Galaxie 500'],235480,2004,False,,0.27399999999999997,0.693,0.22399999999999998,0.312,98.73100000000001
4CzEesN0gbw1mTmJ99ElsV,Crazy,['Galaxie 500'],116693,2004,False,,0.40700000000000003,0.812,0.26899999999999996,0.8220000000000001,159.255
1vMlUmNHObEB2Oa5Un25D3,Jerome,['Galaxie 500'],168747,2004,False,,0.4,0.593,0.29600000000000004,0.335,110.402
1qAp0uyOB7qvuOev74jDst,Song in 3,['Galaxie 500'],208027,2004,False,,0.249,0.7859999999999999,0.3,0.6859999999999999,206.94799999999998
41syRg58yT9RfqJjHTCHD4,Oblivious,['Galaxie 500'],203173,2004,False,,0.624,0.652,0.00045099999999999996,0.578,118.421
6pUyE0ts4ux9SZ0ySZY4zX,I Can't Believe It's Me,['Galaxie 500'],239400,2004,False,,0.395,0.643,0.00665,0.589,106.09
5QYYPf003TMm5JrKsquLtE,Walking Song,['Galaxie 500'],173120,2004,False,,0.405,0.841,5.2000000000000004e-05,0.825,154.77100000000004
6KM8gsHDgFbBzbETdCy2wZ,The Other Side,['Galaxie 500'],297467,2004,False,,0.433,0.564,0.0117,0.444,112.601
5auz2pawjD7YEvAqCyxmgK,On The Floor,['Galaxie 500'],171013,2004,False,,0.5329999999999999,0.691,0.0025399999999999997,0.19,106.684
3hPMarFp8LcVHEJ3WSDV9M,Rain/Don't Let Our Youth Go To Waste,['Galaxie 500'],531547,2004,False,,0.174,0.6579999999999999,0.153,0.12,113.264
1tDI5qw1b8hOLVOazlECo2,Flowers,['Galaxie 500'],269947,1988,False,,0.44799999999999995,0.7070000000000001,0.11699999999999999,0.254,114.95299999999999
0gDZ6QNeLbDQk8DMi6DdQa,Pictures,['Galaxie 500'],207480,1988,False,,0.515,0.623,0.777,0.6609999999999999,110.146
6PHChUg7ttFeRvmCyWQpYQ,Parking Lot,['Galaxie 500'],175680,1988,False,,0.48700000000000004,0.769,0.0186,0.366,130.839
38z7jRsNAJ2qq8yfCIEPfn,Don't Let Our Youth Go To Waste,['Galaxie 500'],411520,1988,False,,0.38299999999999995,0.5529999999999999,0.109,0.0767,124.64
0Eew6NEBU9bybyKsVTnwqu,Temperature's Rising,['Galaxie 500'],308680,1988,False,,0.37799999999999995,0.757,0.37,0.524,111.68799999999999
3LZmwQkCtGAmUDlqRv4Yo8,Oblivious,['Galaxie 500'],200653,1988,False,,0.5720000000000001,0.6729999999999999,0.0377,0.408,119.648
60paIwN1EXegT9s9XgSfLA,It's Getting Late,['Galaxie 500'],212800,1988,False,,0.446,0.5870000000000001,0.526,0.39299999999999996,112.801
5O2yYF1AxFqEFC5kwcuxeB,Instrumental,['Galaxie 500'],188053,1988,False,,0.341,0.825,0.29600000000000004,0.505,127.286
2wSmwBjoS5skbNYAMBi5qG,Tugboat,['Galaxie 500'],236933,1988,False,,0.285,0.89,0.153,0.32299999999999995,115.988
3jSyZedpCbkyBdep68bInz,King of Spain,['Galaxie 500'],273747,1988,False,,0.40700000000000003,0.455,0.368,0.28300000000000003,94.462
0DXsPlfQtOQBFbL0wAaOn6,Blue Thunder,['Galaxie 500'],229813,1989,False,,0.33,0.5660000000000001,0.32,0.273,93.15700000000001
7l0aNCKtv5GYRS4phvPXmN,Tell Me,['Galaxie 500'],233880,1989,False,,0.249,0.44799999999999995,0.0795,0.142,185.968
5s5uy4gguOtt5DZcsqxVsu,Snowstorm,['Galaxie 500'],314560,1989,False,,0.23,0.546,0.607,0.327,179.748
2TTAPkrGQQOZkaUTUlt21Q,Strange,['Galaxie 500'],199467,1989,False,,0.312,0.8440000000000001,0.0798,0.626,97.039
2m4pMnVi3e9HuSwSci6dg8,When Will You Come Home,['Galaxie 500'],323613,1989,False,,0.32,0.6,0.16399999999999998,0.514,115.539
6XzwamNZckFVqq1zw3DHT4,Decomposing Trees,['Galaxie 500'],248880,1989,False,,0.27899999999999997,0.601,0.0827,0.20199999999999999,99.993
1z4gr7jbB0WneRxX2teFiA,Another Day,['Galaxie 500'],225200,1989,False,,0.271,0.4370000000000001,0.0448,0.33799999999999997,93.52600000000001
7gTJKeer3CrhBXMfh6ZO0y,Leave the Planet,['Galaxie 500'],163720,1989,False,,0.447,0.609,0.0482,0.255,119.412
1at3n20c5mRAFfNKD1Ru7j,Plastic Bird,['Galaxie 500'],199933,1989,False,,0.198,0.747,0.0623,0.828,202.873
4JyGEgUGVkiszOv2caAYlm,Isn't It A Pity,['Galaxie 500'],314360,1989,False,,0.276,0.615,0.35700000000000004,0.336,83.414
3HWfEc16Y511NR8yRwVSh6,Victory Garden,['Galaxie 500'],172067,1989,False,,0.525,0.47700000000000004,0.331,0.267,90.889
2x3QOPnAfn57SFG8EOafDm,Ceremony,['Galaxie 500'],358880,1989,False,,0.239,0.7440000000000001,0.00837,0.29,110.58200000000001
77Thdu78QWOK6OAnX5fSlK,Cold Night,['Galaxie 500'],156427,1989,False,,0.24,0.447,0.0849,0.364,172.05700000000004
1DB6aUzQ2AtQEZRnAiGdZc,The Great Commandment,['Colony 5'],217253,2005,False,,0.552,0.9259999999999999,0.155,0.616,124.98100000000001
4jssrc0WD5OFNsJoTpMNiw,This Town,['Flatfoot 56'],167613,2006,False,,0.3,0.917,0.0128,0.9470000000000001,132.999
6tejD68KtoqOqi0CBBcWL0,Brotherhood,['Flatfoot 56'],144120,2006,False,,0.307,0.977,0.000105,0.48100000000000004,122.346
04x2RihpeKeBp1gpNOD6JJ,Knuckles Up,['Flatfoot 56'],143573,2006,False,,0.177,0.985,0.0151,0.887,184.87099999999998
4DUhQ6794umJcXsRan0uJI,Hold Fast,['Flatfoot 56'],213627,2006,False,,0.195,0.978,0.000518,0.45399999999999996,140.975
1qb058vq0p8EV6pSNWc33S,Breakin' The Law,['Flatfoot 56'],132600,2006,False,,0.384,0.94,0.00119,0.89,127.49799999999999
7bzzdxqHWbPdfDeP4GX9Ix,Blood and Sweat,['Flatfoot 56'],172413,2006,False,,0.431,0.9359999999999999,0.00557,0.828,103.836
1k9Zii0HpWDfIag3bVo60Z,The Rotten Hand,['Flatfoot 56'],222387,2006,False,,0.502,0.9229999999999999,0.0154,0.887,115.73200000000001
6TgJQunZz86IZ0P8xY3ovO,Battle of the Bones,['Flatfoot 56'],223280,2006,False,,0.28600000000000003,0.972,0.000651,0.591,153.489
4cqK52ouF9Mvwk3WuP6UFf,Chi-town Beat Down,['Flatfoot 56'],139560,2006,False,,0.312,0.963,0.0255,0.29100000000000004,148.941
2XKu63r1aZV885iNbC6W9A,Fight To Live,['Flatfoot 56'],159707,2006,False,,0.24600000000000002,0.978,0.0161,0.5660000000000001,159.612
517qs51lTA3ooavlvgZvHO,The Long Road,['Flatfoot 56'],196613,2006,False,,0.174,0.953,0.00216,0.669,200.757
1mOkGjzKMu3KvL2q67JFML,Amazing Grace,['Flatfoot 56'],183760,2006,False,,0.193,0.9690000000000001,0.00158,0.21899999999999997,112.184
6FjnjQAOsi8uafztr87sGc,Arran Boat,['Flatfoot 56'],33160,2006,False,,0.285,0.0463,0.9890000000000001,0.873,133.27
5Yv0bhlqgrSa16KVZsIcBS,Radio Rodeo,['Europa 51'],174160,2003,False,,0.645,0.787,0.0631,0.802,120.98
6A1gSUoyTSxlOhQjZvPS15,Europa 51,['Europa 51'],284973,2003,False,,0.45899999999999996,0.537,0.591,0.655,101.14200000000001
2NX1ITVafzH5ePyO0XQ1hk,Realism of the Illusion,['Europa 51'],195467,2003,False,,0.727,0.312,0.31,0.29100000000000004,109.979
6es1Kiozed3VSXBtgj2qCo,Voyeurism,['Europa 51'],280333,2003,False,,0.545,0.284,0.55,0.19699999999999998,100.462
1hkSGKdZM0Fu6RrcmwCwfB,Four Steps in the Sun,['Europa 51'],269333,2003,False,,0.747,0.185,0.48200000000000004,0.282,95.036
3FD6rJYOse2aKhtcrwORVd,Golden Age of Gameshows,['Europa 51'],224200,2003,False,,0.34,0.22,0.534,0.106,96.646
2tQjmsdNo2e2dIYXghAugg,Free Range Corona,['Europa 51'],239387,2003,False,,0.778,0.319,0.504,0.34700000000000003,125.03
5g6mk6NXXOwcphOWbIJTPQ,The society for the prevention of new music,['Europa 51'],201107,2003,False,,0.494,0.24,0.0288,0.247,160.251
5NPxvQugkAYoPHtOCSLQ84,Folkmaster Flex,['Europa 51'],66000,2003,False,,0.813,0.254,0.514,0.562,76.066
47LZ6By4fuZS4ZVlPFaHRP,"5,6,7,8",['newworldson'],185307,2012,False,,0.5710000000000001,0.946,0.0016600000000000002,0.731,156.026
6yZv6FbdXGQc1NRHi62z75,555 W24,['Plumbline'],287133,2004,False,,0.6729999999999999,0.621,0.4,0.0903,112.03
1GRcuGOVBy8VoHOMhcWekR,501 W23,['Plumbline'],314493,2004,False,,0.5760000000000001,0.519,0.614,0.659,172.00099999999995
5cpH8ImF2MtsM1jTki3rn3,56 E1,['Plumbline'],326880,2004,False,,0.609,0.605,0.395,0.33899999999999997,159.969
3RI5ik4WLsxZIHIdZcMyRJ,Alltag 5,['@all'],314813,2002,False,,0.428,0.473,0.00209,0.35200000000000004,146.028
6jwUnNv6rNxAJSoZdpRLTG,5-Kill,['Casey Chaos'],167507,2004,False,,0.11,0.988,5.84e-06,0.0768,166.899
44Y8ULttjPXu1U7AGw17X6,50 Ways To Leave Your Lover*,['Tok Tok Tok'],220773,2005,False,,0.82,0.174,0.0915,0.488,105.72200000000001
77lYMsUhFMdImQJ99TeFo1,"5,000,000,000",['Secret Stars'],109813,1998,False,,0.525,0.23800000000000002,0.851,0.0371,113.915
2Z98l1eHiIjpJbuMoIZbuK,Trip To Cullenstown,['5 Mile Chase'],282053,2003,False,,0.524,0.655,0.848,0.8590000000000001,111.926
4Qxo7jYRiwm7D5MIHv0Zmr,Waltzing's For Dreamers,['5 Mile Chase'],270973,2003,False,,0.5379999999999999,0.35700000000000004,0.883,0.625,144.594
2eAW1PL4vKzceovh9Bcq6i,My Maryanne,['5 Mile Chase'],225480,2003,False,,0.579,0.37799999999999995,0.9059999999999999,0.95,87.946
1TlNWIniYD1cGbDTc8Oyt8,Maids of Mitchelstown,['5 Mile Chase'],227280,2003,False,,0.515,0.4370000000000001,0.7979999999999999,0.469,117.876
4xXmXCmNFRaI2BjQLJMgLC,Tyrell's Pass,['5 Mile Chase'],204867,2003,False,,0.602,0.306,0.841,0.873,117.34700000000001
6JiuqoRSNhV3vjksWDggTZ,The Valentine,['5 Mile Chase'],191507,2003,False,,0.6990000000000001,0.395,0.855,0.78,133.144
5TxA0vlDEfAbukKBj6lx8a,Turkey in the Straw,['5 Mile Chase'],199507,2003,False,,0.511,0.44799999999999995,0.9109999999999999,0.961,95.32700000000001
2dviFy91cOVngci2s50fus,The Orphan,['5 Mile Chase'],211787,2003,False,,0.6759999999999999,0.486,0.877,0.968,130.843
06wA8LIicfQuHrz1x1GmnE,Bonnie Light Horseman,['5 Mile Chase'],198707,2003,False,,0.617,0.5670000000000001,0.768,0.7140000000000001,112.76899999999999
2doahJNCrEbD3J3mcLHMTy,Over The Moor to Maggie,['5 Mile Chase'],189080,2003,False,,0.609,0.41600000000000004,0.9179999999999999,0.925,95.649
6xPYACEwTYwXQcyHPwusPh,Five Mile Chase,['5 Mile Chase'],212227,2003,False,,0.5479999999999999,0.48700000000000004,0.937,0.9670000000000001,94.25
4l6Vnnkqrl5lj2GC3GkPgq,Talking Ice,['5 Mile Chase'],171107,2003,False,,0.375,0.314,0.99,0.922,104.13
6rS44A37CvGox1rwksqkHN,500 Fingernails,['WHY?'],147680,2005,False,,0.486,0.875,0.125,0.27699999999999997,88.19200000000002
4Q8bC06jcg8lmJs2AdqnqZ,"Baila, Ven Y Baila",['Los 5-U-4'],231773,2006,False,,0.449,0.648,0.24100000000000002,0.9179999999999999,96.25299999999999
0a9KKgQ80ZI2K6V97rnYir,Casual Viewin',['54-40'],283027,2000,False,,0.621,0.917,0.006229999999999999,0.963,124.97
4MgDWMsOfdi37T5WjEvyew,Unbend,['54-40'],229933,2000,False,,0.591,0.878,0.000663,0.8809999999999999,99.955
1IBrbduo4FwdldnA0bRjco,Blue Sky,['54-40'],245040,2000,False,,0.725,0.8340000000000001,0.00286,0.9420000000000001,109.961
5LHXjmqGpkllwSWdmzARiY,Sunday Girl,['54-40'],279893,2000,False,,0.622,0.809,0.0183,0.363,121.984
1edj8LAQorLwmpFf0yGtOU,Roll Up Rule,['54-40'],263533,2000,False,,0.632,0.737,0.0404,0.737,171.954
1vAcvJd6p9pK4JqoGaUb62,She's A Jones,['54-40'],264533,2000,False,,0.6990000000000001,0.526,0.0153,0.349,105.98100000000001
5icX35IPsuNR4lDLnnp8pA,It's Alright,['54-40'],225333,2000,False,,0.562,0.795,2.64e-05,0.545,139.997
0Fb8QcssUuXQCqLguTzyrD,Watching You,['54-40'],284573,2000,False,,0.68,0.764,0.00265,0.115,81.96799999999998
7GJSudkofQ55mnHLQ7eibA,Say My Name,['54-40'],280693,2000,False,,0.555,0.836,0.000384,0.457,102.609
1HQ6oC20AXQs3JwyauNcaz,Speak What You Feel,['54-40'],310133,2000,False,,0.675,0.638,0.000978,0.267,104.382
4ueahK0D0P6yKhmCndwM0b,Someone's Mind,['54-40'],208733,2000,False,,0.498,0.8190000000000001,0.00037,0.721,161.922
62cs8n0uMZ8PGLqp2DkoLH,You The One,['54-40'],262400,2000,False,,0.743,0.652,0.141,0.835,103.963
6zHUgAyAe2L5QDE7lbxVWb,Big You Up,['54-40'],237067,2000,False,,0.522,0.7929999999999999,0.00019099999999999998,0.384,141.961
6bDOWoEV3J2aJnzhsXdeiv,Castles,['54-40'],234467,2000,False,,0.5870000000000001,0.552,0.0715,0.46399999999999997,171.93
2AumiUdt9C6MO4XPPlX6Kw,Sunshine In A Shotglass,['500 Miles To Memphis'],291760,2007,False,,0.514,0.44,0.00196,0.198,131.718
01RdzpxJ4to0ZA2is3l5hi,5th Of July,['Watershed'],162000,2007,False,,0.40399999999999997,0.9440000000000001,0.00352,0.336,137.53
4Ghd1CgzqByK3lASIM0UNr,Before The Sun Rises,['500 Miles To Memphis'],68173,2005,False,,0.34299999999999997,0.8240000000000001,0.0311,0.96,169.892
0HqcUctI7Z6UpBTNzIjGws,Ton Of Bricks,['500 Miles To Memphis'],199320,2005,False,,0.41,0.9740000000000001,0.00581,0.395,154.031
1qw2wASWV3tlSfEk5dqJuh,Fire Flies,['500 Miles To Memphis'],175627,2005,False,,0.324,0.956,0.000965,0.586,131.16299999999998
3HuPNSQvR2kPVvg8oQMaa8,Tired And Weak (6 Years Too Long),['500 Miles To Memphis'],279973,2005,False,,0.4270000000000001,0.6659999999999999,0.0353,0.10099999999999999,105.05
6JMhXghohC6HUKuoZ9Aewk,Bandit,['500 Miles To Memphis'],216667,2005,False,,0.447,0.91,0.0106,0.629,120.301
23ZsJts9qdpurURt81qjCZ,'Nother Year Down The Toilet,['500 Miles To Memphis'],198533,2005,False,,0.302,0.7609999999999999,0.41200000000000003,0.643,185.26
0gOer9QfIQJFP8qbD0jnAN,The Way Of The Buffalo,['500 Miles To Memphis'],159080,2005,False,,0.314,0.9740000000000001,0.00375,0.48700000000000004,155.78799999999995
6lXoEa9q5rTI41yYPY8yIJ,Stars Over Georgia,['500 Miles To Memphis'],292400,2005,False,,0.21100000000000002,0.51,0.41200000000000003,0.19399999999999998,185.916
1qnctmxHUwf1ohJIbAYfFm,Open,['500 Miles To Memphis'],178253,2005,False,,0.3670000000000001,0.757,0.00033,0.318,107.505
5vcFOuxRFJV7CHU3ASSn1o,1947,['500 Miles To Memphis'],268440,2005,False,,0.155,0.662,0.017,0.325,180.845
50ZN0AQr3jP7fTek94zsPC,I Found,['500 Miles To Memphis'],204027,2005,False,,0.348,0.49,0.301,0.31,140.623
1UiMupDYZBw9SoUIm7OmCC,Reap,['500 Miles To Memphis'],165133,2005,False,,0.619,0.762,0.162,0.5920000000000001,109.993
1FTstCYPFoHcoLh409o5d6,Don't Leave,['500 Miles To Memphis'],209093,2005,False,,0.33,0.385,0.281,0.23800000000000002,104.324
4plmZ385tCJqXumSjhWpNs,D-Town,['500 Miles To Memphis'],212373,2005,False,,0.272,0.899,0.000787,0.565,141.213
6uYPnZQwVMcyWNvl9deO3x,Praise The Lord,['Column 5'],253293,2003,False,,0.649,0.855,0.0708,0.34299999999999997,120.00299999999999
52Ymf0SzIPCPzRrBNNS1oL,5 AM,['Tanakh'],217104,2006,False,,0.37799999999999995,0.25,0.94,0.415,140.686
2NCpimTF6iNljC6w4OTKWU,"50,000 Spaceships (Watching Over Me)",['Groovie Ghoulies'],149533,1990,True,,0.539,0.7929999999999999,7.62e-05,0.484,149.319
5iYdYfV7KGP9gQAfwmofnl,5 & 10,['Tiger! Tiger!'],142493,2005,False,,0.4920000000000001,0.8540000000000001,7.35e-05,0.6559999999999999,126.405
7sLoQR4Xu93exVeyJzS6v4,5:00 In The Morning - Bonus Track,['Nicotine'],167373,2007,False,,0.5760000000000001,0.9159999999999999,0.00114,0.7240000000000001,121.58200000000001
3UygoL94P5vVI3FvxvlIir,5:25,['Cristal'],325187,2003,False,,0.172,0.33799999999999997,0.716,0.040999999999999995,87.574
38LzdNrgezAluyX4VjS54V,5 out of 10,['AudioBody'],206933,2004,False,,0.805,0.47600000000000003,0.00545,0.21,100.994
5Djyl2nRVI9xaU4HSErDuQ,50 Bullets Fired In Queens,['Costanza'],263880,2008,False,,0.47200000000000003,0.5770000000000001,0.0242,0.18899999999999997,219.703
6VsX9dD93XNbJA9MmvZxtk,(Already),['57th Street Rogue Dog Villians'],210120,2007,False,,0.805,0.71,0.309,0.741,83.04
6oMlwJi6G7holgm59uz4e2,(Too Drunk 2 Drive Home),['57th Street Rogue Dog Villians'],282720,2007,False,,0.8690000000000001,0.652,0.0431,0.47700000000000004,82.509
4qdgk3IdNTxcUcj3NCsjjq,(Big Bodies) Club Version,['57th Street Rogue Dog Villians'],269107,2007,False,,0.9059999999999999,0.612,0.00566,0.6729999999999999,151.982
1yMDN006Kf9VoXLanolHOa,(Street Scene),['57th Street Rogue Dog Villians'],34480,2007,False,,0.47700000000000004,0.632,0.841,0.85,73.32600000000002
7Gzg9BvNG9aB60aGSkOEF4,(Backstreets),['57th Street Rogue Dog Villians'],293373,2007,False,,0.828,0.722,0.266,0.885,148.063
5gK7V3TE5P6ZsKErIi54ZX,(Street Appeal),['57th Street Rogue Dog Villians'],277720,2007,False,,0.7190000000000001,0.7240000000000001,0.319,0.784,165.949
1rghJTQTK1L5VEX6S2aaB9,(No Loyalty),['57th Street Rogue Dog Villians'],283040,2007,False,,0.838,0.6509999999999999,0.0756,0.672,79.804
25S5Qwfg1rmLTvX3N3WOb1,(Thug Copany) ft Tech N9ne,['57th Street Rogue Dog Villians'],334280,2007,False,,0.507,0.617,0.0122,0.733,80.78
4WEhHU6sWCxUcwsQL3gejg,(Closest Friends),['57th Street Rogue Dog Villians'],322187,2007,False,,0.7170000000000001,0.449,0.009309999999999999,0.268,77.512
48wN26Ntr56tEUtzKOpxmn,(Lean Back),['57th Street Rogue Dog Villians'],360227,2007,False,,0.826,0.40399999999999997,0.138,0.392,85.944
3b6UhZ2EePFALa9ZJEVEh9,(Booty Model),['57th Street Rogue Dog Villians'],265613,2007,False,,0.7929999999999999,0.488,0.0708,0.958,149.958
6xpTGmHEOQd9rm6HdlVSzj,(Step Ya Game Up),['57th Street Rogue Dog Villians'],216827,2007,False,,0.748,0.698,0.11900000000000001,0.8740000000000001,173.532
5UDGPDaeuPKYu8DOl8NBHn,(Its On Now) Chiefs Remix- Ft Tech N9ne,['57th Street Rogue Dog Villians'],309173,2007,False,,0.821,0.823,0.105,0.565,84.98299999999998
2XDQep0U6GV4PvjEglXvOZ,Harder to Breathe,['Maroon 5'],173360,2004,False,,0.6609999999999999,0.9179999999999999,0.0706,0.9640000000000001,149.95
1Fzc7GkJtEvuttlfSrD7nM,501,['Human'],192213,2002,False,,0.573,0.596,0.00114,0.41200000000000003,79.578
7pwA0lkUxRVUmwp8BzZsAZ,Starlight - Original Mix,['Model 500'],379338,2008,False,,0.872,0.155,0.00365,0.569,127.014
6DibpXSjbTwBYNY0i7oG1h,Starlight - Deepchord Mix,['Model 500'],734550,2008,False,,0.684,0.478,0.129,0.0386,118.94
0EgviF3SRYuARt8IwCMWMo,Starlight - Echospace Unreleased Mix,['Model 500'],429943,2008,False,,0.703,0.5760000000000001,0.00025,0.617,125.01899999999999
2i27Tzl2psCgQmkX7A7NYv,Starlight - Soultek Mix,['Model 500'],312930,2008,False,,0.7809999999999999,0.456,0.0635,0.308,123.0
5vFAVzuxV890MGom2WyXCa,Starlight - Convextion Remix,['Model 500'],533803,2008,False,,0.5589999999999999,0.741,0.648,0.0834,119.93799999999999
4iFoGE9sWSzHY8iGUNwN1q,Starlight - The Mike Huckaby S Y N T H Mix,['Model 500'],484358,2008,False,,0.6709999999999999,0.653,0.542,0.152,121.991
3rDrptE4G7nuqaMRXP9fjl,Starlight - Echospace Dub,['Model 500'],204225,2008,False,,0.061,0.268,0.882,0.0392,61.548
0YKL8LUB4mdfyF6uutd2bv,Starlight - Sean Deason's PSYKOFUK Mix,['Model 500'],485941,2008,False,,0.657,0.5720000000000001,0.0139,0.772,128.17600000000002
03s5gH9E6ziEtwKYM9p2HV,Starlight - Phase90 Reshape,['Model 500'],715396,2008,False,,0.384,0.23,0.885,0.0984,121.321
7czQBBTaEaNFjbrFUVaCA8,Starlight - Intrusion Dub,['Model 500'],511394,2008,False,,0.0702,0.0864,0.941,0.0339,78.958
1yiD9MtujhBjKOnpbC8p2C,Intro,['5vor12'],23600,2008,False,,0.28600000000000003,0.0816,0.847,0.0721,82.116
0TFSTFqzldcoRPldrS00EK,Nach Hause,['5vor12'],213320,2008,False,,0.489,0.904,0.000504,0.8340000000000001,163.993
3sHg3y0jizIyMwbJCw9bq9,Ruiniert,['5vor12'],190227,2008,False,,0.54,0.54,0.258,0.327,146.05200000000005
0mRK5YFY8cWmyrdcNRuwbh,Was Zählt,['5vor12'],164800,2008,False,,0.373,0.941,0.000155,0.657,192.058
2RlEgRS3VXqCppSlPdpsm7,Schiffe,['5vor12'],214907,2008,False,,0.509,0.877,0.00409,0.504,167.942
09NVHgG0WSrQggStDQQpGz,Vergissmeinnicht,['5vor12'],156427,2008,False,,0.6509999999999999,0.5489999999999999,0.000153,0.9,132.99200000000002
79CR6XL4vPRs6sS1ASKTvm,Morgen,['5vor12'],219920,2008,False,,0.6679999999999999,0.616,0.0518,0.894,129.959
06qnL2M6fjoOn9gePrNvBL,Leer,['5vor12'],201627,2008,False,,0.584,0.625,0.0279,0.297,131.954
6iLIGUcZbLIzGofZSbDvSs,Licht,['5vor12'],230400,2008,False,,0.555,0.665,0.00186,0.466,127.024
6dMfTUnb3VbG0b3tr96kBl,Definitiv,['5vor12'],244533,2008,False,,0.62,0.7070000000000001,0.0352,0.713,134.005
11fSDxCbWoyt5zdFoHmiAu,Liebeslieder,['5vor12'],209187,2008,False,,0.515,0.7809999999999999,0.0418,0.47200000000000003,158.019
5X0lagXHFENG1yrYgxQoZZ,Für Dumm,['5vor12'],146720,2008,False,,0.521,0.8320000000000001,0.0013599999999999999,0.7809999999999999,168.019
3l4m8O9qSbpO2lag8ktf74,Regen,['5vor12'],202000,2008,False,,0.515,0.429,0.165,0.162,74.10300000000002
7Aaf7ZzNiWzOTJKyYUa3Sq,5/83/4,['Project'],257573,2009,False,,0.47600000000000003,0.218,0.889,0.599,153.94799999999995
0ScRuNYRyiXYhykms1M9Et,555 The Number Of The Beat,['Pixelh8'],162680,2007,False,,0.778,0.998,0.0044399999999999995,0.462,100.99
0cYSCivwajnNm169iP0QT7,PWA Intro,['5th Ward Boyz'],53133,1999,True,,0.5670000000000001,0.5579999999999999,0.728,0.5660000000000001,78.15899999999998
1fRUEsDgqOPWigQtu2JuSo,Pussy Poppin’,['5th Ward Boyz'],228733,1999,True,,0.855,0.715,0.0211,0.8320000000000001,161.033
3hPAFyzw6elCIhDjRe79Si,Jealous,['5th Ward Boyz'],261800,1999,True,,0.868,0.7759999999999999,0.00672,0.657,92.98
7dvCXSXJDCapBl2UN6jRxN,Get Wit U,"['5th Ward Boyz', 'Kuirshan']",236693,1999,True,,0.843,0.8029999999999999,0.00421,0.633,96.499
4W4O3YrUoi7uFyG01RyqxQ,Act a Donkey,"['5th Ward Boyz', 'Ghetto Twiinz']",251907,1999,True,,0.904,0.8270000000000001,0.00903,0.802,95.98200000000001
1eTNZLMVzCXacF7aa12Utu,Til’ They Kill Me,['5th Ward Boyz'],237827,1999,True,,0.872,0.674,0.0635,0.664,87.48700000000002
5QxGnyXnrXzHF3UeF0vK7J,Buckin’,['5th Ward Boyz'],304707,1999,True,,0.8320000000000001,0.821,0.0453,0.72,89.902
5Ix31hU6E8EyfTXYzqESJN,Hedpusefingtip’nlips,"['5th Ward Boyz', 'Rapsta']",265093,1999,True,,0.725,0.6509999999999999,0.0366,0.386,170.018
3FW0BZdQfyRtnGNbVxaMc8,See Us Ball,['5th Ward Boyz'],217867,1999,True,,0.838,0.672,0.0247,0.496,94.80799999999999
358xCmGtmRRksmU8IclYsG,That’s My CD,['5th Ward Boyz'],28907,1999,True,,0.691,0.249,0.7440000000000001,0.935,79.227
0nMtg0xKrTew5xkc9al86n,Rhyme or Crime,['5th Ward Boyz'],219067,1999,True,,0.7879999999999999,0.77,0.00761,0.669,156.059
3Y0onKnXLEU5uVXAdpeDTM,Fear No Man,['5th Ward Boyz'],260000,1999,True,,0.792,0.795,0.149,0.848,86.212
1qTtSZwRPStrJipZ19dzQA,Thug & Dangerous,"['5th Ward Boyz', 'Yukmouth']",260827,1999,True,,0.625,0.8420000000000001,0.0498,0.685,90.631
1zHS3g9SL9c0t94sPVVsvv,PWA,"['5th Ward Boyz', 'Willie D', 'Devin The Dude']",348973,1999,True,,0.8270000000000001,0.442,0.16,0.5760000000000001,78.00399999999998
17ySsfJ737VgaLd0B3X5na,Anotha Ho,['5th Ward Boyz'],307800,1999,True,,0.703,0.76,0.0141,0.6709999999999999,85.071
0bNy6tWF1idZArgQpXO3xv,Immortal 2k,"['5th Ward Boyz', 'Outlawz']",205067,1999,True,,0.812,0.8490000000000001,0.00346,0.6609999999999999,95.146
7D5jhSt4xu5VPjVQKbmohb,All the Same,"['5th Ward Boyz', 'Big Syke', 'Kuirshan']",242800,1999,True,,0.696,0.61,0.377,0.706,83.306
5JpARsf4aZeLle7ExW3euf,S.A. Partner,"['5th Ward Boyz', '13 Strong']",282360,1999,True,,0.8640000000000001,0.7909999999999999,0.0593,0.888,76.042
2MtLVxtVKBI8lOMXik3uko,5 Miles,['Avaran'],201440,2000,False,,0.86,0.6709999999999999,0.019,0.8029999999999999,126.311
2zRtmRaKkNaplG5qxZTL2H,50 Percent Feeling,['Lowfish'],201373,2003,False,,0.564,0.462,0.86,0.16399999999999998,138.981
2nrQBmF8V4YhsXeNEz5Dxy,5 Guitars Featuring Caitlin Cary,['Yarn'],276827,2008,False,,0.6629999999999999,0.33299999999999996,0.7290000000000001,0.375,103.881
46FOF23pjvpGbFzzCqMe2x,5th Times the Charm,['Smoochknob'],236187,2013,False,,0.304,0.544,0.0008759999999999999,0.156,176.53099999999995
29cwZnkSFt1EmDm9iJbDDs,51 Division,['Four80East'],282547,2007,False,,0.5589999999999999,0.617,0.349,0.8059999999999999,103.42200000000001
2fTZJhcGb8p8z0v2XWj48V,550 What?,['Ginuwine'],407467,1996,False,,0.5529999999999999,0.722,0.135,0.805,144.063
4I9OC1wWP1y6eEmO17N8Ki,5. März - Staubkind Remix Orchester Version,['Megaherz'],253733,2010,False,,0.345,0.371,0.34,0.22899999999999998,99.90100000000001
6lZMZ47apCfFXoVfa5CkDA,5. März - Piano Version Staubkind Remix,['Megaherz'],250667,2010,False,,0.653,0.414,0.773,0.32299999999999995,99.738
6E4TEJl1mg2WkXgBjsyJHL,5am in the Heights,['Frado180'],261198,2019,False,,0.7290000000000001,0.451,0.0754,0.188,174.78
7EHfHoq369iEROvVu9SSUo,Waiting,['LD 50'],208628,2010,False,,0.442,0.96,2.98e-06,0.0597,92.02600000000001
0WZ692DzCLYrcKD7TKLrak,Destroy,['LD 50'],258322,2010,False,,0.358,0.937,1.77e-06,0.35100000000000003,105.00299999999999
6Vua29X6vqO9N2q1lZL7uG,Struggle,['LD 50'],316103,2010,False,,0.466,0.8590000000000001,4.03e-06,0.3720000000000001,120.038
0oWm4A9jisnPh6jyViU05Q,Ascension,['LD 50'],288287,2010,False,,0.457,0.9329999999999999,1.82e-06,0.155,125.969
65ul9srEOKIcFzlqHLEGI8,5 O'CLOCK SHADOW,['NNAMDÏ'],102303,2013,True,,0.379,0.659,0.0541,0.37,118.93700000000001
3Cdl7nSofoBxbu0o2QS6Mu,5EVER,['NNAMDÏ'],294275,2013,True,,0.254,0.34700000000000003,0.937,0.14800000000000002,119.97
2CKCxozeTDCfh6zrnYDCAk,500 Hurts,['Nod'],242067,1998,False,,0.35,0.5489999999999999,0.0795,0.389,177.299
7MYez1C9X1ZSmcSSZR7IYL,5 Razones,['ZPU'],171760,2010,False,,0.546,0.976,0.364,0.8190000000000001,85.939
6L6UChY96xAMQnAmWafHpp,Mini Mini,['Fab 5'],247040,1991,False,,0.836,0.467,0.0285,0.331,100.069
4GZyAbDwkHy0X65cxdCJvp,Crushed (5AM Heavenly Mix),['Collide'],297347,2004,False,,0.514,0.855,0.213,0.217,124.545
09rBxzy8VSwhUYSW9b6wwE,5; 51 A.M.,['oOoOO'],82357,2013,False,,0.316,0.348,0.007390000000000002,0.413,183.993
7qXPy2kitDZumXl6CTzNBr,Why,['Channel 5'],250027,1988,False,,0.821,0.3670000000000001,0.0485,0.895,105.03
4PxDRdiq4DxAp2awynbspG,Don't You,['Channel 5'],215307,1988,False,,0.722,0.6409999999999999,0.132,0.8220000000000001,106.074
4MhnZWXCAYpsujffgVqeay,Twilight,['Channel 5'],245333,1988,False,,0.8220000000000001,0.364,0.55,0.4920000000000001,142.032
5ZUzmJ6bQbDXIxzWunleg8,(I'm in Love With A) Stranger,['Channel 5'],242067,1988,False,,0.75,0.6890000000000001,0.0271,0.975,99.089
0GOm0rUrSvm3dMXK7Os9qd,Take a Trip,['Channel 5'],253293,1988,False,,0.742,0.662,0.0355,0.961,108.069
3IV5uWq1ASIWA09wbjC4Ar,Is This Love,['Channel 5'],243000,1988,False,,0.7609999999999999,0.638,0.0111,0.9209999999999999,112.14
3asr9CP0wMc0ffC59d2Dys,1000 Years,['Channel 5'],223240,1988,False,,0.828,0.7490000000000001,0.314,0.9620000000000001,120.068
3AR2FLZm30oAwXwAOYUhli,You're the Winner,['Channel 5'],215627,1988,False,,0.565,0.52,0.155,0.344,77.976
0DYzSiWE0XH0iVkCJufWfl,Hybrid Eyes,['Channel 5'],178267,1988,False,,0.69,0.8590000000000001,0.0941,0.963,156.16
13VbPUHjK6jPLyHRCrqErX,Words Without a Meaning,['Channel 5'],270040,1988,False,,0.66,0.85,0.017,0.757,130.099
2t9EmPTfegL0ScbM1qn7yP,Isn't It You,['Channel 5'],267227,1985,False,,0.5429999999999999,0.531,0.191,0.77,183.252
2t36xBrxAEB5UC3F7HYiFt,For a Look in Your Eyes,['Channel 5'],246867,1985,False,,0.5920000000000001,0.25,0.522,0.233,78.53399999999998
2AgsoC4W36iDcii6bsPoYq,Blue Suit Gang,['Channel 5'],254733,1985,False,,0.563,0.523,0.0077,0.963,184.545
6hzNtdBB1N6ZSb0cytZTm5,Madonna,['Channel 5'],249933,1985,False,,0.625,0.635,0.244,0.8759999999999999,160.986
7DjCQggy6yStPn0a16E1nh,Alone on Friday,['Channel 5'],221173,1985,False,,0.605,0.361,0.147,0.711,201.645
601odxFH47K4p61yUqAgSU,The Colour of a Moment,['Channel 5'],313867,1985,False,,0.337,0.386,0.0155,0.157,103.62700000000001
1xn1huWgLKFoduyVuIxx5U,Let's Spend the Night (In Heaven),['Channel 5'],259133,1985,False,,0.706,0.46799999999999997,0.0422,0.889,106.274
2wNgxKo0lRUdVFpzhFhpiw,Losing Control,['Channel 5'],215827,1985,False,,0.6409999999999999,0.5379999999999999,0.18,0.871,153.347
26cGW8lHKtjd2jVtQwtqry,Will I Ever See You Again,['Channel 5'],262373,1985,False,,0.516,0.154,0.633,0.132,136.631
6SeYS5CUP50Er66NgHSBYe,Stop (Breakin' all Those Little Hearts),['Channel 5'],184600,1985,False,,0.6759999999999999,0.56,0.182,0.8740000000000001,145.1
64Di5q8ATvJQXTKa4DjjLq,51st State,['Ricanstruction'],97507,2004,False,,0.361,0.943,0.0033299999999999996,0.433,144.714
6MpLMGAlYaYD5yATEm8bZF,Laura,['Channel 5'],272800,1986,False,,0.615,0.539,0.0238,0.8320000000000001,80.435
4rAEpPVic4iH2c8MgOakgd,Million Hours,['Channel 5'],212827,1986,False,,0.654,0.373,0.381,0.368,95.429
5SdCOTOQYyCAdpmRk9uFrm,Painted Nights,['Channel 5'],262640,1986,False,,0.63,0.223,0.251,0.174,86.64200000000002
1s98lRJBDAWDTBBg0Vo5Pu,My T.V. Dinner Time,['Channel 5'],247333,1986,False,,0.701,0.498,0.0291,0.8420000000000001,140.741
5CMwRtSRkL8Mu4o6yil5be,For a Single Time,['Channel 5'],312400,1986,False,,0.637,0.376,0.386,0.209,138.762
4sKnBHF66YZhTtYpENRSy9,No One Else,['Channel 5'],278933,1986,False,,0.6709999999999999,0.39399999999999996,0.335,0.358,140.705
7GywdQJ67Ky1BxrgOMxIfT,Backseat of Life,['Channel 5'],232133,1986,False,,0.8370000000000001,0.595,0.114,0.9520000000000001,128.659
4BMq7kAYO1Jw0XI255Df9t,Heartbreak Avenue,['Channel 5'],226960,1986,False,,0.5670000000000001,0.354,0.349,0.23,95.296
3IQU6hJjHdapVmFlc8RmaN,Down to Avalon,['Channel 5'],281600,1986,False,,0.624,0.586,0.071,0.868,75.7
4z7sRIOl2rfHt3xTkLU1Gw,'Til (Handle With Care),['Channel 5'],307200,1986,False,,0.374,0.11,0.505,0.17,68.387
6ju4K5PUZtDXiRQom4Rr0b,Young Girls Talk Too Much,['Channel 5'],378373,1986,False,,0.615,0.8540000000000001,0.0938,0.726,105.152
3Qn4bUpEeOtGQgTJL3rH4L,5-600 Purkkia Liimaa,['Liimanarina'],216200,1995,False,,0.40700000000000003,0.833,0.493,0.271,89.324
6YDd3r080YubhyWyShXrJP,5th Floor,['Sentence'],223360,2005,False,,0.78,0.682,0.512,0.733,94.931
6BhqCDisvkXQiqCLsYrw0A,My Favorite Thing,['52nd Street Blues Project'],176133,2001,False,,0.595,0.20199999999999999,0.9209999999999999,0.562,102.302
6T4mCMw9OGvByjoioRP40q,You Lied,['52nd Street Blues Project'],219000,2001,False,,0.649,0.127,0.455,0.39899999999999997,120.926
6RCNx4ywtl27oY8rDomEtg,Recess,['52nd Street Blues Project'],378857,2001,False,,0.425,0.327,0.413,0.565,95.51100000000001
6VYUFBFDo2lHCKeIPRwWoO,My Prayer,['52nd Street Blues Project'],264000,2001,False,,0.428,0.155,0.914,0.341,89.292
0XyUMz0iTHPDPjiBHfonYr,Queen Esther's Blues,['52nd Street Blues Project'],260000,2001,False,,0.43799999999999994,0.114,0.653,0.368,181.09099999999998
4CdNIrbNbvtknC97uZKkYj,Watermark,['52nd Street Blues Project'],181000,2001,False,,0.53,0.129,0.5720000000000001,0.539,111.012
0GSXRT8jQXkce9cqHnHfRK,I'm Goin',['52nd Street Blues Project'],252000,2001,False,,0.616,0.348,0.377,0.73,92.221
5irdjydZm2J87ioCj4RwN6,Where Do All the Girls Come From?,['52nd Street Blues Project'],224000,2001,False,,0.519,0.131,0.934,0.405,101.221
7zj4Q7y7GRIHUGoKNy5nbE,A Miniature of the Bass,['52nd Street Blues Project'],257000,2001,False,,0.348,0.0334,0.914,0.337,102.521
5gO3nffe2qz5jaYYybzDAK,I Can't Take It,['52nd Street Blues Project'],159000,2001,False,,0.626,0.38,0.44,0.743,130.05
1Ere3KZB333DzccZdddmUI,Papa Don't Know,['52nd Street Blues Project'],310000,2001,False,,0.583,0.377,0.81,0.7490000000000001,101.821
0xRVtcsbzsZuenu585g1Bd,Sunnyland,['52nd Street Blues Project'],299267,2001,False,,0.504,0.335,0.599,0.4920000000000001,92.573
3diGP4H1AN4XAW3TpatGbu,5/4 Madness,['Wolfstone'],301720,2002,False,,0.517,0.573,0.0283,0.23800000000000002,92.471
1xkEo6DYoL82fiWv20B8tC,540 Groove,['Rubblebucket'],371600,2009,False,,0.614,0.807,0.00047699999999999994,0.748,118.917
2FANLFDNNMqEEH03aEaEHY,50 Deep,['Rainmen'],274013,2006,False,,0.46399999999999997,0.8059999999999999,0.138,0.5820000000000001,83.48
6U0IvP3KIIW031wc8xeq30,5 On A Joyride,['Cody Chesnutt'],212293,2002,False,,0.56,0.149,0.988,0.303,74.988
2UoDRCnnLIAF8gKhD5kWEs,5 Across the Eyes,['Antiworld'],63520,2007,False,,0.405,0.6729999999999999,6.94e-06,0.778,98.402
1msPc7WUCDyDPeReXS8nkJ,Fire Of Freedom,['Black 50'],478773,1980,False,,0.625,0.757,0.0277,0.561,104.648
06eJMY96QTRoDfFqUqLXxg,Bobby Sands MP,['Black 51'],330267,1980,False,,0.33,0.816,0.0713,0.5,95.12899999999999
0QOtIz1WzcVOgOFGOx3Cgh,Rockin' The Bronx,['Black 52'],345280,1980,False,,0.5660000000000001,0.8590000000000001,0.0574,0.418,98.572
4PtkLuZpgBma4qGXSukFgZ,American Wake,['Black 53'],388520,1980,False,,0.44299999999999995,0.667,0.35600000000000004,0.5870000000000001,96.97399999999999
6WTLQxN1hYxkaGR8Vvt4r4,Johnny Byrne's Jig,['Black 54'],265587,1980,False,,0.231,0.823,0.000517,0.361,147.908
5Koo4p5oUC1rTfhq7KuRBh,Our Lady Of The Bronx,['Black 55'],249227,1980,False,,0.27899999999999997,0.945,0.0035600000000000002,0.532,174.106
5j7lT1j7qY9plHKK96T7pp,I Got Laid On James Joyce's Grave,['Black 56'],297933,1980,False,,0.435,0.723,0.00483,0.4970000000000001,103.86200000000001
0SmSVaf7CsLiUsbnwT9wV0,Biko,['Black 57'],334600,1980,False,,0.441,0.8270000000000001,0.0224,0.769,176.967
533F2vNqxeH3iOJE8mBfor,555,['Fabiuz'],355125,2010,False,,0.62,0.961,7.609999999999999e-05,0.34,146.007
2BkGmaBEdaWsqQvJaAyp12,"50,000",['MED'],176000,2011,False,,0.612,0.753,0.0255,0.614,85.209
1IenAW5dWpB85yPZd10xJT,517 New Messages (Skit),['Sanova'],93494,2011,True,,0.56,0.7,0.289,0.35200000000000004,90.316
3kVYhz5SmCWwTNiHgeRNJU,5 5 5 Pt. 2,['Fastbacks'],98720,1998,False,,0.41200000000000003,0.982,0.18899999999999997,0.435,122.47
1N8ehho26SuKK3msCqm6Bq,_Sealevel.5,['Simon Scott'],361880,2012,False,,0.11699999999999999,0.29600000000000004,0.92,0.0384,80.778
75tsbPA665NrVNPBav1VdE,500 Deep,['Airiel'],594453,2003,False,,0.16899999999999998,0.91,0.177,0.155,149.951
7Gpuwd57mH73OAt7uPh5fG,Studio 54 (It Must Be Nice),['Shallow'],229800,1997,False,,0.586,0.867,0.0181,0.33799999999999997,110.064
6Uy2Bwb45HlTuYhrBBaw6u,123,['KJ-52'],241933,2000,False,,0.893,0.871,0.168,0.897,94.06299999999999
1I8laqyCWODprq8ZrnuNPV,Keep It Moving,['KJ-52'],258733,2000,False,,0.77,0.713,0.0381,0.674,90.449
5OyWMB2QVLH1xn0vgnY4WO,The Hardway,['KJ-52'],240133,2000,False,,0.84,0.716,0.0216,0.9129999999999999,104.932
4g5kApYeNRdJZkHJy96jM3,Keep Ya Head Up,['KJ-52'],234400,2000,False,,0.7020000000000001,0.7759999999999999,9.31e-05,0.836,90.90899999999999
3b2TqGXepQvseJwoKIJy1D,Do What I Do,['KJ-52'],312680,2000,False,,0.884,0.8640000000000001,0.11900000000000001,0.8,100.072
2gvwYttcsw6FhmARyEImg2,We Rock The Mic,['KJ-52'],253093,2000,False,,0.868,0.69,0.069,0.47,104.993
4kxtgGoJHh7sA93fWyKvGK,It's The S.O.I. (Sons of Intellect Anthem),['KJ-52'],322267,2000,False,,0.812,0.6409999999999999,0.051,0.376,89.941
6I5pLaqlr8XKux7LrQpoap,Integrity,['KJ-52'],226960,2000,False,,0.7859999999999999,0.8109999999999999,0.196,0.583,93.96600000000001
64zjRmbygHAWOkPBOrecBc,This Is Love,['KJ-52'],211587,2000,False,,0.6829999999999999,0.605,0.294,0.726,91.527
6G3tsLpyORP5MHu9ebZVV0,Lift Me Up,['KJ-52'],231667,2000,False,,0.816,0.9440000000000001,0.0169,0.7020000000000001,96.995
4ztRxGj5CpWkjXZp6kQ3GR,All Around The World,['KJ-52'],275933,2000,False,,0.892,0.774,0.18100000000000002,0.875,95.04299999999999
1c69A0XtLYhKIy6RdGwxsl,Need Someone,['KJ-52'],254827,2000,False,,0.6970000000000001,0.9009999999999999,0.0194,0.5870000000000001,93.09100000000001
70wRm0yINWCUstNpLzhjdY,It's The S.O.I. - Remix,['KJ-52'],300440,2000,False,,0.9109999999999999,0.534,0.0448,0.563,89.943
2fN7kK9O0fA3ebhG02CfT3,12 Round Knockout,['KJ-52'],239533,2000,False,,0.711,0.9440000000000001,0.0107,0.782,98.01299999999999
07YMduHjYuMqfaBlkEJZnJ,Decomposing Trees,['Galaxie 500'],292933,1997,False,,0.222,0.366,6.3e-05,0.308,173.86
4Md3u10DzpUOswcsdWCmg3,Fourth of July,['Galaxie 500'],303867,1997,False,,0.348,0.737,3.02e-05,0.21899999999999997,120.661
2XkrKnlb3juJFmUFEqFaub,Summertime,['Galaxie 500'],486533,1997,False,,0.253,0.414,0.00109,0.29600000000000004,141.392
6YCFNvdDSrY9bcPcIKZ5Is,Sorry,['Galaxie 500'],272333,1997,False,,0.251,0.435,0.0619,0.40399999999999997,164.655
7LJCSkydfRW28Zobm5h11X,When Will You Come Home,['Galaxie 500'],341627,1997,False,,0.235,0.4920000000000001,0.00161,0.29600000000000004,102.539
5L1eUyT4lYNdnSBOViJGEi,Spook,['Galaxie 500'],296907,1997,False,,0.21,0.435,0.0717,0.268,168.614
3rEQhNkvlE86F7Ey9jkCKN,"Listen, the Snow is Falling",['Galaxie 500'],507800,1997,False,,0.17800000000000002,0.474,0.0219,0.0691,178.77
7oEq2mOrdsLrozap1tjpiQ,Here She Comes Now,['Galaxie 500'],340160,1997,False,,0.187,0.335,2.07e-05,0.10400000000000001,169.97799999999995
6kuUFxbMSltlC9SuXfCF25,Don't Let Our Youth Go To Waste,['Galaxie 500'],472533,1997,False,,0.29600000000000004,0.66,3.950000000000001e-05,0.154,112.64299999999999
6Ekzo8wohTg9aWeqBKcT7o,Verbal Gunfight,['Jurassic 5'],224000,2003,False,,0.883,0.782,0.309,0.518,99.949
2uum4ZMvJNdVsfhwDbAO6u,5 6 3 (Joe),['Joe'],245733,2000,False,,0.551,0.6609999999999999,0.0366,0.902,79.009
1la8uXSxfKRPwMiVony42u,Blue,['Room 511'],330853,2008,False,,0.696,0.637,0.000367,0.506,90.012
49Ryjfk3cRmmyNaQyVezWL,Golfe Du Lion,['Room 511'],330853,2008,False,,0.691,0.622,0.000342,0.509,89.985
3UPQ6uA0kxVa8qEUocYvhv,5 October 1614,['Rodrigo Rodriguez'],218045,2013,False,,0.196,0.0945,0.9640000000000001,0.235,79.018
1EWTe1wfzbtdhWx30kaPoN,Blue Thunder (w/Sax),['Galaxie 500'],230600,1998,False,,0.307,0.6920000000000001,0.22399999999999998,0.434,90.272
53Bwhoivyih45nyB8ewsSD,Flowers,['Galaxie 500'],270667,1998,False,,0.446,0.7120000000000001,0.12,0.22399999999999998,114.979
2UlmB5GmKYA1e9BfYThRoZ,When Will You Come Home,['Galaxie 500'],325067,1998,False,,0.322,0.613,0.13699999999999998,0.479,115.45100000000001
40nS2XnKwPMZ45mgsvqU6f,"Listen, the Snow is Falling",['Galaxie 500'],471800,1998,False,,0.14400000000000002,0.585,0.0527,0.166,79.013
4KBMffFM30GWSSkcOrDjEl,Sorry,['Galaxie 500'],258560,1998,False,,0.255,0.469,0.114,0.368,165.074
1IyZ53l7ElArJ65rzUzGAr,Fourth of July,['Galaxie 500'],339333,1998,False,,0.34299999999999997,0.919,0.009290000000000001,0.502,120.49700000000001
6dQY4JiOr4bkftiaH583BW,Don't Let Our Youth Go To Waste,['Galaxie 500'],412107,1998,False,,0.385,0.545,0.124,0.0857,124.62200000000001
2asTbgIyQAprtVHDOsZCEW,Strange,['Galaxie 500'],200133,1998,False,,0.313,0.855,0.0826,0.657,96.32799999999999
5xK32yr1mUYGAHqyQHtGxv,Another Day,['Galaxie 500'],225827,1998,False,,0.281,0.428,0.0411,0.35100000000000003,93.973
5WZ0VHM4Ubch5e1PTtHnCF,Snowstorm,['Galaxie 500'],314867,1998,False,,0.23199999999999998,0.5589999999999999,0.608,0.322,179.65099999999995
6tQQk289EZd1dE6OBYl0pJ,Summertime - Live,['Galaxie 500'],399067,1998,False,,0.22,0.39399999999999996,8.55e-05,0.29600000000000004,139.409
5IwrivnMMDar1H7Et13dDc,Tugboat,['Galaxie 500'],234333,1998,False,,0.28300000000000003,0.882,0.162,0.35,115.494
3ykqi8NKyzdekE6dvuZIgO,5726 (2006),['Immoor'],80065,2012,False,,0.802,0.897,0.19699999999999998,0.419,120.014
1MZWv9tXIzuGvGaIXRGpl5,Let's Kill Saturday Night,['5 Chinese Brothers'],212360,1997,False,,0.425,0.9359999999999999,0.0234,0.804,169.787
6n2rakrb7uSk9ZST2G6eVE,It's a Secret,['5 Chinese Brothers'],164573,1997,False,,0.7879999999999999,0.698,0.541,0.929,115.66
7a9RFF2spIgv04XGYn4NA5,Three Cool Guys,['5 Chinese Brothers'],220760,1997,False,,0.485,0.799,0.26899999999999996,0.848,172.13400000000001
5CivpAa5yAfI5MIt3pqblz,My Love For You Has Turned to Hate,['5 Chinese Brothers'],174840,1997,False,,0.7809999999999999,0.746,0.642,0.965,124.745
58FOZvd2AiUkgjcaS7n4yh,Marionette,['5 Chinese Brothers'],233160,1997,False,,0.654,0.48100000000000004,0.6,0.32899999999999996,130.812
4cDk6SA8A2Yj8NB1Fkbxid,Look At It Rain,['5 Chinese Brothers'],184200,1997,False,,0.743,0.58,0.5489999999999999,0.726,122.005
5tsgh5jGgxKZkmCtmZVz5S,That's What I Would Do,['5 Chinese Brothers'],138667,1997,False,,0.774,0.71,0.4,0.682,114.695
4WeCXBJbfQ8B4D8TdtynfQ,Product of Dysfunction,['5 Chinese Brothers'],156333,1997,False,,0.5429999999999999,0.861,0.478,0.9520000000000001,190.265
0hTXGSGVqaCs5nrnjPaSjW,I'm Not Finished Yet,['5 Chinese Brothers'],216000,1997,False,,0.546,0.878,0.0137,0.7709999999999999,172.74099999999999
1svuHOGZy3OyA2scTyzPLD,Midnight At the Liberty,['5 Chinese Brothers'],166573,1997,False,,0.627,0.371,0.77,0.682,139.248
7s6rxOKZrXohnagptYewSi,Big Boots,['5 Chinese Brothers'],267027,1997,False,,0.777,0.8290000000000001,0.26899999999999996,0.961,123.805
4GYN7rvY8rCNs5yBWIjHyH,Blue Boy,['5 Chinese Brothers'],163840,1997,False,,0.61,0.688,0.266,0.748,130.808
6QAxdDyBAiw4KUxSiHX1vE,I Call My Pain By Your Name,['5 Chinese Brothers'],211200,1997,False,,0.607,0.534,0.48100000000000004,0.4,124.697
4b8DNkjaYj45lzBAlFtuq7,I Can See,['5 Chinese Brothers'],162800,1997,False,,0.588,0.855,0.096,0.8140000000000001,159.621
4t8sd24iIYOYfuAVAnKZLd,"The Boy From New York City, the Girl From Tenessee",['5 Chinese Brothers'],194533,1997,False,,0.589,0.361,0.813,0.47100000000000003,134.434
7yPiU6vAV8twiQgF4xcPkL,Mr. Hankey the Christmas Poo,"[""Early '50s recording by Cowboy Timmy""]",134427,1999,False,,0.555,0.402,0.765,0.669,206.08599999999998
1XfMJIVIiWGwpOGTPfvYvk,Don't Stop,['5th Element'],289213,2000,False,,0.475,0.639,0.363,0.21,138.999
3DntjlJxDvfVEA1N1Pl2kU,True Revelation,['5th Element'],294853,2000,False,,0.584,0.81,0.0424,0.267,104.992
5XoCTeS6NIpKLZh37tpQYt,My Love is Coming Down,['5th Element'],279307,2000,False,,0.534,0.86,0.18600000000000005,0.31,123.09899999999999
4gQyIcpho2i4UKOpLzPbiA,Blue Rain,['5th Element'],278267,2000,False,,0.37,0.7170000000000001,0.0279,0.0899,183.99900000000002
7d12hCTYPcomrXYpCLMnT5,Obscurities Eyes,['5th Element'],299587,2000,False,,0.527,0.81,0.022000000000000002,0.23,138.01
0pWSwBb0rOFvATsvvb9l20,Storyteller,['5th Element'],185560,2000,False,,0.6759999999999999,0.76,0.23199999999999998,0.562,115.04
4hYNoP6amHnIeaX7BtUEfR,Judy's Game,['5th Element'],267293,2000,False,,0.603,0.8909999999999999,0.0183,0.76,138.009
3TejTyxbhEItdpmvckSnZx,Sweet Solitude,['5th Element'],251867,2000,False,,0.475,0.408,0.14,0.114,159.895
7yVIiCFOColASG3Gxm8kUJ,I'll Remember,['5th Element'],260147,2000,False,,0.58,0.9079999999999999,0.465,0.266,141.968
2YAAAJg8TO7ah3LL2GPqlZ,Fallen Angel,['5th Element'],229280,2000,False,,0.405,0.139,0.8190000000000001,0.11699999999999999,122.727
0S72cTETIKdomP7SL6WMQ4,IAMACEO,['Starflyer 59'],181443,2013,False,,0.596,0.8290000000000001,0.000124,0.622,128.019
3ti9HYwU9i9MAJR269yY1x,Bicycle Rider,['Starflyer 59'],198726,2013,False,,0.5539999999999999,0.7659999999999999,1.4599999999999999e-05,0.778,120.042
1AGwwF4EYJXVZV0WweJaNo,Is This All There Is,['Starflyer 59'],189378,2013,False,,0.64,0.763,8.149999999999999e-05,0.805,111.98899999999999
37izLaRZUkJ9XqkcUBGheQ,Open Hands,['Starflyer 59'],189219,2013,False,,0.59,0.74,2.34e-05,0.47200000000000003,115.03399999999999
5stTo1tkpsfE4OLxhJ7EfJ,Father John,['Starflyer 59'],285472,2013,False,,0.695,0.336,0.00116,0.179,119.96799999999999
5R9zJ16L6AWulm6J4NZ516,Red Tide,['Starflyer 59'],212149,2013,False,,0.578,0.87,2.8100000000000002e-05,0.966,126.986
0lm1iSnGQMDwVvQmgBWdPV,Through My Door,['Starflyer 59'],188821,2013,False,,0.47,0.532,1.3500000000000001e-05,0.37799999999999995,163.983
3ZVRYFkxoCOe8TqVO9Pvxq,Pot of Gold,['Starflyer 59'],161197,2013,False,,0.556,0.821,0.00016299999999999998,0.966,105.042
6BleurTNROHes4B6wtCNIi,I Feel Black,['Starflyer 59'],213933,2013,False,,0.7240000000000001,0.627,0.0027600000000000003,0.8109999999999999,100.00299999999999
1chBvSsTy4T4dew9b0RRfg,My Light,['Starflyer 59'],174853,2013,False,,0.624,0.65,0.0005639999999999999,0.769,85.00399999999998
1bprLAtkh2iV0EL10AYfdB,510lovers,['Lazycame'],216853,2001,False,,0.254,0.402,0.495,0.317,107.46600000000001
40fhyuGrVgIehwgBp8jadU,5pm: LSD Flashback,['Diskonnekted'],211400,2006,False,,0.43799999999999994,0.436,0.617,0.0492,125.00200000000001
1KNZjSvrlgMCyapW7fVAeM,50 Ways To Leave Your Lover,['Tok Tok Tok'],316653,2007,False,,0.7979999999999999,0.479,0.37799999999999995,0.551,89.021
4YY1vwiLgvHgjd2QJg15vQ,Dub 51,['Dubblestandart'],340893,2007,False,,0.75,0.6729999999999999,0.009559999999999999,0.519,153.97799999999995
0tsf8pZWJqxm7bg4N0ZTHX,Perch Above the Earth,['Formula 5'],512120,2014,False,,0.591,0.8290000000000001,0.298,0.48100000000000004,128.08100000000002
0zMUKosugEBiz8u1P5627u,Earthbound Tim,['Formula 5'],538267,2014,False,,0.389,0.701,0.34299999999999997,0.39899999999999997,123.24700000000001
0u4yf55RzFZvzcOb5K2lLr,Catch Me,['Formula 5'],352800,2014,False,,0.682,0.743,0.138,0.755,134.994
18YlyvP8S1uwa524EW0BXt,Timmy's Slumber,['Formula 5'],63693,2014,False,,0.24600000000000002,0.489,0.0839,0.27,77.595
3ZSTzjhg5NowAlqaV2Cm07,Pedro,['Formula 5'],448547,2014,False,,0.655,0.746,0.523,0.6679999999999999,103.081
09UBbn0K8nRSFsJovamDeC,Ride,['Formula 5'],560760,2014,False,,0.637,0.7490000000000001,0.647,0.605,133.02100000000002
57MrECw4ifl3Tnmqul7ZFL,The Clear,['Formula 5'],485160,2014,False,,0.452,0.76,0.515,0.375,123.551
5ThIK5OWHOg1k19jui0M2L,Rising Tide,['Formula 5'],266947,2014,False,,0.586,0.547,0.758,0.6679999999999999,82.071
1xtQSPFURxbGTCCLEu69s1,The Fall,['Formula 5'],320867,2014,False,,0.68,0.496,0.85,0.557,88.137
3ApYVFjjmM6cTHfyjTDH8s,Epiphany,['Formula 5'],474467,2014,False,,0.39899999999999997,0.63,0.7120000000000001,0.45299999999999996,86.522
4t1Qg24gvhu3h1BKxg5PZD,Timmy's Dream,['Formula 5'],75333,2014,False,,0.408,0.552,0.5429999999999999,0.299,78.418
2WqDUJuLvq4RPRcr46Ds51,Nu- Gen,['Formula 5'],457933,2014,False,,0.518,0.8440000000000001,0.515,0.526,155.459
2fxu0oZyKUuqzaWp2P4WDr,Timmy's Alarm,['Formula 5'],82107,2014,False,,0.7090000000000001,0.8740000000000001,0.648,0.498,125.037
4Ily9r5Tm3NS3nEk7sh5I0,Intro,['Airport 5'],66907,2002,False,,0.645,0.89,0.303,0.754,126.05799999999999
2chsuzPE2hWodrSEkGqCqT,We're In the Business,['Airport 5'],150720,2002,False,,0.456,0.787,0.0964,0.308,94.738
4HYOcKQgMlsk4WARHlv8l6,Yellow Wife No. 5,['Airport 5'],131067,2002,False,,0.4270000000000001,0.7609999999999999,0.0049700000000000005,0.8490000000000001,106.163
3BPeoGMU2HRXQdatBxDvgK,Wrong Drama Addiction,['Airport 5'],445120,2002,False,,0.579,0.547,0.00391,0.11699999999999999,114.611
7KpL3p3sRwOfnMVzCTJ2Vi,However Young They Are,['Airport 5'],157773,2002,False,,0.51,0.503,0.37799999999999995,0.527,89.62200000000001
3AAqZ2hMbQSubmtNojl8CU,The Dawntrust Guarantee,['Airport 5'],74493,2002,False,,0.455,0.584,0.6659999999999999,0.14300000000000002,140.411
38Ydb7gnTba4rh26lQsmYs,Forever Since,['Airport 5'],159813,2002,False,,0.649,0.675,0.327,0.6659999999999999,88.325
5VvmkwUFBnS8Pv0URmKJjr,Impressions of a Leg,['Airport 5'],141027,2002,False,,0.475,0.879,0.0553,0.785,136.35399999999998
2YZo8gPaEZw2P0PDlxu07t,How Brown?,['Airport 5'],278973,2002,False,,0.461,0.503,0.109,0.0762,91.818
4Dpg4PGe2ZgjigE8uEfkdL,Natives Approach Our Plane,['Airport 5'],182240,2002,False,,0.644,0.961,0.257,0.442,113.12700000000001
6UTFrigu0N0fBxIswDo3VP,I Can't Freeze Anymore,['Airport 5'],209653,2002,False,,0.405,0.917,0.14300000000000002,0.32899999999999996,113.704
5YQP0Wt5OJ55XeGovMMHK0,Out In the World,['Airport 5'],152520,2002,False,,0.584,0.556,0.607,0.8190000000000001,122.682
6TuKs82Gzls8VKfx0suZcF,Make the Rafters Ring,['5 Chinese Brothers'],187960,1997,False,,0.539,0.498,0.44,0.632,144.678
1ijoQIg30LPg6dVqGuDGGl,Rockin\' in the Manger,['5 Chinese Brothers'],199040,1997,False,,0.529,0.6809999999999999,0.46799999999999997,0.95,175.238
24KJhQvwvqYdNAl3zP6Q2W,And To All a Good Night,['5 Chinese Brothers'],213293,1997,False,,0.5329999999999999,0.58,0.237,0.8690000000000001,189.229
18jVyVppu2nqFU6DR6aqtF,Making Angels in the Sand,['5 Chinese Brothers'],168173,1997,False,,0.64,0.47,0.293,0.547,141.03
664JoHs7S0mV9g8vjdkp5C,Honky Tonk Christmas,['5 Chinese Brothers'],182693,1997,False,,0.7340000000000001,0.6409999999999999,0.439,0.9620000000000001,105.27799999999999
2bs0JaKPurdxGEokgq6Q57,Missing Miss December,['5 Chinese Brothers'],194107,1997,False,,0.561,0.789,0.239,0.866,152.27200000000005
4sXXRkcTtyqbkD3HMHe244,Dear Santa,['5 Chinese Brothers'],195160,1997,False,,0.419,0.6459999999999999,0.141,0.457,169.57
4t7ZT8ZdgQwNWrsh6lLcmo,Age-Old Story,['5 Chinese Brothers'],170040,1997,False,,0.619,0.8340000000000001,0.0607,0.7709999999999999,139.088
2gKKwQDOBAMWsXwafTTcke,Christmas on Interstate 80,['5 Chinese Brothers'],194533,1997,False,,0.507,0.39899999999999997,0.531,0.46299999999999997,146.9
53uAxV3op0TKEb4nV9Ehl0,The Fruitcake Song,['5 Chinese Brothers'],242293,1997,False,,0.66,0.805,0.0662,0.705,104.62899999999999
6oa7A4wgybhSJ2CmPao0CT,O Little Town of Bethlehem,['5 Chinese Brothers'],75267,1997,False,,0.47,0.0342,0.9890000000000001,0.154,77.505
0jjKhiVUH35xCv2tmnh64R,Dept. Store Santa Claus Strike,['5 Chinese Brothers'],238667,1997,False,,0.639,0.431,0.405,0.602,116.704
3Q24s5i8qDHMuVI4YNVe3v,Christmas in Manhattan,['5 Chinese Brothers'],160000,1997,False,,0.6829999999999999,0.39799999999999996,0.767,0.573,115.12899999999999
0LKeSjHs3wCkVlqPXyRINo,Up-Up and Away,['The 5th Dimension'],156600,1999,False,,0.386,0.429,0.669,0.49,79.98100000000002
7IwBsD0ueIGGdyjwG6xuVI,Go Where You Wanna Go,['The 5th Dimension'],143027,1999,False,,0.537,0.57,0.5710000000000001,0.93,114.294
570LPx2sO9Z7Kl5ZPdZZTh,Stoned Soul Picnic,['The 5th Dimension'],207000,1999,False,,0.563,0.48700000000000004,0.18,0.733,94.931
0jjKtc2h6xiCxLuM9CurMz,Sweet Blindness,['The 5th Dimension'],207667,1999,False,,0.509,0.611,0.608,0.804,82.406
2CgIKNuNWP0xHINVZzKOCz,California Soul,['The 5th Dimension'],191773,1999,False,,0.59,0.579,0.235,0.693,99.13
5pFRIbELJ33S80CofNFyTz,"Aquarius/Let The Sunshine In (The Flesh Failures) - From the American Tribal Love Rock Musical ""Hair""",['The 5th Dimension'],289067,1999,False,,0.303,0.628,0.146,0.44,118.088
1NmEZ3MPCktnLtrqusUrzt,Wedding Bell Blues,['The 5th Dimension'],162960,1999,False,,0.485,0.5589999999999999,0.445,0.606,117.984
7dNtUKdutBAuckjjtHLVHe,One Less Bell to Answer,['The 5th Dimension'],210973,1999,False,,0.35600000000000004,0.335,0.764,0.49,63.574
7In1OOL1MqyLwMS8Xd97TK,Puppet Man,['The 5th Dimension'],178067,1999,False,,0.5329999999999999,0.7190000000000001,0.261,0.8959999999999999,92.917
4SPK7LO3uS3RXGn19I9rvw,Save the Country,['The 5th Dimension'],160160,1999,False,,0.535,0.633,0.27699999999999997,0.633,133.421
7wTzrE1hlZCOeJ9SMHjioU,(Last Night) I Didn't Get To Sleep At All,['The 5th Dimension'],191053,1999,False,,0.667,0.62,0.469,0.545,105.306
5ratLZK2Qbb1orlvWywAy5,"Burns Carpenter, Man of Science",['Airport 5'],220227,2001,False,,0.643,0.807,0.43799999999999994,0.395,96.537
2DPtELwFSxCg5mUERVchOn,Total Exposure,['Airport 5'],247667,2001,False,,0.583,0.8,0.376,0.7709999999999999,121.175
0ZVIfSRGDP1cdZp0D2Zv10,Subatomic Rain,['Airport 5'],172000,2001,False,,0.281,0.78,0.293,0.21,92.579
2xHb7t4ZzvnlVJSmJpDdWM,One More,['Airport 5'],174547,2001,False,,0.455,0.9109999999999999,0.36,0.861,120.291
2BVVBf0rPsQUDCTlVEOzzR,Mission Experiences,['Airport 5'],90600,2001,False,,0.278,0.462,0.376,0.303,76.22
0IV7bTPMt2ISYYu0cZKeNe,The Cost of Shipping Cattle,['Airport 5'],290880,2001,False,,0.37,0.509,0.655,0.228,88.431
7rDGDLuZNqxphlOeHmTpxL,Circle of Trim,['Airport 5'],158773,2001,False,,0.301,0.865,0.129,0.45299999999999996,145.687
1C6nBAiwzfREbwcOU6s9fk,War & Wedding,['Airport 5'],134987,2001,False,,0.5760000000000001,0.754,0.0439,0.847,105.90299999999999
7bNyMvFkkh7V6hIJBxma6D,Stifled Man Casino,['Airport 5'],200587,2001,False,,0.677,0.826,0.325,0.978,126.22399999999999
7BskgprNxM2GRHzRBnaoaz,Up the Nails,['Airport 5'],217400,2001,False,,0.581,0.726,0.0638,0.8220000000000001,112.196
1YVBgddeE4y7dHEAKRXhV2,Tomorrow You May Rise,['Airport 5'],64733,2001,False,,0.337,0.769,3.52e-05,0.6759999999999999,163.04399999999995
0WQWUqk0iynukA1Dq6bVyq,Feathering Clueless (The Exotic Freebird),['Airport 5'],181693,2001,False,,0.431,0.812,0.0201,0.815,111.353
7qZgcNQZbGRgKTkVFwxXuT,Mansfield On the Sky,['Airport 5'],216747,2001,False,,0.243,0.6809999999999999,0.11199999999999999,0.387,87.868
6UmJZFEQipP6I8WwT7qbM8,White Car Creek,['Airport 5'],61587,2001,False,,0.39799999999999996,0.628,0.408,0.41600000000000004,169.43599999999995
3BEZt3h6YIXtQz6DdZFy3U,Remain Lodging (At Airport 5),['Airport 5'],223573,2001,False,,0.565,0.6759999999999999,0.685,0.45399999999999996,108.514
6ultGVsIaXWAHxBN5p1PZz,5 Yr. Plan,['H2O'],176280,1996,False,,0.504,0.7909999999999999,0.00144,0.595,123.57799999999999
5czEFMJErC3WKzVxIKVMwi,Super Villains,['57th Street Rogue Dog Villains'],305067,2004,True,,0.8240000000000001,0.6829999999999999,0.15,0.83,82.8
4iGuf7tzsqmw5oIvVgROWN,5 Year Plan,['H2O'],243120,2002,False,,0.33899999999999997,0.777,0.0178,0.41700000000000004,129.248
3seMUHKl00oOvF8cMANlwR,50¢ Cop,['Silky Slim'],227960,2008,True,,0.873,0.336,0.0102,0.61,81.816
10Bg9T7tJ3q8iwVyTQOSHo,58 Boxes,['Kristin Korb'],246667,2014,False,,0.57,0.145,0.838,0.248,75.689
6wEWJJb6rQEjAloG9jlx5P,5,['Haindling'],224173,1995,False,,0.47100000000000003,0.153,0.917,0.22,106.09899999999999
5MMyo9l3iWBpVttrVz7mfc,5:30 Saturday Morning,['Lennon'],225400,2001,True,,0.506,0.133,0.927,0.0472,103.806
5HjeplvAytk97kN06YxV5O,Nothing Even Matters (feat. 504 Gully),"['Deraj', '504gully']",213293,2014,True,,0.409,0.6679999999999999,0.152,0.6970000000000001,80.53399999999998
46VjbzBvmvKqpDURQSbNcR,5 Ws & A H (Feat RichGood),['Nine'],293280,2007,False,,0.6779999999999999,0.551,0.322,0.894,75.002
6DEv747BO1YcqzNoLZ8Z6A,Walk Outside,['59H2O'],232467,2006,False,,0.359,0.856,0.000526,0.402,178.101
0RNukbKHpPmhaQ8kfc8jAZ,Window,['59H2O'],247227,2006,False,,0.596,0.731,0.0236,0.462,117.86
0oeTemPZf3vaminbP5TDbv,Blush,['59H2O'],287240,2006,False,,0.489,0.6629999999999999,0.00921,0.499,124.95700000000001
1AVxIXItDvztjzLWgXF6HL,Falter,['59H2O'],235293,2006,False,,0.561,0.539,0.153,0.0585,111.988
1Pzzsm6g6oEMtAiRwc2rrv,Away From You,['59H2O'],182707,2006,False,,0.519,0.684,0.0572,0.44,87.53399999999998
71cJ4Pd7cRgEeGyejGp92Q,Sea of Circumstance,['59H2O'],203000,2006,False,,0.523,0.78,0.0425,0.326,143.80100000000004
2BGR5XG8kb73l7k8cTzBSB,Autumn,['59H2O'],323933,2006,False,,0.515,0.8140000000000001,0.07200000000000001,0.064,129.797
21ZfUS8cNzszBYvKG0JUNT,Clarity,['59H2O'],238333,2006,False,,0.609,0.753,0.0039,0.435,106.038
2DrMV8oUGw6qnIHNHO9TM1,Geisha,['59H2O'],281360,2006,False,,0.498,0.649,0.0107,0.17800000000000002,117.944
2MnsqM9L9iolGNKDR2jFQr,My Eyes,['59H2O'],245173,2006,False,,0.574,0.835,0.00243,0.475,102.00399999999999
3UBIeBwmUYdrFvtNw62xpH,Faithless,['59H2O'],230360,2006,False,,0.611,0.777,0.129,0.264,121.99
2GV7EDoJrWHj5V9wJVHKQH,No Other,['59H2O'],272773,2006,False,,0.55,0.63,0.00187,0.107,103.973
2CMQoSgyQLXshYuWLdtlRh,Mind Your Own Business,['Delta 5'],193373,2006,False,,0.871,0.61,0.0307,0.7879999999999999,134.507
4Raadr0FJf41ZHv7xLSulG,Now That You've Gone,['Delta 5'],253040,2006,False,,0.821,0.6459999999999999,0.263,0.588,136.017
53m3MX3Bht3Pn6knjNh6fQ,Anticipation,['Delta 5'],131147,2006,False,,0.5720000000000001,0.735,0.000682,0.8740000000000001,149.529
0bVUSVTSDKKlG0iXAg2Umw,You,['Delta 5'],231013,2006,False,,0.8140000000000001,0.718,0.00913,0.578,149.636
2e2f0sxR2aAMVRDfHhM1gl,Try,['Delta 5'],184520,2006,False,,0.872,0.595,0.0867,0.8740000000000001,133.297
7JicQaABjkIGYZS6erTnt2,Colour,['Delta 5'],123373,2006,False,,0.81,0.785,0.738,0.838,138.548
69YLwDFiCKUypbyPgFX138,Delta 5,['Delta 5'],112413,2006,False,,0.623,0.8859999999999999,9.590000000000001e-05,0.889,118.355
6778HrJiIZNwDaTrOS4Mv8,Make Up,['Delta 5'],174707,2006,False,,0.627,0.9620000000000001,0.0244,0.855,146.96200000000005
65juqkhLZn6hVvJCFbCpVl,Triangle,['Delta 5'],199840,2006,False,,0.8240000000000001,0.657,0.00103,0.8190000000000001,141.28799999999995
0uY7F0k3FzHE3VpF5ghYrK,Innocenti,['Delta 5'],123600,2006,False,,0.47,0.897,0.0119,0.9259999999999999,163.52100000000004
5UkAgw80RkRd0OmwL7kcFb,Train Song,['Delta 5'],181067,2006,False,,0.452,0.97,0.00179,0.872,159.688
6ut0tCCBcg9hC7Mm3gn3rV,Final Scene,['Delta 5'],182400,2006,False,,0.37,0.8909999999999999,0.0025399999999999997,0.541,156.009
26nmeDz3wi4ipLDt4KfF1b,Singing the Praises,['Delta 5'],179040,2006,False,,0.551,0.95,0.012,0.866,154.72
3WLxWQTE7bIYQ6ceZww7Mm,Shadow,['Delta 5'],160200,2006,False,,0.59,0.922,0.0467,0.6970000000000001,85.367
4lClYZHJKIYXeqIaE8rRp2,Circuit,['Delta 5'],117040,2006,False,,0.529,0.85,0.00733,0.929,151.254
06dqnfYrI8PUAxtrrkY0Vy,Journey,['Delta 5'],179613,2006,False,,0.674,0.5479999999999999,0.0232,0.664,119.444
6LRq2NMUpBvgeR308m6PUA,5 out of 6 - Audiotree Live Version,['Dessa'],211543,2018,False,,0.5770000000000001,0.9129999999999999,0.0671,0.747,155.984
6rJOZXCdHJdj5BibgpoeE6,5 Minutes,['Absurd'],302493,2008,False,,0.782,0.516,0.00011999999999999999,0.071,138.005
2qwp3Eis7lVmv2GuLzg8v6,5-HTP,['Intervals'],181280,2020,False,,0.498,0.9390000000000001,4.68e-05,0.348,157.97899999999996
0g0zpcfjrRTTGrKYCFwX1H,5-4-3-2-1 Lisp Off,['Modest Mouse'],30240,2001,False,,0.47700000000000004,0.674,0.98,0.48700000000000004,102.885
1zXp8Jff8HGSCDRmsUU7H2,Hello Uncle James,['5 of 6'],69147,2010,False,,0.33299999999999996,0.294,0.265,0.0374,161.889
40Z0txLe8vD013TXZmvZmI,Somebody Stole My Gal,['57 Key Gavioli Carousel Organ'],143680,2010,False,,0.556,0.295,0.956,0.8490000000000001,124.641
44paWgB5IqupkRZSQWJ2Zr,Way Down In New Orleans,['57 Key Gavioli Carousel Organ'],134267,2010,False,,0.484,0.26899999999999996,0.8809999999999999,0.8190000000000001,169.981
2PemlpvRdTYsMTiTXZq7Yi,I'm Just Wild About Harry,['57 Key Gavioli Carousel Organ'],153280,2010,False,,0.7190000000000001,0.256,0.956,0.521,113.316
5KoupWOtvxzDn2uy4SvbnQ,Dodge Brothers March,['57 Key Gavioli Carousel Organ'],147547,2010,False,,0.792,0.406,0.8959999999999999,0.9620000000000001,120.915
4M3d04gA1RzGesxtS5C3fh,Rock-A-Bye My Baby With A Dixie Melody,['57 Key Gavioli Carousel Organ'],132560,2010,False,,0.62,0.318,0.938,0.813,94.021
5V3iqEtBxqnsmH2sdKxvrM,Get Out and Get Under,['57 Key Gavioli Carousel Organ'],157853,2010,False,,0.7090000000000001,0.359,0.932,0.883,121.90700000000001
3X9qXZIUz0YrooHCsLOQTh,Alexander's Ragtime Band,['57 Key Gavioli Carousel Organ'],124173,2010,False,,0.613,0.261,0.9640000000000001,0.747,103.84
0CuYySBDR148NOCBRErjDQ,"Ma, He's Making Eyes at Me",['57 Key Gavioli Carousel Organ'],104213,2010,False,,0.698,0.295,0.9520000000000001,0.945,120.859
4S2kTymBFnw6ozIX1Tm4oD,St. Louis Blues,['57 Key Gavioli Carousel Organ'],148720,2010,False,,0.637,0.14,0.973,0.608,119.804
1aZS6l2SClnCQc3i6HOhGk,"Toot, Toot, Tootsie Goodbye",['57 Key Gavioli Carousel Organ'],133080,2010,False,,0.8,0.251,0.9540000000000001,0.937,109.882
0cfT84C5gZFXPMcc7bjYqQ,The Sheik of Araby,['57 Key Gavioli Carousel Organ'],143293,2010,False,,0.395,0.32,0.958,0.579,103.913
7LEMEWE04NTwJUVeVTVx2B,Twelfth Street Rag,['57 Key Gavioli Carousel Organ'],180427,2010,False,,0.462,0.36,0.904,0.956,208.06
3vbWo0tjjj4LeIVAUHz4ZK,Margie,['57 Key Gavioli Carousel Organ'],156200,2010,False,,0.7040000000000001,0.312,0.94,0.691,116.947
135Xi5BZNLIrDrmafTavFc,Hindustan,['57 Key Gavioli Carousel Organ'],119733,2010,False,,0.65,0.228,0.946,0.7120000000000001,103.941
0Ezcs2mwGo5gxn828pq2hr,Swanee,['57 Key Gavioli Carousel Organ'],131520,2010,False,,0.608,0.239,0.9540000000000001,0.665,124.98899999999999
5VAXqsLTBFzfujuLkhlawU,Whispering,['57 Key Gavioli Carousel Organ'],124147,2010,False,,0.491,0.21899999999999997,0.946,0.8370000000000001,199.91
4NBiO7Fxv7VlJwRcWkg7sM,Tiger Rag,['57 Key Gavioli Carousel Organ'],124427,2010,False,,0.769,0.29100000000000004,0.938,0.915,121.934
2dcw13TQGLnbV4qPU5JiIM,When The Saints Go Marching In,['57 Key Gavioli Carousel Organ'],100627,2010,False,,0.743,0.38799999999999996,0.9179999999999999,0.935,124.949
5yznbndWhKkeVNXfGSBqnu,"Chinatown, My Chinatown",['57 Key Gavioli Carousel Organ'],125120,2010,False,,0.6629999999999999,0.26899999999999996,0.937,0.938,116.883
0rVfaJCJvduv8KGr1lDeO7,On Wisconsin,['57 Key Gavioli Carousel Organ'],147373,2010,False,,0.599,0.523,0.86,0.9,120.90799999999999
6BKkWpbXiPh61xIgr0q3uc,Chicago,['57 Key Gavioli Carousel Organ'],138733,2010,False,,0.5379999999999999,0.34,0.945,0.843,88.87299999999998
4LHmdqGezenDqab3WwjwLF,The Audience Is Not Listening,['5 Fingers of Funk'],12187,1997,True,,0.0,0.18899999999999997,0.467,0.0,0.0
0BXekacHOm4sp0tekRokbN,The Mindstraights,['5 Fingers of Funk'],182387,1997,True,,0.852,0.7140000000000001,0.129,0.8240000000000001,99.999
6cDaN3EXmTcvaulE6lsi7j,Do You Know How Many Five Is?,['5 Fingers of Funk'],40800,1997,True,,0.7190000000000001,0.456,0.172,0.812,88.926
7u89fEUU2ehWpg9T1l1rel,Whatchyassworth?,['5 Fingers of Funk'],233520,1997,True,,0.893,0.48,0.0767,0.5479999999999999,107.93
0tuHp4gPl5lHyM646IxLjs,Rise,['5 Fingers of Funk'],221640,1997,True,,0.83,0.637,0.00371,0.648,99.52799999999999
7EcI4Clv7M88tZDOgckNyu,D.J. Chill Lost in Phoneland I,['5 Fingers of Funk'],73613,1997,True,,0.7340000000000001,0.39299999999999996,0.46799999999999997,0.805,96.19
0Gj7eAHXnuPk36VvtX5Oiz,Pass the Vibe,['5 Fingers of Funk'],263413,1997,True,,0.8809999999999999,0.514,0.159,0.86,97.009
7iNR5E6JKZyqwGdlhr0Skt,Look at Where You At,['5 Fingers of Funk'],207333,1997,True,,0.857,0.58,0.287,0.895,102.073
7rDMqm8Ls6FDjmlKG3GRZi,Portland Poetry Reading,['5 Fingers of Funk'],45333,1997,True,,0.601,0.47,0.955,0.555,116.648
2F9iVHuv6MBEXAyQFMLzvT,Posters,['5 Fingers of Funk'],259307,1997,True,,0.884,0.366,0.0723,0.249,96.565
1xjxF24U8K4zMUOkX7q0F2,Comin' out the Cellar,['5 Fingers of Funk'],205827,1997,True,,0.843,0.435,0.0309,0.267,95.95200000000001
29lXj0M42iLsXUrO9YCFg3,Chill's Advisory,['5 Fingers of Funk'],26773,1997,True,,0.585,0.136,0.9209999999999999,0.675,78.268
7cE5zOZGcjOh48SGbTkgoy,Whoose Loadin'?,['5 Fingers of Funk'],235387,1997,True,,0.627,0.627,0.0775,0.4920000000000001,117.979
3uVyGT8kBpIdCKdXKy7a4o,Funky 97,['5 Fingers of Funk'],269827,1997,True,,0.836,0.604,0.131,0.684,99.01299999999999
0EZbC1gf76X3B5AAnqwjR8,Autumn Blue,['5 Fingers of Funk'],234320,1997,True,,0.6459999999999999,0.4270000000000001,0.0356,0.267,172.767
0grcO8ePLcjSiRrK7u8cN7,D.J. Chill in Phoneland II,['5 Fingers of Funk'],51973,1997,True,,0.7929999999999999,0.74,0.963,0.5589999999999999,95.616
0h8QcBir7e1iDoXLCZK8yT,You Jane Me Funky,['5 Fingers of Funk'],188880,1997,True,,0.883,0.6920000000000001,0.11,0.9279999999999999,97.921
2xl11YFAPRJURDkb95gIiL,Falcon Freestyle,['5 Fingers of Funk'],319027,1997,True,,0.532,0.667,0.13,0.625,87.478
5BBhZ7sMLe4stsccao9DVm,50°,['Popnoname'],237853,2013,False,,0.207,0.36,0.605,0.115,59.485
3DW1jy8FX7oYCzqgbMmY7r,5th World Symphony,['Seahawks'],520536,2019,False,,0.392,0.4970000000000001,0.371,0.14,179.96400000000003
1XisvIQoDeo9ebebGFmbkp,The Chant,['54-40'],273360,2008,False,,0.51,0.784,0.00494,0.6759999999999999,106.288
3jxjeNFNifJUoO3Dk5gP8p,Snap,['54-40'],242467,2008,False,,0.534,0.883,0.00987,0.5770000000000001,136.38
41BbIpznhux7lq9B983moa,The Scare Of Meaning Less,['54-40'],188027,2008,False,,0.43799999999999994,0.8320000000000001,0.0012,0.848,80.247
04lCP1Wptxscoh2Rtmg3y5,Northern Soul,['54-40'],251107,2008,False,,0.479,0.648,0.33399999999999996,0.309,132.285
1dWbsC18tV4esaA2Ag6jgi,Where Did The Money Go,['54-40'],231667,2008,False,,0.41100000000000003,0.659,0.0158,0.493,162.444
2mNC2dVAaLDSh1YOT4DOao,One Hundred Songs,['54-40'],206560,2008,False,,0.565,0.6559999999999999,0.13,0.606,112.43
0h9MB8Wjyb3UWrBSzbrIIf,Shade Grows,['54-40'],215027,2008,False,,0.5870000000000001,0.386,0.6509999999999999,0.17300000000000001,110.34200000000001
2lGjt8X7cTDYlbxk0404LP,Moonbeach,['54-40'],252027,2008,False,,0.531,0.447,0.262,0.0928,116.34299999999999
43hujWwasZuOpfdMMz2BI4,The Wind Down,['54-40'],223693,2008,False,,0.501,0.8240000000000001,0.00137,0.833,129.82399999999998
2iSWL0dfglEBB4Bg5kF3B4,To Face Your Eyes,['54-40'],196440,2008,False,,0.387,0.902,0.00808,0.5870000000000001,75.214
36ERPzEVvMsmoumIMDB4Zs,Lucky,['54-40'],181867,2008,False,,0.353,0.22699999999999998,0.83,0.24600000000000002,78.582
2UWQKuEOQPLOdwkY3s5g51,501- To Da 316 (feat. Cypha & Spice),['Jaxter'],261213,2009,False,,0.8390000000000001,0.615,0.055,0.695,147.011
7fO9TOGxDkcCTcFxZIpFAc,50 Ways To Leave Your Lover,['Jungli'],202107,2008,False,,0.857,0.489,0.706,0.619,95.102
3KbckveVWRzqoa08wf6mBx,50 Ways,['Telekinesis'],210413,2011,False,,0.466,0.551,0.000647,0.361,168.708
4KAhzP6QUrgJbeSk6gU6b4,500 Years,['Yarina'],54800,1993,False,,0.344,0.273,0.579,0.0824,85.257
21mWCgDXrK124ePp79NrvK,500 Miles High,['Azymuth'],339173,1990,False,,0.528,0.504,0.295,0.433,143.369
769LZCR7impwigYTc0g2Q8,5 Am,['Dela'],187817,2020,False,,0.765,0.425,0.16,0.9229999999999999,92.021
36TNIRQP1BsR94UEFpHZEN,5mc,['BRONxxx'],55947,2015,False,,0.857,0.349,0.315,0.813,107.436
5t1pd8LLMgEqlgP2IENjHE,5&1/2 Minute Hallway,['Poe'],213200,2004,False,,0.581,0.493,0.0663,0.376,139.911
5YDmQQVqxcYUhpqIj4i1i5,"Hot Pink, Distorted",['50 Foot Wave'],215547,2006,False,,0.521,0.841,9.15e-05,0.7240000000000001,134.012
10f2SjwzguzS7hDKZbYUIZ,Vena Cava,['50 Foot Wave'],238560,2006,False,,0.348,0.7959999999999999,1.76e-05,0.625,133.82
2yxU95Rl3pqQzPEJOp2057,Pretty Ugly,['50 Foot Wave'],176720,2006,False,,0.4,0.735,0.000705,0.474,99.99799999999999
3gDM9cKonFsfGhQtHv75Ga,Animal,['50 Foot Wave'],187520,2006,False,,0.483,0.9390000000000001,2.24e-05,0.764,109.961
5hLzYU0KqWMj08rOUAsNlF,The Fuchsia Wall,['50 Foot Wave'],152533,2006,False,,0.469,0.884,5.9699999999999994e-05,0.613,133.893
5dAqXiBUuwUzQlXR6eT7n4,Call Us What U Call Us,"['DTTX', '5th Sun']",281533,2004,True,,0.888,0.518,0.204,0.465,90.669
6vsecsfkvAC5kslKhHAAaJ,5-10-15 Hours,['Pinetop Perkins'],286800,2012,False,,0.499,0.659,0.184,0.693,118.109
46WgIsJhdYGZLGpbAgxgBP,5035,['Toronto'],200560,1980,False,,0.626,0.8290000000000001,0.0353,0.863,127.229
27E8VP4yS848Iqbl8ijDmQ,Te Equivocas,['Toma 5'],153320,2002,False,,0.545,0.534,0.541,0.607,109.84200000000001
5Pssn8UnTvVQcNc3atOyrN,Intro,"['50/50 Twin', 'Mobb Boss']",104280,2007,True,,0.58,0.44,0.0005009999999999999,0.7609999999999999,76.15100000000002
0VlplxeyZVdM71VO1vp2xZ,Popped Up Twice,"['50/50 Twin', 'Lil C', 'Ronald Rich']",225880,2007,True,,0.685,0.768,0.0023899999999999998,0.191,136.049
1aGvg0G8Vp1RDOxYd2bDzY,Texas Drank,"['50/50 Twin', 'Fireboy', 'Lo-Star']",250427,2007,True,,0.903,0.581,0.0345,0.7,138.096
1jd91O0RHUR1OF2o7Zqe7G,Set In Off,"['50/50 Twin', 'Moe D', 'Go Hard Squad']",256347,2007,True,,0.77,0.835,0.115,0.759,135.063
0UjUZsSPCd8NSoKz9laDre,Birds Flock 2getha,"['50/50 Twin', 'Ronald Rich']",208467,2007,True,,0.693,0.345,0.00193,0.758,77.05
7qCcHyTHQpMMedEiNswhQY,Ratatatadaa,"['50/50 Twin', 'Eddie Hall', 'Flex']",297533,2007,True,,0.789,0.711,0.239,0.594,78.009
2muwVQJqb3j4cmzFQvKSfe,I Feel Ya!,"['50/50 Twin', 'Big Jinx', 'DMR Click', 'Lo-Star']",271680,2007,True,,0.6970000000000001,0.589,0.18600000000000005,0.841,147.02200000000005
4y5pEGueQu5zRu17MqaEvY,26's Countin Benji's,"['50/50 Twin', 'Ronald Rich']",238240,2007,True,,0.648,0.66,0.00325,0.495,146.931
1T2s79FKSKF0oTT81nxixO,Ching Ching,['50/50 Twin'],237173,2007,True,,0.81,0.608,0.024,0.6409999999999999,85.006
1PpEwWEwhr9CJWJtUGY0DX,In My Grill,"['50/50 Twin', 'Lo-Star']",168240,2007,True,,0.6729999999999999,0.455,0.0705,0.706,75.002
27Z0GGNnmLYKZOWGiNlFmJ,Stacks On Deck,"['50/50 Twin', 'Mr. Kalla']",163013,2007,True,,0.828,0.256,0.015,0.512,85.021
4XDwodFBy2HDYvsiV9Im1X,You Don't Know,['50/50 Twin'],178320,2007,True,,0.5579999999999999,0.716,0.0309,0.16899999999999998,76.59100000000002
0e71RUoCYt7GyJM4XPLGdH,Get Up Off Yo A$$,"['50/50 Twin', 'DMR Click', 'Stack Pack']",420520,2007,True,,0.625,0.8190000000000001,0.019,0.3720000000000001,149.964
5KnL8tiCJUeKpRo3vV7cnB,Bout My Paper Boy,"['50/50 Twin', 'Lo-Star', 'Tiny Dime', 'Ronald Rich']",264280,2007,True,,0.747,0.7979999999999999,0.11900000000000001,0.8009999999999999,148.065
3lueGHIpr8IUcQyoXu7bce,Outro,"['50/50 Twin', 'Mobb Boss']",106400,2007,True,,0.652,0.456,0.000404,0.7929999999999999,75.997
2Oiv6CTGUTIfAY2iapPQyz,53,['Pascal Pinon'],235348,2016,False,,0.5329999999999999,0.122,0.915,0.242,106.448
0qL4CUd0nVXBp3KYeIAw5N,54-40 Or Fight,['Mono men'],210400,2005,False,,0.245,0.9740000000000001,0.00911,0.359,174.571
38XdBERhmh5Y4E3APur6Za,I'm Out,['Area 51'],307573,2009,False,,0.6809999999999999,0.79,0.0725,0.722,155.94799999999995
2mS1fGP8rHlZdQjwRETozD,Work Dat Scale,['Area 51'],243413,2009,False,,0.643,0.732,0.0306,0.613,136.054
1GOEuVyz1oeDywehCM6xFK,5 di mattina,['OGM'],241773,2010,False,,0.684,0.8690000000000001,0.000488,0.669,150.042
3OQJESR29iahOFOvLYCB9E,Aquarius/Let The Sunshine In (The Flesh Failures) - Remastered,['The 5th Dimension'],287507,2004,False,,0.29600000000000004,0.584,0.153,0.499,118.14399999999999
1bKQeepTAEYlpn8wpL7iDn,Stoned Soul Picnic,['The 5th Dimension'],206227,2004,False,,0.557,0.44799999999999995,0.2,0.733,93.65799999999999
4o2Tmfro1s1Draag51Kssk,Up-Up And Away,['The 5th Dimension'],157040,2004,False,,0.22,0.413,0.625,0.508,162.084
5766QQQ0ssrdVAe7VGE2BM,One Less Bell to Answer,['The 5th Dimension'],207907,2004,False,,0.247,0.31,0.745,0.483,198.82
6NWH4A39SBMN04IdVuTV2c,Sweet Blindness,['The 5th Dimension'],202293,2004,False,,0.41100000000000003,0.57,0.622,0.826,162.954
0OJmo2GQf6WL95gWjnzbut,Puppet Man,['The 5th Dimension'],176587,2004,False,,0.53,0.687,0.297,0.892,92.68299999999999
4ZtvoJKwDJ5dVBPVov9K1J,If I Could Reach You,['The 5th Dimension'],186493,2004,False,,0.24600000000000002,0.284,0.8059999999999999,0.2,150.29
3lYfgKXH6VyXR6BQBiL76z,Go Where You Wanna Go,['The 5th Dimension'],142200,2004,False,,0.544,0.52,0.512,0.915,114.321
1xRCij6zwYas5BvM4pLsWJ,Medley: The Worst That Could Happen/Wedding Bell Blues,['The 5th Dimension'],309693,2004,False,,0.32799999999999996,0.4320000000000001,0.5579999999999999,0.313,117.98899999999999
1IBQIBEtbihpwpJee6nlP5,Paper Cup - Remastered 2000,['The 5th Dimension'],161827,2004,False,,0.6629999999999999,0.509,0.38,0.691,115.13600000000001
39rBMnT2vbQ6TrGrDeKUyA,(Last Night) I Didn't Get To Sleep At All,['The 5th Dimension'],189600,2004,False,,0.6679999999999999,0.5720000000000001,0.45299999999999996,0.5489999999999999,105.166
1rWi5Oj68dG9Nv7e15eT8X,Blowing Away - Remastered,['The 5th Dimension'],149427,2004,False,,0.46399999999999997,0.513,0.271,0.856,119.071
1uXNGtOIfzozjRBX5ELZKM,The Girls' Song - Digitally Remastered 1997,['The 5th Dimension'],221387,2004,False,,0.518,0.368,0.157,0.529,115.31200000000001
1Cv0dgViWr8KQmN1k64o76,Carpet Man - Digitally Remastered 1997,['The 5th Dimension'],183733,2004,False,,0.336,0.667,0.121,0.765,173.74900000000005
2NaophHx1CDYsqUHlCcHXu,"Love's Lines, Angles And Rhymes",['The 5th Dimension'],248813,2004,False,,0.42,0.441,0.6809999999999999,0.513,142.971
43hW5CoJoevmX8g5RIieCW,Ashes To Ashes,['The 5th Dimension'],230160,2004,False,,0.564,0.6459999999999999,0.622,0.892,142.511
4PfiHuWEtwLGxxhXaTzyyw,Save the Country,['The 5th Dimension'],158187,2004,False,,0.541,0.57,0.322,0.738,133.037
6pyfy3LoAtJ9lNWN98W9DA,California Soul,['The 5th Dimension'],191960,2004,False,,0.595,0.541,0.226,0.701,99.15899999999999
160jWqoVS1OJKpc4N1mcAu,Never My Love,['The 5th Dimension'],235040,2004,False,,0.319,0.45299999999999996,0.723,0.247,81.87100000000002
1oxtlUVC1mEhsx6mIDT0O1,Workin' On A Groovy Thing,['The 5th Dimension'],188347,2004,False,,0.6509999999999999,0.56,0.401,0.919,104.258
3a2yDzqd7IeYnLqr8YuAmw,Then You Can Tell Me Goodbye,['The 5th Dimension'],214027,2004,False,,0.221,0.369,0.635,0.419,169.31599999999997
7zamghXhmtEo5wJ2aGUyvx,Ty Cobb,['Flatfoot 56'],219038,2017,False,,0.414,0.981,0.00967,0.503,128.66
3UAOonm1deX4jnrFIuUqiJ,Stutter,['Flatfoot 56'],162785,2017,False,,0.44299999999999995,0.9740000000000001,0.000129,0.379,96.64299999999999
69pSlVqUvamikBfi3AkUKH,Penny,['Flatfoot 56'],139429,2017,False,,0.16899999999999998,0.9740000000000001,0.0027,0.467,87.55799999999998
1ihgmi7Dmuej4FMV4Ejcfg,Odd Boat,['Flatfoot 56'],208808,2017,False,,0.515,0.968,0.015,0.675,99.35
17bpOPppYzbbgD4ji6bwfu,Englewood,['Flatfoot 56'],119733,2017,False,,0.331,0.9420000000000001,0.00018700000000000002,0.386,173.56099999999995
1Eiiq8LjuM1jcEZk7qbVlQ,Forward,['Flatfoot 56'],224991,2017,False,,0.359,0.935,0.009890000000000001,0.295,95.943
3pE7US1jyjxws04hJNH6ld,The Crippling,['Flatfoot 56'],176524,2017,False,,0.243,0.983,0.00635,0.34600000000000003,149.27700000000004
4mYBCxQTwC3Aw1ukx7qH4q,Curtains,['Flatfoot 56'],243487,2017,False,,0.40700000000000003,0.972,0.00042699999999999997,0.401,96.37100000000001
7k505S9RYOPz3ecLH4GIKV,KPM,['Flatfoot 56'],194899,2017,False,,0.56,0.632,0.0691,0.39399999999999996,109.959
5okQyHwvgI7fBMyf6dK7wQ,P.S.,['Flatfoot 56'],159324,2017,False,,0.359,0.986,0.00131,0.26899999999999996,105.025
2RpdTyuGNUPm8d4Fz18xE3,The Trap,['Flatfoot 56'],149998,2017,False,,0.345,0.943,0.000337,0.597,92.574
0gXS73RlTfuVB00dBEEihZ,A Voice,['Flatfoot 56'],217421,2017,False,,0.563,0.58,0.00891,0.67,133.66899999999998
2lkrxoELQHGxGCXsEkwMJB,the one thing,"[""Dead 50's""]",316253,2001,False,,0.22899999999999998,0.6990000000000001,0.000297,0.385,93.075
3eLpku93CmZpi0VKNvDenK,heck of a guy,"[""Dead 50's""]",211760,2001,False,,0.501,0.8640000000000001,0.00305,0.8009999999999999,85.24799999999998
0bMyyGNRu1BsaEHISq80P7,all-e-all,"[""Dead 50's""]",374280,2001,False,,0.26,0.7090000000000001,0.0004860000000000001,0.265,89.376
16VD2qveKWB7qAFmvC2iYk,one too many,"[""Dead 50's""]",157987,2001,False,,0.248,0.872,0.000176,0.51,89.13799999999998
3d98T59Rr8U5di0aWL7mV1,beautiful thing,"[""Dead 50's""]",332773,2001,False,,0.297,0.74,0.000103,0.609,150.482
4qSz8CNdFbrJo9GURYvNKA,shame,"[""Dead 50's""]",300107,2001,False,,0.5589999999999999,0.32899999999999996,0.147,0.82,76.045
1QTcAHqyK5UUJnUwNYxJ1S,short bus,"[""Dead 50's""]",269333,2001,False,,0.253,0.867,0.000205,0.525,141.735
6OQr1MJjQqsTGNMcfS1PwR,when life is too much,"[""Dead 50's""]",166147,2001,False,,0.602,0.0772,0.877,0.353,94.839
5F5deyhOGwbLSOuc8yMjmX,so down,"[""Dead 50's""]",219080,2001,False,,0.405,0.8909999999999999,1.92e-05,0.575,95.57
0s4RoS8J1YTAEvvF3LkFNz,stronger,"[""Dead 50's""]",643813,2001,False,,0.273,0.175,0.00032,0.239,122.64399999999999
38F932PPMTfprcCtcOjlax,Popcorn - Radio Edit,['Madagascar 5'],201667,2005,False,,0.8440000000000001,0.747,0.0401,0.715,129.994
7qzsyH0DWfROa51crzAQwU,Popcorn,['Madagascar 5'],319000,2005,False,,0.852,0.813,0.0353,0.7170000000000001,129.994
47fgfGQwwflhWgoE5dQOd1,Popcorn - Extended Version,['Madagascar 5'],408280,2005,False,,0.8440000000000001,0.8,0.0273,0.777,130.015
1oXqh6K9ryXt1D8EEB2yTs,Summer Dance Party,['Madagascar 5'],182707,2005,False,,0.655,0.8809999999999999,0.00643,0.645,125.96700000000001
6cHXw5TLDo4XnXsHmsqbHm,The Regret,['500 Miles To Memphis'],308320,2010,False,,0.462,0.963,0.000897,0.442,160.01
4o7ptmu6zbAyY1MN6LlzPd,Babalik,['After 5'],225592,2017,False,,0.7090000000000001,0.71,0.0583,0.46,99.991
0Pm4y5ZK7hnhzaQwpEl3xP,Paano Na,['After 5'],211624,2017,False,,0.67,0.853,0.36200000000000004,0.885,93.016
2QMRJPYaGrol8eeOOR6Wpt,17 Reasons,['11/5'],310733,1998,True,,0.6579999999999999,0.7290000000000001,0.0143,0.68,183.989
2jOy8WRI0EqCYZF2BIDCbe,5 out of 6,['Dessa'],212680,2018,True,,0.648,0.765,0.0506,0.8320000000000001,156.04399999999995
4qIPSgvqri8XcirtRO6KjP,5 Out of 6,['Dessa'],212680,2018,True,,0.648,0.765,0.0506,0.8320000000000001,156.04399999999995
135wiRzQldtVxHnYUJxFil,50 Seven,['Madchild'],205199,2015,True,,0.7340000000000001,0.9390000000000001,0.3,0.585,93.012
6pckOR9O4OAWZmbmjyAt6t,517,['BONES'],184250,2019,True,,0.9079999999999999,0.503,0.0602,0.294,119.992
4Zm2JBfZDmhk5aCC3NpoZ1,Easy To Love,['54-40'],228720,2005,False,,0.615,0.818,0.0157,0.754,113.977
0GJtzaQvxiDTl5qgsJdQGn,Can't Get Enough,['54-40'],238640,2005,False,,0.5920000000000001,0.825,0.000566,0.9620000000000001,122.90899999999999
2rJg7m43QH5vqqh0t3kRsS,Golden Sun,['54-40'],275973,2005,False,,0.6970000000000001,0.773,0.0009310000000000001,0.98,128.02
2kKBFuMDxfsudW5l1YHZuq,Stopline,['54-40'],365293,2005,False,,0.596,0.713,0.0038399999999999997,0.7759999999999999,156.04399999999995
3f60j9CxNOrgNTK3gDG2xi,This Is Here This Is Now,['54-40'],261427,2005,False,,0.531,0.638,0.0132,0.498,120.93700000000001
6UZDxIBQg53XtHHtui9dme,All About Love,['54-40'],192613,2005,False,,0.706,0.608,0.0018100000000000002,0.778,138.019
2fDCWoP9MOjuTELjI2Ah7P,Blue Plate Special,['54-40'],224147,2005,False,,0.5579999999999999,0.735,0.00267,0.747,149.071
7qqgaKnQ31z5FxZHLrVweQ,Beautiful Self,['54-40'],218480,2005,False,,0.5670000000000001,0.861,0.00944,0.8809999999999999,112.986
7eMgZnIdoIcC81Ef5FhbFI,Calling You Out,['54-40'],180027,2005,False,,0.524,0.9079999999999999,9.67e-05,0.972,98.031
0MuLXmC2geSZse1ORU66TD,Another Kiss,['54-40'],186440,2005,False,,0.359,0.871,0.000285,0.469,169.95
6EpoxW9hlu0L6rMymKHjPe,On The Road Home,['54-40'],238493,2005,False,,0.521,0.847,0.011000000000000001,0.7020000000000001,102.0
788fWhrIwYxlTr0oGbJ7R6,52hz Whale,['Cloakroom'],252760,2017,False,,0.36200000000000004,0.217,0.0131,0.139,84.469
2AJQXnSGqhS9bmuoSq9889,500 грамм и 2 грамма,['ЩЕНКИ'],168000,2015,True,,0.9079999999999999,0.76,0.0991,0.348,105.016
6ci4w05Xx9vXHleWMPRBco,5d,['Sevdaliza'],199437,2018,False,,0.5489999999999999,0.382,0.0351,0.0994,142.181
3p175T2gJg87lyIYhQkheG,5A.M. When The Night Kisses The Day,['Stendeck'],108200,2006,False,,0.15,0.0697,0.955,0.0673,59.806000000000004
03IzC9OXISqxFmXTV3Jpc0,Strike The Match,['Powerman 5000'],247960,1994,False,,0.47,0.735,0.0391,0.368,108.58200000000001
4Zo7nRoAH2zrRsse1vYmDg,Organizized,['Powerman 5000'],227973,1994,False,,0.508,0.785,0.000984,0.8029999999999999,161.05
6U1JvOmw1yo6D71rqXoey3,Hell Burns With Fire,['Powerman 5000'],49893,1994,False,,0.816,0.524,0.0648,0.545,81.067
4QzuBGuL7d5apOgspBet92,What If,['Powerman 5000'],309067,1994,False,,0.54,0.523,0.36200000000000004,0.289,122.635
0SHiVbZO8NJV1dbTo67nYl,My Tongue Is My Life,['Powerman 5000'],90200,1994,False,,0.807,0.445,0.0719,0.59,80.952
3cbbcV7nmGKXsEX4Y0f6iZ,End,['Powerman 5000'],257640,1994,False,,0.521,0.7240000000000001,0.0399,0.535,142.173
1h6r4qEJeMObYEH2i1k6Q2,Eye Out,['Powerman 5000'],81093,1994,False,,0.435,0.28600000000000003,0.0153,0.124,73.959
6GwQcsDlPubNBbg1IefTKE,Soy Muy Hombre,['Els 5 Xics'],154107,2013,False,,0.569,0.795,0.11900000000000001,0.5579999999999999,130.64
0wmMLdMtTzseJKrYRyeLCr,5 Foot Power House (Run),['Wyse'],203407,2017,False,,0.562,0.32,0.0272,0.25,153.953
5fBpM4WhkRG7VtSmcvV0FY,50/50 on the Whole Thing,['Rainbow Room'],100988,2019,False,,0.602,0.91,0.16699999999999998,0.769,171.99
1MiGJccBhG1r8HacpGHdkY,50 Years,['Foxpaw'],193133,2017,False,,0.518,0.161,0.852,0.406,97.57700000000001
5Qh7bcBDT40WEOq4ZfBA7c,Eye of the Moon,['Stone 588'],276333,1999,False,,0.14400000000000002,0.562,0.828,0.525,205.563
4Fbpf5sMBB9neFoTi9KMFS,5475 Days Part I,['Skink'],207907,2008,False,,0.154,0.6920000000000001,0.85,0.0449,134.644
4b4OBDusYiChcnwHh28Bra,5475 Days Part II,['Skink'],427560,2008,False,,0.134,0.33,0.794,0.0338,77.133
5BCXoWB1Fo6WwhsdhgAWIG,5475 Days Part III,['Skink'],356947,2008,False,,0.263,0.0862,0.991,0.0263,69.984
3NMH3XPtzQaUisHV7ddPuy,5475 Days Part IV,['Skink'],164200,2008,False,,0.0632,0.8059999999999999,0.953,0.0342,70.53
38cGspvLQOyV3JOj6jy137,5475 Days Part V,['Skink'],102413,2008,False,,0.32799999999999996,0.14300000000000002,0.867,0.34,101.50399999999999
1mVN6F09mqgACUAap8jLMQ,5475 Days Part VI,['Skink'],185000,2008,False,,0.0601,0.39399999999999996,0.89,0.0376,60.338
4VS8E0Yhn46AnyDkwEjLXO,5475 Days Part VII,['Skink'],188280,2008,False,,0.478,0.9229999999999999,0.20800000000000002,0.312,125.42
0wM3Pgjf9bFFoK7pADKTA3,5. März,['Megaherz'],257600,2008,False,,0.616,0.836,0.000889,0.451,100.03299999999999
6PdQ8kBLuyefEBkCj7lgEq,500 Letter - Live,['Tarja'],254080,2018,False,,0.35,0.8059999999999999,0.0111,0.34700000000000003,89.80799999999998
4xy6wIya4Dx5aAeMjjaL6J,"50 Palabras, 60 Palabras o 100",['Mecano'],241947,1986,False,,0.769,0.6609999999999999,0.179,0.816,104.37
2R8J1gHgLPnoC06ojQkOry,5th of July,['Flake'],223533,1996,False,,0.44,0.757,0.000509,0.816,76.796
7oetQwrQDI0Gnm8PboDjZ2,5 Minutes Alone - 2014 Remaster,['Pantera'],348187,2014,False,,0.504,0.929,0.00148,0.5379999999999999,95.738
3qzil7yg1i1P9xe5jtxcNt,5.15 AM - Version,['Dubsalon'],314000,2018,False,,0.598,0.789,0.0869,0.89,75.015
5wZ6WkbxNJoKEPu7L4dIex,Aquarius/Let The Sunshine In (The Flesh Failures) [Remastered],['The 5th Dimension'],286493,2001,False,,0.292,0.728,0.40399999999999997,0.524,118.23
6RtiYzLt3CeA9tpKvK5PxY,Keep your Eyes on yours,['50 Cent'],245827,2003,True,,0.782,0.48,0.00772,0.634,90.68799999999999
0h2m1oZFgWanha59ntnlsX,"No, No!",['50 Cent'],234680,2003,True,,0.625,0.519,0.0746,0.6629999999999999,86.92299999999999
0sP7sFMD8tKMD8BuarVwEn,Back 4 That,['50 Cent'],214933,2003,True,,0.6970000000000001,0.586,0.0213,0.698,93.93299999999999
0gzRe2KeO2GKYzHibsUgML,Gangsta Style,['50 Cent'],222600,2003,True,,0.79,0.636,0.0108,0.747,96.932
4KobhdHRpzTYiaZIW46aUu,It's a Hit,['50 Cent'],224213,2003,True,,0.868,0.284,0.0031,0.26,91.03
2u557fu7hLTdz68Z0XwmvJ,My Baby,"['50 Cent', 'Da Angels']",196920,2003,True,,0.883,0.39299999999999996,0.295,0.914,95.26899999999999
2b5OHCKhBQeF4sEZ7GliKW,Bump Dat,"['50 Cent', 'Tony Yeyo']",170227,2003,True,,0.785,0.52,0.228,0.5710000000000001,95.271
33l6gl86mEux18z8Xmph7K,No One on One,['50 Cent'],184027,2003,True,,0.657,0.687,0.0741,0.3,84.287
7A4PDkbvMpI1qs1Va91hoC,One Day In Your Life,['54-40'],254520,2018,False,,0.6579999999999999,0.5489999999999999,0.0512,0.542,133.735
1EBWuCPKyUVwpUF8lZrkz2,The Hacienda Must Be Re:Built - Tim Davison & Nicko Izzo Remix,"['Sound 5', 'Nicko Izzo', 'Tim Davison']",515747,2016,False,,0.711,0.94,0.00256,0.6509999999999999,128.011
0QVoEkqSxlK6N2eUTS2lQH,Summer Moon,['50 Mission Crush'],263533,2001,False,,0.278,0.93,0.008870000000000001,0.48200000000000004,163.658
5aXSIED1lgsINJgnuJrd1C,Xanz,['50 Sosa'],208040,2018,True,,0.8109999999999999,0.645,0.188,0.69,149.905
72ScoefgCaou3nOIzR0oLT,Wasted,"['50 Sosa', 'Big Oso Loc']",151407,2018,True,,0.8959999999999999,0.608,0.0142,0.235,99.98100000000001
3YX7YPvlvJG76Ky4M33qUb,Shootout,['50 Sosa'],175309,2018,True,,0.7959999999999999,0.597,0.138,0.45299999999999996,133.069
2nOcM2JIivOtDwY546Zq4h,El Chapo,['50 Sosa'],166767,2018,True,,0.917,0.643,0.175,0.26,95.04299999999999
1N3frYC2BcwlNBzRKE2pAh,Bad Bxtch,['50 Sosa'],173271,2018,True,,0.94,0.5820000000000001,0.314,0.225,97.999
0uhPTCwGSMZPtRBhnDLHzx,Cuerno de Chivo,['50 Sosa'],165826,2018,True,,0.6970000000000001,0.8029999999999999,0.27399999999999997,0.424,76.008
5eOjEg72KDVf2UnfrPYWqW,Golden State Anthem,"['50 Sosa', 'Mo Keed']",119015,2018,True,,0.662,0.884,0.221,0.146,99.115
7GJZrqmqhCjmDyWIr0ulaJ,My Ni99az,['50 Sosa'],146888,2018,True,,0.866,0.743,0.0935,0.3670000000000001,89.98100000000002
5hJEqeZXU3TQQf0oOfoli6,I Miss You,"['50 Sosa', 'Monia']",184974,2018,False,,0.7559999999999999,0.604,0.598,0.5329999999999999,94.969
7fp5EyXIpQDTbeE6DENyy5,Thugstyle,"['50 Sosa', 'Jr Sosa']",161046,2018,True,,0.782,0.5710000000000001,0.0273,0.315,92.01299999999999
36NcdWLiGLMGFXQei34ffW,"5, 6",['simakDialog'],275520,2013,False,,0.5720000000000001,0.3,0.392,0.589,126.603
14P0lmfgasjkBi0KMdalrk,The Hacienda Must Be Re:built - Nicko Izzo & Tim Davison Remix,['Sound 5'],515747,2010,False,,0.711,0.94,0.00256,0.6509999999999999,128.011
7nL1YtQltLf45PAIfHKPql,5 Bars,['Oriol'],249373,2010,False,,0.6940000000000001,0.805,0.171,0.722,114.99
6JmsgstGduWOld4R8KHzqc,52 Hertz,['Protonaut'],271665,2018,False,,0.26,0.662,0.0698,0.203,173.206
3P8LJqmPlgIxiV0by4Qspa,50 Ways to Say Goodbye,['Train'],248080,2018,False,,0.593,0.91,0.000304,0.753,140.032
5NRp0NIDE8DlYUncbPDyo3,#5,['AroarA'],283566,2013,False,,0.33299999999999996,0.5720000000000001,0.9440000000000001,0.165,169.959
0gvoxgYKDroxlwP55cXcAx,Easier,['5 Seconds of Summer'],156840,2019,False,,0.43,0.426,0.462,0.624,174.31599999999997
1glqzXBEEkCtxs48cYtH4d,5013,['ambinate'],117000,2016,False,,0.7,0.486,0.8759999999999999,0.649,98.0
0TMoyqtUUlQW7u29Ihwk3J,Out of Time (feat. Eric Lumiere) - Sagan Remix,"['Shane 54', 'Cubicore', 'Eric Lumiere', 'Sagan']",200884,2018,False,,0.691,0.93,0.064,0.19,128.018
7HB0q9q0r4TFnTVP2T622R,The Bread Winner,['Jurassic 5'],257893,2002,False,,0.951,0.722,0.14800000000000002,0.927,102.991
6rEuqA086AdA0IkiD9GXEk,Human Prototype,"['APER7URE', '5haus']",303750,2019,False,,0.541,0.872,0.22899999999999998,0.0342,127.975
6Wq6lACeE59dGprkxnj3VH,Stoned Soul Picnic,['5Th Dimension'],212933,2015,False,,0.304,0.531,0.0471,0.784,186.266
3dbqOTwQ9rW5eEztKyNAwv,"Up, Up and Away",['5Th Dimension'],158600,2015,False,,0.267,0.426,0.623,0.516,160.773
2QvZEf8rubmzmpu93rf1ly,5 Horse Getaway,['Justin Johnson'],265680,2017,False,,0.413,0.7190000000000001,0.0028,0.5429999999999999,150.42600000000004
0X1vxw7tFzOlxRFPs96HgY,How to Rob (feat. The Madd Rapper),"['50 Cent', 'The Madd Rapper']",264800,1999,True,,0.7829999999999999,0.684,0.0378,0.794,96.884
1gHpF8cBdLmy86Et9S3ekH,Rowdy Rowdy,['50 Cent'],219800,1999,True,,0.713,0.589,0.00596,0.809,169.852
3FvNP22QsFU1TfzVuqI091,5am,['Smileyface'],227631,2016,True,,0.5770000000000001,0.594,0.24,0.647,135.19299999999998
1y1Sl0FRg9vy1VaZTGLEF2,"500 Bc to 30 Ad, the Enlightened Ones",['PANTHEIST'],793833,2018,False,,0.179,0.502,0.18100000000000002,0.0379,100.02799999999999
46pBUUsNmuB0J3c5BmydeX,Gas 5,['GAS'],836920,2008,False,,0.48100000000000004,0.7559999999999999,0.505,0.15,118.787
78CTv7ypHvXQlEjXYst2n9,Can't Leave 'Em Alone (feat. 50 Cent),"['Ciara', '50 Cent']",244760,2006,False,,0.527,0.696,0.209,0.499,100.61399999999999
3iaAGyQItKUwwcEisL4mR2,5ves,['Heiruspecs'],277600,2004,False,,0.57,0.5379999999999999,0.0609,0.263,111.64200000000001
7D2dvsmldkJ8TUXsxMe8up,5 пальцев,['Anacondaz'],276895,2009,True,,0.8059999999999999,0.755,0.0214,0.7929999999999999,87.01799999999999
6quup3qNMm9k3qG79P5uEO,50 Bands,['19ABDI'],198583,2020,True,,0.513,0.755,0.0426,0.594,168.15599999999995
2Xg2zhr3B4odLWSDLihsc1,All My Friends Are Crazy,['500 Miles To Memphis'],231267,2008,False,,0.5770000000000001,0.915,0.00701,0.679,134.928
0P0xKEqHj5X0zM3I1dCPLS,5h,['VILK'],221597,2019,True,,0.674,0.44,0.406,0.20199999999999999,95.045
0OWL90TD4wc1rHUS1URmW8,58th Star,['Stephenhero'],272973,2007,False,,0.326,0.57,0.0032600000000000003,0.235,170.334
1t9rWsnFWqdDpRulneFiYq,50s,['Tree'],73056,2012,True,,0.563,0.63,0.604,0.812,169.97400000000005
0Q15L2UY6RrZWYINKrfZXr,One Day In Your Life,['54-40'],254520,2018,False,,0.6579999999999999,0.5489999999999999,0.0512,0.542,133.735
6vDSNXvuajEJjZqiqtuCWK,5 Días,['Marcos Menchaca'],182853,2019,False,,0.627,0.19,0.706,0.324,119.944
4DAEP2PipzdunWEd29PGi6,5 Am,['Aceyalone'],224391,2019,True,,0.7659999999999999,0.569,0.00954,0.6709999999999999,140.005
5xpeaoMDingMiyNiblefNq,5 AM,['Esbe'],198669,2019,False,,0.747,0.5660000000000001,0.12,0.222,87.05799999999998
3jD3R01k15IBCuoZIgnMNY,"Banglasia You Happy I Happy (feat. 5forty2 & Ashtaka) [From ""Banglasia 2.0""]","['Namewee', '5Forty2', 'Ashtaka']",189168,2019,False,,0.743,0.863,0.0109,0.768,104.93
4bWiMcz70WIAY7qNzE7cWx,5AM EST,['Anamanaguchi'],126833,2017,False,,0.321,0.634,0.0621,0.5,115.03200000000001
0TlycsLiAodOWPeynOAA6s,Memories,['Maroon 5'],184853,2020,False,,0.767,0.331,0.847,0.5579999999999999,91.075
3SRU6nMcF9EhCSehoyMeFs,50:50 - Feat. Lily T,['JK'],298960,2006,False,,0.907,0.767,0.0554,0.83,108.954
25qGDulsqUJwz9VEZQvmqq,Ruination,['5argon'],123692,2016,False,,0.435,0.992,0.0033200000000000005,0.354,165.975
4oAer7P85D7xFNCvN7xLuL,Girls Like You,['Maroon 5'],213200,2018,False,,0.644,0.441,0.616,0.336,62.538000000000004
534TGPW8WRVaQHDbFSbK3C,Youngblood,['5 Seconds of Summer'],202093,2018,False,,0.628,0.853,0.0165,0.146,119.994
20iUxY2emX2FiCWfvE1xuH,Cove,['Bilo 503'],161051,2017,False,,0.618,0.361,0.64,0.266,146.046
10DU3bop1FffBplcaN84pZ,Bad Situation,['5 Spiritual Tones'],123813,2006,False,,0.606,0.708,0.261,0.843,104.928
0MvHKlk0vrxlImDgY8YLTP,500 connards sur la ligne de départ (Phénix Tour) - Live,['Renaud'],244560,2017,False,,0.441,0.9390000000000001,0.0135,0.445,155.023
0FUNub4wEY8Pl7gAm9Zc7H,50 Million Year Trip (Downside Up),['Kyuss'],349133,2018,False,,0.201,0.8370000000000001,0.000173,0.501,82.06700000000002
0NurAU9wVn1DkdqUnzASZZ,581c,['Laura'],229560,2014,False,,0.716,0.607,0.0022600000000000003,0.611,100.00299999999999
0bNxdphRyCxzkXOlFvGzw6,5am Planes,['FlukeLuke'],166588,2016,False,,0.649,0.652,0.262,0.5760000000000001,170.07
4cgqoOpmPZvxI1iTXoGmU1,One Less Bell To Answer,['The 5th Dimension'],209880,2009,False,,0.358,0.282,0.8109999999999999,0.42,96.23
3gKvmqCwex0EGuv5LgRnjG,Vada come vada,['Skantinato 58'],254920,2020,False,,0.54,0.677,0.0271,0.382,179.925
3bkk10441Lm1njjK41c1Iw,Senza Destino,['Skantinato 58'],234173,2020,False,,0.6940000000000001,0.574,0.10099999999999999,0.5579999999999999,109.95700000000001
08EcEPky2kYjSiNJ3tC1bP,Starlight - (Echospace Dub) [Mixed],"['Model 500', 'Echospace']",113400,2019,False,,0.644,0.935,0.000656,0.537,126.99700000000001
5mBC3ghXhrTtL3V8yvTWWz,5 A.M.,['Hendrix Harris'],274698,2020,False,,0.516,0.488,0.657,0.179,91.141
4yJGTO6tvOnNTA1ZW5uGtg,5 Star,['Benjah'],175575,2019,False,,0.777,0.6859999999999999,0.193,0.674,96.991
68McKcD3hIdgPdl96uCii4,Love Rush,['54-40'],203027,2003,False,,0.45299999999999996,0.872,0.000472,0.8079999999999999,149.924
0VtzOwYwMJd2VIYLWm1cEd,Plenty Emotion,['54-40'],219067,2003,False,,0.426,0.9259999999999999,5.51e-06,0.371,95.906
0pg0iMUykN2HP2TCb9mQVZ,Unbend,['54-40'],231840,2003,False,,0.598,0.879,0.0009369999999999999,0.914,99.95200000000001
35bRWVQEEZ6H5b4QXIbjSz,Casual Viewin',['54-40'],282493,2003,False,,0.623,0.91,0.00498,0.9640000000000001,124.96600000000001
3uYH9rpb4Bz8rllXKpis0Y,I Go Blind,['54-40'],175973,2003,False,,0.643,0.72,0.000346,0.68,120.06299999999999
1HuqjkVoaKX1YsI7XFVUBj,Since When,['54-40'],255067,2003,False,,0.732,0.83,0.0039,0.612,121.40100000000001
1qJzktE5AgsJNGwstNcoFC,Baby Ran,['54-40'],262627,2003,False,,0.431,0.937,3.94e-06,0.831,154.032
6LeBw6kY7ga2fUZlT4CqPJ,Crossing A Canyon,['54-40'],239573,2003,False,,0.5379999999999999,0.635,0.000709,0.262,92.848
5yxDAzSzRn93Ojc0H2K3lL,Lies To Me,['54-40'],202067,2003,False,,0.503,0.871,0.00013000000000000002,0.6409999999999999,129.42600000000002
624sSMF6TqClSnZdRAUFYp,Love You All,['54-40'],269333,2003,False,,0.591,0.9329999999999999,0.000526,0.546,121.12799999999999
3Hs7gmlnHFCz5YDsr5Tdo5,One Day In Your Life,['54-40'],257800,2003,False,,0.528,0.77,0.0016600000000000002,0.337,134.218
45FgsVxVonrm4KNCM0Y4s6,Blame Your Parents,['54-40'],267160,2003,False,,0.377,0.8809999999999999,6.68e-06,0.195,106.315
6wkKwnaMBT4IaLkAzN4sTj,Radio Luv Song,['54-40'],130267,2003,False,,0.507,0.797,3.35e-05,0.465,123.811
4MERszrP3aiyuKDRBmBWof,Assoholic,['54-40'],222107,2003,False,,0.38799999999999996,0.691,6.54e-05,0.242,132.774
29lE3cVVkw0XhcirKboxXm,Ocean Pearl,['54-40'],208493,2003,False,,0.664,0.8809999999999999,0.00010700000000000001,0.893,113.367
1e0LhwdeUbVTCTvec3Kzo1,One Gun,['54-40'],255067,2003,False,,0.5539999999999999,0.695,0.000417,0.513,136.02700000000002
6f8PxGfH95QNmX41sGemcd,She-La,['54-40'],250773,2003,False,,0.434,0.825,0.00343,0.305,113.179
6nCfgHPqkORuLludxKkHHn,Music Man,['54-40'],343467,2003,False,,0.685,0.799,0.00614,0.81,97.34
5NnyRu3me5qzBSBaMyEzq4,Nice To Luv You,['54-40'],263600,2003,False,,0.5489999999999999,0.743,0.0022199999999999998,0.392,117.976
7Jgt2AqXDKuvAyPW6M9Ini,50 Shades of Sex,['Taco'],234264,2017,True,,0.591,0.607,0.0496,0.439,148.485
1esigMU7cF7ElpLahydfOo,5th Element,['Trippjones'],126767,2020,True,,0.655,0.653,0.16399999999999998,0.414,139.941
5yCDYQ7tIvyRa0gkriQwML,5 Bags,['Onikz'],168135,2020,True,,0.882,0.7020000000000001,0.336,0.162,120.027
6NjdPmTeR4YYVL3ojWlE7J,Get Rich Or Die Trying,"['50 Cent, DJ Whoo Kid']",46092,2007,False,,0.532,0.915,0.8440000000000001,0.16399999999999998,139.804
4TVmgNUa26zhml0mOP6kh4,Samuel L Jackson Intro,"['50 Cent, DJ Whoo Kid']",63716,2007,False,,0.655,0.521,0.898,0.708,119.307
6rBinHgrskSieFrSDucGmM,300 Shots,"['50 Cent, DJ Whoo Kid']",363950,2007,False,,0.48,0.897,0.374,0.67,92.934
2KWh1Vmi1luTzZJuK16spc,We Don't Give A Fuck About You,"['50 Cent, DJ Whoo Kid']",216898,2007,False,,0.3670000000000001,0.872,0.187,0.373,178.447
2MxbFxPEy0BrjZrXUNkVwy,Just Gimme Mine,"['50 Cent, DJ Whoo Kid']",95504,2007,False,,0.706,0.8079999999999999,0.138,0.48200000000000004,92.601
7MnoU9nCBkApkXeCX7D6Le,50 Cent & Mase Interlude,"['50 Cent, DJ Whoo Kid']",100705,2007,False,,0.607,0.858,0.846,0.14300000000000002,87.598
5J826zOMgDn1XP8dilQZ12,Return Of The Murda,"['50 Cent, DJ Whoo Kid']",180512,2007,False,,0.602,0.884,0.449,0.376,86.73899999999998
01dH0e3ObDR5JFskjmjnFU,They Takin' Pictures,"['50 Cent, DJ Whoo Kid']",130752,2007,False,,0.8909999999999999,0.47100000000000003,0.0291,0.361,106.585
4ZX3XXrINJjAgwbCEZkEnF,MOP,"['50 Cent, DJ Whoo Kid']",88886,2007,False,,0.815,0.836,0.131,0.655,89.915
4wVmXFQ3MHJ3EiPxSuPYrg,So Seductive (LIVE In Atlanta For Massacre Tour),"['50 Cent, DJ Whoo Kid']",199831,2007,False,,0.369,0.7909999999999999,0.741,0.83,95.351
5kIDpFA6DOpjO9vyLnoNMn,Glitter N Glass,"['50 Cent, DJ Whoo Kid']",165976,2007,False,,0.546,0.905,0.0516,0.531,67.65100000000001
6SudoZijXJklm7LnaBJQZZ,We Run This,"['50 Cent, DJ Whoo Kid']",178631,2007,False,,0.665,0.7759999999999999,0.172,0.672,86.83
4ZaahaKvXLhbH3hLJGdCi3,Brooklyn NYG,"['50 Cent, DJ Whoo Kid']",98058,2007,False,,0.711,0.733,0.528,0.868,78.786
79MU9VX1AdsWyPUV7f5mgu,G-Code,"['50 Cent, DJ Whoo Kid']",96061,2007,False,,0.6990000000000001,0.647,0.127,0.519,86.149
5v9Vb9vZgi0fS07vn650xs,Be Dead,"['50 Cent, DJ Whoo Kid']",230481,2007,False,,0.7440000000000001,0.5479999999999999,0.066,0.628,154.311
7JcGTuRBFfY77RJz3ZcyUM,Niggas Gonna Kill Me,"['50 Cent, DJ Whoo Kid']",201154,2007,False,,0.48,0.748,0.268,0.6970000000000001,78.89699999999998
1PhPhGe6M5mk68FQ6Gdupn,Shorty Wanna Gansta Nigga,"['50 Cent, DJ Whoo Kid']",149281,2007,False,,0.7659999999999999,0.6729999999999999,0.29100000000000004,0.557,95.257
1eu9tzJRLYhOaDHMVBtpqN,G-Unit LIVE In St Louis - Massacre Tour Outro,"['50 Cent, DJ Whoo Kid']",204591,2007,False,,0.55,0.7240000000000001,0.73,0.297,100.205
0i709sWAVe11WaF9vbipix,Whoo Kid Xtra,"['50 Cent, DJ Whoo Kid']",7825,2007,False,,0.0,0.304,0.45899999999999996,0.0,0.0
213i3aKlpRBdXPZePWYWjB,Guns Come Out (LIVE In Los Angeles),"['50 Cent, DJ Whoo Kid']",131564,2007,False,,0.374,0.836,0.588,0.321,90.54899999999999
4fdVxAVBl7Cdxf7AbUdNju,G-Unit Radio Saturdays,"['50 Cent, DJ Whoo Kid']",41819,2007,False,,0.5529999999999999,0.877,0.426,0.698,87.18
5P8s5icmfEKp2GgVs6f7jL,"Godfrey, Gentrification, Gomez Bros","['50 Cent, DJ Whoo Kid']",83592,2007,False,,0.723,0.762,0.636,0.871,84.04899999999998
2bl8xRh2QLUvxlltDg9zLc,'56,['StoLyette'],274000,2020,False,,0.7879999999999999,0.5329999999999999,0.24100000000000002,0.495,111.955
1pL3TO6BHggOm1MBIbWCFk,50 Shades of Sex,['Taco'],234192,2017,True,,0.61,0.627,0.0622,0.4270000000000001,148.134
2oGY1X7Xd5kyL6B9s19D9A,56 Nights,['Future'],227248,2015,True,,0.847,0.522,0.107,0.276,122.935
3XdmqQkG9IoCszPiMh3qgx,I Don't Need You,"['Bat Boy Bankie', '55 Bagz']",184082,2020,True,,0.76,0.451,0.08900000000000001,0.51,147.007
43dQTsF1nKCO7AH1KP1l5v,500 Años,['TARZAN'],124093,1994,False,,0.243,0.905,0.0205,0.526,176.179
5aoE2LVEyiv2H0kaEkAAVv,59 Crunch,['Heart'],200213,2012,False,,0.474,0.6809999999999999,0.0014,0.37799999999999995,149.029
0iRaccyu6BnvLFpfT2IVDI,5 Дней,['Мальбэк х Сюзанна'],259783,2020,False,,0.7929999999999999,0.7,0.134,0.525,104.973
2CB9oLmbFOHwhHw7OE0mAh,5-4-3-2 (Yo! Time Is Up),['Jade'],316973,2018,False,,0.5589999999999999,0.706,0.0956,0.789,178.455
3QCip85g6jcrn6jqMqfuoo,5-5-3000,['Maricopa Madman'],214733,2006,False,,0.47200000000000003,0.7240000000000001,0.606,0.363,143.936
7APqG5ONvBSYS4IJcS6Iwo,555-5555,['Lorn'],138765,2019,False,,0.524,0.51,0.0020800000000000003,0.0841,141.545
6KsOzRERLhD7doHT4uyJm3,GHO5T,['5EB'],145691,2020,True,,0.773,0.652,0.0957,0.885,94.036
7sG2Y5YNordau19n0mqd0C,MoveUp,['5EB'],127350,2020,True,,0.5710000000000001,0.586,0.0496,0.486,99.287
2L08wP4yQtuGXQj3ggoDSG,Diva,['5EB'],125250,2020,True,,0.752,0.56,0.0326,0.575,139.987
4h8PkDJPOZlyaHjvlJ9jbc,5MARTERfreestyle (feat. Skaiwater),"['5EB', 'Skaiwater']",157111,2020,True,,0.7929999999999999,0.6990000000000001,0.0174,0.158,135.067
1oCkRibWQ5x4NoVoY6b7X6,Antarctic,['5EB'],128556,2020,True,,0.599,0.625,0.239,0.912,134.379
0KA8wMxB6NQxxZ0ZMqlVdZ,I5OLATED,['5EB'],171593,2020,True,,0.615,0.575,0.0742,0.507,116.329
7j64svoYkpU9w6an1YuUpJ,Aquarius/Let The Sunshine In (The Flesh Failures) [Remastered],['The 5th Dimension'],286493,2001,False,,0.292,0.728,0.40399999999999997,0.524,118.23
69Kwzt5q1DUHRthQzpFplG,Mobilize,['5am'],210749,2018,False,,0.708,0.767,0.0019399999999999999,0.456,176.055
727BSSTGnWRx2egsye5RXp,50 Million Pictures,['Exposition'],305947,2003,False,,0.639,0.722,0.253,0.784,89.637
0h2TR6SkscilGtxN4QCUU2,Why Can't This Be Love,['5150'],231733,2006,False,,0.486,0.741,0.0339,0.55,88.413
2kKf0FHXvoXaOTDoo91Rt9,59 Crunch - Live,['Heart'],198000,2013,False,,0.16699999999999998,0.8340000000000001,0.0607,0.29600000000000004,74.366
52vwN7rPAOwgBBEGtjG0BL,#54,['Ripatti'],431613,2014,False,,0.7020000000000001,0.745,0.0038299999999999996,0.528,118.02799999999999
27HUueVqFBlmalHnFfLer3,Don't Stop,['5th Element'],289565,2018,False,,0.45399999999999996,0.8420000000000001,0.332,0.155,139.024
2OQo57NZwdYirvzNQyprAk,True Revelation,['5th Element'],295652,2018,False,,0.528,0.905,0.0359,0.264,104.977
6CWvTrWAtwtorfbWrgmOKf,My Love Is Coming Down,['5th Element'],279812,2018,False,,0.47,0.953,0.254,0.292,123.027
4FcGTuAw2V8nfM7qfglKDN,Blue Rain,['5th Element'],278696,2018,False,,0.435,0.8759999999999999,0.0629,0.106,92.042
4pWGqjiL4iPeIXtbh8Ipcu,Obscurities Eyes,['5th Element'],300093,2018,False,,0.462,0.927,0.0249,0.247,138.05200000000002
3pxReZnsAsXpCpmfm04Egl,Storyteller,['5th Element'],186439,2018,False,,0.6509999999999999,0.875,0.311,0.61,115.04
4locTS5DkZ25Y7iohWUC96,Judy's Game,['5th Element'],267717,2018,False,,0.581,0.973,0.0116,0.7120000000000001,138.026
7jGNTBOCpB9PNsE933XMV8,Sweet Solitude,['5th Element'],252790,2018,False,,0.40700000000000003,0.574,0.292,0.13699999999999998,159.826
7lAazf1BOUgyyEu5FOeFMC,I'll Remember,['5th Element'],247826,2018,False,,0.518,0.9620000000000001,0.41600000000000004,0.226,142.005
2HmKQ2F8h036wXGM29Ghoq,Fallen Angel,['5th Element'],229783,2018,False,,0.455,0.237,0.841,0.142,122.61200000000001
2OQCvd8TrEeSVyV9C7tFHA,Obscurities Eyes,['5th Element'],296522,2018,False,,0.29,0.391,0.903,0.0507,138.327
7yt4dCOkd5TW1KA8lURvZG,Don't Stop,['5th Element'],280036,2018,False,,0.545,0.429,0.305,0.0944,139.025
017WHF1sGtuHrCUWPDqFwd,Blue Rain (Madness),['5th Element'],290400,1999,False,,0.48200000000000004,0.66,0.043,0.0859,92.11399999999999
6TCkiQQTauN1J0RNsB32OX,Blue Rain (Groove Radio Edit),['5th Element'],233533,1999,False,,0.57,0.7,0.024,0.5760000000000001,183.985
1rqXDs2pbRhe6d25o1FLZd,Blue Rain (Club Mix),['5th Element'],282187,1999,False,,0.6729999999999999,0.948,0.0449,0.9109999999999999,122.01299999999999
10UOzMk5kqMrseHoX0h2Rq,Blue Rain (Madness Radio Edit),['5th Element'],233453,1999,False,,0.4920000000000001,0.685,0.0118,0.14,92.008
1fbShVAOiisat02HmxUJKy,Blue Rain (Groove),['5th Element'],294533,1999,False,,0.698,0.599,0.0522,0.616,91.995
6d0A6sCffketUeh7MxO8kB,Pull Up,['5 Alarm'],249600,2019,False,,0.769,0.5770000000000001,0.4270000000000001,0.846,150.006
1HwSHFQMLCIEzE1gp7tC6l,Swim,['5 Alarm'],224000,2019,False,,0.74,0.6559999999999999,0.0395,0.366,90.025
2jB7Sy8TcMzGoICDz3VRtV,Temperature,['5 Alarm'],132000,2019,False,,0.727,0.648,0.00156,0.505,100.14200000000001
7AWoy5aG83jSq5299Ch6Gs,Twerk Sumtin',['5 Alarm'],158261,2019,False,,0.9259999999999999,0.7390000000000001,0.0035600000000000002,0.40299999999999997,92.50200000000001
5jINwJwwYHwOn56l1h7qJk,No Words,['5 Alarm'],210624,2019,False,,0.757,0.628,0.0106,0.114,98.01299999999999
5eP9PwUFzH3A5dQG3uzmi5,Wind It Up,['5 Alarm'],170005,2019,False,,0.812,0.735,0.0498,0.897,101.962
5bDjyofRsThnW4GIS8s2MO,Money Tall,['5 Alarm'],182837,2019,False,,0.7490000000000001,0.813,0.092,0.578,149.012
3mr1oUnSR5UbjWNFOdSdzG,Summer Running Up,['5 Alarm'],193472,2019,False,,0.627,0.815,0.00109,0.435,97.99700000000001
4Qg0vG2l8Yl0SyAy695iVW,Can't Play Me,['5 Alarm'],185109,2019,False,,0.784,0.835,0.0317,0.7140000000000001,105.971
3owM0sBCFUKtr7uXfd1zS1,I Stay Steady Stacking,['5 Alarm'],147200,2019,False,,0.6990000000000001,0.7709999999999999,0.305,0.736,149.851
2EJrCsb25XaK6aW1v2PMrR,dreamin',['53 Thieves'],207706,2020,True,,0.831,0.419,0.359,0.33899999999999997,84.98299999999998
2GhxLGEBrIjMFv5yDD1dEi,what you do to me,['53 Thieves'],203765,2020,False,,0.677,0.44,0.5579999999999999,0.295,86.05
5ummUdU6jYVCq9Hr5uoGoJ,too slow,['53 Thieves'],156444,2020,False,,0.7090000000000001,0.441,0.642,0.14300000000000002,135.07299999999998
4snTfg1mMurCtt5dixC22A,three a.m.,['53 Thieves'],160435,2020,False,,0.845,0.556,0.0513,0.4370000000000001,92.016
5gm3eVpBook4p4QZ3LqMnk,heat,['53 Thieves'],193548,2020,False,,0.76,0.447,0.424,0.121,123.855
7ouqzlApao4CqAaFaUXt8s,Show the World,['5th Ward Weebie'],330711,1999,True,,0.9229999999999999,0.86,0.0454,0.368,99.991
07w290PtyEfvnNiaGPyZj1,5 Star,['Jxice140'],141153,2020,True,,0.779,0.426,0.139,0.489,120.07700000000001
3ESm2kha7ZF9MFEDlGB7vi,5 Дней,['Мальбэк х Сюзанна'],259783,2020,False,,0.7929999999999999,0.7,0.134,0.525,104.973
2z4cwnHBebyWzfOYRFRGXv,556,['Comethazine'],147200,2020,True,,0.868,0.512,0.27399999999999997,0.715,150.002
2Lwu6LPkkGdZH2Hc8Do8R1,5.05 (Selway Lightwave Remix),['Ilana'],477542,2006,False,,0.589,0.77,0.165,0.3,131.92700000000002
3C3YnsHedn6EmabVNU1D1b,Black Ice,['55 Rose Street'],355307,2016,False,,0.7609999999999999,0.273,0.491,0.514,107.55799999999999
6JWyj79RbBj3HRo3ZSe1LN,Ray of Texas Sunshine,['55 Rose Street'],250253,2016,False,,0.792,0.5770000000000001,0.182,0.8109999999999999,101.436
18nLyQ5JR9CHxJ8xAkA2ky,The Blues Is What I Live With,['55 Rose Street'],206627,2016,False,,0.522,0.767,0.205,0.833,110.166
3Xq0gEHxwyony09rMKsHVm,Juke Joint,['55 Rose Street'],132213,2016,False,,0.723,0.461,0.354,0.8240000000000001,130.901
7lSfvbhsPvBcXrOb9RI8cr,Ain't Got No Pants or Shoes,['55 Rose Street'],287080,2016,False,,0.9059999999999999,0.28,0.575,0.687,134.95
4SffepQ8GEKkQTaCTCMmZj,Empty World,['55 Rose Street'],182947,2016,False,,0.611,0.544,0.205,0.884,129.941
6MNgkfjO6CoNokrgrIlfH4,Devil Done Put Me Out,['55 Rose Street'],220160,2016,False,,0.826,0.39,0.162,0.56,122.67200000000001
35FjjoT0TeQcKzq0D02qR5,Thunderbolt,['55 Rose Street'],293413,2016,False,,0.606,0.6409999999999999,0.23399999999999999,0.7909999999999999,128.579
7pEoHPJ4Hs8bUK4r5wCq4j,Misery,['55 Rose Street'],271880,2016,False,,0.89,0.261,0.0626,0.5539999999999999,112.419
4IxUS3q4qqXW3RoLxvTCWo,Long Lanky Legs,['505 Blues'],236225,2011,False,,0.63,0.946,0.0697,0.848,103.93700000000001
1XhA563XMNlFUoPxlDoO1J,Midnight Train,['505 Blues'],309629,2011,False,,0.632,0.924,0.0061600000000000005,0.624,100.92399999999999
5KO9N2G9NcIwNlH9saZaWe,Head To the Ground,['505 Blues'],364719,2011,False,,0.431,0.498,0.259,0.21100000000000002,80.127
7gtQBuFYKtbmyUdWjvVct4,Givin' Me the Blues,['505 Blues'],266905,2011,False,,0.63,0.7290000000000001,0.0034100000000000003,0.875,90.976
0tttBkZYBHYUF20Oq2GcqJ,That Ain't Right,['505 Blues'],255278,2011,False,,0.732,0.595,0.0811,0.79,108.385
5mHPkRQP9HBOxq9WMTLrj9,Red House,['505 Blues'],441483,2011,False,,0.39299999999999996,0.5720000000000001,0.0117,0.583,162.047
6H7RU7g93uL3Gf3gvSGO0a,Peace and Quiet,['505 Blues'],326266,2011,False,,0.591,0.7120000000000001,0.2,0.8590000000000001,88.939
3bVs3JvG2tANoXFgAPFlHN,Meet Me Halfway,['505 Blues'],246916,2011,False,,0.642,0.9059999999999999,0.0017,0.8420000000000001,115.634
4UeYvBLTXimKgF75Aer2XR,Hen House,['505 Blues'],300548,2011,False,,0.623,0.82,0.249,0.8320000000000001,114.085
5cagHebs2YNYHuxXjwEGJq,Black Coffee,['505 Blues'],328335,2011,False,,0.547,0.75,0.0948,0.757,93.25200000000001
69uxQszXTAhHAadFi9COt1,Burnin' Up,['505 Blues'],305895,2011,False,,0.6809999999999999,0.736,0.00804,0.89,110.634
4Zv0XUpHC0bIKnuNB1lnWI,557799,['Eyot'],363480,2020,False,,0.3670000000000001,0.41200000000000003,0.7390000000000001,0.201,172.31799999999996
2pfNnR0Vcfy5lTyJLVQGOX,Saint James Infirmary,['5 Cent Coffee'],326747,2011,False,,0.713,0.215,0.792,0.629,87.463
1l2pK8ptPmncEjpe0z4Fol,Ayasofia,['5 Cent Coffee'],218667,2011,False,,0.384,0.21600000000000005,0.835,0.6920000000000001,213.945
1Hg86Oo1psOwd3OKUhi5pP,Cocaine Blues,['5 Cent Coffee'],165720,2011,False,,0.695,0.41600000000000004,0.604,0.643,84.0
6rgOiZuGPqLGcNtYRbqMzd,Cut Me Down,['5 Cent Coffee'],319800,2011,False,,0.5379999999999999,0.299,0.77,0.507,140.134
5KqJ5sgliyHRo450Na2QER,Channel One Blues,['5 Cent Coffee'],286960,2011,False,,0.752,0.381,0.685,0.804,125.265
2JhwWNp3DfHvECv4ib2MCp,Guns and Balloons,['5 Cent Coffee'],162000,2011,False,,0.6759999999999999,0.226,0.465,0.42,124.04799999999999
7iSiJM5Wh3zLQ6fklB9Tz9,House of the Rising Sun,['5 Cent Coffee'],261787,2011,False,,0.601,0.252,0.853,0.272,100.07799999999999
6ksB2u4jOiVzJhLkX446JB,Brass Ring,['5 Cent Coffee'],290787,2011,False,,0.433,0.125,0.884,0.245,141.072
2wJaVVSWSeWBxXjzRgyrKa,Well Well Well,['5 Cent Coffee'],237680,2011,False,,0.565,0.295,0.909,0.611,163.43
247tZhCaD9qQofZbZXA0Rw,Momotaro,['5 Cent Coffee'],154333,2011,False,,0.584,0.629,0.634,0.888,134.954
0rQJ4IKka7BVzKZ3PffhJD,502,['Marduk'],191440,1999,False,,0.212,0.963,0.0012699999999999999,0.0386,92.851
08OQQmJHOj3GqQjK2jBZV3,Put Em On,"['Spec', '5ive', 'Alex Faith', 'J Carter']",233874,2015,False,,0.737,0.6459999999999999,0.008579999999999999,0.42,99.84700000000001
6k19a3THmo4Jf24m72jn48,My Baby,['5 Cent Coffee'],88893,2008,False,,0.775,0.6409999999999999,0.395,0.7959999999999999,132.475
7469UPihR6NdtvaCUZOY4R,Jawbone,['5 Cent Coffee'],144547,2008,False,,0.7090000000000001,0.255,0.344,0.47600000000000003,110.10700000000001
0qPU01Zo1EUx9Yc3DsSSre,John the Revelator,['5 Cent Coffee'],157267,2008,False,,0.555,0.354,0.491,0.547,135.333
74VORfgIm0el8lmZ1xHTJo,Devil Woman,['5 Cent Coffee'],226040,2008,False,,0.7659999999999999,0.215,0.42200000000000004,0.5539999999999999,126.791
0VI4LwC8s3NIBGKWtyZC0e,Six Foot Two,['5 Cent Coffee'],197027,2008,False,,0.7709999999999999,0.298,0.509,0.821,133.416
1XMOpnvhTDm3Ywct720iCJ,Firewater,['5 Cent Coffee'],172520,2008,False,,0.434,0.0732,0.6409999999999999,0.16699999999999998,135.796
3OlZKux2qtZnVIGbRlVwVL,Chocolate Jesus,['5 Cent Coffee'],232827,2008,False,,0.65,0.255,0.688,0.522,123.77799999999999
3RJPIIF9TujAndub09mkV5,Two Bottles,['5 Cent Coffee'],144080,2008,False,,0.7120000000000001,0.434,0.508,0.517,116.338
4dNSX7bGstEqIWTTQko3mv,Pedestrians,['5 Cent Coffee'],144840,2008,False,,0.848,0.462,0.41100000000000003,0.385,108.56700000000001
7tGZqf7gkw3MoepFN0bmG6,Birmingham Jail,['5 Cent Coffee'],198693,2008,False,,0.628,0.174,0.514,0.32899999999999996,94.137
3LqKB5W0WxTTOpaFwGvUUj,Came Down from the Mountain,['5 Cent Coffee'],205600,2008,False,,0.8,0.5660000000000001,0.115,0.672,96.71
6WmxaNQl4RMSSoe83YgVU1,Amsterdam,['5 Cent Coffee'],163213,2008,False,,0.517,0.251,0.546,0.359,178.481
4Y8FyhzJRjKFqVXrd1WeUR,Waterlogged,['5 Cent Coffee'],221840,2008,False,,0.507,0.22,0.7020000000000001,0.196,173.98
3yJzQs1XEqXAX0eLMulXZi,Cane Cutter,['5 Cent Coffee'],210200,2008,False,,0.7290000000000001,0.306,0.513,0.325,81.372
1OLOOE33Nr329Wv1t40Pws,October,['5 Cent Coffee'],279027,2008,False,,0.528,0.253,0.36,0.479,179.984
5NSZDTCEvwEdeSMJ0ulozO,Walkin' Blues,['5 $ Red'],361000,2017,False,,0.405,0.14300000000000002,0.823,0.244,182.00099999999998
3hPZFqgRd5WaTMiH2aXxek,The Way You Want To,['5 $ Red'],167143,2017,False,,0.905,0.255,0.0305,0.617,112.025
3ZraYMfKiKQEHC64kQenK8,Saint/Sinner,['5 $ Red'],206827,2017,False,,0.603,0.321,0.0156,0.58,112.12700000000001
133vwzc1o8iZVvmNQEd5Vr,Ballin' the Jack,['5 $ Red'],148448,2017,False,,0.696,0.479,0.0060799999999999995,0.743,115.926
76GDXeW9QDUV9LUVHUKvyX,Come on in My Kitchen,['5 $ Red'],246059,2017,False,,0.624,0.182,0.6459999999999999,0.16,80.014
0pYZ1NLjkMPxiXsVPPUMVf,It Ain't Bad Gettn' Old,['5 $ Red'],170625,2017,False,,0.679,0.436,0.18899999999999997,0.738,119.941
0LXNgZjoTOxOBWhY5s45kN,Crazy Betty Blues,['5 $ Red'],148889,2017,False,,0.7020000000000001,0.54,0.106,0.631,108.15799999999999
3YEtuqZqO1mRCAzny9xxO3,Sell My Monkey,['5 $ Red'],111066,2017,False,,0.762,0.38799999999999996,0.359,0.701,136.096
2wFlN3zilVt3biysHV4Odu,St. James Infirmary,['5 $ Red'],316974,2017,False,,0.359,0.285,0.6920000000000001,0.16,72.48
7b9QfIfwIHJMJGQBPJ5evQ,Stop Singin' the Blues,['5 $ Red'],242625,2017,False,,0.441,0.57,0.0209,0.537,119.306
6zhbBA83Om1rlz4KXNUkfe,You Got to Move,['5 $ Red'],229880,2015,False,,0.598,0.486,0.19699999999999998,0.655,75.835
4WxWEEXdFa497qdNEkux2R,Flycatcher,['5 $ Red'],254213,2015,False,,0.532,0.675,0.237,0.79,101.226
5fv42kNW5BlY9zfh9FC4Se,King's Hollow,['5 $ Red'],359680,2015,False,,0.377,0.535,0.14,0.5,151.901
46GaUkLDC33Ip8MEWCFrm1,Red Lipstick,['5 $ Red'],361080,2015,False,,0.682,0.40399999999999997,0.242,0.696,116.87899999999999
4xBh9KAgTXbgrSUMrDiz67,Bad Dog,['5 $ Red'],363093,2015,False,,0.29,0.708,0.0155,0.406,178.421
5nlqO3IKm7EDDRAtL86MjI,Snakes,['5 $ Red'],303760,2015,False,,0.528,0.657,0.0828,0.59,122.78200000000001
1GxNRWkQ8qfkHS9AHIzolv,My River Song,['5 $ Red'],300560,2015,False,,0.223,0.5770000000000001,0.0425,0.376,86.171
4fRH2aiIvwZPehAGJZXeWX,I Ain't Country Blues,['5 $ Red'],325640,2015,False,,0.345,0.63,0.354,0.46399999999999997,179.843
22UVuPs0ly1p2cEHsz8Djy,Crying over You,['5 $ Red'],276453,2015,False,,0.49,0.789,0.0593,0.617,103.759
0UxkEQijKg28eRPCy9crTd,What Would You Have Me to Do,['5 $ Red'],292840,2015,False,,0.397,0.379,0.301,0.34299999999999997,125.32
