id,name,artists,duration_ms,year,explicit,spotify_popularity,danceability,energy,acousticness,valence,tempo
5EMonOPcEHIOXK1QOGr4QA,Rescue,['Eve 6'],236493,2000,False,,0.46399999999999997,0.9520000000000001,0.00043799999999999997,0.552,132.88299999999998
5mqEL5pgnDCcWtTWpAofIV,Promise,['Eve 6'],176507,2000,True,,0.62,0.85,0.007909999999999999,0.715,107.98200000000001
2L50S184moxNmEiJe00zzP,On The Roof Again,['Eve 6'],185867,2000,True,,0.603,0.915,0.000732,0.7959999999999999,124.12899999999999
3DUGWLHFA5B0dI80WhnL9F,Sunset Strip Bitch,['Eve 6'],198760,2000,False,,0.433,0.9279999999999999,0.000993,0.785,175.89700000000005
4tgeQrPu5xkrnwErym2JsJ,Here's to the Night,['Eve 6'],249840,2000,False,,0.583,0.652,0.0405,0.35200000000000004,97.469
6AGTsYXO0IcJuw0k2iCr6N,Amphetamines,['Eve 6'],166067,2000,False,,0.40399999999999997,0.905,0.000788,0.644,190.002
0yHcUDpMXyODu26hbXFZTW,Enemy,['Eve 6'],228827,2000,True,,0.40299999999999997,0.861,0.000537,0.5870000000000001,179.18900000000005
73JSlkMwGxPQr0rYylbIDi,Nocturnal,['Eve 6'],187773,2000,False,,0.597,0.955,0.000384,0.6709999999999999,121.92200000000001
65PSBrWwQpadwkvO6weZel,Jet Pack,['Eve 6'],213133,2000,False,,0.475,0.883,0.0133,0.687,179.90200000000004
0QPpSmcyPTWpqoeDI4QoXw,Nightmare,['Eve 6'],187560,2000,False,,0.342,0.872,0.00281,0.657,156.52100000000004
5GDlyHcreN7wyWuRkT3Zn9,Bang,['Eve 6'],214973,2000,True,,0.517,0.9009999999999999,0.0036,0.409,111.809
6IvexFioAvOtwZaXyuKnbi,Girl Eyes,['Eve 6'],225680,2000,True,,0.5720000000000001,0.836,0.000169,0.609,110.671
2tWPm4zQUq2GLHaJD0esXp,Obama,"['10kdunkin', '645AR', 'JWitDaBeam']",93384,2019,True,,0.616,0.4370000000000001,0.00448,0.341,140.657
4a1HXtPAN4Env9drC9s0xS,Longway,"['10kdunkin', '645AR', 'JWitDaBeam']",183249,2019,True,,0.682,0.366,0.455,0.264,130.88
6JVbR9tZBs1BO7AGWlmnb5,Finna Blow,"['10kdunkin', '645AR']",126336,2019,True,,0.8,0.498,0.0399,0.18,128.017
1gLkDTNTo1j5Je7kgDyPWG,Untitled,['Buck 65'],191307,1999,False,,0.409,0.725,0.325,0.636,90.359
4y68u4LyOdKVcBvfw4Y3av,Hard Knocks,['6 Degree Theory'],251147,1998,False,,0.406,0.91,0.064,0.495,104.352
2kbbXP4ynGc7c58lBY9q11,68,['Iris'],270800,2005,False,,0.58,0.7509999999999999,0.128,0.58,144.032
6dfARlBMbUzRQNSikad7by,6-6-Sick,['Dope'],168360,2009,True,,0.513,0.977,1.7100000000000002e-05,0.452,116.039
7DWk7PnSvpozQianntJNhI,No. 6,['No. 6'],442240,1997,False,,0.695,0.7759999999999999,0.281,0.387,131.287
7zfWFu7c1iubWKRmcEmsBr,Riddim Supastar (feat. Karen Grant & Navigator),"['60 Channels', 'Karen Grant', 'Navigator']",386480,2005,False,,0.691,0.777,0.013000000000000001,0.9009999999999999,146.407
1GTb25bxazQxIdN8D9dhSh,Black Rush (feat. Angie Hart),"['60 Channels', 'Angie Hart']",268600,2005,False,,0.6759999999999999,0.6509999999999999,0.0012,0.204,90.01100000000002
3dUdG1G0sHGvxs3cMh5hUp,Rush To Dust,['60 Channels'],213333,2005,False,,0.7809999999999999,0.623,0.0338,0.344,119.99600000000001
2Go2U2Q3D44NMpD5WGw08V,Beyond The Chemical Domain (feat. Navigator),"['60 Channels', 'Navigator']",374547,2005,False,,0.611,0.6990000000000001,0.0009570000000000001,0.12300000000000001,87.975
0yP2HmHMe95gKISI6OYYqP,Once Inna Life (feat. DJ Collage),"['60 Channels', 'DJ Collage']",276240,2005,False,,0.499,0.6779999999999999,0.038,0.223,91.072
1AqZ7c7rnaMkLYnKEbp84H,Random Signals,['60 Channels'],80693,2005,False,,0.8809999999999999,0.35700000000000004,0.0286,0.304,92.087
5A8xYtwIVTM9CsonjcyOog,Still Burnin',"['60 Channels', 'The Angel']",381653,2005,False,,0.575,0.67,0.000655,0.396,178.024
0TDUaUh44vgOa4oDyAMC00,Counter Evolution (feat. Karent Grant & DJ Collage),"['60 Channels', 'Karen Grant', 'DJ Collage']",349333,2005,False,,0.7809999999999999,0.542,0.0401,0.38299999999999995,134.97
5OYiNZyyALHPCEQeDNzZQE,Protect Yourself (feat. Angie Hart),"['60 Channels', 'Angie Hart']",306573,2005,False,,0.6809999999999999,0.6809999999999999,0.235,0.526,87.991
06n3GpWfrZY7zlXPJ51XHW,Covert Movements,['60 Channels'],363867,2005,False,,0.664,0.478,0.0015,0.5429999999999999,179.99400000000003
1r7gfhYlbxx1GRprF4ICBB,Like Dynamite (feat. Karen Grant),"['60 Channels', 'Karen Grant']",293493,2005,False,,0.7659999999999999,0.485,0.0179,0.0782,90.15299999999999
5bTfSYCNweI86ZmwYbXRsB,2nd Movement,['60 Channels'],94227,2005,False,,0.732,0.623,0.145,0.728,176.14700000000005
7fn14PgP8lSsECv1Wz9tbW,Scorched Earth (feat. Rain Phoenix),"['60 Channels', 'Rain Phoenix']",273013,2005,False,,0.73,0.884,0.0044,0.48100000000000004,120.027
36lFh76cRXBJMGgbpQ8b0U,Moving Shadows (feat. Monday Michiru),"['60 Channels', 'Monday Michiru']",403173,2005,False,,0.568,0.6759999999999999,0.0164,0.613,173.93
1beaEDSsqv2RxxcSgFw4OG,6/8,['Ritual'],168253,1999,False,,0.43,0.9590000000000001,0.00124,0.133,102.76299999999999
4nYNaiMu5qzvJJDtACb7aW,Erst komm ich! - Single Mix,"['Rias 64', 'Diana']",220969,2012,False,,0.568,0.851,0.0046,0.488,160.015
1BkJWfGLuehER4JgNdj5Jl,Traumwelt - 2012,['Rias 64'],251863,2012,False,,0.64,0.9329999999999999,0.0212,0.156,129.993
7C6w7sPkK3EpAjQwS0ZpOj,Puppentanz,['Rias 64'],304514,2012,False,,0.635,0.527,0.13,0.667,120.027
6RmoPrxcen1T41VsmbA101,Erst komm ich! - Extension,"['Rias 64', 'Diana']",508435,2012,False,,0.5529999999999999,0.727,0.009040000000000001,0.359,159.998
1bP9sGHrlj91fljyXzMv0U,Luxus,['Rias 64'],125356,2012,False,,0.569,0.809,0.000151,0.867,156.05100000000004
2ZRMCCwansuVNzEe0uLoA6,Erst komm ich! - Karaoke,['Rias 64'],222028,2012,False,,0.485,0.87,5.6200000000000004e-05,0.605,160.017
4idqczhy2sUzePEuNwFk5m,64 Pawns,['Trayer'],331867,2010,False,,0.45299999999999996,0.483,0.436,0.14400000000000002,179.929
3QkpjVt9w0gZNoddIq65MW,665 & 1/2 Won't Do,['Bunnygrunt'],101200,2009,False,,0.418,0.6990000000000001,0.0139,0.569,85.40899999999998
4LXcuph5vlGW0QtVvnch4k,65 Mustang,['Five For Fighting'],261600,2006,False,,0.5489999999999999,0.88,0.00309,0.542,155.985
0HHweQO3qHx0ZWRvYXpfQh,68,['Vicentico'],234373,2003,False,,0.446,0.865,0.7759999999999999,0.963,135.765
2T20O2lGwWqvCyTBvpr1rv,66 9A,['Plumbline'],237560,2004,False,,0.20199999999999999,0.122,0.97,0.0382,71.59899999999998
6YtybKJFJSqLRatWC4Ma1k,6-Why Is Everyone Laughing,['Casey Chaos'],276547,2004,False,,0.258,0.958,1.74e-05,0.142,116.84100000000001
4g88wgL1GB76aC4oImB6tY,666 Casualties,['Regurgitate'],143640,2002,False,,0.192,0.982,1.73e-06,0.10099999999999999,122.323
5eMlSZnu2tBUlPeNPNThnQ,666lb. Bongsession,['Bongzilla'],475107,2002,True,,0.293,0.779,0.00404,0.172,132.29
59xoFcz5NFyG5NFYuN2yBz,Captain Fear,['69 Fingers'],184880,2007,False,,0.405,0.94,6.829999999999999e-05,0.6509999999999999,118.89
0UGNBRkeDAM3MoUDerahhh,Welcome,['69 Fingers'],186067,2007,False,,0.451,0.8440000000000001,0.000204,0.41600000000000004,101.82700000000001
1xRzfW0BiGySNjRcNZdpuo,Average Joe,['69 Fingers'],295067,2007,False,,0.5429999999999999,0.718,0.00605,0.777,147.35399999999996
5haRXgysCtA8iT9A1bVdc5,Stumble,['69 Fingers'],204453,2007,False,,0.509,0.8959999999999999,0.0102,0.597,105.34
5DULKNRo0RpVKS61Rht6vk,Pocket Full Of Change,['69 Fingers'],219933,2007,False,,0.475,0.7929999999999999,0.00295,0.617,94.883
10Di29HvlXoh9npx6kR2Rc,Animosity,['69 Fingers'],243053,2007,False,,0.45,0.8390000000000001,0.00323,0.542,95.15799999999999
4rA0whexW8x6d8YGNaKnEK,Ggg,['69 Fingers'],146360,2007,False,,0.4270000000000001,0.813,0.00176,0.5529999999999999,138.05
7uKn02Z7y16RARKWRFOT38,Faster,['69 Fingers'],220453,2007,False,,0.39399999999999996,0.983,4.18e-05,0.248,99.62
6QWgAJhL3wS8KqDxS0ckN0,Die Happy,['69 Fingers'],210627,2007,False,,0.493,0.833,0.00309,0.5760000000000001,120.456
6EBD7EvJdKxqaGwOnmYnbD,How To Get A New Life,['69 Fingers'],198187,2007,False,,0.414,0.8959999999999999,0.000206,0.696,99.876
1ZQvEfo1lOn4qmY1WgkGjD,To Be Continued,['69 Fingers'],166133,2007,False,,0.33399999999999996,0.907,2.25e-05,0.745,130.561
5j3gDZ4fu3ULRJesSd9SN6,Uraqt,['69 Fingers'],161440,2007,False,,0.381,0.846,2.01e-05,0.662,97.507
2R2gcyHJfDa33d4nMZn8bB,Hidden Track,['69 Fingers'],13573,2007,False,,0.0,0.0,0.0,0.0,0.0
2k9yORqMgDy2ys4EbSBaqg,Hidden Track,['69 Fingers'],92267,2007,False,,0.358,0.983,0.228,0.726,120.29299999999999
79Q6SSvDmeKUkKFRtpWGtT,Hidden Track,['69 Fingers'],92840,2007,False,,0.45299999999999996,0.9540000000000001,0.382,0.379,101.665
0e52WpXJ93epVlFVsA2uq7,Hidden Track,['69 Fingers'],147293,2007,False,,0.43799999999999994,0.917,0.505,0.909,147.957
0gT7x2DaHJWB2A7DTuxRxS,Hidden Track,['69 Fingers'],101507,2007,False,,0.4920000000000001,0.981,0.409,0.606,105.439
4DiRRZFH3vNznz76QFhqFX,Hidden Track,['69 Fingers'],109880,2007,False,,0.52,0.953,0.57,0.569,94.861
04wVyPK8bz0msRrNVkPyWt,Hidden Track,['69 Fingers'],119733,2007,False,,0.46,0.9670000000000001,0.672,0.606,94.444
73aYxSd8vCcGDpcmI3nIzu,Hidden Track,['69 Fingers'],72573,2007,False,,0.405,0.9540000000000001,0.317,0.721,138.781
32KV3BZmQpOYROArJ52629,Hidden Track,['69 Fingers'],110040,2007,False,,0.242,0.997,0.0769,0.0395,199.29
3Vlq5SNeMPvYxIeDf6sK56,Hidden Track,['69 Fingers'],104707,2007,False,,0.39799999999999996,0.9470000000000001,0.508,0.816,94.48700000000001
3WianhUxrcKhfHgBd7ENjw,Hidden Track,['69 Fingers'],98133,2007,False,,0.418,0.9790000000000001,0.221,0.637,100.441
4etX1TRRaXRMNaoneXK0Bi,Hidden Track,['69 Fingers'],83640,2007,False,,0.266,0.95,0.44299999999999995,0.845,130.50799999999998
7b0IQt6dtafbhoNp48NFs0,Hidden Track,['69 Fingers'],84773,2007,False,,0.34299999999999997,0.951,0.845,0.831,96.584
4t5JiO53qENJi0KqnaBtfU,RPG (feat. 6lack),"['Kehlani', '6LACK']",236218,2019,False,,0.758,0.534,0.402,0.7190000000000001,132.94
0QBsPYCdB8jzTjibIHeSYW,69,['Nicotine'],170880,2007,False,,0.376,0.8440000000000001,0.0053100000000000005,0.46799999999999997,195.293
6fzmmtiJzl7nnLnE9VwAbU,Trouble At the Speedway,"[""'63 Burnout""]",185467,2007,False,,0.185,0.973,2.45e-05,0.44,144.709
7tknSt3ob9ARicBPfO6naY,Action Boy Go!,"[""'63 Burnout""]",159133,2007,False,,0.231,0.938,6.41e-06,0.785,143.988
6w5PmFpRRuf2LzvLe7Q3Hs,Flathead Fury,"[""'63 Burnout""]",160080,2007,False,,0.278,0.951,1.7800000000000002e-05,0.42100000000000004,143.111
3xTV47CnjkO6MhoqMODOEU,Nashville Stomp,"[""'63 Burnout""]",238960,2007,False,,0.12300000000000001,0.9590000000000001,7.29e-06,0.524,175.11
4xAkfGKAkoppDurhqBshOY,Drag The Lake,"[""'63 Burnout""]",177813,2007,False,,0.604,0.595,0.262,0.6890000000000001,125.45700000000001
3m0qG72JHRhhWUjnxtbWid,The Ballad Of El Guitardo,"[""'63 Burnout""]",123467,2007,False,,0.292,0.988,6.04e-06,0.845,139.065
4NRkjTNAkFhrrC3ai3IuWD,Skull Shifter,"[""'63 Burnout""]",227987,2007,False,,0.222,0.895,5.8399999999999997e-05,0.597,147.595
6LMnN4ZHiJALIte5VzAyRj,Pin Up Doll,"[""'63 Burnout""]",147733,2007,False,,0.462,0.366,0.7659999999999999,0.385,155.035
2AUHMRQMAY0hKcjpeHApgd,'63 Burnout,"[""'63 Burnout""]",182387,2007,False,,0.245,0.995,1.34e-05,0.787,154.774
7pNs9YlZ6gI7wnhadgVkQ3,Pipeline,"[""'63 Burnout""]",223000,2007,False,,0.266,0.9490000000000001,2.55e-05,0.4370000000000001,149.752
7rc1obMcr2Gi1AiPsgAUZd,Brodie,"[""'63 Burnout""]",240813,2007,False,,0.102,0.981,9.95e-06,0.52,172.399
59ujnFIVzThmqj7ScUqDLR,Orange Guitar,"[""'63 Burnout""]",198960,2007,False,,0.201,0.943,2.52e-06,0.6579999999999999,132.565
67IbXkWx7aNwLXrLnpqn89,Sleepwalk,"[""'63 Burnout""]",213360,2007,False,,0.409,0.665,0.259,0.32,183.61
5cSLCQOW2ffmiqiFPGBnEE,Theme From Attacko,"[""'63 Burnout""]",155667,2007,False,,0.27,0.975,0.000125,0.721,138.10399999999998
4JL9QRWIKZEJ340a4DxZlB,600 Years,['Loretta'],259613,2008,False,,0.46799999999999997,0.815,6.42e-06,0.271,102.825
5cTS39ukahTICm18e7DBQa,6ix,['Sparky'],309613,2006,False,,0.4270000000000001,0.912,0.141,0.235,134.764
099xp4wcIEmodEUIZKCuzE,Sam's Pancake Breakfast,['The 63 Crayons'],22693,2004,False,,0.289,0.833,0.00352,0.907,105.227
4QH78ixbpGgdGR8B1msK5l,Song for my Sister,['The 63 Crayons'],163120,2004,False,,0.184,0.9670000000000001,0.0028899999999999998,0.499,167.141
7nXnPSyanzUfLPdJzIj2hV,Go Now April,['The 63 Crayons'],180773,2004,False,,0.498,0.573,0.121,0.56,129.21
7mcWjyc1hgrppm8JxeKzsy,Rocketship,['The 63 Crayons'],209200,2004,False,,0.478,0.762,0.00606,0.7659999999999999,132.77
78MrkyYyhHYP3OliaTjgy8,Walking,['The 63 Crayons'],109373,2004,False,,0.626,0.449,0.41700000000000004,0.573,128.53
3EXhm1iD5S3MK711673Q3J,Making a Mess a)Ascent of the Balloon b)Attack of the Evil Onion,['The 63 Crayons'],230227,2004,False,,0.33399999999999996,0.731,0.4320000000000001,0.36200000000000004,129.043
56naCHF5fUkq0e9fKUyZYL,Mrs. Brewster,['The 63 Crayons'],135453,2004,False,,0.529,0.703,0.113,0.848,118.626
0NxSjLZkkjInpSBT5OKrSZ,One Chord for Peace!,['The 63 Crayons'],34293,2004,False,,0.293,0.695,7.6e-05,0.9670000000000001,114.579
3rnNr2ifrrblscCS8XFW4h,Mice and Feathers,['The 63 Crayons'],141547,2004,False,,0.355,0.838,0.0018,0.7020000000000001,165.648
5uHhWn3y6dUN9itoygh4Iz,It's About Time!,['The 63 Crayons'],163400,2004,False,,0.53,0.687,0.21100000000000002,0.341,126.09100000000001
1nU6Ass6wIC02Zjp31dU6T,The Mold,['The 63 Crayons'],175613,2004,False,,0.27899999999999997,0.802,0.0482,0.294,91.86200000000001
2QXTjxPEITYPOYQRrW9yol,a)All Songs at Once b)Suzy Eats an Apple (Anaerobic Glycolysis),['The 63 Crayons'],139440,2004,False,,0.191,0.82,0.00139,0.0937,78.188
6xu2DLg8KmyIwIjTGInOIh,Popcorn,['The 63 Crayons'],175213,2004,False,,0.188,0.435,0.0802,0.0517,175.62099999999995
4pN2VOFLJhPiiLoS2BAycB,6' Under,['Click 60'],230040,2005,False,,0.499,0.9279999999999999,0.0006230000000000001,0.5870000000000001,167.40200000000004
4RjlHcxMVciuwKgebSnNUK,Gossip,['Click 60'],216600,2005,False,,0.456,0.789,0.00010800000000000001,0.741,153.05100000000004
4lYaoRFl0Hx6iFqIKcmrTt,Leap Frog,['Click 60'],166680,2005,False,,0.534,0.8959999999999999,0.0025,0.785,92.32799999999999
7btXhrcKgNBL9fFkL15rHK,Ordinary Life,['Click 60'],266067,2005,False,,0.469,0.8,0.00418,0.7140000000000001,182.043
1HXyQ7OD6H3Cdt5mCGscHf,"Some Call it Stalking, I Call it Love",['Click 60'],182347,2005,False,,0.312,0.8190000000000001,0.0007070000000000001,0.6859999999999999,98.03200000000001
0FMMASzI3kayO6cA7iavMo,I Admire You,['Click 60'],269787,2005,False,,0.495,0.8690000000000001,0.000281,0.585,154.898
4neBoKpw7hzYuFAs1CYq5n,Arm Pitt,['Click 60'],224467,2005,False,,0.627,0.802,0.000266,0.784,117.009
77z0G0sERy9sfQisi0ZMOD,Come Back,['Click 60'],225707,2005,False,,0.523,0.878,0.000956,0.523,123.01
133gXX0OPLFjJHJj9X4LsC,Whatever,['Click 60'],209973,2005,False,,0.42200000000000004,0.88,0.000327,0.541,174.923
24hViVvAy63xOhXteSK2ow,Your Neighborhood Milkman,['Click 60'],261440,2005,False,,0.516,0.767,0.00263,0.6940000000000001,161.967
0qZy8NsF1J0sXVzgNVdlWP,6 To 14 In 12,['Youngbloodz'],253493,1999,True,,0.8440000000000001,0.5529999999999999,0.0009289999999999999,0.47600000000000003,90.896
06BHnSZbcKwi6PMUJ6CHE9,Poke 64 - Intro,['Pixelh8'],29213,2007,False,,0.39899999999999997,0.000156,0.4270000000000001,0.0,114.079
2nR1tpyRzully97dZQjGKf,Ride With The Flow (Reflow Remix Redub),"['60 Channels', 'Dread Flimstone', 'Pale Face']",291067,2009,False,,0.759,0.5,0.000672,0.705,88.001
3AsRKZZ9Ln4GVHW5z46bk6,Ride With The Flow (Supa Crucial Mix) (feat. Navigator & Cokni O'Dire),"['60 Channels', 'Navigator', ""Cokni O'Dire""]",299387,2009,False,,0.779,0.65,0.0504,0.336,176.035
0703saZWObYZABRqrgHJLX,Counter Evolution (feat. Karen Grant & DJ Collage) [The Angel Remix],"['60 Channels', 'Karen Grant', 'DJ Collage']",302360,2009,False,,0.72,0.8190000000000001,0.000324,0.42,134.99
6lAAbEQNx5FddR8Vkhy4lm,Scorched Earth (Earthstar Mix) (feat. Rain Phoenix),"['60 Channels', 'Rain Phoenix']",236107,2009,False,,0.68,0.532,0.0026899999999999997,0.109,119.975
33avHddcQ1z2yrC35hObHY,6.8 Billion - Studio,['Choklate'],211680,2009,False,,0.622,0.8759999999999999,0.0027600000000000003,0.56,91.45100000000001
5HzRJF5D4mFkDTrd7X56bA,6 A.m.,['Juaninacka'],265947,2009,False,,0.522,0.631,0.775,0.742,177.613
2B5YIvM7WKfmM9lkDPRplh,6th & Market,['UFO!'],56320,2001,False,,0.293,0.816,0.579,0.0681,131.997
1dMfvq7joLqRekhFKJLekz,6 Feet Deep,['Gravediggaz'],276333,1997,False,,0.7170000000000001,0.5670000000000001,0.0764,0.6920000000000001,77.675
7E6ytAFW91Wh4IhHy4vQcs,69 - The 69 EP 2008,['Rottenness'],71400,2009,True,,0.231,0.887,0.184,0.0997,108.00200000000001
3xPgw300gWBxGFCEfvN1QS,60's Accompaniment,['Tracksonix'],32250,2015,False,,0.667,0.722,0.000816,0.6970000000000001,159.916
0M1G6xEihYhyHbSk5oBA2Y,68 - Bonus Track,['Jawbox'],197440,1994,False,,0.498,0.797,4.7499999999999996e-05,0.602,115.353
0t4knmBuw14LysanDonPrj,Touch & Go,"['Tinashe', '6LACK']",255658,2019,True,,0.6579999999999999,0.541,0.4320000000000001,0.19,132.034
5qu2CxtR5JO43u49JqHtGG,Best I Can,['6 Day Bender'],185293,2008,False,,0.377,0.873,0.0865,0.966,150.87
719xmjY3FfxDo2dwulClHR,Wartime,['6 Day Bender'],170000,2008,False,,0.647,0.654,0.22399999999999998,0.9640000000000001,132.549
0UUFHjL0g67vdvqTwOcuXV,Hellbound,['6 Day Bender'],185880,2008,False,,0.43,0.745,0.0721,0.96,182.23
0OnGtA1Gqe6Tcejxu4EGbp,Jail Blues,['6 Day Bender'],197173,2008,False,,0.37,0.8109999999999999,0.0184,0.698,162.60299999999995
2WSC64oaN8SW6aFIgo60q8,Philadelphia,['6 Day Bender'],205373,2008,False,,0.5579999999999999,0.48200000000000004,0.0861,0.693,133.406
6iiIg4zBlZ10nQPie41Nqu,Down the Line,['6 Day Bender'],249800,2008,False,,0.42100000000000004,0.621,0.0232,0.8390000000000001,169.731
59bDOx1zmrk7JtBrXx08bM,Kick out the Fire,['6 Day Bender'],288160,2008,False,,0.466,0.5479999999999999,0.0124,0.6859999999999999,79.563
5HrLJb15HZOeFk1h6NH56z,Devil Lets You Dance,['6 Day Bender'],147280,2008,False,,0.499,0.8270000000000001,0.0027600000000000003,0.977,153.38
6VRYFK6Uvy8ZyYzlAGazil,Checking Out,['6 Day Bender'],221413,2008,False,,0.348,0.574,0.0415,0.71,97.51799999999999
51vPXK2XgIc2OfM4GAcjiX,Blood on Your Pillow,['6 Day Bender'],190933,2008,False,,0.6609999999999999,0.711,0.16399999999999998,0.8809999999999999,125.925
5IphDrBvaf5UyHsPAW8LzF,Fifteen Years,['6 Day Bender'],278533,2008,False,,0.575,0.701,0.649,0.5770000000000001,127.818
3mxgR6y8K00uz8HzbKK0AE,Burnin' in My Heart,['6 Day Bender'],180613,2008,False,,0.611,0.884,0.111,0.975,108.839
7I3sdllliDRa85OpFy64Un,Hurts Me Worse,['6 Day Bender'],210267,2008,False,,0.708,0.594,0.039,0.966,129.622
7uTd5HqUyZp4QuDirNgIWV,Wobbly Ladder,['6 Day Bender'],174240,2008,False,,0.375,0.903,0.18,0.9620000000000001,169.178
6vm5iA5T1TtAcMxncuEULe,The Times,['6 Day Bender'],311013,2008,False,,0.508,0.752,0.0268,0.887,122.93700000000001
5YrnKfIoUj4hujnCxfmpGn,Going Back Again,['6 Day Bender'],209573,2008,False,,0.563,0.41100000000000003,0.237,0.735,163.312
249Cnd5pmOY82TscWgoE2f,60.1,['Mike Metheny'],454560,2010,False,,0.363,0.625,0.0153,0.752,151.548
7ywfIWOGAemkaprKbOD0fp,6ftndr,['darienstaxx'],205776,2020,True,,0.693,0.748,0.281,0.504,139.826
7LNzGdlpJPSCV5QWtSJ0Jr,60 Wayz,['Veronica'],271773,1997,False,,0.547,0.474,0.0269,0.0814,80.009
1qzzD6mcHfcvSahCx4oX16,669: The Number of the Feast,['Belvedere'],95426,2000,False,,0.257,0.861,0.000269,0.485,110.985
3ZrPVeQ25EH4OZDk83wrBB,Metallic Sleep,['Fetish 69'],272787,2005,False,,0.6679999999999999,0.682,0.016,0.0394,107.105
53as7BT0rd7QMrSStL3vqy,Omega-Tier,['Fetish 69'],301000,2005,False,,0.608,0.9159999999999999,0.000176,0.562,105.978
3P0cIOauy2BfpuPKhD8fvT,Cocoon,['Fetish 69'],293053,2005,False,,0.597,0.46799999999999997,0.00427,0.195,106.819
4PVccVgGfLQf4hqVQHpvD0,Strain,['Fetish 69'],262387,2005,False,,0.34700000000000003,0.44799999999999995,0.27399999999999997,0.171,102.541
6tt8JlkjYaTQa6DYvqkTHm,Cancer Days,['Fetish 69'],274880,2005,False,,0.604,0.654,3.4e-05,0.294,100.979
2lqNO4YiB0hTCULyyhu4Ps,All That Sex,['Fetish 69'],256093,2005,False,,0.7140000000000001,0.447,0.008490000000000001,0.0392,89.935
17k9SXhFkyHeRKFv0RKBmB,Bodycontrol,['Fetish 69'],262400,2005,False,,0.7390000000000001,0.638,0.0426,0.643,93.223
2RwJEcqJZiqnibWZVSXjbC,Enter the Hollow,['Fetish 69'],214867,2005,False,,0.522,0.504,0.445,0.19399999999999998,105.916
0mustXmiSegAiRetPDJHkc,Hyper-Real,['Fetish 69'],114093,2005,False,,0.259,0.25,0.965,0.0281,58.438
3cy4EbipC6lJ6Q1RciTZxM,Detox,['Fetish 69'],414280,2005,False,,0.449,0.662,0.0122,0.0766,139.958
6yLLaSYZB0dtdrbFFJQa5n,We Are All Prostitutes,['Fetish 69'],281907,2005,False,,0.397,0.96,0.000124,0.297,150.747
3PPGG7lv4kUSpwwJb6wQYE,Race Cars,['The 65 Film Show'],194027,1999,False,,0.426,0.9420000000000001,9.590000000000001e-05,0.413,104.40100000000001
27fLtLF5JPBlaykUYRCRfc,When The Canvas Turns Black,['The 65 Film Show'],141507,1999,False,,0.24,0.943,0.000154,0.152,106.76100000000001
5f4sPVcWapXFF8jgtTVxbN,Waiting For The Impossible,['The 65 Film Show'],218267,1999,False,,0.384,0.894,3.5799999999999996e-05,0.51,105.80799999999999
690IW2cO6pJ8C4gEACseDP,Thoughts Come Crashing,['The 65 Film Show'],268693,1999,False,,0.305,0.9420000000000001,2.54e-05,0.316,122.66799999999999
35y13m55aI7L9xfgjvaz8M,When Seconds Turn To Days,['The 65 Film Show'],226133,1999,False,,0.315,0.938,5.06e-06,0.28,124.23200000000001
294P74kQNWscg6DWt95vcq,They're Not Killing Us,['The 65 Film Show'],231933,1999,False,,0.345,0.909,0.00016,0.27,107.63600000000001
2hBoBIecNFi44pxPBH6sPp,For The One,['The 65 Film Show'],200707,1999,False,,0.348,0.878,9.059999999999999e-05,0.303,110.286
32PFvdwB8i3stHO6XYLiyl,Corporal Clinger,['The 65 Film Show'],332027,1999,False,,0.42200000000000004,0.7709999999999999,0.0012900000000000001,0.387,118.773
1gpYjTwgStcoCI6eCasrkM,60901,['Oddisee'],73047,2011,True,,0.526,0.7170000000000001,0.00517,0.7170000000000001,168.332
3RoG1DxOJuLRR9H3QOGCan,6 Feet Under - Extended Mix,['Psyche'],370213,2009,False,,0.691,0.909,0.17600000000000002,0.39899999999999997,120.02
5kTSwE1OtnThKcyI4I9toQ,60 Tacos,['Benise'],283840,2007,False,,0.414,0.5660000000000001,0.428,0.585,201.873
2lWET4hBU83z6woSJ9LhIa,6 Seconds,['Cody Chesnutt'],266760,2002,False,,0.76,0.5429999999999999,0.604,0.5870000000000001,134.461
0by22Bj1vxefxn7VzFaQua,Intro,['Buck 65'],100133,2007,False,,0.662,0.765,0.0369,0.718,84.249
5V3WMwwYyWIRV6o8vCkfsB,1957,['Buck 65'],235307,2007,False,,0.846,0.8640000000000001,0.19899999999999998,0.6509999999999999,97.648
0hbrh4U89YfOUJ7Iz4E8FA,Dang,['Buck 65'],158467,2007,False,,0.623,0.894,0.11199999999999999,0.655,102.227
59KXdzivCzeMdXROWjSmZ1,Lipstick,['Buck 65'],188760,2007,False,,0.857,0.75,0.0917,0.369,107.016
1Fxch0h0dX1g0z5ifiPzdU,Shutter Buggin',['Buck 65'],207347,2007,False,,0.841,0.7909999999999999,0.10800000000000001,0.682,163.447
7oKyWBDN75qtzlXwkJubeD,Spread 'Em,['Buck 65'],170200,2007,False,,0.789,0.732,0.0275,0.264,79.508
0KuKBSBBcdEsE24PE5RVPC,Ho-Boys,['Buck 65'],226680,2007,False,,0.728,0.8690000000000001,0.3,0.508,101.587
6oAZZlFXaNJIWKGRrH5j9C,Way Back When,['Buck 65'],212493,2007,False,,0.797,0.924,0.314,0.687,108.00200000000001
1qru1kypDlB0M6FgeYTK4I,Cop Shades,['Buck 65'],247080,2007,False,,0.857,0.899,0.0411,0.898,88.493
2ZBQeZ9Q1LfVy396td2maW,The Beatific,['Buck 65'],196027,2007,False,,0.721,0.687,0.16899999999999998,0.36200000000000004,90.756
1A6vyKp7yxD3EEQTP3G16f,Mr Nobody,['Buck 65'],182067,2007,False,,0.649,0.57,0.371,0.19899999999999998,76.541
659d7ODLt4LlKK8uMGTVQH,The Rebel,['Buck 65'],195973,2007,False,,0.7490000000000001,0.782,0.0179,0.742,88.03200000000002
6eMeLbZPKafGAhXH6bqFP5,Benz,['Buck 65'],152267,2007,False,,0.732,0.966,0.22,0.465,99.31200000000001
6EV46wkAQ7NakY2rFHGyKh,Heatwave,['Buck 65'],179893,2007,False,,0.775,0.757,0.0953,0.7290000000000001,84.992
2pm3Xda3f8R5obRqokFvgD,The Outskirts,['Buck 65'],192973,2007,False,,0.654,0.914,0.218,0.5,81.312
0QHptb3axdTGa3Mynhoy4s,White Bread,['Buck 65'],240747,2007,False,,0.779,0.6859999999999999,0.31,0.263,86.488
5L0fxabHE81onhRkNhHhVy,"6 In The Morning (Feat. Joell Ortiz, Kool G Rap & Sheek Louch)",['Statik Selektah'],219640,2007,True,,0.518,0.8440000000000001,0.0005070000000000001,0.757,90.411
7p8LjCi055NNjUV97TwNhD,6AM,['Oval'],93507,2010,False,,0.35100000000000003,0.515,0.915,0.24,162.472
7a4Otsp8QG4ChAGyICIYPn,Monday Morning,['Project 69'],350773,2010,False,,0.316,0.297,0.0237,0.366,134.07
4LZGWnaprr1DSJPg47yrzx,_Sealevel.6,['Simon Scott'],307080,2012,False,,0.061,0.495,0.336,0.039,67.141
477TzCQ13AoliBnFKMayLJ,Till Then,['6L6'],138507,1996,False,,0.35,0.797,3.5799999999999996e-05,0.61,105.71
4Pe2DqLOSojbgWQZNcuP9d,666 on the Crucifix,['Caustic'],285000,2011,False,,0.537,0.713,2.33e-06,0.213,127.055
1SSMlb1PMHCbqNeHRPz0iY,666 on the Crucifix - Be My Enemy Mix,['Caustic'],239580,2011,False,,0.48700000000000004,0.985,2.68e-05,0.45299999999999996,127.029
3eBHfkIMvD4N4JHfKPvzcI,666 on the Crucifix - Bad Guy Mix by Uberbyte,['Caustic'],306629,2011,False,,0.747,0.877,0.0152,0.741,127.00299999999999
2QVMxR51PzGlwIA6NOTgsR,666 on the Crucifix - 666 On My Deadline Mix by Torrent Vaccine,['Caustic'],249617,2011,False,,0.45299999999999996,0.9990000000000001,0.0015400000000000001,0.209,122.96700000000001
6mlOHCfbnozLCOQzxVevZx,Down Here I've Done My Best,['Take 6'],223373,2012,False,,0.68,0.612,0.546,0.8240000000000001,93.21700000000001
2izMIwavsZOxz8G2rWXNJk,One,['Take 6'],251787,2012,False,,0.433,0.584,0.233,0.5529999999999999,175.93599999999995
29voDgGJLbbUacgjF6rSGx,Can't Imagine Love Without You,"['Take 6', 'Stevie Wonder']",225107,2012,False,,0.381,0.501,0.861,0.385,131.405
3U1cxzQZqdr7dAZT3n2x0S,What A Friend We Have In Jesus,['Take 6'],228800,2012,False,,0.54,0.287,0.731,0.414,86.10600000000002
6IvoNBcZIWv5JczZYRimcS,In My Heart,['Take 6'],217627,2012,False,,0.321,0.528,0.47200000000000003,0.5660000000000001,81.119
0F5CocEtnQ3McwAHnTRx4s,Noah,['Take 6'],268413,2012,False,,0.396,0.536,0.807,0.624,87.84700000000002
16QgQSr4r561HnyEmfb9Ia,Allelula,['Take 6'],226027,2012,False,,0.267,0.272,0.845,0.32799999999999996,77.753
4xMzxbhurM1E1IhI8YHpJJ,Glorious Day,['Take 6'],222533,2012,False,,0.521,0.607,0.428,0.845,103.359
79Kq1gQsvobRRTqD7s1ntF,You're Gonna Need Him,['Take 6'],200013,2012,False,,0.46799999999999997,0.45899999999999996,0.619,0.773,174.08599999999996
2e3StdBp6IcBoAOe3OyjmE,Farther Along,['Take 6'],201200,2012,False,,0.38299999999999995,0.446,0.565,0.705,100.78200000000001
3Qkj9tiwE6iRnI0e1V8JgG,Noah Reprise,['Take 6'],112867,2012,False,,0.513,0.72,0.5579999999999999,0.524,94.197
0qvOINLjjPndL4fkTRgHKR,666 Gun Outlaws,['Alucard'],157154,2012,False,,0.20199999999999999,0.9520000000000001,0.0008300000000000001,0.331,153.24
6soZWzd5F4SdAkkxd2TTYl,Alison,['Eve 6'],84493,1999,False,,0.636,0.615,0.254,0.67,143.082
2OvAsLGBYpCNNMBonf7NH4,66-5-4-3-2-1,['Ulver'],202453,2012,False,,0.605,0.873,0.00367,0.6940000000000001,135.035
2P3NxIGVS2S13P7TFOMpSb,Ridin Spinners (feat. Lil' Flip) - Explicit Album Version,"['Three 6 Mafia', ""Lil' Flip""]",260427,2005,True,,0.7879999999999999,0.9470000000000001,0.107,0.72,164.213
5BYE9GsJZh77KW84EGvSjl,Sippin On Some Syrup (feat. UGK (Underground Kingz) & Project Pat),"['Three 6 Mafia', 'UGK', 'Project Pat']",261133,2005,True,,0.9390000000000001,0.8590000000000001,0.00882,0.889,136.025
7vIsPrKWqUMk4F7Bu7aIY0,Tear da Club Up '97,['Three 6 Mafia'],220307,2005,True,,0.7020000000000001,0.868,0.0644,0.525,161.097
5rYzAkwmN9BK0a23komDje,Hit A Muthafucka,['Three 6 Mafia'],235293,2005,True,,0.875,0.86,0.0337,0.8859999999999999,156.846
0LeJruSnMGjIQ1PlFuRHmX,Who Run It,['Three 6 Mafia'],249227,2005,True,,0.8340000000000001,0.8190000000000001,0.0227,0.741,159.437
6iCwkH1AD6TAOQKoEzD6wB,Squeeze It - Explicit Album Version,['Three 6 Mafia'],227107,2005,True,,0.865,0.575,0.0666,0.713,165.579
2LqYpghBcqTdcW2zi5CWWU,Late Nite Tip,['Three 6 Mafia'],282733,2005,False,,0.892,0.4370000000000001,0.000953,0.147,122.229
1OtMSkuw0t9eOwMct3DKsC,2-Way Freak (feat. La Chat),"['Three 6 Mafia', 'La Chat']",295840,2005,True,,0.8490000000000001,0.748,0.0523,0.7509999999999999,159.005
0SkmzxyTauv83oPsEX7hQa,Baby Mama (feat. La Chat),"['Three 6 Mafia', 'La Chat']",282800,2005,True,,0.951,0.813,0.0069099999999999995,0.6579999999999999,135.977
0BxQv39KM0fOxw66Gv24DT,Put Ya Signs,['Three 6 Mafia'],251760,2005,False,,0.858,0.889,0.0279,0.7659999999999999,151.565
6Zx6Qnq5ZNhfyuT0EVOqDh,Tongue Ring,['Three 6 Mafia'],244040,2005,True,,0.797,0.8690000000000001,0.13,0.782,81.009
30B23TSjYW3SO2RdXJhNYO,Testin My Gangsta - Explicit Album Version,['Three 6 Mafia'],277400,2005,True,,0.8170000000000001,0.932,0.00966,0.915,142.024
6ZVZQLywVeO4iZNIQSxXDC,Let Me Hit That (feat. Boogiemane),"['Three 6 Mafia', 'Boogiemane']",217400,2005,True,,0.8370000000000001,0.654,0.261,0.857,79.505
2qpato42Fy3XWuiMmdO1UX,Lonesome Track,['Regatta 69'],231867,1996,False,,0.653,0.711,0.0866,0.912,127.755
4dcGbCD0VC4tFIyhHy3ESi,6 Seconds (Bored With Nothing To Do/Cows In Hell),['Epidemic'],185633,2012,False,,0.245,0.917,0.000727,0.28,119.947
1ISAaG9p93zxiAP5FJsd28,608C,['OCS'],95693,2004,False,,0.32799999999999996,0.268,0.722,0.22699999999999998,76.485
1F02aCFwch7JpJygVgw24O,Across the Universe,['6cyclemind'],267387,2007,False,,0.539,0.552,0.627,0.237,147.817
585fO66XWStoEMlcE5SfnK,Circle,['6cyclemind'],255427,2007,False,,0.718,0.316,0.638,0.36,71.313
2S80c51YXgJQhkhX603fMA,Prinsesa,['6cyclemind'],267293,2007,False,,0.853,0.455,0.304,0.511,118.32
4ZKKZESu0AXQZuR62DN7FG,In Between Days,['6cyclemind'],205147,2007,False,,0.6829999999999999,0.342,0.74,0.31,110.369
3c3UtSrfwvnGMVQ0rOhKo2,Be My Number Two,['6cyclemind'],292813,2007,False,,0.479,0.355,0.8370000000000001,0.282,110.975
1JC4niMbshPlor1BPagn2L,Upside Down,['6cyclemind'],324693,2007,False,,0.5820000000000001,0.4920000000000001,0.5820000000000001,0.429,76.255
3HhYzUQVpXrcavdhUisaXp,Landslide,['6cyclemind'],258827,2007,False,,0.619,0.341,0.847,0.261,73.1
2Koo3wnCdy8BvWWak6eTQ7,Talkin' Bout A Revolution,['6cyclemind'],278387,2007,False,,0.561,0.29,0.688,0.345,168.422
2H37IjYijloSffZ3oewsT5,Dinamayan,['6cyclemind'],255000,2007,False,,0.579,0.28600000000000003,0.7090000000000001,0.284,120.197
5pg4bFQq9afMA3tfXrvTPz,Home,['6cyclemind'],236253,2007,False,,0.6679999999999999,0.278,0.7709999999999999,0.195,118.959
2DqvSkj8uPefcUGgPVAAAj,Come to My Window,['6cyclemind'],305600,2007,False,,0.621,0.5579999999999999,0.462,0.278,86.28
0EvRsqPaKQr8qHezLHQJUf,6 Minutes,['Iam'],377560,1999,True,,0.787,0.855,0.377,0.569,99.073
5H6SEIAtICKptwg9KRa94V,60 Watts,['Longboat'],247013,2014,False,,0.775,0.46,0.687,0.885,130.02700000000002
03ltgKYYkyAlsONbmHKZ8i,Dance Parties [Distant],['65daysofstatic'],253187,2008,False,,0.478,0.9490000000000001,0.000404,0.313,137.109
50x8qTxI1yuiJwnbpNCpy9,Dance Parties [Mechanised],['65daysofstatic'],179320,2008,False,,0.452,0.9590000000000001,0.000123,0.29,136.968
3R62feIxiJYrlwOeVdRhTP,"Goodbye, 2007",['65daysofstatic'],215347,2008,False,,0.5720000000000001,0.825,0.00672,0.5489999999999999,155.997
0AAtMvTg4oGAI3NIvH5zhB,Antique Hyper Mall,['65daysofstatic'],397227,2008,False,,0.426,0.955,0.006690000000000001,0.183,156.668
0uxNUhbXmg2CjqWHKoGjZJ,68 Seconds From Going Insane,['Atmozpheryc'],149973,2006,False,,0.314,0.45299999999999996,0.00244,0.154,144.711
4HpG2qCMI2WfxvY0O7D8kv,Scrub Me Mama With A Boogie Beat,['64Revolt'],191827,2009,False,,0.511,0.968,0.0574,0.629,150.185
6Ock1wOORfCFPrMttFmaMU,Garden Party,['64Revolt'],207627,2009,False,,0.317,0.8959999999999999,0.0035399999999999997,0.282,119.84899999999999
3ifcn52gWbDgwCmlby7qlw,Fireworks,['64Revolt'],274200,2009,False,,0.39399999999999996,0.9690000000000001,5.5100000000000004e-05,0.281,144.959
5pQNx5xgTfx3Ax1oZxmLdF,My Precious Friends,['64Revolt'],207720,2009,False,,0.242,0.9390000000000001,0.000429,0.381,142.013
5GGaDm7xlZQotPmODeItuX,Bite The Bullet,['64Revolt'],215467,2009,False,,0.21899999999999997,0.961,0.000264,0.5720000000000001,135.001
3KgvXIByzSiNQ45aoYEOgP,Blue Baby,['64Revolt'],207760,2009,False,,0.384,0.787,0.0013599999999999999,0.24100000000000002,125.012
58j9Tv8x1SPCvt7c7Z9zpt,Search And Destroy,['64Revolt'],230747,2009,False,,0.564,0.991,0.0568,0.779,124.948
5RXPwEIN0vTIyQtyRgYBFJ,Fun With A Gun,['64Revolt'],181467,2009,False,,0.442,0.82,0.0211,0.27899999999999997,135.065
2mmlJ4IcQrlG6YURRFuCzo,The Best Of All My Days,['64Revolt'],107347,2009,False,,0.266,0.937,4.61e-06,0.56,126.6
0EX8Zx3A54noRIg3qEyQJH,Adore Me,['64Revolt'],285880,2009,False,,0.461,0.943,1.91e-05,0.254,125.988
7gNvcPwwQ72oogfFOjBUci,6,['Grouper'],109547,2013,False,,0.22699999999999998,0.349,0.995,0.0384,143.97899999999996
76kONV28ZldfaLcZU1KmBX,6 Minutes,['Funkmaster Flex'],194747,2005,True,,0.61,0.821,0.0548,0.552,94.915
7dyqrsFDi8hrXa8lb13Ntd,68 - Alpinestars Mix,['Iris'],298453,2008,False,,0.7190000000000001,0.609,0.00586,0.551,111.99700000000001
5w8QfqVOGdSnYCYMLxEcFC,Drive,"[""Boheme '66""]",199827,2008,False,,0.493,0.672,0.741,0.272,132.377
4yFGHb8Dc4T2nY6w44pMzW,High School Reunion,"[""Boheme '66""]",157120,2008,False,,0.621,0.958,0.0127,0.836,126.65700000000001
1eAHzCvj3IZIbEveOAHBWf,The Wild Wind,"[""Boheme '66""]",239053,2008,False,,0.607,0.25,0.972,0.361,94.944
5lMABdqH7FezGDoh7IZ28c,Blind Ascension,"[""Boheme '66""]",269427,2008,False,,0.584,0.613,0.526,0.875,123.488
3TojyZQkRXDvCT6p27YjTz,Land Of The Black Lotus Eaters,"[""Boheme '66""]",453453,2008,False,,0.40700000000000003,0.3720000000000001,0.8959999999999999,0.0383,69.76
1Qzp7nXozQswRrej9jW4Li,Greenfields,"[""Boheme '66""]",415933,2008,False,,0.29600000000000004,0.275,0.9440000000000001,0.149,84.455
3fZSPP507MdofCjD1JBHS9,Tin Soldier,"[""Boheme '66""]",284120,2008,False,,0.536,0.418,0.0286,0.0604,115.814
5xxNNwHgPtBpuQsbc2vewl,The Skin Parade - Recorded Live At The Absinthe Garage,"[""Boheme '66""]",465000,2008,False,,0.419,0.335,0.86,0.151,97.256
4CZ0WQHezokG59q9MZ21Dm,6 or 7,['Rapoon'],398267,2003,False,,0.21,0.16699999999999998,0.9620000000000001,0.14800000000000002,186.037
44ngqxxmJGs17DY7WIe7SI,I'm Just Like You,['6ix'],188427,2014,False,,0.91,0.44299999999999995,0.0613,0.53,100.637
1WfX5W5TD9ttyNQxeK0adl,Trying to Make You Feel Good,['6ix'],351867,2014,False,,0.755,0.541,0.517,0.6659999999999999,133.721
3p5NnpLjgCohne0lxMTnPk,Dynamite,['6ix'],189973,2014,False,,0.762,0.52,0.92,0.8220000000000001,146.767
2sIvE3vxXY5tPEBjjn3s9S,"You Can, We Can",['6ix'],333013,2014,False,,0.7340000000000001,0.813,0.015,0.9670000000000001,145.778
60AjD687GHAzJTcBKwbjwo,I'm Just Like You (Full Band Version),['6ix'],374347,2014,False,,0.551,0.575,0.131,0.6940000000000001,91.824
1TTwesa3smJQ7lFSloyafX,Dynamite (Alternate Version),['6ix'],221933,2014,False,,0.743,0.519,0.785,0.81,152.773
3RLThNRc2N60rSmc9BGMPg,6X6,['WIN WIN'],220764,2012,False,,0.589,0.722,0.633,0.14,129.006
6Sac9xzZDWbycIvPijdvUR,62 Horses,['Wheat'],222067,2015,False,,0.45399999999999996,0.401,0.655,0.166,119.84700000000001
0wg3ZXn9V13l8CgY4oZO1c,Our Arrival,['Three 6 Mafia'],54467,1997,False,,0.212,0.8029999999999999,0.037000000000000005,0.245,72.173
5k72Xz3XkIpY8pccZmCXG3,Stomp,['Three 6 Mafia'],250133,1997,False,,0.765,0.5429999999999999,0.0069299999999999995,0.11,159.966
3ney8w3Ab2wxmYNxXPLDyE,Money Flow,"['Three 6 Mafia', 'K Rock', 'Killa Klan Kaze']",246027,1997,False,,0.8140000000000001,0.5379999999999999,0.000429,0.35,144.083
0VC2DLqbBr5mtrumV4Gx4o,Late Night Tip,['Three 6 Mafia'],316773,1997,False,,0.9059999999999999,0.397,0.0574,0.184,122.21600000000001
49osIv9yx2GcIOIWqqViP8,Gotcha Shakin',['Three 6 Mafia'],373933,1997,False,,0.809,0.5820000000000001,0.0025399999999999997,0.368,148.056
4w0qnhImWD7MCPtUIHes0l,I Ain't Goin',['Three 6 Mafia'],234027,1997,False,,0.807,0.675,0.0017800000000000001,0.574,156.017
33HyRKinPv5hMMScGJZwSw,Good Stuff,['Three 6 Mafia'],256907,1997,False,,0.899,0.5529999999999999,0.0313,0.595,139.941
4iQYhooSzGn4oiOVn1CFr8,Walk Up 2 yo House,['Three 6 Mafia'],273760,1997,False,,0.7879999999999999,0.583,0.0246,0.627,163.779
27qa1JR0sK5xVZn5vRxA8H,In-2-Deep,['Three 6 Mafia'],230840,1997,False,,0.7190000000000001,0.5529999999999999,0.247,0.392,72.02199999999998
2gNStTi7ptGsYSg0MObgsu,Last man Standing,"['Three 6 Mafia', 'M-Child', 'Gangsta Blac']",303693,1997,False,,0.7090000000000001,0.737,0.0153,0.561,154.126
5gOpLTd8F85D7eq4irhfgz,Destruction Terror,['Three 6 Mafia'],237307,1997,False,,0.754,0.616,0.00135,0.21600000000000005,170.387
1huMVxqzfQS8rWykI30cs3,Body Parts,['Three 6 Mafia'],330133,1997,False,,0.787,0.7509999999999999,0.188,0.27399999999999997,92.12
0AF9qpLxETfSkWNHH47Yyz,Where's Da Bud,['Three 6 Mafia'],237293,1997,False,,0.9,0.56,0.00216,0.7140000000000001,140.041
1ddMqACeQRqCH1sutXDWJT,Gette'm Crunk,['Three 6 Mafia'],264173,1997,False,,0.8240000000000001,0.746,0.0271,0.647,159.94299999999996
6oezsuzQOT1nZ9A3ntpQ0O,Where Da Killaz Hang,['Three 6 Mafia'],319933,1997,False,,0.7909999999999999,0.8909999999999999,0.000354,0.509,131.996
4U6mZeGizI6Vk64H8c8Lez,The End,['Three 6 Mafia'],256133,1997,False,,0.73,0.38,0.00124,0.483,146.059
6wCbcjQsqpzGtgdFAlNOkb,Life Or Death,['Three 6 Mafia'],254293,1997,False,,0.863,0.599,0.0235,0.175,124.16799999999999
5ohfuHGYgQGmAmss3U0s2F,A New Nightmare,['Three 6 Mafia'],70493,1995,True,,0.557,0.439,0.5760000000000001,0.655,123.55
6ajvsuEpHqHpUwzuim6bLh,Triple 6 Mafia,['Three 6 Mafia'],105960,1995,True,,0.809,0.635,0.0855,0.6579999999999999,150.085
1wNZlLfyjbygj1NHYLfsOm,Throw Yo Sets In Da Air,['Three 6 Mafia'],322240,1995,True,,0.77,0.9309999999999999,0.0805,0.787,140.02
7oVfGJ4YwTfyT7t3y13fRU,Slippin' - (Koopsta Knicca),['Three 6 Mafia'],118773,1995,True,,0.7509999999999999,0.679,0.00283,0.565,130.15
3yYO18MK6kdxemmwh3h0T5,Be A Witness - (Killa Klan Kaze),['Three 6 Mafia'],303627,1995,True,,0.738,0.797,0.145,0.917,151.866
0UpHjSH3UoZEvu0K71sHCg,Live By Yo Rep - (Radio),['Three 6 Mafia'],259800,1995,True,,0.6779999999999999,0.627,0.31,0.35,132.705
0eSrTfC0NH1SveUkGsoFe5,Live By Yo Rep - (Screwed),['Three 6 Mafia'],260640,1995,True,,0.742,0.74,0.851,0.639,116.929
2pE9xfiEqVEmqfhonasE1E,Tear Da Club Up - (Da Real),['Three 6 Mafia'],273533,1995,True,,0.711,0.878,0.0419,0.76,152.442
5Gc43hCTM0y2f9iylPjsG4,Ya'll Ready For This,"['Three 6 Mafia', '""Mista Dj Paul', 'Juicy ""Low Down"" J', 'Gangsta Boo']",56200,1999,True,,0.638,0.617,0.00011899999999999999,0.7340000000000001,137.958
0fMVwYrS2ou7tW5VQUGnzY,Half On A Sack Or Blow,"['Three 6 Mafia', '""Mista Dj Paul', 'Juicy ""Low Down"" J', 'Gangsta Boo']",219867,1999,True,,0.857,0.7090000000000001,0.00322,0.787,140.13299999999998
0pQt6nZN3DrZBZC7mXXA1p,Suck A Nigga D**k,"['Three 6 Mafia', '""Mista Dj Paul', 'Juicy ""Low Down"" J', 'Gangsta Boo']",274027,1999,True,,0.8959999999999999,0.8240000000000001,0.00704,0.6779999999999999,150.123
6xeIbBq2SASRrEbk0qlQGs,Lick My N*tts,"['Three 6 Mafia', '""Mista Dj Paul', 'Juicy ""Low Down"" J', 'Gangsta Boo']",225200,1999,True,,0.9279999999999999,0.629,0.000684,0.855,150.257
1ObKFBgrYL7GtuYAOGPzXo,Funky Town,"['Three 6 Mafia', '""Mista Dj Paul', 'Juicy ""Low Down"" J', 'Gangsta Boo']",318507,1999,True,,0.813,0.904,0.00106,0.737,136.056
276HJBqhEybfyrG5fRoFHz,F**k That Nigga,"['Three 6 Mafia', '""Mista Dj Paul', 'Juicy ""Low Down"" J', 'Gangsta Boo']",167200,1999,True,,0.847,0.851,0.0576,0.316,76.67699999999998
6msdmIo8vsRgqtucQvIN0x,Blow A Nigga's Ass Off,"['Three 6 Mafia', '""Mista Dj Paul', 'Juicy ""Low Down"" J', 'Gangsta Boo']",127027,1999,True,,0.925,0.6629999999999999,0.00014,0.6940000000000001,138.21
6lMHqfFgkndIsrHxnjqGHR,Liquor And Dat Bud,"['Three 6 Mafia', '""Mista Dj Paul', 'Juicy ""Low Down"" J', 'Gangsta Boo']",283840,1999,True,,0.9590000000000001,0.711,0.0549,0.556,133.393
0rIvnTweANZRAsweNAj1vA,F**k Dat S**t,"['Three 6 Mafia', '""Mista Dj Paul', 'Juicy ""Low Down"" J', 'Gangsta Boo']",145360,1999,True,,0.784,0.804,0.00744,0.602,165.65900000000005
7GyvXKDbHFHreyJf9gBzto,Beat Down,"['Three 6 Mafia', '""Mista Dj Paul', 'Juicy ""Low Down"" J', 'Gangsta Boo']",356200,1999,True,,0.898,0.628,0.0012699999999999999,0.6679999999999999,136.615
5hAClWeksvzWnwNkgSlqg7,Droppin' Dat Dirt,"['Three 6 Mafia', '""Mista Dj Paul', 'Juicy ""Low Down"" J', 'Gangsta Boo']",25640,1999,True,,0.721,0.39299999999999996,0.7859999999999999,0.968,110.259
6lte4ixEC6ZyHn0KRKMNDQ,No I'm Not Dat Nigga,"['Three 6 Mafia', '""Mista Dj Paul', 'Juicy ""Low Down"" J', 'Gangsta Boo']",207533,1999,True,,0.889,0.8240000000000001,0.0667,0.7240000000000001,75.516
6Td7LiCMYHIN8NrqXltLMo,Nine To Yo Dome,"['Three 6 Mafia', '""Mista Dj Paul', 'Juicy ""Low Down"" J', 'Gangsta Boo']",210693,1999,True,,0.917,0.828,0.0115,0.871,139.951
77HqiRpHj6z9bsYjZf5D1j,South Memphis Representin',"['Three 6 Mafia', '""Mista Dj Paul', 'Juicy ""Low Down"" J', 'Gangsta Boo']",16533,1999,True,,0.687,0.221,0.6579999999999999,0.961,68.104
19tStpDUOOOWvfqehTcWpf,Get Buck Mutha F**ka,"['Three 6 Mafia', '""Mista Dj Paul', 'Juicy ""Low Down"" J', 'Gangsta Boo']",117867,1999,True,,0.82,0.594,0.0606,0.6609999999999999,96.069
2BQC2Xw57d3NYj20WpsehV,Long And Hard,"['Three 6 Mafia', '""Mista Dj Paul', 'Juicy ""Low Down"" J', 'Gangsta Boo']",266907,1999,True,,0.8959999999999999,0.483,0.0024,0.418,136.80700000000002
71PYvWDQNhzG7i0bs1rfsS,Tear Da Club Up,"['Three 6 Mafia', '""Mista Dj Paul', 'Juicy ""Low Down"" J', 'Gangsta Boo']",235093,1999,True,,0.797,0.7290000000000001,7.56e-05,0.773,151.376
3Tf7zbRr7TBpmrAZfCxjDG,North Memphis Area,"['Three 6 Mafia', '""Mista Dj Paul', 'Juicy ""Low Down"" J', 'Gangsta Boo']",96267,1999,True,,0.88,0.9640000000000001,0.0157,0.865,157.093
4d2QUkitBrxhM4WBYdQ9ea,Slob On My Knob,"['Three 6 Mafia', '""Mista Dj Paul', 'Juicy ""Low Down"" J', 'Gangsta Boo']",123040,1999,True,,0.8490000000000001,0.48700000000000004,0.0069,0.499,170.981
2FAXxd6WXvK6r8GtUvhtiU,Ridin' N' Da Chevy,['Three 6 Mafia'],362027,1999,True,,0.9620000000000001,0.68,0.0035,0.79,134.507
4xFdtsxWJnjRZZV7rx61Ac,Niggaz Ain't Barin' Dat,['Three 6 Mafia'],372107,1999,True,,0.596,0.937,0.0385,0.858,163.349
7njgUycqm2oKJ4tkSxxOaG,Charging These Hoes,['Three 6 Mafia'],207067,1999,True,,0.7609999999999999,0.506,0.0152,0.535,148.798
5LTg537JAj70RdfMeo1VUw,"Now I'm High, Really High",['Three 6 Mafia'],261067,1999,True,,0.659,0.885,0.0223,0.657,115.859
0x2CBDnPS5CJyRUh8B6JvF,Sucks On Dick,['Three 6 Mafia'],163533,1999,True,,0.809,0.35200000000000004,0.0012900000000000001,0.621,154.109
0TfHub9Xd5kr6lwpiWOxO7,Playa Hataz,['Three 6 Mafia'],218200,1999,True,,0.754,0.66,0.0296,0.66,119.664
3jdi8D1bJTBlTFQKz36ecZ,"Paul, With Da 45",['Three 6 Mafia'],298693,1999,True,,0.627,0.905,0.00115,0.7140000000000001,149.69
0dlZbCErF0p6jWLfQNUhuc,Where Da Bud At,['Three 6 Mafia'],269040,1999,True,,0.6759999999999999,0.853,0.00247,0.32799999999999996,129.355
4FT63J28e8fYclaAvLwNS0,Mask And Da Glock,['Three 6 Mafia'],222200,1999,True,,0.7190000000000001,0.991,0.0834,0.344,130.585
5x7draG7rgixJGwzIzkXTn,Don't Be Scared,['Three 6 Mafia'],194333,1999,True,,0.86,0.941,0.027999999999999997,0.845,134.208
6TD1XR58rsx71cD8naNAMf,Time For Da Juice Mane,['Three 6 Mafia'],163960,1999,True,,0.753,0.981,0.0328,0.884,145.84799999999996
3R8sCwlK9pbFuvpdzAknyG,Walk Up To Your House,['Three 6 Mafia'],229467,1999,True,,0.643,0.887,0.0167,0.649,138.149
73J01FNldRr4s40DV2q7ht,"Yeah, They Done Fucked Up",['Three 6 Mafia'],254267,1999,True,,0.764,0.625,0.00044699999999999997,0.675,146.012
5hxWm9TVtuNRq54XNdiAZL,Talk Ya Ass Off,['Three 6 Mafia'],304107,1999,True,,0.7659999999999999,0.8740000000000001,0.00047000000000000004,0.335,138.418
11ZjPGo6S7UrXYfLX7Jt2j,Fuck All Dem Hoes,['Three 6 Mafia'],215067,1999,True,,0.713,0.708,3.2500000000000004e-05,0.45,149.02200000000005
1XXa4K7p0q5990twdZEx6C,6 Feet Away,['Chromeo'],203560,2020,False,,0.852,0.6859999999999999,0.149,0.68,104.00200000000001
1zbJcCnBljIHexdAhhTvBT,6 Feet Away - Instrumental,['Chromeo'],161307,2020,False,,0.805,0.76,0.0503,0.575,104.117
7GmsdBnCDpdm3oltZViWy1,60,['Slowearth'],235693,2001,False,,0.773,0.627,0.0749,0.637,97.072
0e4JD0gPZu9UAfIRLHKPne,6699,['Slowearth'],390667,2001,False,,0.5379999999999999,0.9359999999999999,0.0642,0.222,143.123
2RKWyLwhdl2OEIAaHJlTh0,Da Beginning,['Three 6 Mafia'],73800,1995,True,,0.5660000000000001,0.92,0.7859999999999999,0.511,82.285
1AycXt35iOUKnNlqL3sINt,Break Da Law '95',['Three 6 Mafia'],261560,1995,True,,0.632,0.956,0.196,0.318,158.766
4OPP6Nzkf60dpjbfRheELe,Da Summa,['Three 6 Mafia'],283573,1995,True,,0.8420000000000001,0.64,0.332,0.62,140.338
5Mw8HXbu2pDdgnjkDqSTNl,Live By Yo Rep,['Three 6 Mafia'],312867,1995,True,,0.721,0.865,0.748,0.415,132.998
4bCJZwyVjboKU3l7s9AzGH,In Da Game,['Three 6 Mafia'],244133,1995,True,,0.6709999999999999,0.889,0.268,0.747,170.528
4ZBgz0Bu9YcqUr7xtP78T8,Now I'm Hi Pt. 3,['Three 6 Mafia'],310533,1995,True,,0.7879999999999999,0.9620000000000001,0.649,0.268,112.539
4XI61m9M85JODiQHsFjjnC,Long Nite,['Three 6 Mafia'],275133,1995,True,,0.763,0.9490000000000001,0.0571,0.899,166.112
27ruZRRrJomRQZyCEfi5TU,Sweet Robbery,['Three 6 Mafia'],285600,1995,True,,0.621,0.973,0.254,0.268,216.53799999999998
5ku9w46YvoQ0JfYt507N68,Back Against Da Wall,['Three 6 Mafia'],291067,1995,True,,0.767,0.732,0.0503,0.696,144.909
7Cm957kNsKK6sMc3n7DdiI,Fuckin Wit Dis Click,['Three 6 Mafia'],378400,1995,True,,0.6940000000000001,0.932,0.6679999999999999,0.509,130.048
5hBKGqQpL9Nka7q4wFdJgl,All Or Nothin,['Three 6 Mafia'],294427,1995,True,,0.902,0.462,0.528,0.866,145.85
7aONHQwhyvI0CHUpQFehTQ,Gotta Touch 'Em - (Pt. 2),['Three 6 Mafia'],295173,1995,True,,0.823,0.932,0.41600000000000004,0.563,140.299
1rTiHyZrNVEx5Fi5nmUW6U,Tear Da Club Up,['Three 6 Mafia'],275093,1995,True,,0.696,0.91,0.0437,0.7440000000000001,152.421
2jRjUp7iK9EnNVJECnIkAd,Big Bizness,['Three 6 Mafia'],138333,1995,True,,0.44,0.833,0.00963,0.315,81.697
60i2dhtMYqaZiD6iLJJyke,Mystic Styles,['Three 6 Mafia'],383507,1995,True,,0.718,0.976,0.341,0.636,137.726
4Kc6otctKIYJFpO9SQlwLV,Porno Movie,['Three 6 Mafia'],324800,1995,True,,0.9159999999999999,0.536,0.125,0.455,134.029
1xQ6trAsedVPCdbtDAmk0c,Savage Love (Laxed - Siren Beat),"['Jawsh 685', 'Jason Derulo']",171375,2020,True,,0.767,0.48100000000000004,0.23399999999999999,0.7609999999999999,150.076
3BJiF37kmX4HCfYSO7qBnQ,Laxed – Siren Beat,['Jawsh 685'],201990,2020,False,,0.736,0.62,0.0577,0.9590000000000001,150.026
0bFlklOG4s2wHe6lnGKFlX,Intro,['Triple 6'],43467,1997,False,,0.546,0.637,0.179,0.0393,78.089
7jyCirsF18IeGEBfTXBsoL,Grave Digger (Feat. Big Drawz of 2Illeven),['Triple 6'],249600,1997,False,,0.799,0.852,0.0127,0.322,100.935
4ZYDQcu6X7WysGdqyX6zIw,Hustlin For My Paper,['Triple 6'],212413,1997,False,,0.725,0.852,0.0068200000000000005,0.389,96.001
2sOsyvvDBrf6gimG3FZiVB,Interlude,['Triple 6'],51587,1997,False,,0.6890000000000001,0.235,0.875,0.301,76.081
3jlwEprPWdzqcnnmcn4d86,"Walkin' Assassin (Feat. Andre Nickatina(Dre Dog), Fly Mar & Fela Phil)",['Triple 6'],399267,1997,False,,0.828,0.8320000000000001,0.0253,0.5329999999999999,105.04799999999999
5eTfm03NCscs0L9QijON7X,Hellbound,['Triple 6'],305227,1997,False,,0.777,0.903,0.00312,0.62,107.01700000000001
0GXfhkGRyFK5jM5cWL72Ch,Interlude,['Triple 6'],10840,1997,False,,0.0,0.26899999999999996,0.9159999999999999,0.0,0.0
6S7TyzpWSuWAeRXdVSbRf1,Blood Thirst,['Triple 6'],344747,1997,False,,0.738,0.634,0.00145,0.65,169.82299999999995
5lLm9s9F3JwcQIUwbxIfsD,Flat Line,['Triple 6'],318587,1997,False,,0.845,0.902,0.00057,0.41200000000000003,91.038
6p6rXzvPRbAaMIk7Xand9F,Interlude,['Triple 6'],20080,1997,False,,0.649,0.816,0.94,0.474,104.66
5SI7MmE1JQPZagjjgJgMZg,Outro,['Triple 6'],250187,1997,False,,0.6920000000000001,0.813,0.0374,0.665,180.218
6JNr9erwKx4fdnTgmiwEpf,Fightin Cases - Bonus,['Triple 6'],227467,1997,False,,0.764,0.586,0.0171,0.9009999999999999,170.408
0MoGkelRvi3gxZy6kuYHLq,Touch & Go,"['Tinashe', '6LACK']",255455,2019,True,,0.665,0.506,0.43799999999999994,0.21600000000000005,132.032
2ffyCQEnTAzFiv9sJrEKEY,62 Seconds,['Qiet'],62017,2014,False,,0.521,0.254,0.981,0.16,120.211
1legomxg4SAzXxK0B3sy3i,'65 Superstar,['Shuggie'],241000,1996,False,,0.5579999999999999,0.878,0.0871,0.7070000000000001,124.704
22vzbYImjaw2dV7t7M3lMV,I Don't Wanna,['Sham 69'],105533,2007,False,,0.44799999999999995,0.955,0.0057,0.674,99.339
5BnuE9K5MG1XHFt5i5Rpe5,#64Barsorbetter,['Sir Spits'],224000,2016,True,,0.752,0.7290000000000001,0.00971,0.81,90.912
3MQeDCEMrhBPZclBh6co1t,"6 in Tha Mourning, Pt. 1",['Corpse Circus'],138560,2013,True,,0.7090000000000001,0.8190000000000001,0.154,0.703,97.03200000000001
6RbsNZ3wE5toeWhFZlYHFN,"6 in the Mourning, Pt. 2",['Corpse Circus'],84133,2013,True,,0.754,0.759,0.129,0.863,96.228
3LN0vI9KkgLom5ZPB1BGlW,"6 Lieder, Op. 17, TrV 149: 6 Lieder, Op. 17, TrV 149: No. 2. Standchen",['Arleen Auger'],143000,2000,False,,0.355,0.052000000000000005,0.983,0.125,98.31
1ac4qyEIvlmmNQ34ogOw4K,"6 Songs, Op. 25 (text by P.B. Shelley and J. Stephens): 6 Songs, Op. 25: No. 5. Music, when soft voices die",['Arleen Auger'],126000,2000,False,,0.19399999999999998,0.0778,0.991,0.0395,78.575
29r4ME0B8uMF4fRRc3uY5H,Deep Scar Man,['Fetish 69'],225549,2016,False,,0.625,0.935,0.0135,0.13,131.321
0iwFt0oshWbswmxJVgnV59,You Sold Me Out #2,['Love 666'],283207,2016,False,,0.261,0.426,0.114,0.34299999999999997,64.788
1NDAK4KQE4k9OnPZ3o6w0W,6.1,['Sekstett'],300653,2010,False,,0.40399999999999997,0.11699999999999999,0.7909999999999999,0.091,145.055
7Md8hUFC4FtJVNos226JvO,6.3,['Sekstett'],735467,2010,False,,0.27,0.569,0.7979999999999999,0.364,88.154
07SzTT6pZSZPRt0KlTqaeJ,6.4,['Sekstett'],543867,2010,False,,0.41600000000000004,0.275,0.643,0.179,93.505
2mV8fkPxfY2V7KRickUskn,6.5,['Sekstett'],711427,2010,False,,0.302,0.385,0.8909999999999999,0.0951,87.709
1BTaXSjWfCz5s4c2pNq553,6 Weeks,['Casiomtb'],180000,2015,False,,0.166,0.502,0.977,0.0328,95.734
0DWmeGtFp23m102hmOsMV4,As You Turn to Go,['The 6ths'],116120,2003,False,,0.59,0.534,0.536,0.618,102.572
2nAAdxhcS7LNcrZyOkkeSr,You You You You You,['The 6ths'],205613,2003,False,,0.534,0.187,0.9840000000000001,0.34299999999999997,111.007
1fodTDk9yoeJ2itxn7Dw5R,60 Easy Payments,['Rabbits'],144453,2015,False,,0.29600000000000004,0.92,0.0199,0.21100000000000002,163.171
3bj3aFkF7jJCNAG9drPHBR,604,['Zac Z'],402493,2010,False,,0.198,0.214,0.809,0.0407,77.568
0POtEKzCez7aowybjOZSeq,665: The Neighbor of the Beast,['Vomitron'],343277,2017,False,,0.273,0.93,4.68e-06,0.272,101.00200000000001
0GRvIEiVKMTA8dKg0N1Old,Riddim Supastar (Instrumental),['60 Channels'],384280,2009,False,,0.6409999999999999,0.787,0.0208,0.903,146.414
5Kx5lTgEbNWuvDJDDPGvJJ,Black Rush (Instrumental),['60 Channels'],266587,2009,False,,0.685,0.7509999999999999,0.00509,0.344,90.02
0zsq49LvV7KeFuG7JPo4xh,Rush To Dust,['60 Channels'],218867,2009,False,,0.767,0.667,0.0267,0.35600000000000004,119.95
1LxpMNYY9tNa4YBVC3nP7z,Beyond The Chemical Domain (Instrumental),['60 Channels'],372693,2009,False,,0.564,0.649,0.00324,0.151,175.91299999999995
2Q3vmro6OrIq2mIBwdQYq5,Once Inna Life (Instrumental),['60 Channels'],274613,2009,False,,0.722,0.674,0.018000000000000002,0.281,90.99700000000001
2REU98nYFIhyENtOM5fWof,Random Signals,['60 Channels'],78160,2009,False,,0.873,0.321,0.0373,0.225,92.084
5rWksHCrUlBHkKy63eP5qg,Still Burnin' (Instrumental),['60 Channels'],387600,2009,False,,0.5529999999999999,0.63,0.00198,0.40700000000000003,178.00599999999997
12b2uWZRrEvvrfPUZ2iDvM,Counter Evoution (Instrumental),['60 Channels'],316693,2009,False,,0.778,0.55,0.0292,0.516,134.974
73hjSmVcj0oJnJMolG2SYz,Protect Yourself (Instrumental),['60 Channels'],306653,2009,False,,0.606,0.604,0.551,0.519,175.995
3EvizZ4lwLagC6ANkwhkik,Covert Movements (Instrumental),['60 Channels'],361853,2009,False,,0.6459999999999999,0.48100000000000004,0.00139,0.612,180.00799999999995
14nOMxFerUogpRYMQ3HNA9,Like Dynamite (Instrumental),['60 Channels'],289080,2009,False,,0.775,0.513,0.07200000000000001,0.25,90.01299999999998
5Op5781lJBi8Epcn3vCEI5,2nd Movement,['60 Channels'],92400,2009,False,,0.735,0.58,0.133,0.747,176.215
5FbbAEswRPpFTKKImfK1En,Scorched Earth (Instrumental),['60 Channels'],272280,2009,False,,0.701,0.9259999999999999,0.0191,0.5820000000000001,120.03
1windxJr0twHftnSYVwjCP,Moving Shadows (Instrumental),['60 Channels'],402493,2009,False,,0.599,0.624,0.0272,0.667,174.00099999999995
0vqNLC6Yjcj5fvGCRgorhg,666!,"['Getter', 'Ghastly']",224516,2016,False,,0.758,0.98,0.00732,0.276,123.95700000000001
40SfMmB5d1xaB4ZWTe06nh,666!,"['Getter', 'Ghastly']",224516,2016,False,,0.758,0.98,0.00732,0.276,123.95700000000001
0L2X6GdtBypVx2X3N4xVnz,Special K,['6L6'],221027,1997,False,,0.255,0.721,1.5399999999999998e-05,0.0737,149.828
0asWps1yPzlKNNd2tDYHfi,Books On Strings,['6L6'],197307,1997,False,,0.371,0.9640000000000001,0.000271,0.46799999999999997,133.691
3nNzwqgvD8BYLqksjvm62o,Should Have Known Better,['6L6'],212133,1997,False,,0.435,0.917,1.15e-05,0.382,132.054
1rgvChLQL7OaTcrwuTSgar,Nothing Special,['6L6'],213133,1997,False,,0.259,0.92,0.00038199999999999996,0.35100000000000003,117.355
0aU4o0ueKm0En6e05jbZGf,Spaced Out,['6L6'],187627,1997,False,,0.28300000000000003,0.8540000000000001,2.6000000000000002e-05,0.319,96.054
2T5wxWtvB1aZsMQSRygndp,Bored Stiff,['6L6'],210400,1997,False,,0.344,0.8959999999999999,0.00123,0.226,152.284
7Lm3HorGxDF8LBSwrTMcTV,March,['6L6'],241507,1997,False,,0.385,0.525,0.0029,0.41600000000000004,103.67200000000001
6aR94r9KUXsv5P0l46uE36,Said So,['6L6'],205133,1997,False,,0.204,0.606,0.00496,0.145,174.96200000000005
1q8u0Hs2hFp9ZU3X0pLC1k,Johnny Rock,['6L6'],91493,1997,False,,0.37799999999999995,0.945,7.78e-06,0.183,108.167
6VXjgqqiOMDXMl6OrwkFLZ,Fuzzy Kitty,['6L6'],166507,1997,False,,0.131,0.972,7.4999999999999985e-06,0.337,188.22099999999998
20UOeKOrW9TAZNRlTxqzKO,You're Always Right,['6L6'],114533,1997,False,,0.251,0.61,8.93e-05,0.613,152.1
30OSbDs59p4OCithaKWOGJ,You Got Nothin',['6L6'],225333,1997,False,,0.424,0.919,3.2500000000000004e-05,0.43799999999999994,102.698
796iOasAJh7WMeQEML7UlM,Sunshine,['6L6'],219693,1997,False,,0.324,0.848,0.00131,0.257,76.91
6iqgnw5xoev0n3PHGReXY3,Sentiment,['6L6'],190173,1997,False,,0.31,0.963,1.7800000000000002e-05,0.33899999999999997,90.323
31B0iauMVknNseGJg1akAc,She,['6L6'],311093,1997,False,,0.303,0.79,0.264,0.315,119.46
0mKt3bovQ2Xu0faIQCVz7z,Bored Stiff,['6L6'],223973,1997,False,,0.33,0.857,0.00494,0.41700000000000004,149.808
3ODmJ9E43MIJILYJUogD1U,Special K - Demo,['6L6'],205467,1997,False,,0.331,0.852,3.09e-05,0.298,148.504
1nw8ftRqFvNbCWpldj6KZn,Monolith,['65daysofstatic'],377600,2016,False,,0.233,0.6409999999999999,0.00993,0.0376,140.00799999999998
4RxkqmtQ3yeIio21phDBl6,Supermoon,['65daysofstatic'],262333,2016,False,,0.34700000000000003,0.8740000000000001,0.006409999999999999,0.17300000000000001,80.8
5CBltUBRMIdTwDb0dmdmsz,Asimov,['65daysofstatic'],351760,2016,False,,0.265,0.816,1.1599999999999999e-05,0.0386,128.38
3ElOI4lIZAhjp7k11b4MAv,Heliosphere,['65daysofstatic'],262947,2016,False,,0.215,0.322,0.406,0.0375,79.194
5BuDayoi5YIpQT0SGM1YFn,Blueprint For A Slow Machine,['65daysofstatic'],353840,2016,False,,0.248,0.523,0.0496,0.0696,128.05100000000002
5638a5WgZCetJ0ZDfAjVDJ,Pillars Of Frost,['65daysofstatic'],176893,2016,False,,0.171,0.7559999999999999,0.883,0.183,121.415
0ox9URTf6AvUrJXGQhu2Y1,Escape Velocity,['65daysofstatic'],175307,2016,False,,0.19699999999999998,0.0391,0.34700000000000003,0.0453,137.211
1dWCko378Bc22WlQesqNa1,Red Parallax,['65daysofstatic'],286573,2016,False,,0.0837,0.54,0.0076799999999999985,0.0472,85.72200000000002
5WnRiDaIrPQrbUvqXtYxpF,Hypersleep,['65daysofstatic'],173400,2016,False,,0.262,0.345,0.987,0.18,74.002
6txlN7lERAJFQuzLkw19VO,End Of The World Sun,['65daysofstatic'],446333,2016,False,,0.152,0.741,0.00027400000000000005,0.0395,161.322
5Uhn4aU9mTNUa0EKdXBSLh,NMS_exteriorAtmos1/False Suns,['65daysofstatic'],568533,2016,False,,0.301,0.633,0.0412,0.0427,129.969
1TaOzrBXfnhDaAXe4dMoGT,Tomorrow/Lull/Celestial Feedback,['65daysofstatic'],654147,2016,False,,0.134,0.43,0.8059999999999999,0.0333,86.215
4mSVCZ9saL4ZOlwR06u38b,Departure/Shortwave/Noisetest,['65daysofstatic'],710373,2016,False,,0.34299999999999997,0.423,0.0369,0.036000000000000004,107.979
6G6yv3M8XBG27Yr1j7Qooo,TemporalDissent/ascension_test1/koaecax,['65daysofstatic'],606627,2016,False,,0.0664,0.22,0.537,0.031,72.178
7yjFgBfG61ZGrVaUvad2Oy,Borealis/Contrastellar,['65daysofstatic'],531560,2016,False,,0.28,0.654,0.18899999999999997,0.0408,120.005
2COUMrp2lEXNG1NzGU6rZ2,Outlier/EOTWS_Variation1,['65daysofstatic'],719173,2016,False,,0.18,0.26899999999999996,0.835,0.0363,85.961
4bYRg1QV2auVvkazFE8ja8,'65 Superstar,['Shuggie'],240907,1996,False,,0.562,0.878,0.08199999999999999,0.7,124.725
7hPenGR0AKp8RgsuM01udu,Creed,"['Slick 64', 'Kal-El']",228340,2017,True,,0.6829999999999999,0.526,0.156,0.353,127.929
18frtitzgodYnY2z0PSSKR,Hoolah,['Slick 64'],221920,2017,True,,0.87,0.706,0.039,0.273,120.02
5tlcDiX0gv5cnO3ECLdoUl,Edge of Infinity,['Slick 64'],290575,2017,True,,0.693,0.368,0.0982,0.12,99.96600000000001
2XGwVZF7uNCsMqD4FZ1XQZ,Gatorz,['Slick 64'],98054,2017,True,,0.8290000000000001,0.6920000000000001,0.0719,0.26,117.99799999999999
3roGaBM3YgbQKEk5f4vO2j,Like What,['Slick 64'],220041,2017,True,,0.965,0.451,0.019,0.10400000000000001,109.00200000000001
4E88IujmMEE2nJVpr77cgw,Over-Again,['Slick 64'],256356,2017,True,,0.825,0.385,0.222,0.135,85.954
1nGf4LLy9pc9lxjlbmvhYP,Stay,"['Slick 64', 'TinaMazyck']",270350,2017,True,,0.6559999999999999,0.5920000000000001,0.021,0.129,134.995
1WytiJ0ZcXglz4i8zdvIqc,Feeling,"['Slick 64', 'Soulfakers']",250961,2017,True,,0.687,0.40700000000000003,0.007659999999999998,0.321,106.03399999999999
7KoGb9lGbW476wHEBjEhbW,65 Mustang - Live at House of Blues,['Five For Fighting'],258440,2007,False,,0.439,0.87,0.0498,0.606,79.906
2fA15J1vrfKg45k8wzwC0h,6fg: Overthrilled with Overkill,['6fg'],172867,2001,False,,0.507,0.792,0.0685,0.691,141.958
18v1YFl8cWvUjJXbHdLNF6,What's Up,"['Skee 64', 'GC Roughneck Locster']",282853,2007,False,,0.556,0.8029999999999999,0.0671,0.8190000000000001,75.444
6I968zOh57jVR5DjMIuYms,El Lobo,['Davila 666'],213840,2008,False,,0.114,0.985,0.213,0.29,185.28099999999998
4gV2xtfv7S0KYShz9Askme,Basura,['Davila 666'],196600,2008,False,,0.418,0.815,0.000212,0.7759999999999999,138.673
1HC9j3RXJnAU8bzA8PUknp,Bla Bla Bla,['Davila 666'],155253,2008,False,,0.48,0.893,0.00866,0.612,124.178
6u9jjcSohjToVcvYTLncT9,Dimelo Ya,['Davila 666'],185107,2008,False,,0.6609999999999999,0.9159999999999999,0.0404,0.841,125.304
2n6u2CC2Si8pNuQuQ6MnsF,Tu,['Davila 666'],251813,2008,False,,0.695,0.6729999999999999,0.35700000000000004,0.544,94.959
0DORYEJY44ztLkLLgV2hWk,Oh Baby,['Davila 666'],241440,2008,False,,0.503,0.9940000000000001,0.0089,0.5720000000000001,125.296
2w61oUZFRkb2vPYJKq6YTJ,Muy Christoso,['Davila 666'],168613,2008,False,,0.505,0.948,0.121,0.409,121.12700000000001
4zGXO3wcjke1VBRBp0bZdj,Callejon,['Davila 666'],249107,2008,False,,0.466,0.9790000000000001,0.0372,0.37799999999999995,127.917
5MxTPtrorJSot8DIKiez19,No Puedo Ver,['Davila 666'],236253,2008,False,,0.522,0.77,0.126,0.479,115.51100000000001
1GNBofvSzrPUwAVCNuse9i,Quizas,['Davila 666'],91507,2008,False,,0.326,0.975,0.15,0.5870000000000001,175.375
5eSoE2pmHFSINw4yA4X7SE,Ciudad,['Davila 666'],244880,2008,False,,0.348,0.975,0.0578,0.384,141.219
3J0m0lX2SVpEoQYNrYL7UT,No Quiero,['Davila 666'],161560,2008,False,,0.655,0.885,0.615,0.8909999999999999,137.67700000000002
0f8cHTe3ouxSjziyp0V4kw,9:36 (Puto),['Davila 666'],200747,2008,False,,0.336,0.995,0.23600000000000002,0.325,174.653
1F3rWtTjZouIbGngFmKNYx,Nueva Localizacion,['Davila 666'],193787,2008,False,,0.483,0.8959999999999999,0.0188,0.20600000000000002,116.32
6wlu8qrx5EZ02jwLgSlMq1,Alapaap,['6cyclemind'],302027,2005,False,,0.292,0.74,0.0227,0.263,142.534
27Ceic0cPY1lpDaR4X1NfZ,Sixfo,['Slick 64'],201430,2017,True,,0.743,0.588,0.00233,0.0795,117.94
3wHejC2vA69HuCKy5eMMBc,Calm Down,['Slick 64'],221074,2017,True,,0.812,0.28,0.348,0.0529,98.03
58Oq0fooawSgw01p6kTxGV,Usual Suspects,['Slick 64'],258064,2017,True,,0.7120000000000001,0.40399999999999997,0.0576,0.285,97.98100000000001
0ZzWl6om3E7KJ0G40hvivE,Trespassing Seconds,['Slick 64'],328072,2017,True,,0.68,0.377,0.5329999999999999,0.0398,118.29799999999999
2fnNukeiHW9yVQ2W8Fx4Yr,Endless Trasition,['Slick 64'],153417,2017,True,,0.613,0.299,0.0858,0.0381,122.803
0oSpCoA0I9wg2UAKT4XGTX,Sandalan,['6cyclemind'],236107,2005,False,,0.484,0.84,0.10400000000000001,0.7829999999999999,139.952
4QbJjJiHz3p3dYK2HwXqLP,I,['6cyclemind'],252680,2005,False,,0.499,0.479,0.161,0.132,75.30199999999998
5ZdcMvkZDXlN5oyW9gxLdt,Clown,['6cyclemind'],289773,2005,False,,0.579,0.252,0.746,0.39399999999999996,148.634
6fEugQVtmrPatag4xmGlIf,Collide,['6cyclemind'],303747,2005,False,,0.489,0.677,0.0211,0.465,152.325
1ZwF8QuhPLO15WmFvnSoJA,Online,['6cyclemind'],185187,2005,False,,0.564,0.8240000000000001,0.0561,0.875,96.031
4j41w7ntP4K6boL93vdMr8,Di Tayo Titigil,['6cyclemind'],282227,2005,False,,0.634,0.738,0.12,0.636,130.096
5NTXGw4QIl4bKONtKHaOJj,Naghihintay,['6cyclemind'],271960,2005,False,,0.534,0.5579999999999999,0.424,0.21,80.03699999999998
6NEsVZhfuln9Hr5R4SS2Ar,Umaasa,['6cyclemind'],229747,2005,False,,0.42,0.632,0.17600000000000002,0.619,147.539
4MECyeeUT5k39dwBsCpjjL,Away,['6cyclemind'],229880,2005,False,,0.45899999999999996,0.502,0.303,0.209,145.043
7xYAENxirjcTMgMZ5X7vNo,Bright Side,['6cyclemind'],70400,2005,False,,0.568,0.494,0.784,0.569,145.346
1Y3M2AFOEGSVHIxK5sdwaW,Touch,['6cyclemind'],273827,2005,False,,0.54,0.408,0.374,0.179,74.26
7iM36IvjE9biw5kcsaAdVL,Landas,['6cyclemind'],217653,2005,False,,0.35,0.489,0.264,0.26899999999999996,167.77900000000002
21CC50zWlHrYUgyuAUOeAB,Kailanman,['6cyclemind'],270747,2005,False,,0.609,0.11800000000000001,0.8759999999999999,0.27699999999999997,104.52799999999999
3pSFjHLjE3RB9CLE8JrqC4,Trip,['6cyclemind'],213640,2005,False,,0.621,0.601,0.152,0.505,137.07399999999998
60wKaD7rE0EVRpbrmAExOl,Sige - Acoustic Version,['6cyclemind'],281573,2005,False,,0.34299999999999997,0.345,0.563,0.263,160.589
5T64cRieT3vwC3AQyUArVS,Hope Dies Last,"['Slick 64', 'Parisian Tone']",213674,2017,True,,0.735,0.526,0.162,0.154,176.043
4MOoGUqF4Ico7VlASYtoPm,Alapaap,['6cyclemind'],335680,2008,False,,0.33399999999999996,0.562,0.00151,0.377,142.454
2OKRe2uMsZgQK5inFAvG9I,Noon At Ngayon,['6cyclemind'],237560,2008,False,,0.47600000000000003,0.626,0.007259999999999998,0.449,119.995
60XzQa3DUqjGCKNFNJ5tGB,Kasalanan (feat. Gloc 9),"['6cyclemind', 'Gloc 9']",325680,2008,False,,0.562,0.628,0.0416,0.446,144.996
2o7WTL8Z7UEivG1FootNI9,Pangarap,['6cyclemind'],268213,2008,False,,0.424,0.195,0.665,0.344,83.045
3oKh5c1qDhYHgHPpy7201w,If Only,['6cyclemind'],242160,2008,False,,0.442,0.598,0.0046,0.284,103.801
6mnsLs1MZEHj58UTfqOinM,Mahiwagang Pag-ibig,['6cyclemind'],203413,2008,False,,0.512,0.765,0.0156,0.672,146.046
25IhFXyABlt3R231fRCGuf,Takipsilim,['6cyclemind'],260000,2008,False,,0.515,0.166,0.92,0.32899999999999996,140.637
0orD7SPcHwehM67Rk2Y7ES,Sagot Kita,['6cyclemind'],242053,2008,False,,0.624,0.63,0.001,0.365,109.979
2CFRmioCpEHE3HSK8cDkU7,Sa Langit,['6cyclemind'],261427,2008,False,,0.727,0.253,0.514,0.349,115.00399999999999
3awM4YJ6oUpfx4DmKBZW6b,Dream,['6cyclemind'],209413,2008,False,,0.588,0.474,0.321,0.235,134.109
46ICnaJL3DS2lFCZefim3X,Kung Wala Na Nga,['6cyclemind'],226733,2008,False,,0.609,0.657,0.00293,0.415,109.01
7osHEigtoVVIGYj50LR39r,Walang Iwanan,['6cyclemind'],217027,2008,False,,0.516,0.755,0.00112,0.546,149.961
5DF8vYjAVvbcdMs7ePoFzj,65 Mustang - Rhapsody Original Version,['Five For Fighting'],258427,2007,False,,0.499,0.61,0.067,0.6809999999999999,156.115
7axgfmMOAmCTQUskkdNDsB,It Was Always You / I Still Haven't Found What I'm Looking For,['Eclipse 6'],225907,2014,False,,0.603,0.6829999999999999,0.226,0.564,104.009
0C5zuVY12TpWTI2RAoFtdx,Best Day of My Life,['Eclipse 6'],195387,2014,False,,0.7879999999999999,0.738,0.157,0.8320000000000001,100.02600000000001
1qdwI1MatOzOEu7j2jYT3I,Pompeii,['Eclipse 6'],221653,2014,False,,0.489,0.321,0.7809999999999999,0.23,116.11
4CUzEKZ6CVrYypPHizCTbw,Every Night,['Eclipse 6'],212133,2014,False,,0.633,0.5529999999999999,0.166,0.499,139.964
1DKMTqcNLfRPTsqtKfbHUK,Mirrors,['Eclipse 6'],278027,2014,False,,0.601,0.8370000000000001,0.0225,0.7979999999999999,77.016
1g1FYr2FPXuE5kOnp3RXuD,When I Was Your Man,['Eclipse 6'],233987,2014,False,,0.597,0.532,0.33399999999999996,0.19399999999999998,145.879
41fyVaT9NdwwRXcE1vTV42,22,['Eclipse 6'],230787,2014,False,,0.7440000000000001,0.621,0.00611,0.799,103.971
4TGbP879av7WEIo1SThpNt,Ships in the Night (feat. Jake Coco),"['Eclipse 6', 'Jake Coco']",256987,2014,False,,0.6459999999999999,0.737,0.14,0.42200000000000004,89.01
2RjHLbdk7o3qAjMKE7xCjQ,Lego House,['Eclipse 6'],222773,2014,False,,0.612,0.753,0.5670000000000001,0.512,155.938
2iQXIrs9mt88pINcQkA8d8,I Won't Give Up,['Eclipse 6'],238267,2014,False,,0.597,0.45399999999999996,0.11599999999999999,0.22399999999999998,138.08
4FDnQdO2ALNiOHs2Apvjdu,Just the Way You Are,['Eclipse 6'],212147,2014,False,,0.631,0.6729999999999999,0.049,0.253,110.00299999999999
0XNKNBZIUuf18F9cUGzTQy,Haven't Met You Yet,['Eclipse 6'],262307,2014,False,,0.774,0.54,0.115,0.823,119.984
3E7DIDazX2nxxFRLJgYYkm,Track 1 R,"[""'68""]",212627,2014,False,,0.40299999999999997,0.9590000000000001,0.00014099999999999998,0.303,175.11599999999999
7wcHucCjTFKJnvVVZumuPl,Track 2 e,"[""'68""]",170493,2014,False,,0.451,0.8009999999999999,0.00635,0.13,109.958
7wNnqRyUMW2AuqGmXPzSNx,Track 3 g,"[""'68""]",225667,2014,False,,0.134,0.865,0.00145,0.294,173.59400000000005
2x0XTeKFop2ZkLmSmXy9v0,Track 4 r,"[""'68""]",165667,2014,False,,0.546,0.698,0.0515,0.373,115.10600000000001
22KoV3c7ID2BXkG9W1mM1E,Track 5 e,"[""'68""]",142933,2014,False,,0.478,0.759,0.0035,0.27699999999999997,139.88
1Ic3kJxhp9Mzq8krDoEE0h,Track 6 t,"[""'68""]",214067,2014,False,,0.27,0.8370000000000001,0.00979,0.268,131.714
2Jfu8bEavOfOgccbGFITBE,Track 7 n,"[""'68""]",217947,2014,False,,0.4320000000000001,0.821,0.0028399999999999996,0.0797,114.038
6eCZ2AiQHroamVsLCFXEIB,Track 8 o,"[""'68""]",163893,2014,False,,0.354,0.9129999999999999,0.000135,0.414,134.967
6ZIdB7QwINyX4d2r2EfNS8,Track 9 t,"[""'68""]",224253,2014,False,,0.426,0.588,0.779,0.8809999999999999,77.242
3nve6NYEQirbBoZJZivxIB,Track 10 .,"[""'68""]",339080,2014,False,,0.266,0.679,0.0687,0.11900000000000001,101.23100000000001
62sREmApbQguw8gkLmwCBP,2-Way Freak (feat. La Chat),"['Three 6 Mafia', 'La Chat']",297533,2001,True,,0.851,0.7390000000000001,0.0524,0.735,158.987
3BxeWIYAZzQQ6ku4yWThyt,The Restaurant Scene (Skit),['Three 6 Mafia'],40400,2001,True,,0.703,0.6859999999999999,0.909,0.9179999999999999,86.49600000000002
0FWS3wJVY4qoF80Ek1K842,Posse Song (feat. Hypnotize Camp Posse),"['Three 6 Mafia', 'Hypnotize Camp Posse']",320093,2001,True,,0.872,0.8240000000000001,0.0746,0.924,152.00799999999995
1OTSwbDNWhSs0cYo1YbnkA,Baby Mama (feat. La Chat),"['Three 6 Mafia', 'La Chat']",283400,2001,True,,0.9540000000000001,0.794,0.00606,0.71,135.989
4M5puMyCf1Hgyvyedi4rri,Gangsta Ni***z,['Three 6 Mafia'],273400,2001,True,,0.934,0.713,0.0996,0.92,141.251
73Fk5Nx5B0CEhIbnRu6YBJ,"Wona Get Some, I Got Some (feat. Tear Da Club Up Thugs & T-Rock)","['Three 6 Mafia', 'Tear Da Club Up Thugs', 'T-Rock']",267267,2001,True,,0.89,0.8170000000000001,0.0701,0.643,162.006
7uR7StcjPTGT9Uh2vROdjH,1st Crime Scene (Skit),['Three 6 Mafia'],40640,2001,True,,0.495,0.45399999999999996,0.898,0.462,128.362
5wHqKg4WWAfSVgGg61JlAy,O.V. (feat. Lord Infamous),"['Three 6 Mafia', 'Lord Infamous']",252827,2001,True,,0.8240000000000001,0.81,0.03,0.39299999999999996,177.017
6qJmH1xKhNDVBMdzg5guli,U Got Da Game Wrong (feat. La Chat),"['Three 6 Mafia', 'La Chat']",220840,2001,True,,0.958,0.679,0.0884,0.845,137.372
0kJf9MOJb5Zs6wFHk8KKph,"We Shootin' 1st (feat. Gangsta Boo, Crunchy Black & Lord Infamous)","['Three 6 Mafia', 'Gangsta Boo', 'Crunchy Black', 'Lord Infamous']",284493,2001,True,,0.802,0.872,0.0138,0.723,151.974
5UZ1clqvRsMKEAC504mRlW,"Dis B**ch, Dat H** (feat. Project Pat, Ludacris & Crunchy Black)","['Three 6 Mafia', 'Project Pat', 'Ludacris', 'Crunchy Black']",262000,2001,True,,0.884,0.727,0.0229,0.799,150.026
10OI965nN0KDCapHs5yliP,Pass Me (feat. Crunchy Black & La Chat),"['Three 6 Mafia', 'Crunchy Black', 'La Chat']",218933,2001,True,,0.889,0.5489999999999999,0.005379999999999999,0.14400000000000002,138.20600000000002
6mH49ES86VUV0YyLtOwkoh,Big Pat's Warehouse (Skit),['Three 6 Mafia'],30800,2001,True,,0.653,0.48,0.9420000000000001,0.648,140.826
2Bx6Y9xpWd0F4bQu6NTjGK,They Don't F**k Wit U,['Three 6 Mafia'],244467,2001,True,,0.922,0.9440000000000001,0.14400000000000002,0.948,146.04
3sXDirGzqqhC0Dr2zVHbwd,Slang & Serve (feat. T-Rock),"['Three 6 Mafia', 'T-Rock']",257907,2001,True,,0.938,0.669,0.0036200000000000004,0.69,143.704
6HSi8re8vXjyydmbJGSpiq,War Wit Us (feat. La Chat),"['Three 6 Mafia', 'La Chat']",225933,2001,True,,0.7559999999999999,0.856,0.182,0.812,156.006
4pMZ5PivgxaEx9lsjggg5C,Mean Mug (feat. La Chat),"['Three 6 Mafia', 'La Chat']",289093,2001,True,,0.9329999999999999,0.7390000000000001,0.0156,0.622,143.22799999999995
126QRfs9L6jkBVm26tfcfB,How It Went Down (Skit),['Three 6 Mafia'],21907,2001,True,,0.674,0.278,0.846,0.69,70.415
6JNvCgoDfsHQ4LeG8AwLBY,I Ain't Goin' (A Hustler's Theme) (feat. Namond Lumpkin),"['Three 6 Mafia', 'Namond Lumpkin']",247533,2001,True,,0.789,0.563,0.494,0.7070000000000001,147.963
4szePMjUCW3DldDcZCH7J5,Ridin' On Chrome (feat. Project Pat),"['Three 6 Mafia', 'Project Pat']",179067,2001,True,,0.852,0.745,4.39e-05,0.573,160.017
4K3uJv2DmpfA6HhbqNsGpj,Talkin' (feat. DJ Paul & Juicy J),"['Three 6 Mafia', 'DJ Paul', 'Juicy J']",51827,2001,True,,0.711,0.153,0.951,0.49,75.556
6c4ETmh9vODIa9icsHaeKm,Wait or Go,['6cyclemind'],207627,2003,False,,0.40299999999999997,0.7020000000000001,0.175,0.3670000000000001,160.634
7l0fA4iO9FSz3VMp3aHsoT,Paba,['6cyclemind'],239360,2003,False,,0.607,0.7140000000000001,0.122,0.769,120.54
2HCiYiCS7LVwm8MFctXJcj,Fly,['6cyclemind'],238467,2003,False,,0.544,0.505,0.446,0.502,150.347
3Lp681OrimBllfvNTQTnkO,Gaya Ng Noon,['6cyclemind'],225080,2003,False,,0.552,0.78,0.0991,0.37,113.02
2RtdtmEvssq6bEJQtuJabt,Biglaan,['6cyclemind'],286853,2003,False,,0.322,0.677,0.156,0.19899999999999998,107.976
3gCF6PD1uXz6kwrbLGthoy,Forever I'm Sorry,['6cyclemind'],256187,2003,False,,0.502,0.846,0.0413,0.455,105.414
6urc3cyjdF95Ip04L0rDDE,Sige,['6cyclemind'],313613,2003,False,,0.37799999999999995,0.7490000000000001,0.174,0.521,160.61
698S72sJ9wFxGQUia6HzJb,Tunay,['6cyclemind'],326280,2003,False,,0.537,0.381,0.4970000000000001,0.231,76.236
3xqoghFCxB7ITT8EjuZ6Hj,Fall Out,['6cyclemind'],293360,2003,False,,0.309,0.584,0.0539,0.21600000000000005,90.29299999999999
44zClvVgeRB9dHUfD8kOSY,Sentimental Gargabe,"['6cyclemind', 'Raymund Marasigan']",250907,2003,False,,0.34,0.693,0.0595,0.249,160.482
2UUgpD1cX397P4xiLWkRHs,Biglaan - Acoustic Version,['6cyclemind'],327467,2003,False,,0.38799999999999996,0.28600000000000003,0.774,0.23199999999999998,180.87400000000002
6PPrm9DG2TWgK8Ba8pxXO0,Nalilito,['6cyclemind'],462853,2003,False,,0.45299999999999996,0.7809999999999999,0.0387,0.358,143.399
3S28YRfw7RH1hKJb8M1KLQ,63 Million Light Years Is A Long Way,['Ddygg'],467200,2004,False,,0.364,0.218,0.927,0.0914,134.577
6BFQB69K70S3upx40I809N,Deep 6,['Dakota'],211147,2003,False,,0.574,0.469,0.71,0.534,125.626
45etWFpEp2qReIUz1V6QZp,67 Degrees,['Echolyn'],325907,2000,False,,0.5579999999999999,0.6609999999999999,0.212,0.146,128.047
4zOqIfJL00wadc1UyiLZ0L,68 Screen,['Priests'],243148,2019,False,,0.643,0.325,0.0589,0.325,130.003
0NFZDsDBa1pRPcrekGHMWi,60 Miles Wes,['Bossolo'],283507,2008,False,,0.685,0.529,0.16,0.772,77.074
26NBBs68FNIo5NxYYusmKF,No Crees Que Ya Cansa,['Davila 666'],125698,2012,False,,0.361,0.9890000000000001,0.0845,0.365,180.399
6L6aDqDBQPJhsgPMrPb46W,61803398875 (Intro),['Axegrinder'],152926,2018,False,,0.209,0.12,0.882,0.0484,103.42200000000001
3PTBfw2zgvY9HjpBU8VoFz,6:00,['grandson'],266240,2018,True,,0.292,0.81,0.000615,0.349,96.152
5PNKlu3gRVxkBMr0Fr5Azk,Tootsee Roll Rap Version,['69 Boyz'],260867,1994,True,,0.867,0.607,0.0159,0.703,133.035
3B7z5U5hf5O79Wxaukc2cV,199Quad Album Sampler,['69 Boyz'],150333,1994,True,,0.807,0.539,0.0289,0.384,132.938
5Zpz2a6K6RUssfVPm3vTHg,Tootsee Roll Dance Version,['69 Boyz'],262200,1994,True,,0.8690000000000001,0.745,0.0345,0.69,133.001
0T1Ctfvj3lx4wdlcY9RISC,Tootseemental,['69 Boyz'],260960,1994,True,,0.774,0.885,0.00106,0.7290000000000001,133.028
4xrCzrtKXWiHOFMsLuM0Yq,Hump N' Ya Back,['69 Boyz'],286267,1994,True,,0.8490000000000001,0.591,0.0255,0.8759999999999999,143.07299999999995
55EoL1sy6T5Y7EiPsOum00,Tootsee Roll Radio Quiet Storm Mix,['69 Boyz'],280840,1994,True,,0.884,0.607,0.0947,0.596,131.971
0MJJHqmAwswP9ayW6feUmX,Tootsee Roll Radio Set It Off Mix,['69 Boyz'],286787,1994,True,,0.865,0.758,0.223,0.379,131.99
3D0O6i0Bh4UOl963SC5ATl,Tootsee Roll Set It Off Dance Version,['69 Boyz'],264267,1994,True,,0.857,0.841,0.222,0.41100000000000003,132.02100000000002
6ODF5mEjKGvMKto599Ta21,Tootsee Roll Quiet Storm Club Remix,['69 Boyz'],372707,1994,True,,0.884,0.585,0.0983,0.575,131.987
4UeXypHIMJJRT7FbWhNGGA,Tootsee Roll Set It Off Club Mix,['69 Boyz'],473440,1994,True,,0.8590000000000001,0.773,0.20199999999999999,0.401,132.028
4DnQVBPz11F5VUFYdTVyeN,Tootsee Roll LP Version,['69 Boyz'],259293,1994,True,,0.883,0.691,0.0528,0.727,133.028
1OhtOyP6YcXKod1aZ4zTMi,777 Radio,['69 Boyz'],224333,1994,True,,0.862,0.8079999999999999,0.0008810000000000002,0.887,131.977
0DbbyshhLzYWjzFCpcs4lE,Burn Rubber Radio,['69 Boyz'],258827,1994,True,,0.855,0.6409999999999999,0.00175,0.359,122.02
3TdwyeUv4w3NqZZgnY3FDp,Booty Radio,['69 Boyz'],251800,1994,True,,0.8490000000000001,0.835,0.000769,0.887,131.997
0VcIRIuS6mLzg6wrHisSn4,777 Club,['69 Boyz'],373533,1994,True,,0.7959999999999999,0.7120000000000001,7.6e-05,0.91,131.942
2NgMNlPXcfrnaqbOAT0SGy,Burn Rubber Club,['69 Boyz'],288733,1994,True,,0.855,0.631,0.00318,0.446,122.01700000000001
0tssCVEfCL8uR1B8kiujDv,Booty Club,['69 Boyz'],323067,1994,True,,0.821,0.782,0.000299,0.805,131.974
2walCtCUCLZkgiDrvqsJhc,LP Mix / Sampler,['69 Boyz'],390440,1994,True,,0.815,0.7929999999999999,0.00655,0.614,132.995
1vTvRUW1fKgcMhJS2orveh,Prayer,['69 Boyz'],99893,1997,True,,0.373,0.47600000000000003,0.8170000000000001,0.2,91.846
0I3Bacczj1uOU6WQ7Sdksj,Request Line #1,['69 Boyz'],89907,1997,True,,0.823,0.735,0.107,0.873,125.772
7tuPOh7tMHVNOVS4Ht6ciW,Round & Round,['69 Boyz'],369200,1997,True,,0.833,0.8340000000000001,0.0152,0.598,132.001
6RIv0rT7xoe9Vy0w5qyYO8,What Cha Gona Do,['69 Boyz'],305827,1997,True,,0.7759999999999999,0.544,0.00193,0.3670000000000001,105.01899999999999
2pcODEk810ZQjS5UG49M59,Ain't No Party,['69 Boyz'],286373,1997,True,,0.877,0.434,0.00411,0.713,100.01799999999999
2ZVMDiW4i6KNpIxxgeJhzs,Down Low Intro,['69 Boyz'],67427,1997,True,,0.546,0.35700000000000004,0.738,0.601,143.655
1kwYq8744ZxPx4gkpolTJB,Down Low,['69 Boyz'],294800,1997,True,,0.7340000000000001,0.44799999999999995,0.0228,0.537,191.94799999999998
5wr2o2569zKMcHWP6nytd6,Shoop Shoop,['69 Boyz'],255173,1997,True,,0.7859999999999999,0.563,0.0489,0.6679999999999999,95.04799999999999
1XNIqLd463Z8nOqbt7NmMW,Survival Of Da Fittest,['69 Boyz'],286933,1997,True,,0.815,0.38799999999999996,0.0065,0.698,90.00299999999999
5yPsPVczzzKpLMMYls9crs,Role Model Intro,['69 Boyz'],55400,1997,True,,0.4,0.23199999999999998,0.971,0.5920000000000001,89.76899999999998
3kOecnryoJCPW0OdRZ2gFk,Role Model,['69 Boyz'],220800,1997,True,,0.606,0.593,0.0508,0.479,174.00400000000005
5Wx3qOA3nYbOthVAv0kiAn,Request Line #2,['69 Boyz'],48667,1997,True,,0.8140000000000001,0.6890000000000001,0.0398,0.951,125.837
0eZW9YaceLMqNuPPszoPLp,Shout,['69 Boyz'],285800,1997,True,,0.882,0.879,0.0331,0.619,129.042
0gzozXDJ4HfzHRz45FEsO4,Roll Wit Me,['69 Boyz'],273600,1997,True,,0.6729999999999999,0.608,0.0966,0.52,164.093
7BFosYpOt5hI87RR5YIiRT,Deville,['69 Boyz'],307160,1997,True,,0.8809999999999999,0.462,0.132,0.589,77.986
6T3KQ8X152QUYTeJ8JWkeA,Holla At Cha,['69 Boyz'],288840,1997,True,,0.649,0.42,0.23800000000000002,0.5660000000000001,90.416
1JqlM9ibE4ufQBDKjjO7nl,"""E-Chill"" Groove",['69 Boyz'],277600,1997,True,,0.753,0.685,0.0261,0.424,129.063
2Fgcz2c8ruewi5aH9Sm5jb,Round & Round Inst.,['69 Boyz'],349533,1997,True,,0.7,0.7709999999999999,0.000254,0.747,131.923
1UtxK4cU7WYWsouRUlRpTQ,U da 1 (Gyrl),['69 Boyz'],181943,2018,False,,0.898,0.504,0.41100000000000003,0.447,95.02
7oregTERsq3KGexzIqWhqW,Dope,"['PashaPG', '6ix9ine']",133866,2018,True,,0.7190000000000001,0.7659999999999999,0.37,0.639,83.973
3kCm0anaC7u7I1VlsWMm6S,'68 Blonde,['Meldrum'],228427,2012,True,,0.486,0.958,0.00081,0.28800000000000003,112.587
1KWLyoPChJrBQFscO8NW8D,STOOPID,"['6ix9ine', 'Bobby Shmurda']",143250,2018,True,,0.7240000000000001,0.685,0.114,0.862,150.016
2l8nEO0vsTRCRnGqQty6qx,FEFE,"['6ix9ine', 'Nicki Minaj', 'Murda Beatz']",179405,2018,True,,0.9309999999999999,0.387,0.08800000000000001,0.376,125.978
2UbGTULrgk641ZzV4vWfXK,TIC TOC,"['6ix9ine', 'Lil Baby']",135739,2018,True,,0.82,0.691,0.0115,0.6829999999999999,142.02700000000004
6VRwEqn7BvsN0dChfDrMAf,KIKA,"['6ix9ine', 'Tory Lanez']",136032,2018,True,,0.745,0.715,0.128,0.342,94.51299999999999
5FlmoOiXokZHJvESrFbsyg,MAMA,"['6ix9ine', 'Nicki Minaj', 'Kanye West']",192405,2018,True,,0.7609999999999999,0.672,0.0893,0.4370000000000001,160.077
057sdYirt745dVbe48m7Hl,WAKA,"['6ix9ine', 'A Boogie Wit da Hoodie']",128769,2018,True,,0.772,0.812,0.0834,0.655,97.40700000000001
6mKs2kkBgvf090H566n1pd,BEBE,"['6ix9ine', 'Anuel AA']",217822,2018,True,,0.635,0.902,0.172,0.28600000000000003,102.06299999999999
6AuTg5HcKndQ4baqOSBE2I,MALA,"['6ix9ine', 'Anuel AA']",206550,2018,True,,0.7190000000000001,0.825,0.6890000000000001,0.789,100.006
2pE9IRjfPZuX3uUqFnE73L,KANGA,"['6ix9ine', 'Kanye West']",132331,2018,True,,0.9009999999999999,0.598,0.0192,0.355,117.9
3oQm8V9abAHUQbFt0RkYKb,FEEFA,"['6ix9ine', 'Gunna']",163086,2018,True,,0.754,0.728,0.0412,0.594,140.007
6SOBCABlykuNrO04rmXpLs,TATI,"['6ix9ine', 'DJ SpinKing']",154565,2018,True,,0.779,0.767,0.00214,0.523,91.98100000000001
32ZsGB3YHNkyx4GTJ8KOVQ,WONDO,['6ix9ine'],121129,2018,True,,0.775,0.853,0.0785,0.537,92.93799999999999
5FjA90IaqWlXwhVtyoAyt1,DUMMY,"['6ix9ine', 'TrifeDrew']",155653,2018,True,,0.72,0.628,0.0775,0.591,90.985
0KRkgRkBa1fA4vJl8PMOTf,Stuck in My Ways (feat. 6LACK),"['Phora', '6LACK']",238232,2018,True,,0.6,0.484,0.0503,0.10800000000000001,121.209
4jdyIWuAxSbG62sPvV9PPs,Bitchin' Camaro,['Camaro 67'],273253,2016,False,,0.619,0.698,0.0466,0.21600000000000005,120.458
1xETTfpL6HqnaH5QnYtOB5,Voyager,['Camaro 67'],291466,2016,False,,0.604,0.84,0.127,0.626,102.69
1lcICTE4TzW5bHLA8ZO02q,The Road,['Camaro 67'],336001,2016,False,,0.365,0.8320000000000001,0.098,0.7509999999999999,181.468
2CtJ0A6pxpbe1AfQswYhlk,Carrot Juice,['Camaro 67'],251773,2016,False,,0.544,0.721,0.41700000000000004,0.42,168.68099999999995
1WwMRlB7jsd8h7Yjn2SypF,SpaceDrifter,['Camaro 67'],257667,2016,False,,0.599,0.584,0.076,0.37,145.468
4IUOQXYfofHbDaJCpfEJhD,Funkarrific,['Camaro 67'],195387,2016,False,,0.669,0.795,0.034,0.631,102.896
25Vw1KtaFaagBpkcEHlUcU,Helicopter,"['Camaro 67', 'Ndidi Cascade']",211893,2016,False,,0.605,0.76,0.259,0.848,202.267
5IKVOP1Ann3hAgJL81X3sr,Sink It,['Camaro 67'],282133,2016,False,,0.715,0.841,0.11900000000000001,0.6609999999999999,102.31
23IIzKHAEGYS5oS0SvGpIw,Slow Burn,['Camaro 67'],441787,2016,False,,0.703,0.659,0.384,0.888,138.06
14jCiXWl3WIteAHQdjVrMI,Live It On Up,['Eclipse 6'],263760,2005,False,,0.40399999999999997,0.914,0.235,0.654,120.125
1ujpv5LTrWamtRtO9HqSGF,"Kick Back, Relax",['Eclipse 6'],206093,2005,False,,0.721,0.7559999999999999,0.134,0.664,87.255
6XOkd1tcz3Qwo9zosDkvsG,If I Ever Fall In Love,['Eclipse 6'],323387,2005,False,,0.37799999999999995,0.397,0.465,0.38299999999999995,173.00599999999997
57UdPNZHdIfxZWT1k5mklp,Owner of a Lonely Heart,['Eclipse 6'],325013,2005,False,,0.53,0.631,0.11900000000000001,0.519,134.602
0ceWGQjX9jd8nsXAEg58qu,Keep Pushin' On,['Eclipse 6'],321267,2005,False,,0.5760000000000001,0.6990000000000001,0.611,0.64,113.105
2QDdy6b4bS03MNpxFKaZMT,You,['Eclipse 6'],226227,2005,False,,0.39399999999999996,0.175,0.8109999999999999,0.366,122.979
2oGPa2VQhVsylwQ83wkCKi,Every Other Time,['Eclipse 6'],252893,2005,False,,0.64,0.741,0.107,0.604,131.727
3KWmgdugwQc3yXIEfhHVLR,My Maria,['Eclipse 6'],169987,2005,False,,0.643,0.612,0.532,0.9540000000000001,122.81299999999999
3yUJPXwHKfL3TVzoMGBzYn,Danny Boy,['Eclipse 6'],252573,2005,False,,0.457,0.264,0.8190000000000001,0.15,93.508
16ALQ7uY8djESwPgydqHNE,McDonald's Girl,['Eclipse 6'],237680,2005,False,,0.579,0.397,0.86,0.46,132.37
5LWTI4z7lQudgGv1sptbqE,Always Coca-Cola,['Eclipse 6'],245280,2005,False,,0.467,0.882,0.266,0.585,138.328
1N5OXPpYzAcQCQJB8Y8v5f,She's Out of My Life,['Eclipse 6'],196067,2005,False,,0.32899999999999996,0.312,0.8270000000000001,0.146,105.014
4vJMyb3gAc0deXNDBnG5gQ,Boom! Shake the Room,['Eclipse 6'],121000,2005,False,,0.613,0.945,0.233,0.512,131.093
5KNnA6McNqz5kQTsABMj5M,Zoot Suit Riot,['Eclipse 6'],526493,2005,False,,0.54,0.932,0.0635,0.505,94.59200000000001
4Fvn1bO4UJmNik9bDFRuVU,God Bless America,['Eclipse 6'],96253,2005,False,,0.168,0.252,0.769,0.289,167.572
7BF279IoGOvNoaYmKiOs91,All My Life,['Eclipse 6'],200400,2005,False,,0.33899999999999997,0.855,0.107,0.66,81.869
4yAc2qq8q0ELhoGIY3PKyb,Live It On Up Remix (Bonus Track),['Eclipse 6'],245613,2005,False,,0.682,0.991,0.0491,0.38299999999999995,117.471
1B4uAfzFpPHb9QaPNYuwCc,Star Spangled Banner (Bonus Track),['Eclipse 6'],134613,2005,False,,0.369,0.23399999999999999,0.8590000000000001,0.0978,102.58200000000001
3dVvWnj4D8JGkKvo6Hucso,TROLLZ (with Nicki Minaj),"['6ix9ine', 'Nicki Minaj']",202667,2020,True,,0.7440000000000001,0.42200000000000004,0.0319,0.493,180.00599999999997
33McGUjJBI74ufxCzsdinM,Maybe Baby,['SUN 60'],223227,1988,False,,0.501,0.792,0.0692,0.6829999999999999,147.283
2JVzVbixYzHNdeu22K5aKx,6.7.3.0.1 (Three O' One),['Reedukay'],228677,2016,False,,0.6970000000000001,0.331,0.6709999999999999,0.5329999999999999,140.02200000000002
0EhJ283S9hd1FgfQHyz8NL,Fallin (feat. 6LACK),"['Bazzi', '6LACK']",150589,2019,False,,0.785,0.584,0.2,0.223,136.97899999999998
0QI4rT8zBCyv9TE27obkEC,Fallin (feat. 6LACK),"['Bazzi', '6LACK']",150589,2019,False,,0.785,0.584,0.2,0.223,136.97899999999998
2e6hlgRhBTOEhizoDCSHRQ,#6,['AroarA'],241037,2013,False,,0.5660000000000001,0.607,0.885,0.5539999999999999,118.02600000000001
7r0dC6353fw5bkptGyBXlz,6661.0,['Wand'],222853,2014,False,,0.3,0.945,2.7699999999999996e-05,0.27,116.40700000000001
62qwg9m41ujBnyaOB076Kd,Gas 6,['GAS'],831547,2008,False,,0.11800000000000001,0.44799999999999995,0.695,0.19399999999999998,96.348
1EGrDTfEuAiRzRdxlblpET,RPG (feat. 6lack),"['Kehlani', '6LACK']",236218,2019,False,,0.758,0.534,0.402,0.7190000000000001,132.94
1gfPRA7517UyQlzI4ul2Dc,69,['Anacondaz'],200211,2011,True,,0.7879999999999999,0.6809999999999999,0.233,0.828,90.021
0Xu6ZcuiQNRqtvvwOxm8y8,6 Weeks,['Beach Bunny'],241361,2018,False,,0.32799999999999996,0.86,0.0802,0.625,156.93200000000004
74o57usdY6NVvBvoQLI33J,6 Weeks - Audiotree Live Version,['Beach Bunny'],228032,2018,False,,0.35200000000000004,0.885,0.11900000000000001,0.659,158.872
18f6L5NkDNHNWzweQc6Ziu,6 Space (Next Level),['ILS'],343640,2003,False,,0.42,0.8640000000000001,0.13,0.332,134.825
2BEpTH8U55kcohw5RTkYRm,Most Known Unknown Hits - Explicit Album Version,['Three 6 Mafia'],87533,2005,True,,0.617,0.257,0.493,0.483,151.327
5MYFw4T2gy52pOGBN4EYHS,"Stay Fly (feat. Young Buck, Eightball & MJG)","['Three 6 Mafia', 'Young Buck', '8Ball', 'MJG']",236600,2005,True,,0.789,0.8809999999999999,0.10800000000000001,0.647,133.30100000000002
4Z6n4WgKiDMCVNuR1wYPJ5,Roll With It (feat. Project Pat) - Explicit Album Version,"['Three 6 Mafia', 'Project Pat']",182493,2005,True,,0.8059999999999999,0.735,0.11,0.418,80.015
0eHK4aj8AgBlJZemlNOD9z,Don't Violate (feat. Frayser Boy) - Explicit Album Version,"['Three 6 Mafia', 'Frayser Boy']",228133,2005,True,,0.772,0.8320000000000001,0.41200000000000003,0.7,159.94899999999996
7ImcxSQtujtidjpDd442nJ,Swervin' (feat. Mike Jones & Paul Wall) - Explicit Album Version,"['Three 6 Mafia', 'Mike Jones', 'Paul Wall']",215640,2005,True,,0.858,0.611,0.606,0.71,142.999
527MSHaBjbMr1cRBVQwpmA,Knock Tha Black Off Yo Ass (feat. Project Pat) - Explicit Album Version,"['Three 6 Mafia', 'Project Pat']",260160,2005,True,,0.787,0.7929999999999999,0.155,0.782,167.217
4uXmPyb5Lk6ETxnMTuvL1G,Poppin' My Collar,['Three 6 Mafia'],176240,2005,True,,0.733,0.7759999999999999,0.455,0.8270000000000001,145.143
6RT3ZDLcc5N1UNlSu1Jy3d,Hard Hittaz (feat. Boogiemane) - Explicit Album Version,"['Three 6 Mafia', 'Boogiemane']",252840,2005,True,,0.7959999999999999,0.85,0.2,0.636,151.999
1GkVc70dOVg9Ihon17Wm4A,Side 2 Side,['Three 6 Mafia'],218400,2005,True,,0.774,0.7070000000000001,0.0188,0.531,168.045
0KXO9R8yUd1BJjkEWXtor4,Half On s Sack - Explicit Album Version,['Three 6 Mafia'],206733,2005,True,,0.915,0.622,0.217,0.337,126.98299999999999
2GNyyBK0V3RVJQptFuaZiw,Skit - Explicit Album Version,['Three 6 Mafia'],26400,2005,True,,0.6890000000000001,0.28800000000000003,0.711,0.415,74.889
18rzHnfZmjzb9uzG02ycZE,When I Pull Up At the Club (feat. Paul Wall) - Explicit Album Version,"['Three 6 Mafia', 'Paul Wall']",270893,2005,True,,0.8190000000000001,0.716,0.319,0.6679999999999999,155.935
6CB469rRtJ8MZltrSN22Iq,Pussy Got Ya Hooked (feat. Remy Ma) - Explicit Album Version,"['Three 6 Mafia', 'Remy Ma']",260240,2005,True,,0.872,0.599,0.0664,0.402,125.429
1FJ51RlL4eM1CESA6UV4h2,Don't Cha Get Mad (feat. Lil' Flip) - Explicit Album Version,"['Three 6 Mafia', ""Lil' Flip""]",203627,2005,True,,0.818,0.643,0.302,0.674,81.979
00XmnqMFIs9ra5gR2w6p6b,"Body Parts 3 (feat. Juicy J, DJ Paul, Crunchy Black, Lil Wyte, Frayser Boy, Chrome, Boogieman, Project Pat & Grandaddy Souf) - Explicit Album Version","['Three 6 Mafia', 'Juicy J', 'DJ Paul', 'Crunchy Black', 'Lil Wyte', 'Frayser Boy', 'Chrome', 'Boogieman', 'Project Pat', 'Grandaddy Souf']",247107,2005,True,,0.846,0.746,0.0713,0.488,90.42200000000001
1mf27pj8fn7GH4CehQxOtO,"Stay Fly (feat. Slim Thug, Trick Daddy & Project Pat) - Remix - Explicit","['Three 6 Mafia', 'Slim Thug', 'Trick Daddy', 'Project Pat']",231293,2005,True,,0.792,0.899,0.0299,0.618,135.534
6HQqEzN5KhYQ6QQZMOshFa,Outro - Explicit Album Version,['Three 6 Mafia'],161907,2005,True,,0.708,0.335,0.95,0.57,131.554
5uNcYChr6DVg8cVxgII9Yn,Got It 4 Sale (feat. Chrome) - Explicit Album Version,"['Three 6 Mafia', 'Chrome']",271160,2005,True,,0.7440000000000001,0.799,0.127,0.675,81.46
07MHUgi4P3iO4VRETJXqa9,Let's Plan A Robbery - Explicit Album Version,['Three 6 Mafia'],186373,2005,True,,0.7509999999999999,0.825,0.165,0.687,154.489
4MQrtaj8EVEYltwtzjpV57,Dancin' On A Pole (feat. Chrome) - Explicit Album Version,"['Three 6 Mafia', 'Chrome']",228800,2005,True,,0.797,0.799,0.0667,0.674,169.916
27djx4tpScYgMZSoRRZ9fD,Ain't Got Time for Gamez - Explicit Album Version,['Three 6 Mafia'],244293,2005,True,,0.733,0.8440000000000001,0.0978,0.504,167.054
08KUVWp1qpfs55Z7lwCJyN,Most Known Unknown Hits - Explicit Album Version,['Three 6 Mafia'],87867,2006,True,,0.596,0.258,0.495,0.495,151.559
5E7KLTX783z6hMxqEwQQM4,"Stay Fly (feat. Young Buck, Eightball & MJG)","['Three 6 Mafia', 'Young Buck', '8Ball', 'MJG']",236640,2006,False,,0.787,0.8440000000000001,0.0521,0.6579999999999999,133.293
0VLzsKvDxmQB5FfeKHDOJQ,Roll With It (feat. Project Pat) - Explicit Album Version,"['Three 6 Mafia', 'Project Pat']",182467,2006,True,,0.8079999999999999,0.741,0.113,0.418,80.00399999999998
5JPkZdqCfCCRKXV6dn9sJC,Don't Violate (feat. Frayser Boy) - Explicit Album Version,"['Three 6 Mafia', 'Frayser Boy']",229627,2006,True,,0.773,0.84,0.436,0.6829999999999999,159.917
0EhErzhxPFdrTFrKWkJRRe,Swervin' (feat. Mike Jones & Paul Wall) - Explicit Album Version,"['Three 6 Mafia', 'Mike Jones', 'Paul Wall']",215533,2006,True,,0.86,0.626,0.604,0.7290000000000001,142.974
2TOjukFsmJIn8TVntFLiNH,Knock Tha Black Off Yo Ass (feat. Project Pat) - Explicit Album Version,"['Three 6 Mafia', 'Project Pat']",260067,2006,True,,0.785,0.797,0.154,0.7190000000000001,167.18200000000004
5zd9TgduWbfFXwgnm3K3Rz,Poppin' My Collar (feat. Project Pat),"['Three 6 Mafia', 'Project Pat']",176880,2006,True,,0.7290000000000001,0.795,0.354,0.856,146.747
309z0CzeLvltCqcvpeOD9T,Hard Hittaz (feat. Boogiemane) - Explicit Album Version,"['Three 6 Mafia', 'Boogiemane']",252493,2006,True,,0.7929999999999999,0.861,0.22,0.648,152.028
4ixfyfQg8KkUAv1qiWvRYU,Side 2 Side (feat. Kayne West & Project Pat),"['Three 6 Mafia', 'Kanye West', 'Project Pat']",213800,2006,True,,0.723,0.763,0.0397,0.43,169.882
4jA9iztK8seGSGo05lJ0Cu,Half On s Sack - Explicit Album Version,['Three 6 Mafia'],206733,2006,True,,0.917,0.624,0.22899999999999998,0.32799999999999996,126.978
7GIgvsTn4NMOQNs2uzM9C9,Skit - Explicit Album Version,['Three 6 Mafia'],26240,2006,True,,0.6890000000000001,0.28300000000000003,0.7340000000000001,0.426,146.1
6ioVTCK2QO63MengxMkXua,When I Pull Up At the Club (feat. Paul Wall) - Explicit Album Version,"['Three 6 Mafia', 'Paul Wall']",270907,2006,True,,0.8190000000000001,0.715,0.315,0.667,155.874
3xw5CFBitz8Ksz9WIasNcY,Pussy Got Ya Hooked (feat. Remy Ma) - Explicit Album Version,"['Three 6 Mafia', 'Remy Ma']",260173,2006,True,,0.8690000000000001,0.594,0.0594,0.426,125.411
2nAbH02fnLq4CdBVW6rZgq,Don't Cha Get Mad (feat. Lil' Flip) - Explicit Album Version,"['Three 6 Mafia', ""Lil' Flip""]",203547,2006,True,,0.818,0.631,0.266,0.665,81.971
3sMkguP9aFt7ZoMCmgK1te,"Body Parts 3 (feat. Juicy J, DJ Paul, Crunchy Black, Lil Wyte, Frayser Boy, Chrome, Boogieman, Project Pat & Grandaddy Souf) - Explicit Album Version","['Three 6 Mafia', 'Juicy J', 'DJ Paul', 'Crunchy Black', 'Lil Wyte', 'Frayser Boy', 'Chrome', 'Boogieman', 'Project Pat', 'Grandaddy Souf']",247147,2006,True,,0.846,0.7490000000000001,0.0796,0.495,90.426
17ZCxegdCt1y0reBkHVmMB,Hard Out Here for a Pimp (feat. Paula Campbell),"['Three 6 Mafia', 'Paula Campbell']",169187,2006,True,,0.85,0.705,0.022000000000000002,0.8390000000000001,160.961
6jx1iYQIxHh6snqUxvrjQK,"Stay Fly (feat. Slim Thug, Trick Daddy & Project Pat) - Remix - Explicit","['Three 6 Mafia', 'Slim Thug', 'Trick Daddy', 'Project Pat']",231307,2006,True,,0.7929999999999999,0.904,0.0305,0.575,135.55200000000002
3qtVSA0jvrsvigHwIPqaCr,Outro - Explicit Album Version,['Three 6 Mafia'],163147,2006,True,,0.722,0.32899999999999996,0.946,0.597,92.345
6WZbz5DrLJzFXaxAOBgsHc,Got It 4 Sale (feat. Chrome) - Explicit Album Version,"['Three 6 Mafia', 'Chrome']",270947,2006,True,,0.748,0.8009999999999999,0.125,0.693,81.471
12kSVCzJJN3a4qYKROWagf,Let's Plan A Robbery - Explicit Album Version,['Three 6 Mafia'],186360,2006,True,,0.753,0.826,0.17800000000000002,0.726,154.486
55gL8ViNVX3YX8nxv1L4Uw,Side 2 Side (feat. Bow Wow & Project Pat),"['Three 6 Mafia', 'Bow Wow', 'Project Pat']",214547,2006,True,,0.825,0.745,0.00857,0.542,169.83599999999996
3UAiz35jzzZPB7yCAahzBJ,Ain't Got Time for Gamez - Explicit Album Version,['Three 6 Mafia'],244573,2006,True,,0.7340000000000001,0.8540000000000001,0.0917,0.565,167.03799999999995
3WCXvxgQ7U3mznWsQjiEMu,6locc 6a6y,['Lil Loaded'],131286,2019,True,,0.871,0.7020000000000001,0.29600000000000004,0.675,125.089
6ezCMQWiFLjRk8qEJfE3JZ,6acc On The 6locc,['Lil Loaded'],163801,2019,True,,0.863,0.565,0.0394,0.195,129.05
4hMAm71OmzLCIRAydzpz2F,GIGI (ZKITTLEZ) (feat. 6ix9ine),"['Gringo', '6ix9ine']",176000,2018,True,,0.768,0.8540000000000001,0.11900000000000001,0.6579999999999999,91.995
5ypOaaSNcTLOxusCMf4AOk,Revolution,"['6Blocc', 'Bungalodub', 'Jamalski']",308003,2012,False,,0.727,0.52,0.00164,0.28800000000000003,140.02200000000002
5NtDjSVDTbLSrvW6qEFclt,Pressure Dub,"['6Blocc', 'Bungalodub', 'Jamalski']",257921,2012,False,,0.7979999999999999,0.545,0.0369,0.705,143.04399999999995
6XNmgbFb09sqy3OndGlBvV,Revolution - Version,"['6Blocc', 'Bungalodub']",307500,2012,False,,0.7290000000000001,0.504,0.00115,0.225,140.077
66zySC3oZXn8KV7sDaNdjQ,Pressure Dub - Version,"['6Blocc', 'Bungalodub']",261818,2012,False,,0.7809999999999999,0.561,0.0287,0.425,143.003
6VPIsfbzmaZhXd3frZ3I3r,6 mins : 21 secs,['Etana'],215662,2018,False,,0.7859999999999999,0.8740000000000001,0.0658,0.955,93.97399999999999
5diMkR4TnFGqpabRYnUYDM,6 секунд,['Siuzanna'],179318,2017,False,,0.807,0.426,0.37799999999999995,0.5589999999999999,109.93299999999999
7metM8BavDeOQVbkJgPTr4,6 секунд,['Siuzanna'],179318,2017,False,,0.807,0.426,0.37799999999999995,0.5589999999999999,109.93299999999999
25n8HyXyUjT6G2tXESJ9MI,600 Degreez,['Geechi Gotti'],261333,2018,True,,0.856,0.493,0.136,0.0552,96.98899999999999
1PJ4tJPw9De8kvfzOqVXSN,69,['Jorrdee'],252473,2019,False,,0.293,0.23399999999999999,0.20800000000000002,0.0973,174.865
2kDqxMTxjZ5kwBZH4Cw4ez,Get It How You Live,['6th Ward Allstars'],443573,2006,False,,0.475,0.742,0.316,0.7070000000000001,130.972
1GhqkT2eMI5kzHVnUXvCgl,Didn't He Ramble,['6th Ward Allstars'],418973,2006,False,,0.45,0.679,0.258,0.6779999999999999,207.218
4zYSbuAuRUlHPfTItmwLvs,Fallin (feat. 6LACK),"['Bazzi', '6LACK']",150589,2019,True,,0.784,0.594,0.17600000000000002,0.20600000000000002,136.986
2pZtVWp27ghovovflGsD9L,6 Days And One Week,['Sixfingerz'],193789,2017,False,,0.764,0.527,0.53,0.046,120.01899999999999
2pZUcXqHpsRLFWhnlYNdJX,Deep,"['MK836', '6 Hours']",326292,2020,False,,0.564,0.6579999999999999,0.0967,0.405,178.044
6SrDYoQ5UQZfBl77XwUqQL,Dreams in Neon,"['MK836', '6 Hours']",328163,2020,False,,0.499,0.888,0.10400000000000001,0.32299999999999995,196.05
5Wl5GkrczYeNm4mUUhtml2,Girl in the Mirror,"['MK836', '6 Hours']",271200,2020,False,,0.6970000000000001,0.63,0.125,0.391,99.992
1FFNdqKxEytzueOqDe2wPF,The Absence of Reason,"['MK836', '6 Hours']",321563,2020,False,,0.723,0.598,0.0126,0.34299999999999997,95.98899999999999
2cn0JW8nz9Uxcc3X9Vvj4o,"50,000 Watts (feat. 6Blocc) - 6Blocc Darkstep Remix","['6Blocc', 'Matty G']",366857,2013,False,,0.7040000000000001,0.7879999999999999,0.0103,0.312,139.991
29pMiuSBqhadhzXM8VvTIk,"50,000 Watts - 6Blocc Jungle Remix","['6Blocc', 'Matty G']",294771,2013,False,,0.507,0.868,0.0037700000000000003,0.17600000000000002,175.005
3oYod1daHuFMb2Z0FG79OE,Expectations (feat. 6LACK),"['Wale', '6LACK']",304000,2019,True,,0.523,0.408,0.7020000000000001,0.0872,122.15899999999999
1kVd6FRG6XnK4DB1qgVMIb,Expectations (feat. 6LACK),"['Wale', '6LACK']",304000,2019,False,,0.685,0.41700000000000004,0.691,0.0988,122.00200000000001
3z0ueWU4JBFqjJcgTDs96s,They Bout To Find Yo Body - Explicit Album Version,['Three 6 Mafia'],115733,2003,True,,0.845,0.821,0.0599,0.401,156.018
5yPac810juhAmrXE1uri67,Fuck That Shit - Explicit Album Version,['Three 6 Mafia'],241000,2003,True,,0.836,0.7,0.0308,0.35100000000000003,167.329
1OW1cTDYYv3qEfwg6lGMD7,Wolf Wolf - Explicit Album Version,['Three 6 Mafia'],224093,2003,True,,0.875,0.812,0.0503,0.363,166.639
0TBggIs3nZ3qpdmQ0HMHM1,Testin My Gangsta - Explicit Album Version,['Three 6 Mafia'],273573,2003,True,,0.8140000000000001,0.9590000000000001,0.00848,0.919,142.034
0NZ4B0JoHnrHDm612RUZhb,Bin Laden - Explicit Album Version,['Three 6 Mafia'],300133,2003,True,,0.866,0.775,0.0499,0.688,147.39600000000004
0C3bSJPeINMbo19TF9nCJx,Ridin Spinners (feat. Lil' Flip) - Explicit Album Version,"['Three 6 Mafia', ""Lil' Flip""]",249933,2003,True,,0.787,0.948,0.133,0.7,164.21
248L5cuE5F9YMt2xExVOeD,Try Somethin (feat. Project Pat) - Explicit Album Version,"['Three 6 Mafia', 'Project Pat']",236827,2003,True,,0.903,0.802,0.0288,0.6679999999999999,152.85299999999995
64qDPrBXxcTHZmHsGRY5xE,Money Didn't Change Me - Explicit Album Version,['Three 6 Mafia'],190733,2003,True,,0.865,0.887,0.0416,0.777,77.52199999999998
0T7MJTA3mqUgRQCd0QI95X,Ghetto Chick - Explicit Album Version,['Three 6 Mafia'],207400,2003,True,,0.8590000000000001,0.597,0.0672,0.556,77.505
0vIOMsJrGyd1ABm1ALzvdV,Shake Dat Jelly - Explicit Album Version,['Three 6 Mafia'],184067,2003,True,,0.8590000000000001,0.789,0.00165,0.39899999999999997,176.453
20m1X60fVNlWIuRbmVT1u1,Let's Start a Riot - Explicit Album Version,['Three 6 Mafia'],286907,2003,True,,0.7809999999999999,0.873,0.00899,0.515,161.279
3S9IfI5g1OOl0YTft67P3J,Rainbow Colors (feat. Lil' Flip) - Explicit Album Version,"['Three 6 Mafia', ""Lil' Flip""]",271360,2003,True,,0.9129999999999999,0.7170000000000001,0.0979,0.262,120.262
1MLqjrgCAWFn4bgUZmSvV1,Like A Pimp (feat. Pimp C & Project Pat) - Remix - Explicit Version,"['Three 6 Mafia', 'Pimp C', 'Project Pat']",233307,2003,True,,0.848,0.7829999999999999,0.0364,0.551,172.39700000000005
0Dwx7xZt5vkr0Ck9kHIEco,Beatem To Da Floor - Explicit Album Version,['Three 6 Mafia'],153200,2003,True,,0.8,0.875,0.027000000000000003,0.46399999999999997,167.032
5vPt9JXB0RQOAKahkvLrU1,Put Cha D. In Her Mouth - Explicit Album Version,['Three 6 Mafia'],197533,2003,True,,0.9129999999999999,0.9,0.0241,0.91,149.838
2t3JDhud82OkJL2Mhv2V6F,Mosh Pit (feat. Josey Scott & Lil Wyte) - Explicit Album Version,"['Three 6 Mafia', 'Josey Scott', 'Lil Wyte']",203467,2003,True,,0.851,0.858,0.0481,0.856,160.285
6AwklAGldoLbIQdWlRY1yT,Chris D Interlude - Interlude-Explicit Album Version,['Three 6 Mafia'],14560,2003,True,,0.0,0.445,0.111,0.0,0.0
1SfXo5YUoTfrhChW10OXnH,You Scared Part II - Album Edit - Explicit,['Three 6 Mafia'],257307,2003,True,,0.894,0.78,0.017,0.541,159.584
4pLzZfP7mXTEIEcTvuNjWs,Dangerous Posse (feat. Hypnotize Camp Posse) - Explicit Album Version,"['Three 6 Mafia', 'Hypnotize Camp Posse']",223867,2003,True,,0.7909999999999999,0.873,0.0183,0.314,169.312
44rmfx7znUvvlXcOPKdwlV,Outro - Explicit Album Version,['Three 6 Mafia'],137427,2003,True,,0.718,0.494,0.74,0.82,127.118
6gNJFEFNY9SMqnNep3oY9o,Fallin (feat. 6LACK),"['Bazzi', '6LACK']",150589,2019,True,,0.784,0.594,0.17600000000000002,0.20600000000000002,136.986
5T490vvoFNU6psep0NPmxs,Savage Love (Laxed - Siren Beat),"['Jawsh 685', 'Jason Derulo']",171375,2020,False,,0.795,0.48,0.243,0.723,149.91899999999995
3GhWnkhRaJ1cEoqIeLI9dt,626/305*,['Sueco'],121600,2019,True,,0.7609999999999999,0.77,0.0587,0.6940000000000001,74.986
5ysD8ksDQf9C3nNKTg1gct,Silent Night,['Take 6'],210773,1991,False,,0.311,0.109,0.898,0.135,119.554
2iczjhcqh5nm1eXYCbbw6I,Oh! He Is Christmas,['Take 6'],241160,1991,False,,0.7859999999999999,0.361,0.5479999999999999,0.747,115.575
4CZiODdf7LPBBnP5SbClCc,Hark! The Herald Angels Sing,['Take 6'],160667,1991,False,,0.368,0.0323,0.821,0.64,87.479
6SKGW51ldnvM4ovTH9AkWU,Away In A Manger,['Take 6'],217067,1991,False,,0.29600000000000004,0.16399999999999998,0.87,0.26,81.697
0cbQMUtG8UYg8Yq129wq7R,Amen!,['Take 6'],215733,1991,False,,0.639,0.278,0.563,0.496,109.26100000000001
0PlIvBSgvlp3x9BydskAtu,The Little Drummer Boy,['Take 6'],236627,1991,False,,0.484,0.332,0.838,0.37,77.861
7GQPkeuGSAfUUlh4WE3Jkl,'Twas Da Nite,"['Take 6', 'Christina Blair', 'Alvin Love III', 'Moniece Thomas']",226867,1991,False,,0.74,0.462,0.222,0.8270000000000001,145.1
7lOXKKbn55lAJuTQIRopL1,Sweet Little Jesus Boy,['Take 6'],206573,1991,False,,0.3670000000000001,0.191,0.895,0.27399999999999997,47.79600000000001
5ou7qxprOCJkbNgxJLygwo,God Rest Ye Merry Gentlemen,"['Take 6', 'Yellowjackets']",275027,1991,False,,0.59,0.28800000000000003,0.406,0.261,72.77
1r8IJnjbnzuykwUtqR9O8o,O Come All Ye Faithful,['Take 6'],144347,1991,False,,0.308,0.124,0.898,0.441,102.14399999999999
4NhDYoQTYCdWHTvlbGVgwo,GOOBA,['6ix9ine'],132303,2020,True,,0.611,0.688,0.0264,0.39299999999999996,178.46200000000005
76AeomokmznEF3gL2SN287,Ummmet - Kings In White Remix,"['Agressiva 69', 'Kings In White']",594000,2019,False,,0.562,0.9159999999999999,0.00446,0.187,130.009
6hKzolquRrtLPJYps4vIgp,I'm Stronger with You,"['UNK^6', 'Sonna']",217426,2020,False,,0.7120000000000001,0.564,0.512,0.6779999999999999,101.01299999999999
3otZl8JC7V2AKutSb8PeTx,I'm Stronger with You - Rap Edit,"['UNK^6', 'Sonna']",217426,2020,False,,0.698,0.601,0.47,0.679,101.001
5ggERBUTiyq2IITbP3VOn5,I'm Stronger With You - Chorus Edit,"['UNK^6', 'Sonna']",217426,2020,False,,0.7959999999999999,0.376,0.154,0.41600000000000004,100.978
08aE9XUP8At6MzAKJuACp1,I'm Stronger With You - Acapella,"['UNK^6', 'Sonna']",215126,2020,False,,0.635,0.4920000000000001,0.645,0.63,100.925
0KCxSwDXcwmq0BOwD5PFZq,Hello Operator?,"['[602] Prophet', 'Ncognita']",167936,2020,True,,0.672,0.7090000000000001,0.0226,0.25,150.211
2QVg32eVhMvm2NfFfYnH1q,How Much Longer,['Eve 6'],185667,1998,False,,0.507,0.802,3.4399999999999996e-05,0.769,92.609
4GiVcDqNQI0fc0yYuRGH9m,Inside Out,['Eve 6'],219467,1998,False,,0.483,0.818,0.114,0.691,175.668
2eux7pP201ITBNG1b1KLv2,Leech,['Eve 6'],238600,1998,False,,0.5529999999999999,0.6859999999999999,0.0007599999999999999,0.425,106.98
1XTyS9Ag7zOROkriwo2h2L,Showerhead,['Eve 6'],183293,1998,False,,0.506,0.81,0.0067599999999999995,0.243,92.038
7kAKO1EYHt2MVlombUuoLN,Open Road Song,['Eve 6'],194867,1998,False,,0.48200000000000004,0.773,0.0251,0.508,169.102
7pI50znNf4dlHosaZHSzr2,Jesus Nitelite,['Eve 6'],287773,1998,False,,0.64,0.374,0.00137,0.305,116.12700000000001
5capd5mwRgDPbhRlNCIhdZ,Superhero Girl,['Eve 6'],215533,1998,False,,0.515,0.8240000000000001,0.00025299999999999997,0.77,124.061
4riJNzxm5ICQNNNj5ZXAjt,Tongue Tied,['Eve 6'],190733,1998,False,,0.5770000000000001,0.722,0.000281,0.85,125.00299999999999
79HynBQVSNLlgCFmGb7RPG,Saturday Night,['Eve 6'],170360,1998,False,,0.581,0.915,0.00126,0.568,111.436
0K9R6THqP2xx6hAFBDzEmh,There's a Face,['Eve 6'],158400,1998,False,,0.608,0.732,0.00672,0.9109999999999999,153.921
1VV4a2sggaht7Rpo1z7C0D,Small Town Trap,['Eve 6'],258827,1998,False,,0.7190000000000001,0.816,0.0566,0.836,120.242
1cPbbYWKqbHhtdo0MwJgQL,665,['Soundgarden'],98662,2017,False,,0.4970000000000001,0.754,0.0431,0.39399999999999996,111.775
6wixZgasrkNlRfBZIzw5x1,667,['Soundgarden'],55999,2017,False,,0.603,0.521,0.0119,0.16399999999999998,112.262
3L5MPdIXiNwiNjOqx4Ysma,6 Weeks,['Beach Bunny'],194514,2016,False,,0.46799999999999997,0.135,0.9420000000000001,0.0953,85.62799999999999
331dIUHIN9yJ3ewkdq2iNa,69 Years,['Benjah'],217507,2019,False,,0.735,0.494,0.79,0.5770000000000001,129.918
0lE2UhF2WNus9eaeX3Noch,666,['KILLBOY'],158392,2020,True,,0.648,0.696,0.0256,0.616,147.059
6EfBMJQwe2xLgldra6DaYp,YAYA,['6ix9ine'],149857,2020,True,,0.672,0.733,0.0028899999999999998,0.354,105.04299999999999
3DU6vITY6eRhBmvIXrfZ3W,YAYA,['6ix9ine'],149857,2020,False,,0.6709999999999999,0.715,0.00337,0.35600000000000004,105.041
0DfeA58ps4CG50FY6xnIOk,Loneliness of the Long Distance Runner - Live,['September 67'],253733,1998,False,,0.522,0.359,0.884,0.324,129.865
2IlxZCoDBgaHJB5iTHJGXT,Open Road Song,['Eve 6'],196200,2005,False,,0.47600000000000003,0.8390000000000001,0.03,0.498,168.875
092rfWVlz3tFzGRIOlofm2,Sum Bout U (feat. FKA twigs),"['645AR', 'FKA twigs']",132973,2020,True,,0.76,0.619,0.0027600000000000003,0.253,136.154
6Axu8kCyAcpAW6WyjSUFGz,6 String Wooden Friend,['Monte Montgomery'],329613,2013,False,,0.504,0.486,0.732,0.369,145.668
49Wdhhhvj3U7VIddvLbyxd,6:00 - Live in Toronto,['grandson'],294363,2019,True,,0.45799999999999996,0.935,0.027999999999999997,0.341,127.57600000000001
2OA0lvtzysJZ6T94uykqyb,6 Liter,['TopGunn'],152426,2015,False,,0.912,0.537,0.0404,0.552,94.96600000000001
6gO2fmRd3R8XREC9SBGRkq,One Life,"['Shatreese', '615excluvise']",198768,2020,True,,0.728,0.6409999999999999,0.0313,0.209,93.008
2S0gYvxW2VGa4gBpto9tHS,Believe - Club 69 Phunk Club Mix,"['Cher', 'Club 69']",524280,1998,False,,0.767,0.809,0.00492,0.653,129.995
5ssLmwqLu8Ebe8vNt8kO5H,Believe - Club 69 Future Anthem Mix,"['Cher', 'Club 69']",564107,1998,False,,0.746,0.802,0.00243,0.614,129.99200000000002
4X9OlQK4PdXzEfhF9GpEet,Believe - Club 69 Future Anthem Dub,"['Cher', 'Club 69']",455827,1998,False,,0.762,0.772,0.000405,0.299,130.006
2ms6smXB64OXHUzcL6gnek,Believe - Club 69 Phunk Dub,"['Cher', 'Club 69']",422467,1998,False,,0.7290000000000001,0.7490000000000001,0.00121,0.267,130.0
3zuQMMIcBwRrEmYA9na1J8,Believe - Club 69 Future Anthem Mix,"['Cher', 'Club 69']",564107,1998,False,,0.746,0.802,0.00243,0.614,129.99200000000002
4LyLK722IiFXOh4pzeS3SH,Strong Enough - Club 69 Phunk Mix,"['Cher', 'Club 69']",513707,1998,False,,0.759,0.9440000000000001,0.0060799999999999995,0.4920000000000001,132.03799999999998
4YTC2l35j54Jl4qHflq0kF,Strong Enough - Club 69 Future Anthem Short Mix Edit,"['Cher', 'Club 69']",471840,1998,False,,0.589,0.914,0.03,0.3670000000000001,133.34
4TgxFMOn5yoESW6zCidCXL,Savage Love (Laxed – Siren Beat) [BTS Remix],"['Jawsh 685', 'Jason Derulo', 'BTS']",184905,2020,True,,0.758,0.598,0.16,0.6579999999999999,149.836
6AAZ5ZZYtw5VLSbx6q16Be,Savage Love (Laxed – Siren Beat) [BTS Remix] (Instrumental),"['Jawsh 685', 'Jason Derulo', 'BTS']",184905,2020,False,,0.782,0.40399999999999997,0.0491,0.311,149.98
3ZWhRS2EJVL5B0IEzkcvZa,Sweet & Sour (feat. Lauv & Tyga),"['Jawsh 685', 'Lauv', 'Tyga']",163228,2020,False,,0.8270000000000001,0.73,0.092,0.679,95.00299999999999
5SdmoJLYrW7tEO5942Yxlo,678,['LiaStarr'],185949,2020,True,,0.8140000000000001,0.597,0.145,0.385,120.90799999999999
3Btqf12sS71sYPQYdcuEjQ,657,['Aquakultre'],297720,2020,False,,0.5920000000000001,0.698,0.163,0.18899999999999997,95.947
0tr528nV0iNYwOcQswP2fq,LOCKED UP PT. 2,"['6ix9ine', 'Akon']",203333,2020,False,,0.6459999999999999,0.769,0.0285,0.47600000000000003,90.023
1cS0BmmX8CkEqGxlcnziFF,TUTU,['6ix9ine'],164000,2020,False,,0.8340000000000001,0.768,0.0543,0.578,120.02600000000001
0RfTezcg46rGEqK9jymTe3,GOOBA,['6ix9ine'],132303,2020,False,,0.6409999999999999,0.672,0.0258,0.315,178.28
7BU60784dlimuJCEKvzWhR,WAIT,['6ix9ine'],109565,2020,False,,0.785,0.7929999999999999,0.16,0.574,137.995
1mnhKrhj7ilveVLAW63WRB,CHARLIE,"['6ix9ine', 'SMILEZ']",121200,2020,False,,0.812,0.606,0.0223,0.196,100.03399999999999
74HCl1BmbNTOnvRAiWfoJZ,TROLLZ (with Nicki Minaj),"['6ix9ine', 'Nicki Minaj']",202667,2020,False,,0.762,0.423,0.0318,0.43,180.06799999999996
0lTWQWHRGhBdNwdaJKsmRh,NINI,"['6ix9ine', 'Leftside']",137755,2020,False,,0.872,0.648,0.11199999999999999,0.7290000000000001,98.01899999999999
2ysmGB55wPpliB6gYgdTHW,PUNANI,['6ix9ine'],115255,2020,False,,0.84,0.525,0.0131,0.446,97.86399999999999
6MBPnZHNLnzw5UHhdQSwy8,YAYA,['6ix9ine'],149857,2020,False,,0.6709999999999999,0.715,0.00337,0.35600000000000004,105.041
7obH2PxUUetF7Wx9OOoLbi,LEAH,"['6ix9ine', 'Akon']",177000,2020,False,,0.6729999999999999,0.564,0.0474,0.406,94.99600000000001
308Jx2zCTxZVcDSKmkPw5U,GATA,"['6ix9ine', 'Lil AK']",112460,2020,False,,0.7240000000000001,0.759,0.00937,0.387,94.494
6oqDocF8PJJQCPWt1tUzXP,GTL,['6ix9ine'],140000,2020,False,,0.6940000000000001,0.599,0.9229999999999999,0.755,89.89
5Zv0EjEoqRnGGo5EYq0nuE,AVA,['6ix9ine'],124878,2020,False,,0.897,0.73,0.0299,0.612,122.97
03y0S1IVURPa9lZGTbkcbv,LOCKED UP PT. 2,"['6ix9ine', 'Akon']",203333,2020,False,,0.6459999999999999,0.769,0.0285,0.47600000000000003,90.023
2cqwiOAD3cdkBqOoTyRihM,TUTU,['6ix9ine'],164000,2020,False,,0.8340000000000001,0.768,0.0543,0.578,120.02600000000001
2K4arKeJ6CZSo09VXEaPvx,GOOBA,['6ix9ine'],132303,2020,False,,0.6409999999999999,0.672,0.0258,0.315,178.28
4ENGnwFxVPmNirHQGhpTz7,WAIT,['6ix9ine'],109565,2020,False,,0.785,0.7929999999999999,0.16,0.574,137.995
1ReSunfymAYBYxwQJklZJY,CHARLIE,"['6ix9ine', 'SMILEZ']",121200,2020,False,,0.82,0.586,0.0247,0.183,100.008
6mmNw6cvOwLJeQatzlYYeC,TROLLZ (with Nicki Minaj),"['6ix9ine', 'Nicki Minaj']",202667,2020,False,,0.762,0.423,0.0318,0.43,180.06799999999996
5KC2hgrWXH34s079Fiho6S,NINI,"['6ix9ine', 'Leftside']",137755,2020,False,,0.872,0.648,0.11199999999999999,0.7290000000000001,98.01899999999999
4sFfrgz2TRmZKSpkFVuAca,PUNANI,['6ix9ine'],115255,2020,False,,0.84,0.525,0.0131,0.446,97.86399999999999
61WwlMCgdFMH9Bp6KtK0ZW,YAYA,['6ix9ine'],149857,2020,False,,0.6709999999999999,0.715,0.00337,0.35600000000000004,105.041
7GbCVneTMecSw1QvmUABRx,LEAH,"['6ix9ine', 'Akon']",177000,2020,False,,0.6729999999999999,0.564,0.0474,0.406,94.99600000000001
2rVx7slmPvEAZ0KeEB8dzD,GATA,"['6ix9ine', 'Lil AK']",112460,2020,False,,0.7240000000000001,0.759,0.00937,0.387,94.494
1IfuVEnuTXlZbATPSEAnAc,GTL,['6ix9ine'],140000,2020,False,,0.6940000000000001,0.599,0.9229999999999999,0.755,89.89
2XY3NJ8IXsrp8hohYq9IHh,AVA,['6ix9ine'],124878,2020,False,,0.897,0.73,0.0299,0.612,122.97
5ynLOt7c6ENfc8InCQJpMi,R.E.D.,"['6ix9ine', 'Sleiman']",101719,2020,False,,0.763,0.851,0.00366,0.645,95.92399999999999
4vRhx81BSgIEgakDVtOaHq,TROLLZ - Alternate Edition (with Nicki Minaj),"['6ix9ine', 'Nicki Minaj']",185667,2020,False,,0.727,0.49,0.0301,0.336,180.169
7N2SUrA5eEnJSJthpGkS4x,LOCKED UP PT. 2,"['6ix9ine', 'Akon']",203333,2020,True,,0.649,0.779,0.0332,0.503,89.978
0Rs3xvb9gHt1FvnKLiql2z,TUTU,['6ix9ine'],164000,2020,True,,0.833,0.778,0.0608,0.55,120.01100000000001
2dFZKmiTufbLmlA58qhAGY,GOOBA,['6ix9ine'],132303,2020,True,,0.611,0.688,0.0264,0.39299999999999996,178.46200000000005
46HkpXlsZOI5EXXKdRQIzE,WAIT,['6ix9ine'],109565,2020,True,,0.772,0.785,0.139,0.589,138.036
0IXuTwKTLiPUCHmz3nyQSI,CHARLIE,"['6ix9ine', 'SMILEZ']",121200,2020,True,,0.812,0.606,0.0223,0.196,100.03399999999999
2PxWEqQpAzzeOAbPL6L7o5,TROLLZ (with Nicki Minaj),"['6ix9ine', 'Nicki Minaj']",202667,2020,True,,0.7440000000000001,0.42200000000000004,0.0319,0.493,180.00599999999997
51Z2oUPpcjLsmaD7HpmEcB,NINI,"['6ix9ine', 'Leftside']",137755,2020,True,,0.872,0.648,0.11199999999999999,0.7290000000000001,98.01899999999999
2s3TyES4Ev6IyiGCyUdHmR,PUNANI,['6ix9ine'],115255,2020,True,,0.841,0.541,0.0186,0.42,97.961
0PLleJ3YiPvcsGcFoASTFb,YAYA,['6ix9ine'],149857,2020,True,,0.672,0.733,0.0028899999999999998,0.354,105.04299999999999
50PzfpfHgfuLJKSbVbFJiT,LEAH,"['6ix9ine', 'Akon']",177000,2020,True,,0.675,0.56,0.0473,0.382,95.04299999999999
0euAc21pN6EBUNCQvEJ0Zg,GATA,"['6ix9ine', 'Lil AK']",112460,2020,True,,0.732,0.7609999999999999,0.0179,0.414,94.50200000000001
4Lif6PxvHJgyXAwRuCp0cp,GTL,['6ix9ine'],140000,2020,True,,0.611,0.604,0.895,0.774,89.589
71QhTIGjVJwKS0SnUEK91r,AVA,['6ix9ine'],124878,2020,True,,0.887,0.7390000000000001,0.0203,0.638,123.014
0DgxBS4FRV3ufR1vNSIhcc,R.E.D.,"['6ix9ine', 'Sleiman']",101719,2020,True,,0.763,0.851,0.00366,0.645,95.92399999999999
7m8e32OsqKMXcfrzpgCokr,TROLLZ - Alternate Edition (with Nicki Minaj),"['6ix9ine', 'Nicki Minaj']",185667,2020,True,,0.722,0.502,0.0328,0.35,179.989
49W4j1pTnp8AczP9GzGDfo,666AM,['Nasty'],145027,2020,True,,0.36,0.975,0.00031299999999999996,0.11199999999999999,141.546
01E5Z9AurX3PvJCzu4cYYA,Mustard Gas,['Wreckless 610'],175334,2020,True,,0.762,0.731,0.0619,0.551,90.001
6gNms5wUsO7rfyZDwfIEro,Top Spot,['Wreckless 610'],188500,2020,True,,0.6459999999999999,0.8390000000000001,0.0349,0.579,96.789
7jokOvj9GlVFJ1Kufrzzzp,Razorblade Lyricist,['Wreckless 610'],226377,2020,True,,0.575,0.825,0.109,0.124,117.235
3hk0cGQX4sgTQONcRd1TNP,Need Myself,['Wreckless 610'],240068,2020,True,,0.769,0.8059999999999999,0.11,0.78,87.948
1BF0qYEqFTN1WzlLPR5aG1,What Type,"['Wreckless 610', 'Von John', 'Derf da Juganot']",239255,2020,True,,0.629,0.625,0.0867,0.201,156.04
7ygp7rTl6uzga5GEc6z7oe,Flex,"['Wreckless 610', 'Derf da Juganot']",188656,2020,True,,0.445,0.858,0.20199999999999999,0.753,80.32
4CrjIjEoKfOsadtRlIjakV,No Tomorrow,"['Wreckless 610', 'Derf da Juganot']",262060,2020,True,,0.532,0.858,0.23399999999999999,0.42200000000000004,164.33
2EhGvgcKLOfLJPw3N0UAsh,6th,['KUJA'],214000,2016,False,,0.449,0.583,0.639,0.387,119.63600000000001
74sQFaOMZZZdokYbm0zlxd,#6,['Heisenberg'],478546,2014,False,,0.614,0.583,0.00636,0.0433,194.997
7Mu3sCvXdMSlBLrUPOhWAG,LOCKED UP PT. 2,"['6ix9ine', 'Akon']",203333,2020,True,,0.649,0.779,0.0332,0.503,89.978
4We7QlOUIwpt5w8y07Gd0M,TUTU,['6ix9ine'],164000,2020,True,,0.833,0.778,0.0608,0.55,120.01100000000001
6qiiDtFAJjyEhoZVcf6ovL,GOOBA,['6ix9ine'],132303,2020,True,,0.611,0.688,0.0264,0.39299999999999996,178.46200000000005
2T7kQL535a3wTuUFnm6imJ,WAIT,['6ix9ine'],109565,2020,True,,0.772,0.785,0.139,0.589,138.036
4GF8BkeMGGY6aP7b9cUFmu,CHARLIE,"['6ix9ine', 'SMILEZ']",121200,2020,True,,0.812,0.606,0.0223,0.196,100.03399999999999
6R6STxTrOTeF8OS8iwio4a,TROLLZ (with Nicki Minaj),"['6ix9ine', 'Nicki Minaj']",202667,2020,True,,0.7440000000000001,0.42200000000000004,0.0319,0.493,180.00599999999997
0jsOrmAm7jSkkiK6DwVtxy,NINI,"['6ix9ine', 'Leftside']",137755,2020,True,,0.872,0.648,0.11199999999999999,0.7290000000000001,98.01899999999999
0Z8om3pNZzeSBF4bZEHaH2,PUNANI,['6ix9ine'],115255,2020,True,,0.841,0.541,0.0186,0.42,97.961
69uaGquTkj6JZhElAT16fi,YAYA,['6ix9ine'],149857,2020,True,,0.672,0.733,0.0028899999999999998,0.354,105.04299999999999
53JAHaCwvGKl5Fo3qY90Od,LEAH,"['6ix9ine', 'Akon']",177000,2020,True,,0.675,0.56,0.0473,0.382,95.04299999999999
4FJokNdsqReVFNYwdLWgue,GATA,"['6ix9ine', 'Lil AK']",112460,2020,True,,0.732,0.7609999999999999,0.0179,0.414,94.50200000000001
0sPbaPKQ3sracxvdvdQ6LK,GTL,['6ix9ine'],140000,2020,True,,0.611,0.604,0.895,0.774,89.589
3HcdCFaubTEC1oeLDcdz32,AVA,['6ix9ine'],124878,2020,True,,0.887,0.7390000000000001,0.0203,0.638,123.014
0nftD3b9WbLdzbYqlgDOFN,Talkin,['Three 6 Mafia'],98667,2000,True,,0.732,0.34700000000000003,0.9209999999999999,0.674,74.902
1hl9LqX09jDhzSlRmwy0L7,Fuck What U Heard,['Three 6 Mafia'],205933,2000,True,,0.7559999999999999,0.8859999999999999,0.18100000000000002,0.669,158.77200000000005
1JfqLivyh8AfzlmZgMqJ0P,M.E.M.P.H.I.S.,['Three 6 Mafia'],307227,2000,True,,0.8320000000000001,0.917,0.121,0.9620000000000001,154.069
36ENxhtr2XbDAOMuXFlj3U,Da Summa,['Three 6 Mafia'],311667,2000,True,,0.907,0.6679999999999999,0.0218,0.57,143.613
2jNAQsgXcF7O5hMPXLHbzL,Smokin On Da Dro,['Three 6 Mafia'],254933,2000,True,,0.861,0.8420000000000001,0.184,0.7170000000000001,150.85299999999995
4vz7MH7K1YimPUEsf3uDN3,Powder,['Three 6 Mafia'],208333,2000,True,,0.866,0.6709999999999999,0.18,0.792,148.389
23AyUTulRQB4nGLsLxqeg8,Grab Tha Gauge,['Three 6 Mafia'],325067,2000,True,,0.917,0.883,0.185,0.8190000000000001,118.095
6vBDVA4DesG4G81Atdj9Cj,Wonabees,['Three 6 Mafia'],283200,2000,True,,0.7929999999999999,0.8690000000000001,0.000691,0.7659999999999999,164.217
4xAJCGB2SVqQBkG4iswibo,Lock Down,['Three 6 Mafia'],258573,2000,True,,0.8370000000000001,0.8320000000000001,0.0735,0.691,144.091
2knWxyEDjExfD79L8vIQ4d,Jealous Azz B*tc^h,['Three 6 Mafia'],258067,2000,True,,0.945,0.486,0.0284,0.644,134.371
0bIgFU5Gc88cwiuidnEGFU,Niggaz Down 2 Make Some Endz,['Three 6 Mafia'],245293,2000,True,,0.81,0.318,0.000392,0.682,159.116
1LRWj4iBSBt3A39b2DoM9q,South Memphis B*tc^h,['Three 6 Mafia'],249467,2000,True,,0.807,0.731,0.000782,0.524,83.78399999999998
5oou1UzbL3Ea1T3KrjNen2,Pass That Junt,['Three 6 Mafia'],267600,2000,True,,0.898,0.8009999999999999,0.00135,0.457,137.361
6vfnlf7iQlCzHIcWLn2jD2,Love To Make A Stang,['Three 6 Mafia'],217933,2000,True,,0.718,0.698,0.0002,0.594,138.094
3L7w60HOpyC7F3zVO4PPLQ,Sleep,['Three 6 Mafia'],282240,2000,True,,0.823,0.648,0.00144,0.541,134.039
5JOxd98JMAyQiDyipy2DKo,Mindstate,['Three 6 Mafia'],266267,2000,True,,0.878,0.888,0.0398,0.823,135.803
1apXR4Jh6Ici0bvnXLMj1u,"When It's On, It's Murder",['Three 6 Mafia'],183627,2006,True,,0.765,0.86,0.0593,0.355,176.03
7rErdORgzBWIjTlfC9FcIc,Break Da Law,['Three 6 Mafia'],314707,2006,True,,0.7979999999999999,0.736,0.0681,0.33,161.97
2SdsKP9tjS1xeZyIbGH49W,Where Is Da Bud Part 2,['Three 6 Mafia'],334760,2006,True,,0.75,0.718,0.00426,0.24100000000000002,137.311
6UsZaWIZhlYZgiqHlsruSW,Love to Make A Stang,['Three 6 Mafia'],218000,2006,True,,0.715,0.696,0.000155,0.557,138.227
1sdAEvWKnslChHxqRxrfWy,Grab Tha Gauge,['Three 6 Mafia'],325107,2006,True,,0.9179999999999999,0.89,0.17300000000000001,0.805,118.20100000000001
0y8kGYjYSk4CKGT4NJqbP3,Jealous Ass Bitch,['Three 6 Mafia'],258133,2006,True,,0.945,0.489,0.0272,0.675,134.49200000000002
1j20vuooLO4ddfxtBcO4rR,Liquor & Bud,['Three 6 Mafia'],284893,2006,True,,0.961,0.7120000000000001,0.0497,0.573,133.614
1zkHZ4y0zTaiuqG0QJs6wu,Nine To Yo Dome,['Three 6 Mafia'],211067,2006,True,,0.914,0.82,0.0156,0.858,140.107
6eoqBZfxTj75lhtkNStOek,Ridin N The Chevy,['Three 6 Mafia'],362067,2006,True,,0.96,0.68,0.00318,0.794,134.59799999999998
7cnoRMMYsWg7bU452gNksn,Playa Hataz,['Three 6 Mafia'],218507,2006,True,,0.753,0.6459999999999999,0.0263,0.669,119.77
6M4DJYDTA6prHrrmF0FlLB,Half On A Sack Or Blow,['Three 6 Mafia'],219427,2006,True,,0.853,0.701,0.00324,0.81,140.257
6R1OXiYnIvnOooUPOGgW1l,"Now I'm High, Really High",['Three 6 Mafia'],260600,2006,True,,0.6609999999999999,0.8809999999999999,0.019,0.6920000000000001,116.01899999999999
5hhIgQdN32CigKfOkBBKq6,Gimme Head,['Three 6 Mafia'],225973,2006,True,,0.914,0.654,0.0151,0.863,150.171
3I1K0W1VmHlTdgGZOrMVkn,Bad Bad Lambo,"[""'68""]",239657,2020,False,,0.45899999999999996,0.8959999999999999,0.00302,0.22,142.724
1SgkQU7jkzsgSlcdmMZcSh,The Lesser of Two Upheavals,"[""'68""]",220765,2020,False,,0.45,0.9059999999999999,0.0017100000000000001,0.526,122.96700000000001
3W9vhWPt28nuGmkkc052W8,Rock On,"[""'68""]",206640,2020,False,,0.237,0.785,0.0020399999999999997,0.526,72.763
1SMmIPysqd7gzJnAFFCO37,Nervous Passenger,"[""'68""]",255836,2020,False,,0.402,0.69,0.000143,0.23399999999999999,132.017
0vE83hbgyJwhLrilUyB6bu,4 Da Trap,['645AR'],95502,2020,True,,0.635,0.589,0.52,0.39399999999999996,142.049
02q41w6xKVciY05blUymBC,Come On,['Take 6'],228107,2006,False,,0.748,0.684,0.36,0.9159999999999999,107.042
50004pVVfkqKgKBgihSA6b,This Is Another Day,['Take 6'],207880,2006,False,,0.457,0.542,0.741,0.703,67.26100000000001
4xHtY0XfH55Oqj2VuJG6om,Feels Good,['Take 6'],231227,2006,False,,0.815,0.657,0.212,0.775,113.027
7tds05izeWSg6f4ZgJaURp,Wait For the Sunshine,['Take 6'],228147,2006,False,,0.5479999999999999,0.541,0.4370000000000001,0.4370000000000001,88.76899999999998
0bNsHlwyg606zP901LUMgr,Family of Love,['Take 6'],234000,2006,False,,0.245,0.155,0.8540000000000001,0.19399999999999998,96.073
0kkXtBH0TZDnlOQdmurA8k,More Than Ever,['Take 6'],243387,2006,False,,0.445,0.48100000000000004,0.595,0.7170000000000001,77.57
1nbz4Zhe1IY08qDsVXfCt7,Set U Free,['Take 6'],213573,2006,False,,0.738,0.521,0.605,0.78,132.08
4ecDNfRgzWKzqn78QqLI2B,Vinterlude,['Take 6'],31107,2006,False,,0.395,0.16,0.705,0.19399999999999998,94.846
5uy1Z8LxclAnhPK0wmr8SA,Just In Time,['Take 6'],226627,2006,False,,0.696,0.33399999999999996,0.742,0.419,90.061
4k2AYZPQONj5KDpDB3lBvP,Lamb of God,['Take 6'],207093,2006,False,,0.223,0.242,0.8009999999999999,0.33,84.68
1MjAGMk32x4WsWtGU0TrPj,I'll Never Turn Back No More,['Take 6'],87680,2006,False,,0.326,0.129,0.889,0.201,107.035
3xJvpJB3AIkEe0CPUFcUiK,You Can Make It - Go On,['Take 6'],230467,2006,False,,0.73,0.514,0.292,0.541,102.932
27PHrC1j9JxT7ZCiBZbBra,Pulled Up,['637godwin'],132024,2020,True,,0.718,0.64,0.0799,0.25,160.028
4K8WfrfJ9HU0NXZn60IYfF,Simon,['637godwin'],216570,2020,True,,0.706,0.6729999999999999,0.322,0.259,79.982
21oBYR4vjHzk7Ibf7FUcW2,Egotistical,"['637godwin', 'DC The Don']",200438,2020,True,,0.813,0.599,0.146,0.136,115.105
6uODmEQdNsOrsRKeZj8R5E,Push and Shove,['637godwin'],212327,2020,True,,0.696,0.46799999999999997,0.0698,0.22699999999999998,136.013
4cgAyUnChayTwt4G7ej1AN,7 Seas,['637godwin'],192841,2020,True,,0.754,0.555,0.10800000000000001,0.5760000000000001,139.972
2QAPGvfTdxfCREpFEE1Aeg,Cashcow,"['637godwin', '916frosty']",165019,2020,True,,0.727,0.594,0.139,0.115,81.46600000000002
5PbF57u7mzGrOy3HCEH7Bq,Ballin',['637godwin'],153986,2020,True,,0.698,0.67,0.263,0.55,148.032
4iuK6fa57g7yOUP87gerfT,445,['637godwin'],156582,2020,True,,0.8059999999999999,0.634,0.0218,0.4920000000000001,80.553
5UvqNKkPDWoNb9bFn4d0Ge,Last Laugh,['637godwin'],151946,2020,True,,0.79,0.489,0.16899999999999998,0.237,113.971
4yaP6jaIRWugQUdZRW36Mg,Lost Highway,['601'],297667,2008,False,,0.777,0.6459999999999999,0.696,0.929,146.46
3HyYi07BE8nCvqLXsdHkVr,Time Machine,['601'],424867,2008,False,,0.83,0.578,0.231,0.684,97.27600000000001
6qje6J9gfymx1b2ocVsbco,I Want My Cadillac,['601'],382840,2008,False,,0.5429999999999999,0.408,0.8009999999999999,0.5710000000000001,117.365
3MmKEAMT6s5rQm9fpXJThv,Hard Rain,['601'],317320,2008,False,,0.79,0.396,0.6809999999999999,0.746,99.23299999999999
7hg8qohaxVbhukqnTgzGE2,Not Your Super Hero,['601'],269760,2008,False,,0.664,0.413,0.603,0.5329999999999999,85.191
4urWAffDXpvrBqvNpBD6KI,Sit and Cry,['601'],178267,2008,False,,0.9520000000000001,0.474,0.623,0.946,106.29299999999999
1VOg9QgSadptGptPmXSzXe,Move to the Moon,['601'],328880,2008,False,,0.9,0.39,0.52,0.904,112.335
7ifryCkze1KvOyh8USBnpe,She Only Plays the Blues,['601'],301387,2008,False,,0.7709999999999999,0.7290000000000001,0.308,0.868,100.28
3iqjzmYeWmRnrzoVEhwoAg,Is This Paradise?,['601'],352653,2008,False,,0.85,0.4320000000000001,0.6459999999999999,0.785,111.323
4OZ4spyq9tjaKkLeTzekRv,"You're Too Mean, Revisited",['601'],388920,2008,False,,0.8859999999999999,0.504,0.475,0.878,123.74600000000001
4o065cTXWiI2hQ97HALZ1K,"Lost in a Dream, Revisited",['601'],448600,2008,False,,0.9279999999999999,0.535,0.0854,0.7809999999999999,115.876
6iBckYiNBb3kQAo9mmrpNR,Intro,['6slush'],54219,2020,True,,0.6759999999999999,0.218,0.78,0.606,66.805
6bLuvpUYRTKn8zaZfEVjnI,I. Free Guac,"['6slush', 'Robb Hiest', 'DJ Impozible']",238812,2020,True,,0.8009999999999999,0.494,0.47700000000000004,0.486,124.051
20WCURZJZJUVWih4Exd2KP,II. Virgo Baby,"['6slush', 'DJ Impozible']",227866,2020,True,,0.892,0.366,0.409,0.639,120.0
3Z9ds9Uvsvn6yPgLXO9Nbi,III. Slasher Movie,"['6slush', 'Robb Hiest']",193784,2020,True,,0.7020000000000001,0.354,0.16,0.226,140.028
7EEjnsSBzeNTcyf8K13crV,IV. Oh You Think You Flexin' Huh?,"['6slush', 'DJ Impozible']",171286,2020,True,,0.782,0.384,0.133,0.4920000000000001,144.09
57zexSqF3XWBxwY2QrZrAW,V. Screen Time Romance,"['6slush', 'Robb Heist']",238154,2020,True,,0.8170000000000001,0.45,0.387,0.775,129.016
50M7Q256LqyGfhVy8ddCPR,VI. Outro for My Loved Ones,['6slush'],254277,2020,True,,0.66,0.386,0.455,0.401,136.102
06JCYpLPY0ngrB3sGug1zr,Seven Steps Down,['Salem 66'],200946,2020,False,,0.4270000000000001,0.907,0.00908,0.8320000000000001,153.987
6hTnh4R5IRsI46uZXUAsmP,64,['Lydia'],133912,2020,False,,0.263,0.561,0.607,0.171,98.59200000000001
70UIb2ukA2EPyA9o3zitWS,666,['Crewsont'],130927,2020,True,,0.888,0.47100000000000003,0.042,0.272,110.04299999999999
