id,name,artists,duration_ms,year,explicit,spotify_popularity,danceability,energy,acousticness,valence,tempo
7KKZdTZlH7shQ9F83FTwz9,Gold Grill (feat. Eightball & MJG),"['UGK', '8Ball', 'MJG']",255547,2001,True,,0.7979999999999999,0.85,0.0037700000000000003,0.9640000000000001,155.872
77SGlcMcjFOEsDgH2Emhve,24 x 7 Boy,['Tahiti 80'],171213,2009,False,,0.507,0.975,0.00813,0.634,134.9
3iPryOz1JHFazgsNGVvobs,Unpredictable,['Tahiti 80'],203200,2009,False,,0.7020000000000001,0.91,0.0566,0.971,132.028
4I6IJnmPCM7uBTxXNjLTdW,All Around,['Tahiti 80'],183000,2009,False,,0.565,0.865,0.00725,0.887,146.02200000000005
4fa8reneQGIRzMSDg3m2up,Brazil,['Tahiti 80'],225440,2009,False,,0.512,0.871,6.3e-05,0.855,145.946
3lmGiaBwC7IFxGmjW8jAWx,Fire Escape,['Tahiti 80'],166960,2009,False,,0.556,0.474,0.0917,0.391,104.944
1l3JgofvXUfCn220D4WeOE,One Parachute,['Tahiti 80'],207667,2009,False,,0.675,0.535,0.0289,0.845,93.01799999999999
6TmhbgzMDnZcNCtNYwwiom,Tune In,['Tahiti 80'],187467,2009,False,,0.76,0.64,0.10300000000000001,0.9620000000000001,126.935
2rTZN8Yx50CNilRj786iro,Dream On,['Tahiti 80'],227520,2009,False,,0.61,0.843,0.0711,0.755,127.037
26sWobTSFYdErVBxbP5kEa,White Noise,['Tahiti 80'],213800,2009,False,,0.6990000000000001,0.904,0.0015199999999999999,0.81,136.984
3R7HsbJoqwSTufGeleotR8,Come Around,['Tahiti 80'],223693,2009,False,,0.644,0.81,0.0457,0.9620000000000001,135.023
4HwvE558ymYacq2mZhc5Ka,Whistle,['Tahiti 80'],153640,2009,False,,0.643,0.909,0.21899999999999997,0.61,99.995
2ZASLpEE9WryUacWS5Flg2,Ear To The Ground,['Tahiti 80'],237853,2009,False,,0.662,0.679,0.426,0.55,119.056
1pG7jlzHBzWXfOgzkNEpto,All Around Christmas,['Tahiti 80'],181667,2009,False,,0.5920000000000001,0.826,0.20199999999999999,0.6579999999999999,146.02
4x2f6nNE54WUoSRquAulNk,Good Boy,['Tahiti 80'],145240,2009,False,,0.628,0.7440000000000001,0.0337,0.934,96.0
3gfTaEeFCPSRXD3WVAqBrg,All Around (Yuksek Remix),['Tahiti 80'],253307,2009,False,,0.6609999999999999,0.568,0.00037999999999999997,0.47700000000000004,129.035
5aeXHLHLx1rTe2Cof7UD99,All Around (Ch&#226;teau Marmont Remix),['Tahiti 80'],207360,2009,False,,0.759,0.727,0.00487,0.8079999999999999,135.989
4rNRFl9Ad7sOo700yMwlAG,Unpredictable (MaRadioStar Remix),['Tahiti 80'],134320,2009,False,,0.604,0.878,0.00554,0.685,132.032
1OyulmFoOx4lYwRFBfYs87,Unpredictable (Wagner Love Remix),['Tahiti 80'],197773,2009,False,,0.794,0.38,0.0004980000000000001,0.456,132.03799999999998
18XLRmngI5VpbEb1OGg5c5,Spill Me,['Project 86'],325853,2020,False,,0.414,0.847,0.0641,0.272,151.32399999999996
7HaQTPml7EZd8E0OZF77IS,Rebuttal,['Project 86'],288427,2020,False,,0.237,0.898,0.0622,0.127,167.29
46NGoT2a5xsQlxR9fk0xH7,Pipedream,['Project 86'],275733,2020,False,,0.359,0.946,0.0279,0.532,126.711
3h7cer4COLOX7aTLegItoj,Stalemate,['Project 86'],376720,2020,False,,0.43799999999999994,0.606,0.299,0.35600000000000004,142.986
3iTwcHZwJmmAtoboRqPsXk,Run,['Project 86'],218733,2020,False,,0.36,0.9690000000000001,0.0151,0.54,90.649
5kfCTuUE3xtMUCtVcRZK0x,Independence,['Project 86'],266960,2020,False,,0.358,0.946,0.0473,0.396,159.231
4y3WuWYUuL0fYWUteNQsZD,Six Sirens,['Project 86'],236640,2020,False,,0.381,0.97,0.0931,0.629,81.51899999999998
2UR0s886W1N5IHk7mIGwvG,Bleed Season,['Project 86'],317400,2020,False,,0.244,0.9640000000000001,0.0039,0.19699999999999998,149.539
79ndCVeyUebhdEo5JPGp3d,1x7,['Project 86'],235787,2020,False,,0.348,0.868,0.0158,0.381,107.92200000000001
3ZCFJiDgA1MYgyZJKiVnZt,When Darkness Reigns,['Project 86'],400027,2020,False,,0.319,0.7559999999999999,0.11900000000000001,0.0922,154.914
5Q1S6VUzDzzzowrC999BZN,Hide Another Mistake,['The 88'],156320,2005,False,,0.609,0.851,0.126,0.8370000000000001,119.943
3o98D0SZ7tpcmMExlj7fmB,All 'Cause of You,['The 88'],233440,2005,False,,0.573,0.794,0.0491,0.397,123.984
4El3abvnY5KUTMi9RMlVFe,Nobody Cares,['The 88'],229987,2005,False,,0.654,0.72,0.142,0.28,125.001
2xbkU3z7meHYBYygkAWD5n,Bowls,['The 88'],287387,2005,False,,0.45299999999999996,0.93,0.0114,0.207,137.984
7rZXU7JwvbMOhqmaAPzBwL,Head Cut Off,['The 88'],179600,2005,False,,0.48100000000000004,0.6609999999999999,0.0119,0.18100000000000002,144.951
3wLQ0vyz0aOAp0GsLw6ZIz,Battle Scar,['The 88'],221613,2005,False,,0.586,0.858,0.0012699999999999999,0.499,120.08200000000001
2cFFkKvdNrizaVr2Gn0wT8,Coming Home,['The 88'],218587,2005,False,,0.614,0.81,0.0496,0.255,120.035
5TSz2XVImJFn2iXNt5jtvP,You Belong To Me,['The 88'],207893,2005,False,,0.47600000000000003,0.282,0.902,0.37799999999999995,151.98
41NwRq3cUBDkSWNUnFF0ti,Haunt You,['The 88'],147813,2005,False,,0.6829999999999999,0.71,0.138,0.856,106.118
4WILmwNKjzz1tpEhIW99ic,Jesus Is Good,['The 88'],265213,2005,False,,0.473,0.418,0.37799999999999995,0.321,79.13600000000002
1pgmGSuw2oEDISQEuti5gh,Everybody Loves Me,['The 88'],279413,2005,False,,0.618,0.59,0.128,0.512,123.98200000000001
2wPnBxcW1HqMZJSpIZbeHc,Not Enough,['The 88'],284800,2005,False,,0.462,0.797,0.19399999999999998,0.344,114.693
6YLMOjjuzurfDNHqgy2cWO,Indestructible (feat. Keelyn Ellis),"['8Ball', 'KEELYN ELLIS']",303947,2012,True,,0.649,0.5820000000000001,0.141,0.478,89.958
3v6nEGY8M8Qk8zKdSFAE5B,This That (feat. Singa),"['8Ball', 'Singa']",277307,2012,True,,0.767,0.6920000000000001,0.00447,0.639,142.02200000000005
4WKnMn0jkIQhDxINFsKfhx,We Buy Gold (feat. MJG & Big Krit),"['8Ball', 'Big K.R.I.T.', 'MJG']",177427,2012,True,,0.687,0.943,0.00551,0.6890000000000001,78.836
0fhfiloNnSyPym9NY8oYf9,GoThatAWay (feat. LC),"['8Ball', 'LC']",256360,2012,True,,0.6890000000000001,0.644,0.023,0.175,136.985
4xyU8PkSDnOLiXXry22sBx,Don't Bring Me Down (feat. 2 Chainz),"['8Ball', '2 Chainz']",253360,2012,True,,0.598,0.853,0.00513,0.501,98.766
4175t2s0CTDtBugEyukTPW,Good Girl Bad Girl,['8Ball'],212600,2012,True,,0.852,0.6609999999999999,0.0562,0.753,134.987
3soVTqQCcfgKwcT27fNHRM,Touch,['8Ball'],275013,2012,True,,0.723,0.5710000000000001,0.0368,0.353,77.98899999999998
24wWctQJoR6UIG0QsL7Ra5,The Price (feat. Ebony Love),"['8Ball', 'Ebony Love']",246800,2012,True,,0.684,0.7509999999999999,0.138,0.424,83.92399999999998
4YpMRgnWhCqPAOG0652bLo,Life's Quest (feat. Angie Stone),"['8Ball', 'Angie Stone']",321560,2012,True,,0.8009999999999999,0.779,0.0383,0.73,123.507
7eFW0AEGTVQUYVHVj0eTf4,Lucky's Theme Song,['8Ball'],239347,2012,True,,0.684,0.795,0.0012,0.8190000000000001,155.981
1h0yRbSKpwQwnxQlGZMdgn,You'll Never Know,['8Ball'],288667,2012,True,,0.588,0.732,0.0898,0.3670000000000001,160.975
5aZE1MVLudHiE1T9nNZfQk,Good Days (feat. Slim),"['8Ball', 'Slim']",246520,2012,True,,0.7,0.581,0.0013800000000000002,0.294,147.961
6DDIhOTTO5nA33y4NiCDLe,Cali,"['Devious', '8Ball']",245120,2001,False,,0.8320000000000001,0.584,0.000541,0.429,92.021
5BvbMdZchWADFvk83nkFjG,Wolves,['8 Graves'],198898,2015,False,,0.695,0.7040000000000001,0.126,0.41700000000000004,141.168
4aRLVQO1eR8ADx2LcOmpDi,Two Wrongs,['8 Graves'],225061,2015,False,,0.5770000000000001,0.621,0.163,0.252,151.968
551A9yR9UN7Ir0wbt0aPck,You Love Me,['8 Graves'],229764,2015,False,,0.6409999999999999,0.7709999999999999,0.0523,0.457,147.984
4Oi7VHPTZ0i8JQbtF0C0Da,Home,['8 Graves'],221100,2015,False,,0.659,0.83,0.00164,0.9229999999999999,147.97799999999995
48fFLC0Ax4ohaQMxv2Igw3,I Won't Get In,['8 Graves'],214795,2015,False,,0.7829999999999999,0.45399999999999996,0.555,0.22,152.09799999999996
5c9GUPxZaM2FnAnxAfMSVW,Up to the Top,['Link 80'],93400,1997,False,,0.4920000000000001,0.948,0.133,0.941,116.146
6I9LbXLWQ1uZOkWwMODPNl,Wasted,['8 Graves'],240385,2016,False,,0.5870000000000001,0.853,0.0558,0.583,140.00799999999998
3gkxizHrUFdkdM1K4XG9DQ,Intolerance,['Link 80'],152627,2000,False,,0.37,0.9209999999999999,0.0189,0.602,102.462
3MNVSbL3Xp3He4eRAG44sC,Letter to Celeste,['Link 80'],193000,2002,False,,0.3670000000000001,0.94,0.00325,0.483,145.664
2YnybKjYVa2MzfnJgT29hw,808 Crickets,['Earlimart'],49560,2004,False,,0.467,0.0512,0.915,0.0459,116.86
63u7kQFWLqb0odDtfB41w4,888,['Nautilis'],210213,2002,False,,0.797,0.92,0.102,0.14800000000000002,119.977
5dtoqZog4CzEsr1JQLBLkF,80's Joint,['Kelis'],191733,2006,False,,0.937,0.53,0.0184,0.755,111.514
0vXwaESklK5uDQwt4z3T4b,Три слова (feat. 813),"['Mojento', '813']",214326,2013,False,,0.40399999999999997,0.6779999999999999,0.0823,0.159,101.99600000000001
7jl4UvF4ZtPj4s6FDTjztR,830 BA,['Plumbline'],222027,2004,False,,0.836,0.512,0.784,0.466,105.102
3dOx3Eu97GoQBwiRltHYiG,811 10A,['Plumbline'],334173,2004,False,,0.583,0.637,0.638,0.628,220.03900000000002
5iUTolZ6JMZZVOc5N1RA47,86 W12,['Plumbline'],287027,2004,False,,0.113,0.313,0.805,0.0385,85.209
7mdj9UulmiWtIhZSzKp7hY,81,['Deerhoof'],183813,2007,False,,0.5589999999999999,0.742,0.564,0.682,131.717
1vLVchylPAhXl1G2EyCQcg,8-Cracks of Tomorrow,['Casey Chaos'],179053,2004,False,,0.305,0.9940000000000001,2.9999999999999997e-05,0.318,160.218
0Jq6SrwaQzhF8UOWxR8KYY,8000,['Extrawelt'],403733,2006,False,,0.7340000000000001,0.888,0.0646,0.0846,130.016
0nsKCoFbr84S9CKR6s0SBE,8105,['Moving Mountains'],511071,2007,False,,0.33299999999999996,0.8190000000000001,0.000425,0.0775,174.862
1t3oufT3KuEajvQ17aqkql,'80s Girl,['Jodi Jett'],212933,2005,False,,0.5489999999999999,0.857,0.004370000000000001,0.7140000000000001,105.979
5Fg8DOQg4IFeW1bnAMy1YO,80'S TEXAS,['StrayXSerse'],184478,2019,True,,0.6779999999999999,0.488,0.594,0.74,138.2
1DO3TulfGTumPHPvqGFzBN,8 Electrodes,['Kraddy'],346533,2004,False,,0.562,0.958,0.0604,0.705,72.41199999999998
4gbH6nqodYcsIXbCNsqolk,'83 Wildin,['Edan'],144867,2001,False,,0.5710000000000001,0.7979999999999999,0.0227,0.0799,100.081
2SdREhDeKfMVX2fIdIK6ea,Barrowburn/Congress/High Reel,['Nine-8ths Irish'],272733,2007,False,,0.41200000000000003,0.639,0.282,0.9420000000000001,115.90100000000001
35mOfPGeVeDrqPo6n15pE2,Fig For A Kiss/Calliope House,['Nine-8ths Irish'],238240,2007,False,,0.42,0.289,0.43799999999999994,0.7120000000000001,117.54299999999999
4tVAlcrUl1Gn2RgUUOlDKO,Farewell To Whalley Range,['Nine-8ths Irish'],165067,2007,False,,0.292,0.27,0.5429999999999999,0.7070000000000001,83.35
0aO1ACFecLEDgvxEUvdP7g,Wise Maid,['Nine-8ths Irish'],171440,2007,False,,0.539,0.426,0.31,0.7240000000000001,109.685
0BdyOg7kqQOCXFWivYS7Ga,Julia Delaney/Ships Are Sailing/The Banshee,['Nine-8ths Irish'],240493,2007,False,,0.5,0.48,0.585,0.866,118.69
5WH1MqHl1TKQHH6PewUObX,Shennopsy/Kerfunken/Dick Gossip's,['Nine-8ths Irish'],230347,2007,False,,0.444,0.44799999999999995,0.428,0.9079999999999999,126.014
5TJfX4MgdcssgkrCTbXX1W,Crested Hens/Beare Island/Lads Of Laois,['Nine-8ths Irish'],297373,2007,False,,0.33899999999999997,0.456,0.828,0.536,111.911
3WLiKCsgFMbr5kFtS9KAAX,Cordal Jig/Banish Misfortune/Tar Road To Sligo,['Nine-8ths Irish'],292413,2007,False,,0.284,0.46799999999999997,0.773,0.875,182.71099999999998
0CnYXWfEipBofFukQ1AsLT,The Relationship Set: Eileen Curran/Catharsis/Reconciliation,['Nine-8ths Irish'],236547,2007,False,,0.52,0.53,0.574,0.97,120.524
5HREJXcAKYmcoao6HNCZqv,White Petticoat/Garret Barry's/Bank Of Turf,['Nine-8ths Irish'],279440,2007,False,,0.365,0.369,0.479,0.688,128.79
6oXZEEju7dTX08A1PdtcQy,Far Away,['Nine-8ths Irish'],178560,2007,False,,0.321,0.249,0.748,0.4920000000000001,111.41
1XEbqrlva253VIKEwdx9Lq,Paddy's Trip To Scotland/Macarthur Road/Foxhunter's,['Nine-8ths Irish'],255373,2007,False,,0.496,0.542,0.308,0.848,115.29899999999999
0OOP0E5SG02PBGb6PyQhb6,Ringing In My Head,['8-Foot Tender'],172240,2005,False,,0.24,0.643,0.513,0.617,165.498
6ISFLSR5G64N5fFbf5x7z9,You Lose,['8-Foot Tender'],149680,2005,False,,0.311,0.867,0.7,0.733,169.363
7fYONl5eQJI8jIIV0AYJiS,Take It Away,['8-Foot Tender'],209813,2005,False,,0.379,0.639,0.642,0.621,160.68200000000004
2ldnB2kp1zkIMbztquV0kE,Escorts By Ian,['8-Foot Tender'],252507,2005,False,,0.426,0.8270000000000001,0.469,0.41,131.569
6O4mOrbWdXKDOEIRXrk4Wz,The Governess,['8-Foot Tender'],180360,2005,False,,0.613,0.21600000000000005,0.8640000000000001,0.7440000000000001,103.27799999999999
4KM8WSpQI8jLfbNCDq3Cs0,Carbonized,['8-Foot Tender'],223547,2005,False,,0.387,0.81,0.461,0.41600000000000004,94.988
1aL6Yf5HsXBN6zGGCVYuXA,Diq Banger,['8-Foot Tender'],146040,2005,False,,0.345,0.828,0.882,0.655,162.793
6j6ZPuL6dmqczuDun6Nlv6,Mini Van,['8-Foot Tender'],168600,2005,False,,0.75,0.273,0.040999999999999995,0.743,129.53799999999998
1PooNU3ClQsh0B01TfVI2a,Too Much Coffee,['8-Foot Tender'],174827,2005,False,,0.301,0.992,0.613,0.105,99.669
6SiS089nv2Ny6aKbFhKSw0,Wing Dip,['8-Foot Tender'],184533,2005,False,,0.4320000000000001,0.82,0.39899999999999997,0.82,166.261
5JNeV8D0whorguWCXCSFXH,Stoke Chick,['8-Foot Tender'],176347,2005,False,,0.596,0.9059999999999999,0.506,0.8240000000000001,106.055
7FQq6W4EnV2FVE2FHzuQiD,Hey Nixon,['8-Foot Tender'],202387,2005,False,,0.247,0.934,0.579,0.556,171.99099999999999
3YkWRfBvLoF05Vgw0smTt3,Valentinze Day,['8-Foot Tender'],78133,2005,False,,0.436,0.26,0.9890000000000001,0.45,148.69299999999996
3dWp8pfXbzvLPXBAbSVE7k,Worthless,['8-Foot Tender'],132933,2005,False,,0.28300000000000003,0.867,0.218,0.46,104.714
61JbSziyOag82cKYJ1s4Qn,8.a Present 8.b Absent,['AGF'],83000,2008,False,,0.418,0.0168,0.0006730000000000001,0.354,101.59700000000001
5jGqnRPQUyNB848taRutvo,80s Baby,['Nomix'],240024,2020,True,,0.8059999999999999,0.746,0.46299999999999997,0.6779999999999999,120.07
1eYyfFDQJGRhQ55jlbtqrG,85/Billy Dee Interlude,['Youngbloodz'],269693,1999,True,,0.7929999999999999,0.596,0.0303,0.708,82.113
6rLsGZqzApWq26MX3htRIY,87 Fleetwood,['Youngbloodz'],250467,1999,True,,0.9009999999999999,0.6,0.0229,0.5529999999999999,91.053
75sGiFBtqH9QaFpbeJpACy,8 ss.rd.mk,['Gate'],527147,2009,False,,0.0947,0.998,0.711,0.0229,88.514
2UhFRdeodzSC4tOneCXHWd,"AREA 88 - Flesh, Nails & Razorblades",['AREA88'],414600,1998,False,,0.634,0.743,0.00224,0.653,149.977
2ssSGIG0rPW3G4zdJSqG3e,Spirit of Vampyros Lesbos - Minus 8 Rmx,['Minus 8'],314693,1998,False,,0.759,0.595,0.00566,0.48200000000000004,121.986
6zdOLGhK6c6OcFn41fXgRy,8th Deadly Sin,['Ark'],302867,2010,False,,0.51,0.769,0.5670000000000001,0.618,81.988
3p8DZMk20yKOKNr0B1CKaf,Verbal Kint,['Link 80'],120053,1997,False,,0.574,0.93,0.0697,0.8420000000000001,95.915
7nCnIsM6dPyMCGVni0aGYd,Nothing Left,['Link 80'],121013,1997,False,,0.326,0.946,0.00043200000000000004,0.7759999999999999,98.257
7hj3q8FFacLWldeex2DT8a,Enough,['Link 80'],141347,1997,False,,0.38,0.9179999999999999,0.0217,0.7390000000000001,98.911
7c4jl4W9Xnjsj2yt99lmzE,Pretty Girls,['Link 80'],93573,1997,False,,0.261,0.932,0.0216,0.899,183.72
3sbWiWDo0ITmXUYIkJPmXh,Jeff Acres,['Link 80'],69867,1997,False,,0.354,0.993,0.00441,0.158,96.57799999999999
36E4RgujkFrn0crSXQXkw8,Screwed,['Link 80'],116267,1997,False,,0.376,0.8590000000000001,0.00778,0.899,94.04700000000001
4X3S48rg7sV7bHSxbrb4lo,Termination,['Link 80'],83040,1997,False,,0.499,0.983,0.037000000000000005,0.29,97.902
0LRjT6McgLSNK0TplxXfcC,Turn It Around,['Link 80'],103680,1997,False,,0.386,0.759,0.0283,0.885,156.736
5q7Drt8AVfVJsJf6kriFc8,What Can I Do?,['Link 80'],174720,1997,False,,0.322,0.97,0.00403,0.255,100.434
7gmXnr2Hh17BCO5DDxVO5x,Up To The Top,['Link 80'],93053,1997,False,,0.49,0.953,0.131,0.9209999999999999,116.164
0S4uQieE73QWgRyz9GvdcS,Dimestore Hoods,['Link 80'],97280,1997,False,,0.479,0.945,0.00195,0.563,99.355
7lZsKQ9U7yZo5xwHzUOzmn,Slap,['Link 80'],76200,1997,False,,0.361,0.995,0.00047000000000000004,0.732,94.69200000000001
3uJlNGTGH1Ww0n3JVp8YTh,Dance Floor,['Link 80'],128187,1997,False,,0.314,0.951,0.006370000000000001,0.799,104.15100000000001
3N7uWjqS3y28EfkenMcDCS,Looking Back,['Link 80'],96920,1997,False,,0.34,0.972,0.00014,0.597,98.624
1qpfiAHMmFRpElRom9Bkq5,Nowhere Fast,['Link 80'],141387,1997,False,,0.369,0.977,0.00344,0.882,157.01
5Orap8ft0wpwHQ4hQmnhMA,Jenifer's Cafe,['Link 80'],134840,1997,False,,0.49,0.8640000000000001,0.000986,0.835,92.024
4GQL2eELJCQsGyPgu4keW6,Burning Down,['Link 80'],713560,1997,False,,0.308,2.0300000000000002e-05,0.00221,0.19399999999999998,98.916
0CqQYSk9S1xNl2XW1OFbuw,Deck the Halls (Nos Galan),['8 Bit Weapon & Computeher'],114013,2009,False,,0.628,0.782,0.439,0.897,120.035
0RTxwXYB7DSYAcaR3bjtMr,Hanukkah (Festival of Lights),['8 Bit Weapon & Computeher'],63253,2009,False,,0.623,0.522,0.013000000000000001,0.728,115.007
1yKQ6P1hvugJMQG8O1KmWk,O Christmas Tree (O Tannenbaum),['8 Bit Weapon & Computeher'],93653,2009,False,,0.82,0.38799999999999996,0.17300000000000001,0.972,100.03299999999999
6KHMjwaVaXRlAc55PsjYio,Jingle Bells,['8 Bit Weapon & Computeher'],76653,2009,False,,0.725,0.626,0.075,0.11599999999999999,99.94200000000001
5jlYtOc1lSIHoYsGbDTKwc,Joy to the World,['8 Bit Weapon & Computeher'],131493,2009,False,,0.518,0.802,0.19699999999999998,0.647,120.04299999999999
0iiUgMK3AiYlSNUAly2aLX,Greensleeves (What Child Is This),['8 Bit Weapon & Computeher'],113613,2009,False,,0.34299999999999997,0.24100000000000002,0.309,0.284,122.802
7sRetPZ6MdxFae1kj6TStG,God Rest Ye Merry Gentlemen,['8 Bit Weapon & Computeher'],135107,2009,False,,0.377,0.355,0.945,0.48200000000000004,200.042
61MOGeaBYg0qydwMw94VlB,Ave Maria (Well-Tempered Clavier),['8 Bit Weapon & Computeher'],205720,2009,False,,0.245,0.755,0.00182,0.0673,210.50400000000002
4TyJ19Kcepvxoef66r8ael,Enter The Temple,['Temple 8'],394587,2003,False,,0.381,0.809,4.320000000000001e-05,0.44,137.04
01aGqxljdCDlkYh4GTgO7u,Ideas Of The Mind,['Temple 8'],314867,2003,False,,0.42200000000000004,0.963,0.00234,0.39299999999999996,143.875
35Bxhqmgbjms96UHHQFCGU,Confessions Of An Old Soul (Part II),['Temple 8'],300760,2003,False,,0.485,0.5870000000000001,0.39299999999999996,0.462,100.741
5szRzD6ZShKxiItaDw8jXT,Tfel Nrut,['Temple 8'],8280,2003,False,,0.0,0.706,0.684,0.0,0.0
3fMR0H4An1iAfhr1tt4bsA,Turn Left,['Temple 8'],336600,2003,False,,0.516,0.841,0.00020800000000000001,0.628,152.114
1GtEmBOVdATMOBCJ1DUh3Y,At The Summit,['Temple 8'],433813,2003,False,,0.311,0.731,0.00151,0.18600000000000005,125.956
3vybmKd56H0ibnVPgBbuet,Danger Zone,['Temple 8'],192773,2003,False,,0.501,0.904,0.00212,0.319,125.979
5Oe6SIWpLxUAA7du5JJNSl,The Big Picture,['Temple 8'],540507,2003,False,,0.34,0.867,0.000304,0.402,93.804
79n2rkHliZMUvYSX0S2HOj,Tension,['Temple 8'],130293,2003,False,,0.106,0.0329,0.991,0.0822,83.97
1hYA273oSsmUUIrK9ItQF1,It's Alright,['Temple 8'],310067,2003,False,,0.4320000000000001,0.9179999999999999,3.19e-05,0.508,137.004
4jH7rIX6UQ5C0DcYnFn3XI,Confessions Of An Old Soul (Part I),['Temple 8'],319040,2003,False,,0.498,0.528,0.0515,0.405,100.70200000000001
57IQrWLgDnEl2alRriyHKl,Hope,['Temple 8'],494973,2003,False,,0.568,0.521,0.0037,0.0567,131.922
76PSv3kkDr8V6go6m68b5n,8eta,['RustD0ggy'],182349,2017,False,,0.7909999999999999,0.639,0.00128,0.966,127.995
0kHnzY4yctyyKBYEnwEFpQ,Glass Breakers,"['8 Bold Souls (Ft. Edward Wilkerson, Jr.)', 'Edward Wilkerson, Jr.']",642333,2006,False,,0.488,0.231,0.7240000000000001,0.184,108.22399999999999
5YtpWvM8sxQd3bTY7jUZsi,Sideshow,"['8 Bold Souls (Ft. Edward Wilkerson, Jr.)', 'Edward Wilkerson, Jr.']",789800,2006,False,,0.499,0.109,0.564,0.191,122.927
6tyvxHDl1UP8YP9nLYYF4q,Light On The Path,"['8 Bold Souls (Ft. Edward Wilkerson, Jr.)', 'Edward Wilkerson, Jr.']",482267,2006,False,,0.485,0.0629,0.747,0.45899999999999996,95.49700000000001
420Hptwo28hrjgYuRoAsNN,Half Life,"['8 Bold Souls (Ft. Edward Wilkerson, Jr.)', 'Edward Wilkerson, Jr.']",532067,2006,False,,0.475,0.254,0.315,0.376,127.395
2goKYfjcl9O46LYuNhzrQC,A Little Encouragement,"['8 Bold Souls (Ft. Edward Wilkerson, Jr.)', 'Edward Wilkerson, Jr.']",569067,2006,False,,0.511,0.171,0.787,0.5920000000000001,131.055
6CpXoJj3yKiqNBYtIRcLBx,The Corner Of Walk And Don't Walk,"['8 Bold Souls (Ft. Edward Wilkerson, Jr.)', 'Edward Wilkerson, Jr.']",612467,2006,False,,0.607,0.207,0.853,0.735,136.59
0M85YViOmvzyGiaDptfZPO,Furthest From My Mind,"['8 Bold Souls (Ft. Edward Wilkerson, Jr.)', 'Edward Wilkerson, Jr.']",575627,2006,False,,0.526,0.126,0.8059999999999999,0.33899999999999997,78.818
5BveOr81kLh1aTg3Bpof0o,The Big Dig,"['8 Bold Souls (Ft. Edward Wilkerson, Jr.)', 'Edward Wilkerson, Jr.']",502200,2006,False,,0.521,0.21100000000000002,0.255,0.53,172.84900000000005
7MPfYXL56Y5ajFe6QkqaY7,It Takes All Kinds,['8889'],238027,2005,False,,0.519,0.401,0.442,0.128,113.537
6ukX4lXN5KnNYCABMbHkpR,808 Dreams,['VAPERROR'],162207,2014,False,,0.764,0.705,0.009000000000000001,0.754,145.017
5Z5syv0D2pdtZ7J4oN1UUI,80qm,['ABS'],209693,2001,False,,0.574,0.508,0.00512,0.556,176.084
6iPJqQBwXpGGt3IVPrDP0G,8th Street,['Bellwether'],174000,2000,False,,0.41100000000000003,0.866,0.027999999999999997,0.8370000000000001,148.017
6mucHJ47aEhnuqA9c6uVGk,Think You Broke My Heart,['The 88'],225653,2010,False,,0.45399999999999996,0.7609999999999999,0.00364,0.493,168.178
0DBULOZ3Cukhb2aZXzbzEH,If Anyone Should Call,['The 88'],173627,2010,False,,0.6990000000000001,0.765,0.0858,0.951,110.06
0k6Mok7k3dqTLH3t0vO1f8,I've Got A Name,['The 88'],222800,2010,False,,0.486,0.172,0.276,0.28600000000000003,97.90100000000001
3n5xu91qENpC9HnDXtcNRi,No One Here,['The 88'],272800,2010,False,,0.556,0.0458,0.9890000000000001,0.184,84.775
6UC5ATw9FiZ36rMoTFqAXz,Not That Bad,['The 88'],285440,2010,False,,0.439,0.64,0.024,0.249,158.855
2kZSYpX6uUxcnbNH0OBrx4,Better Than Shit,['Link 80'],146467,1997,False,,0.5429999999999999,0.828,0.000212,0.919,113.98700000000001
3YUjQOyZIoOPqyHR3lOepz,Packing Up,['Link 80'],181667,1997,False,,0.446,0.943,0.000125,0.488,112.98
19rcfu8PWLGGRGLqp6Ak4V,No Such Thing,['Link 80'],103333,1997,False,,0.32299999999999995,0.856,9.240000000000001e-05,0.782,108.361
1X6Df9EyORAH4kfivG3cbu,Kind Of...,['Link 80'],132160,1997,False,,0.56,0.684,0.0187,0.8079999999999999,102.07700000000001
4eFnn75u00zQESmt1kWjdz,The Truth Of It,['Link 80'],107040,1997,False,,0.34,0.865,0.00101,0.5870000000000001,107.876
4KB6rjKTwsEBRqKjs1ml7D,El Stupido (No Quiero Vomitar),['Link 80'],67667,1997,False,,0.40299999999999997,0.727,0.0372,0.872,101.54
2U0WjQ5tg53xFGnEQlBEtE,Nothing Left,['Link 80'],107493,1997,False,,0.311,0.958,0.005220000000000001,0.5,111.59700000000001
4845xWV3jPu6W5ygYT4W6R,For What It's Worth,['Link 80'],144707,1997,False,,0.423,0.47700000000000004,0.402,0.302,106.50200000000001
6lcjz0F4M7Ff9DBh0aMK7n,Termination - Live,['Link 80'],102867,1997,False,,0.22399999999999998,0.885,0.0046,0.331,187.57299999999998
3R7vrm2yIn4uA5VhENFzku,Up To The Top - Live,['Link 80'],96800,1997,False,,0.259,0.97,0.00105,0.488,89.834
0spt6vpEmZkIHjZNNo47tg,Jeff Acree - Live,['Link 80'],70067,1997,False,,0.12,0.9490000000000001,0.00018999999999999998,0.436,173.107
1Aqr0QJlf6WQuEo6G2u63f,8eeZ,['Dominion'],263522,2012,False,,0.634,0.6970000000000001,0.00035,0.335,125.044
0ePItyVLXNqiPR14vOZwIx,Odyssey,['8 Bold Souls'],738147,2000,False,,0.413,0.152,0.674,0.136,114.70100000000001
5Sg2eHxBNcWLLlwriXMGaY,Third One Smiles,['8 Bold Souls'],483200,2000,False,,0.55,0.433,0.737,0.741,127.23299999999999
32pePlqRm7sprC9g2EPZiG,Last Option,['8 Bold Souls'],477360,2000,False,,0.498,0.67,0.322,0.387,122.318
1ZCvO3UWc1GK30zisG9mqD,The Art of Tea,['8 Bold Souls'],457893,2000,False,,0.217,0.16399999999999998,0.903,0.114,91.152
5e6Nl2bdDs2aRrzIpamngn,Pachinko,['8 Bold Souls'],410280,2000,False,,0.526,0.706,0.502,0.44299999999999995,114.85600000000001
0U2gQ1nMqJ99CBb9CcqWZp,Gang of Four,['8 Bold Souls'],557493,2000,False,,0.40399999999999997,0.281,0.826,0.28600000000000003,95.887
5mzzcCNSsRS3yov1Nni9rr,Brown Town,['8 Bold Souls'],520333,2000,False,,0.49,0.6409999999999999,0.237,0.765,95.60600000000001
3i3XwvrLZ74c97On7g2VkK,"Fall, Goliath, Fall",['Project 86'],260965,2012,False,,0.573,0.831,0.000754,0.56,125.82
3h4Lzb1yc2TvHzrlXAmEor,SOTS (feat. Bruce Fitzhugh),"['Project 86', 'Bruce Fitzhugh']",199837,2012,False,,0.415,0.922,3.18e-05,0.4970000000000001,142.862
2kUYb4SzxHcnFPptsAZ5Ty,Omerta's Sons,['Project 86'],215226,2012,False,,0.512,0.882,2.09e-05,0.594,108.007
3HIZ8YWD6ig4hesoQzfOtV,Off the Grid,['Project 86'],178952,2012,False,,0.531,0.878,6.01e-05,0.633,130.013
3nUDFk51pfvB46aLzd5GUo,New Transmission,['Project 86'],190417,2012,False,,0.522,0.9059999999999999,0.000143,0.7659999999999999,129.033
0McmxeUHk8LtKebtgQeJKM,Defector,['Project 86'],220831,2012,False,,0.48700000000000004,0.79,1.86e-05,0.131,120.06700000000001
0PdxksgHTpKdt2OUWXnUy9,"The Crossfire Gambit (feat. Brian ""Head"" Welch)","['Project 86', 'Brian ""Head"" Welch']",198500,2012,False,,0.395,0.934,2.36e-06,0.517,89.98700000000002
2YqydqzthINwq26SMrnJ6c,Blood Moon,['Project 86'],250075,2012,False,,0.51,0.626,0.019,0.282,134.016
045258Lpo3PSdx2R7qBQqW,Above the Desert Sea,['Project 86'],254500,2012,False,,0.513,0.8170000000000001,0.011000000000000001,0.311,80.008
6K7WFGtdco2vCj5GLsX6BM,Ghosts of Easter Rising,['Project 86'],225873,2012,False,,0.5710000000000001,0.816,2.34e-05,0.363,104.029
0yy6AcAf0wrDbhnK1SpTbF,Avalantia,['Project 86'],257709,2012,False,,0.41700000000000004,0.83,8.51e-06,0.62,152.076
7aaz84Qvw8ZzqUHuGGH78k,Take the Hill,['Project 86'],309371,2012,False,,0.507,0.75,0.00117,0.305,140.05100000000002
2cEqoCupADr0o6HIVBEF40,Wait for the Siren,['Project 86'],131115,2012,False,,0.182,0.565,7.93e-06,0.325,97.874
75fN46NcJNI5eXxERLRzoh,8 Circles,['Pry'],291674,2012,False,,0.415,0.797,0.00689,0.578,170.123
1xYR0s9rTN8GTXMslldh0o,Mirage (Single Mix),['TRS-80'],319657,2013,False,,0.256,0.8290000000000001,0.00224,0.193,65.194
6flqTPKxZj8ePiLmmKLbhB,Dream Sequence (Single Mix),['TRS-80'],405413,2013,False,,0.594,0.6709999999999999,0.00213,0.247,154.028
2dXk3060ol6rG8YggmTpkT,Turn A Corner,['TRS-80'],285770,2012,False,,0.7390000000000001,0.9570000000000001,0.0013,0.537,119.92
11IFLkktZnWnZHf5dXF1AV,Get Throw’d (feat. 816 Boyz),"['Krizz Kaliko', '816 Boyz']",277178,2012,True,,0.94,0.722,0.0669,0.8640000000000001,131.996
6aaAWjuBL54ajwEz2ujFF2,848,['Boycott Blues'],182840,2009,False,,0.43,0.722,0.00172,0.265,83.772
5UbPGBO2toIBY08ZdQiCSE,Intro,['83'],38933,2009,False,,0.797,0.853,0.435,0.725,98.03200000000001
3qxbOR909DPbeCaqWJ57wH,Y'en a qui disent,['83'],173360,2009,False,,0.924,0.5479999999999999,0.0131,0.9570000000000001,98.056
5dytK0DJLs8vvUNxaoPQAx,J'suis comme j'suis,['83'],236067,2009,False,,0.899,0.7040000000000001,0.019,0.8190000000000001,97.99600000000001
2p3pQOSvQErqkV6EBs9LfL,J'fais c'que j'peux,['83'],250400,2009,False,,0.868,0.735,0.0171,0.907,96.98899999999999
4bvL0WQK0op347If69QLCM,La vraie vie (intro),['83'],28307,2009,False,,0.8809999999999999,0.19699999999999998,0.0475,0.512,67.999
4Wpqp3dyQoY5CKd6MU69QB,La vraie vie,['83'],225133,2009,False,,0.905,0.606,0.087,0.736,98.008
6mMkMyDqh3WayuqpJPIP9V,Straight like dat,['83'],201760,2009,False,,0.9079999999999999,0.792,0.0808,0.9640000000000001,96.086
5deeVRl1OuQMnCx6uTaHP5,Québec gold,['83'],210107,2009,False,,0.9390000000000001,0.7,0.111,0.9540000000000001,95.991
6QWgXzkOEEhWwJoXcNYas1,10 juin 2001,['83'],179960,2009,False,,0.782,0.769,0.174,0.48,97.065
5kl4m8dJIgqCSy1tIi8jKK,Les choses changent (feat. Fra-k et J.-P.),"['83', 'Fra-k et J.-P.']",267040,2009,False,,0.945,0.669,0.138,0.7859999999999999,102.00200000000001
6CaBaVsRcHJNKHm36Qlepf,100% hip hop,['83'],259200,2009,False,,0.877,0.693,0.0383,0.893,99.973
4kkBjKziM83jHvPlT6tUIm,Toujours le meme genre,['83'],196627,2009,False,,0.932,0.639,0.0122,0.9359999999999999,97.98700000000001
7KAkd8WCuoErKEBlYAXitk,Flashback,['83'],184733,2009,False,,0.693,0.738,0.0238,0.617,97.206
35csZXYUlCUORyR3xkreza,La pression,['83'],178800,2009,False,,0.752,0.623,0.11699999999999999,0.818,196.019
2JTxTnRyxSpQsvxHp3HeHK,Icitte,['83'],244107,2009,False,,0.894,0.48200000000000004,0.0104,0.8540000000000001,96.516
3EJAmvtGwk1AmvQStjkH1M,8-3-1-3 (feat. 13e étage),"['83', '13e étage']",290693,2009,False,,0.706,0.8059999999999999,0.0525,0.807,96.999
5y2StnjVj0jYjCtFJLGPOB,C'est le temps d'y aller,['83'],209933,2009,False,,0.765,0.9009999999999999,0.175,0.6629999999999999,97.729
6L2b22xkavlwWZ1jRSPdcg,Plan de cour,['83'],29133,2009,False,,0.804,0.488,0.14,0.763,77.08
0wWm1MNm24jhZ6C22IsPN9,Chek ça,['83'],189960,2009,False,,0.857,0.662,0.0573,0.7190000000000001,96.96700000000001
1k8iscWVRtQ4vakKmAlxIP,Bounce avec le 83,['83'],198373,2009,False,,0.7659999999999999,0.517,0.00747,0.9159999999999999,195.916
0w4STm33PEP3LwSSHTy4q7,Leçon 1,['83'],29227,2009,False,,0.71,0.384,0.0281,0.792,77.66
0ch7LlsZANkuYdAEYfh4gA,Hot ishh remix,['83'],217800,2009,False,,0.937,0.7659999999999999,0.0165,0.9490000000000001,96.979
3Nizxjn5ZImwsTs0X0RuAE,4-1-8-3,['83'],222973,2009,False,,0.838,0.5660000000000001,0.0954,0.754,98.01899999999999
03NJnEnjV2rHsj2SUNkxwJ,Leçon 2,['83'],29133,2009,False,,0.8240000000000001,0.4370000000000001,0.0941,0.8859999999999999,78.612
29OZ54Zl8UHk69zbhuFNaA,La charge,['83'],239333,2009,False,,0.858,0.588,0.0128,0.7,98.022
4hfcJBT38ZlkRC8B18FDoJ,Haut de gamme,['83'],188867,2009,False,,0.774,0.599,0.0181,0.763,97.868
0HH25Q6d5V3mv9Q2TxaJZL,Leçon 3,['83'],29293,2009,False,,0.6940000000000001,0.522,0.184,0.753,80.417
0fT1Ssum9N8JffH7HYfr6R,Appel local,['83'],178133,2009,False,,0.847,0.7509999999999999,0.228,0.653,98.079
0OGtUDTU3SuluQWeipefq5,Profession MC,['83'],183600,2009,False,,0.909,0.705,0.436,0.632,95.961
7tWieEP2DSlzenEfmlk4vM,Leçon 4,['83'],29107,2009,False,,0.6509999999999999,0.39799999999999996,0.0188,0.9009999999999999,153.91299999999995
2AHlRLKPHWfsX2FT4An2HZ,83,['83'],234493,2009,False,,0.8270000000000001,0.6970000000000001,0.29,0.7120000000000001,97.87200000000001
5S4VHF5mey3RpeLOaOSMP4,Graduation,['83'],29373,2009,False,,0.721,0.413,0.0903,0.8340000000000001,75.794
0adHsmYRJ40jw6EojXjNCF,XXL,['83'],219760,2009,False,,0.935,0.7040000000000001,0.11,0.682,98.807
4L82BKDQBgBQoq4xtN6pEO,81st Crowd Confusion,['WITCH'],227947,2011,False,,0.38,0.642,0.5329999999999999,0.7859999999999999,182.65200000000002
66QTH0YUu1AYij92ZGnhTK,Pure Funk,['1.8.7'],424720,1999,False,,0.659,0.865,0.000542,0.91,182.80900000000003
5bfguVP30zRwgxpaQHcEYs,Unite Remix,['1.8.7'],528493,1999,False,,0.655,0.8959999999999999,0.00503,0.45,91.39
6RO6AVTyXnwX8cwISf5HDp,The Player Way (feat. 8Ball & MJG),"['Mase', '8Ball', 'MJG']",253693,1997,True,,0.892,0.63,0.0108,0.536,91.895
5FRxg22kQXEYoIYciAn5JQ,The Player Way (feat. 8Ball & MJG),"['Mase', '8Ball', 'MJG']",253800,1997,False,,0.8959999999999999,0.631,0.009059999999999999,0.507,91.89299999999999
0m3Qanyre7RWaIZTckmEre,Moon Patrol,['TRS-80'],408439,2014,False,,0.483,0.748,0.00519,0.434,147.995
2pfbLONhTErAmdKiRsw3kz,Dub Matrix,['TRS-80'],246256,2014,False,,0.728,0.585,0.0159,0.336,90.02
7rAF8HC07p0nhMHe4su2YM,100 Miles Per Hour,['TRS-80'],366099,2014,False,,0.373,0.539,0.0387,0.0392,99.95100000000001
6dLRumeHm5q5THfX5hOaD6,Trap Set,['TRS-80'],276501,2014,False,,0.36200000000000004,0.907,0.187,0.0704,179.574
6QcAVHDiGf4mJ0BWmuxni8,Motion Detector,['TRS-80'],306417,2014,False,,0.494,0.983,0.0481,0.39799999999999996,156.003
2vDfLODVxXM7Ggr6PWQgJA,"5000 Lbs of Thrust (12"" Mix)",['TRS-80'],583278,2014,False,,0.7559999999999999,0.677,0.0785,0.231,154.02
6gq9vGWtIXtpBfwmKtovVD,Naturescent,['TRS-80'],263996,2014,False,,0.665,0.953,0.0771,0.715,156.006
7rOV7yFCrEgc1UeAeTQvJl,White on Green,['TRS-80'],223623,2014,False,,0.595,0.6859999999999999,0.00746,0.231,180.07299999999995
5h3vKEZ2H9B69nJmw9fn5O,Mt830+,['TRS-80'],300513,2014,False,,0.524,0.664,0.10800000000000001,0.4970000000000001,180.04
4GPY9ES35PogK2v0t9Duxw,The Biz (Filthy Rich),['TRS-80'],213511,2014,True,,0.775,0.83,0.0033799999999999998,0.358,131.018
4BkppBgC6RWMgdRGrxm6ZB,Formula '71,['TRS-80'],245079,2014,False,,0.5579999999999999,0.828,0.20600000000000002,0.45799999999999996,155.718
0GGHZbxkxtBp99dRkGbSpc,Naturescent (Wood Paneling Mix),['TRS-80'],460616,2014,False,,0.708,0.774,0.0718,0.898,156.003
0KHN6QJWnUX1Wqr75RtjE0,8 Seconds of Fury,['Fornicator'],18787,2002,True,,0.251,0.975,0.00479,0.114,122.666
0V0wX7YH22R2u9dRNdBOYJ,It's Going Down,"['8Ball', 'MJG']",294867,2010,True,,0.7929999999999999,0.556,0.00135,0.0507,120.23
2t9hD0PZuUTvGvy5Lq2t3R,Bring It Back,"['8Ball', 'MJG']",240720,2010,True,,0.871,0.503,0.49,0.6779999999999999,156.033
7dvPRvP3ED2lwKBY6aG4JD,I Don't Give A F***,"['8Ball', 'MJG']",276053,2010,True,,0.912,0.655,0.00716,0.8059999999999999,87.75399999999998
4WUl9B0AO1xnUlBsDyQ29W,Ten Toes Down,['8Ball & MJG'],284960,2010,True,,0.752,0.909,0.0058,0.633,130.72799999999998
1qliVwG2eY6qudpCzFdKgJ,F*** You Mean,"['8Ball', 'MJG']",261573,2010,True,,0.722,0.858,0.00932,0.9329999999999999,135.004
48QWVhIw3eH09Eo49O6OCE,We Come From,"['8Ball', 'MJG']",283440,2010,True,,0.688,0.836,0.0189,0.63,79.079
6JXFyQiIxPvHJvA1IkAtYn,She's So Fine,"['8Ball', 'MJG']",261840,2010,True,,0.5589999999999999,0.6920000000000001,0.0118,0.278,180.00099999999995
0uaqrUh4snZJReravGns8o,Grinding,"['8Ball', 'MJG']",257947,2010,True,,0.584,0.841,0.022000000000000002,0.373,160.064
1sbarNNFbwQ1RHAJ5EuClW,Spotlight,"['8Ball', 'MJG']",213867,2010,True,,0.71,0.847,0.0149,0.46299999999999997,128.959
3p2SdFwRjHMLcxAqGqK342,Right Now,"['8Ball', 'MJG']",389013,2010,True,,0.748,0.455,0.0774,0.6579999999999999,120.71600000000001
7yWhuZSyZOM99KsZzL8daO,What They Do,"['8Ball', 'MJG']",282547,2010,True,,0.484,0.736,0.0693,0.8290000000000001,179.357
1IENg6bO9iRniv9xGAx5I8,"Billy ""Truth Be Told""","['8Ball', 'MJG']",204200,2010,True,,0.713,0.77,0.0828,0.512,172.02900000000002
6CBxNLo7JvgfexIvv0y8kN,Life Goes On,"['8Ball', 'MJG']",321613,2010,True,,0.552,0.499,0.00893,0.313,122.089
1Wesv9R3xot49aEeFDTEYd,Still Remain,"['8Ball', 'MJG']",275947,2010,True,,0.737,0.8440000000000001,0.00266,0.317,136.55
43b1rQfi8RJbr4lmJHVnSq,Introduction N The Game,"['8Ball', 'MJG']",173467,2008,True,,0.619,0.56,0.595,0.7170000000000001,131.875
4uZ3hAyGiEhIMhR2e4MsOA,Pimp In My Own Rhyme,"['8Ball', 'MJG']",281627,2008,True,,0.599,0.863,0.00259,0.5329999999999999,84.41
2NPtpk1TeTJremkD1odhV6,Don't Flex,"['8Ball', 'MJG']",302227,2008,True,,0.8109999999999999,0.877,0.00439,0.685,157.664
1Q43zTSVrGPGwDptMYmRis,Paid Dues,"['8Ball', 'MJG', 'CeeLo Green']",298000,2008,True,,0.88,0.638,0.0529,0.599,123.98100000000001
3yoasyGvlcSiJyZqAGe73w,Friend Of Foe,"['8Ball', 'MJG']",385333,2008,True,,0.777,0.755,0.08199999999999999,0.6970000000000001,136.002
6AInrjUnWOkTomLgiB12nq,Space Age Pimpin',"['8Ball', 'MJG']",317947,2008,True,,0.599,0.805,0.171,0.537,150.003
3xVIfiKBjNPQiswQ0W8VA4,Sho'nuff,"['8Ball', 'MJG', 'Tela']",284200,2008,True,,0.7020000000000001,0.708,0.0416,0.45799999999999996,146.036
4iCyMZfyoaPSIhZldVZaZO,Just Like Candy,"['8Ball', 'MJG']",259493,2008,True,,0.6759999999999999,0.7190000000000001,0.0012900000000000001,0.39,94.96600000000001
3RIlXZ6MHcGc6nh2nv4snI,In The Middle Of The Night,"['8Ball', 'MJG']",312000,2008,True,,0.8390000000000001,0.8029999999999999,0.11900000000000001,0.8320000000000001,138.028
1OqnciTbRtzCCvJUY2K1t3,What Can I Do,"['8Ball', 'MJG']",315227,2008,True,,0.698,0.8009999999999999,0.00161,0.594,171.93099999999995
4xa4rQgw5HPOGHEFwbRZCP,Throw Your Hands Up,"['8Ball', 'MJG', 'OutKast']",322547,2008,True,,0.946,0.655,0.027000000000000003,0.262,98.584
2iCwqNzgXHrYWuUQc2qEs2,Starships And Rockets,"['8Ball', 'MJG']",253747,2008,True,,0.807,0.528,0.0234,0.516,172.062
1g7mMBlfJ7GZSScxVca3Se,The Artist Pays The Price,"['8Ball', 'MJG']",331107,2008,True,,0.6859999999999999,0.7070000000000001,0.11599999999999999,0.838,75.071
5FOagyooXQEkNWbp96g6Zd,Have U Been Ok,"['8Ball', 'MJG']",228480,2008,True,,0.7509999999999999,0.7090000000000001,0.0368,0.836,83.19200000000002
0noU3ezAK2lSiRoFbJTVF2,That Girl,"['8Ball', 'MJG']",285960,2008,True,,0.782,0.8590000000000001,0.0234,0.779,99.995
6dLBf3jykL4o6Fduw0zhb2,Lay It Down,"['8Ball', 'MJG']",257747,2008,True,,0.5770000000000001,0.785,0.0258,0.848,76.64399999999998
5Q81VPO43w6KV3jRUtCBrL,Long Distance Intro,['8Ball & MJG'],73707,1994,True,,0.622,0.44,0.20800000000000002,0.512,140.017
22Et5y9pK4GdtRs4PnN0ls,Lick'em Up Shot,['8Ball & MJG'],313333,1994,True,,0.753,0.705,0.168,0.5579999999999999,89.398
1SGGYeNJkBhGEqaXNEy2su,Crumbz 2 Brixx,['8Ball & MJG'],291533,1994,True,,0.6809999999999999,0.7120000000000001,0.0128,0.648,79.131
7MDKHLIAHqYNNaUeX15imH,Players Night Out,['8Ball & MJG'],268800,1994,True,,0.68,0.779,0.195,0.562,186.293
0kE0lFsNHcvHxJUxQiwYhJ,Sesshead Funk Junky,"['8Ball & MJG', 'MC Breed']",276400,1994,True,,0.845,0.802,0.28300000000000003,0.609,93.18299999999999
5DC4C1AAZgDuf1sKzPrG5X,So What U Sayin',['8Ball & MJG'],321827,1994,True,,0.727,0.6940000000000001,0.121,0.903,83.97200000000002
2htkKwJ2Ly7K900xhwsp5G,No Sellout,['8Ball & MJG'],300467,1994,True,,0.7909999999999999,0.7659999999999999,0.0274,0.755,164.31900000000005
5j0Cg4KiCIV5eNHdPvrBLH,Anotha Day In Tha Hood,['8Ball & MJG'],305307,1994,True,,0.754,0.684,0.156,0.752,83.11
16GuyXkosJcx3pDi2IHQ9I,No Mercy,['8Ball & MJG'],195693,1994,True,,0.8190000000000001,0.674,0.127,0.789,142.279
2zi5WV6kqQTd1cAVBPER0T,On Tha Outside Lookin' In,['8Ball & MJG'],152907,1994,True,,0.9159999999999999,0.941,0.389,0.9490000000000001,144.278
1c3ubysF2ajgCnSeeZvkOe,Break-A-Bitch College,['8Ball & MJG'],384467,1994,True,,0.871,0.6559999999999999,0.102,0.8140000000000001,134.25
4VeCg1rkHHiu1utqoNNUhH,Lay It Down,"['8Ball & MJG', 'CrimeBoss']",321693,1994,True,,0.823,0.5820000000000001,0.0177,0.278,166.253
6hD17bWM6Fpzbo9ADSKpU0,Lay It Down (Bonus Track) - DJ Screw remix,"['8Ball & MJG', 'CrimeBoss', 'DJ Screw']",412578,1994,True,,0.9009999999999999,0.586,0.0388,0.5329999999999999,129.256
6FqQgqUhpSYqLGg5d0VP96,8 Arms,['Big Bang Babies'],202707,2001,False,,0.602,0.701,0.0008060000000000001,0.885,102.50200000000001
0jYGcRqGIXEHVwShKH484l,8th House,['Astrodeath'],175536,2019,False,,0.278,0.9079999999999999,2.7699999999999996e-05,0.215,84.006
5abzasbBbp4tkUspA5u7j8,8 Km High,['Dump'],316760,2013,False,,0.24100000000000002,0.669,0.9520000000000001,0.257,114.64
325swDuxhZFTO7da7zc0gx,888,['SuperGiant'],310293,2008,False,,0.217,0.701,0.0015199999999999999,0.43799999999999994,74.236
6oq4VC1AfgRWtqy7O5eEfe,Human Nations - Radio Edit,['89ers'],195816,2009,False,,0.48700000000000004,0.945,0.00672,0.267,106.48
7ldf2ur3W9cvzR8pTTZpD6,Jump With Me - Radio Edit,['89ers'],190976,2009,False,,0.687,0.99,0.00299,0.584,74.999
4dbkGXFEo2e5zuhA8dgi3Y,Human Nations - Club Mix,['89ers'],296826,2009,False,,0.49,0.898,0.00398,0.152,129.846
6Rwa6jiYrdSCVGpVnwp9F8,Jump With Me - Club Mix,['89ers'],285831,2009,False,,0.5710000000000001,0.9890000000000001,0.0027300000000000002,0.41200000000000003,149.996
1swYvnftszYh8NR4208sp6,Human Nations - Greatest Deejay Remix Edit,['89ers'],209811,2009,False,,0.79,0.894,0.019,0.552,142.043
13qT8TP92nSYeYrfN4m7pw,Human Nations - Greatest Deejay Remix,['89ers'],330917,2009,False,,0.7759999999999999,0.878,0.00182,0.13,142.00799999999995
462mEClnbdlr0o3fTjYBd8,Jump With Me - Cavendish Remix Edit,['89ers'],176402,2009,False,,0.7040000000000001,0.953,0.009470000000000001,0.747,150.026
1bjoAT3ToJMVVczfGoAn4w,Jump With Me - Cavendish Remix,['89ers'],260291,2009,False,,0.76,0.852,0.00445,0.7440000000000001,150.049
4eE4cCKnABhRHOtZGEDYns,Slap,['Link 80'],79253,1996,False,,0.401,0.995,0.0004440000000000001,0.804,95.57799999999999
5wij0atKLjzYVbml91cDEt,Belly of the Streets,['Shady 8'],250880,2018,True,,0.5720000000000001,0.805,0.391,0.488,86.18799999999996
3J42StRvSU6BSKqjK00Ime,8月,['SCANDAL'],255613,2013,False,,0.55,0.69,0.0191,0.5770000000000001,129.016
21mEbDTDBu93OCsYLALAsQ,Prime Numbers,['TRS-80'],280497,2014,True,,0.34600000000000003,0.975,0.00792,0.174,139.941
5MulWXJj7Zv3yu8wNYVXBP,Winter and Construction,['TRS-80'],230147,2014,False,,0.631,0.888,0.368,0.575,119.55799999999999
6zej2uNmj3r220F8ldcLsE,Glass Lining,['TRS-80'],256187,2014,False,,0.484,0.696,0.47200000000000003,0.244,189.97
6rVCZ5X3FfkTVK2xFr7cFn,Time Leverage,['TRS-80'],191187,2014,False,,0.423,0.993,0.245,0.302,83.323
0OP1UgZaVFZxVfVMnwZ3iP,Trs-80 Fight Song,['TRS-80'],32613,2014,False,,0.6579999999999999,0.45,0.9940000000000001,0.657,92.296
4xpgT7y1EVYaYuIkLa5mzu,Cliff Evans,['TRS-80'],252973,2014,False,,0.45,0.981,0.687,0.0487,130.791
0ojY8xcYbNyUVQnBblbM6e,Air Mass,['TRS-80'],241320,2014,False,,0.716,0.732,0.644,0.32799999999999996,100.0
264kztkhH2kqR9Ind35yQO,Phantom Power,['TRS-80'],209827,2014,False,,0.239,0.972,0.0133,0.42,67.616
1rrkkGk5rTlEYRuPCaPba7,Translocated,['TRS-80'],249107,2014,False,,0.593,0.94,0.0292,0.314,105.91799999999999
6V1JHirx2PYV3ZXvXI1vTC,I Am Energy,['TRS-80'],378440,2014,False,,0.325,0.9129999999999999,7.53e-05,0.131,133.124
5cVkGXTAA5mOe1k1vGtIfO,Nylon,['TRS-80'],264027,2014,False,,0.612,0.955,0.389,0.231,100.088
2UJONFaacQaNN3IkpeOlOq,Ten Speed,['TRS-80'],281027,2014,False,,0.537,0.88,0.271,0.6829999999999999,117.184
1BlGN0Rv67v4Bd1hfv8EVR,8,['keeno'],281640,2015,False,,0.525,0.615,0.157,0.389,163.97299999999996
523slrz5T4xef27w2SlXTA,Lesson 89,['89 Skratch Gangstaz'],202133,2001,False,,0.627,0.8009999999999999,0.215,0.627,179.796
7jSRFJKNZEIE3tTqDSeQJ2,80's Medley: Octagon But Not Forgotten,['ApologetiX'],530515,2011,False,,0.5870000000000001,0.513,0.16699999999999998,0.602,126.28399999999999
2J6zrAQayNu69CKJ7tmI9L,8 Days,['Soulsec'],244840,2003,False,,0.418,0.9470000000000001,0.000588,0.408,116.124
4e1LSCbr4iNNmI7wYXfi13,Intro,['8Ball & MJG'],112067,1993,True,,0.868,0.5770000000000001,0.0225,0.45899999999999996,110.02799999999999
2d1qiSnmzS5jiAAss3Svbr,9 Little Millimeta Boys,['8Ball & MJG'],317827,1993,True,,0.8859999999999999,0.47100000000000003,0.000346,0.591,156.062
3wxsHW6Yh2MxYQB7Auklwy,The First Episode,['8Ball & MJG'],310787,1993,True,,0.774,0.6659999999999999,0.0033200000000000005,0.7959999999999999,78.96
3hFUm642RKc84AhOz4GKwW,Armed Robbery,['8Ball & MJG'],282067,1993,True,,0.7829999999999999,0.43799999999999994,0.00318,0.7809999999999999,89.921
1krOGaThAoYZZ2qKUuif4t,Pimps,['8Ball & MJG'],401827,1993,True,,0.845,0.5820000000000001,0.0293,0.574,152.072
4n3i8iYdTpOHUTf3BmGmaF,Comin' Out Hard,['8Ball & MJG'],270293,1993,True,,0.883,0.563,0.0518,0.743,86.90700000000002
28hioqqNRQD0izp6KOXpoH,Mr. Big,['8Ball & MJG'],353853,1993,True,,0.856,0.5,0.00458,0.389,155.863
1DLkcp909KGCHGx2sDAxSm,Nigga's Like Us,['8Ball & MJG'],286400,1993,True,,0.8759999999999999,0.606,0.0167,0.688,143.881
4StRAOZH2XWPhEoUKHFYZF,Pimps In The House,['8Ball & MJG'],198853,1993,True,,0.89,0.583,0.0279,0.179,149.938
4Htfrx75e4782AQZoBhV5y,Comin’ Out Hard (Bonus Track) - DJ Screw remix,"['8Ball & MJG', 'DJ Screw']",266136,1993,True,,0.535,0.33799999999999997,0.6559999999999999,0.44299999999999995,140.57
4mpE1ZV9RinmYUlblFylwR,Mr. Big (Bonus Track) - DJ Screw remix,"['8Ball & MJG', 'DJ Screw']",375798,1993,True,,0.9359999999999999,0.212,0.708,0.493,117.671
6L47qmT7mbALKShOQuUK4m,Put em up,['83'],217907,2009,False,,0.698,0.7440000000000001,0.0042,0.775,98.266
2dBCRbMZBISqgYaXw6HEmd,On sait jamais,['83'],207933,2009,False,,0.738,0.632,0.00359,0.858,97.876
4EZxhMzO6HQtHrVIPWRGZn,L'empire contre-attaque,['83'],251200,2004,False,,0.802,0.672,0.00322,0.726,96.929
2XHDSWuGi4SfXVPUe1m10t,Dans ma ville,['83'],298600,2004,False,,0.872,0.664,0.00139,0.6659999999999999,93.98700000000001
0qHlrFvRI0yIvf1IqBJ8ho,Let Loose,['83'],259467,2004,False,,0.836,0.693,0.0156,0.912,99.945
69f1lPmqf690sgw8NVRRod,Still Hustlin',['83'],243027,2004,False,,0.858,0.7090000000000001,0.0672,0.0918,100.505
5xKj65cM33m5UkF64rXKbB,The Good Old Dayz,['83'],222800,2004,False,,0.741,0.7070000000000001,0.1,0.6409999999999999,95.757
0lJCYbiH2pURACpP9ZNEwO,La vie est un One Way,['83'],240867,2004,False,,0.884,0.657,0.00443,0.562,96.98700000000001
2RpjcU7OK4eqMTGVRojciS,On parle des vraies choses,['83'],293573,2004,False,,0.715,0.838,0.0017399999999999998,0.405,93.015
5suc0ZC0oXCnmqBpBSjxZ5,Canox is Dead!,['83'],137200,2004,False,,0.733,0.626,8.55e-05,0.4370000000000001,96.556
6wy3A8myHXQk6NGaaByDDu,Sharp Shooter,['83'],74893,2004,False,,0.8170000000000001,0.752,0.0018,0.619,98.429
1bRAs3k525gpUw944GcW7g,Qu'est-ce tu dis d'ça?!?,['83'],236773,2004,False,,0.8590000000000001,0.731,0.00657,0.763,94.959
2SN2uI3bDcHdNTZtP4q0D9,2005,['83'],172360,2004,False,,0.679,0.8,0.0414,0.9440000000000001,97.904
037aa8crdG8CKVymNPMVnN,Le dernier chapitre - La chute,['83'],636333,2004,False,,0.8270000000000001,0.816,0.00775,0.21600000000000005,96.99
0Iws7Rf7dXgtMtdOeGtf3L,8 Bit Love Song,['Mikey Mason'],370000,2012,False,,0.42200000000000004,0.975,0.009770000000000001,0.47200000000000003,150.002
0Nt6GOlhyuMRt6lbGhCrel,Courage and Conviction,"[""Crazy 8's""]",241200,2009,False,,0.508,0.963,0.20199999999999999,0.573,135.111
1vAszofqM2EJGtgMHDcPx6,Law and Order,"[""Crazy 8's""]",442307,2009,False,,0.41700000000000004,0.9259999999999999,0.155,0.757,107.476
41OnFTXjnoXI2tMR1Qe793,First Strike,"[""Crazy 8's""]",443867,2009,False,,0.244,0.892,0.0241,0.8759999999999999,190.69
4jCtzF3ElEppnOWcEooDER,Walk Away,"[""Crazy 8's""]",233227,2009,False,,0.6659999999999999,0.8170000000000001,0.374,0.946,114.48
2q2jMCFlnAFe8pvNgB7tgV,Find Myself a Sunny Spot,"[""Crazy 8's""]",218840,2009,False,,0.607,0.9570000000000001,0.402,0.903,92.995
4byi9YfvcpcvwfGOoM9lsg,Main Things,"[""Crazy 8's""]",397667,2009,False,,0.5660000000000001,0.858,0.377,0.902,90.57
5c9JyXjhdQy6ABYSb5y41c,Rubber Bullets,"[""Crazy 8's""]",238627,2009,False,,0.5670000000000001,0.96,0.615,0.634,126.156
2ySfqoV3cV690fpWVBVUZm,Scratch and Claw,"[""Crazy 8's""]",415000,2009,False,,0.498,0.953,0.431,0.457,128.17600000000002
7kFXacOBV2Osf8qvzGPeRk,Don't You Really Wanna Know?,"[""Crazy 8's""]",312067,2009,False,,0.462,0.9209999999999999,0.23,0.753,91.2
3BluLDogPLhNb5wQhczwYa,Luv'll Find You,"[""Crazy 8's""]",274867,2009,False,,0.618,0.862,0.591,0.892,127.83
6tjTAmNZvDlwtmIPD18oeE,At the Beach,"[""Crazy 8's""]",254933,2009,False,,0.5,0.972,0.0777,0.684,122.501
3wvQYEwkuimXZZbbIP7fMk,Naked Party,"[""Crazy 8's""]",339907,2009,False,,0.601,0.941,0.21600000000000005,0.596,108.2
4XfS6t0e0XmgCtC7UVkJtN,Johnny Q,"[""Crazy 8's""]",263600,2009,False,,0.653,0.976,0.191,0.759,106.196
67QLbIB3zHoI00mrGXfOil,Gettin' It,"[""Crazy 8's""]",287867,2009,False,,0.519,0.9640000000000001,0.24,0.523,98.32600000000001
5T5KBDwo450BVue2GyKdke,The Key,"[""Crazy 8's""]",271040,2009,False,,0.633,0.9440000000000001,0.161,0.74,121.70700000000001
0X7CdbyQVoSOZ53xu1fmnu,Picture on My Wall,"[""Crazy 8's""]",242493,2009,False,,0.521,0.929,0.251,0.41600000000000004,122.083
68qPj41IYeYpit3Va5zj7Q,Fine Tunin',"[""Crazy 8's""]",207867,2009,False,,0.28,0.915,0.0419,0.8270000000000001,176.25099999999995
1EDx6UxjkaNdbnMy5zm1ch,Nervous in Suburbia,"[""Crazy 8's""]",469040,2009,False,,0.55,0.7609999999999999,0.0759,0.7240000000000001,114.963
184eoP4AnMnRYY4K7aaJqS,Bootyopolis,"[""Crazy 8's""]",262733,2009,False,,0.455,0.9309999999999999,0.0207,0.401,100.97399999999999
70xmvu4O7McsJYT2zwxiu5,"""Poetry Night""","[""Crazy 8's""]",57520,2009,False,,0.5870000000000001,0.375,0.7140000000000001,0.358,108.975
4Isv5UQg7os3bunHWTgnel,Knock Me Down,"[""Crazy 8's""]",382573,2009,False,,0.794,0.737,0.344,0.629,108.445
59FlKuwSEEbecR7HNF9qmj,Land of Bedlam,"[""Crazy 8's""]",259253,2009,False,,0.754,0.909,0.6609999999999999,0.7909999999999999,129.316
0HngAiEWeoby52y5DHn7Eg,Wake Up,"[""Crazy 8's""]",271760,2009,False,,0.675,0.85,0.188,0.51,121.291
1753h4cVJXLYnx6Upo1NME,She's a Mystery,"[""Crazy 8's""]",303760,2009,False,,0.5479999999999999,0.799,0.326,0.547,177.888
6LpcN61ZyW564CxwYg4cvo,Work of Beer,"[""Crazy 8's""]",186680,2009,False,,0.365,0.7709999999999999,0.40299999999999997,0.256,113.988
7kt10Ol9UctTKLX2ieyRbV,Johnny Q,"[""Crazy 8's""]",284280,2009,False,,0.5329999999999999,0.615,0.231,0.436,91.338
212Cx9qbg1kG3UWTpDGMoq,8 Liv Tilbage,['Karen'],259400,2000,False,,0.807,0.49,0.634,0.774,135.981
7DVta3GlwGR2vyehdorhPO,80's Technology (Suduaya Remix),['Suduaya'],522581,2013,False,,0.652,0.6679999999999999,0.00971,0.0392,124.0
5sIyffWyOvNvy3Zr2rrmrQ,841,['C418'],209000,2015,False,,0.263,0.133,0.685,0.0482,81.229
70LpT0zGjVdQdQTHNlKQST,Intro,['80H Project'],71185,2015,False,,0.511,0.387,0.16399999999999998,0.0966,89.794
6rRd5HpIFcwd6FEggzg6Tw,No Mistaking,['80H Project'],402339,2015,False,,0.603,0.5920000000000001,0.00689,0.466,90.104
1GoBpUR4ITG4idRvpkfLUQ,Possible,['80H Project'],240537,2015,False,,0.787,0.42200000000000004,0.32799999999999996,0.611,109.991
3VAfJobyBPt4DR41iTjGAm,Pop 101,['80H Project'],192785,2015,False,,0.489,0.294,0.804,0.649,109.90799999999999
7n6qoN7EXSCUe0eQiHZCgx,Meo Jam,['80H Project'],106790,2015,False,,0.358,0.535,0.125,0.0428,82.43799999999997
627QN7N1QFMR3OOvT4SuW5,Last Day,['80H Project'],202659,2015,False,,0.369,0.561,0.763,0.386,96.323
3s9WwRgj6IS5AZ1xDNRdCU,Sky Bound,['80H Project'],58463,2015,False,,0.574,0.688,0.0329,0.0391,110.07
7wh4Lcrh9rbcDVLF6Gkysq,Family,['80H Project'],200439,2015,False,,0.727,0.374,0.301,0.649,92.0
72dEj140g4rCnB7ltHzsy2,Just What You Needed,['80H Project'],85134,2015,False,,0.36200000000000004,0.581,0.24100000000000002,0.11,75.244
6EEqdjAZPcChvo4BtwvHZq,When the Clock,['80H Project'],278310,2015,False,,0.6859999999999999,0.40399999999999997,0.0173,0.22,112.15799999999999
7mqWEwtjcxoRycsBtmd5Lm,Hold,['80H Project'],170476,2015,False,,0.508,0.669,0.5589999999999999,0.5429999999999999,93.104
2hZVsXW788wDXwIFIMInta,Cry,['80H Project'],314698,2015,False,,0.45299999999999996,0.414,0.0665,0.18600000000000005,144.842
2Qf7uZagTRP7zPmEGXM7Jv,"Hello, Ladies and Gentlemen",['8BITches'],15467,2008,False,,0.809,0.715,0.7340000000000001,0.805,77.49
5aw0uPKcXjJV4fU62C4rtS,Astrogangsta,['8BITches'],159200,2008,False,,0.7979999999999999,0.828,0.0938,0.535,122.64
6OvqYqETpvNYMKrDpWOlr6,Gravemind,['8BITches'],269547,2008,False,,0.55,0.95,0.0421,0.295,173.187
4xaBLqvXNsHUZlr0VniLVy,Forward Crouch,['8BITches'],181120,2008,False,,0.866,0.7240000000000001,0.0117,0.818,108.855
61z18Zx5KeOAc3BRxx48NL,What Is Chip Hop?,['8BITches'],190307,2008,False,,0.662,0.625,0.648,0.47600000000000003,118.85700000000001
0fzGLx0oVLVktlznrnU7mP,Binary Bounce,['8BITches'],130800,2008,False,,0.9009999999999999,0.909,0.00281,0.6579999999999999,151.982
50HeiNgGC7aTQ5VClVlhXZ,Iec 5009,['8BITches'],339053,2008,False,,0.763,0.768,0.11599999999999999,0.8959999999999999,131.859
06s849PB44O18zdX2L9sC9,And Now...sinister Minister,['8BITches'],33333,2008,False,,0.672,0.8909999999999999,0.51,0.8340000000000001,95.661
0iJ3zLV32eJlzdoHIcR4nQ,Whatchu Doen 2nite?,['8BITches'],190107,2008,False,,0.94,0.9209999999999999,0.406,0.272,105.039
10UGRPQQR8gGsKqc5fKghP,Sector D: Error Code 458,['8BITches'],180000,2008,False,,0.8009999999999999,0.451,0.0662,0.495,89.531
5oqElkSfpZ3DjEiJuv92gt,Hooleh!,['8th Day'],214147,2014,False,,0.687,0.836,0.0112,0.765,108.939
5iPQS51Hcx4WJEkfe55lLR,Wait for You,['8th Day'],207960,2014,False,,0.7190000000000001,0.755,0.0366,0.787,103.191
4daxz5CxAecrIvHC3qtin6,Sing-Along Song,['8th Day'],215693,2014,False,,0.7190000000000001,0.474,0.69,0.594,79.598
0qE8wI3dkcr9RHX12rBDg2,Thank You,['8th Day'],280227,2014,False,,0.71,0.8079999999999999,0.237,0.782,94.00299999999999
3QAntq0Wsrv2pBKWrqr63C,Ker a Velt,['8th Day'],300120,2014,False,,0.593,0.732,0.188,0.621,143.991
4I2fao8waAvy2nZ8AAy808,Fighter (Soldiers of Light),['8th Day'],234440,2014,False,,0.84,0.93,0.0907,0.387,110.005
3Ss9JJvafLQk0gX2tEzz9F,Stay,['8th Day'],278413,2014,False,,0.5479999999999999,0.6890000000000001,0.187,0.322,146.066
6uoRDtbAh7LXL9nxO1RySJ,Freedom,['8th Day'],237720,2014,False,,0.636,0.531,0.027000000000000003,0.365,98.971
1oGAzfghiOHXeP6RQrbHU5,Royalty in Rhythm,['8th Day'],281253,2014,False,,0.5,0.5720000000000001,0.0651,0.5489999999999999,147.914
5VzxmpB5cESHGym5wwIJHy,Never Afraid,['8th Day'],239920,2014,False,,0.672,0.718,0.172,0.196,101.975
5mFzVniYWYUSVQHdFudCdh,Your Name,['8th Day'],337613,2014,False,,0.514,0.439,0.353,0.233,134.583
2MxgB96IGtdjr5EaicrUCb,Brooklyn,['8th Day'],236533,2007,False,,0.574,0.7709999999999999,0.141,0.82,154.924
070kiHZIipkh9BrtPAe5XJ,C.D.S.G.,['8th Day'],255360,2007,False,,0.6579999999999999,0.866,0.281,0.687,99.03299999999999
2fZzG4b3TZhtl07Xdpg1yJ,Been a Long Time,['8th Day'],296573,2007,False,,0.563,0.66,0.0173,0.6859999999999999,149.04399999999995
155c9YelhDlNeApDYCju1W,Don't Forget,['8th Day'],275813,2007,False,,0.564,0.7559999999999999,0.163,0.605,171.99
03I0d04Ev9UbOKT3xY1S1g,Wake Up,['8th Day'],258520,2007,False,,0.45,0.8909999999999999,0.0514,0.715,103.044
42IVhSzmhwrxF6ksZMCwXW,Krenitz (Babinyu),['8th Day'],311253,2007,False,,0.465,0.8270000000000001,0.36,0.701,93.0
1t4EdmXoeUsjHqhsrvMRmO,Broken Hearts,['8th Day'],313173,2007,False,,0.275,0.575,0.332,0.265,188.53599999999997
67SGKKpha81VCeQmcYpKEX,Cateye Glasses,['8th Day'],246893,2007,False,,0.654,0.731,0.149,0.623,121.081
6Zygae3dvv6OyxqrIOT8y6,In the Painting,['8th Day'],243360,2007,False,,0.465,0.6659999999999999,0.502,0.32,78.331
5Ow1sPvjZlwzvJldiH32j6,Instrumental,['8th Day'],282387,2007,False,,0.6759999999999999,0.758,0.0171,0.5870000000000001,108.07700000000001
5lRHVQllYON5SG4V02fMFK,Friends on a Hill,['8th Day'],241013,2007,False,,0.715,0.88,0.0862,0.721,119.98200000000001
2zFZ8fuRxJvPt7rOPBTeIA,Azamer,['8th Day'],256720,2007,False,,0.593,0.419,0.778,0.15,137.987
2j3JnRCIYvhhagSouq7oaj,Lama Balue,['8th Day'],270280,2005,False,,0.732,0.73,0.21100000000000002,0.48200000000000004,124.884
0xMCJTzXByioxrSZc7g4pv,Rain,['8th Day'],231600,2005,False,,0.56,0.413,0.105,0.32899999999999996,137.236
3b9zTzGZVbQSpeuC1uFMyK,Tracht Gut,['8th Day'],182040,2005,False,,0.5529999999999999,0.6459999999999999,0.0165,0.516,110.995
42gq3Fxk8RY7usnYlPOPEx,Yarmulkah,['8th Day'],216213,2005,False,,0.504,0.593,0.0279,0.63,110.02
7J6aDXXtfqH7BWpEjzzWWg,Furht a Yiddeleh,['8th Day'],232133,2005,False,,0.608,0.40399999999999997,0.501,0.281,145.086
4XRrFGvHNgfJa8rn9Y6TK7,Bar Yochai,['8th Day'],267747,2005,False,,0.6920000000000001,0.6459999999999999,0.114,0.659,93.025
2wnUL0cFICI2B2ywQoG0ZR,Ku Ka Recoo,['8th Day'],279560,2005,False,,0.509,0.261,0.195,0.21100000000000002,139.404
71pvW0kdb0TI5UwBBvom9d,Manhattan,['8th Day'],262187,2005,False,,0.672,0.902,0.157,0.35,110.038
18lQk8D5jD26bYyxQ3NtQe,Penny,['8th Day'],218667,2005,False,,0.755,0.313,0.62,0.245,115.03
1fEcLNbUOiSSQC7pcbWSYc,Hasidic Rambler,['8th Day'],193040,2005,False,,0.632,0.509,0.0337,0.5539999999999999,167.118
7ut1UOp57gxe7na8OPyiKG,Velvet,['8th Day'],221053,2005,False,,0.442,0.373,0.0687,0.469,138.783
3wR6q5VQMmH7733dQjegbh,Ayeh Mekom,['8th Day'],150467,2005,False,,0.512,0.4,0.904,0.515,98.15
7pHTr1GJE5kqghTFyZyVgh,Celebrate,['8th Day'],222360,2015,False,,0.755,0.8440000000000001,0.0426,0.862,109.955
1N6xdQB7tOuaPfWYVgfxh1,Just Like You,['8th Day'],248360,2015,False,,0.524,0.6659999999999999,0.0012900000000000001,0.247,159.908
0nDw6cOE0vBv8bZH2PwWAf,Inner Flame,['8th Day'],203600,2015,False,,0.723,0.8759999999999999,0.151,0.531,115.93
7wuIpxgHuKplspxXB9HtRV,Tears,['8th Day'],292147,2015,False,,0.615,0.568,0.501,0.318,132.024
2v7gj2YaacujVS7xmRcA8O,Days R Comin',['8th Day'],226533,2015,False,,0.7759999999999999,0.804,0.0173,0.862,111.975
0Oa1SMcqQ7HlYi5nXeGrg1,Utzu Eitzah,['8th Day'],234560,2015,False,,0.6990000000000001,0.7120000000000001,0.045,0.376,105.066
6cN5L4theUrQs3HqsUdTOZ,R' Akiva,['8th Day'],224627,2015,False,,0.693,0.37799999999999995,0.8959999999999999,0.35700000000000004,103.029
6Tp5gqJf4y5HXgnksslz8V,Jerusalem Stone,['8th Day'],257267,2015,False,,0.7040000000000001,0.6659999999999999,0.10099999999999999,0.424,105.007
7EKRavtyqqarsWM3tFu8eu,Champions,['8th Day'],193267,2015,False,,0.629,0.7659999999999999,0.0693,0.701,157.065
4UlqbSPYStV4XpAW566JrC,Rain 2.0,['8th Day'],246520,2015,False,,0.602,0.474,0.8290000000000001,0.33399999999999996,138.048
3dnDu9qMQqTlOZmkYYhK2O,Whisper,['8th Day'],239587,2015,False,,0.767,0.9129999999999999,0.271,0.6629999999999999,115.02
0WGhUdnl8zdMV06o2vmvEW,80 Ounces,['Richie Rich'],183093,1996,True,,0.8059999999999999,0.391,0.155,0.627,87.021
3UBZ5g4T7EpMYWS4dR83A4,Mi Ritmo Llegó,"['8', 'Mas#']",279880,2013,False,,0.775,0.8270000000000001,0.738,0.9640000000000001,103.78399999999999
7a0IKcDlVNQK5pn4ofZFq5,Siete Mujeres,"['8', 'Mas#']",280627,2013,False,,0.838,0.715,0.664,0.895,103.02
7IODuZiQkn3cZDkPqyUzUl,Pa' Colombia,"['8', 'Mas#']",337747,2013,False,,0.9229999999999999,0.479,0.594,0.845,125.984
0j6N4Pdce0EnEl2X9QOoIb,La Maleta,"['8', 'Mas#']",282613,2013,False,,0.875,0.711,0.797,0.9670000000000001,105.499
4cz5r9EPIceevnTXyBjum0,La Pelota,"['8', 'Mas#']",308733,2013,False,,0.612,0.71,0.735,0.966,116.958
7xHPrtnV1yrQoWjnD0cDuq,Esa Prieta,"['8', 'Mas#']",282427,2013,False,,0.617,0.594,0.695,0.96,91.704
70kpS6N9vy9T57ZIREysEJ,Plantación Adentro,"['8', 'Mas#']",271573,2013,False,,0.7170000000000001,0.659,0.74,0.9570000000000001,102.762
4Sy01tu95uitQu8HnJXDuq,Vamos a Reir un Poco,"['8', 'Mas#']",338227,2013,False,,0.81,0.594,0.561,0.966,102.42299999999999
19o9zP8IavFtui9feocKGo,Toro Mata,"['8', 'Mas#']",315627,2013,False,,0.8079999999999999,0.674,0.66,0.955,105.01700000000001
1QTdlbmtQxKKZaWr2wZMI2,Para Ray,"['8', 'Mas#']",352427,2013,False,,0.693,0.514,0.6679999999999999,0.846,108.738
3I8qfTfl9Uj1LC2j43WFxB,867-5309 / Jenny,['Tommy Tutone'],224240,2011,False,,0.586,0.809,0.0251,0.602,137.639
77lzKHYfVO2PUcZonzDQRs,870,['Tony Tillman'],149586,2015,False,,0.625,0.7959999999999999,0.038,0.272,79.139
1VH2ESWerB9uIlpi01dlNw,Pass The Rock,"['8Ball', 'Devius']",213547,2007,False,,0.69,0.929,0.0843,0.866,77.973
5vM79lzjS4cxd16ulfLxny,Street Dreams,"['8Ball', 'Devius']",207147,2007,False,,0.779,0.722,0.20800000000000002,0.629,114.994
0oPi5vrh2BVlWLOOI1gNEm,Err Body Kno Me,"['8Ball', 'Devius']",252893,2007,False,,0.763,0.794,0.0232,0.561,145.994
1bmD04yAd09u5Lo19hQy7Y,Get' Em Up,"['8Ball', 'Devius']",277480,2007,False,,0.664,0.773,0.3,0.473,169.886
5qPtz9w9fMGZRNPY3Eze4O,Boom Baboom,"['8Ball', 'Devius']",314707,2007,False,,0.61,0.8440000000000001,0.139,0.5429999999999999,149.167
2RghckiLUpVENLQEvBChdV,Ice Cream,"['8Ball', 'Devius']",256373,2007,False,,0.76,0.691,0.0369,0.748,90.066
11FRPpok0a7b257hNyNihr,Beat The Brakes,"['8Ball', 'Devius']",251013,2007,False,,0.851,0.614,0.107,0.621,84.995
2ox2fI4cCPFukcqh1qv2ne,Never Fold,"['8Ball', 'Devius']",261867,2007,False,,0.807,0.6809999999999999,0.209,0.264,94.05
2lfbdVkeKnbHskkONnoVrC,Money Machine,"['8Ball', 'Devius']",287027,2007,False,,0.765,0.879,0.0406,0.615,144.046
7F4fuQgA2v2sgVYwnbJDyM,Clap,"['8Ball', 'Devius']",251853,2007,False,,0.818,0.484,0.159,0.511,79.024
1gjfK2FElYPpNuIY1juzhs,Hustle Hard,"['8Ball', 'Devius']",257253,2007,False,,0.705,0.634,0.16899999999999998,0.763,179.97299999999996
2Uc5FPIJnRjr06r61DN1Sz,Promise,"['8Ball', 'Devius']",161053,2007,False,,0.7170000000000001,0.8370000000000001,0.107,0.531,90.015
5h9KzLXW1jtyuOY9l2vAvl,Bonus Track,"['8Ball', 'Devius']",210787,2007,False,,0.593,0.603,0.0181,0.68,166.40599999999995
7qjouRYj0rH73BEiPdIJ1p,84600,['Nomine'],244071,2015,False,,0.8009999999999999,0.848,0.013000000000000001,0.0274,119.976
5pr6fBlPwztlSpfloNvxk9,82 Sharaktar,['Telemachus'],36571,2017,False,,0.675,0.3,0.745,0.809,105.014
0BcQ08VvkMN8HR69TUHWfn,8785,['ArtOfficial'],45214,2011,True,,0.754,0.667,0.0116,0.742,110.02
52WLmnTK5oY1Wl9zZRhq1d,Intro,['8Ball'],176453,2009,False,,0.6709999999999999,0.9640000000000001,0.000174,0.8190000000000001,141.97299999999996
0CASOzBtBJQlfHgE0UKizM,Never Gon Stop Up,['8Ball'],197920,2009,True,,0.677,0.87,0.34700000000000003,0.6890000000000001,157.454
5rxnksFmcSneDQbJzv6Jqk,Hater,['8Ball'],280400,2009,True,,0.659,0.7709999999999999,0.0204,0.72,141.014
67Z3SyUsjX00gxBFlnGogY,Get This Money,['8Ball'],285267,2009,True,,0.711,0.9109999999999999,0.22399999999999998,0.63,142.02700000000004
5HoTdlllEV0shSQU8wZat9,They Don't Like It,['8Ball'],289507,2009,True,,0.647,0.795,0.11900000000000001,0.67,147.872
3LqUNdnlAMcyuWKXvN3GWY,SetUpShop,['8Ball'],283440,2009,True,,0.5870000000000001,0.972,0.45899999999999996,0.628,149.976
4mPFX1rrb84OhlW00RSe2S,Oh Yeah,['8Ball'],308653,2009,True,,0.755,0.8740000000000001,0.129,0.68,139.07399999999998
0Wn0WLiLgCZVxcS6zpbMaW,Dollaz,['8Ball'],293507,2009,True,,0.623,0.946,0.418,0.746,141.996
0Ndj9upVd6s6q8bCWqFiOm,Derty On Purpose,['8Ball'],209800,2009,True,,0.782,0.894,0.0838,0.758,150.0
3cMMVTe6E9aReYSIPzfqgb,Hooo!!,['8Ball'],294040,2009,True,,0.648,0.955,0.213,0.726,145.975
0Lz526P1ByOqVilQYkJcAB,Stickin2MyFingaz,['8Ball'],329853,2009,True,,0.6,0.943,0.5479999999999999,0.54,134.033
3gSKUuyVzNFbV18nXz48oC,Karma,['8Ball'],275533,2009,True,,0.748,0.9309999999999999,0.373,0.8909999999999999,81.102
4mHu872p0tvGCVzgsLQJ9C,8 Ball,['Waxahatchee'],169160,2017,False,,0.589,0.7659999999999999,0.275,0.765,124.51899999999999
0Q21fWbfojqNeOag3URZqx,8 Ball (Demo),['Waxahatchee'],166133,2017,False,,0.767,0.385,0.7140000000000001,0.73,127.021
1xLEoEATazKWmH4jEX0IyS,8 Ball,['Waxahatchee'],169160,2017,False,,0.59,0.7659999999999999,0.271,0.763,124.45
6z6eclt9o5pGZ41tGHfulf,"At Least It Was Here (""Community"" Main Title Version)",['The 88'],35187,2010,False,,0.525,0.586,0.0214,0.126,145.086
5HYHGYx3Yl0B344J6eAdgF,"At Least It Was Here (""Community"" Main Title) [Full Length Version]",['The 88'],169960,2010,False,,0.5429999999999999,0.7559999999999999,0.0009789999999999998,0.332,145.09799999999996
3YNwGB3aJsv38qAilhIkn3,Sex On The Beach - Original Mix,['8 Wonders'],253173,2006,False,,0.552,0.7020000000000001,0.0224,0.109,136.03799999999998
10YeLP6dSN8lZcpLPFLzCQ,Pimp Ride,['8Ball & MJG'],124307,2010,True,,0.7659999999999999,0.6920000000000001,0.127,0.8420000000000001,151.054
1blV8li4OJtpbDJk5o5a3D,Ballin on You,['8Ball & MJG'],253440,2010,True,,0.763,0.634,0.0179,0.594,81.55199999999998
5u6LaeFP2N896mqmKWbdf3,Roll One,['8Ball & MJG'],224747,2010,True,,0.6890000000000001,0.6809999999999999,8.98e-05,0.512,90.061
1zEbP6MLvALUhd1OkpAi5B,Explore This Pimpin,['8Ball & MJG'],23467,2010,True,,0.5720000000000001,0.8140000000000001,0.9259999999999999,0.889,166.162
0lfK117WBhcvyq6Nto4tbS,Blunts & Broads,['8Ball & MJG'],251853,2010,True,,0.6940000000000001,0.8170000000000001,0.0387,0.626,151.376
0ToPTBKvha3fX03Wg1MWkw,What It Takes,['8Ball & MJG'],30440,2010,True,,0.654,0.625,0.893,0.943,88.84700000000002
1RrANJawZ7icPBlgrUEpow,Put the Money in My Hand,['8Ball & MJG'],253987,2010,True,,0.799,0.773,0.0383,0.5539999999999999,82.985
0w0QkIh84oIcV0ErLQjoO1,Lay It Down 2,['8Ball & MJG'],263933,2010,True,,0.872,0.745,0.0151,0.75,82.015
3HeOPqP39zoMZHaiDccZM9,Down Chick,['8Ball & MJG'],240627,2010,True,,0.768,0.594,0.109,0.893,85.566
4D0RDNLhfadUPOZaXMX0kX,While We Here,['8Ball & MJG'],223467,2010,True,,0.5329999999999999,0.583,0.0034200000000000003,0.563,181.53799999999998
41Hi7NFSDXpr60b8m2bPlU,Champagne,['8Ball & MJG'],253067,2010,True,,0.698,0.858,0.0050100000000000006,0.5589999999999999,172.078
6JPoNY9bvZK1eXFrQRqttv,It's Gon be Alright,['8Ball & MJG'],243107,2010,True,,0.8340000000000001,0.7559999999999999,0.0755,0.6779999999999999,116.99
77NJgpDx0v7NZTLrJhk5ho,You know,['8Ball & MJG'],288840,2010,True,,0.8109999999999999,0.508,0.0227,0.679,81.717
0uy66tA9kH4FIeT8Q0Mato,From the Bottom 2 the Top,['8Ball & MJG'],39960,2010,True,,0.7390000000000001,0.615,0.32899999999999996,0.8170000000000001,151.239
5CNpOMigvHAQ8udVuhV35Q,85 Belongs to the Dead,['Coastlands'],486505,2016,False,,0.17,0.192,0.805,0.037000000000000005,100.87100000000001
28FS26Xvzz9KKSRZIKm4Ia,AGENT 86 - Rally 'round the Flag,['Agent 86'],240120,2004,False,,0.44799999999999995,0.862,0.000346,0.435,91.19200000000001
5Eei0XLW56V23wlRHz2TFm,After All,['Fiction 8'],202920,2008,False,,0.469,0.883,0.00237,0.48100000000000004,189.88
2ENUJZXSJ2crfHUPek4FY1,We Are Machines,['Fiction 8'],195987,2008,False,,0.6890000000000001,0.613,0.0148,0.381,120.00299999999999
6gHV03mPqi4N3dDFmXcLGV,Sacrifice,['Fiction 8'],270493,2008,False,,0.581,0.914,0.00134,0.95,109.977
1BSMDQ2tbeq7eTqbB8G02k,Take My Hand,['Fiction 8'],294480,2008,False,,0.684,0.8240000000000001,0.0054600000000000004,0.523,115.025
4LgjGMnAtgmne5SQDj4M6Z,A Face in the Crowd,['Fiction 8'],239733,2008,False,,0.593,0.552,0.655,0.49,89.97
3rwK4XfFs6zPvM3xRLWQbi,Sometimes,['Fiction 8'],303587,2008,False,,0.615,0.7909999999999999,0.00139,0.405,125.01899999999999
4RVM67bC08fksdtCpUtWvx,Never Run Away,['Fiction 8'],317120,2008,False,,0.795,0.585,0.0018,0.34700000000000003,124.99600000000001
4QyUc6hZKN80TKQKqaRjUy,Legacy,['Fiction 8'],368720,2008,False,,0.574,0.66,0.0219,0.292,87.99
3hG68ftDnRmDEX2ONTkin9,In Orbit,['Fiction 8'],186773,2008,False,,0.652,0.8490000000000001,0.105,0.631,94.988
2KoyJYwGpR37EIK1gZWtt8,Hegemony,['Fiction 8'],291347,2008,False,,0.597,0.963,0.00114,0.638,122.01700000000001
1zoPZvcMoE47XQ7AyvTHtG,Free?,['Fiction 8'],234829,2015,False,,0.527,0.9159999999999999,0.000144,0.244,99.99700000000001
5VvKo4TjNiasvoFrA46xZE,Walk Away,['Fiction 8'],257644,2015,False,,0.623,0.755,0.00118,0.363,115.00299999999999
0tsU1aRESCkLcABGvEtTVh,The Butterfly Machine,['Fiction 8'],284067,2015,False,,0.601,0.857,0.0257,0.589,109.001
7kdpQqzPx6jqfjMqlNMyJ1,Kingdom of Avarice,['Fiction 8'],291192,2015,False,,0.617,0.5660000000000001,0.152,0.612,139.934
6G0v0AZB1sQ6so4TtOJkwd,I Remember,['Fiction 8'],229076,2015,False,,0.4270000000000001,0.6779999999999999,0.0224,0.261,169.91099999999997
0K5cD8m1RgJQkFT3lsyf5P,Wanting More,['Fiction 8'],191766,2015,False,,0.611,0.873,0.0237,0.7070000000000001,110.01700000000001
4bmwGuGNLAc9NodhIEXflC,Chasing the Dragon,['Fiction 8'],244184,2015,False,,0.635,0.7390000000000001,0.00441,0.307,119.99700000000001
73JvNxKUInMYgD2EiWuzLw,Exhale,['Fiction 8'],239335,2015,False,,0.578,0.87,0.00265,0.601,115.007
2ZCB6526f8joC04qrsKSYH,Keep It Simple,['Fiction 8'],208240,2015,False,,0.5579999999999999,0.888,0.00215,0.915,120.005
2yPvyHWr5EjXo3w4tHGX8G,Phoenix,['Fiction 8'],378818,2015,False,,0.564,0.483,0.0556,0.0982,119.971
6O0YkgLu2rgBbu8Pyh6QFT,8 Years,['Nerdkween'],392467,2008,False,,0.131,0.381,0.988,0.0593,81.765
6MW6KskA0nOwpdzql2lIPt,Are You Listening,['8 Second Burnout'],170360,2007,False,,0.188,0.672,4e-06,0.29100000000000004,122.694
5DWh6R1dlarVF2CaK0pxSU,"Photographic (Megamix feat. Justin Emerson, 8-Bit Weapon, Varsovia, Bobby Baily, Chris Tucker, Frank Lardino, Richard Hess & Ian Lloyd)","['8-Bit Operators', 'Justin Emerson', '8 Bit Weapon', 'Varsovia', 'Bobby Baily', 'Chris Tucker', 'Frank Lardino', 'Richard Hess', 'Ian Lloyd']",298440,2014,False,,0.6990000000000001,0.895,0.408,0.4270000000000001,148.046
2ms4J6RkJ013FBqK8UppRi,The Grits (featuring 8-Off) (feat. 8-OFF),"['Cappadonna', '8-Off']",218693,1998,True,,0.713,0.612,0.022000000000000002,0.69,176.095
550FOCFsniV0153v3yUoEZ,The Grits (featuring 8-Off) (feat. 8-OFF),"['Cappadonna', '8-Off']",256053,2001,True,,0.733,0.493,0.0428,0.624,175.935
6Hli09nGzFk1tTloTXrGYD,Kapayim,['8th Day'],245160,2017,False,,0.608,0.941,0.0485,0.8059999999999999,116.014
5rkWPGIJt2id1ir8iJAUDl,Moses in Me,['8th Day'],237333,2017,False,,0.625,0.6679999999999999,0.0464,0.342,101.96600000000001
7Dw7zdTtqzzYlMBnEaKqVm,One of a Kind,['8th Day'],200840,2017,False,,0.599,0.685,0.0595,0.9359999999999999,118.396
31FvNMqMlscz1bsTLdsjFb,Slow Down,['8th Day'],195520,2017,False,,0.606,0.76,0.0473,0.7070000000000001,109.945
3Sr36Dq3hpwwIeKhBEIJ3Y,Torah,['8th Day'],275040,2017,False,,0.522,0.898,0.0769,0.506,166.08900000000003
6NDYRXP3EmUpQcu3dJhJz4,Don't Shy Away,['8th Day'],214693,2017,False,,0.627,0.555,0.0203,0.455,103.977
79SIcRnI4Z6wqQUBHPSrIv,Everything Is You,['8th Day'],196787,2017,False,,0.675,0.866,0.318,0.8079999999999999,120.145
6A5CzWtSnXMaYA48hGEd1E,A Better Me,['8th Day'],186800,2017,False,,0.687,0.715,0.115,0.9259999999999999,159.95
6bDGjnRiwJgSWVceIwNzCr,Shvitz,['8th Day'],268827,2017,False,,0.691,0.853,0.0908,0.7390000000000001,111.084
3q5w5fD37sOEMDQV59U1SO,Rak Smachot,['8th Day'],190120,2017,False,,0.34600000000000003,0.883,0.0358,0.7809999999999999,156.872
4dlzocLLx8Ry2HCgfXZbs6,Intro (feat. Kokayna),"['Macross 82-99', 'Kokayna']",36923,2015,False,,0.6,0.945,2.1899999999999997e-05,0.5920000000000001,130.043
3PibVg8xP0YsXqmemVz1Uc,Rainbow Roads (feat. Timid Soul),"['Macross 82-99', 'Timid Soul']",190345,2015,False,,0.604,0.5579999999999999,0.00557,0.43,144.97799999999995
1Phlo7tIyS8D4aSbKMseUq,Peach (feat. Diana Shroomy),"['Macross 82-99', 'Diana Shroomy']",127742,2015,False,,0.6940000000000001,0.366,0.455,0.39,77.59100000000002
5Iaz1Uy3UzAcbU9FJFJBqU,Ash (feat. Libano),"['Macross 82-99', 'Libano']",149341,2015,False,,0.799,0.415,0.0781,0.765,91.016
5BZlA4HSV36XZqnfOQOzyz,Sailor Team,['Macross 82-99'],163279,2015,False,,0.831,0.758,0.006,0.826,122.006
0BD4qgYEAGmFWAC6nTFEcd,Whispy Woods/Game Over (feat. Strider Kun),"['Macross 82-99', 'Strider Kun']",337137,2015,False,,0.485,0.732,0.0011099999999999999,0.304,134.93
3xeG2Ha0fcewMMweahoVNK,Been Thinking About It,['Macross 82-99'],46286,2015,False,,0.401,0.415,0.44799999999999995,0.179,131.40200000000002
1mfcYIaZ2xiXv9q75sxdnP,I Miss You (feat. Roman),"['Macross 82-99', 'Roman']",166000,2015,False,,0.606,0.7929999999999999,0.00698,0.773,119.986
0vC2Q9Xa4uoINi4Jvh8U1u,Dark City,['Macross 82-99'],206400,2015,False,,0.6940000000000001,0.46,0.000484,0.322,99.99700000000001
29hlctOKXWwP7dOHmnLO6p,In The Moonlight,['Macross 82-99'],133440,2015,False,,0.759,0.465,0.287,0.606,124.921
0mkzK5gwJQQ8WZWvGI87A1,I'm Sorry,['Macross 82-99'],152000,2015,False,,0.16399999999999998,0.321,0.000479,0.0347,102.447
0pgv4dwvd3j15Gk5nHxXtG,Lost Without You,['Macross 82-99'],82200,2015,False,,0.81,0.512,0.0619,0.32799999999999996,99.999
4MmO631CdxuFOm18UVbhkp,Fun Tonight,['Macross 82-99'],162462,2015,False,,0.612,0.938,2.51e-05,0.595,129.994
5itV76hYlBdBeUIMZlkRwE,Perfect Blue,['Macross 82-99'],175462,2015,False,,0.6779999999999999,0.8390000000000001,0.0009429999999999999,0.6709999999999999,119.04299999999999
1UMTkDVCP1Osrt9BLj12go,Miss Macross,['Macross 82-99'],149062,2015,False,,0.594,0.77,0.000138,0.532,127.911
0Qzdwnwy4XHIWy5uR4NIpb,A Lot Of Pretty Girls (feat. UPPER),"['Macross 82-99', 'Upper']",185085,2015,False,,0.728,0.775,0.016,0.489,117.93
5hlqvuEyG3hIWOH3ZwF02Q,80 On 80,['Doomtree'],272347,2015,True,,0.6559999999999999,0.695,0.0459,0.192,150.08700000000005
3KVbemcJpMlA9LByprUHxG,Intro,['8Ball'],105467,2009,False,,0.695,0.514,0.887,0.762,89.556
6Rq8lrjSbELKWbUgfBNTs3,On The Grind,['8Ball'],309173,2009,True,,0.853,0.728,0.00168,0.72,162.015
732BASXPuUXhV4jxs7m8sI,Candy Paint,['8Ball'],293000,2009,True,,0.8,0.7290000000000001,0.0464,0.466,75.98100000000002
5cfXdGoy5RVzZxDuCLbAGs,Checkin Messages (Skit #1),['8Ball'],51880,2009,True,,0.648,0.575,0.7709999999999999,0.502,172.357
1WijoMtE0DCjFS0wklO7gw,Er' Body Kno Me,['8Ball'],252653,2009,True,,0.76,0.792,0.024,0.591,145.991
4AexxH9vMmhEU6R4oUaNh1,Tutti Frutti,['8Ball'],284227,2009,True,,0.845,0.662,0.00263,0.528,101.962
6mlrbY95eGUSXSmpPiUlGp,Checkin Messages (Skit #2),['8Ball'],37440,2009,True,,0.616,0.509,0.601,0.40700000000000003,162.234
3N85dOL94uBkkqv5uMGPR1,Get Doe,['8Ball'],242120,2009,True,,0.568,0.611,0.14400000000000002,0.305,168.08599999999996
1n75dvuOoxbfDQYMwEBeyW,Checkin Messages (Skit #3),['8Ball'],21907,2009,True,,0.789,0.621,0.948,0.898,105.036
50gmLAFbAYQIqlDO1Bl5Tw,Clap,['8Ball'],246827,2009,True,,0.747,0.779,0.10300000000000001,0.619,159.994
11SA7NdqgaYBw0FOb7jO7H,On The Grind (Remix),['8Ball'],307813,2009,True,,0.866,0.7609999999999999,0.00103,0.675,80.976
6jmi6EDyQt39EZsR9bdL6V,Checkin Messages (Skit #4),['8Ball'],37000,2009,True,,0.767,0.114,0.9009999999999999,0.6920000000000001,75.061
4CH4QjBDALkU4TIqUkQdkr,8889,['Eminence'],270240,2015,False,,0.75,0.5589999999999999,0.0138,0.413,124.001
5SpweCvHSE790fzlVzbFr5,All I Know,['80 West'],205360,2009,False,,0.898,0.743,0.0185,0.622,102.98200000000001
4wkN83kj8bxkkY7uQANKiq,"Brand New Wit It (feat. A-Wax, I-Rocc, Smigg Dirtee)","['80 West', 'A-Wax', 'I-Rocc', 'Smigg Dirtee']",243387,2009,False,,0.718,0.732,0.10300000000000001,0.8320000000000001,86.05
0oRbz9owUxldggOyDj7Nkd,Can't Stop,['80 West'],230827,2009,False,,0.665,0.8320000000000001,0.0326,0.515,92.21600000000001
2NthyVpxQ8jBUPA01YUvRr,"Off 1 Scene (feat. Lokee Smokin, Young Will, RC Loc, Hollow Tip)","['80 West', 'Lokee Smokin', 'Young Will', 'RC Loc', 'Hollow Tip']",249027,2009,False,,0.488,0.853,0.14,0.62,190.398
6ClgRiBrI34nriHR1w8HkD,"Make It Hot (feat. Sianide, Mic-C)","['80 West', 'Sianide', 'Mic-C']",157867,2009,False,,0.5379999999999999,0.89,0.237,0.56,100.18799999999999
0zpjZQjfxmV32Hk7jF0fsm,"My Town (feat. Hollow Tip, Smigg Dirtee)","['80 West', 'Hollow Tip', 'Smigg Dirtee']",175907,2009,False,,0.75,0.862,0.172,0.843,97.015
3xakYt2V2Jk1MZ1Aj2LHn6,Watch Me Get It (feat. Young Sav),"['80 West', 'Young Sav']",166987,2009,False,,0.865,0.6940000000000001,0.204,0.914,101.052
0SCl9wwpHKhscJzcWj961I,"Twisted (feat. Hollow Tip, Sianide)","['80 West', 'Hollow Tip', 'Sianide']",187040,2009,False,,0.7490000000000001,0.852,0.0834,0.8540000000000001,99.875
60CKHqYW1qs36YmeC2UULK,"F**k What They Heard (feat. Young Sav, RC Loc, Hollow Tip)","['80 West', 'Young Sav', 'RC Loc', 'Hollow Tip']",205973,2009,False,,0.672,0.815,0.28300000000000003,0.66,96.06200000000001
69ID08qaqvUJU3pgq39CW2,"What It Does (feat. Hollow Tip, Young Sav, RC Loc)","['80 West', 'Hollow Tip', 'Young Sav', 'RC Loc']",201520,2009,False,,0.7,0.915,0.402,0.8390000000000001,96.488
7nlv1h6RkkTxRKBm0hzRyv,"Boss Sh*t (feat. T-Nutty, Young Sav, RC Loc)","['80 West', 'T-Nutty', 'Young Sav', 'RC Loc']",225107,2009,False,,0.688,0.807,0.125,0.711,93.956
44JRivvu2oCvwg0pB6YHYG,Get It Get It,['80 West'],194653,2009,False,,0.685,0.7190000000000001,0.309,0.573,90.12100000000001
6zBCYA85OKg1ikdpKEZg9y,Time Is Now (feat. Off 1),"['80 West', 'Off 1']",186440,2009,False,,0.5720000000000001,0.769,0.0698,0.768,94.09700000000001
50FfOWK3vxNdsZNv9XFKL6,Skin Up Pin Up,"['Mansun', '808 State']",327373,1997,False,,0.512,0.951,3.86e-05,0.444,105.991
418fxYXrejdP8V8c7ZZdKo,8 Sleeves,['Dreamdate'],149000,2009,False,,0.62,0.599,0.519,0.853,144.483
7Ajhfg5HemtpI6NYNos1Qe,J'réanime le rap,['83'],240747,2014,False,,0.818,0.877,0.0159,0.6859999999999999,96.486
5DZQHXwONeNtizpzdDojUK,Guerrier,['83'],241920,2017,False,,0.746,0.733,0.121,0.7190000000000001,155.00799999999995
5Cx4P45CYineBIQBJe6Chx,8105,['Moving Mountains'],476893,2010,False,,0.353,0.845,0.000196,0.14,175.018
0ZtMQ3WzeEOV0ALg3M7KnR,8 Dayz 'a Tweak,['Trip Theory'],348280,1994,False,,0.773,0.9390000000000001,0.000281,0.545,140.03
0lDfRjVGqPabkFhgSSaBJA,8 Bit Bitch - Noizetendo Version,['Circuito Cerrado'],212755,2017,True,,0.519,0.9840000000000001,0.0007570000000000001,0.297,140.076
7h1cVQH8y1aBgxLd6Etzti,I'm Going to Jail,['8 Ball Aitken'],197674,2013,False,,0.535,0.7609999999999999,0.00602,0.45399999999999996,121.02600000000001
0RArZjTFvY3rqeko6ancyc,Love the Way She Rolls,['8 Ball Aitken'],187110,2013,False,,0.33799999999999997,0.893,0.00424,0.591,177.794
02VIDdEs4b5k4CCsuGHqGT,My Tank's On Empty,['8 Ball Aitken'],199289,2013,False,,0.53,0.528,0.013000000000000001,0.337,122.036
5TaZCZJnU30khZOUe7hEcg,Hillbilly Disco,['8 Ball Aitken'],206651,2013,False,,0.29100000000000004,0.782,0.0178,0.5329999999999999,175.8
20jKwXv6oPLHZLCKCAGCa9,Underneath the Stars,['8 Ball Aitken'],212953,2013,False,,0.568,0.675,0.0364,0.424,116.976
4hh58Oxd4eQHyxSHIySXiO,Mile in My Shoes,['8 Ball Aitken'],286695,2013,False,,0.433,0.573,0.00675,0.29100000000000004,114.064
33b61DAVNJwb8bhQvtDTSC,Destroying the World,['8 Ball Aitken'],168326,2013,False,,0.483,0.39799999999999996,0.257,0.20199999999999999,109.729
13NoJg2pzoJz7WLxJlTC46,A Gig Is a Gig,['8 Ball Aitken'],200767,2013,False,,0.629,0.794,0.0632,0.69,120.024
3cpsJ9QMepkcuh1IX4k63z,Catfish Wish,['8 Ball Aitken'],208855,2013,False,,0.632,0.488,0.0405,0.401,112.87700000000001
6OKjM9q5HWfmfLUTZgDYHH,Politics of a One Man Band,['8 Ball Aitken'],231704,2013,False,,0.531,0.7959999999999999,0.165,0.731,129.963
5nAXMc8PgkjuWHefJirGq0,Hobo Millionaire,['8 Ball Aitken'],191550,2013,False,,0.509,0.435,0.649,0.389,119.95299999999999
78NEcxZUGOi4k1KmBrsvej,Old Hickory,['8 Ball Aitken'],180538,2013,False,,0.5720000000000001,0.89,0.0556,0.625,122.023
2JXgMGD9Nypqda8QXnE3B3,"Jump Up, Super Star!","['insaneintherainmusic', '8BitBrigadier', 'Jyggy11', 'Adriana Figueroa', 'Chance Sweetser']",276071,2017,False,,0.639,0.384,0.622,0.615,89.65100000000002
58spuRyMUsjKHQHEGwLC99,80s Mercedes,['Maren Morris'],211767,2017,False,,0.485,0.8340000000000001,0.0665,0.659,90.93299999999999
6sADZOB22t6GMumoePiS9G,8 Years,['Venus'],282107,2006,False,,0.6629999999999999,0.868,0.0936,0.606,129.936
2DiHSzU5SQzgQu2x3PoRv5,Magic In You,['86'],236373,2006,False,,0.457,0.633,0.198,0.564,76.09100000000002
57JJMIPFV4V3HkWCvSumbI,That No Lie,['86'],198773,2006,False,,0.735,0.794,0.7879999999999999,0.657,92.061
4fHVEgmwCX1HJF6uVmNEOc,8 Days On The Road,['Scott Sharrard'],245480,2009,False,,0.6990000000000001,0.56,0.44799999999999995,0.8190000000000001,72.84899999999998
7Ay4pfgNHhaFkJGjWbjpGh,Driving in the Rain,['Timecrawler 82'],347000,2018,False,,0.418,0.42200000000000004,0.00014,0.36,120.005
25I3sDxSkgize2fTTWMeOw,Mt. Fuji,['Timecrawler 82'],283000,2018,False,,0.526,0.20800000000000002,0.17,0.23,120.015
4mDPsNa4VGySzagswtvapS,Street Dancing,['Timecrawler 82'],325000,2018,False,,0.45799999999999996,0.414,0.0177,0.179,119.99799999999999
1aqyOBiF5g7kejWrcMIGji,Palms and Seagulls,['Timecrawler 82'],291000,2018,False,,0.618,0.28300000000000003,0.0145,0.825,120.01
0thXsuAPq47MaLmJfys8jN,Corner of the Room,"['Timecrawler 82', 'Silvia']",317000,2018,False,,0.512,0.19,0.021,0.27699999999999997,119.95
3YR3y3kQw2knQiI1aYomBj,Lezbophobia,['Tribe 8'],163627,1995,False,,0.366,0.748,0.0757,0.9620000000000001,144.986
64UQWVmxXVPNELwJVHEfUY,One Party Too Many,['Tribe 8'],182933,1995,False,,0.447,0.8,0.1,0.892,117.564
64QRLOaSMBhzodi3MJQ9mf,Masochist\'s Medley,['Tribe 8'],367533,1995,False,,0.33799999999999997,0.685,0.735,0.28300000000000003,118.91799999999999
7lM9DbB6L6XMYQ6VUlHbNw,Easy Virtue,['Tribe 8'],123133,1995,False,,0.38299999999999995,0.907,0.11699999999999999,0.555,124.236
1bF5qgSHNB7lybrEZMDj7R,Censor This,['Tribe 8'],278973,1995,False,,0.509,0.878,0.01,0.713,139.965
2t7nOHpuxalnYbxWnt5r49,Crash Crush,['Tribe 8'],165200,1995,False,,0.29100000000000004,0.892,0.0486,0.65,137.14600000000002
3hpgGvtTXeHRjXc3zLgAsm,M Gang,['8Ball & MJG'],431293,2006,True,,0.677,0.9329999999999999,0.0244,0.584,160.058
0HeTzG9r7pefBJZUrOrUJx,Purple Stuff,['8Ball'],304333,2006,True,,0.9179999999999999,0.644,0.21,0.833,139.99200000000002
5Jp9vZebJDEluW5ecyLxS0,Swervin',['8Ball'],246133,2006,True,,0.818,0.47600000000000003,0.18100000000000002,0.335,152.094
6Ewwvh8aeruepIRUy2wHuK,Time2hitdaclub,['8Ball'],266173,2006,True,,0.547,0.569,0.0635,0.546,82.962
1b9nUg3CNejMW0DWXCDKBg,Da Fight,['8Ball'],21093,2006,True,,0.59,0.889,0.406,0.21600000000000005,94.41799999999999
4uu1Cc9ZC9ggM0dWNcjXiV,Clear It Out,['8Ball'],210667,2006,True,,0.74,0.7120000000000001,0.0781,0.42100000000000004,82.021
3dyuJPGFVfkM43to69TSlU,Barney Phife,['8Ball'],114733,2006,True,,0.556,0.452,0.78,0.371,75.862
2ykWMwMoHHuZHloieLE3lp,Battle Field,"['8 Ball Feat. Dirt Bag', 'Bigg Gipp']",325267,2006,True,,0.7879999999999999,0.578,0.294,0.325,142.045
5QFzcLLAn1nXasepkbAOkY,Let It Be Known,['8Ball'],120333,2006,True,,0.727,0.6759999999999999,0.11800000000000001,0.684,151.945
0MLk91vyyWYudXqu8CmIge,Sit Back,['8Ball'],268333,2006,True,,0.746,0.6459999999999999,0.257,0.204,166.06599999999997
6f6ApYc0aPVKiZZUKqpYAF,Anotha Level,['8Ball'],273907,2006,True,,0.821,0.639,0.247,0.39799999999999996,78.02
3sAMZyrdLf1I4kK2sMJPvI,This Aint That,['8Ball & MJG'],243627,2006,True,,0.8809999999999999,0.7290000000000001,0.0193,0.883,159.41299999999995
4fW2ioQYosWGsMzvWjnzNl,Yo Bitch,['8Ball & MJG'],310307,2006,True,,0.845,0.772,0.046,0.655,125.01899999999999
0P9FoWBP6qEtExy8MeV329,The Greatest,['8 Ball Feat. Juvenile'],247533,2006,True,,0.66,0.606,0.027000000000000003,0.449,172.024
7Fh8l23r7keZamALr0PvI6,Light Up Tha Bomb,['8Ball'],286347,2006,True,,0.887,0.6859999999999999,0.0596,0.9390000000000001,155.995
19l1okJ6I0P7ZGTSlrbgUj,The Groove Is Taking Over,['Channel 88'],220093,2007,False,,0.706,0.802,0.00010400000000000001,0.47100000000000003,132.002
5jAAoKfKfENn8EfjqfItKX,Midnight - Original Mix,['Lane 8'],419898,2016,False,,0.546,0.889,0.005379999999999999,0.107,123.979
3puo21JuyARfHrZ2olY0q2,Under My Skin - Original Mix,['Lane 8'],439302,2016,False,,0.77,0.677,0.00389,0.195,124.007
4MahzGA0A8dBVaa72caMwv,Frau - Original Mix,['Lane 8'],376333,2016,False,,0.748,0.8340000000000001,0.0010400000000000001,0.536,123.008
0xZ1Bl4uT55eCX8jt3IyE0,"Opening (From ""Super Mario 64"")",['The 8-Bit Big Band'],40006,2018,False,,0.52,0.387,0.0436,0.42,99.82600000000001
581IpQMQrx09Kn4YjiSlsr,"Bob-Omb Battlefield (From ""Super Mario 64')",['The 8-Bit Big Band'],227915,2018,False,,0.764,0.557,0.263,0.838,110.045
6mgloXuyHmIzltBIvpmBa4,"Overworld Theme (From ""Super Mario Bros 2')",['The 8-Bit Big Band'],209185,2018,False,,0.643,0.521,0.47,0.672,94.949
6nDpDm5ACJ0DNSoLcTiQ1E,"Athletic Theme (From ""Yoshi's Island')",['The 8-Bit Big Band'],193081,2018,False,,0.828,0.564,0.39,0.826,114.956
1vMXm9JwKhfhlB8zspwL4I,Super Mario Bros Mambo!,['The 8-Bit Big Band'],280735,2018,False,,0.5710000000000001,0.45399999999999996,0.5429999999999999,0.826,94.948
30AqrdA0UJlmjOG8F7tvDd,"Lonely Rolling Star (From ""Katamari Damacy')",['The 8-Bit Big Band'],343440,2018,False,,0.491,0.65,0.272,0.63,169.93400000000003
1ePP5724vp61GJAnJdGdPI,"Zelda's Lullaby (From ""Ocarina of Time')",['The 8-Bit Big Band'],366400,2018,False,,0.272,0.322,0.835,0.13699999999999998,116.178
2R73Edhzl6sFtRFlfRabob,"Fourside (From ""Earthbound')",['The 8-Bit Big Band'],305854,2018,False,,0.5,0.794,0.308,0.617,119.516
3102BnR1t0IX7104oynkqr,"I Am Impact! (From ""Mystical Ninja Staring Goemon')",['The 8-Bit Big Band'],225085,2018,False,,0.449,0.6990000000000001,0.16699999999999998,0.629,164.833
1vFWD3l6YoCjZcQwAI5n7k,"Big Blue (From ""F-Zero')",['The 8-Bit Big Band'],217732,2018,False,,0.628,0.845,0.00872,0.8320000000000001,102.522
1LoSQzD0nW0xInH7RdM0Mb,"Main Theme (From ""Final Fantasy I"")",['The 8-Bit Big Band'],131269,2018,False,,0.271,0.23,0.985,0.067,106.758
66188Ive5jiKz9VEdBirAb,Drip Layer,['83 Babies'],199536,2019,True,,0.836,0.589,0.083,0.63,154.274
61CTSPYSbSZEsOZuttpihe,Chanel Frames,"['Bino', '83 Babies']",274377,2019,True,,0.772,0.5429999999999999,0.212,0.19,139.994
2CPwvBbAkeJeseDaKHfQFL,Get The Bag,"['Bino', '83 Babies']",179250,2019,True,,0.7290000000000001,0.601,0.0011300000000000001,0.501,150.054
2CxsxJlNT7pHSfDW8viIMA,Tell Me,"['83 Babies', 'Airi']",272842,2019,True,,0.483,0.48700000000000004,0.0402,0.369,79.562
2TeHfvRV3kgYnZUTDjyJ8s,Numbers,"['Tg3 Thr33', '83 Babies']",221100,2019,True,,0.836,0.395,0.0905,0.643,130.09799999999998
3bR6ytL75S2RGnJgtqrNaT,Superstud,['Kelly 8'],172867,2004,False,,0.373,0.9640000000000001,0.00309,0.518,79.373
58BvnaisAEIvb2QG1HZtnX,Grow Up (feat. 8Ball & MJG),"['Bun B', '8Ball & MJG']",231760,2018,False,,0.513,0.54,0.326,0.102,91.876
6bP061ekXrsL2oMNF8okxl,Intro,['8Ball & MJG'],291933,2005,True,,0.621,0.348,0.184,0.152,154.37
1VDbZGGIIV9b28JkojhlKa,Thingz,['8Ball & MJG'],371893,2005,True,,0.7879999999999999,0.426,0.609,0.441,77.08800000000002
7AuWlVyb0YEHwNYPTftf4o,Freestyle Feat Lil' Mario Of The Swishahouse,['8Ball & MJG'],62240,2005,True,,0.805,0.605,0.6579999999999999,0.7040000000000001,77.169
5mRHXuwKKl6ObB8Cf5mkXk,Pimp Shit,['8Ball & MJG'],285600,2005,True,,0.816,0.413,0.078,0.304,77.22800000000002
3EKZlNaDvawxbzuMVoa7Bt,Space Age 4 Eva,['8Ball & MJG'],324293,2005,True,,0.68,0.44299999999999995,0.228,0.21600000000000005,154.387
545VxTKPc25GdcAuJ67FpS,At The Club,['8Ball & MJG'],317867,2005,True,,0.8640000000000001,0.46799999999999997,0.0363,0.496,135.386
4XTmDfIV4OD07ERUsPlePX,I Know U,['8Ball & MJG'],321173,2005,True,,0.9109999999999999,0.39799999999999996,0.4920000000000001,0.355,135.086
5EkvVg1fqn16Vn0L7okYnl,Collard Greens,['8Ball & MJG'],298560,2005,True,,0.78,0.41700000000000004,0.321,0.33899999999999997,134.81799999999998
4kNqJoNfEh6DfBh3svRG5m,Pimp Hard,['8Ball & MJG'],293600,2005,True,,0.8590000000000001,0.45899999999999996,0.0407,0.257,122.78299999999999
4Q877kMm35vZoFTYuLA5SM,Buck Bounce,['8Ball & MJG'],301507,2005,True,,0.9209999999999999,0.535,0.10300000000000001,0.319,122.681
556XU8JVroStTZ34B950r4,Freestyle Feat Sabwarfare Of The Swishahouse,['8Ball & MJG'],93627,2005,True,,0.937,0.337,0.41,0.40399999999999997,122.65799999999999
3WRVMj7NU7DiFe3VwnAqfK,It's All Real,['8Ball & MJG'],358440,2005,True,,0.745,0.371,0.17300000000000001,0.626,123.147
3eLU9c4rv7lAAJTMWzEdPM,Jankie,['8Ball & MJG'],347493,2005,True,,0.828,0.49,0.10800000000000001,0.35100000000000003,138.562
1MF5b1ljI9uqFc25UK2PPc,Boom Boom,['8Ball & MJG'],389867,2005,True,,0.851,0.519,0.0413,0.289,137.656
13OiXwQn0MtDe4qcef9zfr,Alwayz,['8Ball & MJG'],320800,2005,True,,0.6459999999999999,0.5820000000000001,0.506,0.423,172.99900000000005
33YWPrRm7n69359jBXuJOY,Thank God,['8Ball & MJG'],377573,2005,True,,0.703,0.521,0.10099999999999999,0.149,132.29399999999998
0X8S5jSCBn1183Szo9c12R,8719806823,['Tarlton'],367000,2009,False,,0.301,0.0804,0.682,0.0395,114.024
0dRPA4OrdNW1mZ06VLF3Hy,8 & 9,['Katzenjammer Kabarett'],257680,2006,False,,0.588,0.6920000000000001,0.0862,0.142,118.979
4GI3QhoxZov62gMV3AytUC,80%,['Мальбэк х Сюзанна'],160540,2018,False,,0.821,0.61,0.207,0.665,120.02
45fkcr3EvbqlxIzkt9MHXm,Where It All Begins,"['Elzhi', '87', 'Big Tone']",231840,2019,True,,0.7659999999999999,0.452,0.344,0.564,92.05799999999999
4aGc4656rQyDzg04ddjKce,810,['Fibre'],218182,2016,False,,0.64,0.885,0.00233,0.5920000000000001,121.02
4RIKVRYwrEO3QEvnx2KugG,8 Dead Boys,['Babyshambles'],256453,2005,False,,0.27699999999999997,0.937,0.0826,0.426,164.31799999999996
6EED0a8pzsD10umdSQTgz4,What Can I Do,"['8Ball', 'MJG']",314853,1999,True,,0.743,0.797,0.0342,0.542,171.935
6XpIwZfWQ4iAmxnkc9FyL1,Respect It,['Tre-8'],249000,1999,True,,0.8109999999999999,0.8290000000000001,0.00018700000000000002,0.78,95.057
38DP3sO75isvRxSRSCmAnC,808,['Benga'],281143,2010,False,,0.8540000000000001,0.9329999999999999,2.7699999999999996e-05,0.184,140.029
40YT6zCs8BWEyPj2UwPr9l,Grow Up (feat. 8Ball & MJG),"['Bun B', '8Ball & MJG']",231760,2018,True,,0.667,0.531,0.33299999999999996,0.113,93.461
1caSs0heiyY6NEbu3vX3YY,80 Days (Live),['Marillion'],302747,2016,False,,0.409,0.7190000000000001,0.00237,0.444,102.831
1F42Qy2mu3mQEuCTsf0zhr,Old Guitar,['Timecrawler 82'],245333,2019,False,,0.469,0.6459999999999999,0.11599999999999999,0.223,179.96099999999996
1iBngOYelitRrToRWYVKRB,Movies,['Timecrawler 82'],246857,2019,False,,0.495,0.893,1.1599999999999999e-05,0.158,139.944
7uDGpacgJDXOJ2iDBdbj1V,So Close to Love,"['Timecrawler 82', 'Silvia']",264000,2019,False,,0.469,0.364,0.0287,0.5,180.02200000000005
6xQxqSNDJ16Iz9cfyX0MnL,Journey,['Timecrawler 82'],244000,2019,False,,0.486,0.843,0.000849,0.256,119.979
7jXCnLVtMGgCHLZ4m1dAgf,Heartbeat,['Timecrawler 82'],258000,2019,False,,0.496,0.7609999999999999,0.0004,0.141,119.99799999999999
7grnbRdRgcWcQ9dbFGsjfz,Player Two,['Timecrawler 82'],288000,2019,False,,0.55,0.68,0.02,0.9129999999999999,74.98
7I0pXFTsa698MtpEO1OyVx,A Future I Used to Live,['Timecrawler 82'],314667,2019,False,,0.4920000000000001,0.645,0.0221,0.426,89.99799999999998
21o6BbgCCNgAV8dGQhpMBH,Kids,['Timecrawler 82'],264000,2019,False,,0.629,0.69,0.0296,0.218,100.025
5opLxCZIFQO0wu6qbRqigu,... But It Ends,['Timecrawler 82'],295680,2019,False,,0.635,0.774,0.0319,0.9359999999999999,125.014
7BOaKRtsyy4Eb7ikxMnzSG,Last Days of Summer,"['Timecrawler 82', 'Silvia']",316800,2019,False,,0.631,0.679,0.263,0.4,99.954
6sbxgkHFGLtY1BGNsfGfhL,The Hardest Days,['Timecrawler 82'],250000,2019,False,,0.602,0.413,0.0355,0.102,119.993
2eyzXxRDf35Cfw4feO7ttI,Tell Me About the Sea,['Timecrawler 82'],279000,2019,False,,0.429,0.8109999999999999,3.82e-05,0.0565,160.00799999999995
1rJZLfmJt4399qFnFeZWVl,Tangled,['Timecrawler 82'],285474,2019,False,,0.537,0.45299999999999996,0.025,0.0913,94.979
3CsLLmqrpklObxuS6OEhwQ,86'd,['Broken Bottles'],142969,2003,False,,0.266,0.9209999999999999,0.00629,0.583,157.289
2OdZ2H0g9YY5qpRffz5Me1,8 Second High,['Justin Johnson'],153187,2017,False,,0.609,0.867,0.0447,0.504,99.978
1BGKAoG2zvC4iSBONwjQyn,Sakura (feat. Punipunidenki & Le Real),"['Macross 82-99', 'ぷにぷに電機', 'Lé Real']",165378,2017,False,,0.785,0.813,0.007659999999999998,0.672,119.036
0Hm9H8k6UVsCUU7z4nUzB9,Brighter Days,['Macross 82-99'],124364,2018,False,,0.636,0.8690000000000001,0.000226,0.882,110.009
2b1wAXF7hVXtHfigxzTYPe,Apple Tree,['8 Ball Aitken'],258159,2018,False,,0.639,0.47700000000000004,0.0566,0.47,112.29299999999999
0abMGIvFUEfiUQZAmrpx5G,Lindy Loo,['8 Ball Aitken'],166325,2018,False,,0.721,0.6859999999999999,0.0719,0.5589999999999999,117.02
50w6Je6qFejD5uFon6aZlT,Six Stringer,['8 Ball Aitken'],254212,2018,False,,0.746,0.41,0.226,0.6679999999999999,81.033
6i8bCW9UwEdb6apLVjj6K9,Iron Horse,['8 Ball Aitken'],202942,2018,False,,0.601,0.8109999999999999,0.00040199999999999996,0.679,123.19200000000001
672xzD2bUOkYC1fgwp6qpo,High Water,['8 Ball Aitken'],218860,2018,False,,0.5579999999999999,0.366,0.636,0.196,147.915
7o3bHDIAKiXT2NaG6JfhqA,Sugar In My Coffee,['8 Ball Aitken'],219719,2018,False,,0.91,0.606,0.128,0.9540000000000001,120.97399999999999
6vIKlUJafTptvNCmuk7BV0,Drop on By,['8 Ball Aitken'],165326,2018,False,,0.545,0.185,0.72,0.358,133.725
60wjNXstzjS5PTWjrjJrPh,Mama’s Cookin,['8 Ball Aitken'],224653,2018,False,,0.784,0.489,0.0192,0.614,107.117
3lXKgjWNECWUcqjT5i0R0t,Say You Love Me,['8 Ball Aitken'],220334,2018,False,,0.7290000000000001,0.621,0.245,0.815,131.069
3ZRKa4Nctx39fMAsDbFLbY,Sweet As You,['8 Ball Aitken'],177984,2018,False,,0.711,0.425,0.0728,0.64,101.163
4wnzsKInoisFsRBBImnGOM,Drunk And Stoned,['8 Ball Aitken'],108237,2018,False,,0.5760000000000001,0.823,0.0182,0.484,121.26700000000001
5HyNVtVrzZxmXLJp7Vv2iN,Love Makes the World Go Round,['8 Ball Aitken'],230604,2018,False,,0.7140000000000001,0.389,0.05,0.524,77.97399999999998
0ZuiDVZLp6Hh9TTyAI1Mo9,"8655 (Ok,Ok)",['Yooda'],199394,2016,True,,0.413,0.9079999999999999,0.0382,0.41600000000000004,77.928
38qRhXOT07LRl4WYb15oVj,8 Ft. In the Air,['Benny Blanko'],131533,2002,False,,0.6609999999999999,0.7929999999999999,0.5489999999999999,0.6990000000000001,167.89
013YamgaIgXlFYykhf5zs3,88 Heartbeat - Original Mix,['Beatproduction'],323147,2005,False,,0.5579999999999999,0.5539999999999999,0.10300000000000001,0.912,175.891
2LDJ2ifwC0k3BLXQUPUZz8,8Ball City,['Kenner'],225136,2019,False,,0.599,0.778,0.0008810000000000002,0.657,129.69799999999998
4OVbnxjDG0hXAZCUT0iecp,80,['Ethnofobia'],438443,2003,False,,0.44799999999999995,0.408,0.00561,0.0326,120.073
30AQWpNZfy7M2TKthXnFSV,Tokyo Tokyo,['808 State'],292760,2019,False,,0.76,0.902,0.168,0.905,130.019
1DSZWDE3qF69PpUVgfQ5iI,Skylon,['808 State'],281093,2019,False,,0.595,0.9520000000000001,0.00925,0.431,137.97899999999998
2vZggMzUt7bK91S3TEqQQn,Cannonball Waltz,['808 State'],315733,2019,False,,0.804,0.813,0.00335,0.16699999999999998,123.024
1ihKf3emdjyoC8lbIY7TQS,The Ludwig Question,['808 State'],271667,2019,False,,0.715,0.899,0.000166,0.16899999999999998,159.067
3rk68QdYuLcDJVVhSQMUJs,Huronic,['808 State'],226840,2019,False,,0.7879999999999999,0.74,0.006490000000000001,0.16,129.99200000000002
2meX5t5JbeOTqHblN0Vvaj,Landau,['808 State'],248547,2019,False,,0.8009999999999999,0.718,0.0235,0.0747,120.006
6ZaXuORVTYLXtUwdhootQl,Westland,['808 State'],200693,2019,False,,0.727,0.762,0.0666,0.484,136.005
4HcDAbXQGYovxZuFrurb3f,Trinity,['808 State'],198093,2019,False,,0.593,0.873,0.000365,0.247,145.005
0D6rn7CgvdaldsCrok2DvQ,Ujala,['808 State'],291053,2019,False,,0.799,0.8690000000000001,0.0022600000000000003,0.8220000000000001,128.007
5MhE7UHgVMftg1BDoGCceP,Carbonade,['808 State'],229680,2019,False,,0.795,0.851,0.0027199999999999998,0.652,130.012
4Xvf6z06x6ipcZKuS8Y0s5,Pulcenta,['808 State'],131013,2019,False,,0.8009999999999999,0.9059999999999999,0.147,0.868,125.00200000000001
6QzLh5v4TKZP0NREi9jL4c,Angol Argol,['808 State'],257547,2019,False,,0.8059999999999999,0.86,0.0018899999999999998,0.736,119.973
15d3DlKfA3eJvSX6RpSirC,Bushy Bushy,['808 State'],217973,2019,False,,0.7609999999999999,0.5920000000000001,0.00229,0.402,97.48200000000001
0RNF7NYlAHAj1ZGzcvkMhZ,13 13,['808 State'],241307,2019,False,,0.502,0.654,8.22e-05,0.483,159.733
2wABWr9K9UcwKfPkEV5Hso,Crab Claw,['808 State'],193067,2019,False,,0.705,0.491,0.00133,0.7390000000000001,74.995
2B0kTpmeK77uj1Y3ckicDo,Tres Punta,['Los 8 De Colombia'],202213,2011,False,,0.836,0.8690000000000001,0.258,0.943,134.029
3acETBkcaQSPH19jcF06iM,Mosaico Corralero No. 1 - Cheche-Cole / Tuntuneco / La Barola / Las Flores Rojas,['Los 8 De Colombia'],269080,2011,False,,0.597,0.856,0.369,0.9390000000000001,118.869
1ew6B3HZ0v5xGb3NFqXA6L,Mata de Caña,['Los 8 De Colombia'],254893,2011,False,,0.737,0.856,0.365,0.9059999999999999,99.994
1h6YgGWfAbwJUKWYZHOPGk,Te Están Matando los Años,['Los 8 De Colombia'],244573,2011,False,,0.7190000000000001,0.735,0.0754,0.961,185.851
5QDBDAW5MJ8vcwKeoonqDI,El Sanjuanero,['Los 8 De Colombia'],224787,2011,False,,0.609,0.7290000000000001,0.204,0.787,101.07
4IEpggiWG0cK1lRbD0sNTf,Anhelos,['Los 8 De Colombia'],232107,2011,False,,0.767,0.655,0.6609999999999999,0.9490000000000001,145.047
7D3cdr2azrvyit7orgefGX,Mosaíco Corralero No. 2: La Cumbíamberita / Ramita de Matímbá / El Sapo / El Cebú,['Los 8 De Colombia'],278200,2011,False,,0.5770000000000001,0.847,0.17300000000000001,0.867,118.009
1nUl2GcXuT3rRK6BgHA3hX,We Are Never Ever Getting Back Together,['8-Bit Misfits'],196047,2017,False,,0.287,0.675,0.00564,0.7509999999999999,172.02
0zIJWAT3m0PKStXEr7UDUR,Blank Space,['8-Bit Misfits'],238125,2017,False,,0.441,0.626,6.52e-05,0.491,95.99799999999999
4zHsmnCU5Pz9BaZyDvV6LN,Love Story,['8-Bit Misfits'],238487,2017,False,,0.445,0.7979999999999999,0.00023799999999999998,0.539,119.035
2dID2XWNw5vAmnATSMED0R,I Knew You Were Trouble,['8-Bit Misfits'],223247,2017,False,,0.40399999999999997,0.727,0.00023700000000000001,0.605,77.042
2ozwogiGAHiTETFTOyu7vH,You Belong with Me,['8-Bit Misfits'],210923,2017,False,,0.473,0.8009999999999999,0.000414,0.687,130.029
6mgIN491oegrl8CaSFlC8v,Shake It Off,['8-Bit Misfits'],207375,2017,False,,0.408,0.7809999999999999,8.32e-05,0.9620000000000001,160.026
73bIzEZGfpjhORUx4hjjgj,Look What You Made Me Do,['8-Bit Misfits'],201094,2017,False,,0.74,0.8109999999999999,0.00198,0.355,128.02100000000002
5gjL4CpPMUOrgOcAgiQPoU,22,['8-Bit Misfits'],233654,2017,False,,0.41700000000000004,0.6559999999999999,0.00015900000000000002,0.5770000000000001,104.0
7lFDY2LCqW5ejQzUy8PXdE,"U, Me And Madonna",['1-800 GIRLS'],252400,2019,False,,0.733,0.71,0.257,0.28,119.984
6imCXpfGEfsSIRKNxhH9Av,Suncream,['1-800 GIRLS'],291000,2019,False,,0.7290000000000001,0.743,0.308,0.54,121.021
3s6oWkYtFvSSbjsi2ffARw,All Day All Night,['1-800 GIRLS'],332400,2019,False,,0.743,0.8590000000000001,0.0575,0.528,124.01
6DGlCgGRiHM2QYyvlwAKao,"U, Me and Madonna - Sundown Edit",['1-800 GIRLS'],366000,2019,False,,0.659,0.745,0.0509,0.397,128.013
0gfZRz6zxS1YxLr1GyfMIm,Bait Car,['8TEEN'],185667,2019,True,,0.772,0.662,0.0582,0.779,145.032
1lqVuiC0sH8kmsx9pLgMK9,Bait Car,['8TEEN'],185533,2019,False,,0.805,0.621,0.0647,0.742,145.064
2vJqjhSEXuSTDMHdEmqTcP,Delirium,['808 Minimal'],190476,2020,False,,0.628,0.988,0.000413,0.0368,126.01799999999999
6PkA41ezVYycZf63P8UoEs,Mazal Tov! (T.t.d.f.),['8th Day'],215799,2012,False,,0.7140000000000001,0.745,0.077,0.8370000000000001,119.62
6BUFdBHwZb160eMmfmPxGO,Bounce,['8th Day'],207910,2012,False,,0.626,0.7959999999999999,0.21,0.943,170.03799999999995
754mDOm85ULaMjza3BzedN,Harmony,['8th Day'],259710,2012,False,,0.5429999999999999,0.5429999999999999,0.5760000000000001,0.239,145.72899999999996
7HqmtAaCvg5vdZ9bKZ1ZiX,Didan (Victory Song),['8th Day'],215433,2012,False,,0.523,0.8640000000000001,0.00822,0.374,162.969
64YSJnB9MaDYCqXrdolpZ7,May You Be Blessed,['8th Day'],280974,2012,False,,0.627,0.5770000000000001,0.345,0.131,117.825
6Kq3tAy713a6JouCvwbcYH,All You Got,['8th Day'],232203,2012,False,,0.6459999999999999,0.688,0.257,0.9329999999999999,97.135
56CKbs2ryLRQZOk14j8t6W,Money Room,['8th Day'],230845,2012,False,,0.674,0.5539999999999999,0.565,0.479,76.048
4WvBuQce1XDi3QYwKVUgCr,The Rabbi's Son,['8th Day'],329771,2012,False,,0.506,0.563,0.6459999999999999,0.415,144.084
5wRVT6FGQDrAHoqoDgiP90,Cheery Bim,['8th Day'],215563,2012,False,,0.718,0.8270000000000001,0.0667,0.899,119.04299999999999
2B5PsnmNI54l8AyMHc3NfH,By My Side,['8th Day'],253781,2012,False,,0.535,0.728,0.20199999999999999,0.607,149.91
2xDhlPNxyz8UtLNdAxk6Re,Manhattan 2.0,['8th Day'],179750,2012,False,,0.5589999999999999,0.872,0.128,0.596,104.11399999999999
0Ca65TPYhI7tH9FP9Lzvb6,Fade to Black,['8 Graves'],236682,2015,False,,0.628,0.61,0.0047,0.461,192.062
1apPTr2qy9VqfpapZdDPB2,Go,['8 Graves'],241851,2015,False,,0.469,0.805,0.00185,0.184,171.981
33dFDat2OGzXbnLYpTnI0P,Lie,['8 Graves'],228898,2015,False,,0.387,0.687,0.134,0.35100000000000003,192.074
53zmRdct11tAihdgql3Q5A,Low,['8 Graves'],220194,2015,False,,0.561,0.735,0.0018100000000000002,0.319,69.98
0vaGeLfYtDI0C8sArnlUNb,The End,['8 Graves'],226011,2015,False,,0.628,0.909,0.00815,0.493,105.014
26czuuoQyDUQtM4KgVp2Qc,One Side,['803 Leel'],227396,2019,False,,0.8759999999999999,0.297,0.594,0.39299999999999996,127.07
59uZDcQDid0RS4MiIv2uQf,Risk Taker,['803 Leel'],160522,2019,False,,0.899,0.319,0.18,0.38299999999999995,119.97200000000001
02Mp9P6L4WTq8sxGrbxrtq,Oh YEA,['803 Leel'],255634,2019,False,,0.81,0.385,0.336,0.32799999999999996,135.987
0A6TiCl9ORaN7dz8RAI0fH,Joysticks,['803 Leel'],199158,2019,True,,0.7909999999999999,0.536,0.425,0.366,137.11700000000002
3ETrApnGQwwdo7K9fPQWmi,Birds Fly,"['803 Leel', 'Tango']",231915,2019,False,,0.851,0.35700000000000004,0.184,0.20800000000000002,116.12899999999999
4HQaiBtjr2Sin8g3QljEhm,Vibes,['803 Leel'],176875,2019,False,,0.8590000000000001,0.38,0.259,0.616,120.05
5WrAo7OeyZM3zNjGJsI6jc,Chances,['803 Leel'],220108,2019,False,,0.935,0.281,0.0522,0.485,132.03
5LRQJCNqKv1VZfRDVPYmi1,Trend Setter,['803 Leel'],190250,2019,False,,0.883,0.425,0.10400000000000001,0.304,121.975
6IlN8qDEPNShysJVNQaK72,War Today,['803 Leel'],220108,2019,False,,0.812,0.326,0.0229,0.6709999999999999,75.999
0kkArDzocwtUTc4NDiDlle,Battery,['803 Leel'],250122,2019,False,,0.9440000000000001,0.4370000000000001,0.0706,0.34700000000000003,123.99600000000001
2652tlzjkf45J6D2pjWDxm,Another Life,['803 Leel'],221466,2019,False,,0.887,0.381,0.0971,0.3720000000000001,129.912
2oJCkcCK5sLOVYhz76tuGH,Play the Guitar,['803 Leel'],120111,2019,True,,0.883,0.406,0.14400000000000002,0.425,114.992
0xChsZx1WKik3g5PYV5OCA,Race,['803 Leel'],117447,2019,False,,0.72,0.46299999999999997,0.406,0.5489999999999999,60.003
2IVZGxS5cMHPYSIrBJNAVW,8BALLVIBE,['Lxngshot'],98966,2020,True,,0.40299999999999997,0.782,0.299,0.565,173.75099999999995
1ihklSlLUi8qii82jkYv4E,8 O'clock,['Tuamie'],143997,2019,False,,0.705,0.359,0.0499,0.746,180.19
3pcB6ZKJ3KrCPL3qC0LF0O,Swamp,['808 Minimal'],130560,2020,False,,0.8270000000000001,0.625,0.000391,0.75,124.96799999999999
5Rme6EiS3Bpu2bZ9Lm2dKe,888 - Live at Hoxton Hall,['Cavetown'],239859,2019,False,,0.429,0.207,0.84,0.131,79.774
2TF0kVvksniUGEdwnBSw2v,85 to Africa,['Jidenna'],143331,2019,True,,0.642,0.6940000000000001,0.000335,0.568,106.41
1hmLTTVUu5ViMWVgYCdJmL,Dirty,"['Sosa 808', 'Yung Mal']",172505,2020,True,,0.905,0.29600000000000004,0.0253,0.243,137.039
3Ee9l7Tzs5vZ3IWfQUuDqM,Own Drip,"['Sosa 808', 'Yung Mal']",172496,2020,True,,0.914,0.204,0.0242,0.204,137.101
2IWs9eZDkEMJQNlurYBISL,Important,"['Sosa 808', 'Yung Mal']",177537,2020,True,,0.866,0.488,0.11,0.447,144.13299999999995
7pgXKaJDhpejtfhRI4lO4n,Hit Stick,"['Sosa 808', 'Yung Mal']",170719,2020,True,,0.925,0.629,0.0134,0.745,137.05100000000002
0qSg8noZpWnoEaVvYKplsD,Made It Out,"['Sosa 808', 'Yung Mal']",114120,2020,True,,0.8690000000000001,0.376,0.10300000000000001,0.318,143.092
3MRaklibfv7L7ScWccHshJ,My Would-Be Savior,['8stops7'],172093,2019,False,,0.59,0.9690000000000001,0.0217,0.419,119.765
4lZjggTrDqV6D5rHmAWzqc,Highway to Hell,['8-Bit Misfits'],193043,2020,False,,0.494,0.9009999999999999,0.000292,0.619,115.005
7elYqaMoUhTiVHECwYtDC5,Back in Black,['8-Bit Misfits'],218621,2020,False,,0.34600000000000003,0.696,0.0007469999999999999,0.715,173.94799999999995
4e7tZvONo8HfVXcxhWcfSE,Thunderstruck,['8-Bit Misfits'],242308,2020,False,,0.45799999999999996,0.846,0.000572,0.037000000000000005,129.994
173hf3H9ydhliPvNN7iag9,You Shook Me All Night Long,['8-Bit Misfits'],217440,2020,False,,0.475,0.799,0.000331,0.639,125.00299999999999
4r8U7xnjVyzOzPTaeQBCUV,T.N.T.,['8-Bit Misfits'],183387,2020,False,,0.568,0.893,6.61e-05,0.637,124.00299999999999
5P6IolHwX4KynI0MVW3hz6,Dirty Deeds Done Dirt Cheap,['8-Bit Misfits'],204361,2020,False,,0.48,0.7909999999999999,5.0600000000000003e-05,0.521,133.005
38kvTQPJnvygGbimyDZuVp,Hells Bells,['8-Bit Misfits'],226857,2020,False,,0.469,0.795,0.0008550000000000001,0.139,105.014
3bmyv3Anr4DzBItvllJRLn,Shoot to Thrill,['8-Bit Misfits'],207391,2020,False,,0.478,0.802,5.3799999999999986e-05,0.532,138.03
6mg3RAmkAZNe1WBWIvNVUN,854,['Eyelids'],151533,2014,False,,0.452,0.83,0.0127,0.7020000000000001,114.515
5WkCcSa78lM1Ym4LXzJUiN,La La Lost You - Acoustic Version,"['NIKI', '88rising']",208511,2019,True,,0.606,0.196,0.9079999999999999,0.391,100.87299999999999
6tzaG5ceUaujYRR1pdTZcv,Shouldn't Couldn't Wouldn't - Acoustic Version,"['NIKI', '88rising']",162000,2019,False,,0.636,0.21,0.9109999999999999,0.25,76.37899999999998
11cqsCFJayk8dLyJqPvGvp,Strange Land - Acoustic Version,"['NIKI', '88rising']",173420,2019,False,,0.505,0.207,0.915,0.185,74.839
4JfCT0RPN3fc2lefpmXFmd,Robot policier,['Mr.82'],231587,2020,True,,0.507,0.9420000000000001,0.00647,0.43,160.033
4yVVkdOWdtvhsoudXS1i1E,Pogo ball mauve,['Mr.82'],198632,2020,False,,0.51,0.9440000000000001,0.00392,0.45899999999999996,165.09099999999995
6tSS0wf9C6iVsk5Hs8WC03,Fumer partout,['Mr.82'],213808,2020,False,,0.547,0.95,0.00837,0.762,137.976
2VTCb8sCWpfGXucMvD9TZk,Brasse ton chieux,['Mr.82'],199945,2020,True,,0.488,0.99,0.00203,0.0777,130.041
3mpMWqWgA0Ph7Nt8aLCwOl,Donne-moi tout ton amour,['Mr.82'],144766,2020,False,,0.546,0.8809999999999999,0.0018800000000000002,0.736,80.001
4NCpRsq2kirpyBx0Duxfu5,Carbon Codes,"['Dinosaur 88', 'Sofia Insua']",217500,2019,False,,0.21899999999999997,0.845,0.00015800000000000002,0.389,100.00299999999999
5OuIlGyt6mIWz4aN9CDTql,Tiempo Sin Verte,['Dinosaur 88'],220000,2019,False,,0.486,0.802,0.152,0.185,164.143
4GxYVL00QWZAYBQ2wS38It,Estocolmo,['Dinosaur 88'],200000,2019,False,,0.429,0.956,0.0275,0.395,162.053
3AXDrJW3Px2NAPkscmJi1M,Pasado Presente,"['Dinosaur 88', 'Rebeca Lane']",139006,2019,False,,0.424,0.805,0.00428,0.195,170.165
6rHUcIK3xOKXoZ1lRKQVDz,Voices,"['Dinosaur 88', 'Cynthia Fión']",191665,2019,False,,0.465,0.773,0.01,0.20199999999999999,135.07399999999998
0xq9Xt1AlvldqmSPRX4mQK,Other Plans,"['Dinosaur 88', 'Rodolfo Guerrero']",276000,2019,False,,0.54,0.8809999999999999,0.0545,0.113,95.05
4ZZnV98mCX2EKbhjFr0oqH,The Golden Room,"['Dinosaur 88', 'Los Tiros']",211500,2019,False,,0.37799999999999995,0.7340000000000001,0.000256,0.106,143.999
6ja5h0O56xVAwqPRTqxD5E,Neon Dream,['Dinosaur 88'],176000,2019,False,,0.496,0.898,9.19e-05,0.496,107.555
4XVlKh9tSfPgRECr7wYGx8,La Apología del Tiempo,['Dinosaur 88'],226000,2019,False,,0.462,0.84,0.000343,0.0895,122.00299999999999
5uqqHgtMaeZsTz5n6FrtF2,Cold Blood,['Dinosaur 88'],218000,2019,False,,0.45,0.875,0.0017699999999999999,0.0365,157.994
5zP8fEocW2jaxNLAaCIyl9,Ukiyo,['Dinosaur 88'],176000,2019,False,,0.605,0.662,0.00315,0.165,128.005
3ixBM9yrP7Wzk7SkJo7Q7A,8th Avenue,['Cults'],201094,2020,False,,0.524,0.629,0.00039,0.475,79.983
3bEnsuW0k9syaj687rcf5L,'86 buick,['Pryde'],185322,2020,True,,0.7509999999999999,0.655,0.307,0.8809999999999999,90.039
4mILjzIBecEIREP3mj6EgZ,Let It Shine,['8fatfat8'],197200,2001,False,,0.785,0.7090000000000001,0.000279,0.364,131.629
2fXWhAq1hd2U85d0RjG0PI,8495,['Витя Исаев'],205909,2020,False,,0.888,0.294,0.67,0.649,109.999
2XHBPdwk3Defpf2qIheqPP,Feels Good,"['Yoha', '888moment']",229413,2020,True,,0.655,0.6990000000000001,0.568,0.579,83.669
7gWVybIZshRkawwLnZWfAE,Blackbodies - Variation,"['808 Dot Pop', 'Noemi Aurora']",475426,2019,False,,0.588,0.636,0.0425,0.44799999999999995,99.99600000000001
4722X51p10WF6w3bh7XMzP,Cie1960 - Expanded Color Space,['808 Dot Pop'],456607,2019,False,,0.6509999999999999,0.924,0.000496,0.778,119.984
4HGjsDQ2eq1eIjOpKpCQFS,Kelvin (3500),['808 Dot Pop'],269476,2019,False,,0.654,0.79,0.304,0.29600000000000004,120.00399999999999
4TrZwNWzb2K4FqeCsz9CG1,8 Shit,['TEC'],159410,2020,True,,0.8420000000000001,0.711,0.0262,0.51,161.994
6ur7ZOxc6kntqWqT9ZqR7S,Black Bodies - Pulsation,"['808 Dot Pop', 'Noemi Aurora']",229063,2019,False,,0.5539999999999999,0.6940000000000001,0.14300000000000002,0.442,99.98700000000001
6vcZtiYE10W8Q1cXzKZ6WN,Cie1960 - Color Space,['808 Dot Pop'],237277,2019,False,,0.622,0.9670000000000001,0.0013,0.544,120.001
6ufeAQKE0em8dXwC0x8JT2,The Journey,"['888moment', 'Jaimee Pineda']",201269,2020,True,,0.76,0.268,0.813,0.387,80.031
1w6jxkGLUASCyfAyRWoPrh,No Cap,"['888moment', 'Yoha']",160495,2020,True,,0.904,0.319,0.12,0.4370000000000001,131.99
3hgsg7SuUOFIysLut3JGWk,Aliens,"['888moment', 'Bigmike']",185758,2020,True,,0.76,0.33,0.653,0.706,87.97
48qJ30OmuuYZdKZ8YLWYYT,Deion Sanders,['888moment'],178328,2020,True,,0.794,0.321,0.47700000000000004,0.371,140.012
1PTzxdQugZpk8nw3mMn0Mb,Lostinsidemymind,['888moment'],106950,2020,True,,0.636,0.19699999999999998,0.6,0.5820000000000001,100.095
2l2lq0qt9qML3wBhrWS57i,Open Minds,['888moment'],104024,2020,True,,0.598,0.309,0.41700000000000004,0.735,167.68099999999995
5X9mIv1WqQzTv0dkNbxKh6,Birds in Space,['888moment'],164953,2020,True,,0.885,0.0716,0.32,0.133,140.004
7aKP2sPVXvZOA7CgbB5fdT,2 Much Cash,['888moment'],126408,2020,True,,0.915,0.249,0.121,0.34700000000000003,145.079
6aBAQpPhHK8h2AX5jDK9NC,Corpses in the Benz,"['888moment', 'Art_ILL']",164071,2020,True,,0.852,0.39299999999999996,0.511,0.335,90.0
0tX2hXTQrKEpHS16ONAnvc,Mommas Cry,"['888moment', 'BVLL']",199133,2020,True,,0.797,0.506,0.562,0.48700000000000004,144.985
4IXkFlJ5xe1rSLzWUqdkeD,X AE A-Xii,['888moment'],224373,2020,True,,0.669,0.402,0.21600000000000005,0.36200000000000004,129.865
4tfzzoOG6dMQdBkXDhbHQn,In the Kitchen (Interlude) [feat. The Boys],"['888moment', 'The Boys']",130752,2020,True,,0.649,0.18100000000000002,0.8959999999999999,0.57,90.01
0M3g5GdISuxrM2Q9vaPdXk,Up for Days,['888moment'],150046,2020,True,,0.747,0.276,0.413,0.375,142.02
3lPzbJy7WV68XkrB0dwDPE,81 Inch Prime Ass,['Tok'],194197,2015,True,,0.657,0.883,0.428,0.961,116.021
2viEKAZRgVfNe9Dt4FkLia,885 (navy),['ShitKid'],161500,2020,False,,0.52,0.617,0.627,0.40700000000000003,89.934
2pAJz2hLw4WgOC0Hv5SRM8,80's Kid,['Caspa'],279253,2015,False,,0.638,0.882,0.0402,0.0392,140.023
1l01WeJ4b2t1DdUjn6dj1Q,Mehloghosts,"['Damacha', '80H2O']",197038,2013,True,,0.535,0.7909999999999999,0.327,0.3670000000000001,83.046
4MHTZU8MFhDq2UOoGtmVkd,Born to Die,['8-Bit Misfits'],268605,2017,False,,0.336,0.718,0.0006799999999999999,0.14800000000000002,172.0
0tn0W1uIBcLLur5h6cSoVD,Video Games,['8-Bit Misfits'],270857,2017,False,,0.46399999999999997,0.532,0.0305,0.36,122.551
0bqKH03UAC9u1IQeW4qjRR,Blue Jeans,['8-Bit Misfits'],216610,2017,False,,0.381,0.8390000000000001,0.000146,0.358,117.994
5XkzDW40bGnJ2LjwqfxfoQ,Young and Beautiful,['8-Bit Misfits'],240517,2017,False,,0.47700000000000004,0.5710000000000001,0.00103,0.473,115.956
0bt5JgOM42WzoYaLqRejN1,Love,['8-Bit Misfits'],274546,2017,False,,0.47200000000000003,0.32,4.820000000000001e-05,0.382,99.023
4UnK7kVuQYaM8C5mEplXeh,Summertime Sadness,['8-Bit Misfits'],252857,2017,False,,0.58,0.7509999999999999,0.00044500000000000003,0.14800000000000002,111.973
0qcAPPQcbnKXWik76RMSh2,High by the Beach,['8-Bit Misfits'],238636,2017,False,,0.6,0.6920000000000001,0.00244,0.26899999999999996,132.012
6Cj6dVK6rrUjZ7svyjjAZy,West Coast,['8-Bit Misfits'],254517,2017,False,,0.22,0.792,0.000697,0.8029999999999999,99.98100000000001
6LzKeAYrLJbBTzbndlbFkR,80%,['Kur'],118422,2020,True,,0.823,0.386,0.5479999999999999,0.325,143.966
2GAtLqQly9aueHBOKJYCZ4,8-5 5-10,['Woods'],120587,2007,False,,0.6629999999999999,0.624,0.988,0.515,105.52600000000001
7HihbLwooLW4b5y01m4OMa,8th Grade,['Trav'],321930,2018,False,,0.763,0.698,0.0973,0.831,85.999
3b3FH3QTg4CBcucfZ4oQsR,"Chapter 8 ""Seashore and Horizon""",['Cornelius'],205000,1998,False,,0.106,0.53,0.368,0.368,179.822
5795rPYTG0IWVfSJoptauo,These Nights,"['88rising', 'Rich Brian', 'CHUNG HA']",223007,2019,False,,0.6559999999999999,0.6729999999999999,0.000317,0.494,83.01799999999999
5DrCWAaQ8zklweBa9abFIu,Strange Land,"['88rising', 'NIKI', 'Phum Viphurit']",175734,2019,False,,0.65,0.265,0.903,0.156,75.002
3wXibFToBaopIpUG7NZP6Y,Need Is Your Love,"['88rising', 'Joji', 'GENERATIONS from EXILE TRIBE']",158838,2019,False,,0.677,0.667,0.0607,0.27399999999999997,104.98299999999999
121bJml1xjrfnZuk2yPsLG,Tequila Sunrise (feat. AUGUST 08 & GoldLink),"['88rising', 'Jackson Wang', 'Higher Brothers', 'AUGUST 08', 'GoldLink']",243332,2019,False,,0.8,0.545,0.0313,0.45799999999999996,99.98100000000001
1qbXrxctv75pm1lWCn6Zw3,Walking (feat. Swae Lee & Major Lazer),"['88rising', 'Joji', 'Jackson Wang', 'Major Lazer', 'Swae Lee']",167080,2019,True,,0.701,0.6629999999999999,0.0123,0.33399999999999996,100.001
1WI8MH3HPGjzpU0ywLahwt,Breathe,"['88rising', 'Joji', 'Don Krez']",125468,2019,False,,0.5379999999999999,0.52,0.588,0.0775,113.081
16ox7ZM0ozbzBOTjFecYuY,Shouldn't Couldn't Wouldn't,"['88rising', 'NIKI', 'Rich Brian']",195052,2019,True,,0.45399999999999996,0.379,0.41,0.275,169.055
6ooN7OQtX3afliCdBh6xMD,Just Used Music Again,"['88rising', 'RHYME SO']",211301,2019,False,,0.7609999999999999,0.747,0.00565,0.585,122.97399999999999
349Wc5mDu52d4Uv8Eg9WZv,Indigo,"['88rising', 'NIKI']",173473,2019,False,,0.8190000000000001,0.664,0.0958,0.71,144.988
1ku9v2nPDKK39L764uUlVI,Hopscotch (feat. Barney Bones & Rich Brian),"['88rising', 'AUGUST 08', 'Joji', 'Barney Bones', 'Rich Brian']",205787,2019,True,,0.905,0.609,0.0695,0.447,85.04
2SJ6kMku0V8rXCB4bd8LHi,Calculator,"['88rising', 'AUGUST 08', 'Barney Bones']",177799,2019,True,,0.7,0.45399999999999996,0.449,0.139,90.133
5Htq8DDDN0Xce9MwqzAzui,La La Lost You,"['88rising', 'NIKI']",200000,2019,True,,0.721,0.5820000000000001,0.315,0.48700000000000004,100.083
5X5lLBN316xuc8bwgSWSgh,Hold Me Down,"['88rising', 'Higher Brothers']",223366,2019,False,,0.85,0.741,0.0239,0.809,100.975
3witRpHWHqArlnt6GTlH2Y,I Love You 3000 II,"['88rising', 'Stephanie Poetri', 'Jackson Wang']",209643,2019,False,,0.435,0.33799999999999997,0.853,0.354,179.727
01ibNvCrbTdwOcqIcroORv,2 The Face,"['88rising', 'Rich Brian', 'Higher Brothers']",151532,2019,False,,0.649,0.684,0.168,0.342,171.99400000000003
2f40gs0QFsXr6u656dI1xn,Gold Coast,"['88rising', 'Rich Brian']",241846,2019,True,,0.5770000000000001,0.649,0.132,0.266,129.97
4Bzyk6UWSYnNGnd6SUaSRc,Hit Me (La Felix Remix),"['88/89', 'La Felix']",172224,2020,False,,0.7190000000000001,0.768,0.039,0.304,109.993
6DNV5a5mtKQHYTB3gtMTkT,Hit Me,['88/89'],190176,2020,False,,0.578,0.8859999999999999,0.000571,0.59,99.93
0PKThx1F12fyjLdTRRPcl7,Summer Place,['8Kays'],348387,2016,False,,0.7020000000000001,0.784,0.000824,0.33899999999999997,123.99600000000001
6RGhVaAaOeMt6UaYkOLQ4Z,These Nights,"['88rising', 'Rich Brian', 'CHUNG HA']",223007,2019,False,,0.6559999999999999,0.6729999999999999,0.000317,0.494,83.01799999999999
6WiZoC0DgaeguBtsRQS0Tv,Strange Land,"['88rising', 'NIKI', 'Phum Viphurit']",175734,2019,False,,0.65,0.265,0.903,0.156,75.002
5VdGgnYUM0kLq09M0gf0IR,Need Is Your Love,"['88rising', 'Joji', 'GENERATIONS from EXILE TRIBE']",158838,2019,False,,0.677,0.667,0.0607,0.27399999999999997,104.98299999999999
14cP4uutfVVGjxPxaqZPLe,Tequila Sunrise (feat. AUGUST 08 & GoldLink),"['88rising', 'Jackson Wang', 'Higher Brothers', 'AUGUST 08', 'GoldLink']",243332,2019,False,,0.8,0.545,0.0313,0.45799999999999996,99.98100000000001
0rRjllvdAXlm6uYeAMGUFN,Walking (feat. Swae Lee & Major Lazer),"['88rising', 'Joji', 'Jackson Wang', 'Major Lazer', 'Swae Lee']",167076,2019,False,,0.711,0.648,0.0131,0.342,100.005
0pf1EKEdRPtWnwGC8QRS4H,Breathe,"['88rising', 'Joji', 'Don Krez']",125468,2019,False,,0.5379999999999999,0.52,0.588,0.0775,113.081
4WFKkuVsPPPtNmJsLGDVQa,Shouldn't Couldn't Wouldn't,"['88rising', 'NIKI', 'Rich Brian']",195048,2019,False,,0.474,0.364,0.435,0.251,168.12400000000005
027YyVNfGNlaaBClovlJbG,Just Used Music Again,"['88rising', 'RHYME SO']",211301,2019,False,,0.7609999999999999,0.747,0.00565,0.585,122.97399999999999
4d8jJDIHVDcz7HAEwNPbUK,Indigo,"['88rising', 'NIKI']",173473,2019,False,,0.8190000000000001,0.664,0.0958,0.71,144.988
2FUwhWPgKepQGy9sZo5804,Hopscotch (feat. Barney Bones & Rich Brian),"['88rising', 'AUGUST 08', 'Joji', 'Barney Bones', 'Rich Brian']",205787,2019,False,,0.904,0.606,0.067,0.425,85.02799999999998
0Cr0Rg5vEu3lzz3xIqsSxp,Calculator,"['88rising', 'AUGUST 08', 'Barney Bones']",177799,2019,False,,0.703,0.434,0.54,0.152,89.99799999999998
0qgiM1YsToTSdlw7fCopTR,La La Lost You,"['88rising', 'NIKI']",200000,2019,False,,0.4920000000000001,0.599,0.319,0.46,200.109
4pJHjqydVyj0ndhim7E0GJ,Hold Me Down,"['88rising', 'Higher Brothers']",223366,2019,False,,0.85,0.741,0.0239,0.809,100.975
20OnlplW6CjMLlsAUbMfAS,I Love You 3000 II,"['88rising', 'Stephanie Poetri', 'Jackson Wang']",209643,2019,False,,0.435,0.33799999999999997,0.853,0.354,179.727
1HF1UVUNGMhkAvfEFDsJyq,2 The Face,"['88rising', 'Rich Brian', 'Higher Brothers']",151532,2019,False,,0.649,0.684,0.168,0.342,171.99400000000003
1924Oo0YE5uenxghNnxDFQ,Gold Coast,"['88rising', 'Rich Brian']",241846,2019,False,,0.584,0.619,0.0658,0.303,129.982
3D0WknKfD1g00NRaMnbMIj,867-5309 / Jenny,['Tommy Tutone'],226200,2014,False,,0.584,0.708,0.0264,0.564,137.657
2ZHv3Rhk1gWRHU5xDOABU8,867-5309 / Jenny,['Tommy Tutone'],225680,2007,False,,0.59,0.777,0.0663,0.622,137.371
55J1WZGXXqcdPrq3amFq2k,The Man,['88/89'],192289,2020,False,,0.617,0.726,0.00199,0.902,111.985
3aMmeg6z3N3nnjHCHYen5x,Intro,['8Ball & MJG'],48147,2007,True,,0.607,0.504,0.258,0.155,120.115
51nSG94rmkEr7l99nzlz5k,Relax and Take Notes (feat. Notorious B.I.G. and Project Pat),"['8Ball & MJG', 'The Notorious B.I.G.', 'Project Pat']",291653,2007,True,,0.731,0.882,0.0342,0.4970000000000001,153.02
2m7fCVsVR6qNgb71tupR7m,Ridin' High,['8Ball & MJG'],258480,2007,True,,0.8270000000000001,0.6459999999999999,0.00504,0.322,130.013
3lMBSv3qfp9V1X7tZTL6QL,Turn up the Bump,['8Ball & MJG'],269107,2007,True,,0.6629999999999999,0.754,0.0146,0.644,157.07299999999995
6qD7mx6laT68bKttI2IfBm,Cruzin' (feat. Three 6 Mafia and Slim of 112),"['8Ball & MJG Featuring Three 6 Mafia and Slim of 112', 'Slim of 112', 'Three 6 Mafia']",320173,2007,True,,0.713,0.7020000000000001,0.0183,0.496,126.37200000000001
1kcENjJp9Rfh6lAwEoSJok,Whatchu Gonna Do (feat. Pimp C),"['8Ball & MJG', 'Pimp C']",290347,2007,True,,0.8740000000000001,0.748,0.0148,0.506,145.484
3yK8RUZZedoEy1wIVD362K,30 Rocks (feat. Diddy),"['8Ball & MJG', 'Diddy']",263373,2007,True,,0.9179999999999999,0.7020000000000001,0.00596,0.244,146.086
7FXBFw1nqsS5bVGggxfeX6,Bl*w J*b Interlude,['8Ball & MJG'],93733,2007,True,,0.5870000000000001,0.282,0.7390000000000001,0.42100000000000004,85.554
1YaJHpVMnoZXnYqjlOl7xi,Hickory Dickory Dock,['8Ball & MJG'],293187,2007,True,,0.6970000000000001,0.72,0.0823,0.29100000000000004,75.007
3DpBcx6sffSygWnJGMrEzz,Runnin' out of Bud (feat. Killer Mike),"['8Ball & MJG', 'Killer Mike']",313067,2007,True,,0.7959999999999999,0.66,0.00505,0.625,146.009
22GX5rPq3PgRhq8GQLjJti,Clap On (feat. Yung Joc),"['8Ball & MJG', 'Yung Joc']",230120,2007,True,,0.736,0.7190000000000001,0.0423,0.34299999999999997,168.053
3DRQb92yog7vLWT89rcXB3,Alcohol P***y W**d,['8Ball & MJG'],217640,2007,True,,0.8029999999999999,0.831,0.0119,0.787,149.95
7IM6leD6VkX5ETmI6upJQw,Pimpin' Interlude,['8Ball & MJG'],30800,2007,False,,0.747,0.441,0.8320000000000001,0.905,52.431999999999995
0PXRwiGyuFAMWSuqaslO5d,Pimpin' Don't Fail Me Now (feat. Jazze Pha and Juvenile),"['8Ball & MJG', 'Jazze Pha', 'JUVENILE']",236933,2007,True,,0.745,0.536,0.008579999999999999,0.542,84.98299999999998
72pgfJ2NhXR5CMHAh0mzlY,Worldwide,['8Ball & MJG'],266213,2007,True,,0.687,0.9159999999999999,0.332,0.878,154.034
0QJMpzoqAl0tADK6zSayTH,Take It Off (feat. Poo Bear),"['8Ball & MJG', 'Poo Bear']",322147,2007,True,,0.835,0.7170000000000001,0.0119,0.701,119.986
4BOLIh1tf43phwfgqMnfGi,Memphis (feat. Al Kapone),"['8Ball & MJG', 'Al Kapone']",239000,2007,True,,0.792,0.76,0.0228,0.467,157.054
5x9shAJuOfTgIWVgaJtkUa,Get Low,['8Ball & MJG'],240533,2007,True,,0.95,0.6659999999999999,0.019,0.805,119.56200000000001
5blKaWLa3hoV0l8P7mQxxm,Stand Up,['8Ball & MJG'],260547,2007,True,,0.875,0.847,0.0104,0.861,117.199
3TwBglK5Ax6HRDHyos0wJu,80 Bars,['Dano Detroit'],259814,2020,True,,0.563,0.852,0.483,0.5720000000000001,84.876
5mKGOCeBIlB5yoGVlR5BIw,8 Ball,['TEC'],137308,2020,True,,0.794,0.485,0.0113,0.585,170.10299999999995
1Q5EmN26Df6eOJj7RATCKj,Belong,['Macross 82-99'],144000,2017,False,,0.735,0.672,0.0057799999999999995,0.267,140.034
1wPDKGOZDxcLORZvtexL3m,Back At It (feat. Lotus Cloud & Le Real),"['Macross 82-99', 'Lotus Cloud', 'Lé Real']",160571,2017,False,,0.8320000000000001,0.675,0.0107,0.745,104.98
7G1sVwrOMDULbm28gLHKbs,Cherry (feat. Night Tempo & Punipunidenki),"['Macross 82-99', 'Night Tempo', 'ぷにぷに電機']",235625,2017,False,,0.64,0.853,0.253,0.44299999999999995,100.03
70jRNxaOg6XEOQBniZwZzh,Harajuku Heat (feat. Facy Sedated),"['Macross 82-99', 'Facy Sedated']",130169,2017,False,,0.7879999999999999,0.546,0.0031100000000000004,0.18,118.02600000000001
1dcwF6zmdXyvv0Hzr7cOGt,Pretend (feat. Samsi),"['Macross 82-99', 'Samsi']",251303,2017,False,,0.539,0.52,0.10099999999999999,0.731,95.96700000000001
3zmHQpSxdBtfYCXhlLwkES,"Always, Hong Kong",['Macross 82-99'],99359,2017,False,,0.816,0.499,0.0117,0.413,140.036
7feLUajihDgOMzqIBcHPmF,Intimos Momentos,['Macross 82-99'],50087,2017,False,,0.857,0.0912,0.531,0.281,114.96799999999999
6U1J1IBf0WrwKnUqoSuABj,Dance!,['Macross 82-99'],125627,2017,False,,0.782,0.8059999999999999,0.00101,0.9209999999999999,130.039
0zicq2x7ygYzQxfFwrJZbS,Breath Of The Wild (feat. Chieko),"['Macross 82-99', 'Chieko']",258264,2017,False,,0.7559999999999999,0.461,0.574,0.256,134.935
3AdAwJ1ds4UIhg4lEycPFb,Macross Plus,['Macross 82-99'],120889,2017,False,,0.4970000000000001,0.934,1.7199999999999998e-05,0.33899999999999997,134.982
0u7QGHqs20rGJWtWwhl9Uw,Kane West Is Playing In My House,['Macross 82-99'],163750,2017,False,,0.807,0.513,0.000344,0.498,122.022
4QPbiMvsGyJGnQRbMmYtuS,Jutsu,['Macross 82-99'],146000,2017,False,,0.696,0.856,0.0174,0.8809999999999999,125.014
4YQYUuI7x39Fg5kZSxewD6,Have Hope,['Macross 82-99'],155501,2017,False,,0.779,0.8059999999999999,0.0796,0.488,115.03
2YP9BF2Y9NUMJqgmx50FLH,Horsey (feat. Sarah Bonito),"['Macross 82-99', 'Sarah Bonito']",151795,2017,False,,0.484,0.8290000000000001,0.0154,0.38799999999999996,116.99600000000001
3HO0ICUrBVV5kWv5PI4OnJ,8 Melodies,['ARTHUR'],96376,2020,False,,0.7170000000000001,0.506,0.531,0.41,126.087
47PuGbgZalV3jNrlSLW9J8,Director's Cut,"[""'89 Skratch Gangstaz (DJ Pone & Snayk Eyez)""]",281920,2003,False,,0.632,0.902,0.23,0.5770000000000001,92.729
4vByq0ENplmS7kXAVOVNvq,Pimp On (feat. 8 Ball & Too Short),"['Twista', '8Ball', 'Too $hort']",242493,2004,True,,0.6809999999999999,0.72,0.43799999999999994,0.912,185.35299999999998
38nAJZl8kUTKpjo4sq8KK1,DESTROYUSALL,['1 800 PAIN'],183375,2020,True,,0.415,0.976,0.0222,0.179,119.39
7yOPE5LvpkynNqCk7nLEwl,HURT,['1 800 PAIN'],173182,2020,True,,0.5660000000000001,0.958,0.0585,0.382,153.999
5iY1FjXaB3gAjyfv68KpxB,LEGO,['1 800 PAIN'],152902,2020,True,,0.575,0.998,0.0329,0.419,175.053
5cV1dQURza6qPuS2PVB5tM,SHELF,['1 800 PAIN'],181463,2020,True,,0.507,0.972,0.0557,0.218,123.06
193WM8SfGp3y5ZQjD0qSOD,OUTSIDE,['1 800 PAIN'],152045,2020,True,,0.35100000000000003,0.996,0.184,0.25,175.84400000000005
0YZQKAB6PealTuv4eAjQm7,LURK,['1 800 PAIN'],182592,2020,True,,0.563,0.9990000000000001,0.218,0.363,165.025
0NFbHD9darYyDc8NzHUdyu,CAKE,['1 800 PAIN'],153224,2020,True,,0.78,0.8390000000000001,0.38,0.5670000000000001,82.48200000000001
0g5fNXDqdDFLRWENILmBYo,CRACK,['1 800 PAIN'],198222,2020,True,,0.531,0.871,0.0824,0.531,135.20600000000002
5YrhQYGzeN5ELXtF1fSO8U,Lied,['8'],279070,2020,False,,0.636,0.951,0.0005650000000000001,0.0355,128.993
1NHV1sN4irHXI43T6TBZ9q,Quarantine,['808 Minimal'],188160,2020,False,,0.6629999999999999,0.755,0.24,0.0377,125.00299999999999
3D7DF9IB1voFhdFzScdcWi,Bluebird,"['Lane 8', 'Anderholm']",326200,2020,False,,0.595,0.6679999999999999,0.601,0.0362,120.024
7fQZasCRAlLAYSgw9aLZJa,Tomorrow Starts Today,['88 Fingers Louie'],115912,2019,False,,0.337,0.934,4.8e-06,0.8,123.303
2TZ1BWACpVEUVsPtvF6q2O,Selfish Means,['88 Fingers Louie'],150652,2019,False,,0.431,0.977,4.09e-06,0.615,126.57799999999999
6d0esGqv6PC8hjBIW5rhfK,State,['88 Fingers Louie'],132174,2019,False,,0.33399999999999996,0.986,2.47e-06,0.552,103.993
3kQmE5EwLpMS1YeHqQBN5M,Summer Photos,['88 Fingers Louie'],192925,2019,False,,0.508,0.792,0.000123,0.8590000000000001,189.511
4Reu3gguHpEFsjXu7acvuv,Two-Faced Bastard,['88 Fingers Louie'],148216,2019,False,,0.215,0.9570000000000001,4.18e-06,0.494,85.92299999999999
36ILa8kxWtuE9fdbO3S08X,Another Love Song,['88 Fingers Louie'],126887,2019,False,,0.6,0.895,1.74e-05,0.82,108.90899999999999
1WqfwqmaDWgUo2a3tf1S6M,Joyboy,['88 Fingers Louie'],182993,2019,False,,0.34299999999999997,0.938,9e-05,0.711,169.102
3d5Zor9BzsJXAnAoNfsPzF,Newspaper,['88 Fingers Louie'],93725,2019,False,,0.381,0.9490000000000001,7.95e-06,0.83,182.93099999999998
4Lpbjp7nmw5kEshjXppQw3,Drunk & Ugly,['88 Fingers Louie'],103696,2019,False,,0.297,0.985,4.66e-06,0.528,175.282
470bJiytC8KGUelsecDBwY,Worst Man Won,['88 Fingers Louie'],112519,2019,False,,0.359,0.945,0.000277,0.509,129.999
5Ul0sIESLXGkfaqPefpTmP,Punk Rock Rulebook,['88 Fingers Louie'],143425,2019,False,,0.41,0.982,4.2999999999999995e-06,0.484,123.86399999999999
1BZlEGgdcpxTC8Un1pEY6J,Elmer's,['88 Fingers Louie'],86756,2019,False,,0.424,0.963,4.69e-06,0.904,110.62
2TFN9rJ8bRGvzXDPDW4t2H,Well Done,['88 Fingers Louie'],171712,2019,False,,0.321,0.966,8.74e-06,0.38299999999999995,96.985
3FoQWvYblnMpgF1D62qcbS,100 Proof,['88 Fingers Louie'],150491,2019,False,,0.496,0.987,6.3e-06,0.53,115.90799999999999
7MRrlYmgk60SG8aSIevNPD,FVK “Fearless Vampire Killers”,['88 Fingers Louie'],66221,2019,False,,0.183,0.982,4.06e-06,0.4,164.67700000000005
3J2FZb49h6uuqlG36knszU,Admission,['88 Fingers Louie'],206884,2019,False,,0.191,0.987,3.4e-06,0.446,181.167
5j7Fttis8tyLG225qoJz65,867-5309 / Jenny,['Tommy Tutone'],226200,2014,False,,0.584,0.708,0.0264,0.564,137.657
7kzrkWU02oEa9Noeof1dh8,Dandelions,['8889'],230000,2005,False,,0.491,0.7090000000000001,0.0161,0.527,134.079
4jdRFZxwtDNFmDKg1vjpGZ,The New You,['8889'],274000,2005,False,,0.5489999999999999,0.6679999999999999,0.146,0.672,124.995
6Ba2zNMvaLvQ0bfpLNppTD,If I Run,['8889'],238000,2005,False,,0.15,0.6409999999999999,0.159,0.135,207.95
3og5Lf5Pt7FfZ5we6deJoc,My Music Plan,['8889'],180000,2005,False,,0.262,0.762,0.0615,0.8009999999999999,206.658
6ALxMTdjmDCVGsvHv4BAfQ,80 Degrees,['Bryde'],216433,2020,False,,0.611,0.5870000000000001,0.135,0.511,120.01799999999999
7c6G9YocQrZ9yJWfZJWFdh,Hit Me,['88/89'],190176,2020,False,,0.578,0.8859999999999999,0.000571,0.59,99.93
2A1NpiyEkDNlowxT3aBNc5,Wide Open,['88/89'],197058,2020,False,,0.4370000000000001,0.6579999999999999,0.0686,0.301,169.857
2FFjVZPNdUMcqPIy6Nsmai,The Man,['88/89'],192289,2020,False,,0.617,0.726,0.00201,0.9159999999999999,111.985
0ifuZLXfFMwx7QyQarWMK5,Bits With Byte,['8 Bit Weapon'],182662,2013,False,,0.425,0.972,0.00599,0.785,127.99799999999999
6EFE2rz6CuGQJ7NJHkTFuD,Chip On Your Shoulder,['8 Bit Weapon'],201363,2013,False,,0.524,0.784,0.000462,0.254,134.715
4fo26nK1tIp8K673EIyuSl,The Art of Video Games Anthem,['8 Bit Weapon'],191890,2013,False,,0.445,0.97,0.0225,0.442,134.05700000000002
5KBxvWl0odOEgI0a53cPH6,Micro Boogie,['8 Bit Weapon'],225326,2013,False,,0.818,0.504,0.0016899999999999999,0.7959999999999999,132.952
0umxOhjPWrc4rifwELHfDd,Igustra,['8 Bit Weapon'],221711,2013,False,,0.843,0.738,0.0185,0.873,140.02100000000002
4ktYX4l3x5jjIOnvL1B0y2,Miami Dub Bounce,['8 Bit Weapon'],160773,2013,False,,0.414,0.69,5.16e-05,0.435,165.08900000000003
5ZYyMFZnYmRK9jUHqQqhV6,Fallout in the Wasteland (the New Dimension Remix),['8 Bit Weapon'],212775,2013,False,,0.6659999999999999,0.653,0.0857,0.38,125.301
3lRHtZQNC3fGyTSvdVSdJo,Closer,['8 Bit Weapon'],169665,2013,False,,0.7509999999999999,0.41100000000000003,0.0030600000000000002,0.975,128.012
0zAYlVUonLrvqb2fRpY8Wo,Phase I: Lexical Analysis,['8 Bit Weapon'],817411,2016,False,,0.129,0.257,0.064,0.0354,98.522
0LT4Av9uQgNivh8jkkNzXR,Phase II: Debugger,['8 Bit Weapon'],788000,2016,False,,0.231,0.157,0.87,0.0688,96.837
3tt825w6HQCkqFb4Av8Dmr,Repeat,['808 Minimal'],302222,2020,False,,0.7709999999999999,0.833,0.24100000000000002,0.0383,135.001
2G5jb5KDMJ5sZX1q6RX9Y8,Maverick,['FM-84'],215527,2020,False,,0.43,0.649,0.0214,0.337,92.001
7Ic9rCwAru10ocRAvwHWXz,Atlas (Original),['FM-84'],275000,2020,False,,0.544,0.725,0.102,0.207,115.01299999999999
2EDdKYoiHFnENLbrq6Rxfi,Fade (Running in the Night),['FM-84'],300000,2020,False,,0.489,0.748,0.00193,0.428,131.994
7BCqxRY3q8y7y1LlVT1ZL3,Breathe - 2011 Demo,['FM-84'],285500,2020,False,,0.509,0.8320000000000001,0.313,0.945,109.977
3TdPhOzHmPAyBRvkPxTqAc,8 Hand Version,['Bill & Ben'],175640,2010,False,,0.737,0.342,0.33399999999999996,0.433,79.913
2sWpczvmqkblffJndaDquq,Apple Tree - Instrumental,['8 Ball Aitken'],261885,2019,False,,0.624,0.35,0.0531,0.41200000000000003,112.17200000000001
2LMFsPgOYWqF4dei7cXTtF,Lindy Loo - Instrumental,['8 Ball Aitken'],168971,2019,False,,0.8220000000000001,0.386,0.151,0.6940000000000001,117.064
646Hf29RGi1uNgve05aux6,Six Stringer - Instrumental,['8 Ball Aitken'],256557,2019,False,,0.778,0.107,0.0444,0.531,80.832
3S3GTU4OKOAgdDJEwhpd6q,Iron Horse - Instrumental,['8 Ball Aitken'],203426,2019,False,,0.66,0.679,7.390000000000001e-05,0.55,123.096
2OTL9Lott7qhwoPYlViCBZ,High Water - Instrumental,['8 Ball Aitken'],222730,2019,False,,0.636,0.225,0.6629999999999999,0.203,147.998
6iYqy8FQwukASpRDZ8tLfI,Sugar in My Coffee - Instrumental,['8 Ball Aitken'],222585,2019,False,,0.9540000000000001,0.38,0.0118,0.892,120.98700000000001
1oiGTg2E72msM8elOfIzJq,Drop on By - Instrumental,['8 Ball Aitken'],163146,2019,False,,0.627,0.0666,0.779,0.28800000000000003,66.953
32pl7TAM0DNrk75n2KjWRG,Mama's Cookin - Instrumental,['8 Ball Aitken'],225332,2019,False,,0.8340000000000001,0.295,0.0021100000000000003,0.5670000000000001,107.03399999999999
2ZiYBKWBHsX3oKbH84hwQ4,Say You Love Me - Instrumental,['8 Ball Aitken'],222305,2019,False,,0.785,0.48700000000000004,0.127,0.706,130.993
3LDWynNgWHQyA4QycbcJq2,Drunk and Stoned - Instrumental,['8 Ball Aitken'],109387,2019,False,,0.684,0.615,0.00419,0.19899999999999998,120.978
4awD1krd4MxFYhZvJVvU7j,Sweet as You - Instrumental,['8 Ball Aitken'],178959,2019,False,,0.711,0.308,0.0224,0.568,100.961
1Cux3cugJzGq8ruhXZJUG2,Love Makes the World Go Round - Instrumental,['8 Ball Aitken'],231602,2019,False,,0.7509999999999999,0.222,0.0251,0.302,77.975
7kTSJghiMLQ4eEj9b2Gkl4,8 Bit Memories,['MiTiDo'],254653,2008,False,,0.772,0.772,0.102,0.139,98.01799999999999
3fTayDGDcp4QB5k7aRzJXV,J'aime les chattes,['Mr.82'],217261,2020,False,,0.5720000000000001,0.943,0.00635,0.695,159.97899999999996
0VZ59vGFZVcP2BvGDpmtrZ,Tétons,['Mr.82'],226670,2020,False,,0.507,0.912,0.0263,0.563,144.004
4e0XJ6PyyoJ7UGt395RDfq,Film de bras,['Mr.82'],245345,2020,False,,0.537,0.9,0.018000000000000002,0.36,87.475
0dPBYwI05OjH2Xu38sui5x,Diner kraft,['Mr.82'],259833,2020,False,,0.611,0.871,0.0221,0.337,116.056
1vOCOYiU4a0ZWOCFQE4khA,Sperme de métal,['Mr.82'],203894,2020,False,,0.622,0.862,0.00149,0.9,136.96
4BtxsGi4omYofJfscerEoh,80's TV Show (Instrumental),['Monstroid'],206967,2017,False,,0.23,0.914,5.93e-06,0.41100000000000003,145.502
