id,name,artists,duration_ms,year,explicit,spotify_popularity,danceability,energy,acousticness,valence,tempo
4WDCKyt9SpKz00MvFKP4oR,99 Percent Chance of Loving You,['AOR'],305017,2015,False,,0.657,0.8490000000000001,0.19699999999999998,0.8640000000000001,120.009
7KO1M3HuUpbk3WI1Hri5kH,90210,['Smiley'],165517,2020,True,,0.735,0.524,0.0653,0.539,116.03299999999999
0rOTMSSa6yscfOrGnzfheM,99 Red Balloons,['Goldfinger'],229173,2000,False,,0.285,0.843,0.00103,0.282,97.051
3PKGEW2EBEv1OeSLij8aCG,Cheer for Me,['95 South'],275800,2000,False,,0.6970000000000001,0.924,5.19e-05,0.45,133.108
0TaVYxOPybrUc9y9pbYyuc,Tal'90,['TAL'],616373,2001,False,,0.151,0.439,0.0522,0.0359,105.791
3yuT9wnGCGbUd0nB9pfI2s,Mini,['SCSI-9'],384253,2005,False,,0.639,0.511,0.0163,0.21,120.49
0LlS8thab2zxTme9j1v636,Ask Yourself,['98 Mute'],153427,1998,False,,0.413,0.988,4.2700000000000015e-05,0.5429999999999999,106.833
2JmGatLxW4hzXDIC7TZyUM,How Do You Feel Now?,['98 Mute'],131773,1998,False,,0.447,0.9840000000000001,5.6899999999999994e-05,0.483,102.781
3JNqdTMq1o7H7DWAV4nPGO,Election Year,['98 Mute'],161933,1998,False,,0.365,0.98,0.000123,0.552,103.323
4gwkV4i8duKHDG3Vb9DU7n,Breakdown,['98 Mute'],150200,1998,False,,0.45899999999999996,0.977,0.00011100000000000001,0.52,102.885
3BSNk935E0EX2Z2nhw4RaV,Shine,['98 Mute'],169933,1998,False,,0.38,0.986,7.32e-05,0.426,104.82700000000001
3foEhQK3pqfUhTGm1mxLqz,Great Expectations,['98 Mute'],145960,1998,False,,0.311,0.991,6.91e-05,0.384,105.21
5Nf9hUnBrfgGoJYa9In1bt,Hangman,['98 Mute'],92240,1998,False,,0.47,0.986,3.41e-05,0.507,106.319
6m5ojiTiSIzzgCfwuPfCDj,Growing Old,['98 Mute'],116200,1998,False,,0.5,0.9940000000000001,1.4800000000000002e-05,0.418,101.016
2Vi48HCCVumt5yzfzPE3B5,Perfect Sense,['98 Mute'],158600,1998,False,,0.345,0.9690000000000001,4.16e-06,0.419,103.82
3u2u92J0YktGwI4StrcNx2,Slander,['98 Mute'],163560,1998,False,,0.452,0.9940000000000001,3.46e-05,0.254,102.324
4d4qLOBmxvOTpGhse9kKFu,Short Fuse,['98 Mute'],133933,1998,False,,0.44799999999999995,0.988,2.14e-05,0.45,104.11200000000001
3Nm7AR87QtVfr5rd6XrBgm,Open Your Eyes,['98 Mute'],173773,1998,False,,0.452,0.976,0.00011599999999999999,0.6759999999999999,106.544
4AQyGPpSCRiY9DMTlx7a8m,Picture This,['98 Mute'],125627,1998,False,,0.42,0.988,2.95e-05,0.633,103.01
1sC1mp0BP7VLt62020o1MH,Watch Over Me...,['98 Mute'],241533,1998,False,,0.35600000000000004,0.991,4.35e-05,0.33299999999999996,105.734
1ubEp36Az26ytP5w4K4lHb,90 Days,['Tarwater'],212853,2005,False,,0.8420000000000001,0.669,0.667,0.5670000000000001,108.963
5zsXzpPMloVH0hCqJXD6xT,Alectra,['SCSI-9'],480773,2003,False,,0.7929999999999999,0.622,0.0121,0.778,130.031
3GmqvHCdekJXat0S49MB1D,Bright Flashbacks,['Myka 9'],181467,2011,True,,0.564,0.737,0.5870000000000001,0.201,92.87700000000001
51FRWJGJQXlIioQxFniYeM,Mind Right,['Myka 9'],236613,2011,True,,0.7759999999999999,0.552,0.0384,0.418,92.0
3GCZ4c4ntR0vTqKtoILluG,Where Would You Be,['Myka 9'],270760,2011,True,,0.757,0.483,0.14800000000000002,0.395,94.91799999999999
0zceDjBrqR0WzQvK64oN3O,Hey,['Myka 9'],161653,2011,True,,0.58,0.563,0.405,0.441,90.23100000000001
7zxXahuHRBzAVn4JataAQd,"Oh Yeah…Alright (feat. Aceyalone, Sunspot Jonz, Casual & Kirby Dominant)","['Myka 9', 'Aceyalone', 'Casual', 'Kirby Dominant', 'Sunspot Jonz']",266093,2011,True,,0.875,0.611,0.0257,0.451,121.00299999999999
1TW9JGTiu5nU0Nf711NfB8,Breathin’ Down Your Back,['Myka 9'],200333,2011,True,,0.787,0.711,0.0558,0.5539999999999999,102.014
47lmwjfpFttKoNpp7x38jQ,I Must Cross (feat. Viveca Hawkins),"['Myka 9', 'Viveca Hawkins']",283453,2011,True,,0.83,0.637,0.12300000000000001,0.66,88.12100000000002
1w5q8VCyQVcqsKigOVrbsA,Trimming,['Myka 9'],299733,2011,True,,0.772,0.597,0.0601,0.742,100.993
3h2TFjFgfN63Q5sCpUDX2L,Tell Me,['Myka 9'],252507,2011,True,,0.551,0.6890000000000001,0.161,0.35700000000000004,95.995
2mcqF4EU3qaUYb83Ixmz2D,Face Of A Waterfall,['Myka 9'],261293,2011,True,,0.757,0.526,0.19,0.21899999999999997,103.10700000000001
33aAivertjnaUJx0hnYQJN,Don’t You Go,['Myka 9'],203547,2011,True,,0.73,0.52,0.287,0.5589999999999999,85.835
2ZcH4XXlj1sTlWGdobIDsk,The Things,['9miles2go'],186653,2003,False,,0.322,0.7809999999999999,0.000509,0.565,154.96200000000005
2o6oYMNZmam9OFLD4NAcMP,Telpyi Dym,['SCSI-9'],393467,2006,False,,0.9390000000000001,0.228,0.737,0.767,119.98200000000001
6HWZDo3eXj8ihq2ATroIGG,Elegia,['SCSI-9'],350893,2006,False,,0.6779999999999999,0.355,0.0411,0.529,122.994
72MBTcWuPNdKBnWjJc9f6Y,Eclair De Lune,['SCSI-9'],380120,2006,False,,0.807,0.792,0.0024,0.44299999999999995,123.01299999999999
7BlQwDCbzReEyYDBNhP6L3,The Line Of Nine,['SCSI-9'],299973,2006,False,,0.8059999999999999,0.41100000000000003,0.13699999999999998,0.763,123.01100000000001
2mVQTxFo7GVbXdx0YApDwF,Endlich,['SCSI-9'],439627,2006,False,,0.7929999999999999,0.59,0.00128,0.508,122.991
2igDeLEr1CK16LNOExe89B,Little Leaves Fall,['SCSI-9'],367587,2006,False,,0.805,0.7340000000000001,0.0838,0.5489999999999999,120.006
7uSJy4mRp1stRqC9wbNKCo,Senorita Tristeza,['SCSI-9'],353400,2006,False,,0.713,0.429,0.0115,0.517,123.00299999999999
7lCYRUeSH8NT3XTp0Vd2HI,Sweets & Love,['SCSI-9'],378587,2006,False,,0.726,0.391,0.0018100000000000002,0.8809999999999999,125.01799999999999
0K9a1R4yJRxNtIaOSAT2hM,On The Edge,['SCSI-9'],403960,2006,False,,0.7170000000000001,0.41200000000000003,0.0135,0.493,124.986
2UKAAOS8Gzddm4JNvU8twa,Albali,['SCSI-9'],418133,2006,False,,0.825,0.598,0.000667,0.433,120.006
0yE2en0Z8094vH5ikXP7TB,Morskaya,['SCSI-9'],394427,2006,False,,0.6990000000000001,0.45799999999999996,0.00018999999999999998,0.34,119.994
3QLORkgTUeWFjwVHeOAV5f,Ne Contsom A Coltsom,['SCSI-9'],377213,2006,False,,0.767,0.604,0.12300000000000001,0.465,125.025
0MVDXlUAvMtsi9TYqMJtav,Major Dudes,"['Jakk Jo', '93bread']",139154,2020,True,,0.735,0.948,0.0456,0.8690000000000001,173.935
1JxxGuxf0JfpWZdDReeuSx,For The Record,['Kaze & 9th Wonder'],141000,2005,True,,0.528,0.8490000000000001,0.537,0.607,167.766
1PBUTQl3Bd7vAhAWmQcTMz,Locked In Chains,['Kaze & 9th Wonder'],240613,2005,True,,0.7070000000000001,0.467,0.0773,0.396,94.913
6zi0F2Ea7joItbSZwCLt9h,50/50 Amp,['Kaze & 9th Wonder'],224880,2005,True,,0.396,0.7809999999999999,0.107,0.774,183.358
6BQOi2H4HWwB7APVYs1xZ8,Should've Been Here,['Kaze & 9th Wonder'],312813,2005,True,,0.6509999999999999,0.8740000000000001,0.595,0.6509999999999999,92.994
6eXsbF99N50U5cPN0Of2fh,Spirit Of '94,['Kaze & 9th Wonder'],250093,2005,True,,0.66,0.75,0.4270000000000001,0.882,87.819
0sE8snNAqLTPKZQvqjl10J,Soul Dojo,['Kaze & 9th Wonder'],212600,2005,True,,0.6659999999999999,0.634,0.133,0.674,92.01899999999999
0IxPkP2JlYri22MWPVsxUn,Stay A Customer,['Kaze & 9th Wonder'],267880,2005,True,,0.674,0.769,0.212,0.589,95.97399999999999
0fJE4gIZJuanrRPj9mDmlV,Waiting To Exhale,['Kaze & 9th Wonder'],263333,2005,True,,0.508,0.818,0.0726,0.593,89.925
2uM9RWkRGRgmPrzsaqSLU7,What's Good?,['Kaze & 9th Wonder'],235693,2005,True,,0.643,0.736,0.665,0.743,87.04
6Wz8zJifIqvt3ujJdLI0zH,Last Laugh,['Kaze & 9th Wonder'],228773,2005,True,,0.41700000000000004,0.857,0.38299999999999995,0.6920000000000001,179.05700000000004
2osRxPW9V2I5CahraysE5w,Soul Dojo,['Kaze & 9th Wonder'],196720,2005,True,,0.7240000000000001,0.695,0.226,0.677,91.98100000000001
7sz8PfkXZNMZzxytUqopoo,On,['Kaze & 9th Wonder'],203280,2005,True,,0.6859999999999999,0.5870000000000001,0.0451,0.768,130.273
3fDcHigRLuIGoSVTN3KOik,Move Over,['Kaze & 9th Wonder'],199373,2005,True,,0.584,0.7709999999999999,0.23,0.635,93.96600000000001
0ts4D8cGohlLo4JGfxd8uz,94 Hardcore,['Knifehandchop'],227000,2004,False,,0.639,0.9890000000000001,4.93e-05,0.377,159.991
3jcFP5hVmTRtyJUwWe9K3x,900 Miles,['Clodhopper'],269351,2010,False,,0.515,0.743,0.00602,0.5479999999999999,103.90799999999999
69qSiwSBLWivY5fJIsQdxy,900 Turbo (Pieces Demo),['Mira'],363002,2005,False,,0.23399999999999999,0.6809999999999999,0.187,0.35600000000000004,180.8
2WKk516tWXhKpfCuVW3W14,When She Said Goodbye,['SCSI-9'],403280,2006,False,,0.774,0.478,0.00105,0.439,125.012
0iEtCCWbmYhOdlXbBFAfCl,9-Black God,['Casey Chaos'],238760,2004,False,,0.327,0.7959999999999999,0.000995,0.54,168.857
4hvrcaHZlOQE47TCry0UTZ,Comedy Death Ray,['Reno 911'],349947,2007,False,,0.597,0.555,0.892,0.109,96.054
4oZp0RcyjNqdY0jB5PkSlN,SheChoseMe!!!!,['9th Wonder'],164752,2017,False,,0.6859999999999999,0.475,0.0917,0.392,90.35799999999999
460zOHy13mF543CNOsJTrV,MsBetty!!!,['9th Wonder'],170201,2017,False,,0.615,0.535,0.00137,0.5539999999999999,92.337
218B5q5k128HySb5aiwPIE,FonkyLala!!!,['9th Wonder'],134493,2017,False,,0.5920000000000001,0.528,0.00022999999999999998,0.763,84.046
5ykazQh0SLt5nd25cqeUG2,HeavenFour!!!,['9th Wonder'],150000,2017,False,,0.7440000000000001,0.764,0.284,0.609,96.04899999999999
1VSETJZxZXX9BiIAJcirWL,INeverKnew!!!,['9th Wonder'],103333,2017,False,,0.57,0.48700000000000004,0.7190000000000001,0.27899999999999997,95.963
0q14lXCOWC3Y7caqG2jt0s,FindingDeo!!!,['9th Wonder'],150000,2017,False,,0.335,0.91,0.434,0.635,177.96900000000005
7bSf3C8VYXgIp5im9y7UtX,EarlyJam!!!,['9th Wonder'],117253,2017,False,,0.473,0.6859999999999999,1.84e-05,0.41200000000000003,88.085
4bP0uBU17AAz8viTnk7ilZ,GirlUFine!!!,['9th Wonder'],122533,2017,False,,0.5,0.762,0.0317,0.723,77.73100000000002
5waaapvoQEbNVYhlcIQoHp,MellowSmoove!!!,['9th Wonder'],150000,2017,False,,0.887,0.48,0.0217,0.9740000000000001,91.06200000000001
6EOFfg8cSjf2JgJa447czW,UncleBobby!!!,['9th Wonder'],140053,2017,False,,0.665,0.7829999999999999,0.000225,0.518,84.145
1tsSV0cI3Qc5WhZqNYCruu,ChunkySoul!!!,['9th Wonder'],123013,2017,False,,0.41600000000000004,0.611,0.389,0.569,177.894
0PyiMjiMyYRERE7r4Hf2Ww,TownBidness!!!,['9th Wonder'],150000,2017,False,,0.61,0.647,0.00547,0.7090000000000001,84.03200000000002
1LMeL779KEACxzBrBEjqTp,CloserToo!!!,['9th Wonder'],119920,2017,False,,0.581,0.7,0.0892,0.5529999999999999,174.013
5rhnrtB6fpFCMsEKt9qHFE,YoYoBoogie!!!,['9th Wonder'],111933,2017,False,,0.425,0.637,0.0318,0.731,169.25099999999995
5owclz0fxTcXTFx499moCR,BobbiSoul!!,['9th Wonder'],94920,2017,False,,0.67,0.46799999999999997,0.0358,0.713,96.94
00H0XiXr71gYnu1jh4Df6G,AhhMan!!!,['9th Wonder'],148187,2017,False,,0.8170000000000001,0.48700000000000004,0.0512,0.6990000000000001,97.04899999999999
25zeBhNc1wu8ELK3BReDlk,LoveKills!!!,['9th Wonder'],127184,2017,False,,0.7140000000000001,0.48200000000000004,0.024,0.972,166.387
2vcXNNjARLjr0Q1zXcVAaa,CouldMeetYou!!!,['9th Wonder'],160160,2017,False,,0.74,0.47600000000000003,0.35,0.88,84.016
6516qzlBUkxYWpjUw2JG2e,GlassOfOj!!!,['9th Wonder'],130933,2017,False,,0.551,0.852,0.00028,0.6829999999999999,176.065
0YQX2ipzPC1kmBgUALWiyq,FatAlbertAndRudy!!!,['9th Wonder'],150813,2017,False,,0.532,0.639,0.21,0.8540000000000001,178.34400000000005
55WKWv6Etr2a4UMmRK1UVG,DaDaDaDaaah!!!!.,['9th Wonder'],129107,2017,False,,0.524,0.682,0.00747,0.23800000000000002,89.066
4TAutUyJjvnwYTkAfnQDuS,ToHoldYou!!!,['9th Wonder'],111501,2017,False,,0.45299999999999996,0.524,0.35100000000000003,0.84,85.531
4IsBhhT86xSbJgqdxBr67U,TheNeoCole!!!,['9th Wonder'],171032,2017,False,,0.716,0.469,0.0285,0.698,91.208
4yX3X25yxL5KbGxJTntlfL,FightGood!!!,['9th Wonder'],150000,2017,False,,0.624,0.40299999999999997,0.0317,0.715,92.045
1NxszGBOD2Lr0jzJrarOMr,StillStanding!!!,['9th Wonder'],150000,2017,False,,0.721,0.4370000000000001,0.000281,0.376,183.33700000000002
1jY1bqCGkC8QFwifBAiRLW,SirBlue!!!,['9th Wonder'],282635,2017,False,,0.522,0.7440000000000001,0.637,0.8740000000000001,171.60299999999995
2wVqYRtwqT30x2o5PH50Jj,SoulSeasons!!!,['9th Wonder'],178497,2017,False,,0.573,0.47700000000000004,0.532,0.505,174.86900000000003
7rfUkod4EqNErr7XBdNkMs,HappyHome!!!,['9th Wonder'],150000,2017,False,,0.5920000000000001,0.9079999999999999,0.00581,0.8809999999999999,86.212
0tEv4YiwKbS3xSUK3M79IE,GottaGetOver!!!,['9th Wonder'],150000,2017,False,,0.599,0.619,0.415,0.6709999999999999,83.444
4sWQyWVzrhZje7oKIWTeoD,NeverHathSeen!!!,['9th Wonder'],151394,2017,False,,0.642,0.445,0.00506,0.539,84.771
4xh0U5Wj1UWHirqd3TohgM,ForeignAgent!!!,['9th Wonder'],91836,2017,False,,0.685,0.461,0.0915,0.645,176.485
6mZaDd4Ki61doJVB1r7NBw,InLuvWithU!!!,['9th Wonder'],138582,2017,False,,0.655,0.638,0.0513,0.5870000000000001,86.61200000000002
6dHjkFgzLM4lGkDbkfiAei,TellMeNow!!!,['9th Wonder'],166588,2017,False,,0.713,0.753,0.0038,0.541,84.988
3c2cIpcVUvXwtnGtzXOcmx,EmmanuelAfterDark!!!,['9th Wonder'],132222,2017,False,,0.424,0.5,0.00217,0.306,176.329
3Rhc2SweJK52mn1tfOoBSK,MIstakesToo!!!,['9th Wonder'],152920,2017,False,,0.597,0.511,0.0457,0.5429999999999999,174.187
4HkDGSk2Clob61XHjaJdnv,SeeTheSun!!!,['9th Wonder'],127893,2017,False,,0.522,0.8320000000000001,0.0645,0.953,176.174
5M2VSaeyKlYINCW5GcDOGo,WillieDynamite!!!,['9th Wonder'],150000,2017,False,,0.564,0.41200000000000003,0.0173,0.24100000000000002,166.44400000000005
1jgIAazKFsU9KZ6fcO17c0,CantRun!!!,['9th Wonder'],150000,2017,False,,0.797,0.488,0.0023899999999999998,0.353,177.47
1qTt7hjFfnuhRxByWzw8YO,CommuniunJuice!!!,['9th Wonder'],140149,2017,False,,0.7140000000000001,0.635,0.0824,0.6609999999999999,90.786
4ONlI3zyVOOIOxpMywQhMq,TheHardline!!!,['9th Wonder'],150000,2017,False,,0.852,0.556,0.0857,0.961,87.805
3S67AXaaBwqz2Zhieklwkk,HeyHeyAwwBabe!!!,['9th Wonder'],150000,2017,False,,0.621,0.9309999999999999,0.000678,0.862,164.423
3Z5NZmDlBN3R9l2aLuj3AD,SisterChoppin!!!,['9th Wonder'],150000,2017,False,,0.79,0.439,0.000551,0.879,93.405
1tLpcTr60ZwA88jZdqQs4d,AndNeedYou!!!,['9th Wonder'],173436,2017,False,,0.547,0.341,0.106,0.5770000000000001,84.243
4yTpNRzFBbUs3A471Itb5W,#99,['Magstatic'],195866,2005,False,,0.41700000000000004,0.9840000000000001,0.00557,0.434,149.128
5GzNGYr7VhkiGxZwWZ9OvJ,9:24 Cigarette (Version 2),['Alias'],316160,2007,False,,0.675,0.885,0.0028899999999999998,0.779,136.011
0vjwDzKxv9htJsLKlMhL77,9Bar,['Matter'],230893,2002,False,,0.19699999999999998,0.9690000000000001,2.8199999999999998e-05,0.39,69.531
13EKxLXsKIACqpYdkGjmxe,Morskaya,['SCSI-9'],392336,2013,False,,0.706,0.515,0.00020800000000000001,0.39299999999999996,119.99
1gyA1HBqpKDA63RqAlFhr1,'94 Abyss,['Shitmat'],232547,2007,False,,0.595,0.897,0.00259,0.45799999999999996,168.977
47GQnKyqycaGZGyRu41sdO,976-Bun B,['UGK'],167467,1992,False,,0.7559999999999999,0.6729999999999999,0.0616,0.39,90.069
0LBKenK7CGiOXms8SlBzgD,Between Your Eyes and Mine,['Highway 9'],234093,2002,False,,0.488,0.873,0.055,0.528,100.866
3y3RLdZVSwRX5nPbUJQggM,Sadly,['Highway 9'],217067,2002,False,,0.496,0.8640000000000001,0.0192,0.512,116.809
5v8HILp6DhCdgwcnXJkxUo,Tug Of War,['Highway 9'],259933,2002,False,,0.4920000000000001,0.904,0.00091,0.619,93.935
5Y6pGri2NXpA8kRJiclm8S,Break,['Highway 9'],205133,2002,False,,0.47,0.965,0.00813,0.375,145.894
2jMN3jGQ5Nra7lcbrXHx3E,Yesterday Came Out All Wrong,['Highway 9'],178667,2002,False,,0.47200000000000003,0.67,0.315,0.382,131.961
05ryac1IrYxD7SszRT4CCz,Casanova,['Highway 9'],260867,2002,False,,0.355,0.87,0.0331,0.698,199.938
6fJoEIT9bYbgJdVygkjUAw,Ain't Nothin' But Love,['Highway 9'],269533,2002,False,,0.442,0.741,0.0424,0.6559999999999999,140.82299999999995
3jWKUeQFDNJ9vSD9lPJAN8,Had Enough,['Highway 9'],182293,2002,False,,0.575,0.852,0.00744,0.961,106.652
1tMEIU61mST97uH2ohmNL5,Pain & Suffering,['Highway 9'],197840,2002,False,,0.278,0.9,0.0006490000000000001,0.535,189.502
3HOIGshjEHnIJpE9hLDOFq,Say You're Mine,['Highway 9'],212667,2002,False,,0.375,0.934,0.00183,0.6679999999999999,151.812
443qlnW3jFKLwIPfabUKQ5,Heroine,['Highway 9'],278467,2002,False,,0.361,0.625,0.0656,0.313,173.511
2PfRbeJL4wZfNt9d9QUUts,Quicksand Town,['Highway 9'],269933,2002,False,,0.261,0.853,0.00715,0.4320000000000001,142.043
6SOqm9vvIQzLBfe0Vk2d6y,9 to 5 Blues,['Chris Canas'],302013,2004,False,,0.364,0.445,0.284,0.435,150.168
5o7rRPXpu0U6pjQTeIwoQi,9V Tree Battery,['Autistici'],139187,2008,False,,0.203,0.121,0.99,0.0365,86.90299999999998
1nADnaxJfn2gcRZoFIi5v5,Halo,['Current 93'],195960,2005,False,,0.0836,0.355,0.9490000000000001,0.27399999999999997,77.154
1FxwojrmP2YzDrYvz93kRM,Alone,['Current 93'],387973,2005,False,,0.341,0.429,0.802,0.11199999999999999,132.235
42yv9IRK6sYlkrFIdHq7cL,Mary Waits In Silence,['Current 93'],190267,2005,False,,0.142,0.728,0.58,0.436,188.767
0dj3e093pb2azp482IJZlk,Calling For Vanished Faces II,['Current 93'],305560,2005,False,,0.293,0.321,0.8,0.122,130.618
0aVjNVUjhoZkXdyGfxTpwH,The Signs In The Stars,['Current 93'],191840,2005,False,,0.33899999999999997,0.158,0.927,0.18,81.755
4ePMG4cSvxjD4FfkNTB5Wf,All This World Makes Great Blood,['Current 93'],227627,2005,False,,0.365,0.261,0.872,0.138,82.065
63low2bgUEKbNPSjqi2nHG,"Good Morning, Great Moloch",['Current 93'],237307,2005,False,,0.284,0.252,0.8320000000000001,0.0618,138.69
0i7dSjpoUNnFkefLUxggt2,Whilst The Night Rejoices Profound And Still,['Current 93'],267533,2005,False,,0.467,0.10400000000000001,0.932,0.159,132.757
0oXCXUyVKlhlZiwD9rwgSV,5 Hypnagogue 5,['Current 93'],160760,2005,False,,0.29100000000000004,0.332,0.789,0.037000000000000005,84.478
7LsEZT482w08CE6LZ3uqWL,A Silence Song,['Current 93'],345667,2005,False,,0.332,0.42,0.8029999999999999,0.105,115.506
3XcuKE7AZC9gCDl6h4JIlF,Sleep Has His House,['Current 93'],213960,2005,False,,0.395,0.308,0.885,0.11599999999999999,104.819
5V4dk2DnW2Dy3FNjb01HTa,4 Hypnagogue 4,['Current 93'],300373,2005,False,,0.37,0.496,0.6759999999999999,0.114,73.045
5FYmXKUgMHGiS46UQBmSyv,Fields Of Rape,['Current 93'],190733,2005,False,,0.265,0.611,0.5589999999999999,0.377,75.852
06Y6OSZmJsmihY1LcS7lF3,So: This Empire Is Nothing,['Current 93'],210600,2005,False,,0.157,0.294,0.924,0.0385,77.715
6oZsKQZQI6uMUi2yby2KsB,The Death Of The Corn,['Current 93'],252667,2005,False,,0.18899999999999997,0.67,0.728,0.163,79.025
4NUw90QPglclQ8kM9zrOlv,Locust,['Current 93'],343173,2005,False,,0.162,0.843,0.0681,0.33399999999999996,74.065
41xduF7OcugLadAwkN3Hd1,9 Minutes of Woo,['Needfire'],552467,2007,False,,0.40299999999999997,0.883,0.132,0.628,134.341
0jcVH3TCJKG2AXKPUkyfns,Victim,"['Donnybrook!', 'District 9']",159733,2005,False,,0.445,0.746,0.0168,0.609,120.03
78iHMptDhy3oSAZvBlgS2M,90s Made me,['Nomix'],207308,2020,True,,0.5329999999999999,0.35100000000000003,0.000156,0.23,176.23
3egYAohHRKpeF6EdEZ2aoO,911,['Buddaheads'],307920,2004,False,,0.395,0.8390000000000001,0.005529999999999999,0.298,167.91299999999995
1oZtPz4kCpAhv8cGdtILQN,Gimme The World,['999'],142040,2007,False,,0.439,0.946,0.00020299999999999997,0.319,97.59100000000001
0PZpcdPCrhFgfBeJBnGTZi,The System,['999'],182200,2007,False,,0.711,0.7290000000000001,0.00915,0.7829999999999999,99.266
5ejnIDEapILZYIjMYkKyNk,Innocent,['999'],248547,2007,False,,0.452,0.8140000000000001,0.0032700000000000003,0.529,144.039
6UPdGUxFXBxhsUuFfZicnV,Last Breath,['999'],198507,2007,False,,0.479,0.799,0.007890000000000001,0.8690000000000001,158.004
27RVYG90hmQQHUmDOBTqdH,99 Days,['999'],151987,2007,False,,0.373,0.88,0.00040599999999999995,0.8490000000000001,158.465
1haeH7VLXgz0AmBT3yJFGp,Rock 'n Roll World,['999'],150120,2007,False,,0.56,0.861,0.00532,0.6559999999999999,133.263
28TzlWEdsiOoFJUWBMFICE,Get Off The Phone,['999'],184040,2007,False,,0.639,0.664,0.0133,0.9009999999999999,143.091
6pjXsSu0zNF69j3ZPpRbUS,Horror Story,['999'],131587,2007,False,,0.485,0.8340000000000001,0.00804,0.635,184.952
4knejoW8CirsvmFxZHzpzq,Stealing Beauty,['999'],132013,2007,False,,0.513,0.8809999999999999,0.000977,0.6609999999999999,100.469
46b9BD7ZOibJP4VubW7Rxg,What Do You Know,['999'],138987,2007,False,,0.563,0.953,0.000364,0.888,119.529
38VLTajx4H6pgJNAEVfSGQ,Deep Peace,['999'],157147,2007,False,,0.688,0.631,0.0033200000000000005,0.745,96.905
7tEdsRK32AuVywJVKqhygr,Too Much Money,['999'],159440,2007,False,,0.499,0.8740000000000001,0.000629,0.8240000000000001,95.6
4pTQIXLRPLrIQH62ZPs87w,Life Of Crime,['999'],142307,2007,False,,0.47700000000000004,0.897,8.09e-05,0.742,125.646
4XOKgN6iRNQ9zIld3GoYcY,The Avenue,['999'],190160,2007,False,,0.496,0.804,0.0029100000000000003,0.635,156.975
10cPOMnhDuua07H6mde0UE,Bomb You,['999'],127760,2007,False,,0.5579999999999999,0.895,0.0012699999999999999,0.688,97.54299999999999
0s6jn2iLYLywVp2fv6FEfx,9 You May Not Have Given Side Impact Collisions Much Thought,['Miss Murgatroid'],374827,2014,False,,0.0594,0.0238,0.865,0.0259,72.87
75pJJtpyHGUiCQQy3MHqP9,93 Deboule,['JoeyStarr'],253693,2006,False,,0.807,0.722,0.0315,0.871,145.909
1SRDPZh0vdvAoEtiANpD15,Let's Fly (Live at The Good Life '93),['Myka 9'],261800,2001,False,,0.63,0.542,0.418,0.642,110.99799999999999
4Iw4Ft69PCsJJHRekvJ3Xo,Breath Control,['Myka 9'],336120,2001,True,,0.644,0.915,0.301,0.741,90.193
4hkm0bDEjIRjsYg7GYYLs8,Black Man Swing (Live at The Good Life '93),['Myka 9'],72040,2001,False,,0.607,0.382,0.374,0.665,74.167
1CJKfC17qWMjN13B7dhbT8,Ultra Bap,['Myka 9'],168067,2001,True,,0.767,0.727,0.0684,0.763,95.022
3n5cljztLHJ5lS05cgRUQW,"Darkleaf/U.N.I.T.Y. Committee Party, Pt. 1",['Myka 9'],167027,2001,True,,0.621,0.721,0.237,0.727,108.544
7pzm8RVk91PPtgFsPdl5Zv,Danger - OG Version,"['Myka 9', 'Freestyle Fellowship']",163720,2001,False,,0.726,0.42100000000000004,0.0745,0.449,96.742
48z54mX833Nht2WXE1jQMw,Way Cool A Cappella (Live at The Good Life '93),['Myka 9'],38560,2001,True,,0.792,0.381,0.882,0.965,108.755
7p86JWUMab2eNaz9g0ITNX,Free Energy - Scat Version,['Myka 9'],288347,2001,False,,0.7240000000000001,0.703,0.40700000000000003,0.615,93.694
0tvGgxCWlZXWlynoj7vmkK,"We Came from Beyond (Live on KXLU 88.9 FM), Pt. 1",['Myka 9'],147667,2001,False,,0.9279999999999999,0.645,0.68,0.7959999999999999,109.368
2cxBKSBlxKSrkOFhBgcsvW,Life or Death - Click Track Version,['Myka 9'],161467,2001,True,,0.852,0.341,0.675,0.9159999999999999,78.737
6TcYBqZZeJ2Octuw9Lm4Ns,"Island A Cappella, Pt. 1",['Myka 9'],31493,2001,False,,0.7959999999999999,0.33299999999999996,0.687,0.5820000000000001,83.16799999999998
0JWbEDBJYBnVmIndKHZbs5,Park Bench People - Alternate Version,['Myka 9'],347133,2001,False,,0.628,0.4320000000000001,0.182,0.7879999999999999,137.317
3e0XwXMKA5KQAEkGKagf9D,Speechless (Live on KZSU 90.1 FM),['Myka 9'],85840,2001,True,,0.7829999999999999,0.485,0.929,0.878,91.34
6c5K4okN9Gv8191LFblChE,"Darkleaf/U.N.I.T.Y. Committee Party, Pt. 2",['Myka 9'],61147,2001,False,,0.626,0.6629999999999999,0.653,0.9259999999999999,79.854
3HQNKR3TkVF9rATQ8tp7fu,What You See Is What You Get,['Myka 9'],216827,2001,True,,0.802,0.182,0.897,0.44,97.055
2VuGfxdRbsokPmY2jx6mJL,American Nightmare (Live at Rico's Loft),['Myka 9'],210360,2001,False,,0.39299999999999996,0.442,0.22399999999999998,0.644,91.47
2sZ5CkkG8UvRhBJOkxkGco,Wake up Show Freestyle,['Myka 9'],101760,2001,False,,0.632,0.525,0.122,0.8340000000000001,99.209
4evOqXDV1uQg4CCfy74sdh,Sand to the Beach,['Myka 9'],232147,2001,False,,0.8059999999999999,0.451,0.654,0.8190000000000001,96.234
7BG1TP4bI4FQQtPR1ICs1b,"Darkleaf/U.N.I.T.Y. Committee Party, Pt. 3",['Myka 9'],112120,2001,True,,0.718,0.654,0.177,0.9,108.802
4HfVoJELMGxurcmUp9oT7F,"We Came from Beyond (Live On KXLU 88.9 FM), Pt. 2",['Myka 9'],76200,2001,False,,0.7709999999999999,0.7070000000000001,0.763,0.961,102.113
6pvOdkY6KRnXIiwDeF9o8q,Fruit Don't Fall...,['Myka 9'],283693,2001,False,,0.632,0.349,0.643,0.665,84.05799999999998
61rnlAs7mmjSqYN7oLF8xB,"Island A Cappella, Pt. 2",['Myka 9'],32667,2001,False,,0.7440000000000001,0.299,0.897,0.799,120.069
1t7FeJSTt7dPT4Tn1Yg7KC,First Things Last,['Myka 9'],195240,2001,True,,0.738,0.688,0.13699999999999998,0.826,93.354
3O4IOyzkDLWhSw7SQeL7M9,The Grinch,['AP.9'],131000,2008,False,,0.6459999999999999,0.8490000000000001,0.135,0.845,85.001
5O2a2180egkJQGrEgDsdLT,Block Rock,"['AP.9', 'Young Gasz', 'Nasty Nate', 'Deltrice']",205267,2008,False,,0.447,0.919,0.00813,0.657,79.928
295rQBhU01PRcHcf22llbh,Escape the Pain,"['AP.9', 'Shill Macc', 'Deltrice']",283987,2008,False,,0.29100000000000004,0.9159999999999999,0.000925,0.732,162.19799999999995
4mTFtK15Nule1szwqdlz9R,Back to the Hood,"['AP.9', 'Tony Streetz', 'Nasty Nate']",188960,2008,False,,0.711,0.8079999999999999,0.0265,0.7290000000000001,76.477
6AibhXaYMMM87uESzBrYSO,I'm So...,"['AP.9', 'Yukmouth', 'Shill Macc']",228467,2008,False,,0.451,0.929,0.0025,0.624,80.279
0v2zjB7nVpXMsRpfZRLJq6,Crime Scene,['AP.9'],222760,2008,False,,0.518,0.887,0.0035299999999999997,0.581,147.945
7eQq8Km3HmuwRIhg3NJDni,I'm Ah Gangsta,"['AP.9', 'Shill Mac', 'Kypto']",248240,2008,False,,0.38299999999999995,0.7170000000000001,0.000136,0.231,83.07799999999997
20vZ0AHeiK75VZYoOFNAcA,Confused,['AP.9'],216480,2008,False,,0.484,0.9590000000000001,0.008879999999999999,0.758,160.075
350s2Gv10T9MciyTGkzZr6,Mob Rules,"['AP.9', 'Husalah', 'Lil Cyco']",201227,2008,False,,0.5670000000000001,0.855,0.0656,0.8390000000000001,113.266
3jf4IKNHkuV8VUSlsNzEnb,My Every Word,"['AP.9', 'Shill Mac', 'Deltrice', 'Indecent']",244107,2008,False,,0.353,0.82,0.268,0.605,80.425
7xN50pjOmd9DYfD9kqeVr5,The Come Up,"['AP.9', 'C-Bo', 'Lil Cyco', 'Shill Macc']",247827,2008,False,,0.436,0.858,0.00646,0.5,150.032
4Im5AXCf665A5P4H0iqlwf,Muscle Up,"['AP.9', 'Nasty Nate', 'Tony Streetz', 'Indecent']",270267,2008,False,,0.485,0.884,0.00107,0.311,80.612
63zxFtUBW5byYU1YBo7CGV,The Gutta,"['AP.9', 'Young Dru ', 'Krypto', 'Shill Mac']",262787,2008,False,,0.605,0.7140000000000001,0.00644,0.348,83.899
1vhyUmHuSSGWKjpCfdYIZT,You Don't Want It,"['AP.9', 'Nasty Nate', 'Shill Mac', 'The Squeeze']",240600,2008,False,,0.529,0.9179999999999999,0.009340000000000001,0.605,175.813
1exARx15YgTKqicXsE7SYR,Streets Spokesman,"['AP.9', '$ky Balla', 'Nasty Nate']",213320,2008,False,,0.483,0.861,0.0089,0.512,93.94
7oGD34yfifefqBZVWeAFP5,On the Mob,"['AP.9', 'Indecent', 'Krypto', 'Shill Mac']",226000,2008,False,,0.519,0.853,0.0012900000000000001,0.6709999999999999,86.935
5IcEcErO1JGbuUgOgRDWGi,Streets,['AP.9'],256067,2009,True,,0.623,0.8959999999999999,0.0424,0.47,158.033
2EF0r99D8GPw0IWBxjtx1L,Payback,['AP.9'],238040,2009,True,,0.595,0.899,0.0715,0.787,84.927
4lqmib9oGG3Axs9VBARGtU,I'm That Nigga,"['AP.9', 'The Jacka', 'Fed-X', 'Bobby V.']",247333,2009,True,,0.701,0.609,0.0655,0.142,155.16299999999995
57fodeoVhVnbeTqBQaCIba,Automatic,['AP.9'],278333,2009,True,,0.5429999999999999,0.537,0.008759999999999999,0.235,183.93400000000003
4hjORRq6DUunhBPmdPWzDB,Tonight,"['AP.9', 'T-Nutty', 'Frank Stacks']",318400,2009,True,,0.5760000000000001,0.779,0.177,0.479,135.029
7KLDBH8OYywL2y677RxeHs,My Swag,['AP.9'],262760,2009,True,,0.491,0.6759999999999999,0.0742,0.4970000000000001,77.07
4WHcf7xciXbF5Rwb3raF40,Reality Check,['AP.9'],294467,2009,True,,0.541,0.833,0.0161,0.436,109.72399999999999
1dY7Yx0ucQmzSs5edDXiKb,Tricken,"['AP.9', 'Mistah F.A.B.', 'Al Casino']",242067,2009,True,,0.6579999999999999,0.828,0.0517,0.763,176.021
1E6jFgZ0tzswflGqVEqHIH,What It Is,"['AP.9', 'Aaron Carter']",213120,2009,True,,0.696,0.6509999999999999,0.433,0.307,90.094
16eHhOdZK5KSgetejiRTvN,Wit The Shit,"['AP.9', 'Goldie', 'Marvaless', 'T-Nutty', 'Killa Tay']",245253,2009,True,,0.7390000000000001,0.769,0.0114,0.38,150.002
1nzXubT1ocGwSPIOYJFDzH,Mob Nigga,"['AP.9', 'C-Monsta', 'L-Money']",184493,2009,True,,0.509,0.763,0.00827,0.7190000000000001,169.014
5PPnkz58JYUHx1BROiJpsH,The Afterlife,['AP.9'],236147,2009,True,,0.86,0.6629999999999999,0.177,0.414,93.052
5ooVmJn3HhJPfGMGGxE93k,Balanced,['AP.9'],240413,2009,True,,0.645,0.8220000000000001,0.0012900000000000001,0.29600000000000004,87.676
1GKnyBoDEynv3vk4aYP8Oq,Fast or Slow,"['AP.9', 'Samyell']",198467,2009,True,,0.7090000000000001,0.695,0.08800000000000001,0.302,138.05700000000002
4UC5dYjmSQnHfu42pd7adk,Down,"['AP.9', 'Clyde Carson', 'Lee Majors']",230987,2009,True,,0.599,0.9520000000000001,0.00581,0.32299999999999995,92.007
4MTUbMLIEYUjTcdGK0hjxA,Good Die Young,['AP.9'],223947,2009,True,,0.75,0.607,0.0584,0.498,138.09
4rJ9JhKN5DuXjmpFAJchM1,Gettin Money,"['AP.9', 'Samyell']",171213,2009,True,,0.6759999999999999,0.5820000000000001,0.0024,0.677,160.131
3YZNAz1VORtreOmmDGr7sK,Anotha Day,['AP.9'],244360,2009,True,,0.496,0.904,0.0274,0.618,91.07700000000001
2Nics4VNrciu7YhWjDoLg6,I Am Legend,['AP.9'],108547,2009,True,,0.547,0.7090000000000001,0.013999999999999999,0.638,82.12100000000002
2SSMypJGbpscmU4pW66wYg,Clap,['AP.9'],204333,2009,True,,0.41600000000000004,0.71,0.00203,0.374,119.23
4KVvawrYYtAr4szgDWDD97,Peep Game (feat. Young Gusz & Shill Macc),"['AP.9', 'Young Gusz', 'Shill Macc']",252867,2009,True,,0.452,0.865,0.0757,0.541,81.065
0hI6dMe3Y9d1ADfUA0nDpE,I'm Down (feat. Deltrice),"['AP.9', 'Deltrice']",210493,2009,True,,0.461,0.831,0.0892,0.742,97.508
5GZBNft3E9FIBQ5VNTuuA8,Rough and Raw,['AP.9'],245427,2009,True,,0.59,0.711,0.0116,0.774,74.913
7kc0X9Sc2C3SQ8G0vGFU3Z,Reflections (feat. The Jacka),"['AP.9', 'The Jacka']",183827,2009,True,,0.5589999999999999,0.718,0.0983,0.5,154.056
0CWlCgUwJkCC6R95o7THJR,Pimpin' (feat. Malt Blaque),"['AP.9', 'Malt Blaque']",178427,2009,True,,0.593,0.8240000000000001,0.11699999999999999,0.7390000000000001,162.08
62xS9Jwk6szURqxy7epQPk,Money Boy (feat. J.L. Orozco),"['AP.9', 'J.L. Orozco']",138560,2009,True,,0.33,0.915,0.165,0.85,90.59299999999999
4FGr9IzIhufXQAvsf7Hujg,Oscar Grant Tribute,['AP.9'],223520,2009,True,,0.39299999999999996,0.9109999999999999,0.168,0.688,77.352
1eZDfPnVHetcYPgKuH9rcb,Action (feat. Shill Macc),"['AP.9', 'Shill Macc']",196933,2009,True,,0.703,0.7509999999999999,0.000121,0.769,160.03799999999995
0dnJT535Bo9NHImaGTHOH5,Trust No One,['AP.9'],228093,2009,True,,0.579,0.868,0.166,0.833,85.454
5FTFfy8BWJ3RAJYabwNRuA,R.I.P. Pretty Black (feat. Deltrice),"['AP.9', 'Deltrice']",221213,2009,True,,0.33899999999999997,0.878,0.15,0.647,162.96
2WgzO6Ef2YBEIR4xE6pLiC,Rather Be With You,['AP.9'],254720,2009,True,,0.568,0.79,0.134,0.846,159.81
1JzqQApyNaarsaNia4Vo39,Money Over Bitches (feat. Shill Macc & Krypto),"['AP.9', 'Shill Macc', 'Krypto']",234133,2009,True,,0.386,0.768,0.0009720000000000001,0.267,77.367
5FVPPcAJIFjqGCgIGiOtXW,Make Moves (feat. Ampichino),"['AP.9', 'Ampichino']",193987,2009,True,,0.63,0.63,0.0173,0.691,171.84599999999998
3FeQwZnC5nCiRkID2JL8B4,Snitches,['AP.9'],217947,2009,True,,0.579,0.7809999999999999,0.00659,0.498,159.972
4L4tyDHEKVj8NeAR49WPap,Ready for This (feat. Papa Smurf & Kartoon),"['AP.9', 'Papa Smurf', 'Kartoon']",257653,2009,True,,0.58,0.775,0.005529999999999999,0.621,92.98700000000001
70fsK4QuabxauQ1zcYgbTk,Pieds Contentos,['Plan 9'],261080,2001,False,,0.684,0.7,0.779,0.616,105.1
6eQJnysA3eHqm0GIMWEebB,Aguaford,['Plan 9'],246880,2001,False,,0.6990000000000001,0.73,0.252,0.684,140.01
7vIMb2peG8llnzXAkGycSa,Nylon Mambo,['Plan 9'],248907,2001,False,,0.804,0.78,0.41600000000000004,0.902,110.03399999999999
4FAdKc018Ec5SCXAKDaSg3,Takeoff,['Plan 9'],297907,2001,False,,0.693,0.652,0.414,0.326,105.994
55hLVFSVzaPe0Qy1qf7njp,Vie de la Rue,['Plan 9'],273600,2001,False,,0.49,0.841,0.0826,0.406,85.00200000000002
4KNiQIYJvqrn2gomepLt1D,Last Light of Day,['Plan 9'],257880,2001,False,,0.626,0.45799999999999996,0.81,0.23800000000000002,139.983
1OEHUXvyJCp43hcibJeLNw,Cool Breeze,['Plan 9'],260747,2001,False,,0.627,0.66,0.376,0.516,100.001
41ztYQe67BdSpeVIJKNKzK,Groova Originale,['Plan 9'],237627,2001,False,,0.64,0.764,0.4320000000000001,0.5529999999999999,119.962
5tmK1oGkZJvdxts3oWaAp6,Mona's Smile,['Plan 9'],301147,2001,False,,0.705,0.5670000000000001,0.6809999999999999,0.648,130.016
6ckpmOCRHTMO5PiNBiEzkw,Florida Christamas,['Planet 9'],208733,2008,False,,0.649,0.778,0.344,0.462,110.001
6z00OEXjJdmEaIv45heh6N,Go Your Way (feat. Devin the Dude),"['918', 'Devin The Dude']",304960,2008,False,,0.562,0.782,0.0988,0.7,144.452
1clexqqaJwlfMiYZubHSJ4,I Don't Know You,"['UGK', '918']",352560,2008,False,,0.762,0.8490000000000001,0.0847,0.8320000000000001,146.06
1BqesATRgaWQqaoQvKcOVI,9th Ward,['Feathermerchants'],231973,2003,False,,0.605,0.511,0.508,0.40700000000000003,54.0
5na58BtEYFV7PoBmj3KeEO,95 North,['Ida'],286293,1996,False,,0.336,0.0394,0.8170000000000001,0.0388,135.859
12TdTrzI4SJe6iV6g8a9iu,Holy Cross,"[""Old 97's""]",261773,2001,False,,0.501,0.8109999999999999,0.00519,0.26,134.776
6OtFyCKQNsvXnhlHruWdBk,98 Pounds,['Refrigerator'],116960,1995,False,,0.508,0.212,0.96,0.16699999999999998,104.415
7zfIGAxMUdhtEK6lMWMZvk,Kingdom,['Current 93'],40613,2011,False,,0.29,0.0259,0.847,0.135,63.29600000000001
3IQGR5NMTO7AaKoZaXlpKv,Moon,['Current 93'],311227,2011,False,,0.34299999999999997,0.23399999999999999,0.9129999999999999,0.29600000000000004,64.215
21BuewckR92KcoBTDZnhHD,Persimmon,['Current 93'],245120,2011,False,,0.601,0.27899999999999997,0.956,0.245,103.12799999999999
0P4C5tLlwxfkMY7SKuGBrq,Cuckoo,['Current 93'],246187,2011,False,,0.782,0.155,0.905,0.14400000000000002,123.985
5nOVTa34fhDfD7CzB2YLMs,Jasmine,['Current 93'],241787,2011,False,,0.385,0.127,0.444,0.20600000000000002,65.032
3x4kkNkq6m0ZGLUVbJqFUF,Lily,['Current 93'],277720,2011,False,,0.257,0.243,0.586,0.0369,175.863
0Q9PwPFDamZFg4k8A1rL0P,Pomegranate,['Current 93'],366133,2011,False,,0.501,0.122,0.953,0.251,110.76799999999999
3lbi3cef43nBmKshSnMp7S,Honeysuckle,['Current 93'],184373,2011,False,,0.501,0.0446,0.946,0.048,72.17699999999998
67n4GVeySVi9tj2LcNHckw,Sunflower,['Current 93'],219693,2011,False,,0.278,0.263,0.805,0.12,71.69800000000002
2ijCxX32nwzA4iw4cEkvbx,Planet,['Current 93'],109853,2011,False,,0.419,0.0251,0.972,0.10800000000000001,76.025
7sxZEtD009ATuIr3evMowz,Queendom,['Current 93'],45067,2011,False,,0.0817,0.00346,0.95,0.19399999999999998,170.977
1FEJpp3LjHAr7VswcXbU4i,Dance with the Moon,['9811'],199453,2007,False,,0.485,0.569,0.00164,0.746,156.455
6VWObQucCyvwzdyOhSrAfp,Cafe 5-0,['9811'],185413,2007,False,,0.597,0.502,0.0341,0.903,106.145
69xORCnt7HTHyx6WAM4xP1,Miss Lucy,['9811'],153067,2007,False,,0.607,0.705,0.019,0.93,137.532
66VoUBjN3VaMiI3heXMRdz,Sunny & 73,['9811'],207493,2007,False,,0.474,0.568,0.00355,0.474,103.109
5yRFBttSYyqs0mzCDY6QvQ,Loser,['9811'],165973,2007,False,,0.595,0.556,0.057,0.633,107.60600000000001
4C16bXYcqWZDMQhQAB8Hmy,Sinnerman,['9811'],261320,2007,False,,0.52,0.732,0.0156,0.61,106.75
0ynmazYhZporQlOJf7ZpgZ,Things Uncertain,['9811'],234840,2007,False,,0.384,0.494,0.0071,0.235,128.945
3YNqpvpi9XwsUBvJ2LE1Ht,West Virginia,['9811'],187067,2007,False,,0.467,0.728,0.0594,0.945,159.062
4vQX0GtCSzhoSvS4VLCNYb,Pisces Tramp,['9811'],266440,2007,False,,0.408,0.618,0.0246,0.377,123.125
009sBtuwLUuY5fHdkYNUy7,Summer Dance,['9811'],200133,2007,False,,0.6990000000000001,0.561,0.0348,0.948,108.05
2Vykp6EqP7HmKKAz3dRkNA,Cafe 5-0,['9811'],199360,2007,False,,0.391,0.569,0.598,0.516,103.083
7JMkPIGB9xe396KBx2Apea,Puppet Strings,['9811'],177467,2007,False,,0.397,0.726,0.0008039999999999999,0.8059999999999999,145.379
4SBta5sqABLrQk5x2NzPIZ,Bonus Track,['9811'],12840,2007,False,,0.0,0.0354,0.0815,0.0,0.0
5yJVaUHqvxUkDL5ybZmTWq,9 to 5 on a payphone (Go on home we got business to do),['Kevn Kinney'],250147,2000,False,,0.507,0.5760000000000001,0.365,0.565,116.71799999999999
6Tm14AT5UW7UERJNbS8cE1,'96 Flow,['Trajik'],140916,2019,True,,0.8,0.373,0.0479,0.27899999999999997,149.986
6UfCHvylgdt119t7ma9AA6,Jazz Madness,['Kaizen 92'],52187,2019,False,,0.7909999999999999,0.7140000000000001,0.8220000000000001,0.5379999999999999,183.972
1xKBNMQBh2l7PQj7H8ixym,9' of Smoke,['Cephalic Carnage'],194707,2000,False,,0.128,0.991,1.19e-06,0.16399999999999998,85.84
3iGW49tnVfBJ8iatKOF2Ao,99.9 - (live 2005),['Wire'],464347,2005,False,,0.319,0.659,0.000538,0.0377,99.65700000000001
5PRltln75jwFC5ttUDMM3I,99 to 1,['Liberteer'],96107,2012,False,,0.409,0.966,0.0020399999999999997,0.0382,136.08700000000002
7AEqNCFwRtP8k0v0KDO6uW,92 Suicide,['Kickstarter'],123613,2011,True,,0.33399999999999996,0.917,0.000123,0.483,103.97200000000001
2m0eSop6YMc81BvCBNZkjE,BADD,['93 Ish'],102575,2020,True,,0.7959999999999999,0.71,0.138,0.8059999999999999,106.963
67a7r1t1SxJILPdFAe4wBb,Mahogani 9000,['Moodymann'],478533,2004,False,,0.4320000000000001,0.7120000000000001,0.725,0.498,120.016
2215593egurYIAjDWgvfN7,9mm Solution,['Candiria'],217213,2004,False,,0.66,0.8079999999999999,0.0102,0.496,99.07
6jTGrEsBY0mUcJeBYSq0oX,96 Tears,['Suicide'],277533,1998,False,,0.239,0.27,0.28300000000000003,0.0798,139.80100000000002
54Z42i61wH2ehCoHk6XSEM,The Battle,"['Murs', '9th Wonder']",128144,2019,True,,0.6729999999999999,0.76,0.00165,0.39,173.03400000000005
69JSJnAenUuH1oO4ePyYeF,God Black / Black God,"['Murs', '9th Wonder']",186881,2019,True,,0.469,0.805,0.00122,0.583,85.167
39PbUPH6Bx4hRN1vfjzz9N,How To Rob With Rob,"['Murs', '9th Wonder']",146593,2019,True,,0.615,0.858,0.00159,0.615,91.712
6EFp8hdmX5G1vxhmqGHOgb,Lover Murs,"['Murs', '9th Wonder']",160793,2019,True,,0.581,0.6559999999999999,0.387,0.46799999999999997,79.078
3YyEYXMCRv8F5ivvSriQZG,Get Naked (feat. Problem),"['Murs', '9th Wonder', 'Problem']",233825,2019,True,,0.47600000000000003,0.8809999999999999,0.0116,0.85,85.171
5OVuHy1p9aFMUqe6jRxjv0,The Shutters (feat. Reuben Vincent & Bad Lucc),"['Murs', '9th Wonder', 'Reuben Vincent', 'Bad Lucc']",193236,2019,True,,0.519,0.764,0.00396,0.348,76.77
5kNujX8UDDnUzdncbNApcp,Wait... Back It Up,"['Murs', '9th Wonder']",185080,2019,True,,0.494,0.718,0.000621,0.598,177.437
0RoPKoUEVWyDgU7IbRJcw4,If This Should End,"['Murs', '9th Wonder']",206292,2019,True,,0.72,0.807,0.0169,0.674,86.556
5oguRyGJQvMCA1LL7XZ88P,Walk Like a God (feat. Rapsody & Propaganda),"['Murs', '9th Wonder', 'Rapsody', 'Propaganda']",244947,2019,True,,0.623,0.8079999999999999,0.00496,0.336,176.199
6uqQezQ6rp4aIQj5Gh9fnq,Otha Fish,"['Murs', '9th Wonder']",191460,2019,True,,0.657,0.815,0.0295,0.701,91.708
4EdOHiGBttBvUyiSozK9zn,Murs SuperStar,"['Murs', '9th Wonder']",188602,2019,True,,0.622,0.856,0.0373,0.513,86.71
1sfcIDpfjSIZsGuuSRFZfq,I Dreamt I Was Æon,['Current 93'],412280,2010,False,,0.177,0.155,0.927,0.0399,82.801
1dWqkLlpXoRdGEsgDsdU7r,With Flowers in the Garden of Fires,['Current 93'],248547,2010,False,,0.467,0.332,0.3670000000000001,0.284,87.54
4TuOfeA5WkMj1xtmhB4iK4,December 1971,['Current 93'],275027,2010,False,,0.282,0.44,0.7559999999999999,0.293,82.896
47xEeNSf2N6BjELjlMuQxt,Baalstorm! Baalstorm!,['Current 93'],387253,2010,False,,0.252,0.376,0.7070000000000001,0.311,74.517
2G8qGVvWXMG9hzWDuFvx6Y,Passenger Aleph in Name,['Current 93'],280440,2010,False,,0.524,0.132,0.8690000000000001,0.0398,84.87200000000001
3dfmZbmdz9Zo43uDDifRmJ,Tanks of Flies,['Current 93'],198733,2010,False,,0.467,0.0762,0.972,0.375,133.862
26VwNcumDk70GiCzAHTTMo,The Nudes Lift Shields for War,['Current 93'],331187,2010,False,,0.442,0.255,0.672,0.42100000000000004,97.75
4f6MB1ANmoV6UajJLUDgIW,Night! Death! Storm! Omega!,['Current 93'],229653,2010,False,,0.63,0.34299999999999997,0.8059999999999999,0.555,127.964
2H4uaokgiU7DAtiLb0hIcv,I Dance Narcoleptic,['Current 93'],636880,2010,False,,0.32,0.213,0.429,0.9570000000000001,137.713
1sVDNta2CoefCYoyDnHISi,A Beginning,['Current 93'],44573,1992,False,,0.35,0.188,0.517,0.4970000000000001,174.321
2si2Gfg5DCVsalARYbS9WE,The Descent Of Long Satan And Babylon,['Current 93'],180667,1992,False,,0.4370000000000001,0.222,0.575,0.254,141.8
3DgjO7TQZKe9dh23qoOyu1,A Sadness Song,['Current 93'],254093,1992,False,,0.5,0.266,0.7979999999999999,0.11599999999999999,99.24799999999999
3cpOL3DheBCbCvw86Yzlyq,A Song For Douglas After He´s Dead,['Current 93'],298253,1992,False,,0.275,0.22899999999999998,0.9329999999999999,0.261,144.08700000000005
4hdf0nQkebORn4313XCfPa,In The Heart Of The Wood And What I Found There,['Current 93'],170147,1992,False,,0.299,0.301,0.494,0.27699999999999997,90.54299999999999
74kyw0rz9KlPMzLu8KiFWa,Mary Waits In Silence,['Current 93'],176760,1992,False,,0.217,0.386,0.878,0.22,90.381
1meMUpGNGX3nE9uIziAYj1,A Silence Song,['Current 93'],327213,1992,False,,0.418,0.29100000000000004,0.608,0.11199999999999999,117.65100000000001
3rQsXWjslAPfSgEFR6lQmf,A Lament For My Suzanne,['Current 93'],260920,1992,False,,0.342,0.14,0.95,0.0646,100.90299999999999
1jmEiueWorAdftkDSZvKzM,Riverdeadbank,['Current 93'],226733,1992,False,,0.47600000000000003,0.0711,0.88,0.298,94.928
3eHfMHC6MRHSPuK01YickR,All The Stars Are Dead Now,['Current 93'],546400,1992,False,,0.284,0.363,0.32,0.345,136.167
5uDGdPG6WM81IMmNjnx2Ws,Rosy Star Tears From Heaven,['Current 93'],185813,1992,False,,0.408,0.299,0.4270000000000001,0.33899999999999997,95.05
5alAO4UZwOm0dHLG0coBBK,When The May Rain Comes,['Current 93'],204213,1992,False,,0.45299999999999996,0.375,0.52,0.424,100.809
7lprcVeE0pzCKgQHNKDNSr,Thunder Perfect Mind I,['Current 93'],305240,1992,False,,0.157,0.168,0.767,0.171,87.83
6WKzOcKc1rZxkRZblw9lPB,Thunder Perfect Mind II,['Current 93'],141187,1992,False,,0.21899999999999997,0.102,0.978,0.033,117.281
58AivSVEVyNVBZqhM291D3,A Sad Sadness Song,['Current 93'],280680,1992,False,,0.266,0.158,0.856,0.0379,99.116
6eP12Mx04ya3SioSyn4CH1,An Ending,['Current 93'],141093,1992,False,,0.39,0.149,0.812,0.5489999999999999,103.51
0bwnfMAoyZ8OxzUsfhkZ4g,Suzanne: She And I In Darkness We Lay And Lie,['Current 93'],266000,1992,False,,0.23600000000000002,0.248,0.8740000000000001,0.0711,72.98100000000002
391KKGPiGUncx5WG9faDqj,Red House,['Current 93'],28960,1992,False,,0.5489999999999999,0.0504,0.156,0.87,95.03
58Ic0AuaG72ePtxYQDjxK6,Our Lady Of Horsies,['Current 93'],394867,1992,False,,0.377,0.425,0.272,0.439,96.241
6u9Ra0SjabLf9e8dX6TXnz,"Anyway, People Die",['Current 93'],106387,1992,False,,0.5539999999999999,0.319,0.5660000000000001,0.13699999999999998,105.99
608lYeBnN16nkAjcvRp0mZ,Silence As Christine,['Current 93'],144120,1992,False,,0.369,0.324,0.14300000000000002,0.628,57.753
0QDefl5lHz4Li7ZWakrpVk,Maldoror Is Ded Ded Ded Ded,['Current 93'],730853,1992,False,,0.299,0.311,0.49,0.0637,122.639
0VwAadsSId4rYpgh7rv4Zs,They Return To Their Earth,['Current 93'],378200,1992,False,,0.591,0.326,0.7290000000000001,0.623,105.887
06IjiLJcRUK7QddRYhNWxF,In Sadness Sang,['Current 93'],259733,1992,False,,0.532,0.235,0.8109999999999999,0.20199999999999999,98.99799999999999
3uhdQsXn6bt4eCZeVSSm76,'Khor Ba'i Nyes Dmigs,['Current 93'],88493,1992,False,,0.442,0.14400000000000002,0.988,0.29600000000000004,133.524
50mRUFQnjvcZSwhynoAwkq,Lament For Her,['Current 93'],239827,1992,False,,0.5760000000000001,0.158,0.9640000000000001,0.153,96.729
3uTpMB9KdaFz3Kd5vk86yP,A Song For Douglas After He´s Dead,['Current 93'],374493,1992,False,,0.484,0.354,0.938,0.314,120.234
27isYtoB7YY47naID9PTUZ,They Return To Their Earth,['Current 93'],412280,1992,False,,0.3720000000000001,0.828,0.866,0.527,102.62
6DD9pJsYiFAN49jut2cPtR,A Song For Douglas After He´s Dead,['Current 93'],343787,1992,False,,0.441,0.499,0.912,0.266,129.128
5gWLK8ZCk3RXdCw0BTbPXY,9:05,['Anagram'],225720,2006,False,,0.62,0.618,0.126,0.0794,129.893
2qT8g8y0vahhIbFENODWg1,Understand,['Prototype 909'],192467,2002,False,,0.293,0.40299999999999997,0.449,0.14400000000000002,131.744
0IOV5BVpoV6VBMwIgkE79t,Wrong,['98 Mute'],104293,1996,False,,0.46299999999999997,0.996,0.0146,0.46,99.384
6NdBeZr8QBkCDMbskrBqyI,A.C.A.B.,['98 Mute'],176933,1996,False,,0.447,0.99,0.015,0.503,97.65299999999999
4CiBQ9HYpCYYY5Q2hlK5dq,Dreams,['98 Mute'],119040,1996,False,,0.308,0.987,0.0122,0.48,130.317
2AvjM1yFgADNJfPJXAer3k,Another Boring Day,['98 Mute'],129000,1996,False,,0.429,0.97,0.00212,0.635,102.256
5YDVrqaT4uMlo1l1mXHzUL,Painkiller,['98 Mute'],96267,1996,False,,0.33299999999999996,0.997,0.0167,0.248,100.565
1EeT8tKnnqrCPqJeXVArX0,Answers,['98 Mute'],126493,1996,False,,0.405,0.997,0.0198,0.5479999999999999,98.69200000000001
6XCBocxGj91UBgaiE1h1dB,Them,['98 Mute'],93773,1996,False,,0.47,0.997,0.133,0.537,98.926
4ZTEZW8KnH6b6GQKlFMT4O,Better Days Ahead,['98 Mute'],113267,1996,False,,0.507,0.997,0.00678,0.6859999999999999,96.176
2eV3Mmy0QlELu4Hlh75o1e,Ground Zero,['98 Mute'],120293,1996,False,,0.349,0.998,0.0166,0.555,98.831
7recNt1TiRX1RChH0gFKhS,Young Americans,['98 Mute'],101107,1996,False,,0.391,0.995,0.0114,0.555,97.131
6bdyWzhLlFqP3BR2kyf4Eq,Beauty Queen,['98 Mute'],99027,1996,False,,0.345,0.992,0.0959,0.568,97.959
1ME1CpbhJAi7KqcRW7qnGx,Don't,['98 Mute'],135067,1996,False,,0.349,0.963,0.0125,0.48100000000000004,96.931
15eo47nFpEme4KurScangq,Fair Game,['98 Mute'],153840,1996,False,,0.317,0.9940000000000001,0.0209,0.5479999999999999,104.647
6C8Gh91D2D4xCwxnzKsusU,Last Laugh,['98 Mute'],75693,1996,False,,0.39399999999999996,0.997,0.007240000000000002,0.324,96.12299999999999
2NJxdI4RL7Jm5TmYiNOgby,Intro,['Plan 9'],52133,2008,False,,0.353,0.652,5.710000000000001e-05,0.21600000000000005,152.83700000000005
0l9lnJTey0d7T3GnpkgdKu,War of the Worlds,['Plan 9'],116227,2008,False,,0.33299999999999996,0.96,0.000752,0.613,170.30599999999995
4EYEUXyJkBdlZzma4lUNiU,13 Shades of Black,['Plan 9'],99667,2008,False,,0.40399999999999997,0.8859999999999999,0.0012900000000000001,0.55,80.86399999999998
1atNPX1JD6jjeUOADXKcBN,Blood,['Plan 9'],113667,2008,False,,0.248,0.8690000000000001,0.000251,0.7440000000000001,199.169
6keF5yfrGlga1o5q95us2S,Heart of Darkness,['Plan 9'],141173,2008,False,,0.42100000000000004,0.9640000000000001,0.0003,0.603,102.26899999999999
2B5aFxAn6lgtHPLwqR2Thq,Revenant's Rise,['Plan 9'],148667,2008,False,,0.341,0.9129999999999999,0.000758,0.34,141.599
0tYb09gUS31R3oIuKVSMGY,Day of the Dead,['Plan 9'],110000,2008,False,,0.259,0.945,0.000745,0.341,95.029
1rhrlahMVmUmHZOTxYMKgX,Archangel,['Plan 9'],182667,2008,False,,0.20800000000000002,0.9179999999999999,3.86e-05,0.364,195.1
6pVqOtMrqamZ58FOlBrT1B,ManMade Monster,['Plan 9'],95680,2008,False,,0.33799999999999997,0.9209999999999999,0.00015800000000000002,0.466,175.137
5uvVxnivkajz385lst0XH3,Devil's Advocate,['Plan 9'],101333,2008,False,,0.325,0.927,0.000245,0.7859999999999999,140.834
77XbJjDvFeGYgCSYQfxRFk,Teenagers From Mars / We Bite,['Plan 9'],188347,2008,False,,0.29100000000000004,0.907,0.00023500000000000002,0.61,106.274
15gZYyUdINDpPq0hqfghoJ,Undead,['Plan 9'],98173,2008,False,,0.48700000000000004,0.922,0.006679999999999999,0.924,146.251
6AF2ojZPwyCI7CpHOMzO3p,Black Dragon,['Plan 9'],92840,2008,False,,0.46799999999999997,0.86,0.000407,0.78,110.82600000000001
3xjD2nDeysxHsYQN93zbiC,She Never Sleeps,['Plan 9'],113667,2008,False,,0.271,0.855,0.000298,0.889,147.17
3pNEGunlaq0tI0b7H0nt69,God Told Me To Kill,['Plan 9'],122507,2008,False,,0.39299999999999996,0.87,7.070000000000001e-05,0.462,104.21799999999999
3dr5J8adTH1FtjofTrumsB,Samhain,['Plan 9'],258333,2008,False,,0.233,0.7559999999999999,0.0054399999999999995,0.524,66.875
6DVeR1pMMVzfbJsDcKB6lO,Back and Forth,['District 97'],523493,2012,False,,0.295,0.8140000000000001,0.00253,0.373,85.883
5ERdQdTQtVsQ0s7krt0m69,Open Your Eyes,['District 97'],265027,2012,False,,0.613,0.65,0.0056,0.611,91.65299999999999
6yDpMHz0T77dtRx94P0lCt,The Actual Color,['District 97'],347627,2012,False,,0.32799999999999996,0.708,0.0069700000000000005,0.5770000000000001,92.14299999999999
2SPiu258V0fyhHrvTI30ki,The Perfect Young Man,"['District 97', 'John Wetton']",601320,2012,False,,0.254,0.61,0.0307,0.159,79.895
3y73sdUBLMxflfgNLynD5z,Who Cares?,['District 97'],294640,2012,False,,0.49,0.5670000000000001,0.315,0.42,109.499
20cND0GNmXVpzLGyGcVxBQ,Read Your Mind,['District 97'],451653,2012,False,,0.305,0.6409999999999999,0.0583,0.11199999999999999,100.311
3477aY1qvU20jEgo3Np2Sc,The Thief,['District 97'],822707,2012,False,,0.272,0.7240000000000001,0.0167,0.054000000000000006,101.194
0iOgMYVsUYTnkKUBMBQiIi,93 Ave. Blues,['Swans'],321573,2012,False,,0.19399999999999998,0.5660000000000001,0.0955,0.0488,126.11
6jIELg4kdCDktCRe5ow20v,Invocation of Almost,['Current 93'],528720,2009,False,,0.294,0.86,0.0015400000000000001,0.133,120.04
4u6hiLpqDJxWTTUCUb6bKJ,Poppyskins,['Current 93'],316520,2009,False,,0.272,0.38,0.423,0.0393,122.189
7jfNSJb5jMvSnyB5PNmrzb,On Docetic Mountain,['Current 93'],494253,2009,False,,0.353,0.586,0.0408,0.205,66.414
1Xy4g1ORzJuXI1zNjl8heD,26 April 2007,['Current 93'],312573,2009,False,,0.292,0.22399999999999998,0.037000000000000005,0.0605,104.514
2KDur9cjoEegOpQhDFmLs9,Aleph is the Butterfly Net,['Current 93'],354400,2009,False,,0.45399999999999996,0.586,0.0416,0.22,82.163
4JIM4pFDT7P4EkvKzMi5BS,Not Because the Fox Barks,['Current 93'],613960,2009,False,,0.306,0.7,0.126,0.222,125.786
6gVoRySPvLXx0y5z5KKPW7,UrShadow,['Current 93'],277107,2009,False,,0.555,0.526,0.299,0.623,123.584
27eL0nziwcBaOaqCbEGzl4,As Real as Rainbows,['Current 93'],323000,2009,False,,0.48700000000000004,0.008490000000000001,0.8220000000000001,0.2,66.102
60YlOi0PwWpm5a2ss0YNkr,Cariad Cyntaf,['9bach'],156640,2012,False,,0.5870000000000001,0.24100000000000002,0.983,0.254,80.092
6RoD1owLxkc4GCHm8WdaIW,97 Heart Attack,['Earlimart'],141053,2012,False,,0.731,0.826,0.0333,0.828,101.012
1eMZIudwmN16Ng2ohPpVkn,I Looked To The South Side Of The Door,['Current 93'],415933,2008,False,,0.589,0.18100000000000002,0.9470000000000001,0.114,85.471
2G7OqnkE4b75mF7eo5Owxg,She Took Us To The Places Where The Sun Sets,['Current 93'],270653,2008,False,,0.33399999999999996,0.4270000000000001,0.872,0.0331,104.12200000000001
4MwoqGYhLqFgdpHe0W3ykM,The Nylon Lion Attacks As Kingdom,['Current 93'],270427,2008,False,,0.335,0.34700000000000003,0.6970000000000001,0.166,138.752
2QSVB8FPmktCiNxruTeUi3,Suddenly The Living Are Dying,['Current 93'],186067,2008,False,,0.425,0.441,0.838,0.433,122.494
5zlonW0vqTtZBubU4s8Yft,9 to 5,['Toosmooth'],258120,2013,True,,0.8140000000000001,0.836,0.18,0.892,86.01100000000002
7aJNKIpdXNRtQyKZ8isf31,9-5ers,['Mikabomb'],140707,2005,False,,0.496,0.953,0.008759999999999999,0.723,190.013
4jEFFjm10qskaoSPEnLMe4,94 Years,['Blackheart'],285520,2008,False,,0.61,0.325,0.632,0.195,80.992
4zimmbk0NWobJJtLwgfGkj,Get A Grip,['Agent 99'],185013,2005,False,,0.445,0.971,0.0029,0.838,183.954
0cNCA9l87q6OVkKZgokWDN,Walk,['Agent 99'],273960,2005,False,,0.674,0.574,0.00329,0.8079999999999999,128.32399999999998
3BWYvKux96ogJLALA4VXtT,Words,['Agent 99'],170027,2005,False,,0.493,0.987,0.0227,0.316,176.442
3aczmiuVXLgkm6eezVKyx9,Little Pieces,['Agent 99'],229213,2005,False,,0.6920000000000001,0.6709999999999999,0.000691,0.868,128.642
5Kd8ohl0dhyVLpxbWsKKaQ,You Already Know,['Agent 99'],156920,2005,False,,0.828,0.682,0.0283,0.9640000000000001,108.958
32sOqn2mNjhUWXPaF24zWJ,Kingston On My Mind,['Agent 99'],219107,2005,False,,0.659,0.7090000000000001,0.0009019999999999999,0.937,131.219
7dpKuydcTbvgTMVpGkyKfJ,Murder For Rent (Record Exec Mix),['Agent 99'],98467,2005,False,,0.445,0.976,0.03,0.9129999999999999,181.321
38PzYdfmWku0MJw9AvgfRd,Elektra,['Agent 99'],174453,2005,False,,0.6459999999999999,0.8440000000000001,0.596,0.745,104.279
4QgbT9Gxz8HptGieL7mPJF,Little Rude Ridinghood,['Agent 99'],88840,2005,False,,0.532,0.79,0.0193,0.659,125.194
64LSocq4hVHGOjBzAAPl9d,Biggest Boy,['Agent 99'],176093,2005,False,,0.486,0.885,0.00266,0.44,106.45
6z7LKDQmOFUzFOb0ifILSW,River Cobain,['Agent 99'],178733,2005,False,,0.598,0.7959999999999999,0.00297,0.8009999999999999,112.156
6vhuxN2fcLOTZFKkIH24F0,Murder For Rent (Punk Rock Mix),['Agent 99'],110467,2005,False,,0.48100000000000004,0.867,0.0153,0.934,190.408
6rmb2aC0FF9fEam2rwSfx3,Happy?,['Agent 99'],238600,2005,False,,0.429,0.6659999999999999,0.00418,0.669,134.763
5Zz8pAY8TJwRRIoXpMrUDE,Back To The Underground,['Agent 99'],129667,2005,False,,0.486,0.97,0.00774,0.892,181.87599999999998
50Pnkf7McesJH4J0xYKRvq,Look At You Now,['Agent 99'],211493,2005,False,,0.564,0.903,0.0035700000000000007,0.765,94.87299999999999
3WNV2Nx47KFphbjYDmO3uK,"Alzheimer's Ska, Get A Grip",['Agent 99'],244493,2005,False,,0.457,0.9620000000000001,0.374,0.794,102.994
4qYsVdoB90ytv3KqNbon8F,Little Rude Ridinghood,['Agent 99'],98560,2005,False,,0.544,0.907,0.62,0.35200000000000004,87.385
7afua8ts0SEJhrnf4dafkw,Theme,['Agent 99'],213520,2005,False,,0.39899999999999997,0.9079999999999999,0.456,0.8540000000000001,130.981
4URkI5LsNqgUF13HiLtkYX,Sweet Dreams,['Agent 99'],116653,2005,False,,0.38,0.927,0.392,0.7040000000000001,94.995
6KYlz3Pvjs5yYkEk11uLly,93 Years On,['Digitonal'],490400,2008,False,,0.524,0.33,0.37799999999999995,0.0755,149.97799999999995
6p7LaMJVprBhfuFQdHrss0,On The Edge,['SCSI-9'],403960,2005,False,,0.7170000000000001,0.41200000000000003,0.0135,0.493,124.986
4whNwVp8pRXZJofjtPh1uI,Senorita Tristeza,['SCSI-9'],353400,2005,False,,0.713,0.429,0.0115,0.517,123.00299999999999
2PcSj50ijmywU8hAmpczbX,Sweets & Love,['SCSI-9'],378587,2005,False,,0.726,0.391,0.0018100000000000002,0.8809999999999999,125.01799999999999
1o2wDucqrSgX8pUWn7Fat6,Burn,['9voltRevolt'],229093,2006,False,,0.504,0.996,0.00399,0.121,110.00200000000001
1a56JbV261bvoXpGA6S9VD,No Apologies,['9voltRevolt'],268000,2006,False,,0.48700000000000004,0.934,0.0216,0.435,120.008
2XehGFqT7N8lppyHqGA0Yu,Helpless and Hollow,['9voltRevolt'],309747,2006,False,,0.4320000000000001,0.996,0.0016,0.0509,118.95200000000001
7K2sFYRrZpTBdUzBFHjYRd,Take The Fall,['9voltRevolt'],280013,2006,False,,0.469,0.932,6.19e-06,0.337,179.99
0nt2tqcIzB4qT3zm7r6rcx,Broken,['9voltRevolt'],285000,2006,False,,0.564,0.948,0.00186,0.413,112.01700000000001
38eLQACO5ipSh4PZC9hQvb,Nothing Made,['9voltRevolt'],300693,2006,False,,0.49,0.941,0.00614,0.27399999999999997,178.00799999999995
4zdHV7VOSkXdqI5Ew7bAYH,Betrayer,['9voltRevolt'],238107,2006,False,,0.491,0.91,0.0026100000000000003,0.293,126.025
7uoniAvz64fXEAMOtDWdmG,To My Knees,['9voltRevolt'],268773,2006,False,,0.47600000000000003,0.983,9.620000000000001e-05,0.0997,127.04700000000001
1zt5EnXZ3AVd20d2Q5QRG2,Collapse,['9voltRevolt'],262253,2006,False,,0.35700000000000004,0.865,0.00123,0.20199999999999999,179.995
6Regh5oiWNi7hcCgMpBIxW,How To Fall Apart,['9voltRevolt'],343520,2006,False,,0.212,0.373,0.0359,0.0387,102.051
0NBcHYgNiInv9X9O48rDVP,Personal Jesus,['9voltRevolt'],247067,2006,False,,0.402,0.99,9.17e-05,0.0364,68.017
1h0CgTUFj4Dd4fN5ZmTSAV,Judas As Black Moth,['Current 93'],165027,2005,False,,0.444,0.000336,0.99,0.124,139.482
4qAxrei7gxjbQs2NNuSH6N,Larkspur And Lazarus,['Current 93'],365680,2005,False,,0.47700000000000004,0.111,0.9890000000000001,0.32799999999999996,139.692
1ChHBYGPdwWH2RWDgM6x6n,A Gothic Love Song (For N.),['Current 93'],246880,2005,False,,0.431,0.133,0.986,0.23600000000000002,79.047
0WI0JLRtaIeYcctOIMdZPo,Mockingbird,['Current 93'],244333,2005,False,,0.452,0.0685,0.99,0.25,135.70600000000002
2mlxgtWbJgpM2VKRrK3sB3,Soft Black Stars,['Current 93'],188960,2005,False,,0.513,0.146,0.985,0.264,120.26
63W1ZOoMRCbdgTDpkm18TB,"It Is Time, Only Time",['Current 93'],306893,2005,False,,0.441,0.16699999999999998,0.987,0.262,152.929
6h7FQdYxogvOVR3GOK41Wz,AntiChrist And Barcodes,['Current 93'],146653,2005,False,,0.544,0.134,0.975,0.442,128.201
2Z8awysSLM16zFp9V6it3I,The Signs In The Stars,['Current 93'],223920,2005,False,,0.396,0.0582,0.991,0.19699999999999998,136.656
423zWlthHcK1CqlXVOSSBk,Whilst The Night Rejoices Profound And Still,['Current 93'],264533,2005,False,,0.514,0.209,0.988,0.259,140.888
2AV5iU6HfUKE8VYGgExaHq,"Moonlight, Or Other Dreams, Or Other Fields",['Current 93'],128947,2005,False,,0.5770000000000001,0.239,0.963,0.27899999999999997,116.99
0Mr0u7kcDLVe5xjgbZ5RLf,Judas As Black Moth II,['Current 93'],377640,2005,False,,0.544,0.0324,0.991,0.265,127.654
5SmuvDHBTCTX6e3PH5nvuL,Chewing On Shadows,['Current 93'],888787,2005,False,,0.221,0.0455,0.95,0.0382,72.268
7rm7iYEjcrqi0TSHS9YY86,Chewing On Shadows (Vinyl Version),['Current 93'],726907,2005,False,,0.192,0.0259,0.9540000000000001,0.0358,136.025
2XfAXtSYDi27oR1fFHLlMy,Chewing On Shadows (Unreleased Acoustic Version),['Current 93'],188587,2005,False,,0.46799999999999997,0.142,0.87,0.243,95.05
4xJM2Wg4GG00TIcj1BnL6r,Intro,['Current 93'],127427,2005,False,,0.22699999999999998,0.0502,0.9179999999999999,0.0679,135.129
7DpoOBGk6bSef8YHIhvfTi,"Good Morning, Great Moloch",['Current 93'],237653,2005,False,,0.358,0.0665,0.9179999999999999,0.07200000000000001,65.593
4tT7mp7wkV9flzPJjRtquV,5 Hypnagogue 5,['Current 93'],366107,2005,False,,0.441,0.152,0.9209999999999999,0.0823,143.465
09zq0pP2EUK8RSGJsrLJ1J,Whilst The Night Rejoices Profound And Still,['Current 93'],265693,2005,False,,0.3,0.00583,0.927,0.298,126.469
5yv4xnHz5Bk9phuo4dLDb7,Earth Covers Earth,['Current 93'],269840,2005,False,,0.368,0.0972,0.9540000000000001,0.0497,117.21600000000001
3pb3FTelpdWuA1AsPuMuz9,Calling For Vanished Faces II,['Current 93'],295867,2005,False,,0.375,0.115,0.95,0.13,101.29799999999999
6CaDRESHNxqCLrLOk00SwF,All This World Makes Great Blood,['Current 93'],275000,2005,False,,0.413,0.0423,0.878,0.124,68.26100000000001
5fMKPoZARjSWAcEMLSdCvf,Mary Waits In Silence,['Current 93'],220107,2005,False,,0.295,0.263,0.856,0.0916,82.074
406bICj3JKKqQGvg31w187,Judas As Black Moth,['Current 93'],111480,2005,False,,0.314,0.00843,0.981,0.132,82.956
332p0eBBS7QOe7YB5DxgIa,A Gothic Love Song,['Current 93'],251240,2005,False,,0.376,0.0455,0.941,0.158,79.467
4WQxokFfD20X1Cofmz1inY,The Bloodbells Chime,['Current 93'],291480,2005,False,,0.439,0.106,0.912,0.34600000000000003,134.599
0ClJeUJbZRo3XVTAYoX4bX,Walking Like Shadow,['Current 93'],195587,2005,False,,0.391,0.17,0.862,0.35600000000000004,79.332
1ous2RZ8Sjaaq8VTyS0Prn,Sleep Has His House,['Current 93'],256960,2005,False,,0.41100000000000003,0.331,0.915,0.23600000000000002,138.062
7btmTD0R9zAtoBvLip7n3T,Time Of The Last Persecution,['Current 93'],221680,2005,False,,0.41100000000000003,0.303,0.9520000000000001,0.201,91.399
428Zi6hYslMZ2PFJynj5fY,Long Satan And Babylon,['Current 93'],214813,2005,False,,0.34,0.171,0.826,0.19399999999999998,130.157
5FX72kAcYUk3v9rv5Hx7bd,A Sadness Song,['Current 93'],329133,2005,False,,0.429,0.127,0.882,0.0797,81.31
0uo0pI8npp5aD1GJpd66it,Intro,['Current 93'],162013,2005,False,,0.142,0.275,0.941,0.18600000000000005,101.036
0lpLu3lwtwQoLASaDOUdiN,Alone,['Current 93'],491227,2005,False,,0.327,0.306,0.8390000000000001,0.0911,151.929
4udEA1cMotjlH7unRgynjM,Red Hawthorn Tree,['Current 93'],207947,2005,False,,0.272,0.076,0.912,0.12300000000000001,79.876
1soAu94igaQl3hqZz2nYR8,All The World Makes Great Blood,['Current 93'],297160,2005,False,,0.353,0.1,0.327,0.105,67.415
3I01mUIh9MPtZGu9VwrINl,The Signs In The Stars,['Current 93'],197307,2005,False,,0.303,0.0759,0.9009999999999999,0.127,76.666
0PMKi5bW026ovc7ETn2tZH,4 Hypnagogue 4,['Current 93'],213493,2005,False,,0.479,0.19899999999999998,0.784,0.0516,146.414
2HsmNb9v3bprLKNgdSzTKs,Mary Waits In Silence,['Current 93'],211293,2005,False,,0.326,0.528,0.524,0.287,86.515
6wGv0ab1qUiKkbcYWqTnVc,The Inmost Light Itself,['Current 93'],465613,2005,False,,0.249,0.598,0.331,0.4270000000000001,124.10700000000001
7K3SDK8PVvC1h2cPKRe5jb,Falling Back In Fields Of Rape,['Current 93'],198000,2005,False,,0.28600000000000003,0.396,0.3670000000000001,0.293,74.98899999999998
4e1MHD5w8emwv63TfKE9Mv,Whilst The Night Rejoices Profound And Still,['Current 93'],243600,2005,False,,0.4270000000000001,0.0751,0.943,0.264,123.29
2fgoi6cG99YYkHmwe9WsSv,Black Sun Bloody Moon,['Current 93'],67947,2005,False,,0.364,0.855,0.624,0.589,133.776
3zKk1SNpqNLw7qCIeoJN9L,They Returned To Their Earth,['Current 93'],470867,2005,False,,0.312,0.37799999999999995,0.774,0.33799999999999997,91.493
1LyNwspClR3JUTeHMf7sEM,"So, This Empire Is Nothing",['Current 93'],100213,2005,False,,0.289,0.109,0.905,0.304,79.197
5U8FL38L9QAxDjKYsXB6Tj,This Shining Shining World,['Current 93'],230147,2005,False,,0.415,0.07200000000000001,0.905,0.22,126.634
0BcuwtXw0xnSu4gx3ms9Vx,The Blue Gates Of Death,['Current 93'],423747,2005,False,,0.39299999999999996,0.225,0.8809999999999999,0.35100000000000003,95.851
2GnLWFmhDQPef3xO9g25WI,Black Ships Ate the Sky I remix by JG Thirwell,['Current 93'],338427,2008,False,,0.612,0.8079999999999999,0.000251,0.6609999999999999,131.399
3u2LVhPgs6pQZJqo493uEK,Black Ships Ate the Sky II remix by JG Thirwell,['Current 93'],237373,2008,False,,0.616,0.784,0.00023500000000000002,0.767,131.415
0MP98v6TEz8UPKACnuztIt,Black Ships Ate the Sky remix by Matmos,['Current 93'],348627,2008,False,,0.789,0.541,0.018000000000000002,0.643,132.0
77qOYqjej97zL9DvFf1QGU,The Beautiful Dancing Dust remix by Matmos,['Current 93'],334947,2008,False,,0.759,0.284,0.135,0.182,113.991
2KcszuhLlKpW8epCvLPjko,Christus Christus (The Shells Have Cracked),['Current 93'],183360,1984,False,,0.203,0.943,0.833,0.0512,80.824
0b63tF2Lzl6y6iBS5JhfTg,Falling Back In Fieds Of Rape,['Current 93'],880800,1984,False,,0.254,0.741,0.69,0.0399,78.72399999999998
4kHTVmAr4MTB55SOxuIKUh,"From Broken Cross, Locusts",['Current 93'],364240,1984,False,,0.335,0.986,0.594,0.0388,85.666
5jbia9bq3KsHFxc1cn4bBM,Raio No Terrasu (Jesus Wept),['Current 93'],836707,1984,False,,0.182,0.912,0.8590000000000001,0.0626,116.251
4yJmX94unEamBODJO0ZqNv,St. Peter's Keys All Bloody,['Current 93'],141893,1984,False,,0.292,0.585,0.353,0.18,95.444
2K70sv0gc5i335KwCINEGO,Microphone,['98º'],197800,2013,False,,0.7020000000000001,0.7190000000000001,0.00747,0.5870000000000001,140.088
2HI7o9WGCF9L5FqiQ08NLx,Girls Night Out,['98º'],223840,2013,False,,0.7340000000000001,0.745,0.064,0.623,135.02700000000002
0aOtvs5YeeLr6Y64lLXxGa,Lonely,['98º'],209547,2013,False,,0.39799999999999996,0.7340000000000001,0.113,0.508,159.94
6gAUf6tbqJkVyROm4RYQrM,Can't Get Enough,['98º'],234427,2013,False,,0.7559999999999999,0.693,0.122,0.878,112.015
7BRWzJUWQA8mQVUDJaOFpW,Impossible Things,['98º'],224880,2013,False,,0.575,0.8029999999999999,0.20800000000000002,0.706,95.939
6yaGx99Pes7bnoSJkPphhh,"Hush, Hush",['98º'],224987,2013,False,,0.7040000000000001,0.667,0.27399999999999997,0.7609999999999999,118.00200000000001
1pbQKVrX2JrKhSpFaPbybg,No Part of You,['98º'],225693,2013,False,,0.69,0.765,0.0986,0.5660000000000001,144.037
6zEf2LN4XcSx2l07viEqqz,Agree on Goodbye,['98º'],177053,2013,False,,0.6679999999999999,0.7140000000000001,0.098,0.628,94.946
11UQrQ1xjXSn1zz94DAN0t,Let Go Of My Heart,['98º'],247693,2013,False,,0.616,0.43,0.585,0.237,125.98700000000001
0pBF6J0tJseyAys4vzwGnt,AYO,['98º'],199627,2013,False,,0.682,0.634,0.0226,0.871,132.045
1P178R8QBtRMWy5afW68zC,Take The Long Way Home,['98º'],239293,2013,False,,0.6779999999999999,0.727,0.13,0.657,122.99700000000001
4mha5rWx90CtdF0PMumh43,Because of You (Acoustic),['98º'],202307,2013,False,,0.722,0.38799999999999996,0.7509999999999999,0.778,104.89
6r9uRLnQEF3alGTfmE5OkU,Invisible Man (Acoustic),['98º'],203400,2013,False,,0.509,0.511,0.564,0.568,169.929
7zYQz7huSboNQpnawehndg,'95 Was Live,['Madness'],310844,2014,True,,0.72,0.856,0.0211,0.5579999999999999,81.03
4xRUvG7gPuau3cs1b3HLeC,9am: My Head Hurts,['Diskonnekted'],202547,2006,False,,0.444,0.643,0.619,0.27,160.007
6RUl9mKKHDpFWMSN5KYnmp,9 to 5,['Toosmooth'],258120,2013,True,,0.8140000000000001,0.836,0.18,0.892,86.01100000000002
2xxQbCBdWRnI6YxZqWVtKD,Mic Check (Intro),['909 Boyz'],170320,2010,True,,0.569,0.29100000000000004,0.151,0.433,117.512
44cypW65cUHCK7Wq0y74jO,We Gettin' at Cha',['909 Boyz'],219773,2010,True,,0.7759999999999999,0.6759999999999999,0.125,0.312,94.23299999999999
6tlPdRmrEsJWjy6N2ROI5Y,Lyrical Son af a 'G',['909 Boyz'],255933,2010,False,,0.777,0.773,0.165,0.8170000000000001,94.376
3nJhylOTdeMcJvLVOYZ5Lo,This is How We Kick It,['909 Boyz'],278493,2010,True,,0.879,0.8059999999999999,0.193,0.765,97.01
09EaM6vJkdHkaSXvpvvRqc,Espg,['909 Boyz'],244907,2010,True,,0.93,0.613,0.0478,0.44,98.015
1RfJmp83YM3diZqJPps9Lg,Royal Flush,['909 Boyz'],250907,2010,True,,0.8140000000000001,0.643,0.155,0.332,98.07
3DTzWfrnNajBbPcSZasQGR,Seo-loc Has Ta' Clown,['909 Boyz'],234227,2010,True,,0.8420000000000001,0.7170000000000001,0.0503,0.294,95.01700000000001
0eKdCNkFhzTHTuHZEPnsIZ,It'z On,['909 Boyz'],240893,2010,True,,0.878,0.759,0.109,0.4970000000000001,102.00299999999999
6dlPa5a399w17tFqGwCBgD,Tha' Coldest,['909 Boyz'],205800,2010,False,,0.907,0.7070000000000001,0.0512,0.619,102.00399999999999
4Z2ZoJzXwgp7rzqWLkGivS,Far East I.e.,['909 Boyz'],275040,2010,False,,0.748,0.603,0.0227,0.551,76.985
2ZkeeqE5Tqbo6F2f5CiIJM,Anotha' 24,['909 Boyz'],315267,2010,True,,0.7440000000000001,0.721,0.0588,0.511,185.984
0IewwEKxAYzZN4USqrIaEk,Bring The Noise,['909 Boyz'],207867,2010,False,,0.941,0.821,0.409,0.313,101.945
2HkdsbQyJzh2ISUeqEPNRq,Do Dirt -skit-,['909 Boyz'],192160,2010,True,,0.5760000000000001,0.4,0.612,0.413,97.455
4SV1EwasrqtlYP8u8trWQo,Can We Come Over,['909 Boyz'],247773,2010,True,,0.8740000000000001,0.563,0.188,0.696,92.00200000000001
04ZcgGVA0StFf2D1K469ZW,This Is How We Kick It (part Ii),['909 Boyz'],226827,2010,True,,0.91,0.631,0.161,0.6659999999999999,97.98899999999999
0tMNaWSopOzYZxBMXrwlcy,Shout Goes Out,['909 Boyz'],235907,2010,False,,0.653,0.765,0.316,0.494,148.04399999999995
0SBKrcp1N2TYkuSwsqIJpv,We Gettin' Atcha' (remix),['909 Boyz'],225267,2010,False,,0.93,0.7340000000000001,0.054000000000000006,0.40399999999999997,95.99799999999999
55BP0cAcTO5MHMPQotCiSD,"No Matter Where You Go, This Will Always Be Home (Mega Man Battle Network: Hometown)",['Level 99'],289109,2013,False,,0.71,0.39299999999999996,0.6940000000000001,0.37799999999999995,80.023
3qc5lZ3JAt6xaLYfiHfpty,The Invisible Church,['Current 93'],392000,2014,False,,0.573,0.249,0.6829999999999999,0.128,80.031
0njhsCZVqTVcdrgWUoN9nv,Those Flowers Grew,['Current 93'],523000,2014,False,,0.522,0.598,0.366,0.273,78.03
4FuNruUkrBQRWfQwNl8kUJ,Kings and Things,['Current 93'],381000,2014,False,,0.509,0.299,0.86,0.486,80.24600000000002
4hC0N5AM0qTFyLr9JfpnWi,With the Dromedaries,['Current 93'],337000,2014,False,,0.475,0.253,0.897,0.294,125.044
2LELSu03ZIDim8NZ84zgnD,The Heart Full of Eyes,['Current 93'],346000,2014,False,,0.461,0.564,0.608,0.39799999999999996,129.734
3mP4VVc32et6Fy4aTrS5Oj,Mourned Winter Then,['Current 93'],356000,2014,False,,0.63,0.109,0.986,0.474,77.83800000000002
6cWLsGXZIUNqKVk5jZ39NK,And onto Picknickmagick,['Current 93'],482000,2014,False,,0.316,0.41700000000000004,0.757,0.198,179.78
7q8jp7FrGgmPNZXTuC8TJh,Why Did the Fox Bark?,['Current 93'],377000,2014,False,,0.605,0.183,0.9520000000000001,0.17,110.109
3fEqSyJtHj1eueI02mSsyc,I Remember the Berlin Boys,['Current 93'],229000,2014,False,,0.682,0.429,0.645,0.586,85.27
63q327vU1ZU7xqeOnLMRZr,Spring Sand Dreamt Larks,['Current 93'],273000,2014,False,,0.341,0.669,0.5820000000000001,0.488,165.25
5kNQ71YCSjGfvuTOtFmxde,I Could Not Shift the Shadow,['Current 93'],372453,2014,False,,0.66,0.17800000000000002,0.9359999999999999,0.256,130.112
23TE5w8dNv5DT5V3ctnZbt,93 Years On,['Digitonal'],484187,2008,False,,0.516,0.32899999999999996,0.402,0.0758,150.013
5S1qAKHnzQPy4QUvLZz0U4,Mr. Dream Merchant Intro,['9th Wonder'],72240,2007,False,,0.33399999999999996,0.6,0.5820000000000001,0.725,171.082
0bMXGFXxydeZXY14yLvFuG,Shots,"['9th Wonder', 'Big Dho', 'Sean Price']",205373,2007,False,,0.452,0.893,0.139,0.752,88.072
2zbNwNRFyvAw4ZnWgVoASl,Merchants of Dreams,"['9th Wonder', 'Chaundon', 'Skyzoo', 'Legacy', 'Torae']",223800,2007,False,,0.516,0.873,0.0276,0.691,89.27600000000002
6p5zkjfs3Lni4es1FyoECy,Brooklyn In My Mind,"['9th Wonder', 'Mos Def', 'Memphis Bleek', 'Jean Grae']",265333,2007,False,,0.475,0.835,2.36e-05,0.354,189.09400000000002
1mCyFjW4bem32xCURZMoeJ,Sunday!,"['9th Wonder', 'Keisha Shontelle', 'Chaundon']",290267,2007,False,,0.449,0.8170000000000001,0.115,0.698,168.19799999999995
2RR9SQp3npveAmdqz559fz,Baking Soda,"['9th Wonder', 'Big Treal']",259600,2007,False,,0.54,0.807,0.16899999999999998,0.866,85.796
6mmvLkZDloHoE9GGZTglkE,Reminische,"['9th Wonder', 'Big Remo the Great', 'Novej']",294133,2007,False,,0.511,0.895,0.0598,0.601,84.055
6vLOT7AiFKmI4rbxkzfvDZ,No Time to Chill,"['9th Wonder', 'Little Brother']",181400,2007,False,,0.512,0.966,0.0359,0.433,89.963
4EVig3gFXpDsDc6yYAR7xr,It Ain't Over,"['9th Wonder', 'Jozeemo', 'Tyler Woods']",174613,2007,False,,0.54,0.86,0.0329,0.505,88.01100000000002
4Vwyo03mozloBeJY3hqVlP,The Last Time,"['9th Wonder', 'Royce', 'Vandalyzm', 'Naledge', 'The Chi', 'The Lou', 'The D.']",308987,2007,False,,0.55,0.884,0.265,0.65,89.89200000000002
0JJamFUqXGwQvyjnQUneaK,Saved,"['9th Wonder', 'Saigon', 'Joe Scudda']",184933,2007,False,,0.603,0.91,0.493,0.721,85.616
3Alogal3cXcUBVboWMsX86,The Milky Lowa,"['9th Wonder', 'Camp Lo']",215027,2007,False,,0.6,0.733,0.031,0.3720000000000001,92.759
2w8pkGtuNrNzkiRzGCEEkz,Backlash,"['9th Wonder', 'Sean Boog', 'Buckshot']",256507,2007,False,,0.623,0.836,0.16899999999999998,0.833,87.006
7tokVlQTf4dvOHwYB7FLWq,Thank You,"['9th Wonder', 'DOX', 'O-Dash']",237200,2007,False,,0.639,0.892,0.0076900000000000015,0.7759999999999999,170.025
0jsZKCYsau0HWOZQf94C0J,Let It Bang,"['9th Wonder', 'Ness', 'Skyzoo']",228000,2007,False,,0.579,0.615,0.0102,0.6940000000000001,176.21
1f0GzFjs6t8rpz0ymkbyUO,What Makes A Man,"['9th Wonder', 'Big Pooh', 'Buddy Klein']",193360,2007,False,,0.46,0.777,0.0617,0.619,181.262
4ZX4dIwiHhEdBVwEez2ayL,Bonus Track - Special Remix,"['9th Wonder', 'Strange Fruit Project', 'Median']",204400,2007,False,,0.684,0.73,6.0599999999999996e-05,0.33299999999999996,97.016
3zlYD6HhqgMiF0qEjWOXVg,You Wanna - Bonus,['9th Wonder'],249173,2007,False,,0.574,0.657,0.168,0.765,83.65299999999998
7fFtfin77UunKAtZo6dtx8,"Vesna, Lastic & Elliott",['SCSI-9'],390347,2013,False,,0.67,0.525,0.147,0.7070000000000001,120.00399999999999
49QChnFJXeeLpNe509KABj,99,['Beam'],679640,2003,False,,0.435,0.531,0.293,0.43799999999999994,91.279
17l6gxDd62X8LM7ngkAsME,Flop Flop,['SCSI-9'],554976,2014,False,,0.8059999999999999,0.6890000000000001,0.0229,0.968,118.008
2KIGS9rRHBUyatpUbC8eEP,Switch Me Up,['SCSI-9'],483949,2014,False,,0.752,0.619,0.0237,0.78,120.012
6B9ncis0SQG17BKDtgxgNk,Etude 303,['SCSI-9'],522143,2014,False,,0.795,0.635,0.00103,0.7090000000000001,118.01100000000001
1eZTeQK1mbpM9s8afo6r5R,Sun Dub,['SCSI-9'],431478,2014,False,,0.807,0.755,0.036000000000000004,0.237,114.98700000000001
35AzDdKHgedpq7Mxs5FScy,90s Kids,['Namika'],195613,2015,False,,0.58,0.63,0.129,0.682,85.508
10Ao8ZPg4jHBNjkJ0OKU7x,Provoke (9mm Intervention),['Product'],339427,2012,False,,0.5489999999999999,0.889,0.0121,0.0794,134.957
21TwYtI1raFKqkFS1ZQPkr,90s Music,['Kimbra'],216453,2014,False,,0.706,0.664,0.00556,0.555,77.485
684whq8Ud9MCPiud6r3FVI,Autumn Love,['SCSI-9'],483592,2004,False,,0.718,0.917,0.000651,0.682,120.012
1kwvWOLo0i7XItZ47g40t2,Mini,['SCSI-9'],384253,2004,False,,0.639,0.511,0.0163,0.21,120.49
52w32t1coHBwvugYhi23s2,You Are My Monster,['SCSI-9'],383280,2004,False,,0.768,0.9570000000000001,0.0018100000000000002,0.6779999999999999,131.987
66lSEhReAvZRbTlq5OHHpl,Snow Country,['District 97'],368987,2015,False,,0.294,0.528,0.00415,0.19899999999999998,86.76700000000002
6y2vj4d6WEQfZqiSlc6KCV,Death by a Thousand Cuts,['District 97'],334293,2015,False,,0.359,0.779,0.00176,0.612,91.97
1hChr0z4xOLCylZDRYg5lu,Handlebars,['District 97'],291880,2015,False,,0.271,0.574,0.27,0.344,87.139
1bWPK4pjH5eSkBiFAfNJPD,A Lottery,['District 97'],342320,2015,False,,0.298,0.539,0.0276,0.263,81.083
40i4jjBa1Zlm8w4cPiakVq,All's Well that Ends Well,['District 97'],469333,2015,False,,0.325,0.505,0.0886,0.10099999999999999,136.997
0SRmS0o1dbwINMLHy9NZgG,Takeover,['District 97'],344267,2015,False,,0.537,0.728,0.0215,0.7090000000000001,82.025
57BSNrdrRqPmA9FBBJIsFE,On Paper,['District 97'],287333,2015,False,,0.41100000000000003,0.613,0.084,0.254,113.29299999999999
1NPJWaCP0XCcIizTNF0N49,Learn from Danny,['District 97'],516587,2015,False,,0.242,0.561,0.0036299999999999995,0.152,156.149
6H6L0ZzEyCeb2pPLN0b3TL,Blinding Vision,['District 97'],688920,2015,False,,0.24600000000000002,0.335,0.5579999999999999,0.0395,107.141
10xI2y6zQCoO3yB6G2C6qf,9:02 On Flight 182,['Viking'],331080,2015,False,,0.298,0.9159999999999999,6.47e-05,0.419,172.832
2qfsWA2aBH0Hk0z9iHMNQ6,9th- (The Man Who Swam Though A Speaker),['Prometheus'],487600,2007,False,,0.598,0.953,0.000223,0.363,144.006
69ZbGFJLKoDx7ezzEfzLP1,God Rest Ye,['Plan 9'],185413,2002,False,,0.489,0.607,0.177,0.604,135.115
7863UxZA9Ji0vhofZm3lxO,Good King W,['Plan 9'],202893,2002,False,,0.557,0.614,0.35100000000000003,0.67,179.907
6t9TkdiKeZR0668PtW8zFT,Silent Night,['Plan 9'],250573,2002,False,,0.753,0.41200000000000003,0.648,0.39299999999999996,120.006
1aYWYgGwPIlfsGwZqJSU1T,Oh Come Emmanuel,['Plan 9'],229973,2002,False,,0.7,0.6709999999999999,0.368,0.67,154.984
76GyXhAnv10paiLuQPa16L,We 3 Kings,['Plan 9'],255747,2002,False,,0.679,0.76,0.406,0.5670000000000001,119.99799999999999
70plJ1ERjtiTvgRz4VBmdl,It Came Upon a Midnight Clear,['Plan 9'],238907,2002,False,,0.579,0.508,0.65,0.248,179.949
6AoM1dmRXi6avUT8wsQSbg,Away in the Manger,['Plan 9'],254587,2002,False,,0.772,0.725,0.662,0.636,107.49600000000001
4eX8RW6yIgpHpts7gyPBoU,What Child Is This?,['Plan 9'],237560,2002,False,,0.387,0.529,0.35600000000000004,0.24100000000000002,149.997
5IMwNbl8xDxNtNEsqgyaXQ,The Christmas Suite,['Plan 9'],357160,2002,False,,0.494,0.5579999999999999,0.355,0.423,103.402
1iCPGYhF9rars3r6Vr6Y6K,Fa-la-la (deck the Halls),['Plan 9'],212360,2002,False,,0.612,0.706,0.23600000000000002,0.721,170.183
3F89G0QJSetgsn8NFDlgyx,The Santa Sweet,['Plan 9'],142600,2002,False,,0.40399999999999997,0.654,0.44799999999999995,0.561,170.41299999999995
6cOQCreGKjTt5KcsBIEdr7,Whatcha Gonna Do,['Plan 9'],239933,2004,False,,0.74,0.8540000000000001,0.5329999999999999,0.89,100.081
5tX8FqVri1fipxvwNFEDPa,Superfriction,['Plan 9'],191533,2004,False,,0.7909999999999999,0.82,0.506,0.9209999999999999,115.0
1pdXOnX1UsUrbDqddZeFPd,She's Not There,['Plan 9'],223773,2004,False,,0.782,0.727,0.243,0.9179999999999999,120.031
64b99L1J7WybQ7suUl5G8I,Dance With Me,['Plan 9'],256160,2004,False,,0.612,0.498,0.764,0.489,79.995
2fKpwRDJNn8ycJnrUJUFMJ,Fantasy,['Plan 9'],234920,2004,False,,0.573,0.782,0.4270000000000001,0.6659999999999999,87.022
100II44h7PcdOMQA7pS7eB,You'll Never Find,['Plan 9'],280133,2004,False,,0.685,0.825,0.256,0.852,111.99
5nJOKncmF3pOA5uP4Xrvz1,Blinded by the Light,['Plan 9'],270613,2004,False,,0.769,0.733,0.47600000000000003,0.8420000000000001,119.991
6o9qo2iVr8OOT49Yw0P7KN,No Reply,['Plan 9'],210373,2004,False,,0.728,0.631,0.574,0.564,105.025
2fvSOoE9JFR5AZsxI0K82E,FM,['Plan 9'],279933,2004,False,,0.726,0.743,0.662,0.674,110.03
1Mu8fBBSegroC3lGvXcwjF,Too Hot,['Plan 9'],268307,2004,False,,0.728,0.7809999999999999,0.505,0.76,104.98299999999999
59X86p3JP2fv6fQec4J7ir,Gilligan's Island,['Plan 9'],215773,2004,False,,0.7509999999999999,0.8490000000000001,0.721,0.631,114.99
5Vcskg3UisJXnT5G7HqGqP,Rearview,['Plan 9'],263133,2004,False,,0.608,0.677,0.5660000000000001,0.444,139.966
7paVBhxO2oV1S16UtVSxL4,Gilligan's Island (Manic Samba Remix),['Plan 9'],232987,2004,False,,0.675,0.9390000000000001,0.0929,0.518,115.068
4Iopvaf9ZF2jDKVbx4mNWn,Akt - 92 Remix,['Absurd'],321493,2008,False,,0.708,0.6809999999999999,0.0102,0.51,138.994
1YCn8c9quC1gcIz8aEZzqn,9 Lives,['Koffin Kats'],159027,2006,False,,0.344,0.852,0.0106,0.515,96.428
3hGOd2AvpBEbrWX7hUzgC7,Trap Like,['Tec 9'],218594,2014,False,,0.67,0.384,0.0027,0.512,171.99
7JmslVoHMjDZSn2VM19qzh,Body Language,['Tec 9'],259188,2014,True,,0.595,0.597,0.0989,0.26,149.69899999999996
6wAMYT4UrnCRJLo3WEjpNW,Cherry Bottoms,['Tec 9'],290248,2014,False,,0.4920000000000001,0.5579999999999999,0.0606,0.27,85.92
5YKsYwaOSkZnTe3RATbsSE,Uptown Villian,['Tec 9'],222408,2014,False,,0.585,0.474,0.434,0.456,110.242
2GYOx5cHictP9HmdoWWOi7,My Neighborhood,['Tec 9'],227606,2014,False,,0.6779999999999999,0.455,0.0825,0.311,82.535
7Db9epW93kQ85iBkvv28Md,Stunt,['Tec 9'],285206,2014,True,,0.795,0.396,0.0543,0.38799999999999996,137.011
1W2ff1V1q1t3WFfAXP528v,Better Tomorrow,['Tec 9'],129124,2014,False,,0.6809999999999999,0.526,0.163,0.7879999999999999,98.84299999999999
7hhJWFiPwikFEHaAinHMol,Brocky (feat. O.T. & Gutta Boy),"['Tec 9', 'O.T.', 'Gutta Boy']",279590,2014,False,,0.925,0.485,0.354,0.716,93.025
1zpybL7XucXBqcnSmkru42,Fill My Shoes (feat. O.T.),"['Tec 9', 'O.T.']",164599,2014,True,,0.629,0.541,0.5429999999999999,0.39,80.15
6rwnsz8163LrSTE6XDMNz0,Going In,['Tec 9'],198767,2014,False,,0.858,0.524,0.355,0.528,91.531
1BOzjh3U6wCu27g0qq3Cok,My Life,['Tec 9'],285519,2014,True,,0.5770000000000001,0.48200000000000004,0.415,0.586,148.085
38DRqPEggzUFORjmujOEjj,Diamonds Disappear,['Tec 9'],202346,2014,False,,0.5770000000000001,0.624,0.00232,0.316,175.71599999999995
6plY8Scq4dfL9DnY1kiDrV,915,['Seims'],184215,2015,False,,0.337,0.888,6.37e-05,0.188,109.161
3QYmDnIx8LE8It1tjuWAad,95 South (The High Sheriff From Hell),['Smokehouse'],314427,1998,False,,0.805,0.653,0.162,0.93,113.961
4Fn4jRfuXEEOPBDTSmn64P,Prophetic Vision,"['Myka 9', 'Jackson Whalan']",222875,2019,False,,0.546,0.439,0.15,0.43,79.182
3zDdNSlZPO8vB1mujqrMjQ,Levitate,"['Myka 9', 'Dove Mosis']",249438,2019,False,,0.7340000000000001,0.68,0.3,0.62,76.986
17yEXi41x9btB87x0fNoeG,Big One,"['Myka 9', 'Jackson Whalan']",208000,2019,False,,0.619,0.794,0.545,0.688,70.906
0pjy9UgMuDox1Thzzn3baM,Blue Phoenix,"['Myka 9', 'Sebastian Campaign', 'Dove Mosis', 'Maidenspace']",260000,2019,False,,0.8,0.8340000000000001,0.14300000000000002,0.627,170.002
76UimsHNvyUkGugXTrZibT,Open Up and Say Ahh,"['Myka 9', 'Dove Mosis']",199500,2019,False,,0.722,0.802,0.374,0.721,94.844
1Y3dUl0IXMcPyTYI6xSvAd,Another Day Acid,['SCSI-9'],478107,2008,False,,0.59,0.778,0.591,0.293,130.004
6N4WhhotwxfABxYJFobl8k,Error 404,['Lugatti & 9ine'],145055,2019,True,,0.7240000000000001,0.551,0.193,0.486,182.172
3ySUnqhmE7oqFpq7mApwyA,Ford Ka (7 Leute Hotbox),['Lugatti & 9ine'],182118,2019,True,,0.725,0.753,0.222,0.48,170.09900000000005
4ARt3CNHWfIzv6QlCvWGS0,Auf den Dächern der Stadt,['Lugatti & 9ine'],106957,2019,True,,0.903,0.812,0.602,0.309,91.99700000000001
01OuNpTvgESl4ZljblDeYK,Überfette Büggel,"['Lugatti & 9ine', 'Donvtello', 'Opti Mane']",176842,2019,True,,0.87,0.838,0.0329,0.795,171.044
1Zv1LuULPBhu4v8sKy7TSJ,Sonnenuntergang (feat. Longus Mongus),"['Lugatti & 9ine', 'Longus Mongus']",170057,2019,True,,0.8370000000000001,0.643,0.63,0.54,87.508
5GA0k2oZWC74lZi3kpGDeo,Literweise Schnaps,['Lugatti & 9ine'],163373,2019,True,,0.8740000000000001,0.599,0.0589,0.603,83.01799999999999
4X1kic56uA9ulOAQdpVSGG,Sascha Urlaub Interlude,['Lugatti & 9ine'],102857,2019,True,,0.932,0.446,0.0437,0.228,140.028
0FFeA7T9WfCofBwh5mRY9N,Hash,['Lugatti & 9ine'],241832,2019,True,,0.9620000000000001,0.56,0.10099999999999999,0.607,131.006
4pNovJE47ubMW8yx8RYf5y,MKS,"['Lugatti & 9ine', 'JACE', 'Cha Lee']",200690,2019,True,,0.835,0.618,0.0536,0.737,173.95
2BMpOkx0koblZ0GhR0VTQT,Unglaublich,['Lugatti & 9ine'],165931,2019,True,,0.93,0.475,0.111,0.493,144.998
3xULymHCLuXxB2SHYEuvFO,So weit weg,['Lugatti & 9ine'],283429,2019,True,,0.8270000000000001,0.32299999999999995,0.156,0.377,105.02
00yJsUfhS7Tp3mPMbgmjoJ,Dragonfruit,['Lugatti & 9ine'],216828,2019,True,,0.858,0.628,0.183,0.755,144.989
3eW1o9MEcnvrYulyBkfPOy,Aquarius mit Lean,['Lugatti & 9ine'],178000,2019,True,,0.9590000000000001,0.7509999999999999,0.293,0.45899999999999996,120.054
5nzSG0DwuP7PewkjE6RrmH,90 Seconds,['Rashinel'],234360,2004,False,,0.545,0.805,0.0692,0.38799999999999996,90.001
3sbrOHIH0xnOBhCnwqV0sn,999,['kent'],411920,2016,False,,0.429,0.8690000000000001,0.000231,0.294,132.05200000000002
4ddOtGup43qYtCBas8F57T,90er,['EMPOWERMENT'],203153,2012,False,,0.45,0.9470000000000001,1.82e-05,0.449,92.338
7hcRAH0skmj8vtYqeaYHBa,Nix zu tun,['Lugatti & 9ine'],187034,2017,True,,0.929,0.623,0.0203,0.594,144.985
5eYilIVY6QViCMK1FHaROS,On Fire,['Lugatti & 9ine'],202909,2017,True,,0.946,0.402,0.0117,0.24600000000000002,114.962
2sPbHJCGpesO7fk5nT7gWb,Mische,['Lugatti & 9ine'],228000,2017,True,,0.971,0.721,0.0168,0.616,130.016
20e9uS33d6Hd2kQYxkXk2o,Salty,['Lugatti & 9ine'],201290,2017,True,,0.841,0.568,0.049,0.638,155.042
1Awh0LyAFyxbIgUz9Bi0SJ,Dirty South,"['Lugatti & 9ine', 'Sascha Urlaub', 'Dennis Dies Das']",248571,2017,True,,0.858,0.449,0.5820000000000001,0.306,140.034
0pNpfqMQ3lc3tx5OawDIfT,Kinder der Küste,"['Lugatti & 9ine', 'Polak']",282462,2017,True,,0.9470000000000001,0.5489999999999999,0.29,0.493,129.971
4VHj510VtWQnSMUXY2gCTh,Niemals Clean,['Lugatti & 9ine'],258385,2017,True,,0.95,0.555,0.0016699999999999998,0.26899999999999996,129.996
1V79hENL8GSz1y6cfJcpzX,Squeezer am Drippen',['Lugatti & 9ine'],147130,2017,True,,0.927,0.337,0.0228,0.599,114.99600000000001
3EGlYmd9IyAkRqdUy3hAue,Outro,['Lugatti & 9ine'],168000,2017,True,,0.755,0.555,0.366,0.444,120.01299999999999
2iWGMhtV2oWDWHz8lYr9tp,9 to 5,['Jagit'],171747,2006,False,,0.408,0.94,5.85e-05,0.584,154.07299999999995
3LSYdtuuvYmo0ejG2pOLBA,99 Luftballons,['Nena'],232333,2017,False,,0.46799999999999997,0.579,0.0957,0.546,96.637
0ZZRjXHdPnGCfydxbvPE6t,Alright - 95 North Club Vocal,"['MIJAN', '95 North']",611038,2016,False,,0.748,0.9440000000000001,0.000439,0.81,123.02600000000001
59nx0qbSEawvpNS649cBe5,97 Higher Stars,['Telemachus'],39273,2017,False,,0.376,0.547,0.0107,0.11699999999999999,109.96799999999999
6k9ZmNRz8gmYKA4cWH9mU2,Love City,['9MUSES'],206727,2017,False,,0.6859999999999999,0.97,0.0109,0.7929999999999999,125.965
0n5v5c0jp71vOyVos4f15f,Remember,['9MUSES'],225905,2017,False,,0.629,0.8959999999999999,0.133,0.512,117.87100000000001
02dGSba7yMBZQlCeBcna8a,Pastry,['9MUSES'],210842,2017,False,,0.728,0.917,0.08,0.647,111.98
6vVALGmL9TivnTCm8U2WFK,Two of us,['9MUSES'],214487,2017,False,,0.705,0.93,0.193,0.657,109.985
16JI6WW4yHd74GIu3fr09x,Hate Me,['9MUSES'],204548,2017,False,,0.667,0.746,0.132,0.534,113.92
7raVtwSRzAm5Rl1YWbvlTf,Love City - Instrumental,['9MUSES'],206727,2017,False,,0.7020000000000001,0.8759999999999999,9.85e-05,0.581,126.01299999999999
6VvbsKBC48yCgEMaVNNDuk,Identity,['9MUSES'],64116,2017,False,,0.639,0.742,0.0159,0.35,117.941
0V4OVeMXC6Fo0sDEZfmx63,Remember,['9MUSES'],225905,2017,False,,0.629,0.8959999999999999,0.133,0.512,117.87100000000001
5wZ2gU7pMfRrMtrCZLM0vh,Pastry,['9MUSES'],210842,2017,False,,0.728,0.917,0.08,0.647,111.98
2U08T7SsHBV02JWrCjxAza,Two of us,['9MUSES'],214487,2017,False,,0.705,0.93,0.193,0.657,109.985
4hTkBtDzPRsyLtFPXWd5DG,Hate Me,['9MUSES'],204548,2017,False,,0.667,0.746,0.132,0.534,113.92
0Klw8bRlkuu7KGEw0zdFMG,Remember - Instrumental,['9MUSES'],224575,2017,False,,0.732,0.794,0.00606,0.326,117.999
62EHFgjmXZGxYAuvRe6REM,a.m. 3:00,['9MUSES'],73040,2015,False,,0.633,0.5820000000000001,0.289,0.16399999999999998,70.682
4tCsrF5eaxTRBDWRBsbGB6,Sleepless Night,['9MUSES'],205167,2015,False,,0.6779999999999999,0.887,0.157,0.695,124.992
46ZKN1shRCSZaeCRTourae,Secret,['9MUSES'],208971,2015,False,,0.642,0.835,0.41,0.409,111.97200000000001
34lbCdhe2Ju6WjFZXV5Qe8,KOONG CHIT DAK CHIT,['9MUSES'],190055,2015,False,,0.7879999999999999,0.885,0.0181,0.685,107.01899999999999
3ZJ0j8dUymlRpO9VzG6Ayb,TO. MINE,['9MUSES'],197784,2015,False,,0.462,0.7190000000000001,0.5589999999999999,0.429,151.64
0CPmBrlmYiTg13FsKzc47q,Sleepless Night - Instrumental,['9MUSES'],205167,2015,False,,0.557,0.867,0.00902,0.732,125.03
6d35q2wq8D3h94ZNytoofE,9 Lives,['Azazal'],188903,2016,False,,0.612,0.7829999999999999,0.0065,0.392,77.633
30jdB6yQHZZ3wu9zpcJPE2,Intro - The Formula,"['9th Wonder', 'Buckshot', 'The Formula Crew']",236680,2008,True,,0.564,0.89,0.0389,0.679,170.611
3Zb8TRvyqkeUxeGDBYlSe6,Ready (Brand Nu Day),"['9th Wonder', 'Buckshot']",231547,2008,True,,0.6859999999999999,0.802,0.0866,0.623,82.855
5YeG0eQCgjiLJyFDaIFt8o,Be Cool,"['9th Wonder', 'Buckshot', 'Swan']",187640,2008,True,,0.511,0.912,0.031,0.48700000000000004,174.15099999999995
2aOSwApxJ9NORhVx7I3pFH,Go All Out (No Doubt!!!),"['9th Wonder', 'Buckshot', 'Carlita Durand']",219347,2008,True,,0.579,0.9059999999999999,0.0196,0.598,92.52799999999999
54f8mMYBtT7lFyo3jjJGhy,No Future,"['9th Wonder', 'Buckshot']",184187,2008,True,,0.423,0.713,0.006840000000000001,0.56,174.873
5J8QrnJuN1y9zSa4q6c1md,Hold It Down,"['9th Wonder', 'Buckshot', 'Talib Kweli', 'Tyler Woods']",270093,2008,True,,0.41600000000000004,0.929,0.0312,0.67,193.426
3d6YGxRhGPQxvQM3Z5wVFo,Whassup With U,"['9th Wonder', 'Buckshot', 'Keisha Shontelle']",290227,2008,True,,0.701,0.797,0.0477,0.456,90.01700000000002
48NFevQCyEgjwapsv1RXUY,One for You (Big Lou),"['9th Wonder', 'Buckshot']",166693,2008,True,,0.405,0.6829999999999999,0.32799999999999996,0.342,171.688
5i7eD4Mu6XKjYAyPCHUQb5,Just Display,"['9th Wonder', 'Buckshot']",173293,2008,True,,0.579,0.696,0.0238,0.42,90.03
48jAH7k5Suw7FYeVMmFRWz,Here We Go,"['9th Wonder', 'Buckshot']",291067,2008,True,,0.601,0.767,0.0182,0.59,174.105
6s0BLGgjXhdDYxPxcRSdbI,Throwin Shade,"['9th Wonder', 'Buckshot']",204320,2008,True,,0.504,0.853,0.0323,0.622,183.80200000000002
4yBwGcpiLbsDta8xSvllCC,Shinin Yall,"['9th Wonder', 'Buckshot', 'Arafat Yates', 'Big Chopps']",213253,2008,True,,0.5489999999999999,0.726,0.0965,0.47100000000000003,82.85600000000002
5SvxaJrgVd7KmHVIu642MM,Man Listen (Cause Ummm),"['9th Wonder', 'Buckshot', 'Carlita Durand']",190773,2008,True,,0.45799999999999996,0.9059999999999999,0.0184,0.478,80.456
5qpM3sPIt56l9UT8RWC34w,911,['Guce'],42867,1995,True,,0.742,0.888,0.449,0.45299999999999996,125.164
30KwzidP2kek12jsenZJGI,Acque Luccicanti,['Level 99'],224305,2011,False,,0.5710000000000001,0.54,0.121,0.34600000000000003,73.04
44aZ16kapIkL9VV8cRvm8X,"9 Years (9 Hours, 9 Persons, 9 Doors)",['ChequerChequer'],330880,2014,False,,0.446,0.34700000000000003,0.8,0.203,159.769
6AyP4rJWBeg9Tq5jvIlyiS,9000,['Cloudwatchers'],193507,2017,False,,0.713,0.507,0.267,0.7809999999999999,138.214
3KAociOA7XqodBojcFTfcX,Your Space,['9MUSES'],45136,2016,False,,0.5539999999999999,0.795,0.00025299999999999997,0.484,139.94
12VEtNuKVQLjWrbEH1ovQJ,Lip 2 Lip,['9MUSES'],182203,2016,False,,0.77,0.927,0.125,0.9640000000000001,136.024
2KUniS7RwJWxjO8nAqb4Pf,Shh!,['9MUSES'],189784,2016,False,,0.691,0.9309999999999999,0.008020000000000001,0.635,124.03200000000001
1VflInXRFMYVVYfoMQIU5C,MONSTER,['9MUSES'],215727,2016,False,,0.703,0.642,0.239,0.488,89.96
5FNgsoRJnurGIwOV8jb1i7,Lip 2 Lip - Instrumental,['9MUSES'],182203,2016,False,,0.74,0.9520000000000001,0.0023,0.968,135.98
3Kihf3YMQFwv9d7IeiSdbH,99,['TOTO'],312533,2018,False,,0.484,0.669,0.0993,0.342,88.867
5skg4dvFcc9aiKm3uoQbt6,99 1/2,['Black Bambi'],203415,2017,False,,0.57,0.8909999999999999,0.00512,0.638,125.868
3czFou6xqK2m8ItE6xkpha,'94 Till Infinity,['Selldretti'],175125,2018,True,,0.5579999999999999,0.8390000000000001,0.0652,0.64,85.318
3EvoY2U7M4sRqjMNiGcdHc,Intro Ni Aristotle (feat. Top Suzara),"['Gloc 9', 'Top Suzara']",87147,2011,False,,0.579,0.9279999999999999,0.171,0.374,90.1
0CRB5oqNbrxXAMRMeIXunh,Buti Na Lang (feat. Mcoy Fundales of Kenyo),"['Gloc 9', 'Mcoy Fundales of Kenyo']",189027,2011,False,,0.792,0.878,0.084,0.92,110.016
4n13C26lsDX8bjgvnrkgHX,Bugtong (feat. Constantino Yeng),"['Gloc 9', 'Constantino Yeng']",233920,2011,False,,0.637,0.917,0.0141,0.794,89.98
3Rbh5VJFeSfZqx590SNDxl,Akin Lang Naman (feat. G-Dawg & Gordon Lambatan),"['Gloc 9', 'G Dawg', 'Gordon Lambatan']",156560,2011,False,,0.792,0.882,0.16899999999999998,0.763,105.01
21FPqoc0NyXVB3wiB3iFRg,Walang Natira (feat. Sheng Belmonte),"['Gloc 9', 'Sheng Belmonte']",240040,2011,False,,0.762,0.81,0.267,0.718,95.984
7L27335sVPt1pvXv3NHLXg,Baon (feat. Gab Chee Kee of Parokya ni Edgar),"['Gloc 9', 'Gab Chee Kee of Parokya ni Edgar']",294027,2011,False,,0.752,0.8240000000000001,0.235,0.486,90.02799999999998
0uDng2At0VM6X46cyfCMNH,Filler - Reporter Part 1,['Gloc 9'],44253,2011,False,,0.5379999999999999,0.97,0.6579999999999999,0.0491,163.60299999999995
5bl0E5aGSapiCO121kEt7y,Atik Laham (feat. Wency Cornejo),"['Gloc 9', 'Wency Cornejo']",306493,2011,False,,0.5479999999999999,0.8370000000000001,0.498,0.6709999999999999,148.368
1CBsYh03ZqvCiGLles6fJ5,Tissue,['Gloc 9'],252693,2011,False,,0.684,0.831,0.127,0.721,100.01799999999999
1Lyt90QzsiEDeBSgW2bKmy,Filler - Rap Showdown,['Gloc 9'],56280,2011,False,,0.615,0.16,0.522,0.237,67.65899999999999
3FJvTG8s8de8qlvN9h4Pil,Salbahe (feat. Tanya Markova),"['Gloc 9', 'Tanya Markova']",263507,2011,False,,0.774,0.983,0.589,0.655,119.98899999999999
33Hs5h0iHGkj09bdphyV23,Filler - Reporter Part 2,['Gloc 9'],44347,2011,False,,0.53,0.8340000000000001,0.927,0.579,78.008
6QjV34ahEDX3i7QMyEHQtF,"Elmer (feat. Jaq Dionisio, Jose Ma. Luis Linao & Jomal Linao)","['Gloc 9', 'Jaq Dionisio', 'Jose Ma. Luis Linao', 'Jomal Linao']",229200,2011,False,,0.609,0.941,0.11800000000000001,0.73,156.601
1Mu4WRsDZUauITBSegLkdG,Gusto Ko (feat. Sean Daniel & Daniele Shaun),"['Gloc 9', 'Sean Daniel', 'Daniele Shaun']",202333,2011,False,,0.493,0.605,0.0625,0.385,84.258
4IXBNPnwZr3F39Zln4jUeb,Kislap (feat. Aiza Seguerra),"['Gloc 9', 'Aiza Seguerra']",229920,2011,False,,0.713,0.872,0.506,0.853,93.927
4LWwPvFZfgyv1JsQrvo8m2,Talumpati (feat. Aia De Leon),"['Gloc 9', 'Aia De Leon']",269240,2011,False,,0.621,0.945,0.172,0.96,156.696
6r3wQ06n9wziHPbtAl9ra0,Fourth of July - 900X Remix,"['Sufjan Stevens', '900X']",408088,2017,False,,0.35200000000000004,0.569,0.7090000000000001,0.0932,120.00399999999999
6Pb0O4mvgYLSNuLOERodPT,Diploma,['Gloc 9'],263213,2007,False,,0.6829999999999999,0.607,0.0571,0.789,147.991
2aBUWilZt3uX4wfgHg4g6S,Lando (feat. Francis M.),"['Gloc 9', 'FrancisM']",311320,2007,False,,0.568,0.631,0.272,0.652,122.98100000000001
1MJbfEAEI6UzHKTnzUoLrE,The Task Is Done (feat. Gobas & Reg Rubio),"['Gloc 9', 'Gobas', 'Reg Rubio']",292653,2007,False,,0.47100000000000003,0.807,0.14800000000000002,0.67,99.39399999999999
3pfXzXbRJNXOT7f2IQ1s2p,Sumayaw Ka,['Gloc 9'],222160,2007,False,,0.775,0.6409999999999999,0.0377,0.8059999999999999,120.053
4ZqYzweu17Z92mWBGxOymB,B. I.,['Gloc 9'],234187,2007,False,,0.7120000000000001,0.662,0.256,0.7490000000000001,92.10600000000001
5UczNibiXAHtRFIhMC2BR9,Lov Na Lov (feat. Lovi Poe),"['Gloc 9', 'Lovi Poe']",239013,2007,False,,0.631,0.605,0.315,0.9470000000000001,81.979
0Nx8WsTv00JASnL4MYpnfH,Blues Niyang Itim (feat. Czarina Rosales),"['Gloc 9', 'Czarina Rosales']",234320,2007,False,,0.764,0.514,0.442,0.8320000000000001,94.96700000000001
5dVAgXzNhxNDaAM3ilZIrX,Demo Tape (feat. Vic Mercado) - Interlude,"['Gloc 9', 'Vic Mercado']",109253,2007,False,,0.518,0.861,0.0861,0.823,77.96600000000002
6FR8JUmXzd816JqDC9uQlU,Sila (feat. Loonie & Konflick),"['Gloc 9', 'Loonie', 'Konflick']",284800,2007,False,,0.7809999999999999,0.473,0.647,0.615,89.99600000000002
4RkUx7wJWD17fZ7PXrPBCM,Lapis At Papel,['Gloc 9'],189973,2007,False,,0.6659999999999999,0.84,0.0783,0.638,143.857
5LATqHltRr9AvQj2ZPL5rF,Torpedo (feat. JP),"['Gloc 9', 'JP']",259493,2007,False,,0.645,0.716,0.182,0.7809999999999999,138.023
3jp1KiuyujrO5LSuccGeJW,Kayo (feat. Mitchell),"['Gloc 9', 'Mitchell']",214027,2007,False,,0.488,0.6679999999999999,0.535,0.695,160.716
0on6uc9TBfpkHfoSjm3LvN,Lando (feat. Chito Miranda),"['Gloc 9', 'Chito Miranda']",307560,2007,False,,0.6990000000000001,0.426,0.188,0.518,120.08200000000001
5erTnNY3NBfhipLvYpom3c,Lando - Radio Edit,['Gloc 9'],204093,2007,False,,0.5670000000000001,0.598,0.289,0.6409999999999999,123.084
6PwgqQquC0yOXw9gDciqlq,98,['Clay Crosse'],335440,1990,False,,0.598,0.9,0.0121,0.52,106.991
0POBuLV14qWrUnY4rdkbkN,90’s Kids,['Shamir'],174000,2017,True,,0.5670000000000001,0.718,0.11,0.4370000000000001,127.913
0Xn6AEGloH4014JFuZxijX,Think About You,['90 Miles'],190328,2019,False,,0.643,0.903,0.0315,0.239,128.019
3mmC1gPRYyxodyEmjZCn3m,Alapomeji Anthem,['9ice'],309267,2013,False,,0.713,0.531,0.231,0.665,89.985
4P4tbRzT4h4GgS5Z6MPaeJ,Saturday,['Cloud 9ine Ko'],132000,2019,True,,0.519,0.449,0.106,0.106,80.294
43nD5HXXRqXdZepwbpnrZY,Only Strong Survive,['Cloud 9ine Ko'],184000,2019,True,,0.855,0.341,0.0595,0.353,89.986
4SdDNPEW4BMl8ZnAPBB040,Ain't I,['Cloud 9ine Ko'],224993,2019,True,,0.685,0.451,0.00571,0.221,80.028
6SUzagQhyBs3tHPxVnvg2v,DayOne,"['Cloud 9ine Ko', 'CasperTheDot']",264812,2019,True,,0.48,0.322,0.36200000000000004,0.134,87.49
0FHWTCuj41wA4M7gDUY1O5,'92 Honda Civic,['Sundrenched'],73846,2017,False,,0.81,0.9840000000000001,0.282,0.436,117.126
6GWTEaqEIy6Psy28owjiSL,900 Miles,['Sister Sadie'],231987,2018,False,,0.29,0.11,0.9640000000000001,0.215,74.204
0b6inj8NZu9qtfHmstXSI7,901 Ta 404,['SMK'],218933,1999,False,,0.726,0.7490000000000001,0.0141,0.768,77.779
4W2kdDrB6YLfSbYxQmgDUs,95 & 7,['Collide'],140707,1996,False,,0.252,0.251,0.501,0.114,122.53299999999999
3MquK9ipAwQ7dMhC8CpEuP,90BPM Dysphoria,['Dadras'],140683,2015,False,,0.789,0.8029999999999999,0.649,0.6890000000000001,90.19200000000001
7oirU30CSUCXm8eTJZyGbk,Comin Alive.,"['Avenue', '9cinco']",165500,2019,True,,0.81,0.701,0.138,0.409,140.989
4lK0HlytnkaVmK1UrXwHuo,If You See Me (feat. Prince),['94 East'],342817,2013,False,,0.743,0.6990000000000001,0.358,0.941,94.758
0jJcCzUcfXeDY3fR16LDo8,We Are the 99ers,['The 99ers'],141760,2008,False,,0.406,0.6759999999999999,0.0149,0.8909999999999999,157.918
1ZXfOYSudUl8UPyWbmX3Fl,Stand Up and Surf,['The 99ers'],158920,2008,False,,0.397,0.774,5.290000000000001e-05,0.9620000000000001,156.29
2oEd5sRHjWYJ115ePEPC74,My Little BSA,['The 99ers'],175413,2008,False,,0.447,0.826,0.0048,0.8909999999999999,156.725
1ltNFdwaxe1JlrwtoJ6IEu,Tallahassie Lassie,['The 99ers'],138667,2008,False,,0.493,0.867,0.00205,0.851,144.836
20DZcdze2MkPxX6cO3Y9qZ,When the Surf is Calling,['The 99ers'],144120,2008,False,,0.447,0.748,9.559999999999999e-05,0.903,148.291
4QwbD7nh6j6YuAMdmFvazL,Our Ramones,['The 99ers'],174067,2008,False,,0.302,0.745,0.00658,0.9179999999999999,162.157
2eX7zTXiKfyB5XbLhNnqal,He's a Doll,['The 99ers'],122413,2008,False,,0.433,0.6990000000000001,0.0266,0.6559999999999999,145.588
7pMKGuJyvdMbCwaB0Xfxwm,Beatnik Babe,['The 99ers'],151640,2008,False,,0.389,0.6509999999999999,0.026000000000000002,0.737,155.635
1BJR16rvuU69aLFe8lblZn,Who Said Surf Was Over,['The 99ers'],139293,2008,False,,0.5670000000000001,0.8370000000000001,0.0015300000000000001,0.882,141.293
2F1dyHi2vsUBnUyASTrbyo,My Boyfriend Hates Surf Music,['The 99ers'],146720,2008,False,,0.39,0.627,0.00495,0.8740000000000001,162.149
3ejA3falCRvYFAHsc72vSZ,What Does a Scouser Do in the Fall,['The 99ers'],122720,2008,False,,0.48,0.79,0.00175,0.94,166.602
3SegcnoimzakQkzjjCeaEA,Bovver Boy,['The 99ers'],149040,2008,False,,0.41600000000000004,0.733,0.00305,0.86,152.232
3w3kSXY5IJciagqnYxKbn3,My Boyfriend's Woody,['The 99ers'],153427,2008,False,,0.40299999999999997,0.7390000000000001,0.0167,0.831,149.659
4OKpOrChA0lbmcSRG9nyE9,I Wanna 99er,['The 99ers'],150187,2008,False,,0.42100000000000004,0.705,0.0116,0.818,149.111
0ImHwOdO7aWeKcSUC5OgeP,Surfing the UK,['The 99ers'],159080,2008,False,,0.4270000000000001,0.784,5.04e-05,0.888,145.429
4ewjDvXvWYStTDCjUeCjD1,The Surf At Sante Fe,['The 99ers'],159320,2008,False,,0.392,0.905,0.000334,0.883,156.967
43ayxtFjjbt7F1cS02bMkQ,Bad Wahini,['The 99ers'],191000,2008,False,,0.46799999999999997,0.7509999999999999,0.000395,0.858,140.80700000000004
1l2em9fvKErdaxSDpJLnWr,Queen of the Surf,['The 99ers'],215013,2008,False,,0.39299999999999996,0.919,0.00137,0.826,155.967
0AGti8LE5zsbtVvS019RhT,Fuck 92,['Flitter'],172040,1994,False,,0.728,0.722,0.0014199999999999998,0.8109999999999999,119.99799999999999
1oSqHp1lpPyWXCeMnqQHq6,"9:27a.m., 7/29",['mewithoutYou'],141826,2018,False,,0.24600000000000002,0.963,0.0007599999999999999,0.21100000000000002,141.925
1geFNBMxlL9Es3XfmEJSCs,9Mars,['Ruxpin'],284667,2018,False,,0.823,0.514,0.494,0.336,109.993
70zPLn6ItFgxTgusdHCpYi,99 1/2 Won't Do,['Head Honchos'],255029,2018,False,,0.52,0.9179999999999999,0.0873,0.8590000000000001,99.295
58eUjSRq9SuNzH8Rf6gba7,99 Problems (But a Beer Ain't One),['Trappist'],98893,2018,True,,0.29600000000000004,0.955,4.15e-05,0.669,81.446
6DeAUZZh0sYyAYTVfAItRm,I Kissed a Killer,['Vodka 9'],413027,2001,False,,0.561,0.708,0.0785,0.466,117.23299999999999
7EROK3PMgkCG3wdwcbeauW,9.13,['Khalid'],55720,2018,False,,0.289,0.451,0.975,0.59,131.72
7qEtg5VttHL7f28I56gpRI,Fever,['Room 99'],531220,2017,False,,0.7509999999999999,0.9259999999999999,0.0183,0.574,123.0
6cmee8zpMTuUMRYQOHOMCn,Fever - Mixed,['Room 99'],124080,2017,False,,0.737,0.7709999999999999,0.00047000000000000004,0.064,123.79
1k0QMCm5kF3CBjCQ37vDLl,9.13,['Khalid'],55720,2018,False,,0.289,0.451,0.975,0.59,131.72
5hgkJ9OYXO6ZksY75kfcoe,9th and Russell,['Jeremiah Johnson'],259313,2018,False,,0.40299999999999997,0.5429999999999999,0.0112,0.742,139.79
3xgTwuVaBMHeFRfONVUq5i,Azzip,['BlackList 9'],61104,2019,False,,0.467,0.7909999999999999,0.557,0.175,109.42299999999999
1j2k3s2xUemSaiA8hOxmXS,Stand in Line,['BlackList 9'],204622,2019,True,,0.24,0.963,0.00404,0.127,109.458
0o9ldRc7WxFhlwWq1bV7Jo,Kali Smile,['BlackList 9'],252036,2019,True,,0.42200000000000004,0.825,0.007490000000000002,0.387,143.13299999999995
5quUVRhT4FDnldE746O0lE,Down,['BlackList 9'],233226,2019,False,,0.309,0.877,0.00604,0.415,139.583
5sBAAFThJrdWpTU4o9EdXh,Madness,['BlackList 9'],240929,2019,True,,0.493,0.818,0.0225,0.597,80.006
0ONJO4E7k25aE3Lgtw1k1R,Liars,['BlackList 9'],201404,2019,True,,0.452,0.9570000000000001,0.0009279999999999999,0.0742,105.009
3hAVrCZGQEctTxFXSwfObs,Mental Hostage,['BlackList 9'],193174,2019,False,,0.43,0.9059999999999999,0.000549,0.358,140.984
4ku37VxdF51Et1ZIFyC70b,Legally Sane,['BlackList 9'],346567,2019,False,,0.45399999999999996,0.695,0.00451,0.47600000000000003,105.087
59rkVkIlm46IZ2OfteoNSl,Your Woman,['Dj 97'],263003,2013,False,,0.838,0.467,0.0487,0.8540000000000001,101.99700000000001
0kMmZSGoadnahskKXWtepn,#9,['AroarA'],255411,2013,False,,0.675,0.449,0.927,0.449,134.922
17kSKACltvfcrtNWtt4b4m,Overlook,['93MillionMilesFromTheSun'],242253,2019,False,,0.397,0.728,0.0146,0.0354,120.029
3PCRndfi7bgVwafvmG3IdS,Feel It Come,['93MillionMilesFromTheSun'],357933,2019,False,,0.39399999999999996,0.975,7.57e-06,0.185,150.05
4W24avsikiL2D2x2oQVbNH,Summer Girl,['93MillionMilesFromTheSun'],236827,2019,False,,0.433,0.946,8.52e-06,0.168,119.988
2MM58TyimzPaE1h1Y5bgtc,You Only Said,['93MillionMilesFromTheSun'],289573,2019,False,,0.361,0.902,0.00056,0.361,159.939
6cosEDZ6BLV2c2GXo7aIkw,Now I Know,['93MillionMilesFromTheSun'],349013,2019,False,,0.268,0.9840000000000001,8.93e-05,0.0912,180.051
4gfvMLsogd1fCdi2tK6qo2,The Stars Above,['93MillionMilesFromTheSun'],364627,2019,False,,0.306,0.9670000000000001,2.1e-05,0.20600000000000002,163.951
5r0A7hjssPVUFiZ6Fm6WEr,Golden Light,['93MillionMilesFromTheSun'],322267,2019,False,,0.42,0.993,3.3e-06,0.134,119.985
4IybgnBkPYFbYmxmq7hcZp,Sunlight in Your Eyes,['93MillionMilesFromTheSun'],297747,2019,False,,0.265,0.998,1.4999999999999999e-05,0.126,200.06400000000002
72mK2tZVUIYblPFDk2rfRX,Now Tonight,['93MillionMilesFromTheSun'],193720,2019,False,,0.405,0.973,0.000183,0.12300000000000001,120.0
1zKMIEYiWS5Hp3uwyFoel6,Everything That's Mine Today,['93MillionMilesFromTheSun'],405720,2019,False,,0.3,0.889,0.000725,0.0407,159.997
72mmhtAEF6TJGcDPqges6u,The Girl Is Mine,['99 Souls'],213520,2018,False,,0.677,0.935,0.00331,0.75,119.005
2d9ITG3dRLLXZnvoxXtHwi,Smoke & Drank,['Cloud 9ine Ko'],213500,2019,True,,0.557,0.47600000000000003,0.0184,0.212,119.927
5QGgwKy5a6FAK6uLaAPGKg,Early 90's,['Cloud 9ine Ko'],154667,2019,True,,0.561,0.325,0.0151,0.0793,165.335
1l2q9IdnWA7HJMlYyK4ZrA,90.9 Noise,['DAMATRIX'],116172,2019,False,,0.41,0.9790000000000001,0.318,0.131,90.962
4RmXmyGmqJcCDK2Ep6ua14,Reckless,"['93 Acres', 'Andy Dempsey']",184037,2019,False,,0.61,0.469,0.055999999999999994,0.385,120.094
1sPR0nvv988hMbCVIoM5Vt,WonderLoveSoul!!!!,['9th Wonder'],136142,2019,False,,0.43799999999999994,0.43799999999999994,0.0762,0.738,182.1
4S19QEVuTJXIv6SMZdxCKs,9th9thMatic!!!!,['9th Wonder'],82842,2019,False,,0.551,0.878,0.0183,0.675,159.95
2ZhrUSNH091oS7BPUIXa7A,AStarSoul!!!!,['9th Wonder'],257227,2019,False,,0.42,0.537,0.0136,0.11699999999999999,86.95299999999996
6xgasMpRGwQqt1OYtXTx2b,IndyNightSoul!!!!,['9th Wonder'],192575,2019,False,,0.38,0.687,0.000367,0.564,175.41400000000004
5BiVso9zSWPqWXFVg5Og8b,IJustWannaBe!!!!,['9th Wonder'],120960,2019,False,,0.507,0.387,0.0241,0.721,170.704
28ie9HAL2pFrvOQkQi0bIz,BlackDiamondAndPearls!!!!,['9th Wonder'],99867,2019,False,,0.45399999999999996,0.8909999999999999,0.0151,0.89,176.31099999999995
4BA7hEQ8oEE2aL2rpmMwo1,BlicketyBlank!!!!,['9th Wonder'],114840,2019,False,,0.465,0.579,0.782,0.797,149.747
4l9vhuPWwqFSsnpVsVaTXB,BlueFroSoul!!!!,['9th Wonder'],95387,2019,False,,0.902,0.34,0.0191,0.525,87.988
6JOlKtytHC4adwPxN0rc69,Can't Breathe,"['9th Wonder', '.SMITTY']",120893,2019,False,,0.7709999999999999,0.6970000000000001,0.14300000000000002,0.524,91.465
2606SZ8Ay3GUKzPrwi79Sl,BreadWonderSoul!!!!,['9th Wonder'],99747,2019,False,,0.424,0.37,0.000682,0.42,145.486
4sWFb8S1BRaXDZ3yuHqUDG,BoatRockerSoul!!!!,['9th Wonder'],101800,2019,False,,0.5529999999999999,0.429,0.0462,0.47100000000000003,182.266
1Lu9ZWkPkJLdaLMozj71UB,MyGenerationSoul!!!!,['9th Wonder'],100280,2019,False,,0.434,0.3720000000000001,0.044000000000000004,0.488,178.532
3TaBZaMnnmMk8A7WWkSAy2,Too Late,"['9th Wonder', '.SMITTY']",84547,2019,False,,0.37,0.617,0.145,0.27699999999999997,86.374
5T2DXlNncLvxq0OLlzDwjg,JustMoveOnSoul!!!!,['9th Wonder'],131000,2019,False,,0.515,0.691,0.162,0.599,93.652
5oy67ritJopqPIJqawELA9,FirstTime!!!!,['9th Wonder'],101760,2019,False,,0.721,0.845,0.00427,0.337,85.94200000000002
2DHI7JuBIFbFgOsNSoVkS6,TakeCareSoul!!!!,['9th Wonder'],184747,2019,False,,0.8079999999999999,0.585,0.0131,0.8270000000000001,85.741
6diiBKvFJUixt8jfMZ0p6T,LettingGoSoul!!!!,['9th Wonder'],94093,2019,False,,0.6729999999999999,0.72,0.0166,0.951,88.47
7myqR36A85KZPHMY10zVQM,YotaMusicSoul!!!!,['9th Wonder'],107947,2019,False,,0.45399999999999996,0.6629999999999999,0.00264,0.474,85.97
5UUfYpDhFUMURhXXtzrqi5,Control,"['9th Wonder', '.SMITTY']",134067,2019,False,,0.483,0.62,0.0287,0.405,98.072
3kIT1EmxyOF0egLUcSMbMC,FastQuickSoul!!!!,['9th Wonder'],110307,2019,False,,0.609,0.7170000000000001,0.039,0.982,165.43599999999995
0RXtQGDiSyqz0HDQEycsF1,NoNoNoSoul!!!!,['9th Wonder'],112480,2019,False,,0.39899999999999997,0.66,0.0139,0.588,182.421
4kAVxRkCQZp2sdYoi9GYOE,YeahYouSoul!!!!,['9th Wonder'],102747,2019,False,,0.5379999999999999,0.6920000000000001,2.8199999999999998e-05,0.66,160.07
4ULQxKc57nIgdUr9fr8uLf,AtNightWithTed!!!!,['9th Wonder'],100787,2019,False,,0.607,0.7929999999999999,0.244,0.79,174.757
6bOF7PLY7Zsjrpane9rdYj,PlaymateChop!!!!,['9th Wonder'],93867,2019,False,,0.618,0.6829999999999999,0.00016299999999999998,0.937,187.988
3VS7LbZu0gGxTGemRm6jA0,PimpStroll!!!!,['9th Wonder'],92227,2019,False,,0.5539999999999999,0.935,0.000192,0.862,171.91400000000004
2NcvnS4SBP5MJrKd1oz4DR,PLivesSoul!!!!,['9th Wonder'],100760,2019,False,,0.73,0.39,0.326,0.521,90.4
6rIhSaemUv4yNUYR543yqb,BuckCrazySoul!!!!,['9th Wonder'],194787,2019,False,,0.682,0.436,0.00165,0.792,86.869
4paZxwxTDlSzzF96VkNNfK,SayBabySoul!!!!,['9th Wonder'],115800,2019,False,,0.6990000000000001,0.8759999999999999,0.000276,0.9,89.382
7jAENX1BmOsrSIJ7aWGsgJ,LoveAffairSoul!!!!,['9th Wonder'],120640,2019,False,,0.696,0.474,0.149,0.545,147.957
5ap2VYaM8LSEFrZq0xOcmt,AndWithMe!!!!,['9th Wonder'],241053,2019,False,,0.5489999999999999,0.9259999999999999,0.0426,0.431,182.548
2WMAIMV0B59DE4Qw4do8Vs,ShowYouTheWay!!!!,['9th Wonder'],118387,2019,False,,0.53,0.748,0.0123,0.429,96.10600000000001
5IXcGrfnH17iUqP3l3YBCw,MissYouSoul!!!!,['9th Wonder'],117493,2019,False,,0.376,0.9129999999999999,0.00034500000000000004,0.605,162.88
4erH3iK7t38gLJ6VEovjTU,But You,"['9th Wonder', '.SMITTY']",108360,2019,False,,0.33799999999999997,0.693,0.293,0.518,164.64
73qbYo6zw5Q7fVfSTWN1OR,GetYouJammySoul!!!!,['9th Wonder'],115560,2019,False,,0.239,0.935,0.00014199999999999998,0.45899999999999996,174.68900000000005
0fw9a7jlYHzcpHR0K2GVsP,ThisSideOfTheGameSoul!!!!,['9th Wonder'],118640,2019,False,,0.42,0.733,0.0123,0.575,176.141
3FE0qRdyoLBsYRwntE1dR6,InYourEyes!!!!,['9th Wonder'],131547,2019,False,,0.519,0.584,0.446,0.6729999999999999,82.946
44sslBnN8mXvZVcHpw6Wsr,LoyaltySoul!!!!,['9th Wonder'],107893,2019,False,,0.597,0.679,0.00299,0.23399999999999999,186.084
5vmT4BTdV7ySDfjJdk1f2A,LoveSongSoul!!!!,['9th Wonder'],109733,2019,False,,0.611,0.512,0.115,0.354,116.23899999999999
4mt0nzoPCyZAUK4ZvFmto9,TriumphSoul!!!!,['9th Wonder'],227667,2019,False,,0.589,0.91,0.0208,0.812,90.60799999999999
1sO6AnfKnTbDmyI06zA1LR,CountemUp!!!!,['9th Wonder'],111893,2019,False,,0.441,0.6759999999999999,0.012,0.541,85.64299999999999
7hTv7IIJeQgdAh1S7UDDGa,DearLoveSoul!!!!,['9th Wonder'],95947,2019,False,,0.652,0.547,0.00251,0.764,87.6
2AUCbcKoaOGPiiuM5Z7Eww,ChrisDreaminSoul!!!!,['9th Wonder'],233733,2019,False,,0.551,0.626,9.27e-05,0.43799999999999994,175.25
5Pq3vJ2AOb6Ph6p2QXmiVK,DreamTimeSoul!!!!,['9th Wonder'],123800,2019,False,,0.342,0.6940000000000001,0.053,0.7340000000000001,167.239
4saiov7CUfNg2Hl8mXC4Cz,EverySoul!!!!,['9th Wonder'],107320,2019,False,,0.546,0.521,0.0688,0.0393,91.167
1tU5lG00jp0Y8WwrCTO6Yp,FallDownSoul!!!!,['9th Wonder'],106693,2019,False,,0.585,0.436,0.0969,0.637,93.905
23fsyUlOkLK8irxl1rPfGI,FallOuttaLove!!!!,['9th Wonder'],91558,2019,False,,0.679,0.528,0.00603,0.396,90.3
7ggdTFdxAtkeLrVNrg3iWJ,99%,['Subhumans'],141707,2019,False,,0.354,0.9390000000000001,1.67e-05,0.555,119.943
7Ga8ri01mmdvKilHzGI0og,99 Glimpses,['Sofie'],198379,2020,False,,0.652,0.451,0.449,0.321,126.04700000000001
0l9LY9QziPRLj3O7xJSt0A,90'steelo,['Mora'],137535,2016,False,,0.871,0.534,0.49,0.662,89.044
4LYoxxenLxTmCGz8dHQ4RV,Crime (Medley),['999'],271440,2018,False,,0.637,0.583,0.0422,0.648,129.951
7cP2hbXV3o5SpOC8j4XJYt,94 Blevinz,['Drynx'],22208,2017,True,,0.611,0.9109999999999999,0.772,0.528,127.304
3YEccgTCuSKqzsqa4CwX6S,Emergency,['999'],171760,2018,False,,0.607,0.622,0.069,0.848,130.64700000000002
513YjD5D8o7QkEjQyUMf9y,Efimernaya Nenavist',['AL-90'],136595,2015,False,,0.18600000000000005,0.0244,0.995,0.0961,79.94800000000002
6FZfZ3Fsue9Lju1B3UQ0DP,Zavualirovanniy Signal,"['AL-90', 'GNTH']",306490,2015,False,,0.735,0.157,0.74,0.628,120.037
4vimuGE5UwBWatPRm5NEsh,Experienced Girl,['AL-90'],328965,2015,False,,0.621,0.48100000000000004,0.14400000000000002,0.355,120.005
4dj4UwGoigzV4Fvq8AhLBP,Melancholia Staroy Pornozvezdy,"['AL-90', 'Spurv']",357373,2015,False,,0.626,0.42,0.00655,0.21,119.97200000000001
6iHgEBcWqwHec9MespSNUb,Vectornaya Eyforia,['AL-90'],281277,2015,False,,0.5479999999999999,0.142,0.98,0.35700000000000004,125.01299999999999
0rbW57AJhQ5HNwBPDLwXc2,Radicalnye Tanzi,"['AL-90', 'GNTH']",253562,2015,False,,0.8109999999999999,0.28,0.865,0.34700000000000003,120.0
1PWRGcx4kZDOooDQv0Buu5,Samoudovletvoris' Suka,['AL-90'],136585,2015,True,,0.938,0.165,0.134,0.15,123.036
1cT3d9dhlw4Ud0iwLinXON,Smena Stadiy,['AL-90'],395394,2015,False,,0.557,0.126,0.9640000000000001,0.0784,119.958
1u7JlaazFCkrEPgbU6dKxj,F - Bio Booster Armor - Remix,['AL-90'],146512,2015,False,,0.773,0.469,0.40299999999999997,0.675,119.95200000000001
3vJWncVAO6QvrTXSYgosed,Pandora 9.0,['AL-90'],464001,2015,False,,0.564,0.218,0.83,0.11800000000000001,120.01799999999999
63DJbHyhZDXlvtACem4t6m,Tvoya Pesnya,"['AL-90', 'Spurv']",393526,2015,False,,0.635,0.256,0.408,0.0984,120.993
0hwLgBNMDoaCY5U9OkPG5c,12 913,['AL-90'],191177,2015,False,,0.644,0.474,3.84e-05,0.154,107.137
4jCPwo6hOV9EiNCN9IQMI0,Ona Hochet Eshe,"['AL-90', 'Spurv']",134151,2015,False,,0.8170000000000001,0.488,8.54e-06,0.7829999999999999,120.00200000000001
7qg4LR50m145SwgWbNG85y,Arevuar,['AL-90'],75705,2015,False,,0.13699999999999998,0.0376,0.9640000000000001,0.0772,85.618
1ATw8JAuOIoAaGbgDET17w,919,['Petey Pablo'],241200,2001,True,,0.7709999999999999,0.884,0.0815,0.794,80.082
3plOT8IgFTHfkcvTAQA6Pu,Origami,['909memphis'],115803,2019,True,,0.738,0.501,0.0619,0.132,99.99799999999999
2h66PROIzewakKc7QVZnhF,Kick Back,['909memphis'],127105,2019,True,,0.6629999999999999,0.585,0.131,0.546,75.975
21FJ3wXmyNH4zx36Rm9THC,Flowers,"['909memphis', 'Fifty Grand']",156800,2019,True,,0.6609999999999999,0.667,0.0217,0.324,74.988
0zkR6czKgS5MTVVDaMlFcj,Lonely,['909memphis'],154395,2019,True,,0.596,0.511,0.139,0.0762,157.05700000000004
7oSGZAXaI6cD9rnqnx8Yeq,Poster,['909memphis'],149388,2019,True,,0.657,0.73,0.39399999999999996,0.257,97.97200000000001
2LGp6dnHWsgqEl0yAjuHy9,For Real,['909memphis'],133016,2019,True,,0.882,0.591,0.12,0.645,129.982
0RI7NWGd5i3Nl7ZMjgGMHB,Forever,['909memphis'],159556,2019,True,,0.759,0.6809999999999999,0.0932,0.451,135.017
6On3YtvXI8dL3DxJso1730,Каждый о Своем,"['ST', '9 Gramm', 'PLC']",228529,2019,False,,0.68,0.76,0.156,0.38799999999999996,136.002
5eFv59Tsb0jWMidMLRye2K,999,['Deno'],172957,2019,True,,0.7559999999999999,0.5329999999999999,0.39,0.6990000000000001,105.07
1907PbbbQJOfa0SO7NJK0O,Cold Stone Deity,['9th Entity'],244720,2018,False,,0.23600000000000002,0.987,0.000745,0.18,102.882
1kSteeACdHGMdWBxDcUiAe,With Golden Greed,['9th Entity'],254315,2018,False,,0.257,0.99,9.640000000000001e-05,0.145,132.472
0JWjp7p5VamvNjW0mICvgK,Gathered in Night Crowd,['9th Entity'],218571,2018,False,,0.18600000000000005,0.991,0.000397,0.157,64.711
6Jvptp1dTAPrqkHyf5D6VU,Inquebrantable Voluntad Pagana,['9th Entity'],260672,2018,False,,0.207,0.996,0.00020899999999999998,0.111,100.639
3QlpuGeE3CXZU2FLMgCOOS,Shrouded by Night,['9th Entity'],294912,2018,False,,0.19899999999999998,0.9670000000000001,0.000745,0.21899999999999997,66.543
4jN8W2WsMYROMqXcKwLCQ7,Demons in the Coliseum,['9th Entity'],324011,2018,False,,0.107,0.9109999999999999,1.87e-05,0.183,74.41
5MYQlQfxOpY9V4DUojkoXc,Legions of Khain,['9th Entity'],268651,2018,False,,0.265,0.9790000000000001,8.690000000000001e-05,0.275,120.204
4OVErcOjO0LvV4jHhOnQVp,Orbis Odium,['9th Entity'],274496,2018,False,,0.262,0.976,0.000153,0.19899999999999998,129.496
4n7nI8hjcIFeISeyqfR9tX,Soul Fucker,['9th Entity'],244139,2018,True,,0.237,0.995,7.1e-06,0.304,129.811
0708T6ve3RetTCRu9Cifak,Towards the Abyss Portal,['9th Entity'],314752,2018,False,,0.18,0.991,0.00014099999999999998,0.113,89.56
4tJsuNL25eQeGxcrKt9ILD,Nueve Entidades Del Colapso,['9th Entity'],227840,2018,False,,0.325,0.99,8.53e-05,0.132,94.12100000000001
0syA60i2YZx2mJAo0y1T7g,Outro,['9th Entity'],104192,2018,False,,0.151,0.708,0.436,0.038,106.383
6FsidlEVgEcbTl5pUkVsgO,9 Frangipani,['$ilkMoney'],190028,2019,True,,0.46399999999999997,0.62,0.774,0.588,125.31
60l4oXaV6WyBAj9LrC3pBO,90,['Monetochka'],201929,2018,True,,0.7879999999999999,0.6859999999999999,0.32299999999999995,0.536,105.006
3G0OvYUCjLJ3XPBsEm3nVq,mr. valentine,['916frosty'],219999,2019,True,,0.43799999999999994,0.8220000000000001,0.0857,0.654,156.026
4coEUNui9yXZ03ANjhWdsi,to the west!,['916frosty'],301602,2019,True,,0.38,0.871,0.0264,0.705,155.844
1beS6FhvrwsFTn26Z2nbRQ,a night in brooklyn,['916frosty'],201464,2019,True,,0.331,0.5529999999999999,0.079,0.0484,88.97399999999998
5BcxtB2QVLODuEWBaHHcvW,half gemini,['916frosty'],197232,2019,True,,0.511,0.8170000000000001,0.0282,0.155,144.0
21XEmNbGbfAYomUwtYkT5X,forever,['916frosty'],201528,2019,True,,0.545,0.524,0.138,0.207,108.111
6QNrhGD6KvzkI0VOi7eQoy,soldiercomehome.wav - bonus track,['916frosty'],138892,2019,True,,0.716,0.6940000000000001,0.00561,0.5820000000000001,151.08100000000005
4pGlRA3uTmqz1feNAdGB3S,Stroke City,['Italia 90'],280907,2019,False,,0.258,0.848,0.16399999999999998,0.22699999999999998,165.49
0CfVelhRNF97yslA9Q5eqD,An Episode,['Italia 90'],159080,2019,False,,0.41200000000000003,0.862,0.0512,0.8590000000000001,170.628
7CnprrSFkSpZx3u9Zhbhe0,Open Veins,['Italia 90'],172480,2019,False,,0.687,0.575,0.134,0.94,141.628
4X0OAefndBhvDgxT53n1w3,Road to Hell,['Italia 90'],161920,2019,False,,0.41600000000000004,0.705,0.00112,0.575,143.819
5u42fLELo1wxAZAzQIrAat,Against the Wall,['Italia 90'],270560,2019,False,,0.4320000000000001,0.539,0.0543,0.6759999999999999,76.773
5zRiPf39JhN92QGcji0o51,9 & Berlin,['Daramola'],143760,2019,False,,0.655,0.275,0.919,0.282,134.142
4gjTpaz6WRV9nX7q4fHwRp,My Love (feat. Jess Glynne) - Sigma Remix,"['Route 94', 'Jess Glynne', 'Sigma']",270803,2014,False,,0.519,0.9790000000000001,0.0006349999999999999,0.094,174.976
4v0lHNHIogC3kZaBZMsNBp,My Love (feat. Jess Glynne) - Maison Sky Remix,"['Route 94', 'Jess Glynne', 'Maison Sky']",373516,2014,False,,0.598,0.8029999999999999,0.000741,0.0729,125.0
2KDuy5O7bOGcHRkuxEjcYX,My Love (feat. Jess Glynne) - Billon Remix,"['Route 94', 'Jess Glynne', 'Billon']",294289,2014,False,,0.8420000000000001,0.818,0.0005139999999999999,0.41100000000000003,119.985
66zdaIWikUNXxommJv1b9n,My Love (feat. Jess Glynne) - Royal-T Remix,"['Route 94', 'Jess Glynne']",301821,2014,False,,0.76,0.7509999999999999,0.0119,0.429,129.989
1ZjIcowaw1hz8TbKuoqrlG,9498123980000,['Anamanaguchi'],328000,2017,False,,0.795,0.9990000000000001,4.13e-05,0.325,120.00299999999999
5HcwehW2yE7vpcRNVd853b,Pieces - Original Mix,['9th Leap'],161745,2015,False,,0.6679999999999999,0.575,0.0141,0.1,115.00299999999999
0XjFtnje9RV4AsVXjcudpJ,99 Red Balloons,['Nena'],284773,2020,False,,0.5429999999999999,0.48200000000000004,0.0853,0.415,193.513
3TB79z0aolcxO6kjaBFK7u,trippin' (i like it),"['lojii', '92 Colby']",111514,2020,True,,0.541,0.605,0.7559999999999999,0.818,171.32
16j4DOANL3A7oBMnn9HEVI,9 vies,['Julia'],294960,2020,False,,0.611,0.8190000000000001,0.15,0.7140000000000001,109.976
2zzQehIbYqneFQC9ebf8Pq,9mm Luger,['Exclusive'],198954,2020,True,,0.602,0.523,0.506,0.635,158.139
5VTc6Rf3nsJM9pipVbENnj,9 Tails,['Genesix'],150361,2020,True,,0.593,0.768,0.0554,0.34299999999999997,83.01799999999999
3LkROe8uqtaneT8uM06fOd,Ребенок 90-х,['kizaru'],177189,2018,True,,0.79,0.773,0.000714,0.6809999999999999,127.96799999999999
3cPpBWJxHQmfFw2kwPZt6g,'96 Neve Campbell,"['clipping.', 'Cam & China']",201227,2020,True,,0.763,0.613,0.0468,0.436,99.287
3fuzMtwQ8DtGNlt7sUcmDA,976-EVIL,['Strvngers'],181256,2019,True,,0.503,0.653,0.011000000000000001,0.337,160.132
3Fc2hFb2ScnEj3KwTS2fQQ,9th Wave,['Solar Spectrum'],480000,2013,False,,0.7040000000000001,0.84,0.000121,0.10300000000000001,136.019
7kvbXUBFo9nJ2V9ZpCQ73i,RESIN!,['93FEETOFSMOKE'],127266,2020,True,,0.728,0.28,0.373,0.18600000000000005,122.98299999999999
7cJJYQhcxqpRbL3AyYDAqq,~^*+ 100k +*^~,['93FEETOFSMOKE'],81270,2020,False,,0.489,0.828,0.00982,0.43799999999999994,127.90299999999999
46y640bwQ2uliG7PfaCNFx,to be honest,['93FEETOFSMOKE'],144000,2020,True,,0.5920000000000001,0.757,0.0068,0.366,159.97
5aF3cGIIs6VfK0djsC9VDy,makeup makes me pretty,"['93FEETOFSMOKE', 'shinigami']",170798,2020,False,,0.47100000000000003,0.31,0.745,0.579,163.131
55o02vrjj0ZHDwG32oRHxY,fruit,['93FEETOFSMOKE'],178808,2020,True,,0.609,0.758,0.007559999999999998,0.659,151.041
0C5drJAFuQnm6bODlcxvZV,RIDDLE ME THT -.-,['93FEETOFSMOKE'],146431,2020,True,,0.665,0.763,0.0143,0.58,119.98
4z0qygjFYqWyhpC8X680fQ,Self confidence,"['93FEETOFSMOKE', 'Anxiety Attacks!']",135000,2020,True,,0.359,0.7959999999999999,0.000149,0.121,200.253
6Y1RrL9K6o8eTVeNKBV5U6,out of gas.. out of road o.o,['93FEETOFSMOKE'],111236,2020,True,,0.785,0.583,0.446,0.716,89.021
5SzFK9d4of36Wy9skiFt9K,BASKETBALL SHORTS,"['93FEETOFSMOKE', ""fats'e""]",68571,2020,True,,0.579,0.6940000000000001,0.47700000000000004,0.501,140.1
6qW9eFq58PMVVxwWyVoFdI,hardlonglook,['93FEETOFSMOKE'],139200,2020,False,,0.465,0.6609999999999999,0.0688,0.317,149.846
7fOS69UucvuRbVI22dYpH2,make sure he's god when you pray for it,['93FEETOFSMOKE'],75789,2020,False,,0.83,0.643,0.0753,0.493,152.102
3ClF4XDKP3c5KN0XiFdwnk,IT BURNS vs I WALK,['93FEETOFSMOKE'],114437,2020,False,,0.433,0.6459999999999999,0.0701,0.387,75.461
4DpasAzthbS0GsF632QmS5,Intro,['Myka 9'],17333,2020,True,,0.628,0.893,0.478,0.265,91.876
5DOQ8VldftuyWzwO4pC4il,Tonight's Program Remix,['Myka 9'],192000,2020,True,,0.711,0.8240000000000001,0.5429999999999999,0.711,99.941
0OH06tkTyhoNjo2LClJei4,Metal (Remix),['Myka 9'],251647,2020,True,,0.45299999999999996,0.748,0.375,0.392,79.382
3zDIv7DiXGof4nZmAv4NEA,Real Ones,['Myka 9'],169453,2020,True,,0.762,0.862,0.774,0.57,96.037
2X4iJbMGy9dzDx4CKhBLeu,See a Doctor,['Myka 9'],6070,2020,True,,0.0,0.8079999999999999,0.9640000000000001,0.0,0.0
5rrbrkDXYkHYrT679Brf5n,Brown Bag '76 (Remix),['Myka 9'],198367,2020,True,,0.762,0.546,0.685,0.341,98.055
5g3yyiAUjQJRU1ZaoIW22S,After School Special United 2 (Remix),['Myka 9'],191250,2020,True,,0.8290000000000001,0.569,0.303,0.314,96.01299999999999
4yzqGRfqPwh6PrmnsQrXsl,Lime Lemon,['Myka 9'],99000,2020,True,,0.7090000000000001,0.8809999999999999,0.77,0.39899999999999997,92.089
609rnjAlDpILmbsAn7616a,Talk About,['Myka 9'],5000,2020,True,,0.0,0.703,0.951,0.0,0.0
6xmMRWPrZSV3BHUMPKHbbG,Tonight's Program (Remix Instrumental),['Myka 9'],192000,2020,False,,0.58,0.862,0.195,0.27,99.93700000000001
1WsrGKTeP5Hv3vx5C1AbLf,Metal (Remix Instrumental),['Myka 9'],251647,2020,False,,0.682,0.69,0.0473,0.17800000000000002,170.07
1DSLWgrhmxCqqyEXvLKtiK,Real Ones (Instrumental),['Myka 9'],169453,2020,False,,0.608,0.72,0.23600000000000002,0.276,191.986
3z2m68SXNYkki9n5G2MN4p,Brown Bag '76 (Remix Instrumental),['Myka 9'],198367,2020,False,,0.7240000000000001,0.46,0.41100000000000003,0.21899999999999997,98.042
6fh1GYhFwnnyIPPWp6rHPm,After School Special United 2 (Remix Instrumental),['Myka 9'],191250,2020,False,,0.835,0.4,0.0483,0.203,95.99799999999999
6od1a9O0hvSihfzGi5P3wP,Lime Lemon (Instrumental),['Myka 9'],99000,2020,False,,0.6509999999999999,0.66,0.47600000000000003,0.415,91.99700000000001
4KuHdYaMEyo9LNvd87tdiS,999 - Extended Mix,['Franchino'],340160,2013,False,,0.799,0.879,0.000394,0.418,137.994
0axVpPgJSi3UCY9Pu4XpWn,Waited Too Long,"['90 Pounds of Pete', 'Devon Baldwin']",190433,2015,True,,0.7390000000000001,0.531,0.33399999999999996,0.633,121.995
2kxgSExezZyTcmJxkQ8tnT,9LIVES,['Hyolyn'],203400,2020,False,,0.473,0.758,0.0124,0.316,171.74599999999995
4PDe7ybYxdCmCTUKnxb19i,Rumor,['99 Crimes'],239987,2019,False,,0.75,0.784,0.00043499999999999995,0.9620000000000001,124.976
222JqwGGmB1mhkcL0Bibdn,Devil in Your Dreams,['99 Crimes'],232533,2019,False,,0.6579999999999999,0.905,2.8800000000000002e-05,0.7759999999999999,124.98100000000001
6GtXdgKVJjGZMCf2Cbl9HN,Rumor,['99 Crimes'],239920,2019,False,,0.752,0.787,0.000397,0.96,124.975
18el8V37AEjwwA4XNNfVaF,Comin' Down Like Rain,['99 Crimes'],235120,2019,False,,0.644,0.875,0.000128,0.568,103.102
6RYUOSvNfISiHwCUY7g50y,Fool,['99 Crimes'],234360,2019,False,,0.574,0.9209999999999999,0.000128,0.77,163.98
4dGsFfJzYja6xkB9VuFBoE,Move Like That,['99 Crimes'],230293,2019,False,,0.496,0.884,0.00195,0.845,167.986
50uPeNE62QqGJV99zi1xlI,Crystal Ball,['99 Crimes'],277947,2019,False,,0.602,0.8079999999999999,1.73e-05,0.66,92.988
3GvW1Bsrl5MjzpoyLdtHId,Avenue,['99 Crimes'],348253,2019,False,,0.604,0.9059999999999999,0.000173,0.6409999999999999,136.904
3wPf5iDc4ZhcWDHdOTmW2T,Blood from a Stone,['99 Crimes'],222467,2019,False,,0.604,0.905,0.00139,0.758,94.96600000000001
2eDbwED4QLq0wZHdxBGu5M,Do It Over,['99 Crimes'],250293,2019,False,,0.614,0.861,6.94e-05,0.897,130.001
39fbWmdErJjtJ5CfArdqfg,Nine Pound Hammer,['99 Crimes'],233267,2019,False,,0.6579999999999999,0.8909999999999999,0.00186,0.609,105.006
1oYE4L5CpXKB9UeSyo3aIn,Never Say Never,['99 Crimes'],227187,2019,False,,0.636,0.919,0.000824,0.5820000000000001,94.009
20yfSuqdYMnluByZv26vOl,9 Day By Day,['Wolfchild'],229307,2006,False,,0.321,0.9079999999999999,0.00118,0.45299999999999996,183.84099999999998
6iEdvedw3ZSCFqsGOhpear,9:59,['Projexx'],149388,2019,False,,0.835,0.6709999999999999,0.47700000000000004,0.5539999999999999,98.06
6XpeSKg5TB6G3DG4YqVwZx,'93,['Housecall'],174414,2019,False,,0.4920000000000001,0.986,0.00047599999999999997,0.655,145.02
4DDzM4mOFqxRDiGC7EJjNI,914,['Twintail'],292580,2016,False,,0.494,0.963,0.000272,0.158,95.102
6oGjeyTfcxTF6IUKdS7fO3,Up the Devil's Pay,"[""Old 97's""]",228733,2019,False,,0.38299999999999995,0.71,0.0184,0.495,78.58800000000002
2A1I1Tza43C75VYBiJjsdF,Etshanatlehi,['DT-90'],423878,2016,False,,0.557,0.552,0.107,0.0766,119.97200000000001
44BQXlfdR2pISdnH852aNm,9.18.18,['Coconutfam'],197647,2020,True,,0.6659999999999999,0.16899999999999998,0.816,0.239,93.97200000000001
2rtchFo53LQakiiESyIjnI,Beyond the Limits,"['W-929', 'Chamupa Chenuka']",180169,2020,False,,0.688,0.514,0.079,0.18600000000000005,95.98299999999999
6afbE8RbKWtFZaSGz1mzWn,SCHLANGEN UM DEN HALS,['Lugatti & 9ine'],121088,2020,True,,0.925,0.8340000000000001,0.245,0.649,109.027
1pzU4lMpUU7eXyK5NKDGc3,WEISSE ASCHE,['Lugatti & 9ine'],141440,2020,True,,0.9390000000000001,0.48700000000000004,0.39399999999999996,0.723,138.08100000000002
1kXaFhroMxTTkMRXVr2ZLu,Zero'd,['92FU'],168614,2020,True,,0.574,0.892,4.54e-05,0.495,105.025
4WbNT1SItjanP2eetzFYWW,Indifference,['92FU'],143341,2020,True,,0.46799999999999997,0.9259999999999999,0.00056,0.557,179.94299999999996
03mizvsJjxpvfieTSzH0Km,Reopening,['92FU'],165848,2020,True,,0.607,0.904,0.000554,0.575,102.51700000000001
6sxDxH2NCL3PT6b6CGhqJD,Smile,['92FU'],156429,2020,True,,0.41100000000000003,0.9,0.00010700000000000001,0.679,174.92700000000005
4VbiaGsGe95rDByymuvoic,She Says,['92FU'],174964,2020,True,,0.435,0.9159999999999999,5.350000000000001e-05,0.535,179.985
5zjWR1GtXX2HWbituFt1KZ,Things I Don't Know,['92FU'],134493,2020,True,,0.47100000000000003,0.885,0.000834,0.516,180.016
3wUwp6Z9SFiwGQf1Q0F28t,Like Love,['92FU'],147861,2020,False,,0.375,0.894,9.6e-05,0.647,185.09099999999998
6Kb2JtOu5yUnzKqrozWBRI,Distracted,['92FU'],141698,2020,True,,0.49,0.825,0.0013800000000000002,0.665,179.99
2AbCUZJTEax4RM6WdWcXaR,Eager Kid,['92FU'],121864,2020,True,,0.536,0.9,4.870000000000001e-05,0.353,104.00299999999999
1JdCyDDkjvXq0OLIH8rS1f,Inpatient,['92FU'],145739,2020,False,,0.479,0.938,1.25e-05,0.41,104.97
6Z5jMsLUb1ObYvAQUnuwWe,99 Red Balloons,['Nena'],234040,2008,False,,0.53,0.56,0.0582,0.475,96.598
46KeERHxJlHx5Zr4xcuDil,E,['9LIVE'],134094,2018,False,,0.564,0.879,0.0109,0.42200000000000004,165.845
1iQYHK0a8TqdfQDbcDmikZ,911,['Ichon'],230667,2020,False,,0.7140000000000001,0.526,0.336,0.222,133.97799999999998
4Tz9GKy1YZgErQrKniKT7X,TEMPO SAGA,['Lugatti & 9ine'],36893,2020,True,,0.613,0.27,0.79,0.203,147.795
0qGFtuhaVmTiHxdUtj33Ez,SCHLANGEN UM DEN HALS,['Lugatti & 9ine'],121227,2020,True,,0.9229999999999999,0.8140000000000001,0.237,0.698,109.02799999999999
6nY6mBAod7H4t6qkns12qJ,LUNGENRISS,['Lugatti & 9ine'],120520,2020,True,,0.883,0.685,0.21100000000000002,0.672,156.77700000000004
0lkqt4RQ97EcJGELYrliww,"TYPEN, KASPER, KINNAS",['Lugatti & 9ine'],27453,2020,True,,0.531,0.418,0.736,0.8640000000000001,98.26100000000001
3JIxB1d3SPQ70sK4UC6hrc,NICHT GEFRAGT,['Lugatti & 9ine'],131893,2020,True,,0.8640000000000001,0.5770000000000001,0.009470000000000001,0.531,153.053
1B8TB2IGaUy5ML77hTfKPa,KNOLLEN (EURO MIX),['Lugatti & 9ine'],126600,2020,True,,0.9209999999999999,0.7709999999999999,0.0826,0.6559999999999999,115.021
59WTcv0COjDj1B4fZku4jb,WEISSE ASCHE (INTERLUDE),['Lugatti & 9ine'],13627,2020,True,,0.0,0.0616,0.522,0.0,0.0
6G0GwEhOgByRw5y1yARRWy,WEISSE ASCHE,['Lugatti & 9ine'],141440,2020,True,,0.9390000000000001,0.48700000000000004,0.39399999999999996,0.723,138.08100000000002
6InwblKmHfT2XRPMRu92tV,ET KUETT WIE ET KUETT,['Lugatti & 9ine'],125600,2020,True,,0.9420000000000001,0.782,0.065,0.9229999999999999,140.037
2KJYrIT0J166qdacyh8cIc,# 9,['Gari'],215573,2009,False,,0.366,0.598,0.614,0.322,149.736
0JlaIbOmoFjdR58jKpFL8E,# 9 (Patti Smith),['Gari'],252267,2009,False,,0.48100000000000004,0.652,0.519,0.556,81.976
2l5OJHQdRT9ltKwWnNVVGS,90s Crush,['YSSY'],305760,2020,False,,0.603,0.379,0.569,0.23600000000000002,144.02200000000005
0jjhXXheEjfPXz5I0h2xqX,9,['Esitu'],219693,2004,False,,0.16899999999999998,0.8590000000000001,2.07e-05,0.382,95.14299999999999
7wihIPRid6q3FyrQPfSSuN,90's Girl (Encore Extended Club Mix),['Blackgirl'],415714,2019,False,,0.857,0.5760000000000001,0.0139,0.665,102.32600000000001
5HNIM1LIomjtd0gL7HvO2k,Alone So Far,"[""Old 97's""]",257933,2018,False,,0.616,0.401,0.599,0.34299999999999997,116.681
68Vs0WiQEqj9TGY4g88gTz,9 Pages,['Nobis'],209885,2005,False,,0.316,0.98,0.000784,0.10300000000000001,180.99400000000003
7sAMbJqV7nYm2wjxxmy3p1,Closer To Fine,['Exit 9'],224213,2007,False,,0.45299999999999996,0.951,0.0028399999999999996,0.68,109.01899999999999
43OTxx4j7XZXlB0M2iM3d5,Won By One,['Exit 9'],170667,2007,False,,0.47700000000000004,0.894,0.5539999999999999,0.429,171.99
6JMTMyQhovmHGbH37UQFai,Keep The Faith,['Exit 9'],208253,2007,False,,0.34600000000000003,0.595,0.032,0.244,68.867
7hKIuBv4UMXQd1KFXKI7tk,Trust The Truth,['Exit 9'],151427,2007,False,,0.727,0.155,0.35100000000000003,0.627,148.305
0DFf9UvyG7dXn6Za2p97kW,Holy Ground,['Exit 9'],193000,2007,False,,0.555,0.929,0.00878,0.731,145.148
35vRjrFnvqxI2AiAI1tm9H,Big Yellow Taxi,['Exit 9'],159707,2007,False,,0.424,0.782,0.18100000000000002,0.54,79.009
2e17Ns7wXLNd25LrUpFLPp,Turned Around,['Exit 9'],154813,2007,False,,0.643,0.473,0.513,0.6559999999999999,82.14299999999999
6gm17MHAbexKfv7B9QkcjF,9th of June,['Lordchain'],337880,2018,False,,0.374,0.9359999999999999,5.9e-05,0.5589999999999999,168.743
1iIdpWCuaGz0lMiCQvscuv,99 Luftballons,['Nena'],231467,2014,False,,0.636,0.467,0.0915,0.58,96.639
1yUS06okUhcvJ4VyEIp7uM,Johnny 94 - Origin Unknown Remix,['Johnny Jungle'],338564,2015,False,,0.5660000000000001,0.976,0.00237,0.912,159.77700000000004
2Xako3skwcJXUjgpK0OKus,Timebomb,"[""Old 97's""]",188747,1997,False,,0.292,0.95,0.00321,0.331,143.115
4D8aBdDkLB8hcJF78AnaRC,Barrier Reef,"[""Old 97's""]",229147,1997,False,,0.318,0.765,0.0046700000000000005,0.7879999999999999,136.035
4Yq9RubzDEj7b7d04mTGxm,Broadway,"[""Old 97's""]",202800,1997,False,,0.387,0.851,0.0079,0.6890000000000001,141.123
23wxygSuy8ATnwxFvtdWLm,Salome,"[""Old 97's""]",247933,1997,False,,0.511,0.5710000000000001,0.0122,0.503,127.777
596MoVfFWRh3YZlD6V7AqZ,W. TX. Teardrops,"[""Old 97's""]",185120,1997,False,,0.494,0.924,0.0009789999999999998,0.8340000000000001,120.46
1Gjh0LV523DjgGUaEBIRb1,Melt Show,"[""Old 97's""]",186853,1997,False,,0.386,0.966,0.00023199999999999997,0.396,139.451
17uityMSEBxiIx8b41TuNN,Streets of Where I'm From,"[""Old 97's""]",195173,1997,False,,0.489,0.759,0.0105,0.682,149.02
6QELg0RBFGKisdiqbROWSD,Big Brown Eyes,"[""Old 97's""]",263267,1997,False,,0.461,0.856,0.00549,0.804,95.117
16cqsB2tC0UYyxEZjyGTjH,Just Like California,"[""Old 97's""]",153707,1997,False,,0.47700000000000004,0.6409999999999999,0.0032600000000000003,0.8290000000000001,130.547
1oTadLPmjIhgFE1mxCW5W2,Curtain Calls,"[""Old 97's""]",258613,1997,False,,0.5589999999999999,0.706,0.078,0.52,129.996
0p58mPaCqBgRJwaK6FBMzb,Niteclub,"[""Old 97's""]",230493,1997,False,,0.444,0.8320000000000001,0.000932,0.746,129.583
7wC0Wzytpb9H3GZrWwBMyd,House That Used to Be,"[""Old 97's""]",247867,1997,False,,0.337,0.857,0.000399,0.763,130.937
7kQvs9F5tgXevKOXKGxVZX,Four Leaf Clover,"[""Old 97's""]",200533,1997,False,,0.209,0.87,9.6e-05,0.358,132.07299999999998
3rIBAQ128zVSAFHqNEO4dC,Northern Line,"[""Old 97's""]",267480,1997,False,,0.47200000000000003,0.7070000000000001,0.0007019999999999999,0.316,128.917
2GlG3rXxn9JVvEPWfAzmqp,Beer Cans,"[""Old 97's""]",268613,1997,False,,0.485,0.7909999999999999,0.00141,0.753,128.858
3g1UX5GfPYwxlcOTweMUmO,No Doubt About It,"[""Old 97's""]",160600,1997,False,,0.285,0.8240000000000001,0.0196,0.7120000000000001,202.74
0l3QcVeh444q8fjxWyx50S,Holy Cross,"[""Old 97's""]",264133,1997,False,,0.493,0.882,0.00569,0.311,134.685
7AAEtBtw1q2bGPOSgbVOrC,90's Love,['Ambré'],183891,2015,False,,0.55,0.361,0.642,0.19699999999999998,82.05799999999998
5cS9N6oRO3sG67jhPuNazk,95,['Submerse'],111066,2020,False,,0.654,0.853,0.131,0.631,160.014
0XLzLHvzEfeahvazhL4bJj,9lb. Hammer,['Twiztid'],165640,2020,True,,0.596,0.9420000000000001,0.0253,0.75,150.033
5SqLqFB2ApvjmBZ9i90giL,Take It Easy,"['Lipp', '93 Purpose']",182491,2020,True,,0.598,0.787,0.0355,0.9,147.29399999999995
37da0WoRd2LE3FEINqaL47,Barré,"['9YVER', 'Fern']",160092,2020,False,,0.743,0.389,0.22399999999999998,0.5589999999999999,89.956
0W2NrWwJJ36XUDA2Pue8sj,La Money m'appelle,['9YVER'],90000,2020,True,,0.852,0.444,0.193,0.6629999999999999,96.041
4GNjgKONNCE00KQOnn20Jy,Questions,"['9YVER', 'LIO']",236110,2020,True,,0.85,0.369,0.322,0.653,107.007
1zFQvhNOpNcINXniYQd9VL,Faithful,['9YVER'],106865,2020,False,,0.603,0.28800000000000003,0.013000000000000001,0.231,110.04
1YtJGpYuDgcX8dclzEc3tG,312,['9YVER'],120007,2020,False,,0.802,0.418,0.00461,0.5760000000000001,119.98100000000001
6ZfRz82XpsHca7xDgg6btk,9D - Earphones version,['9YVER'],202083,2020,False,,0.706,0.217,0.38299999999999995,0.514,125.958
7vWbM1oPbGsmOLkaThJRQk,90s Music,['Kimbra'],216453,2014,False,,0.706,0.664,0.00556,0.555,77.485
2QAPGvfTdxfCREpFEE1Aeg,Cashcow,"['637godwin', '916frosty']",165019,2020,True,,0.727,0.594,0.139,0.115,81.46600000000002
5zUehxvBBQ5XJd9uarHFu4,911ost,['Taproot'],187893,2010,False,,0.375,0.8390000000000001,1.86e-05,0.4,91.45200000000001
4ImsCg34oZHXAB7zXOJd3q,Someone Like You,['Revlon 9'],235868,2006,False,,0.698,0.682,0.00492,0.7390000000000001,135.032
1HG401yxNXCIep3Mhnq0Vj,94,['Michigander'],291101,2019,False,,0.5720000000000001,0.21600000000000005,0.584,0.22,85.016
5l02Rvu29gs3315RU6MOqX,98 Radio,['7098'],82747,2020,True,,0.569,0.435,0.536,0.745,89.51899999999998
2AfYV5gVfqYKo5EXkqxV5Z,Intro / Fuck Witta,['9dfonia'],282800,2020,True,,0.843,0.703,0.602,0.748,81.961
4ssInfav767YWPwQJIh1WI,Graduating in December,['9dfonia'],279201,2020,True,,0.579,0.628,0.593,0.605,87.008
1biPIEIiaGsekmumSFYkWy,Bad Assumptions,['9dfonia'],253275,2020,True,,0.523,0.785,0.326,0.586,89.345
3BzpJgk3GZaEqp39g5xr6q,A.I. / Fuck Yo Homie,['9dfonia'],284827,2020,True,,0.534,0.752,0.67,0.36,93.066
6bUT8AwGbQh7g06ng2ZXtC,Somebody Son,['9dfonia'],254546,2020,True,,0.7340000000000001,0.583,0.521,0.441,98.978
3mzcUMswOIMXirBz6R8Lgl,Just Say That,['9dfonia'],242449,2020,True,,0.9179999999999999,0.6809999999999999,0.541,0.627,97.991
4Lt67en9QKZThNG5DM4LWC,When Jesus Was Black,['9dfonia'],261765,2020,True,,0.713,0.68,0.674,0.41,81.60600000000002
7cTZg5kB8jCUmbvxoeL8sx,Hopeless,['9dfonia'],218182,2020,True,,0.8059999999999999,0.73,0.865,0.547,99.059
0BApIvVLYwSZMDNhlVjJkF,The Night Is a Gift,['9dfonia'],280421,2020,True,,0.521,0.763,0.643,0.434,95.089
1UUEjp2FnwWgDU69AwUh5Q,I Gotta Figure This Out,['9dfonia'],255714,2020,True,,0.78,0.721,0.603,0.629,84.146
0IBYLWF6Dp6voHTjUbAa70,Regan,['9dfonia'],236539,2020,True,,0.657,0.47600000000000003,0.461,0.542,94.756
0taVfyILyD8mPCr1e9gkHe,Far Away,['9dfonia'],193524,2020,True,,0.818,0.585,0.35700000000000004,0.461,104.97399999999999
3SGEUDA8MkpMJxmNOVDjF7,Black Millennial,['9dfonia'],272219,2020,True,,0.631,0.489,0.722,0.474,95.008
5L9fg2IIwldN1II7AO9vZu,Play Stupid,['9dfonia'],260000,2020,True,,0.5589999999999999,0.8740000000000001,0.428,0.556,83.976
47V0BqeQoSzK8q249uscck,9 Lives,['Father'],113208,2020,True,,0.833,0.522,0.0597,0.233,158.911
4zPQQh9XmfE5iDJgTIFzmS,mirror shopping (feat. GRANDMA & 93FEETOFSMOKE),"['ITSOKTOCRY', '93FEETOFSMOKE', 'GRANDMA']",156013,2020,True,,0.7490000000000001,0.759,0.0012,0.552,170.04
4bGSq42z1HErfCqRkp067Z,9mm,['theMIND'],86360,2020,True,,0.8079999999999999,0.48100000000000004,0.249,0.7809999999999999,56.476000000000006
6bDRcSbHiEQw4jmij0chNA,9 Steps,['Coco Columbia'],281320,2016,False,,0.528,0.545,0.0427,0.71,153.991
2AhB0v0jCMY191sbZVyn61,Bad boy,['994 Crew'],242080,2006,False,,0.735,0.637,0.00373,0.784,172.049
