id,name,artists,duration_ms,year,explicit,spotify_popularity,danceability,energy,acousticness,valence,tempo
5M0RPW9a0hPU5lVm2lhR3k,傷仲永,['Phil Lam'],236000,2012,False,,0.295,0.527,0.589,0.39799999999999996,181.097
4cQCKZjde2QPN9pFiEPWIz,雨落大地,['Phil Lam'],223000,2012,False,,0.648,0.7240000000000001,0.0856,0.897,79.947
2gquv4qDzfQANTFHkVdIFj,寫詩,['Phil Lam'],234000,2012,False,,0.737,0.456,0.449,0.555,127.87
7zAUBslKAGwfS3ENHS6Aks,單位,['Phil Lam'],223000,2012,False,,0.614,0.525,0.627,0.309,127.029
0hwtxPCwCfgNZAB5tC2xae,浮生六記,['Phil Lam'],214000,2012,False,,0.41200000000000003,0.544,0.483,0.371,131.50799999999998
6XQAsC1e9AboxZ9Yua8u7l,怎麼了,['Phil Lam'],232000,2012,False,,0.653,0.823,0.0414,0.59,101.01100000000001
2X6a8h3Olet7EZD9KCvmqV,三十歲前要完成的事,['Phil Lam'],209000,2012,False,,0.643,0.687,0.188,0.5920000000000001,100.007
1QVZgy0FZQav4weKiqha9p,奇情夜,['Phil Lam'],218000,2012,False,,0.733,0.495,0.122,0.375,131.933
3m1f9dMaXl9aclf2hNGzpB,一個都不能少,['Phil Lam'],235000,2012,False,,0.7020000000000001,0.5379999999999999,0.24,0.52,119.025
1FLiMxNKuJq9PY2ZhgbVIW,YOU GOTTA BE(弾き語り),['chay'],197253,2016,False,,0.691,0.32899999999999996,0.799,0.5479999999999999,94.206
3nlaJWCbXv5X7GwKchFVPy,Terminal 着、即 Dance,['chelmico'],170226,2020,False,,0.905,0.7190000000000001,0.0751,0.767,100.02799999999999
2g6r241L2P2obNtz1nhkHD,どうやら、私は,['chelmico'],216733,2020,False,,0.607,0.589,0.275,0.519,178.215
3QJ8gbvACKR7EXTHFrNjUT,Premium・夏mansion,['chelmico'],243787,2020,False,,0.677,0.809,0.0117,0.445,180.07
7ALkpuavOZN3vzaQVsJogk,爽健美茶のラップ,['chelmico'],206058,2019,False,,0.777,0.897,0.0486,0.85,122.01700000000001
1ZQ80hAHeYpBImpfH9SevK,仲直り村,['chelmico'],288267,2019,False,,0.7929999999999999,0.564,0.298,0.653,98.03399999999999
2fZCBhjQpbvwwS5L6L5bov,破曉,['Nan Quan Mama'],276547,2005,False,,0.546,0.682,0.0597,0.268,105.01899999999999
16jxKbbTxskcHCvVmZgr5Q,消失,['Nan Quan Mama'],266573,2005,False,,0.335,0.57,0.57,0.172,137.311
3hqUy2W11xf11C5aaGjXBZ,野東西,['Nan Quan Mama'],196827,2005,False,,0.446,0.946,0.00124,0.579,170.00400000000005
6PgNIo1p187iblO7bTspUx,牡丹江,['Nan Quan Mama'],237560,2005,False,,0.595,0.583,0.706,0.502,140.05200000000002
5i7RwX4pJWns5AF5joTfzN,原來,['Nan Quan Mama'],276213,2005,False,,0.33399999999999996,0.494,0.825,0.35100000000000003,129.346
0f0BaT2NwtV3ao4nPxLus0,橘子汽水,['Nan Quan Mama'],212520,2005,False,,0.7240000000000001,0.568,0.657,0.451,105.096
0pBdBqYkCSMHQ6ZRUCxQ6O,最後一枚笑容,['Nan Quan Mama'],292147,2005,False,,0.42100000000000004,0.405,0.669,0.191,174.075
4XhuwPxMYJczTJYe5BBKFE,拂夜,['Nan Quan Mama'],243520,2005,False,,0.5579999999999999,0.693,0.0263,0.14,94.054
0KDaPhptS1TPvFSwiaIi4e,給巧克力的歌,['Nan Quan Mama'],210813,2005,False,,0.6659999999999999,0.7879999999999999,0.441,0.679,125.87700000000001
77T3HttgEAz9MB92ixnRuC,吃妳煮的魚,['Nan Quan Mama'],212733,2005,False,,0.659,0.304,0.657,0.115,125.99
1gJG7mpXC7bVDDgg9PUm2K,匿名,"['Kami-sama, I have noticed']",188191,2019,False,,0.58,0.894,0.0708,0.674,142.942
1jCdXQ7whHvxWvMzBiU9sW,破滅のオレンジ,"['Kami-sama, I have noticed']",211507,2019,False,,0.623,0.9520000000000001,0.0515,0.39,134.966
1z4hXWnPceuNJjlVlUNPaD,沈黙,"['Kami-sama, I have noticed']",197546,2019,False,,0.513,0.87,0.354,0.659,172.135
5vzDKccUvN0QhGwmBwf8io,空洞空洞,['amazarashi'],315840,2017,False,,0.508,0.95,0.000541,0.475,76.515
3cKi1m5rgXn3wmOZrYwtCl,水槽,['amazarashi'],154920,2017,False,,0.355,0.779,0.0117,0.18600000000000005,162.27100000000004
6wZcefZGc6vrd3zLCQoOYe,空に歌えば,['amazarashi'],217627,2017,False,,0.594,0.951,0.0142,0.6409999999999999,102.04
1IqTkzqZHUrlvlB3ljTr2z,悲しみ一つも残さないで,['amazarashi'],351747,2017,False,,0.321,0.645,0.196,0.223,78.984
6QWu0sUSX2fS4dgAuXzHBF,命にふさわしい,['amazarashi'],359120,2017,False,,0.568,0.8690000000000001,0.215,0.5660000000000001,143.026
5jq53iOFnLDZrzFCzsOZu8,ぼくら対せかい,['amazarashi'],368667,2017,False,,0.705,0.649,0.0779,0.124,118.00200000000001
2YFol7DMFUygVUlqy8mp9O,私以外私じゃないの,['Gesu No Kiwami Otome'],232613,2015,False,,0.6679999999999999,0.907,0.0851,0.748,136.009
0vRPJerwKxt44A1mAU1Fkg,黑咖啡,['Jody Chiang'],302560,2010,False,,0.414,0.474,0.763,0.198,147.651
4L49TZe3BoJojUmjM3EsTb,單行道,['Jody Chiang'],261107,2010,False,,0.7,0.205,0.922,0.309,114.814
10DoD9lSqpk1gx68fe7r6O,莎喲娜拉,['Jody Chiang'],262160,2010,False,,0.489,0.441,0.593,0.21,148.96200000000005
3K3AA3tmFpJle9xmO8Nws0,唉呦唉呦,['Jody Chiang'],252400,2010,False,,0.838,0.7659999999999999,0.691,0.971,114.986
4zckKYqzsZt5ftmUe2VBdL,夢中央,['Jody Chiang'],265240,2010,False,,0.527,0.355,0.75,0.2,120.01
2O8Fc0YccLggBfLZmVISsm,老樂師,['Jody Chiang'],270827,2010,False,,0.58,0.467,0.721,0.35200000000000004,118.001
4iJ88cBWg0dxKQP9o1DhZ0,當時欲嫁,['Jody Chiang'],293573,2010,False,,0.364,0.44,0.75,0.087,157.834
0RCi23A3er7XWKVKRiDZZL,探戈探戈,['Jody Chiang'],165133,2010,False,,0.8009999999999999,0.715,0.40299999999999997,0.866,125.055
3LQ5KM8t8YDSsQIhW0CBsu,玉蘭花,['Jody Chiang'],300800,2010,False,,0.248,0.445,0.809,0.14800000000000002,151.168
1ltPRf4wMQHs56r10W9JbS,ㄧ葉女人心,['Jody Chiang'],316560,2010,False,,0.35600000000000004,0.4320000000000001,0.745,0.278,171.61599999999999
1FAaLuxq2YGidAvMk3EBGz,我庄,['生祥樂隊'],236867,2013,False,,0.81,0.371,0.78,0.6970000000000001,125.79799999999999
4Thc1eA4OgrOd6Qs9Qj5ZF,課本,['生祥樂隊'],292747,2013,False,,0.759,0.32,0.9009999999999999,0.376,150.305
6PN9S2CUKTVQQIHjtXrI8u,讀書,['生祥樂隊'],222160,2013,False,,0.52,0.308,0.8959999999999999,0.6579999999999999,97.53
2Pevbwt7gtvqRwLr4KkTvC,草,['生祥樂隊'],301947,2013,False,,0.742,0.426,0.888,0.723,138.82
0ZXvR2ryexgvt63rhEjMuy,仙人遊庄,['生祥樂隊'],374213,2013,False,,0.743,0.324,0.9359999999999999,0.6940000000000001,118.84
66FFYMu8T9EdVmKc46qLvA,7-11,['生祥樂隊'],323320,2013,False,,0.648,0.25,0.982,0.22,157.41
0Ypilt9om68ntFUP2fCKjM,阿欽選鄉長,['生祥樂隊'],476533,2013,False,,0.4370000000000001,0.672,0.695,0.515,131.965
2HzvmiIOGBUF0JI7EUhovV,秀貞介菜園,['生祥樂隊'],282627,2013,False,,0.616,0.193,0.735,0.38799999999999996,73.145
4YFOtrTIOvyPytpsuUU5Zo,化胎,['生祥樂隊'],329307,2013,False,,0.6559999999999999,0.0653,0.899,0.196,79.997
66CdBXJ10kvdvPJDFqbL78,所以說 (feat. 李大奔 & 王子),"['VaVa', '李大奔', '王子']",216328,2019,False,,0.48100000000000004,0.7829999999999999,0.205,0.64,92.26
2Wod0L2okNpxB8CbYWwgtv,夢中情人 (feat. 滿舒克),"['VaVa', '满舒克']",228179,2019,False,,0.782,0.5429999999999999,0.0355,0.40299999999999997,105.01100000000001
3qrVZ5okB0UtVjEB36924D,夢不落帝國,['Evan Yo'],188333,2006,False,,0.64,0.9890000000000001,0.35200000000000004,0.5870000000000001,125.007
4x0r53DY89Zcvo2pi5flbV,城外,['Evan Yo'],222427,2006,False,,0.48200000000000004,0.568,0.47,0.146,153.892
1YpnQuynNQIVTyf69enOEF,超人不在家,['Evan Yo'],225613,2006,False,,0.8170000000000001,0.821,0.142,0.7170000000000001,118.45299999999999
6ufjxyxCJeYKw82FoaLjfd,我可以,['Evan Yo'],266920,2006,False,,0.561,0.424,0.627,0.154,132.817
2xIBbqlRnFOYIGBIAtU5j5,旋轉門,['Evan Yo'],241787,2006,False,,0.64,0.584,0.6829999999999999,0.31,130.118
2zxrvdvTuO2D8HVonEGg1P,簡單,['Evan Yo'],204680,2006,False,,0.688,0.3670000000000001,0.498,0.7509999999999999,89.98
1L7LxI8Jfa1DPA7GhThUnX,熱氣球,['Evan Yo'],279413,2006,False,,0.204,0.34700000000000003,0.873,0.226,72.567
71CgO31fKbSZTDtkhBDNaB,翻不完的夏天,['Evan Yo'],221013,2006,False,,0.539,0.502,0.485,0.6709999999999999,205.796
4laqZlxlNBvOUEKITWRr7K,我想要說,['Evan Yo'],228307,2006,False,,0.591,0.442,0.813,0.184,131.97899999999998
3pEMdIGoftGIrFI6wS2JUM,新幹線 (Shinkansen),['Alex Seifert'],472059,2007,False,,0.5670000000000001,0.879,0.19699999999999998,0.16899999999999998,120.00399999999999
7mQcATtkBqSZtWNeCtdehh,敗者復活戦自由形,['PENGUIN RESEARCH'],250000,2017,False,,0.38,0.992,0.000207,0.11199999999999999,151.035
6oZE8nGgzRRwbw0WPRRMlg,嘘まみれの街で,['PENGUIN RESEARCH'],214160,2017,False,,0.53,0.934,0.00126,0.501,137.007
3sbFCbPnSh2v23jWkS1JgE,ジョーカーに宜しく,['PENGUIN RESEARCH'],228000,2017,False,,0.462,0.975,0.00081,0.423,114.134
2avAXATgSl13ik1pFCThLI,冀望,['PENGUIN RESEARCH'],221160,2017,False,,0.486,0.8740000000000001,0.00894,0.41200000000000003,174.952
6AdxGCHE9IIbHSptTzZQhk,愛すべき悩みたちへ,['PENGUIN RESEARCH'],189280,2017,False,,0.47100000000000003,0.972,4.77e-05,0.295,102.49
1WP9sdevLdkeFeUKV84BK3,恋をする,['Mika Nakashima'],265920,2017,False,,0.627,0.8959999999999999,0.136,0.565,120.97
12LCmeLr4tjIdqOHyBMCMg,恋をする<Instrumental> - Instrumental,['Mika Nakashima'],264627,2017,False,,0.64,0.755,0.000309,0.777,120.979
3IHBnxjQHFRUArR99WFXMr,真っ白な灰になるまで、燃やし尽くせ,['PornoGraffitti'],238147,2016,False,,0.466,0.925,0.0063,0.6459999999999999,171.907
3yYItsSZmRG3NhtJER0DeW,零,['Alan Kuo'],279893,2005,False,,0.494,0.565,0.061,0.0989,120.02600000000001
1KRyu55H2Kswn2qyHcvji8,梭哈,['Alan Kuo'],231427,2005,False,,0.8140000000000001,0.898,0.0644,0.622,105.01
4Suxz2YGYuXG4U34imnS1F,哭笑不得,['Alan Kuo'],265240,2005,False,,0.617,0.524,0.40700000000000003,0.381,119.836
1qWK70CryQF1nAqjO0soa1,戀愛演習,['Alan Kuo'],236600,2005,False,,0.684,0.391,0.703,0.643,169.96599999999995
5nQAHuKH8QUvvntOVdVEcJ,"愛,不愛",['Alan Kuo'],255373,2005,False,,0.511,0.552,0.0511,0.193,134.106
749MjRcWFfaYqDc2YxtoxY,倒數計時,['Alan Kuo'],258973,2005,False,,0.527,0.585,0.127,0.59,164.16299999999995
28ISo7gaaUd9iYSmZwEh8H,愛的榮耀,['Alan Kuo'],243720,2005,False,,0.325,0.40399999999999997,0.165,0.165,96.34299999999999
1WqfXy0TnLJhpu71hr08PQ,野孩子,['Alan Kuo'],235987,2005,False,,0.8009999999999999,0.7759999999999999,0.10300000000000001,0.9470000000000001,98.027
3IUtr4lWEZbqObQez3VZ90,活著,['Alan Kuo'],277853,2005,False,,0.539,0.804,0.00463,0.637,170.049
6Z31xaqoqAibXlGu7cpzN6,Wake Up (拼了),['Alan Kuo'],299680,2005,False,,0.585,0.815,0.0449,0.249,96.03
6PYXXbEKRs31Qp2JhJMRz1,替身,['Alan Kuo'],279693,2005,False,,0.541,0.575,0.0795,0.165,119.992
3E6CM0VGToA6FPD429cdiP,永保安康,['Jacky Wu'],309893,2001,False,,0.5529999999999999,0.33,0.6990000000000001,0.223,94.936
1oF3QBHY5coZ54T0B337mO,欠你的溫柔,['Jacky Wu'],259067,2001,False,,0.624,0.315,0.607,0.161,113.95100000000001
0YMJlf9TYbAxGmbcLmUa8p,為什麼,['Jacky Wu'],274200,2001,False,,0.696,0.556,0.10800000000000001,0.306,135.93200000000002
2TZHRFE0kJds90aE1Fh2GU,不由自主,['Jacky Wu'],278973,2001,False,,0.285,0.433,0.616,0.18,179.847
1ej0fSLhzApBAsKX7n0TDA,不要去恨你愛過的人,['Jacky Wu'],256760,2001,False,,0.6509999999999999,0.391,0.10800000000000001,0.17,83.991
08Ep0rNlmIJEhy7oCQiiGN,陌生人誰愛我,['Jacky Wu'],272667,2001,False,,0.363,0.36200000000000004,0.379,0.218,80.634
1FhNpxuL4g8u27n0QNMlqY,瞎了聾了,['Jacky Wu'],286827,2001,False,,0.607,0.41,0.52,0.131,113.819
2zwLK300M5I8AFDpZrF2RY,總是以為,['Jacky Wu'],289893,2001,False,,0.322,0.46399999999999997,0.447,0.18100000000000002,169.377
72XgFfqnAs5LDZAWhpEB7h,孤注一擲,['Jacky Wu'],244640,2001,False,,0.721,0.41200000000000003,0.0586,0.278,105.071
6VCiWmAubnQXXyGUc5wpKK,最親愛的人,['Jacky Wu'],272200,2001,False,,0.486,0.469,0.34,0.115,135.688
4Mg9dArq6B5VnDVvkUoiCh,永保安康,['Jacky Wu'],309893,2001,False,,0.5529999999999999,0.33,0.6990000000000001,0.223,94.936
5BCiB6jqLS6JJs1K9lsaS8,欠你的溫柔,['Jacky Wu'],259067,2001,False,,0.624,0.315,0.607,0.161,113.95100000000001
61f1BScCugXUjDd8ytw6qD,為什麼,['Jacky Wu'],274200,2001,False,,0.696,0.556,0.10800000000000001,0.306,135.93200000000002
0ZkmgsBOwkNkLDk2k5PsCu,不由自主,['Jacky Wu'],278973,2001,False,,0.285,0.433,0.616,0.18,179.847
2qaM30vgW8Oq7vGBTtRGdq,不要去恨你愛過的人,['Jacky Wu'],256760,2001,False,,0.6509999999999999,0.391,0.10800000000000001,0.17,83.991
06oXBDd8rwqA7nNXo5IlSw,陌生人誰愛我,['Jacky Wu'],272667,2001,False,,0.363,0.36200000000000004,0.379,0.218,80.634
5ZixLoGrO6W0QoJo7I0HwB,瞎了聾了,['Jacky Wu'],286827,2001,False,,0.607,0.41,0.52,0.131,113.819
3GJlrFyJXKbsaDDWlNy1lb,總是以為,['Jacky Wu'],289893,2001,False,,0.322,0.46399999999999997,0.447,0.18100000000000002,169.377
4nSR4l81wGL6OivXCHoh1X,孤注一擲,['Jacky Wu'],244640,2001,False,,0.721,0.41200000000000003,0.0586,0.278,105.071
2MWYXfWxCURbXcEmRGWqCR,最親愛的人,['Jacky Wu'],272200,2001,False,,0.486,0.469,0.34,0.115,135.688
2HBwaiRBmqxsUT41vSidcg,畢竟,['Deserts Chang'],331707,2007,False,,0.5,0.5579999999999999,0.0308,0.26899999999999996,156.019
50NDyVO30Sy86Hh7OXb5wB,嫁禍進行式,['Deserts Chang'],251307,2007,False,,0.612,0.735,2.8499999999999998e-05,0.386,109.943
393MehrSEiQgRYARQAixkT,喜歡,['Deserts Chang'],279933,2007,False,,0.691,0.18100000000000002,0.963,0.313,103.01299999999999
4ZaILFulp1dU687B2tCxRx,親愛的,['Deserts Chang'],255267,2007,False,,0.737,0.222,0.8859999999999999,0.303,100.07
5s67TA01rbXdDgIuLpM6Is,兒歌,['Deserts Chang'],183200,2007,False,,0.679,0.14,0.953,0.38299999999999995,117.242
1tiHrtLaesjqidgDh2qpXv,模樣,['Deserts Chang'],315600,2007,False,,0.742,0.106,0.927,0.32,105.189
4dbTJpDUMSjJa6FLni6CXY,討人厭的字,['Deserts Chang'],365733,2007,False,,0.5710000000000001,0.33299999999999996,0.62,0.0792,129.969
6s9tvtpGc1p6VANsZSR9B6,欲望把眼前的地板鋪滿,['Deserts Chang'],469733,2007,False,,0.583,0.452,0.0299,0.149,130.084
665TeVj1PFLiwwmwK9dsk4,並不,['Deserts Chang'],359587,2007,False,,0.40399999999999997,0.23199999999999998,0.8740000000000001,0.32299999999999995,181.688
7nS59WO3gYTDOMM0l4p6sf,藍色雨,['Landy Wen'],295480,2002,False,,0.674,0.544,0.583,0.34299999999999997,131.958
2pwUBLTuLIb5rDUarQ61gU,地獄天使,['Landy Wen'],272680,2002,False,,0.457,0.321,0.693,0.12,129.667
0HmjwyXUF2LxNx8HOM1pIo,不吵不鬧,['Landy Wen'],192200,2002,False,,0.858,0.7040000000000001,0.0939,0.524,104.988
5wWrFEj0wuoyEb6IcOyM3r,走,['Landy Wen'],273813,2002,False,,0.72,0.531,0.61,0.7490000000000001,78.005
34A3OLFusgJpcfMjYK1fVY,發燙,['Landy Wen'],213693,2002,False,,0.889,0.917,0.12,0.807,124.492
0dg4QeGvv5cNUxzWDreIW7,冰河,['Landy Wen'],233387,2002,False,,0.773,0.478,0.2,0.57,89.991
0MZ4Xml3PDA7RWTKDKtx21,潘朵拉,['Landy Wen'],235187,2002,False,,0.66,0.868,0.293,0.833,176.02200000000005
08nIKbrGbHkRyrv5tg0tn9,定時炸彈,['Landy Wen'],252707,2002,False,,0.38799999999999996,0.354,0.7,0.152,142.61700000000005
7CTEV1OZOJG1U5KPSx8neF,你活該,['Landy Wen'],222560,2002,False,,0.802,0.7120000000000001,0.309,0.595,93.992
3QtbdClv5h6rq4jAU209kR,書籤,['Landy Wen'],274347,2002,False,,0.55,0.536,0.648,0.16399999999999998,128.02700000000002
6kkARLReQ59Iej41W9CNx3,悠悠劄,['北京天使合唱團'],337427,1995,False,,0.18600000000000005,0.10800000000000001,0.8540000000000001,0.0488,129.235
5U4NuO8LjDzUkz2aM7uuWs,月兒明.風兒靜,['北京天使合唱團'],259000,1995,False,,0.23399999999999999,0.156,0.2,0.0961,125.581
03zZMT1fRSFh4YuHaz4JjR,檳榔樹下搖網床,['北京天使合唱團'],225600,1995,False,,0.435,0.11800000000000001,0.975,0.222,99.927
7mMs1f6nbjLOQ98s5avYqg,啊咿啊咿啊,['北京天使合唱團'],178467,1995,False,,0.228,0.0988,0.9640000000000001,0.139,134.144
4GpSSZIbzEx6QOkZtMTVY4,土家搖籃曲,['北京天使合唱團'],257933,1995,False,,0.228,0.184,0.716,0.0526,60.657
0tgHfkA7pFO0nlfQwqUfF9,阿尼目兒,['北京天使合唱團'],183707,1995,False,,0.312,0.221,0.785,0.0692,70.075
3TaSfK0y9bp46GVxxkYIx7,小貓兒不要叫,['北京天使合唱團'],286960,1995,False,,0.475,0.122,0.893,0.18100000000000002,108.00399999999999
7zrqputzH2Q1H6mD9JuAmu,黎族催眠歌,['北京天使合唱團'],234707,1995,False,,0.415,0.11199999999999999,0.68,0.0972,131.884
5Wg4kmBzVOYvopOhzaNuaS,漁家搖籃曲,['北京天使合唱團'],224400,1995,False,,0.316,0.261,0.775,0.151,131.635
1bRFA0WkVz3ugAyKgn8xl5,藏族催眠曲,['北京天使合唱團'],155293,1995,False,,0.315,0.111,0.33299999999999996,0.0952,99.766
7eL8OIEeeR281X4pVCMUa3,普如萊弟,['北京天使合唱團'],206400,1995,False,,0.299,0.17800000000000002,0.462,0.151,107.073
7vFadB7Wd8oGGlKQcgA3ly,"啊來,巴郎木",['北京天使合唱團'],318707,1995,False,,0.26899999999999996,0.23800000000000002,0.594,0.26,75.535
0cCyZJI41K21h1feG0oGVK,I Love You(OT: 愛很簡單) - OT: Ai Hen Jian Dan,['Joanna Wang'],316667,2008,False,,0.562,0.379,0.423,0.278,62.986000000000004
4U83TyQ3tKXT75T8hdh8Hz,迷宮 - OT: Let's Start from Here,['Joanna Wang'],215600,2008,False,,0.657,0.40399999999999997,0.76,0.133,126.01299999999999
4pjnn28AE1GvrklrJFWuib,有你的快樂,['Joanna Wang'],195880,2008,False,,0.7909999999999999,0.68,0.557,0.6809999999999999,112.014
5PadgcONJhQT8FzhhLjwXA,因為你愛我 - OT: As Love Begins to Mend,['Joanna Wang'],348547,2008,False,,0.6579999999999999,0.436,0.608,0.129,129.976
4npThGfuVByL8IQIZtlUPr,我不是F4,['Vic Chou'],226893,2007,False,,0.665,0.81,0.0731,0.271,119.984
2rpjW949NzWCJsq6WHYg90,愛上這世界,['Vic Chou'],240040,2007,False,,0.618,0.8,0.00037200000000000004,0.47200000000000003,110.009
4zy7MSxkOnCFGZKNUpgEW3,他是誰,['Vic Chou'],204360,2007,False,,0.635,0.584,0.281,0.21899999999999997,127.926
4cGKPIwXKPQZhi2Uy71hLQ,完美偶像,['Vic Chou'],296293,2007,False,,0.727,0.539,0.457,0.586,95.001
5XBs5dJ0K5jruPYxpy6l4c,馬賽克,['Vic Chou'],238360,2007,False,,0.7929999999999999,0.782,0.0647,0.893,110.00399999999999
0ONDdXfgRaUat2utfx3OAD,藍鯨,['Vic Chou'],273360,2007,False,,0.631,0.7190000000000001,0.0394,0.607,119.96700000000001
4DtThhC3CyyQVxeJNU0YaU,愛妳恨妳,['Vic Chou'],248333,2007,False,,0.534,0.57,0.44799999999999995,0.322,139.778
2qUja06HyHNTXFwd2pQa6W,一加一,['Vic Chou'],262773,2007,False,,0.48,0.49,0.593,0.27699999999999997,143.99200000000005
0lTaPtclYYq75Z6sgNHqVC,有沒友,['Vic Chou'],212773,2007,False,,0.78,0.884,0.0667,0.66,100.014
3U03WqeRZnEzlOV7fSA0vp,不敗的戀人,['Vivian Hsu'],219693,1999,False,,0.7240000000000001,0.774,0.207,0.653,108.087
01oBgDuwk5iU3742bIVPcw,不愛了,['Vivian Hsu'],254267,1999,False,,0.278,0.287,0.6970000000000001,0.23800000000000002,174.762
3bFeH3rJyNqQopzzhv5uVx,希臘咒語,['Vivian Hsu'],267160,1999,False,,0.485,0.9129999999999999,0.0313,0.843,171.06
2jtdsXvPEm2NfVhctEoxkm,姐 妳睡了嗎,['Vivian Hsu'],267373,1999,False,,0.41,0.195,0.835,0.16899999999999998,76.27600000000002
2aCnYr3OEay0fjShjJLU5p,蠟燭愛情,['Vivian Hsu'],264960,1999,False,,0.6729999999999999,0.7809999999999999,0.142,0.9179999999999999,126.044
2NUl7ETDLNMqfmagaN58WB,不需要理由,['Vivian Hsu'],240307,1999,False,,0.40399999999999997,0.152,0.845,0.19399999999999998,149.681
3nwcQkghAX6kfI4KfwEA0N,21世紀,['Vivian Hsu'],216600,1999,False,,0.725,0.575,0.282,0.629,115.03
0k1cBqabWh0jKz6fgb1EQw,貝殼,['Vivian Hsu'],242840,1999,False,,0.644,0.565,0.342,0.321,120.118
3A9fOAEPx2qavoys76t09H,彩虹天堂,['劉畊宏'],301387,2005,False,,0.532,0.698,0.6920000000000001,0.218,143.9
29pxoKmOnZdjtvPUHVSjn9,失落的入場卷,['劉畊宏'],256533,2005,False,,0.5720000000000001,0.631,0.474,0.20800000000000002,124.976
5tBje2dkTktimr2VoBCMUZ,心動心痛,['劉畊宏'],229240,2005,False,,0.4970000000000001,0.564,0.609,0.18899999999999997,87.999
0BEQxIQXx6IrwJFewZD1Mn,心靈交戰,['劉畊宏'],226160,2005,False,,0.495,0.893,0.0602,0.265,163.346
4X4wj3xwN33h9XPiEgzaC0,不說,['劉畊宏'],223160,2005,False,,0.519,0.263,0.731,0.4,73.154
4O2PJedMEasJfZA0KBpkGP,直到最後,['劉畊宏'],221627,2005,False,,0.8270000000000001,0.8,0.013000000000000001,0.903,108.97399999999999
6TZ875R8BnT6WlIDWqVV0Z,因為有你,['劉畊宏'],244693,2005,False,,0.7340000000000001,0.7070000000000001,0.6779999999999999,0.382,105.02799999999999
1noqyYX1xWRs8xCfBhz09N,情畫,['劉畊宏'],287707,2005,False,,0.501,0.67,0.139,0.319,145.925
4gDMxuNmHle2StkjfI1MGF,西域傳奇,['劉畊宏'],240373,2005,False,,0.606,0.903,0.11199999999999999,0.6409999999999999,119.97200000000001
0J8zFUOc0EmWQYpHCkQ3dl,創世紀,['劉畊宏'],275827,2005,False,,0.46,0.7979999999999999,0.17800000000000002,0.455,163.847
4V3oCXFHoKZhfsli8fuHM5,依靠(DEMO),['劉畊宏'],250893,2005,False,,0.368,0.402,0.597,0.313,139.565
1tR7MIt9tGigGOA6k0KvSc,誓い,['Hikaru Utada'],277707,2019,False,,0.546,0.626,0.631,0.35700000000000004,127.79799999999999
71aOnwNvCdAYNRNpwMlPzI,或許你是對的,['康康'],293680,1999,False,,0.488,0.435,0.122,0.0731,125.51
1YleVjZ2M9n6eeOn5z7rWD,催淚,['康康'],255720,1999,False,,0.544,0.447,0.32899999999999996,0.0803,125.915
1Aya7fP86LDuTy1o0HMfnW,恁姐仔住市內,['康康'],235200,1999,False,,0.755,0.732,0.10099999999999999,0.875,112.934
61P2nw5seYQa6MDsjSK7xg,多餘,['康康'],288867,1999,False,,0.47700000000000004,0.29600000000000004,0.409,0.19399999999999998,124.35799999999999
709fLmS5QmzRm8bjrjL5Ze,離開你不得已,['康康'],248200,1999,False,,0.6409999999999999,0.8140000000000001,0.21100000000000002,0.932,129.921
5x08GuIYRf1hMo3fqmpaIK,電燈泡,['康康'],236373,1999,False,,0.8390000000000001,0.7490000000000001,0.485,0.93,121.838
2qxPTxYHrzXGP9ayIDlPPA,世界最冷那一天,['康康'],276640,1999,False,,0.546,0.514,0.322,0.098,119.977
10hnr4QBu2UUvlyvtcSKdt,莫非是我,['康康'],249920,1999,False,,0.514,0.519,0.18,0.303,120.054
5h5ytmglR6Wnk09sp2yvyu,我要的你不給,['康康'],287533,1999,False,,0.6609999999999999,0.317,0.763,0.24600000000000002,97.775
1qqy57EJ84by9OoNVLmITV,偶爾也想要一個人,['康康'],274893,1999,False,,0.597,0.718,0.258,0.395,109.911
2JRNhihQbAw2GEuQ4UzpHY,昨天我還年輕,['康康'],237707,2001,False,,0.39799999999999996,0.17300000000000001,0.893,0.345,173.075
4aaFcIRo8AVniGmmtPybev,圓夢,['康康'],265893,2001,False,,0.41700000000000004,0.605,0.00286,0.27899999999999997,164.979
1ZydsSgDgFwPvMZcj2dX2f,珍妮佛,['康康'],272653,2001,False,,0.701,0.561,0.0341,0.8240000000000001,124.994
5jbSJIItjkSDrcy65zodIE,定時炸彈,['康康'],244173,2001,False,,0.364,0.31,0.5479999999999999,0.17,145.03
6BWscN2Bbmf7uigTlZlQ98,欠缺,['康康'],368453,2001,False,,0.409,0.317,0.574,0.0985,74.703
6CspMc6yUxXlhWisCqS5Va,電燈炮II,['康康'],224893,2001,False,,0.9540000000000001,0.55,0.0314,0.722,102.009
33gmGBi7mp57JtirPaNWBL,遊戲,['康康'],242040,2001,False,,0.39399999999999996,0.494,0.0954,0.327,116.978
12P6wFrwBIRLxReCYBeGEu,刀鋒邊緣,['康康'],255200,2001,False,,0.324,0.38,0.44799999999999995,0.0849,132.124
0OueBXhH7sk1sFykbw8gB8,愛上七分之一的妳,['康康'],211413,2001,False,,0.727,0.591,0.00963,0.825,100.03399999999999
4MNj2xVxblnOzqJUbbvRok,救情歌,['康康'],309933,2001,False,,0.297,0.28,0.609,0.126,179.71400000000003
6l2YiItUzJA625STndBVvA,北斗星,['Landy Wen'],287133,2001,False,,0.647,0.563,0.46299999999999997,0.604,124.029
7If21Jqq78pbrN3b8JsuRa,動心,['Landy Wen'],289467,2001,False,,0.408,0.47600000000000003,0.6679999999999999,0.29,203.921
6tpwLDnY6hSWAeKrWg1hmP,跟著我,['Landy Wen'],228933,2001,False,,0.607,0.884,0.0547,0.763,159.985
7koxymkskH1I9xQKwe1t1J,眼淚知道,['Landy Wen'],266733,2001,False,,0.695,0.37,0.249,0.285,124.024
5LCqIWHziEO73xyJ9T47ED,仰望天空,['Landy Wen'],233933,2001,False,,0.765,0.675,0.0135,0.812,118.00399999999999
5NU5S1UpFBYokuD5uYMdj2,蒲公英,['Landy Wen'],222200,2001,False,,0.657,0.452,0.5820000000000001,0.535,159.933
5XYOZC27EeZ0wLEuPWIfDN,愛太急,['Landy Wen'],294933,2001,False,,0.7120000000000001,0.629,0.2,0.6459999999999999,89.448
2edBRoaI2F2ST6WK0jdLUX,屋頂,"['Landy Wen', 'Jay Chou']",319440,2001,False,,0.272,0.35200000000000004,0.519,0.139,175.48
2zwCyWL0XW6QeOGw7vrfDQ,乾杯,['康康'],220125,2005,False,,0.7859999999999999,0.9109999999999999,0.0766,0.687,96.955
1LWHNqwT2ykZb0T83ubNaA,我的家庭,['康康'],224444,2005,False,,0.758,0.812,0.10800000000000001,0.731,99.992
6exMgmvwMCnR4VVxJqqjV8,你不愛我,['康康'],309801,2005,False,,0.474,0.36,0.659,0.157,73.94
277ihWyVPW8KQlpNtxsKnC,誠實的傷害,['康康'],277153,2005,False,,0.593,0.521,0.581,0.2,118.035
2mloS9pE9ZP5S5HwVhvynx,管妳媽媽嫁給誰,['康康'],310962,2005,False,,0.669,0.988,0.0745,0.575,148.032
7MVyx704zha0J4Tb5GrlIU,孬種,['康康'],247153,2005,False,,0.39899999999999997,0.377,0.47100000000000003,0.0624,82.1
3LioGaKniPF3lMys20YIyQ,美麗人生,['康康'],303560,2005,False,,0.544,0.579,0.0998,0.275,124.889
435oNVpdN9FbRcpmJsbKJT,我要變靚仔,['康康'],240419,2005,False,,0.713,0.858,0.107,0.91,124.00200000000001
2BBzWjOY1u4ItqODz0kA6A,你不是一個人,['康康'],294080,2005,False,,0.573,0.44,0.816,0.225,107.49799999999999
4muMbz98zrEnYBgYW0HkGg,逗陣,['康康'],293907,2005,False,,0.6809999999999999,0.526,0.364,0.457,107.94
7glRbGp4Z6tCwdRK4WRkvI,Kimini Hanashiteokitaikoto,['けやき坂46'],297400,2019,False,,0.544,0.853,0.298,0.721,99.916
5AoTJrmdVgoZ4OYo4g5lPz,Dakishimeteyaru,['けやき坂46'],246693,2019,False,,0.542,0.95,0.154,0.41700000000000004,109.005
0j2ugdIy1YfJBWQmImgMwi,道シルベ,['ASCA'],223240,2019,False,,0.509,0.892,0.0117,0.605,87.50299999999999
3ePq9FQf65q9Rq0jftPp2L,伽藍如何前零番地,['Hitorie'],224480,2019,False,,0.598,0.83,0.109,0.919,95.984
2dBdwam9jRDM9TdxBzK9yB,殺風景,['Hitorie'],102267,2019,False,,0.27,0.922,0.00063,0.28600000000000003,181.88299999999998
2dO10tYNGoxskWCRNdlvME,青,['Hitorie'],331773,2019,False,,0.34700000000000003,0.8859999999999999,0.128,0.42200000000000004,169.99599999999995
7hrSM6uaW6PSarOU2NNYyd,Le Velours et la Soie (绒 和 丝),['Jessica Fichot'],262067,2007,False,,0.633,0.371,0.715,0.486,101.964
587ZCayynkRk3kddfeCQ6H,心,['KOBUKURO'],285284,2017,False,,0.445,0.384,0.8909999999999999,0.49,157.13299999999995
7qiJxNfqZoyfPSEXvkIYCK,心 - instrumental,['KOBUKURO'],285284,2017,False,,0.434,0.345,0.815,0.11800000000000001,78.49600000000002
5Bz4mksjyNQG5jagAYLlkm,裸足でSummer,['Nogizaka46'],277933,2017,False,,0.53,0.977,0.141,0.52,139.952
2OXNNh7QBzZMCik1daQwX8,サヨナラの意味,['Nogizaka46'],299040,2017,False,,0.51,0.757,0.252,0.561,126.995
4vpUzYJjuIL2zp5g68uEeG,風船は生きている,['Nogizaka46'],273307,2017,False,,0.647,0.8059999999999999,0.265,0.494,120.052
59iEL8vblNxICMjCniw6Tv,三番目の風,['Nogizaka46'],307640,2017,False,,0.604,0.94,0.0025800000000000003,0.735,130.982
0mTV2cc1RCBU7VoxLMPP6y,君が扇いでくれた,['Nogizaka46'],244400,2017,False,,0.562,0.7859999999999999,0.00958,0.675,105.99600000000001
74szgyeoniq8TJJEqrz4Vw,思い出ファースト,['Nogizaka46'],252293,2017,False,,0.466,0.882,0.006520000000000001,0.703,158.986
6UyamOkAnKaEaE18PnQtff,設定温度,['Nogizaka46'],266733,2017,False,,0.47600000000000003,0.8029999999999999,0.0614,0.33799999999999997,136.944
3YEF6jc0vjQyJ7keQ7KZoz,孤独な青空,['Nogizaka46'],221360,2017,False,,0.426,0.919,0.11599999999999999,0.696,155.07399999999996
63XaclMWl3Jyx0Di5AzvGi,僕だけの光,['Nogizaka46'],232240,2017,False,,0.652,0.87,0.405,0.8079999999999999,123.978
4XN1aqNjvCJCI3qkbcQcRy,人生を考えたくなる,['Nogizaka46'],269547,2017,False,,0.608,0.307,0.9590000000000001,0.32899999999999996,74.986
4j7X5wldV5M9CQbcfAdBnr,意外BREAK,['Nogizaka46'],254267,2017,False,,0.545,0.88,0.221,0.61,116.88799999999999
4CWNQ2YTGuLwr658O2BfFg,Rewindあの日,['Nogizaka46'],267533,2017,False,,0.72,0.769,0.215,0.805,107.99700000000001
5sryLiD5qwnVVSLbMiE1P9,醜い私,['Nogizaka46'],256480,2017,False,,0.5660000000000001,0.856,0.0728,0.897,125.98200000000001
0J08KmdoBNJrpqEexpWIMh,君に贈る花がない,['Nogizaka46'],274440,2017,False,,0.612,0.9840000000000001,0.214,0.578,125.96
4jJLWWXZ5fOJ0qnxsi19Bn,白米様,['Nogizaka46'],245547,2017,False,,0.556,0.899,0.237,0.765,156.968
68ftJdZPasTQ38i0fBePo9,硬い殻のように抱きしめたい,['Nogizaka46'],259973,2017,False,,0.507,0.49,0.457,0.473,139.845
3JciKeAzvzyi6qazwIu0by,満月が消えた,['Nogizaka46'],211013,2017,False,,0.633,0.912,0.0188,0.877,127.96
5d6KjAAIIisOB1D72dYp22,あの教室,['Nogizaka46'],204587,2017,False,,0.46399999999999997,0.8759999999999999,0.0346,0.449,149.93200000000004
2QL0KlLz6WH7oPacpghJVH,流星ディスコティック,['Nogizaka46'],309493,2017,False,,0.713,0.8,0.0733,0.9,114.005
0m9q3Zz0FlXi6ZBF9jlFPE,忘却と美学,['Nogizaka46'],270520,2017,False,,0.535,0.8590000000000001,0.272,0.5670000000000001,129.97799999999998
2hS2EBOkEbobjLhAcQ0KOo,2度目のキスから,['Nogizaka46'],239787,2017,False,,0.531,0.935,0.0826,0.813,144.928
5asxxht14rpS60X2o2oQpp,命の真実 ミュージカル「林檎売りとカメムシ」,['Nogizaka46'],314267,2017,False,,0.38299999999999995,0.7040000000000001,0.8440000000000001,0.294,104.773
1wqWw8RhykRg2IjQ4FuKNW,行くあてのない僕たち,['Nogizaka46'],295720,2017,False,,0.599,0.975,0.377,0.703,118.053
3LkENeCjSG3uDcSekQM6tM,当たり障りのない話,['Nogizaka46'],268707,2017,False,,0.545,0.879,0.424,0.72,150.033
2OqO8PDTOeUKq3ZpPGftrV,日場夜場,['Karen Mok'],250200,2007,False,,0.759,0.925,0.006659999999999999,0.904,107.98
4BXbtU2eFY3oz7e3OALQx9,請把手機關掉,['Karen Mok'],249893,2007,False,,0.66,0.6679999999999999,0.0154,0.94,95.009
72Q6knTwRpc8dtT63VLRyw,頭號粉絲,['Karen Mok'],277960,2007,False,,0.613,0.73,0.308,0.762,167.86
7MkIeiEYcRB9e9tIX8vvol,其實我一直都想對你說,['Karen Mok'],267333,2007,False,,0.72,0.382,0.8190000000000001,0.10400000000000001,124.022
723Uir4jEqFUu4JCSB0iZp,隱隱,['Karen Mok'],261867,2007,False,,0.705,0.789,0.0292,0.8,142.007
5wbd73mAC0eh0sBSfTvsdU,台,['Karen Mok'],248973,2007,False,,0.665,0.8909999999999999,0.0157,0.941,98.02600000000001
0OdKiG23SgnUTTYOxXfQJh,L!VE 拉活,['Karen Mok'],217280,2007,False,,0.508,0.633,0.0955,0.53,167.93599999999995
7gkCWnDNr8SaocUnBXtPAs,散,['Karen Mok'],284773,2007,False,,0.488,0.17800000000000002,0.895,0.147,77.715
1mK8mFtbE1oheaQxsnCeK5,安可,['Karen Mok'],257387,2007,False,,0.606,0.389,0.7120000000000001,0.159,159.88299999999995
2zMzmReY4rwqUcTLsWJ6Um,明日のおはよう,['Melancholiaah!'],190414,2019,False,,0.58,0.902,0.00948,0.114,141.19799999999995
5FnHSWrDxsWKE9Qoxy7VK4,世界の終わりで会いましょう,['Melancholiaah!'],291200,2019,False,,0.596,0.993,0.00566,0.6579999999999999,145.033
0kxTeL5ITuTM34zZyf8G0r,托斯卡尼我想起你,['CinCin Lee'],276587,2007,False,,0.122,0.32,0.885,0.0869,90.58
4XyF0xahvYa0vxL0K0HkkZ,愛笑的房子,['CinCin Lee'],304000,2007,False,,0.674,0.42100000000000004,0.122,0.331,118.022
4pO9Yr5qnnZTse47J24Nuc,焦糖圓舞曲,['CinCin Lee'],203453,2007,False,,0.247,0.349,0.752,0.16899999999999998,121.37700000000001
4T2SUcPOFtnAie6R3Cg9DV,爵士哈力克,['CinCin Lee'],245120,2007,False,,0.45299999999999996,0.27899999999999997,0.139,0.209,69.604
6c3NvmkzbbD5zJsFnyznBh,天使的凝望,['CinCin Lee'],228573,2007,False,,0.214,0.23399999999999999,0.9359999999999999,0.17800000000000002,101.93
4wwIzEdoOYADwIKUMwyNEN,玻璃湖森林,['CinCin Lee'],180933,2007,False,,0.33899999999999997,0.131,0.894,0.207,122.12
2ZVQyZ2VdWnX8qCbvRO4z1,五個迷路的小村,['CinCin Lee'],252653,2007,False,,0.276,0.175,0.966,0.16,112.512
6XsT9O8evyqQe9BptRiic0,流過城市一條溫柔的河,['CinCin Lee'],281547,2007,False,,0.364,0.19699999999999998,0.986,0.11699999999999999,84.008
3ZUoq8VFNdlZ6tAcSWv1vE,移動的城堡,['CinCin Lee'],248520,2007,False,,0.258,0.147,0.917,0.132,175.482
3Spuuv6e1WrJpO3PhkoTnN,里程數未滿,['CinCin Lee'],305507,2007,False,,0.607,0.48200000000000004,0.4920000000000001,0.47200000000000003,125.991
6beilLnksSwIWk2QE2Bksp,いつかの手紙,['LiSA'],340467,2012,False,,0.38799999999999996,0.867,0.111,0.314,162.013
2tN7v3ZUABNdoE5AEmhdiT,LOSER 〜希望と未来に無縁のカタルシス〜,['LiSA'],213653,2017,False,,0.447,0.993,0.0025,0.322,109.977
4LbD0xhFmw22kqlGUQkG65,狼とミサンガ,['LiSA'],264920,2017,False,,0.595,0.6679999999999999,0.29600000000000004,0.6890000000000001,136.012
6R974CaNcNyv8PGxcax1jv,そしてパレードは続く,['LiSA'],306987,2017,False,,0.7290000000000001,0.898,0.19899999999999998,0.946,97.546
2OPHTLP03ohwGhaJXG9Axs,Endless Praise 不停讚美,['Amy Sand'],206213,2010,False,,0.502,0.722,0.0889,0.7809999999999999,143.93
6trnyf7Fhq99s6xV1nmuI4,Fly 飛,['Amy Sand'],194027,2010,False,,0.631,0.622,0.289,0.85,180.072
4UO4TR9LMBkOvJuRQZrpuw,Crossroads 十字路口,['Amy Sand'],362267,2010,False,,0.365,0.461,0.8320000000000001,0.254,136.05
7m2wLlCDSVL3JPB5G5hh6k,Winds & Waves 笑看風浪,['Amy Sand'],267413,2010,False,,0.638,0.605,0.742,0.713,126.006
7pyQYtCPQBS5zcM7PAFvmC,I Look Up At the Sky 我用信心抬起頭,['Amy Sand'],271080,2010,False,,0.37,0.303,0.9259999999999999,0.3,130.437
25XxeKPcjIeBTFMxlHG1U2,Live Well 好好的過,['Amy Sand'],308173,2010,False,,0.58,0.429,0.62,0.22,130.011
3Et0QSUOnqIFRcHQyc5F9B,Good News 好消息,['Amy Sand'],241760,2010,False,,0.517,0.5429999999999999,0.602,0.373,99.03
0QDHRcY7c0YSfMBQyK8YQA,I Don't Mind 我不在乎,['Amy Sand'],239360,2010,False,,0.555,0.33899999999999997,0.5760000000000001,0.366,80.006
0E062d8EXc6T9EEX2RW8fS,Promise 承諾,['Amy Sand'],252040,2010,False,,0.562,0.629,0.23199999999999998,0.655,117.971
4H7OLCj88K9iaGfMq5kUmP,Emptiness 心靈的空處,['Amy Sand'],270347,2010,False,,0.541,0.408,0.7390000000000001,0.386,151.954
1n98Rte1xO4e1s6lQtHcOm,Are You Willing 你是否願意,['Amy Sand'],211280,2010,False,,0.512,0.59,0.754,0.419,118.749
2f5pQUAcTJCfEl5w5eonC9,Jesus I Run to You 耶穌 我投靠祢,['Amy Sand'],359867,2010,False,,0.287,0.35,0.856,0.152,146.325
6W3iQwOZg0fK6eOKcbwLLw,誰か,['THE CHARM PARK'],282653,2016,False,,0.43,0.5720000000000001,0.0657,0.337,81.753
2NhQMM4XI2okunZrxmMDZU,寒山僧蹤,"['Gong Yi', '王森地', '羅守誠']",382267,1980,False,,0.381,0.0532,0.993,0.33799999999999997,118.15899999999999
2cOUR5VHRfIi3xU5vxE6jw,大雄寶殿,"['Gong Yi', '王森地', '羅守誠']",307160,1980,False,,0.384,0.0208,0.9940000000000001,0.226,65.219
7MFSNGSxQTEeqdTaLWNMTr,九華蒼松,"['Gong Yi', '王森地', '羅守誠']",469840,1980,False,,0.321,0.0289,0.995,0.34600000000000003,108.354
5Xp7wbQ78acT6ZBA7iSFzj,寶鼎讚,"['Gong Yi', '王森地', '羅守誠']",424200,1980,False,,0.332,0.0637,0.995,0.413,62.96
0BxMrEBY1kOL4eK2u0Ygtd,峨嵋佛光,"['Gong Yi', '王森地', '羅守誠']",379533,1980,False,,0.34,0.0516,0.995,0.29100000000000004,112.287
01QZpo0P0Oy2ZHFDWvEMZx,赤壁懷古,"['Gong Yi', '王森地', '羅守誠']",618093,1980,False,,0.32899999999999996,0.0516,0.993,0.316,148.983
4YZBAOBRTgAAvntBfRe7M6,梵海雲僧,"['Gong Yi', '王森地', '羅守誠']",468320,1980,False,,0.29100000000000004,0.0437,0.9940000000000001,0.405,63.927
0tsvHJFLeMrfzazkVjmrD5,愛不需要裝乖 (feat. 王詩安),"['R-chord', 'Diana Wang']",232242,2015,False,,0.526,0.794,0.00818,0.546,159.933
7qIOnAjJGuQmoHOXcLDKza,Maboroshi No Yukue (幻の行方),['go green'],285749,2010,False,,0.324,0.6829999999999999,0.11800000000000001,0.573,174.158
135BxPcVClluFb76ON0Znv,秘密のメリーゴーランド,"['Mikazuki BIGWAVE', 'somunia']",206571,2019,False,,0.6859999999999999,0.746,0.0137,0.7759999999999999,139.96200000000002
3useY31fiJtFcKmeC7sOEw,オストリッチ厭離穢土,"['Kami-sama, I have noticed']",195069,2017,False,,0.5329999999999999,0.988,0.0164,0.597,96.53
4ypa0o9O8nBXkPkjRaT7nU,週刊アンソロポロジー,"['Kami-sama, I have noticed']",195378,2017,False,,0.632,0.89,0.0164,0.7979999999999999,104.035
2seIG7fpfJOVTbGYrqXSZa,だから僕は不幸に縋っていました - Game Size,"['Kami-sama, I have noticed']",90734,2017,False,,0.39,0.976,0.109,0.7020000000000001,183.886
1VnnhRGpF5uVNX5jv66IX0,脈打つ生命,['ASIAN KUNG-FU GENERATION'],209467,2008,False,,0.35100000000000003,0.9590000000000001,1.74e-05,0.556,201.11599999999999
6bEPfNKGUbztxauDCZbTA2,深呼吸,['ASIAN KUNG-FU GENERATION'],234867,2008,False,,0.506,0.922,0.000221,0.579,125.323
3c1karKODGQuDpOCNTicxP,融雪,['ASIAN KUNG-FU GENERATION'],207800,2008,False,,0.34299999999999997,0.9129999999999999,1.24e-05,0.6709999999999999,175.465
3z5OkYvcCf7cpIa4lNRdZz,未だ見ぬ明日に,['ASIAN KUNG-FU GENERATION'],241200,2008,False,,0.462,0.9590000000000001,0.000123,0.5760000000000001,156.994
3mtw9kV3MNizwFtNyvsAnI,漂向北方,"['Namewee', 'G.E.M.']",265326,2018,False,,0.39799999999999996,0.8220000000000001,0.0837,0.203,174.14
5WcmbQVzhr60V5oqsuMJx5,寂靜的天空,['HAYA樂團'],361707,2009,False,,0.581,0.14300000000000002,0.87,0.16899999999999998,112.031
3LRuIzhjTjBRHJL0z2rZV9,雪山,['HAYA樂團'],270160,2009,False,,0.262,0.3,0.708,0.139,93.86399999999999
1LCSfp70iAFHRK0PI7THpX,Ongmanibamai,['HAYA樂團'],345400,2009,False,,0.243,0.179,0.644,0.0422,99.755
6I64BJ1s2lA0aicyl4KQz9,青海湖,['HAYA樂團'],281107,2009,False,,0.493,0.371,0.501,0.0796,140.063
75zdJRaP4qD9VFLR972hEG,往日時光,['HAYA樂團'],261773,2009,False,,0.521,0.126,0.919,0.377,79.96300000000002
2Rx5FmsHnc4DafoLt7kKuj,黑暗中的舞者,['HAYA樂團'],396000,2009,False,,0.6940000000000001,0.122,0.902,0.26899999999999996,100.0
3afRqoirqkhBb6lkat6rEC,懷念,['HAYA樂團'],334227,2009,False,,0.419,0.09300000000000001,0.87,0.0528,109.84299999999999
1ne6cAib1l95VduYGjIROT,金色的鐲子,['HAYA樂團'],325613,2009,False,,0.29100000000000004,0.15,0.987,0.20199999999999999,80.104
1wyyutPg3d0xyPaR8BHPcV,重生,['HAYA樂團'],255947,2009,False,,0.6829999999999999,0.14300000000000002,0.792,0.39,120.256
08cewOytQDYcS5nbO9gVbn,谁说不可能 (feat. 黄明志),"['朱浩仁', '黄明志']",252250,2019,False,,0.6970000000000001,0.688,0.6659999999999999,0.71,127.685
7AqseivUZs2ffLhO4UcZhH,野蠻遊戲 - Remix Version,"['Jolin Tsai', 'DJ Johnny']",279680,2006,False,,0.8240000000000001,0.862,0.21100000000000002,0.6990000000000001,138.97299999999998
1lYcG5w9ZeFAMTPc4GMzVS,許願池的希臘少女 - 混音版,"['Jolin Tsai', '奧斯卡']",245680,2006,False,,0.652,0.895,0.00787,0.82,127.99700000000001
3sALSbD2Eu9SfiS7Nly58d,睜一隻眼閉一隻眼 - Remix Version,"['Jolin Tsai', 'DJ Johnny']",231920,2006,False,,0.722,0.782,0.00512,0.91,126.008
25WKf56DNKbEnvOj28iwzV,樂園 - 混音版,"['Jolin Tsai', '陳陸泰']",199960,2006,False,,0.752,0.778,0.0243,0.902,129.999
2dcQtkDCRjPMvlF64ADPe1,Prove It (OT:Prove It) - Remix Version,"['Jolin Tsai', '奧斯卡']",246080,2006,False,,0.6809999999999999,0.955,0.0325,0.8809999999999999,129.986
4z1tJyEoGl21AijKapUppw,看我72變+愛情36計+招牌動作 - Remix Version,"['Jolin Tsai', 'G-Wave']",453213,2006,False,,0.6579999999999999,0.799,0.0524,0.8059999999999999,132.93
6mACgQYViBGwMUifrn8lpV,始作俑者+反覆記號 - 混音版,"['Jolin Tsai', '陳陸泰']",343973,2006,False,,0.379,0.349,0.6659999999999999,0.223,120.95
4FdlinbLjrC8re6brd6ZPQ,馬甲上的繩索+做一天的你+好想你 - 混音版,"['Jolin Tsai', '蔡科俊(Again)']",389747,2006,False,,0.51,0.23199999999999998,0.9009999999999999,0.212,114.755
0grv6NxUpA3AOoE8AVQDJH,說愛你+就是愛+布拉格廣場 - 混音版,"['Jolin Tsai', 'G-Wave']",413333,2006,False,,0.6829999999999999,0.7020000000000001,0.0478,0.539,101.999
3YhqtLir558enqFOHMG79I,我依然是你的情人+剪愛 - 混音版,"['Jolin Tsai', '陳陸泰']",262427,2006,False,,0.466,0.445,0.342,0.255,132.755
2N63TcDcYRIDo63IbDTxHf,天空+倒帶 - 混音版,"['Jolin Tsai', '陳陸泰']",319400,2006,False,,0.488,0.235,0.927,0.18600000000000005,130.164
14a87IPQvVteQBwYbMkHC9,假面的告白+檸檬草的味道 - Remix Version,"['Jolin Tsai', 'G-Wave']",358027,2006,False,,0.413,0.21,0.925,0.10300000000000001,139.869
4OuTpwwAE45MFrovBr3Q8I,OH OH (OT:There Goes My Heart Again) - Remix Version,"['Jolin Tsai', '呂紹淳']",203867,2006,False,,0.7879999999999999,0.8240000000000001,0.0122,0.833,120.014
3K4EvGTJHmJzy0g53r9QFw,追殺邱比特 - 混音版,"['Jolin Tsai', '奧斯卡']",273787,2006,False,,0.4970000000000001,0.9179999999999999,0.000148,0.619,168.00599999999997
5OrVfwHZ8jYCB52FB349wd,衣服占心術 - 混音版,"['Jolin Tsai', 'G-Wave']",326880,2006,False,,0.792,0.675,0.00481,0.366,124.969
0PfvHXtc3rbFNEDFNGGxje,愛的天使,"['Jolin Tsai', '安志杰']",241893,2006,False,,0.46299999999999997,0.317,0.8170000000000001,0.228,78.005
5Cixr2NIkyMNEP6w275UOg,我很怕黑,['Jolin Tsai'],280427,2006,False,,0.39899999999999997,0.368,0.924,0.21100000000000002,68.896
5ixKUdF4tQpoIyCugI2ANM,你為何,['Jolin Tsai'],213787,2006,False,,0.23,0.19899999999999998,0.583,0.193,179.234
0vEJV8f70GFjTaQRGUTsFH,Jolin勁舞混音曲 - Remix Version,"['Jolin Tsai', '呂紹淳', '奧斯卡', 'DJ Johnny']",396973,2006,False,,0.506,0.7979999999999999,0.0211,0.87,126.50299999999999
6xeaNzimbbVI4JRMcXbT0N,因為有愛,['王雪娥(比莉)'],273867,2002,False,,0.642,0.5579999999999999,0.285,0.413,128.015
0ypjhIf4vTKfencw814XZa,滑步向左,['王雪娥(比莉)'],228267,2002,False,,0.782,0.672,0.11,0.946,112.08
5eL7FoVi1pNNiqmoC4BwFQ,憂鬱通行,['王雪娥(比莉)'],247093,2002,False,,0.743,0.852,0.10300000000000001,0.893,105.035
1iRIAR2a8QCsKY5a3YyYK4,誰是白痴,['王雪娥(比莉)'],227440,2002,False,,0.8079999999999999,0.843,0.0818,0.727,102.01
0u7Lm5uMXm9p2f5l1iIdFv,風騷,['王雪娥(比莉)'],230533,2002,False,,0.649,0.795,0.0109,0.956,204.03099999999998
34ppwBmb7IFUROW1vZkzkx,慾望天使,['王雪娥(比莉)'],275960,2002,False,,0.642,0.73,0.0331,0.59,125.053
5jn8jQTaZbp8Lp6Q5AK5aG,別再說,['王雪娥(比莉)'],266933,2002,False,,0.67,0.604,0.155,0.397,130.009
0l8puN98ZrFBngRvM5pOE3,隱藏,['王雪娥(比莉)'],275840,2002,False,,0.449,0.655,0.452,0.196,119.45100000000001
05yQ6gXk93hJepmCJwGQCb,你讓我熱,['王雪娥(比莉)'],245667,2002,False,,0.611,0.912,0.0107,0.885,99.98299999999999
2Gm8lPzvhBFmx9Q4Ll3Iau,De Amour,['王雪娥(比莉)'],304093,2002,False,,0.755,0.445,0.226,0.386,115.964
2cAzx3UcwjUj1sPOTy2RC7,36世紀 - 36 ??,['Jordan Chan'],195533,2004,False,,0.674,0.927,0.00244,0.615,115.00299999999999
3QT0XpjBukg68vMXLVwtLo,誰是最愛,['Jordan Chan'],171693,2004,False,,0.8370000000000001,0.705,0.0161,0.8440000000000001,125.029
4RttXVE9PNwPgbGdVk6d8V,給我一個機會,['Jordan Chan'],284227,2004,False,,0.451,0.92,0.0029100000000000003,0.402,163.94
7CbnCRoGTJzTH2Fzkn5FgI,今生今世,['Jordan Chan'],265440,2004,False,,0.7190000000000001,0.6409999999999999,0.158,0.434,132.066
3wUaqYbyJWujAX6wRr68WQ,有種,['Jordan Chan'],232707,2004,False,,0.6579999999999999,0.765,0.00688,0.455,95.999
4dCEXkT2CgLKdfcmwsqBuW,離不開妳,['Jordan Chan'],282093,2004,False,,0.718,0.604,0.10800000000000001,0.251,109.98100000000001
6lFH1CfLtGhjzXG3kAE32u,痛哭,['Jordan Chan'],233160,2004,False,,0.5479999999999999,0.446,0.5379999999999999,0.295,133.58
1hL48G4uP25Xb2IU6BvOjL,雙黃線,['Jordan Chan'],240440,2004,False,,0.608,0.765,0.0127,0.387,146.00799999999995
4eNaOCHlcvZHz4sYn82Smi,一對,['Jordan Chan'],262973,2004,False,,0.57,0.22899999999999998,0.76,0.11699999999999999,139.88299999999998
0nbFXMaXBBVpLjxB6IV95j,阿諾,['Jordan Chan'],206200,2004,False,,0.758,0.774,0.00982,0.594,115.00299999999999
1G9KctNOyAM8wMkCFhR3EZ,寶貝(In The Night),['Deserts Chang'],161173,2006,False,,0.755,0.27399999999999997,0.848,0.535,110.064
0HcMLDI6V4Ad6oX9y1YG9P,迷惑,['Deserts Chang'],224147,2006,False,,0.527,0.48,0.564,0.579,84.022
4wMpK8OIxs6o4sbXxmMEqA,Live 酒館300 秒,['Deserts Chang'],252747,2006,False,,0.607,0.693,0.41600000000000004,0.8440000000000001,138.061
5HB7YNphVVj7SFqErOaZYM,信任的樣子,['Deserts Chang'],261493,2006,False,,0.7140000000000001,0.129,0.7709999999999999,0.196,125.022
3TOcJq5WG4CYZUL39pmJtE,無狀態,['Deserts Chang'],266760,2006,False,,0.706,0.307,0.804,0.20600000000000002,119.98700000000001
4fVDiH2VJR44CZ01mpr5Gu,寶貝 (In a Day),['Deserts Chang'],145440,2006,False,,0.8270000000000001,0.16,0.887,0.38799999999999996,119.891
7aZzbQ88QPLDNFP4Wzw2D1,"贼喊捉贼 (A Thief Crying ""Stop Thief"")",['左小祖咒'],93133,2013,True,,0.8809999999999999,0.051,0.961,0.364,99.90700000000001
6Mb7BVmCo8DJ43ahqeHnsn,小小事件 (Small Events),['左小祖咒'],301373,2013,True,,0.48100000000000004,0.474,0.242,0.293,78.017
0EZBEKGVf5gnpeFMHHWNIn,明天多云 (Cloudy Tomorrow),['左小祖咒'],260253,2013,True,,0.498,0.958,0.0424,0.21100000000000002,105.986
6YNykRSr8KQh4MJNLyHgFc,桃树的故事 (Peach Tree's Story),['左小祖咒'],272680,2013,True,,0.665,0.369,0.446,0.376,111.973
6KIKBgm24U4MOupWdpln5C,交作业(Turn In Homework),['左小祖咒'],138373,2013,True,,0.667,0.8290000000000001,0.14400000000000002,0.728,170.0
7N3816lE4Kp9RgmLl5TEUn,奶奶个腿 (Grandma's Legs),['左小祖咒'],221293,2013,True,,0.741,0.845,0.0582,0.535,95.053
3uh8N5TMWsGSfqME92Ms98,你的眼睛 (Your Eyes),['左小祖咒'],213333,2013,True,,0.537,0.28,0.863,0.316,75.003
6mgVTpy5CUkMj9G5SHxzXI,他们的儿歌 (Children's Songs of Them),['左小祖咒'],282293,2013,True,,0.523,0.511,0.6679999999999999,0.281,130.061
706PuyECktXWtNWngh6UZM,大西瓜 (Giant Watermelon),['左小祖咒'],189853,2013,True,,0.59,0.747,0.0106,0.45799999999999996,139.945
4wGCvpt6MacFMb20QP1DV9,"黑猫白猫 (Black Cat, White Cat)",['左小祖咒'],149867,2013,True,,0.544,0.7,0.0426,0.6940000000000001,131.954
7Juvv36aVhEa7aHzhnLVkE,(新年快乐) Happy New Year,['左小祖咒'],244320,2013,True,,0.614,0.424,0.7909999999999999,0.44299999999999995,100.086
4JGA5iNYPwXUYNsGeJIv3p,Shanghai (上海如一朵花),['Jessica Fichot'],212307,2012,False,,0.626,0.392,0.4270000000000001,0.71,117.094
0flvVrgSb5RUmVHNBdc4zv,Bang Bang (你怎能瞞過我),['Jessica Fichot'],144573,2012,False,,0.532,0.7290000000000001,0.258,0.8490000000000001,163.71200000000005
0dpSjaHOIMeSsE3HQJtGNB,難得糊塗 - 電視劇: 贏單傳奇 主題曲,['Anita Mui'],172627,2014,False,,0.5529999999999999,0.447,0.619,0.353,96.057
2OfRW5HoHYcsysjAJR1Wpu,我不再否認 - 電視劇: 大茶園 主題曲,['Jenny Tseng'],211213,2014,False,,0.441,0.32,0.787,0.201,79.844
5ajkwElgSqFQQwxQAzsrAG,那可問旁人 - 電視劇: 狂龍 主題曲,['Andy Hui'],174733,2014,False,,0.6809999999999999,0.518,0.0809,0.732,129.251
6q4v7tf3Lu8sgmuqAf16uR,願妳知我心 - 電視劇: 絕代雙驕 主題曲,['Tony Leung'],191173,2014,False,,0.644,0.519,0.198,0.637,132.392
5lP35KpbvamVGo5XrpAW0C,花開兩爭艷 - 電視劇: 贏單傳奇 插曲,"['Dicky Cheung', '江欣燕']",220667,2014,False,,0.25,0.272,0.47100000000000003,0.0955,177.222
6XDQkkkK9E6Dj7CKDrBMq1,情絲牽我心 - 電視劇: 絕代雙驕 插曲,['Tony Leung'],233027,2014,False,,0.478,0.325,0.715,0.336,169.74200000000005
6B1mbD9IMfVz6xwZg3oI3M,永不遺憾 - 電視劇: 太平天國 主題曲,['Roman Tam'],246387,2014,False,,0.469,0.337,0.664,0.27699999999999997,79.822
4neKTZRCMeaxXucRh33y3X,菊花淚 - 電視劇: 連城訣 主題曲,"['David Lui', 'Sammi Cheng']",224560,2014,False,,0.498,0.257,0.597,0.157,79.839
2gvzFSUyQufrabQIvvnKPE,奇門鬼谷 - 電視劇: 奇門鬼谷 主題曲,['劉錫明'],122733,2014,False,,0.64,0.589,0.58,0.28,124.61399999999999
3AgEfzX41w5HeBZNleC1AR,珍惜這一刻 - 電視劇: 連城訣 插曲,"['David Lui', 'Sammi Cheng']",163400,2014,False,,0.569,0.40299999999999997,0.515,0.34700000000000003,96.928
4CcOhfms5s5d7fKGvBFUfk,愛的竟是我 - 電視劇: 狂龍 插曲,['文佩玲'],244947,2014,False,,0.574,0.158,0.8240000000000001,0.29600000000000004,87.646
4Y76pKN36ataUTYTgF2gKL,無言亦可相傾訴 - 電視劇: 奇門鬼谷 插曲,"['劉錫明', '方曉虹']",199840,2014,False,,0.501,0.235,0.845,0.177,85.74700000000001
2fIv4nLyC4Dr4WOegKsVit,宇宙ステーションのレベル7,['Miracle Musical'],203346,2012,False,,0.537,0.685,0.154,0.408,106.991
7hBlNI5Xm6MY3rN6HHvsFk,左右,['阿席'],332173,2014,False,,0.48200000000000004,0.4920000000000001,0.0034,0.253,149.875
0BwDdHndi6OwxwLMpsnmlZ,遇見,['阿席'],338991,2014,False,,0.485,0.64,0.0177,0.29,120.046
2vY3W1Rmphp1WjmLxjLBau,玻璃紙,['阿席'],256679,2014,False,,0.462,0.5329999999999999,0.057999999999999996,0.248,87.15899999999998
5sXOr6QImqU7n2oClAIXpI,相對論,['阿席'],294635,2014,False,,0.547,0.611,0.0794,0.252,85.26899999999998
7t4HsEksjtbXCH79O6ecVK,默默,['阿席'],390400,2014,False,,0.48200000000000004,0.433,0.008440000000000001,0.266,73.975
6V2VzNsdZn7rso0zyEoa4t,不知不覺,['阿席'],238472,2014,False,,0.484,0.504,0.18,0.142,140.18
31j96lvGAZZ3XbpYNKOulY,妳,['阿席'],289123,2014,False,,0.55,0.621,0.0026899999999999997,0.292,89.82
3tXKg0CXeEDWWDxMg52RLl,彼岸,['阿席'],269636,2014,False,,0.564,0.67,0.201,0.369,84.02799999999998
3GAuXNV64NFVRyCR2bxsCQ,未知之數,['阿席'],202109,2014,False,,0.489,0.767,0.004529999999999999,0.6559999999999999,156.98
5ugrhVszTjOqYBs3dzLM1q,安歌,['阿席'],273058,2014,False,,0.522,0.591,0.0239,0.586,145.47
0pp7JXEnAM11vcunmY5maT,早知道•愛,['盧學叡'],285387,2007,False,,0.585,0.461,0.424,0.166,123.001
0e4ylSrSX9rQwxBKOJPuXz,愛我的兩個人,['盧學叡'],192000,2007,False,,0.637,0.66,0.493,0.39899999999999997,81.984
5rftcAJt7DB33DVYCKZDX2,離心力,['盧學叡'],268133,2007,False,,0.507,0.4320000000000001,0.415,0.0831,89.98
5sBeUXf1roOYBIQZ8UpwaJ,Don't Say No,['盧學叡'],234693,2007,False,,0.6829999999999999,0.539,0.446,0.647,139.96200000000002
0BcX8JHPXEjXVh1W23wRfc,愛很簡單,['盧學叡'],266400,2007,False,,0.535,0.455,0.4920000000000001,0.265,137.761
4jc6AGTT1gqhnurj7LzrRR,氧氣,['盧學叡'],263653,2007,False,,0.506,0.297,0.397,0.152,92.975
4P5Yp5Z6LPW2dQkiZm61ZA,你不在,['盧學叡'],269693,2007,False,,0.5529999999999999,0.429,0.4,0.271,96.027
6RsUvVjNuy6ry39Vot2aKZ,愛的成名曲(早知道•愛+氧氣+愛很簡單+你不在),['盧學叡'],451947,2007,False,,0.35700000000000004,0.45299999999999996,0.392,0.129,123.094
73MDR9AkbqWLgWkBEFdzco,愛我的兩個人 - Instrumental Version,['盧學叡'],193080,2007,False,,0.7340000000000001,0.654,0.201,0.826,90.036
7oiWLxNnIOOioze7zEUq5s,離心力 - Instrumental Version,['盧學叡'],238573,2007,False,,0.35700000000000004,0.237,0.9540000000000001,0.0875,72.452
4erNXtBM2jRyn1snKlqvMS,"聞いてはいけない、言ってはいけない (Kiite Wa Ikenai, Itte Wa Ikenai)",['Eponymous 4'],239307,2013,False,,0.621,0.833,0.109,0.755,127.971
3dgGhWBGSTMCxrJq5Ktjy9,跡なし (Ato Nashi),['Eponymous 4'],213240,2013,False,,0.654,0.804,0.00278,0.775,119.977
2uEGw6DebSIEbnfr6OkVof,"聞いてはいけない、言ってはいけない (Kiite Wa Ikenai, Itte Wa Ikenai)",['Eponymous 4'],239253,2013,False,,0.612,0.838,0.10400000000000001,0.7340000000000001,127.955
2VSjEVnpEGOi0cqhDBfsTF,光速 (Kousoku),['Eponymous 4'],213080,2013,False,,0.69,0.785,0.17,0.455,123.97399999999999
50vLnAgAgMfZWFFPHzmmqN,"文句、文句 (Monku, Monku)",['Eponymous 4'],272227,2013,False,,0.498,0.5870000000000001,0.0010400000000000001,0.613,171.96900000000005
1Jh9WKQWGTLdZVvEW51O3X,間違い (Machigai),['Eponymous 4'],221907,2013,False,,0.48700000000000004,0.47,0.245,0.11599999999999999,69.271
6wCKRQ3iBUwOpkrij6kFLk,健忘症 (Kenboushou),['Eponymous 4'],201013,2013,False,,0.311,0.79,0.0378,0.40700000000000003,207.74599999999998
6lj5lGsKPWWbGnVBU8uTcW,言葉はハートを指す刀になる (Kotoba Wa Haato Wo Sasu Katana Ni Naru),['Eponymous 4'],186160,2013,False,,0.599,0.777,0.0909,0.7559999999999999,119.97399999999999
3e0EaWnN6zahiyYOgcgdm5,今 (Ima),['Eponymous 4'],215987,2013,False,,0.601,0.755,0.1,0.638,115.988
5yis6lWKDod1clBF86BT3I,住んでいない (Sunde Inai),['Eponymous 4'],282227,2013,False,,0.595,0.568,0.0313,0.6779999999999999,151.889
5PrvRpOGSYDmkrtn0ShCn6,後悔しない (Koukai Shinai),['Eponymous 4'],248173,2013,False,,0.523,0.37799999999999995,0.763,0.109,82.00200000000002
1hzUxjTp4dOyC0sqJpzoGx,結果 (Kekka),['Eponymous 4'],247227,2013,False,,0.5329999999999999,0.701,0.0034200000000000003,0.602,143.958
6DO7rhTfXP1BqE34jxEJP2,光がない (Hikari Ga Nai),['Eponymous 4'],139160,2013,False,,0.555,0.645,0.000986,0.373,144.127
6C3QvE3YoqNI81PGzOarJL,聚氣如溪,['王建元'],667733,1980,False,,0.284,0.259,0.47700000000000004,0.0402,119.88
07IQ5FOOWJK68hwNh5U9EX,百脈歸海,['王建元'],637160,1980,False,,0.28800000000000003,0.384,0.745,0.0722,119.34299999999999
05beHRelkcGgWriMMltZUC,崇山挺拔,['王建元'],667000,1980,False,,0.33899999999999997,0.3,0.44,0.0522,130.441
1LUEXmXZb4rgr4VwWsdQ6i,幽谷藏精,['王建元'],625707,1980,False,,0.22699999999999998,0.349,0.429,0.0364,114.37700000000001
5zM7ItFOAnGQlWn48iysuI,内側 (Inside),['Paolo Zebolino'],693280,2013,False,,0.273,0.10800000000000001,0.8809999999999999,0.0386,91.786
2cxn8oCmtXrE2PoyMzuRDL,擬態,['Calmando Qual'],68360,2012,False,,0.326,0.385,0.995,0.04,102.01799999999999
0H0I4HmbacCgk4mS2E37yn,死よりも深い死の中で,['Calmando Qual'],194240,2012,False,,0.4320000000000001,0.905,0.0144,0.828,195.09900000000002
5D7jAMUWQwra6f8qqG4P7U,堕チ逝ク闇カラ,['Calmando Qual'],240960,2012,False,,0.486,0.9490000000000001,0.0011099999999999999,0.3670000000000001,92.959
1yYF7A7owtJ0Qwx4uWjFqP,抜け殻,['Calmando Qual'],188027,2012,False,,0.47200000000000003,0.514,0.000892,0.0963,105.162
2QkdjMfbMMh5x4VKRgCoEj,歪,['Calmando Qual'],278653,2012,False,,0.537,0.88,0.0381,0.485,132.91
1fz2T56ZAvZhaWvEDhdyry,闇の中の黒い猫,['Calmando Qual'],248347,2012,False,,0.385,0.912,0.0007480000000000001,0.627,179.023
15pXAbONWWAlSrEZixBrLH,空中ブランコ,['Calmando Qual'],300320,2012,False,,0.45899999999999996,0.7659999999999999,0.00479,0.11,128.982
0V3VhTuHrxrfB4vBv8uFaZ,追憶,['Calmando Qual'],65107,2012,False,,0.113,0.265,0.995,0.04,218.47400000000002
7C2UFp8FJYccQ4FlK15mkh,深く眠るより (More than Sleep Soundly),['舟沢虫雄 (Mushio FUNAZAWA)'],625400,1995,False,,0.14400000000000002,0.228,0.501,0.0506,144.901
6YE858tLJbzysh3GxS1EIO,悪魔と私 (Devil and I),['舟沢虫雄 (Mushio FUNAZAWA)'],424560,1995,False,,0.175,0.0102,0.986,0.0304,66.376
3b5A055mv3nKM1HQmGSQsL,霧のように (Like a Fog),['舟沢虫雄 (Mushio FUNAZAWA)'],448533,1995,False,,0.115,0.000221,0.995,0.0447,72.676
79jglzvGC2CrG1LduRzAJu,あの河 (That River),['舟沢虫雄 (Mushio FUNAZAWA)'],574000,1995,False,,0.153,0.18899999999999997,0.9570000000000001,0.0875,135.439
4S3a9TGee7hfYw7QGrXrsn,何もないとしたら (If there is Nothing),['舟沢虫雄 (Mushio FUNAZAWA)'],202440,1995,False,,0.184,0.00428,0.993,0.0353,145.154
4elCfE6gKpVHyxW6DqK2fn,付き添い (Attendance),['舟沢虫雄 (Mushio FUNAZAWA)'],214467,1995,False,,0.179,0.0101,0.877,0.0352,68.266
1IpFs1j3qj4sm25OIOwivQ,遠い光 (A Distant Light),['舟沢虫雄 (Mushio FUNAZAWA)'],220827,1995,False,,0.147,0.000731,0.135,0.0359,72.785
5ytMu4Q2EGPS4okzO7TOex,夜明け前 (Before Dawn),['舟沢虫雄 (Mushio FUNAZAWA)'],508707,1995,False,,0.165,0.0425,0.975,0.0387,129.92700000000002
2jTxJoH0zAFxXGJWD4tNe3,パガニーニによる大練習曲第3番「ラ・カンパネラ」,"['Franz Liszt', 'Akihiro Sakiya']",288769,2017,False,,0.424,0.19399999999999998,0.987,0.409,110.28
1dXaWTXUM5iJrXFmdaR51y,春の海,"['Michio Miyagi', 'Kaori Ishimoto', 'Chozan Imoto']",453398,2017,False,,0.446,0.0511,0.977,0.384,81.585
1h0Rxw9QD0C3zbRUdbli0Z,無伴奏ヴァイオリンのためのパルティータ第2番 BWV. 1004〜5.シャコンヌ,"['Johann Sebastian Bach', 'Seiji Okamoto']",827615,2017,False,,0.321,0.0878,0.991,0.309,124.47399999999999
2TjGkyH1u6G1IDL8fHsjSe,無伴奏チェロ組曲第1番 Op. 72〜1. カント・プリモ,"['Benjamin Britten', 'Yu Ito']",139371,2017,False,,0.16899999999999998,0.0404,0.9309999999999999,0.0374,111.99799999999999
3aJNEUwDQUyWL45Fyb5S73,賀茂,"['Tradional', 'Yoshimaru Sekine', 'Akira Sawada']",229821,2017,False,,0.532,0.127,0.99,0.5489999999999999,113.12200000000001
1WeMTRHYxaWQ6D6LyQRgl2,ホルンとピアノの為のヴィラネル,"['Paul Dukas', 'Yudai Shoji', 'Mayuko Oono']",395719,2017,False,,0.32,0.0336,0.995,0.10099999999999999,69.577
4NcaZdTmhjHg0tYFiehhtw,弦楽四重奏曲第38番変ホ長調 Op.33-2 「冗談」〜第1楽章:アレグロ・モデラート,"['Franz Joseph Haydn', 'Quartet Arpa']",311926,2017,False,,0.369,0.0538,0.903,0.42100000000000004,99.915
6EPBYuupXeqbrbjb4T3qLG,弦楽四重奏曲第38番変ホ長調 Op.33-2 「冗談」〜第4楽章:フィナーレ (プレスト),"['Franz Joseph Haydn', 'Quartet Arpa']",202342,2017,False,,0.4270000000000001,0.141,0.878,0.221,146.00799999999995
0wWsnONdXebAALz1Bm0fNG,スケルツォ第1番ロ短調作品20,"['Frédéric Chopin', '角野隼斗']",601935,2019,False,,0.33399999999999996,0.0663,0.99,0.05,135.781
1L3PBH8GFD4vcImZeFBdM2,パガニーニ大練習曲集S141 第3曲嬰ト短調「ラ・カンパネラ」,"['Franz Liszt', '角野隼斗']",287621,2019,False,,0.327,0.243,0.976,0.344,100.76700000000001
557UTemcuFRuMlSYEaGlwI,ピアノ・ソナタ第5番作品53,"['Alexander Scirabin', '角野隼斗']",785485,2019,False,,0.244,0.0545,0.982,0.0367,77.782
2R1M5a8h6stMUgfpCtbaDj,ピアノ・ソナタ第2番変ロ短調作品36 第1楽章: アレグロ・アジタート - 1931年版,"['Sergei Rachmaninoff', '角野隼斗']",489389,2019,False,,0.25,0.0479,0.9890000000000001,0.0432,88.456
6Bp3xMcWwvBAZn8YYM6V9w,ピアノ・ソナタ第2番変ロ短調作品36 第2楽章: ノン・アレグロ〜レント - 1931年版,"['Sergei Rachmaninoff', '角野隼斗']",366867,2019,False,,0.326,0.0117,0.9890000000000001,0.0466,104.68799999999999
0WBSrzrMXoTjxFvdPlAxhd,ピアノ・ソナタ第2番変ロ短調作品36 第3楽章: リステッソ・テンポ〜アレグロ・モルト - 1931年版,"['Sergei Rachmaninoff', '角野隼斗']",319553,2019,False,,0.384,0.168,0.9790000000000001,0.0569,107.251
67helKK1JwUx7dUHLV7ONh,今 (Ima),['Eponymous 4'],215000,2015,False,,0.601,0.775,0.006670000000000001,0.713,115.96600000000001
31NZmnpQihkWw7il2vXfOu,完全形態,['Kyary Pamyu Pamyu'],219694,2016,False,,0.4370000000000001,0.782,0.171,0.368,110.009
13xTXL5jCp9fZx4vgcIiop,Crazy Party Night 〜ぱんぷきんの逆襲〜,['Kyary Pamyu Pamyu'],254189,2016,False,,0.6940000000000001,0.991,0.177,0.708,127.975
1YBIJ2pNf1MmuDEnaqboQx,最&高,['Kyary Pamyu Pamyu'],212400,2016,False,,0.682,0.8909999999999999,0.0356,0.8270000000000001,129.987
3exl9Pynk45IUE4x0yt6wj,イパネマの娘,"['Lisa Ono', 'João Donato']",303160,2003,False,,0.56,0.183,0.838,0.299,119.15299999999999
5zst04h6BKpFzNHeM9JNC5,mu tu bunun 親愛的朋友們 (母語創作),['王宏恩'],392480,2001,False,,0.436,0.201,0.66,0.198,179.79
3DjKEwXLObnNCo2vunEjmK,寂寞的飛鼠,['王宏恩'],350667,2001,False,,0.68,0.264,0.654,0.128,104.01700000000001
1cWVpzBEGpbtfkDKqgGP6i,跌倒歌(母語創作),['王宏恩'],178587,2001,False,,0.794,0.624,0.616,0.675,125.186
5jZJu628KlT74vOZnPn3tB,賺錢歌(古調改編),['王宏恩'],247867,2001,False,,0.575,0.503,0.659,0.512,145.898
6O45YMVOG5qinMaHAl3L6U,旅行(古調新唱),['王宏恩'],336933,2001,False,,0.561,0.259,0.595,0.165,173.795
3fm5XD1LekpSlGyuexvuIg,歡聚歌,['王宏恩'],301413,2001,False,,0.743,0.669,0.20199999999999999,0.6859999999999999,105.006
6k7scTwXgpz0NWYJ26DhBD,祈福,['王宏恩'],280653,2001,False,,0.562,0.19,0.8859999999999999,0.223,108.052
5DvZHxawil4Lq2luu0fZEl,獵前祭槍歌(古調新唱),['王宏恩'],237773,2001,False,,0.426,0.34600000000000003,0.517,0.311,95.986
0PZ2KkLnEBK2cl4EFGET0o,射日傳說,['王宏恩'],208373,2001,False,,0.753,0.736,0.13,0.764,143.846
4BYQHaD9Nm52XiTH50CKco,瀑布的戀愛,['王宏恩'],276067,2001,False,,0.415,0.071,0.927,0.392,176.051
3rjuIFiwYVAarXEe2stVgL,Rock & Shield 盤石和盾牌,['Amy Sand 盛曉玫'],206827,2012,False,,0.649,0.713,0.318,0.855,93.01899999999999
0sp2mEyd7s4qaoxHKb3YUk,When I Think Of You 想起你,['Amy Sand 盛曉玫'],208947,2012,False,,0.474,0.5379999999999999,0.665,0.23399999999999999,133.489
40hrrStgymXzwxNd4krDcd,Blessed 幸福,['Amy Sand 盛曉玫'],244453,2012,False,,0.675,0.701,0.579,0.76,120.088
6Zi5IH9JCk5dG1QpEyH7JV,Marks Of Grace 恩典的記號,['Amy Sand 盛曉玫'],354000,2012,False,,0.542,0.49,0.56,0.299,125.815
6JMxjXY2iSbG7JuAE9iABv,When I Praise 當我讚美,['Amy Sand 盛曉玫'],219627,2012,False,,0.851,0.541,0.152,0.885,94.01100000000001
3CgJ2GqPWfIOQFkVOFFYf3,Awesome God 我主何等偉大,['Amy Sand 盛曉玫'],203080,2012,False,,0.613,0.6,0.385,0.27699999999999997,135.99200000000002
0rm9GSouReoZyRdQxZ1jn6,He Is Alive 祂又真又活,['Amy Sand 盛曉玫'],219200,2012,False,,0.506,0.623,0.324,0.58,176.02900000000002
2R91pQOh4I3Py2slJkmDHs,Jesus Lives In Me 耶穌在我裡面,['Amy Sand 盛曉玫'],339307,2012,False,,0.397,0.475,0.8079999999999999,0.18,144.112
1kKAInn1pK2FKvxXHCAkMD,Heavenly Home 天上家鄉,['Amy Sand 盛曉玫'],214147,2012,False,,0.64,0.723,0.21899999999999997,0.755,95.02799999999999
2QfCTiaN3JFtvFLu9se1OF,Better Than Anything 勝過萬有,['Amy Sand 盛曉玫'],236867,2012,False,,0.517,0.373,0.8340000000000001,0.312,139.71
2gIeq3REZRGpYIcA5p9cTV,Live Out Love 活出愛,['Amy Sand 盛曉玫'],284613,2012,False,,0.385,0.465,0.69,0.593,188.887
5ert3gR2QaIzo5hPgfTe4E,打ち上げ花火,['SCANDAL'],288200,2013,False,,0.537,0.7509999999999999,3.7e-05,0.516,99.98
3J42StRvSU6BSKqjK00Ime,8月,['SCANDAL'],255613,2013,False,,0.55,0.69,0.0191,0.5770000000000001,129.016
6silqAexSOSvvCkpjW0xkT,会わないつもりの、元気でね,['SCANDAL'],264387,2013,False,,0.364,0.858,0.00037400000000000004,0.5720000000000001,174.868
0afdpdyEF0Pb5B0iJq6Cyw,下弦の月,['SCANDAL'],216467,2013,False,,0.542,0.9229999999999999,0.0054600000000000004,0.675,138.998
4TEO9cY0Kh7HpMr9m523hw,恋のゲシュタルト崩壊,['SCANDAL'],242760,2013,False,,0.263,0.897,0.000198,0.38299999999999995,200.683
1ZEFinf7Mekv4j24L4w4wV,キミと未来と完全同期,['SCANDAL'],276800,2013,False,,0.4970000000000001,0.941,0.00162,0.685,127.02600000000001
7AzgHKMPXbj0xoIrOL4FaH,涙よ光れ,['SCANDAL'],210813,2013,False,,0.349,0.948,0.0263,0.58,197.88
3BRp7wm8Leh14ELp80mlGu,太陽スキャンダラス,['SCANDAL'],305027,2012,False,,0.489,0.958,0.007909999999999999,0.8270000000000001,159.955
1mlkNPHeSFPVU55QGW6dmS,声,['SCANDAL'],287120,2012,False,,0.359,0.9,0.00551,0.523,167.821
13bZlFTSCmGqe6zXqYwjwi,東京ラヴソング,['LiSA'],276640,2014,False,,0.653,0.441,0.268,0.6609999999999999,128.058
5GfZabwEaxAu8d8inQZ1LY,僕の言葉で,['LiSA'],258000,2013,False,,0.573,0.738,0.457,0.621,81.95700000000002
2kjLcWz7liVad1zg35iL7D,say my nameの片想い,['LiSA'],247213,2013,False,,0.593,0.985,0.0116,0.831,139.864
6YssoHMw6t8jiz6JMZMmRS,うそつきの涙,['LiSA'],279760,2013,False,,0.449,0.862,0.14400000000000002,0.6890000000000001,173.89700000000005
50gtYcV67O1nxgY3hVfx7N,逆光オーケストラ,['LiSA'],233560,2013,False,,0.385,0.948,0.0076,0.648,185.05200000000002
5RYNEAzazftO767BWkFxtj,絶体絶命,['Cö Shu Nie'],149200,2019,False,,0.304,0.938,0.0499,0.524,142.76
1BvSAGducJmahpoS2jReBT,絶体絶命 (Instrumental),['Cö Shu Nie'],149347,2019,False,,0.312,0.951,0.00148,0.371,143.023
5J0aLU3VQeUvA3B9Oo5R6h,無題平成23六月五日,['Empty Ensemble'],241000,2015,False,,0.5660000000000001,0.5920000000000001,0.0115,0.469,143.934
4Xjiw6RcK4XPm0uhNkWZjy,狂おしい夜について,"[""D'ERLANGER""]",244760,2015,False,,0.429,0.968,0.0105,0.598,128.266
4fdX90wCQeQiSOSUbCQJC6,SE(SEX ON THE CARPET)〜狂おしい夜について - Live from『Spectacular Nite - 狂おしい夜について TOUR 2015 FINAL at 赤坂BLITZ 20150614』,"[""D'ERLANGER""]",294880,2015,False,,0.292,0.943,0.000151,0.473,131.873
5prsyKLQI0Wrsgq1LGelOL,Cherry - Live from『Spectacular Nite - 狂おしい夜について TOUR 2015 FINAL at 赤坂BLITZ 20150614』,"[""D'ERLANGER""]",200867,2015,False,,0.29100000000000004,0.973,7.77e-05,0.44299999999999995,138.865
1cpG5XIVwUA9W9MvmKcBIy,Dance with me - Live from『Spectacular Nite - 狂おしい夜について TOUR 2015 FINAL at 赤坂BLITZ 20150614』,"[""D'ERLANGER""]",278653,2015,False,,0.3,0.9540000000000001,1.0800000000000003e-05,0.6759999999999999,72.32
2xSQW4sigFn6GM95OzsfeO,SWEET EMOTION - Live from『Spectacular Nite - 狂おしい夜について TOUR 2015 FINAL at 赤坂BLITZ 20150614』,"[""D'ERLANGER""]",208147,2015,False,,0.386,0.9470000000000001,3.6700000000000004e-05,0.618,96.09
7e8SG6MKWIpjeeZCpmezyY,INCARNATION OF EROTICISM〜1999-Shyboy Story-〜CRIME & PUNISHMENT〜SAD SONG - Live from『Spectacular Nite - 狂おしい夜について TOUR 2015 FINAL at 赤坂BLITZ 20150614』,"[""D'ERLANGER""]",282093,2015,False,,0.249,0.9440000000000001,0.00011200000000000001,0.316,95.115
3Tnd0McBAdKKQnPdGJPzXF,Beast in Me - Live from『Spectacular Nite - 狂おしい夜について TOUR 2015 FINAL at 赤坂BLITZ 20150614』,"[""D'ERLANGER""]",248973,2015,False,,0.23800000000000002,0.951,1.47e-05,0.63,153.654
4kfXANK6ud6jEcFFvZWVL9,Singe et Insecte - Live from『Spectacular Nite - 狂おしい夜について TOUR 2015 FINAL at 赤坂BLITZ 20150614』,"[""D'ERLANGER""]",267693,2015,False,,0.44299999999999995,0.919,5.8599999999999995e-05,0.636,133.859
7J1Mv190UFg4GVC3FmHcnD,DARLIN' - Live from『Spectacular Nite - 狂おしい夜について TOUR 2015 FINAL at 赤坂BLITZ 20150614』,"[""D'ERLANGER""]",333307,2015,False,,0.337,0.966,0.00033999999999999997,0.257,96.264
38kyRINb1iujKcGSavM1Sq,SADISTIC EMOTION〜Love me to DEATH〜the end of eden〜Loveanymore〜amaoto - Live from『Spectacular Nite - 狂おしい夜について TOUR 2015 FINAL at 赤坂BLITZ 20150614』,"[""D'ERLANGER""]",397480,2015,False,,0.29600000000000004,0.9670000000000001,1.4300000000000005e-05,0.396,119.494
2fuicYGAqQDxhFr0lUNSlY,dummy blue - Live from『Spectacular Nite - 狂おしい夜について TOUR 2015 FINAL at 赤坂BLITZ 20150614』,"[""D'ERLANGER""]",341573,2015,False,,0.35600000000000004,0.9640000000000001,0.000233,0.221,96.902
6DRFMWIwxkVWXVVAWItJcV,柘榴 - Live from『Spectacular Nite - 狂おしい夜について TOUR 2015 FINAL at 赤坂BLITZ 20150614』,"[""D'ERLANGER""]",290987,2015,False,,0.28600000000000003,0.8909999999999999,0.000322,0.45399999999999996,154.47899999999996
0OI4bDYixeDtoWsgpLmbUy,LA VIE EN ROSE - Live from『Spectacular Nite - 狂おしい夜について TOUR 2015 FINAL at 赤坂BLITZ 20150614』,"[""D'ERLANGER""]",272787,2015,False,,0.36200000000000004,0.972,1.1900000000000001e-05,0.322,101.883
1EiD0vRiOnW1MTE7VYxjWv,LULLABY - Live from『Spectacular Nite - 狂おしい夜について TOUR 2015 FINAL at 赤坂BLITZ 20150614』,"[""D'ERLANGER""]",238800,2015,False,,0.341,0.951,5.59e-05,0.348,96.545
7CqUzzOM2HC3aGXl8kNlz9,Skelton Queen - Live from『Spectacular Nite - 狂おしい夜について TOUR 2015 FINAL at 赤坂BLITZ 20150614』,"[""D'ERLANGER""]",233653,2015,False,,0.34600000000000003,0.985,0.000127,0.22,101.91
0IBjEaGL8gOuAT2mDe6EmH,BABY - Live from『Spectacular Nite - 狂おしい夜について TOUR 2015 FINAL at 赤坂BLITZ 20150614』,"[""D'ERLANGER""]",393853,2015,False,,0.337,0.8320000000000001,0.006379999999999999,0.484,98.016
6fbWzikL6Gs1Qn5S0VkTS0,"Dance naked, Under the moonlight. - Live from『Spectacular Nite - 狂おしい夜について TOUR 2015 FINAL at 赤坂BLITZ 20150614』","[""D'ERLANGER""]",221347,2015,False,,0.42,0.976,3.3600000000000004e-05,0.46399999999999997,102.72200000000001
3mEwBaGF1vjQWZ8NLluqz1,CRAZY4YOU - Live from『Spectacular Nite - 狂おしい夜について TOUR 2015 FINAL at 赤坂BLITZ 20150614』,"[""D'ERLANGER""]",323587,2015,False,,0.23199999999999998,0.925,0.000267,0.16899999999999998,155.334
0XTXttYxCBVL7T88HzaDDp,蜜,['LiSA'],216827,2015,False,,0.499,0.988,0.0386,0.488,90.53200000000001
386BZo1h2Ig9pK7nucWXQe,アコガレ望遠鏡,['LiSA'],248947,2015,False,,0.514,0.977,0.0582,0.742,168.06400000000005
6EZZMugRfp7Io0MzCBgIOw,君にピエロ,['LiSA'],255827,2015,False,,0.46,0.968,0.0272,0.6459999999999999,176.882
04IbOAwj0fl3R4RlBXOAYv,好男不與女鬥,['Eddie Ng'],207457,2016,False,,0.7,0.632,0.305,0.797,139.996
08Xz0kpPAinT4OmYrb5CLA,誰能代替你,['Eddie Ng'],228631,2016,False,,0.687,0.537,0.8440000000000001,0.569,139.941
7265RNnJxYv3Z5msGbRyR1,越吻越傷心,['Eddie Ng'],232134,2016,False,,0.76,0.40700000000000003,0.774,0.499,120.45
2gjd1Tw4c243mCSiUGgQID,深深沖印,"['Eddie Ng', 'Edmond Leung']",255766,2016,False,,0.69,0.423,0.7959999999999999,0.386,144.024
2N2ZQMxCbKtO5ubkZftXOc,我應該,['Eddie Ng'],207315,2016,False,,0.45299999999999996,0.133,0.968,0.22,142.595
1MQwho5ZBVirrLK8FpNL3w,真心真意,['Eddie Ng'],243289,2016,False,,0.675,0.5720000000000001,0.679,0.703,150.225
7J3Nl8gpwoeoV6zuzREreK,大獎,['Eddie Ng'],227639,2016,False,,0.638,0.294,0.867,0.415,124.994
25mAsbLJyt1CQ9nKQTiZ0q,撐起,['Eddie Ng'],253258,2016,False,,0.629,0.45799999999999996,0.506,0.485,144.053
5LK6TQDccNpOewNGw8Yl6T,對你太在乎,['Eddie Ng'],225846,2016,False,,0.575,0.384,0.779,0.294,78.008
1L8xKFzM7XFf9HUA9DiEVP,我說過要你快樂,['Eddie Ng'],314381,2016,False,,0.647,0.29,0.626,0.34,121.054
5GOu3RRiTZbkorNAfmhy59,Unknowable Geometry (山根ミチル - Symphony Mix),['Jim Guthrie'],251157,2012,False,,0.35,0.4,0.7959999999999999,0.0709,59.971000000000004
402PjG1comrzeTx8Wks8st,Bones McCoy (山岡晃 Mix),['Jim Guthrie'],316431,2012,False,,0.507,0.7979999999999999,0.000671,0.18100000000000002,105.01100000000001
10lxxagRqxcqAAzs5TI4yh,死鋼の山 [Summit],['Josh Whelchel'],208800,2015,False,,0.7140000000000001,0.408,0.40399999999999997,0.135,99.973
2p7kd9XmOXxSd9Czqdl59B,眠りの森,['Aimer'],273360,2014,False,,0.536,0.596,0.0341,0.33899999999999997,125.97
5y3DEreHvuG4P3KWPUUR7L,7月の翼,['Aimer'],284120,2014,False,,0.565,0.546,0.261,0.426,140.032
0oyOdCSs1y5jCBm7raLWQB,小さな星のメロディー,['Aimer'],311467,2014,False,,0.467,0.496,0.16399999999999998,0.532,169.703
1U3fg7XE9Gvhw0j1MLSSlH,星の消えた夜に (Re-echoed by Genki Rockets × give me wallets) - Re-echoed by Genki Rockets Give Me Wallets,['Aimer'],350147,2014,False,,0.687,0.617,0.15,0.222,102.98200000000001
0cqSVFTEryCcYFTqrT03SA,夜行列車〜nothing to lose〜,['Aimer'],303320,2012,False,,0.528,0.804,0.165,0.261,111.03
62PmWVwSQmY9tiGzvuXRLd,あなたに出会わなければ〜夏雪冬花〜,['Aimer'],360480,2012,False,,0.46299999999999997,0.622,0.267,0.265,145.984
6PXnqnETH8lRJP27QzvyXU,笑顔,['Aimer'],362547,2012,False,,0.35100000000000003,0.797,0.451,0.428,88.573
6rD4E0kRNm0wF01V4P0MiC,悲しみはオーロラに(Restarred by Takagi Masakatsu),['Aimer'],270080,2012,False,,0.49,0.222,0.9690000000000001,0.34,145.951
0MLd03iwZCaMDMlPG9GcfB,寂しくて眠れない夜は,['Aimer'],324627,2012,False,,0.49,0.494,0.39899999999999997,0.255,139.738
1K5Nb0Bm5SDJ8rNI7ttMjf,星屑ビーナス,['Aimer'],252227,2012,False,,0.511,0.62,0.3670000000000001,0.41600000000000004,145.87
5xhplK71hHGUeXXXdyfISb,雪の降る街,['Aimer'],244920,2012,False,,0.44799999999999995,0.725,0.067,0.6679999999999999,168.028
3vmw3dXMBlkv8CXs7sflK2,冬のダイヤモンド(Re-echoed by Genki Rockets),['Aimer'],372360,2012,False,,0.519,0.48200000000000004,0.647,0.41100000000000003,76.002
1VggvibdeX96RwJfbKzief,六等星の夜,['Aimer'],338173,2012,False,,0.5670000000000001,0.496,0.316,0.294,143.976
6d07WYgpKGBO5yRJNx1vXY,差一點我們會飛,"['Feanna Wong', '英仁合唱團']",275229,2015,False,,0.172,0.425,0.659,0.273,70.141
30YngbVqcl4px9UuwEZ23L,手加減の無い未来,['PASSEPIED'],221640,2015,False,,0.309,0.8290000000000001,0.044000000000000004,0.38799999999999996,169.83900000000003
51OleFgB6zt2PPsQDzDMgy,裏の裏,['PASSEPIED'],300640,2015,False,,0.45799999999999996,0.922,0.00277,0.32299999999999995,153.937
7jptYkWbnmkpZNeujFcrIw,蜘蛛の糸,['PASSEPIED'],225427,2015,False,,0.621,0.638,0.00023999999999999998,0.747,127.86
0wDHAJLdAmXhaCW4juyNRN,術中ハック,['PASSEPIED'],229133,2015,False,,0.496,0.9690000000000001,0.0181,0.45799999999999996,155.909
6dQy64lNmMr6BjAmGteXmA,贅沢ないいわけ,['PASSEPIED'],311680,2015,False,,0.374,0.9,0.000339,0.41100000000000003,177.891
0kTHhuBlqnSp9yu3Uqen5b,花,['PASSEPIED'],323307,2015,False,,0.51,0.583,0.142,0.336,139.98
1aX8l8Nwh7WtzTNBvIXtdG,つくり囃子,['PASSEPIED'],260213,2015,False,,0.445,0.775,0.00993,0.42200000000000004,136.154
6Q9Z8TDrH85kEUdhFt9Bct,素顔,['PASSEPIED'],275387,2015,False,,0.623,0.691,0.382,0.331,109.98
4TZo7E4vNJOMzoyQMnTiAI,我愛你,['２８１４'],538182,2014,False,,0.282,0.535,0.10300000000000001,0.0351,132.001
4oRjlgDBPhZXyJhT6vD5LM,一緒に私たちは、市内の遺跡を歩く,['２８１４'],895910,2014,False,,0.679,0.6629999999999999,0.8440000000000001,0.551,120.001
76SyEgG1v2BHOeQTTOUE1T,赤い夜明け,['２８１４'],452308,2014,False,,0.32,0.618,0.9440000000000001,0.0398,123.764
1AtfhGmNzwL21pyBgA6QsP,私たちは、ハイパーマーケットをさまよう,['２８１４'],364800,2014,False,,0.0872,0.747,0.8009999999999999,0.0675,67.76
2hJ2zJ9DBPu4pJpciMOCXJ,アクァティック・ドリーム / 水,['LIFE2979光'],132109,2020,False,,0.19699999999999998,0.6579999999999999,0.845,0.41100000000000003,214.271
18oinUjhiq5Pl7RvT5jWd7,アクァティック・ドリーム / 夢,['LIFE2979光'],139690,2020,False,,0.14400000000000002,0.35,0.28600000000000003,0.145,139.984
4UweIaNqCB8cdMtjkuy27p,雨,"['Aloysius Scrimshaw', 'Mitei Noise Narico']",249704,2018,True,,0.145,0.653,0.594,0.0684,77.445
7614ypNYOua0MFpyyHyMdH,女子,"['Aloysius Scrimshaw', 'Mitei Noise Narico']",245656,2018,False,,0.122,0.594,0.433,0.24600000000000002,76.293
7hnNmqlCRRuazsQnJh2xRQ,幽霊,"['Aloysius Scrimshaw', 'Mitei Noise Narico']",387892,2018,False,,0.182,0.131,0.882,0.0365,118.23
3lhnoBcfbBYam7uk0jtM40,半音,"['Aloysius Scrimshaw', 'Mitei Noise Narico']",225489,2018,False,,0.309,0.7,0.462,0.302,78.695
3Y6kwjpVBQFNm9eQnevRUD,家を守る,"['Aloysius Scrimshaw', 'Mitei Noise Narico']",196336,2018,False,,0.20600000000000002,0.336,0.193,0.0374,81.066
0Bt7BoKwcKJtkSXvMAbDjl,振動覚 (2016 Version) - 2016 Rerecorded,['ASIAN KUNG-FU GENERATION'],147387,2016,False,,0.455,0.92,2.42e-05,0.32899999999999996,93.58
113wjtP7V2xJYmsMS1spBY,君の街まで (2016 Version) - 2016 Rerecorded,['ASIAN KUNG-FU GENERATION'],220400,2016,False,,0.53,0.917,0.00948,0.457,153.013
6gPTliuyScKw7HXySUoMNy,夜の向こう (2016 Version) - 2016 Rerecorded,['ASIAN KUNG-FU GENERATION'],193853,2016,False,,0.501,0.91,0.00014199999999999998,0.593,114.99600000000001
6HFil31Q9umxSB0Pi2Itdg,24時 (2016 Version) - 2016 Rerecorded,['ASIAN KUNG-FU GENERATION'],214027,2016,False,,0.42,0.935,3.6099999999999997e-05,0.682,161.083
02PeZHA7s43526t31mHoS9,真夜中と真昼の夢 (2016 Version) - 2016 Rerecorded,['ASIAN KUNG-FU GENERATION'],266267,2016,False,,0.5820000000000001,0.83,0.0141,0.342,132.976
4zMtM04F0EJ8eQ0N2jiiVc,海岸通り (2016 Version) - 2016 Rerecorded,['ASIAN KUNG-FU GENERATION'],301547,2016,False,,0.408,0.843,0.000174,0.545,86.105
0ysBn0JC1qvl72ATXzkbd5,両成敗でいいじゃない,['Gesu No Kiwami Otome'],227107,2016,False,,0.6829999999999999,0.768,0.124,0.767,132.045
2e7606eajfDZgOJ4xlv1nj,続けざまの両成敗,['Gesu No Kiwami Otome'],292947,2016,False,,0.611,0.858,0.0991,0.603,133.88
0jl1FDEyCqS40ueftsvmLQ,勤めるリアル,['Gesu No Kiwami Otome'],193720,2016,False,,0.621,0.9009999999999999,0.307,0.617,149.9
4RBWfbPseYIgmPQPOJzVFp,心歌舞く,['Gesu No Kiwami Otome'],222773,2016,False,,0.7090000000000001,0.784,0.0865,0.9059999999999999,123.962
3cKjvMpJ1R5yHQTVXZeI6O,無垢,['Gesu No Kiwami Otome'],80680,2016,False,,0.6829999999999999,0.35,0.937,0.69,115.99600000000001
3FfUUq5qopQ149eU5bWfO9,無垢な季節,['Gesu No Kiwami Otome'],211787,2016,False,,0.5329999999999999,0.8190000000000001,0.562,0.769,177.957
3iKJWOQJtENE3kFWMXh8JM,私以外私じゃないの,['Gesu No Kiwami Otome'],232613,2016,False,,0.6679999999999999,0.907,0.0851,0.748,136.009
2fB2J1pd8kSZliTfJZDm5D,煙る,['Gesu No Kiwami Otome'],219493,2016,False,,0.6509999999999999,0.809,0.0713,0.805,141.97299999999996
6GXsR1KrWz09jYhv2yN3Yf,光の矢 (Hikari No Ya),"[""Esprit D'Air""]",371500,2012,False,,0.168,0.19699999999999998,0.9279999999999999,0.0385,93.756
7mkZusSUPpvNilpDHqn2z1,最&高,['Kyary Pamyu Pamyu'],212400,2016,False,,0.682,0.8909999999999999,0.0356,0.8270000000000001,129.987
4uWvcqIfxS4QflNpdB3DvV,最&高 - instrumental,['Kyary Pamyu Pamyu'],212400,2016,False,,0.701,0.932,0.0008359999999999999,0.8170000000000001,130.023
1jftt2fEGC7yHGPv7lXc0r,終わらない冒険,['LiSA'],283333,2016,False,,0.527,0.9540000000000001,0.0554,0.508,154.06
7r5uKUBDSnmTTQWprAPxXu,未来,['KOBUKURO'],316000,2016,False,,0.456,0.41200000000000003,0.8170000000000001,0.308,147.94
1T96KLi4O0jTWi5VuInrV0,桜,['KOBUKURO'],361493,2016,False,,0.493,0.436,0.555,0.3670000000000001,83.994
4GL6dE616FwfNGuio96YJ7,今と未来を繋ぐもの,['KOBUKURO'],335480,2016,False,,0.586,0.499,0.188,0.433,76.49
1fsrIwnSHBRHWlXNaoUa2b,未来 - Acoustic ver.,['KOBUKURO'],323933,2016,False,,0.602,0.228,0.925,0.325,147.791
5gO0p2mvKNP99vL4gdQM7q,未来 - LIVE ver. from 慶應義塾大学 第57回三田祭前夜祭,['KOBUKURO'],347267,2016,False,,0.35100000000000003,0.495,0.762,0.228,147.76
4lYUZ0ChXa6ZPXIM3C7iUN,欸乃,"['龔一', '王森地', '羅守誠']",412520,1995,False,,0.34700000000000003,0.0182,0.995,0.226,111.97200000000001
2f5exfw5VM758LaK2dlMCg,良宵引,"['龔一', '王森地', '羅守誠']",205733,1995,False,,0.251,0.00914,0.996,0.207,138.429
2kQ509raXsXlElnTLXdMML,關山月,"['龔一', '王森地', '羅守誠']",142760,1995,False,,0.32,0.0183,0.995,0.516,105.86200000000001
6AGwV1Xyrzx7bBgEXTBYxW,憶故人,"['龔一', '王森地', '羅守誠']",507467,1995,False,,0.299,0.0113,0.995,0.249,99.709
3FVadz1bMFkEqpYFld6OVh,平沙落雁,"['龔一', '王森地', '羅守誠']",495867,1995,False,,0.24,0.0154,0.9940000000000001,0.263,82.314
37U5Jkf0IoJivnH4XLPTOu,玉樓春曉,"['龔一', '王森地', '羅守誠']",169800,1995,False,,0.436,0.0274,0.9940000000000001,0.368,66.669
3Dg4JbDUv9gv4FGVEmapya,泛滄浪,"['龔一', '王森地', '羅守誠']",281067,1995,False,,0.33299999999999996,0.0433,0.995,0.452,79.541
3GAVNlmxEOIX9NSJHv1kKg,漁樵問答,"['龔一', '王森地', '羅守誠']",508933,1995,False,,0.271,0.037000000000000005,0.9940000000000001,0.47200000000000003,69.205
1taxrNt2oC85J7hvsj66BU,春曉吟,"['龔一', '王森地', '羅守誠']",244467,1995,False,,0.35100000000000003,0.0298,0.9940000000000001,0.36,78.03
3MzOLavtkhFuGsvEoRntbK,碧澗流泉,"['龔一', '王森地', '羅守誠']",319747,1995,False,,0.308,0.0256,0.995,0.413,102.97
6iKvjGM8f0kRsGReNwNldE,カメレオンの言い種,['PASSEPIED'],211848,2016,False,,0.473,0.851,0.162,0.698,168.96
5f4kqQ9dP7wZuzf2fPfh2O,金曜日の天使,['PASSEPIED'],295359,2016,False,,0.544,0.715,0.11800000000000001,0.643,177.079
77wkVzvEGWWEPfhWr5NswR,《 Intro ~ 未来へ ~ 》,['V.K'],67653,2010,False,,0.523,0.7859999999999999,0.37,0.187,99.992
2l6UUnyUezCao72YLcen1q,Wings of Piano / 琴之翼,['V.K'],333253,2010,False,,0.44299999999999995,0.721,0.402,0.489,168.023
42m80sMoFd9ECAJITwv1U3,Trace of Wind / 風の痕跡,['V.K'],332733,2010,False,,0.223,0.201,0.988,0.114,86.24700000000001
4rOkR1oQ2ah9CBSlTVF6Go,Sunflower's Prayer / 向日葵的祈愿,['V.K'],260467,2010,False,,0.304,0.156,0.9940000000000001,0.0826,170.264
3gEXTtdrmtDtOrdG0URcAq,《 ~ 思い出の箱 ~ 》,['V.K'],61160,2010,False,,0.41200000000000003,0.0225,0.86,0.348,146.255
5639QIxjj2KxLH6ThDIcjF,Guardian Angel / 守護天使,['V.K'],307240,2010,False,,0.426,0.214,0.973,0.17,122.639
6T708B8nwy9oXWedQr59gW,Earth's Teardrops / 地球之涙,['V.K'],372413,2010,False,,0.499,0.5379999999999999,0.524,0.138,152.028
24gLNsNzNxU8HdAwtjzEda,Morning Glow and Your Smile / 早晨的第一道光芒與你的微笑,['V.K'],249253,2010,False,,0.28300000000000003,0.201,0.988,0.0969,143.735
3aX95T9FatWFaRAZoegixx,《 ~ キミとの約束 ~ 》,['V.K'],44440,2010,False,,0.28800000000000003,0.0858,0.985,0.146,149.252
6vFsha9zNuNkA15RVxmtnO,Love ‧ Infinity / 愛‧無限,['V.K'],227627,2010,False,,0.402,0.24100000000000002,0.988,0.0895,140.114
2rJdUJwcVnZX3lbOrrP1IV,Atlantis Love / 亞特蘭提斯之戀,['V.K'],354373,2010,False,,0.38799999999999996,0.309,0.9,0.172,137.491
2zLP9AJspv1kKJZMjgeL5M,Hua-Sui-Yue / 花水月,['V.K'],166080,2010,False,,0.569,0.301,0.861,0.29,73.98899999999998
3gZOUrQUe3n1TvFSecQOVw,《 ~ エンジェルの詩 ~ 》,['V.K'],74787,2010,False,,0.228,0.0328,0.9570000000000001,0.29100000000000004,88.29700000000004
4nkSvS9iPJIe2omuyq7Nzt,Star fantasia / 小星星幻想曲,['V.K'],200387,2010,False,,0.413,0.203,0.986,0.13699999999999998,116.33200000000001
0752L26xlXvOLI7j0Fm3in,Tear's voice / 淚的聲音,['V.K'],323227,2010,False,,0.348,0.158,0.992,0.0698,143.592
0wL4D4TvnKNYTdlPGpej7z,Missing ‧ Jasmine / 茉莉 ‧ 想念,['V.K'],325733,2010,False,,0.301,0.0662,0.992,0.0884,74.58
1EBmva8AUjvEQYwSuiBcWl,藤沢ルーザー,['ASIAN KUNG-FU GENERATION'],165227,2008,False,,0.345,0.976,0.00025,0.46,163.253
1nwPKATRgvs2iay9wMj1lg,鵠沼サーフ,['ASIAN KUNG-FU GENERATION'],148373,2008,False,,0.433,0.963,0.0027300000000000002,0.273,138.226
66L2zHxPMZz7h9AkFWKsiU,江ノ島エスカー,['ASIAN KUNG-FU GENERATION'],159333,2008,False,,0.375,0.872,0.00011899999999999999,0.4970000000000001,132.914
3Sldq4mi8wrLNukwWQcsac,腰越クライベイビー,['ASIAN KUNG-FU GENERATION'],234293,2008,False,,0.518,0.95,0.000317,0.515,111.146
33eYUqBx6T1p1CjffUtBdg,七里ヶ浜スカイウォーク,['ASIAN KUNG-FU GENERATION'],169440,2008,False,,0.643,0.856,0.0453,0.9209999999999999,115.15899999999999
357u2o8UXGJC7Ifefbd9Fq,稲村ヶ崎ジェーン,['ASIAN KUNG-FU GENERATION'],188773,2008,False,,0.562,0.963,0.0004940000000000001,0.772,121.12100000000001
0ARaleqEU8ZNXqsHGTFa4L,極楽寺ハートブレイク,['ASIAN KUNG-FU GENERATION'],141253,2008,False,,0.423,0.982,0.000535,0.479,141.218
6atDyy2WymnI0Am9Jisefm,長谷サンズ,['ASIAN KUNG-FU GENERATION'],176240,2008,False,,0.488,0.9470000000000001,0.000538,0.545,141.243
31TgDL893mbT90rkBnFEqC,由比ヶ浜カイト,['ASIAN KUNG-FU GENERATION'],234360,2008,False,,0.47700000000000004,0.81,0.000246,0.32299999999999995,105.03399999999999
4FBy4kvUVBBGjW3Um0mBoP,鎌倉グッドバイ,['ASIAN KUNG-FU GENERATION'],271333,2008,False,,0.5579999999999999,0.534,0.385,0.218,107.15299999999999
2x8O1nlSXdbQqCQYZPg5AU,運命の人,['Yu Takahashi'],295213,2016,False,,0.502,0.805,0.0149,0.36,133.94
78l6axumd1befCA86BXNbF,メガネが割れそう,['メガネツインズ(高橋優&亀田誠治)'],201920,2016,False,,0.5670000000000001,0.523,0.29100000000000004,0.441,133.92600000000002
7rguFr4hEwQlGcYFYMdLDO,Orient,"['Nizikawa', '紫咲ほたる']",260276,2019,False,,0.588,0.9890000000000001,0.00473,0.42100000000000004,145.028
1rGdTP385iUUFwF4vgBiqE,弦楽四重奏曲其の一一番,['Empty Ensemble'],99000,2016,False,,0.349,0.337,0.775,0.345,96.07799999999999
4iXolrTNraacnEVRWx4vKB,弦楽四重奏曲其の一二番,['Empty Ensemble'],211000,2016,False,,0.322,0.324,0.9520000000000001,0.43799999999999994,143.997
594DpmTTUaUToOqiYgfCE0,弦楽四重奏曲其の一三番,['Empty Ensemble'],156213,2016,False,,0.273,0.25,0.887,0.354,119.64200000000001
5bPPvjyggWJs1rirODJk1n,弦楽四重奏曲其の一四番,['Empty Ensemble'],170227,2016,False,,0.221,0.3,0.794,0.0386,82.61
78ODkxkLl2kC1GhxiFB9Yg,弦楽四重奏曲其の一語番,['Empty Ensemble'],215160,2016,False,,0.17600000000000002,0.364,0.835,0.1,131.936
4FA1rxMqTSmkGdObbYeBRp,弦楽四重奏曲其の一六番,['Empty Ensemble'],321200,2016,False,,0.161,0.262,0.8270000000000001,0.0851,142.481
1lCMv60JpGOO8Ra2Za5GhB,弦楽四重奏曲其の一七番,['Empty Ensemble'],225200,2016,False,,0.325,0.336,0.605,0.5670000000000001,127.59700000000001
14lIHAYI4zb8PUidGtJL7u,弦楽四重奏曲其の一八番,['Empty Ensemble'],197213,2016,False,,0.307,0.256,0.7879999999999999,0.46,85.285
5vAHLTf34HnHnincg5YnHt,弦楽四重奏曲其の一九番,['Empty Ensemble'],183253,2016,False,,0.0998,0.32899999999999996,0.742,0.0391,169.59400000000005
3svbpbWy2whVwXt5bgpkBg,藍色好きさ,['Indigo la End'],277413,2016,False,,0.48700000000000004,0.7979999999999999,0.000517,0.4,151.936
3BDa8BukBMxqiUVMytXKJp,雫に恋して,['Indigo la End'],242560,2016,False,,0.598,0.7290000000000001,0.052000000000000005,0.5479999999999999,123.006
1awohIw6ERoYpHfT7cKntk,愛の逆流,['Indigo la End'],230947,2016,False,,0.597,0.8690000000000001,0.000614,0.5529999999999999,127.00299999999999
4j8uTrAbMkO67iFaUW74EX,悲しくなる前に,['Indigo la End'],218947,2016,False,,0.387,0.9329999999999999,0.0146,0.701,87.02600000000002
57xwJD9oSG8zFlFVud6TLb,忘れて花束,['Indigo la End'],235160,2016,False,,0.5770000000000001,0.8,0.0193,0.7040000000000001,130.036
144pIQC3mpmUkZXMt8fIwb,夏夜のマジック,['Indigo la End'],305640,2016,False,,0.465,0.818,0.222,0.669,80.024
1AIer8JQkhSqEBVuvq4sRo,風詠む季節,['Indigo la End'],296613,2016,False,,0.512,0.382,0.706,0.23,78.014
21NUaOPr5nFhksQIBvjXyU,ダンスが続けば,['Indigo la End'],261933,2016,False,,0.665,0.743,0.0635,0.6409999999999999,122.988
06lezmLEvwdlpkxifKoFWj,心雨,['Indigo la End'],290640,2016,False,,0.49,0.602,0.0805,0.529,151.998
08u3o228LgaJRtomXWsBMB,Seaside Girl,"['Freezer', '妃苺']",258201,2019,False,,0.706,0.9259999999999999,0.0652,0.853,129.977
0egiFkYVPzwI4bDodaldZq,産まれた理由,['Yu Takahashi'],321387,2016,False,,0.41200000000000003,0.505,0.47,0.276,167.856
7wY5BB91X4qDLRFEybwLt0,ヘベレケ行進曲,['Yu Takahashi'],217627,2016,False,,0.66,0.809,0.0954,0.75,89.973
4zsZxAzC6VyupoqRStlBuf,サングラス,['メガネツインズ(高橋優&亀田誠治)'],176213,2016,False,,0.508,0.35,0.5539999999999999,0.29,171.347
7M2ZtqHQWtrDW9oGodD6vm,未来,['KOBUKURO'],316000,2016,False,,0.456,0.41200000000000003,0.8170000000000001,0.308,147.94
4kdUschlelXOddKSg64ZUo,何故、旅をするのだろう,['KOBUKURO'],331800,2016,False,,0.48700000000000004,0.613,0.3720000000000001,0.39299999999999996,74.87
1a1wr1CPK9xxHHdxBFidJz,星が綺麗な夜でした,['KOBUKURO'],273173,2016,False,,0.374,0.594,0.0723,0.23,140.529
4dp5ELyU94IvQSHAvWUnSz,陽だまりの道,['KOBUKURO'],333533,2016,False,,0.447,0.5770000000000001,0.65,0.34600000000000003,162.743
3awyLjvzLyMlUYu395KWyR,奇跡,['KOBUKURO'],332253,2016,False,,0.5429999999999999,0.865,0.27399999999999997,0.637,122.506
2bBm4PaZENkx80dT4ApWQ0,"NO PAIN, NO GAIN feat.布袋寅泰","['KOBUKURO', 'HOTEI']",344493,2016,False,,0.446,0.9109999999999999,0.335,0.496,163.92700000000005
6jLapDj7bSxtxbTrw5n8zl,しあわせの詩,['Uru'],315387,2017,False,,0.38,0.308,0.937,0.285,71.407
5F8bNFMXHa597RoO5EaAWa,いい男,['Uru'],280960,2017,False,,0.57,0.131,0.97,0.21600000000000005,135.82299999999998
2pcfRR3XAJGe6DQwCoEQHH,しあわせの詩 -instrumental- - Instrumental,['Uru'],315400,2017,False,,0.237,0.256,0.905,0.102,134.615
3rqpL0YOfxiZq9hUw1AIUt,いい男 -instrumental- - Instrumental,['Uru'],280960,2017,False,,0.632,0.0548,0.983,0.0764,135.928
31FaowDBExlcRt5DHIXOkQ,見たこともない景色,['Masaki Suda'],222893,2017,False,,0.45799999999999996,0.888,0.00025499999999999996,0.568,90.473
2BxZMArhQuU37JYe5eBVfE,見たこともない景色(Instrumental),['Masaki Suda'],221573,2017,False,,0.45399999999999996,0.9179999999999999,6.27e-06,0.544,90.46799999999999
0VRm7oojqqOCwKXpMnzKYh,きっと良くなるさ,['Shinsei Kamattechan'],197200,2016,False,,0.45799999999999996,0.977,0.0394,0.517,169.96599999999995
2Y8kCgAzZV3oNejYYCpXFO,僕ブレード,['Shinsei Kamattechan'],170693,2016,False,,0.19,0.9470000000000001,6.579999999999999e-05,0.409,182.21400000000003
1bSOnz4rnzCBBdH5JxIcBn,そよぐ風の中で,['Shinsei Kamattechan'],287160,2016,False,,0.534,0.9179999999999999,0.00028199999999999997,0.8859999999999999,111.038
2Rr7TU9pFo8nlZkyxHmm8p,"drugs,ねー子",['Shinsei Kamattechan'],163320,2016,False,,0.376,0.951,0.00011899999999999999,0.56,148.974
2TE8U1EETI6cpd5txCHvAa,天文学的なその数から,['Shinsei Kamattechan'],282853,2016,False,,0.491,0.909,0.0104,0.5920000000000001,146.874
1R4MQJcrR5UqKmNt4rch5N,荒廢之綠洲,['Alfred Hui'],261412,2019,False,,0.365,0.297,0.731,0.295,134.297
1tFeMUFrm2suBHtQL2QyUX,偽人,['Alfred Hui'],248280,2019,False,,0.473,0.813,0.0456,0.35600000000000004,145.005
6po5dURheDtKJkE8dw4Lmq,單數,['Alfred Hui'],217543,2019,False,,0.534,0.6729999999999999,0.35600000000000004,0.613,175.93
5nGD10hyzO34h44gmm81ix,四書五經六欲七竅,['Alfred Hui'],202978,2019,False,,0.785,0.659,0.0295,0.972,104.986
2C0h60sF9ceVYEHqKvzf5q,招數,['Alfred Hui'],223321,2019,False,,0.635,0.757,0.00119,0.23600000000000002,125.001
1efyYgdXZ43EI7oQ9Tx6FC,將心比己,['Alfred Hui'],254808,2019,False,,0.732,0.5670000000000001,0.528,0.585,125.978
6xiMRV0OqmL9M4s37QD2i2,我們與愛的距離,['Alfred Hui'],231265,2019,False,,0.604,0.465,0.618,0.508,119.859
3aCZOGaZi6f4VhDpBampHC,雪糕,['Alfred Hui'],276385,2019,False,,0.3670000000000001,0.40299999999999997,0.405,0.319,151.235
2d31lGHYH404EKp4NIsR91,你可能未必不喜歡我,['Alfred Hui'],285303,2019,False,,0.585,0.311,0.845,0.275,76.95100000000002
3lHXdy4biXamrL0BMSM39i,十,['Alfred Hui'],367524,2019,False,,0.475,0.51,0.326,0.251,108.042
1o19HGWmpi9oZylCzrN12x,"His Theme (From ""Undertale"")",['千π (SenPi)'],310486,2016,False,,0.498,0.977,0.000478,0.28300000000000003,175.00900000000001
5oNAM1EDsZocalSL7zxS1R,我們與愛的距離,['Alfred Hui'],231265,2019,False,,0.604,0.465,0.618,0.508,119.859
5JdjDoDHqzQBIrOpUrXmAt,光の破片,['Yu Takahashi'],255533,2016,False,,0.573,0.7559999999999999,0.226,0.423,116.046
0IFAP2ZahFt6id5WsCsqIK,誰かの望みが叶うころ,['Yu Takahashi'],337493,2016,False,,0.45799999999999996,0.619,0.40299999999999997,0.33399999999999996,153.537
7bvTYCLzUFUE9dDOFT9u31,視力検査,['メガネツインズ(高橋優&亀田誠治)'],189627,2016,False,,0.762,0.7140000000000001,0.113,0.5760000000000001,132.014
0qVdP3kNxK2ujgl8TeRHT9,Easter / 復活祭,['ASIAN KUNG-FU GENERATION'],180000,2015,False,,0.27899999999999997,0.953,0.0443,0.513,193.36599999999999
58n0IDT1OcouMm6SYSrb8X,Little Lennon / 小さなレノン,['ASIAN KUNG-FU GENERATION'],241800,2015,False,,0.46,0.929,0.0152,0.4370000000000001,93.67399999999999
4MeAAfe8HSfMWxxEPjWRGt,Winner and Loser / 勝者と敗者,['ASIAN KUNG-FU GENERATION'],242747,2015,False,,0.526,0.953,0.00263,0.586,94.611
5VMpjczbWK5BW22NT7gMhe,Caterpillar / 芋虫,['ASIAN KUNG-FU GENERATION'],214347,2015,False,,0.495,0.9590000000000001,0.00044500000000000003,0.45299999999999996,127.199
7upfEp32zoXvkTqZLqUBDJ,Eternal Sunshine / 永遠の陽光,['ASIAN KUNG-FU GENERATION'],299493,2015,False,,0.56,0.924,0.0336,0.326,133.22
7MCChQ6XHBHEWZpwNl411G,Planet of the Apes / 猿の惑星,['ASIAN KUNG-FU GENERATION'],132853,2015,False,,0.445,0.977,0.000886,0.672,96.726
6uPfPiIBDTjVrbvSkzYuxm,Prisoner in a Frame / 額の中の囚人,['ASIAN KUNG-FU GENERATION'],276573,2015,False,,0.568,0.807,0.009179999999999999,0.308,139.19899999999998
310icc7cDHRadisH808uCX,Signal on the Street / 街頭のシグナル,['ASIAN KUNG-FU GENERATION'],258533,2015,False,,0.36,0.9670000000000001,0.0005809999999999999,0.35700000000000004,177.475
3bMDbKfLbqgIErrZWw0Jcm,就活スタート,['Yasutaka Nakata'],104947,2016,False,,0.0,0.452,0.604,0.0,0.0
6eNj1HJbVlbgqu3bET88CD,3人の出会い,['Yasutaka Nakata'],60907,2016,False,,0.493,0.21100000000000002,0.991,0.154,139.32299999999998
5YDRyD8zRT0JsiyMeOeW1L,拓人の想い,['Yasutaka Nakata'],96053,2016,False,,0.615,0.0353,0.987,0.31,139.734
0w7CkjUO6wTVJXEE6KtXWL,就活対策本部結成,['Yasutaka Nakata'],80880,2016,False,,0.5489999999999999,0.63,0.11599999999999999,0.0504,127.152
7bsfs2aEjYWm6WUNSo8ua8,何者のテーマ,['Yasutaka Nakata'],227920,2016,False,,0.524,0.0156,0.992,0.27899999999999997,199.206
52Puc1I7f2xiYhCKZhl07p,瑞月のお母さんの話,['Yasutaka Nakata'],161107,2016,False,,0.529,0.0233,0.983,0.0638,101.24799999999999
1LnCShcMhAjZQGsSzdV00V,何者〜モンタージュ〜,['Yasutaka Nakata'],147360,2016,False,,0.0,0.0113,0.9490000000000001,0.0,0.0
2wswKrNcJ1ztZQL1gYyemv,光太郎の本音,['Yasutaka Nakata'],154440,2016,False,,0.419,0.0019399999999999999,0.993,0.268,70.317
5UTGwdpCpp4MLfEuhdAqhq,何者劇場,['Yasutaka Nakata'],406507,2016,False,,0.5870000000000001,0.445,0.151,0.171,163.968
6fN6XGzerOVFT4FKlSFeL8,拓人と瑞月,['Yasutaka Nakata'],230000,2016,False,,0.491,0.0444,0.982,0.0838,102.37200000000001
21YjXHKo8hc5fOK7sYtixB,NANIMONO (feat. 米津玄師),"['Yasutaka Nakata', 'Kenshi Yonezu']",246133,2016,False,,0.601,0.95,0.000521,0.29100000000000004,128.014
65SAq3iQokPus7KklLNyx6,NANIMONO (feat. 米津玄師) - extended mix,"['Yasutaka Nakata', 'Kenshi Yonezu']",324573,2016,False,,0.633,0.914,0.000183,0.47,127.986
7o1D7BNNWa4WAYIJNl0SLQ,NANIMONO (feat. 米津玄師) - Danny L Harle remix,"['Yasutaka Nakata', 'Kenshi Yonezu', 'Danny L Harle']",259707,2016,False,,0.376,0.909,0.109,0.5539999999999999,127.944
34oTQSgLrJHQW3BsVidNQG,NANIMONO (feat. 米津玄師) - TeddyLoid remix,"['Yasutaka Nakata', 'Kenshi Yonezu', 'TeddyLoid']",345600,2016,False,,0.5660000000000001,0.966,0.00128,0.305,127.979
52PJWKJTA1HYmtFSe92GRv,NANIMONO (feat. 米津玄師) - banvox remix,"['Yasutaka Nakata', 'Kenshi Yonezu', 'banvox']",246600,2016,False,,0.674,0.938,0.000789,0.13,128.143
7v9yESifckKMdwmfiGRHkp,天草之間,"['天草之間遊牧樂團', 'Daniel Ho']",214589,2017,False,,0.665,0.195,0.975,0.521,124.16
4aSUb1NXapb242tHfxN3Ju,忠實的心想念你,"['天草之間遊牧樂團', 'Daniel Ho']",201520,2017,False,,0.63,0.364,0.853,0.809,90.037
4Q6qOnMwo8jYvkZsOsY8Xx,灰色的麻雀,"['天草之間遊牧樂團', 'Daniel Ho']",279685,2017,False,,0.17,0.254,0.963,0.16899999999999998,170.65900000000005
2Y73vZP4YrkVQRricX9tPO,花兒,"['天草之間遊牧樂團', 'Daniel Ho']",167820,2017,False,,0.642,0.626,0.813,0.851,80.084
7bYu4GWVPV9jMYmuCwlYLg,喜鵲,"['天草之間遊牧樂團', 'Daniel Ho']",110558,2017,False,,0.9279999999999999,0.331,0.894,0.539,130.06799999999998
3aqJ7lRpQ3DPItR5x9YYzI,江沐淪水,"['天草之間遊牧樂團', 'Daniel Ho']",280201,2017,False,,0.163,0.41100000000000003,0.927,0.201,85.838
7tTFx6tUPO1OD7tz9dgCqr,悠車調,"['天草之間遊牧樂團', 'Daniel Ho']",209277,2017,False,,0.365,0.166,0.985,0.265,146.933
4pSigYcuUNMFPhiBsAhn52,金色的陽光,"['天草之間遊牧樂團', 'Daniel Ho']",210406,2017,False,,0.25,0.285,0.987,0.295,86.40799999999999
7s6Ym6iNLwq55325xk90qF,吆喝兒,"['天草之間遊牧樂團', 'Daniel Ho']",151854,2017,False,,0.588,0.6970000000000001,0.7909999999999999,0.725,151.81
2Fui3uLTQuV5Sx2rEMcZKK,烏赫爾圖灰騰,"['天草之間遊牧樂團', 'Daniel Ho']",130149,2017,False,,0.43,0.282,0.929,0.113,128.201
7f7GxhmubGSq940p2UvOcU,馬群讚,"['天草之間遊牧樂團', 'Daniel Ho']",193867,2017,False,,0.44799999999999995,0.341,0.595,0.0754,128.549
05bg1n35IXH9ewx3Kh2VTh,祝酒歌,"['天草之間遊牧樂團', 'Daniel Ho']",143419,2017,False,,0.45799999999999996,0.43,0.975,0.604,111.795
7Enkp3cC6QemCEjXcQXdgK,聖主成吉思汗,"['天草之間遊牧樂團', 'Daniel Ho']",397019,2017,False,,0.0641,0.5329999999999999,0.919,0.0759,72.335
5tmag3nikEhb4YmFEDfgIl,引子,['王建元'],195360,1980,False,,0.33799999999999997,0.303,0.053,0.0385,127.06200000000001
1SBFVXBiOBqHG3hlfBDn0E,立式八段錦之快意,['王建元'],335667,1980,False,,0.573,0.21,0.63,0.42200000000000004,126.044
06BAEt6U8RHOLYz0UyaKWY,立式八段錦之暢然,['王建元'],396800,1980,False,,0.254,0.265,0.156,0.0836,119.709
5qFp4E0mqoxyp54wr0fdhe,立式八段錦之圓融,['王建元'],458640,1980,False,,0.284,0.22899999999999998,0.35600000000000004,0.0606,65.164
09zMDXrRsHz79jaIReuQ46,坐式八段錦,['王建元'],583333,1980,False,,0.319,0.242,0.6940000000000001,0.0841,142.582
6gwA1gDBNUGUse9XVv2ykv,臥式八段錦,['王建元'],378653,1980,False,,0.157,0.228,0.828,0.0384,73.291
3WYyigO3Bo617NwV5jNIdq,君の背景,['Yu Takahashi'],345973,2016,False,,0.512,0.6809999999999999,0.551,0.557,90.40100000000001
5RixxUdYFbQeHppfSMQF5R,明日はきっといい日になる,['Yu Takahashi'],292000,2016,False,,0.511,0.925,0.0844,0.74,105.70200000000001
4cLFG05NlQTPWf3s5RIG5y,拒む君の手を握る,['Yu Takahashi'],221813,2016,False,,0.733,0.503,0.7559999999999999,0.4970000000000001,125.07700000000001
5JXP84dQfTlLDJKRj8UvjS,象,['Yu Takahashi'],226907,2016,False,,0.46399999999999997,0.88,0.0405,0.353,86.46700000000001
18nhXUjS1PGGSQhPuPWLXv,悲しみのない場所,['Yu Takahashi'],245180,2016,False,,0.4320000000000001,0.315,0.767,0.402,144.941
542bA1Q9XxrcW8zo4pQ0e5,産まれた理由,['Yu Takahashi'],321387,2016,False,,0.41200000000000003,0.505,0.47,0.276,167.856
4g5ZUsd10wLBwMNnPfRIor,光の破片,['Yu Takahashi'],255533,2016,False,,0.573,0.7559999999999999,0.226,0.423,116.046
2VCHmRjFrS85huKRl1cHz8,月暈,['PASSEPIED'],338240,2016,False,,0.584,0.8390000000000001,0.0143,0.46,121.986
4LQ7eFSgxdk17bvJtHhshR,わたし開花したわ re(mind)mix,['PASSEPIED'],838240,2016,False,,0.27699999999999997,0.902,0.0006320000000000001,0.397,170.71099999999996
76D51vVjwob8VfI03Jb1h0,北斗七星,['Anly'],355482,2017,False,,0.452,0.386,0.9179999999999999,0.35600000000000004,143.862
722KsbM8nAmtP9quY41MO1,想いきり,['Indigo la End'],197040,2017,False,,0.466,0.897,0.000206,0.802,159.988
5fHbYj95jdSsb0wQ6QntIJ,見せかけのラブソング,['Indigo la End'],256187,2017,False,,0.7240000000000001,0.8340000000000001,0.0179,0.782,129.014
0Z6z9RWJoIDiDrOZj0Uc3y,猫にも愛を,['Indigo la End'],227000,2017,False,,0.45,0.48700000000000004,0.513,0.0394,83.973
6Ac2LulcYnQZb2cD4ol2Y1,鐘泣く命,['Indigo la End'],269680,2017,False,,0.568,0.887,0.212,0.425,124.084
7C3OWKb8cpTektsMxoVQCE,知らない血,['Indigo la End'],220840,2017,False,,0.38799999999999996,0.89,0.00044,0.507,136.961
4WYhn4KJkoFuaOb10oZuMC,天使にキスを,['Indigo la End'],297173,2017,False,,0.635,0.8340000000000001,0.0946,0.633,126.02799999999999
58lh78VxrDUJBgpSMTu4TV,夏夜のマジック(Remix by ちゃんMARI),"['Indigo la End', 'ちゃんMARI']",251480,2017,False,,0.434,0.59,0.659,0.43,75.146
4M2ft0utYYfDoUkIcupHSq,原宿いやほい,['Kyary Pamyu Pamyu'],221250,2017,False,,0.662,0.975,0.063,0.8059999999999999,127.995
16Kb6PHNoYp5TTsZgRCDNx,雪の華,['Mika Nakashima'],341467,2014,False,,0.474,0.318,0.7759999999999999,0.139,71.932
6AOATmO3zjBg2rRckPDBiu,桜色舞うころ,['Mika Nakashima'],297600,2014,False,,0.5870000000000001,0.35200000000000004,0.8220000000000001,0.32799999999999996,84.075
4I0hZ2vCjlb5EBefrJ5LPQ,一番綺麗な私を,['Mika Nakashima'],270000,2014,False,,0.461,0.515,0.317,0.312,170.023
4yITntDE5RxytKhQy7jSbQ,見えない星,['Mika Nakashima'],317853,2014,False,,0.574,0.35100000000000003,0.722,0.23199999999999998,72.98100000000002
7i3mbEppJXpnfmND3w2OAu,接吻,['Mika Nakashima'],364160,2014,False,,0.6459999999999999,0.561,0.10300000000000001,0.631,81.959
1FQlan41FavlOXJLY72Gqi,愛してる,['Mika Nakashima'],333373,2014,False,,0.564,0.504,0.703,0.39,74.965
6NSlPMFGZOgrDd2WicKS02,素直なまま,['Mika Nakashima'],322507,2014,False,,0.6779999999999999,0.639,0.494,0.5329999999999999,73.985
5DHKMjQc97OIFXSISEMoR0,SAKURA〜花霞〜,['Mika Nakashima'],275347,2014,False,,0.573,0.249,0.7859999999999999,0.168,78.96600000000002
601vU0RjHTP80w770b4O39,一色,"['Nana', 'Mika Nakashima']",320853,2014,False,,0.531,0.6409999999999999,0.373,0.28800000000000003,107.95200000000001
1aMFDjYeB1DSG66dVmeZ4Q,明日世界が終わるなら,['Mika Nakashima'],269160,2014,False,,0.634,0.406,0.41200000000000003,0.142,93.04
4EtHqqHd6LzTBOjLvmv3ce,愛詞 (あいことば),['Mika Nakashima'],341280,2014,False,,0.56,0.285,0.607,0.16,125.931
6Flllj0iIJPwXUpxL9KdxC,蝶々結び,['Aimer'],305333,2016,False,,0.51,0.5,0.402,0.355,142.069
3hgWEKhniMBlVdGV0yOu3N,声色,['Aimer'],297453,2016,False,,0.40700000000000003,0.44299999999999995,0.306,0.517,73.768
79Ml48Xwz2s4UPnH26h2RQ,風が吹いている-UK recorded version- - UK Recorded Version,['Ikimonogakari'],557133,2012,False,,0.267,0.742,0.41,0.257,173.192
4L7pumluY9eBJsWZQGOisB,帰りたくなったよ,['Ikimonogakari'],366520,2012,False,,0.41200000000000003,0.552,0.0201,0.358,157.833
5q8StTzGxbsraZTgrhBED4,歩いていこう-piano intro version- - Piano Intro Version,['Ikimonogakari'],371653,2012,False,,0.47100000000000003,0.706,0.0279,0.547,163.86900000000003
3ZnlxaaJo3JxH8ZqYKfQFd,心の花を咲かせよう,['Ikimonogakari'],283893,2012,False,,0.5,0.672,0.16899999999999998,0.473,166.115
3dIXGaWHKKjliFCw3TNRIl,茜色の約束,['Ikimonogakari'],294653,2012,False,,0.521,0.759,0.0995,0.534,158.05
30efXFAZquWncT7x6BGm2e,明日へ向かう帰り道,['Ikimonogakari'],287053,2012,False,,0.525,0.275,0.7559999999999999,0.298,131.77200000000002
1RcHBk1W1l0ZAbTq6XU6Mz,風が吹いている,['Ikimonogakari'],460160,2012,False,,0.48,0.721,0.109,0.445,88.992
3uyDAZlVqIE2eTDk7D0UAe,笑顔,['Ikimonogakari'],298933,2013,False,,0.542,0.777,0.147,0.556,151.965
4VREVKXoLqrDz0IiLhK29y,1 2 3 〜恋がはじまる〜,['Ikimonogakari'],297600,2013,False,,0.541,0.871,0.12300000000000001,0.7390000000000001,158.076
0SJQsMhiVWC2Xw2giAoYi9,恋跡,['Ikimonogakari'],283347,2013,False,,0.693,0.8109999999999999,0.0474,0.505,124.12100000000001
1EEazwzcH2xSJ4vODCExNc,風乞うて花揺れる,['Ikimonogakari'],355413,2013,False,,0.596,0.6829999999999999,0.174,0.384,82.98899999999998
4HG9OxuX68VFPQHzYI7xfY,恋愛小説,['Ikimonogakari'],303720,2013,False,,0.6579999999999999,0.8390000000000001,0.0787,0.616,124.978
7qIQToSTCNRJXJKe789po9,東京,['Ikimonogakari'],263293,2013,False,,0.6459999999999999,0.39299999999999996,0.526,0.326,107.95700000000001
5G1QSlsem5PkS1QFjKX43D,風が吹いている,['Ikimonogakari'],463027,2013,False,,0.319,0.731,0.185,0.441,177.748
4FaUSpNNCXdm24JpQ6oGEE,約束 -Promise code-,['GARNiDELiA'],255920,2016,False,,0.435,0.8909999999999999,0.0377,0.32799999999999996,198.09
1d8jutiwlFD45a1b2yABfF,極楽浄土,['GARNiDELiA'],218800,2016,False,,0.627,0.9690000000000001,0.00131,0.773,130.997
3JvZ82eUCRs4EbFFrXbu3i,紫苑,['GARNiDELiA'],321213,2016,False,,0.622,0.637,0.65,0.405,78.02
4cE9zjoVzynKlJYTaAjTKO,約束 -Promise code- instrumental - Instrumental,['GARNiDELiA'],254653,2016,False,,0.335,0.835,0.00016,0.105,197.989
1Yi6wnRlmXyR6UzZdRxVTw,At 突然死 으로 Μπλεξιμο,"['Discharge of the Bloodyentrails', 'Nilmar Buenaflor', '萱周']",215717,2020,True,,0.242,0.997,0.418,0.034,130.632
0DNZtxj2NCAeLY69oXxKXU,Citizen's 神のない,"['Discharge of the Bloodyentrails', 'Jose Luis Bautista']",267945,2020,True,,0.244,0.995,0.0046,0.0369,140.264
19hvFwo6N11mJ2RL6Ac8CT,新世紀のラブソング,['ASIAN KUNG-FU GENERATION'],314160,2010,False,,0.639,0.7340000000000001,0.00020899999999999998,0.598,120.021
5bw5mDARMJSk838nfktPfZ,双子葉,['ASIAN KUNG-FU GENERATION'],238507,2010,False,,0.364,0.8420000000000001,5e-05,0.723,189.385
3CnG4kr3JfX7HwREe24aDu,迷子犬と雨のビート,['ASIAN KUNG-FU GENERATION'],296773,2010,False,,0.435,0.83,0.0318,0.573,121.31
1UUedNYlrhGvyNOQQEg2Ze,青空と黒い猫,['ASIAN KUNG-FU GENERATION'],278893,2010,False,,0.442,0.882,0.000199,0.508,92.734
2kfZvkhT7KEK3y1YKgqXGp,架空生物のブルース,['ASIAN KUNG-FU GENERATION'],258600,2010,False,,0.629,0.831,0.16699999999999998,0.461,115.26700000000001
0gK9jSFoOFRRdNosDSWjPV,ラストダンスは悲しみを乗せて,['ASIAN KUNG-FU GENERATION'],221773,2010,False,,0.581,0.9059999999999999,0.0103,0.6920000000000001,123.285
4J2eDpEjwdKbZ1jpihLv0J,橙,['ASIAN KUNG-FU GENERATION'],253907,2010,False,,0.491,0.878,0.0019199999999999998,0.7759999999999999,139.279
1KYK1e0kVKa4o4JX1XEUPD,未来の破片,['ASIAN KUNG-FU GENERATION'],285840,2003,False,,0.275,0.903,0.000143,0.37,178.01
0tcfP2O3xtvTLIK7fbIHG1,電波塔,['ASIAN KUNG-FU GENERATION'],211400,2003,False,,0.344,0.652,1.8100000000000006e-05,0.406,179.011
3DSObvkVK3GjHP4E3m0eff,夏の日、残像,['ASIAN KUNG-FU GENERATION'],281240,2003,False,,0.409,0.7809999999999999,0.00028199999999999997,0.40399999999999997,169.109
3rqSzmkP4P0Js8e2NWzAid,無限グライダー,['ASIAN KUNG-FU GENERATION'],307120,2003,False,,0.475,0.684,0.0034100000000000003,0.306,157.107
3zmUUPP928UCe6WY6ZLdWf,その訳を,['ASIAN KUNG-FU GENERATION'],275973,2003,False,,0.523,0.8759999999999999,4.61e-06,0.741,133.033
6RAq5lnQ38BquAZmxmb0DV,自閉探索,['ASIAN KUNG-FU GENERATION'],208360,2003,False,,0.55,0.87,0.000397,0.718,92.537
4jHLx3kpqUl05I8I9Ayc9n,君という花,['ASIAN KUNG-FU GENERATION'],370667,2003,False,,0.551,0.7440000000000001,2.11e-05,0.5539999999999999,133.049
0eFu5LSpOos1TnGhaojEWX,暗号のワルツ,['ASIAN KUNG-FU GENERATION'],265787,2006,False,,0.589,0.943,0.00176,0.618,100.396
76Cz5lO5ZqfYZBgVH3MuR1,桜草,['ASIAN KUNG-FU GENERATION'],233827,2006,False,,0.602,0.8390000000000001,0.00132,0.846,146.894
3qtPgOgkqpld1vfiuOTvN5,路地裏のうさぎ,['ASIAN KUNG-FU GENERATION'],167227,2006,False,,0.485,0.9570000000000001,3.39e-05,0.6459999999999999,92.35799999999999
3t7ugPD6rmzFJFXpyqi1vY,真冬のダンス,['ASIAN KUNG-FU GENERATION'],205360,2006,False,,0.508,0.7559999999999999,0.00011599999999999999,0.953,201.928
7G4TU4azg8qQpqKaIh35Yy,月光,['ASIAN KUNG-FU GENERATION'],381907,2006,False,,0.503,0.7040000000000001,0.000919,0.237,140.953
1lzVhHihby5uHDwml2ApDr,振動覚,['ASIAN KUNG-FU GENERATION'],147200,2004,False,,0.32299999999999995,0.953,1.62e-05,0.5760000000000001,184.88400000000001
4Ike4WOxndRJgYT5Roipug,君の街まで,['ASIAN KUNG-FU GENERATION'],215867,2004,False,,0.517,0.89,0.00243,0.6990000000000001,155.049
6LPtlmTuAjeCYcJB4AELMV,夜の向こう,['ASIAN KUNG-FU GENERATION'],192840,2004,False,,0.541,0.9390000000000001,0.00011200000000000001,0.561,115.02799999999999
1gs9xlTqTqL3XX9xkI1JSW,24時,['ASIAN KUNG-FU GENERATION'],211240,2004,False,,0.419,0.912,1.1900000000000001e-05,0.733,161.999
1DeqBaiDdHhTwuyDNxxjCi,真夜中と真昼の夢,['ASIAN KUNG-FU GENERATION'],260827,2004,False,,0.5710000000000001,0.785,0.131,0.335,133.023
0hF82a0e0ce03Sau7nDIU8,海岸通り,['ASIAN KUNG-FU GENERATION'],280600,2004,False,,0.349,0.852,0.000405,0.56,170.06900000000005
0linCminvgYQfU2OQRMRGr,旅立つ君へ,['ASIAN KUNG-FU GENERATION'],169413,2008,False,,0.27399999999999997,0.97,6.78e-05,0.373,139.22299999999998
0aALFjdmU6SCUsQdXGmnAL,惑星,['ASIAN KUNG-FU GENERATION'],241040,2008,False,,0.389,0.966,0.000161,0.711,170.958
0UMcJLihngv9ICMNt8YEaF,転がる岩、君に朝が降る,['ASIAN KUNG-FU GENERATION'],277533,2008,False,,0.45799999999999996,0.9059999999999999,0.000397,0.57,147.02
6EnMftnRPAUXoykp7CkeNJ,或る街の群青,['ASIAN KUNG-FU GENERATION'],256173,2008,False,,0.415,0.9259999999999999,0.00213,0.26899999999999996,149.168
0PQPhdayhgwt6mSmTyxzKe,新しい世界,['ASIAN KUNG-FU GENERATION'],197800,2008,False,,0.294,0.9570000000000001,0.00022799999999999999,0.45,181.035
3wLkrnDhZWqmf0UC25SQFc,未来世界,"[""L'Arc-en-Ciel""]",199120,2012,False,,0.26899999999999996,0.439,0.523,0.155,94.943
5sOoJ4pdoeJZyNHjAHJBmr,接吻,"[""L'Arc-en-Ciel""]",264667,2004,False,,0.46299999999999997,0.9329999999999999,0.00517,0.452,91.991
404k2hAri012PdGifNi8hw,永遠,"[""L'Arc-en-Ciel""]",279333,2004,False,,0.46299999999999997,0.9359999999999999,0.00183,0.35200000000000004,112.50200000000001
1OT1BHqS5qyydA9mdElrnn,瞳の住人,"[""L'Arc-en-Ciel""]",355160,2004,False,,0.527,0.71,0.0781,0.414,93.973
6HUi0bmEmTcF2KIXVdd3Wl,赤い手,['SID'],268267,2012,False,,0.304,0.858,0.0536,0.39299999999999996,190.097
1n33Oho3lS4zpyHwxQehkZ,恋におちて,['SID'],249440,2012,False,,0.478,0.7859999999999999,0.0567,0.754,180.05700000000004
70k0ssdlYjA4BxH0178mPR,迷路,['SID'],264800,2012,False,,0.698,0.655,0.39,0.667,90.00399999999998
4mw6B1ZAXlBMYER9ryJJxV,原宿いやほい,['Kyary Pamyu Pamyu'],221250,2017,False,,0.662,0.975,0.063,0.8059999999999999,127.995
2TLDGxs88qTmqqpEI9CjJZ,原宿いやほい - extended mix,['Kyary Pamyu Pamyu'],339375,2017,False,,0.664,0.978,0.0115,0.861,127.993
2hkeIa6hxCv7EcZVgG9c1H,1/3の純情な感情,['FLOW'],233053,2011,False,,0.456,0.922,0.000997,0.521,154.968
2vlnIvbgCCMuEj3DqnyPw9,愛愛愛に撃たれてバイバイバイ,['FLOW'],251480,2015,False,,0.498,0.93,7.670000000000001e-05,0.7,96.447
0a6FFRVvyjIPjfqAp0nrbr,HERO 〜希望の歌〜,['FLOW'],218800,2015,False,,0.465,0.973,0.00159,0.66,175.045
4QtZspnPny1sXQbIrgxL7c,FLOW ANIME BEST 極MIX by DJ和,"['FLOW', 'GRANRODEO']",487267,2015,False,,0.21,0.9570000000000001,0.000797,0.469,173.324
2aQDpTmWnHAaNIkv1bdSmE,虹の空,['FLOW'],247227,2015,False,,0.551,0.9,0.0331,0.4370000000000001,95.556
4Lt285HYqI1gwWbsxQ8DzX,光追いかけて,['FLOW'],240813,2015,False,,0.544,0.897,0.0039299999999999995,0.7,145.97899999999996
75nqTM0i0NvuQfFGSousrq,光追いかけて,"['FLOW', 'Kodai Matsuoka']",194640,2015,False,,0.547,0.871,0.0047799999999999995,0.523,146.031
6nAV7HfFyKtlTD1TJRcVd8,虹の空 -Instrumental-,['FLOW'],246947,2015,False,,0.409,0.899,9.42e-05,0.594,95.51299999999999
3e6ZO9yC53nI00YerRJhI4,風ノ唄,['FLOW'],260539,2016,False,,0.507,0.9,0.0191,0.738,141.987
45oqCLbUNjXMkSUEMZKzDF,風ノ唄 -Instrumental-,['FLOW'],260357,2016,False,,0.486,0.84,2.380000000000001e-05,0.645,141.969
6oFF8y35OnPbYrHj1OyMeN,風ノ唄 -TV Size-,['FLOW'],91326,2016,False,,0.5670000000000001,0.818,0.0297,0.927,141.97799999999995
3ZyC7mCYTL2AVkz5CSbQPr,虹の空 -Album Ver-,['FLOW'],284587,2016,False,,0.573,0.87,0.0391,0.272,95.586
3OxfGhokCDYNWhQK6pgH6B,光追いかけて -Crystal Lake mix - - Crystal Lake Mix,['FLOW'],309627,2016,False,,0.507,0.3670000000000001,0.741,0.37799999999999995,113.969
18YeWePCq2QaXeul0pq694,魑魅魍魎,"['FLOW', 'Hayate']",244333,2016,False,,0.557,0.95,0.00281,0.815,95.541
2E4SDQRkog9hbxNq0BSqBi,Good Days 〜君を忘れない〜,['FLOW'],431440,2016,False,,0.369,0.688,0.00469,0.266,156.04
31buHkPuzCcvq2Il1WpLSP,詠嘆曲,['F.I.R.'],53267,2007,False,,0.16,0.177,0.927,0.159,99.147
7E4Acez5YIBT2FmbcqLIlM,第十行星,['F.I.R.'],200280,2007,False,,0.54,0.843,0.00032,0.46799999999999997,110.01
0CAxrZz3ycC71KUUKUNAws,需要你的愛,['F.I.R.'],311307,2007,False,,0.429,0.518,0.389,0.158,137.74
3Dyah6rDPzJJ6YOC0l58O7,三個心願,['F.I.R.'],216360,2007,False,,0.701,0.6629999999999999,0.24600000000000002,0.563,102.98200000000001
65pq701vl2owizkLqA2v3x,真愛地圖,['F.I.R.'],253267,2007,False,,0.45299999999999996,0.6509999999999999,0.192,0.3,140.062
1b5IRT3iraxjHOsKZx93sW,月牙灣,['F.I.R.'],308547,2007,False,,0.414,0.691,0.0523,0.552,174.03
63LxvgqYd2t6u4w7xm0Rt1,愛過,['F.I.R.'],242800,2007,False,,0.309,0.45299999999999996,0.449,0.154,131.634
3fKqwPjRnoE9HxzLICinsn,彩色拼圖,['F.I.R.'],212133,2007,False,,0.568,0.893,0.0020399999999999997,0.904,163.956
3DSqCdEKbtr9j80K6KAWfe,永すぎた春,['PASSEPIED'],256000,2017,False,,0.534,0.941,0.00109,0.523,137.872
1DhQGOo4GijePLEVfobb71,やまない声,['PASSEPIED'],209400,2017,False,,0.456,0.914,0.00982,0.65,176.923
4lvUr0l57wRIqPU4z3j7xb,ああ、無情,['PASSEPIED'],235947,2017,False,,0.434,0.904,0.0151,0.7,165.082
0KIeGXrkV55pUNVmq4FO2P,夜の子供,['PASSEPIED'],258587,2017,False,,0.6679999999999999,0.6,0.6509999999999999,0.15,93.038
6QGrGP9mzriRdq1oTnUXhf,おいしい関係,['PASSEPIED'],202307,2017,False,,0.723,0.8240000000000001,0.111,0.904,110.08200000000001
2dUZFnmqSae6oEmn55VnGA,秘密の作戦,['FLOW'],227227,2017,False,,0.517,0.978,5.19e-05,0.45,155.96
3RRl4aiipErxRo8IbWQ5eO,旅の途中,['FLOW'],265387,2017,False,,0.5920000000000001,0.828,0.00555,0.53,137.019
1Nzv7FjiYpCMNahBXGk030,サヨナラの意味,['Nogizaka46'],299040,2016,False,,0.505,0.742,0.226,0.508,127.021
23cFky8nOg4xAUIXo4Qtp3,孤独な青空,['Nogizaka46'],221347,2016,False,,0.425,0.9,0.107,0.767,155.072
2LrchXN6IJzwvd0gkrQDEj,あの教室,['Nogizaka46'],205840,2016,False,,0.467,0.882,0.0373,0.447,149.942
2iHFlhNws3dWqNiPltJtdJ,2度目のキスから,['Nogizaka46'],239787,2016,False,,0.528,0.9420000000000001,0.0771,0.795,144.929
4uqiLgohPVHDUQgifhpld4,君に贈る花がない,['Nogizaka46'],274440,2016,False,,0.615,0.9840000000000001,0.225,0.573,125.941
1JlGxTflJnzRO6pUoHTE6B,裸足でSummer,['Nogizaka46'],277933,2016,False,,0.526,0.981,0.125,0.521,139.96
6O6bzCm0GE6S7n4qGNbTOB,僕だけの光,['Nogizaka46'],232240,2016,False,,0.648,0.875,0.461,0.821,123.96799999999999
3mCTdoCay6pLzLkm8FhSJ6,命の真実 ミュージカル「林檎売りとカメムシ」,['Nogizaka46'],314280,2016,False,,0.392,0.6990000000000001,0.843,0.26,104.71799999999999
4yMgqKpM79H80QuNon2uUv,白米様,['Nogizaka46'],246853,2016,False,,0.5479999999999999,0.914,0.22399999999999998,0.8109999999999999,156.984
1FoSe6EtlIZ4An8Pozjk1v,行くあてのない僕たち,['Nogizaka46'],295707,2016,False,,0.593,0.98,0.41200000000000003,0.643,118.052
1YDXQnj1WQ6cOSeTMsqJZB,命は美しい,['Nogizaka46'],315560,2016,False,,0.578,0.84,0.0763,0.405,130.015
4jHaEyYATaLTa3a9KSfjfY,太陽ノック,['Nogizaka46'],243600,2016,False,,0.4920000000000001,0.8959999999999999,0.193,0.698,82.492
2rNtv2mjIMnkFCN3IlXDIU,今、話したい誰かがいる,['Nogizaka46'],264080,2016,False,,0.614,0.893,0.426,0.466,139.968
7CLa3KBQTOqDu05e9FGt4t,ハルジオンが咲く頃,['Nogizaka46'],329307,2016,False,,0.514,0.88,0.258,0.405,135.04399999999998
3crODvhixLYYKlSuSVJHSz,太陽に口説かれて,['Nogizaka46'],251827,2016,False,,0.7020000000000001,0.94,0.106,0.8909999999999999,117.93799999999999
0zkQ2b8iImvsljDuGCX5ih,欲望のリインカーネーション,['Nogizaka46'],259547,2016,False,,0.5589999999999999,0.8740000000000001,0.0646,0.732,125.04899999999999
57pOEqPvuT4HlXFisYrHth,悲しみの忘れ方,['Nogizaka46'],269000,2016,False,,0.531,0.687,0.6940000000000001,0.501,142.385
2KPL20JCgAADW3VTGlfmJQ,空気感,['Nogizaka46'],234493,2016,False,,0.659,0.804,0.107,0.6659999999999999,117.859
0vZkq0cdhSzoYPH4XamGDn,光合成希望,['Nogizaka46'],236840,2016,False,,0.488,0.902,0.5660000000000001,0.652,80.006
3Gsb3c7TOI8NUnZGxAYnV9,低体温のキス,['Nogizaka46'],240280,2016,False,,0.24600000000000002,0.9540000000000001,0.00432,0.196,179.96099999999996
6HbM8zcXhDP6sMVoFL4osp,失恋したら、顔を洗え!,['Nogizaka46'],240987,2016,False,,0.517,0.861,0.0626,0.687,157.999
3a1Ewea9N7p9EQH0IJAhPu,かき氷の片想い,['Nogizaka46'],267573,2016,False,,0.603,0.84,0.0145,0.434,114.96600000000001
6NWZrFE2G4v1WfIVWVyoVw,環状六号線,['Nogizaka46'],244827,2016,False,,0.632,0.9329999999999999,0.131,0.894,134.97799999999998
2jGRGMz7E7y5OxA6kANTEp,口約束,['Nogizaka46'],274067,2016,False,,0.494,0.9109999999999999,0.348,0.551,163.956
4ioxdVk4tN0MBzR37G0RV1,乃木坂の詩,['Nogizaka46'],270147,2016,False,,0.552,0.978,0.0076900000000000015,0.475,101.971
4EwD5ZXkEGJKsG93r7bqiC,初恋,['Anly'],265120,2017,False,,0.63,0.642,0.254,0.45899999999999996,96.947
2gCsOvK6jk39QcD5KUWf6A,ナイショの話,['ClariS'],260413,2010,False,,0.516,0.9209999999999999,0.0009570000000000001,0.502,96.979
2Z1czKysaVXyt0r9J8oilA,君の夢を見よう,['ClariS'],236187,2010,False,,0.495,0.7340000000000001,0.113,0.618,89.99600000000002
7hq4OgiBuMUAmg8mhQu2cz,ハルジオンが咲く頃,['Nogizaka46'],328000,2016,False,,0.508,0.883,0.254,0.39299999999999996,135.039
1Vl1CjDYNRoSfHFtnbiv23,遥かなるブータン,['Nogizaka46'],276920,2016,False,,0.485,0.975,0.00509,0.43799999999999994,109.978
6BlVuHl0xeFOuCppgXbNIv,強がる蕾,['Nogizaka46'],285307,2016,False,,0.61,0.556,0.298,0.299,100.061
5HC6SMq96NAb6H1ZWoLOQJ,ハルジオンが咲く頃〜off vocal ver.〜 - Off Vocal Version,['Nogizaka46'],328013,2016,False,,0.536,0.904,0.00085,0.451,134.97299999999998
6zT7ZQwJZR4n1olWUkqwHr,遥かなるブータン〜off vocal ver.〜 - Off Vocal Version,['Nogizaka46'],276907,2016,False,,0.48,0.985,8.04e-06,0.4270000000000001,109.96799999999999
3Reql3csn2zGsANwSj7usF,名声と戦争,['Aloysius Scrimshaw'],266397,2017,False,,0.192,0.946,0.00981,0.0308,79.465
3GZQUKPzYdFjZOy3yb6WbP,ソロモン海の底に埋葬された,['Aloysius Scrimshaw'],231055,2017,False,,0.18899999999999997,0.743,0.0256,0.0357,85.78299999999999
0GTWytVqJIdJTxkSHiwQpD,パセリ、セージ、ローズマリー、犯罪,['Aloysius Scrimshaw'],511475,2017,False,,0.0861,0.8420000000000001,0.145,0.0351,52.971000000000004
5iYILvU2snzKBIvzaOX4tp,影の影,['Aloysius Scrimshaw'],357558,2017,False,,0.158,0.696,0.0344,0.0385,78.185
3GbNSpHY6SmR8yEoUSRaTC,履歴が書き換えられました,['Aloysius Scrimshaw'],631326,2017,False,,0.0645,0.32299999999999995,0.522,0.0366,70.704
1nIvhg3JvXeOEWbKaFR0jg,不要對他說,['Jeff Chang'],291737,1995,False,,0.527,0.316,0.562,0.121,98.836
25oF6QvboVrnch3m7V8s7z,寬容,['Jeff Chang'],316501,1995,False,,0.435,0.647,0.47,0.25,141.608
3i5QDsYpkJGpYgMINbIHgH,只有你,['Jeff Chang'],272615,1995,False,,0.57,0.594,0.47200000000000003,0.252,119.92299999999999
34EKwPp4NAytqlVDqH9fa1,不回首,['Jeff Chang'],322169,1995,False,,0.54,0.488,0.322,0.121,94.816
0W16K09PhSgG74rbpFbxba,愛會看見,['Jeff Chang'],277134,1995,False,,0.524,0.735,0.344,0.401,137.971
0ZEOXfWy9lLCQMyOx2MzMU,過火,['Jeff Chang'],302577,1995,False,,0.565,0.414,0.7659999999999999,0.262,125.84100000000001
2xykiz36gel4iNrND9VD1i,忘情忘愛,['Jeff Chang'],334891,1995,False,,0.369,0.349,0.757,0.209,127.946
3oSgmKAdhrzC6I7MqRtytu,假裝有你,['Jeff Chang'],275760,1995,False,,0.20800000000000002,0.645,0.61,0.35600000000000004,176.231
6JnzJMKqgRCvKDxI82tntJ,日出之前請將悲傷終結,['Jeff Chang'],305529,1995,False,,0.507,0.635,0.47100000000000003,0.261,76.979
6fFaLA7uBkmJe5uMVH2w6X,真愛一生,['Jeff Chang'],271126,1995,False,,0.33799999999999997,0.33,0.66,0.28800000000000003,152.635
3JaWWTMPwZ6CL78KZMyZil,用情,['Jeff Chang'],311694,1997,False,,0.387,0.45899999999999996,0.677,0.138,111.234
66X3RSjZWODswldJXNbXcI,背叛,['Jeff Chang'],239283,1997,False,,0.293,0.43,0.629,0.14300000000000002,163.92700000000005
6Gb9Hb0vpKL5tNVxjfoPLA,多想,['Jeff Chang'],297275,1997,False,,0.639,0.562,0.65,0.449,100.845
59E7BFFni2GTDisijRqKU7,放手,['Jeff Chang'],228091,1997,False,,0.565,0.5489999999999999,0.44299999999999995,0.24,116.833
382LKsxIBHxqNq6Re7UItR,受罪,['Jeff Chang'],311485,1997,False,,0.511,0.45899999999999996,0.27899999999999997,0.185,109.804
4sDazTFm9yRukiz0XbU2nu,改變,['Jeff Chang'],277996,1997,False,,0.5820000000000001,0.309,0.8220000000000001,0.335,109.589
0zat18xopeKXkANMkf2aYc,等你,['Jeff Chang'],276377,1997,False,,0.406,0.562,0.4970000000000001,0.16,68.789
21K4xUZ1C5dQaDRNogN101,快樂,['Jeff Chang'],231394,1997,False,,0.332,0.446,0.6859999999999999,0.155,103.735
6i224EmEvWMxRhcMP1NoKy,遊戲,['Jeff Chang'],266058,1997,False,,0.542,0.669,0.45299999999999996,0.703,83.815
6K4YgyvsFOrS2s8EsLXWkf,我們愛這個錯,['Jeff Chang'],204027,2007,False,,0.629,0.444,0.66,0.504,138.033
53HDGeDn4qNHfFtCHLcKTM,讓我忘記你的臉,['Jeff Chang'],211427,2007,False,,0.611,0.45799999999999996,0.39399999999999996,0.39399999999999996,148.282
5TUmewr259CsbnpntgBtu3,有妳真的會快樂嗎,['Jeff Chang'],322600,2007,False,,0.7,0.5379999999999999,0.209,0.62,158.33700000000005
2E4Ec8fXMvkV8FP26x0mnt,難以抗拒你容顏,['Jeff Chang'],235400,2007,False,,0.608,0.47200000000000003,0.777,0.504,137.717
6LZodWrhGI6SlhSg574nG9,最想念的季節,['Jeff Chang'],266773,2007,False,,0.612,0.409,0.779,0.441,131.033
5yhA1dLApZHJCcCF2qMXx3,你知道應該如何愛著我,['Jeff Chang'],286013,2007,False,,0.667,0.61,0.21100000000000002,0.8029999999999999,147.984
02MI2qWnqNQVGoXtEjTnXB,知道,['Jeff Chang'],226933,2007,False,,0.547,0.527,0.5670000000000001,0.515,143.869
3amlyaUQEbswu8cN0Red71,相信相依,['Jeff Chang'],270160,2007,False,,0.7490000000000001,0.418,0.675,0.518,127.29
5J98tolBQdHN5m9oLr0R19,心愛寶貝,['Jeff Chang'],250213,2007,False,,0.757,0.723,0.33799999999999997,0.9359999999999999,122.051
3uHaZrfYdMJljfXYY6Wn4W,給我一些音樂,['Jeff Chang'],220133,2007,False,,0.8009999999999999,0.708,0.0746,0.878,131.123
2L0odQZzWmiZjThRJ1D9js,愛已成風,['Jeff Chang'],272040,2007,False,,0.606,0.4270000000000001,0.5920000000000001,0.27399999999999997,127.99
1Yu6E3OECxQzuc1bUsqX2U,難道,['Jeff Chang'],282853,2007,False,,0.579,0.457,0.539,0.287,131.53
4Nf6llpHvBYQ6XdIfuEfLe,這個世界,['Jeff Chang'],220293,2007,False,,0.5760000000000001,0.3720000000000001,0.39399999999999996,0.56,187.73
4PhhlAjjb0z42iNjkuYMPB,打造一個希望的城市,['Jeff Chang'],227733,2007,False,,0.479,0.7,0.35700000000000004,0.332,185.44799999999998
0OOIgBn2ba6BQLInoUuZnj,愛如潮水,['Jeff Chang'],270640,2007,False,,0.564,0.493,0.151,0.243,134.03
1A85P5bmD4WfNHk24xT8uX,別怕我傷心,['Jeff Chang'],286827,2007,False,,0.44299999999999995,0.34700000000000003,0.644,0.0934,134.01
22HdycXQ3iLpvGxOm13tBq,我是真的愛你,['Jeff Chang'],303933,2007,False,,0.249,0.321,0.47,0.245,171.352
1WHfB1n5vcuPKtAzsCCKHH,有一點動心,"['Jeff Chang', '劉嘉玲']",231840,2007,False,,0.653,0.34299999999999997,0.794,0.331,117.089
3Oikhi5RmJS9Hi5x7LP8hN,我真的願意,['Jeff Chang'],269493,2007,False,,0.655,0.5870000000000001,0.622,0.589,139.461
3R3BAoW0LS7Z63MRIKA07k,曾經愛過,['Jeff Chang'],248360,2007,False,,0.603,0.605,0.473,0.214,129.643
0xbvtEIyqodgimjxpQTs3w,習慣寂寞,['Jeff Chang'],291600,2007,False,,0.436,0.531,0.336,0.299,173.13
3GMPCQwNlGRT2uca9ckEwz,想我的理由,['Jeff Chang'],257760,2007,False,,0.321,0.467,0.588,0.131,138.628
6Lym1rO4ljkPoboJVXTrwQ,"愛,轉動","['Harlem Yu', 'Jeff Chang']",267600,2007,False,,0.618,0.47700000000000004,0.7609999999999999,0.495,85.96600000000002
4Qm1EyMIlEQ33Bed5ytf6X,白月光,['Jeff Chang'],267427,2007,False,,0.237,0.284,0.625,0.31,150.054
11zkkyXtwlF1xdeaqoC9eR,九月雨,['Jeff Chang'],320867,2007,False,,0.512,0.439,0.821,0.303,113.53399999999999
1AVnkE5qmWlosRbmP3N751,月半圓,['Jeff Chang'],307293,2007,False,,0.485,0.376,0.787,0.364,153.664
2XBDjGta1A0WWi9cTgBSbB,愛與折磨,['Jeff Chang'],250733,2007,False,,0.648,0.48,0.5660000000000001,0.237,109.986
1ugQd8FWtKeYOfGqeSzJlq,下一個永遠,['Jeff Chang'],291933,2007,False,,0.37799999999999995,0.35,0.86,0.225,73.979
39BBkHK9vlerqdEskVdwE3,最後一夜,['Prudence Liew'],331067,2006,False,,0.759,0.83,0.27,0.887,116.088
2Amh6IzcmLt24Fg7hn1FF0,愛是無涯,['Prudence Liew'],315720,2006,False,,0.45399999999999996,0.523,0.746,0.154,114.29700000000001
2WdYekdWFx1MQk3frGRulq,依依,['Prudence Liew'],231733,2006,False,,0.39299999999999996,0.47600000000000003,0.58,0.27699999999999997,119.223
3XM5qSipTMf9PFSZ9LOjK7,痴心誤會,['Prudence Liew'],259733,2006,False,,0.5920000000000001,0.40700000000000003,0.713,0.133,118.23299999999999
3ATLjM5A18jFmxSD2uGsGq,點解,['Prudence Liew'],260227,2006,False,,0.7709999999999999,0.833,0.10800000000000001,0.946,115.685
0DeyeKCIqpaQvdKrkERvps,你說是甜我說苦,['Prudence Liew'],203720,2006,False,,0.507,0.4320000000000001,0.613,0.23399999999999999,80.077
3lOFW5ycsag3qWiCH15RFg,各自各… 精彩,['Prudence Liew'],299227,2006,False,,0.718,0.83,0.354,0.8340000000000001,144.119
4hcXqSyqAFWvp5NuQbJDZS,清晨,['Prudence Liew'],239733,2006,False,,0.5529999999999999,0.436,0.748,0.138,79.115
3fiRX10H07LoC9d2Wl9dGL,風情,['Prudence Liew'],287733,2006,False,,0.46799999999999997,0.3720000000000001,0.732,0.0962,68.669
72CgNkh3PDLPCIBkkXGkdW,異鄉邂逅,['Prudence Liew'],225227,2006,False,,0.5820000000000001,0.527,0.762,0.171,127.152
52DYdXCN83O8VPKb6wTBR5,偷竊,"['Prudence Liew', 'Bowie Lam']",236733,2006,False,,0.56,0.507,0.46,0.489,125.785
7FmPQETukRlGMwyxPjYnYW,不願等...他,['Prudence Liew'],295733,2006,False,,0.368,0.452,0.807,0.10099999999999999,170.735
69zL73wNZUdkSwMW4ixQLp,天長地久,['Prudence Liew'],265720,2006,False,,0.53,0.47100000000000003,0.397,0.187,141.887
7zEMkVAnbb7UYIxMpvOD6b,也許是愛,['Prudence Liew'],295720,2006,False,,0.257,0.598,0.496,0.228,68.72800000000001
6MiSn4iqGeA3AJthiWvm3N,緣,['Prudence Liew'],290173,2006,False,,0.652,0.542,0.39399999999999996,0.33399999999999996,118.084
7kgSDApmQsC8kEJuNaNNm8,午夜情,['Prudence Liew'],209067,2006,False,,0.4370000000000001,0.5920000000000001,0.32799999999999996,0.0892,90.914
0e273dWWUKOpSVQ9NvaaIN,公子多情,['Prudence Liew'],201240,2006,False,,0.479,0.493,0.8240000000000001,0.39799999999999996,80.925
4t1CGGRl7X6FH9i6geQkOE,一對舊皮鞋,['Prudence Liew'],288227,2006,False,,0.632,0.872,0.426,0.6659999999999999,119.67
6fmToT8VuMhLmVlL1hgPu0,一見鍾情,['Prudence Liew'],227227,2006,False,,0.573,0.93,0.196,0.904,161.32299999999995
6Xngd7DZzJC97PVbT1gB7b,請求,['Prudence Liew'],272733,2006,False,,0.413,0.535,0.617,0.17800000000000002,81.097
1b2tZiW5Pb2VjaGqOAJP3z,討厭,['Prudence Liew'],221720,2006,False,,0.612,0.6,0.44,0.622,138.19
2oSRN66syVkg9EOHC07dVf,廣播道神話,['Prudence Liew'],281733,2006,False,,0.816,0.8009999999999999,0.38,0.966,127.43
0qBndC1yS8Bw4eA4movvWU,忘情,['Prudence Liew'],236227,2006,False,,0.637,0.5,0.541,0.29600000000000004,105.46799999999999
2YZZ7wqfLVSBp6hFMcPgUu,我估不到,['Prudence Liew'],261733,2006,False,,0.7909999999999999,0.596,0.828,0.644,123.08
0OYxEpMdCUYjzlmcrCyumz,嬉戲號客機,['Prudence Liew'],206733,2006,False,,0.7859999999999999,0.919,0.19,0.9670000000000001,127.085
5ohGlYZfwA15qtOQfXQtMs,夜己變得騷了,['Prudence Liew'],274733,2006,False,,0.672,0.8540000000000001,0.0954,0.7929999999999999,104.962
6FMJkKgXZMUQH9t7a3S8JI,這麼那麼怎麼,['Prudence Liew'],233227,2006,False,,0.748,0.688,0.177,0.82,101.244
4ZEl26rADniiX8Ll3xN5vJ,事後,['Prudence Liew'],311227,2006,False,,0.612,0.812,0.0787,0.523,91.988
02AO51xeDEawAzdkpaWUiQ,再讓我望你多一回,['Prudence Liew'],216227,2006,False,,0.6659999999999999,0.527,0.083,0.335,120.086
6FBtNk3fIxacHbzXXOQvBd,有誰知我此時情,['Prudence Liew'],236733,2006,False,,0.282,0.426,0.6559999999999999,0.239,147.928
64NZd2Hay2RbeBtfurYLFM,生活是怎樣的歌,['Prudence Liew'],185173,2006,False,,0.674,0.45799999999999996,0.192,0.308,119.874
7juyV8nqd8BykoVbZdlVQe,一見鍾情 - Remixed Version,['Prudence Liew'],329067,2006,False,,0.642,0.858,0.009770000000000001,0.8059999999999999,160.94
35qunQTATZptYdH3L1xzcP,這雙眼只望你 - Remixed Version,['Prudence Liew'],438240,2006,False,,0.688,0.835,0.000925,0.629,125.666
1RWHqSoNn5KDfWGiK69vbh,最後一夜 - Re-arranged Disco Version,['Prudence Liew'],408227,2006,False,,0.74,0.794,0.125,0.536,118.62899999999999
3K3f8prLK7V8aia6dVPIBz,點解 - Remix Version,['Prudence Liew'],278240,2006,False,,0.857,0.581,0.0264,0.638,115.723
3AnxmsQp6TUptapnM9goy0,玩玩 - Remix Version,['Prudence Liew'],388733,2006,False,,0.7929999999999999,0.897,0.0228,0.919,123.435
7g8Ih4qU4hWjWQCbOOANCQ,亞熱帶少年 - Subtropical Mix,['Prudence Liew'],334733,2006,False,,0.7709999999999999,0.81,0.0366,0.748,121.456
1v93feh9vdXpI8Qu9fSIok,霓虹鳥 - Re-arranged Disco Version,['Prudence Liew'],411667,2006,False,,0.8170000000000001,0.757,0.172,0.593,118.14
4gP5YfOM4qgnnWtJLxNCww,最愛,['Where Chou'],264640,2007,False,,0.494,0.4370000000000001,0.652,0.179,131.967
5BJijxO4rV1faBEOkpWckF,向日葵,['Where Chou'],277453,2007,False,,0.595,0.46,0.534,0.233,135.857
2uxYL35RVT2s3ouwaHhLu8,學會,['Where Chou'],272733,2007,False,,0.594,0.657,0.355,0.58,90.04299999999998
31nDmICAXLxBW1kCmOgExX,擁抱的瞬間,['Where Chou'],269827,2007,False,,0.537,0.4970000000000001,0.54,0.35700000000000004,150.115
14gjQ4RepKRMQJgOHV8afN,分岔路口,['Where Chou'],275173,2007,False,,0.402,0.264,0.873,0.249,129.928
4AiVV9kbcY88P15JV55hs6,該忘了你對不對,['Where Chou'],246507,2007,False,,0.562,0.309,0.8690000000000001,0.22699999999999998,122.06700000000001
2sriXRXi6TVVU9VPaTqvLy,發現 - OT: Shine,['Where Chou'],226093,2007,False,,0.508,0.221,0.915,0.079,99.86200000000001
5IlcTK5fTkgkv6PHl835fv,赤裸 - OT: Naked with You,['Where Chou'],199213,2007,False,,0.711,0.47,0.32899999999999996,0.5,98.021
22rL4YtXxg43o6b6zzfeqW,等待花季,['Where Chou'],298040,2007,False,,0.48100000000000004,0.361,0.774,0.0994,109.86399999999999
3UrsMLv8Ksgav4qplZHyfW,翡翠の狼,['Kenshi Yonezu'],230547,2017,False,,0.741,0.893,0.5760000000000001,0.965,121.009
04oWAuve7IW2VWjO6sWNOH,虚無,['LiSA'],269027,2015,False,,0.4370000000000001,0.988,0.0217,0.3720000000000001,164.178
0jseRt5wBPnc5ANfTB0UOL,少女S,['SCANDAL'],192573,2017,False,,0.569,0.885,0.00643,0.815,135.959
61hBoKBMLC7Q9hlBNP6oaz,下弦の月,['SCANDAL'],214840,2017,False,,0.561,0.922,0.0137,0.6659999999999999,138.982
2vhOSQ73MfQ0uacanjVNgW,太陽と君が描くSTORY,['SCANDAL'],239107,2017,False,,0.5379999999999999,0.945,0.0682,0.5720000000000001,151.905
6y1KksHpgNFPlo7LllUZf0,会いたい,['SCANDAL'],305347,2017,False,,0.56,0.758,0.00146,0.691,134.91299999999998
3uINPpMX7di8GpvFWoeTWt,瞬間センチメンタル,['SCANDAL'],223813,2017,False,,0.447,0.9179999999999999,0.0143,0.639,167.87400000000005
2XYijJlGUB0vuts1UBlHR7,太陽スキャンダラス,['SCANDAL'],306280,2017,False,,0.503,0.955,0.00426,0.805,160.012
63ce1brqWqYwAsmXLfJxN5,夜明けの流星群,['SCANDAL'],281013,2017,False,,0.581,0.8590000000000001,0.0358,0.5720000000000001,127.055
4PJho4e6o9cFsOcHzzwDpC,会わないつもりの、元気でね,['SCANDAL'],261987,2017,False,,0.48100000000000004,0.879,5.7600000000000004e-05,0.55,87.529
4PPW0nRDyXdjPcF0OaYRG0,声,['SCANDAL'],288653,2017,False,,0.425,0.8690000000000001,0.00324,0.512,83.794
3fdMtT3rwGkWcZSNXxZaVG,娘より,['Uru'],341333,2017,False,,0.519,0.473,0.815,0.192,79.875
10njNuq1TBE9TSuaxZze6E,娘より-instrumental- - Instrumental,['Uru'],341333,2017,False,,0.42200000000000004,0.382,0.7040000000000001,0.135,159.546
02JybZ4VmklKAPfai0kQCr,想像してみて,['2PM'],194533,2016,False,,0.6629999999999999,0.904,0.00988,0.637,127.947
09HmuGbdl8o5GHZ4unVi5f,忘れないで,['2PM'],239840,2016,False,,0.648,0.546,0.48100000000000004,0.486,77.96300000000002
6jmuHcQqrDsaYakOqYwCtK,一緒に過ごした時間,['2PM'],311093,2016,False,,0.38299999999999995,0.67,0.0845,0.384,170.108
1RflEHeCTsmnnZYEYR6R2N,空が青すぎて,['PornoGraffitti'],243627,2015,False,,0.639,0.7290000000000001,0.0224,0.59,129.958
3Bnqq0X4PRO4R6t4L3rwrF,夢題〜遠くへ〜,['Ikimonogakari'],396453,2015,False,,0.433,0.7879999999999999,0.00609,0.239,77.962
4jfFVS6FoG27hQTIiRczYl,夢題〜遠くへ〜 -instrumental- - Instrumental,['Ikimonogakari'],393933,2015,False,,0.434,0.7559999999999999,9.25e-05,0.33899999999999997,77.982
0I3XGIVgfSYhcXgwTh5HVI,毒 (On your mind),['JUNHO'],217027,2016,False,,0.76,0.6990000000000001,0.0402,0.629,116.994
7iCx4TtzlneFnJPD1KRMCv,Ein Heldenleben Op. 40: 交響詩 「英雄の生涯」 作品40 第1部 英雄,"['Richard Strauss', 'Paavo Järvi', 'NHK Symphony Orchestra']",241747,2014,False,,0.19699999999999998,0.19399999999999998,0.9440000000000001,0.113,121.774
07bj6Nhv7EBaevWSmozlhQ,Ein Heldenleben Op. 40: 交響詩 「英雄の生涯」 作品40 第2部 英雄の敵,"['Richard Strauss', 'Paavo Järvi', 'NHK Symphony Orchestra']",202560,2014,False,,0.11,0.0717,0.9279999999999999,0.0356,64.825
6VhlZeWOtdhgMRFsYmtVy9,Ein Heldenleben Op. 40: 交響詩 「英雄の生涯」 作品40 第3部 英雄の伴侶,"['Richard Strauss', 'Paavo Järvi', 'NHK Symphony Orchestra']",746107,2014,False,,0.183,0.0193,0.897,0.0347,99.6
2Wkj3VxOMR30LiwaqzLI9H,Ein Heldenleben Op. 40: 交響詩 「英雄の生涯」 作品40 第4部 英雄の戦場,"['Richard Strauss', 'Paavo Järvi', 'NHK Symphony Orchestra']",533213,2014,False,,0.19399999999999998,0.44299999999999995,0.7020000000000001,0.135,142.238
0RYg71VNWHU5Arvz2q9E2V,Ein Heldenleben Op. 40: 交響詩 「英雄の生涯」 作品40 第5部 英雄の業績,"['Richard Strauss', 'Paavo Järvi', 'NHK Symphony Orchestra']",293253,2014,False,,0.15,0.0281,0.9359999999999999,0.0387,67.32600000000001
6TPx2uto1E64V3wgui9r4O,Ein Heldenleben Op. 40: 交響詩 「英雄の生涯」 作品40 第6部 英雄の隠遁と完成,"['Richard Strauss', 'Paavo Järvi', 'NHK Symphony Orchestra']",630120,2014,False,,0.0977,0.022000000000000002,0.914,0.0351,76.155
1FtB9Gdn3VXM5s2vr3Qqf4,ワルツ第1番変ホ長調作品18「華麗なる大円舞曲」,"['Frédéric Chopin', 'Jean-Marc Luisada']",358733,2014,False,,0.457,0.0869,0.992,0.282,121.186
5hIkSo4EwrKiwHJXQhcANH,ワルツ第3番イ短調作品34の2「華麗なる円舞曲」,"['Frédéric Chopin', 'Jean-Marc Luisada']",384240,2014,False,,0.282,0.0139,0.995,0.0691,69.097
6Bd2EkiaIYo6aAiYW0FrT0,ワルツ第4番へ長調作品34の3 「華麗なる円舞曲」,"['Frédéric Chopin', 'Jean-Marc Luisada']",180227,2014,False,,0.278,0.0584,0.993,0.228,75.252
6n3suzeOcwiv21hNowlPls,ワルツ第12番へ短調作品70の2,"['Frédéric Chopin', 'Jean-Marc Luisada']",214307,2014,False,,0.28600000000000003,0.027999999999999997,0.995,0.17600000000000002,130.054
3ibZdbjH8udYQdpVfe3wc2,ワルツ第13番変二長調作品70の3,"['Frédéric Chopin', 'Jean-Marc Luisada']",194000,2014,False,,0.33,0.0225,0.996,0.162,137.349
1rg2HjQk5Y4QrZaSkd90jZ,ワルツ第14番ホ短調(遺作),"['Frédéric Chopin', 'Jean-Marc Luisada']",197000,2014,False,,0.414,0.0523,0.991,0.17300000000000001,61.282
5LvjG7dKgqFwVOb72AQ45S,ワルツ第9番変イ長調作品69の1 「別れのワルツ」,"['Frédéric Chopin', 'Jean-Marc Luisada']",215227,2014,False,,0.324,0.0157,0.995,0.106,71.902
5Bnuqps12z4lMtpJTJWFQb,ワルツ第6番変ニ長調作品64の1「小犬のワルツ」,"['Frédéric Chopin', 'Jean-Marc Luisada']",127933,2014,False,,0.322,0.0648,0.99,0.254,134.394
64h8f3Id3hZMyx5WhiPCOR,ワルツ第7番嬰ハ短調作品64の2,"['Frédéric Chopin', 'Jean-Marc Luisada']",224173,2014,False,,0.187,0.0332,0.992,0.152,75.874
0mtzLXvYNeu3oTONEeZPsI,ワルツ第8番変イ長調作品64の3,"['Frédéric Chopin', 'Jean-Marc Luisada']",237867,2014,False,,0.17,0.0569,0.992,0.145,83.78399999999998
67Ve8fxQKUmGMc0QUFvBM7,ワルツ第11番変ト長調作品70の1,"['Frédéric Chopin', 'Jean-Marc Luisada']",136427,2014,False,,0.324,0.039,0.993,0.214,60.916000000000004
7v0xXWLfmlkJrwcRgCSI2p,ワルツ第5番変イ長調作品42,"['Frédéric Chopin', 'Jean-Marc Luisada']",277333,2014,False,,0.262,0.0769,0.993,0.11,71.822
0XQLa3z3CEW8sxZhAROPa4,ワルツ第10番ロ短調作品69の2,"['Frédéric Chopin', 'Jean-Marc Luisada']",272133,2014,False,,0.302,0.0336,0.993,0.163,151.249
1UQ48eUJ0N8TAVOA46tCnd,ワルツ第2番変イ長調作品34の1 「華麗なる円舞曲」,"['Frédéric Chopin', 'Jean-Marc Luisada']",355440,2014,False,,0.408,0.0652,0.9940000000000001,0.122,121.73899999999999
1RHS5g9A7OQAnYyh1cIc6f,マズルカ第42番ト長調作品67の1,"['Frédéric Chopin', 'Jean-Marc Luisada']",93267,2014,False,,0.486,0.0434,0.995,0.5,71.554
0D9iix7dBSxXqP2IT7Ry4H,マズルカ第43番ト短調作品67の2,"['Frédéric Chopin', 'Jean-Marc Luisada']",150933,2014,False,,0.341,0.0121,0.9940000000000001,0.14800000000000002,73.749
3yA6I5jVkcQety2YNjuWCq,マズルカ第44番ハ長調作品67の3,"['Frédéric Chopin', 'Jean-Marc Luisada']",99760,2014,False,,0.396,0.068,0.9940000000000001,0.297,65.611
2NlFLRNjBFeV5j22VJ9ENZ,マズルカ第45番イ短調作品67の4,"['Frédéric Chopin', 'Jean-Marc Luisada']",222133,2014,False,,0.317,0.0274,0.9940000000000001,0.13699999999999998,66.944
6NcBiVYaMqyqAbLOfba1NJ,マズルカ第46番ハ長調作品68の1,"['Frédéric Chopin', 'Jean-Marc Luisada']",116533,2014,False,,0.307,0.102,0.99,0.354,170.247
5qToGbIsxZ10t4lLxwWVc3,マズルカ第47番イ短調作品68の2,"['Frédéric Chopin', 'Jean-Marc Luisada']",224240,2014,False,,0.29600000000000004,0.006659999999999999,0.995,0.0717,67.556
2IGNi8lFBIZdHSlcDC0ySb,マズルカ第48番ヘ長調作品68の3,"['Frédéric Chopin', 'Jean-Marc Luisada']",98227,2014,False,,0.368,0.0288,0.995,0.067,105.829
5JI2Vd4uEv78G5on1Bb37o,Perfect Me〜完璧な私〜(Album version),['Becca'],217093,2008,False,,0.455,0.875,0.00853,0.289,88.882
0dx1LgPu408oZuCJb3VisI,燐光,['Mashiro Ayano'],276640,2015,False,,0.39399999999999996,0.852,0.17800000000000002,0.41600000000000004,166.047
4kjVlCOBBKt6L4x97bw2lN,微熱の月,['Luna Haruna'],235267,2013,False,,0.528,0.932,0.136,0.843,144.995
03K4F2cKovuxjJ4LSf6bSk,狂想リフレイン,['Luna Haruna'],323960,2013,False,,0.46,0.9259999999999999,0.0132,0.3670000000000001,158.196
7mn0pb0PPMIR0imdto5Ebg,終焉の魔法、終天の真意。,['Luna Haruna'],369893,2013,False,,0.519,0.767,0.0548,0.0732,95.014
5FcQf8oBa5t6IoNcNUHLoH,暁が過ぎるまで,['Luna Haruna'],358787,2013,False,,0.435,0.444,0.32299999999999995,0.298,77.995
1y2SaF15ShbovUZMuT4BrN,空は高く風は歌う,['Luna Haruna'],270720,2013,False,,0.512,0.588,0.41600000000000004,0.478,95.98200000000001
75DgjmHu04KxUyiGXAuVw2,君がくれた世界,['Luna Haruna'],310840,2013,False,,0.44,0.8859999999999999,0.121,0.466,159.80200000000005
24fcAgv2OG2zyfCKiDTO8v,星空とラブストーリー,['Luna Haruna'],238693,2016,False,,0.6940000000000001,0.72,0.0289,0.884,117.98100000000001
3lsx0imYS386dCsHteavwR,夢空,['Amamiya Sora'],265747,2016,False,,0.502,0.907,0.0111,0.496,96.046
6BPMFbbH439CiLMmprZAiU,羽根輪舞,['Amamiya Sora'],279227,2016,False,,0.4,0.59,0.12,0.569,169.84799999999996
7qJwunSXgTyrY8qSqcT1ur,月灯り,['Amamiya Sora'],259053,2016,False,,0.622,0.584,0.748,0.33799999999999997,90.961
7jtTjYLL7LLcE1hzH94s7A,仮契約のシンデレラ(long ver.) - Long Version,['Shiritsu Ebisu Chugaku'],317440,2012,False,,0.42100000000000004,0.972,0.087,0.381,170.002
1h99Lz8tALqY4JK6YcnqYR,梅,['Shiritsu Ebisu Chugaku'],256360,2012,False,,0.525,0.9940000000000001,0.0597,0.485,165.09400000000005
5WuYLfWjCXFkBZYJhDqZKd,あたしきっと無限ルーパー,['Shiritsu Ebisu Chugaku'],244800,2012,False,,0.522,0.997,0.128,0.469,160.035
2NO0nsXjUeZKBq6FKn7Drd,高校廃止法案(Interlude),['Shiritsu Ebisu Chugaku'],139867,2012,False,,0.6729999999999999,0.61,0.741,0.579,111.509
0QkskANeCTvBR6wtj08q01,放課後ゲタ箱ロッケンロールMX,['Shiritsu Ebisu Chugaku'],272720,2012,False,,0.344,0.995,0.013999999999999999,0.0778,185.02700000000002
6r2dtmWdSqcrijWDPGLrAC,大人はわかってくれない,['Shiritsu Ebisu Chugaku'],237480,2012,False,,0.348,0.988,0.414,0.419,172.043
67b1HH7lWjWw59IzjirxLB,体操,['Shiritsu Ebisu Chugaku'],261547,2012,False,,0.912,0.892,0.0107,0.925,121.005
0w7v09YGS10fQimz5qNuX2,禁断のカルマ,['Shiritsu Ebisu Chugaku'],332293,2012,False,,0.462,0.9570000000000001,0.0124,0.513,170.165
7lHffsBaVHJTljOdRtxrgc,誘惑したいや,['Shiritsu Ebisu Chugaku'],339827,2012,False,,0.617,0.9670000000000001,0.0558,0.489,125.01799999999999
53rCdRo8LWoJ0k1f65y0jM,チューニング真っ最中(Interlude),['Shiritsu Ebisu Chugaku'],52800,2012,False,,0.569,0.321,0.909,0.555,124.166
2L4q0Jsk0TAZvNrOoqZq1S,いい湯かな?,['Shiritsu Ebisu Chugaku'],479627,2012,False,,0.513,0.7170000000000001,0.514,0.289,79.988
1xheaJoUwGP7uSAedRrHLx,手をつなごう,['Shiritsu Ebisu Chugaku'],334867,2012,False,,0.687,0.889,0.0163,0.6940000000000001,126.992
6nv5UICgnItmFaUbrNiqZs,中人DANCE MUSIC,['Shiritsu Ebisu Chugaku'],298587,2012,False,,0.745,0.879,0.0289,0.6970000000000001,128.001
2ecs8kHLNJdqGFZOxN54NT,頑張ってる途中,['Shiritsu Ebisu Chugaku'],295120,2012,False,,0.542,0.914,0.0127,0.785,157.998
4PxxP3mwU0aj1jyaESycPY,私立恵比寿中学の日常(Prologue):二乗の事情,['Shiritsu Ebisu Chugaku'],143880,2015,False,,0.579,0.253,0.835,0.4320000000000001,123.256
31ibePNjOHz2qjKabT4UFK,金八DANCE MUSIC,['Shiritsu Ebisu Chugaku'],326293,2015,False,,0.619,0.9359999999999999,0.062,0.7879999999999999,150.122
52ETC0IdZYZAbfSu9pDHep,未確認中学生X(金八ver.) - Kinpachi Version,['Shiritsu Ebisu Chugaku'],281800,2015,False,,0.47700000000000004,0.981,0.0224,0.299,170.00900000000001
3zyhbpvxuIivavxhovMfKs,テブラデスキー〜青春リバティ〜,['Shiritsu Ebisu Chugaku'],263547,2015,False,,0.461,0.986,0.0257,0.585,100.029
6EOSaX9BEGkLNXcI4EDp5P,キングオブ学芸会のテーマ〜Nu Skool Teenage Riot〜,['Shiritsu Ebisu Chugaku'],269867,2015,False,,0.258,0.9520000000000001,0.011000000000000001,0.371,190.576
5bjrmFhbR9qRiAOmeZp088,私立恵比寿中学の日常(Interlude):早弁ラップ,['Shiritsu Ebisu Chugaku'],95280,2015,False,,0.929,0.716,0.131,0.875,106.95299999999999
08IgknVzgRmAVo5Akgc7n3,U.B.U.(金八ver.) - Kinpachi Version,['Shiritsu Ebisu Chugaku'],264613,2015,False,,0.55,0.9440000000000001,0.0862,0.728,158.07299999999995
0FTjvvlL1zA4KxA2KZAPFV,幸せの貼り紙はいつも背中に,['Shiritsu Ebisu Chugaku'],282280,2015,False,,0.537,0.8290000000000001,0.5920000000000001,0.41600000000000004,117.001
3YaDAEshWfjinwT8I1RRfr,大漁恵比寿節,['Shiritsu Ebisu Chugaku'],263400,2015,False,,0.573,0.9570000000000001,0.0030399999999999997,0.49,134.92
5Yas5Z0a6drbbDPMuxOy0L,買い物しようと町田へ,['Shiritsu Ebisu Chugaku'],348133,2015,False,,0.63,0.894,0.175,0.762,136.025
7k2s9rhWooeuec2q7z0Kwn,蛍の光(Demo),['Shiritsu Ebisu Chugaku'],202560,2015,False,,0.545,0.191,0.9229999999999999,0.428,130.811
3VEwy927d2YEqnNqP6xwfk,風に吹かれて,['福原 遥'],271967,2020,False,,0.39899999999999997,0.593,0.315,0.381,179.894
0syFQZRwI14O99b91TumIK,枯詩,['the GazettE'],310533,2017,False,,0.551,0.9520000000000001,0.036000000000000004,0.586,119.931
0d9xyZ0SDIZpxjrBJOSQ1w,紅蓮,['the GazettE'],326240,2017,False,,0.424,0.903,0.00143,0.5329999999999999,170.002
2kz4coqUfUVxmh6MeUqewA,白き優鬱,['the GazettE'],272160,2017,False,,0.518,0.9590000000000001,0.000898,0.27,99.96799999999999
72p5MrHfTIaOE5s1bIi1qL,絲,['the GazettE'],403293,2017,False,,0.518,0.84,0.0212,0.22,114.994
2wxVKCJhcrbYLlhAAZpTF5,体温,['the GazettE'],395880,2017,False,,0.485,0.953,0.00603,0.36,92.00200000000001
4raaz8YsjWHVZu4Z9Bsoci,アルプス一万尺,['Li-sa-X'],165867,2017,False,,0.52,0.728,0.0684,0.652,81.98200000000001
6IIutOdyeAzXIP8uKv4ckM,永すぎた春,['PASSEPIED'],256000,2016,False,,0.534,0.941,0.00109,0.523,137.872
4LOeYAHb2bSvyRbgYmNPCd,妖 -ayakashi-,['Versailles'],277040,2012,False,,0.586,0.946,0.0028899999999999998,0.518,114.984
1udfL8DZm3qr6REvA55RYe,Come On Honey! feat. 新井ひとみ(東京女子流) & okadada,"['tofubeats', 'Hitomi Arai', 'Okadada']",236253,2014,False,,0.759,0.9640000000000001,0.342,0.91,125.056
1m08XTxGuLOanPDgXqOcal,ディスコの神様 feat.藤井隆,"['tofubeats', 'Takashi Fujii']",294547,2014,False,,0.718,0.9059999999999999,0.129,0.831,120.015
3Qu70QcRPXPlZPprSguLBX,おしえて検索 feat.の子(神聖かまってちゃん),"['tofubeats', 'の子']",255880,2014,False,,0.6629999999999999,0.882,0.0401,0.8859999999999999,154.007
4fK4CuL8sy40PZB3V9z2x3,朝が来るまで終わる事の無いダンスを,['tofubeats'],357933,2014,False,,0.6559999999999999,0.894,0.0102,0.258,123.99799999999999
0cXKCaIbutSQm99wo9o1lV,Don't Stop The Music feat. 森高千里(Album Version),"['tofubeats', 'Chisato Moritaka']",301013,2014,False,,0.708,0.877,0.0163,0.8140000000000001,109.984
1wn3gmbOEncbN6rbMUoIc7,衣替え feat. BONNIE PINK,"['tofubeats', 'BONNIE PINK']",390107,2014,False,,0.688,0.439,0.44299999999999995,0.581,79.002
5sX66jlnqZZ0tF5jOQwt9M,良すた,['Kyary Pamyu Pamyu'],180238,2017,False,,0.6829999999999999,0.898,0.452,0.498,131.951
7AxaeJZxybsZ02dZkqINbr,最&高 - extended mix,['Kyary Pamyu Pamyu'],264755,2017,False,,0.653,0.902,0.0176,0.883,130.0
2hLpGvsdmcoLo7UE60SGTZ,良すた - instrumental,['Kyary Pamyu Pamyu'],180238,2017,False,,0.6,0.862,0.254,0.48100000000000004,131.991
6M3KjmKjYKsMBWjCn9KV7t,アジアの純真 〜English Version〜 - English Version,['Puffy AmiYumi'],280107,1996,False,,0.563,0.8140000000000001,0.121,0.243,126.29299999999999
1qNBSXX8sANFnAwxj3nO3P,これが私の生きる道,['Puffy AmiYumi'],198827,1996,False,,0.573,0.895,0.5720000000000001,0.757,134.975
143w0uJjUYe5KsOchiohu3,海へと,['Puffy AmiYumi'],190960,1996,False,,0.337,0.898,6.96e-06,0.41100000000000003,141.48
36Ga2zUrr63eK613nbcada,12月,['Puffy AmiYumi'],260293,1996,False,,0.611,0.557,0.725,0.588,120.111
3hnc4KOBcUB6bC7gGwlBPG,愛を伝えたいだとか,['Aimyon'],235241,2017,False,,0.6729999999999999,0.85,0.0345,0.7929999999999999,100.008
3bo6XgGWgo7VAHsN12LnOX,遥か彼方,['ASIAN KUNG-FU GENERATION'],242667,2003,False,,0.29,0.955,5.4299999999999985e-05,0.237,174.872
5lwmM6K0op3eDPd4t8Peye,羅針盤,['ASIAN KUNG-FU GENERATION'],152893,2003,False,,0.27899999999999997,0.902,5.3e-05,0.382,178.873
1tBI7ivZZpArb39ZV8o4rW,粉雪,['ASIAN KUNG-FU GENERATION'],226133,2003,False,,0.392,0.595,7.85e-05,0.505,132.963
2yyYCRaRU0fv2kjpVj5Aut,青の歌,['ASIAN KUNG-FU GENERATION'],232400,2003,False,,0.39,0.696,0.0019100000000000002,0.462,148.843
0ipGZvk5LhxDjh3uJ5tOkc,All right part2,"['ASIAN KUNG-FU GENERATION', '橋本絵莉子']",214733,2012,False,,0.49,0.8440000000000001,0.049,0.638,165.142
7qE1akii2AxdjBMclKk9FP,大洋航路,['ASIAN KUNG-FU GENERATION'],197733,2012,False,,0.326,0.9640000000000001,0.003,0.49,171.082
1ZTp5ydzp6s9ulZpyy5YnN,それでは、また明日,['ASIAN KUNG-FU GENERATION'],222507,2012,False,,0.387,0.823,0.0144,0.708,175.27700000000004
7GqyfrztZdfBBMo2tG5nR4,マシンガンと形容詞,['ASIAN KUNG-FU GENERATION'],235400,2012,False,,0.584,0.9109999999999999,0.141,0.588,117.087
6KYczjHtBMrzcYsMBHGPQ4,踵で愛を打ち鳴らせ,['ASIAN KUNG-FU GENERATION'],265747,2012,False,,0.435,0.777,0.0235,0.31,153.096
6HwnXzPQxPKngcGobswzY4,アネモネの咲く春に,['ASIAN KUNG-FU GENERATION'],301267,2012,False,,0.5539999999999999,0.665,0.0043100000000000005,0.294,91.12799999999999
5hnfy3hYLFccUiJwalWggY,窓を開けたら,['SCANDAL'],322080,2018,False,,0.532,0.632,0.326,0.544,169.885
4RacZt9gSPdSVFYAc3YseV,恋するユニバース,['SCANDAL'],257200,2018,False,,0.425,0.955,0.000446,0.382,87.37700000000002
3YDjqMC2P5jW1RjXhaEuK2,荒野を歩け,['ASIAN KUNG-FU GENERATION'],256427,2017,False,,0.28800000000000003,0.823,0.0033,0.364,165.032
0JpMm0ovtuqzqZat5ccaoB,お祭りのあと,['ASIAN KUNG-FU GENERATION'],173213,2017,False,,0.354,0.9329999999999999,0.00037400000000000004,0.484,152.96200000000005
6hCmUhgNYCYWMF6IYPS1um,憧れてきたんだ,['Aimyon'],145813,2017,False,,0.423,0.8759999999999999,0.174,0.435,110.031
69jrtjVjyzRyPCDg0dHYCX,生きていたんだよな,['Aimyon'],194120,2017,False,,0.601,0.9009999999999999,0.244,0.53,111.035
59eluCMn0XbOWqeWQ91FTM,君はロックを聴かない,['Aimyon'],246307,2017,False,,0.524,0.687,0.00135,0.619,99.919
5xJgF12zKoxMqayN8YldLB,ふたりの世界,['Aimyon'],287867,2017,False,,0.365,0.748,0.015,0.509,197.951
0N8Xztr4pBHJ7V0moJWhbO,愛を伝えたいだとか,['Aimyon'],235241,2017,False,,0.6729999999999999,0.85,0.0345,0.7929999999999999,100.008
1JKI1pTB2WZMMw7wF2jCTg,風のささやき,['Aimyon'],233240,2017,False,,0.496,0.4320000000000001,0.226,0.35200000000000004,75.027
5lP7oqYYLpIhUv33KdS4HX,漂白,['Aimyon'],291240,2017,False,,0.5820000000000001,0.503,0.0195,0.502,82.499
41ESery6SmBwyLWQjZso8g,START〜まだ知らぬ勇者たちへ〜,['Mahousyoujoninaritai'],5973,2017,False,,0.0,0.162,0.11199999999999999,0.0,0.0
6p9K3t6t9ZGCKkWxk1q8vF,完全無敵のぶっとバスターX,['Mahousyoujoninaritai'],230813,2017,False,,0.353,0.99,0.000127,0.299,167.99099999999999
6lZlN7TtVu3kpFfNjUQNNO,ハッピーエンドの魔法,['Mahousyoujoninaritai'],226560,2017,False,,0.41200000000000003,0.978,0.000621,0.59,163.101
4mjm4wZOCaYeOAD6l2ZD4i,革命のマスク,['Mahousyoujoninaritai'],232293,2017,False,,0.467,0.996,0.0069700000000000005,0.179,135.048
3UdoM16gu5A1QwmkcWcfBm,アルテ魔ダンテ,['Mahousyoujoninaritai'],184107,2017,False,,0.43,0.9940000000000001,4.88e-05,0.10099999999999999,144.972
5Bq5Js3BXyVjqsYOn7Ux5g,願い星,['Mahousyoujoninaritai'],197467,2017,False,,0.285,0.991,1.51e-05,0.22699999999999998,199.954
6783LkEJOEnqNk1i4WDGVs,END〜まだ知らぬ勇者たちへ〜,['Mahousyoujoninaritai'],13133,2017,False,,0.0,0.0899,5.42e-06,0.0,0.0
167CEgRc4W949wlEPijgXp,冒険の書1-album ver.-,['Mahousyoujoninaritai'],249520,2017,False,,0.41100000000000003,0.966,0.00044699999999999997,0.29,105.021
0y8tp9D3IRsmsUIotdIQFh,Opening: Ancient Tree (オープニング ~ 古木),['Yogurtbox'],181987,2011,False,,0.20800000000000002,0.883,0.00185,0.0308,155.977
63kEHGqGsHegshVbBDFKtA,First Day of School (学校初日),['Yogurtbox'],143027,2011,False,,0.63,0.743,0.20800000000000002,0.858,107.012
4XixeaNZH63bD5xgQIyvpy,Aiselia's Past (アイセリアの過去),['Yogurtbox'],224000,2011,False,,0.48200000000000004,0.745,0.0232,0.302,130.047
4bOp8CT2wZA7yjFZKfr7KZ,Mariko (茉莉子),['Yogurtbox'],215027,2011,False,,0.684,0.9790000000000001,4.0799999999999996e-05,0.96,156.049
3UFEpTRp8pazqTEIHn6bX3,Hesitation (迷い),['Yogurtbox'],179013,2011,False,,0.509,0.76,0.00324,0.141,124.964
4bJQSke6xdTtdzKw5kERy8,Chie (千枝),['Yogurtbox'],239013,2011,False,,0.799,0.924,0.309,0.9620000000000001,124.99600000000001
3pdwfecxiHypf76hYouuYX,Evil Spirit (悪霊),['Yogurtbox'],197040,2011,False,,0.239,0.8170000000000001,0.00486,0.036000000000000004,113.309
719XQwk1DVO5sybOH84BNW,"Memory, Pt. 1 & 2 (思い出)",['Yogurtbox'],199947,2011,False,,0.76,0.308,0.0575,0.968,97.01799999999999
5DyAsSprW58JEDQssJ9VwG,Kyoko (杏子),['Yogurtbox'],158120,2011,False,,0.594,0.7020000000000001,0.0138,0.872,109.031
4c223njorCd7Ohy7Q58th4,Making Love (愛のテーマ),['Yogurtbox'],123933,2011,False,,0.434,0.5489999999999999,0.0205,0.179,155.87
2ZwPLZG2mD0ZDDGkgtzP6B,あなたには負けない,['Gesu No Kiwami Otome'],250195,2017,False,,0.7909999999999999,0.6779999999999999,0.187,0.691,129.957
35aa1Th3ReSs6NSrDYb6Pz,まだ生きれるだろ,['Gesu No Kiwami Otome'],256627,2017,False,,0.632,0.828,0.00456,0.54,133.97299999999998
657pAptCJcgKyr1WNzuWaI,私以外私じゃないの - Remix by PARKGOLF,"['Gesu No Kiwami Otome', 'PARKGOLF']",255861,2017,False,,0.775,0.604,0.15,0.526,135.998
2SR8dwmFLtIyiaksZhmNCC,君がいた夏,['SPYAIR'],300173,2017,False,,0.40299999999999997,0.8740000000000001,0.00474,0.512,95.066
2EPrUKVFySW5edCkIuN5Y3,いつかできるから今日できる,['Nogizaka46'],279573,2017,False,,0.5479999999999999,0.8190000000000001,0.747,0.319,129.995
1BetEpReYtm91PwUIEqnOW,不眠症,['Nogizaka46'],266413,2017,False,,0.44299999999999995,0.93,0.018000000000000002,0.532,135.96200000000002
2M3tgSX5fdJQ0m7UV5Evqc,失恋お掃除人,['Nogizaka46'],279147,2017,False,,0.4970000000000001,0.8759999999999999,0.0325,0.42100000000000004,88.03
0vF2xMb8mm6oixpiU61xXC,僕の衝動,['Nogizaka46'],254853,2017,False,,0.364,0.966,0.0169,0.611,130.02200000000002
4xKeRfwfvQohpVBdCY6iA1,新しい花粉 〜ミュージカル「見知らぬ世界」より〜,['Nogizaka46'],245840,2017,False,,0.478,0.63,0.341,0.578,145.655
0Vilwj3U4RCJJj7gNFt4ye,音の鳴る方へ,['PASSEPIED'],207240,2017,False,,0.409,0.9209999999999999,0.10300000000000001,0.821,175.82
60g9EJDeXnm4r4ERRd9t0R,空,['PASSEPIED'],253933,2017,False,,0.447,0.654,0.0146,0.387,140.143
2dXlnELv3fHYjq0QM4ySbm,正しいままではいられない,['PASSEPIED'],172907,2017,False,,0.467,0.9309999999999999,0.0124,0.7340000000000001,150.89700000000005
6voZfefzIR00a50h8f2JJl,人來瘋,['Landy Wen'],196733,2004,False,,0.754,0.935,0.0133,0.747,101.95700000000001
1zPY5C5hHbxhREQQ6jSbfU,海灘,['Landy Wen'],250147,2004,False,,0.664,0.735,0.242,0.775,168.028
34HdnP6vGMrIuOK7bcIW88,祝我生日快樂,['Landy Wen'],258573,2004,False,,0.573,0.304,0.731,0.225,74.0
3uWlB2NwGbstWKPiS2r3U4,愛你的兩個我,['Landy Wen'],257147,2004,False,,0.526,0.536,0.225,0.284,170.294
1QaqvLxQWFpKhIf21QbAzl,主動,['Landy Wen'],222373,2004,False,,0.838,0.836,0.177,0.7979999999999999,100.001
7y1At0wJ9E11vQvD93uG9c,夏日の風,['Landy Wen'],240653,2004,False,,0.6920000000000001,0.526,0.73,0.312,113.939
6d9Ck1V0GLUwM5Xes4mMoS,愛到底,['Landy Wen'],226347,2004,False,,0.795,0.6659999999999999,0.222,0.782,95.98200000000001
3xyJTq4PKebr4FHOJY3b4S,慵懶,['Landy Wen'],241453,2004,False,,0.7909999999999999,0.529,0.594,0.446,124.04799999999999
40KecObZhhN2pDUcPuvZro,愛情來了,['Landy Wen'],212427,2004,False,,0.88,0.728,0.21100000000000002,0.8909999999999999,101.056
6BB7tyYvvBCaDbihkwjP5E,Nimadju 他的,['達卡鬧'],382613,2012,False,,0.529,0.47700000000000004,0.828,0.738,118.14
17WVJGxtwafZl1x3Mr0rg7,Anana 心痛,['達卡鬧'],288507,2012,False,,0.625,0.175,0.932,0.444,83.719
71KFjjeFlHsJYtTVMtN3rQ,Cavilj 歲月,['達卡鬧'],406147,2012,False,,0.389,0.33899999999999997,0.85,0.115,89.682
74z8NTvqZj3jA0cgFcUs00,Senay I 唱吧,['達卡鬧'],215280,2012,False,,0.657,0.649,0.11900000000000001,0.7509999999999999,126.189
7kEYXibDi2fNGy65mUqLcA,Gu Ina 我的媽媽,['達卡鬧'],330947,2012,False,,0.608,0.18600000000000005,0.985,0.14800000000000002,116.001
7pGhAtwyBAhO7zTeLHLVP0,Pumaya Su Varun 按照你啦,['達卡鬧'],275760,2012,False,,0.6579999999999999,0.415,0.8,0.305,102.162
4LfwNmmm9Am6lVldHnjen7,Pumaya Su Varun 誰是你,['達卡鬧'],357787,2012,False,,0.35100000000000003,0.129,0.9440000000000001,0.195,99.096
1KlbkgAz1YM4rdfaSkFByV,Inika Maguda 沒有關係,['達卡鬧'],345760,2012,False,,0.5329999999999999,0.317,0.703,0.0634,105.947
7iXVoanVSDQ3kwfbIguhTk,Calisi 斜坡,['達卡鬧'],293227,2012,False,,0.665,0.725,0.131,0.71,128.067
48FsP50YJK6FO0UUg7uhYI,他力自分本位症,['Mio Yamazaki'],200067,2017,False,,0.45,0.955,0.00449,0.237,97.508
6KSy4uUk0kmk2SLzBm1aCp,裏アカ,['Mio Yamazaki'],214440,2017,False,,0.557,0.9490000000000001,0.0033799999999999998,0.494,114.988
2DhZk7SVg7teei0XsIBYAh,鋲心全壊ガール,['Mio Yamazaki'],201760,2017,False,,0.512,0.9670000000000001,0.0026,0.525,135.02
3jTiCjS3dqvqCWIfQBiVtj,斉藤さん,['Mio Yamazaki'],207427,2017,False,,0.493,0.9470000000000001,0.00156,0.382,92.53399999999999
70ot9gEopeFiusE9S8upO5,最愛,['Mio Yamazaki'],190440,2017,False,,0.374,0.9670000000000001,0.0844,0.40399999999999997,91.87799999999999
69Y2E8DB4ix0Y71uJa49SQ,愛されたいよ。,['Mio Yamazaki'],231373,2017,False,,0.4920000000000001,0.21899999999999997,0.943,0.249,140.308
4NivAR6QzwLv27o9ufg5Oe,飛燕,['Kenshi Yonezu'],243333,2017,False,,0.595,0.752,0.0252,0.602,132.018
36fUSJkYdEZ6i2BKZ2jvt9,砂の惑星 ( + 初音ミク ),"['Kenshi Yonezu', 'Miku Hatsune']",240027,2017,False,,0.507,0.94,0.0252,0.917,94.874
145NeSTdAD6fJK8BByWCz4,春雷,['Kenshi Yonezu'],288893,2017,False,,0.693,0.8809999999999999,0.203,0.8809999999999999,124.006
0muMmFeWZnYzPyvld49ITg,fogbound ( + 池田エライザ ),"['Kenshi Yonezu', '池田 エライザ']",255200,2017,False,,0.743,0.599,0.0252,0.281,119.97399999999999
7xpD6IKiL8ldCg2WRzsb4K,愛麗絲(正式表記はAliceの中国語簡体字表記となります。),['Kenshi Yonezu'],189760,2017,False,,0.669,0.96,0.0103,0.7440000000000001,114.97
7khrpN8dSwTnyHIN47r0ZF,打上花火,['Kenshi Yonezu'],259387,2017,False,,0.634,0.5920000000000001,0.162,0.44799999999999995,97.041
31wFi94buu7x6KeWFobOaW,灰色と青 ( + 菅田将暉 ),['Kenshi Yonezu'],332187,2017,False,,0.522,0.597,0.345,0.387,80.952
08hNfjM7dgRk4cnV2MZUcD,君が生まれた日,['GARNiDELiA'],319733,2018,False,,0.619,0.7290000000000001,0.526,0.562,92.00399999999999
6m2vr8EAiq1IQHCmz2MLfG,麥田狂想,"['以莉.高露', '楊佩珍']",317133,2013,False,,0.479,0.38,0.133,0.16399999999999998,122.81
7LbvJuwGHWoek5tNkQiJKW,池上197,['林生祥'],244360,2013,False,,0.792,0.218,0.899,0.737,116.98700000000001
4sBaf448RSB7M6HIKzfULm,山呼喚著林,['Ling Nieh'],263573,2013,False,,0.153,0.311,0.67,0.0859,83.93700000000003
1oHOMqRQvun14eoXSThR2y,祖先的土地去了哪裡,['Anu. Kaliting. Sadipongan'],327160,2013,False,,0.591,0.21100000000000002,0.9159999999999999,0.299,95.005
2XcRLH8JxIbwMLb7gw48YW,水啊水啊,['李德筠'],288600,2013,False,,0.5479999999999999,0.415,0.7979999999999999,0.0832,121.79899999999999
4ivojM9hUllhDwTCwqWzJZ,天空的眼睛,['Fan Tsung-pei'],271813,2013,False,,0.171,0.43799999999999994,0.27,0.039,127.07700000000001
7MlSdkj6KceTa1YTgv6bux,泥巴的眼淚,['吳昊恩'],236693,2013,False,,0.27399999999999997,0.16399999999999998,0.899,0.145,62.36
2ljkvaFrmifTIWCWMcJPOA,潮間之舞,['Bodhi Huang'],296413,2013,False,,0.413,0.20199999999999999,0.9520000000000001,0.0605,105.917
1HSwtpjhgBZafZfkYWMFVY,遙遠的東海岸,['達卡鬧'],326480,2013,False,,0.581,0.33899999999999997,0.47,0.0728,127.955
05pThX2HeSUKnEffLt3ziG,寧靜阿塱壹,['Ken Yang'],267893,2013,False,,0.22899999999999998,0.4970000000000001,0.9179999999999999,0.278,143.821
3aNiKeBYIylk3cds08RtXO,麥田狂想[Bonus Track] - 以莉‧高露獨唱版,['以莉.高露'],321393,2013,False,,0.48200000000000004,0.289,0.131,0.17600000000000002,122.83200000000001
6HZvQvv6jMkNOfSFFP62Om,靴紐とファンファーレ,['Shiritsu Ebisu Chugaku'],250227,2017,False,,0.4920000000000001,0.953,0.00473,0.344,129.974
3XF2X6zKPN15IFhjcHiydP,靴紐とファンファーレ(Less Vocal),['Shiritsu Ebisu Chugaku'],250213,2017,False,,0.509,0.9840000000000001,2.55e-05,0.39799999999999996,130.035
19V0r4hqq46kj2T5fi21pz,奇蹟,['Uru'],286027,2017,False,,0.518,0.552,0.5329999999999999,0.27,79.001
2j20ma3MDZOGLXApAjMPXR,あなたがここにいて抱きしめることができるなら,['Uru'],368907,2017,False,,0.537,0.223,0.965,0.316,143.30700000000004
3UT74pLDYvW3MFpcQsAS7J,奇蹟 -instrumental- - Instrumental,['Uru'],286040,2017,False,,0.511,0.532,0.0268,0.225,78.991
4GVgFygMRmBiZNuGprOfsm,あなたがここにいて抱きしめることができるなら -instrumental- - Instrumental,['Uru'],367640,2017,False,,0.6409999999999999,0.131,0.978,0.154,71.96300000000002
7cFi1EVnQ0gIBXu72FncqI,罪人,['LiSA'],251480,2017,False,,0.428,0.971,0.009009999999999999,0.36,184.975
5txRnM0yPaomZextE2R0HF,Sense and Sensibility (feat. Teresa Carpio),"['Chet Lam', '杜麗莎']",240425,2015,False,,0.6940000000000001,0.856,0.40299999999999997,0.893,105.064
589tszhma9akY4vcdZJxEp,話しすぎてる,['Azuma Madoka'],183507,2015,False,,0.474,0.873,0.434,0.836,155.882
2nvAlGy4NcCVUUZ4LwK1Df,変身願望,['Azuma Madoka'],199267,2015,False,,0.5670000000000001,0.917,0.000399,0.494,102.993
2lSlSMafKC3P2Og6oKxQAk,光の影,['Azuma Madoka'],333853,2015,False,,0.5489999999999999,0.42,0.32,0.315,94.006
2GfZ3MgdblE0Y7eushScHg,愛すべきバカ,['Azuma Madoka'],186667,2015,False,,0.648,0.747,0.0516,0.8140000000000001,135.966
3SiKh8U3kal9n7apSQ8q6j,砂の城,['Azuma Madoka'],313027,2015,False,,0.642,0.319,0.588,0.141,95.98100000000001
5OQyqI653BnE9eqr813Xwt,君の銀の庭〜with strings ver.〜 - With Strings Version,['Kalafina'],305840,2016,False,,0.457,0.42200000000000004,0.847,0.292,147.687
2paBpUMsDVrJXBBjIveb9f,Shubunkin 朱文金,['Kai Beckman'],490000,2017,False,,0.604,0.519,0.23399999999999999,0.113,95.73100000000001
49o2mtdGv1FdLeYz9s0KLq,Angels,['w u s o 命'],284709,2017,False,,0.397,0.545,0.0143,0.0346,117.999
75xnOSLijv1WcMIQxEvcsV,晴々,['KOBUKURO'],303438,2018,False,,0.517,0.6809999999999999,0.0568,0.49,141.392
5uu0MKIZQtbEKbMACe5RGT,篝火,['Ujico*'],234750,2017,False,,0.366,0.7070000000000001,0.00173,0.08199999999999999,164.033
7G8PYWhCZNLzZg0BhiV7sU,天照,['Ujico*'],263270,2017,False,,0.508,0.787,0.0102,0.0741,119.993
0NWOOcZzGDunfIoU8O4WXI,桜流し (feat. Sennzai),"['Ujico*', 'Sennzai']",223731,2017,False,,0.355,0.762,0.354,0.152,80.527
2EmdrfHBOldZQHal7MzlZA,桜月 (Interlude),['Ujico*'],131413,2017,False,,0.244,0.527,0.0159,0.0413,97.756
3YlyPuQkJOeli2dmp8cwYq,花魁神楽 (Vip),['Ujico*'],233774,2017,False,,0.397,0.882,9.740000000000001e-05,0.431,185.02900000000002
4xsPpE5fhM3dVGyJyblzG9,華神楽,['Ujico*'],234611,2017,False,,0.311,0.46399999999999997,0.10099999999999999,0.0375,174.998
0pMBUVTtMcsQCdD7DwO9qh,十六夜桜,['Ujico*'],185691,2017,False,,0.5760000000000001,0.513,0.374,0.183,128.03
04eb0rnLpWrpAy1J1ADuVZ,虚 蜩,['the GazettE'],227307,2018,False,,0.225,0.9620000000000001,1.42e-05,0.336,199.523
10FLHNqKoAfdgK5k4yqRgW,その声は脆く,['the GazettE'],302307,2018,False,,0.34700000000000003,0.855,0.00225,0.36200000000000004,172.115
5Pz1hhy6VvXyc5yZzkF55g,裏切る舌,['the GazettE'],210280,2018,False,,0.39,0.966,1.5e-06,0.485,154.954
0o95045Dgd29ycYuiN7S53,ミノウ,['s a k i 夢'],385365,2016,False,,0.66,0.28800000000000003,0.622,0.0347,140.012
0o5oIxjWxrzgWg5N1oyhz5,金草莓,['Jason Chan'],269296,2019,False,,0.6459999999999999,0.366,0.695,0.354,137.997
7lkMMncyCQsvHzSRSbLTYz,後排慶功宴,['Jason Chan'],263132,2018,False,,0.614,0.376,0.516,0.35600000000000004,74.893
4LLtnkFbCv0Jj1wy1pNvtb,告別之前,['Jason Chan'],241924,2015,False,,0.461,0.428,0.221,0.23800000000000002,129.935
4mj9QBJKlpyx9sn7i5zg70,一字一淚,['Jason Chan'],200693,2015,False,,0.56,0.19899999999999998,0.899,0.479,143.653
7b5slBco43cfyLVQNNLbga,going home,"['potsu', '増子奈保']",217026,2018,False,,0.436,0.28300000000000003,0.7190000000000001,0.243,95.01299999999999
30zkEddLihV42UqBVEed7j,天狐 (Tenko),['Higrayed'],175973,2014,False,,0.8029999999999999,0.6990000000000001,7.1e-06,0.865,120.02
2TUnAOo9bZW2PxS48e1ITY,妖狐 (Youko),['Higrayed'],142653,2014,False,,0.805,0.7140000000000001,1.4099999999999999e-05,0.615,119.96600000000001
7anSDCjsbIzzhEQZH6qN34,上集大結局 - The Players Live,['Jason Chan'],202649,2017,False,,0.605,0.602,0.086,0.58,118.11200000000001
2AG4Q4PAjcrjdeivdYUFQK,車匙 - The Players Live,['Jason Chan'],207453,2017,False,,0.593,0.5539999999999999,0.192,0.555,142.168
1M1RWTDaEUiwbb6GhbcCD5,永久保存 - The Players Live,['Jason Chan'],214974,2017,False,,0.502,0.337,0.387,0.381,77.404
01ubsYwnNzKCHH0bGTscds,一字一淚 - The Players Live,['Jason Chan'],200622,2017,False,,0.617,0.146,0.802,0.434,71.984
6TVe7BykkCFkbwrrZKbXcK,尊嚴 - The Players Live,['Jason Chan'],263056,2017,False,,0.444,0.363,0.452,0.179,76.15
6OWVrk3gFC7LdCr6EPrd3O,萬中無一 - The Players Live,['Jason Chan'],264027,2017,False,,0.253,0.299,0.51,0.24100000000000002,167.82
1Lq9ELrLxwTTn2eW8NEGBZ,夭心夭肺 - The Players Live,['Jason Chan'],224945,2017,False,,0.514,0.52,0.145,0.305,169.91299999999995
60c2HVzfVHpAKPLFG79qoO,我愛你夠貴 - The Players Live,['Jason Chan'],177764,2017,False,,0.6709999999999999,0.6920000000000001,0.0612,0.6809999999999999,116.035
7j3xrJzXR0sKhtJUhe0KdW,固執 - The Players Live,['Jason Chan'],281006,2017,False,,0.34700000000000003,0.253,0.902,0.284,71.113
035fkbaSy26GHv3vOnP6Co,回眸一笑 - The Players Live,['Jason Chan'],277692,2017,False,,0.575,0.293,0.7809999999999999,0.332,125.984
4ev6XVVMKw3G8Ot0lg0rH9,親愛的仇人 - The Players Live,['Jason Chan'],140612,2017,False,,0.517,0.32899999999999996,0.7090000000000001,0.205,136.28799999999998
1bOatJJgjzF9QYjBSDDkh0,巴別塔 - The Players Live,['Jason Chan'],345770,2017,False,,0.325,0.324,0.7979999999999999,0.313,146.455
0Q8elyETeU9W6RiqaJURLc,一步一生 - The Players Live,['Jason Chan'],217981,2017,False,,0.531,0.309,0.647,0.44299999999999995,98.851
2JQMiOAfIG6mBtSlxtthnR,動物農莊 - The Players Live,['Jason Chan'],209004,2017,False,,0.4920000000000001,0.674,0.0629,0.596,159.91
5HhOHyFqOMmsOTK1IqePYC,你瞞我瞞 - The Players Live,['Jason Chan'],242029,2017,False,,0.47600000000000003,0.42200000000000004,0.754,0.349,76.387
1sIAa1a9aMydR2JBIoKiwt,別來無恙 - The Players Live,['Jason Chan'],244631,2017,False,,0.494,0.48200000000000004,0.698,0.36200000000000004,137.923
2S3FtnqlLWBIqK4D0ic0A3,乜青 - The Players Live,['Jason Chan'],214164,2017,False,,0.48100000000000004,0.55,0.0897,0.45,171.83700000000005
0LBPMKGsEVINmiLfQOtCRY,斷絕來往 / 告別之前 / I will be Loving You - The Players Live,['Jason Chan'],527721,2017,False,,0.542,0.19899999999999998,0.853,0.35600000000000004,135.092
2kFe2EoIiraSTaaaW7EE4m,請跟我走 - The Players Live,['Jason Chan'],190777,2017,False,,0.47100000000000003,0.26899999999999996,0.795,0.247,75.578
1EqfQ3ymKXhOpkrfV4hYiP,"沒有你, 我甚麼都不是 - The Players Live",['Jason Chan'],286005,2017,False,,0.591,0.314,0.654,0.335,94.439
5bQcj5SJMw2rYt72qpXElR,時機 - The Players Live,['Jason Chan'],261664,2017,False,,0.517,0.528,0.44,0.196,148.055
7l1pbSA0feuXHEImRBmCDU,拍一半拖 - The Players Live,['Jason Chan'],233942,2017,False,,0.541,0.35600000000000004,0.67,0.34299999999999997,103.875
7btPdbnJDKmxWrUes1NrWi,醫生的悲哀 - The Players Live,['Jason Chan'],232927,2017,False,,0.628,0.34299999999999997,0.644,0.391,74.975
5nPKJnNOrdRmVyszd4bh32,逸後 - The Players Live,['Jason Chan'],290786,2017,False,,0.59,0.39,0.478,0.245,74.958
2dSvxRlhlDvSwq9PKKqBzZ,約定 / 漣漪 - The Players Live,['Jason Chan'],256372,2017,False,,0.462,0.0866,0.732,0.223,137.72899999999998
51YdwlvsRU0wkgiic8gH8y,雨後陽光 / 可樂 / 我的親愛 - The Players Live,['Jason Chan'],130276,2017,False,,0.501,0.287,0.7959999999999999,0.452,112.35799999999999
3Imy3tEuCmRaNHEB3U7uP1,別怕失去 - The Players Live,['Jason Chan'],194292,2017,False,,0.462,0.282,0.861,0.341,138.072
3GIVqgIXXDUadETUXF7HW0,原來這一種叫做沒有,['新青年理髮廳'],273543,2016,False,,0.39399999999999996,0.424,0.893,0.551,79.023
3WiLAaF3eleqTU8rTSULkg,回家,['新青年理髮廳'],289231,2018,False,,0.617,0.363,0.715,0.207,77.972
2HL35cIvpWv1AYnM9XdxPS,今晚有想起我嗎,['新青年理髮廳'],203125,2016,False,,0.6859999999999999,0.21899999999999997,0.9079999999999999,0.114,113.06
01S3DPAWY1vDrRQPzduMXL,深海天堂,['康語騫'],332493,2016,False,,0.257,0.102,0.9620000000000001,0.0606,126.887
1Oq5uN34U9eAyN5QfSxkVn,心願,['康語騫'],348667,2016,False,,0.272,0.0668,0.972,0.0379,119.977
0cRDgTLaYgtl2M9p5hKbOM,心月,['康語騫'],375573,2016,False,,0.419,0.0571,0.9059999999999999,0.0577,67.905
01piA9yQ8RtOVJNXAWNBEs,靈魂呼喚,['康語騫'],391667,2016,False,,0.332,0.133,0.938,0.0513,103.521
2cr0olVlNHqHFd1YnIjWHl,心的療癒,['康語騫'],312160,2016,False,,0.392,0.0224,0.987,0.0521,120.161
6X8bu7YNGcDNBuXVaXFFFL,心靈星空,['康語騫'],358747,2016,False,,0.191,0.0235,0.937,0.055999999999999994,69.527
6qLWynfNAdmpNvG2lzfmJO,月療,['康語騫'],330867,2016,False,,0.307,0.0271,0.96,0.0589,61.861999999999995
0c5IJ7YFjhL8jk0W1GYYkK,一隻沒終點的小鳥,['新青年理髮廳'],248000,2016,False,,0.7140000000000001,0.44,0.36,0.332,90.00299999999999
2ysycvdlE1Z1HNAPSUa0al,過去的總會過去,['新青年理髮廳'],292364,2015,False,,0.649,0.267,0.9279999999999999,0.111,110.01700000000001
3xX54lX4BNoCKUMUzkJSwi,3人のうた,['chay'],292500,2018,False,,0.517,0.187,0.9,0.365,147.812
3j3ifw1q5XXanRpJR0HAJW,わたしの命を抉ってみせて,"['Kami-sama, I have noticed']",193080,2017,False,,0.545,0.975,0.0527,0.489,108.04799999999999
6zCFNCedDSvHtyrdpjKOvx,宣戦布告,"['Kami-sama, I have noticed']",172760,2017,False,,0.513,0.996,0.0148,0.253,97.98100000000001
2fjNCBbbFWI2KZ96XEAeqE,僕の手に触れるな,"['Kami-sama, I have noticed']",206800,2017,False,,0.506,0.956,0.0147,0.475,101.859
1a5Uoh7UZqGFBfuysBS6cN,天罰有れかしと願う,"['Kami-sama, I have noticed']",208080,2017,False,,0.516,0.985,0.00599,0.316,95.02
46oaBO2EfDbVns6gEg0kr8,大人になってゆくんだね,"['Kami-sama, I have noticed']",223440,2017,False,,0.6409999999999999,0.87,0.293,0.706,95.98
1gSj4GylgBskCsIomasow8,だから僕は不幸に縋っていました,"['Kami-sama, I have noticed']",219893,2017,False,,0.377,0.9640000000000001,0.0605,0.547,184.03
6AYh63J158GIJE0AFXC3X1,一坪半,['Crowd Lu'],207433,2016,False,,0.5,0.35,0.27,0.263,117.044
66MixgVKiabr5SczqfrCyn,手機仔(一),['Crowd Lu'],258900,2016,False,,0.6859999999999999,0.26899999999999996,0.75,0.251,95.749
5zeqTRDBQhPrnGlUj6syAe,夏天的歌,['Crowd Lu'],195467,2016,False,,0.648,0.679,0.23399999999999999,0.72,145.20600000000005
4sH13qSbdEOlcbhWQ80uUW,月光備忘錄,['Crowd Lu'],194367,2016,False,,0.711,0.17,0.87,0.179,107.95200000000001
7o2TFmOvHennVvDQLP8rHu,今天睡在這裡,['Crowd Lu'],294133,2016,False,,0.759,0.609,0.10099999999999999,0.684,124.964
03bzkOXaJwejDwvgUGtd50,善良的眼鏡,['Crowd Lu'],179200,2016,False,,0.515,0.0618,0.7709999999999999,0.11,201.799
3MXDoO9MUUZaisnXgXnn8L,手機仔(二),['Crowd Lu'],103700,2016,False,,0.7390000000000001,0.718,0.0166,0.846,129.976
3EHRSvnIyvrK7kQ22ntTnk,結婚鑽戒,['Crowd Lu'],231233,2016,False,,0.557,0.315,0.337,0.408,149.998
3y0ISAgyVkI9z3AAMGC8Ls,星座愛情故事之巨蟹座可不可以繼續說愛,['Crowd Lu'],222100,2016,False,,0.5579999999999999,0.321,0.595,0.163,131.602
16JnRultn7tptNHMBe94w3,一定要相信自己,['Crowd Lu'],207040,2016,False,,0.382,0.36200000000000004,0.39399999999999996,0.248,136.97
0RvVNiGDX7mKrXCRpr7ysI,永远都会在,['The Life Journey'],282000,2017,False,,0.5660000000000001,0.6679999999999999,0.645,0.41600000000000004,78.047
2dloBxodgoHbbbY7GrqunM,你,['The Life Journey'],282000,2017,False,,0.311,0.312,0.8320000000000001,0.172,164.665
115WL3dA9hCpajfvlmVmab,西雅图阳光,['The Life Journey'],270000,2017,False,,0.626,0.762,0.198,0.652,105.979
02avQ0NQ6Hd6Tu3qRXGYaH,封夜,['The Life Journey'],224000,2017,False,,0.41200000000000003,0.7659999999999999,0.0384,0.48100000000000004,160.023
5THoC8riqLCKtkcAheHsbq,乘风而来,['The Life Journey'],267000,2017,False,,0.401,0.818,0.0539,0.43,82.94
7jA5MH6U4l9aqBbF7l4h1o,滚,['The Life Journey'],294000,2017,False,,0.389,0.792,0.0159,0.405,128.121
1q6lEI31JqouniStHEmbSX,勇,['The Life Journey'],251000,2017,False,,0.513,0.726,0.10800000000000001,0.536,164.13099999999997
7vKYZvDTO4NYwNFXYsjkQI,此刻是唯一的意义,['The Life Journey'],214000,2017,False,,0.545,0.13,0.9420000000000001,0.19699999999999998,135.724
3KDS6ZsT7kg56ZL8WGAbmk,紡冬,['a crowd of rebellion'],337439,2018,False,,0.478,0.62,0.0105,0.255,119.99
0uguTAc0yJY2vfmqiuYoob,セックス大好き,['Pink Guy'],142760,2017,True,,0.804,0.6759999999999999,0.102,0.485,89.984
6WYNbBwu3eYxHPTuiRbt2C,夏之恋,['The Life Journey'],206067,2018,False,,0.6659999999999999,0.636,0.0336,0.721,105.04899999999999
2xKSrAYS8YCiFEfWp7C9Et,圣地亚哥,['The Life Journey'],262280,2018,False,,0.38299999999999995,0.629,0.0841,0.637,139.41
5SRAqaF0nYKaVznXYrOIDZ,爱情的模样,['The Life Journey'],270933,2018,False,,0.586,0.4270000000000001,0.272,0.33399999999999996,118.027
7gKjtqKkAZ1dmjbkK24M40,我的蒙娜丽莎,['The Life Journey'],193187,2018,False,,0.568,0.586,0.212,0.568,82.037
29AndbRKKBzZJNB1sxntTZ,情书,['The Life Journey'],244040,2018,False,,0.603,0.499,0.34299999999999997,0.35600000000000004,129.866
0jrTqqINxVANXp6K7HXumv,终结日,['The Life Journey'],336240,2018,False,,0.48,0.4320000000000001,0.337,0.126,130.06
1h6QGAI1iZwob2Z7yBI7HO,没有说明书的机器,['The Life Journey'],191520,2018,False,,0.607,0.89,0.14,0.81,121.925
5bKrF8pekIchL0SXCkQWB7,爱的备份,['The Life Journey'],244427,2018,False,,0.271,0.457,0.141,0.32,177.88
68rOzLi5lAslup9nUm2KDT,周末玩具,['The Life Journey'],227893,2018,False,,0.638,0.6779999999999999,0.0538,0.818,123.03
7HPHyTKGsNX3J2Wo0e66Ml,亲爱的,['The Life Journey'],193253,2018,False,,0.611,0.355,0.552,0.389,105.13
5AGW3yn6JO3uq03iALUVcJ,隨風,['新青年理髮廳'],267049,2014,False,,0.519,0.46799999999999997,0.862,0.486,144.049
1jZkTwvT67KYUMSNqXVG7j,敢動,['新青年理髮廳'],246462,2013,False,,0.616,0.62,0.845,0.4970000000000001,90.02
6OvQFjyFe8Qz3oTpugPHSD,如果一生只有三十歲,['新青年理髮廳'],328000,2013,False,,0.639,0.442,0.8370000000000001,0.5760000000000001,120.01799999999999
0OT9uj3vmiYUsG4CXjZohG,此时此刻,['The Life Journey'],161684,2015,False,,0.687,0.63,0.198,0.725,95.024
0LN0GhK0LvmKp1vIc1rpP9,逝去的歌,['The Life Journey'],294367,2015,False,,0.512,0.7070000000000001,0.156,0.501,135.97899999999998
23DRIQ0KuCmz1VHxAK0eLP,父亲,['The Life Journey'],278746,2015,False,,0.509,0.299,0.541,0.11699999999999999,75.997
2R0yVA9OVXRT8knLol5c5g,新开世界,['The Life Journey'],81072,2015,False,,0.205,0.158,0.222,0.037000000000000005,86.45299999999996
6zOeDlS4T3yLXeyO74t8M5,我们的爱在地震带,['The Life Journey'],209981,2015,False,,0.37799999999999995,0.46,0.415,0.188,175.801
0Z4iQjOqn7UL6RbUR2KYjG,星尘,['The Life Journey'],309055,2015,False,,0.465,0.525,0.0734,0.17,148.011
4FOHg3IFfIKVUpXvhZbVwr,奔跑在孤傲的路上,['The Life Journey'],236772,2015,False,,0.6459999999999999,0.674,0.305,0.28300000000000003,112.99
19c7f8RIP88R3U6yKHbhFx,隐秘的国,['The Life Journey'],289160,2015,False,,0.41200000000000003,0.518,0.00686,0.40299999999999997,132.977
2i5PzPck9Kek2u9o1GljbV,慢活,['Lil’ Ashes'],220383,2014,False,,0.44299999999999995,0.752,0.10400000000000001,0.665,179.967
71SBEbIbZKgt7lUMwGXT3F,貓大人息怒,['Lil’ Ashes'],195032,2014,False,,0.746,0.516,0.264,0.475,139.976
2M42KoRCDNzXd2AHpuQs3r,我愛京達卡What A Ride,['Lil’ Ashes'],198411,2014,False,,0.613,0.6809999999999999,0.502,0.8,169.929
26d7Y553lu5nlYwndg73jd,這感覺,['Lil’ Ashes'],200949,2014,False,,0.4,0.435,0.22399999999999998,0.405,156.069
6P8Ur71NjpuBtcXG6JVU09,阿花的故事,['Lil’ Ashes'],185309,2018,False,,0.44,0.265,0.831,0.251,169.516
1CTtSM9bSrMkmMO7gmcHpF,小太陽,['Lil’ Ashes'],222755,2018,False,,0.434,0.544,0.327,0.19399999999999998,113.035
1JX8wvEmk5kcsYRXslWq7Y,哪兒,['Lil’ Ashes'],180681,2018,False,,0.78,0.35,0.41700000000000004,0.518,101.01700000000001
7e4w4fjxjxNxzqsrvySlQN,仙樂處處飄,['Lil’ Ashes'],156965,2018,False,,0.722,0.358,0.24600000000000002,0.155,121.92
3Ivjw9Ms8JpSd913KUIoi9,如果一打,['Lil’ Ashes'],170249,2018,False,,0.7090000000000001,0.414,0.657,0.3720000000000001,150.024
3WdBVsFXnNo99hAvoxqZQr,生命有價,['Lil’ Ashes'],236787,2018,False,,0.7190000000000001,0.7390000000000001,0.0132,0.467,120.09299999999999
5p4DWo9Vr0mCxnS9iy2Tey,哪兒,['Lil’ Ashes'],180681,2018,False,,0.778,0.375,0.469,0.523,100.995
7lrvT15grWZRObWTTE0gJU,卜卜卜,['Lil’ Ashes'],240265,2016,False,,0.598,0.386,0.526,0.34,129.99
1C3Za9YcWMtAYW3dJC8NLW,飛吧! 獨角仙,['Lil’ Ashes'],202212,2015,False,,0.794,0.11699999999999999,0.632,0.434,125.044
1bLmmwOTTzN3zPZXeWg2W1,飛吧! 獨角仙,"['Lil’ Ashes', '湯駿業']",202591,2015,False,,0.701,0.369,0.5670000000000001,0.408,126.975
1TsqdsmH6WbRtP1dglyniy,從世界到我家,"['Phil Lam', '區子琳']",222676,2018,False,,0.715,0.675,0.14400000000000002,0.653,96.02
1D3bFD66Mo1i6SFRvXslEG,陪著你走,['Lil’ Ashes'],208415,2015,False,,0.6970000000000001,0.23,0.738,0.128,98.031
07xCJe1antESH8xPb5G3gH,化險為夷,['Lil’ Ashes'],200942,2016,False,,0.575,0.38299999999999995,0.5489999999999999,0.40299999999999997,159.99
3byg5BtnxICWdXAcCgjJWm,原來只因深愛著,"['Kwan Gor', 'JW']",295355,2017,False,,0.5,0.3670000000000001,0.662,0.373,142.491
61dXO7WQ6IDDexnbhySDFl,單數,['Alfred Hui'],217543,2019,False,,0.534,0.6729999999999999,0.35600000000000004,0.613,175.93
70qMn1aRZVaqFq7Ay8PjGD,偽人,['Alfred Hui'],248280,2019,False,,0.473,0.813,0.0456,0.35600000000000004,145.005
3kc4ped23JbVFqmSNKEUpk,第一次告白,['TFBOYS'],213599,2019,False,,0.742,0.887,0.156,0.395,124.984
6l4OYmGHSMvrMCakDYFq0M,我的朋友,['TFBOYS'],219300,2019,False,,0.611,0.865,0.0505,0.93,75.002
3AWWbjQGqwTrL68nzNUb6f,我的朋友,['TFBOYS'],219300,2019,False,,0.611,0.865,0.0505,0.93,75.002
6aAhx9JyNa1AzhbagT1cwW,喜歡你,['TFBOYS'],215637,2018,False,,0.684,0.882,0.16699999999999998,0.743,145.97799999999995
6kiUMDrNcIpDZRLp2MZFPW,最好的那年,['TFBOYS'],229961,2018,False,,0.384,0.682,0.293,0.361,135.57299999999998
0gRiypngftlufV0txWSi98,最好的那年,['TFBOYS'],229961,2018,False,,0.384,0.682,0.293,0.361,135.57299999999998
4ZurMfpYy668QWNxtB2G2D,加油 ! AMIGO,['TFBOYS'],264000,2017,False,,0.654,0.953,0.0188,0.708,140.017
43A6J6G6bCI7zQ6b7Xw9vb,魔法城堡,['TFBOYS'],257320,2017,False,,0.701,0.645,0.495,0.48,97.012
3Ej1W4IPlzgP188Vgl5xah,夢想起航,['TFBOYS'],244345,2017,False,,0.5870000000000001,0.826,0.0064,0.695,145.054
0rgBazrifXZAvtWzZlzo15,愛出發,['TFBOYS'],225738,2017,False,,0.6940000000000001,0.899,0.215,0.762,127.963
656Ty0J4UWks4FOQA3icea,"未來的進擊 (網路劇""超少年密碼""主題曲)",['TFBOYS'],239977,2016,False,,0.624,0.804,0.0406,0.527,127.95100000000001
3UIHtpfEYWuPh2GlKZL2ji,螢火,['TFBOYS'],252527,2016,False,,0.649,0.753,0.11,0.606,105.029
55eMZAg3MM98cyJw33yvFe,小精靈,['TFBOYS'],216633,2016,False,,0.564,0.56,0.513,0.4970000000000001,152.204
02U7Y04qwNpCRsieUODeht,不完美小孩,['TFBOYS'],260229,2016,False,,0.623,0.442,0.731,0.35200000000000004,113.085
5NaaBa6egP8IRHMscG1ldj,是你,['TFBOYS'],231429,2016,False,,0.6559999999999999,0.6970000000000001,0.0409,0.601,153.936
5sVmxEAiNo0Meqnf2xkyKt,真心話太冒險,['TFBOYS'],220736,2016,False,,0.743,0.687,0.369,0.701,67.48
47WiKAVk2XT9g6tuTISzJt,つもる話,['Masaki Suda'],242320,2019,False,,0.5920000000000001,0.742,0.0668,0.5760000000000001,96.035
6YPBOXMMWGsFq1BioZCH8x,あいつとその子,['Masaki Suda'],241987,2019,False,,0.635,0.706,0.012,0.544,103.98100000000001
0usLRFLmYXYahKNgXxsuJc,Trivia 起 : Just Dance,['BTS'],225221,2018,False,,0.723,0.9059999999999999,0.0907,0.39799999999999996,125.01899999999999
6aHCXTCkPiB4zgXKpB7BHS,Trivia 承 : Love,['BTS'],225698,2018,False,,0.7609999999999999,0.7609999999999999,0.24600000000000002,0.483,121.97200000000001
1ZPpGPko8oULTmi34rozMh,Trivia 轉 : Seesaw,['BTS'],246334,2018,False,,0.7070000000000001,0.7909999999999999,0.18100000000000002,0.6779999999999999,106.985
0xXtynttM6oVxRJ5YUvbNA,オンナは変わる,['Gesu No Kiwami Otome'],252240,2018,False,,0.574,0.858,0.14,0.728,147.99
7glIl1Qe3E69MZV5mRJkbl,はしゃぎすぎた街の中で僕は一人遠回りした,['Gesu No Kiwami Otome'],228560,2018,False,,0.624,0.68,0.0747,0.516,139.941
0PQGTkHDzvlBtDDt2P2wcR,もう切ないとは言わせない,['Gesu No Kiwami Otome'],271817,2018,False,,0.59,0.7559999999999999,0.486,0.534,163.968
1uAzg8CiRdRq2iirUfuZHC,戦ってしまうよ,['Gesu No Kiwami Otome'],184417,2018,False,,0.38799999999999996,0.9179999999999999,0.000981,0.456,174.968
76bk1moKQd7BUwnjK0ES5f,僕は芸能人じゃない,['Gesu No Kiwami Otome'],130040,2018,False,,0.28800000000000003,0.948,0.0337,0.298,174.97099999999998
3oFgFwC6sd6xRDFZ16pJvF,颯爽と走るトネガワ君,['Gesu No Kiwami Otome'],123902,2018,False,,0.5379999999999999,0.93,0.0781,0.586,185.136
0Uem0VDiUNyaSYSU9oePrO,私以外私じゃないの - Remix by PARKGOLF,"['Gesu No Kiwami Otome', 'PARKGOLF']",255861,2018,False,,0.775,0.604,0.15,0.526,135.998
31TuRmkpWASxNqhE4YsjBU,招かれないからよ,['Gesu No Kiwami Otome'],276641,2018,False,,0.547,0.7290000000000001,0.0036200000000000004,0.408,125.98100000000001
0VW7fwPOtKAkiEDKgNaZR9,ハッピーオーラ,['けやき坂46'],242000,2018,False,,0.55,0.871,0.131,0.284,141.02200000000005
69cWxwoTdeCFPNsF25hNCt,302号室,['Keyakizaka46'],251567,2018,False,,0.5579999999999999,0.966,0.0458,0.515,122.95299999999999
2iKi5321b9tNkTtlQEEpNF,音楽室に片想い,['Keyakizaka46'],247700,2018,False,,0.498,0.9209999999999999,0.0211,0.648,145.97299999999996
4SvMSdv21Fxr3uMOulSV5p,日が昇るまで,['Keyakizaka46'],292400,2018,False,,0.51,0.439,0.813,0.373,148.143
3YjZJjF5C1ob707uyxvkb9,ジコチューで行こう!,['Nogizaka46'],249827,2018,False,,0.423,0.951,0.0612,0.429,83.986
70socbMUo1xU9j7Qm9huZx,空扉,['Nogizaka46'],256173,2018,False,,0.489,0.978,0.24600000000000002,0.513,156.037
19MEkPO9gq0wugcqsozhus,三角の空き地,['Nogizaka46'],240360,2018,False,,0.614,0.904,0.539,0.596,117.008
5LVY0TilnnJ3m6WcuCZwAD,自分じゃない感じ,['Nogizaka46'],248467,2018,False,,0.736,0.8859999999999999,0.18600000000000005,0.9540000000000001,123.97
6sMvF3ZFXJa0QjgGl0nSRW,心のモノローグ,['Nogizaka46'],239413,2018,False,,0.6659999999999999,0.983,0.5329999999999999,0.5589999999999999,127.994
4NJ8KIVXM6U65aVtfMwJKF,地球が丸いなら,['Nogizaka46'],269307,2018,False,,0.574,0.841,0.168,0.519,112.988
2J6nih5n0Ozdzr44BXFoOo,あんなに好きだったのに…,['Nogizaka46'],285827,2018,False,,0.511,0.909,0.0818,0.615,159.893
67tuKMqyHrVCcLxDwHOCJZ,ヒカリ証明論,['CHiCO with HoneyWorks'],274440,2018,False,,0.581,0.985,0.0517,0.305,99.995
64W7D99GOSoZIvbBKgHO5B,ヒカリ証明論 -instrumental- - Instrumental,['CHiCO with HoneyWorks'],274440,2018,False,,0.517,0.981,0.0008349999999999999,0.452,100.00399999999999
1cMzu4S0MTFoicrfe7Hh9n,星のファンファーレ,['新しい地図 join ミュージック'],259003,2019,False,,0.638,0.8740000000000001,0.00532,0.802,125.03299999999999
55KIazqHRKYhsylDXIMCWX,海市蜃樓,['婁藝瀟'],250546,2018,False,,0.322,0.34600000000000003,0.34700000000000003,0.16399999999999998,140.74
3IAfXC2EHu1smR8p0HG24w,Little Too Loud,['婁藝瀟'],181538,2018,False,,0.578,0.556,0.27899999999999997,0.33299999999999996,155.91899999999995
0Q9Ypd8jrwKeQ5H10j4PMr,非類,['婁藝瀟'],210116,2018,False,,0.363,0.613,0.424,0.619,99.992
4Nw8xRSgwa3c45TEpm8Bpb,野生情人,['婁藝瀟'],251827,2018,False,,0.5529999999999999,0.607,0.556,0.129,127.762
4il7XARaMei40tKHwupauv,好想他,['婁藝瀟'],225731,2018,False,,0.462,0.375,0.547,0.341,144.04
4b3hYihMXWtlqxgpZec28X,繾綣,['婁藝瀟'],240479,2018,False,,0.465,0.7879999999999999,0.0442,0.446,154.018
3xSmfYEhmX5lk6pTkzQVbR,態度,['婁藝瀟'],187368,2018,False,,0.955,0.53,0.0938,0.818,113.98200000000001
185PGlrdQWZoXSwkkzH2H6,七嘴八舌(feat. 性感的拖鞋),"['婁藝瀟', '性感的拖鞋']",173685,2018,False,,0.623,0.7909999999999999,0.00016999999999999999,0.132,107.994
33wfkyg9sHqKVCW2kY5id2,隱形刺青,['婁藝瀟'],186276,2018,False,,0.579,0.262,0.8270000000000001,0.29100000000000004,131.92700000000002
7jdClvC2PIhxDplP7PhQpS,Naughty Ball,['婁藝瀟'],179223,2018,False,,0.7559999999999999,0.508,0.434,0.609,119.895
6xxj76MUbGNtE4h7Bnx5zl,Ren Sheng Jiu Shi Xi,['姚莉'],182867,2018,False,,0.7,0.354,0.838,0.759,121.738
5Vy47lOWg6PLxY8a5J3ZvA,勇者的浪漫,"['Jason Chan', 'VnP']",311130,2014,False,,0.495,0.66,0.619,0.505,204.111
6R8F4dulPJ3DzWayZnFiR5,後排慶功宴,['Jason Chan'],263132,2018,False,,0.638,0.376,0.515,0.35200000000000004,74.932
3WVPYplDbbNv94hZDzZamu,中佬旅行團,['Jason Chan'],196768,2018,False,,0.722,0.718,0.0733,0.545,102.025
0qZzxiXn45sdlvxBLA7LeR,愛他怕他,['Jason Chan'],223795,2018,False,,0.546,0.413,0.722,0.268,147.726
2rdcqS9cMomMCHqtX3v7hM,認真如初,['Jason Chan'],255736,2018,False,,0.588,0.5660000000000001,0.14800000000000002,0.32,128.019
0Yoy4EDWMHYVKiP7ls21Z1,對人歡笑,['Jason Chan'],207165,2018,False,,0.6509999999999999,0.389,0.423,0.252,142.067
4byPRMbCbOnxvvrxp9J9Za,一支箭,['Jason Chan'],217823,2018,False,,0.701,0.40700000000000003,0.445,0.5820000000000001,123.896
05Y2IHa4hDOFF1IHeXZQT8,無限大,['Jason Chan'],225983,2018,False,,0.784,0.534,0.345,0.804,101.054
7r5vB9cttguLseAy7HHtWl,路人乙,['Jason Chan'],265298,2018,False,,0.607,0.461,0.609,0.528,122.79799999999999
11JmpR3Ozl7J0227e20TeO,奠,['Evocation'],206000,2018,False,,0.31,0.733,0.9209999999999999,0.0479,70.575
5ZQje7bsmEkJcQH33SqqZQ,報應,['Evocation'],341834,2018,False,,0.461,0.9740000000000001,9.36e-05,0.10300000000000001,130.054
2U6lONuCKKW4Bi15JqNpom,天葬,['Evocation'],341400,2018,False,,0.32,0.972,7.26e-05,0.106,162.959
1p7BDVpCTVED5gI8sTf2FV,結界,['Evocation'],304000,2018,False,,0.45,0.987,2e-05,0.0427,95.014
57I1LfUFyIjgfpg1ePcoFN,孤魂,['Evocation'],312457,2018,False,,0.4970000000000001,0.991,5.91e-05,0.0613,120.037
6yayONDJgynIHL7hF5Chny,浮生,['Evocation'],175739,2018,False,,0.366,0.7090000000000001,0.0529,0.115,85.073
2IhbTjwLxl42uuFKhzfBCw,邪拜,['Evocation'],324189,2018,False,,0.493,0.945,0.000331,0.0384,94.97200000000001
5WsyEnIl2blOBntJ5L5PRE,勅令,['Evocation'],242881,2018,False,,0.37,0.978,2.1e-05,0.11599999999999999,170.00900000000001
5LaR1kfAPpnus4KO9lq0Bt,污孽,['Evocation'],292091,2018,False,,0.486,0.995,1.3300000000000001e-05,0.12,110.06700000000001
1KRRUqOvAWIR79gpw7akK8,死忌,['Evocation'],368880,2018,False,,0.446,0.982,0.000205,0.0591,124.87
0WDIZuDfG77flNdXEZUsZI,涅槃,['Evocation'],384575,2018,False,,0.455,0.932,0.00014199999999999998,0.0399,119.98899999999999
6faOk0TwfVWERvr0zT0Unf,無常,['Evocation'],229124,2018,False,,0.20600000000000002,0.253,0.9179999999999999,0.0395,170.149
2iClD7D2xTBL29aEvif7sL,從不知,['郭小霖'],305067,2006,False,,0.41600000000000004,0.503,0.608,0.431,95.73
1lU16x0t8xQ4opExYjMO4B,小霖秘笈,['郭小霖'],250227,2006,False,,0.718,0.909,0.057,0.9390000000000001,139.101
2QTYe1KtPSFU5Cg6Z7uhHX,心裹的缺口,['郭小霖'],230227,2006,False,,0.59,0.527,0.275,0.0902,130.55
1IqTCRk4mDbYJxCkUhrQEx,傳電美人,['郭小霖'],240720,2006,False,,0.614,0.847,0.007229999999999999,0.787,160.16299999999995
2zrOtPEvxcK1nJ1GGmTYBV,風信子,['郭小霖'],251733,2006,False,,0.545,0.556,0.235,0.248,98.84200000000001
6ooEQUgoSHL4EvnyprWQ95,夜裏細雨,['郭小霖'],252227,2006,False,,0.601,0.414,0.444,0.365,111.12299999999999
1FpyHpZZZBxhrpklZBqEHS,但願,['郭小霖'],249227,2006,False,,0.255,0.37,0.396,0.10400000000000001,94.198
1Vv03bN4beCvtoKv7RrRef,Bye-Bye Love,['郭小霖'],234227,2006,False,,0.3670000000000001,0.359,0.408,0.10800000000000001,91.464
1Fb3KdxmDpDgS05t4AQKOP,我,['郭小霖'],221227,2006,False,,0.573,0.759,0.0247,0.512,141.548
5JWj7ZmcWK1KVlBGhIAGdM,天外有天,['郭小霖'],212733,2006,False,,0.184,0.23600000000000002,0.8170000000000001,0.0395,90.26
6U7ut4nKk7IMWMPX7H5aox,失戀的少年,['郭小霖'],259733,2006,False,,0.498,0.544,0.18600000000000005,0.192,74.642
1RarGh3m2cvlo7DywTx04z,情人身邊,['郭小霖'],278227,2006,False,,0.6629999999999999,0.53,0.64,0.547,135.07299999999998
5xTJa4GE5IznV9m01Ox44b,說天說地,['郭小霖'],253733,2006,False,,0.7070000000000001,0.645,0.106,0.8370000000000001,175.87099999999995
1BHjF4uHANsK7cLvXK219I,曲終人散,['郭小霖'],150227,2006,False,,0.257,0.4,0.915,0.20199999999999999,108.925
0R0j8oWKBnHUgOGdiabER6,失戀蝙蝠俠,['郭小霖'],226680,2006,False,,0.593,0.917,0.0828,0.7659999999999999,158.15200000000004
2v12yMNeBoYiujlq1JtX6R,迷惘,['郭小霖'],214067,2006,False,,0.5870000000000001,0.599,0.467,0.319,141.209
1CV3ZGo6KFFOe6aBpvszoJ,夢中見,['郭小霖'],263720,2006,False,,0.527,0.361,0.8109999999999999,0.318,81.73899999999998
2I4MdqHvOux6nKC8Js7weZ,舊情綿綿,['郭小霖'],266227,2006,False,,0.532,0.293,0.515,0.0382,161.261
3oSVrjtuX7hj5EuHxjgFr8,不准喧嘩,['郭小霖'],253240,2006,False,,0.8029999999999999,0.764,0.205,0.9470000000000001,121.01700000000001
499gCqPT9CMtnTN4QszQiJ,分手真相,['郭小霖'],248720,2006,False,,0.7440000000000001,0.498,0.46,0.295,94.912
2aoxiL5bsT6mXO7uYrUgSv,午夜人狼,['郭小霖'],268227,2006,False,,0.705,0.961,0.191,0.584,122.705
0DlQCQ7apUq7l5Jy2PE1a6,他也是人,['郭小霖'],185227,2006,False,,0.46299999999999997,0.405,0.638,0.132,119.62200000000001
3pqUrc0Sne5qWOe5JiPXNG,為你奉獻,['郭小霖'],210227,2006,False,,0.853,0.556,0.28,0.6779999999999999,120.21600000000001
5vggSb1y5YkYG2M7WQ59VM,愛妳別妳,['郭小霖'],295227,2006,False,,0.7240000000000001,0.7909999999999999,0.0897,0.593,129.046
50ylmQ4xFGiJbK7XxpzkJU,酒意,['郭小霖'],206733,2006,False,,0.7190000000000001,0.644,0.38299999999999995,0.581,122.71600000000001
4GLn27uoPfVSK99I2vKKr2,何故,['郭小霖'],268720,2006,False,,0.757,0.433,0.7170000000000001,0.271,96.68
5xUpLy53Y8KnX3LLCfB6oG,無論如何,['郭小霖'],201733,2006,False,,0.615,0.5489999999999999,0.524,0.195,75.844
7A716sSDnojX1K5opyzNDj,全靠你,['郭小霖'],251733,2006,False,,0.7140000000000001,0.7559999999999999,0.302,0.687,111.67
0xDOZLazV6VolrlyPLEpRz,等你,['郭小霖'],221747,2006,False,,0.8759999999999999,0.8959999999999999,0.35200000000000004,0.9440000000000001,115.214
0lgTDXUpmRZtglPuoFgit1,想你,['郭小霖'],175173,2006,False,,0.509,0.228,0.843,0.396,99.071
1efCORUnQ6vW6EULVix6K7,愛情蝙蝠俠,['郭小霖'],238053,2006,False,,0.613,0.838,0.00179,0.9209999999999999,75.107
0JyjA4t3f2Q0I8NsXPJQ6U,不規則,['郭小霖'],228733,2006,False,,0.731,0.856,0.256,0.612,109.917
3UtGlGWrIsJNF6iOGHCuSd,一些事一些情,['郭小霖'],252733,2006,False,,0.622,0.62,0.542,0.25,140.689
0Pvth1HuJFVb8KbS18KLrA,他是誰,['郭小霖'],215733,2006,False,,0.9009999999999999,0.5670000000000001,0.474,0.828,112.727
6kOGErooPQpBP2YP2JpNhQ,殺戮戰場,['郭小霖'],179733,2006,False,,0.72,0.8220000000000001,0.0168,0.607,106.958
32oRq9IR8WxupRWRIFqMlq,從前有個武士,['郭小霖'],238227,2006,False,,0.8059999999999999,0.81,0.265,0.768,132.91899999999998
4DxhKaiiZl4uybdsZxmXPy,唔? I Love You,['郭小霖'],244720,2006,False,,0.691,0.304,0.899,0.207,99.936
7Af7NcmBcSpllUNwqRxj4F,一千句 I’m Sorry,['郭小霖'],257733,2006,False,,0.769,0.29600000000000004,0.491,0.366,140.155
0xgwyh5q3IbNKZo32TWCpp,愛情蝙蝠俠 - Robin Mix,['郭小霖'],330733,2006,False,,0.61,0.878,0.00421,0.956,75.09100000000002
1LHrOQWnvXJDzIhQydX4Kt,但願,['郭小霖'],248733,2006,False,,0.249,0.313,0.535,0.12,93.45100000000001
2KniumLv9p5o8Dqc6cuXGa,沒有妳的我,['郭小霖'],195733,2006,False,,0.816,0.846,0.275,0.958,125.743
45ZCvG4DifJd5Lf0uUgl5b,微笑,['郭小霖'],206720,2006,False,,0.625,0.493,0.568,0.18899999999999997,141.477
7KVllDfXeoJXRCLdhJg3d7,文藝復興,['郭小霖'],272733,2006,False,,0.732,0.9209999999999999,0.0571,0.8240000000000001,133.929
73R28XJes8cO5lQJI9VYEZ,觀天的路人,['郭小霖'],211733,2006,False,,0.6990000000000001,0.607,0.231,0.515,123.973
2PS0JHZGIRHc3fYl3itTDR,畫筆 - Live,['郭小霖'],286680,2006,False,,0.589,0.349,0.254,0.154,148.505
6G8ChWSI7o4AYUUWfJa2aJ,畳,"['Ian Hawgood', 'Stijn Hüwels']",482086,2019,False,,0.183,0.0387,0.934,0.0319,83.26
5ybBlLc1llA2sJgt8EQG53,今,"['Ian Hawgood', 'Stijn Hüwels']",329793,2019,False,,0.07200000000000001,0.321,0.985,0.0368,76.781
7pkqEQjgGRs3uCJpaxjLhg,影,"['Ian Hawgood', 'Stijn Hüwels']",154562,2019,False,,0.158,0.0934,0.894,0.0551,55.077
0JXPxxcmJFZeZQdPVgisLg,See you again - 電影 “聲之形” 主題曲,['Leah Dou'],273005,2017,False,,0.516,0.24,0.946,0.0389,119.802
7pfGKP3O6ysJprvdk9yMdA,夏之旅,['Hua Chen Yu'],184327,2018,False,,0.674,0.823,0.11599999999999999,0.924,146.71200000000005
3Ym4IjB3lfMIAjMF37teZo,LOSE CONTROL 失控,['LAY'],209904,2016,False,,0.799,0.645,0.139,0.617,115.561
49akfWUMpemZGKyPPVHfRu,what U need? 你要什么,['LAY'],235282,2016,False,,0.705,0.629,0.16,0.9490000000000001,94.86200000000001
7mJjDTGONl13lPBOAoMl1X,TONIGHT 今晚,['LAY'],213428,2016,False,,0.6659999999999999,0.6,0.521,0.461,119.91
1m8r5sd7TV9dLineX8PSm4,RELAX 守望,['LAY'],261664,2016,False,,0.6759999999999999,0.605,0.19899999999999998,0.435,104.92299999999999
6RMrIRL3Hvit0cdkPGZppN,集結號,['LAY'],85386,2018,False,,0.39,0.37,0.00592,0.111,120.07600000000001
2n1jdTJFQP37DVruyyqhsl,夢不落雨林,['LAY'],208887,2018,False,,0.7929999999999999,0.883,0.00673,0.784,109.97
6tlgVMTekfygNyl9MkkeAZ,愛到這,['LAY'],223316,2018,False,,0.736,0.667,0.114,0.493,159.933
1iYGlI05Te7LjB8hNq7KVc,催眠術,['LAY'],186601,2018,False,,0.6890000000000001,0.71,0.0405,0.659,135.95
5NYWmE9QURqNB0ogqRjvVs,愛的引力,['LAY'],211152,2018,False,,0.759,0.77,0.0136,0.649,109.958
1aZQW2GXBRYDXnOlnaBhr0,堅持,['LAY'],191270,2018,False,,0.78,0.563,0.0195,0.536,110.057
2uu0i5ycmJQhDMQRZA4CRf,幸福上癮,['LAY'],172113,2018,False,,0.795,0.612,0.14400000000000002,0.903,99.98899999999999
4ZurPit9M0ISoEaDjIeR17,麻婆豆腐,['LAY'],162233,2018,False,,0.787,0.701,0.19399999999999998,0.599,125.021
4I1pdtv7aByO5yKkd05Y56,香水,['LAY'],250007,2018,False,,0.701,0.6609999999999999,0.0084,0.325,109.91799999999999
1SqtvEJAuP8S5m605dmVxS,快門回溯,['LAY'],211540,2018,False,,0.634,0.7040000000000001,0.45399999999999996,0.341,165.91299999999995
2Icy0PAB5R7PihpoB6IETX,貝殼女孩,['LAY'],195567,2018,False,,0.882,0.6779999999999999,0.0134,0.248,105.01700000000001
1fFQIrAsfmwehB8PHafQeY,笑笑,['RAKTA'],366429,2019,False,,0.214,0.557,0.0829,0.0606,83.619
3ayrHkyorPEpeOBvZ76SwG,有一種悲傷 - 電影《比悲傷更悲傷的故事》主題曲,['A-Lin'],237000,2018,False,,0.363,0.233,0.9009999999999999,0.341,77.378
3OkrJmKFo1FXItC8YPyZHn,恰好 - 電影《功夫聯盟》主題曲,['A-Lin'],255365,2018,False,,0.518,0.449,0.519,0.195,119.615
2kPpzrFSV2aE4zRZK2dddQ,懂我說的吧,['GONG'],211144,2016,False,,0.665,0.7070000000000001,0.0121,0.5539999999999999,119.963
4FhUykhznHpmmTgx2QJ245,總有個人,['GONG'],274880,2016,False,,0.604,0.6409999999999999,0.105,0.314,135.975
77bkANQkRm6bOP6fpa2swN,天黑黑 (Ti O O),['Peter Piek'],216246,2013,False,,0.644,0.348,0.32899999999999996,0.146,109.947
4Fl2UtqV7p2PaD5AAE9A6B,君になれ,['KOBUKURO'],308012,2018,False,,0.377,0.94,0.0036899999999999997,0.486,181.13099999999997
6VgEaYDMRdkJIcOrdGO2Jf,君になれ - Instrumental,['KOBUKURO'],305741,2018,False,,0.377,0.917,2.6700000000000002e-05,0.603,181.00599999999997
2bvSWn8qtMzVWCP77uoFne,風をみつめて,['KOBUKURO'],315881,2018,False,,0.547,0.536,0.303,0.209,75.998
4tPm8HYexZwsmdIMhWXWSX,夏の雫,['KOBUKURO'],403840,2018,False,,0.47600000000000003,0.14400000000000002,0.8540000000000001,0.214,142.184
1C2RTbpfHbiOYeClZG4qwE,白雪,['KOBUKURO'],262680,2018,False,,0.502,0.871,0.0111,0.7979999999999999,166.916
178txsQkLi3wOAiCn0VZ8d,風をみつめて - Instrumental,['KOBUKURO'],319373,2018,False,,0.4920000000000001,0.523,0.0018399999999999998,0.161,76.01899999999998
701nBpG2fMJjwDHnnhpUsX,夏の雫 - Instrumental,['KOBUKURO'],403827,2018,False,,0.51,0.11,0.88,0.14300000000000002,142.02100000000004
3dMCdTGO2laTWqm1b50u6d,白雪 - Instrumental,['KOBUKURO'],260653,2018,False,,0.48700000000000004,0.866,2.95e-05,0.968,166.979
2l37SdAskX7SfvxWXR0oLn,赤い罠(who loves it?),['LiSA'],253307,2018,False,,0.5820000000000001,0.991,0.0933,0.433,141.009
622iI23bJv7DRbAvTkOGqN,赤い罠(who loves it?) -Instrumental-,['LiSA'],248907,2018,False,,0.431,0.972,0.000205,0.44299999999999995,141.00799999999995
6YGjoeCrPuCb2tUVYaMaVU,愛的微波,['Samantha Lam'],229067,2006,False,,0.628,0.534,0.71,0.405,143.217
6gIqtKksGkRUghxzre4G1n,此情不再,['Samantha Lam'],280733,2006,False,,0.505,0.413,0.5479999999999999,0.185,85.90799999999999
2LINDQETgc7lwnlSSkH0pg,"別了,別了",['Samantha Lam'],246733,2006,False,,0.273,0.446,0.5760000000000001,0.196,175.571
7oA3mIst044t0GlaOyEZ4j,甚麼是緣份,['Samantha Lam'],232240,2006,False,,0.491,0.58,0.705,0.364,87.969
6hBD3ArMG34U42UD8Uhtxs,初戀,['Samantha Lam'],227240,2006,False,,0.627,0.754,0.6990000000000001,0.607,130.373
2wm9aNq0ypqXLDsjxEs8HR,愛清風更愛Telephone,['Samantha Lam'],223733,2006,False,,0.7609999999999999,0.865,0.446,0.747,126.307
0j4pILRawbUbdQs0Usflgu,留多一秒鐘,['Samantha Lam'],257733,2006,False,,0.335,0.344,0.8190000000000001,0.106,137.13299999999998
2FeQxjMWWyYK1dBR5vKul1,愛的洗禮,['Samantha Lam'],227227,2006,False,,0.695,0.875,0.23399999999999999,0.883,137.422
2FCpoSX3sQi4aNJqUbYl32,相識過亦朋友,['Samantha Lam'],193720,2006,False,,0.762,0.765,0.6859999999999999,0.948,129.208
13WqxKHXrES4tfxggxtenJ,因你別離,['Samantha Lam'],299733,2006,False,,0.569,0.6609999999999999,0.461,0.462,79.118
4OSuGYPi523FsADDeCac5Z,灑脫,['Samantha Lam'],320720,2006,False,,0.484,0.602,0.479,0.33299999999999996,139.87
1wW7YBWFQY4tKtFfliHNZQ,攝石人,['Samantha Lam'],248240,2006,False,,0.728,0.965,0.261,0.894,125.87799999999999
4LIo72edoBsHmzEComDE4l,十二小時,['Samantha Lam'],275733,2006,False,,0.327,0.441,0.7829999999999999,0.212,78.032
4QypVkRqDXlPbLri0mHXWl,冷戰,['Samantha Lam'],294720,2006,False,,0.51,0.551,0.68,0.244,141.34
3jhMLgQQmpA0czzGE85Fy3,偷戀,['Samantha Lam'],301733,2006,False,,0.618,0.48200000000000004,0.48,0.248,139.21
6Yiq0owwWMpEotOHOG8s5C,風箏,['Samantha Lam'],190173,2006,False,,0.529,0.5870000000000001,0.7559999999999999,0.38299999999999995,131.847
10wU1Tp7kFh5YI39ExbqGu,你的眼神,['Samantha Lam'],231067,2006,False,,0.479,0.436,0.431,0.28800000000000003,82.52600000000002
44widYDjIOJK7bi7ZrHCaM,愛的催眠曲,['Samantha Lam'],263240,2006,False,,0.495,0.45399999999999996,0.563,0.21899999999999997,79.95
2Nf3zu8L9jkt7npcTISDve,感情的段落,['Samantha Lam'],240227,2006,False,,0.528,0.485,0.7609999999999999,0.313,79.68
3CgCwunl5alX7yPlLYls9H,北國風情畫,['Samantha Lam'],244733,2006,False,,0.502,0.485,0.6459999999999999,0.46299999999999997,102.12100000000001
7rFK1EpOYhEZFJZh5nAElk,月影,['Samantha Lam'],206733,2006,False,,0.6609999999999999,0.807,0.542,0.851,129.518
1G6KtymC1XNix79bCYg6O9,隨浪,['Samantha Lam'],279733,2006,False,,0.5479999999999999,0.645,0.494,0.285,114.44200000000001
6xyHXn7TJGuyz8gFs1i9KF,偶遇,['Samantha Lam'],295733,2006,False,,0.203,0.292,0.922,0.0873,65.764
1lRcgQIOTdimBJ79pmOvZu,愛情幻像,['Samantha Lam'],217720,2006,False,,0.611,0.7120000000000001,0.46399999999999997,0.541,138.505
0AphUxnAlfh3bSBv7BgV09,從前愛我,['Samantha Lam'],250240,2006,False,,0.317,0.32,0.738,0.151,78.759
08znBSDGRXnRD7Q6guSmtv,愛情幻像,['Samantha Lam'],281720,2006,False,,0.313,0.42,0.6629999999999999,0.19,130.429
4w46cB7dJ1le3kxrT1wSzv,情人路,['Samantha Lam'],267733,2006,False,,0.4270000000000001,0.39,0.795,0.359,159.387
671ReAhpr9fFbp8LY8xEgw,因我愛你,['Samantha Lam'],234227,2006,False,,0.622,0.507,0.325,0.342,102.185
3PMtJILPrBNsSEMtbpFkgL,永遠冬天,['Samantha Lam'],273733,2006,False,,0.504,0.415,0.7020000000000001,0.345,117.876
1ptKKcuLUiLnx1JMyC9MQz,永遠動聽,['Samantha Lam'],287227,2006,False,,0.684,0.782,0.324,0.665,104.988
0GUsdfwEmgQ1ezcTqp7JI5,沒有中間路線,['Samantha Lam'],255173,2006,False,,0.41,0.41100000000000003,0.527,0.18100000000000002,149.105
6Zre7zJKtminF5wpnk4KBn,幾個風雨天,"['Jenny Tseng', 'Samantha Lam', 'Amy Chan', 'Sandy Lam', 'Susanne Ho']",315067,2006,False,,0.40700000000000003,0.461,0.7929999999999999,0.215,147.828
4vWKmwSH7HrTotYBWNOyiu,愛的突破,"['Samantha Lam', '蔡楓華']",228733,2006,False,,0.5710000000000001,0.561,0.8,0.3,122.307
3H2mOh7m67z63ZLuvD8FoW,伴你一億里,"['Samantha Lam', '藍戰士']",299240,2006,False,,0.46299999999999997,0.516,0.3,0.344,66.32
6nAUuUFYGonkUjRmTYPMf1,雨夜鋼琴 - Blue Mix,['Samantha Lam'],231733,2006,False,,0.522,0.6709999999999999,0.593,0.397,171.048
05mT1lKXFPoSJTjjI0K43W,偶遇 - Seaside Mix,['Samantha Lam'],308733,2006,False,,0.21100000000000002,0.376,0.94,0.11900000000000001,82.445
4GR4DGIYhzCBesUPUChpXX,你的眼神 - Mystery Mix,['Samantha Lam'],248227,2006,False,,0.4920000000000001,0.374,0.863,0.285,82.027
696XGAxOdeFYqfIcNVFiqm,初戀 - Mad Mix,['Samantha Lam'],191240,2006,False,,0.657,0.851,0.27899999999999997,0.866,150.457
4D6vzqNpUiyZy1xBiNz3N1,月影 - Moonlight Mix,['Samantha Lam'],216227,2006,False,,0.7070000000000001,0.821,0.153,0.932,129.99
00XN1JGwI40YzqC6OQTFTS,攝石人 - Magnetic Mix,['Samantha Lam'],326733,2006,False,,0.71,0.9620000000000001,0.0397,0.56,125.684
56ou2LDkbYdjCyrKUMQa0x,時光影印機 - Extended Mix,['Samantha Lam'],361733,2006,False,,0.831,0.797,0.0202,0.731,129.20600000000002
5KtwjQGo3WaFXswqaps60v,想你千千遍,"['Samantha Lam', '蔡楓華']",271733,2006,False,,0.175,0.4370000000000001,0.6,0.156,80.973
5McHiRoIRnAN3XtJqBfXsc,愛的火花,"['Samantha Lam', '蔡楓華']",172733,2006,False,,0.396,0.401,0.23199999999999998,0.132,99.294
4IWWXIi9AlQ4iczbPRW7r8,新宿物語,['Samantha Lam'],235733,2006,False,,0.40700000000000003,0.324,0.8859999999999999,0.0952,75.029
7EDIcGjxvfGvmzybfi2MFA,"點指星Sing12""","['郭小霖', '傅振榮', 'Samantha Lam', 'Sandy Lam', '甄楚倩']",642680,2006,False,,0.74,0.914,0.0301,0.674,139.90200000000002
7dLVVrO869kR1oWJnJZTg3,untitled#1,['非／密閉空間'],178400,2018,False,,0.455,0.797,0.41200000000000003,0.228,74.697
6xXfNvlPzGV0CCA5K8BxKk,停止繁殖,['Phil Lam'],217789,2016,False,,0.49,0.654,0.304,0.479,104.485
4BIMoRaWY5XtaVqIbTDWri,高山低谷Live Take 釋放版 - Shi Fang Version,['Phil Lam'],259278,2014,False,,0.71,0.292,0.858,0.485,144.122
4AWfW2DHCCYbcZSVgjiVMj,榮辱戰爭,['Phil Lam'],238311,2018,False,,0.466,0.674,0.231,0.441,137.93
31cd6r1KKwN0pq6ordqlMZ,生之頌,['Phil Lam'],237162,2018,False,,0.47600000000000003,0.47700000000000004,0.39899999999999997,0.19399999999999998,144.93200000000004
70M2YHRvT6KnDmDmK5mV34,一世同學,['Phil Lam'],227464,2018,False,,0.57,0.4370000000000001,0.214,0.43799999999999994,74.009
3uDQeVIQbHrA6gQyQP7ygN,沒有你還沒有你,['Phil Lam'],195546,2018,False,,0.603,0.6609999999999999,0.373,0.57,135.971
45JW9WsU0DBIgkAb5pNi90,從世界到我家,"['Phil Lam', '區子琳']",224507,2018,False,,0.715,0.675,0.14400000000000002,0.653,96.02
3SgxWFZyj6GPwF4Hs1u9YM,花灑下的歌,['Phil Lam'],254000,2018,False,,0.537,0.494,0.604,0.2,75.27
2qKnYN8OXr68YwIbyHV4gL,有淚多好,['Phil Lam'],253023,2017,False,,0.456,0.5579999999999999,0.185,0.344,153.99200000000005
6DmXNmTAuVNkfLsAvIpP6z,草原,['Phil Lam'],241283,2017,False,,0.598,0.35700000000000004,0.7,0.395,140.02700000000002
2nUps8uCPZCkibjnWE9RhF,家常便飯,['Phil Lam'],209574,2017,False,,0.7090000000000001,0.502,0.603,0.7659999999999999,147.868
6Dja4T3c6UFxUkvh8rupTW,是日休息絕不工作,['Phil Lam'],218762,2017,False,,0.7440000000000001,0.7070000000000001,0.0204,0.763,119.99700000000001
3Y0LqrajFYdFBL46dUHuJ8,好好的聊個天,['Phil Lam'],220307,2017,False,,0.649,0.273,0.74,0.721,78.08
4O4IcsmnBbwEUnE9jitE4N,一世同學,['Phil Lam'],227464,2018,False,,0.57,0.4370000000000001,0.214,0.43799999999999994,74.009
3aTz7rYmNCSFq7eHq9sKnW,生之頌,['Phil Lam'],237162,2018,False,,0.469,0.47700000000000004,0.39899999999999997,0.19399999999999998,144.933
0oV5I7mPoEPBgS51HpkOez,找一片空地,['午夜乒乓'],226427,2018,False,,0.58,0.698,0.14400000000000002,0.7170000000000001,140.543
1nFifUH3r7JaSN7sRMZm3w,B.L.A.S.T.,['午夜乒乓'],193627,2018,False,,0.327,0.835,0.000531,0.642,171.954
5pdapJvGtLp5fZKMLjUEZ1,夜的輪廓,['午夜乒乓'],332573,2018,False,,0.606,0.706,0.569,0.685,135.02100000000002
6see07k0mgexuBhQcHKmEq,草原,['Phil Lam'],241283,2017,False,,0.597,0.358,0.7020000000000001,0.389,140.028
1zzz6wVV18cNRo09jN1O5L,是日休息絕不工作,['Phil Lam'],218762,2017,False,,0.7440000000000001,0.7709999999999999,0.0252,0.764,120.01299999999999
4yIImgO3UONrKZVubl8yei,有淚多好,['Phil Lam'],253023,2017,False,,0.46,0.588,0.172,0.32799999999999996,154.122
3Lrw5NAloFXNkG2YHXBbUu,難得一遇,['Phil Lam'],235892,2017,False,,0.41100000000000003,0.344,0.768,0.22399999999999998,171.993
1cL85Yhzg3IHUhlPWQYDAQ,天淵之別,['Phil Lam'],273333,2016,False,,0.428,0.293,0.833,0.262,143.915
2030z8v1lBGDQedKfmiV0W,愛情小品,['Phil Lam'],228422,2016,False,,0.568,0.449,0.531,0.368,179.75599999999997
1dGF5ymTyBB2ZmOypkeU1F,veil,['須田景凪'],209636,2019,False,,0.5589999999999999,0.873,0.0281,0.797,150.055
6vRAF32WCBP15cMXGsfStt,MOIL,['須田景凪'],220282,2019,False,,0.428,0.778,0.0685,0.711,199.946
58B2Zst8Dwrtg6RsICz7VJ,語るに落ちる,['須田景凪'],297740,2019,False,,0.525,0.499,0.289,0.42100000000000004,129.976
49uYJkCQObk46RBxa10jyr,青嵐,['須田景凪'],228553,2019,False,,0.695,0.718,0.23399999999999999,0.44799999999999995,119.946
6WooNvH27Q8fzKEOwyhF75,couch,['須田景凪'],241792,2019,False,,0.262,0.8270000000000001,0.00233,0.674,78.979
3stPiNNlUYNOt5v0qFcLym,青春劇烈物語,['午夜乒乓'],291559,2016,False,,0.415,0.825,0.121,0.376,154.852
15pSyPgmgXGpXXSgtWp7u0,Blue Hearts,['午夜乒乓'],279058,2016,False,,0.264,0.745,0.008759999999999999,0.5760000000000001,84.656
6DZAaEEOjdxNAAhqfhN5JU,巴黎影院,['午夜乒乓'],248087,2016,False,,0.563,0.721,0.16399999999999998,0.545,130.014
06S1JUNqp1nsQWEPJln53Q,心悸大戰,['午夜乒乓'],117510,2016,False,,0.266,0.94,0.0671,0.29100000000000004,164.63
1PFiLaAt5uNpohcdk2zgMM,Run in the Rye,['午夜乒乓'],264029,2016,False,,0.47600000000000003,0.7140000000000001,0.52,0.5710000000000001,145.151
6yOztj7EoLXKEVXADlCDiE,白い熊,['午夜乒乓'],238590,2016,False,,0.46399999999999997,0.581,0.033,0.312,145.053
245wQ64OYxhvllL3gsgMq4,December,['午夜乒乓'],226429,2016,False,,0.519,0.644,0.5720000000000001,0.32799999999999996,80.018
6ijCwwipbOG0iiSIWDeyYU,這樣的人,['午夜乒乓'],217788,2016,False,,0.32,0.878,0.21600000000000005,0.39,164.762
4kOn3clLaL1D0ECuiDZjRa,Sunset Dance,['午夜乒乓'],232716,2016,False,,0.419,0.8059999999999999,0.0492,0.665,157.78
2PVhbcGLkqRgqpiVLG37Pb,午夜的直球對決,['午夜乒乓'],182307,2016,False,,0.21,0.977,0.0101,0.245,179.77700000000004
1YGqcBxzQxMF9ToK99soIK,惡之必要,['Jolin Tsai'],228750,2018,False,,0.586,0.619,0.0116,0.163,125.083
2uHMTG5xr9Xk7MrXIWrVUH,玫瑰少年,['Jolin Tsai'],191719,2018,False,,0.648,0.716,0.0577,0.287,98.014
0cONHWTIfgEpAuVwbbwGgc,怪美的,['Jolin Tsai'],182344,2018,False,,0.767,0.625,0.0264,0.58,97.985
0UuA3sgP6Qftl7nzfnOFoa,你也有今天,['Jolin Tsai'],186000,2018,False,,0.743,0.758,0.00487,0.35700000000000004,110.03399999999999
4K7RVctw6wgiwEJcP0eWiF,紅衣女孩,['Jolin Tsai'],194531,2018,True,,0.701,0.622,0.11900000000000001,0.257,141.002
46XrZSbu9A8w3EMMjRPaFt,甜秘密,['Jolin Tsai'],207422,2018,False,,0.631,0.7929999999999999,0.00763,0.212,150.131
4Tc7tDRZMf4T31sCc30dvZ,愛的羅曼死,['Jolin Tsai'],281250,2018,False,,0.565,0.551,0.68,0.353,121.935
7jWZPpaNaO8tp6p5RRcNG7,如果我沒有傷口,['Jolin Tsai'],301875,2018,False,,0.469,0.59,0.215,0.222,125.925
50ZM3drEKbAIKDfrbRYvX8,腦公,['Jolin Tsai'],172969,2018,False,,0.716,0.804,0.10300000000000001,0.528,144.036
5q6vEm0FWQwJVwanUm8rjf,消極掰,['Jolin Tsai'],182344,2018,False,,0.561,0.7709999999999999,0.0692,0.531,149.862
2FD5kjVgqTwOj3j60Q5br4,你睡醒再看,"['Jolin Tsai', '陳君豪']",221667,2018,False,,0.369,0.58,0.38,0.29100000000000004,135.188
7uRT1qUMZmoYlhS7XZ5YrC,美杜莎 - Play World Tour Live,['Jolin Tsai'],251585,2018,False,,0.561,0.847,0.00106,0.34,129.898
5sc9adPHCH470A658QHP0D,大丈夫 - Play World Tour Live,['Jolin Tsai'],200124,2018,False,,0.65,0.807,0.00054,0.6509999999999999,123.98
3DysdkobM1iFY4SmE3mywM,美人計 - Play World Tour Live,['Jolin Tsai'],243007,2018,False,,0.606,0.773,0.000306,0.192,122.04299999999999
41OCDlDd5RhSdHc0LGB9FH,愛無赦 - Play World Tour Live,['Jolin Tsai'],183040,2018,False,,0.489,0.8370000000000001,0.000147,0.17800000000000002,132.097
0Tmdi0hpHXBQb6AJSKwbBl,I’m Not Yours (feat. 安室奈美惠) - Play World Tour Live,"['Jolin Tsai', 'Namie Amuro']",277245,2018,False,,0.418,0.8140000000000001,0.0025399999999999997,0.308,128.105
7zlBFXtkLnYFNxk0NaRVYH,特務J - Play World Tour Live,['Jolin Tsai'],211122,2018,False,,0.466,0.664,0.02,0.13,142.94
7mDPm5atORftyEeSnzOigP,花蝴蝶 - Play World Tour Live,['Jolin Tsai'],142970,2018,False,,0.625,0.878,0.0008939999999999998,0.294,124.02799999999999
1xZzHYvH4IUB2ou13Xr6Vr,布拉格廣場 - Play World Tour Live,['Jolin Tsai'],112622,2018,False,,0.569,0.784,0.0588,0.498,94.57799999999999
5JcAaqb2SjrFDeBrWRcauU,第三人稱 - Play World Tour Live,['Jolin Tsai'],274522,2018,False,,0.436,0.616,0.0043100000000000005,0.22,80.985
36SB7wD2YnWzUYAtgJzLyq,獨佔神話 - Play World Tour Live,['Jolin Tsai'],263747,2018,False,,0.598,0.536,0.0795,0.175,123.958
0emPXIhEj3s1cIun2IDrj4,大藝術家 - Play World Tour Live,['Jolin Tsai'],342340,2018,False,,0.27899999999999997,0.611,0.028999999999999998,0.0793,96.01100000000001
6cRFirAvSKcM4igdEcuxip,唇語 / 檸檬草的味道 - Play World Tour Live,['Jolin Tsai'],362210,2018,False,,0.292,0.406,0.35100000000000003,0.124,138.692
5A9lN6V16umzZIAOUtq6SJ,我知道你很難過 / 天空 - Play World Tour Live,['Jolin Tsai'],315230,2018,False,,0.41600000000000004,0.341,0.309,0.124,125.46600000000001
0EJE6XNZcjEHbCUaw39YwL,七上八下 - Play World Tour Live,['Jolin Tsai'],150729,2018,False,,0.515,0.871,0.138,0.636,166.065
2cjbVPREDZ16P34ypz6oX3,日不落 - Play World Tour Live,['Jolin Tsai'],261540,2018,False,,0.585,0.7859999999999999,0.00212,0.44,128.032
4Iu6vepaanS4GjJSmbYaVz,無言以對 - Play World Tour Live,['Jolin Tsai'],232894,2018,False,,0.379,0.664,0.0544,0.332,151.759
1ZWxGXaEXgx4hlSWiY1UL8,迷幻 - Play World Tour Live,['Jolin Tsai'],209013,2018,False,,0.556,0.8009999999999999,0.00131,0.21899999999999997,124.993
1EBe9Kkby7oKrxeB49TOEQ,愛情36計 - Play World Tour Live,['Jolin Tsai'],103396,2018,False,,0.677,0.73,0.0319,0.6920000000000001,121.98899999999999
5B9x4G7PtQDL7d1MheLarP,電話皇后 - Play World Tour Live,['Jolin Tsai'],174540,2018,False,,0.568,0.77,0.00316,0.441,128.024
2LBbl2yswgx6AOLMUgUF64,舞孃 - Play World Tour Live,['Jolin Tsai'],317232,2018,False,,0.562,0.8540000000000001,0.00245,0.135,123.916
6MTCwoFUdMu2Y02VAkaEdl,看我72變 - Play World Tour Live,['Jolin Tsai'],214855,2018,False,,0.4320000000000001,0.932,0.000436,0.29,130.059
5oOTjBXL1vUPGtsLI32CUv,不一樣又怎樣 - Play World Tour Live,['Jolin Tsai'],468827,2018,False,,0.444,0.457,0.17800000000000002,0.252,81.374
0MI8S0AsF5Pl7P78XEzy4J,Play我呸 - Play World Tour Live,['Jolin Tsai'],389319,2018,False,,0.58,0.87,0.00312,0.212,99.961
4FrizRiAVRXdcsJNlQGB9x,寵愛,['TFBOYS'],266000,2017,False,,0.763,0.728,0.341,0.835,126.009
44rIkWCpqpdBm19O0I3JAP,樣 Young,['TFBOYS'],264152,2017,False,,0.53,0.555,0.545,0.16399999999999998,75.949
6YE9x3Gp56v8updMgNJw2g,大夢想家,['TFBOYS'],225963,2017,False,,0.679,0.8270000000000001,0.032,0.573,137.017
6c1JhDOYGBKicLNfK4o2p7,剩下的盛夏,['TFBOYS'],254703,2017,False,,0.691,0.573,0.5379999999999999,0.425,113.986
55j0wLh9eNkKrZwNrACpHU,少年說,['TFBOYS'],230167,2017,False,,0.507,0.976,0.0601,0.5760000000000001,161.808
7FrSronLW3WJJEVMvyRcdX,青春修煉手冊,['TFBOYS'],263077,2017,False,,0.7040000000000001,0.92,0.0435,0.564,130.043
5b9EILmfPoFad5ndfRhYn1,幸運符號,['TFBOYS'],217718,2017,False,,0.7490000000000001,0.941,0.172,0.863,128.031
4W31Hah0T1opUBejEgP8Oq,快樂環島,['TFBOYS'],235559,2017,False,,0.7879999999999999,0.9440000000000001,0.512,0.75,126.00399999999999
60Y2MAIiRcPjMBny0zZSvE,信仰之名,['TFBOYS'],226778,2017,False,,0.534,0.925,0.1,0.794,134.001
5X2mORgYskoiA2PbrXioNW,愛是無涯,['Prudence Liew'],316667,2000,False,,0.499,0.397,0.762,0.132,114.14200000000001
18a1DBCFVTuGy0q60e6qhp,公子多情,['Prudence Liew'],204493,2000,False,,0.48100000000000004,0.386,0.82,0.3670000000000001,80.985
6FhoYnjnLACJwcfmmBlfah,最後一夜,['Prudence Liew'],331507,2000,False,,0.759,0.675,0.26,0.872,116.08200000000001
2LBZJ4vzu0RlKstivAz5sN,我估不到,['Prudence Liew'],264160,2000,False,,0.8009999999999999,0.45,0.8170000000000001,0.642,123.035
2hzWKLNVdN4PSisnLZPWo4,點解,['Prudence Liew'],261840,2000,False,,0.7759999999999999,0.631,0.11900000000000001,0.9390000000000001,115.669
43qB6BUZQ6sCqvDYcwpCb7,異鄉邂逅,['Prudence Liew'],228173,2000,False,,0.601,0.35700000000000004,0.728,0.207,127.19200000000001
5TrSnoXMYYKeNHt6bgIBJu,你說是甜我說苦,['Prudence Liew'],205000,2000,False,,0.56,0.214,0.665,0.23800000000000002,80.126
06CLzJtZJhke0leIvLcUas,忘情,['Prudence Liew'],237160,2000,False,,0.65,0.341,0.5429999999999999,0.35100000000000003,105.447
0EWMxu2ccTViQlcAvtDBOd,偷窺,['Prudence Liew'],239173,2000,False,,0.574,0.32799999999999996,0.40700000000000003,0.57,125.818
0pMZifceIqYli7lR1otcBN,有誰知我此時情,['Prudence Liew'],238493,2000,False,,0.184,0.313,0.685,0.205,146.972
5dGTi6AA4RHcCmZERguXJ3,風情,['Prudence Liew'],289173,2000,False,,0.45899999999999996,0.252,0.7240000000000001,0.0873,68.485
2uHqVTV53BmykflsSnA1fi,清晨,['Prudence Liew'],240160,2000,False,,0.573,0.267,0.73,0.152,79.122
4fUF5MJcys55celL4D6y44,惆悵滄桑夜,['Prudence Liew'],242000,2000,False,,0.488,0.365,0.6729999999999999,0.402,125.238
4HErhm6sW1Dm4BnMZHeWpp,事後,['Prudence Liew'],315667,2000,False,,0.623,0.598,0.10400000000000001,0.596,91.978
3LNp6rvPgv413kSVMFWZ9S,夜己變得騷了,['Prudence Liew'],279840,2000,False,,0.662,0.598,0.102,0.7390000000000001,104.98
0FMMHZOlqgLAqSyDsrIIu3,午夜情,['Prudence Liew'],210160,2000,False,,0.284,0.41,0.322,0.0966,181.91
6myaL0rsnfJodyO81nSWgA,這麼那麼怎麼,['Prudence Liew'],235667,2000,False,,0.733,0.536,0.17,0.848,101.24700000000001
4u41Bdu8x3a04DZhCeIQvv,一見鍾情,['Prudence Liew'],230667,2000,False,,0.565,0.809,0.19,0.96,161.332
6dhNp9lu8G3OZXfnhSFsGN,一對舊皮鞋,['Prudence Liew'],289840,2000,False,,0.655,0.715,0.396,0.611,119.67399999999999
6GnLKH86PvXoPYoshPsajf,亞熱帶少年,['Prudence Liew'],270667,2000,False,,0.746,0.624,0.0127,0.626,123.742
38tqNCMNjp5vnHciXqbBNu,依依,['Prudence Liew'],232333,2000,False,,0.584,0.344,0.444,0.284,119.93799999999999
5N0DSsZLothPntXX8fKks5,請求,['Prudence Liew'],275667,2000,False,,0.445,0.396,0.5720000000000001,0.196,81.107
5WYrh32fc1mHAsCfa8ynug,也許是愛,['Prudence Liew'],297493,2000,False,,0.28600000000000003,0.46799999999999997,0.531,0.248,69.203
27NFlOJrk2m7RhqY78ZQWF,霓虹鳥,['Prudence Liew'],250667,2000,False,,0.659,0.64,0.316,0.42200000000000004,107.801
1lS2VQkFnPjMCFgbepW4Yy,這雙眼只望你,['Prudence Liew'],317507,2000,False,,0.7140000000000001,0.6859999999999999,0.0555,0.782,125.652
69XlDiwfw0EVl4o7GKw3Su,午夜傳真,['Prudence Liew'],269827,2000,False,,0.7809999999999999,0.594,0.10400000000000001,0.769,107.302
0dvaW2E56qA64wEsyPa70g,討厭,['Prudence Liew'],223667,2000,False,,0.61,0.431,0.41600000000000004,0.693,138.166
7wk5b75OgXvBZjsfYvJyJQ,玩玩,['Prudence Liew'],262173,2000,False,,0.784,0.644,0.1,0.9229999999999999,123.583
3HGI6wWmcRra4IA4S4wvFq,有人,['Prudence Liew'],241493,2000,False,,0.727,0.609,0.0744,0.535,116.103
42B1vQ6tiTd8CHX77BQTYQ,街邊派對,['Prudence Liew'],278667,2000,False,,0.619,0.695,0.183,0.57,140.02100000000002
3tu8EPcmW5IDj3YHV0zcRS,守破離,['Eman Lam'],256616,2019,False,,0.405,0.631,0.32,0.121,155.88
6qqhllKp9lViAlzYpXagg0,愛情是一種法國甜品,['Eman Lam'],237820,2018,False,,0.511,0.36200000000000004,0.585,0.22399999999999998,132.714
6AeZiXp49IPljfk3D0NC2f,我變成我,['Eman Lam'],182000,2016,False,,0.7120000000000001,0.62,0.304,0.863,96.095
3ZfmUZneSeD7oQ2b45jVrL,道成肉身,['Eman Lam'],208000,2016,False,,0.6990000000000001,0.568,0.304,0.758,99.01700000000001
0QSIOnhNpbJX361IHMhPU3,少少瘋了,['Eman Lam'],217000,2016,False,,0.56,0.518,0.374,0.293,98.01100000000001
0U680rM9WNNJzF1R64cu1d,聊,['Eman Lam'],252000,2016,False,,0.28600000000000003,0.262,0.883,0.23,77.854
5qPOWLjECxwgpZyET1npZ7,嘆息,['Eman Lam'],231000,2016,False,,0.522,0.19899999999999998,0.9690000000000001,0.49,122.499
1BGKAoG2zvC4iSBONwjQyn,Sakura (feat. Punipunidenki & Le Real),"['Macross 82-99', 'ぷにぷに電機', 'Lé Real']",165378,2017,False,,0.785,0.813,0.007659999999999998,0.672,119.036
7IVlo9OX4cvtSCV3NBxwZW,雨男,['茄子しじみ'],225000,2018,False,,0.544,0.894,0.0008089999999999999,0.691,160.001
4BoJ2AeYTpRrwdoaB7ptPd,長籐掛銅鈴,['Anita Mui'],183267,1999,False,,0.893,0.818,0.0538,0.868,124.925
701SNpDJdstQuRuf9zEFbZ,大江東去,['Anita Mui'],257333,1999,False,,0.619,0.457,0.384,0.4370000000000001,86.006
5XTlUIEoIefMSnLfD63B0p,癡癡地等,['Anita Mui'],242453,1999,False,,0.595,0.436,0.24100000000000002,0.45399999999999996,75.035
6PGLNpGBWYTPJZVvtoUcRd,今宵多珍重,['Anita Mui'],238933,1999,False,,0.6709999999999999,0.546,0.0582,0.262,125.96700000000001
5lhB5wQB3PjEmCED1OhNAz,你把我灌醉,['Anita Mui'],305840,1999,False,,0.586,0.575,0.531,0.222,119.979
6dj6S37iIp3UBfWFGzIDCT,沙灘,['Anita Mui'],234933,1999,False,,0.5529999999999999,0.33,0.163,0.154,92.0
37Lpc5Sdn6mkupkODFfiHx,用心良苦,['Anita Mui'],267067,1999,False,,0.527,0.386,0.737,0.139,129.781
6CZi2D1SlCRWwCnDImWdrc,下輩子別再做女人,['Anita Mui'],240973,1999,False,,0.598,0.316,0.688,0.188,122.07799999999999
3V95chA8nUjFY5V7QyVvw2,感情包袱,['Anita Mui'],245333,1999,False,,0.742,0.843,0.0481,0.9620000000000001,117.991
1MReXCtzlyfADOrmn4nI3B,昨天你去哪啊,['Anita Mui'],275466,1999,False,,0.5529999999999999,0.32799999999999996,0.537,0.22399999999999998,118.10799999999999
0rqSuk4dkIwOEOXERW9lzB,亡羊 (電影《誤殺》主題曲),['Jam Hsiao'],262655,2019,False,,0.466,0.7979999999999999,0.0899,0.32,136.05700000000002
3lXV5islM7qdGEMNnRiBnR,山上的孩子,['北京天使合唱團'],233000,1996,False,,0.563,0.32799999999999996,0.19699999999999998,0.521,99.68299999999999
4kTQOzsA5xvVQ9MJz0V7bF,豐年歌,['北京天使合唱團'],222867,1996,False,,0.452,0.27899999999999997,0.731,0.293,89.919
4KCF2sqAMkI6GR0BZpJ2uS,月光光,['北京天使合唱團'],221893,1996,False,,0.317,0.171,0.807,0.0368,71.976
37UUmHEwtxP3sVvYr8PEd5,八駿贊,['北京天使合唱團'],142840,1996,False,,0.691,0.23399999999999999,0.9,0.46799999999999997,99.78200000000001
2g2BeTSZ46gEbNy78Y3SMd,白花水,['北京天使合唱團'],233000,1996,False,,0.8540000000000001,0.0973,0.711,0.723,160.037
4h7fniSgCot13O5lENZ0TD,女兒盼嫁,['北京天使合唱團'],179800,1996,False,,0.268,0.188,0.8009999999999999,0.0353,78.51899999999998
3Y82p26RqTV2ynk5NnZCy6,咚咚奎,['北京天使合唱團'],147667,1996,False,,0.672,0.392,0.304,0.5529999999999999,119.985
6KSxWsXJCB2UTBaPDRnIs9,茉莉花,['北京天使合唱團'],208360,1996,False,,0.259,0.284,0.757,0.142,84.635
69WUyAwBth8gCpSZz2hEI2,美麗的家香日喀則,['北京天使合唱團'],189173,1996,False,,0.691,0.35600000000000004,0.11599999999999999,0.45399999999999996,101.991
66wOl0x2HzCn4oF9ewpuiJ,女兒阿詩瑪,['北京天使合唱團'],216933,1996,False,,0.7829999999999999,0.282,0.536,0.7879999999999999,159.939
09ZMPsVr0wbu1UGSz8vRKC,月琴彈起來,['北京天使合唱團'],218427,1996,False,,0.35100000000000003,0.282,0.528,0.138,146.86700000000005
0EsjXRFfq6RFpo2DYmssFg,這裡有我可愛的家鄉,['北京天使合唱團'],194907,1996,False,,0.166,0.161,0.547,0.0363,71.36399999999998
6NIIJG4Cir3KNDYLOaASJu,落水天,['北京天使合唱團'],301093,1996,False,,0.10099999999999999,0.168,0.9229999999999999,0.0382,78.918
5bX2a3b1e4jjgRxjztVVjj,絶体絶命,['Cö Shu Nie'],148747,2019,False,,0.324,0.941,0.0408,0.507,142.982
0fcjiWOZd5T31darP6l5Gf,ポケモンの意味は何か?,['Jahsua'],200017,2019,True,,0.813,0.7290000000000001,0.27399999999999997,0.9490000000000001,144.988
7LhRIUbNoimMcgX9UytO5q,愛しさにリボンをかけて,['Little Glee Monster'],302747,2019,False,,0.5,0.7020000000000001,0.0932,0.354,151.954
1i31BYKv1La3wVC6VbgGui,英雄 (Live),['Jay Chou'],182040,2019,False,,0.522,0.9079999999999999,0.000171,0.33299999999999996,118.995
77uwbOEaj6nMy6TlpEJg9Y,雙截棍 (Live),['Jay Chou'],145173,2019,False,,0.462,0.953,0.00281,0.26899999999999996,101.035
5OR1Fbd7RSI18OoBVhgTAf,開不了口 (Live),['Jay Chou'],272973,2019,False,,0.519,0.607,0.00183,0.358,139.95
7MmT3xzugKweEtethQiUeh,床邊故事 (Live),['Jay Chou'],220240,2019,False,,0.64,0.8440000000000001,0.0398,0.39799999999999996,106.02799999999999
4vlzCpNsDFBaW99mrCGpmO,夜曲+竊愛 (Live),['Jay Chou'],222013,2019,False,,0.5379999999999999,0.614,0.027999999999999997,0.5589999999999999,174.08900000000003
2KrXsknYKiyTDFtGPK45On,以父之名 (Live),['Jay Chou'],225307,2019,False,,0.413,0.7559999999999999,0.0581,0.35,174.87900000000005
4WXwCqReqMXALrYN7rQgDU,美人魚 (Live),['Jay Chou'],210987,2019,False,,0.604,0.792,0.0325,0.513,128.0
3M1YMhbHFUO1tzyFWr7SvB,我要夏天 (Live),"['Jay Chou', 'Patrick Brasca']",210587,2019,False,,0.503,0.845,0.00131,0.626,159.939
50Njtg1yk7ODjC0cXGDWT5,我的時代 (Live),['Patrick Brasca'],217133,2019,False,,0.568,0.867,0.0144,0.602,122.057
2aOYHzYlLY80ju0WdJ5VIG,晴天 (Live),['Jay Chou'],249760,2019,False,,0.47200000000000003,0.6,0.00365,0.44,143.964
56aNAGTTSrJTRmSsqVQEN3,稻香 (Live),['Jay Chou'],213280,2019,False,,0.505,0.5710000000000001,0.23199999999999998,0.316,82.023
1qjI8q4TEglFiRkzKma6zM,青花瓷 (Live),['Jay Chou'],239920,2019,False,,0.521,0.586,0.00259,0.687,108.016
7x7WzKFrMhUCBLxdFRfZc1,愛的飛行日記 (Live),['Jay Chou'],132747,2019,False,,0.5870000000000001,0.602,0.000117,0.355,113.016
4vIIT3Tk7WbDXoYYdmtVNw,楓+退後+擱淺 (Live),['Jay Chou'],119213,2019,False,,0.5589999999999999,0.55,0.0354,0.429,131.885
0BOuWSMfYXsSQnzZODma7i,爸 我回來了 (Live),['Jay Chou'],116947,2019,False,,0.47600000000000003,0.584,0.00446,0.294,152.15
2mZqYrJY81R63mfpFKMkBF,鞋子特大號 (Live),['Jay Chou'],204880,2019,False,,0.7829999999999999,0.8740000000000001,0.0448,0.601,108.02799999999999
4vr7OVnHFea6FyqHCr3vPv,半島鐵盒 (Live),['Jay Chou'],266520,2019,False,,0.513,0.526,0.193,0.228,130.055
5Rq5evQ9Od1JNJcEcGtjtt,印地安老斑鳩 (Live),['Jay Chou'],208293,2019,False,,0.619,0.763,0.0324,0.6579999999999999,94.045
5Waq2aPhZTshexHP8RnZGI,大笨鐘+暗號+彩虹+龍捲風 (Live),['Jay Chou'],227520,2019,False,,0.508,0.6409999999999999,0.000183,0.48,148.131
4j8VMlcecG0LvbJtgDkt5M,土耳其冰淇淋 (Live),['Jay Chou'],195440,2019,False,,0.607,0.855,0.000546,0.451,113.97
63GVB7ktPYG4Brh9zqLczw,告白氣球 (Live),['Jay Chou'],264307,2019,False,,0.389,0.752,0.00859,0.44299999999999995,180.33900000000003
1RDrXq40OVKHBxlZJbnqLu,爺爺泡的茶 (Live),['Jay Chou'],265067,2019,False,,0.506,0.685,0.0294,0.682,169.989
6pb5LDuBVYnLQRTGx1hiGv,七里香 (Live),['Jay Chou'],312733,2019,False,,0.439,0.639,7.240000000000001e-05,0.366,142.21200000000005
2aXhwHMjdUwp8umbBu3HHF,說走就走 (Live),['Jay Chou'],309247,2019,False,,0.489,0.826,0.000109,0.475,118.07700000000001
5rB0WwDZd8AgL21tMVGCmh,以父之名 - 演唱會版,['Jay Chou'],359613,2005,False,,0.345,0.8109999999999999,0.324,0.259,174.949
0du3Nl1NXGxOVdbd4rP3jc,止戰之殤 - 演唱會版,['Jay Chou'],277720,2005,False,,0.544,0.7879999999999999,0.387,0.363,88.995
1DuodM7RhfC132ZYWn5bXJ,她的睫毛 - Live,['Jay Chou'],231080,2005,False,,0.386,0.752,0.205,0.215,152.185
25NRjqf3FTBfe3MVM4G88t,晴天 - Live,['Jay Chou'],299360,2005,False,,0.507,0.7120000000000001,0.11900000000000001,0.318,137.092
5pArILuyEBYR8UmLif4FGB,妳聽得到 - 演唱會版,['Jay Chou'],229600,2005,False,,0.593,0.536,0.6809999999999999,0.391,115.961
0MNgwi07OFrbJPK5w2bYQD,梯田+爸我回來了 - Live,['Jay Chou'],276640,2005,False,,0.4,0.8690000000000001,0.322,0.42,151.05100000000004
2MnCUnclDAoH3SzPcq6VR5,園遊會 - Live,['Jay Chou'],259000,2005,False,,0.555,0.741,0.36,0.51,121.98700000000001
7CZppWg9lLqOSvVBaufZyS,龍捲風 - 演唱會版,['Jay Chou'],248307,2005,False,,0.46,0.705,0.591,0.419,143.905
2DiKwJlUdDvMoAtkHIZfvm,將軍 - 演唱會版,['Jay Chou'],182053,2005,False,,0.462,0.789,0.266,0.885,172.137
37j8BIsS9Y8VqIRj7tsVcS,亂舞春秋 - Live,['Jay Chou'],276240,2005,False,,0.419,0.941,0.11,0.588,172.21400000000003
3cSPuOCeS4jGrQ49ZJ6vRN,星晴+回到過去+最後的戰役+愛我別走 - Live,['Jay Chou'],762587,2005,False,,0.302,0.522,0.655,0.28600000000000003,110.206
0EzE1RLAzte736v8Lk0cdW,我的地盤 - 演唱會版,['Jay Chou'],239373,2005,False,,0.423,0.885,0.3720000000000001,0.613,170.074
0cTqRvuwuKNBrHrzXcfW9V,愛情懸崖 - 演唱會版,['Jay Chou'],262027,2005,False,,0.267,0.5329999999999999,0.763,0.27699999999999997,142.637
0RvaKPJeMp0vYa6lhkW2h2,擱淺 - 演唱會版,['Jay Chou'],261907,2005,False,,0.48,0.53,0.6779999999999999,0.20600000000000002,122.45700000000001
0REqfDMCGiAF7d7RM5HdZ3,藉口 - 演唱會版,['Jay Chou'],261680,2005,False,,0.46799999999999997,0.618,0.706,0.29100000000000004,130.274
4r0Lwnlt6sxl6p2W9bRd6i,瓦解 - 演唱會版,['Jay Chou'],217133,2005,False,,0.54,0.485,0.754,0.23800000000000002,128.075
41dlCsbys5bykejwFCFrGM,雙刀+雙截棍+龍拳 - Live,['Jay Chou'],420533,2005,False,,0.267,0.94,0.127,0.345,103.007
1a7MJcwgrPZWjReukyZG07,困獸之鬥 - 演唱會版,['Jay Chou'],263533,2005,False,,0.502,0.797,0.124,0.38799999999999996,130.018
7K1ivkL0JCqai27rnImn9n,倒帶 - 演唱會版,['Jay Chou'],276440,2005,False,,0.531,0.6759999999999999,0.4270000000000001,0.376,130.389
7Lcu5tgBPFW3ZHEaY5NwIY,簡單愛 - 演唱會版,['Jay Chou'],393627,2005,False,,0.4320000000000001,0.861,0.525,0.625,97.84700000000001
6i9UcyLyx1g7aLhyikNtPv,七里香 - 演唱會版,['Jay Chou'],302293,2005,False,,0.38299999999999995,0.8540000000000001,0.34700000000000003,0.433,142.14700000000005
7yYjrO8UN3NPtiIaODDy7D,外婆 - 演唱會版,['Jay Chou'],258227,2005,False,,0.486,0.902,0.636,0.479,80.914
5z0I66zBBq42D36AoJl3SL,斷了的弦 - 演唱會版,['Jay Chou'],290307,2005,False,,0.514,0.687,0.53,0.32799999999999996,97.012
3Yiul5fKq4Stkyw79HvIfm,東風破 - 演唱會版,['Jay Chou'],314560,2005,False,,0.561,0.547,0.615,0.495,72.99600000000002
2zzju16oso0zNcMug8shTz,軌跡 - 演唱會版,['Jay Chou'],394507,2005,False,,0.431,0.611,0.239,0.233,75.206
0rvyx5WuMibNe32ktdKReL,天天等天天問,"['葉歡', 'Chen Guan Yu']",317160,1994,False,,0.581,0.365,0.483,0.245,135.939
2ssAAlm5xIH0l6Lg32UGAg,你讓我悲傷又歡喜,"['葉歡', 'Chen Guan Yu']",305667,1994,False,,0.299,0.257,0.852,0.163,203.52700000000002
0rEiMkhbqc2WEd3uuU39UL,離開我會不會放不下,"['葉歡', 'Chen Guan Yu']",289507,1994,False,,0.711,0.575,0.677,0.6970000000000001,101.39299999999999
5az4BZntF18NPnGF6TcSI5,留著淚不哭,"['葉歡', 'Chen Guan Yu']",273333,1994,False,,0.39299999999999996,0.4,0.7909999999999999,0.29100000000000004,135.812
3c7zTc2RTqu2KuQsSG8rqD,偷心,"['葉歡', 'Chen Guan Yu', '小柯']",270667,1994,False,,0.638,0.405,0.65,0.26,133.972
4Ss1fC4pdn5yUroRW3pH7U,愛你一生夠不夠,"['葉歡', 'Chen Guan Yu']",324667,1994,False,,0.534,0.359,0.623,0.2,77.056
4EldU7dn2OgbRrVzNUSQmJ,女人心,"['葉歡', 'Chen Guan Yu']",300333,1994,False,,0.273,0.265,0.897,0.307,179.68900000000005
6ghNNbdd1uyBh6y3Upq4v0,世界不該只有愛情,['葉歡'],295333,1994,False,,0.68,0.529,0.596,0.619,91.941
0xz2K2dcMaL6oPVz7nqDcP,懸崖邊緣,"['葉歡', 'Chen Guan Yu']",297667,1994,False,,0.573,0.251,0.628,0.281,123.79899999999999
68xyvC2iRpqQZZV2yJrDkK,我只是一個女人,['葉歡'],251000,1994,False,,0.594,0.631,0.6509999999999999,0.46799999999999997,93.97399999999999
0MwgwxHX9h7hdjvmVdC2fP,你的寶貝,['葉歡'],330507,1993,False,,0.42200000000000004,0.27699999999999997,0.6679999999999999,0.147,90.935
2DcTVTalzyDUGrQnM1CoKm,一生美麗一次,['葉歡'],319600,1993,False,,0.581,0.436,0.266,0.17600000000000002,121.802
2VyDKTuHsqgIseJwGjbgo2,你對誰都好就是對我不好,['葉歡'],245000,1993,False,,0.513,0.259,0.746,0.18,127.81200000000001
5Z5X9hfK10qxa2U62nSh8o,只怕是一場夢,['葉歡'],273800,1993,False,,0.495,0.431,0.0524,0.45399999999999996,171.93
0vOibf4UZxQPXi3hwLqEFO,兩心相繫,['葉歡'],217333,1993,False,,0.701,0.598,0.763,0.772,119.99
7kDYfOb4zXnlgTROjBmfxp,我要給你一個家,['葉歡'],243067,1993,False,,0.469,0.354,0.654,0.27399999999999997,133.701
5HTeRs3leh4nMYMPAcJYl0,午夜12點10分,['葉歡'],291573,1993,False,,0.379,0.35,0.457,0.29600000000000004,156.172
7Jm9CWM6XUGYp6y4zvwt2O,大膽愛我,['葉歡'],245200,1993,False,,0.711,0.644,0.198,0.8,97.977
5pBkio6Xb9QWlQ2YRI3gJR,重逢,['葉歡'],286000,1993,False,,0.45399999999999996,0.314,0.5539999999999999,0.154,138.116
0tOf4fnoTM3trS1Hok6H5f,愛要愛的自然,['葉歡'],284000,1993,False,,0.655,0.597,0.0137,0.684,113.92200000000001
2WmfHQnNSsNn2WhDj82mND,誰在秋天撿到我的心,"['葉歡', '陳秀男', 'Ye Chui Qing']",302000,1989,False,,0.20600000000000002,0.213,0.955,0.191,104.42200000000001
51Z6U5z7equB4TYmw3b1dV,找個地方偷偷想你,"['葉歡', '陳秀男', 'Ye Chui Qing']",259693,1989,False,,0.428,0.373,0.753,0.3,139.93200000000002
0NDMWuDDgegBUVU3vfYTSy,再見謊言,"['葉歡', '陳秀男', 'Ye Chui Qing']",239067,1989,False,,0.6759999999999999,0.738,0.16699999999999998,0.879,132.029
7kAoeRtevqAyLmKKHUqLOH,和你的每一分時光,"['葉歡', '陳秀男', 'Ye Chui Qing']",288373,1989,False,,0.532,0.275,0.597,0.23399999999999999,172.967
1FBhGfGgsW1dauH6TizkzO,最後一朵玫瑰,"['葉歡', '陳秀男', 'Ye Chui Qing']",267533,1989,False,,0.41100000000000003,0.242,0.33899999999999997,0.14300000000000002,134.17600000000002
2XBaDMMHiXEF4vpLfzgl3O,幾多深情幾多愁,"['葉歡', '陳秀男', 'Ye Chui Qing']",271227,1989,False,,0.42200000000000004,0.306,0.777,0.305,78.046
3H9pwMD1Q5DUhNQ1KEbgl5,就這樣離開我,"['葉歡', '陳秀男', 'Ye Chui Qing']",259867,1989,False,,0.331,0.284,0.755,0.196,68.112
2FTG3vsxlaRzsbonroGuS5,你的愛燒痛我的心,"['葉歡', '陳秀男', 'Ye Chui Qing']",218760,1989,False,,0.177,0.48200000000000004,0.465,0.255,69.165
6rsT2VAxopfgJQAiPbV7zK,被你遺忘的街,"['葉歡', '陳秀男', 'Ye Chui Qing']",231400,1989,False,,0.435,0.379,0.652,0.156,77.64399999999998
07DiLFdwsH5j9UXqpUJuDM,不要皺著眉頭看我,"['葉歡', '陳秀男', 'Ye Chui Qing']",221667,1989,False,,0.154,0.22699999999999998,0.81,0.217,174.468
4MJBePKHFVOaIhOUfi9HxQ,秋的四季,"['葉歡', '陳秀男', 'Ye Chui Qing']",161440,1989,False,,0.184,0.151,0.975,0.0497,74.48
1jC6vIzTO0621vXMHxjvQU,記得我們有約,"['葉歡', '陳秀男', 'Ye Chui Qing']",321627,1988,False,,0.344,0.45899999999999996,0.535,0.251,125.811
1vJllQkwrMKKtJ4BmbLGCg,多一點愛給自己,"['葉歡', '陳秀男', 'Ye Chui Qing']",246827,1988,False,,0.685,0.599,0.589,0.718,110.382
3zNvGM2GAYTBOTgnGn1nWp,意亂情迷,"['葉歡', '陳秀男', '葉垂青']",227507,1988,False,,0.418,0.418,0.711,0.15,143.85
3EbAOv5NxqOwO6V0e6Hx2B,夜街,"['葉歡', '陳秀男', 'Ye Chui Qing']",288467,1988,False,,0.604,0.585,0.294,0.645,96.06
29Fg6dgnnUUWbEx5gGJCH6,"多說一點,說甜一點","['葉歡', '陳秀男', 'Ye Chui Qing']",180160,1988,False,,0.499,0.605,0.41100000000000003,0.4920000000000001,135.97899999999998
1DtgywFYZp0Z2eiNWsqwU7,讓我愛你到最後,"['葉歡', '陳秀男', 'Ye Chui Qing']",330667,1988,False,,0.332,0.602,0.524,0.353,181.05900000000003
6E36Fav7gztzbZpAhepnox,真正的溫柔,"['葉歡', '陳秀男', 'Ye Chui Qing']",261107,1988,False,,0.503,0.32799999999999996,0.836,0.156,136.102
47x5eFUEhaa5Dkvuw8ndaV,獨想,"['葉歡', '陳秀男', 'Ye Chui Qing']",245560,1988,False,,0.6609999999999999,0.659,0.71,0.389,106.322
7Mpkar39bX8DihAP8hYq12,第幾個冬天,"['葉歡', '陳秀男', 'Ye Chui Qing']",277573,1988,False,,0.527,0.603,0.652,0.3670000000000001,110.95
0TyHZZA9TsCuV29nmo5C8d,不眠的夜,"['葉歡', '陳秀男', 'Ye Chui Qing']",142693,1988,False,,0.254,0.10400000000000001,0.975,0.0662,86.949
1ElBje28cbyOa7IGAcBcZQ,放我的真心在你的手心,['葉歡'],286883,1988,False,,0.267,0.33299999999999996,0.74,0.195,171.733
6PYU4O3xklt7OXirjqcL0c,別偷偷的吻我,['葉歡'],207600,1988,False,,0.6890000000000001,0.5489999999999999,0.096,0.513,138.092
4ssfoUfrE0V7OrrNhkiB6F,人生如夢,['葉歡'],278160,1988,False,,0.452,0.33899999999999997,0.7070000000000001,0.187,76.507
5gEULJ8Q78ZFX6ImSjVvOI,愛得太癡,['葉歡'],250173,1988,False,,0.449,0.397,0.551,0.248,153.619
2ACTZ48IDRV5O4JYl6Mpvf,只要,['葉歡'],236160,1988,False,,0.4970000000000001,0.28,0.675,0.165,133.799
4QgDriaCepKWQe8dlR2omq,時間帶不走空間,['葉歡'],268467,1988,False,,0.687,0.405,0.528,0.626,132.884
29IfLe56ug0fJmKvm1hk74,留話在風中,['葉歡'],316400,1988,False,,0.6679999999999999,0.675,0.69,0.833,109.45700000000001
60jOnRWtHaJdVQ4PvRjLJd,悲傷的城市,['葉歡'],241933,1988,False,,0.344,0.21100000000000002,0.6970000000000001,0.175,84.16799999999998
5RO3jgqlNaz3g2AT8V9isB,沉默取代我的笑顏,['葉歡'],201307,1988,False,,0.479,0.316,0.536,0.278,102.441
3tma88gYQ06TnRvTeZOLwG,一顆砂粒,['葉歡'],242960,1988,False,,0.31,0.16899999999999998,0.713,0.0732,74.706
0xSKobz5d2E8oIkwTumwkZ,名前のない青,"['Kami-sama, I have noticed']",206059,2020,False,,0.531,0.917,0.0301,0.631,99.01
2IAumRplFr0Ns09kKgt2je,怎麼了,['Eric Chou'],321040,2019,False,,0.496,0.515,0.701,0.263,140.05100000000002
0F2muCxmWhi7NfY9poM0KZ,至少我還記得 - 天堂的微笑插曲,['Eric Chou'],304800,2019,False,,0.26899999999999996,0.368,0.7240000000000001,0.337,168.803
5jOYtMuC6lc0pvebPfQDDF,終於了解自由,['Eric Chou'],316933,2019,False,,0.552,0.405,0.794,0.314,104.959
43jp786MgkcrgC8ZZLmerM,荒野を歩け(Album Mix) - Hometown Version,['ASIAN KUNG-FU GENERATION'],255133,2018,False,,0.376,0.815,0.0035600000000000002,0.319,165.113
3ffgi8gpFtn14bFe2YUCd5,老友記,['Ronghao Li'],286777,2019,False,,0.617,0.5579999999999999,0.0736,0.27899999999999997,123.97200000000001
240AkEtInwSJhgZ3liTgYc,哭砂 - Remastered,['Tracy Huang'],279400,1990,False,,0.578,0.177,0.748,0.395,75.077
5RaWNTko6AFCnBqYWvWFmT,寧願鎖上 - Remastered,['Tracy Huang'],310600,1990,False,,0.46399999999999997,0.27,0.331,0.264,147.909
2W6e95Vjy4KtNQ1eIqtilJ,風的心 - Remastered,['Tracy Huang'],352667,1990,False,,0.494,0.32899999999999996,0.7809999999999999,0.31,151.981
5ZW3lBP6VMJ10H2h6sJTrx,不問不說 - Remastered,['Tracy Huang'],244333,1990,False,,0.7340000000000001,0.544,0.10300000000000001,0.774,107.01899999999999
1gN6ion0ZQoKhdiTyVZpsC,你為何不要 - Remastered,['Tracy Huang'],240067,1990,False,,0.617,0.27399999999999997,0.723,0.293,119.27
41I7NsADYclWbNyiwUti8e,讓愛自由 - Remastered,['Tracy Huang'],346533,1990,False,,0.384,0.25,0.601,0.12300000000000001,121.219
4SFLrNQZ0ZZ8zA3LgCxd0i,三年三月到九天九夜 - Remastered,['Tracy Huang'],276733,1990,False,,0.465,0.327,0.7509999999999999,0.251,145.262
6hLTBlSU5tXYRLrWKiY8Ps,再見還是不見 - Remastered,['Tracy Huang'],250133,1990,False,,0.674,0.462,0.45899999999999996,0.201,119.946
4QgtunSSbw9jRcjdyBMFFn,聽你說你的愛 - Remastered,['Tracy Huang'],248307,1990,False,,0.609,0.4920000000000001,0.612,0.67,158.234
4QtxTDL1tUudgWtrcZuEsU,藏好一個春天 - Remastered,['Tracy Huang'],291427,1990,False,,0.565,0.516,0.5429999999999999,0.745,161.217
56wVfJKtnwlSZtC4NVgIrf,說好不哭,"['Jay Chou', '阿信']",222333,2019,False,,0.512,0.35,0.478,0.34299999999999997,152.023
1jcW6AjFWRyfnTXwLlMMlJ,李白,['Ronghao Li'],274920,2013,False,,0.81,0.5429999999999999,0.79,0.823,114.934
3WiPLRpAhceu2Ssjd3WtTx,模特,['Ronghao Li'],307347,2013,False,,0.684,0.42100000000000004,0.266,0.382,129.986
146raTYXys6fD0iNT6Lov7,兩個人,['Ronghao Li'],290720,2013,False,,0.607,0.252,0.83,0.12300000000000001,116.963
5bUMSEIoYKJPbGkEfc0EhJ,太坦白,['Ronghao Li'],297920,2013,False,,0.78,0.376,0.53,0.7879999999999999,97.98100000000001
0ZkGfiak81jTWoxoVJhtls,老伴,['Ronghao Li'],208640,2013,False,,0.5579999999999999,0.377,0.804,0.27699999999999997,133.955
3ooGmupWqWe254ppnsNQyB,演員和歌手 (feat. 陳坤),"['Ronghao Li', '陳坤']",256267,2013,False,,0.657,0.332,0.855,0.332,124.01
7cFBNeFBZtNi27LLxC4FBy,都一樣,['Ronghao Li'],304213,2013,False,,0.5589999999999999,0.319,0.794,0.3670000000000001,95.015
2zRfNZ9sI0uwSBuyCtaSWu,有一個姑娘,['Ronghao Li'],286040,2013,False,,0.598,0.359,0.636,0.32799999999999996,123.79700000000001
0LswFXo8yU8QgGKbI6QUBA,藍綠,['Ronghao Li'],260987,2013,False,,0.461,0.37799999999999995,0.831,0.3720000000000001,117.895
1bgBAaSL1ZlmPCKtFBw7wQ,拜拜,['Ronghao Li'],337667,2013,False,,0.5589999999999999,0.368,0.547,0.45799999999999996,165.90099999999995
4ireSSj4s1inMsOGJjbTIm,麻雀,['Ronghao Li'],252757,2019,False,,0.622,0.509,0.619,0.231,85.024
1btEZUC5bfam9uDDHiZK9a,当我不在你身边,['四叶草'],137639,2017,False,,0.69,0.406,0.701,0.337,136.15
2klNZdYcBoQeiecfAxbduB,等爱,['四叶草'],139703,2017,False,,0.743,0.385,0.649,0.239,140.175
6I5ncF5a3YDcUymQeUUEW4,等你的季节,['四叶草'],142655,2017,False,,0.7170000000000001,0.33899999999999997,0.5820000000000001,0.301,66.067
748bBmNtVFR0NdbV5uQ1ZG,等你约会我,['四叶草'],170971,2017,False,,0.731,0.318,0.775,0.151,119.891
6KEhvhchuBktblTNnSJK8Q,地球上的爱人,['四叶草'],137378,2017,False,,0.608,0.575,0.662,0.526,200.042
1DfCd26yNhzpoXVUx0McIz,踮起脚尖爱,['四叶草'],142707,2017,False,,0.76,0.43799999999999994,0.484,0.373,143.94
24yQKa3s9ySLQbiKZsffg6,叮咚,['四叶草'],127242,2017,False,,0.726,0.385,0.5660000000000001,0.12,132.233
2oz1eK0QQ7AhVjFk7qrOSW,动了我的情,['四叶草'],156970,2017,False,,0.777,0.387,0.7020000000000001,0.142,119.99600000000001
0kkVze2kSF0v7jibgZdcnT,都是为了爱,['四叶草'],139076,2017,False,,0.782,0.373,0.612,0.278,132.309
2paDel6ECQvaHwt8zGUrRS,对爱期待,['四叶草'],165303,2017,False,,0.535,0.284,0.591,0.195,180.02700000000004
5NjIXDq9l90K83em9roR8o,对不起现在我才爱你,['四叶草'],202475,2017,False,,0.693,0.41200000000000003,0.5820000000000001,0.11599999999999999,159.865
3EM4Xk8b8pxcQY5HZV4Yr5,对折,['四叶草'],177972,2017,False,,0.75,0.308,0.782,0.228,119.685
4dynqwvxtZaTF5RXXE6bjp,多情的打搅,['四叶草'],178991,2017,False,,0.9209999999999999,0.402,0.423,0.259,120.03
5KXGMmPKohQn8CVQNmlqf0,放不下你的人还是我,['四叶草'],154776,2017,False,,0.633,0.302,0.46799999999999997,0.201,199.977
2xbYC0uOFXFcvEctRIfVTy,放了自己,['四叶草'],154514,2017,False,,0.8,0.281,0.67,0.0945,132.043
6Lh3qHU2vry05vUEjLKvIb,喜劇之王,['Ronghao Li'],261284,2014,False,,0.727,0.4,0.475,0.268,131.968
2u40aeq82XqRToqXAHPH63,落俗,['Ronghao Li'],267333,2014,False,,0.594,0.33,0.359,0.162,125.95
1HKx419sngkK8TOPv6TehM,作曲家,['Ronghao Li'],232164,2014,False,,0.68,0.462,0.5529999999999999,0.28,105.01100000000001
2srrzW8ejZJBMYXcOFzq3g,不搭,['Ronghao Li'],287821,2014,False,,0.664,0.409,0.802,0.255,120.03
3ebhwAoIlJYrjgyYAY2Ck3,自拍,['Ronghao Li'],295008,2014,False,,0.725,0.369,0.745,0.469,124.021
35BCow4drMlZjdgRzbgTuI,哎呀,['Ronghao Li'],295902,2014,False,,0.569,0.374,0.624,0.152,113.98899999999999
0vHVVk1joBlIaNCOPDSQsH,快讓我在雪地上撒點兒野,['Ronghao Li'],242742,2014,False,,0.7609999999999999,0.431,0.6779999999999999,0.8370000000000001,99.964
1WnqRKx9SQ2TWWi4grEd5s,男女,['Ronghao Li'],331600,2014,False,,0.737,0.301,0.59,0.33899999999999997,119.98299999999999
3Mo6cA8fPYfUoRIdSiN8nh,天生,['Ronghao Li'],275528,2014,False,,0.703,0.594,0.193,0.308,125.96700000000001
0aXuYvO8UVvchwXfOKTArU,二三十,['Ronghao Li'],264494,2014,False,,0.725,0.218,0.853,0.294,112.03
0fqtDqKNUgv8WkNUJOzVqZ,王牌冤家,['Ronghao Li'],243893,2018,False,,0.561,0.631,0.615,0.907,75.994
44xvVW7qnHLMCRdEo5LgZa,念念又不忘,['Ronghao Li'],340933,2018,False,,0.507,0.485,0.191,0.132,129.93200000000002
4ApOl3vONEFDe1KcqAF8mW,貧窮或富有,['Ronghao Li'],297240,2018,False,,0.55,0.35100000000000003,0.5710000000000001,0.259,119.823
3GlNcoCXItZXwZyk0iojNB,樂團,['Ronghao Li'],205147,2018,False,,0.695,0.578,0.00584,0.47600000000000003,94.978
0G8kXnnKAOt2KGk6E8ifj1,我知道是你,['Ronghao Li'],250573,2018,False,,0.35200000000000004,0.374,0.115,0.341,126.06200000000001
7B8gZQY2KaAP1Dn1fhDU67,耳朵,['Ronghao Li'],241267,2018,False,,0.61,0.4920000000000001,0.617,0.32299999999999995,124.126
6XY80Ofqd8j0SGiEdRLwCp,年少有為,['Ronghao Li'],279147,2018,False,,0.518,0.462,0.322,0.289,131.892
6QMeIDSONrkf4N1dSQ9OS4,"成長之重量 (電影 ""動物世界"" 成長版片尾曲)",['Ronghao Li'],338787,2018,False,,0.423,0.61,0.259,0.442,195.976
2YcQFte9mx14y2JK4F541s,張家明和婉君,['Ronghao Li'],248467,2018,False,,0.684,0.611,0.134,0.5529999999999999,95.0
2n4aqb1ZUfPiwua7zhmyGZ,貝貝,['Ronghao Li'],4000,2018,False,,0.0,0.196,0.0,0.0,0.0
7okoZKNIDf53dEr1gAvf8Z,曾经为爱痴狂,['四叶草'],158171,2017,False,,0.769,0.251,0.762,0.28300000000000003,132.24200000000002
5IG3fXbihKt5yiNJFhYvkP,走就走吧,['四叶草'],154776,2017,False,,0.722,0.275,0.685,0.23600000000000002,66.714
0vbVRonAZp7zVrlVtI7qjS,回忆校园的感觉,['四叶草'],178338,2017,False,,0.868,0.254,0.584,0.28600000000000003,120.038
4XSqCAcxeWq2UPNYBtQV5g,她已经不在啦,['四叶草'],155429,2017,False,,0.725,0.247,0.85,0.359,131.838
52BuP7tuItUbsqPGq4InPZ,这个夜很温暖,['四叶草'],171807,2017,False,,0.696,0.19399999999999998,0.843,0.107,132.09
7hak67jQDTHCqyjUrhmxio,真的真的很孤寂,['四叶草'],164519,2017,False,,0.632,0.223,0.883,0.159,131.988
1QI2Ye3SH5eo59VHjaRrOI,大大计划,['四叶草'],161802,2017,False,,0.737,0.204,0.8140000000000001,0.0888,131.999
56QLa4bzwOu3MN75CBFqfO,为你浪费我的感情,['四叶草'],148167,2017,False,,0.628,0.20199999999999999,0.8,0.127,131.79399999999998
3UyOowW0EVYBMxD96qbjEo,亲爱的我好喜欢你,['四叶草'],176980,2017,False,,0.72,0.20199999999999999,0.862,0.14400000000000002,120.095
4t0EYvQIQNLuIUlRZhL9vZ,不想只要你一夜,['四叶草'],175987,2017,False,,0.774,0.16,0.765,0.29100000000000004,119.935
7cjCOfPfzdy6xmdPHCmujY,有点难过,['四叶草'],192705,2017,False,,0.741,0.19899999999999998,0.8490000000000001,0.0793,131.89
4O2AnFkW6Bdj2KRU3AubnE,拿什么再去爱你,['四叶草'],168986,2017,False,,0.711,0.215,0.831,0.257,120.057
7lHcynqDBCAPtwArMqhxrU,Puzzle Heart (feat. 初音ミク),['Mr.Kitty'],247505,2019,False,,0.555,0.795,8.06e-05,0.11900000000000001,128.034
27YSg8rPlvd7x1SQNVTrvH,Make It Right (feat. 滲音かこい),['Mr.Kitty'],259677,2019,False,,0.513,0.892,0.000383,0.242,122.015
5MhSbJcix1F4ILKoYSnVAd,嗯,['Ronghao Li'],238201,2017,False,,0.635,0.726,0.0879,0.848,113.05
0lCmQz8PktuViUeP6CNRRK,就這樣,['Ronghao Li'],313742,2017,False,,0.456,0.408,0.68,0.32,129.834
4NHmyRv1bpGfkYDO0cv16O,裙姊,['Ronghao Li'],211453,2017,False,,0.627,0.655,0.0681,0.7,170.003
2kSEQ0Gc0x8lKiFZehZWFI,歌謠,['Ronghao Li'],325027,2017,False,,0.585,0.589,0.629,0.314,130.09799999999998
0eDCVsJKGbQphGjRYa03vE,我看著你的時候,['Ronghao Li'],293405,2017,False,,0.7070000000000001,0.307,0.625,0.341,119.946
3YMAftWokPE60dI8QGxmhf,祝你幸福,['Ronghao Li'],277900,2017,False,,0.621,0.33299999999999996,0.5579999999999999,0.28,124.022
2Fx45Dzakvb7UL7SmaAXBt,"后羿 (""王者榮耀"" 后羿英雄主打歌)",['Ronghao Li'],205568,2017,False,,0.718,0.895,0.00619,0.544,109.965
65KjitGykI5QIcsYrNhPZR,戒菸,['Ronghao Li'],293876,2017,False,,0.6559999999999999,0.47100000000000003,0.73,0.226,120.00200000000001
1KpZuxclVgugSwfEdq3wXU,少年,['Ronghao Li'],301840,2017,False,,0.48700000000000004,0.353,0.508,0.313,143.99
4cQIve5Heuo98gudSCPBCL,不說 (電影《從你的全世界路過》路過版主題曲),['Ronghao Li'],326474,2017,False,,0.527,0.327,0.629,0.11199999999999999,120.015
4DdgOzDiK3VocRlOpgyZvI,铃犀,['朱浩仁'],294000,2018,False,,0.493,0.45299999999999996,0.267,0.122,141.061
4Fbl95LQF3RSp2Qo5rZUwr,你的眉梢,"['朱浩仁', '王洋']",279143,2018,False,,0.653,0.48200000000000004,0.426,0.488,104.99600000000001
74CcY0jDje02bE1UuzRvdh,似曾相識,"['Tracy Huang', 'Richard Goh']",321507,1989,False,,0.138,0.331,0.716,0.0634,74.92
3cpgJk5nAbBsKWasGttQKj,莎呦娜啦再見,"['Tracy Huang', 'Richard Goh']",252867,1989,False,,0.578,0.531,0.303,0.47600000000000003,146.718
05nzQrwrrW1f5uhHFZiZxf,只有我自己,"['Tracy Huang', 'Richard Goh']",204253,1989,False,,0.275,0.25,0.868,0.076,69.455
65gT0PMK0TuXZDYtfbwzE8,迷幻市集,"['Tracy Huang', 'Richard Goh']",214747,1989,False,,0.51,0.34700000000000003,0.72,0.187,115.39200000000001
2sRAy0SnKyKNuaoCSz3tcq,我不在乎,"['Tracy Huang', 'Richard Goh']",240320,1989,False,,0.521,0.39799999999999996,0.628,0.375,80.82600000000002
1Bus8sl6yI85jHDtXFAS1r,再見女郎,"['Tracy Huang', 'Richard Goh']",172000,1989,False,,0.5329999999999999,0.4270000000000001,0.62,0.318,117.6
3BJdJiwOjQHjDPsDLC1V8T,愛是我唯一所求,"['Tracy Huang', 'Richard Goh']",269027,1989,False,,0.217,0.313,0.8240000000000001,0.157,75.67699999999998
3Pqg4zXGLShavHu7kdAZ8n,多麼美好的世界,"['Tracy Huang', 'Richard Goh']",248027,1989,False,,0.494,0.33,0.721,0.0683,96.045
2zK0GCuo9EB1sx3u0zUcCi,為你癡狂,"['Tracy Huang', 'Richard Goh']",265960,1989,False,,0.626,0.563,0.344,0.45399999999999996,95.829
60GwNZiajjDXEFhhINjWCu,沒有什麼可以阻止我們,"['Tracy Huang', 'Richard Goh']",269533,1989,False,,0.575,0.5539999999999999,0.648,0.782,204.30700000000002
6ZP88agRzWRQLkWWfZNw4J,玫瑰,"['Tracy Huang', 'Richard Goh']",217267,1989,False,,0.31,0.161,0.951,0.132,134.305
253hlbcz5tFM4hofpzrdaF,未了 - Instrumental,"['Tracy Huang', 'Richard Goh']",114467,1989,False,,0.34299999999999997,0.11900000000000001,0.9159999999999999,0.10400000000000001,64.084
1TeJWI1slqkIzO0iQfHXp9,曾经,['四叶草'],158171,2017,False,,0.763,0.433,0.767,0.146,131.827
2OzU6mbjYG5664JX1PmhIQ,曾经相爱的那么深,['四叶草'],154776,2017,False,,0.528,0.424,0.58,0.22,200.115
5GqII5KwX9SHuUNI9nxkrh,常回家看看,['四叶草'],155429,2017,False,,0.809,0.41200000000000003,0.828,0.17800000000000002,131.898
12CaiwVWbTeeTO0rHwtxsZ,彻底的死心,['四叶草'],164519,2017,False,,0.728,0.324,0.831,0.0524,132.079
1lfmCvTQ8WsOCOlA5Neu94,尘埃,['四叶草'],161802,2017,False,,0.784,0.34700000000000003,0.8290000000000001,0.0759,132.049
30c2oFCpgwLvgzSMlRKP4R,纯真年代,['四叶草'],148167,2017,False,,0.777,0.35600000000000004,0.763,0.111,132.03799999999998
0M0y4KShnbTo6zW6bjp0Bi,从分开到现在,['四叶草'],176980,2017,False,,0.706,0.301,0.833,0.187,120.33200000000001
3sRsAA61GfZy6MyCiDwRoH,从没骗过你,['四叶草'],192705,2017,False,,0.769,0.311,0.667,0.19899999999999998,132.172
2BFvJVJqHcQgCGmU5l9suJ,错怪,['四叶草'],168986,2017,False,,0.764,0.292,0.762,0.132,120.1
4PVpASkQVkX3CcRV10rnJd,错过你是我一生的错,['四叶草'],149081,2017,False,,0.767,0.305,0.618,0.0925,131.998
29SfeLdfXI5XEt2Qjvzb4t,大大的拥抱,['四叶草'],179069,2017,False,,0.7929999999999999,0.28600000000000003,0.7440000000000001,0.0884,132.025
124n8z8Gu2Aaisp1CbDQ6o,单身美好,['四叶草'],237767,2017,False,,0.6859999999999999,0.301,0.589,0.0468,108.17399999999999
0zbiI9sPuiv1pjAP7FM2Ts,当爱情经过的时候,['四叶草'],177398,2017,False,,0.872,0.465,0.405,0.405,116.039
606JSl5K2cmXhhc2GhBhXS,当爱已成负担,['四叶草'],125074,2017,False,,0.7879999999999999,0.45299999999999996,0.759,0.4970000000000001,94.102
7r5nZJkHl6Kq4Ys4gXy237,当你听我说,['四叶草'],145424,2017,False,,0.728,0.32,0.6559999999999999,0.0641,131.679
2OiUV8FUgOlEF8gBbWcFwq,爱和后悔,['冯凌鸽'],232359,2017,False,,0.7340000000000001,0.584,0.0035700000000000007,0.659,110.99799999999999
5HblvsAmSshxXwJR7pKVGD,爱是永远,['冯凌鸽'],224862,2017,False,,0.606,0.395,0.4270000000000001,0.475,92.02799999999999
68J65as2mqstBtK1cQhgi6,变的孤单影只,['冯凌鸽'],205584,2017,False,,0.322,0.789,0.0032700000000000003,0.758,122.618
6S5qle94z7U9jddCN3nyZB,不必眼泪流,['冯凌鸽'],200046,2017,False,,0.495,0.759,0.0017800000000000001,0.654,126.95200000000001
2JaQnQTvmqacm3h4DLAdWF,常青树,['冯凌鸽'],223843,2017,False,,0.772,0.688,0.475,0.654,109.993
5biByjRUz4qSXstNMQEROu,仿佛是游戏,['冯凌鸽'],267024,2017,False,,0.589,0.304,0.843,0.45299999999999996,92.00200000000001
7rvFyUuC25lXHMbi1ayevk,经过那间玻璃橱窗,['冯凌鸽'],262165,2017,False,,0.805,0.408,0.465,0.35700000000000004,98.976
3HlPMwhT7OL3B67oAF2jqx,新的心跳,['G.E.M.'],216440,2015,False,,0.711,0.741,0.0029,0.42100000000000004,120.05
21ubKj1L0sS8KRyzJpzkLT,似曾相識 - Remasterted,"['Tracy Huang', 'Richard Goh']",322707,1989,False,,0.135,0.253,0.873,0.0606,76.661
1UnCCmb1Q8mvpBi75b1f3D,莎喲娜啦再見 - Remasterted,"['Tracy Huang', 'Richard Goh']",252800,1989,False,,0.585,0.486,0.47,0.504,146.78799999999995
6MX7J2rPV4TxtwKUmQ2hmf,只有我自己 - Remasterted,"['Tracy Huang', 'Richard Goh']",206533,1989,False,,0.264,0.14800000000000002,0.889,0.0493,138.838
3vTtgDOIKlwjBOhwQ4VG9v,迷幻市集 - Remasterted,"['Tracy Huang', 'Richard Goh']",214627,1989,False,,0.515,0.322,0.7809999999999999,0.225,115.34100000000001
7e8kBwZoydNwHlckiVA3nZ,我不在乎 - Remasterted,"['Tracy Huang', 'Richard Goh']",240347,1989,False,,0.527,0.263,0.792,0.33399999999999996,80.854
5W5mCxUCgvFs2rDsav0cbO,再見女郎 - Remasterted,"['Tracy Huang', 'Richard Goh']",171720,1989,False,,0.527,0.324,0.745,0.293,117.677
4I048Pmy3ofp7KtdXQBPo1,愛 是我唯一所求 - Remasterted,"['Tracy Huang', 'Richard Goh']",269920,1989,False,,0.207,0.278,0.9209999999999999,0.16699999999999998,74.35
59YxxSj30Y0w2CmcmrZb5J,多麼美好的世界 - Remasterted,"['Tracy Huang', 'Richard Goh']",249307,1989,False,,0.4920000000000001,0.254,0.851,0.07400000000000001,95.977
5BdofytrTyqXTshFvCItk2,為你痴狂 - Remasterted,"['Tracy Huang', 'Richard Goh']",267267,1989,False,,0.642,0.43,0.498,0.455,95.838
02bJxvPwfn41Qqy459fDXs,沒有什麼可以阻止我們 - Remasterted,"['Tracy Huang', 'Richard Goh']",269587,1989,False,,0.58,0.596,0.629,0.773,204.295
2MTu2rwyNswM8TnoJ2ikzu,玫瑰 - Remasterted,"['Tracy Huang', 'Richard Goh']",218027,1989,False,,0.278,0.09699999999999999,0.953,0.109,65.281
7hq2tgkSRh6xI69z1qEYv7,未了 - 演奏曲,"['Tracy Huang', 'Richard Goh']",116000,1989,False,,0.239,0.14300000000000002,0.9129999999999999,0.12300000000000001,70.634
742NS0x4FSGdmkgW2pmKCn,七折,['Jason Chan'],255789,2019,False,,0.6679999999999999,0.37799999999999995,0.542,0.3670000000000001,116.398
4olLtprgPPGUJK4P5bRcgI,"我是如此相信 (天火電影主題曲) - Movie ""Sky Fire"" Theme Song",['Jay Chou'],266383,2019,False,,0.507,0.501,0.282,0.134,137.975
4t8RAuvrnhzlKZwAb7VpRb,解放区,['ASIAN KUNG-FU GENERATION'],254587,2019,False,,0.455,0.778,0.000708,0.217,156.917
5UlBZAWrKnDxKAytl4eLR4,野生動物,['Ronghao Li'],293795,2016,False,,0.6609999999999999,0.33899999999999997,0.643,0.156,136.032
03bJAhLIXtHDxMozoBvUgd,滿座,['Ronghao Li'],332884,2016,False,,0.45399999999999996,0.53,0.426,0.128,119.926
0tszcRhItTZnnsPXKqz3C2,有理想,['Ronghao Li'],228719,2016,False,,0.759,0.743,0.28800000000000003,0.862,124.01299999999999
0w4Sf61CbM69gDD7RVmaBD,爸爸媽媽,['Ronghao Li'],284216,2016,False,,0.67,0.507,0.6990000000000001,0.258,101.921
5YkZrd27ujRu4HdornrqCc,流行歌曲,['Ronghao Li'],259508,2016,False,,0.759,0.584,0.12,0.38299999999999995,101.98899999999999
7CfI8zCtQWPILwsxcDNwKr,優點,['Ronghao Li'],311737,2016,False,,0.715,0.282,0.134,0.18100000000000002,129.966
5DH8nF7aWoXXg5Sm3gjCWD,"不將就 (電影""何以笙簫默""片尾曲)",['Ronghao Li'],312998,2016,False,,0.51,0.456,0.418,0.237,143.787
4YlkFuXCs8CZ8mGpAW3RFH,心裡面,['Ronghao Li'],299125,2016,False,,0.5670000000000001,0.285,0.4920000000000001,0.0835,119.685
6IPT6vZYNKzbPlhLzd7vKJ,女孩,['Ronghao Li'],268495,2016,False,,0.784,0.33299999999999996,0.45899999999999996,0.474,77.987
1g3hnOmipjheoHFqyUrqGZ,宛若新生 (倩碧宛若新生系列廣告歌),['Ronghao Li'],226372,2016,False,,0.7959999999999999,0.569,0.736,0.816,95.01
2U0Tk6b8SrxO5EVfbtW25h,大太陽,['Ronghao Li'],365888,2016,False,,0.604,0.48200000000000004,0.523,0.294,136.001
4KQbzNUjBOxjTstxRQEM17,Notes Underground 地下日記,['Gong Gong Gong 工工工'],181653,2019,False,,0.631,0.7759999999999999,0.0819,0.7290000000000001,117.09299999999999
1mgX7SIBVjBCqiLCMEl15W,句號,['G.E.M.'],235632,2019,False,,0.72,0.48,0.248,0.46399999999999997,143.945
27t3t8GFOK8sdrcfoPisMx,夢不到你 - Remastered,['Tracy Huang'],294507,1989,False,,0.523,0.264,0.828,0.17,133.689
1WLyHdK6xiqfz1N83FPQDx,日安 / 我的愛 - Remastered,"['Tracy Huang', 'Kenny Bee']",256733,1989,False,,0.529,0.391,0.511,0.41100000000000003,108.229
0A6lesfSsDDiFn5xo33baN,相愛 - Remastered,['Tracy Huang'],212693,1989,False,,0.46299999999999997,0.187,0.914,0.46799999999999997,147.352
0rDv9q94BAFFlSANkEJ7vN,隨便找個理由 - Remastered,['Tracy Huang'],252373,1989,False,,0.76,0.382,0.7240000000000001,0.62,108.801
01N9il9KZhnoENYzTgRtfF,離不開愛的心 - Remastered,['Tracy Huang'],245893,1989,False,,0.684,0.322,0.76,0.593,121.32600000000001
6482DpsG7ID5OQCdEzbGqT,黑夜白天 - Remastered,['Tracy Huang'],323107,1989,False,,0.484,0.121,0.8590000000000001,0.149,96.21
3noqzaaSZNtH92F2SLEoF0,夢知道 - Remastered,['Tracy Huang'],318293,1989,False,,0.594,0.38299999999999995,0.599,0.57,89.931
0aYCQKo499htxSYDnPfg4W,心中碉堡 - Remastered,['Tracy Huang'],291173,1989,False,,0.5760000000000001,0.271,0.716,0.198,102.917
1K6z2LgDP4fRI2pzyQOK57,不是為了離開你 - Remastered,['Tracy Huang'],343427,1989,False,,0.639,0.539,0.544,0.31,106.867
4BS6PFxtLxMwJB855VGDO7,摩天動物園,['G.E.M.'],270677,2019,False,,0.649,0.612,0.0187,0.342,172.113
6cCHHwJAI4TEF1eukFeR97,透明,['G.E.M.'],217264,2019,False,,0.695,0.522,0.331,0.363,138.063
6lZKB76djHxzO0p2Y3E8vj,"很久以後 - 電影《可不可以,你也剛好喜歡我》主題曲",['G.E.M.'],290265,2019,False,,0.46,0.474,0.6729999999999999,0.18600000000000005,145.94299999999996
6LYLHtiBqO0y2JcdTtrgr6,螢火,['G.E.M.'],230880,2019,False,,0.6809999999999999,0.526,0.428,0.345,139.99200000000002
7InvbALrXpsz58JFUbe5sQ,灰狼,['G.E.M.'],203418,2019,False,,0.679,0.602,0.0952,0.316,133.951
1bxeQQXenRYsdXtiQr5Iko,差不多姑娘,['G.E.M.'],230043,2019,False,,0.759,0.7140000000000001,0.223,0.5,87.98700000000002
13wcq4v3Ys0kS8fOMdvZpr,好想好想妳,['G.E.M.'],204140,2019,False,,0.5479999999999999,0.48100000000000004,0.396,0.255,185.78900000000002
6tzOEJ2tqSiAxHw9CAT9Ru,別勉強,"['G.E.M.', 'Eric Chou']",262597,2019,False,,0.376,0.379,0.6629999999999999,0.248,164.102
3wnUWt53LD0ncLJv3RfYBT,多美麗,['G.E.M.'],221862,2019,False,,0.5539999999999999,0.499,0.115,0.057,97.98899999999999
66YKSygcUZHHqHJZcWslI3,句號,['G.E.M.'],235632,2019,False,,0.72,0.48,0.248,0.46399999999999997,143.945
6qwcAUoxaqLlS0xTGpDhlS,依然睡公主,['G.E.M.'],160709,2019,False,,0.5820000000000001,0.7390000000000001,0.483,0.293,135.984
3XjkTRYjPs8JjRvG4jDPVm,大江戸ジュリアナイト feat. 初音ミク with KAITO,"['Mitchie M', 'Miku Hatsune', 'KAITO']",231560,2019,False,,0.591,0.96,0.00435,0.6920000000000001,144.005
0aZ6qH7HK4UImjhFRRktP7,好き!雪!本気マジック feat. 初音ミク,"['Mitchie M', 'Miku Hatsune']",202213,2019,False,,0.581,0.97,0.0295,0.852,167.007
1ktks21baG3nhhKEfr0rAO,ぶれないアイで feat. 初音ミク,"['Mitchie M', 'Miku Hatsune']",233600,2019,False,,0.659,0.9420000000000001,0.0264,0.474,137.899
5JJhKM8F0VvH7slObOSoBV,"リングの熾天使 feat. 初音ミク, 鏡音リン, KAITO","['Mitchie M', 'Miku Hatsune', 'KAITO', 'Rin Kagamine']",225187,2019,False,,0.451,0.993,0.00793,0.564,175.062
5xvlIwthUYWYL4aNsEIIUW,ニュース39 feat. 初音ミク,"['Mitchie M', 'Miku Hatsune']",234907,2019,False,,0.648,0.927,0.0335,0.634,131.959
7tbja2ArHLdLp71bDCdeUF,アメイジングマジシャン feat. 初音ミク,"['Mitchie M', 'Miku Hatsune']",216693,2019,False,,0.541,0.9259999999999999,0.0301,0.71,165.018
28A93YandDvTHEKaQwWiL1,自己愛性カワイズム feat. 初音ミク,"['Mitchie M', 'Miku Hatsune']",232267,2019,False,,0.5579999999999999,0.9079999999999999,0.0316,0.885,195.047
4YwZSPDSNrg25jjy7h5108,イメトレブギー feat. 初音ミク,"['Mitchie M', 'Miku Hatsune']",233400,2019,False,,0.532,0.9209999999999999,0.155,0.8370000000000001,101.00299999999999
3iHuFHb0NysNgEpH4nvqE6,暗殺プリンセス feat. 初音ミク,"['Mitchie M', 'Miku Hatsune']",204440,2019,False,,0.601,0.987,0.0298,0.9359999999999999,155.037
1oLwOI6DSl2JcbMFqAgHc1,歌の棲む家〜メゾン初音〜 feat. 初音ミク,"['Mitchie M', 'Miku Hatsune']",245213,2019,False,,0.627,0.894,0.0343,0.73,114.964
5ipa02e4DioFnSU6IXCLKJ,REBEL DIVA feat. 初音ミク,"['Mitchie M', 'Miku Hatsune']",244653,2019,False,,0.563,0.9059999999999999,0.0048200000000000005,0.861,174.011
4AFowHYEWUNMcYKrvOTRy6,NOISELESS HEART feat. 初音ミク,"['Mitchie M', 'Miku Hatsune']",262107,2019,False,,0.612,0.8859999999999999,0.0232,0.741,99.01
2zk7ENpWQWvAxcs5QwFdw2,未来序曲 feat. 初音ミク,"['Mitchie M', 'Miku Hatsune']",234253,2019,False,,0.5770000000000001,0.79,0.623,0.624,150.015
0UL9LiTSwjS5jE7R6DN51q,ガールズフレンドシップ feat. 初音ミク & 巡音ルカ,"['Mitchie M', 'Miku Hatsune', 'Luka Megurine']",224653,2019,False,,0.718,0.865,0.245,0.728,102.012
43PiE4sDoxGhAIM8mbC8cn,BELIEVE IN YOURSELF feat. 初音ミク,"['Mitchie M', 'Miku Hatsune']",275667,2019,False,,0.5489999999999999,0.98,0.0212,0.884,128.032
1qiaMD5LItjpdgj3FSAEtu,キュート・メドレー〜アイドルサウンズ〜 feat. 初音ミク,"['Mitchie M', 'Miku Hatsune']",256187,2019,False,,0.406,0.963,0.0303,0.8029999999999999,128.139
60bAPLT8azs85fEz1Iq2Oe,ガールズフレンドシップ [Symphony ver.] feat. 初音ミク & 巡音ルカ - Symphony Version,"['Mitchie M', 'Miku Hatsune', 'Luka Megurine']",223027,2019,False,,0.6809999999999999,0.8759999999999999,0.763,0.7120000000000001,102.03299999999999
2gterV6bRW6cNYGhbDEsbg,Rain On Me,['朱浩仁'],228228,2018,False,,0.748,0.584,0.0469,0.823,103.03
5DNzOAEvUF0DD2bE0Cyru5,谁说不可能,['朱浩仁'],252252,2018,False,,0.701,0.632,0.419,0.6509999999999999,127.87
4AtW9G00V6eC2w3C2uxfOv,Mr. Train,['朱浩仁'],232232,2018,False,,0.7020000000000001,0.769,0.0112,0.932,116.051
7MgI2nA0AlOPEgrnHNEOG8,骆驼,['朱浩仁'],239239,2018,False,,0.584,0.6679999999999999,0.381,0.304,136.075
77tWFqlghLDLZL8wgyyMMZ,井号,['朱浩仁'],188188,2018,False,,0.622,0.557,0.446,0.177,132.071
5Be7DjsqM3PLvp3dW8ZK1k,逆行者,['朱浩仁'],179179,2018,False,,0.5720000000000001,0.7190000000000001,0.0603,0.498,149.859
5IndVKRR48UfWhfbKQMUrN,初心,['朱浩仁'],273333,2018,False,,0.5329999999999999,0.532,0.214,0.193,90.0
29SdwDxtJC1IehU6VgxMw5,Aku Sayang,['朱浩仁'],295000,2018,False,,0.491,0.391,0.461,0.222,143.77100000000004
48D0PuA7d14VYaEY0v5nSO,铃犀,['朱浩仁'],294000,2018,False,,0.493,0.45299999999999996,0.267,0.122,141.061
4Xq60Q5WuBmG058y1RLKqv,你的眉梢,"['朱浩仁', '王洋']",279143,2018,False,,0.653,0.48200000000000004,0.426,0.488,104.99600000000001
4DTQIqkS1Zj4VaGSmfjB6x,摩天動物園,['G.E.M.'],270677,2019,False,,0.649,0.612,0.0187,0.342,172.113
0p9NwsBuqCQ1Ixif6cZ6pM,雪在燒,['Tracy Huang'],300173,1987,False,,0.425,0.575,0.0676,0.405,104.363
0KJ8n6VfnOjIHLsI7TjNkn,倘若我是真的可以,['Tracy Huang'],276921,1987,False,,0.491,0.452,0.124,0.20199999999999999,93.802
6Amw8wHxH7vdPRVWYhdiZm,你在我靈魂的邊緣,['Tracy Huang'],258206,1987,False,,0.418,0.34600000000000003,0.807,0.226,153.032
6ez7bGWNGD8ebhMc9erwqg,來不及走進你心底,['Tracy Huang'],243670,1987,False,,0.502,0.251,0.78,0.207,74.038
6eeEnibVSfLK0qUWopIBv6,雪歌,['Tracy Huang'],209072,1987,False,,0.26,0.158,0.76,0.0787,144.121
3WK3t9g7QzAeYDTrntafnE,"愛, 千年不醒",['Tracy Huang'],263667,1987,False,,0.8270000000000001,0.6,0.3720000000000001,0.9620000000000001,120.41799999999999
5goEDgKGurwnRFiCDpSLdM,寂寞的演出,['Tracy Huang'],294847,1987,False,,0.326,0.0949,0.831,0.18100000000000002,71.572
3N55lcDaYFHmik8sncKher,天上的雲,['Tracy Huang'],423346,1987,False,,0.145,0.264,0.149,0.0641,88.30799999999998
3o6gjhcO5tBJcuhNj4TVAS,歸鄉的路,['Tracy Huang'],293129,1987,False,,0.53,0.3720000000000001,0.617,0.26,83.035
5k3deLlKrsZ2iAMsQAW3pF,雪在燒 - Remastered,['Tracy Huang'],303000,1987,False,,0.434,0.575,0.0522,0.35100000000000003,104.36200000000001
5q7TaYI8n4kHIvP7EvIU4i,倘若我是真的可以 - Remastered,['Tracy Huang'],279773,1987,False,,0.551,0.44,0.11699999999999999,0.17,93.59700000000001
6sZzvAtgI8cPuJzn88Ssv7,你在我靈魂的邊緣 - Remastered,['Tracy Huang'],260227,1987,False,,0.41600000000000004,0.345,0.857,0.19899999999999998,76.366
3kQpiL4FLMBfK6YsWFgaDG,來不及走進你心底 - Remastered,['Tracy Huang'],245000,1987,False,,0.48200000000000004,0.24600000000000002,0.726,0.166,147.494
2X3N4Ysllt6NzRrjBJpIbE,雪歌 - Remastered,['Tracy Huang'],211067,1987,False,,0.212,0.16,0.752,0.0798,80.514
76HDn2Z7warrEsoMQBs55u,"愛, 千年不醒 - Remastered",['Tracy Huang'],265507,1987,False,,0.825,0.575,0.34,0.963,119.946
4hzWcE5BKhgDEW4STDBlfI,寂寞的演出 - Remastered,['Tracy Huang'],298067,1987,False,,0.35,0.0652,0.8240000000000001,0.15,71.12899999999998
62ZrRMNm3KwM2WZ3ABsSrv,天上的雲 - Remastered,['Tracy Huang'],427360,1987,False,,0.145,0.23600000000000002,0.158,0.0492,86.11200000000002
50TcgzblB8zMKCCLQ3uPLK,歸鄉的路 - Remastered,['Tracy Huang'],299333,1987,False,,0.413,0.34600000000000003,0.768,0.17300000000000001,165.354
0LeSvj2sjAHQ6BdpgKSjhS,魔が指す導き,['Magistina Saga'],247480,2013,False,,0.40399999999999997,0.8759999999999999,0.00013700000000000002,0.695,136.109
0NbulD442nrtJU2JV53gYI,追憶ノ音,['Magistina Saga'],306080,2012,False,,0.359,0.924,2.23e-05,0.25,152.981
5IXZBFzbElW8V4A7RF1MDz,雪解けの記憶,['Magistina Saga'],286467,2012,False,,0.519,0.915,0.00296,0.248,109.93
2LXQWptW2yvATFnuvDddad,曉月-Akatuki-,['Magistina Saga'],268427,2012,False,,0.5479999999999999,0.9890000000000001,0.000642,0.134,116.985
2ZAiG67iHAad5synifjQqK,The Last Note 最後的音符,['Gong Gong Gong 工工工'],340960,2019,False,,0.436,0.799,0.0289,0.569,125.088
3DtXg7Ir6xiNFWuMncNsM6,Notes Underground 地下日記,['Gong Gong Gong 工工工'],181653,2019,False,,0.631,0.7759999999999999,0.0819,0.7290000000000001,117.09299999999999
7BSMFepuJfTIQmZVzuexHl,Ride Your Horse 騎你的馬,['Gong Gong Gong 工工工'],221720,2019,False,,0.46799999999999997,0.963,0.0752,0.862,125.321
2iXen75ws7cJTZO6DInW3O,Moonshadows 月後殘影,['Gong Gong Gong 工工工'],188093,2019,False,,0.777,0.7140000000000001,0.271,0.92,110.90899999999999
5K2RR6zXcGq5DyOJJW5JNk,Inner Reaches 慾望的暗角二,['Gong Gong Gong 工工工'],325800,2019,False,,0.6970000000000001,0.805,0.204,0.9390000000000001,118.086
7jHjdLTCUWeWlzEhsNa5U2,Gong Gong Gong Blues 工工工布魯斯,['Gong Gong Gong 工工工'],178333,2019,False,,0.46399999999999997,0.893,0.18,0.93,113.154
0fVcxjSRajc0au5pyhQTsL,Wei Wei Wei 喂喂喂,['Gong Gong Gong 工工工'],141560,2019,False,,0.615,0.705,0.065,0.325,89.199
1mfHr5M8mxRZP9El7bosne,Some Kind of Demon 某一種惡魔,['Gong Gong Gong 工工工'],186653,2019,False,,0.7140000000000001,0.782,0.583,0.887,85.851
6dKhhjVZDsmoGNZQUPcZiY,Night's Colour (Chongqing) 夜色(重慶),['Gong Gong Gong 工工工'],341613,2019,False,,0.501,0.867,0.8740000000000001,0.649,174.168
35VoIcJlbZlnpbXKyXFLbp,Sound of Love 愛歌,['Gong Gong Gong 工工工'],391102,2019,False,,0.484,0.972,0.0211,0.78,121.256
7nLVKcQXlcS089jvSGnNvo,正義之獅 (電視劇《你好檢察官》主題曲),['Jam Hsiao'],190345,2020,False,,0.58,0.858,0.0102,0.365,116.031
4ii7vYJSmDUEJqEw9YdTKQ,上海ハニー,['ORANGE RANGE'],175587,2010,False,,0.708,0.9329999999999999,0.0148,0.8440000000000001,129.98
3tpPMD5Ioo9FuxRZgryVrE,落陽,['ORANGE RANGE'],269240,2010,False,,0.563,0.799,0.00248,0.317,92.094
4clwFLZjrvTtnrMviJnVKh,花,['ORANGE RANGE'],254987,2010,False,,0.41600000000000004,0.747,0.569,0.4320000000000001,183.942
4legr4Om1ohDJCQn0WENNu,お願い!セニョリータ,['ORANGE RANGE'],227293,2010,False,,0.565,0.882,0.0183,0.56,159.778
27PJaKVra31T24innFdzPE,イケナイ太陽,['ORANGE RANGE'],241653,2010,False,,0.512,0.941,0.000188,0.841,144.93200000000004
4yfemrnaPJi0VspiUjVLlp,君 station,['ORANGE RANGE'],303293,2010,False,,0.382,0.6809999999999999,0.061,0.35100000000000003,170.005
22qPa4xKTWuApuUPU9EHo5,おしゃれ番長,"['ORANGE RANGE', 'SoySauce']",188987,2010,False,,0.853,0.598,0.152,0.961,139.953
2h7AFZERKT6zrez79D1CYC,瞳の先に,['ORANGE RANGE'],311240,2010,False,,0.64,0.69,0.172,0.54,89.993
4qapzQpwjANBNkOqELWisq,橙紅年代 - 電視劇《橙紅年代》同名歌曲,['Wakin Chau'],238871,2018,False,,0.33899999999999997,0.614,0.0136,0.5579999999999999,102.038
1qv0Xw5AQY1G8ZJpB5MYM8,【Aniniay】這個時代(母語版),['Suming'],162799,2015,False,,0.619,0.633,0.0936,0.0819,119.971
6yxDHFeLODcVB4CgD8OaVM,留言,"['Ado', '卡力亭', '巴奇辣']",64988,2015,False,,0.5670000000000001,0.11800000000000001,0.925,0.168,119.105
08LrLuqKDmgAHojksCNhCH,沾醬歌,['吳燕姿'],180656,2015,False,,0.47600000000000003,0.512,0.774,0.7509999999999999,144.921
56xdR3P72BK7682eRw2NMi,夢境,"['舒米', '如妮']",71388,2015,False,,0.35700000000000004,0.162,0.875,0.0837,71.01899999999998
5C0urgtqk5Jk6HRhBkE1dB,發現,['Suming'],103760,2015,False,,0.516,0.00829,0.9890000000000001,0.6629999999999999,134.562
7czfHn8Buq1Qi0EnlyVMmH,歡樂飲酒歌(電影版),['Suming'],234461,2015,False,,0.299,0.371,0.721,0.436,168.644
24Zk4BJfgcuwQlTBA81V5g,祈禱,"['Ado', '卡力亭', '巴奇辣']",165471,2015,False,,0.3670000000000001,0.265,0.9390000000000001,0.20800000000000002,83.60600000000002
6EPrvPV2h0hIEubjnt14l0,祈雨的婦人,['Suming'],254040,2015,False,,0.44,0.326,0.495,0.228,101.87200000000001
6NUSufE2Pq84gTOViWFyiv,美好的日子,['Suming'],190276,2015,False,,0.514,0.35600000000000004,0.5770000000000001,0.397,138.114
1k4rLw35cOSWczHpml91Mn,你是誰,"['Ado', '卡力亭', '巴奇辣']",247913,2015,False,,0.44799999999999995,0.214,0.91,0.11,103.73700000000001
2mbspGLiLGnMjdnTNkzNVF,Ho Hay Yan(電影版),['Suming'],255669,2015,False,,0.44,0.141,0.89,0.489,117.397
1PONwMzqC5mnCtgBwzG9Xb,聖山(電影版),"['Ado', '卡力亭', '巴奇辣']",257819,2015,False,,0.311,0.345,0.935,0.363,143.063
6YoSJABYYpDoO5vtlUUvKi,美好的一天(ina版),['許珠鳳'],70464,2015,False,,0.40700000000000003,0.11699999999999999,0.9640000000000001,0.496,90.337
6rBp5DPrynihVNBgasMWpU,美好的一天(Wawa版),['Kating'],58356,2015,False,,0.54,0.878,0.322,0.284,83.34200000000001
72wmb786kOgJcmWEH2BOws,【Aka pisawad】不要放棄(母語版),['Suming'],297267,2015,False,,0.34,0.21,0.9790000000000001,0.392,158.97299999999996
2P327Iyj7XkxTPIyHSw2pj,這個時代(中文版),['Suming'],236828,2015,False,,0.564,0.708,0.006229999999999999,0.409,119.992
5rdrlQ0avN316GLbeo2YXW,【Aka pisawad】不要放棄(中文版),['Suming'],297251,2015,False,,0.27699999999999997,0.223,0.956,0.289,158.282
7iud0nXzaQBO6lY5ukT4Hn,我們很好,['JJ Lin'],268907,2019,False,,0.46299999999999997,0.353,0.9309999999999999,0.325,99.916
2UTclON0pQXmaJy2Ah06lt,"說散就散 - ""前任3: 再見前任"" 電影主題曲",['Tia Ray'],242571,2019,False,,0.387,0.523,0.679,0.39399999999999996,135.32299999999998
65mu8ZDfYFXI5TxRMIVrj3,詞不達意,['Sandy Lam'],266467,2019,False,,0.501,0.40700000000000003,0.121,0.166,126.273
7rnFFQ4DrsaVXvlXvPg8ZT,愛從零開始,['Stefanie Sun'],260640,2019,False,,0.371,0.525,0.436,0.084,117.38
3KaMZT1zllRExgcNHS443f,風的心,"['Tracy Huang', 'Lin Zhang-Zhong', 'Richard Goh', '吳大衛', '葉垂青']",353173,2019,False,,0.506,0.397,0.785,0.275,151.975
70tLnycP0ffCw9sjbLIJEW,下一次愛情來的時候,['Tanya Chua'],258325,2019,False,,0.532,0.431,0.568,0.258,76.036
7KM6oYFpzYU9MPhkTFyH6F,別來無恙,['Jess Lee'],298710,2019,False,,0.635,0.379,0.71,0.39299999999999996,131.916
0gAfMQF5Ki9cGkxUqLcL5A,脆弱,['Sammi Cheng'],339000,2019,False,,0.535,0.589,0.342,0.371,143.994
2Szj25B2XafBKzT4fgLn4x,不公平,['Jenny Yang'],241947,2019,False,,0.579,0.4270000000000001,0.498,0.134,127.84100000000001
1V9MXMFDcnrZWT7xn8CavU,試探,['Penny Tai'],261707,2019,False,,0.514,0.431,0.772,0.12,90.412
755mwet5S9lqBxBFiEAfpV,類似愛情,['Elva Hsiao'],283973,2019,False,,0.519,0.325,0.8740000000000001,0.349,149.832
38M1ur3GCJc6zPFZFaFTYr,認真就好,['Cass Phang'],270573,2019,False,,0.732,0.514,0.254,0.318,107.904
0obfPESwJ7SBIBepVHPq7W,淚光閃爍,['F.I.R.'],270893,2019,False,,0.423,0.557,0.35200000000000004,0.264,132.713
12ZrP23IRVcb79WRI6NVGn,數不盡的星空,['Pets Tseng'],272733,2019,False,,0.451,0.17800000000000002,0.755,0.21,79.92399999999998
4RhQ9R4ClWSuRlVKVtF6Li,意亂情迷,"['葉歡', '陳秀男', '葉垂青']",225691,2019,False,,0.381,0.49,0.733,0.14,143.495
6DQPRIk1ZQDTpAEM55S3Lk,請假裝你會捨不得我,['Tsai Chin'],249040,2019,False,,0.40399999999999997,0.23,0.85,0.0846,71.625
1aWOphPX7RrW0V1idPI7vf,我到底疏忽了你什麼,"['方維珍', 'chang Yong Fu']",226803,2019,False,,0.325,0.29,0.848,0.155,54.838
63uwPlH5o6eCLi9ZpMnoCd,愛的完結篇,['Julie Sue'],269000,2019,False,,0.51,0.26899999999999996,0.522,0.184,75.7
6q8C2jJPleIs63BubJydr5,對愛期待,['黃小琥'],253893,2019,False,,0.491,0.447,0.147,0.257,163.975
1kxyIATn7rFJAlouX48bDH,重新學習愛情,['林慧萍'],372333,2019,False,,0.644,0.28,0.376,0.525,140.02700000000002
1OyfnXIphVhNSDPt1fsRMM,真實,"['曾慶瑜', 'Zhong Guo-Tai']",263667,2019,False,,0.5720000000000001,0.44,0.142,0.182,110.044
2BTyks0XqvPZCX1TLEvWNX,女人的眼淚,"['Sally Yeh', '陳秀男', 'Ye Chui Qing']",267427,2019,False,,0.284,0.215,0.93,0.217,85.75200000000002
136YzzmCxvPvUdMMAIrwpV,東京鐵塔的幸福,['Maggie Chiang'],253733,2019,False,,0.345,0.32799999999999996,0.604,0.156,174.12099999999995
2YMY8pWKoPJcQZH4h5qd6r,愛情外的路人,['曾淑勤'],273053,2019,False,,0.583,0.332,0.812,0.17,69.051
690tdRhXjlkWBgbwVzX3Kp,這個世界,['Wang Zhi Lei'],244000,2019,False,,0.504,0.423,0.682,0.374,186.16299999999998
4oaJog0wTmTTr1GBBoUTKI,還愛著你,['Amber Kuo'],214733,2019,False,,0.51,0.185,0.883,0.3720000000000001,181.84400000000002
0NHYTWNgV6bYp7iZcfMTi5,愛太空,['Cyndi Wang'],274973,2019,False,,0.532,0.632,0.447,0.172,123.939
4ka5JYq6n3uhTtnflJpdPF,找回你的心,"['郭嘉欣', 'Peter Wong', 'Wang Jun-Jie']",276667,2019,False,,0.54,0.34299999999999997,0.831,0.27899999999999997,129.852
6zTorEhpZFnJQlvKQp0lEi,羨慕,['陳曉娟'],242333,2019,False,,0.599,0.33899999999999997,0.9,0.33799999999999997,116.04
0nBO3XGudkWMdDYhd18P6e,我們有沒有愛過,"['任潔玲', 'Chen Jian Ping']",325960,2019,False,,0.46,0.319,0.5379999999999999,0.276,143.986
71nh6PMSR8BPH3TGcPZu42,有誰能夠,['娃娃'],246013,2019,False,,0.4370000000000001,0.23199999999999998,0.882,0.225,80.102
26IABAcTS8q66A5RzXL66W,平等,['Yung PRH'],128470,2019,True,,0.5870000000000001,0.14400000000000002,0.9079999999999999,0.55,81.97200000000002
2D2pqz9UjxOsLbucKFAHTV,我的新衣 (feat. Ty. & 王倩倩),"['VaVa', '王倩倩', 'Ty.']",244695,2017,False,,0.586,0.816,0.0757,0.648,179.896
3XdkVvJQsJOKGxGyhE6gJB,網紅,['VaVa'],231729,2017,False,,0.6679999999999999,0.6990000000000001,0.249,0.34299999999999997,166.299
6sTQOA5tDjQdnNcFxTF07z,讓 (feat. Evis Wy),"['VaVa', 'Evis Wy']",213570,2017,False,,0.78,0.727,0.0592,0.738,138.015
3lnScB38ybzekqxqSzA8Jm,夢遊,['Finn Liu'],291000,2019,False,,0.513,0.626,0.38299999999999995,0.235,92.916
6vce793ItSBXOFULR3TGmV,玫瑰星云 Holy,['Lexie Liu'],168459,2019,False,,0.752,0.703,0.127,0.493,95.022
1tclr6OT7k70BeWRIBqNN5,潘洛斯阶梯 Penrose,['Lexie Liu'],144207,2019,False,,0.741,0.593,0.166,0.266,129.958
660OVyzNoHcvnInBTlXAvH,黑洞 Metropolis,['Lexie Liu'],258380,2019,False,,0.753,0.83,0.354,0.429,145.009
412cDA8S8rxvASzrReSUBh,地球蓝 Aqua Blue,['Lexie Liu'],174912,2019,False,,0.57,0.6459999999999999,0.332,0.27899999999999997,172.01
6ELdo4MBRBGfkZXokpB2lH,健忘 Amnesia,['Lexie Liu'],243210,2019,False,,0.484,0.45299999999999996,0.8370000000000001,0.26,136.219
3w10qlA65AgyaMk7tk93tw,捉迷藏,['Lexie Liu'],256487,2019,False,,0.602,0.33299999999999996,0.9059999999999999,0.26899999999999996,96.132
2VBWCZ8D4n4QY0vkIcKW3l,零度的親吻,['JJ Lin'],229785,2018,False,,0.26899999999999996,0.461,0.38799999999999996,0.21899999999999997,134.52700000000002
3bB3k3Oj876IUN6FqRgOtG,知道,['A-Mei Chang'],273626,2018,False,,0.359,0.4270000000000001,0.8270000000000001,0.273,136.412
10cbGRIgoZyAO1O8WPt1DH,同類,['Stefanie Sun'],211173,2018,False,,0.316,0.251,0.899,0.337,91.934
1VXX5nE29hkF0fub5CEMJD,矜持,['Jam Hsiao'],320796,2018,False,,0.326,0.147,0.847,0.231,143.955
0oi16RnTQFp6efcV5D18vF,忘了你忘了我,['Dave Wong'],277576,2018,False,,0.528,0.436,0.573,0.589,140.435
4P82LKZklvdGhfnr4TU1C9,愛情傀儡,['巫啟賢'],238501,2018,False,,0.512,0.555,0.7759999999999999,0.27,127.98
4z3BoeHhp7rN7mAJLi887i,情有獨鍾,['Phil Chang'],264108,2018,False,,0.344,0.64,0.16399999999999998,0.28800000000000003,131.541
3owIhlaYYI6xvK67hYKR9F,不知所措,['優客李林'],300151,2018,False,,0.551,0.406,0.405,0.145,124.102
7rCf1XpcovPpBpam0y1KF5,沙灘,['Tanya Chua'],292599,2018,False,,0.233,0.426,0.634,0.21100000000000002,53.07
0vSJP56ILJ33XCz5ekM8kZ,捨不得說再見,['Sandy Lam'],221548,2018,False,,0.252,0.391,0.647,0.25,172.199
4aBJNK6DJRm9lNQBSONNhh,夢不到你,"['Tracy Huang', 'Lou Wen-Zhong', 'Ye Chui Qing']",292081,2018,False,,0.517,0.297,0.821,0.163,133.743
2g6qwLt8vm4nfbhB63BS1M,等愛的女人,"['Sally Yeh', 'Unknown']",280461,2018,False,,0.535,0.42100000000000004,0.47100000000000003,0.33899999999999997,78.928
6m1XE53hP31S3YZU7OUnuR,奉獻,['Julie Sue'],291187,2018,False,,0.255,0.381,0.551,0.14,61.13
3KkwtEYMfyhVD6fYHt2C3O,殼,['黃小琥'],295216,2018,False,,0.34700000000000003,0.355,0.39799999999999996,0.0948,142.387
0xLK8Z6Epq6ueQdIQbYHDL,月牙灣,['F.I.R.'],305991,2018,False,,0.409,0.667,0.0532,0.5489999999999999,174.02200000000005
74eEhb1MSyW9UAA2zbM3v1,小玩意,['Cass Phang'],209199,2018,False,,0.642,0.344,0.34299999999999997,0.222,112.853
5sNAHrG0oEG8SwegvR0lOc,死心了沒有,['Ricky Hsiao'],296067,2018,False,,0.46399999999999997,0.374,0.602,0.242,82.85600000000002
1DyTFTVeVTN9wgvscPRxLD,不會痛的不叫愛情,['Kenji Wu'],261726,2018,False,,0.531,0.4,0.682,0.172,135.889
7Ej4doGz8U9af8HfEVy1hF,好愛好散,['Andrew Tan'],283800,2018,False,,0.479,0.674,0.132,0.381,159.832
3GEy6R6gRcOFHl72gI0jm3,絕口不提! 愛你 - 國,['Ronald Cheng'],296400,2018,False,,0.499,0.419,0.18899999999999997,0.191,81.77
0W1WmyCHusQJnOLHiuUy0P,紋身,['Jess Lee'],284467,2018,False,,0.552,0.433,0.344,0.142,71.979
009KGxsZ8lrM5q5fUFevTc,錯了再錯,['Nicholas Teo'],221280,2018,False,,0.4370000000000001,0.446,0.282,0.33899999999999997,137.469
1FiIreiNskCo2kNjV3jhEh,背叛,['Sammi Cheng'],285770,2018,False,,0.47,0.376,0.645,0.18,127.884
0Td9H09RHfOVy2jX8IIC66,我又想起你,['Maggie Chiang'],284076,2018,False,,0.397,0.303,0.7559999999999999,0.252,172.467
1N7bTFS1jgP2C3twSZ5ybe,你要的愛,['Penny Tai'],240356,2018,False,,0.34,0.335,0.318,0.24100000000000002,148.067
1QzUcgHLt08Z1ZldyP1k55,愛的回答,['Winnie Hsin'],288693,2018,False,,0.322,0.256,0.903,0.257,135.614
0z046gPPvyfkDo3GW27uex,誰在秋天撿到我的心,"['葉歡', '陳秀男', 'Ye Chui Qing']",301445,2018,False,,0.222,0.271,0.951,0.18600000000000005,107.04899999999999
1TdHSlaUmrThRLvy27y99e,用情太深,['林慧萍'],240242,2018,False,,0.5329999999999999,0.35100000000000003,0.485,0.276,72.72800000000002
76EcONHTPCdqbBVIa6mrPr,最熟悉的陌生人,['Elva Hsiao'],259421,2018,False,,0.6920000000000001,0.521,0.248,0.41200000000000003,119.882
3TppJ80LZhst4Dga5up8rj,情生意動,['曾淑勤'],268440,2018,False,,0.5579999999999999,0.461,0.406,0.299,132.134
5bifNwN6nqM8DF3FJ9Ghly,情深往事,"['Fei Yu-ching', 'chang Yong Fu']",317881,2018,False,,0.395,0.326,0.7709999999999999,0.235,153.267
3NDRBp0PMKlIsCaNI4RU9X,恰似你的溫柔,['Tsai Chin'],252974,2018,False,,0.725,0.115,0.8490000000000001,0.281,80.067
7KYm8KPa0Vujh7kClLE4Qo,床邊故事,['Jay Chou'],226213,2016,False,,0.68,0.884,0.248,0.539,106.012
2dFvmGWAV9UW7vdDXhaxNL,說走就走,['Jay Chou'],266000,2016,False,,0.522,0.8290000000000001,0.0021899999999999997,0.247,117.98899999999999
5rQPgfJMJ7yhsEr0HwTA77,一點點,['Jay Chou'],221267,2016,False,,0.507,0.413,0.11900000000000001,0.172,133.966
3ofIiWBhx82EwJACDA49fQ,前世情人,['Jay Chou'],200720,2016,False,,0.63,0.922,0.27699999999999997,0.414,101.99600000000001
1QwOvYi1IS5s79dBjotcup,英雄,['Jay Chou'],201747,2016,False,,0.5489999999999999,0.9390000000000001,0.000106,0.428,118.988
7LyCtbxher5m97MImn5M3l,不該,"['Jay Chou', 'A-Mei Chang']",290133,2016,False,,0.441,0.619,0.19,0.187,75.027
2qm1nx1d1yAjYMZflBLNGC,土耳其冰淇淋,['Jay Chou'],195760,2016,False,,0.662,0.924,0.00203,0.602,114.015
1ivCIgrYZyE0BvItL4Z8lk,告白氣球,['Jay Chou'],215147,2016,False,,0.59,0.5720000000000001,0.192,0.44799999999999995,179.989
4zWz6OmFpyXIgQCxAS5yQb,愛情廢柴,['Jay Chou'],285616,2016,False,,0.41100000000000003,0.6709999999999999,0.0115,0.397,73.947
5Zfdg9uvXVCz9WDX7fePAB,会いたかった,['AKB48'],227693,2006,False,,0.5760000000000001,0.912,0.0357,0.7,95.984
55KrASy54mslVTC79AZSXM,夕陽を見ているか?,['AKB48'],296747,2006,False,,0.615,0.863,0.21100000000000002,0.594,92.009
4NSD7PmHU2hLQX2dqcf0Xr,僕の太陽,['AKB48'],293093,2006,False,,0.528,0.96,0.00629,0.57,137.44899999999998
2gmvL40iNWaLIf90ZzmYbL,未来の果実,['AKB48'],294027,2006,False,,0.602,0.9890000000000001,0.009179999999999999,0.532,126.035
30tW4MUi8ksftW2srUg0Hj,制服が邪魔をする,['AKB48'],285093,2006,False,,0.5870000000000001,0.978,0.0030600000000000002,0.8109999999999999,143.045
3ZtIVEEaQKwN8yN3PvdZSY,軽蔑していた愛情,['AKB48'],256907,2006,False,,0.643,0.838,0.00336,0.8240000000000001,118.60799999999999
4n0MqKyUq1UDVY6OMOD5O1,誕生日の夜(チームA Ver.) - Team A Version,['AKB48'],293173,2006,False,,0.619,0.96,0.0138,0.485,127.985
4kuNUIy2MtziWj84wy9DM9,転がる石になれ(チームK Ver.) - Team K Version,['AKB48'],240187,2006,False,,0.344,0.9590000000000001,0.00128,0.321,165.044
1GfIiXgVLiHBnRaMzOGA3f,桜の花びらたち(チームA Ver.) - Team A Version,['AKB48'],323320,2006,False,,0.53,0.91,0.0495,0.52,100.024
5OAePaoYbUMLE0VCE5JPYg,会いたかった (秋元才加ver.) - Sayaka Akimoto Version,['AKB48'],16520,2006,False,,0.675,0.6729999999999999,0.12300000000000001,0.973,95.83
08DpFKKnfAoOp9FAKcgQfs,会いたかった (板野友美ver.) - Tomomi Itano Version,['AKB48'],16440,2006,False,,0.423,0.5770000000000001,0.14800000000000002,0.9640000000000001,92.65100000000001
3xRnk26OsYp0S8O74dotPt,会いたかった (梅田彩佳ver.) - Ayaka Umeda Version,['AKB48'],16533,2006,False,,0.6809999999999999,0.705,0.10099999999999999,0.97,95.947
0C0SElhhVV0fA0iuRtdNQB,会いたかった (大江朝美ver.) - Tomomi Ohe Version,['AKB48'],18173,2006,False,,0.384,0.642,0.11599999999999999,0.953,198.31099999999998
2v5s5XDHxOFlIYerCfzZns,会いたかった (大島麻衣ver.) - Mai Ohshima Version,['AKB48'],16600,2006,False,,0.65,0.612,0.134,0.97,95.734
19OtaBfnVcRAtK35DfmICy,会いたかった (大島優子ver.) - Yuko Ohshima Version,['AKB48'],16480,2006,False,,0.669,0.635,0.192,0.9670000000000001,95.891
1vveT5UBKYbAntgf68W1zs,会いたかった (小野恵令奈ver.) - Erena Ono Version,['AKB48'],16747,2006,False,,0.644,0.616,0.155,0.9740000000000001,96.103
6xdXDrrZa9uJDczqGUOMvw,会いたかった (河西智美ver.) - Tomomi Kasai Version,['AKB48'],16480,2006,False,,0.674,0.6859999999999999,0.122,0.977,96.07799999999999
30x9KEdy3IHX905j8rCWm3,会いたかった (小嶋陽菜ver.) - Haruna Kojima Version,['AKB48'],17227,2006,False,,0.693,0.575,0.121,0.975,95.786
0JKsNkgCwIP4Ahsr2K2que,会いたかった (小林香菜ver.) - Kana Kobayashi Version,['AKB48'],16320,2006,False,,0.688,0.685,0.172,0.9690000000000001,96.01700000000001
0DYqxUs7CFdv3hvTne7m7p,会いたかった (篠田麻里子ver.) - Mariko Shinoda Version,['AKB48'],16507,2006,False,,0.5539999999999999,0.598,0.10300000000000001,0.965,191.321
2MPsLKDvzsrzNOvgfb45Qr,会いたかった (高橋みなみver.) - Minami Takahashi Version,['AKB48'],16760,2006,False,,0.705,0.551,0.122,0.976,96.012
3EnrpVp4jH7GObBgT9ZLZi,会いたかった (戸島花ver.) - Hana Tojima Version,['AKB48'],16613,2006,False,,0.638,0.648,0.113,0.9670000000000001,128.191
6NAXjocQVFEN2babIM05hC,会いたかった (中西里菜ver.) - Rina Nakanishi Version,['AKB48'],17613,2006,False,,0.62,0.623,0.152,0.961,96.72
0w80fzykVn6OzDTkmIj50J,会いたかった (成田梨紗ver.) - Risa Narita Version,['AKB48'],16627,2006,False,,0.594,0.5870000000000001,0.141,0.968,127.70700000000001
3eTGotAuIjQp7LpElwXIU6,会いたかった (野呂佳代ver.) - Kayo Noro Version,['AKB48'],16493,2006,False,,0.687,0.607,0.11199999999999999,0.976,95.792
04sBoljIx52yKnR3xtElr3,会いたかった (前田敦子ver.) - Atsuko Maeda Version,['AKB48'],16440,2006,False,,0.693,0.556,0.154,0.9740000000000001,96.244
3taWX76N1fbVvMTpjg6Pgs,会いたかった (松原夏海ver.) - Natsumi Matsubara Version,['AKB48'],16653,2006,False,,0.653,0.7040000000000001,0.105,0.96,95.955
0KOKxjL6jTKbmlKT4JLfUk,会いたかった (峯岸みなみver.) - Minami Minegishi Version,['AKB48'],16493,2006,False,,0.69,0.521,0.153,0.976,95.84299999999999
4kQXhFqVQKTUsAdhxQhivf,会いたかった (宮澤佐江ver.) - Sae Miyazawa Version,['AKB48'],17653,2006,False,,0.684,0.713,0.107,0.958,95.70700000000001
54DwM8DsqdLcZG6Ua2Bomw,decent black,['物語シリーズ'],275907,2018,False,,0.598,0.84,0.385,0.247,140.03799999999998
2tbQxtjeai98CxjBnF4wJC,mathemagics,['物語シリーズ'],245800,2018,False,,0.675,0.809,0.205,0.733,125.994
2fMkdSMrfhmEqbNBDJtyU7,夕立方程式,['物語シリーズ'],280907,2018,False,,0.618,0.971,0.0232,0.474,128.004
6Y4aoedUzZ4losxpXscJWy,mein schatz,['物語シリーズ'],245800,2018,False,,0.501,0.769,0.161,0.295,104.94200000000001
4QyIqJkLit0Oj4WFOE8DoE,terminal terminal,['物語シリーズ'],268693,2018,False,,0.539,0.841,0.0682,0.8909999999999999,204.065
4WXFKsEilT0EkYm6iGsdcp,dreamy date drive,['物語シリーズ'],282773,2018,False,,0.615,0.7,0.485,0.44799999999999995,120.993
6Z9JnFYXEbdVrxG45xlhSA,dark cherry mystery,['物語シリーズ'],231787,2018,False,,0.743,0.883,0.0779,0.8540000000000001,124.986
1sYv2buqZwcXTINt8YRbaL,引子 Intro,['Deep Mountains'],189985,2014,False,,0.251,0.0503,0.855,0.0381,68.688
4pmdOBoOmlY8RtMGxQW8cx,毀滅 Sin,['Deep Mountains'],251395,2014,False,,0.429,0.5529999999999999,0.000513,0.263,140.058
73SYT48vSAly6zy8m0FQxi,九黎之舞 Wind and Stellar,['Deep Mountains'],358691,2014,False,,0.574,0.495,0.0248,0.149,120.25
4fbLNqxYrJmlPhU5kBcf2M,超脫 Detachment,['Deep Mountains'],504464,2014,False,,0.479,0.475,0.00107,0.128,119.947
730kfvcIiBd6OhMi2Yy7M9,"忘憂湖 壹 Lake of Solace, Pt.1",['Deep Mountains'],456094,2014,False,,0.318,0.354,0.55,0.134,180.352
3XZmr2ANmtJKl2E6bbWAey,"忘憂湖 贰 Lake of Solace, Pt.2",['Deep Mountains'],461180,2014,False,,0.281,0.591,0.00041799999999999997,0.153,159.957
1CeSEU64xlUapKSMoSDInU,渿河謠 Ballad of Nai River,['Deep Mountains'],216000,2014,False,,0.5429999999999999,0.0793,0.752,0.11,118.87100000000001
4Cfj3wkpXt72XjL9X2v7aL,李鳳華 Li Fenghua,['Deep Mountains'],178988,2014,False,,0.623,0.27399999999999997,0.0612,0.0976,120.507
6DtGbTREM5DMwHZ3vnx9r8,謝謝你愛過我,['Winnie Lau'],278000,1995,False,,0.35700000000000004,0.27899999999999997,0.552,0.124,104.319
0lAH9C9NgmNoPUoVjSEZ6T,情深似海,['Winnie Lau'],254827,1995,False,,0.524,0.32899999999999996,0.35100000000000003,0.34600000000000003,69.09100000000001
0WHZKH1dvqr1WyC5YcjDGW,吻你想你,['Winnie Lau'],265840,1995,False,,0.784,0.7040000000000001,0.0954,0.769,102.03299999999999
5YNZRVCjw39heGkXolNjPb,嫉妒,['Winnie Lau'],245667,1995,False,,0.61,0.389,0.0861,0.24,159.579
1roKXN50C7w7M1Hq2GqS0w,冷窗前的喜帖,['Winnie Lau'],224493,1995,False,,0.5670000000000001,0.263,0.736,0.0957,120.064
530ylsD6hSCoIMtqpAgWVT,深深依賴你的愛,['Winnie Lau'],288333,1995,False,,0.5770000000000001,0.345,0.33799999999999997,0.32799999999999996,146.30200000000005
7aH7oc48aX0gYS6T1B7WNt,愛你愛得好辛苦,['Winnie Lau'],261667,1995,False,,0.612,0.33,0.0862,0.591,130.143
4HSVumXuvculxUOIonHQ5K,不會再為你心痛,['Winnie Lau'],242507,1995,False,,0.615,0.379,0.461,0.332,135.901
6G8Va19RFzD6iYNrkEXTMy,女人的臉,['Winnie Lau'],264493,1995,False,,0.48100000000000004,0.276,0.49,0.132,144.124
3EoQOChfudtHUbcSgD9qMx,愛你一萬年,"['Winnie Lau', '鄭怡']",224333,1995,False,,0.61,0.327,0.833,0.248,127.00299999999999
4sQSweqHEeinUxoFBG3QeF,不愛我就拉倒,['Jay Chou'],245846,2018,False,,0.425,0.725,0.139,0.225,172.03099999999995
6SqCyBwhCyW3SNacI49rO0,Unmei ~運命~,['KAZHA'],204480,2010,False,,0.5379999999999999,0.5479999999999999,0.0244,0.5720000000000001,131.954
0Nt2BBEDonA8J360AAgzWq,序 記夢一,['袁興國'],191597,2017,False,,0.217,0.73,0.0273,0.0601,124.889
3sqr6TTPDS0dI1eFGU5lnM,群,['Various Artists'],35883,2017,False,,0.6459999999999999,0.767,0.272,0.18600000000000005,132.314
7uHtpcm5RssruUkIdvabKl,漢子的夢,"['袁興緯', '小女伶']",214628,2017,False,,0.638,0.276,0.843,0.15,107.97399999999999
3Xadd9TYyCwNPL7tRIZzqd,黑色玫瑰花瓣,"['袁興緯', '王湯尼']",230611,2017,False,,0.38799999999999996,0.561,0.0256,0.34,168.03599999999997
3BxLpv5vIaPztNa5V5LsSh,如果愛只能這樣,['Various Artists'],225187,2017,False,,0.59,0.257,0.826,0.11699999999999999,107.066
1ndZ61oH0zolmO1AhHfwpt,撫慰,['暉倪'],81005,2017,False,,0.217,0.153,0.905,0.0724,152.285
7qng22IjncEEdcUqicz1Y7,雨澆不滅 風吹不散,['Various Artists'],188123,2017,False,,0.45899999999999996,0.575,0.187,0.32299999999999995,168.199
4FjslrBQPqIM6XhDoeKJWx,酒夜夢花,['Various Artists'],294911,2017,False,,0.38799999999999996,0.586,0.00506,0.425,74.995
1sh0Eg683jSoH3QmJh0TE9,喇嘛情歌,"['袁興緯', 'Tracy Huang']",537731,2017,False,,0.158,0.43799999999999994,0.0124,0.125,78.883
4SVuRJSdmP0BzaiR1JUpVT,四個我,['Various Artists'],313028,2017,False,,0.574,0.754,0.0184,0.5720000000000001,101.994
7Grc5Iv9CXisW77vO0LCHF,世界需要快樂嗎,"['袁興緯', '小女伶']",174853,2017,False,,0.251,0.27699999999999997,0.36200000000000004,0.10099999999999999,110.132
0XG42b44q7Uy1QIALtaEjd,問,['Various Artists'],346073,2017,False,,0.39399999999999996,0.425,0.00656,0.10099999999999999,168.048
4YLspWuoAQq9Xx4cB2ZUPp,祈求,['袁興緯'],292871,2017,False,,0.109,0.17,0.375,0.0658,183.093
4uGGE4AmftJIdkPltsEIyM,蛻 記夢二,['Various Artists'],343438,2017,False,,0.287,0.483,0.0025800000000000003,0.0461,139.878
4rze8asxhA0ZfM6peFN8zI,迴向,['Tracy Huang'],293521,2017,False,,0.682,0.303,0.154,0.18,121.96600000000001
6X7LV4ZRMjwpEOgHq7zXCp,初生之心,['Tracy Huang'],461240,2010,False,,0.223,0.37,0.895,0.179,133.981
1wNW8WANrdwryjH08vh0fO,春天的歌,['Wu Judy Chin-tai'],171120,2010,False,,0.397,0.24600000000000002,0.983,0.389,94.77600000000001
24h9bi32CADSt7lGWG1DcT,落在淡水的月光,['陳永鑫'],134093,2010,False,,0.541,0.28600000000000003,0.983,0.188,107.65
2DSkAx0ySPZmZ55CSI8Cae,心的方向,['Tracy Huang'],383347,2010,False,,0.513,0.239,0.978,0.0718,135.972
1kD6c5HFNrBmEwmXvkXOXT,花舞,['Ken Yang'],309013,2010,False,,0.528,0.252,0.9109999999999999,0.27699999999999997,100.00200000000001
28SgxLGKesPdBbayt38rSK,雙手的溫柔,['CinCin Lee'],355107,2010,False,,0.293,0.301,0.9009999999999999,0.135,102.67399999999999
0scjafp9fNJxm0PIv0KZ5R,追憶似水年華,['Fan Tsung-pei'],245587,2010,False,,0.2,0.222,0.948,0.11,119.361
6GUVXunP8bQm7KARCS2Nra,普羅旺斯的山居,['CinCin Lee'],262733,2010,False,,0.36,0.24,0.9640000000000001,0.17300000000000001,169.976
2B81ocTqdHZcZoOitePnrA,金系SPA(安撫版),['Ling Nieh'],691467,2010,False,,0.35600000000000004,0.237,0.897,0.14400000000000002,75.95100000000002
4AafPRKIjw1BCfZpCyCof9,存在,['Lin Hai'],284147,2010,False,,0.344,0.141,0.9520000000000001,0.075,73.415
2wv2aFMASykqOJDqeZQp9d,弄雲,['Lin Hai'],219534,2010,False,,0.336,0.318,0.555,0.281,116.485
0fmJI2faaaSKSW1UftGz0Q,劫,['GONG'],231391,2018,False,,0.413,0.551,0.37799999999999995,0.0811,104.802
5V8paYm02U8EyQvI04EFHT,喪心狂,['GONG'],250257,2018,False,,0.46299999999999997,0.615,0.0069299999999999995,0.34600000000000003,127.89399999999999
5c9gbbw3lDtQmARtkfDeDG,醒不來的夢,['GONG'],230278,2018,False,,0.324,0.741,0.0683,0.0751,167.878
2NgQV5lmGPPTTlrHXeAPJ7,やさしさで溢れるように,['Flower'],291547,2016,False,,0.45799999999999996,0.7929999999999999,0.149,0.35,79.98
5hVU29biMT77eGMpDiPZBa,紫陽花カレイドスコープ,['Flower'],272653,2016,False,,0.5529999999999999,0.7879999999999999,0.0631,0.596,171.692
6NVFhExLYrn1Oebjq8OXNF,太陽と向日葵(version2016) - Version 2016,['Flower'],265947,2016,False,,0.575,0.772,0.231,0.387,91.051
6hAxDGCdzKCYo9GRFsp1wp,秋風のアンサー(version2016) - Version 2016,['Flower'],286053,2016,False,,0.621,0.8079999999999999,0.0585,0.312,97.98100000000001
1bvfeyfGI9Nbxa7ADWZcQ2,やさしさで溢れるように (instrumental) - Instrumental,['Flower'],292800,2016,False,,0.47700000000000004,0.799,0.000383,0.365,80.005
2hvLe6lrqXq4jfklym3Ctk,紅のドレス,['Flower'],274133,2019,False,,0.5329999999999999,0.7140000000000001,0.106,0.48100000000000004,163.89700000000005
48R7m7e4wddP2B3k1M9Muj,たいようの哀悼歌,['Flower'],243307,2019,False,,0.461,0.79,0.0238,0.449,157.986
63HaSZg1REIbb52rQSpfXA,そこらへんによくある話,['Flower'],229320,2019,False,,0.484,0.6920000000000001,0.131,0.294,170.899
16P8CO10lMtc2vtErs9McP,とても深いグリーン,['Flower'],313640,2019,False,,0.5870000000000001,0.8270000000000001,0.152,0.435,90.993
58KmJdhls5bJumHBAyDxYW,まだ好きだから,['Flower'],267787,2019,False,,0.6409999999999999,0.7290000000000001,0.255,0.366,123.95299999999999
5koq6I5cvSBWLUpXgnLZ52,豫告,['物語シリーズ'],61053,2018,False,,0.41200000000000003,0.723,0.327,0.23800000000000002,115.177
7AhiAL6fOhqIabtgZ8gF5L,staple stable,['物語シリーズ'],275267,2018,False,,0.614,0.888,0.0445,0.599,129.013
7Lrlrt1WYfAtge84kr92T0,帰り道,['物語シリーズ'],246827,2018,False,,0.537,0.993,0.0028399999999999996,0.784,175.03599999999997
1eugvD24GPd6H8bMhNgIj3,ambivalent world,['物語シリーズ'],257320,2018,False,,0.43,0.816,0.000524,0.695,174.035
6luI5Go8acCnPJvx7A8BkF,恋愛サーキュレーション,['物語シリーズ'],255027,2018,False,,0.81,0.767,0.0582,0.9359999999999999,119.98299999999999
5T0BXmeILaHo8vIprV89C7,sugar sweet nightmare,['物語シリーズ'],271653,2018,False,,0.479,0.9,0.094,0.6509999999999999,166.081
2iFEvrJIejzaGim00Plexp,序章,['物語シリーズ'],76453,2018,False,,0.221,0.414,0.0286,0.0394,91.99700000000001
4494490z9AMSppihNjo8DS,深窓の令嬢,['物語シリーズ'],160173,2018,False,,0.7709999999999999,0.188,0.981,0.122,144.023
7FWZovPSQDiYL1VEXjxMNS,道徳塗説,['物語シリーズ'],156827,2018,False,,0.618,0.0362,0.9490000000000001,0.0347,77.03399999999998
6YcIRT6kVkyRdewEQg5ZWq,羽川翼の場合,['物語シリーズ'],78040,2018,False,,0.43799999999999994,0.0897,0.982,0.0369,66.615
7KibibndZpp4bMGmSMednk,観念,['物語シリーズ'],104067,2018,False,,0.619,0.193,0.907,0.0391,110.00200000000001
2IJaC9IRv2ttJeJuRFEmKB,戦争,['物語シリーズ'],104733,2018,False,,0.46299999999999997,0.863,0.000178,0.32,125.02600000000001
5K25ey1FmwV3D17K1jHr4z,クラスメイト,['物語シリーズ'],162947,2018,False,,0.551,0.28,0.8859999999999999,0.311,99.993
6OQtKnnRAyWe0hEhQW49m2,街談巷説,['物語シリーズ'],166947,2018,False,,0.8140000000000001,0.524,0.855,0.978,119.999
7voNdTnyUTxhqbP8RLiu0F,廃墟,['物語シリーズ'],136293,2018,False,,0.807,0.401,0.665,0.45,119.73299999999999
2OJJzDO9AnmcAoZ65Np7ni,修験道,['物語シリーズ'],112200,2018,False,,0.687,0.287,0.8859999999999999,0.358,184.013
19pUY2gihl3Lk0mdpVYg6p,神域,['物語シリーズ'],118000,2018,False,,0.273,0.344,0.838,0.149,60.306999999999995
5ASxwnS9Y1EwxBsA9qmOV8,素敵滅法,['物語シリーズ'],157347,2018,False,,0.5539999999999999,0.252,0.988,0.65,87.81
3BOArEymBydJkU6MpGAygS,毒舌,['物語シリーズ'],157533,2018,False,,0.715,0.0664,0.993,0.5820000000000001,127.999
0D10mEfrzhlTwDNNWQF59p,結界,['物語シリーズ'],97960,2018,False,,0.308,0.0072,0.3,0.0339,164.774
7wHBw0z7IJBa4FJfK8NYMw,外法,['物語シリーズ'],104040,2018,False,,0.882,0.253,0.000465,0.14300000000000002,145.986
2BTRpuy7IWYnUEkU03hYOL,浄化,['物語シリーズ'],112320,2018,False,,0.664,0.24,0.868,0.0362,76.0
7iaeq5FFVWpubYeVhvt3ND,重し蟹,['物語シリーズ'],132307,2018,False,,0.248,0.509,0.0471,0.0398,105.00200000000001
5jrIk6jLrhvscjgPH3b31Z,表裏,['物語シリーズ'],106973,2018,False,,0.414,0.532,0.303,0.157,161.969
4luj1ao6DZKHrfFC9aidbc,以下、回想,['物語シリーズ'],110493,2018,False,,0.67,0.6609999999999999,0.648,0.552,144.02
3Q3imRo9qj57EBpfRkMCFD,「戦場ヶ原、蕩れ」,['物語シリーズ'],130947,2018,False,,0.5920000000000001,0.231,0.9890000000000001,0.348,82.971
3CGqsCOSf5WFzQJzaePyZc,君の知らない物語,['supercell'],342560,2018,False,,0.419,0.909,0.0105,0.526,164.942
1CJjHgDXHKlPnz7knG3AU3,次回、ひたぎクラブ,['物語シリーズ'],53320,2018,False,,0.581,0.32899999999999996,0.71,0.187,128.172
6HDNTAWGyXBkA8nuI6wIri,言葉の暴力,['物語シリーズ'],79147,2018,False,,0.397,0.591,0.0796,0.402,185.975
5J2YqT248M6Co8P9xTaNxj,吹き溜まり,['物語シリーズ'],154800,2018,False,,0.496,0.0462,0.995,0.244,70.26
2rXHNuVhfohZITwDkyKtNb,けだもの,['物語シリーズ'],98720,2018,False,,0.655,0.462,0.995,0.0387,96.01
33a7VkSNMyy5l728vOX4nE,雑多坩堝,['物語シリーズ'],18013,2018,False,,0.35,0.635,0.0421,0.0,115.34299999999999
0nSyJPOQCM0g3bCIMoyJmI,散歩,['物語シリーズ'],144680,2018,False,,0.674,0.46799999999999997,0.24100000000000002,0.184,143.861
5Fb3KJvSQPSX2C48lDhNpE,日曜日,['物語シリーズ'],161573,2018,False,,0.75,0.0915,0.99,0.435,100.197
7AiFhaz7CuvFtmhGsj5JGx,人畜,['物語シリーズ'],148240,2018,False,,0.812,0.36,0.9490000000000001,0.618,120.00200000000001
1SILpe6x1XMgOt0Rpfz1Tz,戯言,['物語シリーズ'],157587,2018,False,,0.753,0.946,0.402,0.8540000000000001,95.09
0B8vCosAvK3dk6Go71RWIv,言い訳,['物語シリーズ'],125627,2018,False,,0.547,0.152,0.972,0.14400000000000002,157.332
6Eh7jEoUu8AwI67259Jeu9,八九寺真宵の場合,['物語シリーズ'],90467,2018,False,,0.743,0.9590000000000001,0.000105,0.9620000000000001,160.02700000000004
71DT6mYDMlDKtZRmeQqdol,逢う魔が刻,['物語シリーズ'],132400,2018,False,,0.465,0.336,0.995,0.0332,102.00200000000001
7DMGc3urNl6OXPNy2G9fjo,殺風景,['物語シリーズ'],157653,2018,False,,0.716,0.287,0.995,0.34,136.991
3S4asFYqtBTBVHefWssDNY,渦,['物語シリーズ'],91827,2018,False,,0.496,0.7709999999999999,0.9890000000000001,0.16899999999999998,66.67
0apb4MUKeB3ofAeqckZguH,ファーストタッチ,['物語シリーズ'],106520,2018,False,,0.308,0.455,0.22899999999999998,0.17600000000000002,133.509
3mH0IsRIxnEYxf3xe0YjSs,戦場ヶ原ひたぎの場合,['物語シリーズ'],76587,2018,False,,0.852,0.6729999999999999,0.826,0.855,119.97399999999999
6iHZr2PEbmV3aUjJKbkAvG,迷い牛,['物語シリーズ'],182720,2018,False,,0.191,0.124,0.8590000000000001,0.0377,72.781
06iu2YkPGBhObRRQH1zpvJ,「ただいまっ、帰りましたっ」,['物語シリーズ'],92680,2018,False,,0.624,0.26,0.968,0.171,167.761
2TzWrLgCCoULkJyNtbTALF,次回、まよいマイマイ,['物語シリーズ'],49427,2018,False,,0.5329999999999999,0.337,0.659,0.125,175.317
0rol3qRjAnebnJ9d1NipEi,放浪者,['物語シリーズ'],157520,2018,False,,0.8270000000000001,0.574,0.00746,0.7040000000000001,94.994
6xPWgCq1NRKZ0xH8Kwt2K8,バカロリート,['物語シリーズ'],198133,2018,False,,0.82,0.77,0.54,0.731,90.197
2rLX8atJqFZJPMwz9ZVt8G,神原駿河の場合〜全裸,['物語シリーズ'],58787,2018,False,,0.953,0.217,0.233,0.669,128.025
2yuaQTrKHoQWY654B8g8Rd,神原駿河の場合〜着衣,['物語シリーズ'],113427,2018,False,,0.925,0.465,0.00132,0.665,128.00799999999998
2nhpxNJDjtreoHdotVa5nC,帶風的少年 (《熱血少年》主題曲),"['Z.TAO', '劉宇寧']",238236,2019,False,,0.568,0.551,0.29100000000000004,0.215,126.23299999999999
1FRRWGVSTFaTjvKU75v5Fg,瞳の奥の銀河(ミルキーウェイ),['Flower'],288947,2015,False,,0.45799999999999996,0.785,0.0785,0.309,90.02799999999998
46SVoIoHgaxCq2JzNmWZdN,Virgin Snow〜初心(はつごころ)〜,['Flower'],331067,2015,False,,0.46299999999999997,0.79,0.24,0.221,157.766
3RL45GQhU2WzECqNjeun3P,追憶のふたり,['Uru'],329333,2017,False,,0.355,0.429,0.83,0.174,78.109
52Sw2hgAHMQzBrC0CqhiJK,奇蹟,['Uru'],285040,2017,False,,0.524,0.5479999999999999,0.546,0.266,78.993
0NNpOg0tuw8KU8HJbNra7C,鈍色の日,['Uru'],319813,2017,False,,0.5589999999999999,0.303,0.9059999999999999,0.22,135.93
1bHUjefyXGkorgIYgniTTx,しあわせの詩,['Uru'],317387,2017,False,,0.332,0.305,0.937,0.245,139.951
0RWZvB4oxuARlmalEBxVLm,いい男,['Uru'],281467,2017,False,,0.594,0.128,0.971,0.243,135.83100000000002
308bZjzKCTaXQkjcmVxPS8,娘より,['Uru'],340333,2017,False,,0.522,0.48200000000000004,0.815,0.185,79.506
0sSB7eVaUzVFGOXS53a3kf,星の中の君,['Uru'],254013,2017,False,,0.539,0.203,0.9570000000000001,0.27,72.017
4cUeK4PpHOQUeW1vHh2ijd,Water is Wide / Wusuli Boat Song (乌苏里船歌),"['Wu Fei', 'Abigail Washburn']",256400,2020,False,,0.58,0.207,0.978,0.222,121.59700000000001
2w9EWuuUWzlvYAdCrE2Vfd,Four Seasons Medley: Four Seasons / Dark Ocean Waltz (四季歌 / 青海华尔兹),"['Wu Fei', 'Abigail Washburn']",231467,2020,False,,0.502,0.4320000000000001,0.93,0.436,137.27100000000002
2cwmzZ5awge6gwq84EvoU0,Ping Tan Dance (评弹舞),"['Wu Fei', 'Abigail Washburn']",153960,2020,False,,0.8240000000000001,0.285,0.9229999999999999,0.4370000000000001,139.981
64RnsxwHjAHHJQ1Dzm1de5,Banjo Guzheng Pickin' Girls (天涯海角走一遍),"['Wu Fei', 'Abigail Washburn']",143453,2020,False,,0.6970000000000001,0.384,0.945,0.501,136.16
1ZzlwxbK2JnuYqtGsVfxvV,Who Says Women Aren't as Good as Men (谁说女子不如男),"['Wu Fei', 'Abigail Washburn']",81987,2020,False,,0.713,0.252,0.904,0.6579999999999999,108.478
0OruIUW8FkPKBxMh9p6CwR,The Roving Cowboy / Avarguli (阿瓦尔古丽),"['Wu Fei', 'Abigail Washburn']",485627,2020,False,,0.363,0.217,0.972,0.125,74.995
2NoqPI0K1HqZNDa6fNOLth,Weaving Medley: Busy Weaving / Julianne Johnson / Open Little Hand / Back Step Cindy (纺织忙 / 小开手),"['Wu Fei', 'Abigail Washburn']",185947,2020,False,,0.375,0.395,0.978,0.609,102.544
385y2IfQ9ThHeW63AoUGWj,Bu da da (三十里名山二十里水),"['Wu Fei', 'Abigail Washburn']",183587,2020,False,,0.33299999999999996,0.0742,0.9890000000000001,0.233,75.47399999999998
6201RiT9S73vdWTSaLfHxW,Ho Hey / Cluck Old Hen (推炒面),"['Wu Fei', 'Abigail Washburn']",156027,2020,False,,0.7909999999999999,0.45399999999999996,0.924,0.8109999999999999,116.353
5gSY0Q5L5KxeDoODvLOimq,Oracle (高尾山),"['José James', 'Erik Truffaz', 'Hindi Zahra']",358631,2020,False,,0.635,0.295,0.563,0.198,106.904
5uRY6i5ssxFYdVGfPHfLq2,Scherzo,['権太夫'],158909,2016,False,,0.6459999999999999,0.244,0.809,0.919,180.157
1h4AKErwdxqLwVzbgtrT9b,Akari,['純白p'],173538,2016,False,,0.608,0.972,0.248,0.37,140.02200000000002
1cGVcBtHj6ClPoAEmw0Ite,君と見たソラの歌,['Taku1175+菊池亮太'],119077,2016,False,,0.578,0.922,0.0109,0.653,97.471
2tbzFKHqykyCWAbzFKcc9v,双龍飛閃-Dual Dragoon-,['Daisuke Ohnuma'],119077,2016,False,,0.514,0.9740000000000001,2.14e-05,0.0593,106.03299999999999
0CnFfzR68NBPqcBmjORQu8,Hop Step Adventure☆,['ああああ茶漬け'],122769,2016,False,,0.5,0.981,0.00046699999999999997,0.611,180.024
12jFTSF9j6a53QxyefvSIQ,心泣,['Tracy Huang'],290333,1986,False,,0.525,0.456,0.141,0.38299999999999995,82.044
0lYMK0V3VvuqPTcrBkmJ8m,留不住的故事,['Tracy Huang'],238371,1986,False,,0.386,0.371,0.71,0.14400000000000002,135.993
76qvQOKake57qEhS5w3q4A,遇,['Tracy Huang'],214600,1986,False,,0.609,0.31,0.591,0.354,108.84700000000001
5IHxvZIV2VPEsh8WCghVVm,熟悉的你,['Tracy Huang'],214000,1986,False,,0.58,0.294,0.5920000000000001,0.129,78.283
2en4Az07nwZZT0QkOZnKkC,夢幻的舞步,['Tracy Huang'],237067,1986,False,,0.354,0.221,0.775,0.23399999999999999,183.68
4wEWZm6xewghV8hYhQqQBV,冬夜,['Tracy Huang'],258160,1986,False,,0.342,0.396,0.713,0.17600000000000002,167.78900000000004
4J6mSyVpZX52CmHtS96FgT,青春,['Tracy Huang'],262667,1986,False,,0.628,0.6409999999999999,0.0256,0.462,134.30200000000002
1PkGVlwhdlbCFOCqrdYeUW,歲月,['Tracy Huang'],262200,1986,False,,0.507,0.243,0.8079999999999999,0.126,96.992
7fbOBLyLtz7MogN2oex23r,何處是歸屬,['Tracy Huang'],255867,1986,False,,0.457,0.21,0.85,0.195,72.918
6qZiM1h7yeDKGmgDHHXG6M,入夢前,['Tracy Huang'],169467,1986,False,,0.326,0.185,0.887,0.0607,80.477
6pS1Sb85kbiZsX6ErX0HAG,心泣 - Remastered,['Tracy Huang'],291200,1996,False,,0.53,0.431,0.165,0.391,81.98700000000002
2MyJEYysNPrYZ89PsM08x0,留不住的故事 - Remastered,['Tracy Huang'],244333,1996,False,,0.456,0.24,0.6990000000000001,0.149,135.7
5LtQ791xiGadvMH54K1BMa,遇 - Remastered,['Tracy Huang'],214600,1996,False,,0.607,0.315,0.61,0.359,108.855
33AmTm4V2PiTR9h5Db5gkt,熟悉的你 - Remastered,['Tracy Huang'],215827,1996,False,,0.585,0.28800000000000003,0.589,0.113,78.219
4tu33mWJoOwT7rQseRFZsx,夢幻的舞步 - Remastered,['Tracy Huang'],237067,1996,False,,0.55,0.22899999999999998,0.778,0.223,91.921
7xWu5JKBdlj5U1xb1obntb,冬夜 - Remastered,['Tracy Huang'],258200,1996,False,,0.3720000000000001,0.397,0.7020000000000001,0.155,167.919
5HjiOZslIZ1cnLkDKGKekM,青春 - Remastered,['Tracy Huang'],262573,1996,False,,0.618,0.652,0.0282,0.47200000000000003,134.303
2FxLjfWDbomQGPaVSWTULY,歲月 - Remastered,['Tracy Huang'],262227,1996,False,,0.504,0.239,0.799,0.115,96.96600000000001
41aO5TYL2hR67OmxBw8vKI,何處是歸屬 - Remastered,['Tracy Huang'],255933,1996,False,,0.462,0.22,0.846,0.18,145.765
6NSxeoovC8w9fVvRwBqtmR,入夢前 - Remastered,['Tracy Huang'],170840,1996,False,,0.371,0.19399999999999998,0.887,0.0605,80.65899999999998
09W3gpreMdS42zP6KauGfG,來自心海的消息,['Tracy Huang'],375173,1986,False,,0.527,0.405,0.344,0.35100000000000003,124.038
0ErlbvNDEe7VupLqFpQUFT,現在流行什麼,['Tracy Huang'],278000,1986,False,,0.765,0.597,0.247,0.8809999999999999,117.97399999999999
2NuFhIqLeShx6MnrAFXc9M,我願意,['Tracy Huang'],264000,1986,False,,0.713,0.47700000000000004,0.0497,0.597,121.785
6sIgW23tTmvheR0NkESLb3,淚,['Tracy Huang'],210773,1986,False,,0.25,0.0436,0.792,0.0394,114.719
2BEttWq9GkFeKqUOAIu6f6,最後的情節,['Tracy Huang'],257267,1986,False,,0.484,0.27699999999999997,0.451,0.15,141.596
7gMEN7RbMbZwQPWKB5MvsR,愛的冒險,['Tracy Huang'],282560,1986,False,,0.504,0.309,0.631,0.406,156.01
5O8hcEGbFMuIpUJrSYwFi3,面具,['Tracy Huang'],235173,1986,False,,0.442,0.287,0.6459999999999999,0.24600000000000002,77.95
3bg6nHOYkZd1NtUrSLlenH,夜未央 (星海 心海),['Tracy Huang'],406467,1986,False,,0.17600000000000002,0.0862,0.858,0.0365,79.891
58MbasFIlrxDcKMakfxkg1,也許你曾,['Tracy Huang'],164093,1986,False,,0.6629999999999999,0.0735,0.915,0.221,116.042
4SGAJ0M8c0RrA4e1967wDm,我不在乎,['Tracy Huang'],257493,1986,False,,0.348,0.153,0.953,0.23199999999999998,137.514
2OVZtshD0fkoaFo5mAenSM,蹦,['LAY'],150453,2020,False,,0.833,0.682,0.0305,0.65,94.02799999999999
31d9q7DMvjdNydG138uNHv,無力感,['Alfred Hui'],254428,2020,False,,0.42100000000000004,0.737,0.191,0.40700000000000003,156.999
1jPSXuegwbRhrGEzuuPUY5,"路小雨 | Lu Xiao Yu (From ""Secret"")",['Michael Tai'],185835,2016,False,,0.287,0.245,0.9890000000000001,0.0923,142.944
7xnYqzyFi4eUCa9HMjFGBX,"小雨寫立可白 I | Xiao Yu's Theme I (From ""Secret"")",['Michael Tai'],142801,2016,False,,0.483,0.087,0.9590000000000001,0.15,94.311
2CBWekb0urR7NaisSm5ng6,"小雨寫立可白 II | Xiao Yu's Theme II (From ""Secret"")",['Michael Tai'],187066,2016,False,,0.451,0.18,0.985,0.115,118.03200000000001
0UDvzTX4inNbWMjPlBmr3v,童話 | Tong Hua (by 王光良 | Michael Wong),['Michael Tai'],221492,2016,False,,0.456,0.27899999999999997,0.988,0.473,76.196
7r5DV9Qc8v3ibcn81IxYID,遇見 | Yu Jian (by 孫燕姿 | Stephanie Sun),['Michael Tai'],264594,2016,False,,0.41200000000000003,0.151,0.987,0.223,73.041
2l9DS8NUfAUu8YwSk8z7mb,你不知道的事 | All The Things You Never Knew (by 王力宏 | Wang Lee Hom),['Michael Tai'],267546,2016,False,,0.389,0.243,0.705,0.0823,94.635
7yeEx7MS5D0dFWjzROH3T2,海闊天空 | Under A Vast Sky (by Beyond),['Michael Tai'],281501,2016,False,,0.41,0.446,0.41600000000000004,0.126,87.39399999999998
49AI5Z5y57aEFLvkR3cXRb,如今,['那英'],286933,2002,False,,0.461,0.436,0.475,0.14,126.914
7eyKB576uAwAyTbbfmNMTB,愛上你等於愛上寂寞,['那英'],312347,2002,False,,0.297,0.425,0.679,0.12,130.10399999999998
4lKP7VbhwQRTKzSRauP59T,至少,['那英'],252907,2002,False,,0.643,0.77,0.168,0.354,90.02799999999998
6GrfsBdl6oGRh5Q0asN93o,離不開,['那英'],290667,2002,False,,0.625,0.431,0.513,0.193,150.006
15bvIcmORMGi7Ir8MkEWiQ,一千一萬遍,['那英'],255733,2002,False,,0.721,0.795,0.0687,0.7879999999999999,105.99799999999999
0Hp0k3Dy3lp0nK8ZTjpiWL,你從未離開,['那英'],315427,2002,False,,0.445,0.374,0.48200000000000004,0.147,139.787
3Nzyqhbk9V2U4NIw2AYn2X,No More,['那英'],254600,2002,False,,0.635,0.312,0.794,0.111,131.861
7klpbP91S6VFG15BpSVV6a,一切都變了,['那英'],262573,2002,False,,0.659,0.225,0.816,0.282,95.95200000000001
7FZF6t5TkA0foMq7czwB7C,身不由己,['那英'],255467,2002,False,,0.647,0.6,0.518,0.452,119.976
13qySqRflRCygM0QtOYI7k,留言,['那英'],286120,2002,False,,0.525,0.29600000000000004,0.648,0.18,147.524
5vJ8eqawSZWppBQsxVOcuF,君のせい,['the peggies'],263000,2018,False,,0.39799999999999996,0.9890000000000001,0.00103,0.677,174.04
5O1UvTK2a0Vfr4AVz6WZFX,最終バスと砂時計,['the peggies'],316667,2018,False,,0.555,0.89,0.028999999999999998,0.741,129.966
0oE2ojWoZcNmGABQi8l1xk,處處吻,['Miriam Yeung'],199041,2004,False,,0.758,0.794,0.364,0.77,119.021
18ECkpnxAKxF1G7V72kOeV,吵我,['Miriam Yeung'],277386,2004,False,,0.7020000000000001,0.9990000000000001,0.0194,0.679,134.997
2yDm6S26Nc5LitK7GTz8wp,小城大事,['Miriam Yeung'],208507,2004,False,,0.5820000000000001,0.345,0.879,0.326,120.06700000000001
0TKiUlUhOR6ZyktR4ZuzlH,的士司機,['Miriam Yeung'],226487,2004,False,,0.517,0.435,0.77,0.5920000000000001,155.852
0O3dVG8Lohgwh3zD6qqQOq,煉金術,['Miriam Yeung'],247618,2004,False,,0.35200000000000004,0.5589999999999999,0.889,0.289,167.463
1NtG5Pkic3TUNlk6b4dcJv,電光幻影,['Miriam Yeung'],215574,2004,False,,0.669,0.462,0.81,0.495,107.96600000000001
550AQgrfuSbVTfgBtVnSdZ,柳媚花嬌,['Miriam Yeung'],211720,2004,False,,0.708,0.4970000000000001,0.595,0.7390000000000001,128.112
3btp9MAIAJxObY2G2KW9Ub,真愛開玩笑,['Miriam Yeung'],205497,2004,False,,0.6709999999999999,0.604,0.511,0.6,130.059
4pTnoRLbnYeCz7p6i6rJs0,偷吻杜魯福,['Miriam Yeung'],233314,2004,False,,0.635,0.821,0.0215,0.778,126.986
381l8p5m8oHYUnsc4RZX67,明日之歌,['Miriam Yeung'],192029,2004,False,,0.445,0.33799999999999997,0.8190000000000001,0.395,179.783
0TlBuH1azntROo6SCNe3Kb,Darkseid,"['Grimes', '潘PAN']",224110,2020,False,,0.44799999999999995,0.713,0.00974,0.331,179.93099999999995
3sT6WUV9OtalN9CLgm0zmf,Darkseid,"['Grimes', '潘PAN']",224110,2020,False,,0.44799999999999995,0.713,0.00974,0.331,179.93099999999995
58TPW4OaiWIMGQvvzMBv4d,Sail,['Conehead錐頭'],115901,2017,False,,0.792,0.0872,0.8059999999999999,0.495,82.93
1JFM2AWkin2Dk8FuMNOHsu,傾城大黒舞,['QUEEN BEE'],174520,2020,False,,0.685,0.8909999999999999,0.00946,0.585,117.98
3xCZfCA7dvgBbGagn3EnAG,心中デイト,['QUEEN BEE'],219640,2020,False,,0.7440000000000001,0.7070000000000001,0.021,0.45,92.005
7GGQm7ucH6V5XmbInjnhk5,虻と蜂 (L ver.) - L Version,['QUEEN BEE'],211773,2020,False,,0.7659999999999999,0.285,0.816,0.27,106.069
00pLWGXrEv55KAmU54ZxiY,黒幕,['QUEEN BEE'],241027,2020,False,,0.758,0.435,0.22899999999999998,0.382,101.98700000000001
0jhif8VL8EwY81ySs22tP5,花びらたちのマーチ,['Aimer'],192080,2019,False,,0.648,0.638,0.0312,0.301,104.956
57GMLNwjwOulsiTw7olHTK,思い出は奇麗で,['Aimer'],209813,2019,False,,0.557,0.631,0.0107,0.7170000000000001,93.95200000000001
6ksir9AE4bbKt2As8g4aMg,哭砂,"['Tracy Huang', 'Lin Zheng-Zhong (Jerry)', 'Richard Goh', 'Wu David', 'Ye Chui Qing']",277827,1990,False,,0.541,0.25,0.774,0.4320000000000001,150.041
60bCSblO2MMGwaLoTbIJjW,寧願鎖上,"['Tracy Huang', 'Lin Zhang-Zhong', 'Richard Goh', '吳大衛', 'Ye Chui Qing']",309600,1990,False,,0.506,0.28600000000000003,0.34299999999999997,0.264,74.033
4g4CE7By3fltOIqHR8UQth,風的心,"['Tracy Huang', 'Lin Zhang-Zhong', 'Richard Goh', '吳大衛', '葉垂青']",353173,1990,False,,0.506,0.397,0.785,0.275,151.975
7FQwfYE3i0xL9eK5SxlB64,不問不說,"['Tracy Huang', 'Lin Zhang-Zhong', 'Richard Goh', '吳大衛', 'Ye Chui Qing']",245067,1990,False,,0.741,0.563,0.115,0.821,107.023
6z5aYldoQMxj7gyS789SCR,你為何不要,"['Tracy Huang', 'Lin Zhang-Zhong', 'Richard Goh', '吳大衛', 'Ye Chui Qing']",239467,1990,False,,0.614,0.282,0.7,0.313,119.26899999999999
0WsXj9Hv4R8aiTckrCEKrt,讓愛自由,"['Tracy Huang', 'Lin Zhang-Zhong', 'Richard Goh', '吳大衛', 'Ye Chui Qing']",346000,1990,False,,0.456,0.335,0.6829999999999999,0.11199999999999999,121.398
6n1A8PVu8b7iFN4xvW0NVG,三年三月到九天九夜,"['Tracy Huang', 'Lin Zhang-Zhong', 'Richard Goh', '吳大衛', 'Ye Chui Qing']",277760,1990,False,,0.45299999999999996,0.33899999999999997,0.767,0.254,145.406
6b4o3ubcv2fhSV6PPbuzPd,再見還是不見,"['Tracy Huang', 'Lin Zhang-Zhong', 'Richard Goh', '吳大衛', 'Ye Chui Qing']",250707,1990,False,,0.6759999999999999,0.484,0.486,0.215,119.947
3etiqMyd34DQA4jrvF4APx,聽你說你的愛,"['Tracy Huang', 'Lin Zhang-Zhong', 'Richard Goh', '吳大衛', 'Ye Chui Qing']",248760,1990,False,,0.621,0.498,0.594,0.6409999999999999,158.226
2XZFPWTdgUkGrh7j9hzc3A,藏好一個春天,"['Tracy Huang', 'Lin Zhang-Zhong', 'Richard Goh', '吳大衛', 'Ye Chui Qing']",291333,1990,False,,0.5660000000000001,0.505,0.545,0.7559999999999999,161.194
23fzg6thHMySVp3SSJXbVp,夢不到你,"['Tracy Huang', 'Lou Wen-Zhong', 'Ye Chui Qing']",295333,1989,False,,0.521,0.28800000000000003,0.813,0.156,133.915
537cSCqm2Vm4fHRQOWHCQq,相愛,"['Tracy Huang', 'Lou Wen-Zhong', 'Ye Chui Qing']",213600,1989,False,,0.467,0.192,0.9129999999999999,0.405,146.778
792Bc1bJmXSh5KLaurzQtn,隨便找個理由,"['Tracy Huang', 'Lou Wen-Zhong', 'Ye Chui Qing']",253467,1989,False,,0.759,0.39,0.7120000000000001,0.589,108.83
6LKdc2tCX5TzeIhgPoOMQD,離不開愛的心,"['Tracy Huang', 'Lou Wen-Zhong', 'Ye Chui Qing']",247107,1989,False,,0.6940000000000001,0.331,0.7559999999999999,0.524,121.336
6Xlr8ffTTHAkp93s634iA6,黑夜白天,"['Tracy Huang', 'Ou Wen-Zhong', 'Ye Chui Qing']",323000,1989,False,,0.483,0.174,0.845,0.107,96.395
4DMojVegHwQ0DLVv5DWAIC,夢知道,"['Tracy Huang', 'Lou Wen-Zhong', 'Ye Chui Qing']",319707,1989,False,,0.591,0.39299999999999996,0.581,0.5429999999999999,89.943
1Rd8DKLoXUuyFr16AxeWbX,心中碉堡,"['Tracy Huang', 'Lou Wen-Zhong', 'Ye Chui Qing']",292827,1989,False,,0.5760000000000001,0.27699999999999997,0.733,0.198,102.902
6CKB8gGFfrNUIk0Av9jPQr,不是為了離開你,"['Tracy Huang', 'Hugh Padgham', 'Lou Wen-Zhong', 'Ye Chui Qing']",340133,1989,False,,0.637,0.556,0.5429999999999999,0.3,106.87
341ssuwjfBzbgA0fMCjBfS,來自心海的消息 - Remastered,['Tracy Huang'],376733,2015,False,,0.537,0.305,0.32899999999999996,0.385,123.96600000000001
3w2TO1RCbzqU0oYXhvaWeV,現在流行什麼 - Remastered,['Tracy Huang'],277200,2015,False,,0.779,0.612,0.249,0.87,118.03
2ahh2IPNxyMbhQPAYrUDaG,我願意 - Remastered,['Tracy Huang'],262493,2015,False,,0.722,0.474,0.0592,0.627,121.859
2FiKorkZD76heQDT3s8q1r,淚 - Remastered,['Tracy Huang'],210467,2015,False,,0.20600000000000002,0.04,0.8859999999999999,0.0386,74.712
1JKgDLdmWe3Fk51TWuD5SV,最後的情節 - Remastered,['Tracy Huang'],256667,2015,False,,0.495,0.242,0.642,0.14800000000000002,141.709
3nPgq9IwjOkKa1VKSZckdt,愛的冒險 - Remastered,['Tracy Huang'],282440,2015,False,,0.5720000000000001,0.302,0.667,0.436,78.028
2nUk1MGXi2rkGNTyLifmam,面具 - Remastered,['Tracy Huang'],233093,2015,False,,0.44,0.262,0.66,0.26,77.977
6rzpImRUII4Lmhh0CbDk6l,夜未央 • 星海 • 心海 - Remastered,['Tracy Huang'],405307,2015,False,,0.149,0.121,0.9229999999999999,0.0363,84.03299999999999
6wijG5hzlfmU0bc2F2isvX,也許你曾 - Remastered,['Tracy Huang'],163893,2015,False,,0.659,0.115,0.958,0.262,116.167
22Gq3ClVi7ngH2DSf647Iu,我不在乎 - Remastered,['Tracy Huang'],257107,2015,False,,0.446,0.099,0.9470000000000001,0.222,138.099
4fXG2xkFIWHgGJaZlmnmgf,為了愛夢一生,"['Dave Wong', '李子恆', 'chang Yong Fu']",278639,1996,False,,0.27899999999999997,0.36,0.711,0.28600000000000003,174.456
1ogAqjL8GnUhW8neBGWNFj,一場遊戲一場夢,['Dave Wong'],255333,1996,False,,0.561,0.32,0.802,0.35600000000000004,139.856
5MhZREcCk1oCSYfjNSB9M7,忘記你不如忘記自己,"['Dave Wong', '陳秀男', '李子恆', 'Ricky Ho', 'Shan Tahir', 'Ye Chui Qing', 'chang Yong Fu']",283667,1996,False,,0.591,0.467,0.309,0.175,123.46600000000001
50YcHLk3ckOLwN79rHjldB,孤星,"['Dave Wong', '陳秀男', 'Ye Chui Qing']",260693,1996,False,,0.599,0.706,0.16,0.6629999999999999,151.373
1KQHbbmQANjmWcdTKlfglq,安妮,['Dave Wong'],252333,1996,False,,0.47700000000000004,0.426,0.47700000000000004,0.307,146.441
7CdWntAk9wl99TX3lsH8p9,夢在無夢的夜裡,"['Dave Wong', 'Jason Mavza', 'Li Shi-Xian']",293600,1996,False,,0.457,0.345,0.546,0.263,80.96600000000002
3Yi9lsIT6k4cAXHc2UtKR9,英雄淚,"['Dave Wong', '陳秀男', 'Ye Chui Qing', 'chang Yong Fu']",312067,1996,False,,0.493,0.44799999999999995,0.574,0.19399999999999998,123.73899999999999
26SjS0YUuQmP1wCItsZFKE,是否我真的一無所有,['Dave Wong'],262873,1996,False,,0.5379999999999999,0.529,0.299,0.33399999999999996,148.39700000000005
0DEad8IF7vi9CXZ2Kem12S,忘了你忘了我,['Dave Wong'],275644,1996,False,,0.522,0.4970000000000001,0.494,0.595,140.44299999999998
104F13Us5GI6ljp9LvcgVe,向太陽怒吼,"['Dave Wong', '林一平', 'chang Yong Fu']",260333,1996,False,,0.708,0.826,0.483,0.823,134.96200000000002
1tq1ucgcuVjSJnKJi4VNiF,心痛,"['Dave Wong', 'Chen Xiao-Nan', '李子恆', 'Ricky Ho', 'Shan Tahir', 'Ye Chui Qing', 'chang Yong Fu']",233200,1996,False,,0.261,0.322,0.588,0.17300000000000001,78.69800000000002
0yEH8Bc8Fis5DZFqyVhtF9,她的背影,['Dave Wong'],303573,1996,False,,0.574,0.474,0.575,0.13699999999999998,140.387
1VFsckE8M2HJYEs4glq2d1,情願不自由,"['Dave Wong', 'Jason Marza', 'Li Shi-Xian']",299000,1996,False,,0.598,0.506,0.409,0.14,120.08
459nH5Dgx2HYVfODsGSZe7,你是我胸口永遠的痛,"['Dave Wong', '葉歡']",309333,1996,False,,0.618,0.568,0.308,0.174,113.45
3XWuKyPiFo856j3XLP58j9,天天等 天天問,"['Chiang Yu-Heng', '葉歡', 'Lin Yi-Ping (Paul)', 'chang Yong Fu']",319667,1994,False,,0.6,0.35700000000000004,0.72,0.245,135.87
6bYSJ1RdA58imI2FKKNUR5,痛快的歌,"['Chiang Yu-Heng', 'Lin Yi-Ping (Paul)', 'chang Yong Fu']",300373,1994,False,,0.69,0.7509999999999999,0.0885,0.825,115.999
7BY2eIMjRqygAnVXTpKHWX,把心還給我,"['Chiang Yu-Heng', 'Lin Yi-Ping (Paul)', 'chang Yong Fu']",286493,1994,False,,0.265,0.23,0.805,0.12300000000000001,66.078
1ZCQxjIpstECur24G6bHMq,一切歸零,"['Chiang Yu-Heng', 'Lin Yi-Ping (Paul)', 'chang Yong Fu']",278173,1994,False,,0.528,0.35100000000000003,0.21899999999999997,0.34,143.88
4z5s9Ln6iFwhXNtd4Xx7u6,門,"['Chiang Yu-Heng', 'Lin Yi-Ping (Paul)', 'chang Yong Fu']",284160,1994,False,,0.507,0.268,0.22699999999999998,0.251,123.932
6IjQtB2QVICdOE8YnBH6aH,不想回家的人,"['Chiang Yu-Heng', 'Lin Yi-Ping (Paul)', 'chang Yong Fu']",306173,1994,False,,0.778,0.253,0.512,0.6659999999999999,98.024
1JesE9QLXyIXIPEWUb4rwe,"哭過, 笑過, 愛過","['Chiang Yu-Heng', 'Lin Yi-Ping (Paul)', 'chang Yong Fu']",277667,1994,False,,0.46799999999999997,0.201,0.7440000000000001,0.175,123.84
08TlnkEL2AvaoWROZLuMoU,"愛一個人, 等一個夢","['Chiang Yu-Heng', 'Lin Yi-Ping (Paul)', 'chang Yong Fu']",299160,1994,False,,0.632,0.341,0.45799999999999996,0.299,117.04
4OWyizftz4A1wOBTHXCscM,愛你不是我的錯,"['Chiang Yu-Heng', 'Lin Yi-Ping (Paul)', 'chang Yong Fu']",307173,1994,False,,0.475,0.249,0.527,0.19699999999999998,132.312
6JYh7RBB4X3Nzvol9IcRxd,愛 我還很多,"['Chiang Yu-Heng', 'Lin Yi-Ping (Paul)', 'chang Yong Fu']",290493,1994,False,,0.418,0.115,0.825,0.17,131.58700000000002
2LUS9ekzzEI9ryMDBL93pn,一場遊戲一場夢,['Dave Wong'],255333,1993,False,,0.561,0.32,0.802,0.35600000000000004,139.856
5zXjziHzr3tSSJHdiwnRfr,是否我真的一無所有,['Dave Wong'],262873,1993,False,,0.5379999999999999,0.529,0.299,0.33399999999999996,148.39700000000005
2vdTvKwbamOvrWBtIihOJb,你是我胸口永遠的痛,"['Dave Wong', '葉歡']",309333,1993,False,,0.618,0.568,0.308,0.174,113.45
1UYakgV4xq5ry6OA9pudKk,是你是你是你,"['Dave Wong', '陳秀男', 'Ye Chui Qing']",268667,1993,False,,0.545,0.419,0.33899999999999997,0.402,137.056
4mnvzUnhzoWo5me5rR8FlK,永遠相信愛情,"['Dave Wong', 'Ricky Ho', 'Shah Thair']",250915,1993,False,,0.42,0.251,0.659,0.29,119.867
0WOXsslOpkEtCzJmjS303Q,回家,['Dave Wong'],260173,1993,False,,0.563,0.38299999999999995,0.58,0.359,99.477
6BNTyXxCnDMCJISsxrSXLt,為了愛夢一生,"['Dave Wong', '李子恆', 'chang Yong Fu']",278639,1993,False,,0.27899999999999997,0.36,0.711,0.28600000000000003,174.456
4qcKwLGHFQ5kBJgQyxXnR2,別讓明天的太陽離開我,"['Dave Wong', '林一平', 'chang Yong Fu']",251000,1993,False,,0.556,0.48200000000000004,0.73,0.532,72.02199999999998
67HhfyfRBOnF2VELqBGmUG,向太陽怒吼,"['Dave Wong', '林一平', 'chang Yong Fu']",260333,1993,False,,0.708,0.826,0.483,0.823,134.96200000000002
1JJhhp0Uj8MdcfaTzZ1TYq,紅塵有你,"['Dave Wong', 'Eunice Yong', 'Mo Lee', 'chang Yong Fu']",283667,1993,False,,0.5770000000000001,0.26,0.753,0.177,100.13600000000001
4EHeDMv9SMvri3BZge5QVS,我要飛,['Dave Wong'],271667,1993,False,,0.465,0.45399999999999996,0.7390000000000001,0.187,140.014
5c4rCjMwxIPiCz1btiUdcU,希望,"['Dave Wong', '陳秀男', 'Ye Chui Qing', 'chang Yong Fu']",267507,1993,False,,0.363,0.287,0.6990000000000001,0.14300000000000002,80.171
1rd3RSjrOShIUG8rG9FvDI,感電,['Kenshi Yonezu'],264533,2020,False,,0.633,0.723,0.107,0.688,103.101
19op3QHIz9Aq5VdwsASXIz,馬と鹿,['Kenshi Yonezu'],265333,2020,False,,0.643,0.447,0.0978,0.6759999999999999,91.01899999999999
4cYN64J3v6mcDLlTEsayvW,優しい人,['Kenshi Yonezu'],208853,2020,False,,0.551,0.231,0.8059999999999999,0.523,82.03299999999999
3ptuizoGnY4grg6IBHha2G,迷える羊,['Kenshi Yonezu'],226733,2020,False,,0.58,0.705,0.053,0.217,101.945
6DqYFsUAEYhvGE83OToZj1,Decollete (正式名称はDecolleteの1つ目と3つ目の「e」にアキュートアクセント付き),['Kenshi Yonezu'],209573,2020,False,,0.816,0.601,0.276,0.7909999999999999,132.917
488BRQDxWjQvasYBSnlf53,海の幽霊,['Kenshi Yonezu'],234467,2020,False,,0.518,0.397,0.721,0.177,89.897
38XNT2X0n0XVqNvvxKox0l,忘了你忘了我,['Dave Wong'],275644,1988,False,,0.522,0.4970000000000001,0.494,0.595,140.44299999999998
4jZNEAi98HbnM216xYCRPd,你是我胸口永遠的痛,"['Dave Wong', '葉歡']",309333,1988,False,,0.618,0.568,0.308,0.174,113.45
3QYO8K6LzurSfLCmTb23s9,你的名字寫滿我心裡,['Dave Wong'],234840,1988,False,,0.447,0.226,0.6609999999999999,0.10300000000000001,70.365
0qQhWWzXjJ6hplzigLHxu1,少年的心,['Dave Wong'],250667,1988,False,,0.631,0.7190000000000001,0.431,0.524,124.304
3bALVd2ok55MJ3xMyYToll,心裡的話,['Dave Wong'],242707,1988,False,,0.695,0.33299999999999996,0.71,0.475,128.487
5xSrxUaXp19eLtIEBqIDwj,讓我永遠愛你,['Dave Wong'],279333,1988,False,,0.504,0.253,0.706,0.134,143.162
06iI5r7dkVaBD0Lk7cQQiU,愛你像愛我自己,['Dave Wong'],236427,1988,False,,0.483,0.504,0.547,0.624,184.875
2zYy5E6Bjip8p4b8ANDfOK,5800年的她,['Dave Wong'],280907,1988,False,,0.47600000000000003,0.541,0.309,0.0745,137.656
2AiMmndSdPiJwHrleFE0t7,黑暗的空間,['Dave Wong'],337333,1988,False,,0.56,0.28800000000000003,0.5820000000000001,0.132,132.325
1TciQmJDdv7FGU2XITKpjv,娃娃在哭了,['Dave Wong'],195533,1988,False,,0.441,0.146,0.29,0.13699999999999998,76.46300000000002
0oetaHiPzEFkhlwnNAGpGB,シティ・オブ・ニューオリンズ / City Of New Orleans,['末松よしみつ (Yoshimitsu Suematsu)'],208680,2007,False,,0.66,0.5820000000000001,0.256,0.677,114.76700000000001
7FDOUOwMYs9Fwq2uEsrknK,この街に / My Treasure Is This Town Where I Was Born,['末松よしみつ (Yoshimitsu Suematsu)'],321093,2007,False,,0.415,0.312,0.565,0.23199999999999998,135.65200000000002
2sqEyM0Iqda70iqos3cZo8,ライム・ロック / Lime Rock,['末松よしみつ (Yoshimitsu Suematsu)'],155347,2007,False,,0.488,0.461,0.888,0.9329999999999999,126.425
3mhUqMa0JwT9eQ5fkAlBJ4,シャボン玉の命 / Our Life On The Earth Like A Soap Bubble,['Nagai Saburo'],277893,2007,False,,0.455,0.31,0.36,0.204,114.963
4lUtnMNMJQnxPNA3NujJnE,遥かな想い / The Far Desire,['末松よしみつ (Yoshimitsu Suematsu)'],224080,2007,False,,0.637,0.675,0.0347,0.397,133.311
5tR0yRSPvK4oGVrqvSEBM5,けだるい二人 / Two Sleepy People,['末松よしみつ (Yoshimitsu Suematsu)'],329533,2007,False,,0.5710000000000001,0.158,0.785,0.366,112.132
5CjYn81TRD5qaMNOIFopZN,夢の旅人 / We Are Dream Travelers,['末松よしみつ (Yoshimitsu Suematsu)'],298800,2007,False,,0.595,0.47200000000000003,0.106,0.38,127.905
0byF5UHrhsK19dcODHAeVn,しあわせの手 / Your Hand Is The Same As Your Mother's,['末松よしみつ (Yoshimitsu Suematsu)'],272227,2007,False,,0.465,0.22899999999999998,0.7240000000000001,0.268,121.251
6MbWrDM7gzS6o1ksAGHzBF,カザフ / Ka-za-kh,['末松よしみつ (Yoshimitsu Suematsu)'],257400,2007,False,,0.281,0.78,0.45299999999999996,0.435,127.484
2pMEW3oGl026cvJ8pXPoo8,ひとりぽっちのワルツ / Waltz For The Lonely,['末松よしみつ (Yoshimitsu Suematsu)'],227893,2007,False,,0.39299999999999996,0.111,0.924,0.0866,95.499
7GLJFZ6uGQxn1Ab0455SSu,英雄,['曲祐良'],283413,1987,False,,0.42100000000000004,0.531,0.141,0.111,148.185
5TAD9rjIqggBSA5hE0Jp4L,曾幾何時,['曲祐良'],216680,1987,False,,0.522,0.48100000000000004,0.462,0.213,148.279
3zxTsdXHNIUnLwbn0GZWwl,從來都沒有,['曲祐良'],219253,1987,False,,0.5720000000000001,0.525,0.598,0.54,172.487
4g5LjEoh52n9oj4cZxmj81,無聲的別離,['曲祐良'],235173,1987,False,,0.604,0.349,0.684,0.325,81.05
4rXBZeg6uJYUfLjhkoOAO7,飄,['曲祐良'],225706,1987,False,,0.604,0.467,0.0955,0.319,147.114
3oxHXriPMfjf0mCkGmL7kQ,沒有人像你,['曲祐良'],296773,1987,False,,0.483,0.436,0.14,0.256,148.571
6JYSLmHNfYtVljwdml5Yub,十字路口,['曲祐良'],206880,1987,False,,0.741,0.7979999999999999,0.37,0.8740000000000001,123.089
3aIS3Zff2HxG0Orj9kspHL,什麼時候怕過冷,['曲祐良'],232440,1987,False,,0.377,0.311,0.851,0.196,34.537
1c0okAvYFlEcLosHZuHWvU,不在乎的笑臉,['曲祐良'],237373,1987,False,,0.58,0.45799999999999996,0.131,0.139,78.03
4lib72XsVQS3PUcN7xZUPY,英雄(電影配樂原聲帶),['曲祐良'],190440,1987,False,,0.775,0.748,0.0267,0.483,98.053
7FCnE492AHdCPAhN9VBBKZ,Forbidden City Tech Support 我在故宮修電腦,['jiafeng'],125627,2020,False,,0.45399999999999996,0.8029999999999999,0.29,0.7070000000000001,81.939
2sizhQO6S8c4WRWpHzdw4T,FaceTime Love 陪你玩手機,"['jiafeng', 'Akini Jing']",167587,2020,False,,0.561,0.7390000000000001,0.0188,0.386,96.43299999999999
5lWAsVGqgqci6EkWwCUwkk,Parinirvana Shoujo 圓寂少女,['jiafeng'],251467,2020,False,,0.556,0.955,0.109,0.695,164.954
0vYeQOd67K70lVXMpwvb4t,World Class Humble 世界卑,['jiafeng'],186973,2020,False,,0.716,0.675,0.24,0.6659999999999999,132.0
7aHUh0Jo9w4NC2abjYs2CQ,Useless Cuteness 可愛沒用,['jiafeng'],188627,2020,False,,0.536,0.6779999999999999,0.0169,0.325,145.921
3r5i3Ja3mfKo0x5V1kHyfN,Every Day With U 和你的每一天,"['jiafeng', '陳蘿莉']",257387,2020,False,,0.575,0.9440000000000001,0.124,0.28300000000000003,139.92
6S6SU3NBOEIinZ2YpO3FfI,Useless Cuteness 可愛沒用 - Y4K Mix,"['jiafeng', '養雞']",195267,2020,False,,0.581,0.9940000000000001,0.000478,0.727,160.023
2QrhSiyKoFCB8hve1Hh8yQ,FaceTime Love 陪你玩手機 - felicita Remix,"['jiafeng', 'Akini Jing', 'felicita']",219572,2020,False,,0.573,0.8809999999999999,0.0012,0.33,155.02
69QqlWVTYIAlYOqfYJEipx,春の便り (The Coming of Spring),['Che Apalache'],247400,2019,False,,0.9,0.47200000000000003,0.483,0.762,114.973
0Ir8mnGECqFVlZcAOw5Zmm,happy. (feat. 釈迦坊主),"['CVLTE', 'Shaka Bose']",300478,2020,True,,0.49,0.8109999999999999,0.00122,0.449,139.981
4fgHND4GajFKnCFrcKdwdy,風 (Levanter) -Japanese ver.-,['Stray Kids'],197440,2020,False,,0.557,0.696,0.00396,0.375,149.98
1DwWFIUD0pFE4niAHPeclu,靜電,['Hu Xia'],262667,2013,False,,0.57,0.449,0.109,0.293,157.94899999999996
4zjTZF0f7JrNrUZ2W0SeRU,改變,['Hu Xia'],279133,2013,False,,0.5579999999999999,0.534,0.21600000000000005,0.297,139.869
5m2EOE25kmDu38NJ96Im2e,傻瓜探戈,['Hu Xia'],226667,2013,False,,0.644,0.494,0.0534,0.3670000000000001,111.87700000000001
5WKwNDE9QrKJFIidOAchI3,我們會不會,['Hu Xia'],273027,2013,False,,0.523,0.368,0.228,0.14,130.115
5r9if3IDgMI2TUuDsumCd7,微笑的人,['Hu Xia'],267867,2013,False,,0.55,0.557,0.0223,0.222,137.982
1XXV2FR8MdfZY5qxUoW77F,學著走,['Hu Xia'],243733,2013,False,,0.659,0.37,0.133,0.21600000000000005,104.963
2j1ov0MMsr4cC2VUI0QWuu,離家以後,['Hu Xia'],230600,2013,False,,0.6859999999999999,0.597,0.177,0.6759999999999999,144.036
2RX6xCOx8RJIrWzMuWLLmv,愛情離我一公尺,['Hu Xia'],263360,2013,False,,0.616,0.434,0.22899999999999998,0.23199999999999998,111.979
4ca8TZFDbdkRpPqeohBD2T,黑框眼鏡,['Hu Xia'],267640,2013,False,,0.7070000000000001,0.475,0.0833,0.27699999999999997,124.012
5FfYpvL3uSMkv4Qyw6iL7o,一定有個妳,['Hu Xia'],283493,2013,False,,0.42100000000000004,0.498,0.0393,0.217,145.711
70TTEKdngLVLEwH1oeoUQI,破曉 (II),"['Sandy Lam', 'Wong Kei Wah']",189800,2016,False,,0.451,0.217,0.98,0.209,109.52
6nyZs944tlz4TtYeJ2OEMr,最佳位置,['Bondy Chiu'],232000,2016,False,,0.618,0.289,0.789,0.256,132.138
0aqhnPtbuK7WdSaa2p4o9l,大開眼界,['Prudence Liew'],243000,2016,False,,0.716,0.439,0.8420000000000001,0.21,120.075
6lbjcxbEhLRbX6CPBSshBd,等,['Danny Chan'],233999,2016,False,,0.486,0.428,0.727,0.256,143.02700000000004
00c0UJiaiXdUCA6ajA3CGQ,流金歲月,['Sally Yeh'],230040,2016,False,,0.299,0.17,0.77,0.145,80.813
3ZpJRMZ3GbV8HFyUNsU25C,舊居中的鋼琴,"['George Lam', 'David Ling']",317000,2016,False,,0.7490000000000001,0.33,0.8290000000000001,0.4270000000000001,128.261
5mYXuLfIkiuodTKWJLeQz6,天長地久,"['周啟生', 'PETERSON']",208000,2016,False,,0.627,0.41,0.485,0.573,142.16299999999995
0hB1JNSGUngDmGw691Agyd,心軟,['羅敏莊'],234533,2016,False,,0.529,0.34,0.43799999999999994,0.17,120.083
6mhOwEBBOfhbmCpLbf7PrX,請你跟我走,"['David Lui', 'David Ling Jr']",274640,2016,False,,0.589,0.349,0.525,0.21899999999999997,130.089
1XctGOy12s4i0BZdSyRZr3,白牆,['曾路得'],170827,2016,False,,0.527,0.397,0.36200000000000004,0.327,106.054
1Xbxxgx4V3u4lf4z2irw9r,風是冷,['陳潔玲'],181867,2016,False,,0.616,0.313,0.7140000000000001,0.251,124.34100000000001
3HhA6VLp5YFMgXj3fIvHQ2,漣漪,['Danny Chan'],188999,2016,False,,0.28800000000000003,0.311,0.718,0.309,155.064
0m2ZjnxXGmWa3CFDubgHMy,日夕回味,"['林姍姍', 'Zhang Zi Qing']",278493,2016,False,,0.5770000000000001,0.275,0.522,0.107,74.89399999999998
1O8ohqWPazReQnPUQHTgeC,啤酒罐,"['夏韶聲', 'Philip Kwok']",259893,2016,False,,0.449,0.252,0.847,0.222,128.52100000000002
376jOo5D6431NCLarFD3W8,哭砂,"['Tracy Huang', 'Lin Zheng-Zhong (Jerry)', 'Richard Goh', 'Wu David', 'Ye Chui Qing']",280680,2016,False,,0.575,0.19699999999999998,0.752,0.40299999999999997,74.999
6sEuhZi36meBfsinPQxwnd,相思河畔,['Tsai Chin'],195400,2016,False,,0.59,0.316,0.79,0.518,86.61200000000002
2u5hL3g2cB8qRxmYH023gW,心痛的感覺,['Julie Sue'],274434,2016,False,,0.307,0.0997,0.825,0.16899999999999998,126.249
2OOl9xDVoQj435WHFfxzDT,沒有人叫我別走,['曲祐良'],310800,1990,False,,0.491,0.444,0.313,0.4370000000000001,146.424
2VT7QjwWDphILXYMcGAE6E,回家的一百個理由,['曲祐良'],205626,1990,False,,0.698,0.505,0.48700000000000004,0.406,91.294
15JKBehZ1E5TD61TzBFjJJ,我真的不怕,['曲祐良'],310533,1990,False,,0.527,0.373,0.647,0.17800000000000002,130.061
2iMCx1I7qKhRU6ri4hZMVX,不能告訴你,['曲祐良'],268133,1990,False,,0.486,0.41200000000000003,0.599,0.16699999999999998,75.97399999999998
3kVfbf7szjifiQNGNE7Fdb,愛總是愛,['曲祐良'],294133,1990,False,,0.6409999999999999,0.563,0.5,0.522,126.834
0vzzoMxA1XFt7ooHSoFJYy,換你,['曲祐良'],315906,1990,False,,0.266,0.451,0.598,0.159,173.954
5jnqJUVE8Ergi418p0x62J,超越巔峰,['曲祐良'],238133,1990,False,,0.501,0.7290000000000001,0.268,0.447,127.98899999999999
5IIbeNlFN55Y4MvLIbfIpi,什麼樣的夜,['曲祐良'],309160,1990,False,,0.5589999999999999,0.617,0.121,0.273,91.98899999999999
347OAxP1CJlqYzcxvgNEXy,重新再愛我,['曲祐良'],287800,1990,False,,0.514,0.35700000000000004,0.462,0.217,73.45100000000002
46VGZy8G1Gbmdn8VrTF6zh,換你 - 演奏曲,['曲祐良'],248266,1990,False,,0.163,0.294,0.23800000000000002,0.039,161.83700000000005
7eX5osFiplFezfedgvw113,心裡龍,['曲祐良'],312026,1988,False,,0.5770000000000001,0.83,0.243,0.45799999999999996,85.037
1kyeYZAyqZV0YhZhmJKTOQ,把一個人忘掉,['曲祐良'],267693,1988,False,,0.695,0.46299999999999997,0.18600000000000005,0.385,146.105
0FzJJb2wveLEN8sLt37X93,我是孤還是獨,['曲祐良'],284253,1988,False,,0.5489999999999999,0.7390000000000001,0.485,0.5760000000000001,170.19400000000005
10MAYj5Ek6PrwdPxWH4Zvc,冷風過境,['曲祐良'],276840,1988,False,,0.495,0.555,0.0263,0.184,150.002
3ZnlHWSbSIbqfJNfEJEpL1,背對太陽,['曲祐良'],323653,1988,False,,0.47600000000000003,0.586,0.018000000000000002,0.19699999999999998,75.013
0r4SvREBBTSvCyoHJ08M2X,笑和淚,['曲祐良'],232360,1988,False,,0.486,0.461,0.35700000000000004,0.345,89.975
1lLnq3ouWqkbo4nAxGdQD8,寂寞人俱樂部,['曲祐良'],266093,1988,False,,0.725,0.789,0.084,0.848,120.05799999999999
23BE0AGUkZcdPYAXhVu2Ka,一無所有,['曲祐良'],180066,1988,False,,0.284,0.5479999999999999,0.0507,0.132,160.07299999999995
3GhPIXF6xWTGr8gajPnzz3,心裡龍 - 演奏曲,['曲祐良'],286293,1988,False,,0.563,0.7509999999999999,0.0716,0.534,85.014
3LiFEC5vHwrNlcWs4a3ijx,捨不得分開,['曲祐良'],273301,1987,False,,0.428,0.28300000000000003,0.203,0.265,167.292
0tLqYWYRtY5mkh16uuyYfL,深情如墨,['曲祐良'],281493,1987,False,,0.539,0.303,0.273,0.23399999999999999,78.89399999999998
3tpaVACR2Mk5Dl2UlFvQmI,你了解自己嗎,['曲祐良'],226493,1987,False,,0.617,0.128,0.725,0.255,98.059
74FJjQQosC0aXNUlUbBLoK,擁擠的心靈(東城故事第一樂章),['曲祐良'],439000,1987,False,,0.121,0.231,0.491,0.0395,87.229
1SYGr0nLV0h0SRNtN9oZiI,錯覺,['曲祐良'],232400,1987,False,,0.637,0.433,0.47200000000000003,0.5429999999999999,77.102
6u8NQDSyW2jwbnb37L4SZm,走在我的路上,['曲祐良'],294493,1987,False,,0.589,0.212,0.496,0.28,140.251
5Nn0wArL9ywZulC0Y3wG9K,那一個是你,['曲祐良'],214000,1987,False,,0.59,0.598,0.318,0.556,147.016
0vN5MJ0yYi8Tfmm1O3bwx7,只為我愛你,['曲祐良'],232200,1987,False,,0.5489999999999999,0.379,0.0222,0.14800000000000002,76.655
3QHd23GjFfMpZ8Miy5rWX4,別走得那麼快,['曲祐良'],227093,1987,False,,0.625,0.235,0.38,0.314,78.075
7bsWWfX7XfDAWdgN4lhIAd,關於愛情,"['SKY WU', '馬玉芬']",240493,1995,False,,0.525,0.36,0.7809999999999999,0.45799999999999996,126.022
1cmRgUaPnomIoRwu5ylR3q,我和你,"['SKY WU', '鄭怡']",233506,1995,False,,0.608,0.22699999999999998,0.7959999999999999,0.374,140.38299999999998
0hL1OWhUknFsEju5YRaZRI,從來都沒有,"['曲祐良', '鄭怡']",222493,1995,False,,0.5710000000000001,0.326,0.604,0.504,172.421
28RusQOsa7FtHwsti4Vcz1,為你表演,"['曾慶瑜', '鈕大可']",240333,1995,False,,0.583,0.335,0.506,0.154,135.428
5YF5gcwct3HGw9rYHwNPow,為何我倆依然陌生,"['Richie Walker', '馬玉芬']",321000,1995,False,,0.5760000000000001,0.461,0.294,0.4970000000000001,91.005
2Iob3kxqEi9YfGQSCr58Rg,LOVE SO RIGHT,"['David Huang', '馬玉芬']",252333,1995,False,,0.534,0.409,0.562,0.235,77.99600000000002
47muKObwBA39g8BW1YN0l7,明天你是否依然愛我,"['鄭知明', '馬玉芬']",269666,1995,False,,0.473,0.183,0.797,0.364,145.83100000000005
4MfsXTT6slWah4fuZt6nTG,電話,"['黃小琥', '陳復明']",313666,1995,False,,0.622,0.371,0.10099999999999999,0.358,121.964
0EW2y2NRc9UzPtZc5joOY2,誰應該與我相遇,"['眭澔平', 'Shelly Yu']",309173,1995,False,,0.373,0.551,0.225,0.664,171.808
2MoAgq23G6zt1LapDGmqxp,擁擠的心靈,"['曲祐良', '鄭怡', '馬玉芬']",352826,1995,False,,0.0964,0.18600000000000005,0.446,0.0836,74.995
4268nugnqOSAClUjYd0NgP,沙漠的風,"['鄭怡', '馬玉芬', '曲祐良']",367000,1995,False,,0.38799999999999996,0.3670000000000001,0.0837,0.177,80.102
7koiPWW0bjSiRYC7wC0YLd,東城故事III-消失的地平線,"['馬玉芬', '鄭怡', '曲祐良']",436506,1995,False,,0.242,0.371,0.519,0.3720000000000001,155.12
5AhTjqdrieUb2zHnNXAuOs,我們,"['陳復明', '梁弘志', '曹俊鴻', '鈕大可']",224493,1994,False,,0.605,0.268,0.39399999999999996,0.4,87.947
0e6DMaJiKrsvv6vbKXojxJ,讓每個人都心碎,['David Huang'],305506,1994,False,,0.5670000000000001,0.302,0.5429999999999999,0.13,107.825
466dek6sBdFFLi8sAkUIcK,單身逃亡,['鄭智化'],303666,1994,False,,0.599,0.547,0.23399999999999999,0.33799999999999997,127.96
0CS7mYBAJ2SCQLSjXYA7B8,不只是朋友,['黃小琥'],302666,1994,False,,0.536,0.353,0.648,0.222,134.181
0YpIZtXy6ZOFN849cu7v7Y,捨不得分開,['曲祐良'],274826,1994,False,,0.418,0.278,0.217,0.22899999999999998,167.30599999999995
3lFG1AEBcO6ilnPw1KFdlK,淚滴Lady,['Shelly Yu'],264840,1994,False,,0.6579999999999999,0.354,0.632,0.653,130.953
5WzrJnIHZ884CbOlwuydkz,英雄,['曲祐良'],287333,1994,False,,0.444,0.34600000000000003,0.22899999999999998,0.142,148.174
7lnTwUVy5t3PsSX92smMUg,天堂,['鄭怡'],276160,1994,False,,0.349,0.14,0.91,0.165,122.259
5FS1mNkfSnopcwHOxr2Ihp,特別的愛給特別的你,['SKY WU'],298840,1994,False,,0.713,0.451,0.615,0.474,101.945
2RlCDYLvUdZomrBxtWqyoD,分不到你的愛,['黃小琥'],283826,1994,False,,0.644,0.33899999999999997,0.12,0.27699999999999997,135.95
0A4TGZozzvysJXefE0sQLR,今夕是何夕,['曾慶瑜'],271333,1994,False,,0.501,0.285,0.41200000000000003,0.125,140.158
4CY0n9OytzMP2M3UrRclDS,多情會有問題,['馬玉芬'],243840,1994,False,,0.777,0.66,0.0624,0.9279999999999999,117.02600000000001
2WprE3k8RVh1bJ70R4O2C7,愛要怎麼說,['SKY WU'],255493,1989,False,,0.562,0.379,0.46799999999999997,0.134,149.739
3tzWw3TkI9U4eaYxw8zEpq,野火,['鄭怡'],271666,1989,False,,0.389,0.456,0.253,0.258,76.844
1hFNuyykV1w3JOtnqyTyqZ,捨不得分開,['曲祐良'],273200,1989,False,,0.4270000000000001,0.29100000000000004,0.185,0.282,167.43099999999995
1dQqWQZAfLrzswBh2AY0oS,星星,['鄭怡'],232693,1989,False,,0.38799999999999996,0.155,0.8370000000000001,0.473,156.225
5elfP7NWX0lmkliombotK9,英雄,['曲祐良'],287333,1989,False,,0.44299999999999995,0.34600000000000003,0.22899999999999998,0.142,148.184
3Q8cYif445GrI1Z9nb4vGz,關於愛情,"['馬玉芬', 'SKY WU']",239333,1989,False,,0.5539999999999999,0.364,0.769,0.44799999999999995,125.766
6QKuLopPEkHcRdNkgGi1GG,楊花,['鄭怡'],300840,1989,False,,0.594,0.366,0.365,0.15,93.366
7rUrHdD3r2ns0aelhYJv6A,奔放心情,['SKY WU'],168906,1989,False,,0.7070000000000001,0.551,0.23199999999999998,0.898,121.98700000000001
7EPV9X7RIRRnkHhAfhTYjw,我們,"['陳復明', '梁弘志', '曹俊鴻', '鈕大可']",224493,1987,False,,0.605,0.268,0.39399999999999996,0.4,87.947
3akczeiPUKDqjgSANHuvPZ,想飛,['鄭怡'],248093,1987,False,,0.696,0.45399999999999996,0.0772,0.462,112.476
4cekDqo7BNCJOhIsfSvgdx,當我們年老的時候,['陳復明'],226333,1987,False,,0.62,0.245,0.551,0.223,75.10600000000002
4rYSCG94Uzch40fz1MLtMh,英雄,['曲祐良'],287333,1987,False,,0.44299999999999995,0.34600000000000003,0.22899999999999998,0.142,148.184
4uCSPUCJk6qeZvld5IzZpj,紅唇主張,['紅唇族'],222969,1987,False,,0.6859999999999999,0.597,0.332,0.7909999999999999,97.801
246d4gzgYnfoAlygxAFUZy,猜一猜,['紅唇族'],220827,1987,False,,0.706,0.752,0.027000000000000003,0.703,124.913
5c5aYs3EziCZTxlPE9pHge,風的一生,['曹俊鴻'],245666,1987,False,,0.418,0.0829,0.965,0.179,142.218
2ekiMD6UPGcDP3vINUkZax,我所知道的愛情,['鄭怡'],254666,1987,False,,0.614,0.354,0.742,0.258,120.32
2lW59lStb34HJIO0yccNM8,無聲的別離,['曲祐良'],235173,1987,False,,0.604,0.349,0.684,0.325,81.05
2h7hiq8VyvxaQNl7WWqGPB,最美的回憶,['陳志遠'],259493,1987,False,,0.235,0.10300000000000001,0.961,0.0385,76.461
2QkSOLbKnHn0uwtU1SYYfo,"新紮師兄 (電視劇 ""新紮師兄續集"" 主題曲)",['梁朝偉'],131867,2005,False,,0.6659999999999999,0.594,0.0638,0.87,144.85299999999995
6olwuXPPfU2KsovwdySMiA,伴我啟航,['小虎隊'],130840,2005,False,,0.5820000000000001,0.647,0.107,0.5820000000000001,128.418
6CbHItihqY8YAAivukljnY,"我與你, 他與我 (電視劇 ""桃戰"" 主題曲)",['Anita Mui'],209507,2005,False,,0.568,0.478,0.633,0.205,102.045
1fNi4KnqlBYzMsG2Jfjmwi,始終會行運,['Leslie Cheung'],160520,2005,False,,0.644,0.507,0.223,0.47700000000000004,109.071
44uyNxgT8OVrtMbANf4S1V,雪山飛狐 (with 呂方),"['Susanna Kwan', 'David Lui']",229013,2005,False,,0.313,0.401,0.6629999999999999,0.24600000000000002,85.535
343V2wGhe0FeFNdjBtM3jX,"問誰領風騷 (電視劇 ""成吉思汗"" 主題曲)","['Jenny Tseng', 'Roman Tam']",135400,2005,False,,0.68,0.6579999999999999,0.499,0.512,128.344
4omq2MplGM8jUJDnIYnvOH,"勇者無敵 (電視劇 ""楊家將"" 主題曲)",['Leslie Cheung'],199507,2005,False,,0.669,0.466,0.391,0.307,113.31
7o6zv7LFPC09pEwcmqqq85,"同途萬里人 (電視劇 ""絲綢之路"" 主題曲)",['Roman Tam'],275987,2005,False,,0.35600000000000004,0.46799999999999997,0.6940000000000001,0.11,150.094
16YRQ3FGrMnMPcV34A75Lr,"似水流年 (電影 ""似水流年"" 主題曲)",['Anita Mui'],195000,2005,False,,0.5670000000000001,0.20199999999999999,0.8540000000000001,0.145,77.415
6IhefWTWS67UN4UV7OFgZf,"英雄故事 (電影 ""警察故事"" 主題曲)",['Jackie Chan'],175760,2005,False,,0.57,0.753,0.223,0.525,152.042
5V93WOJMDpuyYS9vxg8ula,"誓不低頭 (電視劇 ""誓不低頭"" 主題曲)",['Adam Cheng'],226827,2005,False,,0.637,0.624,0.5760000000000001,0.34600000000000003,109.73899999999999
1OUuHEj6airxmR4aVXbV8G,"心債 (電視劇 ""香城浪子"" 主題曲)",['Anita Mui'],171827,2005,False,,0.5379999999999999,0.3720000000000001,0.19699999999999998,0.37799999999999995,86.60600000000002
5LamdNwu3xJSzsjcT61Bf3,儂本多情,['Leslie Cheung'],225747,2005,False,,0.256,0.271,0.271,0.111,143.208
40fIkYGyAMkRKYzpLShHGL,"秋風秋雨 (電視劇 ""秋瑾"" 主題曲)",['汪明荃'],228000,2005,False,,0.442,0.423,0.7040000000000001,0.23800000000000002,89.82
6eHOv57MGzL0B93wcZg6wJ,胭脂扣,['Anita Mui'],132373,2005,False,,0.503,0.156,0.929,0.152,84.335
1qZyoYNblAkNky2f5A4TTF,無名小卒,['David Lui'],260600,2005,False,,0.8640000000000001,0.48700000000000004,0.276,0.603,120.04799999999999
3IOkj091WTRGKSofL9OoPS,"心中只有你 (電視劇 ""武林世家"" 插曲)","['Leslie Cheung', 'Susanna Kwan']",212987,2005,False,,0.314,0.386,0.7240000000000001,0.305,170.74
2RWhPf8Mcfdx44Xl94h3MY,"劍伴誰在 (電視劇 ""倚天屠龍記"" 主題曲)","['梁朝偉', 'Anita Mui']",168000,2005,False,,0.588,0.667,0.0147,0.26,122.897
5QrNeosBOlTJORtC7WLn27,默默向上游,['Leslie Cheung'],205720,2005,False,,0.496,0.303,0.396,0.138,79.54
34Y29Uw0ePBoPXm8qtSX8c,"只因我太痴 (電視劇 ""神勇 CID"" 插曲)",['David Lui'],251987,2005,False,,0.474,0.445,0.20800000000000002,0.231,77.762
4nhlL4oxwvldA0QSOgrktX,"大與小 (電影 ""大小不良"" 插曲)",['Leslie Cheung'],155667,2005,False,,0.7909999999999999,0.898,0.14400000000000002,0.7190000000000001,130.236
1Be6SQLATuYf7UliX06VjZ,"是這樣的 (電影 ""阿飛正傳"" 主題曲)",['Anita Mui'],151840,2005,False,,0.746,0.457,0.28800000000000003,0.579,103.876
1GeRoPJObTD3aGiNTrhNqU,"黑夜不再來 (電影 ""十二夜"" 主題曲)",['Eason Chan'],176507,2005,False,,0.6,0.26899999999999996,0.8759999999999999,0.433,98.546
7yB1ItXktNHHXDdWEazV5j,"再見十九歲 (電視劇 ""再見十九歲"" 主題曲)",['陳美齡'],239000,2005,False,,0.485,0.569,0.134,0.226,117.837
5mKeDSMsV3ACgsBxsDPyJp,妳令我快樂過,['David Lui'],228147,2005,False,,0.44299999999999995,0.308,0.28,0.215,77.953
3bHKIKvG9p0nBmcUKcTsG4,傾城之戀,['汪明荃'],191000,2005,False,,0.42,0.247,0.8270000000000001,0.33899999999999997,126.524
3a50okamixJhCZmoU2ecA7,"當年情 - 電影 ""英雄本色"" 主題曲",['Leslie Cheung'],255280,2005,False,,0.4970000000000001,0.391,0.115,0.192,79.749
3gvhmYDybbx7ICrBG0Broc,夕陽之歌,['Anita Mui'],308427,2005,False,,0.594,0.474,0.41700000000000004,0.242,129.157
0TWOdYowJzDu9zuYcADeWB,人生的鼓手,['Leslie Cheung'],253093,2005,False,,0.478,0.627,0.0166,0.581,103.913
3z3I0tvDD2YvH7plbpmNMj,"今晚夜 (電視劇 ""星塵"" 插曲)",['Elisa Chan'],247173,2005,False,,0.6729999999999999,0.981,0.237,0.304,145.595
5N7fH6laAB9t2FtPNn88NJ,"孤獨不再怕 (電視劇 ""新紮師兄續集"" 插曲)","['梁朝偉', 'David Lui']",237720,2005,False,,0.215,0.325,0.26899999999999996,0.294,77.055
4iaTwdbBNrOnXvQiKd7sni,緣份,"['Leslie Cheung', 'Anita Mui']",213610,2005,False,,0.395,0.377,0.544,0.14,74.434
2fqnq0ueNZdj7eiisnJwyZ,"中四丁班 (電視劇 ""中四丁班"" 主題曲)",['羅明珠'],141213,2005,False,,0.588,0.8320000000000001,0.32,0.7929999999999999,152.835
5JalldkKurQPNUvCn5ozkN,我都做得到,['Anita Mui'],182000,2005,False,,0.6859999999999999,0.6759999999999999,0.27699999999999997,0.9009999999999999,178.456
0NRTVUK8c5s8dWH7bdO2SC,"舊歡如夢 (電影 ""九二黑玫瑰對黑玫瑰"" 插曲)",['羅家英'],162507,2005,False,,0.679,0.873,0.131,0.72,115.369
4M8EfLq115JUTi1Ml7vMIB,書劍恩仇錄/啼笑姻緣/陸小鳳/小李飛刀/倚天屠龍記/春雨彎刀/狂潮/用愛將心偷/紅顏/女黑俠木蘭花/東方之珠/佛山贊先生/奮鬥,"['李司棋, 石修, 何守信, 林嘉華, 沈殿霞, 胡燕妮, 黃淑儀, 趙雅芝']",500173,2005,False,,0.7140000000000001,0.763,0.0761,0.7070000000000001,119.804
6cVFi9Xboi6BkqBulzyrj8,ロックンロールは鳴り止まないっ - 2015remaster,['Shinsei Kamattechan'],229320,2015,False,,0.38,0.9520000000000001,0.0034799999999999996,0.247,140.686
6bS04IBm3qJ0G0YRLCdM58,夕方のピアノ - 2015remaster,['Shinsei Kamattechan'],210760,2015,False,,0.495,0.91,0.0253,0.648,135.80100000000002
4qcNcqwSREyXKOQwnKyEY9,美ちなる方へ - 2015remaster,['Shinsei Kamattechan'],267547,2015,False,,0.382,0.9420000000000001,0.00014,0.616,140.075
2aij5Xwviz6efIO2jvCHkT,怒鳴るゆめ - 2015remaster,['Shinsei Kamattechan'],286013,2015,False,,0.441,0.956,0.0208,0.40299999999999997,142.05100000000004
5Hrm4iqD2doMELL0uQNhi9,グロい花 - 2015remaster,['Shinsei Kamattechan'],318773,2015,False,,0.27,0.965,0.00701,0.419,184.08599999999998
3bYp2HcIQKECrF8sjuWn4y,23才の夏休み - 2015remaster,['Shinsei Kamattechan'],220560,2015,False,,0.255,0.945,4.52e-06,0.34299999999999997,158.334
1PHSGUCxVlY79VxxAlV5m9,仲間を探したい - 2015remaster,['Shinsei Kamattechan'],331467,2015,False,,0.381,0.978,0.0015400000000000001,0.251,134.99
2NH3UiKjy13MhT0YDAAxVm,友達なんていらない死ね - 2015remaster,['Shinsei Kamattechan'],277573,2015,False,,0.485,0.972,0.0008039999999999999,0.615,136.135
2qBlpP4qzrWzlba6K2cSgk,コンクリートの向こう側へ - 2015remaster,['Shinsei Kamattechan'],198013,2015,False,,0.142,0.565,0.00011499999999999999,0.475,145.195
0zJVi2SmzMBlpd9TjN3CcV,ズッ友 - 2015remaster,['Shinsei Kamattechan'],309040,2015,False,,0.499,0.96,0.00476,0.91,144.02700000000004
700rSOB2leOoPIe4NpPmz7,ロボットノ夜 - 2015remaster,['Shinsei Kamattechan'],274120,2015,False,,0.444,0.9470000000000001,5.67e-05,0.754,143.05
2O9hBqd1XONFU3SP3FzlmI,自分らしく - 2015年新録音ver.,['Shinsei Kamattechan'],375307,2015,False,,0.40299999999999997,0.8540000000000001,9.640000000000001e-05,0.81,140.583
3726f2RmndDmIwtjar1awV,君をのせて,['ELISA'],255947,2013,False,,0.326,0.81,0.40299999999999997,0.138,150.343
14mOSnfF6PvbTmvRC7J39Q,紅豆 -アカシアの実-,['ELISA'],251933,2013,False,,0.52,0.45399999999999996,0.204,0.159,112.133
2jSqi4XD85Vqw1f6szfMQT,2814年頃の情事,['２８１４'],229000,2019,False,,0.172,0.344,0.961,0.0396,119.691
2KIh2uLugnObaft24dNu3F,終わりと始まり,['２８１４'],795000,2019,False,,0.526,0.35100000000000003,0.522,0.0361,120.01899999999999
3QLNmNrDpK8ErfVH1UO4aq,死聲 (Shi Sei),['AYAKASI KAGURA'],202423,2019,False,,0.5670000000000001,0.0155,0.9129999999999999,0.0347,82.57799999999997
3ZPadh0HNvQKvmLL5xWxw4,从怨 (Ju On),['AYAKASI KAGURA'],608052,2019,False,,0.46399999999999997,0.8909999999999999,5.98e-05,0.0528,109.98200000000001
3dVq8R9X8uDlxiZQ8PB8D4,闇深キモノ (Yami Hukaki Mono),['AYAKASI KAGURA'],163971,2019,False,,0.535,0.95,0.000285,0.251,122.87
7Lg0mcU9Ld8MgzbhB1HVfZ,我、此処二在リ (Ware Koko ni Ari),['AYAKASI KAGURA'],161071,2019,False,,0.44299999999999995,0.988,0.0059299999999999995,0.145,138.031
6EXowGOsMB4kzQ4A80VHvb,是空 (Zeku),['AYAKASI KAGURA'],211069,2019,False,,0.375,0.992,0.000721,0.10800000000000001,168.10299999999995
5tP88b7RBTIpYg2tqJfNgk,聞シ召シ給ヘ (Kikoshi Meshi Tamae),['AYAKASI KAGURA'],278648,2019,False,,0.522,0.9009999999999999,0.00207,0.247,140.019
0dC567meKW10UVEzayiRpj,鬼丸 (Onimaru),['AYAKASI KAGURA'],174733,2019,False,,0.532,0.993,0.000545,0.193,135.032
7HYDG234C309j5QvHTbLNK,底無シ沼 (Sokonashi Numa),['AYAKASI KAGURA'],245055,2019,False,,0.483,0.982,0.008159999999999999,0.23600000000000002,130.002
6QAO14eEWyPrX6pjhalji3,狂咲 (Kurui Zaki),['AYAKASI KAGURA'],180062,2019,False,,0.377,0.9890000000000001,5.17e-05,0.0477,130.037
7DI1FpFmCdFrXLUdHJMq0T,五元ノ壊 (Gogen no Kai),['AYAKASI KAGURA'],188761,2019,False,,0.45299999999999996,0.9359999999999999,0.00107,0.102,144.953
5yvCNGUkELbpqPH7feAuwA,息が続く限り(Iki ga Tsuzuku Kagiri),['AYAKASI KAGURA'],207073,2019,False,,0.5479999999999999,0.9490000000000001,5.99e-05,0.35700000000000004,120.025
2qg718c9WHykuWm50TS8Tq,春の予感 (Haru no Yokan),['AYAKASI KAGURA'],258064,2019,False,,0.40700000000000003,0.78,1.4000000000000001e-05,0.122,160.00799999999995
40yWCOLAu1ngYe6dhnpK0j,七転八起 (Shichiten Hakki),['AYAKASI KAGURA'],229407,2019,False,,0.35700000000000004,0.951,0.000123,0.321,179.983
3svNMm7ynrm5TZf894K8Nl,解放への讃歌,['Twintail'],243887,2018,False,,0.34,0.883,0.0032600000000000003,0.467,165.148
7MYcKh88cKxFfSJvhceIYl,勇気の系譜,['Twintail'],284900,2018,False,,0.361,0.935,0.0016699999999999998,0.46,151.862
4IUlQMAagFNzFI6hk5mNWn,踵を鳴らせ,['Twintail'],264387,2018,False,,0.457,0.929,0.000669,0.311,134.974
1PSIUkUT3mtSeVp4amBJkP,數羊,['Tracy Huang'],249133,2012,False,,0.667,0.262,0.9359999999999999,0.3670000000000001,105.934
5x3sprLRIPUF1vz6Q8IeFx,但願人長久,['Tracy Huang'],246053,2012,False,,0.466,0.16399999999999998,0.951,0.341,89.306
1FXeJWpThdqypBedtXF0ex,小小羊兒要回家,['Tracy Huang'],291547,2012,False,,0.431,0.45799999999999996,0.946,0.187,109.96
2K9CForm1shI9Vyp6BUY4h,茉莉花,['Tracy Huang'],218200,2012,False,,0.295,0.156,0.9590000000000001,0.20600000000000002,78.678
3CbNHNqVsJzDXac2kQHzaq,心肝寶貝,['Tracy Huang'],271587,2012,False,,0.507,0.209,0.951,0.365,123.676
0KULqg73oxZnxyNaIwLRnA,這個世界,['Tracy Huang'],234467,2012,False,,0.37799999999999995,0.3670000000000001,0.885,0.529,186.067
3fPbBAj4OoJpBfcflyKufY,不要告別,['Tracy Huang'],186707,2009,False,,0.38799999999999996,0.418,0.0281,0.23600000000000002,81.626
7fLKntxxAeljW1jN31RJM1,初相逢,['Tracy Huang'],176400,2009,False,,0.498,0.54,0.258,0.531,126.927
4aT4BiSIjEs83qpc851jzX,但願,['Tracy Huang'],190587,2009,False,,0.256,0.444,0.251,0.44,167.925
4FWYhDeTn0feN93bb56cP2,含淚向你說,['Tracy Huang'],173400,2009,False,,0.575,0.423,0.249,0.39799999999999996,121.79799999999999
44eZkyYV1m33yZGZhKBC6h,美滿的人生,['Tracy Huang'],173573,2009,False,,0.369,0.474,0.13,0.753,149.02
1etbKtGi9og8qAZT9nHq4c,請你多待一會,['Tracy Huang'],216467,2009,False,,0.429,0.512,0.134,0.539,91.728
1TzqGgtISTxo49oBJFT4SD,我們在愛裡滋長,['Tracy Huang'],124360,2009,False,,0.369,0.518,0.358,0.556,109.01799999999999
7k54Swc2MLcvS9Vsx1IeHN,我心深處,['Tracy Huang'],229960,2009,False,,0.435,0.43,0.28300000000000003,0.29,78.47800000000002
53yOcFE8e2ZFIvM3myuQK2,我永遠屬於你,['Tracy Huang'],175893,2009,False,,0.33799999999999997,0.377,0.648,0.0931,70.771
6jzHotMAbGNh4B4W6vCAG8,心願,['Tracy Huang'],195133,2009,False,,0.511,0.597,0.52,0.395,110.726
4EjvyGYpznTDKZyAJSi8lO,一個夢,['Tracy Huang'],169000,2009,False,,0.575,0.536,0.205,0.669,115.137
21mQBXeRApazU5EN8zbhpK,一聲來一聲去,['Tracy Huang'],151733,2009,False,,0.636,0.46399999999999997,0.544,0.7020000000000001,144.61700000000005
48nELwd5MJ8J8H4DIg0ROM,雲河,['Tracy Huang'],192067,2009,False,,0.273,0.426,0.48700000000000004,0.256,79.798
2KJNbUJJ8ZTPB4og2qpec8,雲深情也深,['Tracy Huang'],186867,2009,False,,0.33799999999999997,0.396,0.449,0.19,80.264
7GHXAMv0MQB3hXtGSqQ1I1,這就是秘密,['Tracy Huang'],138933,2009,False,,0.623,0.525,0.326,0.879,137.806
3sr8eqUciLegkYpeKd5G8K,真情,['Tracy Huang'],220973,2009,False,,0.5720000000000001,0.452,0.68,0.5760000000000001,115.979
5YVbdwgyJtA1vBfgzvRAnn,白浪滔滔白雲飄,['Tracy Huang'],184733,2009,False,,0.331,0.38299999999999995,0.0842,0.6409999999999999,82.944
3FmHoMIR7lM7OgduaLffc0,聽那月亮在說愛,['Tracy Huang'],450600,2009,False,,0.48100000000000004,0.31,0.9520000000000001,0.10800000000000001,130.262
4vBYcmnHReEfDdN4jKqRMS,水堇之舞,['Tracy Huang'],402693,2009,False,,0.428,0.245,0.9329999999999999,0.195,96.02799999999999
74wak7rKflH8GbWjVGbkWU,初生之心,['Tracy Huang'],462240,2009,False,,0.28600000000000003,0.316,0.903,0.183,130.394
06JbcZiDmSGWfwl6gkW4y0,花的冥想,['Tracy Huang'],662267,2009,False,,0.0805,0.3,0.852,0.0326,73.85600000000002
44jG3V7R36fysBu2GHhbrE,優雅的溫柔,['Tracy Huang'],497680,2009,False,,0.345,0.287,0.946,0.156,140.134
420Oq9Pnep2be0zlYAGL2W,旋舞熱情,['Tracy Huang'],358480,2009,False,,0.16699999999999998,0.306,0.622,0.318,183.67700000000002
0TBJt0FBVg8taUMRvCSzPV,另一種鄉愁,['鳳飛飛'],256133,2009,False,,0.41100000000000003,0.4,0.336,0.3,91.145
4qjHRrQIb5XYbXP4sZnaNF,不要告別,['江玲'],214427,2009,False,,0.542,0.396,0.37799999999999995,0.344,142.06799999999996
0FZb0ffFeWyGQIPiRfkx8M,倩影,['林慧萍'],246147,2009,False,,0.461,0.512,0.38799999999999996,0.255,113.81200000000001
0ERDkeaytSNcEpo3x4OeGm,小雨打在我身上,['劉文正'],218840,2009,False,,0.514,0.665,0.16899999999999998,0.7190000000000001,75.967
4fjaqma32NyHdn9X3UfSYg,友情,['林文隆'],249987,2009,False,,0.47600000000000003,0.324,0.894,0.271,109.306
1hlUJ1ITjynMwMFEnw6zAp,也許,['張艾嘉'],243987,2009,False,,0.355,0.336,0.368,0.19899999999999998,71.919
4GM6IA3v3Dloz0elFBh4ma,楓紅層層,['蕭孋珠'],197320,2009,False,,0.456,0.298,0.8959999999999999,0.27399999999999997,79.036
3uIiru2lFkrYUQ99lgdx0q,好好愛我,['鳳飛飛'],217400,2009,False,,0.659,0.605,0.516,0.9359999999999999,130.77200000000002
5zea20ZuokLg8e0k8tefzg,居,['羅吉鎮'],249827,2009,False,,0.623,0.629,0.18100000000000002,0.722,146.80700000000004
7psGb4RT7xEfVxq9nzQwcy,好想你,['金瑞瑤'],295107,2009,False,,0.589,0.455,0.42100000000000004,0.302,136.266
6s2YlgUkIyaRcg53KEwXlX,雁渡寒潭,['黃舒駿'],275253,2009,False,,0.584,0.579,0.748,0.19899999999999998,121.995
4XOGGnsx9jCOXBV7Ikoj66,小薇,['徐乃麟'],203573,2009,False,,0.44,0.41,0.77,0.321,84.20700000000002
2OX4WTKW588o6BQ96VncO5,滾熱的咖啡,['林慧萍'],220227,2009,False,,0.624,0.579,0.625,0.615,123.557
5oJ9yRPZWxvuIMa8epzcfQ,踏浪,['沈雁'],166387,2009,False,,0.508,0.40399999999999997,0.884,0.7390000000000001,145.97299999999996
3FQEqRpCivF9BDDaiIdXPd,星語,['鳳飛飛'],193973,2009,False,,0.298,0.304,0.547,0.316,149.945
6VAM6m6bO24mPGSonsOi5e,真情,['蕭孋珠'],226667,2009,False,,0.557,0.34,0.878,0.575,113.412
5WJ6ARs90dO2UIS5NlDORw,白紗窗裡的女孩,['林慧萍'],212547,2009,False,,0.579,0.397,0.858,0.42100000000000004,83.641
58DonqS6dj1zhoH4fbVG0H,我是一片雲,['鳳飛飛'],223733,2009,False,,0.406,0.42100000000000004,0.262,0.254,96.605
06RHDnzjjLwNdOfPy6aGEs,在水一方,['江蕾'],223667,2009,False,,0.308,0.254,0.9670000000000001,0.0671,73.333
1EdcNaDC35NlGgLt0gs5Sl,永遠,['劉文正'],316520,2009,False,,0.324,0.391,0.7170000000000001,0.191,141.459
5J5m6cgxGPfeIj7D697bTk,大眼睛,['高凌風'],164067,2009,False,,0.583,0.45299999999999996,0.507,0.6629999999999999,127.134
6NClP0uFliSvUhT98aTCBb,閃亮的日子,['劉文正'],223133,2009,False,,0.304,0.28,0.284,0.098,83.15299999999998
64QeIPafjNwmQEsqF0LUzA,情到濃時反為薄,['江玲'],191080,2009,False,,0.469,0.509,0.485,0.11,104.208
0JUUH7K8gFZWK7SPjtInwt,我心深處,['Tracy Huang'],230493,2009,False,,0.439,0.38299999999999995,0.555,0.23600000000000002,78.312
6pn9TkZJxTqQ7tqSWuNGh7,問雁兒,['鳳飛飛'],276507,2009,False,,0.44299999999999995,0.251,0.805,0.245,94.756
71N9r7QWDqc5maFyjbZNAN,椰林大道,['黃舒駿'],237373,2009,False,,0.841,0.805,0.13,0.83,122.98299999999999
3Jeidj8XqpMaliHtjucBhS,情鍾,['林慧萍'],224307,2009,False,,0.677,0.51,0.299,0.8490000000000001,139.029
29zAaLPeZxZFZ3hbqFW39L,洗衣機,['黃介文'],235587,2009,False,,0.6970000000000001,0.41700000000000004,0.77,0.37,102.757
4brC70u9qeJy7nvSYWw2Vn,河畔青草青,['江玲'],175720,2009,False,,0.546,0.523,0.19,0.287,100.927
62yF3Xn1mSusi0FV4kHv0Z,寄語,['劉文正'],183333,2009,False,,0.258,0.446,0.429,0.345,78.646
54TLWX0p245M0rUgflePiP,往昔,['林慧萍'],241107,2009,False,,0.523,0.473,0.698,0.319,84.53399999999998
2nhmTIUxKygsD4La2yU7Mz,何年何月再相逢,['鄭麗絲'],222600,2009,False,,0.479,0.223,0.82,0.33899999999999997,110.675
47jqWKiGo0USu1r5cFI3Wd,惜別,['張艾嘉'],199867,2009,False,,0.278,0.2,0.963,0.474,147.855
7nOGHkJsa2n7oPs4sEkfOP,你家大門,['鳳飛飛'],191213,2009,False,,0.8420000000000001,0.513,0.377,0.968,129.08
3ukpN3rMHxiTsehTWlHcjP,我的歌,['江玲'],185413,2009,False,,0.652,0.426,0.222,0.892,134.406
0qHFjQUnkjbUxnTKZpMO1z,迎著風的女孩,['蕭孋珠'],184387,2009,False,,0.61,0.499,0.595,0.555,139.335
43iCV8Qp9TCXvCgvGdk486,你說過,['黃仲崑'],191373,2009,False,,0.584,0.354,0.695,0.45399999999999996,108.13799999999999
0kJVKOA2GhBM96hs3XnuUS,若是你在我身邊,['劉文正'],222813,2009,False,,0.632,0.64,0.745,0.6890000000000001,130.889
1nlwaUp097fPe8kQMy9g4V,走過歲月,['林慧萍'],177987,2009,False,,0.613,0.313,0.7959999999999999,0.46399999999999997,94.176
5fbw9sI5JJDXYdyLLkLypC,我的小妹,['江玲'],193347,2009,False,,0.695,0.384,0.746,0.861,124.46600000000001
7D8zAWXAHnCZHpLiytd4C1,流水年華,['鳳飛飛'],178653,2009,False,,0.508,0.687,0.35100000000000003,0.735,131.355
2vkUllzGYxN3BblM0PXUk0,蝴蝶谷,['蕭孋珠'],216027,2009,False,,0.261,0.314,0.7340000000000001,0.156,86.411
4kkGrZCToeW8jPI7EXYG1W,松林的低語,['鳳飛飛'],198813,2009,False,,0.46,0.371,0.444,0.32,78.507
3bNQWsnE7lp5Kk1zo9AIXI,未央歌,['黃舒駿'],328253,2009,False,,0.597,0.191,0.835,0.348,119.62299999999999
5L1kalXAahnuYIbiS4Xe56,姑娘的酒渦,['高凌風'],180120,2009,False,,0.7120000000000001,0.73,0.0271,0.794,131.93200000000002
2auAfxEHC8rpegMwXGxqY1,掌聲響起,['鳳飛飛'],259893,2009,False,,0.36,0.247,0.758,0.247,134.438
0M6ECLUXlNvMswdt2Q9oh3,雲河,['Tracy Huang'],193080,2009,False,,0.34600000000000003,0.369,0.841,0.166,76.967
7znwTz3LvH6xHQcGy4l8UN,戒痕,['林慧萍'],244507,2009,False,,0.578,0.45,0.6809999999999999,0.406,125.398
6dwvuD7QR1ld72eWcS2nwq,一簾幽夢,['蕭孋珠'],241800,2009,False,,0.27899999999999997,0.295,0.953,0.16,72.82600000000002
48gm2g0lE9laTAVPOVV5nh,馬不停蹄的憂傷,['黃舒駿'],245667,2009,False,,0.562,0.445,0.309,0.41700000000000004,73.02600000000002
3jRKFPfvqjRtmB7GQmIBk7,空靈之境,['Tracy Huang'],492107,2009,False,,0.23600000000000002,0.231,0.951,0.0862,120.18
1VbjjqUw49y5UDyEecDeF0,心的方向,['Tracy Huang'],384453,2009,False,,0.514,0.203,0.978,0.0631,135.998
5xNAsypWL4Nidk2BntTW1E,露語,['Tracy Huang'],366173,2009,False,,0.175,0.303,0.845,0.155,72.581
3jPDoGbQuQvXIqZ1Ox6uBx,柔軟的水滴,['Tracy Huang'],444453,2009,False,,0.25,0.235,0.85,0.0826,130.58
5EDQ8tet4MGPH3bOWozRK7,溫柔的撫慰,['Tracy Huang'],515333,2009,False,,0.33,0.322,0.767,0.10099999999999999,124.46
1FFHMjJYvj2xLvX1DSfiIQ,無私的愛,['Tracy Huang'],541720,2009,False,,0.278,0.299,0.637,0.0696,134.33700000000002
3Ji2egztGLRhA2Z7gR1CoX,staple stable,['物語シリーズ'],275267,2018,False,,0.614,0.89,0.0409,0.603,129.003
7KKiQ7dJUwW6x0MBY0Dkns,帰り道,['物語シリーズ'],246827,2018,False,,0.527,0.992,0.00298,0.768,175.02200000000005
6eBxfc3KoKwXbHxm9vwbff,ambivalent world,['物語シリーズ'],257307,2018,False,,0.44,0.8009999999999999,0.0005690000000000001,0.6940000000000001,174.05900000000003
5P8lyudWE7HQxb4ludLbEm,恋愛サーキュレーション,['物語シリーズ'],255040,2018,False,,0.8140000000000001,0.785,0.0524,0.941,120.009
4VTxO7SMtu0AcGqazV15AL,sugar sweet nightmare,['物語シリーズ'],271147,2018,False,,0.48700000000000004,0.899,0.08199999999999999,0.64,166.003
0HAi4Xk8v9JlkkxzfzPlYN,君の知らない物語,['supercell'],344053,2018,False,,0.42200000000000004,0.914,0.00963,0.529,164.87599999999995
6fTgBuYDlOWE4s2DFrSesz,二言目,['物語シリーズ'],265827,2018,False,,0.6729999999999999,0.852,0.165,0.544,132.005
38jP2NEy691R6CyISQ44db,marshmallow justice,['物語シリーズ'],255467,2018,False,,0.5670000000000001,0.927,0.00255,0.706,88.01
5Yiwmn4PZAzVAms9UDICU2,白金ディスコ,['物語シリーズ'],256573,2018,False,,0.738,0.929,0.0546,0.862,116.99600000000001
3yKt9js4wh9zxvwYY5pJ9J,ナイショの話,['ClariS'],261413,2018,False,,0.516,0.9329999999999999,0.0007059999999999999,0.509,97.00399999999999
41bbGulfHp396eWrtXBOxK,perfect slumbers,['物語シリーズ'],267693,2018,False,,0.551,0.539,0.21600000000000005,0.322,80.01100000000002
5uoc1Uu10szxrMqf5RiRjv,消えるdaydream,['河野 マリナ'],277773,2018,False,,0.4970000000000001,0.9470000000000001,0.00165,0.529,175.951
17gBE9yR2tADISa6euvnew,chocolate insomnia,['物語シリーズ'],279280,2018,False,,0.479,0.92,0.00247,0.6940000000000001,162.047
53yKvuhK4KW4xTxsOuWUIm,happy bite,['物語シリーズ'],251760,2018,False,,0.774,0.9279999999999999,0.146,0.835,131.951
6G6jTt6pLdMJvrpJwiSIS5,the last day of my adolescence,['物語シリーズ'],263893,2018,False,,0.32299999999999995,0.927,0.0311,0.42200000000000004,177.078
0nqUJCetfzmwCHoZrkhL67,花痕 -shirushi-,['河野 マリナ'],272947,2018,False,,0.521,0.977,0.0715,0.723,165.014
1y4Vvyv6et68FCKBSEkJgk,もうそう☆えくすぷれす,['物語シリーズ'],263920,2018,False,,0.608,0.8759999999999999,0.152,0.794,101.008
2VhFjgxnUdwczGi6o1XEvT,white lies,['物語シリーズ'],204907,2018,False,,0.39299999999999996,0.685,0.0154,0.258,160.963
5TWMx0WMXGiQl9xGhXthh7,その声を覚えてる,['河野 マリナ'],249560,2018,False,,0.478,0.9570000000000001,0.0553,0.674,169.926
0GXmpXmcgu5ni9o0WWRgJR,fast love,['物語シリーズ'],276480,2018,False,,0.6,0.972,0.0366,0.795,131.018
7gsh7FigDG3fxdzUBLNmEl,木枯らしセンティメント - Senjogahara Hitagi Kaiki Deisyu Version,['物語シリーズ'],277467,2018,False,,0.614,0.9690000000000001,0.115,0.7040000000000001,130.99
1mpubTGCqUGRfAZQpbWCaa,snowdrop -春奈るな×河野マリナver.- - Luna Haruna X Marina Kawano version,['Luna Haruna'],309093,2018,False,,0.561,0.758,0.11699999999999999,0.434,96.95
6LdJWYGPSed3BC99OfcQn0,Thanks for Winter Snow,['巫啟賢'],281507,2019,False,,0.503,0.256,0.247,0.21100000000000002,129.82299999999998
3HaTDyLGe8JTlk6iw7WYOo,高地之下,['Lil’ Ashes'],279727,2019,False,,0.743,0.596,0.248,0.0672,112.95200000000001
4XRAl4K3MM6eLEsW0EIt3O,花之亂,"['Lil’ Ashes', 'Ivana Wong']",249525,2019,False,,0.402,0.38299999999999995,0.835,0.231,149.783
2eIbW5oEiU4Sjhg4IJFhDw,轉. 變,['Lil’ Ashes'],195329,2019,False,,0.8959999999999999,0.599,0.105,0.706,104.984
1Wd1yjMZ7g4bDrsyj2jExM,花之亂,"['Lil’ Ashes', 'Ivana Wong']",249525,2019,False,,0.402,0.38299999999999995,0.835,0.231,149.783
1kWMYoY1OGakyShUFQ0ZRJ,高地之下,['Lil’ Ashes'],279727,2019,False,,0.743,0.596,0.248,0.0672,112.95200000000001
4PjSgGPCJ3N443b1bo0Ob2,週末愛麗絲,['Lil’ Ashes'],213503,2019,False,,0.552,0.507,0.125,0.316,155.04399999999995
1yoI84CrxJXLBEAj83B1Ik,暫時永別,['Lil’ Ashes'],181762,2019,False,,0.708,0.425,0.36,0.629,124.992
1XarUt2O07SvBsTCcDAfL6,塗壁,['Lil’ Ashes'],186024,2019,False,,0.731,0.35,0.498,0.183,137.877
6whp2wmK2AzQ7c0febrgaH,轉. 變,['Lil’ Ashes'],195329,2019,False,,0.897,0.599,0.11699999999999999,0.705,104.98299999999999
60Aif98R1zyBZQjubC2Z2P,心之書,['Lil’ Ashes'],218171,2019,False,,0.637,0.495,0.41200000000000003,0.6859999999999999,169.975
0T4AitQuq8IJhWBWuZwkFA,群青,['YOASOBI'],248444,2020,False,,0.7190000000000001,0.87,0.321,0.732,134.97899999999998
20nR7yYs5Jqmqss2FdpQ5P,ミクは寝たい,"['WarDimension', 'Miku Hatsune']",123919,2020,False,,0.667,0.43,0.266,0.963,169.985
1mCHDEbljiQRngRRkS05q2,ミクは寝たい - Instrumental,['WarDimension'],123912,2020,False,,0.6890000000000001,0.49,0.151,0.966,169.97099999999998
005Ca6DKFKRth6U1KsYxDm,天地開闢,"['WarDimension', 'Miku Hatsune']",135929,2020,False,,0.433,0.594,0.0284,0.265,110.943
2AVcCQN0TR1mRnvzYVcyd7,天地開闢 - Instrumental,['WarDimension'],135929,2020,False,,0.359,0.569,0.0137,0.27,110.27600000000001
12J17WxAjOs19sSkD58noE,切り拓けマイセルフ - LIVE,['Surface'],307800,2020,False,,0.45399999999999996,0.8490000000000001,0.18899999999999997,0.532,87.546
3YibBnbXAo21pyMqtXSxjP,君を平穏から救い出せるのは - LIVE,['Surface'],276587,2020,False,,0.512,0.7929999999999999,0.406,0.452,113.863
0OE4NcViKVbi0UZj98f8Dg,傷痕 - LIVE,['Surface'],305960,2020,False,,0.599,0.853,0.5589999999999999,0.521,107.99
67wddFGt2ISFZtBjJ3e2vU,また僕はうなずく - LIVE,['Surface'],362387,2020,False,,0.251,0.5589999999999999,0.757,0.28300000000000003,84.162
4AwufaT10GCxvaRBMV3wmD,死が二人を分かつまでは - LIVE,['Surface'],268240,2020,False,,0.436,0.8759999999999999,0.262,0.5870000000000001,90.98899999999999
4m5FQqAN3mupZNjxr7yM1x,僕たちの声 - LIVE,['Surface'],307680,2020,False,,0.29,0.648,0.757,0.433,89.175
6KAsQMTwHK7Pi4ORsGsAQm,玻璃魚,['陳黎鐘'],210320,2009,False,,0.396,0.35100000000000003,0.85,0.243,150.997
7rOAQctZPwhYPaC00Pj3zy,奔向彩虹B,['鳳飛飛'],170147,2009,False,,0.639,0.41700000000000004,0.569,0.45899999999999996,114.76700000000001
1Ly0CuVj0DYKwRQ6MkNaX7,掌聲響起,['鳳飛飛'],259893,2009,False,,0.36,0.24600000000000002,0.758,0.23800000000000002,134.67700000000002
2Rnz5BF4bgdwBgnBNoJXIH,馬不停蹄的憂傷,['黃舒駿'],245667,2009,False,,0.562,0.445,0.309,0.41700000000000004,73.02600000000002
5lMYAZ4kmupU3vOGDhMLZt,她以為她很美麗,['黃舒駿'],323493,2009,False,,0.725,0.847,0.322,0.8240000000000001,154.597
2c7s0d7OZTkpBpY4oZb5rV,雲河,['Tracy Huang'],193080,2009,False,,0.327,0.369,0.841,0.16399999999999998,70.404
6NdRPAY5ni3kw3NAouLr3b,甩甩頭,['江玲'],193093,2009,False,,0.762,0.723,0.243,0.846,151.075
79b7OUQZU4MhefJldFZgpo,飛向你飛向我,['金瑞瑤'],223800,2009,False,,0.6829999999999999,0.6609999999999999,0.129,0.662,141.97
51uL7Npv2Mnoh43dNJ5GIm,不停的溫柔,['林慧萍'],166347,2009,False,,0.647,0.436,0.473,0.74,115.236
1OBhEtKDBTnX9q5YTdG0km,戒痕,['林慧萍'],244507,2009,False,,0.578,0.45,0.6829999999999999,0.405,125.4
60zehXrfp58Iwi6ZSL2m7h,她像個孩子,['劉文正'],205000,2009,False,,0.57,0.565,0.262,0.9,132.108
4kb24vb3WH33taIIwJUaJ9,在這裡,['沈雁'],208853,2009,False,,0.588,0.47100000000000003,0.336,0.585,99.851
7lqpUYEFrxHbwV2fb2R7Nc,詩意,['蕭孋珠'],125987,2009,False,,0.361,0.33299999999999996,0.941,0.263,154.437
1m7XN4iZFU2hKt9tzRy5Jn,一簾幽夢,['蕭孋珠'],241800,2009,False,,0.28,0.295,0.953,0.162,72.82600000000002
3quhU9o7KNPOVyKPzzDBRm,紅鞋女孩,['徐乃麟'],211080,2009,False,,0.691,0.688,0.162,0.856,154.73
5bUcS2Tf1FFoBo46Nv2fXj,如詩般寧靜,['黃永燦'],323680,2010,False,,0.395,0.11699999999999999,0.972,0.113,125.553
4tUWH0U3NrAYbq5yCguBPp,柔軟的水滴,['Tracy Huang'],443320,2010,False,,0.251,0.26899999999999996,0.846,0.0742,130.724
6WvFT702iwql45lwHy5dTi,空靈之境,['Tracy Huang'],491867,2010,False,,0.308,0.267,0.951,0.0777,120.13799999999999
7tTpwUfofZPUTkwGo3V0ol,花的冥想,['Tracy Huang'],660147,2010,False,,0.146,0.32899999999999996,0.8390000000000001,0.0336,73.975
1jh4AcqvBYazJynCD2skNj,海的呼吸,['Jacky Wu'],463947,2010,False,,0.122,0.20199999999999999,0.951,0.0379,58.043
4nhLbC0WdvsBRteraLLlhN,問雁兒,['鳳飛飛'],276507,2009,False,,0.44299999999999995,0.251,0.805,0.245,94.755
0pev5dYURneD59TVXMKf2P,我是一片雲,['鳳飛飛'],223733,2009,False,,0.406,0.42100000000000004,0.262,0.254,96.605
6LSUrx47bD4QlOHHfGgNHG,大眼睛,['高凌風'],164067,2009,False,,0.583,0.45299999999999996,0.507,0.6629999999999999,127.134
1aNJS4fxvZdSbyiwoUwtlq,洗衣機,['黃介文'],235587,2009,False,,0.6970000000000001,0.41700000000000004,0.77,0.37,102.757
5XFE9bqpr6X0XiD7VYsr2m,椰林大道,['黃舒駿'],237373,2009,False,,0.841,0.805,0.13,0.83,122.98299999999999
0jqDAEcPuP6OzIuNTaaUWQ,我心深處,['Tracy Huang'],230493,2009,False,,0.439,0.38299999999999995,0.555,0.23600000000000002,78.312
724an0YXCFAQ9qxHPaOBdq,在水一方,['江蕾'],223667,2009,False,,0.308,0.254,0.9670000000000001,0.0671,73.333
1RGzpM96etKkzBbazx0sig,河畔青草青,['江玲'],175720,2009,False,,0.546,0.523,0.19,0.287,100.927
2HNUy6TZamwBgIeCA58l6E,情到濃時反為薄,['江玲'],191080,2009,False,,0.469,0.509,0.485,0.11,104.20700000000001
1VDir2Bf44mZ8xUFN9jtIO,白紗窗裡的女孩,['林慧萍'],212547,2009,False,,0.579,0.397,0.858,0.42100000000000004,83.641
6Vepdrswje8WhZUN21PNsj,情鍾,['林慧萍'],224307,2009,False,,0.677,0.51,0.299,0.8490000000000001,139.029
56XJGM85FXxjEMDcNNNcFt,寄語,['劉文正'],183333,2009,False,,0.258,0.446,0.429,0.345,78.646
5amxMTSsSqM06rSUuTMVAi,閃亮的日子,['劉文正'],223133,2009,False,,0.305,0.28,0.284,0.098,83.15299999999998
3hQYmQasGknShUDk7KY4FR,永遠,['劉文正'],316520,2009,False,,0.324,0.391,0.7170000000000001,0.191,141.459
16F0wr6AjJJDI11cyfwZzm,真情,['蕭孋珠'],226667,2009,False,,0.557,0.34,0.878,0.575,113.412
6E8bHAYG7QypNeqqTsANLt,慢活情調,['Dong Yun-chang'],288200,2015,False,,0.677,0.203,0.9490000000000001,0.18600000000000005,100.059
1lkWQi4UW15RiQJ0k7OjI0,微醺JAZZ,['Ho Chen-Chen'],249147,2015,False,,0.568,0.271,0.89,0.14800000000000002,78.062
091XsR0HQBEhF4txCCgHT7,聽那月亮在說愛,['Tracy Huang'],450600,2015,False,,0.48100000000000004,0.31,0.9520000000000001,0.10800000000000001,130.262
5YUDrPRxy0pc4isJE9dIfL,田園輕爵士,['Dong Yun-chang'],291533,2015,False,,0.35100000000000003,0.163,0.9590000000000001,0.0954,99.272
4Du7gp2thEEp2K1kmbfDjL,紫的觸鍵,['陳建騏'],261893,2015,False,,0.449,0.0579,0.993,0.276,132.82
646A9rhsOnLpzAPjtSzUID,心的方向,['Tracy Huang'],384453,2015,False,,0.514,0.203,0.978,0.0631,135.998
3A6tMnwIkZpjBUoudnv9rp,sp@CeGirl *(人気がある),['LoneMoon'],121804,2020,True,,0.6559999999999999,0.9359999999999999,0.158,0.515,83.50399999999998
2p3xsgHDd2RgBTcpVoXQ9s,小雨來得正是時候,['鄭怡'],195973,1983,False,,0.509,0.578,0.5579999999999999,0.483,154.563
2zN4PEnTbkUto3vcFxriL7,如果你說,['鄭怡'],229120,1983,False,,0.419,0.251,0.835,0.0875,106.632
4Aj6QvQUEjPLGu8AVZjsuM,一千個夜,['鄭怡'],222413,1983,False,,0.66,0.514,0.815,0.878,142.083
4WxXBk7Hjd1CidV9DsxNxa,愛情的神奇,['鄭怡'],244053,1983,False,,0.37799999999999995,0.3,0.856,0.272,119.985
6AWQTCwfTvwsHLYdTTWxqY,長夜,['鄭怡'],226613,1983,False,,0.579,0.4270000000000001,0.40700000000000003,0.337,126.335
4eSGq80YyaUewzit5L4hFm,憶吾愛,['鄭怡'],208573,1983,False,,0.47200000000000003,0.42,0.622,0.309,153.555
2ipo4ykzVZNwSgEDiBDmiU,結束,['鄭怡'],232360,1983,False,,0.5529999999999999,0.259,0.6709999999999999,0.306,100.915
0ywKSrZ7a5xXKKlTObcfzF,無法解答的問題,['鄭怡'],248986,1983,False,,0.521,0.556,0.7290000000000001,0.679,90.15700000000001
6yi0sXwuAKK8yuC7OB3s4M,走一個下午,['鄭怡'],255826,1983,False,,0.736,0.512,0.581,0.7929999999999999,129.722
4b2AQnpzMLTPzGckeZFW8P,絃上詩,['鄭怡'],206333,1983,False,,0.22399999999999998,0.374,0.9179999999999999,0.309,85.462
3qHrnrvcw7extihlsCFmSX,愛よりたしかなものなんてない,['Haru Nemuri'],260667,2020,False,,0.619,0.898,0.000376,0.253,115.00200000000001
00CH6pvCiQ6qEapxFLCMAO,海になって,['Haru Nemuri'],234733,2020,False,,0.35100000000000003,0.89,0.00021,0.483,179.924
13QsMlwnYfYsWlZUJ28ivc,想飛,['鄭怡'],247000,1986,False,,0.6990000000000001,0.528,0.0719,0.506,112.46799999999999
6ETa3kmSNmEYXjFqZMAW8F,我所知道的愛情,['鄭怡'],254000,1986,False,,0.621,0.413,0.74,0.26,120.337
3MPSvhxs0yRoHAej7wUOp8,帶著我的心,['鄭怡'],247000,1986,False,,0.415,0.344,0.479,0.262,142.602
4zOepsLjBHFEHxXAPsRgec,日子還是一樣,['鄭怡'],249000,1986,False,,0.672,0.364,0.48700000000000004,0.6759999999999999,130.329
7yuuPwoUYELDBfWL2Qiu4X,我和你,['鄭怡'],234000,1986,False,,0.631,0.336,0.804,0.32799999999999996,140.47
2Fp0C2lNjJ3ceV3S5ZGeTR,當有人問起,['鄭怡'],233000,1986,False,,0.41200000000000003,0.409,0.684,0.225,80.056
6VQ0v9i7fRIAfWB0s3wknh,前塵往事,['鄭怡'],287000,1986,False,,0.6759999999999999,0.349,0.271,0.35600000000000004,128.547
3CN33mcWXKHYQvI6hJBLEZ,天空上的孤雁,['鄭怡'],204000,1986,False,,0.518,0.308,0.821,0.193,144.10399999999996
5aECvdA87OvPRutxzi1wMI,蓮藕,['鄭怡'],218000,1986,False,,0.27899999999999997,0.109,0.9640000000000001,0.0705,171.75099999999995
3kL0xGJlJTjFSTjOOcsodg,心情,['鄭怡'],275389,1987,False,,0.562,0.552,0.28300000000000003,0.33799999999999997,134.382
0XS45nI0DwhyD2PJoQ6oYy,沙漠的風,['鄭怡'],370600,1987,False,,0.409,0.408,0.0445,0.132,80.089
25jIFSszcTCZOzpHTec3pP,想想我,['鄭怡'],249200,1987,False,,0.664,0.47100000000000003,0.147,0.46799999999999997,107.62299999999999
3JUkmDJ5pioLqC4jXozLJw,櫥窗,['鄭怡'],326933,1987,False,,0.35100000000000003,0.29,0.371,0.18600000000000005,94.322
20k7Ja697Ja3sJszelKjsg,海上花,['鄭怡'],231805,1987,False,,0.53,0.37799999999999995,0.0572,0.187,138.709
06iRPu6zan3h6R1XpCAYft,雨後,['鄭怡'],285760,1987,False,,0.541,0.34,0.326,0.13699999999999998,91.348
38Zcd443SkQaWNyxKNiJhS,風有時停,['鄭怡'],255240,1987,False,,0.6759999999999999,0.31,0.131,0.561,113.916
2ulFm9WObgNGPUQkwkvPOn,敲痛我的心,['鄭怡'],271733,1987,False,,0.473,0.341,0.586,0.268,142.393
5bB1AbVTA49QENbHEZog8b,還是夢,['鄭怡'],181866,1987,False,,0.311,0.102,0.847,0.32799999999999996,81.23899999999998
6mHV1XXo8e00o7ydEUN64h,嘘,['SID'],205533,2018,False,,0.45399999999999996,0.945,0.00745,0.691,90.022
5S8j78C6AeKlTGUFmkFxHy,乱舞のメロディ,['SID'],233347,2018,False,,0.344,0.972,0.000618,0.4370000000000001,192.09900000000002
3HgFbIMoiOWOqx6UsGeU4A,硝子の瞳,['SID'],240933,2018,False,,0.39,0.941,0.02,0.66,180.149
1nJrgbcNDql1R1aGmgl6RQ,螺旋のユメ,['SID'],240813,2018,False,,0.32,0.769,0.00372,0.73,80.445
5uzdUzIrU48vUvt3dw1HYh,天堂,['鄭怡'],276973,1991,False,,0.35,0.15,0.9159999999999999,0.16399999999999998,121.429
0w077qnL90SG7BkB1hNljf,小女人的心事,['鄭怡'],213066,1991,False,,0.51,0.40700000000000003,0.331,0.382,72.104
6fmT7F0KI1xlg5Z4USGlVM,不想讓你知道,['鄭怡'],206133,1991,False,,0.708,0.266,0.455,0.322,119.97399999999999
7IB1ygN6KmLikWEmpbgJV4,我的習慣,['鄭怡'],265466,1991,False,,0.737,0.419,0.531,0.61,119.939
5AhayBDkrnhIDcmfBQVVeQ,錄音室的獨白,['鄭怡'],226026,1991,False,,0.43,0.42200000000000004,0.522,0.35700000000000004,115.97399999999999
4nyzicfuOBJpxQ1ORTHhi4,來時歲月,['鄭怡'],243240,1991,False,,0.32299999999999995,0.319,0.773,0.136,128.013
7tbVNpYRmJttpFLL5IpqK1,我看見寂寞從我窗前走過,['鄭怡'],238093,1991,False,,0.363,0.153,0.664,0.19,150.325
7jJXjRJHfxvaiv5m30A59s,放自己一天假,['鄭怡'],291466,1991,False,,0.41700000000000004,0.348,0.201,0.495,120.04
45qj71wBLx9kQuaPRLeSvw,誰應該在今夜出現,['鄭怡'],256373,1991,False,,0.5,0.314,0.45799999999999996,0.0914,139.881
69qFIHF3SxRPBU73kKxYFe,天堂 - 演奏曲,['鄭怡'],146760,1991,False,,0.364,0.21899999999999997,0.79,0.22399999999999998,69.76899999999999
5d52QtuoS9botjxIISGAs6,離家出走,['鄭怡'],267000,1988,False,,0.544,0.5529999999999999,0.0456,0.235,134.63299999999998
6jHpzAyV3f95xlZshKjNkJ,野火,['鄭怡'],271000,1988,False,,0.397,0.46399999999999997,0.264,0.239,76.918
57YoNqOxV5cj18yeGx2IEE,星星,['鄭怡'],232693,1988,False,,0.38299999999999995,0.155,0.8370000000000001,0.473,156.214
41EUTXqymlPm57rX4sEqRY,紫色唇印,['鄭怡'],212640,1988,False,,0.723,0.537,0.47,0.955,117.081
2eDeIU1p3zH2n0wL9jTFvO,月亮,['鄭怡'],230666,1988,False,,0.609,0.436,0.55,0.52,112.965
7A3bbQ3MK4aiWiiHoy4Bqi,回家的路上 - 演奏曲,['鄭怡'],401893,1988,False,,0.322,0.228,0.81,0.0722,140.111
1QGCytWTo9mWTzXT0gMlxq,不得不想你,['鄭怡'],246666,1988,False,,0.555,0.384,0.179,0.17800000000000002,136.221
1qAv2E1ftrWTkc2f7AWqQT,太陽,['鄭怡'],252840,1988,False,,0.358,0.41,0.114,0.0886,143.672
6q6p0rTp0zq2WpcYyOMqXL,點點滴滴,['鄭怡'],241933,1988,False,,0.415,0.36,0.395,0.149,144.278
5DbesJVkrew8s1VqgSLcf4,回家 - 演奏曲,['鄭怡'],77666,1988,False,,0.0771,0.285,0.46399999999999997,0.0358,174.77599999999995
23DbzwNJSLo7nkSWjODMvY,紅蓮華,['LiSA'],238587,2019,False,,0.545,0.9790000000000001,0.00339,0.309,135.002
6P0iKH8tNBD7inByCy1U6b,紅蓮華 -Instrumental-,['LiSA'],235267,2019,False,,0.455,0.966,5.9499999999999996e-05,0.299,134.994
2tsLlVimy76AMvExz49PmL,紅蓮華 -TV ver.- - TV Version,['LiSA'],89947,2019,False,,0.5589999999999999,0.973,0.0573,0.632,135.012
6iP92SWEUxHwGk2TsxmY6p,對街男子,['鄭怡'],271733,1989,False,,0.623,0.47600000000000003,0.449,0.344,120.005
75uQWOTGruPNmaMSL4ksi0,楊花,['鄭怡'],296221,1989,False,,0.597,0.303,0.385,0.154,93.348
2QoptyF2OT88QAQ23GUmxo,今夜你會在哪裏,['鄭怡'],288226,1989,False,,0.6609999999999999,0.34299999999999997,0.172,0.47600000000000003,90.09899999999999
6HgDeK4oOJhEakSpPE932e,幾分之幾,['鄭怡'],303640,1989,False,,0.584,0.218,0.225,0.0784,97.80799999999999
5M3AuGT5o1mU9FImYrliMy,送你一面鏡子,['鄭怡'],260693,1989,False,,0.675,0.44299999999999995,0.489,0.659,130.185
61wvwDjmuQFs5wF4uRdR4X,親愛的我走了,['鄭怡'],225306,1989,False,,0.41,0.37799999999999995,0.0256,0.075,83.404
7qfiaFfyufVDv1YDwoRwAH,周末晚上的電話不要接,['鄭怡'],230160,1989,False,,0.408,0.233,0.4270000000000001,0.11599999999999999,135.69899999999998
0zEXXYBQlRpL36FWWldOTm,星夜的天空,['鄭怡'],241400,1989,False,,0.46399999999999997,0.257,0.7759999999999999,0.19699999999999998,135.86
5AWhCCt2tMeTC2BFtvTgoa,給從前的愛,['鄭怡'],260773,1989,False,,0.625,0.446,0.193,0.469,98.13600000000001
4wokHxLvfNn2NNDdGlV2IO,TRADE WIND (貿易風) - 2019 Remaster,['PIPER'],260597,1985,False,,0.745,0.9059999999999999,0.0348,0.899,122.021
7guvE07anfkAdQ0RcLaAky,PHOTOGRAPH (思い出のフォトグラフ) - 2019 Remaster,['PIPER'],203822,1985,False,,0.667,0.515,0.35200000000000004,0.373,123.882
1YB8ZNYvMxcK5OYoGZCuBu,蛍,['waffles'],294640,2012,False,,0.706,0.5489999999999999,0.32899999999999996,0.34700000000000003,119.98100000000001
414zy6lbixxWaofzUBxoMK,ネコ毛,['waffles'],192373,2012,False,,0.622,0.515,0.0651,0.466,139.984
6HkgwWcJlaJZrYTew2ABM4,2012年のLove Song,['waffles'],257240,2012,False,,0.7190000000000001,0.506,0.55,0.602,99.963
4yL1Z19knhFoX723tEGMWk,日傘,['waffles'],242320,2012,False,,0.6409999999999999,0.306,0.9640000000000001,0.264,78.027
1kwkQd06CX2YM6SDLXeHJk,花火,['waffles'],259493,2008,False,,0.604,0.672,0.00573,0.5760000000000001,133.91
1TMVsRRvPBwy7rl3IXpkLe,小雨來的正是時候,['鄭怡'],199459,1993,False,,0.594,0.433,0.41,0.49,77.589
2itpDH98D1AXnvqu2f6ReB,甦醒,['鄭怡'],205172,1993,False,,0.414,0.295,0.778,0.377,147.121
2tnpioTelzePj5vjvSVc6M,去吧!我的愛,['鄭怡'],183763,1993,False,,0.452,0.212,0.473,0.0837,116.70100000000001
09G12ipUMg4479giyifhu1,請聽我說,['鄭怡'],212323,1993,False,,0.523,0.478,0.28600000000000003,0.191,138.567
0FCWgo8Yk3Kqn9fEwqcpUY,雪花,['鄭怡'],254166,1993,False,,0.221,0.33299999999999996,0.451,0.196,157.29
1WfXiN1HfJhcb44uArEAps,如果你說,['鄭怡'],229970,1993,False,,0.278,0.203,0.8740000000000001,0.107,104.705
5RlcnGxRvdMyOYpIMZ0lON,早起的太陽,['鄭怡'],197648,1993,False,,0.486,0.217,0.55,0.275,78.164
2ZhDbvJWzshPUa9CPxbJhc,緣淺,['鄭怡'],245342,1993,False,,0.45899999999999996,0.228,0.785,0.128,126.273
71EXFG4ur0M8mSOVBJD0Tt,結束,"['鄭怡', 'Jonathan Lee']",230388,1993,False,,0.5479999999999999,0.193,0.7040000000000001,0.23,100.939
31iPrZoKYDp29pwwLht46T,離開我的方法,['鄭怡'],264290,1993,False,,0.5770000000000001,0.365,0.5489999999999999,0.485,130.191
7pdOPrLt5C3vSIxwHkXx3g,長夜,['鄭怡'],227648,1993,False,,0.578,0.305,0.629,0.319,126.182
2WRFQPE5oByter5NN8288M,不能言語,"['鄭怡', '蘇來']",264754,1993,False,,0.324,0.34600000000000003,0.752,0.264,143.10399999999996
0aiguCdKSKDCUXSxHMaEL6,午夜之後,['鄭怡'],232153,1993,False,,0.5720000000000001,0.409,0.617,0.228,127.523
7dIKJzEsWDaHZW2Exa0wZG,期許,['鄭怡'],260760,1993,False,,0.5529999999999999,0.198,0.665,0.446,73.07
5tE8TF7u5INK0aGzuzciI0,愛的期許,['鄭怡'],240141,1993,False,,0.40700000000000003,0.4320000000000001,0.5579999999999999,0.431,81.913
6UVTqxN1X7RTqhg9vkikpN,我們的愛,['鄭怡'],308965,1993,False,,0.737,0.51,0.19699999999999998,0.647,123.135
7A9zcEn9yzeQdIJPi4IXyV,離別的時候,['鄭怡'],239909,1993,False,,0.215,0.11699999999999999,0.9690000000000001,0.174,93.17200000000001
0hh7AdjoduKrXLpUQkPws5,最後的開始,['鄭怡'],222912,1993,False,,0.45399999999999996,0.314,0.583,0.376,80.686
2Vz8SVvFKHkrJ9QMTVHD95,ギター (feat.マシータ),"['突然少年', 'マシータ']",336600,2020,False,,0.431,0.9640000000000001,0.00143,0.23800000000000002,131.001
7hGkcT7Z4xvhRxpOCPeRIa,メモリートレイン (feat. Akira Kawasaki from mouse on the keys),"['突然少年', 'Akira Kawasaki']",223067,2020,False,,0.162,0.927,0.00183,0.34299999999999997,179.253
0YvDfrI4f2Qeltc59XUKbh,フロムアンダーグラウンド (feat. 岡山健二),"['突然少年', '岡山健二']",331627,2020,False,,0.544,0.847,0.00145,0.5920000000000001,120.01299999999999
2Dd0pc7YqvO18HgtjT2RNW,夏のきおく,['せんいちろうBig Dick Drive'],404667,2020,False,,0.79,0.231,0.861,0.16,129.263
684TVmaY2uLS7PVTBH15lo,教室,['はなぢまみれ'],175120,2020,False,,0.4970000000000001,0.275,0.816,0.136,168.826
3UgGOIbV8al3TUgeEEFvws,天堂,['鄭怡'],277160,1993,False,,0.34700000000000003,0.14400000000000002,0.9159999999999999,0.17300000000000001,122.05
1yVEqy4muZuxDw3ATzDVWc,海上花,['鄭怡'],232840,1993,False,,0.522,0.34,0.0522,0.19,138.726
1DB0JZtdLmOLVkvqqnus3X,來時歲月,['鄭怡'],244826,1993,False,,0.379,0.278,0.725,0.147,128.061
5ctolQ7ztCAEQQP7XbOTL7,敲痛我的心,['鄭怡'],272000,1993,False,,0.48,0.34,0.569,0.21899999999999997,142.458
7fw0J32zx8hBvhe9aSXrie,楊花,['鄭怡'],300840,1993,False,,0.594,0.366,0.365,0.15,93.366
38OA9vwJLZAtL06QzAU85A,野火,['鄭怡'],271666,1993,False,,0.389,0.456,0.253,0.258,76.844
0PNfSfWl3UVkEps9kWwwK1,心情,['鄭怡'],275666,1993,False,,0.561,0.5489999999999999,0.29600000000000004,0.33799999999999997,134.395
5beaBXdoRhorCL8lAdLDbj,櫥窗,['鄭怡'],327826,1993,False,,0.266,0.27399999999999997,0.382,0.226,188.697
6nkYbPo4SDEDFSoW29azrj,離家出走,['鄭怡'],267840,1993,False,,0.5429999999999999,0.541,0.0435,0.272,134.641
1E5nQ7LRSN8gm5nGil1kH4,紫色唇印,['鄭怡'],213160,1993,False,,0.723,0.531,0.49,0.9620000000000001,117.09200000000001
7jsbcw6wC2xtCSyJZtcGJ3,送你一面鏡子,['鄭怡'],262000,1993,False,,0.662,0.452,0.449,0.617,130.154
67sQh0b0COOgaE0pZn09Nt,風有時停,['鄭怡'],252506,1993,False,,0.6759999999999999,0.28300000000000003,0.11699999999999999,0.5660000000000001,113.911
0TTOsYZSj9rGZXb4CfAPVE,放不開的灑脫,['鄭怡'],228347,1986,False,,0.364,0.41200000000000003,0.787,0.304,80.081
5bm0Wo2aAQay72yLbG2srr,結束,['鄭怡'],232360,1986,False,,0.552,0.266,0.6859999999999999,0.251,100.956
7boix88GXhzLdvLqNojp7t,離別的時候,['鄭怡'],238667,1986,False,,0.251,0.23,0.956,0.184,92.235
6BmsYSxDsLeTz0tmptskSf,離開我的方法,['鄭怡'],264290,1986,False,,0.5770000000000001,0.365,0.5489999999999999,0.485,130.191
5EAA0ceFg26kxFedBl1iMD,牛郎織女,['鄭怡'],263013,1986,False,,0.192,0.27899999999999997,0.627,0.0396,126.581
3dMqqlQEvksGQ62d6arFVr,暖暖的感覺,['鄭怡'],274240,1986,False,,0.531,0.249,0.65,0.28600000000000003,136.273
3wIeSuSX61eiaNHb1soa9A,期許,['鄭怡'],260760,1986,False,,0.5529999999999999,0.198,0.665,0.446,73.07
1rAp7S8aN5Nl4kmMoExMK8,請聽我說,['鄭怡'],212323,1986,False,,0.523,0.478,0.28600000000000003,0.191,138.567
0WAFPPXX62QaCd3b7WyF6f,如果你說,['鄭怡'],229120,1986,False,,0.408,0.255,0.83,0.11,106.649
6LacFjSsAi7jwVWq8bj4XT,午夜之後,['鄭怡'],232153,1986,False,,0.5720000000000001,0.409,0.617,0.228,127.523
4hmNvegtcah2EniwhDlenv,小雨來的正是時候,['鄭怡'],195973,1986,False,,0.57,0.562,0.574,0.447,77.637
0fM2368in5AofkeGXCOldV,雪花,['鄭怡'],257560,1986,False,,0.183,0.494,0.596,0.217,156.82
40TXRwG615yYrXiC47Ltni,月琴(演奏曲),['鄭怡'],210026,1986,False,,0.483,0.418,0.449,0.18899999999999997,119.596
2WQbU8A1Wtckj5Vf9OZ51S,早起的太陽,['鄭怡'],200027,1986,False,,0.47600000000000003,0.365,0.5820000000000001,0.303,77.673
6dbXICY0uokloDrY0fE1ZI,最後的開始,['鄭怡'],220453,1986,False,,0.474,0.45399999999999996,0.287,0.301,80.721
6UygEcJTBh7HB8c8rFFBkr,早起的太陽,['鄭怡'],200026,1985,False,,0.325,0.35600000000000004,0.594,0.344,77.313
2wC2MeysoHGRnoph7eEOMD,放不開的灑脫,['鄭怡'],228346,1985,False,,0.40399999999999997,0.40700000000000003,0.7909999999999999,0.299,81.077
1NB25iM3WQ9vwNrthAosE1,甦醒,['鄭怡'],206373,1985,False,,0.444,0.386,0.625,0.392,147.532
4kJVmLZWWgcyxwSRu7gSbk,衰老的模式,['鄭怡'],267013,1985,False,,0.344,0.46799999999999997,0.725,0.321,82.382
3riNj7iWQgXPGVtI7mCF6o,離別的時候,['鄭怡'],238666,1985,False,,0.29600000000000004,0.225,0.9570000000000001,0.19399999999999998,94.62899999999999
6auirjkP3K1rLoIz5wBGmQ,雪花,['鄭怡'],257560,1985,False,,0.153,0.493,0.609,0.17,75.815
5jkFCzN1C9J7PpgEFgR3ii,愛的期許,['鄭怡'],241453,1985,False,,0.327,0.521,0.644,0.381,82.84700000000002
1oR85JkjPO4d59QsOqP6Er,生命的至愛,['鄭怡'],198666,1985,False,,0.491,0.3720000000000001,0.752,0.19399999999999998,80.001
5gdk36aS2NJXX9JgOteXDY,小小孩,['鄭怡'],217493,1985,False,,0.502,0.519,0.5,0.604,164.239
2KlMAinZ8pU5LN6E64yVBY,最後的開始,['鄭怡'],220466,1985,False,,0.461,0.462,0.324,0.326,80.71
7yHc69YNk2aJmMWXKPOsEs,小雨來的正是時候,['鄭怡'],195973,1983,False,,0.5710000000000001,0.562,0.573,0.449,77.637
2iVuMOy9JUh5IUOeiZtQqx,如果你說,['鄭怡'],229120,1983,False,,0.418,0.255,0.83,0.111,106.54299999999999
5UocMWeXVnolbkyyrhmx2n,一千個夜,['鄭怡'],222413,1983,False,,0.649,0.52,0.82,0.898,142.112
3ZY1tZBmm3HUvkBDQN024o,愛情的神奇,['鄭怡'],244053,1983,False,,0.38,0.302,0.865,0.282,120.01
0N3aXfVfZazuUVs3zMZsKH,長夜,['鄭怡'],226613,1983,False,,0.583,0.433,0.381,0.319,126.387
34GHFCYYq083xaD999k3l2,憶吾愛,['鄭怡'],208573,1983,False,,0.488,0.42,0.579,0.318,153.62
1N43t7dzmjO456ebGvs1se,結束,['鄭怡'],232360,1983,False,,0.551,0.266,0.6859999999999999,0.256,100.96700000000001
7K3zosLDlunJlLzriz9TJr,無法解答的問題,['鄭怡'],248987,1983,False,,0.562,0.56,0.7340000000000001,0.691,90.4
3gGC619kxeACsow1j5Amq6,走一個下午,['鄭怡'],255827,1983,False,,0.7440000000000001,0.505,0.588,0.8009999999999999,129.722
7ytSiW0xsS4d2z37N3xbmq,弦上詩,['鄭怡'],206320,1983,False,,0.34700000000000003,0.381,0.912,0.321,81.76
7i9UIICiKB3OuBGQuQ6kSk,午夜之後,['鄭怡'],248080,1984,False,,0.574,0.473,0.595,0.32299999999999995,124.93799999999999
20FRtYKoS88knW3p8OViGc,請聽我說,['鄭怡'],218013,1984,False,,0.531,0.623,0.349,0.271,135.97899999999998
1tMmnMuS1i0CN88zxFjXwl,去吧我的愛,['鄭怡'],187746,1984,False,,0.401,0.25,0.616,0.155,115.24700000000001
233J45nXb9nXNGqn42ZIcp,牛郎織女,['鄭怡'],263013,1984,False,,0.18,0.287,0.634,0.0399,134.305
0tNbsrmGo1ysUbDlQGNjrs,期許,['鄭怡'],261346,1984,False,,0.541,0.248,0.628,0.434,73.303
5cB6WmHVncFo6JxQc8QMR6,緣淺,['鄭怡'],244800,1984,False,,0.485,0.249,0.7859999999999999,0.132,126.43700000000001
67Ezma2i8rYt29oswcxVQp,我們的愛,['鄭怡'],312786,1984,False,,0.765,0.598,0.185,0.684,122.682
3SWDG7DGh68AbCeMgrN3pO,暖暖的感覺,['鄭怡'],274240,1984,False,,0.535,0.24600000000000002,0.626,0.299,136.055
6TkmHpd0UQmaPwxkwkddZT,離開我的方法,['鄭怡'],268413,1984,False,,0.581,0.45899999999999996,0.364,0.39399999999999996,130.515
5GwS0K5bCLCrvbR16UvcLy,午夜之後 - Inst.,['鄭怡'],235360,1984,False,,0.47100000000000003,0.282,0.951,0.14800000000000002,124.75399999999999
1RzJ9w3DWohhHsUpnMXwoC,夢がない僕が夢をみたんだ,['ザ・コインロッカーズ'],262000,2020,False,,0.423,0.935,0.0121,0.5820000000000001,159.97899999999996
7qjyG4OPAnRl9eQc2R3Zx7,因為愛你,['葉歡'],240373,1987,False,,0.401,0.29600000000000004,0.813,0.0393,121.25299999999999
2rQvW9XYWXk9xEoYfI6x46,全新的自己,['葉歡'],272667,1987,False,,0.765,0.625,0.531,0.619,127.694
7Gifp3QyOOXQAlPv9i3iDF,褪色的愛情,['葉歡'],245693,1987,False,,0.41200000000000003,0.41,0.605,0.134,142.465
5rzhu02JVYyFCUnKyjtO2b,有誰能明瞭,['葉歡'],261173,1987,False,,0.518,0.26899999999999996,0.703,0.223,92.708
3POF1UlmUpVGPlj3GjYRbW,夜色,['葉歡'],273400,1987,False,,0.415,0.405,0.691,0.535,82.29799999999999
1g5MSTrRv2HzDhzAamHsB7,我想我應該走了,['葉歡'],260467,1987,False,,0.499,0.3720000000000001,0.106,0.385,134.855
0a5hpW0sxobDpjNFz1vz9o,讓那音樂不要停,['葉歡'],239933,1987,False,,0.634,0.513,0.669,0.614,111.26100000000001
0NYrE3hUBjyALiG0OTtopt,生日的清晨,['葉歡'],259067,1987,False,,0.584,0.27399999999999997,0.818,0.264,112.295
1YqJA7XlC20gILkE2H23q1,藍色的雨,['葉歡'],284027,1987,False,,0.456,0.33,0.687,0.0866,77.344
4HjBGJoYinVediuoeqq1o4,是你,['葉歡'],225640,1987,False,,0.565,0.309,0.5720000000000001,0.17,72.28399999999998
1xDPpfwdrbIGxbkLlynvCl,且留心月共今宵,"['葉歡', '陳復明', 'Lin Zheng-Zhong (Jerry)']",252832,1994,False,,0.639,0.73,0.0949,0.4370000000000001,103.02600000000001
5vs4zU6gmH7v2NFwcb0R22,有人笑我,"['葉歡', 'Li Shi-Zhong', 'Lin Zheng-Zhong (Jerry)', 'Lou Ji-Zhen']",314170,1994,False,,0.387,0.336,0.7,0.27,85.044
6JOmgywJz0jyNnHPEXxiiy,愛讓我像個小朋友,"['葉歡', 'Li Shi-Zhong', 'Liu Yu-Rui (Mark)', 'Wang Wei Ming']",267949,1994,False,,0.619,0.537,0.475,0.609,137.975
0EHuNOkXXXAp7qLZ9nK9CO,頭髮,"['葉歡', 'Li Shi-Zhong', 'Lin Zheng-Zhong (Jerry)', 'Lou Ji-Zhen']",247476,1994,False,,0.555,0.121,0.929,0.162,73.928
5jqJ9fH2MbqsSKcdcOG79E,心疼你,"['葉歡', 'Chen Guan Yu', '吳大衛']",316074,1994,False,,0.6509999999999999,0.413,0.195,0.331,109.915
7C13OPDzDTl5b3XfmrD5ZQ,筆記,"['葉歡', 'Li Shi-Zhong', 'Lou Ji-Zhen', 'Mark', 'Wang Wei Ming']",345964,1994,False,,0.551,0.508,0.48,0.402,99.962
4TgGG14wjBTUqQAVAhX1cN,Sleepwalk,"['葉歡', 'Zhong Cathay']",262631,1994,False,,0.547,0.16899999999999998,0.8809999999999999,0.128,97.584
2ONKnFsJuedQkdD2JAvtJx,難題,"['葉歡', 'Li Shi-Zhong', 'Lin Zheng-Zhong (Jerry)', 'Lou Ji-Zhen']",305062,1994,False,,0.588,0.402,0.696,0.47200000000000003,98.149
6tcXP57iKaV6Xvj2EuXkk7,愛的宣言,"['葉歡', 'Chen Guan Yu', '吳大衛']",318125,1994,False,,0.68,0.67,0.31,0.627,95.286
6c11vvVCzCmsf8cUARDRux,Princess New Moon,"['葉歡', '陳復明', 'Mark']",213869,1994,False,,0.5589999999999999,0.522,0.0229,0.182,95.845
1JUYdQwT49DbiDO0fcHtkL,早上通勤,['沙漠鱿鱼'],166542,2020,False,,0.239,0.218,0.9159999999999999,0.299,65.249
3sQ2HWft5oqFmkyy5Snrc9,南京西路,['沙漠鱿鱼'],382723,2020,False,,0.0844,0.303,0.9009999999999999,0.0397,84.264
7mD8iWbwwWQlMTYazv50C1,徐家汇,['沙漠鱿鱼'],233529,2020,False,,0.152,0.349,0.637,0.19699999999999998,104.65700000000001
43rqyoHIiAEWXSEyMzNcPa,龙之梦购物中心,['沙漠鱿鱼'],445393,2020,False,,0.0849,0.18899999999999997,0.647,0.146,84.31
1yUtXD7ngNgjyYXa85DxlE,廟街,['沙漠鱿鱼'],290770,2020,False,,0.10099999999999999,0.48200000000000004,0.0799,0.0552,173.11
05HAXvNJwzRSQtOcEz6LVA,花園街,['沙漠鱿鱼'],252750,2020,False,,0.17300000000000001,0.301,0.353,0.159,131.244
5OYz2aPajMnVQba8Y7Xzs3,太古廣場,['沙漠鱿鱼'],618229,2020,False,,0.124,0.313,0.49,0.13699999999999998,70.816
6BY9z9SsBgTSwRsHgg8B0t,回家,['沙漠鱿鱼'],43064,2020,False,,0.192,0.218,0.905,0.17600000000000002,82.103
4SgrbIUnv66buOpGfbAKvV,春はゆく,['Aimer'],303053,2020,False,,0.429,0.45299999999999996,0.239,0.19399999999999998,80.02600000000002
1lhLfwG7QLAhvBLZHX5tDJ,花の唄 end of spring ver. - end of spring version,['Aimer'],351667,2020,False,,0.457,0.7879999999999999,0.00827,0.289,79.914
5cBgJPqASXUTzrmNZXOif1,無垢な季節,['Gesu No Kiwami Otome'],211787,2015,False,,0.5329999999999999,0.8190000000000001,0.562,0.769,177.957
3SMvoo1kXHAwkKLC5Th9p4,灰になるまで,['Gesu No Kiwami Otome'],303200,2015,False,,0.428,0.81,0.126,0.34600000000000003,128.003
1i0qzWu9j32pYCbfYOLGap,夜明けの詩-「め」弾き語りver.- - me Hikigatari Version,['Sayuri'],282800,2020,False,,0.5539999999999999,0.654,0.7759999999999999,0.43799999999999994,125.04899999999999
3d8gMtR1RAFU8WNeG9lCfU,ミカヅキ-「め」弾き語りver.- - me Hikigatari Version,['Sayuri'],261333,2020,False,,0.737,0.639,0.752,0.479,126.045
4lg1b9KMH5OWt0wrB8RBdd,平行線-「め」弾き語りver.- - me Hikigatari Version,['Sayuri'],308493,2020,False,,0.7490000000000001,0.606,0.703,0.505,94.95
4gzVvGlG7ZCtBLfZCaBPfz,アノニマス-「め」弾き語りver.- - me Hikigatari Version,['Sayuri'],265960,2020,False,,0.815,0.7929999999999999,0.821,0.5589999999999999,123.899
5SJV8AFhACG3MnsLGYLWbx,フラレガイガール-「め」弾き語りver.- - me Hikigatari Version,['Sayuri'],370973,2020,False,,0.623,0.47600000000000003,0.8740000000000001,0.368,149.92
5Ck8hcNpMmO7y10nZtfPtn,それは小さな光のような-「め」弾き語りver.- - me Hikigatari Version,['Sayuri'],269947,2020,False,,0.775,0.5670000000000001,0.8340000000000001,0.20800000000000002,144.078
3BeNOEvEZHdSYhQ7ONfn5p,birthday song-「め」弾き語りver.- - me Hikigatari Version,['Sayuri'],318053,2020,False,,0.794,0.551,0.7290000000000001,0.696,106.10700000000001
6jk2f7XNrzmPKjamArh1dO,航海の唄-「め」弾き語りver.- - me Hikigatari Version,['Sayuri'],272160,2020,False,,0.732,0.616,0.8059999999999999,0.706,89.99
4g9kuIi6XmiF4uVt0eNGYi,オッドアイ-「め」弾き語りver.- - me Hikigatari Version,['Sayuri'],295213,2020,False,,0.79,0.426,0.619,0.512,97.95
6pbcAGFIWxFGDjgPIXhyNp,蜂と見世物-「め」弾き語りver.- - me Hikigatari Version,['Sayuri'],229067,2020,False,,0.535,0.691,0.83,0.53,127.961
4Z4MMdcDjYrl4SXueeZEVW,るーららるーらーるららるーらー-「め」弾き語りver.- - me Hikigatari Version,['Sayuri'],194560,2020,False,,0.848,0.66,0.746,0.6609999999999999,140.102
14J8UMRVxsHe8SicE8tGje,月と花束-「め」弾き語りver.- - me Hikigatari Version,['Sayuri'],276120,2020,False,,0.598,0.647,0.866,0.574,175.114
40N3GiGyj8qxpvZ1mdh42G,来世で会おう-「め」弾き語りver.- - me Hikigatari Version,['Sayuri'],275947,2020,False,,0.701,0.642,0.851,0.5379999999999999,145.91299999999995
28HD8nvZbgYTWasgXCgR6P,レイメイ-「め」弾き語りver.- - me Hikigatari Version,['Sayuri'],314212,2020,False,,0.69,0.722,0.852,0.581,92.506
5Fr0qtZlLYsOhveI2BF4b2,十億年-「め」弾き語りver.- - me Hikigatari Version,['Sayuri'],326747,2020,False,,0.6990000000000001,0.531,0.84,0.33299999999999996,165.87400000000005
44G1YxY9H0LP17Z9aqpp6h,「フーガの技法」 BWV1080a〜コントラプンクトゥス I,"['Johann Sebastian Bach', 'Ryuichi Sakamoto']",280253,2018,False,,0.29600000000000004,0.0405,0.9940000000000001,0.0388,168.606
31N1st9ZeWe7Qb0ziYxjls,コラール「古き年は過ぎ去りぬ」 BWV614,"['Johann Sebastian Bach', 'Ryuichi Sakamoto']",147867,2018,False,,0.389,0.0192,0.995,0.163,103.742
3VMimdaqh2xwlVRti02WeS,コラール「主イエス・キリストよ、われ汝に呼ばわる」 BWV639,"['Johann Sebastian Bach', 'Ryuichi Sakamoto']",276200,2018,False,,0.36,0.0294,0.991,0.187,103.025
1H6ND0xY1OuispTEmtk16h,2つのピアノ小品 - 第1曲,"['Glenn Gould', 'Francesco Tristano']",117200,2018,False,,0.45399999999999996,0.0638,0.9890000000000001,0.0391,104.679
04gMaNIN1oYr6LjfjVnGcR,2つのピアノ小品 - 第2曲,"['Glenn Gould', 'Francesco Tristano']",51480,2018,False,,0.494,0.166,0.985,0.752,117.39299999999999
3z0TDGxnt1221I9v10itQg,ファンタジア ニ調,"['ヤン・ピーテルスゾーン・スウェーリンク', 'Francesco Tristano']",396893,2018,False,,0.316,0.124,0.991,0.562,76.567
21In3mHkZLKfEnQ5syMLjR,東風 (2019 Bob Ludwig Remastering) - (live) [2019 Bob Ludwig Remastering],['YELLOW MAGIC ORCHESTRA'],306160,2019,False,,0.605,0.927,0.0178,0.8440000000000001,142.697
6IcVMg0NUmTzD41sUgWN6a,中国女 (2019 Bob Ludwig Remastering) - (live) [2019 Bob Ludwig Remastering],['YELLOW MAGIC ORCHESTRA'],302893,2019,False,,0.691,0.9590000000000001,0.122,0.867,140.058
7geZQesBb54HYEoH5VxwDw,希望の河 (2019 Bob Ludwig Remastering) - (live) [2019 Bob Ludwig Remastering],['YELLOW MAGIC ORCHESTRA'],287653,2019,False,,0.56,0.9940000000000001,0.0511,0.623,140.63
5ijXxYbQTuEhJA2WavkM6w,以心電信 (2019 Bob Ludwig Remastering) - (live) [2019 Bob Ludwig Remastering],['YELLOW MAGIC ORCHESTRA'],255333,2019,False,,0.6629999999999999,0.968,0.0631,0.56,124.552
41Xg3zxnUe8vWJccHtWDaq,過激な淑女 (2019 Bob Ludwig Remastering) - (live) [2019 Bob Ludwig Remastering],['YELLOW MAGIC ORCHESTRA'],261680,2019,False,,0.732,0.961,0.0488,0.8,133.791
7GjVIsnj4kGVtTavhOl7S6,君に、胸キュン。-浮気なヴァカンス- (2019 Bob Ludwig Remastering) - (live) [2019 Bob Ludwig Remastering],['YELLOW MAGIC ORCHESTRA'],271520,2019,False,,0.64,0.988,0.043,0.5660000000000001,142.84799999999996
6tQIuv6O1TR0cFwzTPQNL4,君に、胸キュン。-浮気なヴァカンス- (2019 Bob Ludwig Remastering),['YELLOW MAGIC ORCHESTRA'],248240,2019,False,,0.7070000000000001,0.9390000000000001,0.152,0.885,142.455
1AFbk5pUg9yyAQphhEtFMQ,希望の路 (2019 Bob Ludwig Remastering),['YELLOW MAGIC ORCHESTRA'],276107,2019,False,,0.5579999999999999,0.95,0.0021,0.627,135.871
768ewArSV7vANNEBCE4FdJ,音楽 (2019 Bob Ludwig Remastering),['YELLOW MAGIC ORCHESTRA'],205907,2019,False,,0.638,0.902,0.0382,0.9620000000000001,146.226
6ZVv9cIg26B0E0EspqZu77,以心電信 (予告編) (2019 Bob Ludwig Remastering) - (Short Instrumental Version) [2019 Bob Ludwig Remastering],['YELLOW MAGIC ORCHESTRA'],30293,2019,False,,0.654,0.9109999999999999,0.0595,0.42,124.12700000000001
3gYmV1f7SD4j89pDLvlQ8p,邂逅 (2019 Bob Ludwig Remastering),['YELLOW MAGIC ORCHESTRA'],269053,2019,False,,0.5529999999999999,0.9229999999999999,0.00621,0.547,128.1
0Ah9RVQ0mxaFudxS4ccMY0,希望の河 (2019 Bob Ludwig Remastering),['YELLOW MAGIC ORCHESTRA'],280320,2019,False,,0.649,0.945,0.098,0.895,129.483
0W8QxIh4BqPwdnGQFWSis6,君に、胸キュン。-浮気なヴァカンス-,['YELLOW MAGIC ORCHESTRA'],248907,1983,False,,0.623,0.953,0.335,0.7959999999999999,142.429
28d9xTIsoOPu7pueDwYn76,希望の路,['YELLOW MAGIC ORCHESTRA'],276093,1983,False,,0.508,0.9520000000000001,0.00509,0.474,135.894
0K4sSN0Ow2640Dzhs0bNHX,音楽,['YELLOW MAGIC ORCHESTRA'],205933,1983,False,,0.585,0.897,0.0162,0.96,146.218
0nuElYfqtfuIIoajpsV2bG,以心電信 (予告編),['YELLOW MAGIC ORCHESTRA'],30307,1983,False,,0.654,0.86,0.0306,0.32899999999999996,124.135
2TrC2NsnehQSuVkKWYm8q9,邂逅,['YELLOW MAGIC ORCHESTRA'],269067,1983,False,,0.52,0.915,0.0129,0.511,128.125
4l7jfEKFiamJ9ES0tHOgg5,希望の河,['YELLOW MAGIC ORCHESTRA'],280333,1983,False,,0.5820000000000001,0.958,0.0988,0.84,129.487
0GnPtpjQzEl6FEdnSoQgjO,希望の路 [Instrumental],['YELLOW MAGIC ORCHESTRA'],276133,1983,False,,0.4970000000000001,0.9470000000000001,0.00132,0.667,136.19899999999998
3q9YgFTAzeay5pFvAynUL4,邂逅 [Instrumental],['YELLOW MAGIC ORCHESTRA'],267933,1983,False,,0.531,0.898,0.0276,0.5539999999999999,128.316
7Huzf1EHzLdF1snAPRNtG2,希望の河 [Instrumental],['YELLOW MAGIC ORCHESTRA'],278493,1983,False,,0.5479999999999999,0.9490000000000001,0.0478,0.938,129.66899999999998
3HcHHUvWdecOUfwdmRR2jN,以心電信 - Instrumental,['YELLOW MAGIC ORCHESTRA'],261813,1983,False,,0.5660000000000001,0.8759999999999999,0.00718,0.72,124.34200000000001
4Sk56Re6adFew5bHh0Y8OA,音楽 [Instrumental],['YELLOW MAGIC ORCHESTRA'],205333,1983,False,,0.5489999999999999,0.89,0.0922,0.956,146.429
7HI7THW6McPRLvuhLi3dTh,銀座ネオン・パラダイス,['Stardust Revue'],337733,1992,False,,0.395,0.9490000000000001,0.12,0.564,142.658
5feo9OhPZeoedNDGqWk0ZN,天使の誘惑,['Stardust Revue'],184600,1992,False,,0.631,0.879,0.555,0.614,120.023
5uI5WzRVs6VgQGsr50BI5p,若い二人は恋人同志 - Orijinal Version,['Stardust Revue'],273240,1992,False,,0.5379999999999999,0.76,0.19699999999999998,0.757,134.385
4fD3ma99ryqbIYeeNnlp00,恋はTight Rope,['Stardust Revue'],258733,1992,False,,0.442,0.812,0.41200000000000003,0.48100000000000004,128.195
788CcKpYZr2604OLh3Vboc,ケンとメリー 〜愛と風のように〜,['Stardust Revue'],298507,1992,False,,0.382,0.518,0.845,0.309,130.856
1M4ym5eC1i23r9sSCNIcj9,想い出は上海,['Stardust Revue'],275267,1992,False,,0.564,0.8759999999999999,0.355,0.767,122.071
0c6MYnko7vVkLrxcbPNCmF,若い二人は恋人同志 - Live Version,['Stardust Revue'],312200,1992,False,,0.461,0.7340000000000001,0.552,0.662,128.224
2zCoVjDfV7o4CtZBqyW23D,恋はバレーボール,['Stardust Revue'],329627,1992,False,,0.376,0.8909999999999999,0.42,0.545,104.475
3MGU2foPEFZYhr2i6sBqxe,New Day Begin -愛は風にのって-,['Stardust Revue'],232840,1992,False,,0.6809999999999999,0.754,0.141,0.8809999999999999,137.996
1aQQHabiWIx0naRiTY8Isi,追憶,['Stardust Revue'],347800,1992,False,,0.43,0.406,0.489,0.226,123.777
09JJPd2lvUDh03hEQGi6hF,言葉じゃいえないLoneliness,['Stardust Revue'],365267,1992,False,,0.484,0.494,0.648,0.63,98.786
7wY2z7TGmuShi4qUo3fsj6,街まで50マイル-My Old Friend-,['Stardust Revue'],289867,1992,False,,0.509,0.934,0.29600000000000004,0.457,115.00299999999999
373VZnrsccUwjIZtqysR43,夢伝説,['Stardust Revue'],305667,1992,False,,0.259,0.873,0.0869,0.33,123.171
5VFk6u55TlxstTz08gvj6r,シアワセ林檎,['Gesu No Kiwami Otome'],269787,2017,False,,0.5710000000000001,0.843,0.34299999999999997,0.7120000000000001,154.97
1iMwpncuq8nz3Mj2pqCGl0,影ソング,['Gesu No Kiwami Otome'],216213,2017,False,,0.848,0.652,0.185,0.8540000000000001,118.068
4TMW2FwyBjhUDLc0lCzAse,某東京,['Gesu No Kiwami Otome'],166080,2017,False,,0.5329999999999999,0.941,0.67,0.722,149.843
476zr4LtVvfKooCQTRduRU,心地艶やかに,['Gesu No Kiwami Otome'],289773,2017,False,,0.648,0.757,0.115,0.784,139.937
2fUyfHc0TXDZWG5QE5fPFr,午後のハイファイ,['Gesu No Kiwami Otome'],225840,2017,False,,0.787,0.584,0.155,0.591,126.041
32sP1XAjrxS7WMpAzphKzy,勝手な青春劇,['Gesu No Kiwami Otome'],253027,2017,False,,0.6679999999999999,0.816,0.0311,0.55,129.975
0aaqOWYjsDG7q7HZMbE6ww,小説家みたいなあなたになりたい,['Gesu No Kiwami Otome'],266373,2017,False,,0.705,0.647,0.25,0.659,125.059
1BZUqT29686YG0UbIuhkMY,希望の路 Instrumental (2019 Bob Ludwig Remastering),['YELLOW MAGIC ORCHESTRA'],276107,2019,False,,0.531,0.946,0.000893,0.826,136.179
6hq0niJBq4jxloCl9dwqb7,邂逅 Instrumental (2019 Bob Ludwig Remastering),['YELLOW MAGIC ORCHESTRA'],267947,2019,False,,0.569,0.924,0.0254,0.701,128.344
0xDf45yJwg9PwdBKkTjIbc,希望の河 Instrumental (2019 Bob Ludwig Remastering),['YELLOW MAGIC ORCHESTRA'],278493,2019,False,,0.624,0.941,0.0644,0.958,129.673
3klvYw8PNf0yC5b1ws3Jt6,以心電信 Instrumental (2019 Bob Ludwig Remastering),['YELLOW MAGIC ORCHESTRA'],261813,2019,False,,0.648,0.851,0.0561,0.816,124.348
6FtdzPO7QPUjFrUA0ul5xJ,音楽 Instrumental (2019 Bob Ludwig Remastering),['YELLOW MAGIC ORCHESTRA'],205347,2019,False,,0.609,0.9079999999999999,0.16899999999999998,0.9209999999999999,146.431
112NpmwdNReaRAs0qbtiY8,彷徨い,['Stardust Revue'],304600,1991,False,,0.778,0.675,0.634,0.789,120.008
2hPc5Yn6Pj2FPyKBMKZqeP,瞳の中の天国,['Stardust Revue'],222733,1991,False,,0.632,0.77,0.0699,0.541,124.97
6W64ChQrxpZHKo0F3rQsjc,9月の海,['Stardust Revue'],275027,1991,False,,0.5820000000000001,0.7020000000000001,0.25,0.6920000000000001,132.072
4KqF1p48O67DzqbcJ5q4fW,追憶,['Stardust Revue'],305173,1991,False,,0.528,0.39,0.855,0.18100000000000002,139.967
7DoBIEOpbYy49PPeTpb65N,Northern Lights-輝く君に- (Live・1989年7月23日収録),['Stardust Revue'],324960,1991,False,,0.53,0.9390000000000001,0.2,0.5539999999999999,129.856
702xuVFlqWe51sIw2bBXM3,君のすべてが悲しい,['Stardust Revue'],300067,1990,False,,0.648,0.8009999999999999,0.14400000000000002,0.7959999999999999,91.999
2ZTBPNuUCM10108CYoF4MX,星空のアリーナ,['Stardust Revue'],246467,1990,False,,0.599,0.9129999999999999,0.0404,0.805,135.998
6mYTJOMHQpDGyagDgYgpVI,カーニバルの夜,['Stardust Revue'],251200,1990,False,,0.8029999999999999,0.528,0.447,0.907,118.008
57Nz4dI3CG1gnPxkHZZNED,季節を越えて,['Stardust Revue'],263840,1990,False,,0.47100000000000003,0.344,0.924,0.188,143.849
5P98NPEVvA3a51Lln631Jz,10月のパノラマ,['Stardust Revue'],235893,1990,False,,0.5429999999999999,0.642,0.435,0.531,84.973
3jz3NOtB5dDcQA9TlTPjue,蒼ざめた週末,['Stardust Revue'],305800,1990,False,,0.556,0.648,0.223,0.537,76.007
6535EEh5ydxwj690VuLeFn,コバルト色の午後,['Stardust Revue'],309333,1990,False,,0.7090000000000001,0.579,0.397,0.318,110.01
7GyxTsX7tEya8cxdaJGHzs,星空のアリーナ - Live・1990年8月31日収録,['Stardust Revue'],249973,1990,False,,0.473,0.977,0.00864,0.667,138.879
1R9szyKoCJuctEPLSWs71g,夏のシルエット,['Stardust Revue'],234307,1989,False,,0.7390000000000001,0.7609999999999999,0.275,0.665,108.962
075CXpKCaatwGyy4RpZR2k,月光列車 (ムーンライト・ロコモーション),['Stardust Revue'],248160,1989,False,,0.604,0.9420000000000001,0.0373,0.7659999999999999,146.014
08WX02f2X7VxIFPkzNCfjU,Northern Lights-輝く君に-,['Stardust Revue'],288267,1989,False,,0.63,0.785,0.031,0.518,127.96600000000001
2Z5uSKN4D9kUQX6giH9ous,夏の女王 (Dedicated to Esther Williams),['Stardust Revue'],240067,1989,False,,0.695,0.745,0.218,0.7390000000000001,97.98700000000001
3lACaHynYHJIZDZoiZ20MU,Brand-New Wind (Live・1989年7月23日収録) - Live In July 23 1989,['Stardust Revue'],296373,1989,False,,0.483,0.932,0.298,0.53,89.92299999999999
0cWCB9orxzDL773Cthafuz,流星物語,['Stardust Revue'],254360,1988,False,,0.777,0.677,0.138,0.8220000000000001,118.083
2IjyrSVYs9RbJfX5LQHRkq,言葉じゃいえないLoneliness,['Stardust Revue'],195307,1988,False,,0.85,0.628,0.22899999999999998,0.961,125.973
2SBUOiHGdoESIPtt8CI9T5,君のBirthday,['Stardust Revue'],258533,1988,False,,0.63,0.823,0.21600000000000005,0.958,82.462
7F1EU56MrE2uMWfEk1aoFK,Stay My Blue-君が恋しくて-,['Stardust Revue'],328533,1988,False,,0.531,0.349,0.526,0.284,75.0
0gL1oieEHTVIDj4XXw7irH,夏の終りに,['Stardust Revue'],298400,1988,False,,0.514,0.35100000000000003,0.604,0.447,143.88
3yP8a14Xus3dRin8XPtYxO,流星物語 (Live・1989年7月23日収録),['Stardust Revue'],255640,1988,False,,0.5920000000000001,0.889,0.195,0.679,119.963
40SCfMUFhu6xv9AWpjaBFd,永遠への誓い-Eternity-,['Stardust Revue'],256307,1987,False,,0.561,0.885,0.0415,0.726,177.56900000000005
0zPgBpcAHkssVJTZt3oWUH,狙われた夜,['Stardust Revue'],285160,1987,False,,0.7659999999999999,0.764,0.0135,0.9009999999999999,110.773
66ROlzeyCUS2vuy3kWdydR,月影のスローダンス,['Stardust Revue'],196440,1987,False,,0.804,0.469,0.14800000000000002,0.555,147.69899999999996
6qjS51mSjNkFvaGfK20MRi,今夜もハートエイク,['Stardust Revue'],278293,1987,False,,0.657,0.759,0.151,0.755,109.72
5fO9Zj7bhkkJS4J5GEm3DR,Midnight Rainbow - Live・1988年2月26日収録,['Stardust Revue'],249333,1987,False,,0.557,0.94,0.502,0.626,134.662
4fHau9UAsac773xfaJrsEF,踊りあかそう I Could Have Danced All Night,['Stardust Revue'],204733,1986,False,,0.244,0.19,0.966,0.19699999999999998,76.169
4n4kaAE76Wg5zqdSRvkTmK,星に願いを When You Wish Upon A Star,['Stardust Revue'],157893,1986,False,,0.8109999999999999,0.7120000000000001,0.595,0.736,115.99700000000001
27bSh9OtMdFfWaftZYou64,上を向いて歩こう,['Stardust Revue'],176640,1986,False,,0.45399999999999996,0.171,0.986,0.157,101.896
0EFhEsnPPXiaE8bbZ3Nlv9,雨に歌えば Singin' In The Rain,['Stardust Revue'],142533,1986,False,,0.3720000000000001,0.278,0.934,0.337,129.382
5DwgxNsp6G4hxffCUGOAQ9,以心電信,['YELLOW MAGIC ORCHESTRA'],284467,1983,False,,0.621,0.885,0.0613,0.7290000000000001,124.43299999999999
524JvDZ8ayiGD5XBIsJZ5P,街まで50マイル-My Old Friend-,['Stardust Revue'],227773,1986,False,,0.759,0.836,0.2,0.7090000000000001,110.824
4QdlwRgo7HQ5m9M6GGgfLu,今夜だけきっと,['Stardust Revue'],259000,1986,False,,0.679,0.711,0.17600000000000002,0.733,118.84200000000001
2puxdLITmdXmWruOFOxTjp,危険なJealous Night,['Stardust Revue'],185573,1986,False,,0.488,0.752,0.0193,0.893,79.922
4H86mQjZlym0g2HzQFynOk,さよならの足音,['Stardust Revue'],309733,1986,False,,0.561,0.622,0.507,0.513,73.839
2k2x5Vtoapu7jG2XsrKNjn,6月のジングル・ベル,['Stardust Revue'],195493,1986,False,,0.648,0.8009999999999999,0.0782,0.8490000000000001,178.13099999999997
6CoXZwomj5Qk5ceGqRDUYP,1%の物語,['Stardust Revue'],276440,1986,False,,0.535,0.424,0.48700000000000004,0.11599999999999999,109.663
3Z5wzrVpKq57aqtilhKZYq,今夜だけきっと - Live・1988年2月26日収録,['Stardust Revue'],183867,1986,False,,0.494,0.723,0.307,0.494,116.12700000000001
43wEYhT4ehjIZG0guTN0Ga,想い出にかわるまで,['Stardust Revue'],263507,1985,False,,0.68,0.769,0.244,0.754,101.875
47u2PE1bW4lQjK3xCMq9av,灰色の街,['Stardust Revue'],254800,1985,False,,0.718,0.757,0.429,0.8740000000000001,112.523
2QFGSYiSbgUf8aGZyAGkyu,涙のエピローグ,['Stardust Revue'],236693,1985,False,,0.607,0.568,0.624,0.41600000000000004,89.79700000000004
3T2RKr5L1QOjaNA77rN50d,夜間飛行,['Stardust Revue'],280333,1985,False,,0.5760000000000001,0.797,0.38799999999999996,0.531,109.869
5OZdnTTCkn0NRJe5nDPNia,星に唄えば,['Stardust Revue'],217200,1985,False,,0.34,0.40399999999999997,0.7070000000000001,0.568,72.922
5C1bvbGwy6mGBtycXqo41N,と・つ・ぜ・んFall In Love - Live・1988年2月26日収録,['Stardust Revue'],251467,1985,False,,0.532,0.95,0.475,0.785,132.662
6CDCN0ZuFnV7RlGg8xqwzD,噂のアーパー・ストリート,['Stardust Revue'],211067,1984,False,,0.6990000000000001,0.85,0.0702,0.9209999999999999,97.331
3KTwoI9GpI53qAN1DZotI6,今年の夏こそは,['Stardust Revue'],252840,1984,False,,0.8079999999999999,0.8759999999999999,0.366,0.9259999999999999,132.357
3fv8xkvTnnb0x4IIJNvkoZ,シュガーはお年頃,['Stardust Revue'],289827,1984,False,,0.507,0.778,0.183,0.767,112.941
4JXTS3n7DCHun42mB24Ymz,夢伝説,['Stardust Revue'],292760,1984,False,,0.48700000000000004,0.721,0.24600000000000002,0.24,124.353
3b7WCpvuDRjAQYqM0izfME,夕暮れのスケッチ,['Stardust Revue'],319133,1984,False,,0.434,0.3,0.605,0.10300000000000001,118.83200000000001
6rFUNxOUB2e5r77M3fB2HQ,夢伝説 (Live・1989年7月23日収録),['Stardust Revue'],304547,1984,False,,0.366,0.847,0.18600000000000005,0.29600000000000004,125.035
4DtHw8fD54SxU5SCDIJU5L,噂のアーパー・ストリート,['Stardust Revue'],214573,1982,False,,0.723,0.836,0.132,0.8909999999999999,97.052
5GLRWjKia9FXHLFXiveL2c,今夜こ・れ・か・ら,['Stardust Revue'],257160,1982,False,,0.635,0.5379999999999999,0.301,0.6920000000000001,137.966
2NjryKqBleKHSuuI3NOZl2,ブラックペッパーのたっぷりきいた私の作ったオニオンスライス,['Stardust Revue'],252707,1982,False,,0.728,0.831,0.11,0.948,117.883
35gh3VmWWkh8ea05z91zxe,村長さんの娘,['Stardust Revue'],235543,1982,False,,0.8029999999999999,0.612,0.22899999999999998,0.8590000000000001,110.791
5Jwpt8zvPb5fw589hqFUNF,紅いハンカチ,['Stardust Revue'],263800,1982,False,,0.415,0.32299999999999995,0.754,0.242,77.524
7vhTmyX9mwueWASzMPMYzp,What A Nite! (Live・1988年2月26日収録),['Stardust Revue'],196040,1982,False,,0.33,0.847,0.447,0.51,170.025
3N8HSGgj6t3aP7Auvb5nYf,房客,['WeiBird'],252506,2020,False,,0.643,0.36,0.43,0.245,57.038999999999994
6UryXt5GUZP5g0NuhdC8yu,貓咪共和國,['WeiBird'],216988,2020,False,,0.7979999999999999,0.532,0.195,0.581,87.999
1GWsEPe6pIYlqrNFEMExdX,不用告訴我 - 東森戲劇台韓劇「巧克力」片尾曲,['WeiBird'],268625,2020,False,,0.429,0.345,0.858,0.317,133.139
1AFzSveVcCzJVSbUWqI7Ct,一口一口,['WeiBird'],221037,2020,False,,0.67,0.401,0.271,0.3670000000000001,82.97
1eztLNRyLkZCJMDgHRSt1M,沒有你的世界,['WeiBird'],239666,2020,False,,0.611,0.387,0.19,0.255,123.88799999999999
3py3M94fZstAHokADQpOu3,而立,['WeiBird'],333370,2020,False,,0.747,0.39299999999999996,0.496,0.672,122.944
7Due6dKOoo25xu2pYBbgWe,這樣好嗎,['WeiBird'],228167,2020,False,,0.614,0.508,0.17800000000000002,0.257,111.98100000000001
0gWQ8GVYTVS2n4oN6ou2bp,聽我的,['WeiBird'],234216,2020,False,,0.345,0.77,0.000559,0.332,168.012
2gC8kQbtDqzqFTnN4OAWoG,記得回來,['WeiBird'],268831,2020,False,,0.289,0.293,0.0564,0.217,169.84900000000005
2QeUnnY7pL7nYVPRIe3iip,シュガーはお年頃,['Stardust Revue'],290440,1981,False,,0.517,0.698,0.315,0.747,147.528
4GVMGhrVSeiuHuUkz9rZmc,気分はセレナーデ,['Stardust Revue'],233667,1981,False,,0.522,0.309,0.7509999999999999,0.478,136.217
23QUguoi7v5Yqn6fEwtVbk,常夏のジャガタリアン,['Stardust Revue'],217973,1981,False,,0.807,0.892,0.237,0.965,144.642
28LnW0p3GwK1TfZGrKAIMd,今年の夏こそは,['Stardust Revue'],254133,1981,False,,0.802,0.847,0.451,0.93,132.113
6cYwqnpgZ6YSnQJMby1MJh,シュガーはお年頃 (Live・1988年2月26日収録),['Stardust Revue'],302867,1981,False,,0.3670000000000001,0.892,0.495,0.6809999999999999,142.82299999999995
6RVEopy203VPHP1Vk6wWPV,以心電信 (2019 Bob Ludwig Remastering),['YELLOW MAGIC ORCHESTRA'],284400,2019,False,,0.7020000000000001,0.877,0.182,0.79,124.43
6cg8MweNVX1NrWx2VEh3Y1,S.E.T. 「村祭」 (2019 Bob Ludwig Remastering),['YELLOW MAGIC ORCHESTRA'],249400,2019,False,,0.598,0.41700000000000004,0.736,0.2,109.398
2HPuEVsMMKS31J398PjpJ9,新舞踊,['YELLOW MAGIC ORCHESTRA'],298573,1981,False,,0.77,0.9670000000000001,0.28800000000000003,0.74,101.844
2bUP5g8BQNei6MClYDwQZr,階段,['YELLOW MAGIC ORCHESTRA'],254653,1981,False,,0.609,0.9390000000000001,0.031,0.7929999999999999,94.306
4sjdPtKTVlrTvzWYIP91Qm,京城音楽,['YELLOW MAGIC ORCHESTRA'],286013,1981,False,,0.691,0.9209999999999999,0.19699999999999998,0.904,97.537
4kDl3770KCqW0FComaO3TV,灯,['YELLOW MAGIC ORCHESTRA'],220067,1981,False,,0.619,0.885,0.12,0.7909999999999999,125.556
1YIHb2kULzAYtO33n5pqkk,体操,['YELLOW MAGIC ORCHESTRA'],261400,1981,False,,0.738,0.9740000000000001,0.39299999999999996,0.688,121.295
4YorQrFZffgewtNlfOlShG,灰色の段階,['YELLOW MAGIC ORCHESTRA'],333160,1981,False,,0.682,0.6409999999999999,0.0636,0.8009999999999999,114.85600000000001
5QQpH5nhjAKLe2XATldXPu,手掛かり,['YELLOW MAGIC ORCHESTRA'],275773,1981,False,,0.59,0.977,0.00112,0.479,136.217
5rN7Hk1CGNMPOnLCxtd64q,前奏,['YELLOW MAGIC ORCHESTRA'],151533,1981,False,,0.268,0.243,0.977,0.555,159.239
72fUOr57odMrA1On3bzaPx,後奏,['YELLOW MAGIC ORCHESTRA'],261627,1981,False,,0.465,0.446,0.159,0.11599999999999999,76.043
5KF5sluL7DFcaMwTPdHwTt,音楽の計画,['YELLOW MAGIC ORCHESTRA'],273960,1981,False,,0.7090000000000001,0.884,0.00195,0.6809999999999999,126.10700000000001
1ta8wvLW6xchXFOB8zXqHm,ラップ現象,['YELLOW MAGIC ORCHESTRA'],272933,1981,False,,0.748,0.674,0.257,0.47100000000000003,118.99799999999999
4FETdaQpwzKaq8W0QIl6jU,千のナイフ,['YELLOW MAGIC ORCHESTRA'],323333,1981,False,,0.659,0.9,0.0249,0.6609999999999999,103.932
6Rr7WA0KiEU5n3sRlqJcb1,来たるべきもの,['YELLOW MAGIC ORCHESTRA'],320827,1981,False,,0.105,0.177,0.623,0.0349,68.452
4EtxKgeeqjnm9KVH6EeAd6,音楽の計画 (2019 Bob Ludwig Remastering),['YELLOW MAGIC ORCHESTRA'],273587,1981,False,,0.7659999999999999,0.897,0.00298,0.722,126.28
41YgVZhNWyyVtm59snJYXZ,ラップ現象 (2019 Bob Ludwig Remastering),['YELLOW MAGIC ORCHESTRA'],272560,1981,False,,0.7859999999999999,0.637,0.426,0.46799999999999997,119.185
7ccfSITLojREPDOoRNxtcb,千のナイフ (2019 Bob Ludwig Remastering),['YELLOW MAGIC ORCHESTRA'],322960,1981,False,,0.6779999999999999,0.9129999999999999,0.0197,0.48,104.038
4rUzhnVG1CGlvWNxPNEjfE,来たるべきもの (2019 Bob Ludwig Remastering),['YELLOW MAGIC ORCHESTRA'],320840,1981,False,,0.129,0.146,0.677,0.0359,66.652
3ZYCqkF6a3nxjcS3ubxczs,新舞踊 (2019 Bob Ludwig Remastering),['YELLOW MAGIC ORCHESTRA'],298520,1981,False,,0.774,0.971,0.29100000000000004,0.645,101.835
7g8KKy8f3C98pNREAFdpXx,階段 (2019 Bob Ludwig Remastering),['YELLOW MAGIC ORCHESTRA'],254613,1981,False,,0.649,0.9440000000000001,0.0427,0.841,94.31299999999999
1SN3WLGZV92e3qUR4DPKWO,京城音楽 (2019 Bob Ludwig Remastering),['YELLOW MAGIC ORCHESTRA'],285893,1981,False,,0.725,0.938,0.20800000000000002,0.8590000000000001,97.539
4PVlJYjXvVwL5Z36XSGHwP,灯 (2019 Bob Ludwig Remastering),['YELLOW MAGIC ORCHESTRA'],220067,1981,False,,0.667,0.8859999999999999,0.134,0.778,125.546
6PPW11vRP4i6PFieTUmggJ,体操 (2019 Bob Ludwig Remastering),['YELLOW MAGIC ORCHESTRA'],261400,1981,False,,0.7709999999999999,0.973,0.337,0.706,121.295
2gDeV5YfzTo9TkyOmhrRK0,灰色の段階 (2019 Bob Ludwig Remastering),['YELLOW MAGIC ORCHESTRA'],333160,1981,False,,0.7340000000000001,0.611,0.0762,0.862,114.85
4uPgJLlMnSZp73kqM1ggwE,手掛かり (2019 Bob Ludwig Remastering),['YELLOW MAGIC ORCHESTRA'],275773,1981,False,,0.622,0.976,0.00292,0.535,136.213
4xrPLLKShukdr0a35M7bXW,前奏 (2019 Bob Ludwig Remastering),['YELLOW MAGIC ORCHESTRA'],151573,1981,False,,0.349,0.159,0.988,0.428,103.825
1TmCnsOg4XVT7UHc6Fw2sm,後奏 (2019 Bob Ludwig Remastering),['YELLOW MAGIC ORCHESTRA'],261587,1981,False,,0.483,0.4370000000000001,0.254,0.12300000000000001,76.018
7BFuSAsaR5EvYxWE4B2Why,雷電 - Live Version,['YELLOW MAGIC ORCHESTRA'],314907,1980,False,,0.5489999999999999,0.9129999999999999,0.00245,0.7090000000000001,137.356
3k9S12N51Z6pTlboMneG4u,東風 - Live Version,['YELLOW MAGIC ORCHESTRA'],416933,1980,False,,0.518,0.946,0.0107,0.307,141.937
4HEXWhjI7CK0SwbwllIqCg,中国女 - Live Version,['YELLOW MAGIC ORCHESTRA'],380960,1980,False,,0.535,0.812,0.0149,0.825,143.291
7G1sVwrOMDULbm28gLHKbs,Cherry (feat. Night Tempo & Punipunidenki),"['Macross 82-99', 'Night Tempo', 'ぷにぷに電機']",235625,2017,False,,0.64,0.853,0.253,0.44299999999999995,100.03
2AZJf9iBi6ImHIVAVhUw6L,林檎,['Soma Saito'],218813,2019,False,,0.634,0.722,0.0317,0.42100000000000004,101.929
0Xcz0Q6uMq66GnXv7630Sm,雪の降る街で、あなたを待っている。,"[""Snail's House""]",195410,2018,False,,0.275,0.536,0.6509999999999999,0.0728,130.991
4Azd18vgpAqlvrcb3KAHJo,誰にも言わない,['Hikaru Utada'],278936,2020,False,,0.512,0.56,0.39899999999999997,0.386,95.105
2LyGuxzZ9ocgUQHxWxLFkx,Shoelaces,"['2ToneDisco', 'Cosmicosmo', 'ぷにぷに電機']",195254,2020,False,,0.805,0.638,0.121,0.51,118.01299999999999
5KXFXy4XdFa4wlSOIY9RI3,你没有名字,['The Life Journey'],246000,2020,False,,0.5670000000000001,0.87,0.371,0.599,100.00399999999999
7phseVTXeNlMNIg2GQktNB,红色的河,['The Life Journey'],277000,2020,False,,0.546,0.527,0.23600000000000002,0.366,109.90899999999999
5fbN3obEfWhWz443nlxHDT,温柔的代价,['The Life Journey'],307000,2020,False,,0.511,0.42,0.619,0.19699999999999998,103.936
2aPdCdNDAtWOji2Gd1ZuDU,风定忧深,['The Life Journey'],322000,2020,False,,0.418,0.489,0.371,0.0933,127.904
0SFIz0iQ7THHGGFrHoXknj,椰林少女,['The Life Journey'],243000,2020,False,,0.287,0.7290000000000001,0.191,0.354,143.82299999999995
14oLeFcuWqY0e8HV3emBd7,生命的独特,['The Life Journey'],226000,2020,False,,0.529,0.754,0.0025800000000000003,0.295,123.943
2s6uS08mBWlHZl8olt7p4G,夜明灯,['The Life Journey'],177000,2020,False,,0.376,0.591,0.41100000000000003,0.0861,140.063
1DBe5jhX4p8WfVT72cHwcp,红色的河(旅行团 & 吳青峰),"['The Life Journey', '吳青峰']",287425,2020,False,,0.517,0.516,0.564,0.37799999999999995,109.915
5SLqmmfbdtgs3VtZYGBzSz,体操/TAISO,['YELLOW MAGIC ORCHESTRA'],262493,1999,False,,0.73,0.975,0.42,0.6559999999999999,121.302
371GT0i608hwRAFL0xQExa,以心電信/YOU'VE GOT TO HELP YOURSELF,['YELLOW MAGIC ORCHESTRA'],283760,1999,False,,0.63,0.8740000000000001,0.0772,0.775,124.42399999999999
3v6TIMURmLBcG11bVgrhIF,東風/TONG POO (SPECIAL DJ COPY) - Special DJ Copy,['YELLOW MAGIC ORCHESTRA'],369627,1999,False,,0.642,0.718,0.00282,0.532,135.305
2czb4A6lMa1rgdCIF5hUxZ,中国女/LA FEMME CHINOISE (ACOUSTIC VERSION) - Acoustic Version,['YELLOW MAGIC ORCHESTRA'],146000,1999,False,,0.635,0.368,0.7340000000000001,0.672,134.578
67rAdAV6rFzKPZTSh6WL1t,君に、胸キュン。-浮気なヴァカンス-,['YELLOW MAGIC ORCHESTRA'],248427,1999,False,,0.623,0.9420000000000001,0.317,0.8290000000000001,142.43
228DmXMeU5FUTY0IS0Tqso,花はどこへ行った? (アコースティック・ヴァージョン) - Acoustic Version,['YELLOW MAGIC ORCHESTRA'],200840,1999,False,,0.563,0.221,0.6409999999999999,0.556,135.035
3dPtXHP0oXQ4HCWHsOA9js,夜に駆ける,['YOASOBI'],261013,2019,False,,0.67,0.8740000000000001,0.00231,0.789,130.041
4BE1OloRc9xwjyqA4wFFuN,あの夢をなぞって,['YOASOBI'],242667,2020,False,,0.537,0.7929999999999999,0.217,0.73,180.02900000000002
0w9oABBeRugfsS51Tseuov,栄光の朝,['フィフィ・ザ・フリー'],216707,2006,False,,0.4,0.413,0.38,0.369,124.62200000000001
32sH495hp2g0CqnJrUdpKW,SWEET MORNING RAIN,['赤い鳥'],159893,2006,False,,0.396,0.374,0.672,0.40299999999999997,127.711
5fjiJSnVli8od1yQOKR4Wo,地球はメリー・ゴーランド,['Garo'],219200,2006,False,,0.381,0.47700000000000004,0.4970000000000001,0.47100000000000003,136.14700000000002
62YGeGRll5RQTDwumW86mj,土曜の夜に何が起ったか,['石川 晶'],130413,2006,False,,0.266,0.381,0.725,0.446,77.547
7CzIEjZF8a5L9Lbx9yeeWZ,I Would Give You Anything (翼をください),['赤い鳥'],144600,2006,False,,0.429,0.6,0.301,0.488,109.632
6ahSNRq0YfgU4YwqM5l4C3,四つの季節,['笠井 紀美子'],248000,2006,False,,0.569,0.445,0.688,0.18,79.554
5SS0y2R34LrXaItYI0KkQY,思い出は朝陽のように,['川村 純子'],165747,2006,False,,0.418,0.27399999999999997,0.897,0.253,95.435
4wgCos63kmZECi8BWE0Opg,BETWEEN THE LINES (窓に明りがともる時)(英語バージョン),['赤い鳥'],210267,2006,False,,0.298,0.419,0.87,0.341,139.047
7qMpMsJTWYR4B4ELHnf305,僕を呼んでおくれ,['Mao'],226547,2006,False,,0.434,0.6559999999999999,0.20600000000000002,0.878,185.385
54OfSF66dnojiO85syO4JA,愛ある限り,['成田 賢'],179240,2006,False,,0.387,0.5589999999999999,0.632,0.47,101.527
3cucrCnxBLl1KfB68DyBn3,菩提樹の丘,['デビッド & ミッシェル'],179533,2006,False,,0.5539999999999999,0.46,0.895,0.578,142.226
0UkSmYqOItmOKlUleeqU9Z,恋人と来ないで,['パイシス'],237053,2006,False,,0.589,0.47700000000000004,0.863,0.5379999999999999,122.256
18SyJzHZLDYoAeM39xX775,美しい星,['赤い鳥'],146787,2006,False,,0.503,0.341,0.696,0.39799999999999996,90.089
62GEZWbOf4Pcz4Fch2jfYz,恋の朝焼け,['石川 晶'],178013,2006,False,,0.58,0.259,0.816,0.45799999999999996,93.31
4gLe0k54ph93kzNvh8V2PV,窓を横切る雲,['笠井 紀美子'],218440,2006,False,,0.652,0.632,0.389,0.643,89.454
7GVN77klc8ffYRhPh4eNdE,四つの季節,['Mao'],235333,2006,False,,0.604,0.525,0.565,0.433,86.234
4m2TWSIcC6SG4Bfw2bD0OF,陽だまり,['パイシス'],182373,2006,False,,0.32,0.39,0.747,0.262,170.486
6eGhRE0eM6rMh1KJPW8ZAe,幸せになるため,['Hi-Fi Set'],215707,2006,False,,0.287,0.3720000000000001,0.825,0.2,178.456
1iFdZeDRDDW55Z1rtR2YWe,美しすぎて,['Garo'],228467,2006,False,,0.532,0.504,0.546,0.5,138.746
4AWdIWgTsoq7B5bRzuKXyO,入夢,['易烊千璽'],129706,2020,False,,0.381,0.0764,0.972,0.0599,74.934
6WNq4NYSzFe0yKh3gMN02e,末日長河,['易烊千璽'],224299,2020,False,,0.462,0.5,0.377,0.10099999999999999,126.874
4UQfCUZyjZLMmjhUZuG3M6,犧牲的一半,['易烊千璽'],267984,2020,False,,0.42100000000000004,0.617,0.0557,0.159,139.911
45JjbDqdexI4OWDzirwk2w,"再一, 再二, 再三",['易烊千璽'],295615,2020,False,,0.249,0.136,0.787,0.179,88.28299999999999
7pCvI7VDcjh6MVvam4NfCH,兩個傍晚的月亮,['易烊千璽'],218026,2020,False,,0.4,0.418,0.67,0.0815,59.82
6jrWbyaymFVaEfm39ylxlD,Gone,['易烊千璽'],210000,2020,False,,0.723,0.621,0.0499,0.488,98.95100000000001
1VO6cC8Fj6zvEPlbAcqMPK,酣然,['易烊千璽'],100684,2020,False,,0.637,0.501,0.8370000000000001,0.22699999999999998,70.001
0tCImrncmeflvQM4NaSlvA,冷靜和熱情之間,['易烊千璽'],282715,2020,False,,0.47200000000000003,0.693,0.0941,0.264,104.919
01ZAaJfoMf6Y3YPhfM06is,Fall,['易烊千璽'],200084,2020,False,,0.8079999999999999,0.5770000000000001,0.268,0.865,139.991
1QAFx5mSrxDjbs3yzmmnRH,I Adore You,['易烊千璽'],249507,2020,False,,0.41600000000000004,0.623,0.418,0.37799999999999995,128.405
3rRmIDZar3vcSedsFSD7RU,陷落美好,['易烊千璽'],311357,2020,False,,0.527,0.51,0.242,0.345,120.04899999999999
1OvuQSKqYOl9wT1jItVIQo,念想 - 鋼琴版,['易烊千璽'],265588,2020,False,,0.433,0.22399999999999998,0.9129999999999999,0.289,136.325
2IJmygG3Tk9D4gjda1UJNG,初醒,['易烊千璽'],132497,2020,False,,0.344,0.331,0.7759999999999999,0.105,70.423
5ZwDNdZHE1HC4nJPWG321K,抱かれに来た女,['Kingo Hamada'],269467,1982,False,,0.7,0.521,0.272,0.737,146.471
4QOB3WJzxpDPktb2VupfIn,横顔のタクシー・ドライバー,['Kingo Hamada'],256133,1982,False,,0.6729999999999999,0.489,0.55,0.322,125.90799999999999
5w6EvyvomUSWsF430iixmc,街のドルフィン,['Kingo Hamada'],232893,1982,False,,0.73,0.535,0.255,0.4920000000000001,122.537
4al5hhAQnvaxIXRtusK5dh,せめてからりと晴れてくれ,['Kingo Hamada'],339933,1982,False,,0.565,0.528,0.518,0.662,150.22799999999995
0FB1OyzCwf0CRud0n28Vmk,シャワールームのある風景,['Kingo Hamada'],312173,1982,False,,0.251,0.19399999999999998,0.7759999999999999,0.175,182.69299999999998
02XvY5kEwUa5bzl7N0aCUn,真夜中のテニスコート,['Kingo Hamada'],260827,1982,False,,0.397,0.304,0.836,0.0749,118.926
0JO9ockajXMWCerjHfeE87,Throw your laptop on the fire feat. 小室哲哉,['tofubeats'],300893,2015,False,,0.604,0.929,0.000315,0.605,134.922
0cmpaEz9k3FCpXrZeG6zE6,すてきなメゾン feat. 玉城ティナ,"['tofubeats', 'Tina Tamashiro']",251387,2015,False,,0.779,0.637,0.531,0.636,122.995
4MxIJwuTXKqndVmCBVU2X0,くりかえしのMUSIC feat. 岸田繁(くるり),"['tofubeats', 'Shigeru Kishida']",301507,2015,False,,0.772,0.488,0.0478,0.907,111.999
3mW1XEZZ6jKyd5WYikkxw4,閑話休題,['tofubeats'],97307,2015,False,,0.8109999999999999,0.513,0.0725,0.54,89.11399999999998
0VVKBOhrcYuvsu2nJmBhxD,別の人間 feat. 中納良恵(EGO-WRAPPIN'),"['tofubeats', 'Yoshie Nakano']",247480,2015,False,,0.478,0.177,0.9329999999999999,0.138,92.97200000000001
2BHrSlI2OTjWSQiMtkJdL0,猫 - Live,['Minako Yoshida'],140133,1983,False,,0.366,0.633,0.000185,0.547,97.234
1MJxkHHEY58T5os2fJOqvL,愛は思うまま - Live,['Minako Yoshida'],234920,1983,False,,0.588,0.731,0.0025,0.685,124.697
1vZp7JpSXqPnLHPWaHzVCk,海 - Live,['Minako Yoshida'],296640,1983,False,,0.531,0.862,0.0601,0.526,86.20299999999996
58UIRfejEHyRbe4T0Xb4Qu,頬に夜の灯,['Minako Yoshida'],342427,1982,False,,0.49,0.7090000000000001,0.305,0.866,73.736
1f7Ff5cRgE49Xz6gExTspk,風,['Minako Yoshida'],412600,1982,False,,0.501,0.4970000000000001,0.373,0.35,115.681
2OwlyiG41WcFKYuF86fjB0,斜陽(REFLECTION),['Minako Yoshida'],341160,1982,False,,0.6709999999999999,0.706,0.171,0.845,96.734
2f2gBI0ssfQTfY5kASREDI,時の向こう,['Minako Yoshida'],306440,1982,False,,0.46399999999999997,0.375,0.37799999999999995,0.0923,113.583
5dw0J2KxrVIXS1OX7beQvP,窓 (Moment of Twilight),['Minako Yoshida'],341693,1981,False,,0.528,0.38299999999999995,0.5660000000000001,0.285,115.80799999999999
5yJYTraiyZ3YC8wV4BFBd0,つかの間の時へ (Back In Town),['Minako Yoshida'],185733,1981,False,,0.183,0.251,0.966,0.106,94.7
4T2BJdbguAeduwjwS37gwi,午後 (AFTERNOON),['Minako Yoshida'],287973,1980,False,,0.39299999999999996,0.205,0.865,0.073,135.262
7dzfzHiaaVH2ysVuJ0sgju,Ride - Yoru 夜 Remix,"['Moonraccoon', 'Gryff', 'Yoru 夜']",232836,2019,False,,0.493,0.932,0.000802,0.48200000000000004,133.97799999999998
4lhLMvGhv3xjeRb395HxOc,時としてバイオレンス,['halca'],228280,2020,False,,0.40700000000000003,0.9440000000000001,0.0027199999999999998,0.537,182.06799999999998
3FHpy90xk0ODT5Ox345ZaU,時としてバイオレンス -instrumental- - Instrumental,['halca'],227613,2020,False,,0.389,0.9259999999999999,2.23e-05,0.40299999999999997,182.005
0FmmzXaxqRKaGsBahgsjqO,Rara (feat. Lexie Liu),"['Curtis (冷炫忱)', 'Lexie Liu']",195600,2018,False,,0.545,0.9279999999999999,0.0032700000000000003,0.34,149.969
1ZBhrIxwuiDVB0NDkyekgN,るるちゃんの自殺配信,['Shinsei Kamattechan'],239255,2019,False,,0.35700000000000004,0.873,0.00233,0.858,198.15599999999998
2RSOVF19SzLrFHgF3HWB4h,毎日がニュース,['Shinsei Kamattechan'],222583,2019,False,,0.5329999999999999,0.899,0.006940000000000001,0.622,136.15
2F9fCoxYOkgX83ijOuLqrP,聖マリ,['Shinsei Kamattechan'],236198,2019,False,,0.415,0.9540000000000001,0.0013599999999999999,0.20199999999999999,150.045
2WaKrWwcezqpt5D8Ls4peu,静かなあの子,['Shinsei Kamattechan'],271016,2019,False,,0.45299999999999996,0.8759999999999999,0.00033,0.614,138.006
1Ry472h3MTFkQtDkhVpebv,バイ菌1号,['Shinsei Kamattechan'],249833,2019,False,,0.54,0.961,0.0112,0.805,135.048
2M4ZtSHsZLAe0xBFxiQAQS,ゲーム実況してる女の子,['Shinsei Kamattechan'],228392,2019,False,,0.4370000000000001,0.99,0.0961,0.6679999999999999,158.028
6DIimSDpLEvttkSJquTvGo,幽霊少女シニテー,['Shinsei Kamattechan'],189999,2019,False,,0.433,0.897,0.0103,0.611,142.211
2osJ4MOErjRWRCNkpUtoVm,夜空の虫とどこまでも - 2019 Rec ver.,['Shinsei Kamattechan'],269219,2019,False,,0.22,0.8320000000000001,3.37e-05,0.44799999999999995,104.13
5WJl500N4qcSDu8wJB9pyj,匿名希望くん,['Shinsei Kamattechan'],175753,2019,False,,0.38799999999999996,0.6940000000000001,0.511,0.466,120.177
7E4aB7Zhvlym8rFYGpWeLQ,春を待って,['WANIMA'],227600,2020,False,,0.446,0.988,0.00634,0.265,100.01100000000001
4VDURZ7Vt7Wd0ED5TzUcNO,初恋,['Hikaru Utada'],280880,2018,False,,0.429,0.322,0.792,0.43,92.81299999999999
3NeYF8TmfqpsFnLCSvPrYb,誓い,['Hikaru Utada'],273613,2018,False,,0.41,0.639,0.621,0.368,126.59899999999999
2szVEuaJnlhaZpZl2aFgWb,パクチーの唄,['Hikaru Utada'],223747,2018,False,,0.586,0.282,0.754,0.3670000000000001,137.879
0YsuZYIPhOoCpRn2oAB7yz,残り香,['Hikaru Utada'],218547,2018,False,,0.442,0.34,0.401,0.115,77.014
0x1yUsXEmKG6hGYKztpUsa,大空で抱きしめて,['Hikaru Utada'],274613,2018,False,,0.469,0.598,0.569,0.48,178.037
3TNhBss69PzTJ7Nq23HYfj,夕凪,['Hikaru Utada'],284640,2018,False,,0.509,0.45799999999999996,0.591,0.23399999999999999,119.87100000000001
6RMMpV9lyXC6K7Wv9IivUH,嫉妬されるべき人生,['Hikaru Utada'],288947,2018,False,,0.67,0.546,0.322,0.7390000000000001,102.052
40ddxSI8QqRtrfdgdPICHp,Amour levant -若き日の望楼-,['Taeko Onuki'],229307,1984,False,,0.26,0.146,0.9840000000000001,0.0745,82.17
73m94meUyDzWLN9LbcUHFR,輪舞,['Taeko Onuki'],183533,1984,False,,0.452,0.203,0.951,0.344,144.29
0t8LPgxEVlX74GlAcknvhl,宇宙みつけた,['Taeko Onuki'],224467,1984,False,,0.78,0.73,0.474,0.7390000000000001,123.22
3TRrqNqypKEZdylgquyYNL,雨の夜明け,['Taeko Onuki'],260733,1984,False,,0.428,0.35600000000000004,0.862,0.201,103.956
2F97rwfSlRUxq2hlqoIDFC,夏に恋する女たち,['Taeko Onuki'],299733,1984,False,,0.163,0.27699999999999997,0.853,0.077,91.522
1n6Min1LlDwBZ8PoRgBFVI,メトロポリタン美術館,['Taeko Onuki'],139507,1984,False,,0.932,0.6,0.914,0.517,122.845
0u5mPT410mpiPUnj2sH8v5,夏に恋する女たち,['Taeko Onuki'],283907,1983,False,,0.65,0.645,0.748,0.607,102.26
2ESabAr5N12WiaqbuRtXao,幻惑,['Taeko Onuki'],295400,1983,False,,0.8320000000000001,0.4970000000000001,0.442,0.9079999999999999,116.41
3YDG1X1MG7tZoQubUlFPzE,SIGNE<記号>,['Taeko Onuki'],254067,1983,False,,0.768,0.726,0.278,0.782,126.322
1fRmBFdjRAio302yPeLAVX,PATIO<中庭>,['Taeko Onuki'],232093,1983,False,,0.584,0.195,0.958,0.214,101.664
7zJpYf2bvb4MtRFeq4Krlf,RECIPE <調理法>,['Taeko Onuki'],213800,1983,False,,0.8170000000000001,0.774,0.6459999999999999,0.865,129.97
3SSXWDKaYAfDNjEIRklrlv,エル・トゥルマニエ <虹の神>,['Taeko Onuki'],197573,1983,False,,0.632,0.35600000000000004,0.828,0.371,111.76899999999999
7fR6bZVkLFbwcOs3PGCU9X,恋人達の明日,['Taeko Onuki'],248240,1981,False,,0.7090000000000001,0.637,0.595,0.7659999999999999,136.888
32dcMnnjiFkZX07xhK5IjL,愛の行方,['Taeko Onuki'],219933,1981,False,,0.652,0.327,0.9690000000000001,0.096,98.126
3VnN9i4A3wLEGR5EM2ehOg,ブリーカー・ストリートの青春,['Taeko Onuki'],222667,1981,False,,0.645,0.381,0.647,0.418,119.851
4mkBuC9aaagqgXAHdn9GLL,最後の日付,['Taeko Onuki'],208440,1981,False,,0.41200000000000003,0.386,0.6,0.19699999999999998,146.93200000000004
6Hj4vRdmAsVUMjyQ0FPoJu,黒のクレール,['Taeko Onuki'],299667,1981,False,,0.5329999999999999,0.45,0.491,0.327,98.78
0N33fF9fGSZyoesFFx7wWj,色彩都市,['Taeko Onuki'],214240,1981,False,,0.899,0.5479999999999999,0.584,0.818,108.975
3u03Fg87SbvQiheq7AIF5N,風の道,['Taeko Onuki'],212973,1981,False,,0.27399999999999997,0.11599999999999999,0.9159999999999999,0.0472,74.749
38KUgDCeOLW9UQP7v2iSlv,光のカーニバル,['Taeko Onuki'],196960,1981,False,,0.21,0.331,0.539,0.4320000000000001,62.653999999999996
6tgTR8F5WRsGKsYvhMLgCR,憶ひ出 (MEMOIRE),['Taeko Onuki'],222707,1981,False,,0.131,0.276,0.708,0.0985,75.208
6bCpmYfEX3ByE41BkQm49q,夏色の服,['Taeko Onuki'],191200,1981,False,,0.32299999999999995,0.0696,0.9670000000000001,0.14300000000000002,152.135
6h8qcJaAdF2QnuySmUM1zt,黒のクレール (REPRISE) - Reprise,['Taeko Onuki'],190640,1981,False,,0.233,0.0885,0.8740000000000001,0.0686,81.15899999999998
54EVqfhEyjxSbEaJDvYkJt,雨の夜明け,['Taeko Onuki'],273480,1980,False,,0.6,0.361,0.6509999999999999,0.2,98.039
3jhGeXG4lsdxZRnKU4ECWu,若き日の望楼,['Taeko Onuki'],235867,1980,False,,0.44299999999999995,0.363,0.736,0.214,174.993
0BTDC4NwsNwFcvrfsLt1nJ,果てなき旅情,['Taeko Onuki'],284440,1980,False,,0.406,0.491,0.19,0.27699999999999997,116.057
2yN3tx6Emr5urMSeCmWG3s,軽蔑,['Taeko Onuki'],221707,1980,False,,0.705,0.6609999999999999,0.0484,0.648,127.992
6W9aQtXRg6wkqYQ6dijvSz,新しいシャツ,['Taeko Onuki'],242067,1980,False,,0.532,0.324,0.847,0.102,147.57
7wOTEQPNsvK0IFUEOSRqVS,蜃気楼の街,['Taeko Onuki'],169160,1980,False,,0.55,0.474,0.765,0.8009999999999999,128.047
1s81gaoImpjQd0Sgv4WIVN,愛にすくわれたい,['Taeko Onuki'],191240,1980,False,,0.648,0.512,0.794,0.721,122.984
2dFUtZtpWydAU4QMmUOK47,恢复,['２８１４'],351200,2015,False,,0.315,0.395,0.9179999999999999,0.052000000000000005,87.84700000000002
3tRNZWwNVqJc4Swf48Qu9Z,遠くの愛好家,['２８１４'],378400,2015,False,,0.159,0.203,0.907,0.0813,132.179
1bivf8GaSEUDXHVUZzwPqn,新宿ゴールデン街,['２８１４'],531600,2015,False,,0.226,0.322,0.105,0.0395,100.04
7pNYDevPRpNiBewv99EdOq,悲哀,['２８１４'],563600,2015,False,,0.6940000000000001,0.5479999999999999,0.752,0.9009999999999999,106.042
2WQp0WTZFKQCM7Wvy3msGL,真実の恋,['２８１４'],432000,2015,False,,0.32,0.528,0.585,0.0389,149.94799999999995
692W5bru0cz8W0qgSCsOqh,新しい日の誕生,['２８１４'],784000,2015,False,,0.379,0.5329999999999999,0.47,0.0391,132.012
4Bd6wvpfY6dAGns1Sh8ouk,恋するSpacegirl,"[""Snail's House""]",272876,2016,False,,0.615,0.9259999999999999,0.0177,0.782,99.98200000000001
1WROWUtdahEPEkdglcO7fx,寒い朝,"[""Snail's House""]",62332,2019,False,,0.657,0.00496,0.9890000000000001,0.0,129.316
24A8u5iR1EDMyG7cd4U6ue,いつもの道,"[""Snail's House""]",244527,2019,False,,0.872,0.725,0.0679,0.21600000000000005,164.062
758QEUo7s4x4GRUrwqtnF0,恋するスペースガール,"[""Snail's House""]",307141,2017,False,,0.5710000000000001,0.909,0.00396,0.27,100.008
6EZUlosG4xMEOwCP1CALpr,忘れ雪,"[""Snail's House""]",296471,2017,False,,0.431,0.537,0.00624,0.6579999999999999,98.738
7Ha8jXusfn0Cs3zvj9PDrJ,爸爸的禮物,['Jason Chan'],272909,2019,False,,0.5820000000000001,0.413,0.695,0.214,82.984
5n9Vh6PVvGs3CcRhCWPDfR,金草莓,['Jason Chan'],269296,2019,False,,0.6459999999999999,0.366,0.695,0.354,137.997
3RJad5z0IBY9q5gYhGM44U,最後的一個收費亭,['Jason Chan'],236406,2019,False,,0.7440000000000001,0.779,0.0516,0.8909999999999999,97.975
4aafks1td7FOtkcHlX3pOS,化出個文化,['Jason Chan'],212534,2019,False,,0.802,0.579,0.0721,0.408,132.963
0meZCkUYgckS6iszjZcc0n,橋下十三郎,['Jason Chan'],226636,2019,False,,0.68,0.59,0.395,0.35,147.016
5HWdSd1X1R2R5zQIep1V2f,七折,['Jason Chan'],255789,2019,False,,0.6679999999999999,0.37799999999999995,0.542,0.3670000000000001,116.398
5iZvySv3UY9v0uq3FMhFZi,本能寺,['Jason Chan'],325894,2019,False,,0.531,0.265,0.42200000000000004,0.0813,124.689
3NLSSxycg1S1Nvdf9JUSvv,彩脳 -TK Side-,['TK from Ling tosite sigure'],274167,2020,False,,0.287,0.946,0.00114,0.47700000000000004,81.964
1TEaMrldCFxhEmtIByV1DE,ワンルームシュガーライフ(Live) @神田明神ホール 2019.7.7 - @ Kandamyoujin Hall 2019.7.7,['Nanawoakari'],168353,2020,False,,0.508,0.966,0.009040000000000001,0.5770000000000001,90.006
1Iw5Y0UXSZ5UbfsYOCSPDd,One Note Samba,['鈴木重子'],147493,1998,False,,0.746,0.209,0.9590000000000001,0.36,84.38
5lDu31dKx1tQWQ4qMfD8hq,夜半の月,['Yoshida Brothers'],234013,2020,False,,0.36,0.222,0.94,0.159,71.774
1MRkNDyI4QKFV8FRkcLjRs,月光,['Yoshida Brothers'],318973,2020,False,,0.645,0.426,0.8859999999999999,0.152,141.632
1wPV9k1f0f5WjRsDTOTyEb,じょんがら 健一,['Yoshida Brothers'],225760,2020,False,,0.508,0.599,0.753,0.377,145.895
11zJLPk1OYyxMREbt5iZE9,じょんがら 良一郎,['Yoshida Brothers'],252573,2020,False,,0.47700000000000004,0.353,0.8270000000000001,0.289,153.999
43A3hjcwtARyqAai3x3lec,輝く,['Yoshida Brothers'],252293,2020,False,,0.519,0.8,0.0555,0.278,150.061
7u1kIrpwT2eEV74IIGY16Q,DENSHI DISCO MITSURIN,"['ぷにぷに電機', 'SAYOHIMEBOU']",221333,2020,False,,0.541,0.968,0.0031100000000000004,0.7609999999999999,179.998
1nqfj7zqsWyhRmoqF1NwYF,Weak Flesh,"['ぷにぷに電機', 'oriik internet']",165600,2020,False,,0.637,0.924,0.78,0.862,174.912
6jqa6agkThQxT3akMMmPMV,metamorphose,"['ぷにぷに電機', 'Dirty Androids']",192000,2020,False,,0.6890000000000001,0.7879999999999999,0.11,0.596,105.00399999999999
17SLrA4t7tRM6uQijf57p2,goodbye to paradise - Private Ver.,['ぷにぷに電機'],259714,2020,False,,0.7070000000000001,0.53,0.63,0.359,139.871
5uw7pTl6noPq8YGQo21oRh,闇深キモノ (Yami Hukaki Mono),['AYAKASI KAGURA'],163971,2019,False,,0.535,0.95,0.000285,0.251,122.87
3KckGwOo2ZM7ycl6cq8avo,是空 (Zeku),['AYAKASI KAGURA'],211069,2019,False,,0.375,0.992,0.000721,0.10800000000000001,168.10299999999995
3Y9f08yNUjyel4TvhnK08K,底無シ沼 (Sokonashi Numa),['AYAKASI KAGURA'],245055,2019,False,,0.483,0.982,0.008159999999999999,0.23600000000000002,130.002
0ivCnFLnjjgjDSRMSz0kik,Dream Diver (feat. 巡音ルカ),['Mr.Kitty'],263116,2017,False,,0.568,0.877,0.00144,0.23800000000000002,134.985
5gCn786KSPw5WGBkMfR6jK,爱 - I Love You 3000 Chinese Version,['Jackson Wang'],210160,2019,False,,0.494,0.374,0.9079999999999999,0.221,180.04
74p24yUzO0uiZmt8v0G4Hg,爱 - I Love You 3000 Chinese Version,['Jackson Wang'],210160,2019,False,,0.494,0.374,0.9079999999999999,0.221,180.04
72HqcpqN3iC64FKqyfRQLc,無罪者,['a crowd of rebellion'],238633,2020,False,,0.506,0.982,0.00011100000000000001,0.28,124.89299999999999
6AkgOhJCppd0yed6NcMYKq,未完成な光たち,['福原 遥'],269560,2019,False,,0.638,0.852,0.0982,0.682,103.00299999999999
0DHmyQK7nSA0t4KoriNXW5,箱庭のサマー,['福原 遥'],205000,2019,False,,0.684,0.7440000000000001,0.0117,0.5539999999999999,126.0
2F6mKxLwev9Zzxt4N6Metd,未完成な光たち (Instrumental),['福原 遥'],267760,2019,False,,0.5660000000000001,0.72,5.7499999999999995e-05,0.39799999999999996,102.988
1zZ2ZLR3MxGUayIkO1IW4J,透明クリア,['福原 遥'],263080,2020,False,,0.469,0.9109999999999999,0.0511,0.5820000000000001,81.96
6MHgNm7X2Odaoc1WwQnN6U,モノクローム,['福原 遥'],246467,2020,False,,0.568,0.948,0.237,0.909,142.042
2cgieoxtIVcmHsHAHg9Awy,透明クリア (Instrumental),['福原 遥'],261653,2020,False,,0.47700000000000004,0.9229999999999999,0.000484,0.804,163.96
0VTl4rkmxzF6wLKT0eIdqm,Who Am I Am? (何者何だ?),['Maja'],194133,2007,False,,0.769,0.815,0.122,0.546,94.01100000000001
33VV3crvBb5tOnLS9ebyfx,His Will (彼の物語),['Maja'],234000,2007,False,,0.682,0.8059999999999999,0.11800000000000001,0.442,82.766
0rcL5qoNWrV2MNIWTVeHbU,ANIME (アニメ見る時),['Maja'],250600,2007,False,,0.8,0.758,0.45299999999999996,0.775,90.04899999999998
1IYN3VqZzehgwh5NqnavIQ,IDEA (理想),['TAEMIN'],193547,2020,False,,0.48,0.813,0.00456,0.7,120.88799999999999
50pfYAGyW35PQNxCPK0TXQ,風に吹かれて,['福原 遥'],272000,2020,False,,0.396,0.594,0.322,0.387,180.08
4BVg6vxZi4DPw4vrtJ8nj4,ハンドメイドセカイ,['福原 遥'],230707,2020,False,,0.602,0.9109999999999999,0.102,0.569,170.06900000000005
0IGufWaMj6i67dLMTGoE8R,風に吹かれて Instrumental - Instrumental,['福原 遥'],272000,2020,False,,0.41100000000000003,0.573,0.0010199999999999999,0.272,179.959
