id,name,artists,duration_ms,year,explicit,spotify_popularity,danceability,energy,acousticness,valence,tempo
7eBg0445041Ie3GlHvmCaM,Quemarropa,['Aterciopelados'],205800,2000,False,,0.608,0.8759999999999999,0.0219,0.62,112.101
2pzzUdIGsPQPITiovdd7CI,Quieto Veneno,['Aterciopelados'],72760,1994,False,,0.5760000000000001,0.8640000000000001,0.141,0.898,149.89600000000004
4OpDlzgyoP0XTJr4VPZFOo,Quest for the Royal Crown,['Zephaniah'],543000,2016,False,,0.243,0.988,0.00617,0.149,98.773
2FAqQM3Lp4Y0ibBbVvxGlB,Quand l'espoir meurt,['Taktika'],351853,2015,False,,0.498,0.841,0.14300000000000002,0.0646,93.37799999999999
3p9gcryjYh59roC4Hr27nE,Qui je suis,['Kyo'],225307,2004,False,,0.33399999999999996,0.773,0.0015199999999999999,0.326,156.47
1UUqS373FxnT7ZdHf7rwP6,Druggie,"['Backwood Q', 'Rich Pablo', 'Richie Volvo']",196045,2018,True,,0.8290000000000001,0.262,0.51,0.647,125.021
68tyJHn669vwQDjfZZiEbs,Rose Royce,"['Preservation', 'Quelle Chris']",167107,2020,True,,0.5539999999999999,0.821,0.193,0.402,91.976
5VmkoEzkAa7jAxEM7SKKZq,Intro- Shout Outs,['San Quentin Mixtape'],190638,2020,False,,0.39899999999999997,0.86,0.7170000000000001,0.7170000000000001,91.57600000000001
3FNeNlFqrTeqPBDn0P2zBx,Learn From My Mistakes,"['San Quentin Mixtape', 'David Jassey', 'Le Joe']",128000,2020,False,,0.873,0.5720000000000001,0.214,0.7909999999999999,119.947
6X3H8WJ9RDJS2BtLyRWoPV,U Were Saying,"['San Quentin Mixtape', 'JoJo']",211948,2020,False,,0.6509999999999999,0.474,0.228,0.494,77.499
3kys23byXspVF6CT1ZbPTC,Hard Times,"['San Quentin Mixtape', 'David Jassy', 'Dutta', 'Le Joe']",225231,2020,False,,0.644,0.639,0.0243,0.408,129.842
5xruXAd1xkP8z1gHo7e2UQ,Window Pain,"['San Quentin Mixtape', 'Dutta', 'Dope', 'Le Joe']",234800,2020,False,,0.736,0.48100000000000004,0.00662,0.5,88.01299999999998
3daU3y0nYiqJww1VjUEBd9,Barz,"['San Quentin Mixtape', 'J Stone']",158823,2020,False,,0.764,0.579,0.0189,0.375,136.003
0U4iBnAErHznpGpAi4uuzD,Dear Mama,"['San Quentin Mixtape', 'Kam']",240498,2020,False,,0.606,0.526,0.0995,0.524,90.02
7g1YJ6cKp1vU7WG2lfVZ1W,Speed Limit,"['San Quentin Mixtape', 'poppa', 'Slicka']",212093,2020,False,,0.613,0.431,0.209,0.551,172.092
15QmG33NrMBFu3ScHuLwG9,U Don't Know,"['San Quentin Mixtape', 'Scoob Stacks']",213333,2020,False,,0.778,0.5579999999999999,0.0030600000000000002,0.478,89.973
7xl6tDFzGvcZ5AjTB8OYtb,Sunrise Over San Quentin,"['San Quentin Mixtape', 'David Jassy', 'Tre Reddi']",252706,2020,False,,0.609,0.534,0.0435,0.495,134.987
52tV9azPvNDYQDH6agCi1b,Rich People Problems,"['San Quentin Mixtape', 'Thanh']",181667,2020,False,,0.7809999999999999,0.424,0.209,0.7140000000000001,96.185
4hypTVFuYEYWgRrK3H4LVo,One Daughter,"['San Quentin Mixtape', 'Le Joe', 'Fooley- On']",186354,2020,False,,0.55,0.573,0.0198,0.444,82.95
5fGhd944z1N0ltGU9blW4u,Same Prison As My Grandfather,"['San Quentin Mixtape', 'Dinero G', 'David Jassy']",197333,2020,False,,0.7659999999999999,0.537,0.0906,0.272,179.88
6QBlOXsnD9jpr3AqfQJE3v,Break The Mold,"['San Quentin Mixtape', 'Maserati E']",218880,2020,False,,0.6629999999999999,0.6679999999999999,0.00823,0.369,125.21
2ac1ImsxvrrVsPhlHGU0CB,Diamonds,"['San Quentin Mixtape', 'David Jassy', 'Flock']",251066,2020,False,,0.774,0.43799999999999994,0.0014,0.46399999999999997,94.02
3eS4w5rtDJjyoDglO5tMDm,Forward,"['San Quentin Mixtape', 'David Jassy', 'Dre']",167010,2020,False,,0.831,0.648,0.00626,0.736,97.027
6wlToWyzzLRJjGY7inwou1,Chicken Got The Chow Hall Packed,"['San Quentin Mixtape', 'Fly Khi']",147961,2020,False,,0.773,0.605,0.109,0.27899999999999997,95.01100000000001
3R6td84ePA91KhkC59t00S,Change da Game,"['DJ Quik', 'Mausberg', 'James DeBarge']",244520,2000,True,,0.895,0.504,0.00855,0.545,101.204
6w8snPwD79KEwGYycSEBsC,Did Y'all Feel Dat?,"['DJ Quik', 'Skaboobie', 'Mausberg']",207613,2000,True,,0.816,0.637,0.0834,0.395,97.51100000000001
51S2IsrJ1eSm41WMQnn5XS,We Came 2 Play,"['DJ Quik', 'AMG', 'James DeBarge']",229053,2000,True,,0.6679999999999999,0.624,0.0676,0.665,99.471
2hyyA7U1m1pFlZcEyl91jH,Pitch In OnA Party,['DJ Quik'],247120,2000,True,,0.927,0.53,0.0548,0.5670000000000001,106.363
1cOK9Dj5w4mMsZDPCx9hmq,I Don't Wanna Party Wit U,['DJ Quik'],304480,2000,True,,0.94,0.495,0.22899999999999998,0.596,104.45200000000001
63CHqkMYsA422kH1tnRzXf,Motex Records I - Interlude - Dirty Version,['DJ Quik'],103373,2000,True,,0.73,0.307,0.71,0.479,79.89699999999998
4gEySHoOeMvE53ZT1UUNSF,Sexuality,['DJ Quik'],242880,2000,True,,0.97,0.42200000000000004,0.00117,0.785,123.311
2X3IkdGo7iMNatxuv8d5Jb,How Come?,['DJ Quik'],233240,2000,True,,0.8959999999999999,0.44,0.0173,0.563,104.679
57qXlfXMTC91Celx0erjk5,U Ain't Fresh - Club Mix,"['DJ Quik', 'Eric Sermon', 'Kam']",234373,2000,True,,0.589,0.47600000000000003,0.0232,0.721,206.32299999999998
6Y2SxGrxGBcUMsC7QvHx5i,Roger's Groove,['DJ Quik'],168480,2000,True,,0.584,0.867,0.00634,0.474,93.515
6GygVYLGUsVCPPD6gNrwPh,Motex Records II - Interlude-Dirty Version,['DJ Quik'],36493,2000,True,,0.779,0.37799999999999995,0.8759999999999999,0.6659999999999999,96.04899999999999
2KYWT7JPcBaKHbFJAk17q4,Quikker Said Than Dunn,['DJ Quik'],214693,2000,True,,0.652,0.6920000000000001,0.00633,0.594,103.406
6zJaOmKkUeyJLaTr21rzeV,Straight From The Streets - Interlude-Dirty Version,['DJ Quik'],90693,2000,True,,0.599,0.508,0.556,0.337,61.063
56oGmMPDloJvB7eP95ojxL,Speak On It - Club Mix/Dirty Verison,"['DJ Quik', 'Suga Free', 'Mausberg', 'AMG']",152560,2000,True,,0.877,0.6940000000000001,0.0106,0.35600000000000004,98.411
2NTVCyTz4Xi8XrB0s6SCX8,Do Whutcha Want,"['DJ Quik', 'Digital Underground', 'AMG']",307880,2000,True,,0.8320000000000001,0.764,0.0112,0.74,103.60600000000001
4LYIhQso17BglFvoXdlCFQ,Well,"['DJ Quik', 'Mausberg', 'Raphael Saadiq']",341053,2000,True,,0.852,0.479,0.14400000000000002,0.517,98.559
2Y1UvwXBfUnRWkEOf2L9ba,Quik's Groove V,['DJ Quik'],299080,2000,True,,0.758,0.586,0.00124,0.897,207.197
3N3bbZga5ifQWxnzCrm3m2,Do I Love Her? - Dirty Version/Club Mix,"['DJ Quik', 'Suga Free']",250040,2000,True,,0.845,0.618,0.0989,0.703,94.405
6ArOBxOslI00XX6frQu06v,Tha Divorce Song,"['DJ Quik', 'James DeBarge']",272693,2000,True,,0.83,0.465,0.171,0.541,99.851
4KIamhcHN4OAHYhz19GC4x,Balances & Options - Outro,['DJ Quik'],68387,2000,False,,0.871,0.235,0.00528,0.613,100.154
5MJKIRtNSbERipSGhHTLz9,Queen of the Night,['Milestone'],201588,1999,False,,0.562,0.23199999999999998,0.757,0.379,82.988
1nRwyxNsqCLeA17qR8Nfxx,Quit Playing Games (With My Heart),['Backstreet Boys'],233533,1996,False,,0.8,0.875,0.0615,0.882,100.03299999999999
5RCnm5JICS29br4OKibZce,Something To Say,['Finley Quaye'],215400,2003,False,,0.652,0.736,0.0158,0.639,105.164
6VNht3DxIZKgP9cptk0cfQ,Beautiful Nature,['Finley Quaye'],206693,2003,False,,0.647,0.8320000000000001,0.17600000000000002,0.5329999999999999,108.177
2FnhEhKo7KnMqHv8Vfn4DK,Dice,"['Finley Quaye', 'William Orbit']",255107,2003,False,,0.621,0.429,0.0279,0.179,111.12899999999999
31eQ3f0VMOTOpCR7FfSqSw,Waiting for You,['Finley Quaye'],255693,2003,False,,0.57,0.371,0.27,0.196,77.771
7sJjZpUHhgNLElC6pewWLN,Lovers Return,['Finley Quaye'],167040,2003,False,,0.67,0.226,0.78,0.469,92.57600000000001
7acOiSWneb7Rgepyew3WET,Face To Face,['Finley Quaye'],185267,2003,False,,0.633,0.557,0.0281,0.355,100.131
2RwFIbf8vIIabqgLVRSRWY,Overriding Volunteer,['Finley Quaye'],270160,2003,False,,0.585,0.823,0.0186,0.45399999999999996,105.26
0UkMFmBVtHAFoJsvTlUDf0,Living Without You,['Finley Quaye'],225040,2003,False,,0.616,0.7390000000000001,0.00123,0.358,94.256
668QkYzVfBVy3VmV94x3MH,Now and Forever,['Finley Quaye'],236093,2003,False,,0.701,0.654,0.0262,0.579,77.524
1uzvD9hBzNMT7qNKx2YxOf,This Is How I Feel,['Finley Quaye'],203600,2003,False,,0.8959999999999999,0.486,0.0751,0.745,123.265
5gomWIujv6KaSkottqXsOh,Pearls Of Wisdom,['Finley Quaye'],205133,2003,False,,0.778,0.747,0.0653,0.5579999999999999,136.274
2Isto9zWfXxWBbchQi4egh,Adorable,['Finley Quaye'],240200,2003,False,,0.5660000000000001,0.868,0.0005099999999999999,0.39,110.353
1d1rVs9cg4PbFSLwNJTXBZ,Overcome,['Finley Quaye'],241733,2003,False,,0.408,0.8590000000000001,1.1e-05,0.38,82.714
46GpUw2JjPvCJWvQyCWPPZ,Your Love Gets Sweeter,['Finley Quaye'],192600,2003,False,,0.701,0.636,0.617,0.652,92.085
3OcnstvO2GjzZzsnUd4u90,Queen Jane Approximately,['Butchers Blind'],344987,2016,False,,0.7040000000000001,0.7,0.214,0.596,111.928
02HmwzQPhD4bkTmbX8owRq,Quasi-s-pace,['MAZ'],361107,2011,False,,0.43799999999999994,0.41200000000000003,0.523,0.204,111.89399999999999
3sRRy8ScmH2dMjPy9WiVum,Queen of Pain,['Devil Doll'],305707,2002,False,,0.424,0.35700000000000004,0.146,0.332,92.72200000000001
0YeqijlfTBvzG9slqfkxIS,Rock The Body,"['Queen Pen', 'Tracey Lee']",238573,1998,False,,0.88,0.846,0.0161,0.929,103.90799999999999
0EgpGgGRYs7YOkJ8j3e8oC,"?w?, Tristan",['Qntal'],355933,2004,False,,0.23,0.34700000000000003,0.777,0.0299,126.219
0PhPrCTQDfCdlYNBdY01kA,Name Der Rose,['Qntal'],328533,2004,False,,0.62,0.865,0.3,0.4370000000000001,119.97200000000001
0a55fLOuHjdZRVNzdlTYtZ,Maiden In The Mor,['Qntal'],393533,2004,False,,0.281,0.6729999999999999,0.11199999999999999,0.324,179.333
0GIfTDS8BMHliGlgZxm6r9,Lamento De Tristano,['Qntal'],98000,2004,False,,0.171,0.0672,0.00866,0.0329,83.615
45Cm6BCrTLV1n9zgLiltjc,Am Morgen Fruo,['Qntal'],292027,2004,False,,0.4370000000000001,0.8740000000000001,0.0244,0.366,135.013
6dmBxfZhCj1GwbXN5vXGqv,Lasse,['Qntal'],483800,2004,False,,0.469,0.7140000000000001,0.0443,0.0648,149.982
6JxQMmFl1gtBrr2FhqJrfJ,Ecce Gratum,['Qntal'],311373,2004,False,,0.5920000000000001,0.816,0.0508,0.242,161.892
2NGvgltvApYx7c4NPSWgi5,Spiegelglas,['Qntal'],459893,2004,False,,0.203,0.442,0.19899999999999998,0.0394,143.906
4B9qawLzKPqSkrlSRGgMqw,Maravillosos,['Qntal'],242333,2004,False,,0.303,0.792,0.0335,0.38299999999999995,90.044
1SKjvFoAvHdZdkHKU2PdLF,Entre Moi Et Mon Amin,['Qntal'],440933,2004,False,,0.27,0.5720000000000001,0.0278,0.136,152.0
5lfXJZgfpaACV60AnL01wV,Gottinne Minne,['Qntal'],144600,2004,False,,0.226,0.373,0.6659999999999999,0.0519,96.238
1zw6jmBMxLtYLz7be8svB1,Vedes Amigo,['Qntal'],400173,2004,False,,0.406,0.7509999999999999,0.0012699999999999999,0.142,109.97399999999999
6AoiQwcF3nBbIf2vfCfaJH,Verirret,['Qntal'],303133,2004,False,,0.0528,0.000169,0.0238,0.18600000000000005,215.106
1u7rUWnV4SLvkQMAR8VYwM,"Which Side Are You On, Colonel?",['Quasi'],317107,2001,False,,0.33299999999999996,0.495,0.0452,0.2,131.876
7iIOE3HLqqhrq5apWydKGs,Quithmith Pudding (Skit),['Marah'],37893,2005,False,,0.556,0.504,0.8640000000000001,0.9640000000000001,87.368
076I6i75dWatspdI1Nc4ak,Quite Unusual,['MRI'],491800,2008,False,,0.847,0.598,0.000643,0.8490000000000001,124.985
2sR1BWrV9rSCN3R75epBk8,Quiet Afternoon,['Neuroactive'],310747,2001,False,,0.636,0.907,0.317,0.506,105.024
7ffY8V2pLsdyd0uvURF5s8,Quiero Vivir en la Ciudad,['Mecano'],169320,1985,False,,0.479,0.996,0.0219,0.20600000000000002,94.867
6qCKCTdEg6eiMddvth5YXB,Ma' Africa,"['Mahotella Queens', 'Ulali']",288560,2002,False,,0.578,0.9359999999999999,0.0284,0.17,125.037
4pOUu4fZ8ksanvYp1AQKvR,Quickie,['Gobby'],202669,2014,False,,0.569,0.619,0.00447,0.46799999999999997,89.99700000000001
2dcKV8I55LdR6CgXhGXmVU,Better Off Unsaid,['Backwood Q'],165408,2018,True,,0.815,0.467,0.251,0.7559999999999999,127.971
0LjKLjad7WOPInIjsuUiEi,Carry On,['Backwood Q'],153048,2018,True,,0.706,0.545,0.225,0.40399999999999997,80.008
0eHQXLWVzDQjh9doBWJiqW,Fallout Boy,['Backwood Q'],206769,2018,True,,0.884,0.665,0.0044,0.20800000000000002,129.938
2ZgNd6Xc9Xz6RaPPFpuf3d,Druggie,"['Backwood Q', 'Rich Pablo', 'Richie Volvo']",196045,2018,True,,0.8290000000000001,0.262,0.51,0.647,125.021
5uoPlZk362GrhSKARhKQU3,Deep Down,"['Backwood Q', 'Rich Pablo', 'Hudinii']",299208,2018,True,,0.731,0.7090000000000001,0.0361,0.45299999999999996,112.02799999999999
09DxgOKmzifMCHo7soV0bs,Exotic,['Backwood Q'],160056,2018,True,,0.938,0.638,0.226,0.114,120.089
1ZcIBkzzHuLMIuR1pE5jqM,Attachments,['Backwood Q'],225789,2018,True,,0.758,0.578,0.462,0.084,129.987
5xedcXDs7UIjgAkOHJEEyn,Intro- DIVA Platinum Edition,['Ivy Queen'],84000,2004,False,,0.7340000000000001,0.5710000000000001,0.13699999999999998,0.596,80.046
4Q9C1IaOC725za9CdhO66h,Papi Te Quiero,['Ivy Queen'],194000,2004,False,,0.792,0.919,0.0837,0.907,98.991
4jFZaEzXf0H1jkM6cVX83k,Guillaera,['Ivy Queen'],242000,2004,False,,0.647,0.895,0.27899999999999997,0.614,99.93
0unOgsNnD3doaGg9RBmCHw,Drama,['Ivy Queen'],174307,2004,False,,0.609,0.634,0.23600000000000002,0.34700000000000003,186.053
5y3JKzS6W5Zpo2yzHjZbDH,Tuya Soy,['Ivy Queen'],167133,2004,False,,0.7759999999999999,0.885,0.11599999999999999,0.774,91.913
0Q3YjSGNPeasm9t5W1FEGf,Besame,['Ivy Queen'],184520,2004,False,,0.883,0.9620000000000001,0.0896,0.917,97.01899999999999
7oOthWgnJTkQVQT4zdjp6u,Me Acostumbre,['Ivy Queen'],167827,2004,False,,0.65,0.846,0.0768,0.504,143.001
3pWgvf8Hr0sZa8zIp3DwZ0,Alerta,['Ivy Queen'],182787,2004,False,,0.862,0.866,0.16399999999999998,0.789,98.022
528ckE5cgFhKr44If3FsqI,Babe,['Ivy Queen'],196533,2004,False,,0.815,0.726,0.0846,0.623,96.012
7CPNtzRc00wWATVbzWwBel,Sangre,['Ivy Queen'],216907,2004,False,,0.633,0.8059999999999999,0.0815,0.598,92.215
13zIgohfiQ9XvQXr0o2Tik,Tu No Puedes,['Ivy Queen'],216000,2004,False,,0.917,0.903,0.332,0.96,96.029
4T0YdynQUIhicV4W0vA9FU,Money Making,['Ivy Queen'],245027,2004,False,,0.775,0.991,0.114,0.753,89.916
45Q3ZcR1aUWTc8lXgkURtU,Venganza,['Ivy Queen'],187280,2004,False,,0.7509999999999999,0.9159999999999999,0.102,0.774,100.969
2Exaue1cOWD0WkAbTBtoOw,Bounce,['Ivy Queen'],176907,2004,False,,0.785,0.973,0.40299999999999997,0.915,167.882
3ipoPWi09ecAOQ0LJe5b3d,Subelo,['Ivy Queen'],187200,2004,False,,0.616,0.9309999999999999,0.145,0.887,88.265
1odLhINvbOLFRND1dVtpLU,Bailame,['Ivy Queen'],181253,2004,False,,0.8320000000000001,0.9259999999999999,0.0332,0.774,99.01
6zJ0oFdQCJpcojuk7IamPZ,Dile Que Ya,['Ivy Queen'],243413,2004,False,,0.777,0.557,0.00773,0.469,98.005
3MNKKoo5BnV3MBEMiwfUfw,Babe Remix,['Ivy Queen'],197093,2004,False,,0.868,0.8390000000000001,0.23,0.614,96.046
5wFOJPmF5seOFtvvbqElZL,Papi Te Quiero Remix,['Ivy Queen'],194840,2004,False,,0.7609999999999999,0.696,0.14800000000000002,0.457,97.9
4VKI2yBkCE4mWhFBwZp0LU,Quiero Saber,['Ivy Queen'],175533,2004,False,,0.846,0.905,0.139,0.843,95.01799999999999
3UymZgJJBUSLwpAxAQGcdc,Tu No Puedes Remix,['Ivy Queen'],216000,2004,False,,0.8270000000000001,0.937,0.2,0.935,95.97399999999999
7mY1dIaY9vY6Jrlrjg3dRn,Quiero Bailar,['Ivy Queen'],186507,2004,False,,0.836,0.8420000000000001,0.285,0.757,94.946
3dG5QcHyWcoAOp1o6D0PVA,Bridge to Nowhere,['Dave Douglas Quintet'],505587,2013,False,,0.414,0.573,0.6759999999999999,0.5579999999999999,172.257
63Vb89bBTn0OXHkOt1hfXw,Time Travel,['Dave Douglas Quintet'],381067,2013,False,,0.518,0.52,0.7390000000000001,0.46399999999999997,133.451
78HiIh3LF8lfowcNQckwkg,Law of Historical Memory,['Dave Douglas Quintet'],502307,2013,False,,0.38299999999999995,0.308,0.875,0.0355,84.20299999999997
2E0ibvWszZh2sUmyjeFvG4,Beware of Doug,['Dave Douglas Quintet'],350267,2013,False,,0.564,0.593,0.752,0.72,126.336
6DhOPYpflCYH2Kgvxp6VJr,Little Feet,['Dave Douglas Quintet'],557920,2013,False,,0.484,0.46799999999999997,0.782,0.409,124.228
3fBh49zTLoaYVNXLO1tjz9,Garden State,['Dave Douglas Quintet'],336987,2013,False,,0.44799999999999995,0.612,0.6759999999999999,0.51,132.724
702eEuMBI52bUXUv6sVWKU,The Pigeon and the Pie,['Dave Douglas Quintet'],610573,2013,False,,0.42,0.40299999999999997,0.764,0.311,118.715
5AuHtPj9c17QDbeUu9YsOY,Questions,['Frecvens'],138667,2018,False,,0.63,0.5379999999999999,0.0216,0.0966,89.964
2fZCBhjQpbvwwS5L6L5bov,破曉,['Nan Quan Mama'],276547,2005,False,,0.546,0.682,0.0597,0.268,105.01899999999999
16jxKbbTxskcHCvVmZgr5Q,消失,['Nan Quan Mama'],266573,2005,False,,0.335,0.57,0.57,0.172,137.311
6z3BNiu2F9g4QdMpR9XkKY,What Can I Do,['Nan Quan Mama'],212680,2005,False,,0.6920000000000001,0.693,0.34,0.524,132.197
3hqUy2W11xf11C5aaGjXBZ,野東西,['Nan Quan Mama'],196827,2005,False,,0.446,0.946,0.00124,0.579,170.00400000000005
6PgNIo1p187iblO7bTspUx,牡丹江,['Nan Quan Mama'],237560,2005,False,,0.595,0.583,0.706,0.502,140.05200000000002
5i7RwX4pJWns5AF5joTfzN,原來,['Nan Quan Mama'],276213,2005,False,,0.33399999999999996,0.494,0.825,0.35100000000000003,129.346
0f0BaT2NwtV3ao4nPxLus0,橘子汽水,['Nan Quan Mama'],212520,2005,False,,0.7240000000000001,0.568,0.657,0.451,105.096
0pBdBqYkCSMHQ6ZRUCxQ6O,最後一枚笑容,['Nan Quan Mama'],292147,2005,False,,0.42100000000000004,0.405,0.669,0.191,174.075
4XhuwPxMYJczTJYe5BBKFE,拂夜,['Nan Quan Mama'],243520,2005,False,,0.5579999999999999,0.693,0.0263,0.14,94.054
0KDaPhptS1TPvFSwiaIi4e,給巧克力的歌,['Nan Quan Mama'],210813,2005,False,,0.6659999999999999,0.7879999999999999,0.441,0.679,125.87700000000001
77T3HttgEAz9MB92ixnRuC,吃妳煮的魚,['Nan Quan Mama'],212733,2005,False,,0.659,0.304,0.657,0.115,125.99
7DT7YNZo8sa75MxYcZr6N3,Angle's Hero,['Nan Quan Mama'],259293,2005,False,,0.588,0.55,0.21100000000000002,0.262,135.971
6LMmOem6bZEKedvQTAn9pP,Queen B,['Jucifer'],169920,2002,False,,0.237,0.83,0.0009279999999999999,0.35200000000000004,171.393
2dbxu65kFYYCh442t3cyKI,We Will Rock You,"['Five', 'Queen']",176867,1999,False,,0.703,0.833,0.0672,0.629,90.51700000000001
2iNOsjuw14LZNAMCy6N6D4,Q in the G,['From Fiction'],364973,2006,False,,0.313,0.452,0.0281,0.0408,140.703
6t8WEA2IPIW2bcTQ5sU7lu,Quagmire,['From Fiction'],354200,2006,False,,0.304,0.73,0.0008150000000000001,0.429,103.822
5ffIOHbEXj4dRvVxUG7igM,Book of Ways #10,['Flux Quartet'],226973,1999,False,,0.616,0.361,0.951,0.56,154.852
2nEmrgEMWPGsLkRMOu1By3,Quarter Smile,['Calika'],373760,2005,False,,0.618,0.272,0.8029999999999999,0.0915,82.884
4M0xRnpmmPWbkCk2NpdHww,Tie Your Mother Down,"['Queen', 'Dave Grohl', 'Taylor Hawkins']",275093,2011,False,,0.249,0.9640000000000001,0.115,0.184,140.986
7cDiXe7GFNTUO5rEUmr4XF,We Will Rock You,['Queen'],229400,2011,False,,0.28800000000000003,0.873,0.0121,0.221,83.23
2vS04z01V3k667TY0VRE8H,Blue Flame,['Simon Shaheen & Qantara'],377133,2001,False,,0.461,0.607,0.414,0.7040000000000001,101.587
59IHECKsLwGRi1LC7n3mQi,Waving Sands,['Simon Shaheen & Qantara'],303093,2001,False,,0.532,0.684,0.518,0.943,124.088
0HfgRzZd0QEiDPwVzxAEe4,Tea in the Sahara,['Simon Shaheen & Qantara'],295640,2001,False,,0.473,0.578,0.473,0.486,90.405
60hwtwXtZuOyb4fVoYSCyY,Dance Mediterranea,['Simon Shaheen & Qantara'],389533,2001,False,,0.381,0.484,0.653,0.318,103.23899999999999
0c7xE6Ail46GbQOAJZcUpn,Bosphorus Schenes Under the Moonlight,['Simon Shaheen & Qantara'],86564,2001,False,,0.483,0.36200000000000004,0.917,0.245,101.566
1AmaUb29OOfRqRR7nDuwLz,Silk Tears,['Simon Shaheen & Qantara'],253333,2001,False,,0.578,0.613,0.615,0.79,98.335
5K6sGveXHklLvgsNmUiCS9,Fantasie for Oud & String Quartet,['Simon Shaheen & Qantara'],415467,2001,False,,0.42200000000000004,0.384,0.885,0.435,135.767
3h8o05iiD3UPk1XnVZEGAw,Saraab,['Simon Shaheen & Qantara'],277800,2001,False,,0.33299999999999996,0.185,0.727,0.205,132.05100000000002
0rg7CAjy7SpLjFq2NPBQUA,Olive Harvest,['Simon Shaheen & Qantara'],259160,2001,False,,0.34299999999999997,0.594,0.659,0.757,156.623
60j13p3t7rfd2YvLLOSVrp,Al-Qantara,['Simon Shaheen & Qantara'],327600,2001,False,,0.5479999999999999,0.748,0.831,0.68,148.106
5AulkW8xygXpwfVqs2C1mv,Breeze in Bisaan,['Simon Shaheen & Qantara'],286573,2001,False,,0.48,0.626,0.428,0.708,124.944
5Ut4rsmsGtZvMC0w0kAF3X,"F**k Me, F**k You","['Saigon', 'Quan', 'Ransom']",205800,2009,True,,0.551,0.785,0.0304,0.344,175.42
6xrSVKIAyVgx2txwIdDBrj,Quasar,['Kitaro'],410080,2006,False,,0.445,0.758,0.00719,0.3670000000000001,94.73299999999999
7z8XeDnzam2Al2rPXl29Ol,Quick To Reply,['DreiBoogy'],251115,2020,True,,0.6990000000000001,0.617,0.10099999999999999,0.6459999999999999,150.012
1ywUa1U2dtcHi6DYyNjtAu,Welcome To Violence,['Quasimoto'],49347,2000,True,,0.47200000000000003,0.624,0.8029999999999999,0.858,135.046
1rA5rhoOl2uwJk6iXRBR0p,Bad Character,['Quasimoto'],116107,2000,True,,0.872,0.7,0.21,0.7390000000000001,89.305
4otXDehybuDBclKDqo6Zb1,Microphone Mathematics,['Quasimoto'],194747,2000,True,,0.645,0.687,0.0329,0.616,176.93599999999995
3ayr466SicYLcMRSCuiOSL,Basic Instinct,['Quasimoto'],130747,2000,True,,0.81,0.623,0.0696,0.616,92.661
5QWGsYF0PkNuIvcZZUH46X,Goodmorning Sunshine,['Quasimoto'],177480,2000,True,,0.509,0.713,0.0861,0.667,125.802
0X82TPGaYIcPpFA4LmKeD7,Discipline 99 Pt. 0,"['Quasimoto', 'Mr. Herb']",152680,2000,True,,0.675,0.623,0.0392,0.727,91.346
3InFcD65QGmnAC5NiFMEG9,Low Class Conspiracy,['Quasimoto'],146213,2000,True,,0.757,0.679,0.301,0.895,90.361
6qu8JJRDHrhE1SVk0IqO5y,Return of the Loop Digga,['Quasimoto'],226053,2000,True,,0.505,0.652,0.14300000000000002,0.622,89.419
5pxtdhLAi0RTh1gNqhGMNA,Real Eyes,['Quasimoto'],202507,2000,True,,0.706,0.602,0.00659,0.479,89.69200000000002
233Jnq2MvtHyqMATCJmBff,Come On Feet,['Quasimoto'],215320,2000,True,,0.638,0.779,0.483,0.467,88.57
0sLngPkCSYpVLOXtFZjUBR,Bluffin,['Quasimoto'],167440,2000,True,,0.575,0.639,0.132,0.419,86.07600000000002
2Zc7bHwIiBSUAyIBVGJ2st,Boom Music,['Quasimoto'],167920,2000,True,,0.696,0.7829999999999999,0.0255,0.53,88.14200000000002
1EgP6eOd0BdRQ9qYWwdjPu,MHB's,['Quasimoto'],122773,2000,True,,0.578,0.7959999999999999,0.0759,0.6629999999999999,88.22200000000002
6lBEKw5Eu9c7RTt7JVleZf,Put A Curse On You,['Quasimoto'],106920,2000,True,,0.86,0.762,0.249,0.785,92.82799999999999
1diVjZXiUYDj3myQwdRosb,Astro Black,['Quasimoto'],197347,2000,True,,0.49,0.632,0.35100000000000003,0.537,188.125
5ZP0Xw9uqGhMWx1RHEUtrd,Green Power,['Quasimoto'],179880,2000,True,,0.728,0.5770000000000001,0.0273,0.828,93.947
54sfTYWZiXp40KLlOKRa89,Jazz Cats Pt. 1,['Quasimoto'],163280,2000,True,,0.557,0.625,0.0618,0.7829999999999999,132.653
7su7DEWF7yyNn10XWcWJGb,24-7,"['Quasimoto', 'MED']",168507,2000,True,,0.652,0.631,0.158,0.852,88.98899999999998
509XgDJuTLJxWNup5ij7bE,The Unseen,['Quasimoto'],173720,2000,True,,0.578,0.698,0.0226,0.792,178.863
1VXXetQKK97iThwnqM5IYF,Phony Game,['Quasimoto'],116507,2000,True,,0.586,0.679,0.461,0.4920000000000001,93.44
4M1o3XgIJZaq1B1Wrllxs5,Astro Travellin,['Quasimoto'],178520,2000,True,,0.825,0.695,0.187,0.39799999999999996,88.685
4FbhDX5i4iBw0l41OMuZ18,Blitz,['Quasimoto'],76213,2000,True,,0.508,0.5329999999999999,0.00321,0.40700000000000003,176.518
73tK4HPXSVVkVo2sSvmDRv,Axe Puzzles,['Quasimoto'],154747,2000,True,,0.691,0.6920000000000001,0.0915,0.8740000000000001,83.698
66LPSGwq2MKuFLSjAnclmg,Discipline 99 Pt. 1,"['Quasimoto', 'Wildchild']",216307,2000,True,,0.777,0.649,0.0803,0.5670000000000001,91.427
7G3Dr6NYqyU8IvFbfQIRGI,Queenie,['Askeleton'],265733,2004,False,,0.8140000000000001,0.4270000000000001,0.14,0.46399999999999997,109.96799999999999
0Ei6HMtz7OXokDQ0HmUfOu,Cum on Feel the Noize,['Quiet Riot'],287760,1999,False,,0.415,0.905,0.0139,0.486,145.399
3uL6AaDD3bqvardTEo97qm,Metal Health (Bang Your Head),['Quiet Riot'],316133,1999,False,,0.483,0.958,0.00683,0.521,121.19200000000001
6smNBzYNmsOtrq6UJAWHdt,Slick Black Cadillac,['Quiet Riot'],251507,1999,False,,0.35100000000000003,0.91,0.0158,0.599,161.408
0FdIqs7CwldRHLPlUSZnUL,Mama Weer All Crazee Now,['Quiet Riot'],216293,1999,False,,0.413,0.929,0.00883,0.369,136.475
2RNrgGd9pmafU98DvARL8L,Don't Wanna Let You Go,['Quiet Riot'],279093,1999,False,,0.67,0.774,0.16399999999999998,0.836,108.154
7AzYuGlax39codnXx7MmCM,Condition Critical,['Quiet Riot'],301693,1999,False,,0.396,0.664,0.0033799999999999998,0.465,138.60399999999998
6OqGZI6k7ZNpWDyAolL7f0,I'm Fallin',['Quiet Riot'],258107,1999,False,,0.431,0.904,0.128,0.507,105.21700000000001
1yqYCYN2hnWy7nIfOyQ6FF,Empty Promises,['Quiet Riot'],262600,1999,False,,0.521,0.948,0.21899999999999997,0.5579999999999999,141.002
74rNQllTtxO99vp2JUeSpC,Don't Wanna Be Your Fool,['Quiet Riot'],298573,1999,False,,0.32899999999999996,0.84,0.172,0.31,98.95700000000001
3cBG6ekdiIBypK1hQusiEZ,Sign of the Times,['Quiet Riot'],303760,1999,False,,0.479,0.898,0.00504,0.424,127.723
52r3bTDHw3FBJ4u6QBfmfi,Quiet Place,['Negativland'],135840,2014,False,,0.568,0.6940000000000001,0.004379999999999999,0.344,76.41
4mGjEUN60a2DrteOBpuqIT,Arabian Queen,['Anjali'],281600,1994,False,,0.6609999999999999,0.795,0.0856,0.499,125.42
1pwkWrAqSbD22bpkBNF9q5,Quest For Opium With Cop Raid Intro - Live,['Sprawl'],449413,2008,False,,0.475,0.537,0.109,0.46,77.71600000000002
7HXvFjAt417M2WVlqt5nep,Quit Breaking My Heart,['Mandy Moore'],231827,1999,False,,0.634,0.5589999999999999,0.055,0.13,91.01899999999999
45BbEFde2a1TWairWSwRV2,Quit Breaking My Heart (Reprise),['Mandy Moore'],59867,1999,False,,0.688,0.0789,0.8059999999999999,0.45799999999999996,90.125
4BOsGd8Zvf9HaVp41ZnWHJ,Love Commando,['Quasimodo Jones'],243067,2005,False,,0.608,0.8079999999999999,0.032,0.5670000000000001,134.96
3UWqW5YKCHhFg90Ec9dZic,Bad Cock / Good Cock,['Quasimodo Jones'],170227,2005,False,,0.703,0.769,0.125,0.524,129.918
37KyvhxUwzcB3EMVT95CLH,Cannibal Woman,['Quasimodo Jones'],176320,2005,False,,0.519,0.971,0.0509,0.34299999999999997,155.154
7lVWAAmFINPu50wr9lmrY6,Kansas,['Quasimodo Jones'],286427,2005,False,,0.613,0.9420000000000001,0.22899999999999998,0.7609999999999999,111.01
43Jmxb3v33Dk4oOCzVuAaS,Why Kill Time When You Can Kill Yourself,['Quasimodo Jones'],188413,2005,False,,0.489,0.971,0.24100000000000002,0.38299999999999995,148.92700000000005
7IcujHyLouShE7fu1Pdy9M,Mixed Abuse,['Quasimodo Jones'],175333,2005,False,,0.586,0.889,0.00415,0.524,160.013
3dTHPLUdWuebH1cmrcpZoG,The Ballad Of Quasimodo Jones,['Quasimodo Jones'],298827,2005,False,,0.32299999999999995,0.812,0.5720000000000001,0.644,109.404
27arCR66dj3rmPiQlKgobm,Rock‘n‘Roll Dream,['Quasimodo Jones'],187400,2005,False,,0.5870000000000001,0.9229999999999999,0.33399999999999996,0.599,126.95299999999999
1n577z0jDEKMFbk9mJpjcc,Somebody Stop Me Before I Kill Again,['Quasimodo Jones'],187493,2005,False,,0.685,0.955,0.48700000000000004,0.614,125.03399999999999
1WSy8MMLyEITHrb4lS6woT,Dressed For Sick Sex,['Quasimodo Jones'],192600,2005,False,,0.5489999999999999,0.987,0.442,0.20600000000000002,101.309
6zk8eReYMqKFDBeJ8M9KmX,Trailor Trash Tracy,['Quasimodo Jones'],136547,2005,False,,0.643,0.897,0.16699999999999998,0.545,149.974
7Cih7WRaHkGcwD0m4Qca39,Hellnight,['Quasimodo Jones'],207707,2005,False,,0.584,0.872,0.23199999999999998,0.8059999999999999,165.59
3zzaDFmNZnukYD9qA4YjA4,Ride The Bull,['Quasimodo Jones'],209093,2005,False,,0.581,0.9620000000000001,0.12,0.953,129.989
4ks4KXDCgANYpN7b9FfKST,Hallelujah Side,['Tindley Quaker City Gospel Singers'],196467,1992,False,,0.32,0.278,0.983,0.375,63.583999999999996
72yzHnGhNBHImjzeoANKDH,Queetsch,['Minupren'],250987,2016,False,,0.81,0.713,0.0274,0.535,160.007
3JfRkZLiDlYL2MzWtzxpl3,Queen Bewildered,['Jackpot'],293040,2000,False,,0.368,0.45399999999999996,0.20800000000000002,0.22899999999999998,124.016
0gzy7TkAGE8OEQ6K1ItkLf,Quiero Saber,['Baco'],259188,2018,False,,0.53,0.511,0.0255,0.486,117.086
5ymbBTgGbxO136yKByVs2Q,Raw Heat,"['Percee P', 'Quasimoto']",164707,2006,True,,0.772,0.7979999999999999,0.0908,0.765,96.441
0psTD6U8cu3tnW0FdPuebH,Quisiera,['Vicentico'],248240,2003,False,,0.644,0.7120000000000001,0.773,0.662,129.1
5A2xpHXEdChb3aBfFQt2Up,"String Quartet No. 2 In C Op. 36: I. Allegro calmo, senza rigore","['Benjamin Britten', 'Brodsky Quartet']",519347,2007,False,,0.22699999999999998,0.0821,0.9670000000000001,0.0788,82.881
3666mcCwxGTz8HjUXCDZwZ,String Quartet No. 2 In C Op. 36: II. Vivace,"['Benjamin Britten', 'Brodsky Quartet']",229653,2007,False,,0.39399999999999996,0.0686,0.966,0.256,80.90899999999998
42bTbffMcJOiNU0HbdHdXK,String Quartet No. 3 Op. 94: I. Duets: With moderate movement,"['Benjamin Britten', 'Brodsky Quartet']",391347,2007,False,,0.23399999999999999,0.0293,0.983,0.0338,79.654
3XRvOSY4QXW8V2uyT9pzSS,String Quartet No. 3 Op. 94: II. Ostinato: Very Fast,"['Benjamin Britten', 'Brodsky Quartet']",196200,2007,False,,0.364,0.0799,0.963,0.146,135.39
7xPWHrUIe59END51mD32sj,String Quartet No. 3 Op. 94: III. Solo: Very calm,"['Benjamin Britten', 'Brodsky Quartet']",353467,2007,False,,0.22,0.0248,0.84,0.0394,80.22399999999998
4r7TmLXAiJglcQ4R0o7F1T,"String Quartet No. 3 Op. 94: IV. Burlesquefast, con fuoco","['Benjamin Britten', 'Brodsky Quartet']",137200,2007,False,,0.5329999999999999,0.214,0.96,0.272,104.11399999999999
1uQH7YQYf823EBxiJvA3Rw,String Quartet No. 3 Op. 94: V. Recitative and Passacaglia (La Serenissima): Slow - Slowly moving,"['Benjamin Britten', 'Brodsky Quartet']",647000,2007,False,,0.10300000000000001,0.0381,0.95,0.0374,80.311
1iS8UVRgUXXAOZmiDAt88e,"Violin Concerto ""The Border of the Mountains"": I. —","['Wenchen Qin', 'Mengla Huang', 'Vienna Radio Symphony Orchestra', 'Gottfried Rabl']",471253,2017,False,,0.223,0.228,0.914,0.0376,108.088
7cRNAxxyTwcAVjcS5C5lKT,"Violin Concerto ""The Border of the Mountains"": II. —","['Wenchen Qin', 'Mengla Huang', 'Vienna Radio Symphony Orchestra', 'Gottfried Rabl']",409227,2017,False,,0.193,0.0425,0.9,0.0353,92.111
4I4AkP0O0COCnmtzC9elCO,"Violin Concerto ""The Border of the Mountains"": III. —","['Wenchen Qin', 'Mengla Huang', 'Vienna Radio Symphony Orchestra', 'Gottfried Rabl']",387947,2017,False,,0.294,0.37,0.9309999999999999,0.105,105.19200000000001
0NQILbXi2JTiBOaSeSKze6,"Cello Concerto ""Dawn"": I. —","['Wenchen Qin', 'Li-wei Qin', 'Vienna Radio Symphony Orchestra', 'Gottfried Rabl']",461973,2017,False,,0.07,0.0333,0.904,0.0318,69.686
6ZbY062huwNGJfbwRKfxFH,"Cello Concerto ""Dawn"": II. —","['Wenchen Qin', 'Li-wei Qin', 'Vienna Radio Symphony Orchestra', 'Gottfried Rabl']",537000,2017,False,,0.0883,0.15,0.94,0.0309,76.202
2qYvxjot9HX1zHJ21Hb60H,"Cello Concerto ""Dawn"": III. —","['Wenchen Qin', 'Li-wei Qin', 'Vienna Radio Symphony Orchestra', 'Gottfried Rabl']",414373,2017,False,,0.17800000000000002,0.281,0.932,0.0372,78.486
2TGBRzWS4sbPbCJgPzwUqy,Latyrx,['Quannum Projects'],118560,2000,False,,0.624,0.52,0.662,0.701,89.585
277TMWukN4qql0YxOAzXJ5,Say That,['Quannum Projects'],217040,2000,False,,0.764,0.674,0.0265,0.7559999999999999,177.476
1p0NP4ZEQMyQM5zDzBgj6x,Freestyle Rapping,['Quannum Projects'],424760,2000,False,,0.52,0.773,0.203,0.677,91.727
2PmHV5skFQ5S2IfONm4zhE,"Rhymes For The Deaf, Dumb & Blind",['Quannum Projects'],129600,2000,False,,0.7929999999999999,0.735,0.0821,0.924,95.461
6xRqqxptsyaLDLm0o7LNx9,Entropy,['Quannum Projects'],202000,2000,False,,0.624,0.765,0.00133,0.38299999999999995,193.77900000000002
79a371kEeM3KGr8o3F3Oev,Fully Charged On Planet X,['Quannum Projects'],221440,2000,False,,0.8859999999999999,0.7190000000000001,0.14300000000000002,0.498,94.03299999999999
6iRu6cM8eoYojSqD9RVKAm,The Quickening,['Quannum Projects'],305560,2000,False,,0.866,0.677,0.0109,0.555,93.78200000000001
6g8ltQ4H8TnsIr4wnSXfDX,Hot Breath,['Quannum Projects'],95573,2000,False,,0.858,0.544,0.069,0.556,101.85700000000001
0NtH7pMB4HCBjfu5KHeyv8,Balcony Beach - Lyrics Born feat. Joyo Velarde,['Quannum Projects'],313693,2000,False,,0.752,0.467,0.439,0.295,83.51700000000002
45BpA93MOdm1uQCacuSsOF,Lateef's Freestyle,['Quannum Projects'],152133,2000,False,,0.632,0.853,0.36,0.662,82.955
0XQyGIaBpXHlDbmcHua9vC,Concentration,"['Quannum Projects', 'Lyrics Born', 'The Maroons', 'Joyo Velarde', 'Erinn Anova', 'The Poets Of Rhythm', 'Divine Styler', 'El-P', 'Jurassic 5']",279000,1999,False,,0.867,0.524,0.239,0.547,90.041
0ToGp6hnGyPMndtee5zpsb,One Of A Kind,"['Quannum Projects', 'Lyrics Born', 'The Maroons', 'Joyo Velarde', 'Erinn Anova', 'The Poets Of Rhythm', 'Divine Styler', 'El-P', 'Jurassic 5']",177133,1999,False,,0.823,0.6779999999999999,0.0139,0.7090000000000001,97.749
6x65WE6A92P5QjAkl5uEHA,Storm Warning,"['Quannum Projects', 'Lyrics Born', 'The Maroons', 'Joyo Velarde', 'Erinn Anova', 'The Poets Of Rhythm', 'Divine Styler', 'El-P', 'Jurassic 5']",345867,1999,False,,0.7190000000000001,0.813,0.0597,0.6990000000000001,175.00599999999997
6SgspIALT0Arpl6igwatC4,Divine Intervention,"['Quannum Projects', 'Lyrics Born', 'The Maroons', 'Joyo Velarde', 'Erinn Anova', 'The Poets Of Rhythm', 'Divine Styler', 'El-P', 'Jurassic 5']",259000,1999,False,,0.8009999999999999,0.79,0.0414,0.461,101.564
1t3hJCVbI6FBpnRlMFLCHX,Mic Break,"['Quannum Projects', 'Lyrics Born', 'The Maroons', 'Joyo Velarde', 'Erinn Anova', 'The Poets Of Rhythm', 'Divine Styler', 'El-P', 'Jurassic 5']",66933,1999,False,,0.742,0.19399999999999998,0.184,0.621,98.54799999999999
0eEi6Q9HxceXSlmw2FJpgA,Golden Rule,"['Quannum Projects', 'Erinn Anova']",233067,1999,False,,0.7959999999999999,0.583,0.0313,0.537,84.087
5qz8WxSgjVD2DU0SGlWJHd,People Like Me,"['Quannum Projects', 'Lyrics Born', 'The Maroons', 'Joyo Velarde', 'Erinn Anova', 'The Poets Of Rhythm', 'Divine Styler', 'El-P', 'Jurassic 5']",273200,1999,False,,0.778,0.578,0.209,0.662,90.05799999999998
2Fj81XOWDMAgsWbp5CUkSL,I Changed My Mind,"['Quannum Projects', 'Lyrics Born', 'The Maroons', 'Joyo Velarde', 'Erinn Anova', 'The Poets Of Rhythm', 'Divine Styler', 'El-P', 'Jurassic 5']",279867,1999,False,,0.498,0.743,0.0238,0.662,134.265
0467kgZW2NOtJi5acV1Et5,The Extravaganza,"['Quannum Projects', 'Lyrics Born', 'The Maroons', 'Joyo Velarde', 'Erinn Anova', 'The Poets Of Rhythm', 'Divine Styler', 'El-P', 'Jurassic 5']",376173,1999,False,,0.7609999999999999,0.589,0.0509,0.757,180.555
4WOJO1p3DQiDhfqCaMFGNq,Hott People,"['Quannum Projects', 'Lyrics Born', 'The Maroons', 'Joyo Velarde', 'Erinn Anova', 'The Poets Of Rhythm', 'Divine Styler', 'El-P', 'Jurassic 5']",267227,1999,False,,0.8170000000000001,0.574,0.446,0.83,99.074
2shTLUwhqg72lEEVf25uZG,Looking Over A City,"['Quannum Projects', 'El-P']",298533,1999,False,,0.804,0.596,0.0729,0.48700000000000004,86.068
1UMt3RVmPN5Ar5G2791Ezc,Jada's Vengeance,"['Quannum Projects', 'Lyrics Born', 'The Maroons', 'Joyo Velarde', 'Erinn Anova', 'The Poets Of Rhythm', 'Divine Styler', 'El-P', 'Jurassic 5']",222000,1999,False,,0.754,0.63,0.011000000000000001,0.546,168.05599999999995
360od49Phkk2k6NFR8tBHM,Mic Break 2,"['Quannum Projects', 'Lyrics Born', 'The Maroons', 'Joyo Velarde', 'Erinn Anova', 'The Poets Of Rhythm', 'Divine Styler', 'El-P', 'Jurassic 5']",37000,1999,False,,0.767,0.166,0.514,0.502,73.962
2xUQclGB0B2F0dMWEHjnS0,Bombonyall,"['Quannum Projects', 'Lyrics Born', 'The Maroons', 'Joyo Velarde', 'Erinn Anova', 'The Poets Of Rhythm', 'Divine Styler', 'El-P', 'Jurassic 5']",260000,1999,False,,0.841,0.7909999999999999,0.135,0.7829999999999999,95.509
1QiEIiydytlGLCVg2MYx4G,Mic Break 3,"['Quannum Projects', 'Lyrics Born', 'The Maroons', 'Joyo Velarde', 'Erinn Anova', 'The Poets Of Rhythm', 'Divine Styler', 'El-P', 'Jurassic 5']",61000,1999,False,,0.904,0.19,0.0236,0.7979999999999999,90.073
01lUxHSRIOF3bbrh5r0JNE,Que Se Vayan Todos,['Desechos'],236067,2003,False,,0.643,0.966,0.2,0.93,103.008
7MnlAuEsZIKDGxxoTQXdNR,Something For Liza,['Conte Candoli Quartet'],244067,1985,False,,0.5660000000000001,0.45899999999999996,0.513,0.836,120.564
1e78vS2lIspC69yQjtLHQ3,Walkie Talkie,['Conte Candoli Quartet'],266627,1985,False,,0.602,0.214,0.642,0.489,145.914
2FoJ3bNDUy2rCc3qE19ZlL,Flamingo,['Conte Candoli Quartet'],193067,1985,False,,0.46,0.0875,0.9259999999999999,0.17800000000000002,72.039
1MoJ1e1dBkQ7uYsHUa9cG1,Mediolistic,['Conte Candoli Quartet'],261600,1985,False,,0.47600000000000003,0.297,0.696,0.544,178.09900000000005
3rmzyU1ZB45ODZwf7cksiY,Tara Ferma,['Conte Candoli Quartet'],311973,1985,False,,0.51,0.284,0.629,0.7829999999999999,181.507
26zsRP8JT6Fevz5F8OnLUp,Diane,['Conte Candoli Quartet'],223867,1985,False,,0.5710000000000001,0.11900000000000001,0.28600000000000003,0.506,49.361999999999995
0DFuwM4OyGBlYPO9SLgHBG,No Moon At All,['Conte Candoli Quartet'],157333,1985,False,,0.735,0.125,0.861,0.613,81.21300000000002
4TSRZaQbLWRmopbuGxyoNY,Mambo Blues,['Conte Candoli Quartet'],228200,1985,False,,0.609,0.348,0.579,0.9079999999999999,126.984
1Vg7jQH3LzJrX2lSSemBp8,Quietly Complaining,['Wakefield'],186600,2005,False,,0.514,0.905,0.00515,0.436,136.6
7k8XMZnhdsK28NwOFILIdv,Quen Na Virgen,['Estampie'],263067,2005,False,,0.456,0.628,0.7190000000000001,0.9059999999999999,149.918
0L3XuOqvpqd7vzbpN3fDgm,Qualified Buyers,['Gitar'],66973,2010,False,,0.7959999999999999,0.6409999999999999,0.555,0.8,88.13799999999998
5HOKusGPpV96L0og6gwRTJ,Quoasis Medley,['Dustin'],421907,2005,False,,0.382,0.9440000000000001,0.484,0.27,135.125
2zbmkIUBKoBnSGwC4kVm2N,Qualities,['Derby'],265627,2005,False,,0.47200000000000003,0.429,0.413,0.335,77.877
08Gfz3aFuoAoUI6JaTc3sj,Qu'est-ce que tu fait?,['Stephanie Says'],128360,2004,False,,0.524,0.245,0.94,0.39299999999999996,148.511
0DzNSw9Pp1yKJZynNBM8uy,Queen of the Surface Streets,['DeVotchKa'],330420,2003,False,,0.63,0.738,0.41100000000000003,0.614,111.147
4M2RoPmBfmHHCR7FKmopK9,Quadrumble,['Freeform'],356830,2003,False,,0.82,0.706,0.0631,0.764,129.812
5B81bIrMqPol3QOQsWFos0,Quand tu danses - Live,['Lorie'],281960,2006,False,,0.449,0.992,0.0774,0.518,104.55799999999999
7d150WRJT9MyoscfcG0SjX,Tu Peor Error,['La Quinta Estacion'],167787,2006,False,,0.5760000000000001,0.9009999999999999,0.0623,0.847,97.97200000000001
3ctt4A3Guu6YkjEIQsr8Zi,Ahora Que Te Vas,['La Quinta Estacion'],228533,2006,False,,0.599,0.909,0.0959,0.889,124.963
3ri9fLG89OdSpjxheYxU7S,Me Muero,['La Quinta Estacion'],189560,2006,False,,0.424,0.74,0.171,0.585,169.91400000000004
12NGAGzglMCgGnL5qJ2D7p,Para No Decirte Adiós,['La Quinta Estacion'],214747,2006,False,,0.5379999999999999,0.8370000000000001,0.248,0.82,92.865
1oojyg04FDAI0WIZbEwGYw,Sueños Rotos,['La Quinta Estacion'],250987,2006,False,,0.506,0.522,0.618,0.345,139.70600000000002
0smGlkWPtdPZjxmYNFlv11,Nada,['La Quinta Estacion'],194200,2006,False,,0.618,0.9279999999999999,0.0571,0.695,129.886
5z51xghvSERxilgsvDTPdZ,Cosa de Dos,['La Quinta Estacion'],215293,2006,False,,0.617,0.868,0.0642,0.691,108.96
0CS6QfGD1OBlwbPHd4x0cY,La Frase Tonta de la Semana,['La Quinta Estacion'],243573,2006,False,,0.445,0.747,0.381,0.395,75.821
1mbhyZziTPU4iCWDLkOzoU,Que Fui para Ti,['La Quinta Estacion'],222440,2006,False,,0.46299999999999997,0.7290000000000001,0.41600000000000004,0.358,145.94899999999996
6dKYXYd2C85PPa89z7jdMe,Cartas,['La Quinta Estacion'],226987,2006,False,,0.611,0.9179999999999999,0.14,0.585,98.015
56WrYHdqxdXdAOjcjA0AYw,El Amor No Duele,['La Quinta Estacion'],184347,2006,False,,0.648,0.841,0.0826,0.634,112.02799999999999
58gZVCVuUanek3tksV0EbU,Tan Sólo Quiero Amarte,['La Quinta Estacion'],201733,2006,False,,0.56,0.853,0.0929,0.904,95.93799999999999
7tekrg8ojGPGf5RcoVGoPl,Así Eres,['La Quinta Estacion'],230747,2006,False,,0.518,0.759,0.192,0.16399999999999998,99.959
0aHS722nDe3fLeoC4UyCvW,Que Sera Sera,['Valencia'],235013,2005,False,,0.433,0.937,0.000217,0.565,90.461
5sVLg7hzcgdXIleoMscJHg,Papi Te Quiero,['Ivy Queen'],194026,2005,False,,0.795,0.919,0.083,0.914,98.986
2NfljJki55ilt4HERXV6Az,Dale Volumen,['Ivy Queen'],147632,2005,False,,0.805,0.909,0.509,0.8009999999999999,132.591
090eFjLwzXDoS8JJy4aQui,Sangre,['Ivy Queen'],216944,2005,False,,0.634,0.8170000000000001,0.0987,0.638,92.212
4OiaUoDxK9P4yCrET1BO0R,Dile,['Ivy Queen'],228531,2005,False,,0.737,0.807,0.0791,0.747,98.01100000000001
0JoKNKce3k8UWlEEXnt1DS,Me Acostumbre,['Ivy Queen'],167857,2005,False,,0.6459999999999999,0.8640000000000001,0.0743,0.541,142.986
68CGw2LldcFJkXlifUILfo,Rebulera,['Ivy Queen'],182741,2005,False,,0.752,0.97,0.36200000000000004,0.794,97.001
6gd9z4H3DgMAeXzMrOqIFm,Mi Barrio,['Ivy Queen'],190357,2005,False,,0.8,0.868,0.0951,0.889,91.931
6jllp4ynblYd3RvK6ZXSpJ,Tuya Soy,['Ivy Queen'],167160,2005,False,,0.77,0.8859999999999999,0.115,0.779,91.917
1OO35007hDbVJRs12ss8Na,Chika Ideal,['Ivy Queen'],184111,2005,False,,0.6609999999999999,0.981,0.276,0.743,95.96600000000001
1rqS9ripf18VqR8QrRNeJ8,Angel Caido,['Ivy Queen'],143964,2005,False,,0.679,0.563,0.6609999999999999,0.363,152.08700000000005
7F5OreJmOoaIDgpKyOIr0K,Dee Jay,['Ivy Queen'],212254,2005,False,,0.754,0.971,0.171,0.706,96.975
5VYfmE4dHRNhIVMirNBQfY,Guillaera,['Ivy Queen'],239885,2005,False,,0.638,0.898,0.251,0.6579999999999999,99.928
04KrZ16QkTbYd4D8DwTikP,Matando,['Ivy Queen'],162981,2005,False,,0.74,0.943,0.24600000000000002,0.7390000000000001,96.98200000000001
1jEDJNxS5bx4ltiFlzxVp8,Mi Situacion,['Ivy Queen'],196510,2005,False,,0.622,0.943,0.258,0.738,94.978
4oW5dxhewARfcUGOv7kf6g,Love Commando - Tomas Andersson’s Loft Remix,"['Quasimodo Jones', 'Tomas Andersson']",403840,2006,False,,0.7609999999999999,0.785,1.55e-05,0.39,134.968
5GPrvOQpEHsz0oWLmzHIic,Quicksand,['Zeke'],80293,1996,True,,0.11199999999999999,0.997,0.000537,0.151,168.957
4uq9AjQDx6RJiFeNyVIfIx,Quand Je Boys Du Vin Clairet,['Dwschorale'],76986,2011,False,,0.361,0.207,0.987,0.631,99.03399999999999
6Eu8bEwssf8s96WqcfaKAf,Caliente Queen,['Clockcleaner'],267640,2008,False,,0.336,0.972,0.0361,0.307,116.906
1itWSIskHtbzROnU0jAA1Y,The Dionne Quintuplets Set,['Quagmyre'],311453,2005,False,,0.6,0.8859999999999999,0.18100000000000002,0.8420000000000001,108.455
0N2ehAH85bXzB8ARL53DlN,Cape Breton Tunes,['Quagmyre'],295827,2005,False,,0.34299999999999997,0.9640000000000001,0.155,0.58,170.537
4IehEfzbfPtQ1lBEDrtuTv,Strange,['Quagmyre'],188200,2005,False,,0.396,0.6509999999999999,0.0577,0.28300000000000003,108.90100000000001
0SwsqQybB2aYRuPuLUFUCA,Humours of Ballyloughlin,['Quagmyre'],274187,2005,False,,0.38299999999999995,0.812,0.19899999999999998,0.41200000000000003,127.87100000000001
1TnkjQVipB89CNXaEd4zfc,The Dark Island,['Quagmyre'],208413,2005,False,,0.299,0.47600000000000003,0.41700000000000004,0.217,78.859
3qiNU7gjEMGalcCe0Epo8D,GodJaw,['Quagmyre'],243867,2005,False,,0.71,0.782,0.466,0.774,123.03299999999999
1KneTPFu1GqTDtjwlb9IRv,Relax,['Quagmyre'],226507,2005,False,,0.196,0.711,0.41700000000000004,0.0609,170.34400000000005
2M4hiQxFIoRtDLMac67ria,Seventy-Four,['Quagmyre'],199173,2005,False,,0.602,0.929,0.069,0.737,114.589
57lovNkkv3gAoKfZsMo3Z2,Jig of Indecision,['Quagmyre'],210453,2005,False,,0.345,0.7879999999999999,0.0461,0.767,91.01799999999999
2MRgxzRca96swgFHLT9rIA,Dinney O'Brien's,['Quagmyre'],373773,2005,False,,0.552,0.872,0.0343,0.8270000000000001,112.26899999999999
5SGqOT57UNBEmilHNzbVT2,Congress Grove,['Quagmyre'],298027,2005,False,,0.354,0.723,0.115,0.609,83.205
1iucXocU6pSIi7WmmnOaWa,Row,['Quagmyre'],256227,2005,False,,0.381,0.927,0.204,0.73,134.804
1dN1f2uMnzTP7wn7Mwr3MQ,Will To Survive,['Quagmyre'],248253,2005,False,,0.20800000000000002,0.526,0.341,0.19699999999999998,162.24
2lwqnDpyfNc8UTiWiHKKY4,Inferno,['The Quintessentials'],180664,2001,False,,0.442,0.945,0.40299999999999997,0.789,124.484
6gBbIhuiLXx9uaHguNyXd5,Drop Dead Gorgeous,['The Quintessentials'],127348,2001,True,,0.35,0.898,0.733,0.89,85.425
4KHQ7xrUEB4OIqhWvbdXR2,A Better World,['The Quintessentials'],135498,2001,True,,0.5720000000000001,0.821,0.617,0.902,97.649
3dWxzGyGqI79w0CPKySjqQ,The Life for Me (Live),['The Quintessentials'],181160,2001,False,,0.273,0.9390000000000001,0.228,0.867,177.53099999999995
65XTuk57amRYtNJpH8QUdG,Shannon Was a Psycho,['The Quintessentials'],211123,2001,True,,0.542,0.846,0.8170000000000001,0.9570000000000001,97.779
7bIzZrjncB8X4xUu2f5M9a,Graveyard Ghoul,['The Quintessentials'],110238,2001,False,,0.418,0.909,0.792,0.8079999999999999,86.338
3QT57D1NOZOPtMju4w2Gue,Marie Infinity,['The Quintessentials'],174891,2001,False,,0.5,0.9690000000000001,0.0754,0.6859999999999999,103.12799999999999
0XWKL6U55bxR5hjKJxFACh,Constipated Nation,['The Quintessentials'],228834,2001,True,,0.415,0.865,0.0727,0.742,98.259
5Bp9Y6qxCEUkfM1v6EHY2P,Color My Rainbow Black,['The Quintessentials'],176902,2001,False,,0.496,0.9470000000000001,0.23199999999999998,0.535,96.07700000000001
2Q4IbBaV9gNTRKwM6cDsZv,The Rats in the Walls,['The Quintessentials'],179384,2001,False,,0.505,0.948,0.858,0.442,97.64399999999999
3ZHWU7hRqnKupNCcT5vXhH,Rege Satanas!,['The Quintessentials'],109872,2001,False,,0.456,0.9329999999999999,0.5579999999999999,0.7120000000000001,88.05799999999998
18RdQ62LVx8gzRhMzGsjOk,Punk Rock Heroes,['The Quintessentials'],144380,2001,True,,0.368,0.8959999999999999,0.789,0.9279999999999999,190.843
6WD0SE6JCpnUTUJemsi6Hi,Tenth Key Willed (Live),['The Quintessentials'],161882,2001,False,,0.506,0.762,0.529,0.924,100.244
2cEDgnaoPGuvMGxOKhsDPE,That Girl,['The Quintessentials'],92318,2001,False,,0.452,0.875,0.385,0.958,85.036
3CVqSifszi0Yx6YkHyemks,Satanic Revolution,['The Quintessentials'],114130,2001,False,,0.429,0.951,0.342,0.833,97.255
4ycBzY6T70ep8rTHWVV7nj,Under the Crescent Moon,['The Quintessentials'],207779,2001,True,,0.508,0.893,0.845,0.878,99.845
4tGzxBrvjY1QU0x2kt0Cmj,The Horror Never Ends,['The Quintessentials'],116742,2001,True,,0.375,0.903,0.76,0.77,86.75
2WWe1ioXCXurKGE97qEpe8,It's in My Belly,['The Quintessentials'],122541,2001,True,,0.494,0.899,0.664,0.754,89.84700000000002
6aTH25Eysjd4eIFt7Gagep,Renegades Theme,['Quorum'],382827,1997,False,,0.764,0.934,0.156,0.812,113.005
5nmtZPf05jSEd1Q7d4by35,Qawwali,['Pinch'],319416,2006,False,,0.787,0.292,0.141,0.0854,136.013
2dRc9GMn4IY1vzYLhOFBYy,Qawwali V.I.P.,['Pinch'],267938,2006,False,,0.895,0.21,0.451,0.102,138.00799999999998
1JeN4Qx7ycUmSJXrZcikLO,QUEEN IS BACK,['VaVa'],178071,2019,False,,0.833,0.7879999999999999,0.0991,0.467,89.978
0f91l1pjIDVGzknS1n3lQI,All For One,['Qntal'],273293,2005,False,,0.508,0.754,0.0902,0.133,139.98
03llRogZUokjZV7K84HkiN,Ozymandias I,['Qntal'],119293,2005,False,,0.358,0.613,0.341,0.381,166.17700000000005
1c8JSu2wqMDhMvL4qwZjOx,Vogelfluc,['Qntal'],338720,2005,False,,0.503,0.7020000000000001,0.28800000000000003,0.44,112.0
6sSe6m8ObWLng0drmRpbcs,Blac,['Qntal'],315173,2005,False,,0.552,0.885,0.0101,0.589,109.98899999999999
3ZQSLArg2LcdhOuyqSxnM1,Dulcis Amor,['Qntal'],379613,2005,False,,0.42200000000000004,0.628,0.44,0.358,200.05599999999998
5DBai8BF1FBDv1CgjKSMfU,Cupido,['Qntal'],351040,2005,False,,0.20800000000000002,0.657,0.0539,0.0667,113.11200000000001
75NRbaNPG202O6a9DPPsQt,Flow,['Qntal'],278360,2005,False,,0.46399999999999997,0.682,0.139,0.162,120.00299999999999
4oJvnQmXhSeqnzgAMVoF5v,Flamma,['Qntal'],238867,2005,False,,0.513,0.983,0.17,0.586,135.017
1H5XKwiYGVgP1a5Fme2x8F,Amor Volat,['Qntal'],264120,2005,False,,0.47100000000000003,0.848,0.0020399999999999997,0.536,74.994
2nM3qj60hxdbjcVpBck91x,Ozymandias II,['Qntal'],142067,2005,False,,0.431,0.568,0.457,0.304,183.092
2OoBkm28Tf1cqr47gPag5B,Indiscrete,['Qntal'],253467,2005,False,,0.531,0.902,0.0393,0.46299999999999997,143.998
3i1Y8kPYLrr2HF3EmnzaZY,Noit E Dia,['Qntal'],325267,2005,False,,0.536,0.637,0.485,0.457,124.94
6SZNzQrfZSCQ6IjyNr0GHW,Remember Me,['Qntal'],504280,2005,False,,0.20600000000000002,0.502,0.522,0.0966,109.919
6IreNV4yRkfEVvSrZJwqwU,Rose In The Mor (Bonus),['Qntal'],363253,2005,False,,0.129,0.44,0.239,0.106,87.811
05YfQqJLS5Zy3VJn2e6a86,"Lasse, Grant Dou?or (Bonus)",['Qntal'],346707,2005,False,,0.595,0.585,0.0236,0.127,149.982
2aFsK388r1YVYizAFLThAE,Gran Hotel Victoria,['Quinteto Ángel'],159893,2009,False,,0.768,0.429,0.604,0.5920000000000001,134.702
1AhNG4JLobSkUj24wRX4Sv,Nocturna,['Quinteto Ángel'],205240,2009,False,,0.506,0.447,0.711,0.496,127.584
5SA6uPfHHi4xE4Umt0I62i,Ensueños,['Quinteto Ángel'],193040,2009,False,,0.636,0.299,0.8759999999999999,0.6459999999999999,103.376
0rQxX73yTY4FDXInPNP9By,Bien al mango,['Quinteto Ángel'],278533,2009,False,,0.4970000000000001,0.179,0.887,0.278,99.445
5ytO3Db14RDS3VOxacHLu9,A su memoria,['Quinteto Ángel'],185493,2009,False,,0.509,0.316,0.865,0.561,89.353
5OMVYfqRJ77oyDWump4QYZ,Preparense,['Quinteto Ángel'],255800,2009,False,,0.449,0.247,0.903,0.43799999999999994,121.988
5Iu1gv6VtyKaj6XnPvMrlc,Miku,['Quinteto Ángel'],154440,2009,False,,0.594,0.368,0.7959999999999999,0.54,118.34
0W8Ffw8etsIFHqWod0gQER,Introduccion,['Quinteto Ángel'],68173,2009,False,,0.465,0.0119,0.968,0.13,82.959
7b5NSKcx0lYctZDmoXr1RD,Guardabarro,['Quinteto Ángel'],294013,2009,False,,0.39299999999999996,0.18899999999999997,0.914,0.153,81.063
6a795vsfD9lG9br4iIMydr,Grillito,['Quinteto Ángel'],192707,2009,False,,0.718,0.257,0.897,0.563,109.387
5zhsolb3IwyJjEkpSxP72u,Contrabajeando,['Quinteto Ángel'],206200,2009,False,,0.507,0.154,0.922,0.282,115.23700000000001
6Q6Mh2UdkDmYNMCrGcpSr4,A fuego lento,['Quinteto Ángel'],215867,2009,False,,0.606,0.359,0.9329999999999999,0.77,126.721
0Sg1bWrmOljlw2J2DZ1xDo,Bahia blanca (feat. Sergio Gobi),['Quinteto Ángel'],187587,2009,False,,0.526,0.20600000000000002,0.816,0.414,107.33
6ZkB0vlFALJklODpb5O5Mc,Dominguera,['Quinteto Ángel'],153467,2009,False,,0.7090000000000001,0.35,0.8320000000000001,0.718,117.56299999999999
0nnsXCNzwRjPt8CeTvJeVw,El Choclo,['Quinteto Ángel'],221493,2009,False,,0.557,0.32,0.8059999999999999,0.484,121.11399999999999
2Q8pYA5drWxK2U378iVtsf,Final de fiesta (feat. Sergio Gobi),['Quinteto Ángel'],221400,2009,False,,0.484,0.3670000000000001,0.9590000000000001,0.384,111.40100000000001
5r4Pe0DWmTDXbqaZivt0Mh,"Quod Vita Celat, Mors Revelat",['Nightland'],344130,2017,False,,0.444,0.951,0.000103,0.113,120.006
4WDES1rdR96UVP5dHzKlkX,Quiet Mind,['Transzenders'],315080,2007,False,,0.39399999999999996,0.377,0.862,0.166,81.544
6o5glee2TCL67o3Vps6fBc,"Adiós Amor, Adiós Mi Amor Te Vas","['Queta Jiménez ""La Prieta Linda""']",241440,2003,False,,0.425,0.28300000000000003,0.764,0.47700000000000004,101.412
1wUdKLCqeDF8ltFm1d36Py,Quest,['ZymOsiZ'],373987,2000,False,,0.19699999999999998,0.541,0.0268,0.0285,36.334
4mBJO7y1hew6bF6O8uXG4K,Quiet Village,['Project: Pimento'],232867,2007,False,,0.35,0.251,0.755,0.368,184.396
7KvwdptkEhGD7e5x2Nv0fw,Main Attraction,['Quiet Riot'],282827,1986,False,,0.507,0.7509999999999999,0.000343,0.6609999999999999,138.711
6h0vHtXBWxIIuQ1pnRKCQu,The Wild And The Young,['Quiet Riot'],216733,1986,False,,0.518,0.6779999999999999,0.0076799999999999985,0.655,109.273
2Vs4wLNsjCEKrI8tBEcK2I,Twilight Hotel,['Quiet Riot'],275507,1986,False,,0.381,0.8009999999999999,0.0248,0.525,123.02600000000001
1rxOqtXSTlorDB1lwttjWr,Dow And Dirty,['Quiet Riot'],194640,1986,False,,0.465,0.7759999999999999,0.0105,0.628,104.853
3busxoSY0VJCjp3Eaha1Xt,Rise Or Fall,['Quiet Riot'],240933,1986,False,,0.374,0.746,0.00298,0.517,137.567
2fyGKOFO5U14vw0WKxtrDH,Put Up Or Shut Up,['Quiet Riot'],246867,1986,False,,0.424,0.867,0.00627,0.5660000000000001,142.63
21rBziEQ0STckxDqMP7Z1Q,Still of the Night,['Quiet Riot'],281840,1986,False,,0.396,0.53,0.0349,0.284,132.315
0GCnTDZq7yp20RP69cQH3i,Bass Case,['Quiet Riot'],59267,1986,False,,0.45399999999999996,0.2,0.575,0.0675,82.626
1GNuzvdI4aS4Vq0KxMglc8,The Pump,['Quiet Riot'],240667,1986,False,,0.24100000000000002,0.6970000000000001,0.00339,0.395,80.814
03nMGSHgeTCzl5wMpkMj7s,Slave To Love,['Quiet Riot'],235067,1986,False,,0.297,0.634,0.008320000000000001,0.474,141.352
60gFsY7spfGK285Sh08cey,Helping Hands,['Quiet Riot'],252800,1986,False,,0.37,0.7979999999999999,0.069,0.589,126.18299999999999
48spXMBQzerMGN3INI4k7a,Con te partirò - Italian Version of 'Time to Say Goodbye',"['Lucio Quarantotto', 'Franco Sartori', 'Paul Potts', 'Carmine Lauri']",243573,2007,False,,0.157,0.424,0.823,0.301,171.69
7odNMaaYfIIpZWDTKwLSL9,Morning Rush,['Metta Quintet-Jazz Reach'],340120,2006,False,,0.402,0.418,0.741,0.5760000000000001,71.27199999999998
6k9x5sCpaMXabaJ8ZJPZOv,Underground,['Metta Quintet-Jazz Reach'],699773,2006,False,,0.483,0.35,0.812,0.38299999999999995,106.523
2jwWHeFYPervl2uWeQhtVq,Subway Suite Part 1,['Metta Quintet-Jazz Reach'],495107,2006,False,,0.366,0.391,0.81,0.29600000000000004,98.633
6ZI4RSbQ2Br845SlgJVGOf,Subway Suite Part 2,['Metta Quintet-Jazz Reach'],426973,2006,False,,0.382,0.213,0.856,0.21100000000000002,79.179
2Ots2hWfD0QE4Wxwjwi1Un,Subway Suite Part 3,['Metta Quintet-Jazz Reach'],311720,2006,False,,0.508,0.456,0.81,0.309,111.771
5yJOQJpOey39CCPm2GOZqU,Fast Forward,['Metta Quintet-Jazz Reach'],429173,2006,False,,0.48100000000000004,0.47200000000000003,0.715,0.626,138.241
5sbgx32PYpaz7fEVx4dU3N,Underground Mess,['Metta Quintet-Jazz Reach'],408947,2006,False,,0.41600000000000004,0.355,0.611,0.20600000000000002,81.227
421IeEUPCBPOgEnKA5Jnxk,Ephemeral Muse,['Metta Quintet-Jazz Reach'],380613,2006,False,,0.4320000000000001,0.33299999999999996,0.8420000000000001,0.282,136.572
2tZGxErFATXLv8VqF6LHWs,Evening Rush,['Metta Quintet-Jazz Reach'],70640,2006,False,,0.488,0.27399999999999997,0.57,0.807,83.95
0v4hSPV0SiJHY9IVqruvdn,Don't Panic,"['The Quintet of the Hot Club of San Francisco', 'Paul Mehling']",334227,2006,False,,0.711,0.369,0.7290000000000001,0.853,131.319
6L3ai5TmAqw7FnmTfRrIeY,Place De Broukere,"['The Quintet of the Hot Club of San Francisco', 'Paul Mehling']",177213,2006,False,,0.723,0.28600000000000003,0.83,0.885,122.61
2nCwn8cDSFf2RpqwJ6oHfM,Giselle - Waltz D'Entichement,"['The Quintet of the Hot Club of San Francisco', 'Paul Mehling']",299333,2006,False,,0.462,0.21,0.878,0.293,87.429
1YZTkEKwzbL8gmyGZqaWB1,I'm Not Impressed,"['The Quintet of the Hot Club of San Francisco', 'Paul Mehling']",241427,2006,False,,0.775,0.29,0.8759999999999999,0.6609999999999999,106.005
71k9VWpO2nMukgMjEGoZEj,Caravan,"['The Quintet of the Hot Club of San Francisco', 'Paul Mehling']",298107,2006,False,,0.542,0.325,0.873,0.691,112.398
4KZ48H8j3tnb0xof0Lgtay,And I Love Her,"['The Quintet of the Hot Club of San Francisco', 'Paul Mehling']",313760,2006,False,,0.584,0.19699999999999998,0.8420000000000001,0.489,132.705
2TIojWCyqe473gKRno9iR3,Round Midnight,"['The Quintet of the Hot Club of San Francisco', 'Paul Mehling']",332973,2006,False,,0.586,0.223,0.804,0.728,100.37799999999999
1OtZwHeEbAhkHgNQvn2bZx,Jitterbug Waltz,"['The Quintet of the Hot Club of San Francisco', 'Paul Mehling']",371000,2006,False,,0.616,0.33899999999999997,0.847,0.386,97.696
6LWXuMo5nnA2o5V99Seyfe,Armando's Rumba,"['The Quintet of the Hot Club of San Francisco', 'Paul Mehling']",195827,2006,False,,0.667,0.322,0.6659999999999999,0.775,119.68799999999999
59l04b05pnr4lNK9JwE4U3,Manoir De Mes Rêves,"['The Quintet of the Hot Club of San Francisco', 'Paul Mehling']",316213,2006,False,,0.414,0.263,0.512,0.345,129.114
0Rd16eqdSRNJmSukWBGlmk,Flambeé Montalbanaise,"['The Quintet of the Hot Club of San Francisco', 'Paul Mehling']",152933,2006,False,,0.518,0.385,0.852,0.618,108.694
0hQMELnM91zKyqBsbnIecg,Melodie Au Crepscule,"['The Quintet of the Hot Club of San Francisco', 'Paul Mehling']",244667,2006,False,,0.7659999999999999,0.0963,0.9440000000000001,0.27699999999999997,115.834
7acf2naOwkMNbbpGaPxM5j,My Walkin' Stick,"['The Quintet of the Hot Club of San Francisco', 'Paul Mehling']",216467,2006,False,,0.718,0.373,0.7190000000000001,0.809,122.90100000000001
5o7kKyrCAbyicVs9DYfNzf,Parfum,"['The Quintet of the Hot Club of San Francisco', 'Paul Mehling']",189173,2006,False,,0.583,0.141,0.945,0.18899999999999997,109.573
272gzjFWqRDs9kZLzKZa21,Omission,['Quicksand'],146227,1990,False,,0.45,0.8420000000000001,0.0849,0.19899999999999998,82.28
5b3GgYZdWKFyAjYBosWdqI,Clean Slate,['Quicksand'],169333,1990,False,,0.365,0.75,0.0365,0.512,92.505
0dgTWzFpkDnuSQuCSaqXiK,Unfulfilled,['Quicksand'],194840,1990,False,,0.311,0.79,0.0173,0.552,172.685
05i8S2cGUeh0cIxS8mJfBa,Hypno Jam With Dan,['Quicksand'],117293,1990,False,,0.691,0.36200000000000004,0.0904,0.893,109.334
6iphHQWkxtkD5bHdILVUMD,Queen Orchid,['Hellbats'],198573,2006,False,,0.32299999999999995,0.98,0.0901,0.133,123.68799999999999
5g3sU9xYwI4TVn31b68Og3,The Buttery Rubdown,['Quadrafonics'],238000,2010,False,,0.698,0.515,0.301,0.93,164.25400000000005
0r0fNmrcP2hGXxf5Tw7YTE,Señor Blues,['Quadrafonics'],330507,2010,False,,0.68,0.672,0.7759999999999999,0.862,96.698
5WvisdDGZ5rWnYM5ScTDC0,Peanut Butter Jam,['Quadrafonics'],241187,2010,False,,0.6970000000000001,0.833,0.258,0.904,140.601
2kf1Yxu8QJAK9Er5lhOlB3,Do It,['Quadrafonics'],227240,2010,False,,0.753,0.461,0.63,0.573,89.965
2lv28VcwVz2VGHXSczgndI,Edenwood Shuffle,['Quadrafonics'],251493,2010,False,,0.628,0.6609999999999999,0.721,0.597,140.009
4fP9UDQOLh3GQTtl9Q4VvR,Now You Know,['Quadrafonics'],264600,2010,False,,0.682,0.835,0.557,0.6759999999999999,130.254
0Ubbnz6QiAUMsz2M89Zgpb,Queen of the Goats,['Floater'],375040,2000,False,,0.435,0.7240000000000001,0.524,0.436,130.763
1L2WkWSbjs1tYQojJXJFRW,Queen of the Road,['Devil Doll'],170693,2007,False,,0.542,0.613,0.502,0.51,114.353
5hK4wU1NpiUVuZoqDXsC8m,Fetiche,['Baguette Quartette'],157000,2001,False,,0.495,0.42,0.363,0.6459999999999999,187.623
1X3pkSg3RAjAx6HTLffApH,Elle est epatante,['Baguette Quartette'],119000,2001,False,,0.8640000000000001,0.38,0.782,0.9670000000000001,124.13799999999999
79sYziPRRWjwLdkDpwWMi1,Le chemin des forains,['Baguette Quartette'],179027,2001,False,,0.203,0.29100000000000004,0.479,0.365,173.201
16E3AHA7tdPvbjdupyBf7S,Matelotte,['Baguette Quartette'],182800,2001,False,,0.877,0.272,0.314,0.7879999999999999,112.279
4GEiF689MjsvAqXzCYbksZ,Un petit cabanon,['Baguette Quartette'],123173,2001,False,,0.7140000000000001,0.19399999999999998,0.9209999999999999,0.968,156.586
0v1X90bXK4miZHssaV5ZRS,Chez moi,['Baguette Quartette'],166000,2001,False,,0.7290000000000001,0.271,0.804,0.743,119.569
6sJ4xPcI2UJjeaY3OAiCkv,J'attendrai,['Baguette Quartette'],260493,2001,False,,0.499,0.18,0.86,0.496,116.59
5WXdHEOpZmrUfbVeZApLdt,Valse des niglos,['Baguette Quartette'],189840,2001,False,,0.855,0.263,0.797,0.7759999999999999,109.12700000000001
0vdVJQrvoRj2Uv8N2b7Gjd,Sous les orangers,['Baguette Quartette'],161867,2001,False,,0.532,0.25,0.0925,0.758,146.50799999999995
12KQfTmBGI0FqMyWRfmWHw,Reve bohemien,['Baguette Quartette'],159933,2001,False,,0.354,0.301,0.401,0.633,183.99
1I2UCeYEZ6gKah8ZEwPY5s,Volver,['Baguette Quartette'],179000,2001,False,,0.433,0.165,0.897,0.439,115.53399999999999
4cLndKaKqLSfTyRoBVv5Uf,La guinguette a ferme ses volets,['Baguette Quartette'],164400,2001,False,,0.529,0.28600000000000003,0.872,0.763,197.822
30MHErbDV2oBuVtAGBL5gh,Mon premier amour,['Baguette Quartette'],230027,2001,False,,0.4920000000000001,0.196,0.8490000000000001,0.831,184.95
0L8zIfzR614eETstL0jooV,Gosse de Paris,['Baguette Quartette'],123600,2001,False,,0.7979999999999999,0.253,0.45399999999999996,0.96,129.279
4tCu658gvm4vWvSQhXihTd,Reproche,['Baguette Quartette'],198840,2001,False,,0.365,0.28800000000000003,0.40399999999999997,0.479,189.375
2iO1JcqXVq90zUYYxVS7sU,Retintin,['Baguette Quartette'],158160,2001,False,,0.669,0.171,0.8220000000000001,0.6859999999999999,125.773
2Rg5oBittUEVSffRjoDfO2,"Leo, Lea, Elie",['Baguette Quartette'],167173,2001,False,,0.8,0.245,0.899,0.713,124.484
24N8h4Zi08jOafYiCSn0Li,Reviens,['Baguette Quartette'],216227,2001,False,,0.282,0.228,0.932,0.22699999999999998,79.074
3HgJFvfNFB9jVDxOd5e5eY,"Viens, gosse de gosse",['Baguette Quartette'],150533,2001,False,,0.395,0.257,0.895,0.7340000000000001,202.206
3tKzVExDSEHr2aXCHCThwJ,Ca Gaze,['Baguette Quartette'],127147,1998,False,,0.573,0.318,0.815,0.9059999999999999,170.245
2ygcCwvkemi0kPacT1svHH,Si l'on ne s'etait pas connu,['Baguette Quartette'],108813,1998,False,,0.536,0.133,0.983,0.833,124.81700000000001
3bBHMiALWgT39xebBnpgJN,Reine de musette,['Baguette Quartette'],158613,1998,False,,0.363,0.35700000000000004,0.9329999999999999,0.7290000000000001,188.263
3vzucQkMR3YUGml5MlMvDv,El dia que me quieras,['Baguette Quartette'],189133,1998,False,,0.38299999999999995,0.198,0.904,0.322,115.87200000000001
2cg8SpzqGmm7dFl7JMqWlH,Bebert,['Baguette Quartette'],164627,1998,False,,0.7040000000000001,0.332,0.93,0.721,91.949
2Uh8cGwy7FX3GvdvmiklxU,Polka chinoise,['Baguette Quartette'],113707,1998,False,,0.7190000000000001,0.354,0.812,0.9690000000000001,123.148
5b3DzRDDzwXylJ55QhA8Jy,Sous les toits de Paris,['Baguette Quartette'],179000,1998,False,,0.342,0.188,0.9159999999999999,0.331,125.38799999999999
6HnWGmRLSpHcrScyq1XW4o,Autour d'Alger,['Baguette Quartette'],121267,1998,False,,0.664,0.327,0.862,0.9670000000000001,107.588
45tcUKbRZqrIc1H3sISEDJ,Jalousie,['Baguette Quartette'],227253,1998,False,,0.34600000000000003,0.218,0.875,0.28300000000000003,114.48100000000001
5g8IxJvx7mK9Op6BxxLIGv,Douce joie,['Baguette Quartette'],228933,1998,False,,0.494,0.33399999999999996,0.92,0.835,206.79
7aYaNYZQXt8pxi8oqsIsGv,Que reste-t-il de nos amours?,['Baguette Quartette'],215893,1998,False,,0.451,0.201,0.9209999999999999,0.282,116.223
5ZSipLcQiTZZqn9ijppise,Mandarines,['Baguette Quartette'],183667,1998,False,,0.6829999999999999,0.309,0.899,0.815,130.835
3wcdpibeJvHzLAzlhizq4O,Java,['Baguette Quartette'],119667,1998,False,,0.6779999999999999,0.254,0.852,0.9390000000000001,162.316
77DIyKHF8Oa5etTgVfS6Vc,Y'a d'la joie,['Baguette Quartette'],146907,1998,False,,0.747,0.297,0.823,0.943,138.845
1sUPufk1kXUMh0R3U6ddyi,Mon homme,['Baguette Quartette'],147000,1998,False,,0.779,0.0463,0.9640000000000001,0.861,136.58700000000002
0vuMlyGGRV6FxCTxuTebf4,Swing valse,['Baguette Quartette'],223333,1998,False,,0.4370000000000001,0.36,0.9179999999999999,0.831,185.385
1tMpxmJUIX4PMW82uZv6Qo,Elle frequentait la rue Pigalle,['Baguette Quartette'],218987,1998,False,,0.474,0.129,0.9640000000000001,0.237,127.69200000000001
0bzVZ37BMd3tqwUUsNizG7,9 de Julio,['Baguette Quartette'],158987,1998,False,,0.5770000000000001,0.218,0.866,0.735,124.676
4lLpiZsOqTWDzDL76qXsb4,Marche de Menilmontant,['Baguette Quartette'],150773,1998,False,,0.795,0.239,0.917,0.965,137.83100000000002
6Ma5XWbJpc4141X5LUSpG5,La java bleue,['Baguette Quartette'],99867,1998,False,,0.41600000000000004,0.196,0.977,0.9009999999999999,185.993
6xGKKeWtUiKfaukqOcYV87,Ca ira,['Baguette Quartette'],73440,1998,False,,0.894,0.335,0.915,0.9840000000000001,114.913
0KsNOvw7b2AxTVgHHjmnon,La maussade,['Baguette Quartette'],106227,1998,False,,0.29,0.41700000000000004,0.8390000000000001,0.703,200.822
631qHq7p5nKzgonkxuaeEG,Valentine,['Baguette Quartette'],116867,1998,False,,0.845,0.3,0.887,0.963,145.257
1kpgL0kxYNEoWXgqZLgoCp,Dede de Montmartre,['Baguette Quartette'],155613,1998,False,,0.3670000000000001,0.289,0.9359999999999999,0.9490000000000001,200.077
2o7pUO75TuoCFLIFOzGCW6,Quiet Room,['NVS'],278947,2005,False,,0.639,0.84,0.000395,0.141,122.04899999999999
2Tc5lqC3A9jYFBiHKpOgWV,Hydrant Game (Jaylib Remix),"['Quasimoto', 'Jaylib']",97013,2007,True,,0.715,0.885,0.134,0.88,94.335
4N5iFTOUWrqvCJj5T3xere,Full Grizzly,"['Going Quantum', 'Stephen Walking']",212649,2011,False,,0.5539999999999999,0.8009999999999999,0.000717,0.32299999999999995,140.01
77bVxHOBqUXzPwYydcgSDV,Squid Omelet,['The Queers'],133520,1990,False,,0.342,0.7040000000000001,3.08e-06,0.174,94.08200000000001
6fJYBtYRqkq8KR4GcfuWUD,Goodbye California,['The Queers'],144013,1990,False,,0.298,0.868,5.0600000000000003e-05,0.623,101.05
2mFtW2TzPauFJ5j97FUfxQ,Rambo Rat,['The Queers'],214720,1990,False,,0.313,0.9079999999999999,2.15e-06,0.603,96.16
3gZhEpGfVlqMOK5Z3GNyG3,Burger King Queen,['The Queers'],168453,1990,False,,0.35,0.907,9.23e-06,0.715,89.134
5s3nq9hBGBNIIVHNutqwbI,Junk Freak,['The Queers'],233733,1990,False,,0.284,0.937,4.46e-06,0.396,129.526
52flsaS7XAbYmtM91WqLva,I Don't Wanna Get Involved With You,['The Queers'],146120,1990,False,,0.247,0.848,3.43e-06,0.42200000000000004,147.45600000000005
0HHRJnTPmGRs0dOFnIjg4g,Gay Boy,['The Queers'],185507,1990,False,,0.36200000000000004,0.9540000000000001,9.22e-06,0.434,163.36700000000005
2hld8Y0Kr96TwmIqyBhHQ8,I Met Her At The Rat,['The Queers'],184613,1990,False,,0.485,0.93,2.48e-05,0.723,105.083
0dTiUTBJId6mGb734cEMIB,Boobarella,['The Queers'],183587,1990,False,,0.314,0.8390000000000001,2.03e-06,0.589,93.01799999999999
6aj5AcvN1Jt0WDP399lURV,Love Love Love,['The Queers'],185360,1990,False,,0.314,0.809,2.18e-06,0.5760000000000001,107.29899999999999
5hvUyIfa1x3OnH2wSbPCJ3,I'll Be True To You,['The Queers'],192707,1990,False,,0.337,0.8029999999999999,3.69e-06,0.336,142.005
1xp0UcNRqclSG78InCcFuj,Strip Search,['The Queers'],151467,1990,False,,0.268,0.902,1.4e-06,0.594,97.274
2M9jR3brig4s1tDFCgRnYj,Feeling Groovy - Bonus Track,['The Queers'],224093,1990,False,,0.209,0.8240000000000001,0.162,0.179,104.225
20cZiiL3JOTHerozveYU9I,Dog Food - Bonus Track,['The Queers'],178400,1990,False,,0.368,0.818,0.0036799999999999997,0.5760000000000001,67.53
0dOVsUkAYTP4r0jlkO2bzD,Slug - Bonus Track,['The Queers'],133747,1990,False,,0.27699999999999997,0.835,0.0021899999999999997,0.564,166.002
7fWWaUQ7hXgd1cllLvs2n8,Gay Boy - Bonus Track,['The Queers'],206240,1990,False,,0.322,0.7390000000000001,0.036000000000000004,0.361,143.02
747ldWb2ftULFOVYB50K09,Goodbye California - Bonus Track,['The Queers'],142853,1990,False,,0.37,0.6859999999999999,0.17300000000000001,0.36200000000000004,103.259
6OlQlp4D6se8FGqbH1j9O8,"String Quartet No. 4 In D Major, Op. 83: Allegretto",['Eder Quartet'],503000,1995,False,,0.287,0.0276,0.968,0.0596,99.64299999999999
1rMWvTc6cjwFRBYplPXTb2,Quicksand,['Atomsplit'],237293,1997,False,,0.552,0.878,0.0061200000000000004,0.405,145.972
2AuQFYiMGvHs5iQvgbM3xU,Give Peace A Trance,['Quasar'],343787,2000,False,,0.755,0.922,0.00352,0.7290000000000001,148.018
3VgRvNS75XeoorllIp1mbT,El Bautizo de Cheto - Remasterizado,['Rosita Quintana'],188693,2004,False,,0.6509999999999999,0.457,0.784,0.9059999999999999,79.743
06ELzQxZ6xKQ8ss59cJCi2,Que Modotes Bartola - Remastered,['Rosita Quintana'],138893,2004,False,,0.596,0.3,0.47600000000000003,0.816,125.694
5TGmlLzfCjT3X1Iyfyjari,Ingrata Perjida - Remastered,['Rosita Quintana'],174800,2004,False,,0.405,0.14300000000000002,0.51,0.419,86.169
5qA09v1GHfSSUrBxBrUq9b,Quién soy,['Avalanch'],286027,2007,False,,0.466,0.865,0.00447,0.602,165.033
18LBy4f3WjPjZqDTm6Jwme,Don´t Stop The Dance - Sampler Version,['Masha Qrella'],273347,2007,False,,0.7809999999999999,0.6729999999999999,0.47200000000000003,0.835,130.084
2VStFdOrjeZx30tH7NTOUp,Saturday Night - Sampler Version,['Masha Qrella'],247720,2007,False,,0.731,0.45799999999999996,0.7390000000000001,0.5760000000000001,95.02600000000001
5TyinkpuFzpSNDAJRYpNay,Qawwali,['Pinch'],319480,2007,False,,0.785,0.27399999999999997,0.107,0.0851,135.988
00gVpQHCiCPEpkeR9yuqsm,Liquid to Solid,"['DJ Quest', 'DJ Budda']",379587,1997,True,,0.589,0.763,0.0345,0.0395,170.793
3g1WDq3rM9Yjtu4TlfDvDB,Black Smoke,['Arctic Quest'],210680,2013,False,,0.662,0.894,0.0401,0.537,138.014
5w54BhVU2PSTwf21jnfsTR,1/4 Mile Trails,['QUADRA'],427000,2004,False,,0.662,0.988,0.00372,0.076,144.004
6hHumtHUl0emQv2nQ7sww3,Eclectic Woggle,['QUADRA'],442000,2004,False,,0.738,0.991,0.00364,0.18600000000000005,142.028
5685YbNrwAet89bSxogZrF,Quiero Creer,['Dewildes'],193467,2018,False,,0.324,0.885,0.0035700000000000007,0.6579999999999999,188.81
6JZ5SpadXm2EcRVgW8YOBj,Con te partirò - Italian Version of 'Time to Say Goodbye',"['Lucio Quarantotto', 'Franco Sartori', 'Paul Potts', 'Carmine Lauri']",243573,2007,False,,0.20800000000000002,0.425,0.826,0.302,85.899
3pWF6sOdKOtwtIbVaFMN6U,Que Me Quedes Tu,['Shakira'],287333,2001,False,,0.765,0.51,0.27399999999999997,0.41700000000000004,113.023
37mcnV3WKB5euc0KSNOIq2,Quietly Breaking Unwritten Rules,['Michele McLaughlin'],196560,2005,False,,0.245,0.21100000000000002,0.99,0.336,84.096
0tvQKvdijTXEX8Xi2eEZr0,Tuyi,['Quite K'],424159,2013,False,,0.6890000000000001,0.512,0.000505,0.0756,132.009
78n68874dvki513omkkWIT,Queen Of Love & Pain,['Nightmare'],224587,2008,False,,0.385,0.82,2.08e-06,0.276,142.55700000000004
0rg5JaVa4T60tDQuUdA4og,Send in the Clowns,['Laclede Quartet'],248093,1994,False,,0.12300000000000001,0.18899999999999997,0.95,0.0711,167.19299999999996
6RRIDIYNhkBN8gM3sSUQhy,Over the Rainbow,['Laclede Quartet'],232933,1994,False,,0.154,0.266,0.9570000000000001,0.0822,83.603
5YcOKQVdMT3BEW4o5iKSCv,Sophie's Choice,['Laclede Quartet'],187307,1994,False,,0.228,0.11800000000000001,0.972,0.11699999999999999,80.628
7xJzDkoImGm3MfxVqhzLWO,Somewhere Out There,['Laclede Quartet'],212360,1994,False,,0.231,0.242,0.935,0.0741,81.797
54s58gD3ZhrUx8K2Sshxgf,Edelweiss,['Laclede Quartet'],157000,1994,False,,0.20600000000000002,0.161,0.9420000000000001,0.155,111.116
44swZWsembOfvrL1Xfm6IR,Beauty and the Beast,['Laclede Quartet'],170133,1994,False,,0.20600000000000002,0.24100000000000002,0.912,0.0772,84.98899999999998
5LZDyVg7Rdc6x364gCm3qv,Anne's Theme,['Laclede Quartet'],115533,1994,False,,0.18100000000000002,0.29100000000000004,0.937,0.192,87.458
4kcMvQ5oPSLOPkE57Hp3GX,A Whole New World,['Laclede Quartet'],164067,1994,False,,0.134,0.272,0.838,0.212,55.098
35V7tUVFDCr8tCDHRmOKqc,Moon River,['Laclede Quartet'],151467,1994,False,,0.19699999999999998,0.23199999999999998,0.9209999999999999,0.151,84.809
16g8buH0rQNmhv25uipvUn,Wishing You Were Somehow Here Again,['Laclede Quartet'],210440,1994,False,,0.147,0.158,0.9520000000000001,0.040999999999999995,164.141
59sOZPkZBT0d3XmhzZTyXI,Angel of Music,['Laclede Quartet'],231200,1994,False,,0.21600000000000005,0.217,0.9520000000000001,0.168,99.309
4jsu84614qO7Tc3l3fDtMP,Too Much in Love to Care,['Laclede Quartet'],279760,1994,False,,0.209,0.22699999999999998,0.9470000000000001,0.142,88.726
1LtqyEzoXxMak6Miry7JFT,As if We Never Said Goodbye,['Laclede Quartet'],275840,1994,False,,0.14,0.25,0.885,0.138,87.03399999999998
788CMo700Q199nrx8M9GPc,With One Look,['Laclede Quartet'],193160,1994,False,,0.26,0.207,0.899,0.17600000000000002,84.295
2DRK2tpwb2dCrqJFV3a8DM,Quand Le Ciel...,['Priscilla'],239947,2004,False,,0.715,0.75,0.0142,0.851,122.009
2jx88FBJN1782zXDOF9RXk,Quo Vadis Homine (Live),['Quo Vadis'],90320,2007,False,,0.172,0.368,0.552,0.0345,59.089
4ks4JDCll0BdCOh1LvNRtU,Silence Calls the Storm (Live),['Quo Vadis'],298773,2007,False,,0.408,0.972,5.83e-06,0.3720000000000001,112.868
2nfeJooJFtDb8pQUFlsszc,In Contempt (Live),['Quo Vadis'],252147,2007,False,,0.401,0.945,2.72e-05,0.5329999999999999,112.751
06nkKcOm5akccR6WCzpRfF,Absolution-Element of the Ensemble Pt. III (Live),['Quo Vadis'],328067,2007,False,,0.327,0.983,1.9e-05,0.289,112.35700000000001
3dG3suAdsyisxAX8Cy2ZtR,Pantheon of Tears (Live),['Quo Vadis'],228387,2007,False,,0.326,0.982,1.7100000000000002e-05,0.33399999999999996,113.594
7HlQopkX0v9KTVHcR2y86D,To the Bitter End (Live),['Quo Vadis'],401040,2007,False,,0.469,0.973,2.4e-06,0.56,109.204
086zeij3EeV2egECXgrP3l,Carpae Deum (Live),['Quo Vadis'],195040,2007,False,,0.32299999999999995,0.903,0.000688,0.0521,112.45299999999999
6WFNHy1zalJbhU4EzEXgxB,Point of No Return: Mute Requiem (Live),['Quo Vadis'],265973,2007,False,,0.324,0.978,2.56e-06,0.396,117.109
1qqgEF3RbgzdZMRtze9GIm,In Articulo Mortis (Live),['Quo Vadis'],76093,2007,False,,0.324,0.293,0.889,0.45899999999999996,125.666
6Umqcssxb9kEd6qlWvanGR,Fate's Descent (Live),['Quo Vadis'],271453,2007,False,,0.429,0.99,6.55e-06,0.45,111.322
4WQa7mUy1KmFinud2FJOPd,Vital Signs 2000 (Live),['Quo Vadis'],142853,2007,False,,0.508,0.98,3.15e-05,0.363,106.939
1e4ioTlJs7Sm0oj8TSPowx,On the Shores of Ithaka (Live),['Quo Vadis'],485627,2007,False,,0.37799999999999995,0.902,4.01e-05,0.318,119.633
3XvxghiarE8Kk4jK9FdXj6,Tunnel Effect-Element of the Ensemble Pt. IV (Live),['Quo Vadis'],432253,2007,False,,0.467,0.943,0.000102,0.373,113.509
0TbvcKxRV4p9Qg77SuVykv,Inner Capsule-Element of the Ensemble Pt. II (Live),['Quo Vadis'],429640,2007,False,,0.294,0.922,0.00207,0.071,110.79799999999999
1pnbPlDtrDG7juSY9aZmSP,Dead Man's Diary (Live),['Quo Vadis'],376147,2007,False,,0.368,0.861,0.00011499999999999999,0.32,116.055
4jwAi6eNolvOvQN4zK0aiI,Ego Intuo Et Servo Te (Live),['Quo Vadis'],133253,2007,False,,0.261,0.364,0.883,0.038,141.458
6v3GQhFSTSNKlkvU9TLtC7,Legions of the Betrayed (Live),['Quo Vadis'],359160,2007,False,,0.303,0.981,4.95e-06,0.212,113.18799999999999
782TOZuFu5MvUwhvxNl7T9,Break the Cycle (Live),['Quo Vadis'],427920,2007,False,,0.228,0.879,9.109999999999999e-05,0.182,145.053
3HMx5piTdSUuQlhCnzA5m3,"Quizas, Quizas, Quizas",['Cubamar'],133933,1999,False,,0.5920000000000001,0.297,0.65,0.731,127.13
2U035fqr167QNJtiZB0axo,Quetzatl - adapto synchrono,['Quetzatl'],234120,2007,False,,0.888,0.861,0.325,0.6409999999999999,136.089
3fWwyyHD2aFA6UVM2gSryx,Qualé?,['Akundum'],200733,2008,False,,0.765,0.846,0.10099999999999999,0.757,169.707
0szzKugCjRISy62i7p1lyx,La Isla,['Even Quartet'],363000,2008,False,,0.488,0.44,0.419,0.19899999999999998,115.15700000000001
2hFjVcSQuPCbhMFgvMjL3h,One Step,['Even Quartet'],359947,2008,False,,0.519,0.207,0.8420000000000001,0.0866,128.368
4WXPlLKXtuOF5HdaBuIn3E,The Touch Of Your Lips,['Even Quartet'],343427,2008,False,,0.6509999999999999,0.303,0.664,0.38299999999999995,76.205
4LzshO2AHFgK2PpLqd7on3,El Perrito,['Even Quartet'],325987,2008,False,,0.375,0.36200000000000004,0.603,0.46399999999999997,67.31
5WbaASMQA3HCefVx4suLon,Good Luck,['Even Quartet'],413547,2008,False,,0.392,0.141,0.91,0.122,181.81599999999997
2Bya1CWBSc6QAzjtrBjnMa,Hard Lines,['Even Quartet'],281240,2008,False,,0.484,0.4970000000000001,0.313,0.637,134.037
7kqKLTUnHWWw6GqcnKLtip,Waiting For You,['Even Quartet'],374907,2008,False,,0.434,0.305,0.475,0.21600000000000005,88.79299999999998
15bWGpSgHsIKg0usRso0P8,Into Your Eyes,['Even Quartet'],225000,2008,False,,0.64,0.391,0.745,0.303,100.10600000000001
1glPJuirerzQiGqxsXR6qX,Addictive Motion,['Quadran'],423653,2008,False,,0.545,0.521,0.614,0.15,95.01799999999999
27eWSGrgiSFrdhGpW5OT2Q,Suite No. 1 for Flute and Jazz Piano Trio: Baroque and Blue,['Roselli Quartet'],336427,2004,False,,0.408,0.281,0.9059999999999999,0.466,67.57300000000001
3ES7Y4gyH9BfynSxu5biDx,Suite No. 1 for Flute and Jazz Piano Trio: Sentimentale,['Roselli Quartet'],477840,2004,False,,0.43,0.304,0.941,0.355,82.698
5qFhj5VP9dIanckummtTNc,Suite No. 1 for Flute and Jazz Piano Trio: Javanaise,['Roselli Quartet'],305400,2004,False,,0.414,0.317,0.728,0.7759999999999999,175.713
2KWxOYnq2ZAGj86wFONl23,Suite No. 1 for Flute and Jazz Piano Trio: Fugace,['Roselli Quartet'],228827,2004,False,,0.758,0.35,0.87,0.795,139.007
6hKg6fR252Zx9wf4JvAJyw,Suite No. 1 for Flute and Jazz Piano Trio: Irlandaise,['Roselli Quartet'],171333,2004,False,,0.392,0.33,0.909,0.601,122.219
4AetMUvwy073PuRHenjINY,Suite No. 1 for Flute and Jazz Piano Trio: Versatile,['Roselli Quartet'],325867,2004,False,,0.46399999999999997,0.12,0.951,0.32299999999999995,133.648
53EAczo5zYE3ohSfdH5gHL,Suite No. 1 for Flute and Jazz Piano Trio: Veloce,['Roselli Quartet'],215867,2004,False,,0.48200000000000004,0.337,0.883,0.645,136.259
73Ms4P52s152ujp9d2TYuz,Suite No. 2 for Flute and Jazz Piano Trio: Espiegle,['Roselli Quartet'],591107,2004,False,,0.439,0.28,0.93,0.534,155.144
3zbqE6SErTplepZU1zpZua,Suite No. 2 for Flute and Jazz Piano Trio: Amoureuse,['Roselli Quartet'],449000,2004,False,,0.281,0.312,0.843,0.13,93.899
7K4W0AmPR1KeK2c9fshrZM,Suite No. 2 for Flute and Jazz Piano Trio: Jazzy,['Roselli Quartet'],346333,2004,False,,0.529,0.34700000000000003,0.568,0.6829999999999999,134.469
3MJqLN1ifIvK3yDXpa419K,Get a Life and Live It Loser,['The Queers'],118960,2002,False,,0.505,0.9359999999999999,0.0107,0.914,94.844
6SQdbrDRS5q7WVnsOK27Fy,See You Later Fuckface,['The Queers'],118520,2002,False,,0.51,0.9520000000000001,0.00046399999999999995,0.856,98.973
4KX24fetTitbVefzrJoOYY,I Wanna Be Happy,['The Queers'],185547,2002,False,,0.423,0.955,0.00322,0.83,151.43
0N5f4NxonLAS7jFBQB79T8,Danny Vapid,['The Queers'],123147,2002,False,,0.54,0.9640000000000001,0.00424,0.857,122.053
3yg2KRpXuVqRwEUj90QT8W,I Never Got the Girl,['The Queers'],175227,2002,False,,0.524,0.9209999999999999,0.009040000000000001,0.846,129.25799999999998
4rhAFUvirKhm8E5NrJdQcN,It's Cold Outside,['The Queers'],167067,2002,False,,0.44,0.836,0.00161,0.7929999999999999,153.101
0Zuo1VOtd9hMsgvX6AoiiC,Psycho Over You,['The Queers'],153040,2002,False,,0.48200000000000004,0.92,0.0266,0.779,92.881
3e8ZMA3CRaBcH4Sb4odRsa,Generation of Swine,['The Queers'],113840,2002,False,,0.48700000000000004,0.9690000000000001,0.000267,0.8029999999999999,131.09799999999998
4OY2Hpv20nXacAX8AUFHju,Tic Tic Toc,['The Queers'],118947,2002,False,,0.55,0.9359999999999999,0.000628,0.851,102.96799999999999
7yqvMcDAPkFFOwqr4oHxBH,I Don't Want You Hanging Around,['The Queers'],137267,2002,False,,0.35600000000000004,0.892,0.00119,0.8009999999999999,175.676
6s50I2yKN6uBqsqpoRGl4P,Homo,['The Queers'],117467,2002,False,,0.4920000000000001,0.922,0.0004980000000000001,0.9540000000000001,153.338
2hDieRc4yRaJ0bgRMavLax,You Just Gotta Blow My Mind,['The Queers'],135987,2002,False,,0.556,0.915,0.1,0.568,141.172
7EE05xDNuHCjogFjf7Y58q,Debbie Be True,['The Queers'],129520,2002,False,,0.499,0.835,0.00868,0.831,131.064
6twtPLD7nWZgIGFK7rmm0y,Molly Neuman,['The Queers'],391773,2002,False,,0.368,0.982,0.000852,0.0605,137.248
1xivbR116PtVfAnOsy8VMF,Yeah Well Whatever,['The Queers'],119827,2002,False,,0.495,0.988,0.0019100000000000002,0.836,144.025
28kdtMn25V66O9NqG3DyQA,I Don't Wanna Go To the Moon,['The Queers'],116427,2002,False,,0.45,0.875,0.0114,0.963,130.172
23NAKRcsYY1rsutipts3wM,I've Had It With You,['The Queers'],63280,2002,False,,0.589,0.925,0.00193,0.9740000000000001,121.0
01PIPLdhUhqTsUOszY8huU,I'm the Boy for You,['The Queers'],158293,2002,False,,0.496,0.848,0.0227,0.925,129.77700000000002
3mLJcDL6PsHxiRtloCBAWp,Salt Lake City,['The Queers'],145467,2002,False,,0.44299999999999995,0.902,0.0027,0.833,147.42
6RTC78rSb1pFVMbEdVztuk,No Tit,['The Queers'],100067,1996,False,,0.313,0.9620000000000001,0.00146,0.8079999999999999,157.511
4ZwtXJ1zcIrEmBLUqeZuiu,Punk Rock Girls,['The Queers'],162533,1996,False,,0.42,0.878,0.0128,0.86,145.593
0z8TIsd9ZhMOSHOvuWSrA9,"I'm OK, You're Fucked",['The Queers'],61027,1996,False,,0.36200000000000004,0.972,9.32e-05,0.941,161.748
1ixdIKbIAPaq2TtHo4PaVA,Number One,['The Queers'],190640,1996,False,,0.391,0.784,0.00746,0.8270000000000001,133.632
2wx3ybOx4h7891LOOrqTlB,Don't Back Down,['The Queers'],118680,1996,False,,0.244,0.738,0.040999999999999995,0.86,166.22099999999998
1NrcW9URrwGM2OncPxkhOa,I Only Drink Bud,['The Queers'],125800,1996,False,,0.298,0.937,8.5e-06,0.8059999999999999,187.438
1RtoMoMEbqLMJxI5legEK6,I Always Knew,['The Queers'],178547,1996,False,,0.40299999999999997,0.85,0.18,0.929,138.947
4Rfh6I1TAB7vXCK0A6k8sH,Born To Do Dishes,['The Queers'],115467,1996,False,,0.26899999999999996,0.893,0.00018,0.879,178.687
1J3xpyPvUEhaCTJSM620Pa,"Janelle, Janelle",['The Queers'],164600,1996,False,,0.306,0.8590000000000001,0.0021100000000000003,0.89,169.47099999999998
19CLuSkJuHyhv4eFQxd5Gn,Brush Your Teeth,['The Queers'],76280,1996,False,,0.3720000000000001,0.982,0.000131,0.6659999999999999,163.565
69LeVS0Ur54cdvQrpaUkVm,Sidewalk Surfer Girl,['The Queers'],121147,1996,False,,0.384,0.759,0.0373,0.738,140.528
2M8kPyF5dAbjnihjzES0r5,Another Girl,['The Queers'],107053,1996,False,,0.267,0.9079999999999999,0.000349,0.767,189.35299999999998
6YCoKauUZ9snXFoMUmyTtp,Love Love Love,['The Queers'],168040,1996,False,,0.401,0.975,0.000169,0.747,123.789
1Kbg6aK45lWgUaP1vAXQPx,I Can't Get Over You,['The Queers'],176587,1996,False,,0.45299999999999996,0.8320000000000001,0.0376,0.799,142.64
4Fwgy25iwaqCugDyWGjpQP,Never Ever,['The Queers'],189027,1996,False,,0.366,0.86,0.0324,0.682,147.374
3W9lIduUgfhmC5LX4n4HGa,Little Honda,['The Queers'],152747,1996,False,,0.287,0.895,0.0618,0.9259999999999999,189.831
10iQV5Le0JhYOMwYLvpRdj,End It All Now,['The Queers'],755147,1996,False,,0.21100000000000002,2.02e-05,0.00742,0.355,215.092
40AlaKP9DEtY8U4oK3JTQH,Three Divertimenti: I. March,"['Benjamin Britten', 'Brodsky Quartet']",232720,2007,False,,0.557,0.0747,0.976,0.27899999999999997,121.21600000000001
3PPiNLh9tpGWfTLSbwAGtt,Three Divertimenti: II. Waltz,"['Benjamin Britten', 'Brodsky Quartet']",183533,2007,False,,0.28300000000000003,0.0259,0.986,0.319,76.536
4qaSJsaoIDPff9sWhs488L,Three Divertimenti: III. Burlesque,"['Benjamin Britten', 'Brodsky Quartet']",206067,2007,False,,0.428,0.192,0.973,0.335,152.88
2YXdUSYD7zOsBryQZRFhFZ,"String Quartet No. 1 in D Major, Op. 25: I. Andante sostenuto - Allegro vivo","['Benjamin Britten', 'Brodsky Quartet']",548240,2007,False,,0.18600000000000005,0.0293,0.889,0.0398,77.76100000000002
4VSvGRQGo8jmOxLBS5mOyr,"String Quartet No. 1 in D Major, Op. 25: II. Allegretto con slancio","['Benjamin Britten', 'Brodsky Quartet']",177227,2007,False,,0.473,0.0815,0.919,0.405,162.046
4vIa3TaV6Mjb8lJWpt4KBt,"String Quartet No. 1 in D Major, Op. 25: III. Andante calmo","['Benjamin Britten', 'Brodsky Quartet']",649053,2007,False,,0.105,0.0215,0.956,0.0324,83.39200000000002
4PnyYLnHtggyIkhwVTGxmy,"String Quartet No. 1 in D Major, Op. 25: IV. Molto vivace","['Benjamin Britten', 'Brodsky Quartet']",231053,2007,False,,0.494,0.11699999999999999,0.963,0.307,86.787
6AnI9C16tV15o2lALSGiUE,De Que Diario Sos?,['Divididos'],250667,2008,False,,0.57,0.7170000000000001,0.000263,0.6459999999999999,158.078
22r7USD5oUDzehrxN5WU4p,Qué Pasa Conmigo?,['Divididos'],242427,2008,False,,0.428,0.9420000000000001,0.0718,0.41700000000000004,78.842
3O2NDS4noByYZoAOT8zx1o,Without Your Withinsides,['Pork Queen'],250400,2007,False,,0.546,0.9570000000000001,0.9740000000000001,0.0782,117.846
2SUjd2ZzleavjfhVGdgfIi,Questions Why,['Azitis'],184960,2000,False,,0.625,0.27899999999999997,0.508,0.887,107.21
2iSfBpoM7R238hEL9BB0PH,Quiet Earth,['BeebleBrox'],420627,1998,False,,0.495,0.318,0.324,0.33299999999999996,125.86
0iOFWnY4tFUEHjqROF00OW,Another Girl,['The Quintessentials'],109428,2004,True,,0.431,0.892,0.004520000000000001,0.885,102.538
5sha3B2myye1mwCVW6iXeP,Megaton,['The Quintessentials'],145033,2004,True,,0.49,0.95,0.00536,0.759,103.89200000000001
6liifR83vAAYFdAi4S4GAC,Puppets for Christ,['The Quintessentials'],80824,2004,True,,0.39799999999999996,0.9390000000000001,0.00251,0.8290000000000001,166.185
3qyaym4svgt4kNO5AfT96I,Nowhere to Go,['The Quintessentials'],170293,2004,False,,0.429,0.975,0.000245,0.496,118.491
5gpAGBgJxyuyWMImNQmzEk,Le Messe Moir,['The Quintessentials'],146652,2004,False,,0.316,0.975,0.00294,0.165,158.131
4kVlSWhVnOamyJhTsIpKF9,Pentagonal Revisionism,['The Quintessentials'],108409,2004,True,,0.402,0.9470000000000001,0.00156,0.637,113.084
471Jb2WMh8jQQrunTqfJBr,Lost in My Head,['The Quintessentials'],111831,2004,False,,0.462,0.951,0.00558,0.733,112.245
3PYEYPA4pVGvUaI1CMROvn,Real Doll,['The Quintessentials'],205898,2004,False,,0.312,0.932,0.003820000000000001,0.713,163.393
4sEcJxhMezKARvXhpPL5IH,Five Point Plan,['The Quintessentials'],149970,2004,True,,0.503,0.9790000000000001,0.00036,0.639,115.311
0InJbBx6uz7w4dVrVX5TFC,Love in the Cemetery,['The Quintessentials'],155456,2004,False,,0.322,0.862,0.00225,0.818,101.898
3GrS1IAwRPTBZ1Vi4WXSSM,Al-Azif (Necronomicon),['The Quintessentials'],108827,2004,False,,0.22899999999999998,0.948,0.000348,0.542,161.814
4mSLCx35N68kmeNSEYZbbi,Bus Ride,['The Quintessentials'],119224,2004,False,,0.376,0.909,0.0033200000000000005,0.72,113.209
39ZZezChX3eIuD7PIAX89w,Ziggy Stardust,['The Quintessentials'],195815,2004,False,,0.185,0.893,0.00278,0.4920000000000001,86.925
0Eo63YuJ2x9XHDD82EMdm7,The Charge (An Invocation),['The Quintessentials'],101879,2004,False,,0.436,0.966,0.00147,0.515,96.538
5MbbVBIbVN76ppGiGZlojm,The Stepford Wives,['The Quintessentials'],101722,2004,False,,0.295,0.927,0.000328,0.653,186.295
3RS7tmQkMFcqO8PYQ7QQmH,Devil Bitch,['The Quintessentials'],97882,2004,True,,0.44299999999999995,0.958,0.00687,0.601,101.11399999999999
1fwMHG5yGokXnycCz9b9FC,1989,['The Quintessentials'],104569,2004,False,,0.41,0.945,0.0004860000000000001,0.763,106.491
3jgvrJUnrfzEeCxq43RkvX,Ragnarok!,['The Quintessentials'],106241,2004,False,,0.293,0.958,0.0014,0.605,146.168
5cG10Jpzi34rVgFL7iQNvV,Outgoing Message,['The Quintessentials'],27848,2004,False,,0.42,0.97,0.00504,0.251,104.625
3vWcQfYsi9UAiaFGHcXp3f,Boto in Yo' Mouf!,['The Quintessentials'],18052,2004,True,,0.502,0.787,0.00821,0.0,108.891
6n7gc8QPz7o1CXWNKbmMgj,Black Bramford,['The Quintessentials'],133304,2005,False,,0.29600000000000004,0.884,0.000109,0.638,183.362
086mscZzrpSo4tPr1274Jt,Lust for a Vampire,['The Quintessentials'],140775,2005,True,,0.512,0.9079999999999999,2.11e-05,0.7140000000000001,119.99600000000001
2drwjpoutsfpclivLYk89c,Dead Head (Necrofeelya-Up!),['The Quintessentials'],115541,2005,True,,0.461,0.89,1.23e-05,0.902,139.922
6BwdLGu7sAvPg7L85ClR9p,Lady of the Dark,['The Quintessentials'],133774,2005,False,,0.424,0.973,1.76e-05,0.529,144.762
21IstDPXjjZIoKe9uj3cT7,Specimen 32 (Brain Intact),['The Quintessentials'],162300,2005,False,,0.473,0.9079999999999999,0.00103,0.93,152.107
1H5ICFfW922fBHSrsmwI1x,Bloodlust,['The Quintessentials'],133043,2005,False,,0.313,0.883,6.36e-05,0.73,143.953
7uMUJi7gGIfcpqWkjjbEds,Whiplust,['The Quintessentials'],137039,2005,True,,0.5539999999999999,0.89,0.00020899999999999998,0.836,135.056
0I0geCSzOgAUSkEUBPVICu,She's a Necrosexual,['The Quintessentials'],175413,2005,True,,0.401,0.912,0.000155,0.875,173.954
0kfRjrDy8rU571ufKGTC9T,In My Dark World,['The Quintessentials'],177921,2005,False,,0.428,0.9109999999999999,0.00359,0.88,130.298
3StIfIG5wyeYCpm2suKKUI,Loneliness,['The Quintessentials'],179306,2005,True,,0.556,0.838,0.0057799999999999995,0.927,141.96200000000005
3Pgdo0YImxAfY0ZoGk4Tvx,Ginger Snaps,['The Quintessentials'],118780,2005,False,,0.5379999999999999,0.934,6.56e-05,0.652,125.43299999999999
3GEfJjUmQgKaK8RCan8LrF,Mistress Damnation,['The Quintessentials'],285284,2005,True,,0.29600000000000004,0.943,7.65e-05,0.233,114.45100000000001
5Kpju2XaMtc7p58kG90qId,Rosemary's Baby,['The Quintessentials'],118048,2005,False,,0.528,0.882,3.84e-05,0.805,116.76299999999999
1jA6dnciqKAubHqQ93mGji,Hate,['The Quintessentials'],292912,2005,True,,0.557,0.405,0.625,0.389,131.015
0XSeLi41Ifd70dUbH7yxm5,Nice Girls Don't Die!,['The Quintessentials'],103185,2005,False,,0.40700000000000003,0.956,0.00126,0.6779999999999999,170.735
2LHX4H3WFUsZ8Fm9vGQ1HF,Zombie Girl,['The Quintessentials'],144798,2005,False,,0.419,0.932,6.4e-05,0.802,165.90400000000002
3IQFVLBRtMJgDycfZkUmr1,Energy,['The Quintessentials'],101539,2005,False,,0.27899999999999997,0.9640000000000001,1.3000000000000001e-05,0.8109999999999999,215.688
7AEFuYsOQhIQmuKAYAbI9q,The Devil's Lovesong,['The Quintessentials'],123612,2005,True,,0.271,0.963,1.09e-05,0.6920000000000001,176.579
7b18i6Q8lpc4WlCCBL6VtW,Que El Tiempo No Te Cambie,['Tequila'],219760,1998,False,,0.498,0.966,0.00613,0.961,150.619
12J2JpwSIdncybIBhRSRgf,Quiero Besarte,['Tequila'],295827,1998,False,,0.71,0.6890000000000001,0.0127,0.805,136.187
0laD76igujqGNL8SEcJbzy,Lush,['Quantec'],499467,2007,False,,0.76,0.505,0.13699999999999998,0.649,120.0
6Hot0rwKtKRaSDzXvq2gut,Drowning,['Quantec'],536227,2007,False,,0.6559999999999999,0.183,0.48100000000000004,0.507,120.02600000000001
7nzdqTS7iYMv95kw6RA1XP,Longwinded Edit,['Quantec'],473507,2007,False,,0.733,0.42,0.34600000000000003,0.485,120.059
71uDBg1LxMt3QCzudXFUlg,Te Quiero Bilbaina,['“Triki-Triki”'],171467,2006,False,,0.5660000000000001,0.17,0.996,0.8859999999999999,99.206
4ASYFsW8vnzwEE706em3lX,Quantas Sabedes Amare Amigo,['Sonus'],136067,1996,False,,0.614,0.0999,0.59,0.727,107.524
1639tzMlnAsCQHBsxK7mhi,Quen A Virgen Ben Sevira,['Sonus'],119560,1996,False,,0.6890000000000001,0.0828,0.92,0.578,124.088
5SbOtecxSx93OxkBzW0YL0,Como Quieres Mujer,['Chulito Camacho'],222707,2002,False,,0.853,0.853,0.255,0.8029999999999999,89.93
5Ra6kNZtC6T0C5ztUazZtp,¿Quien Cuida de Mi?,['Chulito Camacho'],247787,2003,False,,0.736,0.701,0.55,0.917,170.018
7ve9TpZsI6imeOLbxIln3s,Quickening,['Blueprintmusic'],212653,2007,False,,0.56,0.298,0.9590000000000001,0.34600000000000003,104.007
2BOeWVJXT2n70DTlvyW1OS,I'm Not A Girl,['Worm Quartet'],324720,2008,False,,0.648,0.948,0.0321,0.615,150.032
4lkDSTQPiTnehKppfuSQ6A,C Is For Lettuce,['Worm Quartet'],204120,2008,False,,0.6729999999999999,0.9620000000000001,0.725,0.9690000000000001,108.57700000000001
1okfgtLGQ9NssKWtvFwoPJ,What Your Parents Think All Your Music Sounds Like,['Worm Quartet'],186480,2008,False,,0.475,0.9670000000000001,0.7070000000000001,0.402,128.202
4ffIvzGYOomzlvbQ6wDXFL,Your Bird Smells,['Worm Quartet'],135720,2008,False,,0.626,0.7140000000000001,0.728,0.9490000000000001,151.423
7pS6Hid9m9VFN9nwUWAcEl,Dandelions Suck,['Worm Quartet'],37080,2008,False,,0.654,0.8540000000000001,0.013000000000000001,0.281,146.381
27VtNgsgmVPKK7zXsJLqYk,Gift Certificates And Intense Agonizing Throbbing Pain,['Worm Quartet'],149040,2008,False,,0.7240000000000001,0.5529999999999999,0.9279999999999999,0.8009999999999999,49.879
4qj6nXC0Hz6Bs0yH4CAfhY,You Were Wrong Cabinet Sanchez,['Worm Quartet'],124560,2008,False,,0.561,0.757,0.479,0.929,146.52
5QqM7ZjZaIRGlA8OzYyJ44,Princess Of Ohio,['Worm Quartet'],10440,2008,False,,0.0,0.304,0.672,0.0,0.0
253eaFSzeusnwt8PRlnvDO,Drugs And Masturbation,['Worm Quartet'],121680,2008,False,,0.615,0.982,0.0742,0.39799999999999996,150.982
4k2p26hOyzpshR5jAAIDcA,Corn,['Worm Quartet'],14040,2008,False,,0.0,0.94,0.9890000000000001,0.0,0.0
1PoaYCmG0573XsBQlkUIM6,Adventures In Creative Nostril-Swallowing - A Tribute To Plants T,['Worm Quartet'],137520,2008,False,,0.48100000000000004,0.843,0.8029999999999999,0.9420000000000001,76.194
5cOWbVv2k4svJYT5iRNFA6,I've Got A Wife,['Worm Quartet'],144720,2008,False,,0.557,0.9520000000000001,0.0185,0.9620000000000001,152.498
2vHpNaGeuMxOfhWgF1H6sC,I Want To Be Taken Seriously As An Artist,['Worm Quartet'],209520,2008,False,,0.615,0.769,0.124,0.858,96.00299999999999
0Tk8CEEIifamna56xLTM3t,You Will Go To The Moon,['Worm Quartet'],134280,2008,False,,0.6629999999999999,0.365,0.932,0.5820000000000001,133.53799999999998
3xif563MLCvE2WexTvl7hq,Super-Secret Hidden Bonus Track,['Worm Quartet'],347213,2008,False,,0.5770000000000001,0.24,0.9440000000000001,0.153,208.317
7nycPbOEbjVQVPqBHtHTd7,"Dame, Quitame",['Demo'],252920,1992,False,,0.595,0.773,0.14400000000000002,0.4920000000000001,183.88400000000001
4UeYLqiZEbmqGYeRmkCtiq,Quinsedlethorpid,['Doldrums'],318440,2009,False,,0.413,0.306,0.19,0.0803,95.79700000000001
3oewYCBJN4yHatGX7oeObD,Quicksand (feat. Sandpeople),['Sapient'],277400,2008,False,,0.6920000000000001,0.765,0.2,0.816,86.068
7dHnsG0xfbXfXbhSbjP8fK,LCC Basement,['Quinoline Yellow'],298756,2013,False,,0.736,0.772,0.129,0.32,124.961
1aavPLISZKelkr3w6vedDk,The Queen of Nothing,['+/-'],320973,2008,False,,0.603,0.55,0.00232,0.158,129.923
5vSzwbQjPxH2Y7xTGVqaSk,Never Turn Your Back On Rock 'N' Roll,['Stampede Queen'],263067,2005,False,,0.667,0.912,4.83e-05,0.885,137.05100000000002
1oFszOuXKfVmc6uryKuFyu,Woman In A Fast Car,['Stampede Queen'],229840,2005,False,,0.514,0.8740000000000001,9.17e-05,0.665,134.50799999999998
3u3piRe5muGSD1Qw7N3pTu,Sunshine Annie,['Stampede Queen'],207760,2005,False,,0.35700000000000004,0.943,0.000723,0.7170000000000001,166.791
3paaCswSWzayjub0DdOtQW,Mister Saturday Night,['Stampede Queen'],250387,2005,False,,0.586,0.884,9.429999999999999e-05,0.547,132.577
2RihcGRZ7cwx3NlYkODnho,Daisy Mae,['Stampede Queen'],223653,2005,False,,0.46799999999999997,0.963,0.000662,0.7440000000000001,163.461
60IHdFcvs3Oevpe6CPVB0R,Get Up,['Stampede Queen'],245147,2005,False,,0.606,0.9,0.00018999999999999998,0.698,145.08100000000005
74yRzyFPDaRAO5nGIObeuW,Dee Dee Dominator,['Stampede Queen'],234960,2005,False,,0.4970000000000001,0.9329999999999999,0.000262,0.7290000000000001,140.27
39tucLpCsMGqRWEtQGtmvk,Freewheeler,['Stampede Queen'],260227,2005,False,,0.521,0.845,0.000439,0.247,138.934
3taJlr7LC4rDFHtqMnjD6A,Devils Glove,['Stampede Queen'],241400,2005,False,,0.4320000000000001,0.9109999999999999,1.47e-05,0.649,154.387
21liURdDB8wZZxUxdbaGgm,High Till I Die,['Stampede Queen'],241640,2005,False,,0.381,0.9490000000000001,7.63e-06,0.69,92.397
4CVxPSf7tNqIsrRoRVHyLk,Wet Velvet,['Stampede Queen'],297413,2005,False,,0.648,0.608,0.0119,0.5479999999999999,110.63799999999999
1PBcg0f5AqBSkRGvL1fq8e,Animal Love,['Stampede Queen'],304133,2005,False,,0.486,0.84,4.59e-05,0.41100000000000003,137.305
4K94NxDuoN2S47ZZYIBXnH,Livin On Ten 24/7,['Stampede Queen'],289813,2005,False,,0.545,0.857,8.4e-05,0.6729999999999999,143.616
5OOPTC9fkJJKLM7F2S5Rg0,Stampede Queen,['Stampede Queen'],252213,2005,False,,0.374,0.934,0.000124,0.679,173.842
4GRQvxFbnf8F9sWG91R2uG,Queen of the Rodeo,['moe.'],185293,1998,False,,0.56,0.722,0.191,0.616,128.585
10LtJTkupXQgLL9KYcmuIT,Mississippi Queen,['Mountain'],150600,2009,False,,0.575,0.596,0.133,0.721,140.252
3ONgK2dhAF2IQ72gTgJNYY,Fortune Favors The Bald,['Q*Ball'],266213,2004,False,,0.524,0.9840000000000001,0.0171,0.616,167.989
6Q0oAlc79W7V9RQbw1RU7d,Showcase,['Q*Ball'],280840,2004,False,,0.579,0.902,5.59e-05,0.609,130.009
6GwEhMQ25CmsIXCD5Azt6F,John Hughes,['Q*Ball'],266667,2004,False,,0.519,0.877,0.004070000000000001,0.523,172.028
6zvd8N2mZplRHyzQ3qoJAz,El Disco,['Q*Ball'],290427,2004,False,,0.7070000000000001,0.9109999999999999,0.0243,0.9279999999999999,130.488
6YJnUcsc9OankWYWpgqBec,Who Said Chivalry Is Dead? (Not Q*Ball),['Q*Ball'],321680,2004,False,,0.47100000000000003,0.838,0.0944,0.354,85.025
537MmnblpIKLXdjTKj8L1h,Everything,['Q*Ball'],291747,2004,False,,0.5379999999999999,0.861,0.125,0.5660000000000001,90.001
4mI1EFRn5uMNpIizgMo7h4,I Can't Stop!,['Q*Ball'],288227,2004,False,,0.63,0.917,0.0536,0.518,130.02
73Hydeetmy6NGtfcXGM89P,"Brock Thurmon, P.I.",['Q*Ball'],191360,2004,False,,0.61,0.973,2.8199999999999998e-05,0.748,116.98100000000001
6QLAgRF7rG6JVRrTah2n8H,A Different Age,['Q*Ball'],269307,2004,False,,0.5429999999999999,0.929,0.0505,0.708,139.955
0B5yIQYSmG15N1gM3HxRUQ,I Hope You're Happy Now,['Q*Ball'],216400,2004,False,,0.639,0.9840000000000001,0.121,0.9470000000000001,116.007
4bBaC8UxasVNOcMwcpSvJk,Super Ball,['Q*Ball'],235240,2004,False,,0.767,0.917,0.0158,0.72,100.02
1rvJMpK44QKyDnZPXTLmi5,Goodbye,['Q*Ball'],258200,2004,False,,0.389,0.955,0.000167,0.223,108.00299999999999
35QT1xxSGkiRkJ82m1gIA0,Quadra Voidria,['Index'],434667,1996,False,,0.354,0.9359999999999999,0.00763,0.39899999999999997,108.027
0X74I1zTY6SAnc2R4d86Gk,Quantum Girl,['CULTTASTIC'],186147,2019,True,,0.659,0.603,0.0306,0.418,140.047
2AA1lfesrn9i3zUApm1AwG,Intro,['Ginoveli & Q Double'],120760,2007,False,,0.315,0.815,0.355,0.10300000000000001,96.98899999999999
777QEXPFFYVVME7lwfbmKw,Straight Ride,['Ginoveli & Q Double'],259373,2007,False,,0.703,0.713,0.00547,0.64,95.008
1NMeuj5HM207eojT3q9lxn,Lights Off,['Ginoveli & Q Double'],213533,2007,False,,0.6459999999999999,0.5870000000000001,0.0251,0.39299999999999996,106.785
4NDtJhyVbGbiS7n2TxFCNG,On Da Corner,['Ginoveli & Q Double'],247600,2007,False,,0.746,0.525,0.0357,0.8490000000000001,189.15400000000002
0KtwYaVylPPX2SJawEZNeo,Line Of Duty,['Ginoveli & Q Double'],217213,2007,False,,0.81,0.5,0.375,0.8390000000000001,117.978
5Pksv1FqSyOWHorzhTmwWo,Spit Dat Fire,['Ginoveli & Q Double'],303213,2007,False,,0.474,0.5329999999999999,0.10099999999999999,0.17800000000000002,161.434
4GFCElR00TLmCMnBpc75Ob,We Got Here,['Ginoveli & Q Double'],242520,2007,False,,0.615,0.431,0.158,0.552,99.60700000000001
0npXyiFsp1egMumKqhrYCC,Got A Girl,['Ginoveli & Q Double'],254640,2007,False,,0.7240000000000001,0.385,0.37,0.402,90.414
18n77wPNNQVpieMZfR3usR,Wonderful Life,['Ginoveli & Q Double'],275640,2007,False,,0.773,0.603,0.129,0.473,99.99799999999999
3snqfP9H05hKABwIisAZHy,Put On The Breaks,['Ginoveli & Q Double'],243360,2007,False,,0.696,0.6890000000000001,0.573,0.625,100.04
1SRh3Tzp3eMcUJWuhx0V50,Riding Dirty,['Ginoveli & Q Double'],201973,2007,False,,0.638,0.639,0.000726,0.413,60.004
1IPEJG5htWfrDNKXW6DZ5f,Krazy,['Ginoveli & Q Double'],262533,2007,False,,0.596,0.633,0.151,0.56,84.04299999999998
2v3s2encYZxo4vNYLhXJiC,Got A Girl (Remix),['Ginoveli & Q Double'],292400,2007,False,,0.7559999999999999,0.635,0.102,0.313,100.061
7wz5xkJJNKY7q4CSo4Kfcb,Waiting In The Wind,['Ginoveli & Q Double'],191680,2007,False,,0.7659999999999999,0.264,0.0255,0.72,100.486
65tfVfNIpFrrjclAUUP9p6,On Fire,['Ginoveli & Q Double'],262440,2007,False,,0.8340000000000001,0.53,0.512,0.633,119.955
5xGyMWs8GBwPBKFmZ59mad,Spit Dat Fire,['Ginoveli & Q Double'],193773,2007,False,,0.602,0.8490000000000001,0.22899999999999998,0.732,114.95
63otC5Twl1w45gxuFdQedu,Quero Te Amar - Ao Vivo,['Belo'],256880,2008,False,,0.43,0.632,0.752,0.43,135.993
28clONjZmul6FjfO6tZQDE,Metal Health (Bang Your Head),['Quiet Riot'],316867,1983,False,,0.494,0.9329999999999999,0.0434,0.507,121.20100000000001
3vV3cr2TpPqFk07zxYUbla,Cum on Feel the Noize,['Quiet Riot'],290960,1983,False,,0.409,0.92,0.00719,0.37,145.085
74wIEdRJGZR5aaKu2XnREO,Don't Wanna Let You Go,['Quiet Riot'],281133,1983,False,,0.638,0.8059999999999999,0.105,0.83,108.257
6POTqp14Lg3PmOkgYJ4lNe,Slick Black Cadillac,['Quiet Riot'],254293,1983,False,,0.344,0.871,0.0456,0.633,162.689
5I7WE1CnWsTE4DXWWbh2Nx,Love's a Bitch,['Quiet Riot'],250413,1983,False,,0.37799999999999995,0.7929999999999999,0.201,0.271,105.25399999999999
1G8psmDhjxPn53vLf5k3V4,Breathless,['Quiet Riot'],231067,1983,False,,0.385,0.97,0.0057799999999999995,0.365,146.482
0NYPQIcQEI0zFppqn7TEkB,Run for Cover,['Quiet Riot'],218427,1983,False,,0.39,0.97,0.0029,0.146,103.697
6lKDHNvpmm5qKl0ZXIYAnk,Battle Axe,['Quiet Riot'],98800,1983,False,,0.276,0.8170000000000001,0.963,0.562,89.09700000000002
1GkCHb2pkMPK2r9oMKifS4,Let's Get Crazy,['Quiet Riot'],248200,1983,False,,0.436,0.9329999999999999,0.0155,0.598,127.926
6hxZ8e428xWiGSweZpajAP,Thunderbird,['Quiet Riot'],283867,1983,False,,0.365,0.7170000000000001,0.426,0.244,139.41
5fL2Mfz9ZYusrdGnO2HAj6,Danger Zone - Previously Unreleased,['Quiet Riot'],306067,1983,False,,0.303,0.91,0.11900000000000001,0.326,149.055
5wVexYMrm9xu8qN82SIVpC,Slick Black Cadillac - Live,['Quiet Riot'],314307,1983,False,,0.25,0.975,0.0179,0.0815,169.03799999999995
1rTiH8aWIRp7Dh39eFKvEx,"Que llueva, que llueva",['Cantaré'],68267,2005,False,,0.899,0.45799999999999996,0.40299999999999997,0.35100000000000003,85.87
7h04QvNA7tfl0Hddif3Wjk,Watch This Stone,['Quantum Leap'],351440,2001,False,,0.585,0.77,0.0283,0.674,122.005
53HEAgkvV8QwXnw9n9cnsx,Passion,['Quantum Leap'],461573,2001,False,,0.479,0.698,0.00103,0.204,78.953
2JORDTYEMSuCPyY2ycKpom,Wind Features,['Quantum Leap'],467547,2001,False,,0.557,0.314,0.0069299999999999995,0.037000000000000005,71.49600000000002
0Vq9GSvtRuVfCRM7CcqyFs,Naturalize,['Quantum Leap'],452507,2001,False,,0.703,0.498,0.000677,0.318,179.97099999999998
3LJ4dezBF6x29M6TzznEsJ,Glasshouse,['Quantum Leap'],375827,2001,False,,0.723,0.507,0.171,0.726,78.05199999999998
0YZVWPQgMkyfN0E566On5F,Lights,['Quantum Leap'],352413,2001,False,,0.642,0.5489999999999999,0.125,0.821,190.012
33nJ5UMunIvoFwD9rzJN9C,Sunset Flight,['Quantum Leap'],392080,2001,False,,0.715,0.759,0.335,0.9640000000000001,170.06900000000005
3gCwIWwYdA6lWL59ukcHK6,Dark Angel,['Quantum Leap'],422253,2001,False,,0.7509999999999999,0.342,0.0437,0.615,92.988
6QBwkQWezWlcuESLzWC3Qw,Tapestry,['Quantum Leap'],445173,2001,False,,0.67,0.34,0.264,0.20199999999999999,192.017
1LIcZAitnc7VwHAh8BKtBC,Flex,['Quantum Leap'],403240,2001,False,,0.555,0.626,0.00028399999999999996,0.903,120.046
6DaEWxItErnNUOy0lH7VM4,Tokey Joykey,['QQQ'],268320,2010,False,,0.321,0.86,0.0857,0.4920000000000001,106.15700000000001
32YG0p8u6xt5UOxHKuhYC5,Spring,['QQQ'],344187,2010,False,,0.273,0.402,0.21600000000000005,0.34,73.68
6qVZ1GilcIKxq1VBklUAsF,Swimming under the Moonlight,['QQQ'],462053,2010,False,,0.27,0.424,0.17,0.201,153.75
4U061tvhqnsqXiwv7Wy16o,Runaway Puppy,['QQQ'],229533,2010,False,,0.4970000000000001,0.733,0.215,0.415,104.301
1EvDZl0QrO7HygLgXcRijV,Sister Sparrow,['QQQ'],290827,2010,False,,0.10800000000000001,0.311,0.871,0.138,176.46900000000005
4YRmNKaPpwji7BmCrYJ746,(t)His Land,['QQQ'],290467,2010,False,,0.37,0.6859999999999999,0.0456,0.3670000000000001,174.08700000000005
4lhIkQwiDauQocRxdEchDQ,Beth's Springer,['QQQ'],236333,2010,False,,0.315,0.418,0.833,0.264,77.318
230vRKqi1AhaGLn8IqTqxn,Al or Nothing,['QQQ'],317013,2010,False,,0.276,0.48100000000000004,0.512,0.201,71.873
42YRTKVRPwvyJKYeFcdDX3,Happy 'til you Hurt Yourself,['QQQ'],193720,2010,False,,0.33899999999999997,0.643,0.316,0.445,132.923
3Um0Pdi6bFYxcwSkxfZEZE,Orton's Ode,['QQQ'],183587,2010,False,,0.332,0.0974,0.986,0.102,137.222
5xbAf7qxifQCEu9Qouemi5,Unpacking the Trailer,['QQQ'],337733,2010,False,,0.441,0.6890000000000001,0.48100000000000004,0.39799999999999996,171.368
6D1E4dMgcfL3z25SiuUJ2D,Rocolocosmotokotoko,['QQQ'],335213,2010,False,,0.359,0.609,0.45799999999999996,0.446,123.944
3X3xh5bSEL9vuObTpjLWmD,Ghostwalk,['QQQ'],415680,2010,False,,0.27699999999999997,0.28800000000000003,0.703,0.0707,100.954
3yYWchT7oiBiyVZGThhnJw,Quien Es Mas Fiel,['Maricelys'],257693,1997,False,,0.818,0.833,0.0355,0.768,149.65
54hJvobFCWuisbOMAnhG0k,Home,['Quintero'],266173,2007,False,,0.7509999999999999,0.535,0.75,0.303,80.342
76FRo3bdPSoXoTaJjeiUl5,Change,['Quintero'],374947,2007,False,,0.7809999999999999,0.349,0.545,0.184,125.979
4CPi6aRQrtYKDtwZNIoxhc,Free Me,['Quintero'],232187,2007,False,,0.6679999999999999,0.364,0.7709999999999999,0.0399,89.985
1sLOiDMLbbXzj9sdPwqVH9,Gravity,['Quintero'],220267,2007,False,,0.765,0.22399999999999998,0.153,0.258,75.96300000000002
0pFM4E2CLmdGlDiUxzQHU0,Jane Go On,['Quintero'],202320,2007,False,,0.5720000000000001,0.267,0.9390000000000001,0.0392,179.899
2YZu664348svtvQyjWIhjL,Echoes,['Quintero'],290400,2007,False,,0.855,0.261,0.616,0.358,77.998
7lIaANPRiNqcvayz2tKBvW,Say The Words,['Quintero'],403320,2007,False,,0.701,0.396,0.303,0.195,70.01899999999999
3B5sLwVrLrywuzRKL0t5WC,The Loop,['Quintero'],319493,2007,False,,0.7909999999999999,0.21100000000000002,0.358,0.149,129.942
0hxU0mhwjoR0bp0989epXg,Life In Your Hands,['Quintero'],290853,2007,False,,0.731,0.126,0.9390000000000001,0.235,139.906
5ojNAsJpl6PpWdCtQlimNb,Invisible Man,['Quintero'],341453,2007,False,,0.769,0.37,0.623,0.34,79.964
4B4EFQO0Z2fYoFTSuiDy8N,Time Will Come,['Quintero'],275373,2007,False,,0.727,0.37799999999999995,0.504,0.138,72.003
4j9NNVZYnByyj2vb313QAD,Snow,['Quintero'],202640,2007,False,,0.693,0.349,0.29,0.11699999999999999,163.94099999999997
6sfUhyDpp3AWWs2o8J9u3Y,Imagining,['Quintero'],227880,2007,False,,0.77,0.446,0.828,0.418,104.95100000000001
4IInbcXA9096k8DdS9guXQ,The World,['Quintero'],223053,2007,False,,0.625,0.43799999999999994,0.11,0.151,139.997
4ELSMsxtafQibnbYlxmdbF,El Camino de Che,['John Jorgenson Quintet'],302893,2007,False,,0.547,0.7190000000000001,0.377,0.755,122.198
2iqWpKHUWhwPR3IQ7xJ8A3,Swingapore,['John Jorgenson Quintet'],253613,2007,False,,0.6579999999999999,0.32799999999999996,0.285,0.424,102.955
7oPcBlIHf5Nem3GNmO2lH4,Ultraspontane (Intro),['John Jorgenson Quintet'],129440,2007,False,,0.40399999999999997,0.456,0.9159999999999999,0.384,121.48700000000001
4TYZfT7GGilwQN7hu3M49V,Ultraspontane,['John Jorgenson Quintet'],324653,2007,False,,0.552,0.7170000000000001,0.23800000000000002,0.841,123.05
727pwQlySBb36XQPjQBtvK,Don't Worry 'Bout Me,['John Jorgenson Quintet'],202787,2007,False,,0.639,0.271,0.7959999999999999,0.622,105.801
3DNfHgEt80VsCGP8erOViN,G-Funk,['John Jorgenson Quintet'],223347,2007,False,,0.625,0.302,0.599,0.45399999999999996,81.575
5sWu5jKF75E81guAtYoKtK,Lucky Sevens,['John Jorgenson Quintet'],248800,2007,False,,0.574,0.41600000000000004,0.7909999999999999,0.872,199.88400000000001
4rRnCbNiTNbsMe99JFxnqX,Bossa Orpheum,['John Jorgenson Quintet'],222120,2007,False,,0.6890000000000001,0.639,0.516,0.9179999999999999,92.55799999999999
130ZDOelOAdXvpKU6tfQug,Ghost Dance,['John Jorgenson Quintet'],183547,2007,False,,0.5870000000000001,0.816,0.134,0.907,79.962
50OYcE5jqmVglcWZ18o6Cd,Improvisation #1,['John Jorgenson Quintet'],240920,2007,False,,0.34,0.345,0.746,0.17300000000000001,80.89
2AV8VAZDMsjCQLOtJgtAjx,Improvisation #2,['John Jorgenson Quintet'],202293,2007,False,,0.478,0.213,0.745,0.132,86.523
6twalHuhwNDm93lh91PlCT,La Journee des Tziganes,['John Jorgenson Quintet'],482333,2007,False,,0.652,0.45,0.384,0.62,112.014
2ytG9LDqDu7v5tzNCZ880v,Quarry,['Snakefeast'],360759,2015,False,,0.355,0.723,0.00358,0.109,143.225
6DTYm3UA4tbdGmY0KpNyEp,Quiero Estar Contigo,['Contagious'],238973,2010,False,,0.615,0.61,0.0296,0.937,168.122
6zNTylMJ0QdO6vWl0ELKJy,Que No Quede Huella - En Vivo,['Rana'],271400,2015,False,,0.6940000000000001,0.716,0.546,0.898,97.148
38rNOjVXCfR5iM24xzKIQP,"Quiditty, The Dream-Sea",['Mank'],170707,2008,False,,0.428,0.129,0.851,0.125,164.014
3DjXu9jBpV5lPbhHQVyPQd,Que Vuelvas,['Shakira'],230800,1998,False,,0.688,0.917,0.0185,0.7879999999999999,123.87299999999999
4goN052WDUBWBa8wCq1kk3,Question 1,['JoeyStarr'],81027,2006,False,,0.762,0.503,0.449,0.927,89.559
66MGlmgIxgIYUmYcu48ylj,Question 2,['JoeyStarr'],28107,2006,False,,0.652,0.537,0.8290000000000001,0.951,59.144
7LPyT7mwh1roJpSf3rfxC6,Question of Time - Depeche Mode cover,['Kant Kino'],263267,2009,False,,0.514,0.9440000000000001,0.00158,0.13699999999999998,130.032
0UXVklkAWEwd9tBNT8zL3A,Quiet Nights Of Quiet Stars (Corcovado),['Samina'],187013,2005,False,,0.8440000000000001,0.327,0.519,0.598,117.04700000000001
3T6aG9sqaEjT716VDm5HSD,China Fibberous,['Quasar Wut-Wut'],40613,2004,False,,0.218,0.0987,0.976,0.10300000000000001,79.83800000000002
2d7NdYd63x4BRRJnzpzmXv,The Tramps of Taro Sound,['Quasar Wut-Wut'],263480,2004,False,,0.379,0.778,0.0474,0.631,136.545
06ALKZR2OO42Bymz8dyzUJ,Echolalia,['Quasar Wut-Wut'],175307,2004,False,,0.507,0.21,0.649,0.21899999999999997,127.34899999999999
0G5imcKWgmSscGgYAsTOKe,Enola Gay,['Quasar Wut-Wut'],144493,2004,False,,0.32299999999999995,0.7809999999999999,0.0674,0.9490000000000001,164.28400000000005
7gO1BO4BJn8V94ieg6uEEl,Pulling Yarns,['Quasar Wut-Wut'],286147,2004,False,,0.363,0.499,0.321,0.11,137.164
07ksYFM6yIk7beqOpA1oFo,Beaver Fever,['Quasar Wut-Wut'],201067,2004,False,,0.424,0.39299999999999996,0.445,0.615,84.46700000000001
0uEswKmWp7fYOzh9BoVExQ,Stiletto,['Quasar Wut-Wut'],214600,2004,False,,0.37799999999999995,0.654,0.0154,0.568,147.543
2mPQI6C6v0drqJTlIqxOaM,Ass Kissin' Lips,['Quasar Wut-Wut'],336587,2004,False,,0.39,0.622,0.345,0.32799999999999996,115.245
6dW2CQiGmjYGf3re6nBaBo,Oh My Dear,['Quasar Wut-Wut'],206493,2004,False,,0.496,0.20800000000000002,0.943,0.15,108.854
4XcvyDbrKDnURIzLQ24IEX,The Carrion-Eaters' Lullaby,['Quasar Wut-Wut'],42893,2004,False,,0.317,0.27899999999999997,0.871,0.10400000000000001,125.476
0pbeOVkSE4KPRqslSkiaKm,Thankful Hank & The Guzzard,['Quasar Wut-Wut'],255213,2004,False,,0.35600000000000004,0.634,0.11699999999999999,0.452,130.532
34ArOlPDj6MeCeAxfiF50r,Zug Island: Better Than Gary,['Quasar Wut-Wut'],31253,2004,False,,0.4320000000000001,0.617,0.0749,0.44299999999999995,48.074
3zCxOfrwqtsv0HMXMJTMJh,March of the Zug,['Quasar Wut-Wut'],247187,2004,False,,0.35700000000000004,0.89,0.21,0.525,127.367
6HhkqHwYglCd9a69zNJJdl,Little Crimes,['Quasar Wut-Wut'],189880,2004,False,,0.326,0.22399999999999998,0.8959999999999999,0.0889,122.706
0HDmM6KpUcRJgMzt5NGzPM,Quest For Certainty,['Shelter'],208800,1995,False,,0.314,0.737,0.00058,0.698,175.407
6IzkhOu5vPOAG3OnAmTZpz,C.Q.,['Clinic'],71867,2000,False,,0.583,0.95,0.157,0.5920000000000001,138.191
4eXmOFgZg4nbPF2yi3rUZa,Quiero Vivir en la Ciudad,['Mecano'],168573,1982,False,,0.5579999999999999,0.904,0.17800000000000002,0.809,165.982
5ho9GAzjXAU4nZ6RMdt6fP,Quisiera,['Papucho'],263200,2006,False,,0.905,0.753,0.20199999999999999,0.9209999999999999,130.371
3iu5Y11KTNAgImEdxjCrTF,Que Tenga,['Papucho'],239667,2006,False,,0.8,0.821,0.261,0.961,147.084
7uea3TxLE35Yh2bNWiFX3U,Will U Be There - Havoc,['Queensbridge Finest'],220760,2007,False,,0.73,0.706,0.0852,0.632,91.00200000000001
6R4Cc0YsOJ65asX4a3oN8F,When I Was Young - Littles,['Queensbridge Finest'],165773,2007,False,,0.591,0.703,0.0163,0.611,81.693
4ydRzWnUkDWZoOPv0v7xRU,Stomped - Craig G,['Queensbridge Finest'],201827,2007,False,,0.795,0.723,0.11900000000000001,0.816,94.685
7Lxe7QqDiASv0kCr5ZkD1v,Shinin Star - Cj Moore,['Queensbridge Finest'],192933,2007,False,,0.44299999999999995,0.9440000000000001,0.00883,0.562,86.12299999999998
0Of225RNpNAM7v0rYHoCg9,The Realest - Chryme Fam Ft. Prodigy,['Queensbridge Finest'],228253,2007,False,,0.6559999999999999,0.5720000000000001,0.10400000000000001,0.48700000000000004,93.94
6eCe8BQhux41KEkPVYrOZo,Ready Set Begin - Craig G,['Queensbridge Finest'],205667,2007,False,,0.863,0.39299999999999996,0.008020000000000001,0.812,93.1
4WVXdemQwc09Gy3yNryE5q,Pimp Thug - Knotie the Pimp Ft. Capone,['Queensbridge Finest'],262800,2007,False,,0.473,0.44,0.434,0.5539999999999999,79.35300000000002
65DX556gxKBIHnBml3LGtG,Number 1 - Poet,['Queensbridge Finest'],248213,2007,False,,0.7140000000000001,0.838,0.33399999999999996,0.612,92.09700000000001
4s3plTaNUsf0PuQHf7Ce2h,New York Ny - Littles,['Queensbridge Finest'],158040,2007,False,,0.66,0.8420000000000001,0.317,0.731,85.08
6lAESJsFnMUt8GTvaOuflm,Nasty North - Knotie the Pimp Ft. Ron Artest,['Queensbridge Finest'],293027,2007,False,,0.795,0.449,0.297,0.609,150.011
5ufl5ENgw2lCB27uxXDC4I,Move - Most Hated,['Queensbridge Finest'],191413,2007,False,,0.5820000000000001,0.574,0.0151,0.544,180.02900000000002
6jRzmI3HqTVATRvRh1FKfF,Mad Clips - Cormega Ft. Styles P,['Queensbridge Finest'],185533,2007,False,,0.4970000000000001,0.8059999999999999,0.0411,0.539,84.458
202qygRcO8tdmZOq0QvPSK,I Did It - Killa Sha,['Queensbridge Finest'],178147,2007,False,,0.6409999999999999,0.655,0.273,0.7170000000000001,95.945
6xyHE3mhe8A0oEBiLUh7Y7,Half a Mil - Hotday Ft. Cnn,['Queensbridge Finest'],214400,2007,False,,0.4270000000000001,0.574,0.57,0.348,179.41099999999997
3XzPp4r0UeAybgXtRoE6al,Get Low - Knotie the Pimp,['Queensbridge Finest'],300787,2007,False,,0.852,0.486,0.0791,0.677,97.056
4bbXwBmMBynqJLTn9asgRD,Dirty New York Remix - Lake Ft. Fat Joe,['Queensbridge Finest'],243120,2007,False,,0.706,0.665,0.10400000000000001,0.732,75.957
1TODTjVT99TzHW2sfU6v8A,Come On & Get High With Me - Infamous Mobb,['Queensbridge Finest'],397973,2007,False,,0.46299999999999997,0.642,0.172,0.45399999999999996,83.162
1Tqx38bfy1xoccuDP3Wx97,Bomb Z Bounce - Imam Thug,['Queensbridge Finest'],252707,2007,False,,0.39799999999999996,0.48100000000000004,0.524,0.46,176.05700000000004
4AvQDHbSwCdfrBxoexfalk,A Thing Called Love - Killa Sha,['Queensbridge Finest'],245627,2007,False,,0.629,0.667,0.11900000000000001,0.493,90.197
5RRokQNUtuLkRoHnbuIvmz,"40th Side of Thaings - Hotday, Cormega, Nas & Syl Drama",['Queensbridge Finest'],260707,2007,False,,0.7290000000000001,0.5,0.095,0.359,177.408
7ddCVmlHr5o35x1bpKegq0,Quand le soleil dit bonjour aux montagnes,['Tous'],246053,2006,False,,0.59,0.573,0.532,0.431,112.04899999999999
1gRoUC6gphaI6rVF7q5aOn,Mi Pais,"['Nach', 'Quiroga']",278261,2003,False,,0.594,0.813,0.718,0.589,92.009
2s7aG0f6QfECqJ3KOqiHys,Quoteunquote,['Griffen'],268307,2004,False,,0.835,0.6509999999999999,0.026000000000000002,0.804,75.003
6fBcwm3z9aCmNWMGdGah9Q,Quince Dillon's High D/Bragg's Retreat,['Phil Passen'],216760,2011,False,,0.387,0.414,0.825,0.41200000000000003,114.495
267o5VuqW7bsza3y0zAt9T,PewPew,['Quickthorn'],152720,2012,False,,0.733,0.0583,0.991,0.276,108.15799999999999
4likTUC0d4U1IFLbae1GGT,"Intermezzo In A, Op. 118, No. 2",['Modern Mandolin Quartet'],329200,1990,False,,0.455,0.0294,0.9640000000000001,0.175,79.56
1aUMWaoC9ZtjnjNNS6KyKD,Love's Philosophy,"['Roger Quilter', ""The King's Singers""]",100960,1993,False,,0.358,0.0543,0.9620000000000001,0.11800000000000001,82.74600000000002
5e1EH1YjVbNfiLpBzclCKG,Quarantäne Melodie,['Glitzer Gischi'],142000,2020,False,,0.552,0.843,0.00011399999999999999,0.816,126.95200000000001
7ttQtEa3vbsuKyHTIbPhdT,Marcia funebre - drei gaunze schüleng,['Helmut Qualtinger'],132867,2006,False,,0.47,0.015,0.961,0.0712,133.779
2gS27TiuKxj6CO1fqqSjSZ,an briafdroga sei gschbenzt,['Helmut Qualtinger'],76533,2006,False,,0.507,0.152,0.95,0.214,89.71700000000001
4d78pEtj3uWeRzCvAXyCTv,dod en wossa,['Helmut Qualtinger'],86893,2006,False,,0.433,0.0533,0.9520000000000001,0.306,178.18900000000005
2xb2JPGlmfQUCdOUdwwRQv,waun s d a bech hosd,['Helmut Qualtinger'],88533,2006,False,,0.575,0.152,0.899,0.29100000000000004,115.54799999999999
6Pi3UpKQNDONBJjIOz8oMP,waun e schdeam soit,['Helmut Qualtinger'],109573,2006,False,,0.434,0.135,0.946,0.537,178.99
3QxssfAGNz7dxCnR1l9HM4,frog me ned,['Helmut Qualtinger'],56200,2006,False,,0.605,0.217,0.775,0.256,134.941
0KTvXVM5BsHUC0i6bWcjMW,heit bin e ned munta wuan,['Helmut Qualtinger'],101560,2006,False,,0.563,0.00843,0.9640000000000001,0.147,99.555
21CmrPAi4kKxjVnZRb1ixs,aum eaxtn is s ma r one dia,['Helmut Qualtinger'],82307,2006,False,,0.667,0.068,0.8740000000000001,0.344,71.922
2I0pX4cgUR4LltyPMRQgBp,liad fia a mal,['Helmut Qualtinger'],80533,2006,False,,0.594,0.0999,0.905,0.222,99.585
5TE4ukmCUootD45hIhxBGB,mit mia ged s beagobb,['Helmut Qualtinger'],72160,2006,False,,0.738,0.138,0.851,0.439,119.01299999999999
1GDhK0MWWBHWNmWq0QQ4Bs,ogrim und gwassad,['Helmut Qualtinger'],62333,2006,False,,0.506,0.115,0.7979999999999999,0.188,98.557
0aU8stdZSFDNEhfuD74t31,ma sogt von mia ich hät in schblin,['Helmut Qualtinger'],37907,2006,False,,0.634,0.159,0.946,0.615,124.617
38aJFk0kZh8qeXdW2bPFeY,von an mistkibe zum aundan,['Helmut Qualtinger'],98600,2006,False,,0.406,0.0705,0.9640000000000001,0.391,118.18799999999999
5DwSFF3AJechzugShkMMue,im kafeehaus,['Helmut Qualtinger'],52827,2006,False,,0.502,0.10300000000000001,0.956,0.353,157.19799999999995
4Y9ow2P8nRojYZeivy8gQM,ringlgschbüübsizza,['Helmut Qualtinger'],65173,2006,False,,0.7709999999999999,0.19,0.792,0.625,113.93799999999999
5NTNLKem8ghNqND6Fwu3Ty,blauboad,['Helmut Qualtinger'],69160,2006,False,,0.716,0.20199999999999999,0.741,0.852,120.535
3CxLPXBJeteUIwYuRJxC3O,kindafazara,['Helmut Qualtinger'],79000,2006,False,,0.433,0.0723,0.909,0.149,70.902
2vuFi7NOnQ9kZZaCHwPviu,wos unguaz,['Helmut Qualtinger'],61507,2006,False,,0.652,0.107,0.925,0.40399999999999997,113.594
0YhH6Kkq00dAk4dgNnNsD0,auxoffana r untan gristbam,['Helmut Qualtinger'],68000,2006,False,,0.5429999999999999,0.0824,0.8390000000000001,0.26899999999999996,96.96799999999999
39FRhTrRm8hOVnrEqW7cPZ,balade fon da zuagschbeadn gredenz,['Helmut Qualtinger'],127667,2006,False,,0.64,0.379,0.9259999999999999,0.871,152.29399999999995
5r7h7oQWRGL1y6NZLxHp0e,wos an weana olas en s gmiad ged,['Helmut Qualtinger'],161667,2006,False,,0.498,0.106,0.943,0.35700000000000004,74.226
5ljrbp0ao0IcoJXwhLJFrU,Quicksand Baby,['Downright'],252427,2003,False,,0.45399999999999996,0.858,9.68e-05,0.4370000000000001,109.137
528Jf1pQ2tiq7XsnSlDyMo,Quietnova,['Tsunami'],228240,1994,False,,0.563,0.5529999999999999,0.27699999999999997,0.741,128.423
4RtLLuxqczWfitgeTGcdW6,Quark mit Spass (Pferd),['Glitzer Gischi'],192078,2018,False,,0.633,0.7959999999999999,0.00971,0.573,130.032
0bu6c3m5McCF78z1GhYTGG,Amsterdam,['Quazar'],243733,1999,False,,0.7979999999999999,0.8740000000000001,0.000102,0.5820000000000001,130.02
2yK0yPrZOiHWXSHQB98MjT,Hello,['Quazar'],397733,1999,False,,0.784,0.706,0.408,0.6970000000000001,135.01
0ILGJGnZ0qfYi4cqjYTukw,D-Drive,['Quazar'],308800,1999,False,,0.759,0.562,0.0812,0.18899999999999997,135.007
5PvwUAUeI4Sun5Yj9lqMWr,House Music,['Quazar'],458800,1999,False,,0.878,0.455,0.0031899999999999997,0.225,134.004
2E4WSCjBM9A86gRpq5r4pA,Travel Light,['Quazar'],249067,1999,False,,0.741,0.589,0.018000000000000002,0.259,134.993
7fsHSgBS3DUKy5XcM6hNeT,Omega Airport,['Quazar'],401840,1999,False,,0.7829999999999999,0.728,0.0179,0.32,134.99
3zyf39yaz3VHqScgPVwzHO,Move,['Quazar'],265693,1999,False,,0.7040000000000001,0.78,3.87e-05,0.0375,134.991
0VMHgNpGgxdbpj2eoInIvJ,Exactly It,['Quazar'],371107,1999,False,,0.768,0.528,0.00773,0.0838,133.319
6w4wkEBhAWB7IAgjjYbGhL,Switch,['Quazar'],320293,1999,False,,0.787,0.7290000000000001,0.00103,0.196,134.993
6qDwn52wNRXDjfv30BnWKX,Timbar,['Quazar'],200000,1999,False,,0.78,0.629,0.006690000000000001,0.386,135.00799999999998
1Ne3SqfWO2mQasqiQ5hyBl,21 Hours,['Quazar'],327640,1999,False,,0.782,0.516,0.0205,0.341,134.997
23AdBHFJtvlSdEfxJODZuY,Stow,['Quazar'],286693,1999,False,,0.752,0.917,0.0127,0.11800000000000001,135.012
0puIyYHylVDHoRFAz2KcMg,Real Kit,['Quazar'],333493,1999,False,,0.71,0.687,0.000132,0.0388,132.475
1MWk3Rm3EuiqOYJ9xmQTxD,Nu Treasure,['Quazar'],400013,1999,False,,0.785,0.7340000000000001,0.0254,0.8540000000000001,134.986
53a86cCoCUiK4lE5ncfiIT,Year (Of You),['Queenadreena'],228853,2009,False,,0.221,0.8420000000000001,0.00473,0.441,172.66
1uzzf1Da2zOclkFRg29B2s,Angels,['Queenadreena'],234147,2009,False,,0.256,0.8859999999999999,4.76e-06,0.355,142.806
3G4LMSCG2zQ6mGFPyTIpBg,Killer (Tits),['Queenadreena'],224053,2009,False,,0.126,0.841,0.0203,0.34700000000000003,216.135
6p2oUfOVpkKdXHPTBndFzM,Night Curse,['Queenadreena'],302920,2009,False,,0.515,0.451,0.14400000000000002,0.38299999999999995,156.71
5wejejEhzMl8UeGHxTTiZ5,Lick,['Queenadreena'],198307,2009,False,,0.195,0.789,2.61e-05,0.32299999999999995,142.793
2krLUjmKcDEYFFGBAoKkUc,Crows,['Queenadreena'],189853,2009,False,,0.27399999999999997,0.978,0.006690000000000001,0.172,116.60600000000001
5tQmr0R0ae6SgxAXSVg16k,You (Don't Love Me),['Queenadreena'],483387,2009,False,,0.35100000000000003,0.535,0.00587,0.115,136.547
2jZJ3LADM8ZRyXmopLxk9Z,Ruby,['Queenadreena'],306387,2009,False,,0.33399999999999996,0.746,0.00025699999999999996,0.33399999999999996,87.12
4OTgw2qCTOTHEI70oI8CJV,Pretty Fish (Turn Pink),['Queenadreena'],188667,2009,False,,0.542,0.629,0.0035299999999999997,0.609,134.108
23Z78E7AghPw8QJOmQkrd5,Happy Now,['Queenadreena'],288293,2009,False,,0.489,0.634,0.00312,0.442,98.666
6s3PD9Abi2u5Ksy6uyplTx,Life (Support),['Queenadreena'],365027,2009,False,,0.257,0.915,0.168,0.17800000000000002,127.75299999999999
7eL4ef0n0lhjPZoWkGoqwH,Heaven (No More) (Don't Look Down),['Queenadreena'],267293,2009,False,,0.406,0.319,0.701,0.10400000000000001,110.652
7u9QpPK8Krk6a3PcFWu8wh,Der Halbwilde,"['Helmut Qualtinger', 'Kurt Werner']",180827,1999,False,,0.7609999999999999,0.361,0.792,0.615,122.367
3uPwtbIlvJRQxUvQ8QCTkV,Travnicek und die Wiener Messe,"['Helmut Qualtinger', 'Kurt Werner', 'Gerhard Bronner']",242667,1999,False,,0.6940000000000001,0.134,0.8490000000000001,0.624,102.286
09TfQES0sKJ1bDxMOJG8qW,Travnicek und die Wahlen,"['Helmut Qualtinger', 'Gerhard Bronner', 'Kurt Werner']",259867,1999,False,,0.723,0.19899999999999998,0.84,0.615,117.946
2SEJqMLheusyLEKXyzedzt,Die Schmattes - Oper,"['Helmut Qualtinger', 'Peter Wehle', 'Gerhard Bronner', 'Kurt Werner', 'Christa Irrall', 'Nikolaus Haenel', 'Louise Martini']",413107,1999,False,,0.617,0.204,0.848,0.5660000000000001,177.611
6WREqNtE83nIxIeRss4CJi,Unser guter Kaiser,"['Helmut Qualtinger', 'Kurt Sobotka', 'Gerhard Bronner', 'Kurt Werner']",256867,1999,False,,0.613,0.327,0.871,0.6829999999999999,82.417
1Mhd9r6BkBMdSZXPkwPtPp,Die Unterentwickelten,"['Helmut Qualtinger', 'Kurt Werner', 'Al Edwards']",262840,1999,False,,0.6859999999999999,0.125,0.74,0.483,99.93
71O3WovHzUm2Pkdb2fbrkN,Krügel vorm G´sicht,"['Helmut Qualtinger', 'Gerhard Bronner', 'Kurt Werner']",307467,1999,False,,0.353,0.268,0.8,0.359,83.738
6wnlyiazyef5UiqPsqxKQJ,Die Twens,"['Helmut Qualtinger', 'Kurt Sobotka', 'Gerhard Bronner', 'Kurt Werner']",231227,1999,False,,0.715,0.332,0.852,0.878,140.705
0RqXifHghBbiWMP9U5Wyg5,Travnecek hat Vorrang,"['Helmut Qualtinger', 'Kurt Werner', 'Gerhard Bronner']",313267,1999,False,,0.638,0.294,0.732,0.48200000000000004,89.281
3ET2V7CjBXTVe9Y2VPGsBH,Queen of the Scene,['American Aquarium'],193013,2009,False,,0.452,0.84,0.153,0.843,126.178
7AVWCxzHkE7kXnJfvs7sKL,C'est un mauvais garcon,['Baguette Quartette'],126293,1995,False,,0.38,0.297,0.9520000000000001,0.84,205.666
4114Mx56mHGLMswQpV5dBh,Un amour comme le notre,['Baguette Quartette'],140533,1995,False,,0.514,0.332,0.72,0.684,137.156
4uCcKD4ddMYBZztwFwDcek,Scintillante,['Baguette Quartette'],108627,1995,False,,0.662,0.418,0.8540000000000001,0.95,99.10600000000001
0yAuiqGXb7LeKkDJ0Smj2P,Le plus beau tango du monde,['Baguette Quartette'],157013,1995,False,,0.429,0.179,0.9359999999999999,0.4920000000000001,127.773
2bmxDmmESv9eki38G12xpg,Madame Arthur,['Baguette Quartette'],170280,1995,False,,0.535,0.324,0.98,0.85,86.32700000000001
0XQlUUAG7LWi27ENDTds8m,Passion,['Baguette Quartette'],195307,1995,False,,0.507,0.48,0.8490000000000001,0.6459999999999999,109.397
1PIHtaW0aFcOd7W8HtiyBm,En douce,['Baguette Quartette'],144213,1995,False,,0.445,0.265,0.867,0.635,173.13400000000001
4N93fO9JoGEnaxPZKn8ZsP,La Violetera,['Baguette Quartette'],195653,1995,False,,0.401,0.263,0.845,0.418,110.6
5juk38bS0iiRY7e11vSMJY,Le denicheur,['Baguette Quartette'],162547,1995,False,,0.419,0.368,0.863,0.802,206.34
20lzpwEIQe9lKSbZUu2l2J,Nuits de Chine,['Baguette Quartette'],146347,1995,False,,0.623,0.223,0.8440000000000001,0.9,101.815
6idy8PteAVhHQwu1TeOwKu,Les beaux dimanches de printemps,['Baguette Quartette'],121120,1995,False,,0.452,0.33799999999999997,0.871,0.6709999999999999,99.62299999999999
3yILmaWQ5VHtKTcLKydlDz,Lis-moi dans la main tsigance,['Baguette Quartette'],177320,1995,False,,0.3720000000000001,0.397,0.9329999999999999,0.531,129.605
0T9FkgeD739r81L1qyewp7,Indifference,['Baguette Quartette'],182013,1995,False,,0.59,0.6459999999999999,0.823,0.4920000000000001,110.493
593BtZGoTMncBedhnQ3nJv,J'en ai marre,['Baguette Quartette'],148120,1995,False,,0.52,0.182,0.878,0.96,182.071
5DCu1V0AjYFeFEQHRHtp9Q,El Relicario,['Baguette Quartette'],160680,1995,False,,0.506,0.22399999999999998,0.917,0.78,134.333
0q874rmzKDZaqE8skwR7Af,Noche de Ronda,['Baguette Quartette'],224400,1995,False,,0.261,0.38,0.907,0.326,176.452
2kqO6O3ZDGouSs5u8GR8cG,L'interdite,['Baguette Quartette'],135000,1995,False,,0.65,0.5670000000000001,0.8220000000000001,0.929,110.00399999999999
3MPZRoZ3Fc4JVT6vvyB3nW,Du gris,['Baguette Quartette'],247360,1995,False,,0.517,0.242,0.9640000000000001,0.41200000000000003,86.73
03akJ1hcxoh69sI2ma9cWq,La Paloma,['Baguette Quartette'],235120,1995,False,,0.408,0.154,0.675,0.3670000000000001,120.288
5t5zu0tNSszALbUDMIN0bD,La java,['Baguette Quartette'],113347,1995,False,,0.615,0.423,0.763,0.956,187.769
3RYa145nN1ElTMY7Tfmw4v,Le temps des cerises,['Baguette Quartette'],179347,1995,False,,0.414,0.102,0.992,0.4270000000000001,122.76799999999999
5SiOUmhnHwTsEyRA2txTf9,Mon Paris,['Baguette Quartette'],137067,2004,False,,0.812,0.35700000000000004,0.516,0.972,126.075
73JaDqDhg8ZvmgOtrS2X3k,Valse hindoue,['Baguette Quartette'],156973,2004,False,,0.40700000000000003,0.373,0.657,0.715,190.361
7AKNOjNYCOJQqp9avUotNn,Coeur de parisienne,['Baguette Quartette'],131827,2004,False,,0.363,0.273,0.669,0.687,112.896
61HiSxeg6rQQldLPdrZM6m,Je n'en connais pas la fin,['Baguette Quartette'],158573,2004,False,,0.221,0.387,0.728,0.47100000000000003,167.093
6CWMgBCbo9FNZqqCg1KDmG,Y'a toujours un passage a niveau,['Baguette Quartette'],201827,2004,False,,0.757,0.324,0.784,0.9109999999999999,120.89200000000001
0V6JLjRwCoXc06uX26LSwb,Dalinette,['Baguette Quartette'],195440,2004,False,,0.4920000000000001,0.3,0.6890000000000001,0.953,162.975
3EUsth4bsDnUcns6um8jf3,Blues Clair,['Baguette Quartette'],215333,2004,False,,0.523,0.294,0.7340000000000001,0.96,203.481
0FqEjI6HyPtfFSGbYBqGBw,Mademoiselle de Paris,['Baguette Quartette'],167493,2004,False,,0.235,0.37,0.431,0.38799999999999996,186.422
27jJbmHeFsm9nhfIEC9LrI,La crise est finie,['Baguette Quartette'],134947,2004,False,,0.7509999999999999,0.359,0.764,0.963,139.315
7rrvFLHkXrcxhpfWh6Kqob,Le Dimanche aux puces,['Baguette Quartette'],139667,2004,False,,0.68,0.306,0.828,0.847,140.895
1HiKd6TdJD8o8AuhBRr5Wo,Opium,['Baguette Quartette'],242893,2004,False,,0.431,0.177,0.7490000000000001,0.46799999999999997,103.054
0iZPfpz0aFgZBUBpDgu1Ee,Brise napolitaine,['Baguette Quartette'],163627,2004,False,,0.382,0.313,0.633,0.774,198.12400000000002
7bUFqLo9CVcqdOXbFRaXWi,En parlant un peu de Paris,['Baguette Quartette'],134333,2004,False,,0.655,0.242,0.401,0.885,127.99799999999999
7Kc1mrIWcI9YdruOAdOAVR,"Mes soeurs, n'aimez pas les marins",['Baguette Quartette'],142987,2004,False,,0.47,0.174,0.825,0.401,108.90299999999999
25k4dcWJFs37jHFrx1Cq4l,Mefiance,['Baguette Quartette'],116360,2004,False,,0.789,0.371,0.11599999999999999,0.95,107.221
54qK8yswPiXJwmMStX86ss,Valse chinoise,['Baguette Quartette'],164787,2004,False,,0.433,0.313,0.4970000000000001,0.8240000000000001,203.1
4no4Sfsl6PvlzeoW3BXrYD,Sevilla en fiesta,['Baguette Quartette'],235640,2004,False,,0.718,0.32899999999999996,0.534,0.887,139.639
6fI2qXYB4Arz0lAbZ3xxJO,La vraie valse musette,['Baguette Quartette'],163507,2004,False,,0.36,0.313,0.345,0.754,190.734
7wV1osxDZQGBeguEF2E3nL,Ne me dis plus tu,['Baguette Quartette'],198107,2004,False,,0.57,0.18600000000000005,0.7929999999999999,0.6509999999999999,122.96
7nJrQUdfFbjiiwQLsdcJDK,Je viens vers toi,['Baguette Quartette'],135573,2004,False,,0.38299999999999995,0.203,0.84,0.618,131.34
6ZTtnyITHMbTpVu6LbCkNw,Prosper...Yop la boum!,['Baguette Quartette'],132787,2004,False,,0.7140000000000001,0.20600000000000002,0.789,0.903,94.786
51C7cuokfAgVjwwTONc7yF,Absolute Level,['Quantec'],412163,2009,False,,0.659,0.45399999999999996,0.685,0.8640000000000001,126.035
1TdVJRsxPdv1JPcdQYsVOJ,Deep Rooted,['Quantec'],359132,2009,False,,0.84,0.38299999999999995,0.332,0.5539999999999999,118.027
1fiGSw5tkZcSAszDwHq02G,Profound Experiences,['Quantec'],403987,2009,False,,0.8109999999999999,0.569,0.000302,0.555,119.99700000000001
7eIIV93xHU6odccCn9WU4A,Fall Into Oblivion,['Quantec'],382656,2009,False,,0.9209999999999999,0.327,0.45799999999999996,0.579,120.031
3q28ueIHFXS0M7lU7K6tZA,Obstacles,['Quantec'],375465,2009,False,,0.72,0.721,0.31,0.33899999999999997,123.04799999999999
1eOOphkzfpQKB2xdupgS0e,Satisfied,['Quantec'],476651,2009,False,,0.794,0.35,0.26,0.486,121.109
7iUsUxvQwgLo25fNMBe52h,Magic Potion,['Quantec'],357245,2009,False,,0.867,0.579,6.670000000000001e-05,0.47600000000000003,122.01899999999999
4uQDojjGvHa7y9IrNYhvra,Pandemonium,['Quantec'],384183,2009,False,,0.855,0.302,0.34700000000000003,0.342,119.965
2PUQvgH5uNW4WUevQQZj4K,Transmitters,['Quantec'],392240,2009,False,,0.7140000000000001,0.4920000000000001,0.16899999999999998,0.33899999999999997,123.02799999999999
5Ii5uKhWHZYt1u5GQIZgCd,Plateau,['Quantec'],397868,2009,False,,0.105,0.307,0.9079999999999999,0.0633,74.605
2cDqkO1O9YG3ODUmFBV8jN,Que Te Paso - Live,['Santa Sabina'],184653,1997,False,,0.675,0.9009999999999999,0.41700000000000004,0.6759999999999999,119.648
07x8TNXlX85ZbDX51hdW4p,"Quality, Equality",['Tajai'],256653,2004,False,,0.7909999999999999,0.765,0.0188,0.946,94.154
7vUiSBHf7mg6DoT67UCGuO,Quicksand,['Lit'],198627,1999,False,,0.505,0.977,0.000974,0.413,134.895
3bG1v5Cuf11rRHPe685qSO,I Talk To The Trees,['Masha Qrella'],224453,2009,False,,0.7040000000000001,0.406,0.0961,0.715,110.95200000000001
3woUrF46MydJAsylucApfN,My Ship,['Masha Qrella'],242440,2009,False,,0.634,0.34700000000000003,0.578,0.405,80.36
4HyDbu7oPz9HUJveROj9fk,Speak Low,['Masha Qrella'],239200,2009,False,,0.231,0.6809999999999999,0.015,0.24600000000000002,187.304
0uOuZLqDq9JmDvzCLetzp2,One Life To Live,['Masha Qrella'],280920,2009,False,,0.588,0.748,0.309,0.408,138.638
1mXcOPGUptRFnd3kI2ePJs,On The Street Where You Live,['Masha Qrella'],171040,2009,False,,0.316,0.18100000000000002,0.934,0.23199999999999998,127.28399999999999
2gOAh5IC5qowLXNvAJpwmZ,Drunken Scene,['Masha Qrella'],182920,2009,False,,0.5489999999999999,0.46,0.401,0.506,130.234
6wM86eV3vCH7HaLLcjlSsA,Wandering Star,['Masha Qrella'],316387,2009,False,,0.48200000000000004,0.6729999999999999,0.45799999999999996,0.344,138.03
0PrtlBCXHtPZb9GIU1PGnh,I´m A Stranger Here Myself,['Masha Qrella'],211120,2009,False,,0.696,0.6920000000000001,0.00971,0.6859999999999999,130.642
1KuuXpNgVbv0Kf9FRv5PO8,Little Prince,['Masha Qrella'],200933,2009,False,,0.496,0.374,0.7909999999999999,0.0397,77.045
5YcSZIlmuxzPVKK8eia71R,September Song,['Masha Qrella'],292547,2009,False,,0.515,0.521,0.47100000000000003,0.19399999999999998,95.35600000000001
5OCg8UCNALQQ7Rs0ZKdY5k,Saga Of Jenny,['Masha Qrella'],297600,2009,False,,0.54,0.6509999999999999,0.303,0.19699999999999998,137.441
7Js4utwFmGShFJylhSKJyx,"Trio for Recorder, Transverse Flute and Continuo in C major: Affettuoso","['Johann Joachim Quantz', 'Camerata Köln']",165605,1991,False,,0.261,0.0334,0.985,0.261,97.46700000000001
665iYZyWmg66NLjxdWscfG,"Trio for Recorder, Transverse Flute and Continuo in C major: Alla breve","['Johann Joachim Quantz', 'Camerata Köln']",126270,1991,False,,0.632,0.13699999999999998,0.9890000000000001,0.8390000000000001,118.792
4k0jb4FKcOCmWVd7J34uNQ,"Trio for Recorder, Transverse Flute and Continuo in C major: Larghetto","['Johann Joachim Quantz', 'Camerata Köln']",197834,1991,False,,0.11800000000000001,0.0323,0.983,0.115,69.058
15XzSoIwSuWwQm2a1Ha8Jr,"Trio for Recorder, Transverse Flute and Continuo in C major: Vivace","['Johann Joachim Quantz', 'Camerata Köln']",181766,1991,False,,0.368,0.0609,0.99,0.7170000000000001,164.83900000000003
1UzZ7PoQDWtS5xpLYOVtGp,Bill Monroe Medley,"['Mike Marshall', 'Modern Mandolin Quartet']",508440,2012,False,,0.5479999999999999,0.28800000000000003,0.9790000000000001,0.564,134.78
4fEtzSNLF9LN3nWCdhrD5T,Que Negro Mas Feo,['Tropicoso'],269360,2005,False,,0.894,0.728,0.685,0.9309999999999999,103.991
6AeRKRMc5QtI5gu1SiO4Uq,Que Alguien Me Diga,['Lucero'],261200,2002,False,,0.397,0.408,0.599,0.436,173.356
3kYYU6VCt9QhCzQ5Dl4xom,Quien Sufre Mas,['Puya'],194693,2009,False,,0.405,0.879,0.0033,0.755,136.046
3XCIqWWG6Y0OujDIzeFQHn,Shoot Em Up Bang - Noyd,['Queensbridge Finest'],196093,2004,False,,0.552,0.7979999999999999,0.177,0.845,120.624
6Ej1tl0ZVfadxG2ibvq3FE,Bonafied - Mobb Deep,['Queensbridge Finest'],196400,2004,False,,0.7140000000000001,0.4370000000000001,0.45299999999999996,0.8540000000000001,97.41799999999999
6lyjTIv83yUtXPHWLRcpjh,Poet's Comin - Thug Poet,['Queensbridge Finest'],206413,2004,False,,0.7979999999999999,0.609,0.0368,0.76,98.04
3at5QmlzHoTTnJwy4vLu96,Bump That Remix - Noyd - Feat. 50 Cent & Havoc,['Queensbridge Finest'],215067,2004,False,,0.7979999999999999,0.606,0.0589,0.715,98.255
4yRIAcjtU88sn5cvINRSuG,Diamond - Bars & Hooks - Feat. Prodigy,['Queensbridge Finest'],207187,2004,False,,0.7979999999999999,0.579,0.149,0.469,98.446
0lyguERXASLmw5eTYRPzT9,Move Like This - Tragedy Khadfi - Feat. Littles & Trezy,['Queensbridge Finest'],209453,2004,False,,0.752,0.815,0.0812,0.93,98.59100000000001
407xt59BJcO69RR4xhe0E7,Lean On Me - Chinky - Feat Prodigy,['Queensbridge Finest'],195293,2004,False,,0.662,0.511,0.22399999999999998,0.747,98.214
7bYG7IBJRiUzpZwrPxQ9H4,Just Listen - Cormega,['Queensbridge Finest'],144707,2004,False,,0.6679999999999999,0.7020000000000001,0.502,0.872,98.546
7w3TUqYVIXScrA3Ykv4yII,"Want It - Nas, Horse & E Money Bags",['Queensbridge Finest'],214733,2004,False,,0.777,0.551,0.5539999999999999,0.6829999999999999,95.655
4fmolBvHrwEituhDrd1cko,"The Sstreets Of Nyc - Noyd, Chinky & Infamous Mobb",['Queensbridge Finest'],139813,2004,False,,0.71,0.691,0.54,0.66,95.90700000000001
4FKIojzMzoM5nXzP0nwMHL,We Gon Buck - Lake - Feat. Cnn & Cormega,['Queensbridge Finest'],295933,2004,False,,0.488,0.708,0.226,0.5920000000000001,95.944
1Cd7boJ52uHhttwgOMtdv6,"Qu-ee-ns - Willie Stubz, Nature & Capone",['Queensbridge Finest'],174000,2004,False,,0.494,0.8059999999999999,0.509,0.6970000000000001,89.31
4hOoeD1hKiLffYGuKA9fcE,Shortie Wildin - Mobb Deep,['Queensbridge Finest'],243413,2004,False,,0.667,0.389,0.12,0.575,93.83
6oMH2YBQ4dyPx8CaSRvqt7,We Gon Ill - Thug Poet - Feat. Dj Premier,['Queensbridge Finest'],261187,2004,False,,0.917,0.484,0.0115,0.841,95.50299999999999
3L9Yz5h1bDQds1ZWHDMspp,Real Life - Screwball,['Queensbridge Finest'],229133,2004,False,,0.773,0.7070000000000001,0.0858,0.747,94.499
7B9mgy9tHh0eNC5fMiLudp,"Money, Murder, Homicide - Kamakaze, Troy Sluggs & Marly Marl",['Queensbridge Finest'],215133,2004,False,,0.843,0.306,0.0273,0.7490000000000001,95.316
1Mcd1GzxSAjRpfyNGqsY8L,We Get It Poppin - Crime Fam,['Queensbridge Finest'],242787,2004,False,,0.675,0.491,0.691,0.657,84.101
0ibKtWTHnPoCywxWl9DjDY,My Thun's - Chinky,['Queensbridge Finest'],248867,2004,False,,0.44799999999999995,0.39299999999999996,0.0218,0.846,172.31099999999995
4Ex4hotWVWeVlT960m5ZZd,You Think You Special - Craig G,['Queensbridge Finest'],197720,2004,False,,0.73,0.65,0.051,0.64,92.885
0oYfV6bqDE83bq3Y9ODidM,¿Que Puedo Hacer?,['Jeanette'],218253,1981,False,,0.34,0.516,0.44,0.402,72.46
7li61z2SCio7R7ISIJhVFm,Sheep May Safely Graze,['Modern Mandolin Quartet'],248707,1993,False,,0.667,0.132,0.9390000000000001,0.326,126.572
32VmwZDT4PZqjw0Czfvw0Z,"Clarinet Quintet In B Minor, Op. 115: I. Allegro","['Borodin Quartet', 'Ivan Mozgovenko', 'Johannes Brahms']",882000,2003,False,,0.142,0.0936,0.958,0.0732,86.167
3Z4qXBHCFcYbBSiudCq5Nz,"Clarinet Quintet In B Minor, Op. 115: II. Adagio","['Borodin Quartet', 'Ivan Mozgovenko', 'Johannes Brahms']",772560,2003,False,,0.11199999999999999,0.0373,0.977,0.0354,84.802
164yhye4u0Hu05speivQBy,"Clarinet Quintet In B Minor, Op. 115: III. Andantino - Presto Non Assai, Ma Con Sentimento","['Borodin Quartet', 'Ivan Mozgovenko', 'Johannes Brahms']",309240,2003,False,,0.254,0.09300000000000001,0.983,0.152,107.492
0FXQP5Jygek0b6IWiOktyu,"Clarinet Quintet In B Minor, Op. 115: IV. Con Moto","['Borodin Quartet', 'Ivan Mozgovenko', 'Johannes Brahms']",564120,2003,False,,0.198,0.121,0.965,0.0873,141.439
4kzEwNWGTl7rWNCN1vR0mb,"String Quartet No. 15 In D Minor, K. 421 : I. Allegro Moderato","['Borodin Quartet', 'Wolfgang Amadeus Mozart']",317880,2003,False,,0.284,0.0568,0.907,0.311,181.45
0Nn2JAi4Uh3ajtr3I1Wac2,"String Quartet No. 15 In D Minor, K. 421 : II. Andante","['Borodin Quartet', 'Wolfgang Amadeus Mozart']",385560,2003,False,,0.263,0.0166,0.902,0.159,86.48299999999998
3JyxVRve1huwdqbPf0cMSv,"String Quartet No. 15 In D Minor, K. 421 : III. Menuetto: Allegretto - Trio","['Borodin Quartet', 'Wolfgang Amadeus Mozart']",227520,2003,False,,0.534,0.0353,0.894,0.3,67.219
2I3TTI9B1mpxlGQzCjrGyZ,"String Quartet No. 15 In D Minor, K. 421 : IV. Allegretto Ma Non Troppo - Piu Allegro","['Borodin Quartet', 'Wolfgang Amadeus Mozart']",312480,2003,False,,0.325,0.0475,0.872,0.203,70.851
4GGAyTOPBqdreiQbQ5SJr1,Down in the Village,['Quasimode'],399187,2006,False,,0.586,0.779,0.168,0.6729999999999999,133.977
166JxLxIGJBoWWPyJ2gkqk,Oneself-Likeness,['Quasimode'],365008,2006,False,,0.602,0.731,0.21,0.53,122.02
78dy4Jo5vmKQ9GswY6laPb,Quasi Star,['Oxi'],430672,2017,False,,0.6559999999999999,0.978,0.009859999999999999,0.3670000000000001,145.01
2PuueWoJ8IYxaiaWQE3FRG,Queen of Your Heart,['Anjani'],227893,2000,False,,0.5710000000000001,0.10400000000000001,0.973,0.442,134.183
13SIan5IfdoOZQDUVxEquw,Quarryland,['Yuminale'],397947,2009,False,,0.20600000000000002,0.259,0.789,0.0705,140.276
4aL15aDa545Dc8E313rIEb,Quisiera Ser,['Chayanne'],264067,2002,False,,0.58,0.41200000000000003,0.47600000000000003,0.40700000000000003,126.007
15PYGmj7WCxUkttOw8l14k,Quelque part (Des fleurs se cachent sous la neige),['Dumas'],214853,2009,False,,0.62,0.725,0.0879,0.591,120.008
0LvpS2K72O3J4ac1CA7MAE,Quelque part,['Dumas'],219280,2009,False,,0.8,0.627,0.348,0.648,116.54700000000001
5evhQUtI5V0Jr2gkVk8xA6,The First Time,['Anthony Quinn'],299467,1993,False,,0.478,0.293,0.818,0.474,72.292
5w0qzAGPAOzmJEhd2KYKqb,No Boom Boom,"['Anthony Quinn', 'Frank De Sal', 'Lila Kedrova', 'Richard Warren Pugh', 'John Mineo', 'Paul Straney', 'Robert Westenberg']",275933,1993,False,,0.568,0.10099999999999999,0.862,0.449,82.459
1avn0a6FjgzSpRNwTbL6sI,"Goodbye, Canavaro","['Anthony Quinn', 'Lila Kedrova', 'Robert Westenberg']",126440,1993,False,,0.489,0.0376,0.907,0.326,116.501
3GhSrvMu5qHwY5NW8Oe3Jp,Grandpapa,"['Anthony Quinn', 'Debbie Shapiro', 'Zorba Ensemble (1983)']",177733,1993,False,,0.647,0.424,0.545,0.5589999999999999,92.209
4cVykWwxo9WuyiGDPFDD6q,Woman,['Anthony Quinn'],194093,1993,False,,0.191,0.0227,0.6559999999999999,0.135,177.641
532DzUftrMDIzLoqJ8RsCR,I Am Free / Finale: Life Is (Reprise),"['Anthony Quinn', 'Debbie Shapiro']",329347,1993,False,,0.47100000000000003,0.127,0.792,0.203,109.52600000000001
5mMw53lum9uwMjRr7LkEMU,Marry a Yiddish Boy,['American Quartet'],193013,2009,False,,0.599,0.215,0.995,0.44799999999999995,119.48700000000001
0EF30BX58PbMfXucbbie33,The Life for Me,['The Quintessentials'],182640,2002,False,,0.414,0.9109999999999999,0.257,0.843,89.87299999999998
1r4NTzqqVuKbNgYwcUxdRj,QLINGLO,['Lovesliescrushing'],255013,2010,False,,0.0989,0.00183,0.877,0.04,73.075
40dKgZb7VxjRBA5New8Q6T,Queen of The Blues,['Finger'],215547,2010,False,,0.131,0.917,0.006790000000000001,0.239,173.331
1VkiE2cW8Ka8Z58ZA8stmG,Quicksilver,['Excalion'],302400,2010,False,,0.435,0.9359999999999999,0.0038299999999999996,0.344,145.055
49ohLr0yVaadvS2DwE7YWE,Vivrant Thing (feat. Q-Tip),"['Violator', 'Q-Tip']",190867,1999,False,,0.9159999999999999,0.6809999999999999,0.00543,0.6890000000000001,99.02600000000001
2RymTakxtY8Mi8tDna4zGH,Divertimento Nr. 2 KV 137 In Si Bemolle: Allegro Assai - W.A. Mozart (Bridget Jones' Diary),['Orchestra Quartetto Amati'],165827,2006,False,,0.604,0.0801,0.9570000000000001,0.684,122.93700000000001
7r1Gm9kL3YB18jECX9GJDe,Queen Black Acid,['Menomena'],287000,2010,False,,0.631,0.506,0.0688,0.27,80.013
5oZnZKi5ZGRV0N0TXHg6df,Quaver,['Yvat'],145720,2010,False,,0.504,0.716,0.00807,0.251,160.244
3zaTc8TpRdyUZdzdzq9atr,Quartier sud (avec DJ K-Turnaz),['Saye'],142933,2014,False,,0.638,0.7509999999999999,0.00414,0.895,91.06700000000001
1hXGzP5FhN6LDD4Cpb5Q9W,Queen of Argyle,['Bedlam Bards'],258947,2002,False,,0.433,0.465,0.0716,0.914,172.99900000000005
7B8riIBdwe89NvBJMeSeWu,Quantum Leap,['Slugabed'],248707,2010,False,,0.475,0.932,0.192,0.41600000000000004,140.303
7MqBVLvs6RT5qv6nHvg9vF,Question,['Ebanie'],158987,2003,False,,0.882,0.799,0.0828,0.961,100.969
6vtAcILXmbhRTDtFG8Ps6i,Questions of My Childhood - Live in US 2017,['Kansas'],234422,2017,False,,0.42200000000000004,0.956,0.0884,0.502,110.598
3t2OG6AsPjoXPwyyuHrwPP,Mariah's Gone,['Melrose Quartet'],209853,2017,False,,0.336,0.0756,0.777,0.22899999999999998,167.291
07N29V69bSEZ0MsS4A7PdR,Dominion of the Sword,['Melrose Quartet'],260000,2017,False,,0.647,0.5539999999999999,0.19899999999999998,0.868,80.997
2QEQGwHEYtsMwkCGiNI7Se,A Generous Man / Carthy's March,['Melrose Quartet'],290013,2017,False,,0.425,0.384,0.732,0.845,172.357
4H7picbjOgJ1TM677vXZMx,Hand Me Down,['Melrose Quartet'],217787,2017,False,,0.5489999999999999,0.223,0.753,0.455,96.197
2JaZnzmEyjCWeAqHQ35sAG,Ware out Mother,['Melrose Quartet'],218573,2017,False,,0.66,0.289,0.8340000000000001,0.599,138.839
4gKQ05wfy2jJ6nm427bHPk,Anthem of a Working Mum,['Melrose Quartet'],174280,2017,False,,0.7490000000000001,0.295,0.669,0.562,132.132
6cc1GTqqVQ2klJSePCZ7H9,Low Quebec,['Melrose Quartet'],196427,2017,False,,0.483,0.473,0.818,0.71,179.80200000000005
5mpHghkBnt20G5xpfzhFIM,Seeds of Love,['Melrose Quartet'],192320,2017,False,,0.685,0.0818,0.925,0.413,110.82
3wSwJoPffXL1v4adAv5Z8h,Rise No More,['Melrose Quartet'],197053,2017,False,,0.531,0.408,0.743,0.821,167.59099999999995
0gAPIEf1ET7HWZq50Cr5ZV,Davy Cross,['Melrose Quartet'],236707,2017,False,,0.685,0.0748,0.778,0.306,124.978
4ilRXbbVite9aZnrfNh5ew,Gallery / Venus,['Melrose Quartet'],206533,2017,False,,0.52,0.7929999999999999,0.40299999999999997,0.897,116.01299999999999
3M12PgWvjJztvsL3GeD3yF,Good Intentions,['Melrose Quartet'],132227,2017,False,,0.611,0.0492,0.897,0.4,99.212
3mgnGIW8d23SFiyeYFMF9n,Rosslyn Castle,['Melrose Quartet'],245760,2017,False,,0.379,0.18899999999999997,0.772,0.198,132.518
0juy1xtKnEW1r8tBBFEG0Q,Raise Your Voice,['Melrose Quartet'],168133,2017,False,,0.6729999999999999,0.121,0.8109999999999999,0.617,100.54799999999999
4hfYpU6SIve9YQi3Sjdw27,West Side Story,['Q Project'],301173,2004,False,,0.456,0.9990000000000001,0.00164,0.552,175.90200000000004
3LfRB9WBTg875gkeRQ3wju,Ask Not,['Q Project'],355959,2004,False,,0.5429999999999999,0.932,0.000128,0.47700000000000004,176.00400000000005
4Oaoy2uNdw8LEPMSGHq01E,The Quiet Place,['Tabache'],199200,1999,False,,0.281,0.10400000000000001,0.971,0.32799999999999996,74.861
0LQPvMly88DPndfCuFFAEH,Memory,['Hours Quiet'],237907,2019,False,,0.514,0.9179999999999999,0.14300000000000002,0.433,130.033
0DiiD1Z2st5qb2Re9mbjBL,In Light of Her Sadness,['Hours Quiet'],245227,2019,False,,0.57,0.7959999999999999,0.0114,0.618,119.99
6WeLb7ti3uH2eGuoeLzF3N,Bring You Down,['Hours Quiet'],234920,2019,False,,0.5479999999999999,0.91,0.0146,0.39399999999999996,119.991
3Aw6eMv8DCWhwSvkMOw2R6,Consciousness,['Hours Quiet'],286133,2019,False,,0.504,0.8340000000000001,0.000942,0.18899999999999997,89.99
31dNFz4Isl0TiH2RFIFTS7,Spider,['Hours Quiet'],218867,2019,False,,0.39899999999999997,0.787,0.0035,0.142,150.113
4mhRWaE1U79pCO178asDTU,Allison,['Hours Quiet'],216293,2019,False,,0.5379999999999999,0.884,0.0178,0.396,98.007
79fUYEpHM9CANaRfjGpUaH,Never Let Go,['Hours Quiet'],227720,2019,False,,0.39299999999999996,0.75,0.0264,0.284,142.056
0CVSw2gBwWa6KtopYT2NGQ,Blackout,['Hours Quiet'],285021,2019,False,,0.397,0.6970000000000001,0.161,0.20600000000000002,91.071
4nFUUQUSYpbmQKVfRYPKtL,I Wanna (feat. DJ Quik),"['Dwele', 'DJ Quik']",256000,2010,False,,0.848,0.526,0.0207,0.679,102.941
01O4A35IBW14sUbE3oOKQD,Hidden Places,['Quantec'],509780,2011,False,,0.532,0.396,0.45399999999999996,0.136,113.021
1bFGysvYLVb2L5bTl52sOZ,Q - PID (A Twisted Lesson),['Antiseen'],185253,2004,False,,0.488,0.652,4.92e-05,0.419,78.755
3oODCtBF19uHqCZO1lSN4e,Quantum Theory,['Undermathic'],427027,2010,False,,0.48,0.6679999999999999,0.0899,0.0622,132.991
0DjifXuaFBk6lA7tHXAznd,Quien Lo Tiene,['Xcese'],154560,2010,False,,0.8079999999999999,0.953,0.016,0.825,138.012
08VcWxrr1HDLPhRbTcXAmc,Quit Kickin' My Dog Around,['The Tallboys'],141760,2005,False,,0.61,0.521,0.604,0.883,125.132
3o4qlkbRP4DSXl4NBrWULJ,Quiero,['Shakira'],250240,1995,False,,0.765,0.522,0.128,0.44,100.979
31NNxg7WYqs1bgRSFXgCf8,"Se Quiere, Se Mata",['Shakira'],218333,1995,False,,0.833,0.607,0.0236,0.6679999999999999,118.00299999999999
0kp1PxRUdbyyE3ieoX0pYZ,Intro- Real,['Ivy Queen'],102400,2004,False,,0.7140000000000001,0.821,0.257,0.8590000000000001,174.025
2xAKYlcYAhtuH7gKuXlUoq,Chika Ideal,['Ivy Queen'],181853,2004,False,,0.6659999999999999,0.981,0.254,0.758,95.92
72hza5wRSHfp8UljdXggCI,Soldado,['Ivy Queen'],193453,2004,False,,0.727,0.8540000000000001,0.138,0.6,89.573
4bM6sDFnNVahdaAcgw30X6,Matando,['Ivy Queen'],161000,2004,False,,0.732,0.945,0.24100000000000002,0.762,96.976
5GauK2SOwFiPlTh052qVku,Dale Volumen,['Ivy Queen'],145307,2004,False,,0.8059999999999999,0.91,0.514,0.6940000000000001,132.619
1bF2nbg49bpqjeD0D3k6OY,Rociarlos,['Ivy Queen'],211373,2004,False,,0.685,0.9670000000000001,0.193,0.775,96.995
32P8SrBvpS3j04txxgshdx,Dile,['Ivy Queen'],226427,2004,False,,0.7240000000000001,0.795,0.078,0.6990000000000001,98.01100000000001
5XvV7bWx70x5jNUWqLS0T3,Mi Barrio,['Ivy Queen'],188147,2004,False,,0.8540000000000001,0.847,0.0765,0.8640000000000001,91.963
7iziIALp8RlnscsJkJVIbU,Entiende,['Ivy Queen'],193280,2004,False,,0.802,0.86,0.063,0.54,94.992
363Z44jZ33bRejhaefJjes,DeeJay,['Ivy Queen'],210040,2004,False,,0.755,0.9590000000000001,0.192,0.705,96.978
2XSvf3xj8hc6XoOZRpDkRb,Quitate Two,['Ivy Queen'],172960,2004,False,,0.8490000000000001,0.589,0.154,0.8320000000000001,94.97399999999999
2C0MsO8m46rJ6aOujsBk8o,Mi Situacion,['Ivy Queen'],194400,2004,False,,0.624,0.9329999999999999,0.294,0.705,94.969
5YVzPJvTazPxGtgzYgbxSr,Acercate,['Ivy Queen'],181173,2004,False,,0.789,0.9670000000000001,0.209,0.8440000000000001,92.984
0yUKUq3tV6MjF13y7Kpdl5,Angel Caido,['Ivy Queen'],141840,2004,False,,0.6779999999999999,0.542,0.696,0.397,152.062
2H8x2LKIRp1Slpgl2zhy1C,Tocame,['Ivy Queen'],218133,2004,False,,0.77,0.7140000000000001,0.157,0.885,179.042
0WqpLbKu6xUsVNZdVRPXDF,Baila Asi,['Ivy Queen'],168587,2004,False,,0.86,0.852,0.27399999999999997,0.94,103.53299999999999
2UoHAeqZTecXYWftbrFqtN,Vas A Morir,['Ivy Queen'],253680,2004,False,,0.7759999999999999,0.6609999999999999,0.37799999999999995,0.833,86.027
20C8ioSPKohDDYJKWGh9ii,Rebulera,['Ivy Queen'],180347,2004,False,,0.763,0.9690000000000001,0.31,0.748,97.012
3Tt3OjcjGNY4RHxAqbEGC5,Angel Caido (Acoustic Version),['Ivy Queen'],146227,2004,False,,0.657,0.485,0.8170000000000001,0.46,152.043
5lkgHI8Axe0k7e4iwoPUSF,Quotes,['Elemental'],313640,2006,False,,0.7659999999999999,0.7340000000000001,0.619,0.7290000000000001,86.96799999999998
5lqqA5zbDrhbQQVJPbJr12,Que Sabrosura,['Fulanito'],278667,2001,False,,0.893,0.856,0.0151,0.9570000000000001,118.001
75retJcPUdJxKlHSaQZpq0,Quicksand,['Anokato'],332173,2010,False,,0.5710000000000001,0.741,0.16,0.33299999999999996,90.023
6Qf7zQ2V3IoTIHfxcvsWsV,Quiero Bailar,['Diva'],231600,1991,False,,0.8640000000000001,0.132,0.0274,0.16699999999999998,92.99
1aN1iq5evrjiCBpFFqbu7B,Quiet Man,['Yanni'],274040,1997,False,,0.664,0.44299999999999995,0.669,0.262,124.865
0LpWd56E1ZApZ871tqvhXd,Quitate la Mascara,['Carne Cruda'],317360,2010,False,,0.59,0.985,0.00511,0.743,115.963
7LVxrIgNMTkeLhBug6yo2k,Qadmon's Heir,['Schammasch'],483813,2019,False,,0.16699999999999998,0.95,2.12e-05,0.0367,129.769
5p4NT4PfEcIByZGeFnLGfc,Que Buscais,['Falsalarma'],239587,2002,False,,0.716,0.884,0.355,0.9359999999999999,94.961
0xanRIp1ugU4wj9zu5KTgS,Quiero Que Sea Guapa,['Zeropositivo'],306360,2010,False,,0.6659999999999999,0.773,0.165,0.8490000000000001,89.279
2kIaUo30RcEEnMBUvJqse3,Tonite,['DJ Quik'],323067,1990,True,,0.9620000000000001,0.573,0.0145,0.6940000000000001,105.382
5iRoNKJyFGmk4SdXabH8NX,À quoi ça sert l'amour,['Ima'],201720,2009,False,,0.6729999999999999,0.607,0.18899999999999997,0.401,103.81200000000001
36auI6rUz7nKbPGV7SD6rI,With Intensity (Movement-String Quartet),['Corigliano Quartet'],374800,2004,False,,0.145,0.0746,0.8759999999999999,0.038,96.94200000000001
24cyGZJunCrEYyOjxENCUA,Suspended (String Quartet),['Corigliano Quartet'],204133,2004,False,,0.257,0.0403,0.9259999999999999,0.051,108.726
37R3yYNmJeiZlQNe1L0qEg,Scherzo (String Quartet),['Corigliano Quartet'],110133,2004,False,,0.467,0.0558,0.72,0.19899999999999998,93.89
5W7PDKDjXLnY9uXiY3dR5k,Flowing (String Quartet),['Corigliano Quartet'],247187,2004,False,,0.115,0.0256,0.395,0.0361,84.23299999999998
340IFwjuPtjfaC450lcqfT,Eerie (String Quartet),['Corigliano Quartet'],112173,2004,False,,0.24600000000000002,0.0176,0.0112,0.0356,93.854
1pGoZCHzAt7ztpJrr1Q2qy,Energetic (String Quartet),['Corigliano Quartet'],215200,2004,False,,0.402,0.133,0.9209999999999999,0.187,123.92
3azYT0NcYA5MLSkmSDgP6O,Qu'est-ce-que tu fais dehors,['Enzo Enzo'],187573,2002,False,,0.495,0.467,0.381,0.337,166.327
0KIqGeFUCkcb6xq734NRHd,Quit My Job for Karaoke Night,['Treephort'],129187,2004,False,,0.366,0.9570000000000001,0.00029,0.6629999999999999,100.10799999999999
0ZqI3K1GJJW8A0R8wEL2xb,One Last Time - Lee Coombs Remix,['Quivver'],465560,2011,False,,0.643,0.909,0.0164,0.445,131.976
4qqds9oceH7U5TqYGJ8gzw,Quiet Gray 2,['Fourcolor'],257760,2011,False,,0.489,0.153,0.7879999999999999,0.111,100.67299999999999
6XXq40TtivGubrIx8wlJ81,Quiero Llenarme De Tí,['Sandro'],152053,2007,False,,0.511,0.669,0.44299999999999995,0.674,106.273
15740oXjH0vnHE6fVOygVk,Querida (Honey),['Sandro'],208387,2007,False,,0.325,0.46299999999999997,0.815,0.524,84.885
5lEBksW3vntnNLDr2f5QUv,Holding Hands (feat. Elohim),"['Quinn XCII', 'Elohim']",225493,2019,False,,0.67,0.452,0.455,0.401,155.98
5yU3w1RzMZpSWytWAU9iyN,Autopilot,['Quinn XCII'],181520,2019,False,,0.8109999999999999,0.622,0.19399999999999998,0.899,94.995
3vmsnZF4KPLjbDgZEqwTdL,Life Must Go On,['Quinn XCII'],185587,2019,False,,0.715,0.551,0.126,0.528,90.92299999999999
6SL7KzIA96f0HiKjuv7tED,U & Us,['Quinn XCII'],226000,2019,False,,0.598,0.73,0.087,0.264,130.039
5foPGlyY3O4uSrFGhfUKGW,Werewolf (feat. Yoshi Flower),"['Quinn XCII', 'Yoshi Flower']",191893,2019,False,,0.695,0.557,0.0403,0.684,161.882
3a1Zmq0P1E6W80x8EOcVNP,Tough (feat. Noah Kahan),"['Quinn XCII', 'Noah Kahan']",178133,2019,False,,0.7290000000000001,0.5710000000000001,0.39,0.687,93.125
1vSPbQYmKfDXPOUEz4ENf7,Matches,['Quinn XCII'],203773,2019,False,,0.711,0.43,0.45899999999999996,0.297,85.99600000000002
2riezZC8Rzk86sqZPZ8qXv,When I Die,['Quinn XCII'],188907,2019,False,,0.8170000000000001,0.355,0.307,0.551,76.982
5HlvBXlKNNorFbp43PEQ5B,Abel & Cain,['Quinn XCII'],227080,2019,False,,0.8029999999999999,0.589,0.0567,0.589,96.022
1yTJYoSpt2E5h9QltN1ndw,Sad Still,['Quinn XCII'],184920,2019,False,,0.711,0.6729999999999999,0.055,0.6729999999999999,177.016
7hV7333ajQNI1J6R5C9A8c,Good Thing Go,['Quinn XCII'],212453,2019,False,,0.8759999999999999,0.376,0.47600000000000003,0.326,113.902
5s2coZZQHU7IN6ErpXFula,Right Where You Should Be (feat. Ashe & Louis Futon),"['Quinn XCII', 'Ashe', 'Louis Futon']",207440,2019,False,,0.513,0.444,0.161,0.506,91.084
15wP8OifdnD9UDPY3ZeIei,Contemplation,['Quantec'],431092,2011,False,,0.713,0.67,0.395,0.263,119.012
0SnHpYVP5bQa60q92VWo7l,Baby Be Still,['Liz Queler'],269773,1994,False,,0.649,0.619,0.32,0.6990000000000001,127.369
7H1aFYjQOMrYuZzUGjygG7,She Cries Alone,['Liz Queler'],224733,1994,False,,0.457,0.21899999999999997,0.366,0.161,172.44
6rF6EYuenr8neL2kntHEel,River Of Time,['Liz Queler'],280067,1994,False,,0.489,0.185,0.5660000000000001,0.204,71.69
3gDt7RT1htmQQz4gTv4rrl,How To Love The Rain,['Liz Queler'],181133,1994,False,,0.3670000000000001,0.0228,0.9670000000000001,0.19699999999999998,175.236
1Xq2XxvsB5gG1K2l0ARJ5D,Heart Of Stone,['Liz Queler'],185667,1994,False,,0.546,0.5479999999999999,0.16699999999999998,0.596,164.171
6w5jIe520WtIvvJKcYcnS2,Strangers Never Sleep,['Liz Queler'],279360,1994,False,,0.722,0.16399999999999998,0.623,0.231,113.97
5338FHcdL86G1J8snsU8bV,Love's Lullaby,['Liz Queler'],226600,1994,False,,0.726,0.0982,0.8959999999999999,0.278,102.973
1yrOg5wauxyWJhpHVNEqtv,Tennessee Waltz,['Liz Queler'],169840,1994,False,,0.605,0.6990000000000001,0.457,0.6709999999999999,96.167
6aF9E8nBcGw5qdBhqynMF0,Letter Of Love,['Liz Queler'],209160,1994,False,,0.682,0.529,0.009609999999999999,0.753,107.72200000000001
1scs7xSwkWOJhmnmKc3e0y,Watercolors Fade,['Liz Queler'],208173,1994,False,,0.708,0.0285,0.825,0.18899999999999997,124.17299999999999
5v48YeDpBS0JbPAWrnl4qc,Dead Of Summer,['Liz Queler'],302000,1994,False,,0.384,0.25,0.6579999999999999,0.304,128.387
5gmtSmrVOimJqbiIezkHWB,Quicksand,['Warrant'],237933,1992,False,,0.556,0.807,0.0006799999999999999,0.295,116.96799999999999
4JMop8CUlebsR258sCIlxK,Question Abuse - New Version,['Tree'],141093,2000,False,,0.313,0.9059999999999999,0.000166,0.466,129.71
6LIqU8TVndoHHQHKbCD04R,Question Abuse,['Tree'],135547,2000,False,,0.42100000000000004,0.9890000000000001,0.024,0.0719,104.04899999999999
1qc5vMr8AyjAWN7o4AhvXj,Tango del Mare,['Quartetto Gelato'],157453,2001,False,,0.455,0.226,0.748,0.557,124.05799999999999
4vvOapHiTgTWuzRjeetcTI,Mattinata,['Quartetto Gelato'],127920,2001,False,,0.203,0.271,0.895,0.23600000000000002,175.05200000000005
03oSxQWEXEGl3PfI4OWHyt,"Ave Maria ""Tanti Anni Prima""",['Quartetto Gelato'],295933,2001,False,,0.0968,0.156,0.7809999999999999,0.0394,88.177
39bdCT6ZqNocdQyCcluv2Y,Mazurka,['Quartetto Gelato'],170933,2001,False,,0.53,0.239,0.792,0.7040000000000001,145.608
3QLabIZE5qt6XW9YLdvjCh,Lolita,['Quartetto Gelato'],188907,2001,False,,0.36,0.38,0.945,0.456,131.839
3aXwWpbAXN0Ot5B5vROh3R,Al Di La,['Quartetto Gelato'],222667,2001,False,,0.271,0.215,0.73,0.0844,96.945
0mrrAJtPUEn1Pb9gLgHBtz,Four Bagatelles (Allegretto scberzando),['Quartetto Gelato'],175707,2001,False,,0.317,0.152,0.8290000000000001,0.285,104.03399999999999
6hW03E1nKeteXytKGlMSrc,Four Bagatelles (Grazioso),['Quartetto Gelato'],133787,2001,False,,0.278,0.193,0.893,0.217,79.931
5Fy0JzfAbuVzBrS0Nbcais,Four Bagatelles (Allegretto scherzando),['Quartetto Gelato'],180067,2001,False,,0.47600000000000003,0.26,0.892,0.386,111.26799999999999
7GdfK4RqTvo6wRNZr21fZC,Four Bagatelles (Poco allegro),['Quartetto Gelato'],282453,2001,False,,0.428,0.244,0.92,0.204,139.601
6Qk98stuFv1zgAQurAc9du,Words That I Want,['Quartetto Gelato'],224800,2001,False,,0.395,0.10400000000000001,0.9390000000000001,0.14800000000000002,91.98700000000001
6jJ1jSMVSLOzhEfVGLEUwL,Criminal Tango,['Quartetto Gelato'],181200,2001,False,,0.521,0.18899999999999997,0.899,0.38799999999999996,116.325
6LEAU57s3XuKxSUKXP6tIM,Torna a Surriento,['Quartetto Gelato'],197587,2001,False,,0.301,0.16699999999999998,0.9309999999999999,0.0929,77.836
3MitMrMhURG3QzuP1q9GM5,The Clown Of Venice,['Quartetto Gelato'],263440,2001,False,,0.45399999999999996,0.24100000000000002,0.738,0.429,96.705
58WI4FI4teYTlgHPaIqEud,Rondine al Nido,['Quartetto Gelato'],260093,2001,False,,0.157,0.258,0.85,0.0679,86.647
5aM3EPmT5lSXmlobdtOgDe,Waltz Brillante,['Quartetto Gelato'],214440,2001,False,,0.342,0.198,0.888,0.512,108.84700000000001
7GrvjWQJLnz2kRemtraR6t,Volare,['Quartetto Gelato'],219240,2001,False,,0.316,0.31,0.932,0.264,93.802
3W5ZHin2MuYJf3BgKGmRba,Give Me Your Love (Don't Take Mine),['Quayde LaHüe'],232693,2019,False,,0.205,0.988,0.0161,0.265,166.278
2o2ggPXDZalY9lPEWiS93s,Man In The Purple Robe,['Quayde LaHüe'],299653,2019,False,,0.34700000000000003,0.97,0.152,0.327,171.144
2rlxpeVkcOs9ONp6r1FU5X,Heart Of Stone,['Quayde LaHüe'],292773,2019,False,,0.252,0.93,0.0621,0.23800000000000002,146.409
20xusLT6gMJAWUGMi4NqZZ,Warrior,['Quayde LaHüe'],321387,2019,False,,0.306,0.899,0.0219,0.218,129.789
41zZysdRFwb6bAaZGy4wzS,Before The Storm,['Quayde LaHüe'],265080,2019,False,,0.295,0.674,0.0477,0.517,180.35299999999998
7ygKzkMqPb1PH2ZzzzbQMX,Widowmaker,['Quayde LaHüe'],323493,2019,False,,0.26899999999999996,0.8909999999999999,0.0127,0.358,145.31799999999996
1Xdg99lqsonj98hxvhT6Pi,Fallout,['Quayde LaHüe'],84587,2019,False,,0.455,0.319,0.313,0.11199999999999999,115.12700000000001
0rcFAC3JFDAPAw9JfZ0lpo,It Still Burns,['Quayde LaHüe'],284507,2019,False,,0.36,0.8340000000000001,0.0262,0.252,122.12899999999999
2Tj7dkYCRSZr6DzIWWk1WS,Right To Rock,['Quayde LaHüe'],176903,2019,False,,0.247,0.9620000000000001,0.0236,0.485,168.495
1sf4MeWkW9CJAewFJo9VAe,Quantrill's Raiders,['Scissorfight'],150267,1998,False,,0.408,0.882,0.00128,0.309,75.148
43LlnxYa0Hes2SxAogbG8S,A Beautiful Shopping Day,['Instrumental Quarter'],204440,2006,False,,0.467,0.522,0.0266,0.165,150.321
2dZjeVq9GQyVKNpP3x6Q7R,Walking To The 5th,['Instrumental Quarter'],220480,2006,False,,0.484,0.0877,0.63,0.0847,137.995
1HkFmS3IMdux9MvqowVafy,Lost On My Desk,['Instrumental Quarter'],236947,2006,False,,0.33,0.35,0.105,0.145,177.796
2oUNd3usxZ6pq1EVylQ7ut,La Stanza Buia,['Instrumental Quarter'],180347,2006,False,,0.424,0.677,0.0127,0.442,85.065
76IrL5v4DucpvrABR2OXlP,The New Year,['Instrumental Quarter'],206427,2006,False,,0.45299999999999996,0.377,0.0326,0.341,111.772
2EnX5sqLTXceLgUZFsTdep,Another War,['Instrumental Quarter'],281107,2006,False,,0.265,0.32,0.644,0.0979,64.059
71UGypfrxSfNptYFaMju1S,Loser In Love,['Instrumental Quarter'],214040,2006,False,,0.537,0.524,0.29,0.214,113.569
1Ri3XUPs6hz6SdVKEwGg1N,The B&W Movie Set,['Instrumental Quarter'],444453,2006,False,,0.4270000000000001,0.3,0.649,0.105,97.54
4bSv1LYYFXhGU2QZPiMTDk,Water Guns,['Instrumental Quarter'],288653,2006,False,,0.24100000000000002,0.6890000000000001,0.00895,0.0802,159.98
3ZcBPuLAG1N5KQ9dD58Tc6,Ilinois Breakfast II,['Instrumental Quarter'],211280,2006,False,,0.618,0.266,0.0349,0.326,120.824
2f23W9XeumDPCsKw1VzmK9,Windy Lands,['Instrumental Quarter'],404667,2006,False,,0.23800000000000002,0.0595,0.718,0.0389,187.31400000000002
2oSw8kVaucWau3vErdBDef,Jackpot,['Instrumental Quarter'],179533,2006,False,,0.207,0.519,0.0787,0.0731,73.638
2kbbapb7FUqkkJmUjKWrO7,I'm So Excited,['Instrumental Quarter'],317307,2006,False,,0.39399999999999996,0.311,0.0195,0.0587,88.586
02JZxZe0oyakUnhjGfy5ti,L' Amiral,['Aka Quintet'],312360,2008,False,,0.305,0.703,0.499,0.384,115.074
1Voazf0GUYwWvtyJwLBVA4,Half Jig,['Aka Quintet'],417000,2008,False,,0.391,0.537,0.8009999999999999,0.0795,106.51100000000001
1X9lXJtZjCQTT0a0EzPEB1,Nay Song,['Aka Quintet'],366880,2008,False,,0.16,0.099,0.784,0.0291,181.065
6609g12gKvJVtZFH7o8waK,Monsoon,['Aka Quintet'],471133,2008,False,,0.524,0.414,0.568,0.36,115.306
1OU8Y6e1q0520y6zvFyPJc,Old School,['Aka Quintet'],293613,2008,False,,0.376,0.75,0.606,0.466,154.017
7KQFQxXC3F9geJDc4AknFE,Ohm,['Aka Quintet'],357493,2008,False,,0.493,0.282,0.905,0.113,117.32700000000001
5JhXrhngVjm6YIzgimgAZK,Crab Dance,['Aka Quintet'],419493,2008,False,,0.498,0.47100000000000003,0.856,0.19,132.204
7F208bAdpoMwFzY5f3r2wI,Shepdau,['Aka Quintet'],403493,2008,False,,0.29,0.6709999999999999,0.705,0.23399999999999999,97.211
6LxFb8NLhp4qs48KGqCivA,Sands,['Aka Quintet'],252960,2008,False,,0.22899999999999998,0.055,0.77,0.145,142.205
4MoMyErSpDcCwtL3iqFeem,Hit Like A Man,['Annie Quick'],195373,2004,False,,0.20199999999999999,0.7140000000000001,0.0025399999999999997,0.518,148.029
6pzT347aU0YIG4tOW7Zj92,Heroic,['Annie Quick'],169587,2004,False,,0.39399999999999996,0.408,0.066,0.462,99.485
73zSY8qTPcYwjgljxeJTBQ,Charmed,['Annie Quick'],203547,2004,False,,0.495,0.6579999999999999,0.0803,0.35600000000000004,97.149
6Nb0bfplLNvDDDeOWPqVTN,Fed Ex,['Annie Quick'],213653,2004,False,,0.48100000000000004,0.883,0.121,0.6579999999999999,138.101
4w3QB9A6FsojqQDzh53fk1,Bigger,['Annie Quick'],146667,2004,False,,0.439,0.41600000000000004,4.07e-05,0.4320000000000001,95.96700000000001
6iCwqXirbT0efeckwPKITv,Dirty Tone,['Annie Quick'],232880,2004,False,,0.33899999999999997,0.624,0.0047799999999999995,0.21899999999999997,107.902
4xs2iqbZ3ogKzbzvASwYeE,Thrill,['Annie Quick'],295893,2004,False,,0.517,0.535,0.0199,0.496,104.069
1UGL1WJNP9O2o9AorrS52i,Give It Up,['Annie Quick'],160533,2004,False,,0.445,0.583,0.0895,0.316,126.58
2mHa6IZVKg5m3zHLVUXQyw,Dream Girl,['Annie Quick'],143747,2004,False,,0.5,0.23399999999999999,0.7809999999999999,0.134,116.096
4l7dMvE6uIV4U7Sp36pwRJ,Just For You,['Annie Quick'],320333,2004,False,,0.36200000000000004,0.461,0.0037700000000000003,0.126,129.47299999999998
124cAcHsP52iWDnThNPF8n,Quemarropa,['Aterciopelados'],204507,2004,False,,0.61,0.8759999999999999,0.0213,0.611,112.00299999999999
5aY81dlmAiLg5T7ulvosZb,Q B Freestyle Pt.1,['Nas'],154947,2007,False,,0.6890000000000001,0.486,0.0658,0.9179999999999999,97.919
1B6mx2R69xFfxojx8wm4Zk,Q B Freestyle Pt.2,['Nas'],234267,2007,False,,0.701,0.39399999999999996,0.348,0.8029999999999999,97.704
0qBOwnaSOrKlWJi1FI2iA1,Quality Asurrance,['Statues'],157507,2007,False,,0.35,0.955,6.63e-05,0.535,87.348
1gNWPnTfqTmMu7hmK1lN2n,Colors,['X-Quisite'],60653,2003,False,,0.805,0.47100000000000003,0.539,0.768,72.959
7GbbRIqeLze8KohVp8cXgp,Sassy Thang,['X-Quisite'],250080,2003,False,,0.7879999999999999,0.852,0.23800000000000002,0.971,105.979
753ajw283Rq3jcBLiIRmYb,Bad Girl,['X-Quisite'],217187,2003,False,,0.762,0.6509999999999999,0.239,0.948,92.008
3CtGVPWj6Xv3HvYlGeMVGl,Don't Say,['X-Quisite'],180320,2003,False,,0.8190000000000001,0.615,0.21,0.7759999999999999,130.05700000000002
4p1RZm5GfcArNLj2OYjTr6,No Regrets,['X-Quisite'],205000,2003,False,,0.648,0.598,0.39299999999999996,0.529,199.919
0eAWDlnNwWUKlwD0vs9k44,How We Swing,"['X-Quisite', 'Skitz']",211733,2003,False,,0.59,0.5429999999999999,0.16699999999999998,0.409,79.814
0jjBuMbhFyx0ykpmt7Rfm1,Best Friends,"['X-Quisite', 'Zoe']",227667,2003,False,,0.519,0.519,0.774,0.833,113.25399999999999
2zlhdSOwpTyqA76O5jLzu1,Who's The Man,['X-Quisite'],213520,2003,False,,0.634,0.8420000000000001,0.0673,0.4,100.079
6FLuBR7uqjOgTyWZQeyr5g,Showing Love,['X-Quisite'],262147,2003,False,,0.698,0.465,0.382,0.667,73.471
25NMrbg62iUplYsYzoDjS6,Why You Do,['X-Quisite'],224893,2003,False,,0.687,0.8009999999999999,0.131,0.899,195.97400000000002
4lHuT0LliuDuEi59QZSFtj,Ex-Girlfriend,['X-Quisite'],194107,2003,False,,0.7609999999999999,0.6629999999999999,0.22,0.826,90.96600000000001
0tkDnLitttAFjWwt1T3ttf,Foolio,['X-Quisite'],74293,2003,False,,0.888,0.7070000000000001,0.254,0.8390000000000001,110.044
4ydnVEfvABr8R4SfYcldrH,Through The Week,['X-Quisite'],322080,2003,False,,0.5479999999999999,0.617,0.48700000000000004,0.327,119.973
2poObNJdRn9VIrjxT3429y,Bad Girl (Remix),"['X-Quisite', 'Bigz']",212680,2003,False,,0.718,0.665,0.597,0.922,91.955
4TKqvdo8twyigRywsJBA9s,No Regrets (Dance Remix),['X-Quisite'],270120,2003,False,,0.7829999999999999,0.6459999999999999,0.00487,0.9640000000000001,124.985
5rf3DzwGbZwUhWuQeqBTHS,Don't' Say (Slow Jam Remix),['X-Quisite'],178267,2003,False,,0.787,0.62,0.349,0.794,129.967
0smdFaZrhqJmbsgm84qF4C,No Regrets (Remix),"['X-Quisite', 'iSH']",210587,2003,False,,0.779,0.7040000000000001,0.237,0.376,100.01299999999999
7dkdRLbmcmNa6YyWwVeYJu,Frankenstein 3000,['Queen Bitch'],188707,2007,False,,0.485,0.9129999999999999,0.00247,0.75,140.002
2erR83M76GSaOca6NZ8DLH,"Quiet, It's Naptime",['Opus Orange'],136031,2010,False,,0.7070000000000001,0.266,0.251,0.509,107.99600000000001
4v6qD3mtUSkzSheWzQ6WSK,Goodbye,['Lil Quill'],180408,2020,True,,0.821,0.426,0.0667,0.10099999999999999,159.986
2uSjeDiASrNoOJ8GNvrQQP,Fedex,['Lil Quill'],174792,2020,True,,0.9109999999999999,0.713,0.0331,0.611,132.046
6arS6iRJOiy2GVOsHHBxUW,Cinnabon,"['Lil Quill', 'Millie Go Lightly']",166608,2020,True,,0.81,0.442,0.0707,0.377,150.003
5pJgHnNezKL70sm0obWChX,On God,['Lil Quill'],164904,2020,True,,0.856,0.345,0.016,0.6890000000000001,140.014
2xcBT2FfWaGzXSvXfwpFuD,Back @ It,"['Lil Quill', 'Yung Mal']",162534,2020,True,,0.778,0.5329999999999999,0.0573,0.475,129.985
6B9eFQjllZnhhoJxLvxjRx,Remain the Same,['Lil Quill'],185856,2020,True,,0.775,0.628,0.0238,0.429,154.975
6f9qrs45yYDVAuJ3PgaACj,Flying in the Sky,['Lil Quill'],147048,2020,True,,0.91,0.578,0.00419,0.715,119.96799999999999
1rybdTavRaTd6w8uET0ilZ,Christmas,['Lil Quill'],156003,2020,True,,0.899,0.488,0.0417,0.638,148.097
0YI5k3ZQ5XTbk3OIizCaA5,What It Do,['Lil Quill'],170736,2020,True,,0.84,0.636,0.22399999999999998,0.638,135.059
1gY3HhBEL567PejK99I2DZ,Never Went Hollywood,['Lil Quill'],183168,2020,True,,0.809,0.499,0.0070799999999999995,0.0708,137.063
4Y2ujLhnbm170txIp8MTxE,Iridescent - Forerunners Vocal Remix,"['Sound Quelle', 'Brandon Mignacca', 'Forerunners']",400500,2019,False,,0.687,0.934,0.0010400000000000001,0.501,120.00200000000001
07C6zwzyTj5BmbQ0uzlCMB,Iridescent - eleven.five Remix,"['Sound Quelle', 'Brandon Mignacca', 'eleven.five']",366750,2019,False,,0.687,0.7829999999999999,0.0011300000000000001,0.35200000000000004,125.991
0svighwLYL7mEsUu4Hj3F2,Boundless - Manu Zain Remix,"['Sound Quelle', 'Brandon Mignacca', 'Manu Zain']",312000,2019,False,,0.562,0.536,0.0009460000000000001,0.11699999999999999,106.20100000000001
6kp0BvUnT6vVsyY3lQjwIK,Iridescent - Forerunners Dub Remix,"['Sound Quelle', 'Brandon Mignacca', 'Forerunners']",400500,2019,False,,0.7240000000000001,0.93,0.000442,0.23,119.99700000000001
5CuW9FBn6TBUnhaZkhewZL,Boundless - Instrumental Mix,"['Sound Quelle', 'Brandon Mignacca']",334000,2019,False,,0.7879999999999999,0.598,0.000154,0.861,117.994
5Bg87jY7av20eqobC3RE1S,Dueña de Mis ...,"['Rapsusklei', 'Quiroga']",254747,2010,False,,0.6679999999999999,0.852,0.228,0.7140000000000001,95.03
3Oq0A4UGvLOAQtbyim8jdC,Question of Trust,['Figure Four'],146507,2001,False,,0.345,0.965,6.15e-05,0.33399999999999996,97.449
1YG18PPJWsyoSDNmlfC4Pa,Que With No Coast,['Oddisee'],74183,2011,True,,0.731,0.902,0.00198,0.434,110.03299999999999
37xLeXb8oxZRcrvVGRXvpD,O Quam Gloriosum - Victoria,['Octarium'],135853,2006,False,,0.196,0.0762,0.988,0.145,112.87899999999999
6lfEq27tsD4WXAqOR4Vf95,Q-Tip,['Yonlu'],213613,2009,False,,0.44299999999999995,0.446,0.809,0.136,121.555
4gHIGlOJd1QIQUkdnOQfj2,Quien Es Quien?,['Reincidentes'],173493,2003,False,,0.5820000000000001,0.9309999999999999,0.000733,0.34299999999999997,117.993
2MabzUDsilr8lEQbJuOrRs,Quaoar,['BluntOne'],106948,2018,False,,0.657,0.386,0.071,0.542,172.565
0E6j0dzjNbas5mZ3ItYLGa,I'll Be Mellow When I'm Dead,['Worm Quartet'],198693,2011,False,,0.44799999999999995,0.867,0.0016899999999999999,0.871,100.536
53U1xyp6prRhOAo0fPHY79,"Down the Railroad, Down the Track",['Kory Quinn'],199880,2011,False,,0.594,0.64,0.528,0.618,76.035
0eAhxlU2s6whJUxpzXEQIv,Belladonna,['Kory Quinn'],258840,2011,False,,0.544,0.506,0.39,0.324,119.992
73Ve5LBvGK98oTSyEETpqb,In My Mother's Arms,['Kory Quinn'],183253,2011,False,,0.519,0.264,0.905,0.327,120.521
5fHqZgZnvcsiENVh5YhJwm,Time Just Ain't On Our Side,['Kory Quinn'],258173,2011,False,,0.643,0.276,0.809,0.315,113.04299999999999
2RBPcANtDbTWrowrVmLoEE,Only A Hobo,['Kory Quinn'],231920,2011,False,,0.41,0.147,0.909,0.22,148.11
4FWedCsW9U61faQy4COxns,Tough Luck,['Kory Quinn'],204293,2011,False,,0.512,0.218,0.9109999999999999,0.275,99.069
3YQ22l3s8AlAzbFidDUYgK,"Oh, My Lover",['Kory Quinn'],171600,2011,False,,0.672,0.276,0.862,0.435,124.01299999999999
0euclGV1SRQGBIPcyxeR3N,Waitin' For A Train,['Kory Quinn'],182040,2011,False,,0.534,0.17,0.922,0.37799999999999995,142.559
04QEFdeG83yjIzIQGROuSy,Fall and Rise,['Kory Quinn'],231333,2011,False,,0.45399999999999996,0.182,0.855,0.204,82.646
1xOlMzaxfYhh6xJASBksdq,Queen Of The Broken Hearts,['Loverboy'],230000,1983,False,,0.529,0.667,0.0868,0.7020000000000001,150.60299999999995
1K2gVL6mlcBAEJ2wuTWZhu,Tanguedia,['Intime Quintet'],270747,1997,False,,0.11800000000000001,0.00275,0.995,0.0635,66.283
52YA2rZ5A3YYSxdSDTBXjN,Biyuya,['Intime Quintet'],288520,1997,False,,0.242,0.0885,0.995,0.183,75.138
0wn3ypotYIkTzOnjQpYRlL,Adios Nonino,['Intime Quintet'],525507,1997,False,,0.327,0.198,0.474,0.0635,135.834
38yenHtIq7zHOBfukwOafd,Milonga Del Angel,['Intime Quintet'],376427,1997,False,,0.18,0.134,0.294,0.057999999999999996,106.896
5fJC6jW1zaY8WM4ICVZU5U,La Muerte Del Angel,['Intime Quintet'],164933,1997,False,,0.4920000000000001,0.23399999999999999,0.664,0.556,152.942
5MKmlyo7OHhtvSb6qUp5Na,Verano Porteno,['Intime Quintet'],357507,1997,False,,0.389,0.209,0.51,0.17,139.446
6nIdMP4TQWj3bDYSVFmiFu,Invierno Porteno,['Intime Quintet'],403093,1997,False,,0.204,0.109,0.442,0.0885,82.76700000000002
7H2dEnTQupU7eyeuCCBrDH,Libertango,['Intime Quintet'],234773,1997,False,,0.375,0.298,0.6679999999999999,0.467,173.416
4njbztq0zIp5OrahfMACsR,Michelangelo,['Intime Quintet'],166400,1997,False,,0.7070000000000001,0.327,0.5579999999999999,0.392,111.81700000000001
0pm8JeAvGkseJRWhlbtJDE,Milonga Loca,['Intime Quintet'],177493,1997,False,,0.5870000000000001,0.45,0.484,0.659,101.757
463YxF27y0dAefELvLa3sq,Tangata,['Intime Quintet'],459627,1997,False,,0.303,0.0995,0.615,0.0863,126.79899999999999
0ygP679gWkC7sZtARQnuy4,Instants d'un Opera de Pekin,"['QiGang', 'Chen', 'Di Xiao']",534947,2008,False,,0.47,0.11900000000000001,0.9840000000000001,0.039,153.69
1nFAwv5vesSP0UM3yDg3lj,Lost,['Quince'],468988,2013,False,,0.55,0.35100000000000003,7.020000000000001e-05,0.078,123.999
08CcQR4AEsoSPTFV8h24NO,Que Pasen los Créditos,['Drongomala'],199040,2010,False,,0.604,0.541,0.0987,0.47100000000000003,91.435
6OGlPiCH4YEpEFC4yu8Scw,Invocation,['Quarteto Nuevo'],143360,2001,False,,0.254,0.0379,0.985,0.355,127.939
7rsUheGiXdGsg9zIvf60io,Silver Hollow,['Quarteto Nuevo'],387907,2001,False,,0.516,0.541,0.426,0.86,110.315
0kZMD5XaVRj0LKpwt7wywj,Song to John,['Quarteto Nuevo'],490493,2001,False,,0.6,0.382,0.7290000000000001,0.327,129.877
2kBYMJ55wbFq31yiwjr8vS,Lucia,['Quarteto Nuevo'],362560,2001,False,,0.519,0.38,0.14800000000000002,0.556,96.15700000000001
6rnVAOOtO81dXtsSUhLuFi,Early Mourning Shadows,['Quarteto Nuevo'],424187,2001,False,,0.46299999999999997,0.0827,0.765,0.134,125.225
0mnaBaJS8sbsQVYLlOYc7S,Even Picasso couldn't find her,['Quarteto Nuevo'],609387,2001,False,,0.615,0.41,0.5660000000000001,0.598,102.839
2q3RTVae9X2xLYiNHmTbwT,Todos las Estrellas,['Quarteto Nuevo'],417933,2001,False,,0.433,0.133,0.872,0.16899999999999998,119.412
4HvOHimjF9CY8euiFvE0eI,With his Hat in his Hand,['Quarteto Nuevo'],79133,2001,False,,0.331,0.0066099999999999996,0.976,0.35,139.097
5ENmBiXf0abIGVpCSfy7JY,Story of Maryam,['Quarteto Nuevo'],327667,2001,False,,0.441,0.19699999999999998,0.636,0.5,139.54399999999998
2KccudRKJ9AzxIUVryoikX,Quartz,['Declaime'],218080,2011,False,,0.731,0.8909999999999999,0.0817,0.5379999999999999,94.993
1VosuTVwpvDMGlfRbJpgPg,Pink Frost - Masha Qrella,['Masha Qrella'],274232,2009,False,,0.597,0.804,0.214,0.8420000000000001,127.061
6xPWTx64xUsLgWdW9MbZWq,Felicia - Tango,['Quinteto Real'],171680,2007,False,,0.64,0.865,0.7559999999999999,0.9209999999999999,136.814
2WBu3LmCEqp1n7oWMulyPY,Julian - Tango,['Quinteto Real'],166907,2007,False,,0.623,0.706,0.721,0.8640000000000001,132.181
45Xf4XamZulUlDyHiy5vhk,Corralera - Vals,['Quinteto Real'],156053,2007,False,,0.503,0.8190000000000001,0.767,0.961,126.536
0RHEVGvrBHKtizAO5SQSKd,Ensueños - Tango,['Quinteto Real'],162413,2007,False,,0.574,0.727,0.804,0.8059999999999999,120.046
0UY1tiJEhjm3ChlqVJQBak,Ya No Cantas Chingolo - Tango,['Quinteto Real'],132533,2007,False,,0.478,0.685,0.826,0.7440000000000001,124.04899999999999
1Y3XnTfUIUYNNbCLYszyK0,Romance De Barrio - Vals,['Quinteto Real'],144667,2007,False,,0.563,0.7190000000000001,0.743,0.9440000000000001,121.381
6rrNxdOUc6NaKzgMG2usjJ,A Fuego Lento,['Quinteto Real'],161493,2007,False,,0.462,0.903,0.78,0.828,138.884
0ynrB8l433teM1UZvBTAVZ,Organito De La Tarde,['Quinteto Real'],156813,2007,False,,0.644,0.6779999999999999,0.743,0.772,122.398
7xtLAyip7U868WzJM4GVBH,El Arranque - Tango,['Quinteto Real'],170333,2007,False,,0.45399999999999996,0.782,0.87,0.725,121.95200000000001
6f6cJ627to8aDLcvNxABeA,La Trampera - Milonga,['Quinteto Real'],101973,2007,False,,0.598,0.708,0.767,0.9570000000000001,131.011
5pZssw1GizQiR4sgKPovQC,Buenos Aires - Tango,['Quinteto Real'],133267,2007,False,,0.579,0.764,0.742,0.713,124.81
2fthx4ftrIX5A80yCI8igH,Mal De Amores - Tango,['Quinteto Real'],171853,2007,False,,0.547,0.725,0.773,0.795,120.088
6Hk896Xdgc2RfZDRWxbhwE,Pobre Gallo Bataraz - Tango,['Quinteto Real'],148160,2007,False,,0.469,0.659,0.74,0.693,121.779
3Se78EZdRAaP41Jvr5aF0e,Canaro En París - Tango,['Quinteto Real'],159947,2007,False,,0.462,0.836,0.777,0.9359999999999999,140.99
3bhCzhbOmcuF6dzJUfU6YU,Qui Tu Connais?,['Rainmen'],306747,2006,False,,0.321,0.875,0.0010400000000000001,0.20600000000000002,86.012
2TDdMtFsjUqkJcHtKNY5TF,Kari Baby,['Stampede Queen'],222400,2006,False,,0.46399999999999997,0.91,2.5e-05,0.504,79.048
4ItofzMSYpXWrNv6QfIpfa,In It for the Money,['Stampede Queen'],197133,2006,False,,0.5720000000000001,0.8340000000000001,6.74e-05,0.8140000000000001,138.059
0XVCVod7CjkG1OvRNewV3n,Liquor Store Girl,['Stampede Queen'],174973,2006,False,,0.426,0.8490000000000001,2.8199999999999998e-05,0.27399999999999997,141.233
2Fcp0vlbcSyKZ531caTf3t,Beard Garden,['Stampede Queen'],186787,2006,False,,0.436,0.945,9.87e-06,0.29600000000000004,77.49
4IKiqZ02trTebpsAAlIaPf,Bitch Is Back,['Stampede Queen'],242200,2006,False,,0.446,0.937,0.000728,0.39299999999999996,140.167
0pBG3MG9D3fm7N3ePxTk7k,Midnight Fever,['Stampede Queen'],229093,2006,False,,0.53,0.907,0.000109,0.631,135.01
2EVnnB2twGoB95FbDA7vIf,Gone,['Stampede Queen'],189520,2006,False,,0.3,0.6729999999999999,0.0035299999999999997,0.379,139.745
6a8VauXB6ZsLGj9BJMpvpS,Ain't Lookin' for Love,['Stampede Queen'],230387,2006,False,,0.42200000000000004,0.818,1.06e-05,0.6709999999999999,153.20600000000005
175Rk2W3oQRXXyZMkmhV5Q,She's Got the Ace,['Stampede Queen'],214907,2006,False,,0.46299999999999997,0.9329999999999999,9.559999999999999e-05,0.45399999999999996,78.514
19Kpi9X3XOIXVpuFegzh5n,Conversation Piece,['Quartette Indigo'],193960,1997,False,,0.521,0.142,0.945,0.431,135.60399999999998
1ijozcJdjrIdoj4K6rI69W,So What,['Quartette Indigo'],246440,1997,False,,0.523,0.121,0.9259999999999999,0.688,111.59700000000001
4QYQ2RXjVa27uGTUMEZ1CJ,Love Song,['Quartette Indigo'],250200,1997,False,,0.413,0.149,0.904,0.447,94.68299999999999
0EK1NTBJBitS5l1hGxAxds,Hound Dog,['Quartette Indigo'],222960,1997,False,,0.609,0.267,0.877,0.809,140.585
2BxnHJyJUPI7bKpH4LYHR0,Afrika! Afrika!,['Quartette Indigo'],393907,1997,False,,0.348,0.113,0.9490000000000001,0.289,147.119
0W0pbe4vNyhz9vnoujlAKI,Theme for the Eulipions,['Quartette Indigo'],332400,1997,False,,0.222,0.0722,0.963,0.0982,138.731
2nF4Rqy8MYApho25iaO2Tk,A Night in Tunisia,['Quartette Indigo'],205693,1997,False,,0.337,0.217,0.95,0.728,181.872
4AeUpwv7rZgSnCdTEb1f46,This Little Light of Mine,['Quartette Indigo'],312973,1997,False,,0.557,0.152,0.8590000000000001,0.701,124.044
2RAjgArxOJp91ZXBZ2X7cV,Fizz Water,['Quartette Indigo'],197893,1997,False,,0.488,0.172,0.978,0.797,147.924
5kw6DK8IuU6RJwecXE7Yrs,Song for My Father,['Quartette Indigo'],228133,1997,False,,0.441,0.12,0.9590000000000001,0.532,130.767
1eBopo25TF5S95ii1g8uom,Rush Hour,['Quartette Indigo'],64000,1997,False,,0.299,0.527,0.973,0.637,85.646
4D9S5LpMy0FxoafHHVRtaI,Akua's Blues,['Quartette Indigo'],259973,1997,False,,0.525,0.0649,0.9309999999999999,0.374,98.932
5gwXM940Qgqj1fzjiIIaMg,Quiet Riot,['Muki'],459027,2000,False,,0.54,0.595,0.353,0.268,140.806
76F86S9jVLPabyCMS4DrDZ,Que Te Besen,['Aterciopelados'],252053,2006,False,,0.465,0.722,0.0839,0.657,162.137
5wlcDKdVAr6kiBm9siGNJJ,Questions,['Flippomusic'],238707,2011,False,,0.524,0.47100000000000003,0.374,0.436,120.024
12bSvgz6OWeJ0yDg4ooyqB,Quick,['MU330'],143840,1999,False,,0.478,0.7959999999999999,0.052000000000000005,0.516,128.279
1dU0Sl7qCubBXfhlvejE4v,Omission,['Quicksand'],144413,1996,False,,0.397,0.94,0.0907,0.21899999999999997,82.211
1MxsxNq4a2ksJCNbuMCFvf,Dine Alone,['Quicksand'],200240,2002,False,,0.376,0.8109999999999999,0.0286,0.16699999999999998,120.384
2j9dWRy3ilGTMlt4uy90Dd,Dancing Tooth,['Shark Quest'],267133,1999,False,,0.643,0.42100000000000004,0.7290000000000001,0.242,118.695
3xPTyWngi2Aa1JnIzaBhDO,Riverrunsred (The Flats),['Quinzy'],276973,2012,False,,0.28800000000000003,0.7,0.0797,0.21600000000000005,160.08
5dZc4K0YOOQINIulXCMUoU,1919 (The Flats),['Quinzy'],262427,2012,False,,0.402,0.8859999999999999,0.0159,0.706,175.56099999999995
4zKHjS9SwZ4ihTZsZAY3LV,Beautiful But Borrowed (The Flats),['Quinzy'],330200,2012,False,,0.26899999999999996,0.868,0.000606,0.217,134.421
5uhrTLewKfS1Q1Cf8s3xJ4,Built A Machine,['Quinzy'],281387,2012,False,,0.494,0.961,0.00224,0.449,147.985
4dBMJFwR4ZC9qnIG4Obpde,Just Passing Through,['Quinzy'],254907,2012,False,,0.483,0.858,0.000236,0.669,92.184
4Z561YDAkKP5MktyRvqYAc,Slow Down,['Quinzy'],293080,2012,False,,0.4320000000000001,0.599,0.00301,0.341,154.931
1jntEAwlSWK4uuBO37tKW0,And Now We Know,['Quinzy'],201533,2012,False,,0.555,0.698,0.0101,0.381,109.958
55iPJ4SSyrCxkrZIs47tYB,Quedate Conmigo,['Trivales'],192573,2004,False,,0.775,0.8590000000000001,0.0229,0.831,171.863
7nT7yoDmXGD2rI7KRvHreC,Que Baque É Esse?,['Lenine'],319853,1997,False,,0.768,0.7659999999999999,0.0429,0.799,95.573
6A6cXCTZlMgzTCXK0H5zEm,"Flute Sonata No. 272 in F Major, QV 1:93: I. Allegro","['Johann Joachim Quantz', 'Verena Fischer', 'Klaus-Dieter Brandt', 'Léon Berben']",163760,2009,False,,0.5529999999999999,0.171,0.872,0.695,108.73
5fBM6w4nVUjyfnsy9Cqs6z,"Flute Sonata No. 272 in F Major, QV 1:93: II. Largo","['Johann Joachim Quantz', 'Verena Fischer', 'Klaus-Dieter Brandt', 'Léon Berben']",237280,2009,False,,0.188,0.0785,0.943,0.16,175.88
6yJyjKETjIfAFMP7tauT41,"Flute Sonata No. 272 in F Major, QV 1:93: III. Vivace","['Johann Joachim Quantz', 'Verena Fischer', 'Klaus-Dieter Brandt', 'Léon Berben']",299133,2009,False,,0.5529999999999999,0.253,0.873,0.8079999999999999,115.928
1IquJGcupZN1m3fF9fcVFi,"Flute Sonata No. 273 in G Major, QV 1:109: I. Presto ma fiero","['Johann Joachim Quantz', 'Verena Fischer', 'Klaus-Dieter Brandt', 'Léon Berben']",185667,2009,False,,0.42100000000000004,0.192,0.8740000000000001,0.581,144.82399999999996
5Eb7fkoaQqhkt0VZHS9O5V,"Flute Sonata No. 273 in G Major, QV 1:109: II. Grave","['Johann Joachim Quantz', 'Verena Fischer', 'Klaus-Dieter Brandt', 'Léon Berben']",240293,2009,False,,0.226,0.0783,0.9309999999999999,0.162,78.44
1TJGN9FehcOliX0opONEh4,"Flute Sonata No. 273 in G Major, QV 1:109: III. Vivace","['Johann Joachim Quantz', 'Verena Fischer', 'Klaus-Dieter Brandt', 'Léon Berben']",259147,2009,False,,0.544,0.19699999999999998,0.892,0.765,110.301
5WcQIsV22Q9IZJTwNAosQb,"Flute Sonata No. 274 in A Major, QV 1:145: I. Allegro","['Johann Joachim Quantz', 'Verena Fischer', 'Klaus-Dieter Brandt', 'Léon Berben']",173827,2009,False,,0.547,0.242,0.862,0.748,120.556
58wm5srIRtpvLfTiivQ2UJ,"Flute Sonata No. 274 in A Major, QV 1:145: II. Alla Siciliana","['Johann Joachim Quantz', 'Verena Fischer', 'Klaus-Dieter Brandt', 'Léon Berben']",180600,2009,False,,0.272,0.102,0.866,0.289,135.84799999999998
36KSg1ZLMEkrgGyDvKXDH7,"Flute Sonata No. 274 in A Major, QV 1:145: III. Grazioso ma vivace","['Johann Joachim Quantz', 'Verena Fischer', 'Klaus-Dieter Brandt', 'Léon Berben']",331947,2009,False,,0.45899999999999996,0.13699999999999998,0.898,0.654,144.343
25L1fcwHQxchP27b8Nj7Kg,"Flute Sonata No. 275 in B-Flat Major, QV 1:161: I. Allegro di molto","['Johann Joachim Quantz', 'Verena Fischer', 'Klaus-Dieter Brandt', 'Léon Berben']",162427,2009,False,,0.499,0.244,0.8740000000000001,0.6629999999999999,72.86
1uENYnZnZLyIBaM9EyXIwO,"Flute Sonata No. 275 in B-Flat Major, QV 1:161: II. Affetuoso","['Johann Joachim Quantz', 'Verena Fischer', 'Klaus-Dieter Brandt', 'Léon Berben']",209373,2009,False,,0.33799999999999997,0.0974,0.882,0.131,117.993
19knbDtnUYZHU4OSqdI65s,"Flute Sonata No. 275 in B-Flat Major, QV 1:161: III. Vivace","['Johann Joachim Quantz', 'Verena Fischer', 'Klaus-Dieter Brandt', 'Léon Berben']",237400,2009,False,,0.598,0.19699999999999998,0.871,0.655,101.51100000000001
46MOfEN8vkwbfCFMzTl78A,"Flute Sonata No. 276 in C Minor, QV 1:18: I. Allegro ma con brio","['Johann Joachim Quantz', 'Verena Fischer', 'Klaus-Dieter Brandt', 'Léon Berben']",157560,2009,False,,0.39299999999999996,0.175,0.9009999999999999,0.547,139.53
1XBZtHHKUw5vRYmkz5trUW,"Flute Sonata No. 276 in C Minor, QV 1:18: II. Cantabile","['Johann Joachim Quantz', 'Verena Fischer', 'Klaus-Dieter Brandt', 'Léon Berben']",176947,2009,False,,0.366,0.09699999999999999,0.8809999999999999,0.327,96.792
09pLzFqlmAXA7MaIY9K1rN,"Flute Sonata No. 276 in C Minor, QV 1:18: III. Presto","['Johann Joachim Quantz', 'Verena Fischer', 'Klaus-Dieter Brandt', 'Léon Berben']",161680,2009,False,,0.505,0.248,0.9259999999999999,0.815,78.774
1etYKj4kmzlZFPz7WaoNMg,"Flute Sonata No. 277 in D Major, QV 1:42: I. Allegro assai","['Johann Joachim Quantz', 'Verena Fischer', 'Klaus-Dieter Brandt', 'Léon Berben']",163480,2009,False,,0.556,0.152,0.937,0.573,80.354
79PD70ZXjPdOZBqqd8qMq1,"Flute Sonata No. 277 in D Major, QV 1:42: II. Arioso","['Johann Joachim Quantz', 'Verena Fischer', 'Klaus-Dieter Brandt', 'Léon Berben']",209587,2009,False,,0.22399999999999998,0.0613,0.953,0.292,173.09799999999996
1I9SokDlAzUtcI13iCduAu,"Flute Sonata No. 277 in D Major, QV 1:42: III. Alla Forlana ma presto","['Johann Joachim Quantz', 'Verena Fischer', 'Klaus-Dieter Brandt', 'Léon Berben']",228560,2009,False,,0.494,0.154,0.888,0.7190000000000001,91.42
0DzrAkmzfJL1rZSKmO6t3f,Que Te Lo Juma - Parte 2 - Remix,['SFDK'],169427,2009,False,,0.643,0.45799999999999996,0.0395,0.0628,80.527
2qpXpYyjAwkDiEQdWfQcxe,Questions,['Mercies'],221573,2011,False,,0.494,0.629,0.0986,0.337,104.031
2zRbpDNmiKwqwTZkS09mO4,Chagford Reel,['JJ Quick'],168600,2010,False,,0.579,0.608,0.13699999999999998,0.8740000000000001,84.96600000000002
0q4iQhT1LF6uoO01wUJgmr,Quarantine,['MyParasites'],219280,2013,False,,0.10300000000000001,0.95,0.115,0.0377,168.385
7t53vVDUmFp7a6Ydx6Mure,Gloaming,['Queen Elephantine'],714333,2009,False,,0.302,0.452,0.10300000000000001,0.0392,139.47
5DmQMJBjSLtT0exSgZswhS,-,['Queen Elephantine'],68533,2009,False,,0.391,0.38299999999999995,0.8909999999999999,0.0398,121.98299999999999
3GuB3LYJ5uIATgFrY86xAb,The Vulture and the Creed,['Queen Elephantine'],518000,2009,False,,0.109,0.486,0.342,0.0379,88.117
7yHSZ5JOHk0fKzTRC3N4os,Priest,['Queen Elephantine'],719333,2009,False,,0.539,0.24600000000000002,0.581,0.0762,119.484
6BMswnJRxSch1L1VQ4I7Yc,Godblood,['Queen Elephantine'],369000,2009,True,,0.37799999999999995,0.249,0.22899999999999998,0.0479,86.166
1wVheLNfXF5CpMAA4JeBBR,Don't Go,"['Trina', 'Qwote']",200947,2014,True,,0.517,0.586,0.2,0.364,84.839
1OtkwTOOKHBiZG1MvANU13,Quip of the Tongue,['Onions'],204827,2012,False,,0.465,0.7090000000000001,0.0102,0.43,79.98899999999998
6RdWdvgGoqT0lckGmCq0Nr,Que Reste-it-il De Nos Amours?,['Liata'],208760,2009,False,,0.272,0.127,0.985,0.226,101.477
2NrdCTHafjykydH5bTFgow,Dong Song Lo Dang,['Quang Dung'],262080,2007,False,,0.465,0.289,0.767,0.165,137.39600000000002
1048V1JFhElSdDoNXdPZnd,Nihil,['Qntal'],292707,2009,False,,0.47100000000000003,0.8390000000000001,0.000178,0.17600000000000002,135.005
7EOF1ZN5ZEOX1MR3FcAKDt,Ecco Gratum (Club Version),['Qntal'],241533,2009,False,,0.581,0.818,0.007259999999999998,0.3720000000000001,161.874
7oITN5OmyqXFI2GnbPzYuQ,Stella Splendens,['Qntal'],329013,2009,False,,0.5379999999999999,0.6920000000000001,0.0978,0.35100000000000003,85.016
6ZeeIQqxkXEPlTjdhdXQzk,Entre Moi (Single Version),['Qntal'],238120,2009,False,,0.466,0.763,0.0010199999999999999,0.284,76.005
5Fco6lNWp6LEAhWhHqvH6C,Vedes Amigo Illuminate,['Qntal'],344293,2009,False,,0.513,0.889,0.0009699999999999999,0.2,109.988
1r2OxiOeyveIJCOlXfYdDi,Am Morgen Fruo (remix by Bruno Kramm),['Qntal'],265907,2009,False,,0.555,0.7190000000000001,0.0107,0.447,135.003
0YO7cTnGDw4kaXsrchr4Jb,El Sendero Hacia Monserrat,['Qntal'],427333,2009,False,,0.439,0.493,0.172,0.0486,84.92399999999998
7fAcNQhLmYGvDE7Jx3dlez,Ecco Gratum (extended version),['Qntal'],313133,2009,False,,0.601,0.847,0.0238,0.419,161.842
2XS3eExm1MajlaTSpRXlvD,Entre Moi (Alternative Version),['Qntal'],443293,2009,False,,0.316,0.602,0.0176,0.0822,152.07299999999995
4FzXJwpnMQzhcSsH7xu77k,Omnis Mundi Illuminate,['Qntal'],420160,2009,False,,0.579,0.848,0.0284,0.34299999999999997,120.00200000000001
00p0aqwP5f2fEMqgPVeHLE,Death Wish Banger,"['Molemen', 'Qwel', 'Seel', 'PNS', 'Infinito']",669267,2001,False,,0.7390000000000001,0.951,0.221,0.19,91.05
0zPNA9XiZ7GPnFcHb4movH,Amanita Muscaria,['Quantec'],450733,2008,False,,0.705,0.29600000000000004,0.516,0.16899999999999998,118.0
6eOF0tp7E78bgLDBt5tgay,Deliberate,['Quantec'],510200,2008,False,,0.675,0.35700000000000004,0.6709999999999999,0.11900000000000001,116.99799999999999
4fqklWrB45akIzXdT8kci5,Unusual Signals/Reversion,['Quantec'],514053,2008,False,,0.6990000000000001,0.406,0.281,0.17600000000000002,115.99600000000001
5gnxVR7P2EJzFOkZ2f1gFi,Unusual Signals/Xeric Dub,['Quantec'],190347,2008,False,,0.5720000000000001,0.273,0.853,0.263,116.00399999999999
3SJ7XcUu5v5tYibS9Fxlot,Iboga,['Quantec'],601493,2008,False,,0.382,0.215,0.8320000000000001,0.0585,115.00299999999999
7btBTiPL4kBUJr93kbPFDz,Yage,['Quantec'],495093,2008,False,,0.62,0.397,0.332,0.47600000000000003,115.984
5E9PUH9Gtx5WuCeSsjNo8T,Panaleous,['Quantec'],451800,2008,False,,0.41700000000000004,0.41,0.456,0.0808,114.979
1wVeWdysmknfGFFzsU5FYd,Sector,['Quantec'],614333,2008,False,,0.413,0.263,0.289,0.0375,116.001
0kQCRbY7r230IsKiyNffmY,Renanscence,['Quantec'],362507,2008,False,,0.838,0.4370000000000001,0.22899999999999998,0.20800000000000002,115.009
4O9TrKMjnbfsx1V44xRzfa,2082,['Quantec'],413787,2008,False,,0.305,0.601,0.264,0.0677,115.98100000000001
0dJASdY31O2NOu3I8dAu3f,Plasma (Freshwater Mix),['Qualia'],453973,1998,False,,0.809,0.637,0.0239,0.544,125.005
1v2WA9VfkY0vsDGEXWgNwg,Personal,"[""Quentin's Ladder""]",229000,2002,False,,0.551,0.9840000000000001,0.0015400000000000001,0.561,87.507
53NEUWNfwou3sO9Hpcc4wX,Double Dragon,"[""Quentin's Ladder""]",168173,2002,False,,0.561,0.945,0.00411,0.34700000000000003,175.015
0AI8mkRuunG7OssAyHdO7T,Double-cross,['Q-point'],336973,2007,False,,0.591,0.52,0.0254,0.5720000000000001,90.012
7nFYanHZvmfme8zVhJhZ8Y,Quicksand,['Incubus'],134040,2006,False,,0.409,0.764,0.563,0.0771,134.19
2Irx3PmcHPUYI5FNpPXpRs,I Met Her At The Rat,['The Queers'],154533,1996,False,,0.308,0.983,0.00139,0.256,133.39600000000002
0c9yZqDuDYMAd26nxETo6q,Question - Distorted Memory Remix,['Acylum'],295200,2011,True,,0.518,0.883,0.0011300000000000001,0.23,126.01299999999999
1hsUrTE7izReY8kXVacpCW,Quarter Conspiracy,['Spent'],236787,1996,False,,0.502,0.644,0.501,0.38299999999999995,134.256
1cLX648cd4Q65JMppPHJMU,Woe to the Vanquished,['The Quintessentials'],299077,2012,False,,0.28600000000000003,0.9059999999999999,0.0267,0.321,124.838
4ppi1gojelhPkhNgNg3ZcI,Al-Jilwah,['The Quintessentials'],174055,2012,False,,0.365,0.95,0.0157,0.73,188.045
3mqdutTR1v4fsCwWw4G4Sj,Mail-Order Junkie,['The Quintessentials'],119772,2012,True,,0.376,0.831,7.09e-05,0.631,134.72899999999998
3PGCcEfIfPM4aq2f5uE1oc,Demonica,['The Quintessentials'],147358,2012,False,,0.466,0.905,0.0337,0.765,173.886
5ffMU4Ftr2pkFoaYS8q4qT,Allie Was a Scab,['The Quintessentials'],111570,2012,False,,0.452,0.9259999999999999,0.0047799999999999995,0.7829999999999999,159.813
7I1B1RURLhcOTKHdDmLUj6,P.C. Game,['The Quintessentials'],123560,2012,True,,0.521,0.904,0.024,0.785,93.01700000000001
0CMdpObAlvACUUPmdGLN1T,The Devil's Henchmen,['The Quintessentials'],129568,2012,False,,0.46799999999999997,0.929,0.0714,0.41600000000000004,145.601
1AuNqo0OW47T2zo9ilS7fl,Time,['The Quintessentials'],104073,2012,False,,0.54,0.9490000000000001,0.008759999999999999,0.486,119.97
2M8HOjvybdRjdG91crnauh,Jerkface,['The Quintessentials'],169562,2012,False,,0.371,0.875,0.0059299999999999995,0.5920000000000001,155.998
5ZbXvWXxUSHZiod1t1LrNS,Midnight in the Black House,['The Quintessentials'],225072,2012,False,,0.344,0.897,0.00892,0.5589999999999999,173.125
0Nm9IF7bHUdhocqtOJ1qG3,Nu'uanu Nightmare,['The Quintessentials'],135054,2012,False,,0.466,0.9690000000000001,0.0186,0.682,132.063
4qKn8AjaGR0C4su6v9HW1E,The Time Is Now!,['The Quintessentials'],186071,2012,False,,0.387,0.893,0.0405,0.768,169.90200000000004
1HWXB6wzfiFXzPargTMgaX,Pan the Great,['The Quintessentials'],112066,2012,False,,0.281,0.955,0.0369,0.475,183.73
5v9Sfxe7PeGZVQujhy8HSm,Baby's in Love,['The Quintessentials'],109663,2012,False,,0.441,0.937,0.000354,0.591,142.095
6K2gVrECBaqEsPmGklhhCJ,Scrunchy,['The Quintessentials'],151459,2012,False,,0.428,0.884,0.0128,0.818,161.894
5Lv5U3JiQME4KL5EJwLFfj,Bubble Gum & Soda Pop,['The Quintessentials'],132076,2012,False,,0.344,0.851,0.00156,0.46799999999999997,124.98200000000001
5wo7C0LFiW008uWubIbmot,Love Bleeds Terror,['The Quintessentials'],125075,2012,True,,0.426,0.9229999999999999,0.000491,0.439,137.899
5Zf7XjYurOdfRxj9gexQ89,The Hallowed Eve,['The Quintessentials'],229043,2012,False,,0.5489999999999999,0.7290000000000001,0.265,0.33299999999999996,120.03399999999999
06sRx4vZRBwUqnGxWQSIii,Inferno,['The Quintessentials'],181030,2012,False,,0.496,0.958,3.64e-05,0.58,123.449
5mEYOEQnV0JwTl6lCTtEic,Drop Dead Gorgeous!,['The Quintessentials'],126042,2012,False,,0.293,0.934,0.00279,0.425,172.06799999999996
12jdqQe5GvDUecYRc9wsl2,A Better World,['The Quintessentials'],133539,2012,True,,0.307,0.915,2.8999999999999997e-05,0.5760000000000001,195.918
3I40wdaD9b2UBpNW15gdI7,The Life for Me,['The Quintessentials'],180533,2012,False,,0.37,0.9209999999999999,0.000391,0.7959999999999999,178.90099999999995
2NB7tJhJXywbtipqrEGfY9,Shannon Was a Psycho,['The Quintessentials'],211044,2012,True,,0.364,0.883,0.00011899999999999999,0.665,196.213
4cTMdseeEhx6jxGAa5Nmdn,Graveyard Ghoul,['The Quintessentials'],107808,2012,False,,0.361,0.948,0.00555,0.506,171.976
5oVkJylPkWijp9QVejRmEZ,Marie Infinity,['The Quintessentials'],179044,2012,False,,0.48100000000000004,0.884,3.35e-05,0.672,103.025
0gDUMt5nkP7ER2JDDZJn7q,Constipated Nation,['The Quintessentials'],217288,2012,True,,0.4270000000000001,0.943,0.000606,0.5760000000000001,98.865
44ZVYBIGWNZeuFmmlt24hK,Color My Rainbow Black,['The Quintessentials'],175048,2012,False,,0.47,0.9279999999999999,0.00011200000000000001,0.48700000000000004,95.522
5xhnQskCkRidPUhZ3OwJOe,The Rats in the Walls,['The Quintessentials'],175048,2012,False,,0.436,0.963,0.00108,0.624,98.05
6hueyhG4WFe3PFX1hZ1RjL,Rege Satanas!,['The Quintessentials'],106555,2012,False,,0.316,0.965,0.000584,0.578,176.213
1ClfXopJdvwJKIHM8IbCHU,Punk Rock Heroes,['The Quintessentials'],144537,2012,True,,0.502,0.898,0.0012900000000000001,0.6409999999999999,96.041
1MKfs1STCYN2SrSvx5xgP8,Tenth Key Willed,['The Quintessentials'],157232,2012,False,,0.511,0.893,8.109999999999999e-05,0.6809999999999999,101.044
6W22wAqiBK2gYKkcZRze4G,That Girl,['The Quintessentials'],92840,2012,False,,0.381,0.917,0.0006190000000000001,0.6829999999999999,171.94
2B0TVCU226Wm5yEloh1yhX,Satanic Revolution,['The Quintessentials'],111544,2012,False,,0.444,0.932,0.000205,0.7559999999999999,98.469
6krC21Kdv2SGlTj8lku4YZ,Under the Crescent Moon,['The Quintessentials'],200543,2012,True,,0.48100000000000004,0.955,0.00015900000000000002,0.589,99.939
5q9tXhhX6BTO0913DQNoNW,The Horror Never Ends...,['The Quintessentials'],119041,2012,True,,0.203,0.888,0.0255,0.402,172.71400000000003
3o65LWUxFTXu3PqXESYmZj,It's in My Belly,['The Quintessentials'],126042,2012,True,,0.40399999999999997,0.7929999999999999,0.00914,0.387,87.46600000000002
396x07wjGgMfOXjRvAj8Ng,Que Amanece De Nuevo,['Doctor Deseo'],244600,2010,False,,0.385,0.615,0.0653,0.449,180.072
1NvqCzRzFHM1CbyMBM9OFC,Quiero Respirar,['Novas'],247014,2014,False,,0.547,0.96,0.00101,0.409,145.02100000000004
45EOSzNQnLBnXgcakLBQjw,"String Quartet No. 12 In F Major, Op. 96, ""American"": String Quartet No. 12 In F Major, Op. 96, ""American"": III. Molto Vivace","['Vlach Quartet Prague', 'Antonín Dvořák']",243787,2006,False,,0.317,0.114,0.968,0.335,72.368
48IgGqIBrOtQKh4iR6hVY9,"Violin Sonatina In G Major, Op. 100: Sonatina In G Major, Op. 100: II. Larghetto","['Zhou Qian', 'Edmund Battersby', 'Antonín Dvořák']",276867,2006,False,,0.214,0.0354,0.97,0.0806,96.119
00tpsZrwV7fWZsAgJ7fShs,"Piano Quintet In A Major, Op. 81: Piano Quintet In A Major, Op. 81: III. Scherzo (Furiant): Molto Vivace","['Vlach Quartet Prague', 'Ivan Klansky', 'Antonín Dvořák']",251987,2006,False,,0.36200000000000004,0.0858,0.975,0.222,139.903
7sGVC5d6CVQSrzsBJpKAuN,"2 Waltzes, Op. 54: 2 Waltzes, Op. 54: No. 1 In A Major","['Vlach Quartet Prague', 'Antonín Dvořák']",237093,2006,False,,0.22399999999999998,0.0878,0.96,0.156,80.08
7oS9qJveURrrIqGOfWMYx4,Streets of Insanity,['Quarantine'],297720,2013,False,,0.455,0.889,0.000588,0.514,105.446
668pAadxDHjYCwJU56qnJI,Prelude,['SE-Quartet'],250720,2012,False,,0.41,0.285,0.895,0.34700000000000003,151.317
7IX2N9S8VFCfmbL5xf9rzK,Tears in the Rain,['SE-Quartet'],342307,2012,False,,0.494,0.292,0.8640000000000001,0.16899999999999998,132.121
5kgBF31cBgl9d0PWXGzFKI,Somewhere in Between,['SE-Quartet'],378320,2012,False,,0.488,0.299,0.9329999999999999,0.192,133.078
3tqLBjybZS3Bi8LT6d6exh,Tand,['SE-Quartet'],337213,2012,False,,0.625,0.509,0.74,0.638,143.766
5nn9yaueRq2LveKIgnwyiT,Evening Rain,['SE-Quartet'],355853,2012,False,,0.5,0.20199999999999999,0.9420000000000001,0.33399999999999996,132.025
1TlOG8ih2GqzON7AgvP0iX,Stardust,['SE-Quartet'],339600,2012,False,,0.46399999999999997,0.40399999999999997,0.879,0.316,145.18200000000004
09X3mYlkugl4pfDcHnSX43,Quetzalcoatl,['Azaghal'],354440,2008,True,,0.121,0.9540000000000001,4.6399999999999996e-05,0.154,96.27
1pVaOzHYGwfLTMrPljhjZM,The Conversation Intro,['Q Parker'],119920,2012,False,,0.324,0.43799999999999994,0.871,0.48700000000000004,80.589
2355ppM3rtHkqX5zLzHMpB,Show You How,['Q Parker'],233493,2012,False,,0.5670000000000001,0.741,0.121,0.47600000000000003,93.35799999999999
1oZEWA57IyhNGBfMZL8Q5P,Belongs To You,['Q Parker'],270440,2012,False,,0.679,0.73,0.0295,0.627,129.991
4Mda9l4Hzk0YLzqCwKkQFa,All About You,['Q Parker'],255253,2012,False,,0.643,0.6729999999999999,0.28,0.667,126.02
2m4OFYluDfzqcJXFcWKdGM,Yes (Interlude),['Q Parker'],109960,2012,False,,0.48700000000000004,0.732,0.614,0.271,60.11600000000001
4z1IxjViQ5G55soL1QTKOL,Yes,['Q Parker'],277947,2012,False,,0.447,0.69,0.00409,0.488,119.45100000000001
2cktA9crtsQmJNKEUjy1hI,How I Love You,['Q Parker'],233160,2012,False,,0.653,0.804,0.535,0.833,91.014
5TQQE2IFwz2oEJC5HCp0Kl,60 Seconds,['Q Parker'],254040,2012,False,,0.612,0.484,0.21,0.313,119.87799999999999
1QrvTorb7TxnSM17EFKoMb,Two Of Us,['Q Parker'],249427,2012,False,,0.6559999999999999,0.653,0.315,0.708,101.94200000000001
2Ki3lf6yCDTWuVAuqtxMWK,Cupid,['Q Parker'],251307,2012,False,,0.35600000000000004,0.5539999999999999,0.379,0.743,176.06099999999995
7sw0I4LgIpuhz0otJbz0s7,Hold Me,['Q Parker'],247480,2012,False,,0.635,0.6970000000000001,0.39899999999999997,0.483,130.029
2nlYweG66rHwASEuWBCjfW,Better,['Q Parker'],227787,2012,False,,0.562,0.498,0.087,0.301,176.00599999999997
0YyzVEdh474iRtcncNnWh0,Forced My Hand,['Q Parker'],241787,2012,False,,0.446,0.612,0.0929,0.713,141.423
5pQss9N0xdeT0RHCAQhng9,Just Us,['Q Parker'],207680,2012,False,,0.33899999999999997,0.899,0.0030800000000000003,0.293,129.455
0izFYUnwePrOVwXV2X7TQN,Completely,['Q Parker'],242173,2012,False,,0.501,0.642,0.239,0.488,82.706
35YbVSK5CbfXSzew4gz5Do,"Be Still My Soul (feat. Aoife O'Donovan, Jon Irabagon, Linda Oh, Matt Mitchell & Rudy Royston)",['Dave Douglas Quintet'],301227,2012,False,,0.441,0.336,0.867,0.38299999999999995,126.275
2IwC7ekMPoztSDpqZPTjLP,"High on a Mountain (feat. Aoife O'Donovan, Jon Irabagon, Linda Oh, Matt Mitchell & Rudy Royston)",['Dave Douglas Quintet'],157040,2012,False,,0.551,0.42100000000000004,0.8640000000000001,0.66,122.46600000000001
0jFJ0GKuEsp2aPfzRhM6h1,"God Be With You (feat. Aoife O'Donovan, Jon Irabagon, Linda Oh, Matt Mitchell & Rudy Royston)",['Dave Douglas Quintet'],300253,2012,False,,0.402,0.35,0.96,0.305,140.284
1IfzjX1v8lPE428n4w2cJ9,"Barbara Allen (feat. Aoife O'Donovan, Jon Irabagon, Linda Oh, Matt Mitchell & Rudy Royston)",['Dave Douglas Quintet'],262067,2012,False,,0.353,0.0979,0.982,0.23600000000000002,125.01899999999999
3lrEEnskK39MQJ3rXRs9Pw,"This Is My Father's World (feat. Aoife O'Donovan, Jon Irabagon, Linda Oh, Matt Mitchell & Rudy Royst",['Dave Douglas Quintet'],223533,2012,False,,0.45899999999999996,0.312,0.92,0.376,97.948
47jOn2VOLvE5IEiCavtq1v,"Going Somewhere With You (feat. Jon Irabagon, Linda Oh, Matt Mitchell & Rudy Royston)",['Dave Douglas Quintet'],323760,2012,False,,0.45399999999999996,0.405,0.7929999999999999,0.301,112.17299999999999
5Eib6OgOPDopi6JTO5gwDy,"Middle March (feat. Jon Irabagon, Linda Oh, Matt Mitchell & Rudy Royston)",['Dave Douglas Quintet'],346973,2012,False,,0.423,0.439,0.7829999999999999,0.223,110.273
291uNYoV7TBqj4fVjacr32,"Living Streams (feat. Aoife O'Donovan, Jon Irabagon, Linda Oh, Matt Mitchell & Rudy Royston)",['Dave Douglas Quintet'],302347,2012,False,,0.278,0.19699999999999998,0.9390000000000001,0.21899999999999997,70.458
3XoQFN59mcVXVZSUHjtkSR,"Whither Must I Wander? (feat. Dave Douglas, Jon Irabagon, Linda Oh, Matt Mitchell & Rudy Royston)",['Dave Douglas Quintet'],359507,2012,False,,0.345,0.18899999999999997,0.98,0.33799999999999997,84.846
0Hm2ixegankaMcQaS71Jk5,11th Hour,"['Q-Project', 'Cyantific']",348067,2006,False,,0.5660000000000001,0.99,0.0004860000000000001,0.6559999999999999,176.003
0S1DNVTbFx10CXpkHCQWbo,Quiet Star,['Cyantific'],420680,2004,False,,0.552,0.812,0.0016899999999999999,0.151,174.04
2N9KgCx6oubCL6ztgSDLPA,Milk n Honey,['Q-Project'],354120,2006,False,,0.47200000000000003,0.9359999999999999,0.00418,0.507,176.024
3cXeA3Y5178pB6PQUVTR0r,Living With Beaker - Total Science Remix,['Q-Project'],413854,2006,False,,0.47,0.8909999999999999,0.0059700000000000005,0.315,175.984
6009ZhXhKNgaCawBXPPua6,Slowly But Surely,['Q-Project'],344120,2006,False,,0.5670000000000001,0.948,0.000262,0.935,176.00099999999995
2S8PrD0BldyXQZe6mZdwhs,Computer Love,['Q-Project'],335173,2006,False,,0.526,0.961,0.00011399999999999999,0.617,176.007
0HJrCDbAV39o6VbjxeCMkb,Bovey Pay,['Q-Project'],379018,2006,False,,0.598,0.9840000000000001,0.00148,0.78,176.03400000000005
3udG7yZtNGwNti55BhXZi1,Sleepers,['Q-Project'],360049,2006,False,,0.556,0.985,0.0005059999999999999,0.696,175.96900000000005
6iPzNi2yai62uDn20LM59v,Language Barrier,['Q-Project'],346026,2006,False,,0.518,0.9840000000000001,0.0047,0.7440000000000001,176.028
4V18O7e9jxU3b48wManrHh,Obsession,['Q-Project'],352106,2006,False,,0.526,0.9940000000000001,0.0156,0.795,175.99
5pEezMKg2co54TuOjE5xpE,Future Look,['Q-Project'],309919,2006,False,,0.54,0.89,0.00042699999999999997,0.762,175.984
5MP0tQcfGdSU4pAHM3F3Tp,Roy And Lisa,['Q-Project'],361133,2006,False,,0.547,0.833,0.000889,0.17,175.997
5CrCQIFnK301MBCIE6oJ6R,Silicon Mistress,['Q-Project'],363120,2006,False,,0.457,0.8440000000000001,0.00702,0.434,176.092
0jkepRAW4zTLdK9BcI8xES,No More Heroes,['Q-Project'],338011,2006,False,,0.461,0.988,6.42e-05,0.584,176.02900000000002
55qoXViblgaqcUflAqO4YY,Anchor Man,['Q-Project'],345922,2006,False,,0.462,0.9059999999999999,0.026000000000000002,0.113,175.967
1txCTSjNHdyPzlQce5itqf,Free To Love Again,['Q-Project'],332000,2006,False,,0.45299999999999996,0.887,5.770000000000001e-05,0.266,175.987
0uykQ0Xsw1GNYNZ9lahCAb,Nation 2 Nation,['Q-Project'],355973,2006,False,,0.636,0.9640000000000001,0.00031099999999999997,0.384,176.005
6XPi5qkGKTB4yCucVdcjeF,Fragile Earth,['Q-Project'],355017,2006,False,,0.473,0.988,0.0024100000000000002,0.508,88.014
7Agu49GbHTHpJubkvgKU9G,Cotton Eyed Joe,['Q-Project'],357066,2006,False,,0.546,0.956,0.00134,0.768,176.028
3sh7eOXJoy8xrjQbLvcBEe,Behind Closed Doors,['Q-Project'],359979,2006,False,,0.519,0.978,2.34e-05,0.557,176.01
63vgpNjYWANXITh53z6pFe,There´s Blues Everywhere,['Alvin Queen'],348787,2006,False,,0.494,0.632,0.672,0.5489999999999999,108.9
1NCQZUaS6vNOOvsRq18sEd,Seven Steps To Heaven,['Alvin Queen'],400600,2006,False,,0.415,0.759,0.23800000000000002,0.47700000000000004,78.921
1GTxZqalGRqaod1Q7kn2Nd,Contemplation,['Alvin Queen'],452800,2006,False,,0.4320000000000001,0.606,0.746,0.6,123.41
3ylGBkNEi13GrQtK2eTZPA,Queen´s beat,['Alvin Queen'],395160,2006,False,,0.387,0.809,0.3720000000000001,0.682,76.703
6t9XNAW0P5T4FeCEkf5EL4,I Ain´t Looking At You,['Alvin Queen'],455667,2006,False,,0.631,0.78,0.34299999999999997,0.777,120.73899999999999
6rZ2qzY0EKcEIyDfjFG3fI,Shirley´s Song,['Alvin Queen'],408853,2006,False,,0.415,0.5589999999999999,0.83,0.456,92.788
6x9X0Z7e56O9la7SJZCF1c,Old Folks,['Alvin Queen'],460080,2006,False,,0.445,0.316,0.85,0.201,83.462
5a1LBKPD4z91F56VBV8nwP,Nutville,['Alvin Queen'],464880,2006,False,,0.392,0.758,0.6659999999999999,0.8320000000000001,72.125
7Ego54rmNAO9w4ePwTFza8,Mellow Soul,['Alvin Queen'],422027,2006,False,,0.46399999999999997,0.615,0.659,0.433,118.723
5XhnG8Dol5ZAFrTcmwDExw,Fuerza (feat. Nani Castle),"['Tony Quattro', 'Nani Castle']",219411,2017,False,,0.7879999999999999,0.919,0.00424,0.326,127.0
0a5pzfa5Jy6kFVJG7IRvzE,Qu'est-ce tu voulais qui s'passe,['Taktika'],249600,2007,False,,0.816,0.647,0.0195,0.485,98.04299999999999
1rmb9Arahlj5DvAolBv57y,1977,['Quentin Dujardin'],189773,2012,False,,0.48200000000000004,0.22399999999999998,0.885,0.209,111.726
6iixnpyJM2Zqjuu7aY29Rv,Metal Health (Bang Your Head),['Quiet Riot'],316653,1983,False,,0.504,0.95,0.00886,0.632,121.44200000000001
7h23UGMLtdtfgBd6wgmBFU,Cum on Feel the Noize,['Quiet Riot'],290253,1983,False,,0.431,0.9329999999999999,0.0018800000000000002,0.532,145.53
1WX19SqX2tscwoliSEYuPM,Don't Wanna Let You Go,['Quiet Riot'],281840,1983,False,,0.649,0.8420000000000001,0.0927,0.866,108.26899999999999
2dUPR65VIkFVhy7XEW7yv9,Slick Black Cadillac,['Quiet Riot'],254933,1983,False,,0.344,0.934,0.00848,0.624,161.609
05G0dFsADyEtohotzyyKBm,Love's a Bitch,['Quiet Riot'],249320,1983,False,,0.35200000000000004,0.838,0.152,0.27,104.978
2JRprtIARLHTcV4LGLyp6W,Breathless,['Quiet Riot'],230813,1983,False,,0.36,0.978,0.000156,0.457,146.695
6yoCxAhm9E2QJgMXKy8r2o,Run for Cover,['Quiet Riot'],218413,1983,False,,0.426,0.9570000000000001,0.00028399999999999996,0.159,103.836
4mIqcDqpQJ34gQKzJVOwoo,Battle Axe,['Quiet Riot'],98667,1983,False,,0.185,0.951,0.873,0.363,146.491
0fVI3JzqbaV92bbZlamUgK,Let's Get Crazy,['Quiet Riot'],248107,1983,False,,0.425,0.961,0.00595,0.605,127.98700000000001
1DCw8wwEzzZ4YxgHTSOwVR,Thunderbird,['Quiet Riot'],283800,1983,False,,0.35700000000000004,0.752,0.191,0.289,139.372
6pLUMRvbMnnLIdt2Zvwa5A,Soneto I,"['Enríquez de Valderrábano', 'Shirley Rumsey']",122467,1993,False,,0.354,0.042,0.996,0.5579999999999999,138.957
2K7QsBRwozMg9kRuA28Qg9,Soneto II,"['Enríquez de Valderrábano', 'Shirley Rumsey']",88493,1993,False,,0.44299999999999995,0.0791,0.996,0.37799999999999995,143.94799999999995
69LI5JYpdxNck1NJc8rqAu,Just a Moment (feat. Quan),"['Nas', 'Quan']",263453,2004,True,,0.674,0.588,0.0817,0.21899999999999997,82.025
7wAkOlMG0dWlprQBb6w1zW,Sugar Hell No! (featuring Tajai from Souls of Mischief),"['Superstar Quamallah', 'Tajai from Souls of Mischief']",266160,2000,False,,0.847,0.43,0.0165,0.6409999999999999,91.462
6yH3Fo7bCE1Qer3DDN7I3m,Queen of the City,['Joshua James'],199427,2012,False,,0.642,0.648,0.0641,0.605,101.931
7qkEoeNGposBMp9NgQDUHV,Hell and High Water,['Kevin Quain'],186667,2008,False,,0.7390000000000001,0.6409999999999999,0.0429,0.9129999999999999,108.069
0JqgLYBxzFcm9tO5DsRZen,You Can Always Come Home,['Kevin Quain'],202292,2008,False,,0.624,0.39299999999999996,0.382,0.49,112.73700000000001
1n5qkAP0RDYpWj392kc7Zp,Royal Hotel Blues,['Kevin Quain'],310782,2008,False,,0.748,0.395,0.266,0.616,109.054
4APShpgvWNZ0DywJU7vO98,Crazy Little Girl,['Kevin Quain'],163063,2008,False,,0.7090000000000001,0.214,0.853,0.272,87.573
0nE2ec5GbSwFqmOPjrHrG8,Hey Mary,['Kevin Quain'],223252,2008,False,,0.674,0.693,0.0095,0.8140000000000001,122.053
4vnd9ZOZkjtxOsVQHmbqEh,This Happy Home,['Kevin Quain'],312879,2008,False,,0.426,0.249,0.727,0.177,77.67699999999998
2cG5Wf8dEniIYRjCvDFjMx,You Old Devil,['Kevin Quain'],285724,2008,False,,0.46299999999999997,0.22699999999999998,0.652,0.253,144.019
5C7US8DUzrMAA9tmUUP3TR,Emperor's New Sweater,['Kevin Quain'],354186,2008,False,,0.5379999999999999,0.303,0.442,0.10800000000000001,86.045
5NOIc4JDZS4U4M0W7GDonI,King in Yellow,['Kevin Quain'],294740,2008,False,,0.4970000000000001,0.1,0.853,0.32899999999999996,118.455
7E2riOSoCfEtEIDWkJyQNm,The Devil and St. Mary,['Kevin Quain'],307787,2008,False,,0.47700000000000004,0.5379999999999999,0.00466,0.395,170.955
7cfhcXqDcaEApt5RYwOFAu,Winter in Babylon,['Kevin Quain'],353376,2008,False,,0.485,0.309,0.209,0.205,75.25
7zmCHxSV2lxKp5qrLbTnsX,Balm in Gilead (feat. Mary Margaret O'hara),"['Kevin Quain', ""Mary Margaret O'Hara""]",149266,2008,False,,0.27899999999999997,0.11199999999999999,0.882,0.266,80.939
7Hy7M78KM6K9poWtipujzR,Moonbeam Blues,['Kevin Quain'],195128,2008,False,,0.644,0.20199999999999999,0.7440000000000001,0.341,99.824
3iBDx2eB7DuF9K9f4P52M9,Der Halbwilde,['Helmut Qualtinger'],181333,2006,False,,0.735,0.242,0.7440000000000001,0.5589999999999999,122.334
4dmtTRkL48JT3E35zYyO8a,Der Bundesbahnblues,['Helmut Qualtinger'],201293,2006,False,,0.688,0.292,0.8590000000000001,0.624,113.882
2qt9u2LjfTzqMH0g1Drwyz,Weil mir so fad is,"['Helmut Qualtinger', 'Karl Hackenberg']",339400,2006,False,,0.674,0.24600000000000002,0.8,0.568,86.488
4FUlKKexT8PNtSOCZ7lgCc,Der Jedermann - Kollapso,"['Helmut Qualtinger', 'Rosemarie Thon', 'Karl Hackenberg']",176973,2006,False,,0.6609999999999999,0.183,0.65,0.429,122.553
0O9lV48G8kmsCLyaiCuqPy,Die alte Engelmacherin,['Helmut Qualtinger'],304867,2006,False,,0.5660000000000001,0.109,0.833,0.509,105.29700000000001
2m4El2xc4YPFefS6bEUZD8,Travnicek im Urlaub,['Helmut Qualtinger'],212533,2006,False,,0.6829999999999999,0.0707,0.8240000000000001,0.387,101.62299999999999
7v47gNd85naXjfJtulcAsw,Der dialektische Materialismus - Rock,['Helmut Qualtinger'],197160,2006,False,,0.605,0.297,0.8009999999999999,0.725,84.04
5de9Fbp7bNPq9J0C87oKtL,Einen Juke will er sich machen,"['Helmut Qualtinger', 'Peter Wehle']",351667,2006,False,,0.555,0.242,0.73,0.5820000000000001,82.223
2ktXdvJyVp3yhL3sdeNOTC,Der g´schupfte Ferdl,['Helmut Qualtinger'],202200,2006,False,,0.652,0.375,0.7120000000000001,0.8490000000000001,171.00099999999995
2xazA0JxarkAukoISO2EG4,Travnicek in der Apotheke,['Helmut Qualtinger'],291973,2006,False,,0.67,0.20600000000000002,0.823,0.561,66.471
1nmazX5jdaaDrfhHsvVNuP,Der Papa wird´s schon richten,['Helmut Qualtinger'],313693,2006,False,,0.7190000000000001,0.0916,0.879,0.5660000000000001,116.756
4LEyS2jHtnM8mF3qCkq4eH,Für unser Landvolk,['Helmut Qualtinger'],206333,2006,False,,0.711,0.0749,0.764,0.36,131.291
2hNrbiUr4dkyyD5OTXIRl0,Krügel vor´m G´sicht,['Helmut Qualtinger'],308573,2006,False,,0.44799999999999995,0.19399999999999998,0.787,0.251,109.088
63Ylck8wiqjRt02TMci0Wn,Der Menschheit Würde ist in Eure Hand gegeben,"['Helmut Qualtinger', 'Johann Sklenka']",410333,2006,False,,0.72,0.21100000000000002,0.628,0.38,113.713
5MOOJJEWjYvsNYe86nLdNB,Quit Quitting Only To Quit Again,['Stillwell'],134533,2002,False,,0.342,0.943,1.31e-05,0.33399999999999996,90.87299999999999
3BDYJnrMNdw3zONp5fenOw,Mishaps Happening,['Quantic'],453387,2004,False,,0.831,0.879,0.0322,0.937,122.447
6pV42Ws06ZoUiRAMdjZfKM,Use What You Got (feat. Sonny Apkan),"['Quantic', 'Sonny Apkan']",313667,2004,False,,0.722,0.81,0.00134,0.5529999999999999,118.02
1gfXVtrHhgGGBflM5xdBCN,Sound of Everything (feat. Alice Russell),"['Quantic', 'Alice Russell']",247200,2004,False,,0.804,0.9279999999999999,0.0249,0.5720000000000001,108.038
18pAc53wGw2EREyxb8BL2T,En Focus (feat. Trinidad),"['Quantic', 'Trinidad']",275493,2004,False,,0.7040000000000001,0.805,0.026000000000000002,0.812,90.09100000000001
11HfcJyhlTDJqhDHH2wmCy,Trees and Seas,['Quantic'],293147,2004,False,,0.687,0.659,0.0482,0.613,90.001
7Ipzr58bcy1kiARVu5QaQr,Angels and Albatrosses,['Quantic'],318053,2004,False,,0.703,0.3720000000000001,0.392,0.23199999999999998,144.026
1D3UpgLIeJ039ZivfZDOsE,Furthest Moment,['Quantic'],334733,2004,False,,0.779,0.917,0.00133,0.42,123.03399999999999
4yNTKusnG5r8PS8JRxudfg,Don't Joke with a Hungry Man (feat. Spanky Wilson),"['Quantic', 'Spanky Wilson']",317413,2004,False,,0.794,0.8290000000000001,0.0445,0.8540000000000001,110.006
7fHOOEPQSVbBRQ2B7NlMig,Prelude to Happening,['Quantic'],388107,2004,False,,0.625,0.6829999999999999,0.02,0.45299999999999996,125.024
5n2VoVImdqj0vmVpPnxVKR,When You're Through (feat. Spanky Wilson),"['Quantic', 'Spanky Wilson']",279333,2004,False,,0.807,0.851,0.00202,0.815,116.04700000000001
1VidrgPSin5VMqC0iF13zI,Perception,['Quantic'],284400,2004,False,,0.614,0.9229999999999999,0.000442,0.9179999999999999,178.995
75IP3yl2G9p7JmnCraQ31G,So Long (feat. Alice Russell),"['Quantic', 'Alice Russell']",441627,2004,False,,0.687,0.8690000000000001,0.261,0.956,90.024
2i0pUXJ9xMmPQYDRKzz5Gv,Quelle qu'un qu'est jalous,['Sacaulait'],147468,2001,False,,0.629,0.675,0.188,0.9570000000000001,105.00399999999999
0AgQGtHzVSIMTnUTJFzWhS,O Sole Mio (feat. Peter De Sotto),"['Quartetto Gelato', 'Peter De Sotto']",186667,1994,False,,0.222,0.324,0.885,0.195,80.709
3RPTkuEsTgbmIxB40hH2xl,Quartet In B Flat Major: Ronda-Tempo Di Minuetto,['Quartetto Gelato'],292160,1994,False,,0.20800000000000002,0.201,0.966,0.429,92.20700000000001
5v4aueDAhiv6HAB2gXTW33,Queen In Me,['Julianne'],297560,2007,False,,0.687,0.46799999999999997,0.0907,0.33399999999999996,108.84700000000001
6ymKL4S3rlayVyDNfUL5tn,Introitus,['Qntal'],63467,2009,False,,0.129,0.363,0.9740000000000001,0.0357,174.899
3R750JWyjvLylRfNqkKJP7,Palastinalied,['Qntal'],356693,2009,False,,0.589,0.5920000000000001,0.74,0.601,88.04
2Ji2CrPkeDWG1paC6xm2Lr,Fruhling,['Qntal'],309000,2009,False,,0.568,0.8340000000000001,0.4370000000000001,0.4920000000000001,93.99799999999999
07FhbrNBP5BNRt337QR8iA,Hymni Nocturnales,['Qntal'],310200,2009,False,,0.7879999999999999,0.595,0.38,0.7390000000000001,137.981
7qYmKc1Y65raVhvqUeTXSS,Vos Attestor,['Qntal'],322640,2009,False,,0.624,0.8640000000000001,0.41200000000000003,0.284,127.015
4XGuZKrwK9Pr7BjOkIkaeG,Herbst,['Qntal'],252427,2009,False,,0.242,0.0385,0.991,0.11199999999999999,66.53399999999999
03tfVJgklAKFh0bRYQIwB0,Abaelard,['Qntal'],340133,2009,False,,0.648,0.8540000000000001,0.0565,0.26,119.96
6QV7dOmyWOOK68bKAIJPlM,Virgo Splendens,['Qntal'],339907,2009,False,,0.336,0.295,0.99,0.0852,106.389
1ZSdTgAGmlynZ3kmPGp4TP,Trobar Clus,['Qntal'],308560,2009,False,,0.58,0.9620000000000001,0.136,0.823,131.036
5Us3vBaEmNrmstA7MHPRZx,Sine Nomine,['Qntal'],131800,2009,False,,0.401,0.382,0.9,0.0995,103.611
3CbRZzezDxKQjVIW5f4pEj,Ab Vox d' Angel,['Qntal'],377240,2009,False,,0.386,0.462,0.977,0.40299999999999997,175.757
0R6wPFY4LirbNTtMQCHups,Epilog,['Qntal'],124293,2009,False,,0.4,0.195,0.941,0.0906,75.274
4pueRzs4DJKa2Knpq4c5CY,Overflow - Quanted Mix,['Quanta'],319169,2012,False,,0.68,0.718,0.0010400000000000001,0.349,139.996
0Wq7SMRqHtZUGmLRHSHDn6,Uprising - Real Edit,['Quanta'],359535,2012,False,,0.674,0.9129999999999999,0.00101,0.385,140.029
5qbrckJSgZWy1RnDdXISZx,Quando é Amor,['Eliana'],254107,2004,False,,0.565,0.395,0.3670000000000001,0.151,92.016
51bYJK6EXx6NpRnsIdrPp8,Quando Amor I Begli Occhi (feat. Donna Stewart & Ron Andrico),['Mignarda'],129920,2011,False,,0.35100000000000003,0.0976,0.9790000000000001,0.185,83.04299999999998
0PezHYZPUF6TwZAzJcvyqP,Quanto Sia Lieto Il Giorno (feat. Donna Stewart & Ron Andrico),['Mignarda'],170467,2011,False,,0.429,0.11,0.981,0.35600000000000004,130.339
1VJd7jX3gvrlOSCPJmOHUp,My Safe Harbour,['Quantec'],432480,2011,False,,0.5589999999999999,0.66,0.12,0.315,114.01299999999999
0lhD36d0hhNxW7baufcNud,Quit Jivin’,['Pearly Queen'],159747,2007,False,,0.8029999999999999,0.889,0.5579999999999999,0.597,102.13600000000001
74867PyxNZRjzrt3dDT57u,Mienteme,['Pearly Queen'],163573,2007,False,,0.764,0.424,0.583,0.536,95.07
5d0HiZLIScw9juPd1xd7xG,Move On,['Pearly Queen'],213933,2007,False,,0.6990000000000001,0.735,0.546,0.905,121.18700000000001
6QFZTSphbON8KR6IinYLw9,Alta Mira,['Pearly Queen'],140787,2007,False,,0.606,0.6829999999999999,0.768,0.93,110.906
5zJSf4UPmfUWjz87KRLS5p,Pachanga En Sepia,['Pearly Queen'],202333,2007,False,,0.7609999999999999,0.6679999999999999,0.638,0.938,131.32399999999998
6PIGogVT5mslFvgHjKGb3B,Super Star,['Pearly Queen'],209853,2007,False,,0.685,0.767,0.293,0.757,135.629
73dVFtiNW23jxyM5gxb1o7,El Reloj,['Pearly Queen'],150973,2007,False,,0.627,0.35,0.889,0.511,93.815
7BFzkpFdmLIYA6ZqdvJObu,Jungle Walk,['Pearly Queen'],196867,2007,False,,0.733,0.7659999999999999,0.45799999999999996,0.805,126.219
7t2vG6POSoJ3WcyIra2vGp,To Be With You,['Pearly Queen'],159720,2007,False,,0.51,0.375,0.8079999999999999,0.306,94.478
1mXPE9qkBvDH76W7fN4QFl,Te Esperare,['Pearly Queen'],184067,2007,False,,0.61,0.611,0.242,0.4920000000000001,89.506
4bhSXnc5vthjnyISgOdWr7,Calabaza Calabaza,['Pearly Queen'],237787,2007,False,,0.521,0.825,0.522,0.415,139.81
3JiM8JXQFgWiEg24R4dKSG,Question Mark Dub,['Doof'],509836,2010,False,,0.797,0.8079999999999999,0.188,0.284,109.99799999999999
23B7DFgMc5DqmKTKaPF1UY,Quiksilver,['Boris'],590626,2014,False,,0.113,0.9359999999999999,0.000399,0.13,94.19200000000001
1F3m9ksvRO8YVJJzK1vAmO,No Friends (feat. Quando Rondo),"['Teejay3k', 'Quando Rondo']",196368,2019,True,,0.512,0.428,0.23800000000000002,0.281,149.30200000000005
37azQ1y9fiSbzOaAwmR0Gw,Quimbombo,['PALO!'],139653,2011,False,,0.84,0.833,0.0464,0.861,111.984
4CWVwisQUjP62IuMbc6Bw9,The Ballad of Doctor Stopp,['Worm Quartet'],384640,2012,True,,0.4970000000000001,0.897,0.244,0.5920000000000001,135.168
54LsO7d9Vgp8UbJNlOoKoc,The Laundromat of Sin,['Worm Quartet'],213387,2012,False,,0.71,0.85,0.00242,0.166,130.03
2jz0helfnuVpXkSZzZfrUJ,Less Than Three,['Worm Quartet'],242973,2012,True,,0.389,0.861,0.28,0.855,136.11700000000002
17e2EX4XvNCC9gCJsGRshk,"Goddammit Marc Gunn, Shut Up About Your Cat",['Worm Quartet'],108253,2012,True,,0.653,0.904,0.0349,0.179,127.09200000000001
46HwD6LgsKQudgg1IsWbxk,My Apologies,['Worm Quartet'],146293,2012,False,,0.473,0.8590000000000001,0.754,0.9179999999999999,93.281
5VgbKKaLFVmshXpuvFrlF7,On the Shoulders of Freaks,['Worm Quartet'],159747,2012,False,,0.542,0.461,0.93,0.515,160.012
5cpoWj9z4IjQwa1wMPPvUW,Vampire Penguins (Re-Penged),['Worm Quartet'],222720,2012,True,,0.466,0.905,0.0917,0.506,160.028
4B5GGiMw08FDqVpHuP22v8,The Internet Is a Big Warm Hug for the World,['Worm Quartet'],169000,2012,True,,0.7240000000000001,0.727,0.126,0.5760000000000001,119.96600000000001
43GSxU66V2pPlooOj7OOy8,A Song for Worm Quartet to Sing With Tv's Kyle,['Worm Quartet'],137120,2012,False,,0.963,0.775,0.457,0.995,120.039
6MVihf7U7GKHqj7YcSdcIJ,Addicted to Moderation,['Worm Quartet'],28187,2012,True,,0.42100000000000004,0.988,0.622,0.7829999999999999,152.123
7H5Hd9MeH2zPUm1D80MWFy,A Worm Quartet Christmas,['Worm Quartet'],176040,2012,True,,0.589,0.7120000000000001,0.488,0.613,95.603
2lPnzNcjbtHOuC4fuRWmGb,I Don't Matter,['Worm Quartet'],328413,2012,True,,0.7170000000000001,0.675,0.188,0.9490000000000001,158.024
5f29cXb8zyggVraC0f9Ww6,Kim Kardashian,['Worm Quartet'],7440,2012,True,,0.0,0.7140000000000001,0.384,0.0,0.0
0qVt4y3eFRvvifb3DN4x0C,The Laundromat of Sin (Evil Underwear Mix By Soggy Potato Chips),['Worm Quartet'],225813,2012,False,,0.665,0.998,0.000171,0.561,130.043
3L8SKoN49epkX6IlpT3qQR,27 Merciful Seconds of Silence (Hidden Track),['Worm Quartet'],27000,2012,True,,0.0,0.0,0.0,0.0,0.0
5IaPIyaZbyX54p1g5IewBY,Ain't No Ninjas (Hidden Track),['Worm Quartet'],20027,2012,False,,0.598,0.9229999999999999,0.768,0.971,126.663
4kCK5AiYEvoIiHaMXRjfzI,Steak Bomb,['The Queers'],47853,1994,False,,0.122,0.991,3.25e-06,0.27,201.37
58Xfef7O1bUb8T9IUtEVhw,Drop the Attitude Fucker,['The Queers'],100373,1994,False,,0.449,0.978,0.00134,0.769,143.43
2qkpC7ZexA7FPZv7qiHWj6,You Make Me Wanna Puke,['The Queers'],126747,1994,False,,0.387,0.973,0.000155,0.7959999999999999,110.71600000000001
6exujdIaeF2CdTYfmvkg7k,Teenage Gluesniffer,['The Queers'],164253,1994,False,,0.35100000000000003,0.909,9.41e-05,0.851,112.815
6VOsM0ZHguEfJNWa0DX6dx,Ben Weasal,['The Queers'],136520,1994,False,,0.41,0.965,0.00121,0.688,136.537
7p9t5lnIj89qgK2KMIXR8M,Voodoo Doll,['The Queers'],190547,1994,False,,0.381,0.9129999999999999,0.0421,0.5920000000000001,134.207
5AUHROjYS2LeZW87IOxoh9,Mirage,['The Queers'],175507,1994,False,,0.408,0.929,0.00023999999999999998,0.6779999999999999,142.118
1k2dir8fU9B2OZVUCl9cxP,Grounded,['The Queers'],105440,1994,False,,0.466,0.987,0.000349,0.425,132.54399999999998
67bKWAgZuF9FtHSJoeXHDI,Live This Life,['The Queers'],97547,1994,False,,0.293,0.993,0.000217,0.574,89.85600000000002
1JID6dp6am9dNGrZ2VATrb,Half Shitfaced,['The Queers'],89973,1994,False,,0.233,0.946,0.000234,0.8220000000000001,182.685
3rTNzBqUmgSMKLMOf41iVG,Too Many Twinkies,['The Queers'],74613,1994,False,,0.28800000000000003,0.9279999999999999,9.01e-05,0.853,160.79
0bO8f2rKj3e3OmAeE4vLfg,All Screwed Up,['The Queers'],211093,1994,False,,0.34299999999999997,0.919,0.00015,0.708,154.36700000000005
4QlvnsEeJsFrNhKh3WX85c,My Old Man's a Fatso,['The Queers'],82147,1994,False,,0.373,0.9490000000000001,0.00011599999999999999,0.805,132.961
5deeVRl1OuQMnCx6uTaHP5,Québec gold,['83'],210107,2009,False,,0.9390000000000001,0.7,0.111,0.9540000000000001,95.991
2N2keNlHvgsC9bsZjhh9tE,Man Q Neons,['Metamatics'],401733,2005,False,,0.768,0.785,0.14300000000000002,0.563,121.883
4QiKQsiHyiGvyl13b8q7AE,Qui risque rien n'a rien (avec Mocy),['2faces'],188680,2010,False,,0.738,0.835,0.00859,0.429,98.509
2owNdUDno9hvKUYIstCUN8,Quarter Of A Century,['Tenderhooks'],147120,2007,False,,0.536,0.619,0.0186,0.721,122.241
4bczWL7OZNEbob6mDWgTBB,The End - Thomas Schumacher Reconstructed Mix,['Quazar'],421105,1999,False,,0.767,0.865,0.000357,0.32799999999999996,136.971
7LzePTKyEaCMFINgQobOAV,White Lily,['Quazar'],330867,1999,False,,0.7879999999999999,0.8740000000000001,0.0063100000000000005,0.624,133.253
3WAMChGfCmwzSEYYgZiysn,Queen,['Dennis Driscoll'],168347,2003,False,,0.581,0.255,0.816,0.3,103.085
4P5UYmt0zB2QiqfWXZlvY3,Going Upstairs,['Queen Sylvia Embry'],299893,1980,False,,0.539,0.361,0.311,0.706,188.011
3omiJpUBFikegBy1S2tKQh,Blues This Morning,['Queen Sylvia Embry'],128400,1980,False,,0.696,0.621,0.336,0.905,127.236
56lKmubNOizEcbTqI2krz6,Tired Of Being Pushed Around,['Queen Sylvia Embry'],174333,1980,False,,0.815,0.628,0.0307,0.669,113.863
5F9bNG9u4QSeSSjXwEyv7T,Please Let Me Stay,['Queen Sylvia Embry'],273333,1980,False,,0.659,0.321,0.18100000000000002,0.40299999999999997,97.435
2jkzh2JMAQu24HEAcDC6ir,Quite All Right,['Reatards'],147600,2011,False,,0.256,0.94,0.767,0.0956,97.06200000000001
6L1R7x0Qvy3XkqazoaKcTi,Quinze Anos,['Djavan'],249960,2012,False,,0.664,0.414,0.809,0.382,119.86200000000001
3yfVqEwjpHbLn8UZgNxuqG,Quase Perdida,['Djavan'],239840,2012,False,,0.8029999999999999,0.499,0.7979999999999999,0.6970000000000001,114.963
1Yw6YrQveWqlGd3huyZeZ1,America 1998,['The Quakes'],109400,1996,False,,0.336,0.919,0.263,0.619,146.643
5tdhvUnWlhmnhHkZG3wnIx,Throw It All Away,['The Quakes'],185267,1996,False,,0.496,0.958,0.0115,0.33899999999999997,110.069
3zbkGEGd42vDy8QUhX4XB9,Go-Get Out,['The Quakes'],140667,1996,False,,0.45,0.9359999999999999,0.0303,0.231,111.26
46Ep9hXeRcniHyauOa06hw,Animals,['The Quakes'],144800,1996,False,,0.517,0.8290000000000001,0.158,0.496,61.836999999999996
1MeI0bhLm4OXMjNeJ0F59m,Rocker,['The Quakes'],173933,1996,False,,0.5579999999999999,0.9620000000000001,0.0178,0.7070000000000001,95.396
5SoBEXoqkDLEVPjMkJ2ssj,Tokyo Pretty Boys,['The Quakes'],196400,1996,False,,0.579,0.852,0.0345,0.6579999999999999,105.171
3BldKqCkJdP21x8SQNL1rS,Rockabilly Guy,['The Quakes'],114533,1996,False,,0.789,0.8420000000000001,0.0639,0.887,100.88
4K3lnZ7AjVwRRipixQr64A,Mexicali Baby,['The Quakes'],134400,1996,False,,0.419,0.825,0.0431,0.713,104.059
3PGLPvqle0s3XXmmPjcZAj,My Heads on the Chopping Block,['The Quakes'],157467,1996,False,,0.48,0.868,0.00799,0.311,125.15
7nffkyXRdaLliXVQTvlUh3,Cool to Be a Punk,['The Quakes'],115133,1996,False,,0.645,0.8,0.000558,0.65,118.98100000000001
6DruJxy5wyoUWs8I4z7fUY,Dinosaur in Leather Pants,['The Quakes'],172000,1996,True,,0.441,0.946,0.33899999999999997,0.32,111.09899999999999
2ar7wfNdPUEQkB7KXa84Js,Living on Planet 9,['The Quakes'],124200,1996,False,,0.46799999999999997,0.8190000000000001,0.0761,0.396,130.375
0fbmSuKDTvTRpXkiMVaQC2,Die in This Town,['The Quakes'],135533,1996,False,,0.75,0.7090000000000001,0.593,0.754,118.355
4u6pqgtODaqPpKU9CR07Um,Thrills and Sensations,['The Quakes'],140827,1996,False,,0.499,0.97,0.000654,0.922,159.594
5ho2mQTNy3dq7YSQ5kjW02,Rocker (Demo),['The Quakes'],211987,1996,False,,0.4970000000000001,0.871,0.00731,0.72,174.378
0AYkyxUhra7XuPAsD14GHo,Be My Slave,['The Quakes'],194747,1996,False,,0.7170000000000001,0.757,0.0445,0.8009999999999999,104.55799999999999
5becjqg8HAfDy2uVEvcWon,No Face,['The Quakes'],210947,1996,False,,0.67,0.9109999999999999,0.0323,0.951,103.835
3ukd7bjl4SGQf9GkSRfXPh,Shake Girl,['The Quakes'],237627,1996,False,,0.626,0.9229999999999999,0.122,0.6809999999999999,133.41
3MhzNqo43OxqTDQn93cqZo,Future Shock Rock (Q),['The Quakes'],205440,1996,False,,0.39299999999999996,0.977,0.00534,0.938,186.463
3cO4xz22e5vI6Go2jdN9gr,People Suck,['The Quakes'],119453,1996,False,,0.684,0.645,0.00385,0.727,142.716
6GFbKSze6dFlL5qZov7Gk3,I'm Gonna Hurt Someone,['The Quakes'],179533,1996,False,,0.648,0.8909999999999999,0.0342,0.894,142.672
1Y1Gm8iZBHmUtCxJI9AmPn,Revenge Is Mine (Demo),['The Quakes'],335307,1996,False,,0.461,0.0364,0.00018899999999999999,0.932,101.412
20MtzQC57JOHoKrM1mRogf,Dario Castello: Sonata decima,['Quicksilver'],353547,2011,False,,0.285,0.129,0.851,0.14,136.355
2Lo0IzOc1LSWscNsB84Pw9,Dario Castello: Sonata undecima,['Quicksilver'],306453,2011,False,,0.335,0.10300000000000001,0.8390000000000001,0.204,117.024
0elh1ln0JtkfPw1D4AiOPJ,Giovanni Battista Fontana: Sonata decimaquarta,['Quicksilver'],402187,2011,False,,0.29,0.114,0.9059999999999999,0.249,118.936
6PSKZbLSo4mswlEfqF9x0a,Giovanni Paolo Cima: Sonata a tre,['Quicksilver'],217493,2011,False,,0.233,0.0683,0.688,0.223,100.935
7heg1CNIBH4mP63qYOwfpm,Tarquinio Merula: Ballo detto Pollicio,['Quicksilver'],121347,2011,False,,0.408,0.245,0.8809999999999999,0.573,136.679
42MRXFHAekTrMURUSVtmoc,Antonio Bertali: Sonata no.3,['Quicksilver'],368053,2011,False,,0.261,0.138,0.81,0.126,94.97399999999999
5rht0yDfag9OuXIW27hpAa,Dario Castello: Sonata decimaquarta,['Quicksilver'],408467,2011,False,,0.20800000000000002,0.128,0.9229999999999999,0.23399999999999999,76.851
0BeKoLOnZkHRA7n5UivyII,Giovanni Battista Fontana: Sonata ottava,['Quicksilver'],438387,2011,False,,0.165,0.16399999999999998,0.868,0.273,57.523999999999994
61A4uXgJrg4ssxmKV9XLyb,Biagio Marini: L'Aguzzona,['Quicksilver'],286613,2011,False,,0.281,0.0935,0.768,0.135,117.86200000000001
22pRcvp8xmSxjx1Hdn7Fxm,Dario Castello: Sonata undecima,['Quicksilver'],459200,2011,False,,0.212,0.0894,0.847,0.121,77.335
5txdeIy4SozUMJVXqat4Yj,Tarquinio Merula: Ballo detto Eccardo,['Quicksilver'],165653,2011,False,,0.424,0.218,0.82,0.62,136.79
0rquAd9jnYNeHNIKRWL6Ta,Massimiliano Neri: Sonata quinta à 4,['Quicksilver'],372853,2011,False,,0.349,0.13699999999999998,0.9740000000000001,0.298,128.805
1UqOAZ9XnHKjzhrlf7ekux,Dario Castello: Sonata decimaterza,['Quicksilver'],446893,2011,False,,0.33,0.135,0.91,0.33799999999999997,128.032
0Ja20vj3nGeW9m1XWSp43b,Mi Swing es Tropical - Zeb's Reggae Remix,"['Nickodemus', 'Quantic', 'Zeb']",254906,2005,False,,0.866,0.5820000000000001,0.00718,0.893,99.999
5AHUnzWnPAtWYhkxQN9PQn,Quello,['Zenit'],376467,2001,False,,0.53,0.797,0.0756,0.501,155.026
3gwM3d6rlxBwJ1rQ7pmz6K,Quagmire of Flesh,['Exhumed'],281787,2004,False,,0.297,0.99,5.19e-06,0.136,105.646
2NDkFmeSHpDB2l9KfBQ5Xr,Golden Globe Theme - Quartet Version,"['Yoshiki', 'Quartet San Francisco']",228017,2013,False,,0.10400000000000001,0.20600000000000002,0.815,0.111,89.816
2b6wYCT5LJsuRrMwdmxljh,Not Impressed,"['Molemen', 'Qwel']",144880,2004,False,,0.708,0.7440000000000001,5.42e-05,0.221,87.95700000000002
16zklIkn19ryucl05nF75A,Quiet Hurt,['Sunup'],287922,1995,False,,0.619,0.449,0.16,0.53,124.038
2jpwhF8vm7IuKtD40QFU8t,Quiet Hurt (Bonus Track Live),['Sunup'],279928,1995,False,,0.574,0.525,0.363,0.737,130.077
12ZWpYEBzitWItiHwb2LPv,"Qué Linda Es Cuba / Cuba Sí, Yanqui No",['Banda Bassotti'],212907,2003,False,,0.544,0.7709999999999999,0.124,0.809,132.334
7AQ2id3bgqaixlBGYWw7tD,Sleeping,['Qntal'],286107,2008,False,,0.19699999999999998,0.273,0.902,0.0931,164.27
35yc0NHwHKzEOmibCASxt0,Departir,['Qntal'],333440,2008,False,,0.546,0.674,0.109,0.27399999999999997,137.983
7gjLwoYXpdb0xl0F67YhaG,Slahte Wille,['Qntal'],344333,2008,False,,0.595,0.703,0.0136,0.309,119.986
790OzqyqeRmg6TFEVgKV5F,Translucida,['Qntal'],387213,2008,False,,0.243,0.395,0.149,0.0512,70.96300000000002
4Fz6jeLUaRxO2apQ6nVKhv,La Froidor,['Qntal'],327240,2008,False,,0.585,0.629,0.512,0.23800000000000002,113.035
3ZpmsvhvfWRIA80JH8bmHP,Glacies,['Qntal'],222707,2008,False,,0.444,0.945,0.149,0.688,140.005
0zlkNwa39vf7walzPwunWL,Worlds Of Light,['Qntal'],300600,2008,False,,0.314,0.598,0.608,0.16399999999999998,155.945
6N6sIQMSVT4YwLI4XYShhv,Obscure,['Qntal'],282733,2008,False,,0.579,0.731,0.0626,0.341,120.00200000000001
32iAolvcll7Bf2Y7fq2Cf6,Sumer,['Qntal'],254160,2008,False,,0.5720000000000001,0.898,0.297,0.551,159.97899999999996
7on7kzolWZmDI8RUYWWYPf,Amorous Desir,['Qntal'],264267,2008,False,,0.36200000000000004,0.607,0.0207,0.387,185.00900000000001
1ujBGl0TerLCsKB3WAaIg7,Passacaglia,['Qntal'],255760,2008,False,,0.17300000000000001,0.4370000000000001,0.484,0.0387,140.403
289KDJw2R8WgdoMSbpy2mo,Un vers de dreyt nien,['Qntal'],143400,2009,False,,0.228,0.077,0.955,0.0395,70.86399999999998
4FSqXgqBGS6cvoHqGltF2F,Ad mortem festinamus,['Qntal'],368827,2009,False,,0.754,0.6859999999999999,0.149,0.74,120.037
0LYKwwVR8YW9F0fvgU1Ecj,Anc non lo vi,['Qntal'],49907,2009,False,,0.166,0.077,0.905,0.0727,159.71200000000005
2GLyaMsY4CCczbPnusHKB0,Por mau tens,['Qntal'],256200,2009,False,,0.484,0.767,0.00025299999999999997,0.4370000000000001,109.83
0fGmSEnbRjFyyq07APXxSh,Floris e Blanchaflor,['Qntal'],319800,2009,False,,0.5529999999999999,0.872,0.000147,0.273,108.946
0Oe7Kq2WYLW6FGRQUYFfP0,Unter der linden,['Qntal'],223560,2009,False,,0.22699999999999998,0.0227,0.985,0.139,67.547
5AitZUzAXvJ1zpQzNGiP1R,Rossinhol,['Qntal'],292000,2009,False,,0.4920000000000001,0.341,0.909,0.41100000000000003,126.964
2UWzVshYLjaJKoKyJsov5W,Non sofre Santa Maria,['Qntal'],266800,2009,False,,0.7140000000000001,0.545,0.162,0.188,112.95
7LekDRSAyMS6q41LDEpCcz,Doussa res,['Qntal'],282733,2009,False,,0.107,0.33799999999999997,0.0795,0.0946,93.01899999999999
2PdjaSlStpEYDS2KnKkSOz,Jherusalem,['Qntal'],234307,2009,False,,0.499,0.74,0.183,0.624,119.98899999999999
0a41siC8z66Adh0EgCYIJo,Sanctus,['Qntal'],144627,2009,False,,0.245,0.0509,0.946,0.0316,61.573
6za00TBUbivCON9xU4gguL,Black Death,['Qntal'],661267,2009,False,,0.604,0.475,0.10800000000000001,0.138,140.284
2dlk7NoIBPgVcPugkN8PjT,Elephanta Island,['Quiet Fire'],422680,2012,False,,0.594,0.28600000000000003,0.467,0.299,98.796
4SenvRQAF26OVUbNjdfgmE,Kora's Song,['Quiet Fire'],212373,2012,False,,0.638,0.33899999999999997,0.634,0.42,121.259
2Hfxwqz9B3CpRAV2VoXHQg,Emerald Flames,['Quiet Fire'],307133,2012,False,,0.5379999999999999,0.449,0.389,0.484,135.91899999999998
0Sg0QlgW94PnxWsHWofR3j,Twilight,['Quiet Fire'],505347,2012,False,,0.5379999999999999,0.45,0.31,0.20600000000000002,97.32700000000001
1X3sHdIvMp5p3Hf7bVJytB,Interlude,['Quiet Fire'],208293,2012,False,,0.46,0.6629999999999999,0.828,0.674,164.614
3KKqmQpx0swkdIm8k0SzXX,Jarjuna,['Quiet Fire'],509720,2012,False,,0.488,0.35,0.703,0.11800000000000001,94.137
0AlXkmzI38Yca8eWZ07nLY,Delta,['Quiet Fire'],423933,2012,False,,0.5760000000000001,0.435,0.6459999999999999,0.76,155.025
6CWnTMwwaUgO0H1ZoVDAn1,Alone Together,['Quiet Fire'],413560,2012,False,,0.665,0.34,0.8009999999999999,0.23399999999999999,116.994
1LUxZfiqDKeKaiPjDb7W9I,Quist,['Quiet Fire'],252107,2012,False,,0.5529999999999999,0.5720000000000001,0.541,0.503,124.84899999999999
5yjoeWVHG0PLQh74EFG0Ue,Que sera sera,['Ima'],225093,2007,False,,0.684,0.47600000000000003,0.594,0.5429999999999999,112.10600000000001
0ru9Zx2R7SyTb3s4dyN1MB,Quelle Heure Est-il?,['Tomcraft'],218853,2006,False,,0.711,0.7859999999999999,0.00207,0.45799999999999996,133.045
7pwMWrJOPqlRVWKHiKBsZE,Perfect Combination,"['Buju Banton', 'Queen Omega']",238133,2004,False,,0.728,0.691,0.128,0.695,81.168
4SLF9XoKaFRHyJmBJm7RMi,We Will Rock You - Radio Edit,"['Five', 'Queen']",188592,2001,False,,0.552,0.857,0.0179,0.414,179.90900000000005
7pf4fveVxB7uQQhP9sYOSO,Greatest Hits Megamix - Jewels & Stone Remix,"['Five', 'Queen', 'Steve Mac', 'Stargate', 'Cutfather & Joe']",658100,2001,False,,0.4970000000000001,0.883,0.0366,0.61,101.992
02mI3FyuloH76pRHy6dpEK,Qualcosa Cambierà,['Giorgia'],242800,2001,False,,0.341,0.655,0.446,0.18600000000000005,82.42299999999999
4IaUN0nG5A0ICaDN6YzLWa,7 Swings,['Dirk Quinn Band'],460640,2012,False,,0.56,0.614,0.526,0.488,100.176
3l0YOfy5Krq0i4RmB6kYdD,Hello World,['Dirk Quinn Band'],47760,2012,False,,0.465,0.523,0.402,0.27899999999999997,128.482
3R6Je4fuMWEwLQ2tknNTHN,Evil Birdman of Funk,['Dirk Quinn Band'],560760,2012,False,,0.45,0.831,0.0767,0.55,109.08200000000001
3uHXonT22O8qcfAE0ktRAc,Macadam Song,['Dirk Quinn Band'],728013,2012,False,,0.386,0.777,0.309,0.384,127.415
3Np5kfZkrJodUAnnEpmFQj,Mikey's Horse,['Dirk Quinn Band'],161773,2012,False,,0.45799999999999996,0.0991,0.978,0.187,141.548
44dfwtHmaMFZTRwJVBl0cd,The Great Gig in the Sky,['Dirk Quinn Band'],288573,2012,False,,0.41100000000000003,0.272,0.6579999999999999,0.28300000000000003,114.51899999999999
12E0lwBhLZAa0fVW2Yonlh,Happy Birthday Dave!,['Dirk Quinn Band'],82027,2012,False,,0.336,0.209,0.809,0.10300000000000001,96.624
1DACWwME4Ax7vD0lhfo8qi,Eve,['Dirk Quinn Band'],781787,2012,False,,0.33299999999999996,0.8370000000000001,0.0352,0.505,96.178
7Ggu1THHixX9AsgYvYbDoQ,Rainy Friday,['Dirk Quinn Band'],665200,2012,False,,0.47600000000000003,0.7190000000000001,0.145,0.43799999999999994,100.134
0ETSxBbHK1d7gAO1Xcf2zD,Beef Dirky and the Tale of the Invisible Hacky Sack,['Dirk Quinn Band'],172000,2012,False,,0.363,0.249,0.971,0.22399999999999998,100.087
79zXXwyewPNqd5cwKK1ZU6,O.U.R (A Short One),['Dirk Quinn Band'],78493,2012,False,,0.804,0.7709999999999999,0.135,0.66,102.101
216r4JlGhWgCC26H6SpQaC,Fly Eagles Fly,['Dirk Quinn Band'],49520,2012,False,,0.626,0.505,0.8270000000000001,0.7709999999999999,79.525
62yI81E1ZUm8xQFyxhPdBQ,Escalator (Temporarily Stairs),['Dirk Quinn Band'],668947,2012,False,,0.478,0.909,0.0367,0.732,131.204
2HtggUzKVjtFSnXEBaT2Ci,Queen of Varja Space,['Mystery'],575760,1998,False,,0.245,0.746,0.00121,0.292,135.44299999999998
5OuKxa0Un5AK64cu7NwFZV,"Questions, Questions, Questions?",['SNFU'],149867,2000,False,,0.319,0.5720000000000001,0.0156,0.39799999999999996,90.48100000000001
4XlS3RtNcJT0Mce0o7qaCm,Quentin Tarantino Can Act!,['SNFU'],884600,2000,False,,0.345,0.12,0.3720000000000001,0.36,67.292
2jUk0ybC6UObOWV8NnUuYm,Qlocker,['Veell'],218987,2011,False,,0.573,0.892,0.17,0.183,117.015
1KK5YkwRFHixhUPfNLtES8,Below The Waist,['Queen Ifrica'],214400,2007,False,,0.562,0.755,0.375,0.39399999999999996,82.639
0vpATeQp7EXFqcJXBrNKGg,Einleitung (Struwwelpeter I),"['Helmut Qualtinger', 'Kurt Sowinetz']",46667,2006,False,,0.48700000000000004,0.45,0.774,0.203,111.568
2hoMpK8HAAdvjfQHgnvSwF,Die Mordthat auf der Mölker Bastei,"['Helmut Qualtinger', 'Kurt Sowinetz']",189493,2006,False,,0.611,0.154,0.8640000000000001,0.586,109.213
3kO7AfQ1XFShfm4qKpt3Qr,Der Raubmord auf der Wieden,"['Helmut Qualtinger', 'Kurt Sowinetz']",150240,2006,False,,0.716,0.14800000000000002,0.664,0.705,117.535
0YKf3I1F2e4Sj2pbekFQGo,Das Hochwasser im Jahre 1862,"['Helmut Qualtinger', 'Kurt Sowinetz']",179267,2006,False,,0.66,0.125,0.65,0.575,98.008
50TPR69mRYlWQ3Q5yXoBGx,Die Aeltern als Sohnesmörder,"['Helmut Qualtinger', 'Kurt Sowinetz']",349667,2006,False,,0.5529999999999999,0.19399999999999998,0.8170000000000001,0.8390000000000001,162.89700000000005
02K9CSns9zSHV6OwFgux2Y,Der Muttermörder als Selbstmörder,"['Helmut Qualtinger', 'Kurt Sowinetz']",292560,2006,False,,0.451,0.12,0.8909999999999999,0.46,81.16199999999998
0X1yVZU8lH7JJnDlZ8vkCI,Absage (Struwwelpeter II),"['Helmut Qualtinger', 'Kurt Sowinetz']",67333,2006,False,,0.47100000000000003,0.62,0.813,0.0811,109.984
6YxeoA4GiwzXUvh80zBQQY,Neuerliche Einleitung (Struwwelpeter III),"['Helmut Qualtinger', 'Kurt Sowinetz']",64773,2006,False,,0.4270000000000001,0.479,0.79,0.36,82.742
5VhPKYIZa3WrIRLRHFeLrY,Die Mädchenmörder Hugo Schenk & Karl Schlossarek,"['Helmut Qualtinger', 'Kurt Sowinetz']",485827,2006,False,,0.639,0.0705,0.725,0.667,87.70200000000001
6osqySTaRDeT40CS9sn31b,Der Raubmord in Mariahhilf,"['Helmut Qualtinger', 'Kurt Sowinetz']",145440,2006,False,,0.732,0.129,0.649,0.7609999999999999,88.09
64pFtrdM0LlpGrpNW5W5g3,Der Doppelmord aus Eifersucht,"['Helmut Qualtinger', 'Kurt Sowinetz']",184560,2006,False,,0.49,0.142,0.915,0.665,96.49
2EjrHUP3QPpKQRVNRSIsAt,Des jungen Raubmörders Selbstgespräch im Kerker,"['Helmut Qualtinger', 'Kurt Sowinetz']",267507,2006,False,,0.63,0.235,0.738,0.494,102.258
27PvqRHB8ARBRXY7JAIEEA,Der grauenvolle Lust-Mord im Erdölgebiete zu Nieder-Donau,"['Helmut Qualtinger', 'Kurt Sowinetz']",197067,2006,False,,0.638,0.12,0.7440000000000001,0.527,86.398
7LSi8K3ZgMOPma6mzhC3yH,Endgültige Absage (Struwwelpeter IV),"['Helmut Qualtinger', 'Kurt Sowinetz']",60267,2006,False,,0.589,0.45399999999999996,0.773,0.193,57.105
7wJs3Y9Pxz2vgDmNypFQzN,James Lee's Wife: By the fireside,"['Duke Quartet', 'Graham Johnson', 'Catherine Wyn-Rogers']",189760,2002,False,,0.257,0.1,0.975,0.0762,164.09799999999996
114ZHF4YLNXTPN2B9yLUZH,James Lee's Wife: On the cliff,"['Duke Quartet', 'Catherine Wyn-Rogers', 'Graham Johnson']",273800,2002,False,,0.24600000000000002,0.0792,0.9840000000000001,0.0947,170.144
7rhLym8lmUiGhhjVs40zFr,James Lee's Wife: Among the rocks,"['Duke Quartet', 'Catherine Wyn-Rogers', 'Graham Johnson']",210000,2002,False,,0.204,0.136,0.9740000000000001,0.0758,176.06099999999995
38Nal4hQQUOs79e1aZ81zn,*,['Quasi'],15107,2013,False,,0.0701,0.0382,0.563,0.0,182.554
4VYc3YLZ6HRYKPz2CLdJPq,You Can Stay But You Gotta Go,['Quasi'],213213,2013,False,,0.237,0.91,0.264,0.614,146.834
38OYFV1DFgxedXKmEkoAPA,See You on Mars,['Quasi'],187560,2013,False,,0.376,0.8909999999999999,0.0349,0.429,124.624
5pooqUgvEvGJTBDY3I0Drd,Blasted,['Quasi'],182973,2013,False,,0.201,0.96,0.000113,0.24,144.911
3iGY0eKEizCeIWsMCBsBup,Chrome Duck,['Quasi'],65320,2013,False,,0.233,0.691,0.149,0.128,102.60799999999999
3bq7jp8JoaKL9Ju4vDODcy,Chumps of Chance,['Quasi'],193680,2013,False,,0.442,0.204,0.937,0.21600000000000005,125.07
28sIqaP14smAowkcuLiBJq,Fat Fanny Land,['Quasi'],174613,2013,False,,0.34700000000000003,0.828,0.107,0.484,162.438
1YeS3X9Q5EFbQmu9hDSIpC,Nostalgia Kills,['Quasi'],192480,2013,False,,0.255,0.7120000000000001,6.75e-05,0.40399999999999997,130.017
23Al4VCOYqdgz8j3jYhrMa,R.I.P.,['Quasi'],124453,2013,False,,0.37799999999999995,0.163,0.937,0.303,79.992
3USJBFO5o8JhLS3hWsTCtE,Headshrinker,['Quasi'],275347,2013,False,,0.653,0.767,0.489,0.275,120.945
32GHepbsvQEnO5lZN5aJAZ,Bedbug Town,['Quasi'],204107,2013,False,,0.474,0.6859999999999999,0.24100000000000002,0.46,113.28299999999999
2wMr9Um7ccF2DPRed61xSt,The Goat,['Quasi'],208893,2013,False,,0.318,0.8859999999999999,0.154,0.445,125.345
4I9fg3Rd4Y0MHiQm5dqWX1,Geraldine,['Quasi'],239760,2013,False,,0.32299999999999995,0.33299999999999996,0.374,0.165,145.034
1AganoytIeRpMjprjlSfSC,Loopy,['Quasi'],33333,2013,False,,0.153,0.359,0.898,0.21600000000000005,76.533
6FRnDvcZQkp12R27Xr6YlB,Double Deuce,['Quasi'],127240,2013,False,,0.18600000000000005,0.9740000000000001,0.242,0.272,163.755
35NmvEBR1Lm4E0pzbLeLg1,Gnot,['Quasi'],77347,2013,False,,0.213,0.902,4.820000000000001e-05,0.309,211.11700000000002
5Fh5cwc4vUAwluBHJmzdOz,Dust of the Sun,['Quasi'],265893,2013,False,,0.129,0.402,0.311,0.214,98.84200000000001
3Dt4GTBUrHPw8UEh8NNMaJ,Mole City,['Quasi'],44440,2013,False,,0.513,0.23,0.7859999999999999,0.289,94.21
3gLjPxiKqwTsQQLbvLr9qF,An Ice Cube in the Sun,['Quasi'],140467,2013,False,,0.33799999999999997,0.693,0.0809,0.611,137.73
1XgyURALuMUWhAH1GFmrkT,One & Done,['Quasi'],54960,2013,False,,0.28,0.462,0.16,0.17,180.018
6n89Sh5OefTIRzPRmQGKl8,The Dying Man,['Quasi'],187107,2013,False,,0.32299999999999995,0.5770000000000001,0.462,0.373,119.863
1WvOE3X2OI6THA2o27Bwoz,Clap Trap,['Quasi'],57400,2013,False,,0.585,0.667,0.738,0.335,105.48899999999999
7jsfoswTFQKAHes4Pgl8eD,New Western Way,['Quasi'],354827,2013,False,,0.287,0.627,0.0845,0.193,130.171
77mYaqA5SfbfjJLfLKVuVi,Beyond the Return of the Son of Nowhere,['Quasi'],69507,2013,False,,0.115,0.6809999999999999,0.00595,0.0958,151.137
6WrfdjuzSz8UslBAzimb00,Quicksand,['Viza'],230307,2014,False,,0.449,0.943,0.0221,0.38,157.94299999999996
7I8ugUyl2MXDFW8mp27lfn,Paradise & The Abyss (Intro),['Q-Unique'],109413,2010,True,,0.498,0.777,0.000334,0.539,85.01299999999998
3JrRo5zrLh9cWzEqlta6Gf,Listening Problem,['Q-Unique'],184333,2010,True,,0.601,0.813,0.142,0.764,94.804
7wMf2CzplNKIru2PGnqMC2,Crack Era,['Q-Unique'],149987,2010,True,,0.392,0.87,0.007790000000000002,0.7759999999999999,94.042
3IRGi0MUhPMWoXPZ4lZz6b,Mr. Lopez,['Q-Unique'],246667,2010,True,,0.3670000000000001,0.851,0.10300000000000001,0.247,60.06100000000001
4I1SGGGErtxiON7tHFLUSt,Green Grass,['Q-Unique'],181333,2010,True,,0.608,0.755,0.086,0.7390000000000001,91.524
3kuma0acvLIZ0WvQYvEAsM,Between Heaven and Hell (Prologue),['Q-Unique'],156613,2010,True,,0.754,0.529,0.034,0.742,79.975
2pZ4lAlBLVDbiZRYdWA7vQ,Just Because,"['Q-Unique', 'Ca$his', 'Realm Reality']",248347,2010,True,,0.529,0.9279999999999999,0.000999,0.655,94.637
0L9Kr6z4J5K5sBYJAl4GaY,Man of God,['Q-Unique'],174720,2010,True,,0.375,0.818,0.251,0.611,178.21599999999995
0tlL37NA0sh7kWtn6OrzF2,Questions,"['Q-Unique', 'D.Stroy', 'Freestyle']",242933,2010,True,,0.332,0.941,0.0102,0.8170000000000001,173.937
1t244vzh29K6Jx8B8TD7Ie,On My Block,['Q-Unique'],213627,2010,True,,0.706,0.713,0.267,0.9109999999999999,97.94200000000001
6A0AUqVeIbS2stYbZlSi3T,Conspiracy Theory,['Q-Unique'],251840,2010,True,,0.359,0.95,0.0742,0.765,98.76
59PnhpRElVyGsr24W2EQMi,Gutta Talk,"['Q-Unique', 'Jise']",120667,2010,True,,0.551,0.8390000000000001,0.0542,0.76,87.771
1WveqJaL14UYDN4KH1maj5,Dead Roses,['Q-Unique'],239413,2010,True,,0.627,0.919,0.428,0.833,85.13
7knuIcqNCQA14dlOhAwwJ6,Between Heaven and Hell,"['Q-Unique', 'The Psycho Realm']",214533,2010,True,,0.434,0.917,0.415,0.602,93.57
7dipV1Az2xk150Xt164Hp8,Dark Knight,"['Q-Unique', 'ILL Bill', 'Jise']",108413,2010,True,,0.353,0.851,0.265,0.547,174.39700000000005
3ixk44Qw9y37gyYnwZwYsL,"BK, BX, BK",['Q-Unique'],243653,2010,True,,0.49,0.899,0.00146,0.556,85.977
3gFK9eSvPdbmzraCdntjUb,The Brute Squad,"['Q-Unique', 'Ching Rock', 'Mr. Hyde']",163800,2010,True,,0.639,0.94,0.20600000000000002,0.563,103.494
13qop4QRp3OlMJQbjBkyv6,No Turning Back,"['Q-Unique', 'Jise', 'Slaine']",201280,2010,True,,0.6990000000000001,0.833,0.185,0.439,95.712
7dGBDSnih1MhcfQVf2q3EI,Plexa,['qnp'],262544,2019,False,,0.767,0.723,0.017,0.28600000000000003,139.974
2k3Wei0ZAiZH2O3dosZotA,Quiet Riot,['qnp'],367791,2019,False,,0.597,0.363,0.0323,0.102,199.833
6Z4Pi5ZASZ3kI5fy9d8k7R,Arboreal Nocturnal,['qnp'],294056,2019,False,,0.637,0.37,0.40700000000000003,0.0547,169.949
4wrrnZmD3EdOAr0WjlPehK,Oloid,['qnp'],374594,2019,False,,0.696,0.302,0.0836,0.0506,140.014
3zHS2NbeNjG3RqmZ6dHVRb,Verpeilt,['qnp'],355072,2019,False,,0.648,0.496,0.0015199999999999999,0.0398,99.979
3tjSIkJXmmj00ABmr9V6ON,Absolution (Element of the Ensemble Iii),['Quo Vadis'],343667,1999,False,,0.418,0.882,1.15e-05,0.335,102.15100000000001
7waBlJcBCl8OqnOotEhxNI,Dysgenics,['Quo Vadis'],355093,1999,False,,0.46399999999999997,0.868,2.53e-06,0.43,97.383
4CqDngMWENNVBFbYHx9dLa,Hunter/killer,['Quo Vadis'],318707,1999,False,,0.392,0.8240000000000001,6.66e-06,0.41,101.229
6H8TEm65zHCkHvgymFcugP,Hunter/killer: Endgame,['Quo Vadis'],122827,1999,False,,0.502,0.794,2.29e-06,0.381,104.82600000000001
2C8kvHKDcu6cNCEzomV49q,Let It Burn,['Quo Vadis'],381640,1999,False,,0.35200000000000004,0.894,1.9e-05,0.44799999999999995,143.347
1F3m2QVfvnqxaNOekpDgsL,Dream,['Quo Vadis'],311667,1999,False,,0.418,0.578,0.00042199999999999996,0.258,144.444
7fzoEOwCMdjvELBySWbQsC,On the Shores of Ithaka,['Quo Vadis'],411760,1999,False,,0.332,0.919,2.1e-05,0.289,116.56299999999999
3qTr3FHTfZp7bTJop8OAJh,Night of the Roses,['Quo Vadis'],37640,1999,False,,0.226,0.45,0.000359,0.735,122.171
1pD9wyBOJh1y83a4V6SRpS,I Believe,['Quo Vadis'],308800,1999,False,,0.389,0.866,1.0199999999999999e-05,0.31,110.43
6dOPqLngBfiz1TIUFD9VVe,Point of No Return: Mute Requiem,['Quo Vadis'],243533,1999,False,,0.405,0.948,9.52e-06,0.36,115.89399999999999
1EydOmZ9Yb6QvuVFqj4DU1,Point of No Return: Cadences of Absonance,['Quo Vadis'],312827,1999,False,,0.223,0.16699999999999998,0.000615,0.865,211.981
37WtwAa4PzRprHMp7Esdds,Équinoxe,['C418'],114875,2011,False,,0.436,0.10099999999999999,0.919,0.252,91.154
2AJCBLuFzwFg8VEuPMLRd1,Seven Elizabethan Lyrics: Weep You No More,"['Roger Quilter', 'Barbara Bonney', 'Malcolm Martineau']",138200,2005,False,,0.33899999999999997,0.0526,0.991,0.12300000000000001,67.689
1QVpVzaqw6ox0MbwlaB1vw,Seven Elizabethan Lyrics: My life's delight,"['Roger Quilter', 'Barbara Bonney', 'Malcolm Martineau']",92800,2005,False,,0.32799999999999996,0.12300000000000001,0.9940000000000001,0.312,80.693
7vyEYmom4xeIkr5iSg1Bfz,Seven Elizabethan Lyrics: Damask roses,"['Roger Quilter', 'Barbara Bonney', 'Malcolm Martineau']",71680,2005,False,,0.43,0.0532,0.9940000000000001,0.132,101.355
0uyrbZOtV9bztRxbVMJGef,Seven Elizabethan Lyrics: The faithless shepherdess,"['Roger Quilter', 'Barbara Bonney', 'Malcolm Martineau']",105680,2005,False,,0.445,0.135,0.992,0.425,114.53299999999999
12sXJX9fM0WzWrjwktnNIg,Seven Elizabethan Lyrics: Brown is my Love,"['Roger Quilter', 'Barbara Bonney', 'Malcolm Martineau']",75720,2005,False,,0.35200000000000004,0.0537,0.993,0.129,70.836
5vaWko35ae5f4bFJT4LQ7m,Seven Elizabethan Lyrics: By a fountainside,"['Roger Quilter', 'Barbara Bonney', 'Malcolm Martineau']",164040,2005,False,,0.34299999999999997,0.0544,0.9940000000000001,0.0635,125.72
3Kl6JZKI2OkZ1g6PVCPtV1,Seven Elizabethan Lyrics: Fair house of Joy,"['Roger Quilter', 'Barbara Bonney', 'Malcolm Martineau']",122640,2005,False,,0.373,0.19699999999999998,0.993,0.0849,67.285
4AnEAzAqCI90byH4ac8qX3,Vital Signs 2000,['Quo Vadis'],191227,2001,False,,0.479,0.866,4.01e-06,0.385,101.29700000000001
3evEdnCuJSSJO3B6lRuzvx,As One,['Quo Vadis'],247253,2001,False,,0.33799999999999997,0.941,2.02e-06,0.511,154.041
1UVegDdKTWcpQImVoIQjm6,The Hunted (Hunter/Killer Remix),['Quo Vadis'],231933,2001,False,,0.368,0.45,1.33e-06,0.391,101.06
3RX3eYdRxqm5MI6hoV3IAc,Dysgenics,['Quo Vadis'],369960,2001,False,,0.436,0.934,0.00011200000000000001,0.16899999999999998,101.132
6DSryUhpz2uBTHwzNSBP0c,Point of No Return: Mute Requiem,['Quo Vadis'],329893,2001,False,,0.353,0.945,5.770000000000001e-05,0.154,111.235
6nabaoRQqXiQruHeCD979v,Element of the Ensemble (Demo95),['Quo Vadis'],176493,2001,False,,0.217,0.966,0.00011499999999999999,0.17800000000000002,99.054
5WYYlq6s8KP2DSOeU8Yh3k,Sons of Greed (Demo95),['Quo Vadis'],322227,2001,False,,0.223,0.9670000000000001,3.96e-05,0.193,130.119
47kUA2rbAHk5nxeKPk2J0R,Vital Signs (Demo95),['Quo Vadis'],301653,2001,False,,0.21899999999999997,0.752,0.00108,0.122,90.405
5RlcSWorgUaAjgMU8SDIdm,Sadness (Demo95),['Quo Vadis'],285000,2001,False,,0.48,2.0300000000000002e-05,0.361,0.255,215.18900000000002
4wSo89RaiIn5DbTAbCHvfZ,Quazanunendr,['Xlarve'],230218,2011,False,,0.618,0.963,0.000136,0.961,139.981
27edXpLgt8FwRvs4i0kvjR,Quantum Bass (Newair Trance Mix),['Xlarve'],293546,2016,False,,0.396,0.8690000000000001,0.11,0.20800000000000002,143.999
26pgV3ncKFmKL4Fqdu1P4d,Quantum Bass,['Xlarve'],210430,2016,False,,0.41100000000000003,0.885,0.102,0.228,144.0
0o1fNTEiy30DH6PFkb0CbL,Quen A Omagen,['Erutan'],290490,2014,False,,0.53,0.22,0.919,0.0538,129.886
7viIDZed7SbT2VTQOhnCE8,Questa Sunset,['Dent'],204893,2009,False,,0.4970000000000001,0.317,0.802,0.20600000000000002,98.41799999999999
3xXFxGP44nqhSoS75mxaLK,Cloud,"['QWER', 'Bloody Web']",147023,2018,False,,0.653,0.631,0.0633,0.42,130.97799999999998
2uuz1F0yqSe7IwGMNNLYGA,Guide You,"['QWER', 'Bloody Web']",166056,2018,False,,0.395,0.562,0.114,0.159,141.899
28HBSJcw8wOq7p4f9Wh0Y3,Silence,"['QWER', 'Bloody Web', 'Mckdaddy']",182250,2018,False,,0.635,0.578,0.37,0.16699999999999998,80.005
0FNGASM2tV55Ec2kBTgVXJ,S2,"['QWER', 'Bloody Web', 'Young Stone']",150000,2018,False,,0.8009999999999999,0.578,0.00432,0.292,108.031
1ASNxDHmt0mfMuoAS8kvqQ,Quand l'amour s'en mêle,['Bernadette'],187280,2009,False,,0.731,0.835,0.0853,0.867,116.055
1foSk7fZUjt3nq9FRjlnYt,Take Me Out,['Masha Qrella'],169093,2012,False,,0.639,0.483,0.474,0.327,97.087
497RnTP3NBrZYGtguW0At6,Hawaii,['Masha Qrella'],215187,2012,False,,0.599,0.631,0.0182,0.32799999999999996,114.344
2KeWvsUijlSepXk2X0QNgQ,Crooked Dreams,['Masha Qrella'],219627,2012,False,,0.5,0.727,0.038,0.501,146.776
0KTV3p9eoRoxwz5f0Q60Rr,Fishing Buddies,['Masha Qrella'],197733,2012,False,,0.604,0.462,0.0968,0.568,115.15100000000001
0Cpgn9d9SSM4Dw7LkWrM5O,Last Dance,['Masha Qrella'],256533,2012,False,,0.589,0.679,0.26,0.64,108.07
15io2rrcYLwoKKsUbzVzJ9,One Step,['Masha Qrella'],273640,2012,False,,0.522,0.652,0.00411,0.42,148.029
6mur1wKrP1ft0GGM8L24Bg,Take Your Time,['Masha Qrella'],233053,2012,False,,0.682,0.303,0.696,0.33899999999999997,177.93599999999995
2sMQ0djLJyJ5C7bIvRImSG,Call My Name,['Masha Qrella'],252440,2012,False,,0.555,0.513,0.332,0.525,86.686
4WbrZKRmK6oG0NRgah5yyf,Bluebottle,['Masha Qrella'],245520,2012,False,,0.545,0.624,0.0135,0.544,133.249
1sr47a7gFzvK1rxIGgOKdg,Fishing Buddies - Brokeback-Version,['Masha Qrella'],177280,2012,False,,0.612,0.584,0.231,0.474,112.02600000000001
2Y2W9BM4gmUQmtYYyL2zRP,"Piano Quintet No. 1, H. 229: I. Poco allegro",['Martinů Quartet'],315653,2007,False,,0.255,0.115,0.981,0.126,80.374
2gG1Uy5jwAo10sVOKHJK9y,II. Andante (poco moderato),['Martinů Quartet'],257787,2007,False,,0.19,0.044000000000000004,0.956,0.0544,110.64399999999999
6GihkTw99gddLZJKeXFwWe,"Piano Quintet No. 1, H. 229: III. Allegretto",['Martinů Quartet'],237000,2007,False,,0.4270000000000001,0.17300000000000001,0.97,0.598,110.199
5dqX6ebXgpVCA55jflh3y5,"Piano Quintet No. 1, H. 229: IV. Allegro moderato",['Martinů Quartet'],265547,2007,False,,0.369,0.172,0.9670000000000001,0.231,125.56
6vWSquVSSKfzxCyUgCUdVP,"Piano Quintet No. 2, H. 298: I. Poco allegro",['Martinů Quartet'],386027,2007,False,,0.34,0.19899999999999998,0.9840000000000001,0.111,114.667
09ZwpTJ5ZVRs9G3Ref7DmX,"Piano Quintet No. 2, H. 298: II. Adagio",['Martinů Quartet'],446600,2007,False,,0.17300000000000001,0.0458,0.9670000000000001,0.055999999999999994,83.199
6YhHCtSMgo8pJR3FSQaA02,"Piano Quintet No. 2, H. 298: III. Scherzo - Poco allegretto",['Martinů Quartet'],365240,2007,False,,0.369,0.177,0.977,0.3670000000000001,80.801
1ePwyDlhUycTGW0kyupBbx,"Piano Quintet No. 2, H. 298: IV. Largo - Allegro (non troppo)",['Martinů Quartet'],510533,2007,False,,0.12,0.071,0.973,0.0385,68.983
6r6leYw6jEdA7Z1Z3zr87t,"Sonata for 2 Violins and Piano, H. 213: I. Allegro poco moderato",['Martinů Quartet'],271893,2007,False,,0.41700000000000004,0.21600000000000005,0.972,0.41100000000000003,111.615
5mikPiRWi5I2FyXLF3qkud,"Sonata for 2 Violins and Piano, H. 213: II. Andante - Allegro",['Martinů Quartet'],454720,2007,False,,0.303,0.20199999999999999,0.963,0.0991,122.556
0ds4hO8bU8HWYs4ix7XYec,Beautiful Raw,['Qwel & Maker'],241348,2013,True,,0.409,0.8540000000000001,0.0521,0.583,82.325
4tzGjr6op7aTlGWkHIVNFw,Long Walkers,"['Qwel', 'Maker']",299456,2013,True,,0.562,0.877,0.000709,0.609,84.36
7EVXDKovicqmB8JH30oFWm,En Garde (feat. Qwazaar of Typical Cats),"['Qwel', 'Maker']",299381,2013,True,,0.657,0.981,0.47,0.426,97.031
27QC7LpvcGR4yC0smimEEW,Wreck Room,['Qwel & Maker'],262040,2013,True,,0.368,0.7390000000000001,0.0985,0.3,175.47799999999995
7Em5YKOYi0biAkYmyIKiqk,Pilfer (feat. The Grouch & Swamburger),"['Qwel', 'Maker']",256000,2013,True,,0.5539999999999999,0.945,0.124,0.474,89.571
2IGUn8nHucjCMD5YNVfd0i,On One,['Qwel & Maker'],259070,2013,True,,0.601,0.898,0.0696,0.57,85.99600000000002
0A5vN844UEFdQ9Q72XNTj8,Lake Effect,['Qwel & Maker'],295700,2013,True,,0.585,0.884,0.10800000000000001,0.4,81.977
1MOUjdisWp4Tlbtth7pH0N,Broken Pendulum (feat. Scud One),"['Qwel', 'Maker']",276522,2013,True,,0.701,0.7340000000000001,0.27,0.415,91.52
3GjZAHJ861Pc3ybLA1U2sb,Through the Sidewalk (feat. Wes Restless),"['Qwel', 'Maker']",211255,2013,True,,0.745,0.825,0.6629999999999999,0.66,91.99799999999999
00ok6vIZGJMwdJDhuwHqBt,New Cents,"['Qwel', 'Maker']",233593,2013,True,,0.6759999999999999,0.887,0.41100000000000003,0.726,90.005
5j3t8Gg84GwTXAwtVxMHFh,Abracadabra,['Qwel & Maker'],289546,2013,True,,0.5720000000000001,0.8809999999999999,0.322,0.708,89.929
4LbrXvpfhOWubgGWz9T0p6,If I Could Sing,['Qwel & Maker'],248268,2013,True,,0.615,0.753,0.0329,0.31,86.023
1TVEmhGsqwh1QIwPE8cour,Keep It Movin',['Qwel & Maker'],226998,2013,True,,0.366,0.903,0.444,0.494,84.975
5qqCsqbcC47g9m14O0yZ7q,Reach for the Sky,"['Qwel', 'Maker']",215730,2013,False,,0.544,0.951,0.136,0.233,89.03299999999999
7vgonAaSOKQa3bflFrXyYL,Alien,['Qlank'],249600,2020,False,,0.8540000000000001,0.509,0.0541,0.265,125.035
4ukbP6ze5IDCZLuBeiohpV,Ain't For Luck,"['Qlank', 'Dread MC']",248640,2020,True,,0.841,0.835,0.0073599999999999985,0.539,125.023
3q5h7H66PlwdZofR9mG6n5,Ohh,['Qlank'],230400,2020,False,,0.932,0.755,0.009309999999999999,0.595,125.038
0zAgJDywiDCjMb946biIAv,Issues,['Qlank'],247742,2020,False,,0.927,0.679,0.0158,0.327,123.993
04JMkrdPZDiWjITsPOoccO,Body Bleeding (feat. Que),"['Dubee', 'Que']",298720,1999,False,,0.7809999999999999,0.674,0.0371,0.693,167.96900000000005
2cxn8oCmtXrE2PoyMzuRDL,擬態,['Calmando Qual'],68360,2012,False,,0.326,0.385,0.995,0.04,102.01799999999999
0H0I4HmbacCgk4mS2E37yn,死よりも深い死の中で,['Calmando Qual'],194240,2012,False,,0.4320000000000001,0.905,0.0144,0.828,195.09900000000002
4CWCg4CRfRCv5uUqv3oWaq,Scissors,['Calmando Qual'],222293,2012,False,,0.519,0.955,0.00293,0.53,100.01299999999999
5D7jAMUWQwra6f8qqG4P7U,堕チ逝ク闇カラ,['Calmando Qual'],240960,2012,False,,0.486,0.9490000000000001,0.0011099999999999999,0.3670000000000001,92.959
1yYF7A7owtJ0Qwx4uWjFqP,抜け殻,['Calmando Qual'],188027,2012,False,,0.47200000000000003,0.514,0.000892,0.0963,105.162
1G01jCLOvhLNK8dctlqiFC,Re:Born,['Calmando Qual'],211333,2012,False,,0.51,0.985,0.00135,0.32799999999999996,97.545
2QkdjMfbMMh5x4VKRgCoEj,歪,['Calmando Qual'],278653,2012,False,,0.537,0.88,0.0381,0.485,132.91
1fz2T56ZAvZhaWvEDhdyry,闇の中の黒い猫,['Calmando Qual'],248347,2012,False,,0.385,0.912,0.0007480000000000001,0.627,179.023
15pXAbONWWAlSrEZixBrLH,空中ブランコ,['Calmando Qual'],300320,2012,False,,0.45899999999999996,0.7659999999999999,0.00479,0.11,128.982
0V3VhTuHrxrfB4vBv8uFaZ,追憶,['Calmando Qual'],65107,2012,False,,0.113,0.265,0.995,0.04,218.47400000000002
40WtGAmcR8niiEKA44GTNT,Rockaway Beach,['The Queers'],137240,2003,False,,0.358,0.7909999999999999,4.5e-05,0.364,99.77
5cHjDeVcywy0SnHAvBA0rS,No Tit,['The Queers'],85307,2003,False,,0.273,0.9179999999999999,6.56e-05,0.406,78.95
6015sjvK9TLZeiavNYYBKK,Brush Your Teeth,['The Queers'],72333,2003,False,,0.20199999999999999,0.9229999999999999,0.000131,0.21600000000000005,164.082
7Fv6spqqdLcWZVxtMBtQDJ,I Want Cunt,['The Queers'],26080,2003,False,,0.142,0.9470000000000001,0.000132,0.212,163.167
403NZcT1rQEsyYRfZnYAlu,Monster Zero,['The Queers'],112093,2003,False,,0.121,0.912,1.75e-05,0.255,154.211
5xdvp8lFzc6XEsLXpiehF3,This Place Sucks,['The Queers'],41587,2003,False,,0.22,0.888,6.459999999999997e-05,0.46,160.184
4yeFCOQDG4pT64NUibek0I,You're Tripping,['The Queers'],103800,2003,False,,0.187,0.8959999999999999,3.2e-06,0.267,154.32299999999995
30cub7MhK0OPUd530WS3FL,I Live This Life,['The Queers'],110667,2003,False,,0.147,0.884,0.000129,0.335,157.545
5BYQyWl6YXTHZuXZ6IBCly,Surf Goddeses,['The Queers'],177013,2003,False,,0.17300000000000001,0.63,0.000118,0.665,149.485
5DQPqoc2J1SeLFh0xU2iNq,Blabbermouth,['The Queers'],64613,2003,False,,0.215,0.965,5.24e-05,0.0712,157.06
1HyIuMfFygY80jW5rLbQAx,Kicked Out Of The Webelos,['The Queers'],54587,2003,False,,0.11800000000000001,0.9670000000000001,0.00028700000000000004,0.1,156.793
5hAucOlICYcqvhrJhi0P4I,I Hate Everything,['The Queers'],73267,2003,False,,0.21100000000000002,0.888,1.39e-05,0.381,150.235
79fI9YWsN83s97pZmabGAN,Murder In The Brady House,['The Queers'],100333,2003,False,,0.17600000000000002,0.96,0.00014,0.192,146.821
45j2q6l8ASZQ3hrfCqluMy,Like A Parasite,['The Queers'],140520,2003,False,,0.168,0.8740000000000001,0.000471,0.35700000000000004,140.917
5OY4pg4cmbT1jXM7x3rc6S,My Old Man's A Fatso,['The Queers'],79480,2003,False,,0.158,0.847,3.2500000000000004e-05,0.545,151.502
6yG1a11TFVi0BwfwyCIuDV,Fuck You,['The Queers'],54733,2003,False,,0.0874,0.9229999999999999,1.9399999999999997e-05,0.294,172.93599999999995
0NxriymXy6I1FsNccCr2Yi,Teenage Bonehead,['The Queers'],113627,2003,False,,0.33299999999999996,0.87,5e-05,0.469,106.595
3t8WSOeZ9TYipM9ok7ytXl,I Can't Stop Farting,['The Queers'],94773,2003,False,,0.18899999999999997,0.95,1.63e-05,0.183,166.15900000000005
4f6utAnormaIVL4FZCqdkC,Granola Head,['The Queers'],108720,2003,False,,0.066,0.835,5.99e-06,0.451,195.895
4VccOk3AdJIW6vuSIvEUAe,I Will Be With You,['The Queers'],145400,2003,False,,0.268,0.606,0.00492,0.527,162.328
0zDxdapgsi22RN04spDgLW,Yeah Well Whatever,['The Queers'],129627,2003,False,,0.225,0.8390000000000001,0.000773,0.19399999999999998,156.46
5BluJRbR6vbqXWAmGEmS4t,"Love, Love, Love",['The Queers'],143373,2003,False,,0.214,0.909,2.65e-05,0.309,145.08100000000005
2Zr3RkRlnRdqNAjy8TCNBG,Another Girl,['The Queers'],93973,2003,False,,0.301,0.8540000000000001,0.000204,0.40399999999999997,108.529
0mdFl7P4zKBE0wxWV8cdT5,I Only Drink Bud,['The Queers'],116907,2003,False,,0.289,0.763,0.00018,0.359,108.35600000000001
57SBOLB35CKW1WrnDmHby1,Punk Rock Girls,['The Queers'],147787,2003,False,,0.19,0.8490000000000001,0.000168,0.5589999999999999,165.24
0lCLHZmZdgKWk68ae8evM8,Ursula Finally Has Tits,['The Queers'],157960,2003,False,,0.145,0.8240000000000001,6.82e-05,0.212,160.495
3RYofNQr1BC9mHaRUtuAJw,Tamara is a Punk,['The Queers'],112907,2003,False,,0.22399999999999998,0.889,6.05e-05,0.28800000000000003,115.92399999999999
0RvjuCRuvtOajxD8gXIUQJ,I Met Her At The Rat,['The Queers'],143400,2003,False,,0.163,0.9159999999999999,9.499999999999999e-05,0.153,135.264
3xtzAs0iyrjB8LI6TKmB8t,Tulu Is A Wimp,['The Queers'],55920,2003,False,,0.27899999999999997,0.885,0.00015,0.26,130.04399999999998
3ZGp8s0CqBecQeCCz2GYiZ,Fuck The World I'm Hanging Out With You Tonight,['The Queers'],148947,2003,False,,0.17800000000000002,0.909,0.000258,0.32899999999999996,150.957
0DGftUuhM4GPAYG87u3B02,This Place Sucks,['The Queers'],53040,2003,False,,0.174,0.835,0.00020099999999999998,0.349,167.88
5pahUGGncpz354ZwzdYsor,Crevasse,['The Qemists'],258000,2019,False,,0.455,0.961,0.000655,0.498,174.015
6uKlsLMnAPH1i95hVWrq1N,Que Sabe Dios,['Reincidentes'],153867,1998,False,,0.317,0.903,0.0108,0.214,130.695
0TSh8Ax8yGXz11CsUZ0Wze,Q,['7'],79941,2016,False,,0.32299999999999995,0.122,0.986,0.0508,164.515
5m1PoWsX93A8Vk8VRgxewc,Quarter,['Fuel'],220160,2003,False,,0.42100000000000004,0.9359999999999999,0.00011999999999999999,0.217,120.095
1cVMTaR0zeSjxY76qIKa2E,Saludo,['Quinteto Chá'],295560,2003,False,,0.5529999999999999,0.9259999999999999,0.332,0.547,124.01700000000001
64lpP2AYImS8BIMG3JjIBU,Eso no es na,['Quinteto Chá'],248427,2003,False,,0.507,0.938,0.11199999999999999,0.943,110.833
1SLkmMA1NTKPbAxBzaKkqa,Montero,['Quinteto Chá'],394200,2003,False,,0.6709999999999999,0.8079999999999999,0.152,0.591,97.069
6BYS14fFhVKvs68LOEoUWb,Compositor,['Quinteto Chá'],323667,2003,False,,0.396,0.733,0.7390000000000001,0.843,147.571
5gUMCc7Y9EmIlSx97CX27Z,El Carretero,['Quinteto Chá'],445840,2003,False,,0.405,0.922,0.0795,0.615,87.51100000000002
5Kod8uBIpZZ1F0jkl43AJd,Adios Fidel,['Quinteto Chá'],150187,2003,False,,0.742,0.986,0.8190000000000001,0.741,123.68700000000001
16qQXvLJ7FfASkSOiujVbx,Fiesta en el solar,['Quinteto Chá'],652587,2003,False,,0.38,0.655,0.185,0.639,87.325
1ADBbBhzWWD8fhS9YEHyZ5,En la oscuridad,['Quinteto Chá'],297747,2003,False,,0.45799999999999996,0.56,0.48,0.504,105.868
0LXK2kL3M2ro6JdUh5TAqG,La macha rabiosa,['Quinteto Chá'],282533,2003,False,,0.479,0.841,0.10800000000000001,0.79,110.20100000000001
0jfgYC11G5DXnx9AcQoTzY,Marielena,['Quinteto Chá'],266800,2003,False,,0.4270000000000001,0.831,0.18600000000000005,0.773,121.26
0Ot0AE1THiMdSZDCnNBY66,Canto a la luna,['Quinteto Chá'],304907,2003,False,,0.583,0.695,0.7290000000000001,0.675,146.914
38cFEYRtR4kC7RlxrsM0CZ,Pretensiosa,['Quinteto Chá'],329053,2003,False,,0.29100000000000004,0.9440000000000001,0.12300000000000001,0.6920000000000001,95.08
7nKyXxsMfFEBdzSSbJt34F,Quest For Truth,['Zen Zadravec Quartet'],359840,2008,False,,0.446,0.736,0.11,0.541,139.75799999999998
6Fsl2k7sLxaVAQPh9Q5PGJ,Coming Of Age,['Zen Zadravec Quartet'],399613,2008,False,,0.44,0.565,0.14,0.38799999999999996,82.462
0pOxQeM6d8T2YzXtGJf26a,Song For Christine,['Zen Zadravec Quartet'],470027,2008,False,,0.466,0.39299999999999996,0.257,0.16899999999999998,128.503
2kRQDAAhqomawMkUTC5Riq,In Memoriam (In Loving Memory Of Irene Zadravec),['Zen Zadravec Quartet'],393320,2008,False,,0.317,0.163,0.993,0.0598,139.531
4onuHQ8Qh7gqobQxdTTDGL,Mr Dt,['Zen Zadravec Quartet'],424080,2008,False,,0.509,0.7090000000000001,0.18,0.504,116.947
4yLkYYWhcYqMwI4Hg7CCTV,We Miss You Mr Kirkland,['Zen Zadravec Quartet'],523907,2008,False,,0.436,0.33,0.465,0.114,142.381
50Eapx4WuCYfP58Y6NMEr1,Polka Dots And Moonbeams,['Zen Zadravec Quartet'],527187,2008,False,,0.46299999999999997,0.191,0.857,0.0373,103.071
2yxGHB7wavhZPFBQPiEBVD,Have You Met Miss Jones,['Zen Zadravec Quartet'],482493,2008,False,,0.517,0.501,0.141,0.494,96.338
5czq0WPIdDlnutuPojPBB2,Givin' It Up,['Zen Zadravec Quartet'],434253,2008,False,,0.505,0.47600000000000003,0.48100000000000004,0.532,87.382
4gyTCHJdvw7Eua3MAYChT5,In Memoriam (Revisited),['Zen Zadravec Quartet'],355720,2008,False,,0.284,0.33899999999999997,0.9790000000000001,0.0402,84.381
1XK72OtAd4OPtKZb8xy180,Revolt,['weasel walter quartet'],599667,2006,False,,0.33,0.9470000000000001,0.0554,0.32799999999999996,108.36399999999999
01tAEmP4gnbCIKyTuyEcxh,Revolt and Revolt Again,['weasel walter quartet'],577693,2006,False,,0.267,0.981,0.000124,0.0708,131.15
1PInoSNIHiI0HwAP2Dpi3K,Revolting Music,['weasel walter quartet'],169387,2006,False,,0.24100000000000002,0.972,0.000516,0.0686,125.49700000000001
5R5dmhgGdOeEuErDQAMC3N,Totally Revolting,['weasel walter quartet'],328960,2006,False,,0.184,0.9840000000000001,0.000691,0.0548,77.5
2Esrw9ThCitL96Ez90aHP7,Drum Solo,['weasel walter quartet'],348307,2006,False,,0.447,0.862,0.0178,0.0673,85.98899999999998
0luMptTrdShN8XLqskSKuG,The Need to Revolt,['weasel walter quartet'],455467,2006,False,,0.29600000000000004,0.951,0.00317,0.168,133.066
5gEaDHA7Aa9wPhID5TgJhA,Right Now We Are Revolting,['weasel walter quartet'],761040,2006,False,,0.204,0.871,0.335,0.299,79.694
49RRE05qXSsEirErnYaaLH,We Have Revolted,['weasel walter quartet'],699440,2006,False,,0.27699999999999997,0.805,0.39299999999999996,0.483,91.649
6JhWcHGVHtBGyixVQQNcOD,Quest,['Vocokesh'],702480,1998,False,,0.20600000000000002,0.418,0.494,0.0368,100.383
7wYoECR7ILaRN1oKshLetD,Queen Of Sorrow,['Senate'],305347,2007,False,,0.479,0.987,1.5399999999999998e-05,0.22899999999999998,93.979
4yBbdmlitwpaSKCcliHY8t,Perfect Picture (feat. Quan),"['Scoobie', 'Quan']",270907,2000,True,,0.782,0.629,0.0938,0.509,95.975
4g86rYPIRilU15b43AeQJ0,Valse mélancolique,['Quatuor Claudel-Canimex'],86680,2006,False,,0.179,0.0173,0.99,0.124,74.813
2sqwVt9IFuAjq2ybxVTIDK,Romance,['Quatuor Claudel-Canimex'],102987,2006,False,,0.0857,0.0294,0.9840000000000001,0.0388,72.472
7wuKe74GdO4tJ5Pwju94qB,Aria,['Quatuor Claudel-Canimex'],104547,2006,False,,0.249,0.0179,0.988,0.221,130.60399999999998
0DF8utBgoLTRprUuIHbc0x,Elegia,['Quatuor Claudel-Canimex'],255507,2006,False,,0.255,0.0328,0.9890000000000001,0.0391,130.694
2Kf7lfOnnRoHCfKwkyBPbp,Prélude et danse pour hautbois et piano,['Quatuor Claudel-Canimex'],439907,2006,False,,0.23,0.166,0.98,0.039,67.495
3AGoi5jv1MXRpwGLnxmNzP,Quatuor à cordes no.1 - I. Allegro vivace,['Quatuor Claudel-Canimex'],440613,2006,False,,0.18100000000000002,0.158,0.9590000000000001,0.0881,87.4
0BSM3csHPFGrgOQNoUggSM,Quatuor à cordes no.1 - II. Vif et léger,['Quatuor Claudel-Canimex'],311853,2006,False,,0.505,0.12300000000000001,0.9620000000000001,0.267,107.56
7EqmtbPosZOWolDfML8llw,Quatuor à cordes no.1 - III. Adagio,['Quatuor Claudel-Canimex'],473147,2006,False,,0.0803,0.0962,0.8909999999999999,0.0325,73.294
51PmhGRyrLCOtEMmXrppDc,Quatuor à cordes no.1 - IV. Allegro vivace,['Quatuor Claudel-Canimex'],336520,2006,False,,0.32899999999999996,0.171,0.9570000000000001,0.293,136.83100000000002
4pLRy3eREvVl21ubQJhjuZ,Quatuor à cordes no.2 - I. Lento-allegro,['Quatuor Claudel-Canimex'],426960,2006,False,,0.27,0.142,0.963,0.0752,123.022
224E7RTodD5Q0umCOIqAeU,Quatuor à cordes no.2 - II. Lento,['Quatuor Claudel-Canimex'],309693,2006,False,,0.124,0.0622,0.9740000000000001,0.0309,94.51700000000001
18ub4oUVaQIzPXq5wWYI6A,Quatuor à cordes no.2 - III. Allegro con moto,['Quatuor Claudel-Canimex'],429827,2006,False,,0.313,0.214,0.953,0.0845,122.27799999999999
28YPxHeCZivZzoDEucztcg,Quiet my Mind,['Ovnimoon'],511579,2013,False,,0.588,0.987,0.000383,0.113,137.99
0zTzSItkH3JwhrVDczsHuj,Queen of the Neighborhood,['Sansa'],362747,2005,False,,0.45,0.156,0.968,0.115,131.02200000000002
4dGRo49Hfk3xLFs3ytwOWq,QBC (Remix),['Pagail'],219120,2010,False,,0.804,0.601,0.19,0.545,97.014
4cjNZgI3zASW7fTT8R2XEN,Turntable TV (Re-Vizion),['DJ Qbert'],94760,1998,False,,0.831,0.867,0.0363,0.71,157.937
6R5sv9tTpaBnIfOxK72Yrv,A Word from Fresh Breath Mouthwash,['DJ Qbert'],22173,1998,False,,0.857,0.7509999999999999,0.589,0.946,88.42299999999999
04ggJd1SJG9Yg9KjY3opwF,Enter the Wave Twisters (feat. Yogafrog),"['DJ Qbert', 'Yogafrog']",14227,1998,False,,0.0,0.75,0.603,0.0,0.0
3FjGJcFislm84BQXafLvBG,Inner Space Dental Commander (feat. Buckethead & Mix Master Mike),"['DJ Qbert', 'Buckethead', 'Mix Master Mike']",179640,1998,False,,0.6859999999999999,0.7929999999999999,0.0040100000000000005,0.5870000000000001,176.13099999999997
1lmkabfcAFe8iu9YJOlMMg,Redworm,['DJ Qbert'],260293,1998,False,,0.754,0.7390000000000001,0.152,0.474,74.092
2n5vo6sIfRRmM6cdG5bHON,Cosmic Assassins (feat. Mix Master Mike & Vinroc),"['DJ Qbert', 'Mix Master Mike', 'VinRoc']",251640,1998,False,,0.812,0.654,0.217,0.542,95.40799999999999
4EFZ2M0ZFcu1iWx5AvslAy,Destination: Quasar 16.33.45.78,['DJ Qbert'],315827,1998,False,,0.85,0.6509999999999999,0.0508,0.585,92.245
6yiJrnUUfoBXSpL5QIHDat,Paranoia (feat. Mix Master Mike),"['DJ Qbert', 'Mix Master Mike']",84040,1998,False,,0.87,0.461,0.0251,0.473,89.04700000000004
1PeE6egbe7r6Khxzn5lDKk,Invasion of the Octopus People (feat. Shortkut & DJ Disk),"['DJ Qbert', 'Shortkut', 'DJ Disk']",273467,1998,False,,0.903,0.7659999999999999,0.267,0.5870000000000001,100.335
5MLlV1RPHANi2hhQqtw6gs,Electric Eye Beam Abduction (feat. Mix Master Mike),"['DJ Qbert', 'Mix Master Mike']",222827,1998,False,,0.8340000000000001,0.5379999999999999,0.00473,0.579,162.16899999999995
7juCxmYMDmeoyKmRZiuEIq,Razorblade Alcohol Slide (feat. D Styles),"['DJ Qbert', 'D-Styles']",214773,1998,False,,0.665,0.53,0.00886,0.7809999999999999,93.821
4Pmf5vqfZOU1VTP8MUfnbv,Sneak Attack (feat. Mix Master Mike),"['DJ Qbert', 'Mix Master Mike']",220427,1998,False,,0.89,0.5579999999999999,0.0383,0.687,87.973
5oR6Xqf1tVIDVq0prSnF5y,Movement 1: Quadraphonic Element Download,['DJ Qbert'],93440,1998,False,,0.902,0.6890000000000001,0.09,0.6759999999999999,102.804
0FGBraTclv7jgBNuEJMCry,Movement 2: 6 Fingered Fury (feat. Shortkut),"['DJ Qbert', 'Shortkut']",81200,1998,False,,0.731,0.7440000000000001,0.147,0.406,104.398
0gOXuCaxhVOUf6I5FgTAm8,Movement 3: Inside-out Body Warp (feat. DJ Flare),"['DJ Qbert', 'DJ Flare']",99267,1998,False,,0.79,0.57,0.319,0.674,113.899
4uo9Hu7aBxY4OBXdEoa505,Turntable TV (Blueprint),['DJ Qbert'],24200,1998,False,,0.8,0.645,0.45299999999999996,0.655,158.738
4zFcy8AqY7BRv8aXDOSIgQ,Aphrodisiskratch,['DJ Qbert'],299427,1998,False,,0.8029999999999999,0.414,0.48200000000000004,0.433,148.247
15hkaNyCxCbjbWlxlLEmBg,Inertia (feat. Peter Quin),"['Publicity', 'Peter Quin']",260124,2014,False,,0.867,0.607,0.0121,0.855,129.983
0AmFDurCD9PNshPD8bltmf,Quiet Inside,['Waterdeep'],383240,2015,False,,0.5720000000000001,0.467,0.54,0.355,123.31700000000001
4fY26o6IEriTvujZPBp3at,Quintal,['Tarek'],390347,2013,False,,0.826,0.81,0.000528,0.795,97.604
3zATUKWRDOVXz0U4Zx9jLe,Black Lambo - Quixotic Remix,"['Lazerpunk', 'Quixotic']",240014,2019,False,,0.6920000000000001,0.684,0.0179,0.882,95.0
0oaQHeZvUdn2GhUWi8NBKj,Qui prendra ma place,['Marie-Mai'],213893,2007,False,,0.518,0.9009999999999999,0.00108,0.757,175.998
2RGCSPPWAiQW0XlvdBT9JV,Question,['Acylum'],300573,2011,True,,0.557,0.972,0.000306,0.315,126.03
67dRB8poYu2Dy5TwVNvBAI,Question - Amgod Remix,['Acylum'],303787,2011,True,,0.557,0.8859999999999999,0.00155,0.47600000000000003,126.008
1LZO0bIDwkcJCbx2pHwIIe,Lost,['Quince'],468988,2013,False,,0.55,0.35100000000000003,7.020000000000001e-05,0.078,123.999
01bHCrH2VMBoJCMwonm9JB,A Fé Do Lavrador,"['Quinteto Violado', 'Dominguinhos']",196640,2003,False,,0.672,0.8590000000000001,0.27,0.965,135.046
7gl4EF2NEpD9rAKVaPT4Aq,Listerine,['QuasiMojo'],266467,2003,False,,0.36,0.557,0.00267,0.109,100.84700000000001
412VQLOgtydj6s37Vi8Tsf,Quantiza,['Vaeya'],455657,2012,False,,0.6779999999999999,0.431,0.007229999999999999,0.161,137.997
5nKZPAjXqzYDbx8WNqTDmP,Sonata I in E Flat Major BWV 525: I.,['Robert Quinney'],201827,2011,False,,0.28800000000000003,0.0548,0.894,0.345,72.9
0qxvQ8mgp5e9DMlA8SLe7h,Sonata I in E Flat Major BWV 525: II. Adagio,['Robert Quinney'],315960,2011,False,,0.115,0.0124,0.853,0.141,93.23100000000001
6tAz1ZkTqdmAFlEzrbLE3T,Sonata I in E Flat Major BWV 525: III. Allegro,['Robert Quinney'],225227,2011,False,,0.341,0.175,0.897,0.435,107.459
1s6uiHIotglhWIdnGm0kRw,Sonata II In C Minor BWV 526: I. Vivace,['Robert Quinney'],220987,2011,False,,0.295,0.135,0.9490000000000001,0.309,88.021
03hIJEUp5QkpkdDqncJEQO,Sonata II In C Minor BWV 526: II. Largo,['Robert Quinney'],244280,2011,False,,0.0671,0.0131,0.873,0.10099999999999999,73.457
4JKSrbTdfdiCfWIzUN2cRe,Sonata II In C Minor BWV 526: III. Allegro,['Robert Quinney'],238160,2011,False,,0.128,0.184,0.396,0.615,182.544
0XUyxXpPuLNuS8SsaYgtPZ,Sonata III in D Minor BWV 527: I. Andante,['Robert Quinney'],341067,2011,False,,0.195,0.0434,0.898,0.243,114.22
3ygwn3VgDZUwEEPdNNmyXL,Sonata III in D Minor BWV 527: II. Adagio e Dolce,['Robert Quinney'],394800,2011,False,,0.165,0.0702,0.8959999999999999,0.114,67.407
0p6F82xGzVF97l5xIXwQco,Sonata III in D Minor BWV 527: III. Vivace,['Robert Quinney'],216707,2011,False,,0.284,0.18600000000000005,0.596,0.341,77.331
2QztZHhFJp8OXhVjOjGPha,Sonata IV In E Minor BWV 528: I. Adagio,['Robert Quinney'],162067,2011,False,,0.263,0.0714,0.965,0.128,94.12899999999999
1K4Zcxbj0xmvhcKia8XymA,Sonata IV In E Minor BWV 528: II. Andante,['Robert Quinney'],288147,2011,False,,0.0886,0.0262,0.8420000000000001,0.17800000000000002,81.109
1Mqw9xWudQTxEBk4n6ETNv,Sonata IV In E Minor BWV 528: III. Un Poco Allegro,['Robert Quinney'],156693,2011,False,,0.18,0.11800000000000001,0.8109999999999999,0.26,81.6
0nXTu12kXYA2noOzkYy2yb,Sonata V In C Major BWV 529: I. Allegro,['Robert Quinney'],303947,2011,False,,0.3720000000000001,0.179,0.7609999999999999,0.33799999999999997,94.01100000000001
6HIzimq39GDdBN6IBU5Vit,Sonata V In C Major BWV 529: II. Largo,['Robert Quinney'],305640,2011,False,,0.096,0.0161,0.946,0.114,87.459
0PeaNmqoPuGOiGhNoBcSJN,Sonata V In C Major BWV 529: III. Allegro,['Robert Quinney'],219827,2011,False,,0.361,0.175,0.747,0.379,93.60600000000001
0Pl8EOm9unakYKgfrqiZYl,Sonata VI In G Major BWV 530: I. Vivace,['Robert Quinney'],233987,2011,False,,0.264,0.14800000000000002,0.8809999999999999,0.235,96.37700000000001
2MmTtX5sKTaPGK3v4IE7LD,Sonata VI In G Major BWV 530: II. Lento,['Robert Quinney'],454853,2011,False,,0.142,0.0456,0.929,0.11,74.223
554L6uNUqwCZHVbawszsBZ,Sonata VI In G Major BWV 530: III. Allegro,['Robert Quinney'],211040,2011,False,,0.41700000000000004,0.225,0.375,0.435,94.109
5wJReLVpiUdBsco3klXjHU,Que Casa Cabron?,['Implant'],354013,2002,False,,0.51,0.988,0.114,0.406,133.009
4yMTSMCkRDL36P7xDn1Xp5,Fly Away,['Queen Ella'],253977,2013,False,,0.541,0.568,0.0192,0.28600000000000003,129.891
5KR6Yo1UNOnNyVESNudYIR,Queen of Languages,['Destroyer'],211080,2000,False,,0.479,0.65,0.042,0.5870000000000001,160.965
2wgq3BhpTfrveBOsHyk99W,¿Quien Ser?,['Sherpas'],292507,2015,False,,0.499,0.769,0.00927,0.585,133.21200000000002
55TQ4ipq9GonXy4m1lGlRZ,Promise Me,['Queen Esther'],223333,2004,False,,0.564,0.8190000000000001,0.307,0.54,81.602
1iaLAY6fUiRksXnlsxSovk,Shine,['Queen Esther'],199160,2004,False,,0.612,0.726,0.268,0.504,128.718
3dBzkmv0YGvTnjwaUWgjm2,Talkin' Fishbowl Blues,['Queen Esther'],214800,2004,False,,0.609,0.858,0.0977,0.855,201.418
6LbKqighYujCMOBH3NCv8D,Taster's Choice,['Queen Esther'],253693,2004,False,,0.557,0.4370000000000001,0.426,0.19399999999999998,172.905
2n6YEmjSXONnYE7S9rfndH,Love,['Queen Esther'],238920,2004,False,,0.604,0.46,0.619,0.369,171.017
51jJhLiwiXNPPLVtyUbwXJ,So Real,['Queen Esther'],267213,2004,False,,0.603,0.655,0.0359,0.503,146.612
6ILadwcGhDdC5pbr7Wm1jE,New York City,['Queen Esther'],207320,2004,False,,0.564,0.97,0.0264,0.623,179.452
4fqwIKPPID5j5QUrWRRy1K,Leave Me Alone,['Queen Esther'],252693,2004,False,,0.6,0.823,0.21899999999999997,0.902,138.94299999999998
4kkW5ZWSRSvCuTxTnE4n3v,Get It Right This Time,['Queen Esther'],244133,2004,False,,0.617,0.7979999999999999,0.62,0.433,177.123
2hGFuYk1h5vr6H7czBgz2s,The Way of the World,['Queen Esther'],241200,2004,False,,0.447,0.455,0.3720000000000001,0.508,77.608
3se6GJKbIxStFp9H8Vq7lh,Help Me,['Queen Esther'],200800,2004,False,,0.6659999999999999,0.0979,0.935,0.154,112.52600000000001
3KQJIxntZJZo9EqrsiBb6t,Stand By Your Man,['Queen Esther'],181213,2004,False,,0.6659999999999999,0.20199999999999999,0.518,0.5329999999999999,97.631
1IBuE4vJZAwzE9m7B134gj,I've Seen My Baby,"['Q.R.S. Boys (Walter ""Fats"" Pichon)']",165960,2006,False,,0.498,0.434,0.9229999999999999,0.74,101.802
50AGlRZW9VDlMHjy4fQUdp,Wiggle Yo Toes,"['Q.R.S. Boys (Walter ""Fats"" Pichon)']",177493,2006,False,,0.6829999999999999,0.371,0.9540000000000001,0.7290000000000001,133.987
1JeObJ5cejfvghIjNuPaa7,"Quarter, Nickel Or A Dime",['Lance Lopez'],340800,2004,False,,0.244,0.8109999999999999,0.024,0.5589999999999999,178.872
4e7UjNtVKW9aCddcg0f1d9,Queenes Galliard (Cittern with a bass),['Heringman'],152333,2003,False,,0.6409999999999999,0.0858,0.818,0.37,99.96600000000001
7lta1NBNyp50gaTqHT6U4S,Quisiera Ser Alcohol,['Caifanes'],311133,1994,False,,0.614,0.319,0.0937,0.259,98.803
76mtWKAyNcUwpEDMPbSqFP,Queasy,['Mint'],283467,2011,False,,0.536,0.821,0.00418,0.037000000000000005,120.04
4YCLLDgLuUY8vHqOdGnThd,Quality of Mercy,['nolongerhuman'],283840,2009,False,,0.54,0.973,0.124,0.71,117.959
77ftNyrrVitvgGprK8eAex,Quietus,['Pinkroom'],329760,2009,False,,0.5770000000000001,0.637,0.00235,0.381,137.011
0WLb7yIUF7ca0sFE4H2vqy,Where Is the Circle?,"['Lisbeth Quartet', 'Manuel Schmiedel', 'Marc Muellbauer', 'Martin Krümmling', 'Charlotte Greve']",429160,2009,False,,0.556,0.294,0.81,0.615,118.061
50W4RajzW9OcytHzjXxK1S,Beatrice,"['Lisbeth Quartet', 'Manuel Schmiedel', 'Marc Muellbauer', 'Martin Krümmling', 'Charlotte Greve']",472867,2009,False,,0.46399999999999997,0.212,0.8490000000000001,0.358,91.325
6G9PjpFciCqeFr1IojJwhE,Ise's Mind,"['Lisbeth Quartet', 'Manuel Schmiedel', 'Marc Muellbauer', 'Martin Krümmling', 'Charlotte Greve']",471680,2009,False,,0.5760000000000001,0.24100000000000002,0.8590000000000001,0.517,84.70100000000002
6Y1vnQt4xn0mqAWD23eert,Slow Town,"['Lisbeth Quartet', 'Manuel Schmiedel', 'Marc Muellbauer', 'Martin Krümmling', 'Charlotte Greve']",544240,2009,False,,0.431,0.0559,0.95,0.098,107.094
62QE7Vk0EAtscHuKkhCoII,Grow,"['Lisbeth Quartet', 'Manuel Schmiedel', 'Marc Muellbauer', 'Martin Krümmling', 'Charlotte Greve']",606987,2009,False,,0.483,0.146,0.851,0.2,84.131
65roJYpJWksoZGl7Tjqm5U,False,"['Lisbeth Quartet', 'Manuel Schmiedel', 'Marc Muellbauer', 'Martin Krümmling', 'Charlotte Greve']",374240,2009,False,,0.49,0.201,0.884,0.244,90.208
4Er7sH3KxgpE59yU5gNDnF,All or Nothing at All,"['Lisbeth Quartet', 'Manuel Schmiedel', 'Marc Muellbauer', 'Martin Krümmling', 'Charlotte Greve']",563280,2009,False,,0.446,0.302,0.777,0.193,105.99799999999999
6qaxrwioC7CGvnjZI4XafE,"Johnsburg, Illinois","['Lisbeth Quartet', 'Manuel Schmiedel', 'Marc Muellbauer', 'Martin Krümmling', 'Charlotte Greve']",241267,2009,False,,0.41200000000000003,0.0169,0.9790000000000001,0.16,89.429
5LhYn5cQbjhJZ7wuMzEGgk,Quicksand,['William Woods'],237920,2005,False,,0.7859999999999999,0.851,0.314,0.904,106.965
3sRjVB5yOuUZgn6bKBJfAA,Q & A,['Michelle Malone'],151187,2001,False,,0.503,0.499,0.823,0.22399999999999998,146.289
7cbpS06yNjVuiIRia8tcxd,The Arnold Book of Old Songs: Drink to me only with thine eyes,"['Roger Quilter', 'David Wilson-Johnson', 'David Owen Norris']",165133,2005,False,,0.307,0.0548,0.982,0.12,92.941
2bF5UKJ5x2O8HnoZKgi7lK,The Arnold Book of Old Songs: Over the mountains,"['Roger Quilter', 'Amanda Pitt', 'David Owen Norris']",142400,2005,False,,0.41100000000000003,0.087,0.988,0.444,126.316
0398IbJS17W97p20kbHglk,The Arnold Book of Old Songs: My Lady Greensleeves,"['Roger Quilter', 'Amanda Pitt', 'Joanne Thomas', 'David Owen Norris']",216240,2005,False,,0.268,0.0364,0.99,0.11699999999999999,77.256
2gzWzEu7kzsSsf8EIpYovH,Love at the Inn: Little Moth,"['Roger Quilter', 'Amanda Pitt', 'David Owen Norris']",87480,2005,False,,0.49,0.0828,0.99,0.40700000000000003,90.005
0PmtrxPaoD9USkY7UsvvKo,Love at the Inn: Love calls through the summer night,"['Roger Quilter', 'Amanda Pitt', 'Philip Langridge', 'David Owen Norris']",285480,2005,False,,0.27899999999999997,0.122,0.988,0.102,77.07600000000002
4INjv1uLkEimkVM0xEmnI0,Love at the Inn: If Love should pass me by,"['Roger Quilter', 'Amanda Pitt', 'David Owen Norris']",123440,2005,False,,0.40299999999999997,0.0611,0.991,0.0874,72.65899999999998
3qR3A6jzvHGYq3oWPpzPpa,The Rose of Tralee (melody by C.W. Glover),"['Roger Quilter', 'Philip Langridge', 'David Owen Norris']",149093,2005,False,,0.257,0.0276,0.993,0.188,168.252
5zUzrJyMXG1F5XmCxobYxW,"The Arnold Book of Old Songs: Believe me, if all those endearing young charms","['Roger Quilter', 'David Wilson-Johnson', 'David Owen Norris']",100587,2005,False,,0.46799999999999997,0.0555,0.9790000000000001,0.3,92.811
7xdRPjdb9uVSO08IbcrKMK,The Arnold Book of Old Songs: Oh! 'tis sweet to think,"['Roger Quilter', 'David Wilson-Johnson', 'David Owen Norris']",92373,2005,False,,0.599,0.152,0.975,0.795,81.482
4H9ocHaSW4h6IMDxC7hbaj,Come Lady-Day,"['Roger Quilter', 'Amanda Pitt', 'Joanne Thomas', 'David Owen Norris']",106013,2005,False,,0.363,0.0853,0.992,0.35600000000000004,84.14399999999998
5lLFbMOScqh5yV6B7h8DCs,The Starlings,"['Roger Quilter', 'Amanda Pitt', 'Joanne Thomas', 'David Owen Norris']",100333,2005,False,,0.292,0.10800000000000001,0.99,0.309,73.181
6sofETkSOqwSvoAfXrKMSa,To a Harebell by a Graveside,"['Roger Quilter', 'Amanda Pitt', 'Joanne Thomas', 'David Owen Norris']",100573,2005,False,,0.20600000000000002,0.0249,0.991,0.0906,90.195
4dKtT42UgMphWlVfPeqHwm,"5 Shakespeare Songs, Op. 23: It was a lover and his lass","['Roger Quilter', 'Amanda Pitt', 'Joanne Thomas', 'David Owen Norris']",152773,2005,False,,0.34600000000000003,0.131,0.993,0.23600000000000002,73.512
40BncFYDvQXjm0QGQ8RbFg,The Arnold Book of Old Songs: Ye banks and braes,"['Roger Quilter', 'Amanda Pitt', 'David Owen Norris']",180520,2005,False,,0.304,0.0239,0.993,0.17800000000000002,82.914
0th8QGCwSKcp3nTpZwsD4f,The Arnold Book of Old Songs: Charlie is my darling,"['Roger Quilter', 'Amanda Pitt', 'David Owen Norris']",94560,2005,False,,0.527,0.175,0.9740000000000001,0.561,134.83700000000002
0NUFbC8k0EbuBz3xro3pMn,The Arnold Book of Old Songs: Ca' the yowes to the knowes,"['Roger Quilter', 'Amanda Pitt', 'David Owen Norris']",187507,2005,False,,0.265,0.00747,0.9940000000000001,0.111,65.65
4HgtUl8CuPHW1iLPYJkinq,"4 Child Songs, Op. 5: Where Go the Boats?","['Roger Quilter', 'Amanda Pitt', 'Joanne Thomas', 'David Owen Norris']",125893,2005,False,,0.294,0.0717,0.9940000000000001,0.0788,133.857
1arC20BpmonftX9r3E7wm3,Windy Nights,"['Roger Quilter', 'Amanda Pitt', 'Joanne Thomas', 'David Owen Norris']",88000,2005,False,,0.475,0.18600000000000005,0.987,0.44,66.104
0zf5mtzQTQWgjHgVWIs2i6,Summer Sunset,"['Roger Quilter', 'Amanda Pitt', 'Joanne Thomas', 'David Owen Norris']",106147,2005,False,,0.28,0.0421,0.992,0.0582,62.417
1QnFLNtv86c6ZDyc9wGdap,The Arnold Book of Old Songs: Le pauvre laboureur (The Man Behind the Plough),"['Roger Quilter', 'David Wilson-Johnson', 'David Owen Norris']",141387,2005,False,,0.315,0.16699999999999998,0.991,0.436,166.21599999999995
0lqkWBxj2U7atB5eErrAJC,The Arnold Book of Old Songs: L'amour de moi (My Lady's Garden),"['Roger Quilter', 'David Wilson-Johnson', 'David Owen Norris']",241280,2005,False,,0.166,0.0297,0.986,0.0779,169.50400000000005
6DXoSZCsKycwEXcP32xjgR,The Arnold Book of Old Songs: Joli mois de mai (Pretty month of May),"['Roger Quilter', 'David Wilson-Johnson', 'David Owen Norris']",64773,2005,False,,0.387,0.102,0.987,0.455,129.65
6lOOUCwmZ1LfYH7ned7Yf6,Daisies after rain (solo version),"['Roger Quilter', 'Amanda Pitt', 'David Owen Norris']",66373,2005,False,,0.261,0.0738,0.988,0.122,76.82600000000002
0SkLsiozu2DjHTFjfwN6aR,My heart adorn'd with thee,"['Roger Quilter', 'Amanda Pitt', 'Philip Langridge', 'David Owen Norris']",88320,2005,False,,0.337,0.12,0.988,0.0634,73.735
5NnjyXix1xh1mcxstlp26Q,The Passing Bell,"['Roger Quilter', 'Amanda Pitt', 'Joanne Thomas', 'David Owen Norris']",159707,2005,False,,0.28,0.0709,0.993,0.0941,79.726
0WtYaQKtXnFCyXxtopMKNh,"3 Songs, Op. 15 (text by N. Hopper): Blossom-Time","['Roger Quilter', 'Amanda Pitt', 'Joanne Thomas', 'David Owen Norris']",92760,2005,False,,0.38799999999999996,0.0912,0.9890000000000001,0.431,95.34200000000001
7e52UG8gY3FC0oXs50S36s,Daisies after rain (duet version),"['Roger Quilter', 'Amanda Pitt', 'Joanne Thomas', 'David Owen Norris']",70173,2005,False,,0.23800000000000002,0.156,0.992,0.0373,161.365
14byKrzUNhpbDsNVjkdUel,"7 Elizabethan Lyrics, Op. 12: Weep you no more","['Roger Quilter', 'Amanda Pitt', 'Joanne Thomas', 'David Owen Norris']",143827,2005,False,,0.245,0.0712,0.99,0.13,92.94200000000001
6tBuZlDSNHKzRoQPOBB0jm,I Got A Robe (arr. R. Quilter): I got a robe,"['Roger Quilter', 'Traditional', 'David Wilson-Johnson', 'David Owen Norris']",91053,2005,False,,0.522,0.149,0.991,0.387,75.021
6yTI0wMh4vYqkDqCk0bucF,"Good Morrow, tis Saint Valentine's Day: 'Tis St Valentine's Day","['Roger Quilter', 'Amanda Pitt', 'David Owen Norris']",81800,2005,False,,0.414,0.025,0.992,0.353,81.131
49j20YyuREhqMzOaKKMQoE,"What will you do, love? (melody by S. Lover)","['Roger Quilter', 'Philip Langridge', 'David Owen Norris']",133947,2005,False,,0.33899999999999997,0.0231,0.992,0.172,129.232
1IQM3QNTt2ZxdBQ4uSiVve,The Arnold Book of Old Songs: The Jolly Miller,"['Roger Quilter', 'Amanda Pitt', 'David Owen Norris']",114253,2005,False,,0.446,0.0806,0.983,0.514,79.352
4veJaFO0BhMeePNBFjruxA,The Arnold Book of Old Songs: Barbara Allen,"['Roger Quilter', 'Amanda Pitt', 'David Owen Norris']",249667,2005,False,,0.295,0.0247,0.993,0.127,76.578
7D8AMqJcw1zu6fwtf29T6r,The Arnold Book of Old Songs: Three Poor Mariners,"['Roger Quilter', 'David Wilson-Johnson', 'David Owen Norris']",70747,2005,False,,0.565,0.299,0.987,0.73,103.287
3MrAKeJjihxWQ6UKYno4XF,The Arnold Book of Old Songs: Since first I saw your face (melody by T. Ford),"['Roger Quilter', 'David Wilson-Johnson', 'David Owen Norris']",98800,2005,False,,0.3670000000000001,0.0836,0.98,0.488,159.732
33QQzyR8uqK6D4E71ZArhO,The Arnold Book of Old Songs: The Ash Grove,"['Roger Quilter', 'Amanda Pitt', 'David Owen Norris']",157587,2005,False,,0.301,0.0178,0.991,0.226,122.21600000000001
5PyGGggdryvDS0VHPv5Y9p,Quiet Mountain,['Anzan'],378344,2013,False,,0.406,0.244,0.9420000000000001,0.0435,81.96
6xrDaLBc7svKx3AJntWEeM,Yes to All,"['Astrix', 'Quantum']",465373,2002,False,,0.735,0.862,0.00041799999999999997,0.33,145.007
6mSQX2RTStT1QVrpIAfivQ,Three Angles,"['SE-Quartet', 'David Ehrlin', 'Rasmus H Thomsen', 'Antti Ojala', 'Martin Sundström']",389027,2014,False,,0.462,0.488,0.9520000000000001,0.24600000000000002,117.037
63N1d0aCp82Eh2h17vhtr0,Is That What You Want,"['SE-Quartet', 'David Ehrlin', 'Rasmus H Thomsen', 'Antti Ojala', 'Martin Sundström']",321133,2014,False,,0.557,0.73,0.521,0.758,122.76
1AuY0ySOTpNoHsniiTxL1j,Serendipity,"['SE-Quartet', 'David Ehrlin', 'Rasmus H Thomsen', 'Antti Ojala', 'Martin Sundström']",464560,2014,False,,0.502,0.0779,0.95,0.165,117.15100000000001
62PuxtEncKIYcuBq88k3hL,Did You Really Do It,"['SE-Quartet', 'David Ehrlin', 'Rasmus H Thomsen', 'Antti Ojala', 'Martin Sundström']",464920,2014,False,,0.446,0.406,0.5870000000000001,0.263,107.069
3vcL7HLyNOvrpcx7QJeFQu,Great Grandfather,"['SE-Quartet', 'David Ehrlin', 'Rasmus H Thomsen', 'Antti Ojala', 'Martin Sundström']",461213,2014,False,,0.586,0.212,0.8909999999999999,0.327,135.094
0gncUKCTPUuAWEhvl1wEia,Squirrel on the Freeway,"['SE-Quartet', 'David Ehrlin', 'Rasmus H Thomsen', 'Antti Ojala', 'Martin Sundström']",327973,2014,False,,0.415,0.613,0.762,0.26,133.14
4pH0gikOYsh01WXv5W4Kr5,What a Day!,"['SE-Quartet', 'David Ehrlin', 'Rasmus H Thomsen', 'Antti Ojala', 'Martin Sundström']",475053,2014,False,,0.522,0.425,0.696,0.433,124.368
6nDkCqWiY5reCGYepSF2wt,Days to Come,"['SE-Quartet', 'David Ehrlin', 'Rasmus H Thomsen', 'Antti Ojala', 'Martin Sundström']",373173,2014,False,,0.6509999999999999,0.261,0.922,0.39,87.618
62GID6MNnMnICqkNBKlMtz,The Hundredth Monkey,"['SE-Quartet', 'David Ehrlin', 'Rasmus H Thomsen', 'Antti Ojala', 'Martin Sundström']",222693,2014,False,,0.373,0.385,0.904,0.161,75.12100000000002
346x2QwM56VWhH1XnK7t6a,"5 Shakespeare Songs, Op. 23: It was a lover and his lass","['Roger Quilter', 'Anthony Rolfe Johnson', 'Graham Johnson', 'Lisa Milne']",161280,2003,False,,0.375,0.0498,0.9940000000000001,0.19899999999999998,66.816
4HDQyFrRRsiYgXL4Px1c1R,"5 Shakespeare Songs, Op. 23: Take, O take those lips away","['Roger Quilter', 'Anthony Rolfe Johnson', 'Graham Johnson']",82440,2003,False,,0.32299999999999995,0.0405,0.983,0.0391,135.709
5QIntzBQqiJdRpgXliGU7e,"3 Shakespeare Songs, Op. 6: O mistress mine","['Roger Quilter', 'Anthony Rolfe Johnson', 'Graham Johnson']",102960,2003,False,,0.371,0.0535,0.9890000000000001,0.248,110.15799999999999
1kKLfMYwlSDon73m9v2JGk,"4 Shakespeare Songs, Op. 30: How should I your true love know","['Roger Quilter', 'Graham Johnson', 'Lisa Milne']",124920,2003,False,,0.22,0.006540000000000001,0.992,0.16,171.498
4zfPuCsNzkZCDciUw5q0aD,"2 Shakespeare Songs, Op. 32: Orpheus with his lute","['Roger Quilter', 'Anthony Rolfe Johnson', 'Graham Johnson']",127080,2003,False,,0.311,0.027999999999999997,0.9890000000000001,0.0728,82.734
1xAf3ipM4iAcVCWN5do8Ar,Hark! Hark! the lark,"['Roger Quilter', 'Anthony Rolfe Johnson', 'Graham Johnson']",66600,2003,False,,0.295,0.14800000000000002,0.991,0.132,97.83200000000001
5ABFeuuJYdZeTZ7xt7hBzr,The Arnold Book of Old Songs: Ca' the yowes to the knowes,"['Roger Quilter', 'Graham Johnson', 'Lisa Milne']",153360,2003,False,,0.295,0.0159,0.991,0.0615,87.43799999999996
6apDr8IXSlE0DGhWr0AnPr,The Arnold Book of Old Songs: Charlie is my darling,"['Roger Quilter', 'Graham Johnson', 'Lisa Milne']",90720,2003,False,,0.574,0.165,0.9590000000000001,0.342,68.18
2OB9IqfmPekn1qilHLHsJl,The Arnold Book of Old Songs: Ye banks and braes,"['Roger Quilter', 'Graham Johnson', 'Lisa Milne']",175680,2003,False,,0.318,0.007259999999999998,0.99,0.179,74.84
4rbCofagqnTZ1kLUXQvsWW,I arise from dreams of thee,"['Roger Quilter', 'Anthony Rolfe Johnson', 'Graham Johnson']",271800,2003,False,,0.313,0.0724,0.99,0.0377,76.429
47aGS7IDicOB8ysWe9XMjk,"6 Songs, Op. 25 (text by P.B. Shelley and J. Stephens): Music when soft voices die","['Roger Quilter', 'Graham Johnson', 'Lisa Milne']",99720,2003,False,,0.341,0.0321,0.9890000000000001,0.0397,113.132
5ECTQWR4KV6xfaSw7VriuU,"3 Songs, Op. 3 (text by A. Tennyson and P.B. Shelley): Love's philosophy","['Roger Quilter', 'Anthony Rolfe Johnson', 'Graham Johnson']",87480,2003,False,,0.306,0.239,0.9890000000000001,0.153,77.531
3j0QRUCYeZHvQkc2e46REg,Spring is at the door,"['Roger Quilter', 'Graham Johnson', 'Lisa Milne']",99000,2003,False,,0.505,0.0272,0.986,0.262,81.631
5aLhMhWXjvvnQ71kqAXY6X,"Songs of Sorrow, Op. 10: Passing dreams","['Roger Quilter', 'Anthony Rolfe Johnson', 'Graham Johnson']",115560,2003,False,,0.267,0.0739,0.9890000000000001,0.0374,150.789
7e6FNlvopehO912CuhjlSB,"4 Songs, Op. 14: Autumn evening","['Roger Quilter', 'Graham Johnson', 'Lisa Milne']",183960,2003,False,,0.248,0.0202,0.986,0.0393,174.235
4VGyrRxahYYZbrB2FqLUb7,"6 Songs, Op. 25 (Anonymous lyricist): An old carol","['Roger Quilter', 'Anthony Rolfe Johnson', 'Graham Johnson']",140760,2003,False,,0.187,0.0143,0.986,0.0598,76.08
2fiR9YlGVOOqreGqM5evs1,"3 Pastoral Songs, Op. 22: i - I will go with my father a-ploughing","['Roger Quilter', 'Louisa Fuller', 'Ivan McCready', 'Lisa Milne']",142200,2003,False,,0.306,0.0633,0.982,0.242,168.959
3a2DCU2PWTdQNzQ6ycsihe,"3 Pastoral Songs, Op. 22: ii - Cherry valley","['Roger Quilter', 'Louisa Fuller', 'Ivan McCready', 'Lisa Milne']",166320,2003,False,,0.177,0.0324,0.985,0.0372,74.312
6MaORVBCzMXqdHmxXTyeED,"3 Pastoral Songs, Op. 22: iii - I wish and I wish","['Roger Quilter', 'Louisa Fuller', 'Ivan McCready', 'Lisa Milne']",130680,2003,False,,0.413,0.069,0.971,0.18100000000000002,109.90100000000001
4Gq2pLT1GkaB88at5SGmRT,"5 English Love Lyrics, Op. 24: Go, lovely rose","['Roger Quilter', 'Anthony Rolfe Johnson', 'Graham Johnson']",176040,2003,False,,0.237,0.0376,0.9890000000000001,0.0781,170.445
05vTPcUTaof0anMZxB4yNp,"4 Songs, Op. 14: A last year's rose","['Roger Quilter', 'Graham Johnson', 'Lisa Milne']",145080,2003,False,,0.366,0.023,0.99,0.11599999999999999,108.432
4029wSuEEJePk4J2YBomWd,"3 Songs, Op. 15 (Anonymous lyricist): Amaryllis at the fountain","['Roger Quilter', 'Graham Johnson', 'Lisa Milne']",64800,2003,False,,0.40399999999999997,0.10800000000000001,0.981,0.0646,134.69899999999998
0uBwjRJ7H6Xgq6O2CxI7o6,"5 Jacobean Lyrics, Op. 28: I dare not ask a kiss","['Roger Quilter', 'Anthony Rolfe Johnson', 'Graham Johnson']",64080,2003,False,,0.276,0.0426,0.99,0.0705,172.02700000000004
7Mz4IEfkE3r9kZMVbXOF4Y,"3 Songs, Op. 3 (text by A. Tennyson and P.B. Shelley): Now sleeps the crimson petal","['Roger Quilter', 'Graham Johnson', 'Lisa Milne']",146880,2003,False,,0.342,0.0084,0.993,0.0975,104.285
6opaI0S2I9wgU5ZLvTcHbj,"To Julia, Op. 8: Prelude","['Roger Quilter', 'Anthony Rolfe Johnson', 'Graham Johnson', 'Duke Quartet']",46080,2003,False,,0.28800000000000003,0.0439,0.973,0.0482,113.105
4NbTiMo6surg023lpSxYc8,"To Julia, Op. 8: i - The bracelet","['Roger Quilter', 'Anthony Rolfe Johnson', 'Graham Johnson', 'Duke Quartet']",103680,2003,False,,0.315,0.113,0.9890000000000001,0.18,92.85600000000001
4eivfCvCvXIRC43a5A75KI,"To Julia, Op. 8: ii - The maiden blush","['Roger Quilter', 'Anthony Rolfe Johnson', 'Graham Johnson', 'Duke Quartet']",108720,2003,False,,0.188,0.10300000000000001,0.9890000000000001,0.134,174.477
31dKnv7HgEYza5hzN8uI34,"To Julia, Op. 8: iii - To daisies","['Roger Quilter', 'Anthony Rolfe Johnson', 'Graham Johnson', 'Duke Quartet']",130680,2003,False,,0.235,0.0648,0.9890000000000001,0.0907,89.71700000000001
1UxlX9PA6Z7LXqUBqCZurG,"To Julia, Op. 8: iv - The night piece","['Roger Quilter', 'Anthony Rolfe Johnson', 'Graham Johnson', 'Duke Quartet']",103320,2003,False,,0.484,0.127,0.988,0.46299999999999997,110.60600000000001
0Id0DwJoDPJVvTMYYH8Izy,"To Julia, Op. 8: v - Julia's hair","['Roger Quilter', 'Anthony Rolfe Johnson', 'Graham Johnson', 'Duke Quartet']",105480,2003,False,,0.17800000000000002,0.0244,0.9840000000000001,0.0377,84.741
7AgHTmJUYolAZuZh2ZYHmE,"To Julia, Op. 8: Interlude","['Roger Quilter', 'Anthony Rolfe Johnson', 'Graham Johnson', 'Duke Quartet']",29160,2003,False,,0.195,0.0225,0.978,0.07200000000000001,86.441
4MZGcqD9bnaLvnpATWKiBY,"To Julia, Op. 8: vi - Cherry ripe","['Roger Quilter', 'Anthony Rolfe Johnson', 'Graham Johnson', 'Duke Quartet']",143280,2003,False,,0.257,0.196,0.99,0.19899999999999998,164.203
1PoQYxAU19k3Z68wCaSoiZ,Love calls through the summer night,"['Roger Quilter', 'Anthony Rolfe Johnson', 'Graham Johnson', 'Lisa Milne']",333720,2003,False,,0.253,0.0601,0.992,0.0614,162.765
2BGmSWBenbDwzPIQHr4QRV,Queens are trumps,['SCANDAL'],219360,2012,False,,0.40399999999999997,0.934,0.000171,0.583,97.96799999999999
2BZE9jJuqfutmmzOviZq6r,Microphone Mathematics Remix,['Quasimoto'],145600,2002,True,,0.7829999999999999,0.8009999999999999,0.162,0.736,87.941
7gYoyMTOUOaOD5rz2wfge7,Realms of Mind,['Quanta'],359571,2014,False,,0.721,0.8,0.0698,0.303,139.996
5POhaxbeI2tzWSB2Tf7Pv6,Nature of Reality,['Quanta'],409286,2014,False,,0.62,0.852,0.0125,0.428,139.983
4MmdWtTet5dxGuc7D2NPsn,Psyswamp,"['Quanta', 'EurythmY']",387143,2014,False,,0.7070000000000001,0.805,0.0197,0.40399999999999997,140.033
5Bv5hx5Vsju3Rlcz2meH5o,Centre of the Lamp - Somatoast Remix,"['Quanta', 'Somatoast']",363750,2014,False,,0.763,0.737,0.0449,0.767,91.985
5KINg3f9BfM8f4U4caHwaS,Quazilimbo - Akasha Experience Remix,"['Quanta', 'Akasha Experience']",417431,2014,False,,0.659,0.7290000000000001,0.0246,0.503,140.001
1PoAsPseu3U2WjzcbKMylx,Our Father,['Eva Quartet'],131573,2007,False,,0.19699999999999998,0.0586,0.888,0.0398,93.581
1brBFwmbA3CzFFRQT8rbuk,To Thee We Sing,['Eva Quartet'],112133,2007,False,,0.171,0.128,0.915,0.0381,130.929
4jb0wmUChXZA7so5bVIL4p,Quetzalcoatl,['Liturgy'],287997,2015,False,,0.196,0.86,5.13e-05,0.245,110.10700000000001
44UVKo0Q7Opu1mldumEMXQ,Emigrantes celtas,"['Manuel Quiroga', 'Rachel Barton Pine']",189827,2011,False,,0.272,0.0516,0.988,0.0508,92.38
1XOiuQhuCExBaO0mwakwHu,Terra! A nosa!,"['Manuel Quiroga', 'Rachel Barton Pine']",130787,2011,False,,0.638,0.134,0.9840000000000001,0.703,63.871
0dqrRTKpxkPR8s1vh0XUdK,Que Reste-T'il De Nos Amours,['Chantal Chamberland'],253827,2014,False,,0.516,0.151,0.6809999999999999,0.282,109.19
1UR0RbyH4bKoovDNnGd53G,Quack Kills,['Psychostick'],209001,2014,True,,0.6609999999999999,0.706,0.000985,0.462,98.445
496MW7hUDz4Q3HUxzkOkaO,Que Hare Sin Ti?,['Anthony'],252413,2003,False,,0.736,0.9690000000000001,0.0397,0.875,127.215
7i5NLszRRDY2x7zNMrNRON,Que Mujer,['Anthony'],243547,2003,False,,0.812,0.925,0.0918,0.8440000000000001,128.464
7Gq1yODB9oevSf0EsEH7jT,Que Lluera Pa'Arriba,['Anthony'],237627,2003,False,,0.831,0.958,0.262,0.816,124.97200000000001
2HP4oAgqDHmxnDnooAreWY,Que Hare Sin Ti?,['Anthony'],272093,2003,False,,0.757,0.8290000000000001,0.45,0.8270000000000001,97.514
0lnDtBuV2tq4ZgiU4LaSHv,Quenten,['MDC'],186893,2009,False,,0.35,0.951,0.19699999999999998,0.602,92.705
0UwnFPy6XzF4gGPWt9z11Y,Good Question,['Brubeck Brothers Quartet'],475000,2008,False,,0.35600000000000004,0.461,0.759,0.266,96.22200000000001
6sa5FnVI9TMkUjOYLqsYrp,Cool On the Coast,['Brubeck Brothers Quartet'],349893,2008,False,,0.505,0.204,0.8640000000000001,0.15,116.87299999999999
5P57sbd82EzyYFXCbJUYnQ,Eclipse,['Brubeck Brothers Quartet'],386120,2008,False,,0.397,0.5539999999999999,0.755,0.512,115.824
364Larq9166rUWd16KAAIw,Dance of the Shadows,['Brubeck Brothers Quartet'],426827,2008,False,,0.515,0.44,0.769,0.606,81.422
0zN78LS2soXcbMhzhrhwaF,Heyoke,['Brubeck Brothers Quartet'],521067,2008,False,,0.42100000000000004,0.619,0.583,0.42,122.443
7BuN0GNN3ADdU0eUDgJcmG,7th Sense,['Brubeck Brothers Quartet'],501013,2008,False,,0.544,0.435,0.28800000000000003,0.63,92.74799999999999
6BQIcnUKZxBzw2KYxMpOuz,Friends Beyond Time,['Brubeck Brothers Quartet'],296720,2008,False,,0.512,0.17600000000000002,0.927,0.0471,110.42399999999999
6VyruoxRYmKFGzKugRfeQq,"Vignettes for Nonet, Mvt. I (Curious Expedition)","['Brubeck Brothers Quartet', 'Imani Winds']",415720,2008,False,,0.39299999999999996,0.187,0.9590000000000001,0.19699999999999998,96.786
2TVopbTlMrnUOcjYmfaeIt,"Vignettes for Nonet, Mvt II (Dunes At Dawn, Dromadaire Extraordi","['Brubeck Brothers Quartet', 'Imani Winds']",475733,2008,False,,0.359,0.26899999999999996,0.92,0.23199999999999998,153.99
1bhayE70berB94FcneFyGC,"Vignettes for Nonet, Mvt III (Tales of the Bazaar)","['Brubeck Brothers Quartet', 'Imani Winds']",467747,2008,False,,0.545,0.43,0.64,0.669,123.07700000000001
72abfpFwcKiYqZNMT0q5p3,Blue Rondo a La Turk,['Brubeck Brothers Quartet'],386893,2008,False,,0.586,0.425,0.758,0.45299999999999996,115.859
4yY1nCo6biDxwRw63Kv24m,Two of Hearts,['Stacey Q'],237533,2018,False,,0.852,0.523,0.0833,0.65,130.154
06TYgyVhZm9K2heIFk7F9a,Speed Queen,['Suicide'],147453,2000,False,,0.639,0.499,0.22699999999999998,0.317,159.154
5ZQQafyoXZhgs6sSpvUC0N,Quiero,['Gisselle'],250187,2001,False,,0.603,0.605,0.124,0.10099999999999999,124.086
471KJiHsmmM0knS5isIqpB,Quiero Que Me Beses Todas,['Gisselle'],275800,1998,False,,0.7390000000000001,0.9570000000000001,0.392,0.91,142.972
1p3dYe5dKu4jH8GMtDb1m0,Quiero Estar Contigo,['Gisselle'],258920,1999,False,,0.7929999999999999,0.958,0.445,0.94,150.126
3mGeipoChEAUwstXhCeWFY,Quiero Estar Contigo,['Gisselle'],260293,1997,False,,0.797,0.956,0.457,0.9490000000000001,150.02100000000004
0NXhl7QBNHTKlYZNmBfjNG,Quien Te Hace El Amor - Arab Mix Radio Edit,['Gisselle'],233547,2004,False,,0.62,0.902,0.122,0.6,129.963
00gskZygRvGSSxFZqgDHzg,Quiero Estar Contigo,['Gisselle'],258733,2004,False,,0.795,0.965,0.593,0.961,150.061
5n2iYP8ncuKpUVcZgSvspD,You Light Up My Life,"['Westlife', 'Quiz & Larossi']",207547,2006,False,,0.381,0.381,0.444,0.0734,84.891
0zqKuK8Ttr9p6yaoVWGTSn,Quit Playing,['Drimsbaby'],149426,2020,True,,0.8240000000000001,0.667,0.42,0.258,73.97
5IzVoFVfb0y9lBGPAgY6w1,Qc collabo,['2faces'],291533,2007,False,,0.7709999999999999,0.74,0.0379,0.8270000000000001,93.999
5vJVcxgvI2oe3r2SoEzWAG,Quand je parle de nous,['Tremblay'],221244,2015,False,,0.638,0.7340000000000001,0.0342,0.628,128.893
47d03l6eccTCsFpXIWmX3M,Qui e là,['Patty Pravo'],146493,2000,False,,0.7120000000000001,0.52,0.639,0.7170000000000001,120.236
0OpD4zIY4XgJNFX3jvsd7T,Quero Mais,['Djodje'],232412,2010,False,,0.7070000000000001,0.507,0.15,0.835,92.009
7oPCARBYgPvBoEQbsdw6tW,Banho de Cheiro / Frevo Mulher - Ao Vivo,"['O Quarteto', 'Alceu Valença', 'Elba Ramalho', 'Geraldo Azevedo', 'Zé Ramalho']",238587,1996,False,,0.381,0.821,0.855,0.841,155.425
346Epu0k83h9h14IzopU8X,Bomb Inna Sodom,['Queen Omega'],219933,2005,False,,0.74,0.606,0.149,0.484,78.068
1o7gmHtkprmJO4Vl0qzMPW,Qué Hubiera Sido,['Ventino'],189997,2018,False,,0.475,0.457,0.10300000000000001,0.17300000000000001,135.874
26P8HFwT95KO2ZVnvLiyIk,I Gotta Go,['Quintus McCormick'],194467,2012,False,,0.8290000000000001,0.618,0.521,0.762,92.068
5YOq4AbnMpdfyGhOJqxVkd,What's Good for the Goose,['Quintus McCormick'],291600,2012,False,,0.597,0.636,0.365,0.777,101.662
2hRq9GV8S07Q7tTZ7ZFw8A,What Am I Gonna Do?,['Quintus McCormick'],217000,2012,False,,0.78,0.429,0.593,0.8029999999999999,98.84100000000001
1EINTqZn8dvIL6PPcsJkZ2,It Won't Work,['Quintus McCormick'],241760,2012,False,,0.637,0.542,0.502,0.561,133.134
7m05N2RW5ScoznQ6k0dhVK,Still Called the Blues,['Quintus McCormick'],317987,2012,False,,0.736,0.6990000000000001,0.179,0.7909999999999999,100.461
5Q6Y5cAnpFuI4qfYtDnZ72,That's My Baby,['Quintus McCormick'],221667,2012,False,,0.777,0.42,0.44799999999999995,0.795,106.85799999999999
1dOmCYBUGJYZzYN0ZFP7zS,Everybody Knows About My Good Thing,['Quintus McCormick'],533240,2012,False,,0.5329999999999999,0.495,0.24100000000000002,0.5,131.001
5y5j0tnkqt0fTY160ZXNEn,I'm in Love With You Baby,['Quintus McCormick'],293627,2012,False,,0.6970000000000001,0.413,0.614,0.914,152.39600000000004
0ATXJcy67g3Wr7dGn1rO9K,Oh! Darling,['Quintus McCormick'],288933,2012,False,,0.721,0.42100000000000004,0.26,0.612,95.95200000000001
4e9Eiyw4hT4R6CaUgIbiQz,Searching for Your Love,['Quintus McCormick'],291853,2012,False,,0.7170000000000001,0.6559999999999999,0.193,0.7959999999999999,102.976
2j0JERpedSq0preQIK9PwM,Woke Up This Morning,['Quintus McCormick'],261147,2012,False,,0.5770000000000001,0.75,0.306,0.597,136.952
7cZZ7hiJaaUuz5Ih8JFzPa,Always,['Quintus McCormick'],271920,2012,False,,0.508,0.159,0.836,0.177,111.773
4DcPGy1JKoRRM6GIcoSl5u,Old Time Rock and Roll,['Quintus McCormick'],192227,2012,False,,0.843,0.654,0.374,0.9359999999999999,118.417
0ruqoPISqKyAsE42qSKvAc,You Just Using Me,['Quintus McCormick Blues Band'],237880,2011,False,,0.45399999999999996,0.652,0.162,0.878,198.332
6Aj5aRwLRkLtQx8sOA6YKO,Talk Baby,['Quintus McCormick Blues Band'],267627,2011,False,,0.815,0.61,0.444,0.898,106.626
4JswffIJH7vM34jvxPNdBb,How Quick We Forget,['Quintus McCormick Blues Band'],351667,2011,False,,0.507,0.465,0.435,0.46,137.32399999999998
0UpdiL2zP3qBFUB5lmarGy,Same Old Feeling,['Quintus McCormick Blues Band'],272280,2011,False,,0.628,0.539,0.47,0.467,88.087
4YoWPn2gM0tfTo9mWUR3dV,I Got It Babe,['Quintus McCormick Blues Band'],204680,2011,False,,0.6679999999999999,0.687,0.20600000000000002,0.728,139.891
3ernqNZQM9uKyWUZhARV9U,The Blues Has Been Good to Me,['Quintus McCormick Blues Band'],280040,2011,False,,0.47100000000000003,0.541,0.39399999999999996,0.6559999999999999,110.361
530LhJYFb7mY5XvSt7gOn6,Loveland,['Quintus McCormick Blues Band'],276680,2011,False,,0.654,0.593,0.418,0.8,116.675
1d0Dse3c9jlZ0ovcvH6rr4,Don't Know What to Do,['Quintus McCormick Blues Band'],266107,2011,False,,0.611,0.644,0.11900000000000001,0.919,152.708
3slrPS9JMBhjvbCDGw7Ub8,Change,['Quintus McCormick Blues Band'],338307,2011,False,,0.552,0.5329999999999999,0.402,0.645,153.868
19DrkLC1MGWZG2pqoqIiDV,Put It on Me!,['Quintus McCormick Blues Band'],234187,2011,False,,0.632,0.767,0.174,0.863,138.666
1Qw1i4h0rOrVFDJ9xATPYI,Sadie,['Quintus McCormick Blues Band'],256013,2011,False,,0.8109999999999999,0.747,0.527,0.8029999999999999,123.59100000000001
5Ms63ECN96Pr0pnZsZlDgU,Say Lover,['Quintus McCormick Blues Band'],242827,2011,False,,0.5479999999999999,0.486,0.473,0.7070000000000001,152.509
4zty7Tl1d84Qafs0HHNcJl,Lady Blue,['Quintus McCormick Blues Band'],343160,2011,False,,0.637,0.342,0.457,0.331,135.554
0lWX2sh5UkdgMLV3JldP2l,Hallelujah,['Quintus McCormick Blues Band'],299307,2011,False,,0.532,0.494,0.654,0.615,147.155
1yoWunteMFc5KVSvKayNtO,Qu's Marsh,['TPR'],170123,2013,False,,0.596,0.031,0.991,0.0375,136.029
0lqsgKlSJkuBbRWTlYoXp9,In The Zone (feat. Wyclef Jean) - King Sahpreem Mix,"['Ivy Queen', 'Wyclef Jean']",214507,1997,False,,0.789,0.635,0.000769,0.499,98.999
4QzSfetAFmWDUVYQ3saaIU,Quiet Light,['Lattice'],161173,2013,False,,0.22899999999999998,0.33899999999999997,0.985,0.0279,70.336
1Eq511Oy6CLppz8Jr47ayD,My Lady Greensleeves (arr. J. Lloyd Webber for 2 cellos and piano),"['Roger Quilter', 'Julian Lloyd Webber', 'Jiaxin Lloyd Webber', 'John Lenehan']",173320,2013,False,,0.17800000000000002,0.0447,0.991,0.139,82.052
6fzapONJNNy15B4mY4V0pB,Summer Sunset (arr. J. Lloyd Webber for 2 cellos and piano),"['Roger Quilter', 'Julian Lloyd Webber', 'Jiaxin Lloyd Webber', 'John Lenehan']",136733,2013,False,,0.0822,0.0286,0.995,0.0672,173.678
1pk846tUBJWRerTobzOUFI,Somersaulting,['Channing & Quinn'],280293,2012,False,,0.8220000000000001,0.655,0.377,0.46299999999999997,120.00299999999999
5m78MU8ZcbwnTDBiKHK5tV,One Beat,['Channing & Quinn'],202520,2012,False,,0.633,0.446,0.7290000000000001,0.45799999999999996,79.982
2La0bGvcgTqbz6qtuogMNO,Origami,['Channing & Quinn'],200547,2012,False,,0.804,0.541,0.20199999999999999,0.7979999999999999,113.991
1CQW6WzH3bqcJjHR0GAuQm,The String,['Channing & Quinn'],281373,2012,False,,0.38799999999999996,0.429,0.684,0.19,66.528
20S8k0jwoMPIG4DVNX4ZRP,Friendly Fire,['Channing & Quinn'],223707,2012,False,,0.273,0.185,0.83,0.307,90.781
1Ln3EF7MXszgMa9ODkVfcK,80 More Years,['Channing & Quinn'],206267,2012,False,,0.47600000000000003,0.23800000000000002,0.546,0.31,66.699
7bTEi4GTu6bTFaUgrLMxhY,Traits of Addiction,['Channing & Quinn'],135827,2012,False,,0.539,0.529,0.597,0.743,179.896
3Mpz3lZVpqFZIWuHcQdS43,World vs. Me,['Channing & Quinn'],259933,2012,False,,0.298,0.28300000000000003,0.8029999999999999,0.0737,139.694
5eYDq8VPWBrxkV5x8BNyMo,Underneath This Big Striped Tent,['Channing & Quinn'],99853,2012,False,,0.88,0.596,0.7020000000000001,0.8240000000000001,116.001
3tDCg9HbzdVb9RMkMMFyOx,Slow Burn,['Channing & Quinn'],184993,2014,False,,0.493,0.355,0.6990000000000001,0.0961,111.384
661yks4HjxnNO4SJq9TUkv,Shoes of Lead,['Channing & Quinn'],218788,2014,False,,0.645,0.157,0.75,0.16399999999999998,80.009
0lRcHvV0VaZWGKtLB9ppMN,The Stalker Song,['Channing & Quinn'],193541,2014,False,,0.8640000000000001,0.212,0.843,0.602,135.012
5z0VuCuWqImPTIfN7dl7Vu,Wayward Shadow,['Channing & Quinn'],215224,2014,False,,0.6659999999999999,0.21899999999999997,0.941,0.087,131.601
2Z9KGGLH4Oje8KPl1rnaEE,Fall,['Channing & Quinn'],138251,2014,False,,0.858,0.732,0.655,0.966,109.15899999999999
73VQ8TGlhiRgJBZpKHUmXT,Tuesday,['Channing & Quinn'],206069,2014,False,,0.52,0.272,0.815,0.284,88.256
1tKuG7nSn792hF1ycAmnku,Temporary Things,['Channing & Quinn'],293853,2014,False,,0.581,0.396,0.6579999999999999,0.077,78.99
5fN6c7gflC1Ev7Y7RZ0JUT,Mountain Wedding,['Channing & Quinn'],132012,2014,False,,0.618,0.21600000000000005,0.9540000000000001,0.637,99.26
3HbOGZxTqrPymSUyd9iCK0,String Quartet No. 7: I. Allegro moderato,"['Quincy Porter', 'Ives Quartet']",397080,2015,False,,0.285,0.138,0.9,0.092,140.664
2kMdDDpuW8tBkZw6dYcJ7E,String Quartet No. 7: II. Adagio molto,"['Quincy Porter', 'Ives Quartet']",289427,2015,False,,0.0957,0.11800000000000001,0.838,0.027999999999999997,83.625
7D3RqEKtLTKLmbMzrzhQPB,String Quartet No. 7: III. Allegro moderato,"['Quincy Porter', 'Ives Quartet']",250307,2015,False,,0.28300000000000003,0.165,0.821,0.13,93.294
6Clmm7ZdMp9JZVGBgTN0Ei,String Quartet No. 5: I. Adagio ma non troppo - Allegro moderato -,"['Quincy Porter', 'Ives Quartet']",369133,2015,False,,0.228,0.125,0.948,0.0388,144.75
1PImzhOqWCogXhIpeub2kc,"String Quartet No. 5: II. Andante, calmo","['Quincy Porter', 'Ives Quartet']",351547,2015,False,,0.124,0.0501,0.872,0.0354,92.846
36wRJ02W7EWwgr8tNsqq81,String Quartet No. 5: III. Allegro molto,"['Quincy Porter', 'Ives Quartet']",342173,2015,False,,0.23,0.273,0.8009999999999999,0.17,91.572
3yJt0flY6wJk5PS0DzBTU9,String Quartet No. 6: I. Allegro molto,"['Quincy Porter', 'Ives Quartet']",519720,2015,False,,0.284,0.223,0.934,0.24100000000000002,74.692
4QZYQy30cTewqvsXhaW5wd,String Quartet No. 6: II. Adagio,"['Quincy Porter', 'Ives Quartet']",325627,2015,False,,0.0904,0.105,0.9420000000000001,0.0301,75.286
3D18I0vNiBaTkBW3EDcgu4,String Quartet No. 6: III. Allegro giocoso,"['Quincy Porter', 'Ives Quartet']",240800,2015,False,,0.215,0.237,0.857,0.24600000000000002,178.71200000000005
0IYHIx8uJe8RPyTkCdRDjW,String Quartet No. 8: Lento - Allegro - Poco meno mosso -,"['Quincy Porter', 'Ives Quartet']",570200,2015,False,,0.17,0.121,0.893,0.0368,75.578
2howQDxW241FLqdEqM4iSw,String Quartet No. 8: Adagio molto espressivo,"['Quincy Porter', 'Ives Quartet']",288267,2015,False,,0.17300000000000001,0.0991,0.9440000000000001,0.0368,114.26799999999999
4w0RBksTFJ3eEHUsF7hYLC,Scroll of the Wrist Beam,['Qbert'],269627,2001,False,,0.7909999999999999,0.9620000000000001,0.0514,0.35,174.555
3U9SgJlGDYcUHc34wKIfAd,"Overture (Suite) No. 2 in B minor, BWV 1067 : Overture (Suite) No. 2 in B minor, BWV 1067: V. Polonaise","['Shanghai Quartet', 'Various Artists', 'Eugenia Zukerman']",185400,1998,False,,0.498,0.0549,0.978,0.7020000000000001,114.525
2p1Q2Kz8feZxRQC0yQEc50,Reach Out,['The Q!'],223014,2014,False,,0.449,0.785,0.00381,0.469,152.304
6SxvKzBAdG2kmvkJv4u8Vy,Come Back Around,['The Q!'],206401,2014,False,,0.42200000000000004,0.9079999999999999,0.000312,0.564,162.02
75x8XmYHR7QfximlGfc9m8,Slow Down,['The Q!'],216539,2014,False,,0.655,0.7040000000000001,0.00521,0.564,132.04
4kMMmZBwc3REp8OQPv1q9A,Another Day,['The Q!'],225671,2014,False,,0.47700000000000004,0.635,0.0148,0.20199999999999999,149.605
3OIkcMEX1B30WKti5U0aN6,Save Us,['The Q!'],244969,2014,False,,0.501,0.698,0.0037600000000000003,0.22,94.946
5dVGHWX1GkARuCvqVQ3Zdy,Gone,['The Q!'],217085,2014,False,,0.507,0.423,0.0497,0.191,129.497
6C7kJcDQzQRXvFPIdCxuTn,The Butterfly Effect,['Quantica'],469859,2013,False,,0.632,0.9520000000000001,3.39e-05,0.0518,141.993
0lf8zLlRAi1awpoyWmXmN4,How Many Times Do You Want to Be in Love?,['Quiet Company'],149933,2013,False,,0.5820000000000001,0.235,0.21,0.23399999999999999,134.834
4PbzGASZiXFekOaO4tT79C,Fashionable,['Quiet Company'],266453,2013,False,,0.568,0.883,0.0133,0.574,128.003
1kLBqO6CQFV5qWrPrtM4EL,Well Behaved Women Rarely Make History,['Quiet Company'],290280,2013,False,,0.44299999999999995,0.514,0.14,0.218,74.993
3HYafPfHZVLpUgHmwTWALA,Tie Your Monster Down,['Quiet Company'],290173,2013,False,,0.593,0.43,0.0661,0.39399999999999996,120.92200000000001
6p9mywy4aljoveFRL23UpE,...then Came a Sudden Validation,['Quiet Company'],343347,2013,False,,0.652,0.616,0.14,0.25,111.06200000000001
4cS0moROQsjjGTmevSpuLh,I Was Humming a New Song to Myself,['Quiet Company'],261120,2013,False,,0.602,0.5660000000000001,0.185,0.456,139.114
0BnDi7MMkh7rYd7SB4zOUg,The Emasculated Man and the City That Swallowed Him,['Quiet Company'],174987,2013,False,,0.561,0.6859999999999999,0.0388,0.635,75.94800000000002
3D5aHZVM5N1YkVGIFPO113,Love Is a Shotgun,['Quiet Company'],279733,2013,False,,0.605,0.397,0.175,0.22899999999999998,76.002
6Z4WcOgqPfTyeBDv04SI31,So Gracefully,['Quiet Company'],151893,2013,False,,0.66,0.149,0.7090000000000001,0.491,90.00299999999999
3zFfmJ8D5VPexByc2t5Kkb,Circumstance,['Quiet Company'],224520,2013,False,,0.483,0.929,0.00020899999999999998,0.31,150.983
2ToUKNuEkPNpRbYb0MykPi,I've Got a Lot of Problems With You People,['Quiet Company'],108600,2013,False,,0.41200000000000003,0.15,0.985,0.124,61.972
3rLP8zegUbxALefBFBuPTa,We Change Lives,['Quiet Company'],412307,2013,False,,0.218,0.659,0.0531,0.355,65.329
4s6LK7KCSYpGTsRsP9FfMv,When You Pass Through the Waters,['Quiet Company'],118440,2013,False,,0.607,0.0178,0.7609999999999999,0.0237,90.12299999999999
5kUK9PptIpG4lnzUGggrWU,...and You Said It Was Pretty Here,['Quiet Company'],184293,2013,False,,0.47100000000000003,0.91,6.91e-05,0.634,145.952
2AB6P3gGlu95cMZ9U0Nlx0,Gun Control Means Using Both Hands,['Quiet Company'],271813,2013,False,,0.41100000000000003,0.47,0.12,0.135,159.98
2qgMR6Jk3RAlWdylo8rafJ,Quiet My Heart,['Brooke Barrettsmith'],246120,2008,False,,0.58,0.483,0.321,0.23,143.976
06P1gYU6O0PxQITiTbC6OU,Quiet Streets,['Brooke Barrettsmith'],191987,2008,False,,0.392,0.9309999999999999,0.007140000000000001,0.674,163.94799999999995
7HtFbhcGjvqy0Nn0onseok,California Pictures for String Quartet: Oakland,"['Quartet San Francisco', 'Jeremy Cohen', 'Matthew Szemela', 'Chad Kaltinger', 'Kelley Maulbetsch']",386400,2013,False,,0.578,0.23399999999999999,0.946,0.696,97.899
1SngvJRGs40PwuqxB93qdJ,California Pictures for String Quartet: Carmel,"['Quartet San Francisco', 'Jeremy Cohen', 'Matthew Szemela', 'Chad Kaltinger', 'Kelley Maulbetsch']",210467,2013,False,,0.11699999999999999,0.21600000000000005,0.925,0.0613,82.336
1IrvsSQtXhcihkPeXodWqv,California Pictures for String Quartet: Venice,"['Quartet San Francisco', 'Jeremy Cohen', 'Matthew Szemela', 'Chad Kaltinger', 'Kelley Maulbetsch']",434853,2013,False,,0.542,0.33,0.95,0.39399999999999996,103.26799999999999
4menm9fBvar72wXlzxdlTk,Funky Diversions in Three Parts: Mike and Randy,"['Quartet San Francisco', 'Jeremy Cohen', 'Matthew Szemela', 'Chad Kaltinger', 'Kelley Maulbetsch']",345960,2013,False,,0.5479999999999999,0.254,0.948,0.586,149.989
4unu6iqSFlVg2A9JEF0cke,Funky Diversions in Three Parts: Towner,"['Quartet San Francisco', 'Jeremy Cohen', 'Matthew Szemela', 'Chad Kaltinger', 'Kelley Maulbetsch']",296280,2013,False,,0.17800000000000002,0.156,0.899,0.121,168.053
5ESNdKDkPfgM2QKFaGlvap,Funky Diversions in Three Parts: Maurice White,"['Quartet San Francisco', 'Jeremy Cohen', 'Matthew Szemela', 'Chad Kaltinger', 'Kelley Maulbetsch']",312387,2013,False,,0.474,0.276,0.961,0.34600000000000003,118.875
51sYNb8vht5h1QSSrlDJI6,The Bay Is Deep Blue,"['Quartet San Francisco', 'Jeremy Cohen', 'Matthew Szemela', 'Chad Kaltinger', 'Kelley Maulbetsch']",508653,2013,False,,0.507,0.264,0.894,0.17300000000000001,117.206
5GoRNiX2g6bq4AL1twDYFS,Three Stages for String Quartet: Focus,"['Quartet San Francisco', 'Jeremy Cohen', 'Matthew Szemela', 'Chad Kaltinger', 'Kelley Maulbetsch']",182253,2013,False,,0.608,0.205,0.95,0.63,160.269
1qoW7h5r3Vu8p1LXpQ6Ugg,Three Stages for String Quartet: Contemplation,"['Quartet San Francisco', 'Jeremy Cohen', 'Matthew Szemela', 'Chad Kaltinger', 'Kelley Maulbetsch']",229760,2013,False,,0.212,0.142,0.963,0.0747,84.45
2HpoRWzxoU0a71TGHqILD4,Three Stages for String Quartet: Resolution,"['Quartet San Francisco', 'Jeremy Cohen', 'Matthew Szemela', 'Chad Kaltinger', 'Kelley Maulbetsch']",244640,2013,False,,0.594,0.256,0.9640000000000001,0.586,143.88
0gRzxljbkwIH6ZrF5c1ViP,Guamba,"['Quartet San Francisco', 'Jeremy Cohen', 'Matthew Szemela', 'Chad Kaltinger', 'Kelley Maulbetsch']",476293,2013,False,,0.444,0.365,0.899,0.364,124.229
2K9i8h0hl9cLAP3IL0cR69,Hustle Up,['Queen Omega'],257693,2002,False,,0.738,0.391,0.20600000000000002,0.794,81.10600000000002
2Y5WadNIxepp35vxQ4twIP,Heat Is Not Made of Tiny Hot Things,['Mystikos Quintet'],338000,2007,False,,0.687,0.639,0.0187,0.365,140.018
5xjqwUZ7asIDbcatDII7lQ,Empty Chicago,['Mystikos Quintet'],329093,2007,False,,0.6659999999999999,0.618,0.0449,0.731,79.988
4nu3jH4LmnZEDXSJ9jVjO7,You Know Soul,['Mystikos Quintet'],300253,2007,False,,0.792,0.381,0.009470000000000001,0.415,99.98
4zd8sEzwBUICS7rk7bwcLD,Golden Gate,['Mystikos Quintet'],306013,2007,False,,0.6659999999999999,0.419,0.755,0.5,100.035
0bQR2YjgKwZpgPvyVzTiqk,Here I Come,['Mystikos Quintet'],269000,2007,False,,0.6829999999999999,0.574,0.0007440000000000001,0.23,80.012
01ezXqJHQw4xAnJQuqUTxz,Strada Incognita,['Mystikos Quintet'],329587,2007,False,,0.735,0.509,0.213,0.5429999999999999,119.979
2T1jK2lygHLVRkIiwIaMmP,Kind Kind Bud,['Mystikos Quintet'],350453,2007,False,,0.7859999999999999,0.65,0.256,0.812,129.993
3ZS8j63PtJe4TvcwdOBN65,Fresh Mud,['Mystikos Quintet'],332000,2007,False,,0.8270000000000001,0.44299999999999995,0.00792,0.68,79.999
5bV65m28HrD27bbgG9UvW5,Nowhere To Go,['Mystikos Quintet'],256400,2007,False,,0.8420000000000001,0.434,0.3670000000000001,0.449,99.98100000000001
5AZM9cvWBj3tQfldS38ZBz,One Night At the Egyptian,['Mystikos Quintet'],324280,2007,False,,0.7829999999999999,0.68,0.0919,0.579,119.995
4nKw7rwUHTvejfVwJZxurb,Everybody Else Went Up But I Went Down,['Mystikos Quintet'],386040,2007,False,,0.765,0.565,0.0279,0.426,91.99600000000001
25AfwqcpVWlS0lR6EtTNbn,Won't You Be With Me,['Mystikos Quintet'],298600,2007,False,,0.809,0.511,0.0855,0.74,99.955
78aDjzvozbmlOOre5CvwzY,Bring Me What Ya Got For Me,['Mystikos Quintet'],324133,2008,False,,0.7440000000000001,0.789,0.0548,0.5589999999999999,129.995
7mLLWFqkIlFC2MfSsGBqc9,You Find Out What's Inside,['Mystikos Quintet'],336027,2008,False,,0.762,0.711,0.00278,0.34,119.99700000000001
3pDhSbR0AujE2sq4qYghAD,The Revelator,['Mystikos Quintet'],219827,2008,False,,0.765,0.711,0.0575,0.55,119.977
5ZMg0dm50ZmbCIPtjDGGCA,Drop Steady,['Mystikos Quintet'],285133,2008,False,,0.7709999999999999,0.759,0.0022600000000000003,0.5920000000000001,130.018
12qFQh9OtuB3v0tzheyc9C,Slow Train to Nowhere,['Mystikos Quintet'],263747,2008,False,,0.617,0.522,0.00379,0.396,95.007
39HyMbKOxziRY1MEn7OJmT,Travelers Rest,['Mystikos Quintet'],327413,2008,False,,0.8009999999999999,0.445,0.198,0.6890000000000001,99.985
1gTeRKpfJRAV0jQQEk2AsN,Palmetto State of Mind (Watusi Brothers Club Version),['Mystikos Quintet'],303013,2008,False,,0.885,0.662,0.0402,0.855,127.976
4A9AmyUEaZ4ke1IFpZRQhw,House Cats,['Mystikos Quintet'],266173,2008,False,,0.782,0.7440000000000001,0.0038,0.499,124.96600000000001
2SH2Lu8DfNib6MaT0eeoMp,Mr. Bendo,['Mystikos Quintet'],295853,2008,False,,0.72,0.675,0.000412,0.765,135.025
1zt0OfYT37M4zqd2Y5yPDs,Easy Listening (Watusi Brothers Remix),['Mystikos Quintet'],300133,2008,False,,0.7290000000000001,0.937,0.0245,0.532,129.99
0a3tiUOJ74Cp7PYmA8baGz,Goin' On,['Mystikos Quintet'],283987,2008,False,,0.8320000000000001,0.75,0.000714,0.9420000000000001,130.005
7zvbN50bUjhZKbWbHDoxJG,Quietus,['Boom'],219373,2014,False,,0.474,0.5429999999999999,0.000348,0.423,82.883
1AHT9prsN803fJYFr0vII9,QC Fabulous,['CEA'],226707,2006,False,,0.8240000000000001,0.85,0.0982,0.87,99.87899999999999
72NGS85XZ16fDfC3rGtVfD,Qué Jaleo!!!: Los Baldíos / Un Guardia Civil / Si Con el Pensamiento / Triana Brilla,['Raya Real'],207573,2012,False,,0.626,0.755,0.11,0.637,100.09299999999999
3MNRNHorLwuv0rx36Yzhgw,Time,['Good Question'],270560,2005,False,,0.517,0.5720000000000001,0.6409999999999999,0.414,170.34799999999996
4vcF7jicMaAiWZmcLDV7mj,Surreal,['Good Question'],286893,2005,False,,0.465,0.76,0.273,0.344,76.081
0ypJliBxK7yq7ZgxFCwxX9,For the Chicks,['Good Question'],288147,2005,False,,0.589,0.7140000000000001,0.11599999999999999,0.7959999999999999,146.205
7MHqapC9nKnnwLvk8o1HBN,Out There,['Good Question'],280093,2005,False,,0.601,0.8540000000000001,0.57,0.556,114.977
1G8uVWZSyk8HUmXPSrTEEY,Scourge,['Good Question'],216000,2005,False,,0.46799999999999997,0.627,0.0772,0.48700000000000004,130.048
1iIpl1a8BAH0QHQbteQ1xh,Overflow,['Good Question'],294027,2005,False,,0.556,0.7859999999999999,0.478,0.54,145.09799999999996
41w4Xm0t09yqQNQZUwsd8d,Dreamin',['Good Question'],235853,2005,False,,0.5870000000000001,0.6890000000000001,0.45899999999999996,0.534,137.185
5Q2q2WU2LVl1j2ELDV38L6,King of the Cubicle,['Good Question'],203947,2005,False,,0.575,0.725,0.452,0.747,135.004
2Pl78t6ruf0alFa273SGma,Rearview Mirror,['Good Question'],210400,2005,False,,0.507,0.8190000000000001,0.0156,0.853,154.07299999999995
3MoLaR5zqmfb6gR3sDQdxp,Fireworks,['Good Question'],256400,2005,False,,0.556,0.503,0.836,0.179,129.52
2vydzGvX6ICKjCIdANYatp,Qué Jaleo!!! (Sevillana Version),['Raya Real'],207627,2012,False,,0.6759999999999999,0.691,0.11800000000000001,0.652,100.009
1bRAs3k525gpUw944GcW7g,Qu'est-ce tu dis d'ça?!?,['83'],236773,2004,False,,0.8590000000000001,0.731,0.00657,0.763,94.959
1wC7acJxooa5kRcZt0qXdb,Make You Feel My Love - Acoustic Version,['Queen Bees'],223813,2018,False,,0.612,0.10300000000000001,0.9359999999999999,0.161,134.507
74KxrLTJkn8904ugklOm2R,Don't Call Back,['Queen Paula'],207987,2003,False,,0.934,0.8959999999999999,0.568,0.965,96.89399999999999
10DotlyzdGwAhQZG4iTf8M,Spaceout (feat. Chris Rayner),"['M. Queen', 'Chris Rayner']",228000,2016,False,,0.647,0.38799999999999996,0.46399999999999997,0.314,119.992
2c3eWj7cTqOQw6spX7359n,Get Loose - Remix,['Quanteisha'],243733,2009,False,,0.7909999999999999,0.8079999999999999,0.0049,0.889,120.01700000000001
0KObx1BVveCjbOCns1XQQu,Song For A Winter's Night,['Quartette'],252307,2003,False,,0.496,0.44299999999999995,0.8109999999999999,0.526,83.926
76cygJy2looCYw1TDv8Bvx,Para Que Comprendan,['Palmenia Pizarro'],166696,2014,False,,0.8240000000000001,0.408,0.8140000000000001,0.741,119.486
0jrvDbFsRGFO6uSTBbVkLk,Para Que No Me Olvides,['Palmenia Pizarro'],212892,2014,False,,0.69,0.35,0.8859999999999999,0.5710000000000001,95.385
773NNmJXFt3r5AVnk1plMe,Julia Delaney's / Noelle O'connor's / Farewell to Erin - Live,"['Toner Quinn', 'Malachy Bourke']",370000,2013,False,,0.505,0.312,0.982,0.961,110.265
7fz1KsHbkX5M3sMpsFGnPb,Cúl na nGabhar / Ríl an Ráithín - Live,"['Toner Quinn', 'Malachy Bourke']",269000,2013,False,,0.563,0.183,0.981,0.7929999999999999,103.15700000000001
7nvXO6shUp86rXRMol9oG0,Ryan's Slip-Jig / Clancy's Dream / The Wren's Nest / The Cordal Jig - Live,"['Toner Quinn', 'Malachy Bourke']",418000,2013,False,,0.512,0.22899999999999998,0.983,0.9540000000000001,133.93
1QKTVadTPWbIDMTFRDfe1V,The Ace and Deuce of Piping / The Kerry Jig / The Ballintore Fancy - Live,"['Toner Quinn', 'Malachy Bourke']",274000,2013,False,,0.5,0.16699999999999998,0.988,0.961,171.673
65H9uBBbo3jxGBSVCQ4DV4,Harry-O - Live,"['Toner Quinn', 'Malachy Bourke']",143000,2013,False,,0.469,0.7,0.987,0.7290000000000001,141.006
6NuVoFqvM9j7M0zadmupYP,Quiet Man,['Yanni'],277600,1990,False,,0.6609999999999999,0.46299999999999997,0.617,0.335,124.86
3ryFyifzPI28Qw8AphtctT,Questioningly,['Miriam'],221981,2014,False,,0.531,0.524,0.499,0.53,109.96700000000001
5ecqHTVhiXlCFeQxxPgBxt,"Come One, Come All",['Qiet'],398181,2014,False,,0.34700000000000003,0.78,0.105,0.322,116.25
0AWX5gam3VZUmztConMOXY,Get Found,['Qiet'],227748,2014,False,,0.287,0.833,0.0817,0.5329999999999999,207.085
2xQWxPxkT2ly7GNeLAN4ss,Cosby Sweater,['Qiet'],204589,2014,False,,0.231,0.8959999999999999,0.289,0.298,156.674
6C3Z3EEYCRXH5ArXtTdL4c,The Indie Song,['Qiet'],266316,2014,False,,0.515,0.958,0.0833,0.525,134.593
0MuFYFUltfM4IvGnZSu2YM,"Pretty, Perfect",['Qiet'],230027,2014,False,,0.363,0.825,0.201,0.7040000000000001,116.419
7BWdp7ix0ohWhzWE1VrM8B,The Vaudevillain,['Qiet'],174207,2014,False,,0.46299999999999997,0.8590000000000001,0.284,0.6779999999999999,114.902
7zqKAySKzZ2okNtZNIbFwW,Splendid Divine,['Qiet'],298033,2014,False,,0.255,0.7959999999999999,0.379,0.175,126.51299999999999
2QvnlBVdOfePaZ0uMHwyvD,Little Window (Intro),['Qiet'],54651,2014,False,,0.275,0.722,0.0565,0.149,88.15
1MznaSf9GO41WYQE8MsjsV,Little Window,['Qiet'],300129,2014,False,,0.278,0.6990000000000001,0.0447,0.41,92.831
5B77oYrMHzxScaQocedrzJ,Hirudineans,['Qiet'],212454,2014,False,,0.32799999999999996,0.33399999999999996,0.506,0.0986,136.263
7zYVFjNXfnyIGOh1Kd22ef,Rumba,['Qiet'],253210,2014,False,,0.489,0.584,0.0407,0.201,125.88600000000001
0R5QcDGnnqTuALsq3AFzXQ,Money,['Qiet'],219714,2014,False,,0.387,0.72,0.35,0.267,118.665
0SHOhA8BNtmgj9nQxXYcm5,Final Leap,['Qiet'],253245,2014,False,,0.336,0.9,0.132,0.436,118.637
2ffyCQEnTAzFiv9sJrEKEY,62 Seconds,['Qiet'],62017,2014,False,,0.521,0.254,0.981,0.16,120.211
1UZgudt0edQhmam0iUPkzG,Pet Driftwood (Intro),['Qiet'],59716,2014,False,,0.289,0.20600000000000002,0.961,0.051,40.305
3wYCfXTrWamosQF0oAPjRQ,Pet Driftwood,['Qiet'],369094,2014,True,,0.21100000000000002,0.508,0.10800000000000001,0.0846,141.484
0bJetOKFoZA5R6LFa6qMsE,"Good, Giving, Game",['Beauty Queen Autopsy'],190373,2015,False,,0.8,0.5820000000000001,0.126,0.59,127.999
2zNogBV5Py0B94ujGiafmn,Spread,['Beauty Queen Autopsy'],202947,2015,False,,0.441,0.91,0.00035299999999999996,0.34700000000000003,166.02700000000004
6ZNw7Bacl6o2dKnGMMoWUP,Contaminate Me (Dirty Thoughts),['Beauty Queen Autopsy'],278067,2015,False,,0.555,0.545,0.00815,0.0905,73.987
5X8HnERH6u6LoKeqw5fiRg,Dorothy Parker Had Days Like This,['Beauty Queen Autopsy'],277107,2015,False,,0.474,0.364,0.9209999999999999,0.156,91.99700000000001
0h6nRvON334eylGx9XBDCm,Birthday Pony,['Beauty Queen Autopsy'],218880,2015,False,,0.636,0.6679999999999999,0.0795,0.231,108.027
46koGFpNjh5VaDCizUwvyL,Methadone,['Beauty Queen Autopsy'],213227,2015,False,,0.585,0.748,0.0177,0.155,179.959
6KMaihr1iv3GMiElYWyXbj,Lotharia,['Beauty Queen Autopsy'],216587,2015,False,,0.643,0.787,0.212,0.294,129.99200000000002
2LsSny6XH7ztUeMlJLsesX,Pumps,['Beauty Queen Autopsy'],204333,2015,True,,0.428,0.975,0.0075299999999999985,0.28,146.02700000000004
7xaxoRaHmP5twDtqD5fZOR,The Taxidermist,['Beauty Queen Autopsy'],163707,2015,False,,0.67,0.32799999999999996,0.0035,0.49,99.973
5dezGGgQfPNpkM2H3dYnwV,Petit Mort,['Beauty Queen Autopsy'],274560,2015,True,,0.634,0.726,0.0008029999999999999,0.552,115.008
1LEjndKoJzBj8oJMy5WOLx,We Libertines,['Beauty Queen Autopsy'],277107,2015,False,,0.264,0.847,0.177,0.252,90.01
6MIatqUVSJYgpWcspmGNM8,The Devil You Don't,['Beauty Queen Autopsy'],242347,2015,False,,0.509,0.321,0.527,0.0637,116.53299999999999
7D7QbD6wAEX8vGxUO32HkR,Make You Feel My Love - Acoustic Version,['Queen Bees'],223813,2018,False,,0.612,0.10300000000000001,0.9359999999999999,0.161,134.507
1sfPalXGVSE5bZ6lCRigct,Annunciation,['QawaBeat'],307987,2013,False,,0.7440000000000001,0.599,0.0406,0.446,180.018
5cndYas5vtrAEnP14ONonn,Que No Diera,['Gisselle'],224267,2000,False,,0.6679999999999999,0.9279999999999999,0.38,0.6,120.06299999999999
6kBpY4mzjOEdMLZqbrEzdq,Quien Te Hace El Amor,['Gisselle'],244213,2000,False,,0.462,0.479,0.52,0.131,80.992
2NzL1fcIGZqVAyWMD43N47,Quen Serve Santa Maria,['Perkelt'],151920,2011,False,,0.713,0.698,0.713,0.97,107.22399999999999
6FgN2a1QMkcDVX3K0dQlZ6,Quen Quer Que,['Perkelt'],198013,2011,False,,0.395,0.608,0.406,0.85,155.577
1l1ZKj6FxhQM6bMTfkdxgA,Questions,['Comaneci'],211930,2018,False,,0.315,0.484,0.10099999999999999,0.233,84.15299999999998
5eAwA8J5hznfwevBmwdLJR,No More,['Queen of Sheba'],203416,2015,False,,0.747,0.392,0.24,0.465,105.04
6PQMcwXJuycTpyrPYzEXkV,Quarterback Job,['Sherlock'],212951,2015,True,,0.705,0.708,0.000978,0.46,133.02100000000002
6osgctJYEa1eKGxlABhxX8,"Quite Exciting, This Computer Magic",['Spraynard'],117520,2011,False,,0.51,0.9179999999999999,0.0035399999999999997,0.727,104.0
70uXa3q0L9rWjbvjYvJAWa,Quienes,['Celtas Cortos'],234320,2014,False,,0.4270000000000001,0.77,0.0833,0.514,159.945
6mbivx4JNyVYuJPtdgWSoI,Quiet My Mind - Ascent Remix,['Ovnimoon'],463071,2014,False,,0.653,0.925,5e-05,0.187,138.006
7LwehaLAyq2YKAzFSwRffv,Xlao Tshao,"[""Qwii Music Arts' Trust Khoi San Music""]",88133,2003,False,,0.46399999999999997,0.5670000000000001,0.429,0.95,169.03900000000004
7k22NSOvOcnd2U13pqRk79,Tsweretswere,"[""Qwii Music Arts' Trust Khoi San Music""]",46027,2003,False,,0.802,0.46799999999999997,0.8759999999999999,0.847,96.37200000000001
2c44wGTY5Q60SyD6XRDdSV,Xlao Tshao - Remix by Mr. Bill and Mr. Ben,"[""Qwii Music Arts' Trust Khoi San Music"", 'Mr. Bill', 'Mrben']",307520,2003,False,,0.845,0.857,0.23600000000000002,0.742,102.45100000000001
0LPAeTxfCgquahxjmXHlCg,Quiero Perderme,['Bronco'],183000,2019,False,,0.693,0.637,0.331,0.861,145.82299999999995
77YKgBGPsMaVcH2M1TC7I6,A Maturrangaina,"['Quempallou', 'Harry Price']",212338,2014,False,,0.532,0.46799999999999997,0.516,0.606,169.774
3cyXmWpzu6s2DlzXMMN43x,Fandango da Lagarteira,"['Quempallou', 'Harry Price']",177675,2014,False,,0.606,0.489,0.813,0.89,122.995
5BENZVUtVYL4JNTOqgwASw,Folión e Sega,['Quempallou'],255727,2014,False,,0.669,0.557,0.128,0.65,128.981
7ywXPyH7ZbZHwteDuY78Tp,Only Love,['Razor Queen'],220000,2016,False,,0.532,0.78,0.0107,0.327,105.17200000000001
4OfnwzW7UhdeXWcDykG7G3,Breakfast In America,['Razor Queen'],142000,2016,False,,0.435,0.792,0.00013700000000000002,0.601,158.88299999999995
1BsCq2fxpa1llb73lDdgw5,With You,"['ILLENIUM', 'Quinn XCII']",186125,2016,False,,0.6759999999999999,0.6970000000000001,0.0772,0.11800000000000001,89.95
7z7ol3wEDZAVrfF0Wlxxkf,The Secret,['Merlin Q'],164893,2010,False,,0.462,0.8190000000000001,0.5479999999999999,0.616,136.07299999999998
6rE5H1kdjei3V4Qw6yehPY,The Avenue Q Theme,['Avenue Q Ensemble'],62693,2003,False,,0.622,0.284,0.715,0.787,71.54899999999998
0pqH2f3i1VfoqB0WXOko2e,Questintro Intro,['Questio Io'],126037,2016,False,,0.336,0.26899999999999996,0.935,0.344,94.302
02fdcdc2tfjcfwEgXqSdJ5,A Good Time To Call,['Questio Io'],362602,2016,False,,0.5710000000000001,0.474,0.39399999999999996,0.41,127.90299999999999
0HJFCr3DwhaYCkoD3Dd2Dz,Steve Gadd’s Dad Part 1,['Questio Io'],252818,2016,False,,0.32,0.17800000000000002,0.5820000000000001,0.0839,98.55799999999999
4DweRKjUihfHSYHxY4Jx7T,Steve Gadd’s Dad Part 2,['Questio Io'],146007,2016,False,,0.489,0.727,0.6,0.295,159.945
4EgJbm31p08SxxvMxSZlZU,Get It Together,['Questio Io'],256068,2016,False,,0.639,0.616,0.52,0.5760000000000001,153.762
4EHKHrHPsENFbyf34CiS01,How I Feel About You,['Questio Io'],298515,2016,False,,0.5589999999999999,0.48,0.203,0.132,124.102
6IMIUmitSfSp6J6ngAPCRv,Down To The Ground,['Questio Io'],273808,2016,False,,0.511,0.4920000000000001,0.51,0.423,108.596
7rXyQghyICpYacuJtm6iFp,Richard Foote,['Questio Io'],275573,2016,False,,0.718,0.514,0.33899999999999997,0.541,92.03
3wy8LgNQif5e0E96gZVCxj,Sleep,['Questio Io'],170340,2016,False,,0.344,0.0699,0.963,0.156,144.24200000000005
52kX7DSS5vNKY6aknEQIRx,La filleule des fees: Prologue (Gullaume's Farm-House): No. 1,"['Adolphe Adam', 'Queensland Symphony Orchestra', 'Andrew Mogrelia']",89640,2001,False,,0.22899999999999998,0.125,0.927,0.045,112.89200000000001
5jMItaTjYummJxqbSxayeC,La filleule des fees: Prologue (Gullaume's Farm-House): No. 2,"['Adolphe Adam', 'Queensland Symphony Orchestra', 'Andrew Mogrelia']",361080,2001,False,,0.4370000000000001,0.153,0.815,0.33299999999999996,101.417
7nINhnrX76rjhyEYgUW8xi,"La filleule des fees: Prologue (Gullaume's Farm-House): Nos. 3, 4 and 5","['Adolphe Adam', 'Queensland Symphony Orchestra', 'Andrew Mogrelia']",404640,2001,False,,0.38,0.063,0.902,0.139,141.92700000000005
49A5HIzgvJjLYLOh7DdAB1,La filleule des fees: Prologue (Gullaume's Farm-House): No. 6,"['Adolphe Adam', 'Queensland Symphony Orchestra', 'Andrew Mogrelia']",165240,2001,False,,0.26899999999999996,0.0214,0.932,0.245,154.265
0HciA6gJzqtSwFyNmtK6ty,La filleule des fees: Prologue (Gullaume's Farm-House): No. 7,"['Adolphe Adam', 'Queensland Symphony Orchestra', 'Andrew Mogrelia']",134640,2001,False,,0.0845,0.0156,0.982,0.111,71.816
2TpZIm1NhlPnWZ9gmBBSNt,La filleule des fees: Prologue (Gullaume's Farm-House): No. 8,"['Adolphe Adam', 'Queensland Symphony Orchestra', 'Andrew Mogrelia']",79920,2001,False,,0.0868,0.00455,0.595,0.289,85.381
6whhrwc7kj9sjSCb0r7qjS,La filleule des fees: Prologue (Gullaume's Farm-House): No. 9,"['Adolphe Adam', 'Queensland Symphony Orchestra', 'Andrew Mogrelia']",285480,2001,False,,0.24600000000000002,0.0452,0.9590000000000001,0.17,79.13600000000002
66WPUJfIx8SArEijnkjD6w,La filleule des fees: Prologue (Gullaume's Farm-House): No. 10,"['Adolphe Adam', 'Queensland Symphony Orchestra', 'Andrew Mogrelia']",241920,2001,False,,0.19899999999999998,0.0967,0.9229999999999999,0.107,87.854
0VlNo2tj9hSqPuSs2snKy2,La filleule des fees: Act I - Tableau 1 (The Countryside): No. 1,"['Adolphe Adam', 'Queensland Symphony Orchestra', 'Andrew Mogrelia']",267480,2001,False,,0.368,0.0523,0.945,0.253,81.404
6DwuUltEOyA6sVP4FyBqqf,La filleule des fees: Act I - Tableau 1 (The Countryside): No. 2 Pas de cinq,"['Adolphe Adam', 'Queensland Symphony Orchestra', 'Andrew Mogrelia']",141480,2001,False,,0.37,0.0783,0.892,0.44799999999999995,162.778
6Yimkf4rDCxNyOCEbWxvKs,La filleule des fees: Act I - Tableau 1 (The Countryside): No. 3,"['Adolphe Adam', 'Queensland Symphony Orchestra', 'Andrew Mogrelia']",113760,2001,False,,0.375,0.0124,0.943,0.259,77.061
5JpSs2QoS5AAs8wgTqRq1N,La filleule des fees: Act I - Tableau 1 (The Countryside): No. 4,"['Adolphe Adam', 'Queensland Symphony Orchestra', 'Andrew Mogrelia']",26280,2001,False,,0.519,0.00954,0.877,0.47100000000000003,104.325
7tR2lCpJA7900aGAvVxEw4,La filleule des fees: Act I - Tableau 1 (The Countryside): No. 5,"['Adolphe Adam', 'Queensland Symphony Orchestra', 'Andrew Mogrelia']",198000,2001,False,,0.429,0.0117,0.961,0.226,77.598
2dY2zawySO73ChHZ6AJHJ4,La filleule des fees: Act I - Tableau 1 (The Countryside): No. 6,"['Adolphe Adam', 'Queensland Symphony Orchestra', 'Andrew Mogrelia']",300600,2001,False,,0.21899999999999997,0.0543,0.958,0.12,89.346
2kKqzBI6OA9i59dop7bkeW,La filleule des fees: Act I - Tableau 1 (The Countryside): No. 7,"['Adolphe Adam', 'Queensland Symphony Orchestra', 'Andrew Mogrelia']",158400,2001,False,,0.307,0.0323,0.965,0.23399999999999999,85.475
552m2gTAZunfsaK47Wg0Wv,La filleule des fees: Act I - Tableau 1 (The Countryside): No. 8,"['Adolphe Adam', 'Queensland Symphony Orchestra', 'Andrew Mogrelia']",144000,2001,False,,0.336,0.0073799999999999985,0.938,0.21,91.766
08kOee0wQ5N8uA0CdVA0a0,La filleule des fees: Act I - Tableau 1 (The Countryside): No. 9 Divertissement,"['Adolphe Adam', 'Queensland Symphony Orchestra', 'Andrew Mogrelia']",298440,2001,False,,0.4,0.111,0.956,0.226,156.05100000000004
1og08HOCtF8x8IAYIFXC2x,La filleule des fees: Act I - Tableau 1 (The Countryside): No. 9a (No. 10) Pas de cinq,"['Adolphe Adam', 'Queensland Symphony Orchestra', 'Andrew Mogrelia']",203400,2001,False,,0.32299999999999995,0.0261,0.9490000000000001,0.245,134.886
7H7iJsWtYjCa1bbMqiAU4l,La filleule des fees: Act I - Tableau 1 (The Countryside): No. 9b (No. 11),"['Adolphe Adam', 'Queensland Symphony Orchestra', 'Andrew Mogrelia']",155667,2001,False,,0.33399999999999996,0.0395,0.98,0.22,182.926
0WHUUEOUyvEbbz0Lqhr4he,La filleule des fees: Act I - Tableau 1 (The Countryside): No. 9c (No. 12) M. Petipa,"['Adolphe Adam', 'Queensland Symphony Orchestra', 'Andrew Mogrelia']",64080,2001,False,,0.42100000000000004,0.455,0.723,0.6679999999999999,110.311
5gmOAJ1woV2EziiD8ZgUu0,La filleule des fees: Act I - Tableau 1 (The Countryside): No. 9d (No. 13),"['Adolphe Adam', 'Queensland Symphony Orchestra', 'Andrew Mogrelia']",105480,2001,False,,0.5,0.159,0.674,0.233,108.525
0blQYVg4DsVg6HhTszMxwS,La filleule des fees: Act I - Tableau 1 (The Countryside): No. 10 (No. 14) Après le divertissement,"['Adolphe Adam', 'Queensland Symphony Orchestra', 'Andrew Mogrelia']",135720,2001,False,,0.315,0.19899999999999998,0.9009999999999999,0.28300000000000003,94.59200000000001
1tpf1KvVUSzdLIROlaPbaT,"La filleule des fees: Act I - Tableau 2 (Ysaure's Chamber): No. 1 Marche olintaine (Nos. 1, 2 and 3)","['Adolphe Adam', 'Queensland Symphony Orchestra', 'Andrew Mogrelia']",179640,2001,False,,0.242,0.0113,0.972,0.0817,135.33100000000002
2PMLqRIrNjj35uZv3YFsWb,La filleule des fees: Act I - Tableau 2 (Ysaure's Chamber): No. 2 (No. 4),"['Adolphe Adam', 'Queensland Symphony Orchestra', 'Andrew Mogrelia']",91800,2001,False,,0.426,0.0742,0.9390000000000001,0.466,87.802
3RxMmAnzQxgX7MK0nTn6RF,La filleule des fees: Act I - Tableau 2 (Ysaure's Chamber): No. 3 (No. 5),"['Adolphe Adam', 'Queensland Symphony Orchestra', 'Andrew Mogrelia']",475560,2001,False,,0.32899999999999996,0.0585,0.956,0.10099999999999999,133.05100000000002
2uzyJiZQXiJ0pwRSIVWOSh,La filleule des fees: Act I - Tableau 2 (Ysaure's Chamber): No. 4 (No. 6),"['Adolphe Adam', 'Queensland Symphony Orchestra', 'Andrew Mogrelia']",167040,2001,False,,0.35700000000000004,0.187,0.9259999999999999,0.165,132.04399999999998
3p1E2mxjBiCf7tEb6Kd2Nj,La filleule des fees: Act I - Tableau 2 (Ysaure's Chamber): No. 5 (No. 7),"['Adolphe Adam', 'Queensland Symphony Orchestra', 'Andrew Mogrelia']",193680,2001,False,,0.297,0.0785,0.955,0.0399,120.772
2RdekclMF8WiJHFBiw97z8,La filleule des fees: Act I - Tableau 2 (Ysaure's Chamber): Entr'acte,"['Adolphe Adam', 'Queensland Symphony Orchestra', 'Andrew Mogrelia']",128520,2001,False,,0.157,0.004079999999999999,0.943,0.0725,106.37700000000001
0d3X77grxWQDj3VY7ZFBlu,La filleule des fees: Act II - Tableau I (A Wooded Park): No. 1,"['Adolphe Adam', 'Queensland Symphony Orchestra', 'Andrew Mogrelia']",212760,2001,False,,0.324,0.0379,0.9309999999999999,0.135,117.404
43cypH99ufKBlZTHDClR4n,La filleule des fees: Act II - Tableau I (A Wooded Park): No. 2,"['Adolphe Adam', 'Queensland Symphony Orchestra', 'Andrew Mogrelia']",110880,2001,False,,0.136,0.00281,0.937,0.11199999999999999,171.31099999999995
6T7PVl0zl9M9YEUB63E3Xm,La filleule des fees: Act II - Tableau I (A Wooded Park): No. 3,"['Adolphe Adam', 'Queensland Symphony Orchestra', 'Andrew Mogrelia']",180720,2001,False,,0.231,0.0164,0.981,0.0526,91.83
4CoBjjyoYfdPkJWOPlU0Jb,La filleule des fees: Act II - Tableau I (A Wooded Park): No. 4,"['Adolphe Adam', 'Queensland Symphony Orchestra', 'Andrew Mogrelia']",144000,2001,False,,0.19399999999999998,0.00759,0.977,0.115,124.059
38XewYr728CAq3WAHMdryU,La filleule des fees: Act II - Tableau I (A Wooded Park): No. 4a (No. 5),"['Adolphe Adam', 'Queensland Symphony Orchestra', 'Andrew Mogrelia']",67320,2001,False,,0.368,0.0072099999999999985,0.929,0.5379999999999999,124.561
0UFJdBkJhLqo7iRl1C9SHl,La filleule des fees: Act II - Tableau I (A Wooded Park): No. 4b (No. 6),"['Adolphe Adam', 'Queensland Symphony Orchestra', 'Andrew Mogrelia']",54720,2001,False,,0.5379999999999999,0.17600000000000002,0.8190000000000001,0.841,178.632
0Vz6vnDyEUaIUQ1LbHtUpd,La filleule des fees: Act II - Tableau I (A Wooded Park): No. 4c (No. 7) Mme Taglioni (The Pink Fairy),"['Adolphe Adam', 'Queensland Symphony Orchestra', 'Andrew Mogrelia']",54720,2001,False,,0.516,0.0573,0.846,0.779,109.928
7lbyLsxZRzn4b0wKWhWlWW,La filleule des fees: Act II - Tableau I (A Wooded Park): No. 4d (No. 8) Mme Taglioni (Flute Variation),"['Adolphe Adam', 'Queensland Symphony Orchestra', 'Andrew Mogrelia']",76680,2001,False,,0.365,0.0735,0.915,0.391,148.71200000000005
0NWv5ZxWsdjVIuBbCo1rOO,La filleule des fees: Act II - Tableau I (A Wooded Park): No. 4e (No. 9) Mlle Carlotta Grisi (Ysaure),"['Adolphe Adam', 'Queensland Symphony Orchestra', 'Andrew Mogrelia']",187200,2001,False,,0.402,0.305,0.872,0.5529999999999999,153.326
3CcGmzBGwoejtfjnitDBx0,La filleule des fees: Act II - Tableau I (A Wooded Park): No. 5,"['Adolphe Adam', 'Queensland Symphony Orchestra', 'Andrew Mogrelia']",318240,2001,False,,0.20600000000000002,0.0277,0.927,0.0928,72.22
1vd4V0pUZZ5OSZEJ8S6rXN,La filleule des fees: Act II - Tableau 2 (A Deep Cavern): No. 1 Mouvement de Valse,"['Adolphe Adam', 'Queensland Symphony Orchestra', 'Andrew Mogrelia']",198000,2001,False,,0.222,0.0317,0.958,0.207,178.053
2XRDUrQdKhCw0F0hePSEF3,La filleule des fees: Act II - Tableau 2 (A Deep Cavern): No. 2,"['Adolphe Adam', 'Queensland Symphony Orchestra', 'Andrew Mogrelia']",214920,2001,False,,0.255,0.0515,0.929,0.0451,143.359
3UmbVOSVOgWkyetXXdbPe0,La filleule des fees: Act II - Tableau 2 (A Deep Cavern): No. 3,"['Adolphe Adam', 'Queensland Symphony Orchestra', 'Andrew Mogrelia']",273600,2001,False,,0.174,0.0143,0.91,0.0891,142.906
3epPXKyrsAAKr9I1T2IMzs,La filleule des fees: Act II - Tableau 3 & 4 (The Fairies' Judgement and Paradise): No. 4,"['Adolphe Adam', 'Queensland Symphony Orchestra', 'Andrew Mogrelia']",325800,2001,False,,0.244,0.0354,0.877,0.187,63.24800000000001
2bNZK0YeuaNyHOFYgmBSpv,Tatagal Ka Ba?,['Quickie'],283867,2008,False,,0.963,0.6890000000000001,0.0033,0.963,129.803
3hDY00xbboEGpItTUi0NpH,Quand chrai ptit,['Leeroy'],198947,2016,False,,0.74,0.804,0.0991,0.9079999999999999,161.00799999999995
4DAr2at0x88CyjsNNs9aV8,Bug Attack,['Quintron'],232880,2011,False,,0.708,0.82,0.242,0.45,103.04899999999999
3goornr2XmKIqddMplAVen,The Slow Train,['Quartetto Gelato'],173720,2004,False,,0.355,0.251,0.992,0.271,93.97
4bOIh6waswcEpibjpAFxPL,Under Paris Skies (Sous le Ciel de Paris),['Quartetto Gelato'],237840,2004,False,,0.33,0.23399999999999999,0.9640000000000001,0.231,70.62899999999998
4rV18a1sXfow3etQ5N7YH7,Tombeau de Couperin: PrÃ©lude,['Quartetto Gelato'],182587,2004,False,,0.298,0.24100000000000002,0.983,0.39399999999999996,84.211
2AXkxLyXfH2ZM66PDX2Aau,Tombeau de Couperin: Minuet,['Quartetto Gelato'],255067,2004,False,,0.16399999999999998,0.127,0.975,0.106,90.02799999999998
3fh6kkBL4pRMKzYyAzJNXX,Tombeau de Couperin: Rigaudon,['Quartetto Gelato'],191693,2004,False,,0.485,0.254,0.889,0.33799999999999997,119.06
7ETbbeYpcVTZuJNyNMjhog,La Vie en Rose,['Quartetto Gelato'],194227,2004,False,,0.177,0.175,0.972,0.0378,78.483
2RBVTkCBPbJSmVMFD55C3k,KonzertstÃ¼ck Opus 79 Finale: The Feast,['Quartetto Gelato'],270693,2004,False,,0.449,0.45899999999999996,0.743,0.8440000000000001,97.089
3xrQYkTRbdFlQUhrP18tDS,Rondo Alla Zingarese,['Quartetto Gelato'],462960,2004,False,,0.439,0.318,0.9640000000000001,0.24100000000000002,133.494
3ZHeSm85rAUdkar66HU6CC,Tambourin Chinois (Chinese Drum),['Quartetto Gelato'],258653,2004,False,,0.467,0.23399999999999999,0.977,0.375,135.834
1FB9jIO7J97KEf7W6e6svZ,Dein Ist Mein Ganzes Herz (My Heart Is Yours Alone),['Quartetto Gelato'],230067,2004,False,,0.18600000000000005,0.287,0.98,0.10400000000000001,70.069
1O7hicFA1A5oZ836lHZybl,KÃ¡llai KettÃ³s: I,['Quartetto Gelato'],176427,2004,False,,0.26,0.18,0.968,0.32299999999999995,81.278
0wbCU8CfoEmfUHApihVbIH,KÃ¡llai KettÃ³s: II,['Quartetto Gelato'],76307,2004,False,,0.45,0.358,0.958,0.40399999999999997,146.178
7BxaknnmDSHaonKYDGzKaB,KÃ¡llai KettÃ³s: III,['Quartetto Gelato'],101413,2004,False,,0.517,0.264,0.951,0.735,121.228
4DfPUb9FmtHM3ZmUK3OlLA,Romanian Caravan,['Quartetto Gelato'],350667,2004,False,,0.363,0.447,0.922,0.644,159.791
0uWqDQrz0G6egqTzbtSIF3,Turkish Circus,['Quartetto Gelato'],290427,2004,False,,0.45899999999999996,0.5529999999999999,0.775,0.664,104.94200000000001
40ulwbaCOx9bzAYMf0Kehq,Danny Boy (Bonus Track),['Quartetto Gelato'],251520,2004,False,,0.28800000000000003,0.168,0.98,0.0695,92.779
06qet4qXeACrSYcdsLzeKr,"Overworld - From ""Super Mario World""",['Qumu'],162462,2020,False,,0.807,0.537,0.391,0.903,129.971
2dNfT0RrPztwActsriICKk,"Calamari Inkantation (From ""Splatoon"")",['Qumu'],197551,2020,False,,0.68,0.845,0.0115,0.71,147.003
7bRm2PoLTPoGNTTzQuDYR2,"Kass' Theme (From ""The Legend of Zelda: Breath of the Wild"")",['Qumu'],218131,2020,False,,0.596,0.12,0.925,0.573,170.015
4PuByd3ZXwswsOflT2mIHG,"Mr. Resetti's Theme (From ""Animal Crossing"")",['Qumu'],234309,2020,False,,0.762,0.6829999999999999,0.00021099999999999998,0.201,169.976
4BbeIKuaGbrIyDOAQ0hc0T,"Overworld (From ""Super Mario Bros. 3"")",['Qumu'],224000,2020,False,,0.8220000000000001,0.498,0.0986,0.9259999999999999,90.023
4TCXmijuthI9D9X16HwYJg,"Darkmoon Caverns (From ""Diddy Kong Racing"")",['Qumu'],144014,2020,False,,0.746,0.611,0.007890000000000001,0.639,134.969
1cfW19BD6fcSn4Yw4qVkcC,"Grunty's Furnace Fun (From ""Banjo-Kazooie"")",['Qumu'],170458,2020,False,,0.7040000000000001,0.758,0.0707,0.96,136.998
2x9K9RRH7jJlxRBpVviTKB,"Inside the Castle Walls (From ""Super Mario 64"")",['Qumu'],168727,2020,False,,0.6920000000000001,0.618,0.165,0.902,165.054
2BCkI5vkyvOdfYcLKIlfyr,"King Dedede's Theme (From ""Kirby Super Star"")",['Qumu'],148114,2020,False,,0.5429999999999999,0.8009999999999999,0.000471,0.46299999999999997,175.048
7JGggK6kIzSvZuykaU4KSX,"Click Clock Wood (Spring) [From ""Banjo-Kazooie""]",['Qumu'],141818,2020,False,,0.898,0.39799999999999996,0.177,0.598,109.98899999999999
5DrEA1FsQMvOFXIAgEJ8yf,"Gerudo Valley (From ""The Legend of Zelda: Ocarina of Time"")",['Qumu'],206769,2020,False,,0.779,0.6709999999999999,0.337,0.6920000000000001,130.037
74b8gMU4cyVrwyLcNlkTuH,"Overworld (From ""Super Mario Bros. 2"")",['Qumu'],129231,2020,False,,0.66,0.695,0.127,0.9620000000000001,104.01299999999999
36xnyW0esOfpjBl4yEtTO2,"Jump Up, Super Star! (From ""Super Mario Odyssey"")",['Qumu'],195818,2020,False,,0.752,0.371,0.231,0.8,110.061
2VPmfNgIcZBivnDx38Gcjo,"Sweden (From ""Minecraft"")",['Qumu'],217263,2020,False,,0.736,0.23800000000000002,0.607,0.132,95.023
75txFqTJ7BqiLXEs0cMpyN,"Escape from the City (From ""Sonic Adventure 2"")",['Qumu'],132402,2020,False,,0.7709999999999999,0.575,0.00489,0.82,139.939
6vWRBNCZ1KX4XPVZMjsXxE,"Slider (From ""Super Mario 64"")",['Qumu'],163200,2020,False,,0.41100000000000003,0.716,0.00041500000000000017,0.731,174.97
4gUvjwjxCYlTYHVetSuW0F,"National Park (From ""Pokémon Gold and Silver"")",['Qumu'],173100,2020,False,,0.483,0.389,0.00146,0.0475,100.027
06UwZt8Oxjx83lNPEHIfYp,"Prince Sidon (From ""The Legend of Zelda: Breath of the Wild"")",['Qumu'],120180,2020,False,,0.369,0.18899999999999997,0.51,0.252,75.013
3ugia0sByLqVVl31CUWbMy,"Library Piano (From ""Luigi's Mansion: Dark Moon"")",['Qumu'],145778,2020,False,,0.871,0.637,0.207,0.971,135.023
7xjExCK6lYaRBGUeXJ8UIQ,"Die House (From ""Cuphead"")",['Qumu'],144000,2020,False,,0.7,0.565,0.0851,0.8029999999999999,200.024
3fB5AXJQPgFStDRhAIFjg0,"Luma (From ""Super Mario Galaxy"")",['Qumu'],156706,2020,False,,0.71,0.64,0.106,0.439,170.03799999999995
47TP4Q8HMW7cbOwSiZjD3U,"Realm Overworld (From ""The Legend of Zelda: Spirit Tracks"")",['Qumu'],264000,2020,False,,0.54,0.6890000000000001,0.0182,0.488,139.878
31xjavRyNGjXW0cj51GbO8,"Overworld Day (From ""Terraria"")",['Qumu'],132000,2020,False,,0.71,0.4270000000000001,0.122,0.7809999999999999,159.99
7MDv9FOqpNLX5fDEBgPF98,"Frappe Snowland / Sherbet Land (From ""Mario Kart 64"")",['Qumu'],145920,2020,False,,0.578,0.174,0.0173,0.618,124.932
7uh4r21Tn4545CPcBV82kr,"Snow Mountain (From ""Super Mario 64"")",['Qumu'],174649,2020,False,,0.557,0.2,0.605,0.38799999999999996,144.911
2Q7F7TzvtaTwlIz8Xrekbd,Haile Senseitive,['Quirk'],453933,2010,False,,0.8240000000000001,0.473,0.12300000000000001,0.6609999999999999,145.05700000000004
2VZGU5io78s7IduH2N0H9S,Quirk of Fate,['Fughu'],403507,2013,False,,0.493,0.665,0.147,0.0588,130.096
4dEBYY5M28buVpAoHAPk4D,Quitly Calling,['Mikkel Metal'],277040,2016,False,,0.29100000000000004,0.374,0.156,0.0374,110.26700000000001
3egrFx4gTSHdACmDl7aryI,Intro,['Gee-Que'],38693,1996,True,,0.7390000000000001,0.486,1.72e-06,0.706,90.057
1fDKkSLqU2Rvq5MyMDVqis,"G's, Hustlas and Playas",['Gee-Que'],225800,1996,True,,0.8109999999999999,0.596,0.413,0.47600000000000003,99.344
7gyUs6svcpAoSjpaF4iilj,Suck Free City,['Gee-Que'],187133,1996,True,,0.848,0.703,0.0916,0.534,105.15100000000001
3gxsGmr5qADaK7KOzVyWlX,"A ""G"" Swing",['Gee-Que'],215533,1996,True,,0.8170000000000001,0.40399999999999997,0.00295,0.34700000000000003,99.904
5uFsnyujoi5bkn0hP6KxLH,It's On,['Gee-Que'],205973,1996,True,,0.915,0.679,0.131,0.396,90.075
6jJnju9Nk7kT8dTa67H5sx,Sex Playin' Hoes,"['Gee-Que', 'Mumbles']",341293,1996,True,,0.635,0.39899999999999997,0.0765,0.474,97.137
64hoXnmLhfXdikZw2h35A2,Nothing But a Dog,"['Gee-Que', 'Mumbles', 'Picassco', 'Sweet Dick Will']",251600,1996,True,,0.895,0.32,0.0764,0.307,83.72
5qBFUl4BoM2WVd5iARx8r5,Murderah,"['Gee-Que', 'Mumbles', 'Picasso']",331200,1996,True,,0.7879999999999999,0.532,0.15,0.4320000000000001,151.762
2F4JGMpDVG59pxolUA9tRz,Criminal Minded,"['Gee-Que', 'Les Fresh', 'Picasso', 'Tayda Tay']",226600,1996,True,,0.9279999999999999,0.516,0.14400000000000002,0.6990000000000001,94.925
51v11CKVtIFv2IkpLEcO9h,Catch Me in the Wind Blows,['Gee-Que'],224573,1996,True,,0.872,0.45399999999999996,0.168,0.0877,96.781
5WirWVhMo23LBaIuw77C2F,The Land of the Funk,['Gee-Que'],244867,1996,True,,0.851,0.607,0.00203,0.6890000000000001,105.00399999999999
1qNIZra1MvRVc5GiCTHAT4,On the Dowlow,['Gee-Que'],245027,1996,True,,0.843,0.662,0.0867,0.6,99.95299999999999
4jr2MRCMxbBgJ6CHy5U3A2,Steppin' in the Wrong Fashion,"['Gee-Que', 'Cooley', 'Frisco Playas']",291000,1996,True,,0.87,0.54,0.0655,0.636,88.992
6pKQcGd06CDxLgAmavdRZ9,"G's, Hustlas and Playas (G-Mix)",['Gee-Que'],215400,1996,True,,0.8590000000000001,0.706,0.34700000000000003,0.546,99.287
7wB2drp56wl5ye01l3DgkF,Just Kickin' It,['Gee-Que'],296440,1996,True,,0.8809999999999999,0.657,0.24600000000000002,0.6709999999999999,99.915
0Zcu47GYSY6meyTbAef9ul,On the Dowlow (Remix),['Gee-Que'],259427,1996,True,,0.897,0.484,0.37799999999999995,0.501,100.094
2B2y1XUxqMIzF4Ocf6e8gB,Outro,['Gee-Que'],303573,1996,True,,0.552,0.636,0.10400000000000001,0.732,92.213
0N0cfQIN1z6MQxjjBOkXN1,The Land of the Funk (Funk Mix),['Gee-Que'],245560,1996,True,,0.865,0.633,0.00602,0.627,104.92
1FrehoC9014MwoHS2efd90,Queen of Scars,['Toadies'],183760,2015,False,,0.556,0.45299999999999996,0.447,0.26,152.04
1WtJMQPNBNRPk9rb6rQGs9,"Lead Us, Heavenly Father","['Roger Quilter', 'Peter Shepherd', 'Oliver Kelham', 'Choir of Merton College, Oxford', 'Benjamin Nicholas']",141653,2016,False,,0.201,0.078,0.97,0.193,91.184
4t1WaEUN7ZYTqppUaDqOjV,Quitter - Live,['Toadies'],215040,2008,False,,0.184,0.943,0.0011,0.207,157.596
2MT38CFvDK7qQjLMixkNoP,Quiet Life,['Japan'],289160,1996,False,,0.6629999999999999,0.669,0.0175,0.8340000000000001,131.12
3J2Zqiqo6VvZB13VnHdKZc,Waltz for the Moon de Baroque (feat. Hicham Bouaziz),"['Adagio Quartet', 'Younes Elbayad', 'Hicham Bouaziz']",162810,2016,False,,0.285,0.32299999999999995,0.8370000000000001,0.701,167.584
0jo56v6vJYxuhtLnwuyEpx,Puerto Rico Pa Gozar,"['Nickodemus', 'Quantic']",328000,2006,False,,0.8190000000000001,0.948,0.00905,0.963,120.006
2vCbJGDN801sbsaf3TbHVR,Quest for the Fleece,['Armory'],420507,2013,False,,0.359,0.851,0.000629,0.128,87.48700000000002
6cwe4q2rebomii6pIH1XlJ,"Quiet Nights, Distant Lightning",['Carol Comune'],428801,1991,False,,0.4,0.0651,0.993,0.162,70.73
1U4z7ZkwxlbbQW9qrqr6yM,Queen Gasoline,['Goodness'],200547,2004,False,,0.342,0.469,0.0257,0.23800000000000002,116.75200000000001
250ZvyiIoh1WlRym56XCWg,Intro,['DJ Quik'],105512,2014,True,,0.794,0.124,0.366,0.62,48.662
0DSGAYpoS2t8w9fQax3T7H,That N*****r's Crazy,['DJ Quik'],234823,2014,True,,0.637,0.897,0.382,0.7659999999999999,95.06700000000001
0y9XNGzfvu0eyBlzcISwzs,Back That Shit Up,"['DJ Quik', 'Tay F 3rd', 'David Blake II']",235157,2014,True,,0.816,0.742,0.0051600000000000005,0.34,99.572
3JNjUAgsIPjs4855YmihSh,Trapped On the Tracks,"['DJ Quik', 'Bishop Lamont', 'David Blake II']",291832,2014,True,,0.565,0.903,0.0032,0.462,149.721
0qeNgcagtkMvSEMMBw6lE7,El's Interlude 2,"['DJ Quik', 'El DeBarge']",41870,2014,False,,0.314,0.706,0.22899999999999998,0.541,185.21099999999998
67e5qVRbwoFXQkGFhp0Xhz,Puffin the Dragon,['DJ Quik'],223671,2014,True,,0.821,0.7290000000000001,0.0627,0.22699999999999998,106.936
7e5Hsql3Sq8756JQ3mdQeX,Pet Semetary,['DJ Quik'],246144,2014,True,,0.877,0.635,0.26,0.5710000000000001,100.005
1vd4YiaknJT4iEIMgjaI0j,Life Jacket,"['DJ Quik', 'Suga Free', 'Dom Kennedy']",266822,2014,True,,0.805,0.743,0.0275,0.679,94.954
4Ihb1IyzLlI5q4L0j8drQi,That Getter,"['DJ Quik', 'David Blake II']",296484,2014,True,,0.644,0.759,0.0014,0.22,78.0
0fro1b9cslG3fiTxwYm8n4,The Conduct,"['DJ Quik', 'Mack 10']",218533,2014,True,,0.562,0.813,0.0102,0.52,91.24
5hxbgFtZQTrmBjhWmrceGj,Shine,"['DJ Quik', 'David Blake II']",193524,2014,True,,0.655,0.535,0.0166,0.292,77.544
4t4FalGAdDpvLC2wMknnXf,Bacon's Grove,"['DJ Quik', 'Rob ""Fonksta"" Bacon']",314363,2014,False,,0.665,0.479,0.00576,0.387,148.05
3wCpcttjzQAPQACsDz8hLz,Broken Down,"['DJ Quik', 'Suga Free', 'Tweed Cadillac']",255386,2014,True,,0.82,0.823,0.0255,0.804,91.507
3TXAo65KykS0hVw9DarhFa,Why'd You Have to Lie,"['DJ Quik', 'Joi']",217566,2014,True,,0.601,0.373,0.0328,0.42100000000000004,76.559
03oetv7uOH5hmJLcSuyYIP,Fuck all Night,['DJ Quik'],228992,2014,True,,0.8140000000000001,0.682,0.0543,0.637,92.99600000000001
2mI7RYL9SCJIPkB6EfhvHg,Quik's Groove,['DJ Quik'],192755,2014,False,,0.875,0.525,0.0109,0.428,91.694
1dYWWI9tB33cj3Cgxt0IFx,Mi Swing Es Tropical,"['Nickodemus', 'Quantic']",222467,2018,False,,0.813,0.895,0.0223,0.971,100.022
1dKNvUPYeQNNFXv4KHduNB,Life in the Rain,['Quantic'],393760,2018,False,,0.675,0.708,0.0653,0.17800000000000002,104.992
6TLB8h3E9zMGO9I646uln9,Quantum Daimon,['Empusae'],433160,2014,False,,0.507,0.505,0.10800000000000001,0.0376,100.053
4xXp5FFQEw9n19YUe7SeZw,Quorum Sensing for Cultural Memory (Nostalgia of the Young),['Jore'],282293,2014,False,,0.537,0.664,0.04,0.24600000000000002,101.18799999999999
3fiqmtEfqQN4atMnsjuseo,Heuriger Heuriger,['Helmut Qualtinger'],603960,2006,False,,0.713,0.138,0.5820000000000001,0.166,123.93799999999999
6cOuYGuL4aam1PQBhsoeQ8,Traum eines österreichischen Sozialisten,['Helmut Qualtinger'],390707,2006,False,,0.7020000000000001,0.18600000000000005,0.605,0.185,105.985
6Hfzf3rPmT7yYS5SLDkIJN,"Gemeindebau, 4 Uhr früh",['Helmut Qualtinger'],607293,2006,False,,0.61,0.145,0.69,0.185,70.582
6gA2GFaqJKHWU6dv1wKeXI,Travnicek und das neue Wien,['Helmut Qualtinger'],362800,2006,False,,0.703,0.228,0.525,0.184,132.584
3n2UarYTd14fDuqAqbl0u0,Die Kastanien blühen,['Helmut Qualtinger'],709667,2006,False,,0.7140000000000001,0.171,0.61,0.198,126.85700000000001
6r6L4JB4qzy2CFBhEmQBwo,"Johann Ptak, Gärtner",['Helmut Qualtinger'],548533,2006,False,,0.61,0.153,0.535,0.341,60.358999999999995
7IRCT4LnppZ2KGr1U99Ryz,Herr Wichtig,['Helmut Qualtinger'],711040,2006,False,,0.695,0.0697,0.888,0.332,76.926
2YG56j9FKCIc4MPU6ccBfd,Das Opfer,['Helmut Qualtinger'],467360,2006,False,,0.695,0.0821,0.8640000000000001,0.268,82.484
7pEtCeoMcCOuDEEoXJgUQJ,Deppilog,['Helmut Qualtinger'],195373,2006,False,,0.695,0.0476,0.8390000000000001,0.264,139.971
3edsPmrfbk0kKpbXDP6aat,Der Geschäftige,['Helmut Qualtinger'],197000,2006,False,,0.7170000000000001,0.14300000000000002,0.95,0.68,89.709
1HgnM8niEtWJsZpAQrKyCx,Der Modelldeutsche,['Helmut Qualtinger'],810000,2006,False,,0.627,0.0724,0.915,0.355,82.24600000000002
4MKfsb7oDWTGTJ41vgBnwn,Bridge zu dritt,['Helmut Qualtinger'],617573,2006,False,,0.624,0.12,0.537,0.361,77.843
4VXLwvI8UwWIdOOfFjDR32,Ein stärkerer Herr,['Helmut Qualtinger'],500427,2006,False,,0.623,0.0635,0.8029999999999999,0.322,82.029
6qEsuBx6L92bhRaFAXLAIV,Der letzte Revolutionär,['Helmut Qualtinger'],399307,2006,False,,0.655,0.165,0.5760000000000001,0.517,81.64399999999998
7MoQlGj6gMmfdNZzzNB0TF,Die Midnight - Krisis,['Helmut Qualtinger'],508400,2006,False,,0.701,0.0812,0.41100000000000003,0.386,135.297
7cq74bF9ZmNRe4TzkT95ir,Familie im Herbst,['Helmut Qualtinger'],684760,2006,False,,0.6459999999999999,0.0951,0.36,0.302,86.63600000000002
6AVr4G45GhWq5DhzxlAAsP,Der Ableger,['Helmut Qualtinger'],604960,2006,False,,0.609,0.0401,0.596,0.25,71.692
28GR1t2eGV94sdEEDpA9vi,Der Verweser,['Helmut Qualtinger'],439667,2006,False,,0.621,0.0431,0.787,0.237,170.955
2wRTlOyK7PFaS851fP7swD,Wienfilm,['Helmut Qualtinger'],260200,2006,False,,0.618,0.0391,0.534,0.17300000000000001,54.701
4vdE2ASOKJ4jq1a8bk4wZA,Der Sitzengebliebene,['Helmut Qualtinger'],474373,2006,False,,0.623,0.0575,0.747,0.28600000000000003,174.523
4hSD9FkwCjMKQUEkkBLvjk,Robinson im Wienerwald,['Helmut Qualtinger'],384760,2006,False,,0.7040000000000001,0.0766,0.564,0.2,85.98700000000002
0bVqekqbZEspaUjzgCNoou,Der Alleinherscher,['Helmut Qualtinger'],399440,2006,False,,0.72,0.059000000000000004,0.7120000000000001,0.27699999999999997,124.02
7y0UWhBi58qBJOAJ3VLiCB,Zaungäste,['Helmut Qualtinger'],463933,2006,False,,0.672,0.0467,0.511,0.242,95.98200000000001
5Rd6XsQZj6nf2fXGkQsTNo,Ortsübliche Ansprache,['Helmut Qualtinger'],280693,2006,False,,0.62,0.19699999999999998,0.317,0.12300000000000001,83.589
6Cpf0qjWmkeXRX9al9pHib,Die Buam von Brasilien,['Helmut Qualtinger'],477933,2006,False,,0.633,0.0996,0.5529999999999999,0.20600000000000002,165.894
2ydovjLnClf4MoBcncfBnb,Der Herzenswunsch,['Helmut Qualtinger'],466173,2006,False,,0.61,0.11699999999999999,0.575,0.391,81.62100000000002
0L6b0oLPXBOb6F3FZEmsZA,Die Schwegeprüfte,['Helmut Qualtinger'],398133,2006,False,,0.669,0.0866,0.462,0.34,130.77
3l1td5KkexVqWqVxP2qwRZ,Der Burschi und sein Publikum,['Helmut Qualtinger'],442093,2006,False,,0.624,0.131,0.514,0.385,80.438
7GswFLLAQi2tcTeqxjvw8g,Der anspruchsvolle Patient,['Helmut Qualtinger'],298333,2006,False,,0.615,0.165,0.504,0.525,65.64399999999999
3zRkcIdlPc7LdHkQct2O1E,Der Widerstandskämpfer,['Helmut Qualtinger'],339467,2006,False,,0.612,0.0735,0.63,0.44799999999999995,64.926
1HGIMNJvRf2srehA5PBvsh,Lasset die Kleinen zu mir kommen,['Helmut Qualtinger'],398533,2006,False,,0.662,0.084,0.473,0.284,97.56700000000001
4wTlGr0VzhuPM5ykfcvdN9,Der freundliche Herr,['Helmut Qualtinger'],280573,2006,False,,0.642,0.161,0.5329999999999999,0.419,158.554
5wghXSBmCIR5VcKLmUPJOv,Number One,"['Q.G', 'Renea']",277290,2011,True,,0.674,0.5329999999999999,0.192,0.469,125.902
4E7mmXAXLOGtrTHSKJzjj5,All We Do Is Win,['Q.G'],280425,2011,True,,0.7240000000000001,0.616,0.488,0.737,132.004
1ca4AkbiXIfWrx6t0vOsdJ,Lights Out,"['Q.G', 'Renea']",222224,2011,True,,0.777,0.505,0.266,0.414,133.583
7FlVQIdLxd2I4lreOc02JG,Faith Skit,['Q.G'],10188,2011,True,,0.0,0.389,0.993,0.0,0.0
02YIKx8iR4RR4GIkc8VpoM,Celebrate,['Q.G'],175047,2011,True,,0.585,0.465,0.618,0.809,85.486
2ln2V3F2ulPPP7761DTv7G,Gotta Get It - Remix,"['Q.G', 'Grizz']",306416,2011,True,,0.599,0.452,0.106,0.0995,147.065
0IOB3fAASuMmtE3AJc3wdx,Motivation Pt. 2,"['Q.G', 'Renea']",248085,2011,True,,0.722,0.426,0.27,0.295,170.953
5Z3X8mwtWEcvLsr9bLTcEh,Stay,['Q.G'],169613,2011,True,,0.579,0.593,0.28300000000000003,0.759,91.764
3SJv0iVDKJMPzSVOBP8PQL,Shine Skit,['Q.G'],84532,2011,True,,0.623,0.115,0.9309999999999999,0.43,111.92200000000001
4pGy5arEPTbgx1YV6Xclg6,Motivation,['Q.G'],247589,2011,True,,0.657,0.6679999999999999,0.337,0.525,129.092
5bROlOWDgHfHOavGfj2uBB,Gotta Get It,['Q.G'],306730,2011,True,,0.431,0.41200000000000003,0.0536,0.079,147.096
1Xn5hYpJ9cZNlHqB4fR2Oq,Killuminati Skit,['Q.G'],100650,2011,True,,0.5,0.34,0.992,0.655,166.958
08SkDkWEWMspvqqZ1fN8Km,Forever on Top,"['Q.G', 'Innerstate Ike', 'Renea']",258220,2011,True,,0.5670000000000001,0.541,0.0914,0.153,149.81
4mqawAvRWwWNr40VIl9ucw,Slow It down,"['Q.G', 'Mid City Mike', 'YT']",257776,2011,True,,0.8420000000000001,0.591,0.0468,0.937,143.934
6NIDTSc7JkmX3bIRmrDwgV,"3 Songs, Op. 3: No. 1. Love's Philosophy","['Roger Quilter', 'John Aler', 'Grant Gershon']",97000,1996,False,,0.365,0.128,0.99,0.321,69.77199999999999
4zZnwKKqwoPLhYsMz9F6xR,Quand tombe la nuit,['Brigitte Boisjoli'],187480,2011,False,,0.633,0.87,0.172,0.856,144.942
4oRxLyX76ayUgcWdeYKll0,Quit Playing Games (With My Heart),['Backstreet Boys'],232467,2001,False,,0.8,0.857,0.0671,0.904,100.045
6cH4MNOVpxNZjQftTm9of8,Quel filou,['ZOË'],179293,2016,False,,0.795,0.727,0.387,0.684,117.041
7KPY8TeEFdRikhoYOoBgcz,The Struggle (Intro),['Q.G'],88085,2012,True,,0.7509999999999999,0.68,0.35100000000000003,0.696,134.079
7B5gj37KPMWwsER2JUqDg1,Dedicated to You,"['Q.G', '420 Springs']",205401,2012,True,,0.7609999999999999,0.672,0.23399999999999999,0.71,149.97799999999995
5BYD6oz3fE04cf8AV0geiQ,"Long Days Short Nights, Pt. 1",['Q.G'],223504,2012,True,,0.792,0.562,0.0797,0.44799999999999995,138.028
2S6Rqv77HmQvz9CrlHb7Pn,Long Way down,"['Q.G', 'Mid City Mike', 'Kelz']",232281,2012,True,,0.5770000000000001,0.552,0.331,0.607,168.09400000000005
5Thk3U5sGAxq55MvnD6Nrj,Heartbreak,"['Q.G', 'Pries', 'Mojo Willis']",206080,2012,True,,0.828,0.449,0.255,0.556,124.02799999999999
5bYWN0BCo3nKrKnFmV6Ru5,Get Enough,"['Q.G', 'Renea']",396042,2012,True,,0.893,0.37799999999999995,0.21600000000000005,0.368,120.01799999999999
1WlQi58ilba2YAwH2XPUZS,She Amazing,"['Q.G', 'Mid City Mike']",180402,2012,True,,0.5770000000000001,0.8420000000000001,0.0106,0.0617,160.049
6SrWKNWxkQKnY4kCops4JY,Drinks on Me,"['Q.G', 'Mid City Mike']",204382,2012,True,,0.5579999999999999,0.857,0.0514,0.5920000000000001,109.515
5g5dzLdtJWdR0JjfFRc6tI,"Long Days, Short Nights, Pt. 2",['Q.G'],247589,2012,True,,0.7759999999999999,0.486,0.129,0.746,84.029
3gZQa3V8UQ0WXwRJEuBxim,Welcome Back,"['Q.G', 'Mojo Willis']",302211,2012,True,,0.6940000000000001,0.635,0.228,0.345,166.99400000000003
5NUFcPNwOtmWXOYlA5w0cS,Trust Issues,['Q.G'],280790,2012,True,,0.425,0.583,0.0873,0.22699999999999998,145.158
7EUZ9OhW6t2Pjfei5nQwdW,Letting Go,['Q.G'],265300,2012,True,,0.618,0.6940000000000001,0.10099999999999999,0.5920000000000001,145.94
0ZShcRNTdOT75FjDkj16aW,Live Life,"['Q.G', 'Innerstate Ike']",226926,2012,True,,0.504,0.574,0.159,0.48100000000000004,73.421
3i7xUis8tjxvEFToXz1p1M,My Memoir (Outro),['Q.G'],244036,2012,True,,0.7090000000000001,0.705,0.245,0.486,67.01100000000001
1Q3OJfVhuRYXqmAKzlC9Fc,Bullyshit,"['Quasimoto', 'Madlib']",187240,2005,True,,0.597,0.7829999999999999,0.541,0.541,93.288
5k70oNLz59nzrX5T1ycyZH,Greenery,"['Quasimoto', 'Madlib']",194787,2005,True,,0.546,0.726,0.309,0.361,81.509
5RlSfjaVmQBbOp2wIRqzYV,Crime,"['Quasimoto', 'Madlib']",80253,2005,True,,0.799,0.898,0.14,0.568,101.995
13IIxjmTVhBPd4aovMQf6Y,Hydrant Game,"['Quasimoto', 'Madlib']",205693,2005,True,,0.564,0.858,0.102,0.7090000000000001,133.36
2g0RmkFWQewVSAVrV7L1H8,Don't Blink,"['Quasimoto', 'Madlib']",126307,2005,True,,0.65,0.904,0.541,0.825,94.04799999999999
2ot3wMC9vGlJYORWnLQ9hn,Players of the Game,"['Quasimoto', 'Madlib']",155040,2005,True,,0.547,0.695,0.0779,0.488,88.62700000000002
18vE4LkZD9BqgfB6g2NVIj,Bus Ride,"['Quasimoto', 'Madlib']",178227,2005,True,,0.574,0.8220000000000001,0.462,0.545,90.147
29MtYOf8lfTC83JFPSItC9,Closer,"['Quasimoto', 'Madvillain', 'Madlib']",182947,2005,True,,0.33799999999999997,0.747,0.31,0.503,100.436
20q6E9sggclCkjT7KjE7fG,Maingirl,"['Quasimoto', 'Madlib']",241480,2005,True,,0.374,0.9490000000000001,0.23199999999999998,0.539,93.60799999999999
7KvEB96o1gJlc7AUf6s9pt,Civilization Day,"['Quasimoto', 'Madlib']",110333,2005,True,,0.41700000000000004,0.75,0.423,0.851,85.23299999999998
1cKelHUYnEKPTQXnDidQiG,Bartender Say,"['Quasimoto', 'Madlib']",166760,2005,True,,0.439,0.889,0.547,0.778,87.234
537LP4XDgTkF3mfjs7j3Fy,1994,"['Quasimoto', 'Madlib']",142333,2005,True,,0.838,0.675,0.00095,0.597,105.23200000000001
1ezS4jIfNGwofXujrUkqug,Another Demo Tape,"['Quasimoto', 'Madlib']",106440,2005,True,,0.536,0.735,0.39299999999999996,0.7240000000000001,88.059
3RJ9fS54AWYVSRc7SyTmb5,Raw Deal,"['Quasimoto', 'Madlib']",137240,2005,True,,0.508,0.897,0.132,0.5660000000000001,89.025
6iSq0XLL5E0S2iOVQZQqoB,Mr. Two-Faced,"['Quasimoto', 'Madlib']",94333,2005,True,,0.563,0.938,0.495,0.523,95.32
4Zzrw5S6kNavennp7oOpYf,The Exclusive,"['Quasimoto', 'MED', 'Madlib']",156480,2005,True,,0.382,0.6809999999999999,0.08800000000000001,0.8220000000000001,130.664
22gl0RW7zN3npSVi9liZM0,Fatbacks,"['Quasimoto', 'Madlib']",231667,2005,True,,0.648,0.9390000000000001,0.263,0.21100000000000002,97.03399999999999
5uMLP9Lzuqwk2Ri2OeNmsZ,J.A.N.,"['Quasimoto', 'Madlib']",114693,2005,True,,0.385,0.7020000000000001,0.379,0.6409999999999999,168.34
4GEJH68nOC81ZeiWgImVwi,Shroom Music,"['Quasimoto', 'Madlib']",181280,2005,True,,0.784,0.8740000000000001,0.00234,0.738,92.135
05gOtJt5iyOqy3Qu3fmzWd,Rappcats Pt. 3,"['Quasimoto', 'Madlib']",146493,2005,True,,0.6859999999999999,0.7709999999999999,0.33899999999999997,0.88,105.51700000000001
3aaWFUHnSPcEj6UL02XNZl,Strange Piano,"['Quasimoto', 'Madlib']",120120,2005,True,,0.483,0.8270000000000001,0.37,0.508,97.736
1yI2vrpsxKyz1NebUsgBjE,Life Is...,"['Quasimoto', 'Madlib']",139813,2005,True,,0.5870000000000001,0.637,0.444,0.634,175.73
5LB0yEucm9Rh3MVgfYA75g,The Clown (Episode C),"['Quasimoto', 'Madlib']",179040,2005,True,,0.33899999999999997,0.94,0.619,0.32799999999999996,92.931
3yDeew725a92qByHnLFYVa,Raw Addict Pt. 2,"['Quasimoto', 'Madlib']",154227,2005,True,,0.43,0.76,0.0975,0.6829999999999999,92.86200000000001
3OhO4FOe8p34JKimuj1bP1,Tomorrow Never Knows,"['Quasimoto', 'Madlib']",159387,2005,True,,0.4,0.866,0.166,0.8440000000000001,91.587
3qVZytACnLj9jKiD8yyhTz,Privacy,"['Quasimoto', 'Madlib']",96320,2005,True,,0.591,0.961,0.4920000000000001,0.441,96.19
3npic1xSYaJB8W997CQgeR,Calculator In My Bum - Worm Quartet,['Worm Quartet'],19080,2006,False,,0.389,0.9940000000000001,0.273,0.65,76.458
52IuiCdvuieFaOr0OlE1EN,I've Got A Wife - Worm Quartet,['Worm Quartet'],145587,2006,False,,0.33799999999999997,0.903,0.00626,0.731,76.093
6ynmmPgqbawjR2ensPBQWx,Quiet Storm,['Silk'],329187,2016,False,,0.368,0.511,0.0391,0.115,179.511
1itOVPluXTTrWKg4wA5Oan,The Quiet Place,['Tok Tok Tok'],270387,2005,False,,0.433,0.0929,0.983,0.4970000000000001,144.004
3z2aHQwr9MJ5g7DA19tpha,Mi Swing es Tropical,"['Nickodemus', 'Quantic', 'Tempo']",222920,2005,False,,0.816,0.894,0.0227,0.968,99.995
37w1Q2XeV0WpJ9zvtxqWUJ,La Lluvia,"['Nickodemus', 'Quantic', 'Richard Shepherd']",248200,2009,False,,0.8140000000000001,0.941,0.0725,0.878,109.027
772yQZXlfbNnWbYUtGTkAi,Didibina,"['Nickodemus', 'Quantic', 'Falu']",207520,2009,False,,0.732,0.82,0.0357,0.919,108.98299999999999
5BIdTkNTbNz6ZGr6RLFDf3,Que Sabe Dios,['Reincidentes'],157320,1997,False,,0.45399999999999996,0.873,0.00253,0.494,129.974
1fgGcbeO1kpEVJj4HsyCdv,Hotel Lobby (feat. QBSmith),"['Refuuj', 'QBSmith']",194855,2016,False,,0.659,0.493,0.0314,0.314,119.899
5SixD8cYKEJrDJ0biafxZh,Question Everything,['Knockout Kings'],249413,2007,False,,0.358,0.9440000000000001,0.006670000000000001,0.151,82.382
1WbZpLRAofFDAMoEGrmCDa,Monsters,['Shark Quest'],196547,2004,False,,0.319,0.295,0.883,0.11800000000000001,96.171
275BFRcS7lB5z8r5nWmrWl,Betcha,"['San Quinn', 'San Quinn,Click Clack Gang', 'Kurupt']",148600,2005,True,,0.7240000000000001,0.745,0.00821,0.7120000000000001,94.82700000000001
46EPTFWCUfFzPZm7jaIRoe,¿Qué voy a hacer yo?,['Celtas Cortos'],197293,2001,False,,0.517,0.875,0.0171,0.851,121.834
6JRfwX0LjqCingGydvGoVH,Freedom,['Qeuyl'],250265,2015,False,,0.348,0.8320000000000001,0.00108,0.324,82.45100000000002
6NDlRbJ6HFPhx2zq1xUAKE,Like That (feat. Mic Massive),"['Qeuyl', 'Mic Massive']",226813,2015,False,,0.745,0.49,0.00673,0.598,84.98899999999998
0X02L75nHZ3LoS4gxvE4qL,Dangerous,['Qeuyl'],174234,2015,False,,0.8190000000000001,0.569,0.00683,0.34,133.009
7EufpDlw3jBG1OoJq7qUnN,Through the Storm,['Qeuyl'],237871,2015,False,,0.605,0.479,0.000509,0.314,139.967
7vHmZfPzjXGHJa7s6O6QcE,U R the Best Thing,['Qeuyl'],255327,2015,False,,0.636,0.4320000000000001,0.193,0.465,70.017
5Rf6LAWYYq6b4luvPDM85I,Quit Sense,['Triosence'],269867,2007,False,,0.36,0.0964,0.8740000000000001,0.0791,83.229
7JvSgoCvho4qCjOi1QFTVW,Cum on Feel the Noize,['Quiet Riot'],290667,2011,False,,0.40299999999999997,0.935,0.00941,0.353,145.105
1XaShns5Z6uqZqtxZ81A6g,Just a Moment (feat. Quan),"['Nas', 'Quan']",263213,2004,False,,0.629,0.601,0.0852,0.24,81.568
0errcSG4sI7ih5jt6TJKeJ,Qamar,['Sokoun'],73520,2009,False,,0.54,0.0765,0.9570000000000001,0.195,82.771
33t80N4dlcMZhTCBJHoAhQ,"Mortal Kombat Theme (from ""Mortal Kombat"")",['Qumu'],220982,2016,False,,0.762,0.836,0.0623,0.7090000000000001,139.997
2k5wGvG58t44E5pBieyMXd,Queen of the Pack,['Patra'],239533,1993,False,,0.768,0.48,0.155,0.7879999999999999,186.68200000000002
0QNbyI3KuRV1JKYzkKphoc,Qutro: Themeland,['Subsignal'],109173,2013,False,,0.244,0.384,0.882,0.38799999999999996,95.84700000000001
4zImB3MhMJoxpcQl7ByqH1,Regi Bugalu,['The Quantic Soul Orchestra'],196840,2010,False,,0.758,0.65,0.0766,0.961,123.259
7I4tiPHB6r2x8jHqbDb1ti,Pawnbroker,"['Quincy Jones', 'Steven Mercurio', 'Carl Allen', 'Kenny Kirkland', 'Reginald Veal', 'Donald Harrison', 'Terence Blanchard']",422573,1999,False,,0.43,0.36,0.762,0.335,102.37100000000001
56YQAhC1EozMYS5ZUfmTLt,I Don't Love You Anymore,['The Quireboys'],301747,2017,False,,0.5489999999999999,0.452,0.0745,0.446,134.81799999999998
0pTURBifiJaczOoPGF5qEW,Hollow Mind,"['Eminence', ""Q'Aila""]",271232,2016,False,,0.379,0.565,0.316,0.12,127.85
2K43l7QKRvmiNrrgz0Lfgt,My Galaxy,"['Eminence', ""Q'Aila""]",291480,2016,False,,0.425,0.768,0.00996,0.0954,149.893
4XJ1fDhbIUMXMTKRJINqUH,Intro,['San Quinn & E.Klips Da Hustla'],17111,2012,True,,0.7909999999999999,0.0916,0.324,0.852,125.603
14eWvUFabYsa3Id6LYROeG,We in the Kitchen,['San Quinn & E.Klips Da Hustla'],177137,2012,True,,0.858,0.484,0.0649,0.787,89.016
0iY0RZFhGoMYujYDoqQMbQ,While U Playin,['San Quinn & E.Klips Da Hustla'],254068,2012,True,,0.615,0.778,0.026000000000000002,0.503,92.126
2WQpZFk3Izhwil1QpX0mQ5,I Be Where the Cash Be (feat. Kreayshawn),['San Quinn & E.Klips Da Hustla'],217732,2012,True,,0.619,0.507,0.00511,0.7709999999999999,77.16
4JJQkieDa1CoKFXzzgjXD6,Do the Fool,['San Quinn & E.Klips Da Hustla'],260207,2012,True,,0.564,0.8009999999999999,0.0559,0.527,108.288
2GiRbrnNHHQBlEzS4ABwW8,The Future for Our Babies (feat. Lace Leno),['San Quinn & E.Klips Da Hustla'],240040,2012,True,,0.861,0.846,0.0142,0.843,96.005
2XtcyVjFDH5vtdRJzHRCXV,Up in Yo Bitch,['San Quinn & E.Klips Da Hustla'],245134,2012,True,,0.812,0.764,0.0017,0.701,93.985
6zoMBoz3INQz2VHCbZBEzk,Built Like That,['San Quinn & E.Klips Da Hustla'],254904,2012,True,,0.8440000000000001,0.575,0.0484,0.654,87.01799999999999
34vy0d5FmlP70V2x1vxiIM,Skit,['San Quinn & E.Klips Da Hustla'],39080,2012,True,,0.28300000000000003,0.963,0.59,0.0375,58.74800000000001
0o6T4xuL9S5uIhVz7l2mb7,No Mercy (D2),['San Quinn & E.Klips Da Hustla'],251612,2012,True,,0.732,0.6679999999999999,0.027000000000000003,0.516,90.178
6Smc8Rz9SwQsVbY3lZR2Uh,"Pick Up On This Guidence (feat. Sellione Mackinstile,)",['San Quinn & E.Klips Da Hustla'],230401,2012,True,,0.9309999999999999,0.613,0.00035099999999999997,0.44799999999999995,96.021
16UvsbupDji85LaFhAX1iY,"This, That & Sum Mo",['San Quinn & E.Klips Da Hustla'],238917,2012,True,,0.773,0.758,0.106,0.758,94.025
05thg4XfAsH1alGPMbXY9Z,Real Nigga Shit,['San Quinn & E.Klips Da Hustla'],235599,2012,True,,0.569,0.66,0.0234,0.188,108.352
4CxW1fBKNXQSkx1LThrmNp,Mob Shit,['San Quinn & E.Klips Da Hustla'],242261,2012,True,,0.833,0.67,0.109,0.726,89.089
7HRT8GMQal9r6XkFwJ6Mz2,Nobody's Outta Reach,['San Quinn & E.Klips Da Hustla'],229644,2012,True,,0.573,0.677,0.0153,0.507,98.041
5vwnBiDlekAMLlVjiHpioc,Why,['San Quinn & E.Klips Da Hustla'],246728,2012,True,,0.677,0.745,0.0103,0.782,88.47200000000002
2FAy8wQekqEGoncY0nANIQ,Everybody Wanna Be Gangsta (feat. Lace Leno),['San Quinn & E.Klips Da Hustla'],239309,2012,True,,0.475,0.7070000000000001,0.00015800000000000002,0.273,115.825
1ZdrmuxJX0i4sDSMWt3t4b,Alright (feat. Kumandae),['San Quinn & E.Klips Da Hustla'],221519,2012,True,,0.623,0.5760000000000001,0.0154,0.504,103.20200000000001
4Sjza4mz48ZX9NiB9ZLjlr,Dancing By Myself,"['Glacier', ""Q'Aila""]",224710,2016,False,,0.38799999999999996,0.7240000000000001,0.0921,0.307,107.03200000000001
1OAJhFDqGXrGrImQ4b6gMQ,Come On In,['San Quinn'],238867,2005,False,,0.68,0.59,0.0132,0.511,83.147
0RLHRTZfndNJR3BHE5b8LD,G's Perspective,['San Quinn'],346933,2005,False,,0.8740000000000001,0.409,0.0315,0.37799999999999995,86.035
5xpYLzx5XJSk8Sjn2LAHl7,Mob Style Muzik,['San Quinn'],257667,2005,False,,0.865,0.66,0.0107,0.256,94.98299999999999
6DSz20Y0b1lHVUK8gRHFj9,Shock Tha Party,['San Quinn'],215800,2005,False,,0.799,0.794,0.06,0.762,93.51899999999999
2STLWcuDYp9BbpJA2TcVE4,Pop Yo Collar,['San Quinn'],333667,2005,False,,0.784,0.679,0.2,0.677,96.001
5dgDYNsKgmyBjAxzuVcuPu,Money Over Bitches,['San Quinn'],289333,2005,False,,0.633,0.607,0.00481,0.5720000000000001,83.90100000000002
63rM1jaqwsJi8D5rQwYGUL,Slumps,['San Quinn'],199200,2005,False,,0.768,0.695,0.0273,0.8079999999999999,92.976
1nA61DcCe7VSMVvJLYRHsb,Give It Up,['San Quinn'],228733,2005,False,,0.746,0.7240000000000001,0.00379,0.76,93.419
2qgbaCHCFZRzM0Wvl0HXNS,Bounce Wit Me,['San Quinn'],233267,2005,False,,0.675,0.797,0.0032600000000000003,0.45399999999999996,93.939
7isskXVJUuPcdaGluy1RDJ,Life Without Music,['San Quinn'],252733,2005,False,,0.7809999999999999,0.46,0.0157,0.7040000000000001,139.953
313lUjkMan5nGczln9SABP,Now Or Neva,['San Quinn'],274867,2005,False,,0.6409999999999999,0.765,0.0008869999999999998,0.584,178.138
1aQFnyjcPdWcJDJnzMGS9X,Home,['San Quinn'],332267,2005,False,,0.708,0.611,0.284,0.35600000000000004,94.13
3U69KxW9g1wgNSFCguxKFc,Born In The Ghetto,['San Quinn'],206067,2005,False,,0.731,0.655,0.0275,0.511,92.022
3P3ukSCy1MrlwI8SQ4k76o,Fuel For The Fire,['San Quinn'],234933,2005,False,,0.794,0.893,0.152,0.965,89.042
47TUNtxmSsfUVNzKf1gfGK,My Block,['San Quinn'],246867,2005,False,,0.8190000000000001,0.5539999999999999,0.00236,0.573,86.98700000000002
2LvUszuH0lafLVhzPRm5Qr,Can't Get Enough,['San Quinn'],247360,2005,False,,0.7979999999999999,0.674,0.141,0.873,99.89299999999999
5WxUGoh0THOXuD6O15M6im,If You Ready,['San Quinn'],199693,2005,False,,0.9159999999999999,0.45,0.00517,0.40299999999999997,101.369
4eUJPiTqxnOnAapgBV2Vl3,I Believe,['San Quinn'],244760,2005,False,,0.865,0.892,0.20199999999999999,0.654,93.986
41LwuuKOMoiHvJO6rfvB6V,Quien Es Fulanito,['Fulanito'],221093,1999,False,,0.669,0.878,0.11199999999999999,0.856,159.77700000000004
3FdU9pZwUSHvpSHy5Sov03,Watching You,['Quor'],224787,2013,False,,0.276,0.95,0.000338,0.355,183.92
5qkmeddUjlaE435hLSV5tk,The Fragile Break,['Quor'],235192,2013,False,,0.435,0.972,0.000268,0.353,127.169
2FG0kFJRtotSQAYXxSg3CE,Paradise,['Quor'],226808,2013,False,,0.449,0.813,0.00022799999999999999,0.28300000000000003,144.026
3VEUOROCbuYAwZM2kXJWRE,Let's Rise,['Quor'],264987,2013,False,,0.336,0.9209999999999999,2.2e-05,0.382,177.03599999999997
66m8ki8SCcPRnIIP6gr3rd,Tatamka,['Terem-Quartet'],51840,2013,False,,0.168,0.11599999999999999,0.9129999999999999,0.0991,141.381
6OWbgJQhqoYDPH8QMoAtcn,Homeless Waltz,['Terem-Quartet'],353760,2013,False,,0.42,0.26899999999999996,0.866,0.162,119.50200000000001
37PyjAhA99yWTnTN556i1m,Peddlers,['Terem-Quartet'],237267,2013,False,,0.451,0.40700000000000003,0.7759999999999999,0.731,98.834
6amiDgI56JzP5qegRvNjN5,Indian Summer,['Terem-Quartet'],426747,2013,False,,0.29100000000000004,0.311,0.8220000000000001,0.177,89.14299999999999
2cEfqTnHJlJFUAT3FyGb3w,Sounds Like a Twist,['Terem-Quartet'],73987,2013,False,,0.657,0.268,0.816,0.815,109.36
0e2BE8mwtCH2hvCkPqhRyc,Must Be Foxtrot,['Terem-Quartet'],89307,2013,False,,0.505,0.281,0.866,0.7190000000000001,101.49799999999999
6feODn0v08sWxhqaqCMec1,Positively a Waltz,['Terem-Quartet'],207680,2013,False,,0.3,0.14400000000000002,0.737,0.14400000000000002,187.889
1IPZn2HSPtXz0BDow5osKb,Maybe a Tango,['Terem-Quartet'],143507,2013,False,,0.532,0.0876,0.919,0.5479999999999999,122.214
4QH2zBPXyFQOfWtkiLAxrK,A Slow One,['Terem-Quartet'],183093,2013,False,,0.34,0.0912,0.9440000000000001,0.522,140.543
4V7QMTjxAke0wo4VSfIsQo,Most Probably a Charleston,['Terem-Quartet'],235347,2013,False,,0.62,0.26899999999999996,0.8029999999999999,0.523,97.492
0TzNtTxP6p4LhWAhCcJ5Fr,A Quick One,['Terem-Quartet'],204720,2013,False,,0.498,0.32799999999999996,0.88,0.58,96.736
6wsdJFYdkFHuSRsMZAI1NW,Pas d'espagne,['Terem-Quartet'],257733,2013,False,,0.455,0.34299999999999997,0.8320000000000001,0.289,102.391
3ROHEceq6MSr6LcnI4PIFL,Sinfonia dell'opera: Il barbiere di siviglia,['Terem-Quartet'],344253,2013,False,,0.46,0.3670000000000001,0.809,0.528,100.564
6jOWI7ROMKpue8IYk2xtn8,Diplomat Waltz,['Terem-Quartet'],258440,2013,False,,0.295,0.24100000000000002,0.924,0.195,176.678
3FqGBVFBgkWTED0IQ8BWtD,Wien. Ringstrassenkorso. Sirk-Ecke 1 (Die letzten Tage der Menschheit),['Helmut Qualtinger'],681533,1999,False,,0.7240000000000001,0.142,0.575,0.439,117.329
72AfElWyFGyzqc0yHHbzny,Café Pucher (Die letzten Tage der Menschheit),['Helmut Qualtinger'],268533,1999,False,,0.6890000000000001,0.135,0.531,0.455,100.652
1oTOqnobiHHG0M9dPprba8,Kanzleizimmer im Obersthofmeisteramt (Die letzten Tage der Menschheit),['Helmut Qualtinger'],536227,1999,False,,0.66,0.19699999999999998,0.736,0.349,92.787
5RczNYrrU2dWCBnMrw5NB5,Ebenda (Die letzten Tage der Menschheit),['Helmut Qualtinger'],277133,1999,False,,0.6759999999999999,0.11,0.34299999999999997,0.34,143.80200000000005
3LA20LSkFchX97OxZPS3PV,Südbahnhof (Die letzten Tage der Menschheit),['Helmut Qualtinger'],746240,1999,False,,0.62,0.15,0.598,0.47,57.731
3NNK8Nx74T3vdmUJbetDrA,Wien Ringstrassenkorso Sirk-Ecke 2 (Die letzten Tage der Menschheit),['Helmut Qualtinger'],438667,1999,False,,0.71,0.304,0.713,0.299,106.046
2TYPaGtRYHSrDniZHS2FjW,Südtirol. Vor einer Brücke (Die letzten Tage der Menschheit),['Helmut Qualtinger'],47160,1999,False,,0.653,0.147,0.7709999999999999,0.6679999999999999,92.17
3LS6ZLuIiBX7Vu8cZlPJmT,Am Ballhausplatz (Die letzten Tage der Menschheit),['Helmut Qualtinger'],117773,1999,False,,0.629,0.133,0.87,0.321,171.273
1SCMVACxiWQuRwe8cY99TS,Kohlmarkt. Vor der Drehtür am Eingang zum Café Pucher (Die letzten Tage der Menschheit),['Helmut Qualtinger'],74227,1999,False,,0.695,0.155,0.847,0.436,101.90899999999999
0wFmTDOHRtLPWRAqKDuRW8,Eine Strasse in der Vorstadt (Die letzten Tage der Menschheit),['Helmut Qualtinger'],344200,1999,False,,0.6990000000000001,0.233,0.625,0.6659999999999999,84.21799999999998
3C8wSrpUVDrUVQaCBgyLuY,In einer Volksschule (Die letzten Tage der Menschheit),['Helmut Qualtinger'],197507,1999,False,,0.743,0.275,0.685,0.682,58.78
3eEThnxSQJWE4rOVzIM3ji,"Es treffen sich zwei, die sichs gerichtet haben (Die letzten Tage der Menschheit)",['Helmut Qualtinger'],118133,1999,False,,0.711,0.263,0.852,0.579,110.215
4RKsplt3FiEOkTAsuSwX3n,Es treten auf ein Riese in Zivil und ein Zwerg in Uniform (Die letzten Tage der Menschheit),['Helmut Qualtinger'],95360,1999,False,,0.7190000000000001,0.14300000000000002,0.763,0.579,109.991
21gQCaVcFU2cT8ryxcQC8N,Elektrische Bahn Baden - Wien (Die letzten Tage der Menschheit),['Helmut Qualtinger'],198600,1999,False,,0.723,0.153,0.815,0.31,119.346
6iHhipKURnkmzMOnd0lnLa,In der Wohnung der schauspeilerin Elfriede Ritter (Die letzten Tage der Menschheit),['Helmut Qualtinger'],267240,1999,False,,0.627,0.326,0.665,0.778,75.638
3j5Jr65IcABpEQhkehRZvM,Standort des Hauptquartiers (Die letzten Tage der Menschheit),['Helmut Qualtinger'],105800,1999,False,,0.705,0.0836,0.867,0.6409999999999999,97.45
2bjbshc3lfJFljAxxWSkc2,In der Kaffeesiedergenossenschaft (Die letzten Tage der Menschheit),['Helmut Qualtinger'],234627,1999,False,,0.726,0.139,0.723,0.466,114.209
4oL3GyGEGyqwebf5JLX62q,In der Wiener Deutschmeisterkaserne (Die letzten Tage der Menschheit),['Helmut Qualtinger'],154973,1999,False,,0.698,0.156,0.75,0.402,88.789
7EPaOQ6bbVOiWSQBAyYkVW,Kriegsfürsorgeamt (Die letzten Tage der Menschheit),['Helmut Qualtinger'],173733,1999,False,,0.654,0.0568,0.8490000000000001,0.364,83.96700000000001
2txDo3Qn1j9874LTIq338s,Am Janower Teich (Die letzten Tage der Menschheit),['Helmut Qualtinger'],343493,1999,False,,0.665,0.152,0.547,0.419,87.57799999999996
128JLSx9WudNIhnYzcZM1h,Zimmer des Generalstabsschefs (Die letzten Tage der Menschheit),['Helmut Qualtinger'],257600,1999,False,,0.638,0.24600000000000002,0.7240000000000001,0.705,83.75200000000002
0jfNpzAUwOLc7Wwg1Ftepf,Korso (Die letzten Tage der Menschheit),['Helmut Qualtinger'],245307,1999,False,,0.7040000000000001,0.183,0.804,0.358,106.242
3qrYX3uzrr5XQRnCZ14GIS,Der Optimist und der Nörgler im Gespräch (Die letzten Tage der Menschheit),['Helmut Qualtinger'],245360,1999,False,,0.642,0.124,0.794,0.473,162.8
6Hio79nxFm9m1STvNBn1Zs,Wien. Ringstrassenkorso. Sirk Ecke 3 (Die letzten Tage der Menschheit),['Helmut Qualtinger'],266733,1999,False,,0.725,0.242,0.7879999999999999,0.48100000000000004,122.399
4AoqVD6PF0wSlLnbA2Rr1N,Standort des Hauptquartiers. Eine Strasse (Die letzten Tage der Menschheit),['Helmut Qualtinger'],119267,1999,False,,0.7090000000000001,0.157,0.669,0.158,125.22
1FygTkIAdR1pthkdiRxjzJ,Bei der Batterie (Die letzten Tage der Menschheit),['Helmut Qualtinger'],108600,1999,False,,0.6970000000000001,0.272,0.763,0.606,104.819
7MbcJAkJw5wXQv9UBnA7Se,Semmering. Terrasse des Südbahnhotels (Die letzten Tage der Menschheit),['Helmut Qualtinger'],142240,1999,False,,0.74,0.265,0.735,0.5670000000000001,87.85700000000001
0DrfC3Jdl2RfhQBhzkCfNW,Kärntnerstrasse (Die letzten Tage der Menschheit),['Helmut Qualtinger'],158400,1999,False,,0.736,0.249,0.616,0.794,127.75200000000001
3B58e25UmBe167ktUtgVKM,Florianigasse (Die letzten Tage der Menschheit),['Helmut Qualtinger'],159160,1999,False,,0.716,0.127,0.897,0.40299999999999997,108.863
7kS3Yfavcd4hHtzuodm8is,Eine Jagdgesellschaft (Die letzten Tage der Menschheit),['Helmut Qualtinger'],280333,1999,False,,0.664,0.47200000000000003,0.851,0.728,92.32600000000001
3r9TEDX6TQxOb1G7ABlU4R,Ein Bureauzimmer bei einem Kommando (Die letzten Tage der Menschheit),['Helmut Qualtinger'],135267,1999,False,,0.7170000000000001,0.133,0.934,0.402,99.855
0xQ3LTZm2JhursoLVErZ4G,Restaurant des Anton Grüsser (Die letzten Tage der Menschheit),['Helmut Qualtinger'],126733,1999,False,,0.732,0.297,0.763,0.536,76.907
0f71bp1aMjlI0vd9GaxjyK,Vorstadtstrasse (Die letzten Tage der Menschheit),['Helmut Qualtinger'],36307,1999,False,,0.6990000000000001,0.23,0.8370000000000001,0.348,148.745
0g5KTbL2Hv2dUwGNcgNyT0,Während der Vorstellung in einem Vorstadttheater (Die letzten Tage der Menschheit),['Helmut Qualtinger'],90600,1999,False,,0.71,0.201,0.7859999999999999,0.447,74.449
7yqg0SR1Q3rCBbUHHGBozu,Beim Wolf in Gersthof (Die letzten Tage der Menschheit),['Helmut Qualtinger'],70760,1999,False,,0.731,0.217,0.7709999999999999,0.297,43.87600000000001
5lWBF66kO0gbSadpyiD5sn,Standort in der Nähe des Uzsok-Passes (Die letzten Tage der Menschheit),['Helmut Qualtinger'],125933,1999,False,,0.643,0.172,0.726,0.382,87.45299999999996
41J3OONNLYchhL7VO5JmOU,Hauptquartier. Kinotheater (Die letzten Tage der Menschheit),['Helmut Qualtinger'],46067,1999,False,,0.7190000000000001,0.131,0.86,0.5920000000000001,118.73899999999999
2hU5vPnTpiehg6tTAGlnwo,Eine unter das Kriegsdienstleistungsgeset gestellte Fabrik (Die letzten Tage der Menschheit),['Helmut Qualtinger'],113467,1999,False,,0.6990000000000001,0.156,0.846,0.601,82.165
0WvZUujGqxxUgr2dZfblOH,Zimmer im Haus des Hofrats Schwarz Gelber (Die letzten Tage der Menschheit),['Helmut Qualtinger'],329733,1999,False,,0.6709999999999999,0.163,0.82,0.353,71.664
1O9ctYGn95MnMalfNSP4F6,Vor unserem Artilleriestellungen (Die letzten Tage der Menschheit),['Helmut Qualtinger'],84933,1999,False,,0.725,0.213,0.6890000000000001,0.6970000000000001,79.135
2KycZNf7qdc3pQIbCnvRMx,Isonzo Front. Bei einem Kommando (Die letzten Tage der Menschheit),['Helmut Qualtinger'],320067,1999,False,,0.638,0.087,0.925,0.379,85.037
6qJJqM7Oh6Ge2dUJpm5AUp,In der Viktualienhandlung des Vinzenz Chramosta (Die letzten Tage der Menschheit),['Helmut Qualtinger'],261827,1999,False,,0.679,0.29,0.6609999999999999,0.21899999999999997,98.74700000000001
73Vy7TL8jteBd7NtrDIaNH,Kriegsarchiv. Der Dichter Hans Müller (Die letzten Tage der Menschheit),['Helmut Qualtinger'],262467,1999,False,,0.7040000000000001,0.121,0.831,0.37,107.795
5O24N1HMbqPualbO0XyzHT,Ein Chemisches Laboriatorium in Berlin (Die letzten Tage der Menschheit),['Helmut Qualtinger'],130240,1999,False,,0.684,0.19,0.769,0.547,83.256
6k8ZVoPYmAvkupc8EuFCV0,Vereinssitzung der Cherusker in Krems (Die letzten Tage der Menschheit),['Helmut Qualtinger'],289800,1999,False,,0.623,0.19899999999999998,0.768,0.405,71.933
0wUZu2LXCFkVziqp4N3jZL,Eine protestantische Kirche (Die letzten Tage der Menschheit),['Helmut Qualtinger'],80360,1999,False,,0.6970000000000001,0.27699999999999997,0.695,0.5770000000000001,103.17
6NyJgtLeRTOXbTBkduZXJR,Wallfahrtskirche (Die letzten Tage der Menschheit),['Helmut Qualtinger'],84133,1999,False,,0.747,0.146,0.778,0.779,65.411
6OgwcGGFSy4BYwDtmcMHVX,Hauptquartier (Die letzten Tage der Menschheit),['Helmut Qualtinger'],83373,1999,False,,0.762,0.149,0.58,0.32799999999999996,81.71
0vh0LjyeKgRIL3g4rIyknr,Zwei Verehrer der Rechspost treten auf (Die letzten Tage der Menschheit),['Helmut Qualtinger'],93200,1999,False,,0.7120000000000001,0.0625,0.8,0.6459999999999999,76.4
29pFMe3JyI7WPGruwvmzlh,Vor dem Kriegsministerium (Die letzten Tage der Menschheit),['Helmut Qualtinger'],18800,1999,False,,0.8059999999999999,0.14800000000000002,0.6859999999999999,0.0,101.77799999999999
3MDpjmRBfwjNWM8zA4BFtb,Qlap - Went Mental in Mexico,['Qlap'],506920,2002,False,,0.7040000000000001,0.973,0.000106,0.31,141.009
0vowQdYtCQmdHz25XOQeQc,Freedom (Live),['Queen Godis'],336933,2005,False,,0.5920000000000001,0.478,0.757,0.29100000000000004,68.626
5sFh12Ky69mlHlmAmEESDZ,Fire,['Queen Godis'],428173,2005,False,,0.61,0.685,0.387,0.294,92.54899999999999
4k8gSI0l2a6zkGaVQW1Sgh,Pinocchio,['Quest'],293347,2012,False,,0.45299999999999996,0.433,0.657,0.47100000000000003,114.354
5bzAo74cit95AMavJ8bEpf,Prince of Darkness,['Quest'],388400,2012,False,,0.384,0.247,0.778,0.21,92.566
68uTAWdD9PeGY4HRVQkHCh,Footprints,['Quest'],440227,2012,False,,0.39399999999999996,0.445,0.21899999999999997,0.264,147.583
62u1ahvF5ZyrmzhV0e56Jl,M. D.,['Quest'],442613,2012,False,,0.264,0.218,0.807,0.0742,60.902
3UmX88yyy7V5q5RZfyFiFF,Hand Jive,['Quest'],338493,2012,False,,0.435,0.34700000000000003,0.4320000000000001,0.42200000000000004,125.95200000000001
7kb2iG1d4tJ21zDOGNAtSx,Vonetta,['Quest'],258933,2012,False,,0.354,0.0908,0.9279999999999999,0.114,84.90299999999998
1TvNYtDroImwKKR6gEvums,Nefertitti,['Quest'],382787,2012,False,,0.466,0.259,0.855,0.165,109.294
4liEPwliWXSrlDZdhjnLZC,Circular Dreaming,['Quest'],458627,2012,False,,0.319,0.0783,0.9359999999999999,0.0748,80.333
4AQbk7Cytac0fcgar53brc,Paraphernalia,['Quest'],592960,2012,False,,0.408,0.41700000000000004,0.222,0.251,85.825
1h6A0W55av0xJe2S4wuG85,Bonus Track,['Quest'],375293,2012,False,,0.384,0.381,0.938,0.494,76.383
3An0dG22XSCEVjmD9IeGN9,Quiet Vibration Land Theme VII,['Oranger'],31467,2000,False,,0.161,0.11,0.8959999999999999,0.19699999999999998,109.911
5iMVk594ddJWapZ9a1jERp,Quando,['Penalva'],199533,2000,False,,0.6609999999999999,0.568,0.146,0.763,100.039
1bcP5IjGmzzZUN5qXmlRsx,Quantum Levitation,['Tlamanik'],496552,2016,False,,0.539,0.8029999999999999,0.000837,0.0335,144.983
6RoGyC4fwseMXACM4tUlEU,Qaul Tarana (Man Kuntu Maula) [The Chishti Anthem],['HuDost'],340693,2015,False,,0.29,0.5920000000000001,0.0531,0.17,99.62100000000001
0qEYdKI4lsSBKCVV1qmmMy,Bad Boy In Mutitjulu (Instrumental),"['Justin Quintner, Neville Doolan, Dillon Calma, Ross Doolan']",116827,2006,False,,0.636,0.38299999999999995,0.51,0.607,110.85
69Ndy0qxbyzllGmhiAWdeF,Quisiera Ser Alcohol,['Jaguares'],358467,2002,False,,0.449,0.309,0.8390000000000001,0.10300000000000001,144.119
2AR8f4TX2ltjkLcbljGVd8,Hello - Original Mix,['Going Quantum'],361826,2012,False,,0.315,0.7509999999999999,0.0014199999999999998,0.1,104.29
0F8vJPGl3OTmq4tAA5vT1C,Hello - Centra Remix,"['Going Quantum', 'Centra']",270348,2012,False,,0.509,0.789,0.027000000000000003,0.28800000000000003,174.021
7ph0M0j2t2GJYaG00xTO6B,Hello - Stephen Walking Remix,"['Going Quantum', 'Stephen Walking']",277000,2012,False,,0.503,0.9229999999999999,9.290000000000001e-05,0.0392,139.914
7CXGOus3yb9XieAQCI61mg,Hello - Ephixa Remix,"['Going Quantum', 'Ephixa']",299397,2012,False,,0.46,0.882,0.000123,0.457,170.05599999999995
6MhvtS0sW30dfiEy1Jayv2,Quirky Dub,['Subset'],434120,2016,False,,0.733,0.541,0.00119,0.578,163.975
1LjacZOEWRTee30ZvfXqPD,Quest-Amour & Le Dragon,['Dela'],281179,2020,False,,0.6459999999999999,0.275,0.591,0.365,93.01
54UkmTg8z9Z9l10j19KejS,No Volverás a Verme (with Juan Gabriel),"['Queta Jiménez ""La Prieta Linda""', 'Juan Gabriel']",252467,1996,False,,0.591,0.29600000000000004,0.591,0.545,98.494
64XCfIz8YRHQc6iIaWJfKL,Que Pena,['Julio Jaramillo'],171813,2009,False,,0.855,0.45299999999999996,0.35,0.9179999999999999,140.86700000000005
0rntYBtdl1PxIeVhZZaLZF,"3 Songs, Op. 3: No. 2. Now Sleeps the Crimson Petal","['Roger Quilter', 'Richard Crooks', 'Frederick Schauwecker']",148360,1997,False,,0.34700000000000003,0.0169,0.993,0.22,79.814
1xixeAcQNXuuWJiMg3YgmB,Q-Tip - Freestyle,['Q-Tip'],96533,1995,False,,0.848,0.7440000000000001,0.495,0.821,99.024
6NhicQVMNk8RSfh5dfz5V8,Incoming Liberation,['The Quaaludes'],82720,2016,False,,0.35200000000000004,0.956,6.69e-05,0.6629999999999999,139.607
74uaC1dmsmpPxnYPpXiEaZ,Feel Free (intro) (feat. Q-Tip),"['Rhymefest', 'Q-Tip']",71187,2006,False,,0.331,0.775,0.10099999999999999,0.516,104.255
3yQGIo5rVuPIHSMWtBxMQt,West Of One,['Brubeck Brothers Quartet'],460213,2006,False,,0.57,0.32899999999999996,0.889,0.5660000000000001,97.348
5mmKpeIz8FS0l5SJzQmG9O,Sahara Moon,['Brubeck Brothers Quartet'],526067,2006,False,,0.35700000000000004,0.364,0.5710000000000001,0.433,86.725
7DQmaKanImbzU0NoYHtQzj,Parade Du Funk,['Brubeck Brothers Quartet'],546040,2006,False,,0.498,0.623,0.455,0.7909999999999999,104.441
2RnOWWhVO6COSJ13wPmRnk,Bullwinkle's Revenge,['Brubeck Brothers Quartet'],514867,2006,False,,0.5529999999999999,0.45,0.728,0.41600000000000004,112.369
5OKPtTOFr0U4iixkAIOEK9,Still As Winter,['Brubeck Brothers Quartet'],556000,2006,False,,0.475,0.067,0.9590000000000001,0.0595,111.316
712Mzhyngco1yMLMIgEndt,Open Door,['Brubeck Brothers Quartet'],541333,2006,False,,0.39899999999999997,0.405,0.867,0.336,133.91299999999998
1Xqcvj6AYWpoAnfLG9nknc,"Jump Up, Get Down",['Brubeck Brothers Quartet'],381133,2006,False,,0.322,0.742,0.263,0.7809999999999999,144.089
3BJFKypCVtD6syQiePhbvp,Easy For You To Pray,['Brubeck Brothers Quartet'],416587,2006,False,,0.496,0.107,0.976,0.0651,115.57700000000001
2FHxSXq0x5SIibWo9eUp3r,Change Up,['Brubeck Brothers Quartet'],234507,2006,False,,0.5870000000000001,0.502,0.746,0.653,148.49
3a5FHGjbIea0VXWyKS2zz6,Seven Seas Alone,['The Quakes'],179480,2009,False,,0.461,0.935,0.0021,0.892,181.06799999999998
4DU4N9zsWPZAgP7iqYCYps,Spirit of the Cat,['The Quakes'],98480,2009,False,,0.509,0.951,0.0524,0.9179999999999999,128.752
6QLTIHIvvJ4pHINlSY5dux,Negative Charge,['The Quakes'],144827,2009,True,,0.515,0.863,0.000175,0.872,168.822
1EPqHjqrTfapXU4IaSMMpl,Master Planned Community,['The Quakes'],144160,2009,False,,0.431,0.982,0.0399,0.847,96.369
32JtR3ZQMkymZbe1iXIbIu,Ghost Town,['The Quakes'],199387,2009,False,,0.5670000000000001,0.9,0.00843,0.9279999999999999,160.72899999999996
3UfnfP1lTxkUJ1R5Ed0h80,Time Wasters,['The Quakes'],80573,2009,False,,0.308,0.889,0.0106,0.903,84.249
3Z3LhWW0nDNYcQKJH4QAMG,Ready for a War,['The Quakes'],154600,2009,False,,0.48100000000000004,0.9279999999999999,0.0794,0.539,109.04
2PDfFEV9eLFV3wnZnEl1NE,Turn on You Tomorrow,['The Quakes'],150747,2009,False,,0.584,0.6779999999999999,0.013999999999999999,0.8909999999999999,167.75799999999995
4iCPPvtyQmtDryNa3i47Jz,Straight to Valhalla,['The Quakes'],175626,2009,True,,0.275,0.912,0.0014199999999999998,0.442,154.204
7uZdPN8reVeQaylxBf686J,Raining All My Life,['The Quakes'],139712,2009,False,,0.6559999999999999,0.972,0.0786,0.816,124.171
444qPS8CHVpjuGnIBeFxHx,Just Rock,['The Quakes'],200133,2009,False,,0.45399999999999996,0.9390000000000001,0.000149,0.853,206.891
52NB17FsyTXwzKrP2EHRhL,Everything Must Die,['The Quakes'],198427,2009,False,,0.499,0.914,0.0333,0.9590000000000001,166.857
6ZQAZl27pJZCiuASYXb4jy,Seven Seas Alone (LP Mix),['The Quakes'],179480,2009,False,,0.5670000000000001,0.9329999999999999,0.00303,0.8140000000000001,90.485
5D5jMKOSi6u6km6eKSGQUs,Seven Seas Alone (X Mix),['The Quakes'],232387,2009,False,,0.485,0.937,0.0015199999999999999,0.883,181.05599999999998
2exE2JAkjNvRcE2zGsmYDZ,Hello - Centra Remix,"['Going Quantum', 'Centra']",270348,2012,False,,0.509,0.789,0.027000000000000003,0.28800000000000003,174.021
7cjnyOxLkTjmCN010QCSgE,Hello,['Going Quantum'],361826,2012,False,,0.315,0.7509999999999999,0.0014199999999999998,0.1,104.29
7xvTiFkYOUu4UNlgOcL0mQ,Full Grizzly,"['Going Quantum', 'Stephen Walking']",212649,2012,False,,0.5539999999999999,0.8009999999999999,0.000717,0.32299999999999995,140.01
3UrKBnuOLZXagprKsFalaP,Quesadilla,['Clara C'],220667,2012,False,,0.409,0.872,0.262,0.413,78.834
16VeUMYX2NifkuDC5Kv87N,Qu'est-ce que t'es devenu?,['Taktika'],252733,2008,False,,0.76,0.8640000000000001,0.0885,0.632,95.205
003JusD06NyvosYNQ7pwlZ,Quand l’espoir meurt 2.0,['Taktika'],349093,2016,False,,0.47600000000000003,0.616,0.376,0.115,93.665
2dZVfFCuI0PGE6jYF4pfHo,Disco Nights (Rock Freak) - Single Remix,['G.Q.'],233267,1998,False,,0.765,0.713,0.0166,0.9640000000000001,123.12
0IOR2n8MVNuIdUYdn0KxXb,I Don't Love You Anymore,['The Quireboys'],301747,2018,False,,0.5489999999999999,0.452,0.0745,0.446,134.81799999999998
2fXxAL8jnUwQnebzWHO3CH,Home,"['San Quinn', 'Messy Marv', 'Dee.Dee']",327800,1998,True,,0.6940000000000001,0.611,0.29100000000000004,0.395,94.126
1YZOueEfNcZhY1CHe4BZY2,Pop Ya Collar,"['San Quinn', 'E-40', 'Mixture', 'Messy Marv']",330627,1998,True,,0.782,0.687,0.19,0.675,95.956
5k9xfFo34B7TEyiXIuaOoB,Discouteous,"['San Quinn', 'Messy Marv']",232933,1998,True,,0.861,0.556,0.006640000000000001,0.392,91.072
5XXJmgXjs3v2V3s4wcP4jQ,Ready 4 War,"['San Quinn', 'Messy Marv']",326507,1998,True,,0.7709999999999999,0.586,0.0959,0.726,88.135
4k6GBQ9L4Hfgv005m0NwR5,Golden State,"['San Quinn', ""Rappin' 4-Tay"", 'Sky Skers', 'Messy Marv']",230560,1998,True,,0.863,0.65,0.00598,0.611,105.12299999999999
6hvMEH9DkCUpstVcO5HSKs,Mobb Shit,"['San Quinn', 'Marvaless', 'Messy Marv']",248293,1998,True,,0.64,0.735,0.0464,0.632,86.764
3J39BtguTxFjEpFUMn4HPC,Explosive Mode,"['San Quinn', 'Bossman', 'Messy Marv']",250280,1998,True,,0.836,0.5589999999999999,0.007659999999999998,0.48,94.001
0GW1IN7NWEXm8TAMf3KtZL,Stop It,"['San Quinn', 'Bavgate', 'Messy Marv']",265333,1998,True,,0.848,0.623,0.000146,0.439,86.89200000000002
0Q9WHwq5Mb2xLHYYZWwVMN,Bay Luv,"['San Quinn', 'Messy Marv', 'Don P', ""Black 'N Brown""]",202867,1998,True,,0.88,0.595,0.0197,0.589,104.181
0BoQxUrbv0ykgAdpxygbbL,Presidential,"['San Quinn', 'The Network', 'Messy Marv']",278200,1998,True,,0.639,0.746,0.00905,0.5579999999999999,80.29899999999998
5B1NYrCIlNWjhmCgChigdK,Hoodlyfe,"['San Quinn', 'Celly Cel', 'Messy Marv']",293960,1998,True,,0.774,0.55,0.0529,0.565,91.145
0Jyg5suPAgq6IpY6iUVrWs,Want Me To Stay,"['San Quinn', 'Messy Marv', 'Dewayne Wiggins']",303973,1998,True,,0.825,0.68,0.41600000000000004,0.818,90.79899999999999
0xrJlNYlifNwumWVAoMSaj,Watch Out,"['San Quinn', 'D-Moe', 'Messy Marv', 'Iyesha', 'Willie Hen']",285693,1998,True,,0.8809999999999999,0.55,0.0511,0.534,88.865
7fhsgwPIHjh6H6CtzQZRGO,Money Now,"['San Quinn', 'Messy Marv']",284773,1998,True,,0.556,0.615,0.0038799999999999998,0.573,82.44
04RJjX9HZyxQyDd5Qz2RPY,Boss Hogs,"['San Quinn', 'Messy Marv']",318427,1998,True,,0.9109999999999999,0.65,0.00314,0.601,90.04799999999999
6BycYXelyZn7POmW8lt5H1,Takin Inventory,"['San Quinn', 'Rich The Factor', 'Young Fee', 'Messy Marv']",248440,1998,True,,0.725,0.72,0.0202,0.325,85.986
6s0uMk7tzJismtrnH0X7FJ,Plegaria a un labrador,['Quilapayún'],201693,2015,False,,0.26,0.555,0.684,0.284,87.704
2mCvOkqNMWr8Idyzv4ypDC,Qué dirá el santo padre,['Quilapayún'],169960,2015,False,,0.703,0.7070000000000001,0.604,0.526,116.056
081dhCL0sDHyS8EpMvY6Wo,Nuestro cobre,['Quilapayún'],211293,2015,False,,0.41200000000000003,0.39399999999999996,0.742,0.212,109.785
4HBdzGXvSDLFT8pDmkRDRP,La mariposa,['Quilapayún'],204693,2015,False,,0.578,0.613,0.3720000000000001,0.5479999999999999,126.449
1ixHYSR5QlOzsyzpXH8JLG,Carabina 30-30,['Quilapayún'],198453,2015,False,,0.574,0.649,0.47600000000000003,0.502,94.391
5eLUtbzAfZx2jEvbZuobSt,Dónde está la que quiero,['Quilapayún'],330453,2015,False,,0.27899999999999997,0.33399999999999996,0.5870000000000001,0.0853,68.829
4FA9tykClm7VsITNEpXOhV,Contraste,['Quilapayún'],178827,2015,False,,0.38799999999999996,0.66,0.706,0.392,83.725
3IXyRspegUqXESntNfi8Nd,La paloma,['Quilapayún'],167480,2015,False,,0.514,0.875,0.188,0.584,102.335
5JX6UyKwb4RgQeft6f4ZCv,Luz negra,['Quilapayún'],233387,2015,False,,0.376,0.473,0.71,0.157,47.896
2fn5N2uC6E0Cr9FaZckefr,Discurso del pintor Roberto Matta,['Quilapayún'],279413,2015,False,,0.452,0.42200000000000004,0.5920000000000001,0.4,88.744
6Hu6mmV1DUpNKp2aufh4CI,El cigarrito,['Quilapayún'],188760,2015,False,,0.3720000000000001,0.33899999999999997,0.81,0.245,151.623
5hXXTPAA4o2n8CX77nkXoj,Allende,['Quilapayún'],235507,2015,False,,0.284,0.391,0.8140000000000001,0.0775,77.922
2UTlH5LA21iCes0i9UzPi6,Ventolera,['Quilapayún'],147667,2015,False,,0.602,0.82,0.0463,0.892,111.292
5sQmjVPEwFgQKqtEVILBHs,Vals de Colombes,['Quilapayún'],158493,2015,False,,0.524,0.5329999999999999,0.9259999999999999,0.887,91.11200000000001
29HA1JrCZBcOxrhHvtiDmF,Mi patria,['Quilapayún'],229867,2015,False,,0.20199999999999999,0.478,0.635,0.193,201.83700000000002
4ViDgfOdd32BU2d9FixrS9,La muralla,['Quilapayún'],316813,2015,False,,0.401,0.705,0.247,0.386,134.11
76VwDQPJivDVcpCIjgmsoq,Malembe,['Quilapayún'],319360,2015,False,,0.42100000000000004,0.848,0.149,0.479,134.29
5mXdYzOjKhtMOFfjJtNEnc,El pueblo unido jamás será vencido,['Quilapayún'],229320,2015,False,,0.598,0.8029999999999999,0.28600000000000003,0.39899999999999997,106.162
4JGPBAD5O58v5dCdjHXnY9,"Guitar Quintet No. 1 In D Minor, G. 445 : I. Allegro Moderato","['Danubius Quartet', 'Zoltan Tokos', 'Luigi Boccherini']",447747,1992,False,,0.39,0.0657,0.966,0.21899999999999997,132.833
0QidLLhBQhmfgYij3DFEkA,"Guitar Quintet No. 1 In D Minor, G. 445 : II. Cantabile","['Danubius Quartet', 'Zoltan Tokos', 'Luigi Boccherini']",262520,1992,False,,0.27,0.0256,0.966,0.0963,95.96
4VYbAUXgUN68HiWml8yHy7,"Guitar Quintet No. 1 In D Minor, G. 445 : III. Minuetto","['Danubius Quartet', 'Zoltan Tokos', 'Luigi Boccherini']",261613,1992,False,,0.41100000000000003,0.10800000000000001,0.973,0.455,119.854
5HDQwobFamy6xA4HJlV62C,"Guitar Quintet No. 1 In D Minor, G. 445 : IV. Finale: Allegro Assai","['Danubius Quartet', 'Zoltan Tokos', 'Luigi Boccherini']",217347,1992,False,,0.35200000000000004,0.10300000000000001,0.955,0.29600000000000004,137.762
2oGMpSLA2bnBs0LP0d1BT3,"Guitar Quintet No. 2 In E Major, G. 446 : I. Maestoso Assai","['Danubius Quartet', 'Zoltan Tokos', 'Luigi Boccherini']",454307,1992,False,,0.35,0.0828,0.973,0.21600000000000005,136.624
2rpyLU5uBqvzEmUFjs6ddA,"Guitar Quintet No. 2 In E Major, G. 446 : II. Adagio - Allegretto","['Danubius Quartet', 'Zoltan Tokos', 'Luigi Boccherini']",296107,1992,False,,0.371,0.0488,0.976,0.201,118.016
0wvGtBgERwe1PO7k65rwOB,"Guitar Quintet No. 2 In E Major, G. 446 : III. Polacca: Tempo Di Minuetto","['Danubius Quartet', 'Zoltan Tokos', 'Luigi Boccherini']",341280,1992,False,,0.493,0.0645,0.97,0.47200000000000003,98.58200000000001
6W10UXgIZDtzLk2ppbzu1k,"Guitar Quintet No. 3 In B Flat Major, G. 447 : I. Allegro Moderato","['Danubius Quartet', 'Zoltan Tokos', 'Luigi Boccherini']",429587,1992,False,,0.406,0.0655,0.9740000000000001,0.38,142.355
4ThUQhoKPzhNrYiyaYee90,"Guitar Quintet No. 3 In B Flat Major, G. 447 : II. Tempo Di Minuetto","['Danubius Quartet', 'Zoltan Tokos', 'Luigi Boccherini']",257333,1992,False,,0.446,0.0858,0.961,0.34,105.199
3MslWsQgDaaOuH31QpoWNa,"Guitar Quintet No. 3 In B Flat Major, G. 447 : III. Adagio","['Danubius Quartet', 'Zoltan Tokos', 'Luigi Boccherini']",253760,1992,False,,0.28800000000000003,0.042,0.978,0.133,123.28299999999999
7ltvt80vjiRwrayhMS05cv,"Guitar Quintet No. 3 In B Flat Major, G. 447 : IV. Allegro","['Danubius Quartet', 'Zoltan Tokos', 'Luigi Boccherini']",340813,1992,False,,0.33899999999999997,0.153,0.963,0.4370000000000001,85.516
1l09MenZghLtIaGxcpfJ11,Disco Nights,['G.Q.'],354907,2012,False,,0.799,0.528,0.0112,0.903,122.63
3bZyFKxfTV77BFM3NKEjJC,Make My Dream a Reality,['G.Q.'],375920,2012,False,,0.77,0.49,0.0497,0.961,122.323
2mGBmxeUHEKBIb4nWoXP12,It's Your Love,['G.Q.'],256667,2012,False,,0.39299999999999996,0.604,0.0598,0.743,176.291
6zYJItO9QhNkAMMVHMylMo,Spirit,['G.Q.'],229800,2012,False,,0.7659999999999999,0.63,0.0442,0.9540000000000001,120.32799999999999
2GrFgmm2BOuhEZfgFdXiPl,This Happy Feeling,['G.Q.'],324893,2012,False,,0.7340000000000001,0.6629999999999999,0.003820000000000001,0.95,130.31799999999998
4xnKVi07SpWtNePUTJS02V,Wonderful,['G.Q.'],310440,2012,False,,0.653,0.777,0.0355,0.9309999999999999,116.944
1tRNU3hH4VPk6LuYWOXn78,Boogie Oogie Oogie,['G.Q.'],254880,2012,False,,0.742,0.561,0.0272,0.9620000000000001,126.26899999999999
6s6YSLYT9lbdsOtySCntIT,I Do Love You,['G.Q.'],288733,2012,False,,0.46399999999999997,0.48700000000000004,0.0352,0.34600000000000003,183.6
6pBwOh1AMBq3PVirsLoVRU,Boogie Oogie Oogie (12 Inch Version),['G.Q.'],372947,2012,False,,0.799,0.53,0.00521,0.961,126.146
24O4UYr93pmp8oGtcRnhCF,Disco Nights (12 Inch Version),['G.Q.'],530227,2012,False,,0.807,0.493,0.000978,0.7759999999999999,121.47399999999999
35TcrDlDKXoVsENlQC1B04,Disco Nights (7 Inch Version),['G.Q.'],237053,2012,False,,0.8190000000000001,0.48,0.0161,0.96,123.176
19Yv9s0rt4saSMytzza7qe,Make My Dream a Reality (7 Inch Version),['G.Q.'],243973,2012,False,,0.775,0.3670000000000001,0.0643,0.965,122.39399999999999
4OAfTC8UgoZ0UlW7PS75Fc,I Do Love You (7 Inch Version),['G.Q.'],265840,2012,False,,0.429,0.47,0.0378,0.366,183.581
6PtuMCwLijomUcKj833aVC,Quake,['Stereotronique'],341139,2013,False,,0.665,0.9009999999999999,0.00359,0.21600000000000005,127.975
63FE3U5XQPTLRv6DD1xAd7,Quiero Ser Tu Perra,['Ultrasonicas'],212907,1999,False,,0.478,0.77,6.12e-06,0.361,130.244
73m6ePlcl6zDPsNVq5ISv0,Qué Pasa Conmigo?,['Divididos'],244013,2000,False,,0.41,0.9329999999999999,0.0949,0.408,79.116
7mTOk97d5oUX2ZqwLanu4V,Hello World,['Dirk Quinn'],53600,2008,False,,0.6859999999999999,0.42100000000000004,0.185,0.34299999999999997,109.189
50ydNmnC0VD02DHWxkQG2h,Evil Birdman Of Funk,['Dirk Quinn'],433613,2008,False,,0.599,0.807,0.522,0.6940000000000001,107.12200000000001
1jskWCGTyxq0kxDyC6BHye,Money Bus,['Dirk Quinn'],355013,2008,False,,0.544,0.81,0.611,0.555,99.219
2bSKFGrm0qmERNWIskl8c0,Thursday,['Dirk Quinn'],430973,2008,False,,0.581,0.735,0.26899999999999996,0.551,111.27
6iNUev3KoEZJhyeOTGeG83,O.U.R.,['Dirk Quinn'],451320,2008,False,,0.565,0.68,0.10800000000000001,0.672,96.585
2CBmxHkMAmXLizUQaIEfqQ,Davel's Return,['Dirk Quinn'],284053,2008,False,,0.626,0.535,0.5770000000000001,0.46799999999999997,89.85700000000001
0oKHZKEcf30Lwc2checdtS,Emaj7th Jam,['Dirk Quinn'],331573,2008,False,,0.485,0.614,0.754,0.324,123.14399999999999
4PpQNZ23vReTHmupYmcoZ3,Covert Mini-Putt,['Dirk Quinn'],501293,2008,False,,0.449,0.8079999999999999,0.20199999999999999,0.504,93.37899999999999
0iVfV2PPkZ4EvpdCdPOeT1,Good Ol' Fashioned Gospel Throwdown,['Dirk Quinn'],459747,2008,False,,0.45899999999999996,0.792,0.125,0.544,127.811
4Q9wGAM0S8erMjyRwmOH95,Quietude,['Amethyste'],235173,2006,False,,0.19,0.221,0.914,0.0377,105.963
6pRo1ryP9N8aFCe1YpWQLj,Borderline (An Ode to Self Care) (feat. Q-Tip),"['Solange', 'Q-Tip']",182733,2016,False,,0.69,0.5770000000000001,0.152,0.47200000000000003,92.985
7gN5MQNM2bYn55H5Xfw2Gd,Surrounded (feat. Lasro),['San Quinn presents Black Bizness'],229933,2009,True,,0.449,0.794,0.00548,0.794,184.275
2IiG7jf5587dwG8XlRQVsN,Pillz (feat. Dubee),['San Quinn presents Black Bizness'],247773,2009,True,,0.738,0.7190000000000001,0.000389,0.507,170.965
2fz2JojbmFmhJUZ7G81ZEX,Balla'z Complex,['San Quinn presents Black Bizness'],210400,2009,True,,0.687,0.633,0.0325,0.809,101.104
4oMB011klHjjNckg2fRvYf,Ride Passenger (feat. Vital),['San Quinn presents Black Bizness'],227227,2009,True,,0.693,0.617,0.0706,0.414,88.985
3JXmOJuHzzrgg4UI10LSVe,Red Light - Green Light (feat. San Quinn),['San Quinn presents Black Bizness'],219147,2009,True,,0.764,0.6859999999999999,0.000551,0.77,100.975
6LGBz9ECGrHcDb0o4QaYP7,What Am I Gonna Do? (feat. San Quinn),['San Quinn presents Black Bizness'],271440,2009,True,,0.494,0.757,0.000352,0.775,83.92200000000003
4dughNnT4aYMWlI1s4fvyQ,This Is Life (feat. Lasro),['San Quinn presents Black Bizness'],270893,2009,True,,0.457,0.8640000000000001,0.0298,0.684,171.09900000000005
4p3841PPZwA1U1Bsk86GC0,Watchout (feat. D. Labrie),['San Quinn presents Black Bizness'],235240,2009,True,,0.664,0.853,0.00928,0.7909999999999999,84.402
3G3aPZEkseJJSrLILobp0M,We Drom Kalifornia (feat. San Quinn),['San Quinn presents Black Bizness'],192320,2009,True,,0.738,0.752,0.0113,0.539,104.969
6SFGHKQ3bCkv5TbOyEvgoS,Ooh Wee (feat. Sean T),['San Quinn presents Black Bizness'],204107,2009,True,,0.452,0.741,0.0316,0.48700000000000004,85.44200000000002
4xNTu2Zb5Pub5lKab9ZfAa,Ask Yo B*tch (feat. Jonny Rocks & Cali B),['San Quinn presents Black Bizness'],259800,2009,True,,0.718,0.745,0.00131,0.7809999999999999,105.383
2PNHr3A7hbRRNTqeDqqCjY,I Push,['San Quinn presents Black Bizness'],233880,2009,True,,0.642,0.8220000000000001,0.114,0.774,177.08599999999996
5PRJJoOpR04PE3s9trITKu,Close The Book (feat. Prince Lefty),['San Quinn presents Black Bizness'],278787,2009,True,,0.428,0.715,3.07e-05,0.46399999999999997,88.601
3lIHfdZMHDSO1BLa7hMkVh,All Over (prince Lefty (feat. Rich Tycoon),['San Quinn presents Black Bizness'],253893,2009,True,,0.376,0.9640000000000001,0.0927,0.46299999999999997,161.525
3Ng8vWpJVuLrYhNZnqyke9,White Powdah (feat. San Quinn & Keak Da Sneak),['San Quinn presents Black Bizness'],235053,2009,True,,0.685,0.7490000000000001,0.0159,0.835,180.238
0VezEDKbvzCauKpXXNelUi,Frustrated (feat. Yukmouth),['San Quinn presents Black Bizness'],271213,2009,True,,0.603,0.91,0.0873,0.6809999999999999,90.162
4BJ0YVHI0fw7NvMPIQOzFK,Here For You,"['Pixl', ""Q'Aila""]",279502,2015,False,,0.708,0.84,0.00413,0.38,125.007
5FeervRztxKAuxYPJ75Gt7,Hello - Centra Remix,"['Going Quantum', 'Centra']",270348,2012,False,,0.509,0.789,0.027000000000000003,0.28800000000000003,174.021
6DbPqPQTwPE03yCiniAHDa,Quoting - Mani A Destra Mani A Sinistra,['Dottor Dag'],265720,2008,False,,0.831,0.946,0.054000000000000006,0.154,96.001
0VZ53LvTCb8Ic9av136LAP,Jasmine,['Paul Quin'],340305,2014,False,,0.518,0.223,0.667,0.342,109.975
3f6sZX3XcFUGFZdgQseznD,Sombody's Son,['Quinn Henry Mulligan'],234400,2018,False,,0.435,0.439,0.703,0.127,78.02199999999998
3eM2gNikggo10ZofpQ7gj5,Spaceman,['Quinn Henry Mulligan'],341514,2018,False,,0.41600000000000004,0.34600000000000003,0.688,0.0911,150.333
37MBPJRP6QfPTKLZW5pvgF,These Are My Friends,['Quinn Henry Mulligan'],151127,2018,False,,0.381,0.307,0.925,0.235,160.232
5Wt8HUgG7pkSzswdENM0Tj,"Adam, Sleep",['Quinn Henry Mulligan'],165693,2018,False,,0.409,0.196,0.8809999999999999,0.151,64.903
4vBmVQFg01FQ65z6VJuy35,Quiet,['Quinn Henry Mulligan'],198932,2018,False,,0.628,0.275,0.8,0.22899999999999998,127.589
6ZEIP82Uqs3gv3qLY69JMo,Flower,['Quinn Henry Mulligan'],134320,2018,False,,0.33799999999999997,0.303,0.9279999999999999,0.359,88.288
42patxk6IUVpWmZHbvS5rf,Overgrown,['Quinn Henry Mulligan'],216595,2018,False,,0.555,0.376,0.91,0.309,92.626
7B8BZMjz80wJqlt9bAUh0w,Sleep,['Quinn Henry Mulligan'],210534,2018,False,,0.495,0.363,0.618,0.15,105.021
7LXXiBaOdDHoD4VC4PaF3K,Monday Late,['Quinn Henry Mulligan'],244514,2018,False,,0.474,0.326,0.914,0.115,75.018
39Q6TQwy2F7ZvTGmdu3jpZ,Okay,['Quinn Henry Mulligan'],354860,2018,False,,0.24600000000000002,0.47100000000000003,0.626,0.0531,200.628
3Q2YwPsnIKgoipscL2dsFI,String Quartet Movement In B Flat Major,"['Borodin Quartet', 'Pyotr Ilyich Tchaikovsky']",771120,2000,False,,0.21600000000000005,0.0712,0.9129999999999999,0.0623,84.809
6jLc0YTY2Cmkz9PLDz25CU,"String Quartet No. 1 In D Major, Op. 11: I. Moderato E Semplice","['Borodin Quartet', 'Pyotr Ilyich Tchaikovsky']",626400,2000,False,,0.228,0.158,0.919,0.11699999999999999,90.02799999999998
10wG7cHglyON8uiwxDu4oZ,"String Quartet No. 1 In D Major, Op. 11: II. Andante Cantabile","['Borodin Quartet', 'Pyotr Ilyich Tchaikovsky']",395640,2000,False,,0.16,0.0338,0.982,0.0492,139.8
6zi9bFQ01atNRFxUMO8jL5,"String Quartet No. 1 In D Major, Op. 11: III. Scherzo: Allegro Non Tanto E Con Fuoco","['Borodin Quartet', 'Pyotr Ilyich Tchaikovsky']",224640,2000,False,,0.619,0.132,0.935,0.36200000000000004,124.19200000000001
46K7VzsoucmBP7VxyObLIN,"String Quartet No. 1 In D Major, Op. 11: IV. Finale: Allegro Giusto","['Borodin Quartet', 'Pyotr Ilyich Tchaikovsky']",410040,2000,False,,0.48700000000000004,0.132,0.89,0.23600000000000002,131.345
0emRoLbUjYK1GaPCDedGR1,"String Quartet No. 2 In F Major, Op. 22: I. Adagio - Moderato Assai","['Borodin Quartet', 'Pyotr Ilyich Tchaikovsky']",698040,2000,False,,0.27699999999999997,0.162,0.96,0.111,95.949
1VwJVeSF7KkwWXaw2C9W5K,"String Quartet No. 2 In F Major, Op. 22: II. Scherzo: Allegro Giusto","['Borodin Quartet', 'Pyotr Ilyich Tchaikovsky']",324360,2000,False,,0.5,0.107,0.9490000000000001,0.183,136.906
2zB4jIwElhsJqgrMN1ytzZ,"String Quartet No. 2 In F Major, Op. 22: III. Andante Ma Non Tanto","['Borodin Quartet', 'Pyotr Ilyich Tchaikovsky']",743040,2000,False,,0.113,0.126,0.96,0.0336,87.40100000000002
59VeZis1kMCjqalqL2GUfb,"String Quartet No. 2 In F Major, Op. 22: IV. Finale: Allegro Con Moto","['Borodin Quartet', 'Pyotr Ilyich Tchaikovsky']",348480,2000,False,,0.46299999999999997,0.295,0.9440000000000001,0.583,137.534
3uepylMibjrv40kKUu5yrf,"String Quartet No. 3 In E Flat Minor, Op. 30 : II. Allegretto Vivo E Scherzando","['Borodin Quartet', 'Pyotr Ilyich Tchaikovsky']",221040,2000,False,,0.6990000000000001,0.14800000000000002,0.948,0.46299999999999997,96.61399999999999
48tUOVtQ0d2hLv9n5XVLQQ,"String Quartet No. 3 In E Flat Minor, Op. 30 : III. Andante Funebre E Doloroso Ma Con Moto","['Borodin Quartet', 'Pyotr Ilyich Tchaikovsky']",660600,2000,False,,0.21,0.0395,0.858,0.0391,125.175
7nlhH51cDUH2fQLrHBX21R,"String Quartet No. 3 In E Flat Minor, Op. 30 : IV. Finale: Allegro Non Troppo E Risoluto","['Borodin Quartet', 'Pyotr Ilyich Tchaikovsky']",336240,2000,False,,0.5329999999999999,0.33899999999999997,0.8809999999999999,0.263,140.283
272kKj2fy171Pv2j6vs61D,"Souvenir De Florence, Op. 70: I. Allegro Con Spirito","['Borodin Quartet', 'Mstislav Rostropovich', 'Genrikh Talalyan', 'Pyotr Ilyich Tchaikovsky']",612720,2000,False,,0.3670000000000001,0.187,0.83,0.325,114.212
3dQE6nqxEWZRYJBSJYtAq0,"Souvenir De Florence, Op. 70: II. Adagio Cantabile E Con Moto","['Borodin Quartet', 'Genrikh Talalyan', 'Mstislav Rostropovich', 'Pyotr Ilyich Tchaikovsky']",632520,2000,False,,0.20800000000000002,0.141,0.778,0.0693,102.084
7gXJuyClz9rIDWvnWnTvJ1,"Souvenir De Florence, Op. 70: III. Allegretto Moderato","['Borodin Quartet', 'Mstislav Rostropovich', 'Genrikh Talalyan', 'Pyotr Ilyich Tchaikovsky']",380160,2000,False,,0.484,0.223,0.86,0.209,85.475
6BebarNIdE5FfxXDlPpZ5y,"Souvenir De Florence, Op. 70: IV. Allegro Vivace","['Borodin Quartet', 'Mstislav Rostropovich', 'Genrikh Talalyan', 'Pyotr Ilyich Tchaikovsky']",417960,2000,False,,0.40700000000000003,0.262,0.9079999999999999,0.441,140.629
41nm5sin4hOXLbmaTdrx5s,Raw,['Going Quantum'],229761,2014,False,,0.6759999999999999,0.8190000000000001,0.000321,0.0649,170.003
1g6EP1DxupZztc7oL6o9Z3,Deja Quitarte La Ropa,['Dalmata'],197293,2006,False,,0.831,0.764,0.0787,0.929,94.01299999999999
1PPNmPE3kpsD2icDKmTT2R,Quiero Dormir Cansado,['Emmanuel'],240867,2002,False,,0.732,0.516,0.282,0.778,114.708
2PiaHDaxJmRkDzbpyb4A53,Quiet City,['Twentythrees'],213360,2008,False,,0.735,0.217,0.488,0.369,140.13
11U5raeCC2YTKvg4JVH9n3,Quelque Chose,['Twentythrees'],395333,2008,False,,0.627,0.5489999999999999,0.602,0.34700000000000003,89.98200000000001
2ODWpf83SYwBCAPjAbh7v9,¿Que Me Das?,['Rosendo'],220667,2000,False,,0.599,0.826,0.0009140000000000001,0.831,125.37299999999999
2fJ6ETc8SN6SeSqQXAv4a4,Quiet Earth,['Shajan'],522267,2013,False,,0.203,0.126,0.945,0.038,79.291
1bRYuY859WjyYtVHVK07Jh,"Quiet Nights, Corcovado",['Yazz'],292200,2012,False,,0.649,0.41700000000000004,0.9440000000000001,0.654,136.298
5KrAgZzALWvPi9UOOJs9Ll,"Quartet (Concerto Polonaise) in B-Flat Major, TWV 43:B3: I. Polonaise","['REBEL', 'Rebel']",124467,2002,False,,0.525,0.055999999999999994,0.9209999999999999,0.391,103.777
022s37eDhXrhWARamtgesK,"Quartet (Concerto Polonaise) in B-Flat Major, TWV 43:B3: II. Allegro","['REBEL', 'Rebel']",232893,2002,False,,0.5,0.166,0.8959999999999999,0.72,125.855
3ZivZLJ1JvNeRE5mIhsHmM,"Quartet (Concerto Polonaise) in B-Flat Major, TWV 43:B3: III. Largo","['REBEL', 'Rebel']",135840,2002,False,,0.456,0.0689,0.8909999999999999,0.42100000000000004,75.531
6jImH5ThieB7Tm1pZluVff,"Quartet (Concerto Polonaise) in B-Flat Major, TWV 43:B3: IV. Allegro","['REBEL', 'Rebel']",66467,2002,False,,0.636,0.132,0.878,0.9,99.693
7pQGWGVoMOsbt4Iz1kDQd2,Quantum,['Astronaut'],215625,2014,False,,0.627,0.9229999999999999,0.00198,0.563,128.034
4NlwB4TEkc69cPRpmc6SNt,Little Miss Magic,['The Quicksilver Kings'],187500,2016,False,,0.546,0.894,0.0188,0.657,145.023
2WH4l27825mQRDprbTVIz8,Coupe De Ville,['The Quicksilver Kings'],177177,2016,False,,0.6779999999999999,0.42200000000000004,0.862,0.537,110.194
5Ndkc3KcqhAUlbzDwAife2,Con te partirò - Italian Version of 'Time to Say Goodbye',"['Lucio Quarantotto', 'Franco Sartori', 'Paul Potts', 'Carmine Lauri']",243573,1980,False,,0.157,0.424,0.823,0.301,171.69
43RnmRPJIwPt31sQ0EEJJv,The Man With No Heart,['The Quicksilver Kings'],200783,2015,False,,0.69,0.46299999999999997,0.7829999999999999,0.342,130.026
3PXzed42HAOFYfpxOCqRXw,Love,['Question Mark'],312733,2016,False,,0.377,0.688,0.000124,0.467,161.484
7CmgPb3bWjSpsb6ouuOCY7,Dirty Dresses and Sexy Skirts,['The Quicksilver Kings'],186702,2015,False,,0.447,0.898,0.0111,0.643,180.06
2nSJKXXyweU58rs3yaXrvd,Mr. Righteous - Intro,['Superstar Quamallah'],35093,2009,True,,0.7829999999999999,0.523,0.9329999999999999,0.518,88.848
2Fvo6kIMjR5JGBUmST5BKw,You Need Knowledge,['Superstar Quamallah'],225000,2009,True,,0.779,0.8170000000000001,0.0492,0.69,96.00200000000001
7sANAmHddp8IZc9fQzjNDA,88 Soul,['Superstar Quamallah'],192920,2009,True,,0.759,0.782,0.0299,0.38299999999999995,95.00299999999999
3OyVac2T4HHX7FYvozTf6D,Black Shakespeare,['Superstar Quamallah'],182160,2009,True,,0.787,0.473,0.177,0.6679999999999999,86.471
0JNiEkYLBdvhOzWu4P33jW,For My People...It's Spiritual,['Superstar Quamallah'],175240,2009,True,,0.784,0.5539999999999999,0.0442,0.126,92.99700000000001
1dKwOxSb0jauX48pzE1HZD,Lonely At The Top,['Superstar Quamallah'],236773,2009,True,,0.7879999999999999,0.6459999999999999,0.0405,0.8220000000000001,94.89299999999999
6ahIrc60zKyY4RW8ZCJgQH,Just Listen,['Superstar Quamallah'],245133,2009,True,,0.76,0.6759999999999999,0.0235,0.6990000000000001,94.98299999999999
5mF9igbsu0fqIbdyCkEvhd,California Dreamin',['Superstar Quamallah'],273600,2009,True,,0.679,0.858,0.0386,0.619,91.024
0cvF2UJihwPdiDUEAWPZ53,Purity,['Superstar Quamallah'],239440,2009,True,,0.6920000000000001,0.6679999999999999,0.322,0.6920000000000001,82.98299999999998
4Z7lIRXCTr8okOX6z6UDT6,Kunta Kente,['Superstar Quamallah'],260600,2009,True,,0.705,0.81,0.175,0.767,82.03200000000002
76o8rXec6keNhjcyAz2KkE,1993 Shit,['Superstar Quamallah'],229307,2009,True,,0.872,0.591,0.332,0.774,94.398
3Xs14U6Cm1y1k7EcT12AGg,We Got Plots,['Superstar Quamallah'],218947,2009,True,,0.546,0.648,0.21899999999999997,0.499,88.156
5RmhFxZQMO77fk3vJVLWde,Do Win-Dis,['Superstar Quamallah'],251320,2009,True,,0.742,0.9079999999999999,0.0307,0.898,93.525
6dPsqu7fee9i383u7cHD51,Hope She Remembers Me,['Superstar Quamallah'],195373,2009,True,,0.718,0.682,0.0785,0.83,94.76100000000001
0E6tKbXQJZOPqUDCsEmHhk,You Need Knowledge - Instrumental,['Superstar Quamallah'],225573,2009,True,,0.7859999999999999,0.809,0.00923,0.9059999999999999,96.00399999999999
0gMZ1mT9pwgHrGK5lOvPya,88 Soul - Instrumental,['Superstar Quamallah'],193720,2009,True,,0.847,0.639,0.00436,0.252,95.00200000000001
1bHk2aZ1PeKaDc556grkbZ,Black Shakespeare - Instrumental,['Superstar Quamallah'],184613,2009,True,,0.74,0.195,0.0409,0.71,86.499
6VNF2dq597DXJ3A71eIJ1r,For My People...It's Spiritual - Instrumental,['Superstar Quamallah'],178707,2009,True,,0.758,0.381,0.000987,0.0469,93.045
6zQJB08H4lLJXEwV2Vatvo,Lonely At The Top - Instrumental,['Superstar Quamallah'],242547,2009,True,,0.858,0.444,0.0325,0.892,94.899
6zTXD4WwLmpRc9gU3H91px,Just Listen - Instrumental,['Superstar Quamallah'],245640,2009,True,,0.8240000000000001,0.439,0.00162,0.848,94.963
0wPr5fovNZVjvL3Wkjk9NU,California Dreamin' - Instrumental,['Superstar Quamallah'],273773,2009,True,,0.695,0.76,0.0384,0.611,91.00200000000001
6JFooMxA4nFKHb3T460JML,Purity - Instrumental,['Superstar Quamallah'],240560,2009,True,,0.705,0.53,0.319,0.654,83.00200000000002
5BPgCT5dsNVK6Q89SiFfkp,Kunta Kente - Instrumental,['Superstar Quamallah'],261133,2009,True,,0.738,0.8340000000000001,0.105,0.745,82.029
7LbDGhELaYlTPAfotRDC3P,1993 Shit - Instrumental,['Superstar Quamallah'],231600,2009,True,,0.7390000000000001,0.48100000000000004,0.35100000000000003,0.8079999999999999,188.72299999999998
3xzXOCHrquB5WcehgrIhuM,We Got Plots - Instrumental,['Superstar Quamallah'],219280,2009,True,,0.606,0.486,0.0894,0.7929999999999999,88.406
1hzorJcTYeyTXLuH8QsvP1,Do Win-Dis - Instrumental,['Superstar Quamallah'],253560,2009,True,,0.643,0.868,0.018000000000000002,0.852,187.16400000000002
2zjr3yp1b0AwKS3VhRNHcS,Hope She Remembers Me - Instrumental,['Superstar Quamallah'],195040,2009,True,,0.693,0.763,0.0407,0.951,94.758
70W71u6Z4nZYSIIdCjHhSf,"String Quartet No. 21 In D Major, K. 575, ""Prussian No. 1"": String Quartet No. 21 In D Major, K. 575, ""Prussian No. 1"": II. Andante","['Eder Quartet', 'Wolfgang Amadeus Mozart']",274493,1997,False,,0.222,0.0439,0.975,0.12,108.954
61v2mUhB9PaA7lYL5U56aD,Pay it Forward,['Quakers on Probation'],289360,2010,True,,0.504,0.726,0.0655,0.425,104.825
1ipjVoYwkAZrDDYlqQ2C4H,Your Favorite Song,['Quakers on Probation'],212813,2010,False,,0.326,0.872,0.0489,0.723,174.06799999999996
5bdqQ1IwkP7l7ELKSZsRVB,Sun Country Inn,['Quakers on Probation'],277813,2010,False,,0.6409999999999999,0.451,0.743,0.449,129.828
13CjR2AZFeENqTvUkiuAvz,I Know a Woman,['Quakers on Probation'],211293,2010,False,,0.5720000000000001,0.7170000000000001,0.445,0.616,75.52199999999998
5Wd53Ff7FIJ38WJdIRnFt4,Every Living Thing,['Quakers on Probation'],200053,2010,False,,0.623,0.8059999999999999,0.449,0.632,140.944
1O78qbFsmPOmWLM7Xaj6OZ,Yard Sale,['Quakers on Probation'],201093,2010,False,,0.495,0.49,0.81,0.259,157.541
4xsnbrKOcFlChBRJjk3JVB,Marysville,['Quakers on Probation'],254480,2010,False,,0.44,0.855,0.0106,0.665,157.783
6u6I2n9Rh4ynqiLd8kR6io,Hollywood Walk of Fame,['Quakers on Probation'],172973,2010,False,,0.675,0.654,0.00406,0.57,137.965
3TQ9IjJJ7rbg6KjdOllI1m,GI Joes,['Quakers on Probation'],235600,2010,False,,0.621,0.653,0.0189,0.643,103.029
0P9VnirJX1C6F49iOYvGKx,Lament for the Aging Rocker,['Quakers on Probation'],242253,2010,True,,0.627,0.469,0.552,0.337,139.644
5IHWsApjNT3TBnkcIz9tlc,Chevy Van,['Quakers on Probation'],219507,2010,False,,0.561,0.8420000000000001,0.0759,0.33799999999999997,148.06
11hrYn2fot79XSje1Zs98z,Monster Village,['Quiet by Ten'],311947,2008,False,,0.519,0.818,0.317,0.40700000000000003,111.99600000000001
10pYJy3zIVnEvNVT167fIs,Blue Eyed Girl,['Quiet by Ten'],243627,2008,False,,0.5,0.754,0.192,0.496,89.988
2yConcCwWfTu8whT0RZlbo,Yesterday,['Quiet by Ten'],292493,2008,False,,0.479,0.5529999999999999,0.0616,0.48,137.836
7k1VQUmG0mBCG0068Cin9K,Simplicity,['Quiet by Ten'],218827,2008,False,,0.56,0.718,0.0261,0.53,110.03299999999999
6DJJwbsUieu8BYi0SV1Axc,Empty Coffin,['Quiet by Ten'],298520,2008,False,,0.494,0.436,0.731,0.267,119.875
3TtpKDT3dGFfIpGulKoXLi,Almost New Years,['Quiet by Ten'],288720,2008,False,,0.5329999999999999,0.561,0.0511,0.493,95.046
1dZnDCmTYeavqdaJSEI67g,Feeling Happily Strange,['Quiet by Ten'],189960,2008,False,,0.47600000000000003,0.534,0.0268,0.457,159.887
4YSHZSqCYFaCc14ImYxyOa,Penny Rogers,['Quiet by Ten'],298187,2008,False,,0.523,0.349,0.728,0.331,75.587
5bvJwMRWRucTHqApjspYVY,North,['Quiet by Ten'],214533,2008,False,,0.387,0.511,0.516,0.065,72.561
5X3CrgGdAdxUc7Sbxvr2sJ,Nostradamus,['Quiet by Ten'],783573,2008,False,,0.318,0.000857,0.315,0.8859999999999999,138.774
6MQnFX9UvDRafO5zt0cz3L,Bonus Track,['Quiet by Ten'],4053,2008,False,,0.0,0.0,0.0,0.0,0.0
2NNDil5n8rZYg5XfPQYQcb,Last Ones,['The Quit'],167333,2010,False,,0.452,0.77,0.57,0.342,75.584
7w3kLksG4zcmbu7uJAQRf4,Captains of Industry,['The Quit'],241880,2010,False,,0.456,0.878,0.0967,0.521,163.718
1IYKyOBPy5qrIHFpAqV5ag,Iron Ages,['The Quit'],250813,2010,False,,0.49,0.816,0.0593,0.45,92.573
3pB8RLna5au33VOMp6tt8O,Thunderlips,['The Quit'],61133,2010,False,,0.6809999999999999,0.48200000000000004,0.177,0.10300000000000001,147.04399999999995
3HXKoebznDw5xdxttjT5mH,Adolescent Malaise,['The Quit'],166227,2010,False,,0.602,0.723,0.0327,0.402,146.751
1W4EwvK0b37dak7XfvQPAX,Zarathustra,['The Quit'],247787,2010,False,,0.33299999999999996,0.833,0.0151,0.39299999999999996,116.26799999999999
3oPyjAmouQCqJjqGoU7TiW,The Great Escape,['The Quit'],324613,2010,False,,0.317,0.5539999999999999,0.623,0.163,100.822
7ucEmoUC9gfpvmEz3oqGBZ,Under The Wheels,['The Quit'],105693,2010,False,,0.22399999999999998,0.941,0.00547,0.65,143.113
5OTComCa1aL7eXA0lUtmZV,Poltergeist,['The Quit'],319880,2010,False,,0.534,0.647,0.385,0.145,79.422
4B4yKFOfB3l54IwuPdNzzx,Sun In Our Hands,['The Quit'],254507,2010,False,,0.6779999999999999,0.495,0.188,0.153,128.945
3XhFAZHaduc47CffJ7QEqt,Gilded Cage,['The Quit'],275960,2010,False,,0.544,0.7170000000000001,0.0866,0.526,78.695
0rncxI3qhKHcjpdjdiy9IS,Quem sabe sou eu,['IZA'],165000,2016,False,,0.713,0.884,0.207,0.591,99.95200000000001
6eBHgxZ1ZAe4PfsmYKSAyl,Brighton Rock,['Queen'],310320,2017,False,,0.355,0.846,0.3670000000000001,0.39399999999999996,137.423
56nQtxrXyfhfSC2pbx77zv,Brag Different (feat. Quando Rondo),"['NoCap', 'Quando Rondo']",166957,2019,True,,0.8490000000000001,0.635,0.0578,0.586,80.472
6moccwbGpNFeuKtGravOwH,Quiet,['Shuggie'],303333,1996,False,,0.22899999999999998,0.847,0.0108,0.5429999999999999,178.582
7sXiGOxIYXZwqIarveYBho,"Jesu, Joy Of Man's Desiring",['David Qualey'],264040,2005,False,,0.513,0.29600000000000004,0.943,0.685,133.68200000000002
1rbveejwUN0NcHIzh31UMh,"Trepak from ""The Nutcracker Suite""",['Modern Mandolin Quartet'],71373,2005,False,,0.442,0.267,0.9420000000000001,0.946,149.489
66qFEwrXEzTF0v1K89KOE7,Quick Pic,['Boney Black'],245500,2017,True,,0.733,0.529,0.5379999999999999,0.556,119.991
5kiWECk0Bh8vTwgWESPGp2,I Want Jesus To Talk With Me,['Homer Quincy Smith'],171547,2005,False,,0.16899999999999998,0.344,0.992,0.335,81.815
527t1ZpMJl0SgKTHdw4odP,Go Down Moses,['Homer Quincy Smith'],185933,2005,False,,0.242,0.335,0.995,0.349,82.038
0SDrtC7GLfwMaGnE2LNkQ8,The Tan Yard Side,['Frank Quinn'],191867,1997,False,,0.607,0.122,0.987,0.721,70.271
5FnrrftNgxPVxi169zLBwo,Shampion Chip,"['Bassnectar', 'Qa']",215200,2016,False,,0.452,0.857,0.000149,0.15,150.069
5ahypf3LBSVUkpmUrx8WrY,Quel Dommage,['Ludivine'],193440,2008,False,,0.65,0.64,0.715,0.6459999999999999,102.641
0eX6RCEzLWH3kJLAG8uxDj,Long Count,['Atlantis Quartet'],390826,2013,False,,0.39399999999999996,0.504,0.723,0.332,168.44400000000005
2auOesOvwy5bJs0XDlSyri,The Age of Water,['Atlantis Quartet'],348960,2013,False,,0.29,0.358,0.9329999999999999,0.196,73.875
6AU73NwEuT3jlTQa79oGsS,Stargazer Shoegazer,['Atlantis Quartet'],298706,2013,False,,0.7809999999999999,0.313,0.6779999999999999,0.24,108.007
2bFTOYl9c0XSD3my6cSMd3,Isle of the Flightless Birds,['Atlantis Quartet'],365840,2013,False,,0.447,0.563,0.6459999999999999,0.42,73.422
1uWlgWpnuwsW920wXsv6mB,Hidden Place,['Atlantis Quartet'],269093,2013,False,,0.44,0.2,0.953,0.154,80.587
4OVNruacxlxrxLFdnele5S,Shadow Puppets,['Atlantis Quartet'],279386,2013,False,,0.479,0.631,0.595,0.626,131.601
46XS6vJsXSTi8sEiClmC1s,The Big Room,['Atlantis Quartet'],304586,2013,False,,0.456,0.5379999999999999,0.7390000000000001,0.275,130.755
2s93YQbMfxbemN6KVQBkxq,Acrux,['Atlantis Quartet'],520480,2013,False,,0.42100000000000004,0.486,0.79,0.312,106.77600000000001
1vTuOejqOSuoQpiX8ZLSCB,The Loudest Silence,['Atlantis Quartet'],211800,2013,False,,0.42100000000000004,0.20600000000000002,0.988,0.17300000000000001,110.87899999999999
6crazEtKQEEtYSdGlxOMD4,Beat Down the Fence,['Quench Aid'],214147,2017,False,,0.853,0.565,0.0253,0.625,81.848
1K41qpjzpv90TfgVYv1LcK,Bel Air (feat. Quavo),"['Tyga', 'Quavo']",268749,2017,True,,0.773,0.47600000000000003,0.0863,0.26899999999999996,108.02600000000001
10acMrTdbp1KDqdX5UVHPB,Quitemonos La Ropa,['NG2'],269933,2004,False,,0.762,0.8590000000000001,0.239,0.833,92.488
2p2pSr1cc2kJhLns8mQuLR,457 Is The Code Part 2,"['San Quinn', 'Done Deal Family,Goodfella Family,Frank B,Hollywood,10sion.Bailey,Honest Bob,Errelevent']",93640,2006,False,,0.664,0.932,0.0876,0.156,80.245
6LkKqiiRrioPtZRZdagkR3,7 By 7,"['San Quinn', 'Done Deal Family,Goodfella Family,Frank B,Hollywood,10sion.Bailey,Honest Bob,Errelevent']",230893,2006,False,,0.721,0.74,0.293,0.132,97.96799999999999
6eHn0sfVLS9ct4Vrk9Wvm1,Will It Eva Change,"['San Quinn', 'Done Deal Family,Goodfella Family,Frank B,Hollywood,10sion.Bailey,Honest Bob,Errelevent']",337893,2006,False,,0.737,0.8340000000000001,0.147,0.552,169.014
0gensDwpr0inFhlAXpB41O,One Way,"['San Quinn', 'Done Deal Family,Goodfella Family,Frank B,Hollywood,10sion.Bailey,Honest Bob,Errelevent']",273613,2006,False,,0.619,0.8240000000000001,0.128,0.55,97.01899999999999
4FFZyBga9p4IjwX3VzCZcR,Ayo,"['San Quinn', 'Done Deal Family,Goodfella Family,Frank B,Hollywood,10sion.Bailey,Honest Bob,Errelevent']",256387,2006,False,,0.835,0.74,0.17300000000000001,0.805,93.95299999999999
5rj8gswtPKZ8iNujlsNWxj,Family Matters,"['San Quinn', 'Done Deal Family,Goodfella Family,Frank B,Hollywood,10sion.Bailey,Honest Bob,Errelevent']",246480,2006,False,,0.672,0.7559999999999999,0.0583,0.688,187.87
2YgAmeyE7W0jlBrKgdpltQ,Tell Me Why,"['San Quinn', 'Done Deal Family,Goodfella Family,Frank B,Hollywood,10sion.Bailey,Honest Bob,Errelevent']",280120,2006,False,,0.373,0.81,0.000206,0.371,81.083
2hzqiNhbErKnzPdEG56MIr,Take It There,"['San Quinn', 'Done Deal Family,Goodfella Family,Frank B,Hollywood,10sion.Bailey,Honest Bob,Errelevent']",278120,2006,False,,0.763,0.909,0.0358,0.47600000000000003,96.081
2F9ulor3I5SRAk0Ye4AuGm,Top Speed,"['San Quinn', 'Done Deal Family,Goodfella Family,Frank B,Hollywood,10sion.Bailey,Honest Bob,Errelevent']",235720,2006,False,,0.57,0.934,0.13699999999999998,0.249,123.635
7JiKjY2bOkHKjecRAKwnD6,I Will Run The City,"['San Quinn', 'Done Deal Family,Goodfella Family,Frank B,Hollywood,10sion.Bailey,Honest Bob,Errelevent']",160627,2006,False,,0.672,0.9,0.268,0.299,124.073
7ehZ1FKJtGZcc6teP7wQAs,Relatives,"['San Quinn', 'Done Deal Family,Goodfella Family,Frank B,Hollywood,10sion.Bailey,Honest Bob,Errelevent']",234640,2006,False,,0.498,0.833,0.099,0.84,168.62
31KWTVYo1ZdOHhaeY66SGm,We Soldiers,"['San Quinn', 'Done Deal Family,Goodfella Family,Frank B,Hollywood,10sion.Bailey,Honest Bob,Errelevent']",188787,2006,False,,0.462,0.9620000000000001,0.218,0.305,160.72899999999996
5ERQC6rQjbAITHOOm9STK7,Sounds Like Us,"['San Quinn', 'Done Deal Family,Goodfella Family,Frank B,Hollywood,10sion.Bailey,Honest Bob,Errelevent']",199627,2006,False,,0.836,0.701,0.608,0.32299999999999995,92.8
2snDlUGnRp0pm4taHD1ht7,Questions,['Tokyoidaho'],248804,2012,False,,0.4370000000000001,0.737,0.00186,0.607,163.99
4p5gtMRFCpIN3NlbbWtBNo,Hello,['Going Quantum'],361826,2012,False,,0.315,0.7509999999999999,0.0014199999999999998,0.1,104.29
1R4bwlYM96Qr9AfTwsRVER,Full Grizzly,"['Going Quantum', 'Stephen Walking']",212649,2012,False,,0.5539999999999999,0.8009999999999999,0.000717,0.32299999999999995,140.01
23mhpFivsM2BejI0TL9pg2,Queen Of The Hill,['Will Wakefield'],288173,2002,False,,0.542,0.672,0.53,0.389,110.16799999999999
3Wa1wgWpU8ULULdY2DxEyH,Quite Simple,['Brimstone Butterfly'],271760,2005,False,,0.11599999999999999,0.6970000000000001,0.131,0.0448,94.98700000000001
15z6g7QlkYd1uCjhbandC2,Three Madrigals: I. Bantams in Pine-Wood,['Quince Ensemble'],113373,2014,False,,0.564,0.0786,0.983,0.13,154.86700000000005
5ThEZRTtuvBfcytWPMXjGZ,Three Madrigals: II. Tea,['Quince Ensemble'],87667,2014,False,,0.44799999999999995,0.0199,0.9790000000000001,0.15,143.715
5y4IRtKniIjcESkOBA26Nk,Three Madrigals: III. Fabliau of Florida,['Quince Ensemble'],184240,2014,False,,0.135,0.0059,0.983,0.0327,83.686
2Pcy8HnzNxaWZ9wwnE5NX8,Squarepushers,['Quince Ensemble'],365853,2014,False,,0.17,0.00663,0.993,0.0379,124.766
6wjmeip3o0MvrTalvzGk3d,Le Saleve,['Quince Ensemble'],486107,2014,False,,0.244,0.0441,0.961,0.0344,74.437
2wTkKEHFv3ObRmMIXWkJfP,Decantations,['Quince Ensemble'],451760,2014,False,,0.0923,0.0201,0.966,0.0273,77.171
5ydZeFAoQI2cA39Y8mrz25,Hommage,['Quince Ensemble'],328133,2014,False,,0.17300000000000001,0.00869,0.988,0.0351,135.352
6fxKNI4WjqPFBrdRrleHc1,So Evenings Die: Movement 1,['Quince Ensemble'],191960,2014,False,,0.28600000000000003,0.0105,0.995,0.036000000000000004,122.135
2FZvCGFfnP3XohdA78UpXL,So Evenings Die: Movement 2,['Quince Ensemble'],126200,2014,False,,0.203,0.0503,0.9940000000000001,0.0362,75.827
1OjKLvezXItBS7EgBZ6drg,So Evenings Die: Movement 3,['Quince Ensemble'],188987,2014,False,,0.311,0.187,0.941,0.0389,74.883
5Pn8bMFUwTctir0Vm57Nba,Communique,['Quince Ensemble'],529173,2014,False,,0.32299999999999995,0.106,0.9279999999999999,0.34299999999999997,72.814
2Ta1b5zKBEr8K5NDO6Gf8K,My Lover (Isithandwa Sam),['Soweto String Quartet'],146893,1996,False,,0.31,0.11599999999999999,0.912,0.19899999999999998,102.681
6OxXSNcrUbQ2kqplpxn9lb,Quarter Life Crisis,['Hummer'],191371,2016,True,,0.392,0.9840000000000001,0.0175,0.618,184.90900000000002
4OfMLkx64ABlSANPsJxUlI,Queen Supreme,['THEESatisfaction'],131271,2010,True,,0.968,0.39,0.27399999999999997,0.809,110.03299999999999
4UVH9hk11pLSDaOadmhaL1,Queen,['HIRIE'],196853,2016,False,,0.769,0.601,0.0413,0.7879999999999999,149.988
550YyHm9PWX2BlcVk2IayG,When You're Good To Mama,"['Queen Latifah', 'Taye Diggs']",199733,2002,False,,0.517,0.429,0.44799999999999995,0.436,172.00400000000005
5G1QJ6Ub6gOGNNUcLHjDnE,Cell Block Tango,"['Queen Latifah', ""Lil' Kim"", 'Macy Gray']",217800,2002,False,,0.743,0.753,0.26,0.9059999999999999,95.014
4D4InI5LPUN5LqlSu91wDH,"Fantasies and Preludes, Giedde I.45: Sarabande in G Major","['Johann Joachim Quantz', 'Dorothee Oberlinger']",178627,2017,False,,0.3670000000000001,0.0134,0.993,0.899,124.927
0mvsLZXjohaHGiOh1DxrT5,"Fantasies and Preludes, Giedde I.45: Vivace alla Francese","['Johann Joachim Quantz', 'Dorothee Oberlinger']",90173,2017,False,,0.529,0.0146,0.9540000000000001,0.9309999999999999,78.54
6K6vbSGjL8jM0kmlY4BZas,High Power,"['San Quinn', 'Biaje']",242827,2007,False,,0.505,0.616,0.000789,0.58,89.65100000000002
7tYIunfKdK92GbKg7ibD1C,Quanta Terra nelle Mani,['Banda Bassotti'],179360,2004,False,,0.569,0.93,0.18,0.937,137.961
4XdiDdT020RvClHyStCF77,Queen of Hearts - '99,['Bad Boys Blue'],227133,1999,False,,0.66,0.856,0.0009539999999999999,0.816,118.97399999999999
3u8vXrMZtiTvs05hSy4XHJ,¿Quien Era Leila?,['Sarazino'],202920,2009,False,,0.603,0.8490000000000001,0.0674,0.847,91.95700000000001
6LKQyOHNGZmEJn11e8Cklc,Queen,['Anavan'],194907,2008,False,,0.324,0.9229999999999999,2.1899999999999997e-05,0.504,195.32299999999998
2koyxUkcTllWgVTwTONv7P,Hello,['Going Quantum'],361826,2014,False,,0.315,0.7509999999999999,0.0014199999999999998,0.1,104.29
2ezph00DaRSzQdHqsr0hqj,Quitter,['Fivespeed'],258427,2002,False,,0.498,0.69,0.081,0.17800000000000002,123.749
2Z1gD52KoNGtFZkPaVMEPN,Quant Je Sui Mis Au Retour,['Joglaresa'],228227,2009,False,,0.46,0.12,0.9790000000000001,0.32899999999999996,119.821
1VeBBKY7Y6MkzNtEWM5v61,Quema Quema,['Diegodiego'],229373,2005,False,,0.754,0.914,0.217,0.941,130.083
3hjHf4dqA9MhIyd4JXUepl,Dos Quema Remix,['Diegodiego'],208547,2005,False,,0.8290000000000001,0.845,0.0262,0.93,130.056
1SrdFilBXQiItDt7YjqFbg,Red On Red,['John Jorgenson Quintet'],195573,2010,False,,0.7929999999999999,0.3720000000000001,0.66,0.652,130.984
7taag9yDPI4ViprV2pC9qC,Slide Sister Slide,['John Jorgenson Quintet'],308747,2010,False,,0.784,0.207,0.7759999999999999,0.581,142.88299999999995
2jlq5VjsYjOCAwAQTSE6XE,One Stolen Night,['John Jorgenson Quintet'],337667,2010,False,,0.601,0.183,0.616,0.237,83.04
6AvjUzTZDE2kGktlEmclOV,Mediterranean Blues,['John Jorgenson Quintet'],415267,2010,False,,0.722,0.451,0.506,0.5660000000000001,131.308
31zDEG4Rbbx4hjTypsnP30,Souvenirs Des Nos Peres,['John Jorgenson Quintet'],336613,2010,False,,0.6509999999999999,0.163,0.8809999999999999,0.387,119.76899999999999
09p0xpHmFE7xZQYwtxHZo2,Billet Doux,['John Jorgenson Quintet'],281333,2010,False,,0.634,0.312,0.662,0.667,114.19200000000001
34sif5aer6SH2B081C4mjj,Kentucky Kastrinos,['John Jorgenson Quintet'],166493,2010,False,,0.5760000000000001,0.602,0.7140000000000001,0.715,152.923
3MmfSJyKkvbzLaklgz5XcG,Norwegian Dance,['John Jorgenson Quintet'],363347,2010,False,,0.506,0.152,0.792,0.217,133.168
5OliSjkXjMHfigpugtH8KT,Bella Ella,['John Jorgenson Quintet'],300360,2010,False,,0.755,0.499,0.698,0.635,92.035
4FMziAv2koWShabwsLwXdI,Hungaria,['John Jorgenson Quintet'],248907,2010,False,,0.66,0.461,0.6809999999999999,0.769,147.662
69R3CeIZC6gUxWoS2KlZCT,Dr. Jazz,['John Jorgenson Quintet'],342267,2010,False,,0.635,0.19899999999999998,0.7509999999999999,0.613,146.03799999999995
4lLJYkg9cmHRDJFuY9dPry,Istiqbal Solo,['John Jorgenson Quintet'],189267,2010,False,,0.423,0.255,0.929,0.222,93.686
0FsNVb4IZm6rbyiMlrbHUo,Dark Romance,['John Jorgenson Quintet'],310267,2010,False,,0.4,0.209,0.685,0.29100000000000004,68.105
0t7txQ7LfqTZiTY9R1bPju,Nympheas (arr. E. Price),"['Aeros Quintet', 'The Hot Club Of San Francisco']",268000,2009,False,,0.727,0.11800000000000001,0.9009999999999999,0.33799999999999997,113.208
7nSUzevircXetqgd397BVZ,Quimera,['Leonora'],290748,2017,False,,0.4920000000000001,0.726,0.000389,0.633,130.02
0lPQ94vpzcQ5U6G5GBS01o,Till I Met You,['Odette Quesada'],206493,2008,False,,0.281,0.0891,0.983,0.26,87.179
5A2R7ti2nIv9PjYKpsmrJh,Harden My Heart,['Quarterflash'],228933,2015,False,,0.5329999999999999,0.7020000000000001,0.011000000000000001,0.418,123.883
6rBlAjyvdElwO1th2GbveK,Quiet Release,['cerulean'],214427,2005,False,,0.364,0.915,0.00951,0.537,154.129
5FEYgoFaqvAAWamYNJyMld,Questions And Answers,['Questions And Answers (Sham 69)'],192360,2004,False,,0.499,0.914,0.0507,0.514,150.17600000000004
5c4lJY0v7EWX278fFRgBnP,Queimando Pneu,['Engradado'],146500,2017,False,,0.473,0.745,0.0111,0.642,180.045
5btrf2rLJyvjCfBmhWskLV,Atrévete,['Quadrafunks'],310000,2017,False,,0.757,0.655,0.0517,0.765,134.034
098NZ4nGFf8oiucGoDtuEX,Qudoom Alsultan,['Narjahanam'],289386,2013,False,,0.319,0.992,0.016,0.0591,165.06900000000005
58ZoFXG29B9fJvJHwD8r9v,Speed Etude,"['Quincy Porter', 'Cathy Basrak', 'Robert Koenig']",147760,2000,False,,0.53,0.17800000000000002,0.9840000000000001,0.6970000000000001,112.303
6RBK4wOuI4nw3pYT3MSTjm,Dancin' Man,['Q'],156133,1994,False,,0.8490000000000001,0.7020000000000001,0.0804,0.9790000000000001,112.171
0qhRuCIG6aFjKhhgJwu2OT,Quote Dat!,['Black Bizness'],220427,2005,False,,0.736,0.655,0.000898,0.809,175.99099999999999
5BENXDGP4E1eBTqaMd4XN8,Rare,"['Going Quantum', 'Psychic Type']",247500,2016,False,,0.5760000000000001,0.914,0.0015199999999999999,0.309,79.99600000000002
1JZsylZdetdiR80602b7js,The Hurting,['Mac Quayle'],616267,2005,False,,0.621,0.637,0.0955,0.21600000000000005,131.995
6ROHYFdhH8Kw0W94acyhYf,The Hurting,['Mac Quayle'],505227,2005,False,,0.7759999999999999,0.87,0.0299,0.445,132.011
0ePAbLOYl1FmBJTW9LgkeV,The Hurting,['Mac Quayle'],257400,2005,False,,0.569,0.779,0.19,0.19899999999999998,131.985
5MZTE85UzMQBNfyrZVoCxt,Take You to a Place,['Quictamac'],215224,2014,True,,0.7040000000000001,0.44799999999999995,0.115,0.433,93.015
69a2oB9zS60iezLlTZ4j5t,Grown Up,['Quictamac'],219560,2014,False,,0.8590000000000001,0.708,0.0775,0.7,99.353
4GjLoEo6dBuCYdW3wdyXcS,Down for My Family,['Quictamac'],235077,2014,False,,0.81,0.642,0.102,0.9690000000000001,92.796
0unOcqQhxJggTBLGFkTaOl,Can You,['Quictamac'],260755,2014,False,,0.7979999999999999,0.48700000000000004,0.0332,0.505,97.90700000000001
4IxE4oIlTxSq1XrXWdbyED,Good Life,['Quictamac'],178470,2014,False,,0.713,0.452,0.0654,0.784,178.11700000000005
1TQdXyi0XZhysmR8NK91AS,Freaky Tonight,['Quictamac'],243306,2014,False,,0.606,0.5920000000000001,0.0199,0.484,169.97099999999998
5JwKq7SsIXUEqGxgbo70dC,Dear Daddy,['Quictamac'],263890,2014,False,,0.556,0.7559999999999999,0.203,0.534,170.02200000000005
3i66Qiq5u1hHzh1MjoFUgw,Good Old Dayz,['Quictamac'],178470,2014,True,,0.713,0.452,0.0654,0.784,178.11700000000005
1D7WfXCcmtlwyhJi1DhjK1,Can't Turn Back,['Quictamac'],233144,2014,False,,0.653,0.79,0.598,0.5820000000000001,83.97200000000002
1fi4oL01tdX8cfazx4NXJ4,Ice Cream Truck,['Quictamac'],260050,2014,False,,0.48,0.895,0.272,0.5660000000000001,80.18
62umKBnRPQJieruL2FLapB,Baby,['Quictamac'],220448,2014,False,,0.52,0.7490000000000001,0.537,0.523,85.84
3T0YDXGEmiPcbwiwm5kKb2,Just Can't Do It,['Quictamac'],230662,2014,False,,0.741,0.7340000000000001,0.391,0.81,98.03399999999999
6dpqTrh9M5ymrh2YM4xO3u,Blame It On Me,['Quictamac'],272328,2014,False,,0.478,0.672,0.691,0.524,95.932
6cF3SRLkS3sflAoL6F9sVA,Money,['Quictamac'],282568,2014,True,,0.688,0.871,0.0751,0.7,139.953
2GU2hXzGLVUAl1BUyCMz8S,Life Is Not a Game,['Quictamac'],198819,2014,False,,0.81,0.603,0.273,0.584,98.944
4gZdHYlEdTw2AgydJfG8Cz,You Can Go,['Quictamac'],254277,2014,True,,0.7859999999999999,0.721,0.0384,0.961,120.456
3dkVn9S3VRiaOZqm5IYezN,She Wanna Ride,['Quictamac'],236383,2014,True,,0.737,0.7859999999999999,0.00643,0.6990000000000001,82.51700000000002
4ktv0tGfnun1rGVQbP8ZW1,Players Code,['Quictamac'],282150,2014,False,,0.907,0.768,0.156,0.956,95.975
09VStOkSGADL7E8Z5imnHg,Quiero Despertar,['JENCARLOS'],176893,2009,False,,0.5479999999999999,0.639,0.042,0.321,143.953
5zksM9UjGQViXxpZ3cvsjl,Que Es un Tulipán?,['Riff'],384080,1982,False,,0.429,0.542,0.000516,0.34700000000000003,118.00399999999999
4sEnZad9gvLSLkyt8DW11O,QUEER,['BROCKHAMPTON'],227648,2017,True,,0.773,0.625,0.149,0.6759999999999999,82.00399999999998
0GA5bCHte1VQc0WWlo7hIt,Quiet Warrior,['Jewel'],247667,2017,False,,0.392,0.20600000000000002,0.862,0.151,133.241
5YvCT6555QvLvEUnBi80QZ,Young Soldier's Joy (arr. Yi-Wen Jiang for string quartet),"['Qiming Lu', 'Yi-Wen Jiang', 'Shanghai Quartet']",179400,2013,False,,0.38799999999999996,0.13,0.917,0.622,132.72899999999998
37laFXl0UWvPa4Uni90R5w,Quisanadolele,['IKI'],224547,2011,False,,0.758,0.304,0.627,0.413,96.315
6R3yzvIGAChbvkJ1KNkz9a,Rain (Live),['Quentin Earl Darrington'],158227,2014,False,,0.218,0.735,0.722,0.624,173.706
350elsjkq3ZSdxMM4Iv6zF,Make Them Hear You (Live),['Quentin Earl Darrington'],176640,2014,False,,0.389,0.726,0.905,0.531,80.244
5YJnmbypNHJZOS58hcB0gS,Adio Querida,['Aviva'],245293,2007,False,,0.59,0.625,0.244,0.542,95.01899999999999
0ISEK7tKMqInprUd93vrCt,Que Seas Muy Feliz,['Junior & Jorge'],212400,1997,False,,0.9309999999999999,0.43,0.00866,0.971,131.496
3ZXdzY3XNj8vVIoKlYHtPL,Introduction,['Exodus Quartet'],125213,1996,False,,0.775,0.46399999999999997,0.21100000000000002,0.473,101.675
4VAknEkYszykmCMNyGpxRh,What's That,['Exodus Quartet'],349320,1996,False,,0.711,0.5670000000000001,0.094,0.8590000000000001,120.178
0xCZ7gVPGWotc6aNRyiHIq,Los Gatos,['Exodus Quartet'],307627,1996,False,,0.847,0.391,0.713,0.895,89.302
7A7xVu0ZkLvxTEucOpqO87,Perfect Vibe,['Exodus Quartet'],401240,1996,False,,0.862,0.7340000000000001,0.015,0.6940000000000001,104.00200000000001
4mhYuhKz1Qv7fy2LP44N3O,Red,['Exodus Quartet'],250907,1996,False,,0.67,0.37,0.28600000000000003,0.188,95.15100000000001
2B6RXj8R8edYzCV38qCdg3,18th Street,['Exodus Quartet'],301840,1996,False,,0.8240000000000001,0.47100000000000003,0.00213,0.7829999999999999,115.03
0UiFVfTgppFcwW0JJGNmS8,Summer Soulstice,['Exodus Quartet'],271133,1996,False,,0.768,0.318,0.401,0.6940000000000001,95.945
7rNeLj2w8eq59UUyeBwvUy,Trance Jazz,['Exodus Quartet'],228200,1996,False,,0.7090000000000001,0.431,0.13,0.883,106.921
32PH5mPI5XQ19chGralOW3,Orbit,['Exodus Quartet'],311067,1996,False,,0.7979999999999999,0.35200000000000004,0.38,0.862,105.01799999999999
4Ym1yBPpekjbTWK88cyqa3,Corcovado,['Exodus Quartet'],159920,1996,False,,0.5870000000000001,0.145,0.929,0.29100000000000004,122.131
3Y9mVjGwHdeEnEeQPqJSRm,Groove Gumbo,['Exodus Quartet'],487507,1996,False,,0.777,0.569,0.27899999999999997,0.93,114.637
3FJ9kOYiFMPlWXBpm6wWEy,Taxi Ride,['Exodus Quartet'],305720,1996,False,,0.67,0.24100000000000002,0.00221,0.688,186.02900000000002
1bhBu9yIOQp2ND3R1jDNEM,Our Man In Havana,['Exodus Quartet'],248773,1996,False,,0.8590000000000001,0.445,0.765,0.93,123.211
0B87oeUqx7zdsttgmNy3gX,Tribute To Mr. Cool,['Exodus Quartet'],410987,1996,False,,0.785,0.34600000000000003,0.0387,0.521,101.63600000000001
1pOAYoVcDjFKBjfgXUZWOM,Quien Soy Yo Sin Ella,['Junior & Jorge'],233800,1997,False,,0.789,0.524,0.212,0.966,137.85399999999998
2pkqaSz8pzBHpvZGjYOTrz,Intersection,['Quartett'],467800,1989,False,,0.46,0.187,0.826,0.156,83.104
5ht6cGiIkxrfKiqeY1csZF,Lonely Woman,['Quartett'],293560,1989,False,,0.35100000000000003,0.0106,0.976,0.0726,71.6
0Aubjss1JJVBUg90lYafBU,Willis,['Quartett'],282800,1989,False,,0.413,0.13699999999999998,0.9390000000000001,0.285,87.33200000000002
0vix9AIwoC39BKNeLXFedw,Prism,['Quartett'],97440,1989,False,,0.636,0.00701,0.995,0.233,84.354
66JE3wskQEskGje6tvWqi9,Fortune Cookie,['Quartett'],285133,1989,False,,0.435,0.228,0.846,0.145,100.259
4KQQoLwlIsn3p7CIQh6rdD,Entrances & Exits,['Quartett'],369600,1989,False,,0.259,0.0462,0.91,0.19,78.939
5Rjr6LaI7DmuKxx8FoWOwg,Soundscape,['Quartett'],365467,1989,False,,0.537,0.0229,0.9840000000000001,0.18899999999999997,100.083
5fL8xF7eiCU9gpvHf6roJJ,Duality,['Quartett'],348200,1989,False,,0.294,0.00349,0.983,0.113,89.706
1C4ouA4UmB8gtt1GTdMg1v,Dance For Me,['Quartett'],398333,1989,False,,0.6809999999999999,0.24,0.68,0.509,95.99600000000001
383OkIgfULOkQmA6KM8O6v,No Way Out,['Quartett'],440760,1989,False,,0.46,0.158,0.946,0.33299999999999996,98.635
0iibJThFw9zPG9XbsrVTT1,Spring Time,['Quimby'],224467,2007,False,,0.655,0.8590000000000001,0.0058200000000000005,0.9620000000000001,77.03
2Vfjl0hUFDuUdgB5vKjEff,Clarinet Quintet: I. Largo - Allegro,"['Quincy Porter', 'Chamber Music Northwest']",650000,1991,False,,0.16,0.0373,0.972,0.0456,76.972
6QKoL1ie2qqfytsA5zuNhw,Questions,['Diana D.'],277977,2017,False,,0.589,0.5770000000000001,0.16,0.40299999999999997,139.941
34wgJHXIA6TJjTKJCzWGpk,"Quand tu allais, on revenait",['Iam'],287800,1997,False,,0.8079999999999999,0.7340000000000001,0.26899999999999996,0.753,175.415
6L8ZTAeMKu6XGoK8kJ41qy,"Quand tu allais, on revenait - Instrumental",['Iam'],282653,1997,False,,0.7340000000000001,0.67,0.0212,0.818,87.68700000000004
2KjwaxSLSSSgk7lA90fSer,Satin Doll,['J.J. Johnson Quartet'],268160,1989,False,,0.655,0.315,0.757,0.466,63.65
7vpFgIGPmCcDdRMENxl86E,Quitter (Live From An Evening With Dawes),['Dawes'],240965,2017,False,,0.47100000000000003,0.95,0.0429,0.7909999999999999,97.75299999999999
4k9qu42YtSgYwvJa2jzV3a,Takin Over,['Quivver'],464313,2015,False,,0.816,0.845,0.0435,0.147,119.986
5efBH40Eqm00sL5ZGQ0hYc,Quemarropa,['Aterciopelados'],205533,1997,False,,0.604,0.879,0.0182,0.644,112.023
6VToXdIjYf5IEhCvjJjq4z,À quoi bon tant s'aimer,['Christyne Chartrand'],204293,2002,False,,0.27899999999999997,0.515,0.278,0.177,96.51
3VHr3oJrW9kjch5RMyUD4L,Rare,"['Going Quantum', 'Psychic Type']",247500,2016,False,,0.5760000000000001,0.914,0.0015199999999999999,0.309,79.99600000000002
0kA8wm9ZXl5WKSHXUxqqdh,Quantum Romanticum,['Mosquitos'],150480,2017,False,,0.812,0.659,0.564,0.746,122.45700000000001
6vkvGNRTYeJ6gK7jg5u4qM,Got It Bad,['Queensrÿche'],225800,2018,False,,0.555,0.903,0.00451,0.6940000000000001,173.924
4p7tIGdEFIgnhhDI2c6HBA,querencia,['Surya'],107294,2017,False,,0.523,0.48100000000000004,0.172,0.489,146.59
21N2DOjEzaY7qd8k74LzkR,Quad Infinitum,['THD'],229027,1999,False,,0.768,0.809,2.55e-05,0.0369,105.005
0O4naQPccCEKzNWiAu0RU3,Quello che non sai di me,['Annalisa'],247243,2016,False,,0.565,0.552,0.41100000000000003,0.263,135.006
6bJueHG48s4zOP4ebgcMsp,Quatro,['WilaBaliW'],223293,2010,False,,0.14300000000000002,0.7979999999999999,0.000144,0.408,179.93400000000003
0qNXDL5fSGeLREqrfxQSfR,Quake,['Stereotronique'],341139,2013,False,,0.665,0.9009999999999999,0.00359,0.21600000000000005,127.975
5ugNEZjtu6s9B6cmizmH7g,Hello,['Going Quantum'],361826,2011,False,,0.315,0.7509999999999999,0.0014199999999999998,0.1,104.29
28KjQHq8DTiJCPYeNsYb8e,Quizas Un Dia Asi,['Pena'],188000,2010,False,,0.639,0.17800000000000002,0.9259999999999999,0.311,120.51
2vokivz8gG74r9Bc3Wagot,Tesellate,['Quantum Fantay'],555587,2017,False,,0.5870000000000001,0.604,0.0727,0.33,127.993
4qqKC1IdDtbcy5mdMS0ueW,Manas Kavya,['Quantum Fantay'],346613,2017,False,,0.44,0.914,0.0169,0.634,160.071
6v6uHvp4adheBnfzPLf9Cs,Astral Projection,['Quantum Fantay'],483813,2017,False,,0.418,0.785,0.00595,0.447,169.90400000000002
4zLbXXgOrRP335BSdonQqm,Skytopia (A): Azure,['Quantum Fantay'],275387,2017,False,,0.5429999999999999,0.62,0.10400000000000001,0.13699999999999998,150.034
3u7ong04gnxCpcZMYWZYSH,Skytopia (B): Laputa,['Quantum Fantay'],345693,2017,False,,0.594,0.7829999999999999,0.011000000000000001,0.601,149.986
3C9gkMQFpEsnhuXso83FzS,Skytopia (C): Ignis Fatuus,['Quantum Fantay'],179067,2017,False,,0.449,0.732,0.0143,0.42,149.984
3pvaJRLYKqROMedoP4aEHo,Skytopia (D): Empyrean,['Quantum Fantay'],357147,2017,False,,0.5660000000000001,0.638,0.0979,0.435,150.339
0UbrjhI9xZmjY4lldEydSe,Anahata,['Quantum Fantay'],219560,2017,False,,0.27399999999999997,0.514,0.0351,0.14400000000000002,170.24599999999995
3XW1ugDBFayQ8O236rzNsi,You Ain't Me,['Quake Matthews'],205610,2016,False,,0.521,0.805,0.16,0.261,95.815
4HE7s0tz6olnHFWeHTxOpe,Eye for an Eye,['Mac Quayle'],157520,2020,False,,0.508,0.10099999999999999,0.623,0.0393,91.946
2Qpgr5YojTDrLl3A0GdVGc,The Cycle of Violence,['Mac Quayle'],304947,2020,False,,0.489,0.07200000000000001,0.738,0.0318,134.028
1D8lilZYQbj57yowpG6TGz,Cordyceps,['Mac Quayle'],160293,2020,False,,0.276,0.111,0.568,0.0297,59.96100000000001
4z3tU5H7lAHQsEbc8Ry1pj,They're Still Out There,['Mac Quayle'],212400,2020,False,,0.319,0.46799999999999997,0.252,0.0356,119.87700000000001
3Zh7dTqpNs3WxbY1LQCuY3,The Rattlers,['Mac Quayle'],221933,2020,False,,0.415,0.4,0.691,0.0381,100.012
2JBwEO0itXxH6xxldiWgI7,The WLF,['Mac Quayle'],219467,2020,False,,0.17800000000000002,0.212,0.425,0.0358,139.857
32W8iiO6iDVZ2WmzW9ew5I,Masks On,['Mac Quayle'],122533,2020,False,,0.14800000000000002,0.247,0.6920000000000001,0.0337,77.842
7vJ98xFeRRZwK9l5B0DU1M,The Cycle Continues,['Mac Quayle'],208307,2020,False,,0.22899999999999998,0.0499,0.802,0.0511,129.987
31LRrN5SPj1TmtbDCy7Esb,The Island,['Mac Quayle'],253800,2020,False,,0.413,0.486,0.0828,0.0328,95.03299999999999
2yEkZN4RgCkAn5NMrgP3ls,Quantum Mechanics,['Perkxsoundlabs'],212500,2012,False,,0.575,0.867,0.00435,0.8290000000000001,95.994
0MecjkutLuEvUQi6YyqgG1,Sav Shit,"['San Quinn', 'Coolio', 'Messy Marv']",274067,1998,True,,0.802,0.763,0.0013800000000000002,0.273,97.902
6U4dQMbtfi2cXhGsd7Vuuh,im Elternhaus (Live),['Helmut Qualtinger'],764000,1999,False,,0.638,0.187,0.645,0.361,86.425
2fUMVG2FCmk6eviKDuLpPn,Allgemeine politische Betrachtungen aus meiner Wiener Zeit (Live),['Helmut Qualtinger'],202867,1999,False,,0.721,0.17600000000000002,0.6759999999999999,0.46799999999999997,120.98
7kzIIwswqUYGepfhYghWq5,Der Weltkrieg (Live),['Helmut Qualtinger'],229333,1999,False,,0.626,0.17,0.727,0.32799999999999996,175.774
4yLi5MXSLSI3B3Dsp8srtX,Die Revolution (Live),['Helmut Qualtinger'],376067,1999,False,,0.687,0.162,0.71,0.32799999999999996,101.435
5ztwhpSk21E0RmMEQno4FE,Die 'Deutsche Arbeiterpartei' (Live),['Helmut Qualtinger'],676933,1999,False,,0.6890000000000001,0.157,0.655,0.33,101.87799999999999
05qrXRwDfTZmFU2LQ2kK1i,Volk und Rasse (Live),['Helmut Qualtinger'],796600,1999,False,,0.632,0.22699999999999998,0.765,0.505,82.704
4iBWyigVFiL1FAUcTowI5u,Der Staat (Live),['Helmut Qualtinger'],773600,1999,False,,0.6940000000000001,0.18,0.755,0.469,139.40200000000002
4cZVjwZOpRZWnBS30lTzQs,Weltanschauung und Partei (Live),['Helmut Qualtinger'],483040,1999,False,,0.696,0.185,0.735,0.44299999999999995,102.765
60qEswCG1nhocMqeZsBiOW,Das Ringen mit der roten Front (Live),['Helmut Qualtinger'],544360,1999,False,,0.718,0.188,0.737,0.494,127.72
2NTo0qLOG1tI42fJYDPqAo,Notwehr als Recht (Live),['Helmut Qualtinger'],168933,1999,False,,0.635,0.21600000000000005,0.765,0.52,169.977
2TNrQ39D4RigOaWTiIllPQ,Deutsche Bündnispolitik nach dem Kriege (Live),['Helmut Qualtinger'],596467,1999,False,,0.64,0.18600000000000005,0.733,0.522,89.801
7oEjQxA85fJSO7Lg4Smc6y,"Cantigas de Santa Maria: No. 23, Como Déus fez vinno d'agua ant' Arquetecrinno (Extract)","['Anonymous', 'Ana Quintans', 'Ricardo Ribeiro', 'Os Músicos do Tejo', 'Marcos Magalhaes']",461960,2017,False,,0.245,0.16899999999999998,0.7490000000000001,0.124,76.124
2SgNagIVXRdVeZIFUHGB1N,Quicksand,['Cueshé'],305813,2008,False,,0.39899999999999997,0.7859999999999999,0.00143,0.652,166.105
687dwTYVgwoip6zWSCBrM0,Make You Feel My Love - Acoustic Version,['Queen Bees'],223813,2018,False,,0.612,0.10300000000000001,0.9359999999999999,0.161,134.507
0RZHtHY8Ap0lTKDmOI1SlK,Quitter,['Hovvdy'],162797,2018,False,,0.563,0.41100000000000003,0.8959999999999999,0.14400000000000002,80.009
58HYu3jl6kr7cW6Ta4LicL,"ST. ANTHONY'S CHORALE FROM ""EMPEROR"" QUARTET",['STUTTGART QUARTET (PC)'],108400,1994,False,,0.0871,0.0614,0.9590000000000001,0.0582,169.269
5Z879HSutIB0N191i7gZIr,Chester,"['J. Quinton Johnson', 'The Broadway cast of ""Hamilton""']",277600,2017,False,,0.581,0.725,0.312,0.45399999999999996,143.74
2JgzAF2BUaM2ulV0CIRfAd,Quebrada Mocha,['Sukay'],161733,1995,False,,0.414,0.725,0.14800000000000002,0.522,106.664
4rpXWKoqZnQgAb2k9ae6RQ,Anima,['Qasar'],394182,2013,False,,0.647,0.95,4.94e-05,0.048,143.007
3F3IGVZyTnPZlyupjTBRo2,Quieren Reggaeton,['Pedro Prez'],231333,2006,False,,0.7929999999999999,0.872,0.134,0.593,94.98899999999999
1yddR6qS9yD7WiltvQKUZM,Need Need Me,['Quinn Henry Mulligan'],180424,2018,False,,0.515,0.475,0.435,0.152,145.032
5Tst7vAIZ048pgiNLypH6v,New Friend,['Quinn Henry Mulligan'],244396,2018,False,,0.364,0.35,0.748,0.185,160.041
3LrZ8VRjz32saHrKUwJLKH,I Burn,['Quinn Henry Mulligan'],273355,2018,False,,0.324,0.10400000000000001,0.9490000000000001,0.14400000000000002,74.99600000000002
278VhboFz2CCvTB9p4Vh9m,Body Sale,['Quinn Henry Mulligan'],102663,2018,False,,0.5760000000000001,0.23,0.929,0.456,135.046
0KZ9AV8n8thVGo1dcXiqMg,Cosmic and Pretty Eyed,['Quinn Henry Mulligan'],163665,2018,False,,0.5329999999999999,0.249,0.846,0.475,95.12299999999999
2wBpIh72bAxWkJ7e0BtPhs,Arms Race,['Quinn Henry Mulligan'],164340,2018,False,,0.738,0.353,0.866,0.608,110.21600000000001
4L4C0TXeL69EP9me7suyot,Changing the Season,['Quinn Henry Mulligan'],267635,2018,False,,0.41,0.428,0.823,0.324,89.93700000000004
5pOPk1rGs1Zv4eX9Iothay,To Love No One,['Quinn Henry Mulligan'],310824,2018,False,,0.5720000000000001,0.4970000000000001,0.555,0.256,130.082
1lQ02B4vnCUzcIMAaSzh0Q,In My Room,['Quinn Henry Mulligan'],263983,2018,False,,0.255,0.21100000000000002,0.932,0.10099999999999999,173.575
5sVn58A66Zz2sUSViBka9S,Nothing Burns Me,['Quinn Henry Mulligan'],176726,2018,False,,0.267,0.182,0.8140000000000001,0.16,97.32799999999999
1CXoDwyeqTAaQvYAbtVoly,Quiet - Live Acoustic Version,['Hypnogaja'],210253,2006,False,,0.528,0.244,0.483,0.0643,132.97899999999998
5u6pPOSWcj9BC3r3fED6Hk,Horror,['Quintron'],62667,2007,False,,0.196,0.546,0.853,0.9570000000000001,210.69400000000002
58PktTqaJXQFYIlL1IbBut,The Throat,['Quintron'],57507,2007,False,,0.5660000000000001,0.597,0.981,0.14400000000000002,58.266999999999996
5fthRlvxioRDnT54pMHhTI,Mood,['Quintron'],112987,2007,False,,0.385,0.435,0.917,0.136,96.096
1UuYwySkKf0XPmLu3LgjuT,Stray Cat Strut Halloween,['Quintron'],104413,2007,False,,0.331,0.584,0.825,0.391,125.30799999999999
2ZKwcBGWpWC6j55AkNEOO6,Backwards,['Quintron'],159600,2007,False,,0.243,0.39799999999999996,0.9059999999999999,0.209,54.793
5iFcNQhcqQPDIXUDHUReU2,Bride of Frankenstein,['Quintron'],144907,2007,False,,0.35200000000000004,0.56,0.862,0.335,126.15
1C641K1C1U5l6kMUohAOfY,Scary Office,['Quintron'],140933,2007,False,,0.33,0.706,0.9590000000000001,0.36,96.035
5HxpnIEJV8ik67EW4G8jbW,No Love,['Quintron'],142080,2007,False,,0.255,0.8590000000000001,0.0116,0.18,102.12899999999999
459x7DzjlTRBQrfEv2Gvbt,Frogs,['Quintron'],871427,2007,False,,0.305,0.9420000000000001,0.755,0.0396,117.691
1WYxDKgJD5jA2ZNXqLQA6w,Queresma,['Mayonnaise'],327080,2010,False,,0.267,0.586,0.433,0.201,142.312
3CwJuGQlvFifNLhR5AAArK,Questioned,['Edgewise'],195120,2003,False,,0.29,0.898,0.00101,0.384,107.369
1bB35z8zQ1DYRauG7qEOd4,Bar-B-Que,['Blindstone'],197741,2017,False,,0.24100000000000002,0.782,5.6299999999999986e-05,0.6679999999999999,163.719
0PzRjfn0UP8LA8Ju4CtYWJ,Essence of My Life,['Queen Ifrica'],236293,2007,False,,0.732,0.54,0.016,0.698,86.92299999999999
5b9SY1L51on71Z2yBqQ9FY,Vamos a Bailar,['Quadrafunks'],171348,2018,False,,0.805,0.8170000000000001,0.267,0.934,135.01
43zPiPFS3VIIGfQEqoI5dO,Eres Tú,['Quadrafunks'],236144,2018,False,,0.594,0.8059999999999999,0.0632,0.644,120.029
1yCBRzO3lCAuZsXFh0wqOf,Ritmos de la Memoria,['Quadrafunks'],238172,2018,False,,0.612,0.6779999999999999,0.0192,0.395,110.0
69RzcUhlRrcblzjSRhmZLM,Peligro,['Quadrafunks'],260828,2018,False,,0.608,0.644,0.321,0.5870000000000001,116.04799999999999
2yycukuUDqDcmMMujmxvKm,La Locura,['Quadrafunks'],254000,2018,False,,0.737,0.7090000000000001,0.426,0.9209999999999999,113.053
54MbEHojMJMkX4jLF3FNbc,Questions,['Tristam'],250203,2018,False,,0.635,0.583,0.8,0.366,102.012
59osEAhiXkRXH6hZTD4VqC,"Ella y Yo (Remix) [feat. Farruko, Ozuna, Arcangel, Anuel Aa, Bryant Myers, Kevin Roldan, Ñengo Flow, Alexis La Bestia & Ñejo]","['Pepe Quintana', 'Farruko', 'Ozuna', 'Arcangel', 'Anuel AA', 'Bryant Myers', 'Kevin Roldan', 'Ñengo Flow', 'Alexis La Bestia', 'Ñejo']",416129,2016,True,,0.768,0.6709999999999999,0.39399999999999996,0.446,123.943
0S4kEeUTfzbh4dETER9ETx,SADE IN THE 90s,['Qveen Herby'],220800,2018,True,,0.8009999999999999,0.491,0.0943,0.8220000000000001,125.04899999999999
5JXfGUjWI3qsiFojPNFhuQ,ALL THESE HOES,['Qveen Herby'],206222,2018,True,,0.68,0.555,0.0602,0.565,135.05100000000002
7nZEZuhHwL1fN0ZEjW5M0K,THAT BIH,['Qveen Herby'],194250,2018,True,,0.713,0.82,0.105,0.669,170.00799999999995
6KyBpFBfBBM9CLmFCbhZul,BEAUTIFUL,['Qveen Herby'],204356,2018,True,,0.8440000000000001,0.66,0.0125,0.627,133.0
7lZhwmkcx3lstmGWHTLGvo,LIVIN THE DREAM,['Qveen Herby'],196732,2018,True,,0.515,0.449,0.2,0.16899999999999998,121.62799999999999
2Yqr3yHXA9q1iVPhaQujus,Queen Element,['Memoira'],374564,2019,False,,0.4920000000000001,0.9570000000000001,4.28e-06,0.252,112.484
1r4VGkw5yLsEj8dJyrtbG3,Qohelet - Audiotree Live Version,['Rosetta'],446475,2018,False,,0.271,0.743,0.000526,0.0423,111.346
0xPGBaG9LqIZ6ccHxQOMWN,Quantum Mystic - Live,['YOB'],795943,2011,False,,0.19699999999999998,0.81,0.0486,0.0513,139.974
4kMt4N5eZ3AcJz8yyHoFID,Que Walou,['Namika'],206227,2018,False,,0.755,0.52,0.201,0.276,105.0
1oFTuLogYhw9yJuqukhRwR,Lobby,"['UZ', 'QUIX', 'Chaz French']",188267,2017,True,,0.679,0.9129999999999999,0.102,0.7290000000000001,170.054
6oNboFZPAZbeVtDqZUV4MA,King of New York,['The Quireboys'],339800,2017,False,,0.614,0.39799999999999996,0.152,0.10300000000000001,135.85299999999998
2wYZA0IlVOF62zk6sUS5js,Intro,['Quinn DeVeaux'],25080,2013,False,,0.718,0.0178,0.9490000000000001,0.0,34.354
1iDwtZrbEb2ce1P9lRUmnz,Lil 45,['Quinn DeVeaux'],187973,2013,False,,0.682,0.797,0.6679999999999999,0.638,115.088
6xRR0sLr4KN4IaTcZo74Uj,Tara Jean,['Quinn DeVeaux'],211893,2013,False,,0.7929999999999999,0.625,0.5870000000000001,0.789,114.99700000000001
3LVIdwL85Avv2H1e2eV8RA,Pale Angel,['Quinn DeVeaux'],256267,2013,False,,0.75,0.5329999999999999,0.41700000000000004,0.7929999999999999,111.648
5XVABerhLfrCiUQaO6s2by,Left This Town,['Quinn DeVeaux'],193640,2013,False,,0.6579999999999999,0.8009999999999999,0.7020000000000001,0.792,110.03399999999999
0ogM37lTsmnzHNBOg2yc3H,How Many Teardrops,['Quinn DeVeaux'],160960,2013,False,,0.7140000000000001,0.71,0.534,0.899,115.665
048lsHsaxCvmeQy77kaP9C,Hey Right On,['Quinn DeVeaux'],259707,2013,False,,0.672,0.6,0.594,0.769,117.119
5dFGLyQkk0M6ifyXhn22de,Lil Papa,['Quinn DeVeaux'],248027,2013,False,,0.669,0.489,0.937,0.657,121.759
36dDKxiE3nOqzKSHfE43tg,So Easy,['Quinn DeVeaux'],229973,2013,False,,0.8079999999999999,0.536,0.8190000000000001,0.807,105.978
1OszkRTLZLSDzWEq8wwIiu,Raindrops,['Quinn DeVeaux'],181933,2013,False,,0.7879999999999999,0.451,0.792,0.85,112.87100000000001
7yW2BOD2M81r5AVFixYpnw,Kids on Fire,['Quinn DeVeaux'],178267,2013,False,,0.613,0.685,0.521,0.8590000000000001,129.194
2akh7AwiirupsDUlsZN1Nc,Cruel,['Quinn DeVeaux'],251493,2013,False,,0.599,0.26899999999999996,0.83,0.32899999999999996,100.37899999999999
2hzxZJ68DzPuLy3VU7zSAV,Outro,['Quinn DeVeaux'],21293,2013,False,,0.446,0.113,0.976,0.0,124.439
3Q9Y7kbO8NTM0Jvu1pPCz5,One,['Quinn DeVeaux'],271840,2013,False,,0.325,0.8059999999999999,0.6679999999999999,0.5920000000000001,199.96400000000003
7J4qkqKn07TfjFdkG1ppAi,Invisível,['Máquina Monstro'],237291,2018,False,,0.445,0.978,0.00066,0.306,136.003
6BZonjxAF61j7h9vyZpdcl,Grão Azul (Para Carl Sagan),['Máquina Monstro'],281872,2018,False,,0.41600000000000004,0.892,5.4299999999999985e-05,0.348,132.072
4WWzyfROiuQvyH8HfH9Rpq,Vigésimo Andar,['Máquina Monstro'],173915,2018,False,,0.3670000000000001,0.878,7.55e-05,0.447,88.01899999999998
0iQH99FLDffF8eep471rkr,Teoria do Caos,['Máquina Monstro'],330709,2018,False,,0.266,0.879,8.950000000000001e-05,0.10800000000000001,148.015
1wGcAqla0eJSNj7lYz7wh4,A Estrada,['Máquina Monstro'],326725,2018,False,,0.26899999999999996,0.857,0.00117,0.318,73.984
7kq89DX9fJZM17SCPxvZaZ,Abstração,['Máquina Monstro'],245675,2018,False,,0.39299999999999996,0.773,0.008020000000000001,0.243,131.00799999999998
5E85jbBNdCIlnWdA181Kjw,Luz e Sombra,['Máquina Monstro'],282231,2018,False,,0.581,0.78,0.00121,0.601,127.99700000000001
5l4m796wCAPeM2UBLyJPfY,Quinze Dias,['Máquina Monstro'],235499,2018,False,,0.256,0.904,0.000153,0.19699999999999998,131.216
5yfofm8ZaKlCzc0o3tNsGI,"Segundos, Minutos e Nada",['Máquina Monstro'],240811,2018,False,,0.415,0.871,0.000156,0.325,101.93799999999999
36o71OuRGKi9mudLGkEBZO,Biografia do Desconhecido,['Máquina Monstro'],211531,2018,False,,0.512,0.866,0.00022,0.62,144.035
7DkJbZTD9WCCARn4IWTyYW,Esperando o Dia Passar,['Máquina Monstro'],248224,2018,False,,0.47200000000000003,0.922,0.00014099999999999998,0.23800000000000002,141.887
521qh2qfGEMDRFxQLodKtT,Queen of Spades,['Darwin Deez'],162115,2018,False,,0.522,0.5539999999999999,0.00193,0.779,137.98
5a02l96KNh2qdkVGxdBWZR,Hey Jodie! - Take Good Care Of My Baby,['Quintus McCormick Blues Band'],225067,2009,False,,0.6509999999999999,0.657,0.519,0.733,115.286
2ifUOWeY6WRsLxH50oRTWW,Get You Some Business,['Quintus McCormick Blues Band'],265613,2009,False,,0.637,0.65,0.28600000000000003,0.75,143.701
1ghBzQb5D7om4U2joKPWJM,What Goes Around Comes Around,['Quintus McCormick Blues Band'],317613,2009,False,,0.486,0.5579999999999999,0.244,0.35700000000000004,131.91
0BtbkUlrnroeE9Kim3NU7z,You Should Learn From This,['Quintus McCormick Blues Band'],188947,2009,False,,0.7190000000000001,0.877,0.541,0.852,129.611
1M5uTYLQMCiXbswu17rReq,Fifty - Fifty,['Quintus McCormick Blues Band'],203520,2009,False,,0.794,0.784,0.34600000000000003,0.818,106.681
7JUyy4Lz1U9Ah3tYk1xZ29,You Got To Do Me Better Than That,['Quintus McCormick Blues Band'],276693,2009,False,,0.71,0.828,0.507,0.755,119.88
1kLFjUlzZgcvQbicHqD1SY,I'm Alright Now,['Quintus McCormick Blues Band'],229760,2009,False,,0.747,0.6709999999999999,0.515,0.759,149.454
1AO2dLpu3LmPwZPxE7TFJP,Get That Money,['Quintus McCormick Blues Band'],210760,2009,False,,0.57,0.8390000000000001,0.252,0.835,168.468
5Jra2WHg3nukpZ14Ck6xSt,Hot Lovin' Woman,['Quintus McCormick Blues Band'],230507,2009,False,,0.698,0.563,0.523,0.6990000000000001,103.809
1jyqE1nNsbiv5vVGItkTMa,Plano Texas Blues,['Quintus McCormick Blues Band'],283693,2009,False,,0.45399999999999996,0.743,0.299,0.6509999999999999,178.35
5gXXwOxwGySo7s5rKos58p,"I'm A Good Man, Baby",['Quintus McCormick Blues Band'],235093,2009,False,,0.52,0.8640000000000001,0.475,0.7440000000000001,136.82399999999998
5TmNvSPnICN6MNk9xWsECJ,I Wasn't Thinkin',['Quintus McCormick Blues Band'],249987,2009,False,,0.847,0.7659999999999999,0.47600000000000003,0.92,110.6
7es3r71gdG1tejA9MH406A,There Ain't No Right Way To Do Wrong,['Quintus McCormick Blues Band'],273400,2009,False,,0.496,0.491,0.674,0.386,118.43
3JDGgM3UMxGPB4GdueTRuq,You Got It,['Quintus McCormick Blues Band'],241280,2009,False,,0.7120000000000001,0.67,0.375,0.815,85.12799999999999
3UsMoYAb0KIdx8IB6PySvd,Let The Good Times Roll,['Quintus McCormick Blues Band'],237467,2009,False,,0.617,0.848,0.135,0.83,146.838
03GBS7L15Y7wxGaMovSnF3,Seedy Films (Cover Version),['Queen of Japan'],219840,2003,False,,0.826,0.703,0.005529999999999999,0.884,111.992
0yNjviuaQb1RQA1zfIJldZ,Quartz - Original,['SOULULAR'],265455,2013,False,,0.5870000000000001,0.5479999999999999,0.00339,0.17,131.85
53VclbXD2nqTSmpxoQHEG3,Que Es Lo Que Tu Tienes Nena,['Big Boy'],183707,2006,False,,0.866,0.879,0.0955,0.96,92.014
5Cma31aS6unNC6ATmS67s0,Que Es La Que Hay,['Big Boy'],181827,2000,False,,0.907,0.802,0.00632,0.716,109.988
0HUFV6FPCBQveRvxHgP8cl,Send It Back,"['Q-Plex', 'Bash', 'Babyface Fensta']",258900,2008,True,,0.8,0.623,0.0232,0.69,96.965
2sNugDdZ2vunBqFqcxYywu,Spaz Out,"['Q-Plex', 'Wolfgang Amadeus Mozart', 'Sleep Murda', 'Babyface Fensta']",227187,2008,True,,0.5920000000000001,0.8440000000000001,0.0797,0.664,160.27700000000004
51cdXA3Ye1GP9IfLnkGRg3,Quietly,['Kapitol'],210280,2016,False,,0.628,0.264,0.895,0.20199999999999999,130.461
7o9WrijDQRqKqmtzflTg78,Quorum,['Low'],222771,2018,False,,0.389,0.586,0.5660000000000001,0.10300000000000001,81.539
1GMiM4ZDDPoYSdZ6FUjszq,Queen Of Toys,['Âme'],285640,2018,False,,0.794,0.366,0.193,0.18,120.984
5BaGpVTgMPWfLVfeYxxLqk,Descarga Cuantica,['Quantic'],251187,2015,False,,0.754,0.9440000000000001,0.0206,0.6970000000000001,113.984
578S2NyjqEqbdzNM1ix44t,Queen Of Eyes - remix,['Fastbacks'],119600,2004,False,,0.382,0.9009999999999999,0.0151,0.575,141.819
3S4Q8UyIrniN17nbkaxc8a,Raw,['Going Quantum'],229761,2014,False,,0.6759999999999999,0.8190000000000001,0.000321,0.0649,170.003
6obqSSp7BZKtjVNpXixtpP,Science of Traffic,['Quist'],269320,2017,False,,0.5920000000000001,0.9109999999999999,0.005,0.807,89.994
2CScTaxyfQfWgpKWg5pk9u,She Zen,['Quist'],234000,2017,False,,0.5820000000000001,0.91,0.0204,0.8270000000000001,90.007
1qnlNTG6rDt4uJWCb5BRtR,Rise of Silver,['Quist'],195600,2017,False,,0.578,0.961,0.00042300000000000004,0.884,126.932
70uZC00ZX1N5FclCIU7fJz,Chromey Yum,['Quist'],222000,2017,False,,0.6509999999999999,0.812,0.0475,0.59,99.99
0c0gL8ukOguXzKLjRl9mQa,Spinna,['Quist'],194733,2017,False,,0.588,0.987,0.0132,0.821,130.014
4hVa5MTX28vXxzMcnvNsgQ,City Echoes Revisited (Interlude),['Quist'],52600,2017,False,,0.31,0.745,0.000837,0.0713,117.568
5JI5KHEcRcv864mljmx0hp,Pentaceratops Party Crasher,['Quist'],263440,2017,False,,0.648,0.917,0.0008560000000000001,0.775,120.01899999999999
4VSkJlZQoYoNmODrz3rvnt,Be-Longing,['Quist'],209800,2017,False,,0.5479999999999999,0.508,0.792,0.0709,129.985
0KvrJM2YEEJh5WpVCHQI43,Glitch,['Quist'],257387,2017,False,,0.561,0.92,0.00945,0.555,118.80799999999999
3pI38LIHyU59UZDLsHXTYH,Pull out Robot Here (Interlude),['Quist'],39960,2017,False,,0.8140000000000001,0.29,0.278,0.9670000000000001,99.956
1UuIR8iVI19DWl4lYjaYYK,Double Yang,['Quist'],277453,2017,False,,0.64,0.7959999999999999,0.431,0.738,130.002
0vyZTtoskCCqzY9BkbvU4e,Wave Trigger,['Quist'],226667,2017,False,,0.6,0.951,0.00133,0.853,92.464
3ymQsllo023pZOs2kPMFvG,Googleonaut,['Quist'],249853,2017,False,,0.578,0.833,0.0578,0.5670000000000001,127.695
47N9YaWn70GqNyga73YCk6,Moon Curser,['Dead Quiet'],506997,2017,False,,0.223,0.8859999999999999,0.00141,0.255,148.066
3CAsfaYAIPwqo9HFLHShLM,Blood Lovers,['Dead Quiet'],397701,2017,False,,0.253,0.89,0.000793,0.239,130.096
4QoC4c7niUEoBRyLhfqWtm,Corpse Revival,['Dead Quiet'],506016,2017,False,,0.358,0.728,0.00468,0.152,134.183
6YUme1tcERsymA2V1qbFwy,Disgraced,['Dead Quiet'],341104,2017,False,,0.3670000000000001,0.754,0.0741,0.133,110.027
0ZCb2gQS8m8Kh372QtJWnJ,Fucking Oath,['Dead Quiet'],372307,2017,True,,0.28800000000000003,0.883,0.00095,0.38799999999999996,121.774
403qZf6Kq7cfJx1sNOaw1Q,Dear Demon,['Dead Quiet'],490953,2017,False,,0.299,0.8320000000000001,0.0163,0.23199999999999998,132.642
1YSWyiTNMxCiO4HLOC6Te8,Old Hopeless,['Dead Quiet'],397568,2017,False,,0.252,0.872,0.000563,0.162,139.894
3HwhBP9ru6EdXNQyKkAK52,Spiritual Abuse,['Dead Quiet'],302750,2017,False,,0.491,0.731,0.0158,0.348,126.85
0NNTzxNZI4AqLc6mvkeZLc,Grand Rites,['Dead Quiet'],528176,2017,False,,0.428,0.61,0.0107,0.106,105.12
7BvJpsxbimSgz33r2zOAVt,Cortex Q,['Cortex'],121640,2012,False,,0.284,0.488,0.754,0.0445,138.828
74qSN5bgg3RQbjpGp645m5,Llora Mi Corazón,['Ivy Queen'],194795,2019,False,,0.637,0.8270000000000001,0.474,0.8809999999999999,81.986
41a72WBsDGI6nmIpPqRWFT,Roma Nun Fa la Stupida Stasera,['Quadro Nuevo'],192640,2017,False,,0.45799999999999996,0.32799999999999996,0.81,0.426,145.398
794uuf0tLSy2V0AhcTYHEl,Quisiera Ser Alcohol,['Jaguares'],347547,1999,False,,0.205,0.8190000000000001,0.0966,0.13699999999999998,100.915
5vJXlS1RHzgXQlPWfREqeR,Buscando Guayaba,['Quique Domenech'],231493,2000,False,,0.746,0.562,0.6,0.929,154.983
7ms2lqFdrWDEG6CSh1QwY2,Si Tú Supieras,['Quique Domenech'],273707,2000,False,,0.513,0.4320000000000001,0.392,0.212,85.005
44tl0QDUBLvz397UYfJKrv,El Buen Borincano,['Quique Domenech'],236200,2000,False,,0.7709999999999999,0.636,0.344,0.929,90.11
4jqRYplfW8yFgc1JeBW25D,Latin Dream,['Quique Domenech'],257227,2000,False,,0.75,0.643,0.45799999999999996,0.848,100.0
1zQz3fDrmCMzRrgoZFeNAH,Piel Canela,['Quique Domenech'],219133,2000,False,,0.831,0.365,0.555,0.9440000000000001,119.97399999999999
0saq75Szvxd4jdyb1xR4t1,Ella y El,['Quique Domenech'],296067,2000,False,,0.6609999999999999,0.44299999999999995,0.586,0.331,119.99700000000001
7Aq5gm58eW8La8VYmEe6LU,Mi Bandera,['Quique Domenech'],283333,2000,False,,0.7070000000000001,0.561,0.336,0.772,97.476
6yyQPXuvY3vJDAb8GLqFPr,Isla Nena,['Quique Domenech'],159640,2000,False,,0.349,0.337,0.26,0.319,91.694
6iHFjv7IrCltlg7HngFXdG,Montuno Criollo,['Quique Domenech'],220667,2000,False,,0.698,0.595,0.861,0.855,140.524
748FqMSKknt6AapgqAAwzd,Livin' la Vida Loca,['Quique Domenech'],205560,2000,False,,0.7509999999999999,0.789,0.14300000000000002,0.85,91.046
7aV4wKpgThkuEVjqAmea5r,Hakim,['Scivally/Sills Quintet'],413227,2011,False,,0.535,0.348,0.8340000000000001,0.41600000000000004,93.499
6RSwVxN8egYvKlAtm5hvlC,Beatrice,['Scivally/Sills Quintet'],463427,2011,False,,0.524,0.115,0.89,0.256,128.035
2iau5iTvD60dzUc4PI9fyY,Slavic Mood,['Scivally/Sills Quintet'],351880,2011,False,,0.483,0.111,0.951,0.16,96.899
0ND1JJdAhrusW1O4WtszCM,Isfahan,['Scivally/Sills Quintet'],464960,2011,False,,0.545,0.193,0.831,0.29600000000000004,125.87200000000001
22XEnASbeodxoUIvDXRkzw,Bags' New Groove,['Scivally/Sills Quintet'],361080,2011,False,,0.6709999999999999,0.23199999999999998,0.884,0.34,77.917
1ER9lkeG3RDafHm62rTj2s,Keys Found,['Scivally/Sills Quintet'],352973,2011,False,,0.59,0.257,0.8190000000000001,0.355,137.554
49EAZCdCEbeY1eXT0JU5oE,Swifts,['Scivally/Sills Quintet'],469733,2011,False,,0.584,0.209,0.8909999999999999,0.46299999999999997,133.92
41ObD3qVH1SLm9Ss574Rje,Mr. Blue,['Scivally/Sills Quintet'],471293,2011,False,,0.47,0.0933,0.9209999999999999,0.205,105.06
5xfPMm1y1EpVj1AWPQdldg,Melonhead,['Scivally/Sills Quintet'],407120,2011,False,,0.586,0.226,0.9129999999999999,0.395,75.232
2A7jjJDUD0UFVxb9CIbxx6,O Grande Amor,['Scivally/Sills Quintet'],434040,2011,False,,0.578,0.139,0.9109999999999999,0.248,121.523
158aGqSsy06yKdGwcExkKM,Quotation,['Scivally/Sills Quintet'],495600,2011,False,,0.586,0.405,0.79,0.59,112.60799999999999
2H0zpe8EBrL3upNiSdmIBK,Queen of the Dust,['FREAKABOUT'],264027,2018,False,,0.389,0.65,0.000617,0.142,75.072
6M6rPjym1WfoQKk4W0xso7,Chemin du moulin,['Quimorucru'],263603,2006,False,,0.3720000000000001,0.5429999999999999,0.22899999999999998,0.45,113.946
4CKnwVnrsupOgJSWJXe0T4,Samedi,['Quimorucru'],218463,2006,False,,0.674,0.738,0.336,0.885,121.915
21UtRnJ4fQna1yFyyIP0KX,Cocu,['Quimorucru'],193751,2006,False,,0.563,0.78,0.133,0.858,180.033
1ruWbS6AK6Qt53UtQU6are,Tendre et douce,['Quimorucru'],142995,2006,False,,0.6829999999999999,0.636,0.535,0.715,98.009
5f93brMqdSbNNPsqsYCeNK,Tentant,['Quimorucru'],198349,2006,False,,0.613,0.813,0.10400000000000001,0.8959999999999999,179.982
2fSqshqwBor0qkIoSiS2UU,C'est la faute à mon grand-pèere,['Quimorucru'],226039,2006,False,,0.608,0.486,0.22,0.612,159.936
3x5Y7Ctqx0o0dyzWcYOVCY,Le train pour Paspébiac,['Quimorucru'],175387,2006,False,,0.6779999999999999,0.777,0.0302,0.659,116.022
3IobZYKXJ7G5mqx0bKMzqz,Le pêcheur,['Quimorucru'],159531,2006,False,,0.688,0.71,0.0501,0.873,139.99200000000002
5QVbbfPinrybA5M7jZq9Hl,Emmène-moi,['Quimorucru'],209843,2006,False,,0.7140000000000001,0.581,0.248,0.532,119.133
2IIKBdG8WVTOth2tsq74Zs,Le Colborne - Reel de l'anse à Blondel,['Quimorucru'],335596,2006,False,,0.682,0.7509999999999999,0.0219,0.625,113.039
66zixAzJNuYrlQ0FqalNc1,Ma p'tite mémé,['Quimorucru'],192079,2006,False,,0.65,0.787,0.165,0.619,114.006
6ejF9cBMKjQGnBuQQKCGkq,Asteure j'comprends,['Quimorucru'],210861,2006,False,,0.713,0.757,0.0679,0.544,118.031
241oe9d96EHvyp91Iw7w3w,La pilule,['Quimorucru'],207309,2006,False,,0.436,0.406,0.2,0.35100000000000003,111.979
5l2L7xqW4e3rV0qq6uUp4p,En attendant,['Quimorucru'],256210,2006,False,,0.66,0.743,0.047,0.618,97.99
5nRXZRtjY8ZqpudWaqaMch,Blood of the Levant,['Queensrÿche'],207227,2019,False,,0.501,0.903,6.08e-05,0.402,128.05100000000002
7aMj45DNyy21jAMScuC19V,Man the Machine,['Queensrÿche'],230613,2019,False,,0.433,0.943,1.4599999999999999e-05,0.262,96.006
5jo96QUVHT9uH2stoTRFP3,Light-years,['Queensrÿche'],248880,2019,False,,0.335,0.8240000000000001,4.0600000000000004e-05,0.261,200.09799999999998
0S3Iz1Lsuwy6v8BMxQMA3h,Inside Out,['Queensrÿche'],271080,2019,False,,0.239,0.851,0.00225,0.16699999999999998,89.815
6O0Se85pXtp3BETQyykj3Y,Propaganda Fashion,['Queensrÿche'],216040,2019,True,,0.41600000000000004,0.945,6.47e-05,0.449,154.92
0EUKpTBoC0RvK4Ex5bii5h,Dark Reverie,['Queensrÿche'],263360,2019,False,,0.36,0.828,0.00618,0.21600000000000005,84.789
0OH8XpNrxWJxmcT1R0UZU1,Bent,['Queensrÿche'],358853,2019,False,,0.22,0.84,0.000155,0.508,154.99
4gWB7XaTDpeT1OF1KqD5Hk,Inner Unrest,['Queensrÿche'],230053,2019,False,,0.433,0.866,2.97e-05,0.381,98.022
6H3OXhHmobJiFWXyheQz7t,Launder the Conscience,['Queensrÿche'],315400,2019,False,,0.248,0.872,0.000106,0.218,141.846
3cZcmftMeCOAGJhh8MwP4K,Portrait,['Queensrÿche'],316133,2019,False,,0.348,0.691,0.00155,0.193,185.077
1QcQQtFSnTHfgeDPkwYA2v,Farewell,"['invention_', 'quickly, quickly']",101933,2017,False,,0.5479999999999999,0.35,0.845,0.40299999999999997,133.423
4dnsWpBjP7o8GssQc0ylix,Hard Headed Woman,['Suzi Quatro'],123280,2014,False,,0.243,0.905,0.121,0.912,189.987
75OIKEGIFlKyaGTvmXXsyP,Here For You,"['Pixl', ""Q'Aila""]",279502,2015,False,,0.708,0.84,0.00413,0.38,125.007
2Iv9cyK7OCZtgQSUj9WcTu,Quest for the Trinity,['Inferi'],317333,2019,False,,0.505,0.996,0.000227,0.0769,134.928
5LMRiZWWiiewWIPeKrX1Ja,Quitting Infinity,['Vein'],199627,2018,False,,0.242,0.9590000000000001,8.18e-06,0.102,93.969
5ZkPBld8QqfUkS6aJG40yj,Quien Sabe,['Natti Natasha'],271013,2018,False,,0.7140000000000001,0.738,0.408,0.7809999999999999,127.936
5P9FXrER6wiRqG2E12rMO7,Dancing By Myself,"['Glacier', ""Q'Aila""]",224710,2016,False,,0.38799999999999996,0.7240000000000001,0.0921,0.307,107.03200000000001
3XByNLxWrV2ujzJskDGhS5,Rare,"['Going Quantum', 'Psychic Type']",247500,2016,False,,0.5760000000000001,0.914,0.0015199999999999999,0.309,79.99600000000002
1xr05jIHC8i0GlYojJExP7,Quien Puede Pararme,['Fuego'],181360,2012,False,,0.65,0.48100000000000004,0.245,0.804,62.006
5J3CTEhwnY60LLz02iNZ8u,Quiero Verte,['Fuego'],153493,2012,False,,0.606,0.5870000000000001,0.0191,0.503,125.01100000000001
2GmCnIpeCbElhiAFhiJt9U,Que Buena Tu Ta Remix (feat. Serani),['Fuego'],256093,2012,False,,0.7879999999999999,0.618,0.107,0.865,119.99700000000001
6JnL2iHR12LV6DLxyoRaQV,Que Somos,['Enzo'],224055,2018,False,,0.614,0.84,0.132,0.56,155.799
7i77UXj4V0iv7dPAj1ppHS,Quartermaster’s Store,['FUNBOX'],210465,2016,False,,0.653,0.555,0.6409999999999999,0.805,131.205
6wv7nGvhdFLZD4XmFEt33C,Questions,['Tristam'],250203,2018,False,,0.635,0.583,0.8,0.366,102.012
1sEMcyWwI96hGruyBDzQhq,Eternal Machine,['STΛQQ ƟVERFLƟ'],174163,2016,False,,0.655,0.418,0.607,0.607,120.001
7a2kbRdqmr1BHbNEc9rTlO,Stepping Stones,['The Qemists'],250067,2017,False,,0.312,0.9309999999999999,0.0658,0.629,174.18200000000004
44F6x5PTPN56o9vnxTo4Nd,Blind - Korn Cover,['The Qemists'],250773,2017,False,,0.396,0.9129999999999999,0.0008060000000000001,0.076,87.15299999999998
3LZBt2wBItsSlkt8oaevrf,Jungle - Zardonic Remix,"['The Qemists', 'Hacktivist', 'Zardonic']",256940,2017,True,,0.483,0.917,0.000194,0.196,129.982
017LXBmJldFtggVJKZbtyQ,Warrior Sound - SeamlessR Remix,"['The Qemists', 'SeamlessR']",361495,2017,False,,0.504,0.8370000000000001,0.00227,0.0873,87.015
1mUAA1sNrv5HFHANNYbfgg,Find My Way,['The Qemists'],224949,2017,False,,0.44299999999999995,0.9520000000000001,0.000786,0.225,139.983
5jxO4Or8DkPN12rFmnPDQn,Jungle - Live,"['The Qemists', 'Hacktivist']",222000,2017,True,,0.124,0.955,0.000162,0.435,174.55599999999995
0OTCAO50EVoKbaYQM7JCg0,Run You - Memtrix Remix,"['The Qemists', 'Memtrix']",280254,2017,False,,0.484,0.945,0.00134,0.488,174.016
4RJ2OmqGxtlwrc8a9bVoRu,Jungle - Voicians Remix,"['The Qemists', 'Hacktivist', 'Voicians']",248293,2017,True,,0.44299999999999995,0.94,2.97e-05,0.41700000000000004,174.076
6PkobsoxEI9WCiZzsCLrvA,Rock Hard,['Suzi Quatro'],200933,2013,False,,0.39,0.873,0.0015400000000000001,0.852,173.921
5OgCT4SUMLFYz5uQoOPfZ5,I Want To Go Where Jesus Is,"['His Holiness Quartet', 'Ernest Phipps']",176000,2006,False,,0.49,0.522,0.9620000000000001,0.579,124.26100000000001
4QwEVZSht98JU9itVJVyKk,Don't Grieve After Me,"['His Holiness Quartet', 'Ernest Phipps']",188853,2006,False,,0.6779999999999999,0.522,0.963,0.6629999999999999,125.64
0gnZoPXwdXv13gkElbepXs,Quando,['Penalva'],200000,2000,False,,0.6629999999999999,0.491,0.0966,0.813,99.94
0KDtOXTDMtqQAmqsUBN8hF,Make You Feel My Love - Acoustic Version,['Queen Bees'],223813,2018,False,,0.612,0.10300000000000001,0.9359999999999999,0.161,134.507
4f2Lc9C1dhkTMQgA6qIEJd,Questions,['Lootpack'],234267,1999,True,,0.6809999999999999,0.9390000000000001,0.0361,0.6509999999999999,87.49
3bJVpDpPWDygulO0moI7bg,Answers,"['Lootpack', 'Quasimoto']",283600,1999,True,,0.606,0.6629999999999999,0.201,0.517,85.7
210dSPFE6ipahzZ4Q4w7sB,20 Questions,"['Lootpack', 'Quasimoto']",66333,1999,True,,0.527,0.726,0.78,0.9279999999999999,175.07
5YXqBOp39DfYFEVv9jE38B,Mama Weer All Crazee Now,['Quiet Riot'],213240,1983,False,,0.428,0.9420000000000001,0.0161,0.363,136.655
3zpdpi8FxreSSLDlkgLyiP,Questions 67 and 68 - 2002 Remaster,['Chicago'],301933,2002,False,,0.42200000000000004,0.716,0.00235,0.597,89.52799999999998
7irkfmRxQ0CHnyScPtoEN9,Lose My Control,['Qlank'],199680,2020,False,,0.843,0.773,0.0128,0.52,124.99700000000001
0aGB1jGq8mV7uvSjvNzSoo,¡Que Vida!,['Love'],222080,2018,False,,0.589,0.623,0.632,0.574,125.79700000000001
4dreIIkVgtpGgMWpgsLQuA,Questions,['Wyatt'],228389,2010,False,,0.495,0.581,0.0863,0.28,77.979
32mwlJqE38D1qCoFwVjgpZ,Bohemian Rhapsody,['Queen'],357933,1992,False,,0.391,0.384,0.16,0.24,144.673
7fQ1WUCwNm9K4brWjXc2lV,Don't Go Breaking My Heart - Quarterhead Remix,"['Backstreet Boys', 'Quarterhead']",196000,2018,False,,0.6559999999999999,0.623,0.0015,0.542,94.986
1NZjStHxWdw98XeNVtB9Dp,Quiet Heart,['kent'],325280,2000,False,,0.55,0.5589999999999999,0.223,0.382,133.984
5RhbtJ2yNlKajGxumky3Sw,Tip Toes (feat. Quavo),"['Saweetie', 'Quavo']",171236,2019,False,,0.818,0.642,0.0076700000000000015,0.501,178.09099999999995
0HBMIptqujXjI2r34uhjyK,Emotional (feat. Quavo),"['Saweetie', 'Quavo']",190429,2019,False,,0.732,0.722,0.0369,0.623,183.975
4vW27rwgOFibOz67HfYaeB,Qayin Rex Mortis,['Acrimonious'],411373,2017,False,,0.27399999999999997,0.9740000000000001,1.58e-06,0.0387,160.012
3tnnZIHzWnTbINvyGKKGrM,Quasi,['Roedelius'],153600,2013,False,,0.628,0.435,7.62e-05,0.0851,130.734
58xBfDkuhaXejEfFINpLyH,Black Woman,['Queen Ifrica'],237839,2018,False,,0.586,0.733,0.0449,0.741,138.064
3Uzy84thvG2BSUGkuiMOQj,If You Could Only See Me Now,['The Queen Annes'],199240,2009,False,,0.302,0.9690000000000001,0.00115,0.273,128.626
7DwWEOMx4UP9I8BOrLeMQn,You've Got Me Running,['The Queen Annes'],253693,2009,False,,0.201,0.956,0.0059,0.14,124.73
38VDFybSx75v6HUO5paFHh,Al Ver,"['Queta Jiménez ""La Prieta Linda""']",89800,2002,False,,0.753,0.449,0.623,0.8440000000000001,118.831
3leHlinxJavx6CTKivppMW,Amor en Trocitos,['Rosita Quintana'],160520,2002,False,,0.44299999999999995,0.193,0.8420000000000001,0.287,83.632
5AkEWbrTW54JpDetVpza0R,Que Te Falta,"['Queta Jiménez ""La Prieta Linda""']",100947,2002,False,,0.623,0.456,0.601,0.9359999999999999,118.84100000000001
786gU9iWVpcvaYzcesXv8P,Mil Cadenas,"['Queta Jiménez ""La Prieta Linda""']",160613,2002,False,,0.494,0.237,0.758,0.6,147.623
5FCSwYwhLh84rtBw5JT7Je,"Adiós Amor, Adiós Mi Amor Te Vas","['Queta Jiménez ""La Prieta Linda""']",242347,2002,False,,0.41,0.28300000000000003,0.774,0.46299999999999997,101.67200000000001
0LFsk1LcCJjh1YMkSVTsZ4,Que Mi Medicina,['Peia'],309120,2016,False,,0.505,0.258,0.9440000000000001,0.0737,117.04700000000001
371CnLdmD5FXUlpWy588dW,Black Woman,['Queen Ifrica'],237839,2018,False,,0.586,0.733,0.0449,0.741,138.064
5XzANsC4KB0FEEZwHruDh6,Blue Heels,"['Queres', 'C. Simz']",280112,2017,True,,0.795,0.7290000000000001,0.0905,0.345,106.098
0C5jpmczobjgWaf5Y6HJYM,Viola Concerto: I. Adagio,"['Quincy Porter', 'Eliesha Nelson', 'Northwest Sinfonia', 'John McLaughlin Williams']",206320,2010,False,,0.218,0.193,0.97,0.0463,104.686
22xqYlueEZio81Pwr2QQns,Viola Concerto: II. Allegro,"['Quincy Porter', 'Eliesha Nelson', 'Northwest Sinfonia', 'John McLaughlin Williams']",286653,2010,False,,0.282,0.19399999999999998,0.977,0.289,136.304
5l2hFggfrQRHlNFjrPWyrq,Viola Concerto: III. Largo,"['Quincy Porter', 'Eliesha Nelson', 'Northwest Sinfonia', 'John McLaughlin Williams']",384747,2010,False,,0.142,0.14,0.973,0.0723,76.877
7L8kt0BQ8V4vGESCO0j0JA,Viola Concerto: IV. Allegro giusto,"['Quincy Porter', 'Eliesha Nelson', 'Northwest Sinfonia', 'John McLaughlin Williams']",340613,2010,False,,0.35100000000000003,0.264,0.9440000000000001,0.21,127.074
080YQVnCqIAS0hdqYIr7OJ,Speed Etude,"['Quincy Porter', 'Eliesha Nelson', 'John McLaughlin Williams']",149133,2010,False,,0.45399999999999996,0.381,0.951,0.574,109.416
1l2v9Z3gW804sV68ssBcmN,Duo for Viola and Harp,"['Quincy Porter', 'Eliesha Nelson', 'Douglas Rioth']",615907,2010,False,,0.226,0.17600000000000002,0.937,0.21600000000000005,85.149
7bV6bb8R4N8Ig24F2hW0El,Viola Suite: I. Lento,"['Quincy Porter', 'Eliesha Nelson']",118627,2010,False,,0.155,0.14300000000000002,0.987,0.0391,83.32
3Dmdc7Hn6GYCTDQA8Q5BDP,Viola Suite: II. Allegro furioso,"['Quincy Porter', 'Eliesha Nelson']",114013,2010,False,,0.425,0.19399999999999998,0.9840000000000001,0.34700000000000003,82.99600000000002
1NbhN1h0B3rg4X152LfJqQ,Viola Suite: III. Larghetto espressivo,"['Quincy Porter', 'Eliesha Nelson']",153933,2010,False,,0.201,0.11699999999999999,0.992,0.29600000000000004,83.178
2HzLQA6zWqE0PwiK5vQDIs,Viola Suite: IV. Allegro spirituoso,"['Quincy Porter', 'Eliesha Nelson']",83173,2010,False,,0.505,0.335,0.9890000000000001,0.9840000000000001,65.585
5lzd86cx8x6fj2E5zoR1ut,Blues Lointains (version for viola and piano),"['Quincy Porter', 'Eliesha Nelson', 'John McLaughlin Williams']",406200,2010,False,,0.204,0.18100000000000002,0.988,0.0898,90.199
3uyGHu7BHTLLgM0onFOWX5,Poem (version for viola and piano),"['Quincy Porter', 'Eliesha Nelson', 'John McLaughlin Williams']",271200,2010,False,,0.195,0.228,0.98,0.139,92.443
1DjYB8QPEtQqMpWRl28Fqv,Duo for Viola and Harpsichord,"['Quincy Porter', 'Eliesha Nelson', 'John McLaughlin Williams']",610560,2010,False,,0.242,0.272,0.948,0.19399999999999998,86.666
3bv8BFZscujJjNXuOOVn62,Duo for Violin and Viola: I. Allegretto,"['Quincy Porter', 'John McLaughlin Williams', 'Eliesha Nelson']",290000,2010,False,,0.265,0.2,0.986,0.28,89.441
0Tk4TkJFsrOuFSJdvXFUYO,Duo for Violin and Viola: II. Lento,"['Quincy Porter', 'John McLaughlin Williams', 'Eliesha Nelson']",230520,2010,False,,0.109,0.14,0.978,0.0383,86.04899999999998
1BWSAWNFzq7PUGJUfRxni2,Duo for Violin and Viola: III. Allegro molto,"['Quincy Porter', 'John McLaughlin Williams', 'Eliesha Nelson']",185387,2010,False,,0.401,0.21899999999999997,0.9840000000000001,0.6,88.712
5iUFq82k6LmCYUEg8Ke1Kk,Benbow,['Gordon Grdina Quartet'],635008,2019,False,,0.391,0.226,0.857,0.145,101.814
6ls5caw3V7LmyZUix7OAKH,Night Sweats,['Gordon Grdina Quartet'],392510,2019,False,,0.435,0.59,0.828,0.46799999999999997,136.916
6JKdkaawpxZPAVJupqEEVK,Can You Deal With It,['Quiet Storm'],271757,2013,False,,0.695,0.597,0.254,0.807,110.306
3BtM8GGZz0v4yyqwYYRxwe,Quick,['Steven'],199780,2013,False,,0.825,0.5870000000000001,0.33,0.868,108.552
2GIJFHtDdU7QsO8QIwvBDc,Night Time - Vintage & Morelli Remix,"['Sound Quelle', 'Vintage & Morelli']",490784,2014,False,,0.713,0.6970000000000001,0.00157,0.4270000000000001,126.01100000000001
3ibHdpzcbJochb5iZ13NWk,Midna's Lament,['Qumu'],276923,2016,False,,0.32899999999999996,0.205,0.3670000000000001,0.0815,129.969
55bCxSnnmlVsIcvZhywmnp,¿De Qué Diaro Sos?,['Divididos'],383228,2018,False,,0.44299999999999995,0.799,0.017,0.7140000000000001,168.50799999999995
1fEpjKbvwIooHu3U0X8zPl,Por Una Cabeza,['QuinTango'],148827,2019,False,,0.24600000000000002,0.215,0.748,0.385,167.668
1rQ18sYDwDeeR4YCXsUHF2,Any Longer (feat. Q'aila),"['Au5', ""Q'Aila""]",291310,2016,False,,0.455,0.746,0.12,0.177,145.012
6fsUBuxo4dgCP50178L4Es,Hit Rewind (feat. Q'aila),"['Au5', ""Q'Aila""]",296000,2016,False,,0.643,0.826,0.0578,0.535,119.949
4mdui3u0o56MqjhGRksE8A,Que Nadie Sepa Mi Sufrir,['Los Lobos'],150227,1988,False,,0.62,0.366,0.40299999999999997,0.637,168.625
2L9rQweaMEHcz3gEBzijBy,Never Enough,['Citizen Queen'],196566,2019,False,,0.18899999999999997,0.395,0.28300000000000003,0.242,78.70100000000002
7Gymb7dYTeVqm9KqxUDF5A,Stand Up And Fight,['Quartz'],282000,2004,False,,0.353,0.88,0.007940000000000001,0.79,151.308
4Dkfh0odhsiiupSeXdn6CI,Charlie Snow,['Quartz'],205000,2004,False,,0.375,0.8690000000000001,0.00115,0.5429999999999999,137.618
6RNZCPQQj4j4UTvytBs0wp,Can't Say No To You,['Quartz'],378000,2004,False,,0.4370000000000001,0.634,0.0109,0.56,117.99700000000001
3XFdgZI5PLS2AZmAI0uJK6,Revenge,['Quartz'],253000,2004,False,,0.35700000000000004,0.843,0.0034,0.648,150.415
7yidoZIpkwJxvOZxQOs5Mr,Stoking Up The Fires Of Hell,['Quartz'],247400,2004,False,,0.474,0.833,0.0026,0.691,144.506
78jIOtZnOUuBajyAteOzO6,Rock 'n' Roll Child,['Quartz'],291600,2004,False,,0.406,0.82,0.000731,0.621,146.118
6jSm3j4tmaesXl9Brg4W53,Questions,['Quartz'],262000,2004,False,,0.486,0.8859999999999999,0.00359,0.831,108.845
63vbIxMjU7H2sVs8rdKbiB,Wildfire,['Quartz'],360000,2004,False,,0.34600000000000003,0.882,0.000458,0.515,141.149
1rvES8NrxGotUqRrZ2v8cP,Circles,['Quartz'],216053,2004,False,,0.419,0.8370000000000001,0.00293,0.846,143.688
4r7QndAycViH5saCKLkKgU,Queen Dies,['Ignea'],246261,2018,False,,0.611,0.963,0.00232,0.19,115.038
7KuDL6xJkGTMoWI2H9eTrv,Sonidos de aquel dia (Sounds from That Day),"['Quique Sinesi', 'Victor Villadangos']",232413,2006,False,,0.376,0.0409,0.991,0.268,98.655
6pEtFASnCy5CsqU12CQvQq,Contramarea (Opposing Tide),"['Quique Sinesi', 'Victor Villadangos']",265507,2006,False,,0.34600000000000003,0.0453,0.992,0.22,92.26700000000001
3IgEOLFjEv3q3IA2zHM0Yw,Cielo abierto (Open Sky),"['Quique Sinesi', 'Victor Villadangos']",336827,2006,False,,0.348,0.059000000000000004,0.985,0.14300000000000002,100.85
7lt3nBVjaph5yOS47xqKiX,Quiero Ser un Puto Viejo,['Gatillazo'],176053,2016,False,,0.40299999999999997,0.935,7.070000000000001e-05,0.601,167.987
7MOFkfaGI8JzRXltalq07J,Quasar Waves - 2019 Remaster,['Samael'],216864,2019,False,,0.504,0.955,0.000542,0.499,93.074
6rqtBieyvb6NTHwhge8Oms,Quasar Waves (Instrumental) - 2019 Remaster,['Samael'],217184,2019,False,,0.46799999999999997,0.9359999999999999,1.9399999999999997e-05,0.541,92.99
1CS7L6I01pmR7G7vNXJMLA,Quédate,['Farruko'],192893,2019,False,,0.787,0.82,0.0621,0.846,88.01299999999998
4R75s0alQSxpcXkyUvq6IQ,Que Pasa Con Mi Piel de Color,['Flitter'],240600,1994,False,,0.561,0.877,0.00023500000000000002,0.47700000000000004,117.027
50nzpt0vkW4iqPSJMSwKo3,Qué pasa,['Buika'],76280,2009,False,,0.654,0.608,0.105,0.23399999999999999,121.90799999999999
1rsvyPXrnWQXESXk8pBqYz,Queen Sized Bed For A Queen Sized Man,['Aneuretical'],229200,2009,False,,0.256,0.774,0.0016699999999999998,0.174,124.906
53At5gesiuKGxTdCWIZtwK,"Smile Medley: Smile, Darn Ya, Smile / Powder Your Face With Sunshine",['Max Q'],161707,2004,False,,0.405,0.145,0.9640000000000001,0.142,75.1
09f0JycO5MqCTE5vFsHwOw,Have a Little Talk With Myself,['Max Q'],161267,2004,False,,0.409,0.142,0.9329999999999999,0.369,109.602
6O2MbOh7EFCoWrq41RYbZh,If I Had My Way,['Max Q'],199360,2004,False,,0.22699999999999998,0.0175,0.948,0.0373,130.673
5kMApfNKbBh57YHDaC5H0u,Moondance,['Max Q'],193987,2004,False,,0.647,0.14,0.9079999999999999,0.237,125.795
1tvhcIDc1xQd7Zj0gvlP6c,Shenandoah,['Max Q'],287813,2004,False,,0.193,0.008740000000000001,0.977,0.036000000000000004,140.47
3gYfbBrSeQ566nRBUzC9Kf,When My Sugar Walks Down the Street,['Max Q'],145960,2004,False,,0.42,0.14400000000000002,0.89,0.257,142.94299999999996
7DPtJbXvacBcS50E0msY2h,Where Is Love,['Max Q'],158293,2004,False,,0.223,0.0123,0.958,0.0394,80.085
0ivVw5QAoYvq6Kq9oyJiHp,Shadrack,['Max Q'],203533,2004,False,,0.48200000000000004,0.12,0.972,0.203,71.031
4jyM5tbJF0wwdXsJZPo1sV,"Fare Thee Well, Love",['Max Q'],305813,2004,False,,0.18100000000000002,0.0342,0.972,0.0365,135.183
1HgO9YccbenXDTNrFsqaNm,Honey Medley: My Honey's Lovin' Arms / Honey That I Love So Well,['Max Q'],236760,2004,False,,0.278,0.0742,0.961,0.18,171.171
1TEnDPY1FNIGihDdFssI6l,You Tell Me Your Dream,['Max Q'],215747,2004,False,,0.155,0.006690000000000001,0.955,0.0374,178.282
4TpktBtMNzQmlHLySTcpdO,"Sing, Sing, Sing",['Max Q'],197560,2004,False,,0.469,0.128,0.927,0.273,89.67299999999999
4YB3Q9bHAtBEPQrZJeav0w,Hushabye,['Max Q'],188800,2004,False,,0.19,0.0143,0.97,0.0354,121.95299999999999
7HTPwHbMS8L5DXm52Ge2VT,Put Your Arms Around Me Honey / Them Girls Medley,['Max Q'],189773,2009,False,,0.41200000000000003,0.441,0.919,0.237,83.542
5CeKQoWwYP3ELGwiiOvK3m,"Take Me Home, Country Roads",['Max Q'],132507,2009,False,,0.304,0.239,0.9420000000000001,0.23199999999999998,170.179
6W5aYmcx2kLnd3aSGxxuRq,Somewhere,['Max Q'],280973,2009,False,,0.188,0.159,0.924,0.0761,78.726
0T1inQwHZN4i9tJwlq4hgP,Steppin' Out With My Baby,['Max Q'],169467,2009,False,,0.504,0.293,0.879,0.17300000000000001,78.738
2t8FBOMkuYY5qNTyXjeGmh,Royal Garden Blues,['Max Q'],206080,2009,False,,0.536,0.361,0.862,0.292,127.48899999999999
2F0P4uM96dufKhKgoFdBgv,I Heard You Singing,['Max Q'],189347,2009,False,,0.188,0.13699999999999998,0.96,0.106,167.118
7fw3MiW8hh3W4YT3Qcswly,Rhythm Medley,['Max Q'],229520,2009,False,,0.43,0.342,0.902,0.215,171.351
6Qk2XScxol2GLAyRZXb0k0,Little Pal,['Max Q'],281520,2009,False,,0.183,0.15,0.934,0.0737,78.1
7fzXyI4TCNWfdhL6iBj9wE,Somebody Loves Me,['Max Q'],172333,2009,False,,0.3670000000000001,0.315,0.873,0.23,82.48100000000002
4KjconHpTD9z8hiaameTY9,The Windmills Of Your Mind,['Max Q'],204307,2009,False,,0.35600000000000004,0.233,0.883,0.14800000000000002,116.46799999999999
4o0bX2a0w2JFNOFL06DdBH,Don't Rain On My Parade,['Max Q'],197840,2009,False,,0.6,0.365,0.856,0.377,136.047
4PjYHLEID1qoEkG85i8dke,Banana Trumpet Games,"['P. Q. Phan', 'Pamela Decker']",342400,2007,False,,0.095,0.19,0.449,0.0407,87.165
0ymLGIZ5Y7VXNOv2TOYba8,Rough-Trax,"['P. Q. Phan', 'Debra Richtmeyer', 'Nancy Ambrose King']",455293,2007,False,,0.444,0.158,0.988,0.20600000000000002,106.37899999999999
51HedxztjFPPrbiRzGVLLA,Unexpected Desire,"['P. Q. Phan', 'Brian Dumm', 'Sylvia Wang', 'Molly Fung']",561533,2007,False,,0.284,0.21600000000000005,0.9059999999999999,0.263,82.03200000000002
3EVW5xGDmxR2t8YGOrBfPR,My Language,"['P. Q. Phan', 'E. Michael Richards', 'Kazuko Tanosaki']",733640,2007,False,,0.382,0.183,0.9670000000000001,0.0488,103.40299999999999
1I75dbnsg0K9s7VmXn48EX,Rock Blood,"['P. Q. Phan', 'Joshua Manchester', 'Richard Kurasz', 'Stacey Bostwick', 'Teun Fetz', 'William Moersch']",354933,2007,False,,0.496,0.502,0.43799999999999994,0.42200000000000004,109.699
1FUjKCxjkqZKBBRn7S7anc,Quiet,['Annelie'],348300,2018,False,,0.348,0.0107,0.993,0.12,131.649
1hhdKm03aRutMdxzf4KVfe,The Other Side,['Koopa Querales'],239601,2018,False,,0.397,0.861,0.124,0.299,170.00799999999995
6hjEHWODmB15bdUKvHNoQ8,I'll Say Goodbye,['Koopa Querales'],166634,2018,False,,0.26899999999999996,0.79,0.628,0.754,93.051
5mzJ4WclMOHzlnIQQ3yYep,To Serve And Protect,['Queen Ifrica'],247400,2009,False,,0.655,0.7,0.205,0.5770000000000001,89.537
3cbjnqXzt27xGE4b4OJoS4,7 O'clock,['The Quireboys'],218373,2017,False,,0.555,0.867,0.094,0.871,114.56200000000001
1V8sTVsjtbpuDpdEBbYwCS,Queen,['Melvins'],187267,2018,False,,0.486,0.419,0.000245,0.442,114.147
7kU0lSE59DFLas6n8lRCIS,Quantum Death,['Deiphago'],305987,2019,True,,0.0952,0.985,0.0,0.0795,161.892
2tOOcDDYkh0PSjr6GwPEAJ,Love Me Less (feat. Quinn XCII),"['MAX', 'Quinn XCII']",177670,2019,False,,0.732,0.856,0.0828,0.7709999999999999,145.034
5Zw6zlPOeJWse5Vk7VfGKA,Queuing Up,['Perkxsoundlabs'],251707,2013,False,,0.631,0.879,0.0005740000000000001,0.953,123.01100000000001
4ZYBkKNShiSAW1fVhDG6km,Que Me Quiten Lo Bailado,['Doctor Deseo'],240655,2018,False,,0.5529999999999999,0.7140000000000001,0.0165,0.62,154.857
0RfH9m1HAM9KJRQkJ2UdOA,Quiet as Mice,['Peregrin'],253968,2017,False,,0.249,0.5870000000000001,0.87,0.0881,156.64
2VD5rsZnELyeT2LOOzy4f5,A Veces,['Domingo Quiñones'],298840,2014,False,,0.555,0.863,0.517,0.937,175.613
4ru6yf7Xxtd0QzLSZTf0iu,Mi Problema Eres Tu,['Domingo Quiñones'],274413,2014,False,,0.759,0.745,0.691,0.8390000000000001,97.509
7b7KH1IxnfThkEqI1EhG7s,Mirame,['Domingo Quiñones'],254200,2014,False,,0.6970000000000001,0.7390000000000001,0.7040000000000001,0.807,91.027
5EWIPZvnzOnaqql4meIEvM,"Nada, Nada, Nada",['Domingo Quiñones'],245733,2014,False,,0.644,0.7440000000000001,0.201,0.867,86.139
42tEQwQFPhwImZYmLPKAIm,"""Fever"" (Fiebre)",['Domingo Quiñones'],249173,2014,False,,0.722,0.64,0.6940000000000001,0.7809999999999999,86.662
6gTbkA3maBQYbUUBmPtitg,Hoy He Vuelto a Ti,['Domingo Quiñones'],247200,2014,False,,0.539,0.701,0.621,0.857,172.449
263KnxiZFI3D8hXbiLyAeC,Gotitas de Amor,['Domingo Quiñones'],232693,2014,False,,0.764,0.583,0.496,0.8109999999999999,119.979
0a49BbbEP7CToW5TyOOu5U,Como Yo,['Domingo Quiñones'],306507,2014,False,,0.524,0.815,0.434,0.7929999999999999,170.40099999999995
0sfPlvqPlwuymno5Zfzr4s,Para,['Domingo Quiñones'],220173,2014,False,,0.743,0.7,0.635,0.8079999999999999,90.041
2VFFza4xijQEy1ISg8pEN1,Cuando Lo Coja Yo,['Domingo Quiñones'],243560,2014,False,,0.78,0.784,0.452,0.948,89.999
6RKwKrtjZXukJvtGCwlAJa,Quémalo,['Silverio'],288293,2010,False,,0.6629999999999999,0.662,0.00010700000000000001,0.561,117.02799999999999
1ctVnPP8Y4sgrlgw97EuYC,Queen Medusa,['Whispering Woods'],285386,2015,False,,0.32299999999999995,0.763,0.0967,0.377,107.954
6WS3shf3gqZtHfxJJuW5Xq,Qind Mind,['Trinodia'],546569,2013,False,,0.575,0.945,0.00040899999999999997,0.24100000000000002,136.993
0XMhGn0xzqAUdvzzzAq8ni,All the Same,['Queen of Jeans'],215584,2019,False,,0.515,0.755,0.10800000000000001,0.604,101.993
1jv56pMWVJ4lwDw1lcDLBT,April,['Quadrakey'],456000,2018,False,,0.7390000000000001,0.607,0.0492,0.5760000000000001,120.007
1vJVWyMu5kDcHKsYX4v4mu,Rare,"['Going Quantum', 'Psychic Type']",247500,2016,False,,0.5760000000000001,0.914,0.0015199999999999999,0.309,79.99600000000002
2vI58ZcirnlnjukHNrxhvU,Raw Luv - Mixed,['Qubiko'],272904,2018,False,,0.8740000000000001,0.735,0.0143,0.578,124.01899999999999
6Qu9J49dTApJtnYNP0KvKS,These Days - Mixed,"['Qubiko', 'K-909']",297587,2018,False,,0.735,0.66,0.233,0.562,123.01799999999999
1e0Y0lC4Hk5TsUbuRjLuW8,I C U - Mixed,['Qubiko'],201293,2018,False,,0.86,0.541,0.0148,0.221,123.988
5t9bKIhNo9sBcxb60oelmI,April,['Quadrakey'],456000,2016,False,,0.7390000000000001,0.607,0.0492,0.5760000000000001,120.007
2UEBKrPir9TKcjuYN8gTx9,I C U,['Qubiko'],480020,2018,False,,0.823,0.5770000000000001,0.00212,0.198,121.99
683FPePj4kyUIQ7QRhi8Bo,These Days,"['Qubiko', 'K-909']",463122,2018,False,,0.742,0.6629999999999999,0.0846,0.65,122.00299999999999
065tLgY68CRFdPszMN5hFX,New Ones (feat. Quando Rondo) - Bonus Track,"['NoCap', 'Quando Rondo']",178449,2019,True,,0.5760000000000001,0.7040000000000001,0.295,0.395,144.041
6ToFmaN0C6l6nbZdgi3jcp,Quen a Festa,['Perkelt'],202764,2013,False,,0.5429999999999999,0.695,0.391,0.669,150.34799999999996
21zSLntRHTb4AyvHTFd8z3,It's Just Like Heaven,['Vaughan Quartet'],198160,2005,False,,0.626,0.483,0.75,0.968,129.952
7dJL4AUXlwckkoP2y2BINB,Quasi Putrefaction,['CHTHONIC'],420907,2006,False,,0.335,0.865,2.95e-06,0.355,99.899
7nJoufbWvXXIcOLyDEci8t,Hey QT,['QT'],235567,2015,False,,0.9490000000000001,0.612,0.168,0.871,129.045
0dfTcwK0yIWDHr0U2kv54S,Hey QT - Diplo Remix,"['QT', 'Diplo']",199050,2015,False,,0.72,0.76,0.000426,0.321,133.967
4jpBebiUtDYOIZAIiQdNA5,Intro,['Don Q'],176668,2018,False,,0.633,0.7340000000000001,0.7340000000000001,0.6920000000000001,121.56200000000001
4z8KZlqieenuBMgmPtLCJn,Sauce Dripping,['Don Q'],171005,2018,False,,0.752,0.76,0.052000000000000005,0.578,160.204
7yze6G0jPLjNCquifyF8ge,Intervention,['Don Q'],188588,2018,False,,0.797,0.607,0.0503,0.102,75.0
6r0M6zTJsTAmIoV87IxgY1,Long Night (feat. Lil Durk),"['Don Q', 'Lil Durk']",121951,2018,False,,0.74,0.581,0.107,0.294,155.05100000000004
1EP4wGBQoUbT1AndnFY7Vq,Yeah Yeah (feat. 50 Cent and Murda Beatz),"['Don Q', 'A Boogie Wit da Hoodie', '50 Cent', 'Murda Beatz']",180104,2018,False,,0.74,0.6509999999999999,0.47,0.8220000000000001,192.88400000000001
2K46fj4RUttcpMaDMEnJVm,Don Season Pt. 2,['Don Q'],206453,2018,False,,0.64,0.628,0.415,0.374,81.509
7tTkkh5P5qQQtzpNRUAyPl,"Pull Up (feat. G Herbo, Dave East)","['Don Q', 'Dave East', 'G Herbo']",247286,2018,False,,0.759,0.774,0.12,0.297,140.061
7qM3EdrWJzte5YRgrT3OI1,Back 2 Back,['Don Q'],73903,2018,False,,0.9,0.44,0.00159,0.32,151.989
3As0mSblpEAtul2zy5OBE7,Roll My Weed (feat. Jay Critch),"['Don Q', 'Jay Critch']",155685,2018,False,,0.544,0.601,0.0885,0.177,123.97399999999999
35QSEnJHvAkdyipm7FWdAd,Clarity,['Don Q'],143830,2018,False,,0.826,0.506,0.0207,0.34600000000000003,139.934
330AuYBZNrJz0D5C0CzlAp,Weakness,['Don Q'],177996,2018,False,,0.746,0.547,0.524,0.611,144.906
69A1EFeQjGwD40Csv8Pcgu,Insomnia (feat. Moneybagg Yo),"['Don Q', 'Moneybagg Yo']",187891,2018,False,,0.767,0.73,0.0414,0.48100000000000004,139.929
3LrxIoGNIgEAltQxEcau3B,He The Man,['Don Q'],178036,2018,False,,0.867,0.579,0.19699999999999998,0.58,143.92700000000005
2BGn3vbI0QZ1V0UmEEgAKQ,Pick Up (feat. Hoodrich Pablo Juan),"['Don Q', 'HoodRich Pablo Juan']",185846,2018,False,,0.826,0.45899999999999996,0.0949,0.47200000000000003,72.985
6eWyopRTgQNLuwlhQDtuOC,It's a Good Day (feat. Young Scooter),"['Don Q', 'Young Scooter']",163982,2018,False,,0.823,0.4970000000000001,0.294,0.41,74.977
2UrKYZBND0tfsSZbi1XY4M,Victory (feat. Trap Manny),"['Don Q', 'Trap Manny']",172864,2018,False,,0.831,0.743,0.22399999999999998,0.315,135.01
24FivJV8yhAXySPTBLClGc,I Can't Lie (feat. A Boogie Wit da Hoodie),"['Don Q', 'A Boogie Wit da Hoodie']",190442,2018,False,,0.794,0.5760000000000001,0.315,0.209,95.99
1d6v4Gc5l2iJ01nus7kHDH,Still Feel Me,['Don Q'],142222,2018,False,,0.695,0.7190000000000001,0.597,0.444,162.019
5XvuKyz5BClOf7gtOZO6XY,Intro,['Don Q'],176668,2018,True,,0.617,0.732,0.7609999999999999,0.7070000000000001,120.906
3AsL3fKDwc95jM2OVIDkoC,Sauce Dripping,['Don Q'],171005,2018,True,,0.7809999999999999,0.768,0.0646,0.541,80.014
4m7aHGpwPklv8JNXw6Bdlu,Intervention,['Don Q'],188588,2018,True,,0.797,0.622,0.0612,0.0843,149.991
2dfTMMUuQUI3E3c6e3MK5L,Long Night (feat. Lil Durk),"['Don Q', 'Lil Durk']",121951,2018,True,,0.731,0.5920000000000001,0.0767,0.307,155.036
3OvNXm7fnRtTAwi1mYiotJ,Yeah Yeah (feat. 50 Cent and Murda Beatz),"['Don Q', 'A Boogie Wit da Hoodie', '50 Cent', 'Murda Beatz']",180104,2018,True,,0.754,0.635,0.473,0.8640000000000001,192.96099999999998
5YHyJxng3X5N8HZwXwnihC,Don Season pt. 2,['Don Q'],206453,2018,True,,0.6809999999999999,0.626,0.435,0.364,82.19
4QZGgQpcyRVCQUDGAVNHa6,"Pull Up (feat. G Herbo, Dave East)","['Don Q', 'Dave East', 'G Herbo']",247286,2018,True,,0.7559999999999999,0.78,0.11699999999999999,0.282,140.031
3RCweU5i1Llef1IuTlej88,Back 2 Back,['Don Q'],73903,2018,True,,0.899,0.475,0.0014,0.345,151.953
5wvQsBGMQioqKIC6l9DVj4,Roll My Weed (feat. Jay Critch),"['Don Q', 'Jay Critch']",155685,2018,True,,0.762,0.615,0.11599999999999999,0.18,123.935
0WUXgAXZAS2DMYzyCi3kfv,Clarity,['Don Q'],143830,2018,True,,0.8240000000000001,0.49,0.0218,0.326,139.939
6JJl2d9XS9UKA31rXFVhDK,Weakness,['Don Q'],177996,2018,True,,0.745,0.545,0.488,0.591,144.875
27ps8NRnzue20TvVD6QhTq,Insomnia (feat. Moneybagg Yo),"['Don Q', 'Moneybagg Yo']",187891,2018,True,,0.774,0.72,0.0463,0.494,139.933
1gxH6Sl9cpnUapuB50zjXo,He The Man,['Don Q'],178036,2018,True,,0.8690000000000001,0.573,0.235,0.557,143.939
0d0606UjbgWr9C6R8e7wI7,Pick Up (feat. Hoodrich Pablo Juan),"['Don Q', 'HoodRich Pablo Juan']",185846,2018,True,,0.826,0.455,0.0971,0.442,73.013
1qxO5GxfCEDvqywHrfxuvF,It's a Good Day (feat. Young Scooter),"['Don Q', 'Young Scooter']",163982,2018,True,,0.815,0.47700000000000004,0.32,0.358,74.97399999999998
0cuxvSXrd7lFySIey8gJT6,Victory (feat. Trap Manny),"['Don Q', 'Trap Manny']",172864,2018,True,,0.825,0.7709999999999999,0.299,0.325,135.02700000000002
7iFFrsyfFUDi2jt3dSg6Hf,I Can't Lie (feat. A Boogie Wit da Hoodie),"['Don Q', 'A Boogie Wit da Hoodie']",190442,2018,True,,0.785,0.598,0.314,0.188,96.01
73R4Z3FbtDyZiLPMqjh0fD,Still Feel Me,['Don Q'],142222,2018,True,,0.679,0.7170000000000001,0.599,0.447,162.072
5MBdf4P2dUK2JdfuOmHmI1,Quiero Ser,['Milly Quezada'],269600,2005,False,,0.7290000000000001,0.907,0.0282,0.664,139.931
5L0OKGtUZmhy3ZXOmmFYCa,Me Dá Pena,['Milly Quezada'],276400,2005,False,,0.674,0.909,0.0562,0.40399999999999997,144.94
0VlOZcmYnFMFDLpK4MBLTK,Caro,['Milly Quezada'],253133,2005,False,,0.71,0.87,0.24100000000000002,0.8079999999999999,132.014
3hpgyMl3w4byI4oWNE9cVK,La Mala Palabra,"['Milly Quezada', 'Hector El Bambino', 'El Father']",202000,2005,False,,0.753,0.7959999999999999,0.0266,0.54,117.037
4dwCEoMlIbf3yXoAIv4bJX,Si Me Amaras,['Milly Quezada'],300867,2005,False,,0.645,0.8370000000000001,0.142,0.7959999999999999,145.069
1kl8wtx38X05w4GlSQfd6d,Olé Y Olé,['Milly Quezada'],253000,2005,False,,0.728,0.93,0.0626,0.777,132.16299999999998
54zlnbSNZ00WJhO7FZ03ti,Eclipse Total Del Amor,['Milly Quezada'],289000,2005,False,,0.6759999999999999,0.943,0.0109,0.565,133.994
0hTgOq3C0b2dlnl6gn7dw7,Aunque Me Parta En Dos,['Milly Quezada'],244000,2005,False,,0.718,0.8540000000000001,0.0321,0.722,140.101
2VajkSMDAWMsWYtx9mXwJR,Como Si No Hubieran Duendes,['Milly Quezada'],259000,2005,False,,0.687,0.893,0.0761,0.754,144.976
2VBpmnr41ZxoXFZ9h3jkkC,Con Esta Tristeza,['Milly Quezada'],302000,2005,False,,0.76,0.915,0.049,0.82,130.011
3K5SUWn8m9d5ZMpTfMtX32,Yo Soy Mujer Y No Soy Una Santa,['Milly Quezada'],244333,2005,False,,0.748,0.892,0.00583,0.8270000000000001,119.89
4rGLHMc7aGUcRchlFSB71F,Quando Me Sinto So,['Mariza'],177600,2005,False,,0.5670000000000001,0.22,0.899,0.38,113.93299999999999
78dDl6LC4RKZ85zEMugJfP,Bacc to the Basics,['Quando Rondo'],209882,2018,True,,0.835,0.747,0.413,0.672,101.022
78k2sWMlmtICqojUaTgk9J,Kiccin Shit,['Quando Rondo'],170783,2018,True,,0.696,0.6679999999999999,0.23199999999999998,0.6940000000000001,141.894
6q9DEZ1HEAOZmZEX8OkWmM,Thuggin for Real (feat. JayDa Youngan),"['Quando Rondo', 'JayDa Youngan']",215675,2018,True,,0.7120000000000001,0.63,0.149,0.39399999999999996,76.932
5UAXYLeJ7XrdTe7u5eq2ts,Rich Homie Quando (feat. Rich Homie Quan),"['Quando Rondo', 'Rich Homie Quan']",164622,2018,True,,0.6859999999999999,0.644,0.568,0.444,139.809
4SgFXF5WhGd61h4KV04fEj,No Smoke,['Quando Rondo'],174320,2018,True,,0.7090000000000001,0.733,0.209,0.8029999999999999,153.088
6nrzPRiEnErSWZbTZWaduc,Real Shit,['Quando Rondo'],205000,2018,True,,0.593,0.727,0.537,0.611,85.02600000000002
2qTpZ82ksYHktuw5u94MVu,Forever (feat. YoungBoy Never Broke Again and Shy Glizzy),"['Quando Rondo', 'Shy Glizzy', 'YoungBoy Never Broke Again']",175099,2018,True,,0.7509999999999999,0.816,0.0689,0.447,82.48899999999998
4UYEhW8f4mrUWq6jISl9hh,It Ain't Easy,['Quando Rondo'],171201,2018,True,,0.626,0.7609999999999999,0.133,0.445,160.004
74lV8H7QUX8NXR9jOz36sK,No Hook,['Quando Rondo'],152195,2018,True,,0.752,0.5579999999999999,0.522,0.428,82.01100000000002
6nwFbo5QcLoUrqaF3NjN9i,Lovers and Friends (feat. YK Osiris),"['Quando Rondo', 'YK Osiris']",181192,2018,True,,0.635,0.733,0.221,0.6459999999999999,150.90200000000004
2F4kolGzp9QN30sR0U5ord,I Need Like 10,['Quando Rondo'],142251,2018,True,,0.848,0.631,0.201,0.836,139.91899999999998
6CJwS6ZabDcDmkCRtnqPcD,3 Options (feat. Boosie BadAzz),"['Quando Rondo', 'Boosie Badazz']",194405,2018,True,,0.721,0.684,0.16,0.205,79.834
7kqh3zFAzABc0o1c6Js79N,Cope,['Quirke'],185000,2016,False,,0.593,0.775,0.183,0.0375,131.97299999999998
27RC3byUYZKvljYC4ayJxz,Sa45 Circles,['Quirke'],379027,2016,False,,0.8170000000000001,0.701,0.0844,0.253,127.979
3fzaZYMoYezz4ESaQorMFc,Pena,['Milly Quezada'],213893,1996,False,,0.8190000000000001,0.5429999999999999,0.0925,0.8340000000000001,134.122
3kyMciUuXofJU60VxvDW8a,Pídeme,"['Milly Quezada', 'Fernando Villalona']",258760,1996,False,,0.688,0.754,0.294,0.96,145.039
7xo3lmyxjPDGEspgcDMq7r,Que Se Mueran De Envidia,['Milly Quezada'],285200,1996,False,,0.674,0.721,0.11699999999999999,0.9179999999999999,158.211
0SBs0vFiFAjNp2vWfHHl0l,Mesita de Noche,['Milly Quezada'],233573,1996,False,,0.7609999999999999,0.7040000000000001,0.33299999999999996,0.904,128.106
2Pb3qG9ziu79v05CWRAfbb,Dos Rosas,['Milly Quezada'],242173,1996,False,,0.7509999999999999,0.696,0.152,0.888,132.154
0BziFGP5jZ3aEOgkr9cOXg,Antologia De Caricias,['Milly Quezada'],182533,1996,False,,0.753,0.6990000000000001,0.177,0.917,127.155
71CJIAH0zzxU9Ap7595OL6,Un Nuevo Amor,['Milly Quezada'],245293,1996,False,,0.8109999999999999,0.597,0.0604,0.877,128.127
4DEZlmWcurUHFQlflXSJjZ,Burbujas de Amor,['Milly Quezada'],262200,1996,False,,0.735,0.604,0.192,0.89,133.121
7hymJqbM5AP7GA3QnDLlVB,Pídeme - Merengue Version,['Milly Quezada'],241240,1996,False,,0.6679999999999999,0.845,0.654,0.93,150.27200000000005
2vbBORysXkIm0IhutRRisJ,Un Nuevo Amor - Merengue Version,['Milly Quezada'],252800,1996,False,,0.7190000000000001,0.8759999999999999,0.485,0.7759999999999999,140.232
2N1vcXYWij808miYpTE4LD,Give Me A Minute (feat. Jacqui George) - Mixed,"['Qwestlife', 'Jacqui George']",294834,2018,False,,0.746,0.737,0.0225,0.914,111.897
4LZrX0ePUSK1fZAqVvDcZi,BSTRD (feat. QUEST),"['WAVEDASH', 'Quest']",192000,2019,False,,0.662,0.765,0.0197,0.302,72.472
7rwZiRxAlXC2ybTaRVayAG,Mississippi Queen,['Mountain'],373627,2006,False,,0.247,0.835,5.11e-05,0.522,131.131
1ZunTEraV04skAycHDd3cT,Queen's Gambit,['Korova'],50893,2009,False,,0.38299999999999995,0.94,0.0712,0.835,86.927
5jUTp0rxEexgRIlpQDnzCe,Quest for Heart,['Oracle'],304347,2019,False,,0.145,0.847,5.64e-06,0.47200000000000003,73.188
31HJ2tqQ9O5pWqixnYvxFz,Keep The Same Old Feeling,['Hot Quisine'],319460,2016,False,,0.823,0.7140000000000001,0.311,0.726,124.40700000000001
0Oc8918HwzCaFuFUjrdUvg,Undecided,['Vintage Vocal Quartet'],196013,2018,False,,0.495,0.43799999999999994,0.7559999999999999,0.649,170.51
0LWDBmEfTIpG8PnWxUlplf,Don't Fence Me In,['Vintage Vocal Quartet'],212053,2018,False,,0.478,0.281,0.836,0.389,83.98299999999998
3GWhejJbV6fL1XdbDj8vHk,Little Pony,['Vintage Vocal Quartet'],187533,2018,False,,0.74,0.652,0.52,0.542,106.882
5Y3y3xJyIv7A3IrEdMWHgj,Love You Madly,['Vintage Vocal Quartet'],245147,2018,False,,0.754,0.265,0.6970000000000001,0.413,105.934
2gunrTmrBAboIaNTcbPrcH,Stardust,['Vintage Vocal Quartet'],204253,2018,False,,0.376,0.21100000000000002,0.861,0.109,68.714
06qpppvwkGC6FO7Vic5Tk8,I Like to Riff,['Vintage Vocal Quartet'],191133,2018,False,,0.759,0.359,0.8370000000000001,0.608,82.762
0075l8sYrS9MzYorF5zrtz,In the Wee Small Hours of the Morning,['Vintage Vocal Quartet'],187640,2018,False,,0.316,0.205,0.87,0.124,84.574
3HvkmyJdmZiKLjPbfcmnWk,Don't Sit Under the Apple Tree,['Vintage Vocal Quartet'],203213,2018,False,,0.68,0.419,0.767,0.5720000000000001,80.99
49RQ70TbDF5UudVILUv0GQ,Qu’est-ce que j’pense de moé,['FUUDGE'],163195,2018,False,,0.504,0.616,0.134,0.307,112.014
1vsIUPfKHHm9RjsJcPeQhU,Questions,['Tristam'],250203,2018,False,,0.635,0.583,0.8,0.366,102.012
6xBVwlGl8qnpNRvWe2hJO8,Surla - Intro Mix,['Sound Quelle'],133500,2019,False,,0.445,0.245,0.96,0.0549,130.015
3thKri3hy8FzTytSYMZqth,Thimbu,['Sound Quelle'],372000,2019,False,,0.634,0.737,0.0038799999999999998,0.643,116.001
2SkQQT3YM4YCuHGl2sGP9N,Soiak,['Sound Quelle'],322000,2019,False,,0.669,0.616,0.0015199999999999999,0.387,115.994
5mO4V4Wd7UGvT28I6hwZYU,Boddhidharma,['Sound Quelle'],394000,2019,False,,0.703,0.785,0.0183,0.47,120.014
5xkXD37878daJDQo2DY2Oe,Boundless,"['Sound Quelle', 'Brandon Mignacca']",216125,2019,False,,0.69,0.758,0.027000000000000003,0.525,118.00399999999999
5pi7NzEBjQNjJL6BTCkN6e,Alwazarg,['Sound Quelle'],393000,2019,False,,0.68,0.7020000000000001,0.00243,0.665,120.031
6VFYI9cTnqeNkWojmnPMJa,Windra,['Sound Quelle'],338000,2019,False,,0.753,0.726,0.0211,0.363,120.00299999999999
3qamDgvwMC8exBKwltbyhG,Iridescent,"['Sound Quelle', 'Brandon Mignacca']",270500,2019,False,,0.589,0.604,0.00456,0.235,117.95299999999999
2y5igdIj65x2A1AIFuyn1T,Clazamas,['Sound Quelle'],320000,2019,False,,0.762,0.6559999999999999,0.00713,0.5710000000000001,123.016
0u8H3SWx9b2GNjiKWDeJT0,Mastaje,['Sound Quelle'],208000,2019,False,,0.593,0.6409999999999999,0.0156,0.154,125.035
6Jl30v0GfBrSgQB7CfoNNG,Izlaz,['Sound Quelle'],380500,2019,False,,0.67,0.575,0.0032600000000000003,0.38,118.006
687zYu6l9V48xpClBOUJml,Endiferenza - Outro Mix,['Sound Quelle'],216000,2019,False,,0.39899999999999997,0.337,0.8009999999999999,0.0453,130.072
0DPaFUuri597OZYo9kORn6,Boundless - Extended Mix,"['Sound Quelle', 'Brandon Mignacca']",334000,2019,False,,0.77,0.611,0.00456,0.868,118.00200000000001
5DjMd4aak9XNhqRg5AO6HL,Iridescent - Extended Mix,"['Sound Quelle', 'Brandon Mignacca']",346000,2019,False,,0.69,0.534,0.00115,0.32799999999999996,117.96600000000001
4PnJgu6004SRkmxpxvIBFq,Mastaje - Extended Mix,['Sound Quelle'],360000,2019,False,,0.7290000000000001,0.38299999999999995,0.00595,0.249,125.014
3fXzyBKkRmFRSg7rtJPgl0,Queriendo Sin Querer,['Ale Aguirre'],217034,2018,False,,0.787,0.556,0.648,0.5710000000000001,127.272
5wZnA6HRvEE3lFpt5MG76W,The Tan Yard Sale,['Frank Quinn'],189640,2005,False,,0.569,0.244,0.982,0.773,70.453
037N6MX5jyhu5YXpyi7id2,Queen of Lies,['Sirenia'],235107,2018,False,,0.433,0.9620000000000001,0.000123,0.33299999999999996,150.036
4zc9fzHTw98B9Mdd9MOhZN,Don't Stand So Close to Me,['Quadra & Benjamin'],250653,2013,False,,0.763,0.484,0.28300000000000003,0.7190000000000001,119.01100000000001
6rsU0YgK9sytTdlgygPyru,Silent Lucidity (Re-Recorded),['Queensrÿche'],345011,2013,False,,0.45899999999999996,0.474,0.00134,0.0921,140.045
3iiFPhaDxVoYG8rSg9jnID,Quel Che Ti Serve e'Sangue - Italian Version,['Beatallica'],220040,2008,False,,0.365,0.9640000000000001,0.035,0.392,119.70100000000001
32srgLfGgCAuyudFaG2U00,Wine Baby,['Qrious'],153224,2018,False,,0.83,0.68,0.297,0.9620000000000001,104.069
6kN06eEOblRAuWI0xUUS91,¿Quien Tu Eres?,['Bad Bunny'],159229,2018,True,,0.727,0.58,0.185,0.325,137.048
1cBQjEkRl6exYutfLTEiSy,Ultra Stimulation,['Finley Quaye'],231693,1997,False,,0.754,0.606,0.00461,0.8859999999999999,131.923
6IO7t4oReDb2nZ4qqJBAi4,It's Great When We're Together,['Finley Quaye'],219267,1997,False,,0.5660000000000001,0.434,0.34600000000000003,0.594,174.03
0w82XetBxTBLZTMEUHcLzk,Sunday Shining,['Finley Quaye'],222000,1997,False,,0.597,0.8490000000000001,0.0438,0.605,101.054
4QdVza9lYc8JHD1OayGZ0d,Even After All,['Finley Quaye'],234893,1997,False,,0.773,0.271,0.647,0.47700000000000004,94.117
5q508sGjbKZxwAPcI6EX3h,Ride On and Turn the People On,['Finley Quaye'],227667,1997,False,,0.8190000000000001,0.8009999999999999,0.16699999999999998,0.885,125.883
76cBTRoZZGnvp8HLqbY5yn,The Way of the Explosive,['Finley Quaye'],284027,1997,False,,0.6829999999999999,0.373,0.154,0.7240000000000001,76.253
7oeECtcEUq7qTNCftbpVDS,Your Love Gets Sweeter,['Finley Quaye'],192400,1997,False,,0.6990000000000001,0.5770000000000001,0.618,0.6559999999999999,92.105
5UjWyvSUa06WEaK6UTjKfD,Supreme I Preme,['Finley Quaye'],299640,1997,False,,0.545,0.905,0.07,0.309,179.503
3S3awedzkimJElmv5fu3HY,Sweet and Loving Man,['Finley Quaye'],203000,1997,False,,0.747,0.53,0.69,0.85,103.994
650zsxOTd1XxvRM32hvTbz,Red Rolled and Seen,['Finley Quaye'],247200,1997,False,,0.8490000000000001,0.419,0.27699999999999997,0.609,79.999
6xnraHEg0V2KNGLj8rnfVm,Falling,['Finley Quaye'],196600,1997,False,,0.7140000000000001,0.32299999999999995,0.318,0.312,87.09200000000001
7DmquTG5YS6AmcDKLdNwn6,I Need a Lover,['Finley Quaye'],244507,1997,False,,0.354,0.46,0.84,0.485,115.8
4o2FLqKyIyQofyr1KKKwFY,Maverick a Strike,['Finley Quaye'],299907,1997,False,,0.914,0.741,0.22,0.8490000000000001,131.134
2MNbZZQ5UUTpvZjCECC6Qx,The Prophecy - Original Mix,['Quenum'],422435,2012,False,,0.684,0.45899999999999996,0.00519,0.23600000000000002,120.001
3Etjp2oaW1uw7X5ib8pRHO,Brazen Heart,['Dave Douglas Quintet'],443653,2015,False,,0.488,0.473,0.396,0.409,119.28
2uefyuH36w1nrgIZmnWmge,Deep River,['Dave Douglas Quintet'],238827,2015,False,,0.511,0.168,0.769,0.29600000000000004,119.66
2LcbTeOhwHdjFVFJMOG1hC,Hawaiian Punch,['Dave Douglas Quintet'],451867,2015,False,,0.5429999999999999,0.369,0.563,0.353,121.459
5OGlCMTOK5AeMKnT0tmeKK,Inure Phase,['Dave Douglas Quintet'],338000,2015,False,,0.419,0.529,0.11599999999999999,0.599,79.333
3ijZJ5aOZzmGOvIMcdGH3R,Lone Wolf,['Dave Douglas Quintet'],175586,2015,False,,0.456,0.48200000000000004,0.423,0.5539999999999999,138.85299999999998
4jdqFg5mu8MvyIPQGf8c6y,Miracle Gro,['Dave Douglas Quintet'],496760,2015,False,,0.5660000000000001,0.466,0.431,0.5489999999999999,110.45
556X93lutvhpClGFaPpjZc,Ocean Spray,['Dave Douglas Quintet'],323680,2015,False,,0.466,0.512,0.188,0.654,130.935
63rdPll4z2OfhTgyvRciUT,Pyrrhic Apology,['Dave Douglas Quintet'],454227,2015,False,,0.42,0.384,0.436,0.228,96.60799999999999
4QACy4aQUHRVMUOVjpuXuO,There is a Balm in Gilead,['Dave Douglas Quintet'],383053,2015,False,,0.505,0.163,0.7809999999999999,0.263,119.385
5ovQd1aKPaq9WEMalKlrLi,Variable Current,['Dave Douglas Quintet'],261773,2015,False,,0.349,0.385,0.341,0.391,96.795
1whYlWAnj5346kSe7mv188,Wake Up Claire,['Dave Douglas Quintet'],333011,2015,False,,0.466,0.639,0.14300000000000002,0.675,132.569
68LI1ERkGJtlzKL6lIoKV3,Quietly Slipped Away,['DEADLIFE'],249750,2019,False,,0.509,0.623,0.0617,0.384,100.04
152dO2nyNvUtqjMC0ROqWH,Qualcosa Di Morto - 3.25 a.m.,['Deison'],693227,2012,False,,0.16,0.174,0.9009999999999999,0.0354,86.84100000000002
5DKYpqMtRlPFaTYwcJUjAW,Particles,['Quantum Trio'],554840,2017,False,,0.479,0.649,0.78,0.391,122.999
0tkfMruUufj7sK1QxAXS6I,Eigenstates,['Quantum Trio'],369907,2017,False,,0.516,0.265,0.976,0.195,143.999
6ZqdbP2LDaeVb8yXAaqGbQ,Entropy,['Quantum Trio'],406467,2017,False,,0.375,0.607,0.863,0.389,83.87200000000001
2Dis0Qch7o10hMalnzxo1b,Branes,['Quantum Trio'],508120,2017,False,,0.607,0.414,0.935,0.0678,112.02799999999999
0K5nY4ZAYH4WteWLaeS2HR,Wave Function Collapse,['Quantum Trio'],378520,2017,False,,0.599,0.5379999999999999,0.727,0.282,114.89399999999999
6bap2BfJZaTJTJEYx8jdC0,Singularity,['Quantum Trio'],445520,2017,False,,0.589,0.382,0.89,0.201,99.956
2qKy3Ly6uF2N165Dcl9Ipq,Annihilation,['Quantum Trio'],325707,2017,False,,0.525,0.893,0.14400000000000002,0.431,140.04
6jweNRngTC8GVAH4GExQUT,"Here, There, Everywhere","['Quantum Trio', 'Juliana Martina']",243547,2017,False,,0.6459999999999999,0.21899999999999997,0.9470000000000001,0.13699999999999998,123.926
6uXyjCrcfjVY0bswIcT60f,Entanglement,['Quantum Trio'],322907,2017,False,,0.613,0.843,0.0719,0.392,135.975
1IJApmNuPuywxOOqDpUEUy,Gravitons,['Quantum Trio'],414947,2017,False,,0.623,0.639,0.36200000000000004,0.449,142.011
4vKitQGX7iOZoVah3NWcUV,Nebula,['Quantum Trio'],247880,2017,False,,0.39899999999999997,0.354,0.76,0.0566,124.22399999999999
5ziNmiVs5HxAykG09oiyaM,Muons,['Quantum Trio'],234800,2017,False,,0.812,0.29100000000000004,0.632,0.483,120.00399999999999
0DrUtavQetekbu54q7DEaB,Light Years,['Quantum Trio'],327653,2017,False,,0.607,0.87,0.0908,0.494,124.988
1VTfd4dtx4a2RZb9HhC9uH,Gluons,['Quantum Trio'],257707,2017,False,,0.644,0.7090000000000001,0.557,0.353,111.22200000000001
6Gn8rItG4IRjTJNAYL6QLF,Photons,['Quantum Trio'],360093,2017,False,,0.597,0.29100000000000004,0.912,0.24600000000000002,120.04299999999999
4WEVmj0AAhdnKKQrDyNRnn,This Far,['Quantum Trio'],277048,2020,False,,0.23800000000000002,0.586,0.00419,0.155,64.046
66xp1bW9PS87emiIMFVRS7,Branes - Live,"['Quantum Trio', 'Kamil Zawiślak', 'Luis Mora Matus', 'Michał Jan Ciesielski']",622406,2019,False,,0.304,0.306,0.9109999999999999,0.055,108.311
3nOXsVZ1086bEuuDuoe3f7,Particles - Live,"['Quantum Trio', 'Kamil Zawiślak', 'Luis Mora Matus', 'Michał Jan Ciesielski']",601568,2019,False,,0.415,0.358,0.846,0.441,119.48700000000001
3p89t9lPupgijoyBFP6IqR,Collapse Intro - Live,"['Quantum Trio', 'Luis Mora Matus']",264045,2019,False,,0.37799999999999995,0.0927,0.47200000000000003,0.391,86.613
0OcnE3cMzgFyV8qyb6UuRg,Wave Function Collapse - Live,"['Quantum Trio', 'Kamil Zawiślak', 'Luis Mora Matus', 'Michał Jan Ciesielski']",429000,2019,False,,0.419,0.27399999999999997,0.843,0.253,63.728
4IUNWMKzB5Qr28Bh8krPty,Singularity - Live,"['Quantum Trio', 'Kamil Zawiślak', 'Luis Mora Matus', 'Michał Jan Ciesielski']",595000,2019,False,,0.318,0.124,0.9309999999999999,0.102,82.88
5S6HQVoR0YACVwPnIxbXuG,Gravitons Intro - Live,"['Quantum Trio', 'Kamil Zawiślak', 'Luis Mora Matus', 'Michał Jan Ciesielski']",174128,2019,False,,0.315,0.0515,0.843,0.0376,69.75
1a2LvKXAYTNjANZnFBNLwL,Gravitons - Live,"['Quantum Trio', 'Kamil Zawiślak', 'Luis Mora Matus', 'Michał Jan Ciesielski']",402000,2019,False,,0.428,0.569,0.0171,0.259,144.059
7eAoyeb13DhJeSZk3UxZdt,Entanglement - Live,"['Quantum Trio', 'Kamil Zawiślak', 'Luis Mora Matus', 'Michał Jan Ciesielski']",347347,2019,False,,0.439,0.496,0.0533,0.32899999999999996,143.24
69rehqhPEf71mtbGIjzJBb,Is - Live,"['Quantum Trio', 'Kamil Zawiślak', 'Luis Mora Matus', 'Michał Jan Ciesielski']",643000,2019,False,,0.266,0.245,0.792,0.0607,142.329
6xKE41EFqt1W1sSnP1komT,Entropy - Live,"['Quantum Trio', 'Kamil Zawiślak', 'Luis Mora Matus', 'Michał Jan Ciesielski']",547060,2019,False,,0.431,0.341,0.873,0.28600000000000003,135.53
61qCWVlZlyGpLJAJOydT44,And If Salfate Was Right? - Live,"['Quantum Trio', 'Kamil Zawiślak', 'Luis Mora Matus', 'Michał Jan Ciesielski']",620572,2019,False,,0.439,0.262,0.88,0.303,109.404
3hs6k2lQBY5yUzR87jBARe,Q-Alarm,['Matophonia'],123000,2005,False,,0.78,0.893,0.000195,0.981,140.026
5CoFrWuDyM8XaXmQuBZQXC,Better Off,['Quali'],75050,2019,True,,0.612,0.718,0.145,0.7879999999999999,139.881
67ssCkJap92QLIu0TxWN77,"I, Pt. 3",['Quali'],159922,2019,False,,0.626,0.609,0.358,0.3670000000000001,112.125
0XTKLStNShkzZ7vQVTozDv,You a Star,['Quali'],196206,2019,False,,0.556,0.687,0.518,0.5329999999999999,69.993
305wE817FazryEL5fWqzQ8,We Pray,['Quali'],188682,2019,False,,0.574,0.631,0.233,0.41200000000000003,101.089
0OHoU1Z1As7AIZCoug3pKu,Jule,['Quali'],111412,2019,False,,0.39299999999999996,0.615,0.579,0.8859999999999999,165.655
5zhOtvKsMdwx2AC4W4hyAi,Hit It Off (feat. Teni Tinks) - Disco Soul Version (Mixed),"['Qwestlife', 'Teni Tinks']",204613,2018,False,,0.7020000000000001,0.722,0.079,0.804,115.309
0LntQVj11hv2dFZHtKizxi,Quema Mis Labios,['Julio Jaramillo'],133733,2011,False,,0.654,0.634,0.43799999999999994,0.938,84.603
1xlfafINE20Ez6Xogo0zj5,Frutas Reprise,"['Qurfew', '7yr33']",173430,2019,True,,0.831,0.843,0.207,0.92,99.973
79qCYDezGces4GbOi1PylS,U R - Extended Mix,['Qubiko'],330199,2019,False,,0.8059999999999999,0.722,0.000657,0.737,122.00299999999999
2JXGncOvKlq15T7q7nwITR,Beggin' - Extended Mix,"['DJ Dove', 'Queen B']",377439,2019,False,,0.8170000000000001,0.809,5.79e-05,0.71,124.01
5EnmWniBwLFNrkpxWHZoWs,Rumore - Extended Mix,['Qubiko'],366263,2019,False,,0.802,0.863,0.0331,0.669,123.00299999999999
1NEEErx3BhVy99y5N6IUEJ,Queen Mab,['Todd Tobias'],122305,2016,False,,0.498,0.38799999999999996,0.61,0.0594,121.508
13v0TpnHhcRUVOdY4jXAyh,Queen's Battle,['Osunlade'],431107,2008,False,,0.8740000000000001,0.682,5.9699999999999994e-05,0.315,116.95100000000001
2sJYMKTWIlN6pFrA0H7MT7,No Surprises,"['Quiet', 'Billy Rize']",226559,2019,False,,0.436,0.56,0.075,0.364,145.994
70dvfQv5l2eHmsbbUAmfGx,Quiet Storm,['Nevain'],293229,2017,False,,0.39899999999999997,0.9179999999999999,0.000272,0.105,119.98899999999999
4nGRrYhuhs15MhNp17OT1V,Que Nadie Sepa Mi Sufrir,['Julio Jaramillo'],161733,2016,False,,0.696,0.271,0.616,0.6759999999999999,164.824
7gDhW3FMrCZmF5cdE2PH23,Quiet,['Smileyface'],178032,2017,True,,0.879,0.396,0.000559,0.23800000000000002,135.034
6BZFcVT1VsvR76E3GlS2Hh,Run for Cover - Live,['Quiet Riot'],284025,2019,False,,0.35200000000000004,0.96,0.000638,0.12,107.197
4cdIDc3VAbeOdsiBqAC6yl,Slick Black Cadillac - Live,['Quiet Riot'],338789,2019,False,,0.26,0.934,0.00072,0.33299999999999996,172.386
6u1v5lQgjfantJcM5H48sx,Mama Weer All Crazee Now - Live,['Quiet Riot'],275586,2019,False,,0.298,0.941,0.000404,0.207,156.947
5YLOjRQq09lSF7wqX12KaD,Whatever It Takes - Live,['Quiet Riot'],299473,2019,False,,0.40700000000000003,0.925,7.47e-05,0.336,120.51700000000001
7zZOh9j2YttXlLJlhPUVGt,Terrified - Live,['Quiet Riot'],281500,2019,False,,0.43,0.927,0.000147,0.41200000000000003,95.711
2mLuaDGRxa2EjeXt9IQEDx,Love's a Bitch - Live,['Quiet Riot'],288306,2019,False,,0.332,0.9079999999999999,0.000429,0.266,102.962
766Rq1v1yabOPyJ7ynoIY6,Condition Critical - Live,['Quiet Riot'],473333,2019,False,,0.379,0.82,0.0135,0.217,75.438
4jjdEa6B2EbP3bfuxpXLa0,Thunderbird - Live,['Quiet Riot'],273322,2019,False,,0.349,0.775,0.00935,0.302,139.872
1Tfln42l4UT4pUo7QdfkyD,Party All Night - Live,['Quiet Riot'],269671,2019,False,,0.305,0.9540000000000001,0.0005200000000000001,0.168,157.54
2nvRDZzLo9IvKdC73XuU05,Freak Flag - Live,['Quiet Riot'],247858,2019,False,,0.501,0.8759999999999999,0.00475,0.469,122.02600000000001
4p7xWS3e0q7nyA6cZYmNRr,Can't Get Enough - Live,['Quiet Riot'],239467,2019,False,,0.365,0.96,0.000489,0.353,151.257
0tBdoqFGFkOFU53qlXAUpB,The Wild & The Young - Live,['Quiet Riot'],273646,2019,False,,0.402,0.927,0.000851,0.32799999999999996,123.266
7KCguysackf9sZrwsBv2HM,Let's Get Crazy - Live,['Quiet Riot'],314375,2019,False,,0.278,0.941,0.000319,0.179,144.58
4vlZngrpID513zvAaql7Va,Cum on Feel the Noize - Live,['Quiet Riot'],293625,2019,False,,0.373,0.941,0.00022999999999999998,0.386,157.328
66DTlxoAbeGGlvcr5OJjTH,Bang Your Head - Live,['Quiet Riot'],489875,2019,False,,0.297,0.9059999999999999,0.000532,0.215,138.763
76aYurHpNWx35XoEPwEfbI,Beggin',"['DJ Dove', 'Queen B']",191633,2019,False,,0.698,0.875,0.000118,0.821,123.965
1qfGkeL6YOhPn2RMMTBWbo,Quicksand,['Trusties'],164693,2016,False,,0.42,0.6409999999999999,0.00502,0.711,86.838
28SkYjQkNxwB84bhsQBJn0,Que tinguem sort,['Loquillo'],315800,2009,False,,0.665,0.636,0.609,0.77,92.01
0FftVfSoHRpcZerB3aaale,Fantasy,"['Hannise', 'Qualls']",227234,2019,False,,0.763,0.828,0.428,0.879,94.01799999999999
7rl3NjLzloRZGki6Vxuz5l,Que Me Quedes Tu,['Shakira'],287813,2002,False,,0.7609999999999999,0.505,0.27,0.387,113.029
4lzYphXm9ccdPlbVxKXkp2,Qué Chingaos,['Cuca'],188067,1992,False,,0.588,0.892,0.0058,0.6779999999999999,140.732
6yiSGrLTac1U5ZTSlmjWJV,Can't Get Enough,['Quiet Riot'],240843,2017,False,,0.593,0.868,0.00201,0.885,136.95600000000002
2ZxsGze3gabuU4FlvKRRNs,Getaway,['Quiet Riot'],293716,2017,False,,0.547,0.9,0.0441,0.521,95.314
4rt7jkXogb021Ui1cZkWRZ,Roll This Joint,['Quiet Riot'],270774,2017,False,,0.581,0.912,0.006529999999999999,0.52,95.934
1IbbfgBquJME4bBMNb5vEu,Freak Flag,['Quiet Riot'],241741,2017,False,,0.621,0.731,0.00688,0.595,116.02
6VBK8yTp0YdCTKWHfHpQFE,Wasted,['Quiet Riot'],285064,2017,False,,0.649,0.872,0.0116,0.8809999999999999,106.075
25G30inPhMyms4FuMZG4iN,Still Wild,['Quiet Riot'],327510,2017,False,,0.512,0.825,0.121,0.545,139.94299999999998
0JCMpC3xuAl9x6UNlgVEos,Make a Way,['Quiet Riot'],270804,2017,False,,0.602,0.91,0.287,0.826,127.061
0816k82wVuCi0iEr8IFi6I,Renegades,['Quiet Riot'],337446,2017,False,,0.5770000000000001,0.868,7.56e-05,0.61,104.995
63suRdA0QzrxKh2z0K5QDc,The Road,['Quiet Riot'],231630,2017,False,,0.48700000000000004,0.78,0.0365,0.307,99.91799999999999
5ne17uSct2Tntaf4wizjSn,Shame,['Quiet Riot'],231630,2017,False,,0.637,0.863,0.00124,0.634,99.15700000000001
46geKcFgh3HX4DZYCjEuXs,Knock Em Down,['Quiet Riot'],263779,2017,False,,0.65,0.9279999999999999,0.0216,0.856,101.47399999999999
1PsDfNiG3CmT6dZINuzu04,Quebranto,['Eleanor'],273147,2019,False,,0.45,0.975,8.499999999999999e-05,0.353,129.014
4vOWNHRx4FGlQhs0pyxgJl,Quien Sabe,['Natti Natasha'],269120,2019,False,,0.713,0.8170000000000001,0.35600000000000004,0.758,127.93299999999999
0lbeY831rf0F6Mhca6BSd5,Entrance to the Void,['Lucho Quintanilla'],280787,2017,False,,0.316,0.569,0.652,0.0402,147.263
2s23dEIdY02XdRDuk453ca,Guardian of Souls,['Lucho Quintanilla'],317987,2017,False,,0.7959999999999999,0.47,0.9329999999999999,0.742,100.667
7nqkyXKIz5sna5jCXlkj8V,The Echo of the Ancestors,['Lucho Quintanilla'],397120,2017,False,,0.728,0.28300000000000003,0.7440000000000001,0.0988,81.471
6HD1r4WiN1gwuI4KahumFC,The Child of the Fifth Sun,['Lucho Quintanilla'],231693,2017,False,,0.327,0.31,0.956,0.0384,69.08
1in7otm5q8dFK8LtPq1XIa,The Midpoint of Opposite Ends,['Lucho Quintanilla'],358560,2017,False,,0.8170000000000001,0.48,0.0888,0.332,108.491
3T8rqbKHv50j7Tf7gYen5l,Ceremony of Life,['Lucho Quintanilla'],182827,2017,False,,0.21600000000000005,0.327,0.93,0.0998,118.822
54Qf9KmGWGa3qC4pnG1XIk,Pilgrims in a World Without Time,['Lucho Quintanilla'],302333,2017,False,,0.631,0.62,0.299,0.48700000000000004,168.237
0gyD47ntZEOsLk7ya0GpBp,Cradle of Cóndors,['Lucho Quintanilla'],82933,2017,False,,0.77,0.664,0.9520000000000001,0.966,99.22200000000001
52eXOWnAEut1Mbzh8uotqP,Golden Wind in the House of Clouds,['Lucho Quintanilla'],418053,2017,False,,0.865,0.7509999999999999,0.7190000000000001,0.972,139.98
31sPCnzgurJnFNcvcgWNjq,Imperfect Flower,['Quando Rondo'],178013,2019,True,,0.612,0.708,0.309,0.321,151.194
4U1QCfK2IMth8PlkenKwql,In My Section,['Quando Rondo'],189091,2019,True,,0.415,0.727,0.171,0.217,82.512
3K156afZ16p8TEyggIq5El,4th Qtr,['Quando Rondo'],160500,2019,True,,0.815,0.503,0.27699999999999997,0.705,150.185
0iOLdU2a7L7YxKYh4sVwAs,Out the Gym,['Quando Rondo'],171169,2019,True,,0.718,0.778,0.373,0.855,159.933
5FhI6DE7oGxMmqqHRT6qbg,New Ones (feat. NoCap),"['Quando Rondo', 'NoCap']",178449,2019,True,,0.5770000000000001,0.7040000000000001,0.295,0.395,143.85399999999996
0iY9wBVvFFucL3pA43tzZL,Gun Powder,['Quando Rondo'],134011,2019,True,,0.774,0.629,0.0325,0.721,160.05700000000004
02uoTrQDI1IxytfKmhhvuB,My Yoppa (feat. Shy Glizzy),"['Quando Rondo', 'Shy Glizzy']",168000,2019,True,,0.8490000000000001,0.6629999999999999,0.302,0.446,140.116
5suECneJkU6lykj9YEVayC,Dope Boy Dreams,['Quando Rondo'],204362,2019,True,,0.5479999999999999,0.519,0.249,0.504,154.187
6hJGyWtznsi7jX7ZDhyPu7,Why We Can't,['Quando Rondo'],170741,2019,True,,0.746,0.737,0.266,0.401,134.922
4MCIaxxuAdZADjEbnAEEs4,Emotional Way of Thinking,['Quando Rondo'],167134,2019,True,,0.6920000000000001,0.708,0.042,0.643,171.91400000000004
5CFvscpivObLfIVQtHyQxE,Scarred From Love,['Quando Rondo'],207000,2019,True,,0.652,0.602,0.22399999999999998,0.494,167.00799999999995
1kqPPHbFzfG4Bue2SaicoC,Where I'm From (feat. BlocBoy JB and Polo G),"['Quando Rondo', 'BlocBoy JB', 'Polo G']",205764,2019,True,,0.863,0.563,0.158,0.629,138.011
3own0RfUp5esN3kU0sAPoA,Lil Minute,['Quando Rondo'],186182,2019,True,,0.63,0.773,0.379,0.4920000000000001,164.928
0pNZOVJ1Rv3i03SzR6vbfP,Queen of Gore,['Thanatos'],195653,2014,False,,0.177,0.99,7.43e-06,0.0494,104.855
48lRNaA94z3m9FwLWuvHDJ,What I'm Here for,"['JuztKP', 'Quentin Rashad']",310723,2018,True,,0.49,0.743,0.353,0.45399999999999996,83.155
5tweOdm0umxk21qEk1nWOb,I Wanna Know,"['JuztKP', 'Quentin Rashad']",162760,2018,True,,0.621,0.721,0.221,0.45799999999999996,97.46600000000001
51QdkqSL9qgD6DmdjP4iod,Look Into My Eyes,"['JuztKP', 'Quentin Rashad']",221918,2018,True,,0.34,0.799,0.696,0.447,77.54899999999998
7xpoeHeElZII0z3OgKMPRl,La Hora Exacta,['Quique Rangel'],249853,2019,False,,0.439,0.6609999999999999,0.149,0.231,98.98200000000001
6YtrspYmRMyatH8Pg3Ip5E,Naw Baby,"['JuztKP', 'Quentin Rashad']",198191,2018,True,,0.725,0.664,0.0559,0.20199999999999999,87.525
4IeDfn8VlToAt5VK4eooTr,Que No Te Cuenten Cuentos,['Julio Jaramillo'],133813,2011,False,,0.7879999999999999,0.6759999999999999,0.767,0.893,119.62200000000001
3uA2Msx23P03EboIhsIX5Y,Mais perto de mim - Estúdio,['Jota Quest'],253027,2012,False,,0.45,0.511,0.243,0.382,76.952
53hzb7PtS4x9GotYNknAqP,Que Voy A Hacer Sin Ti,['Julio Jaramillo'],206933,2015,False,,0.541,0.489,0.545,0.6629999999999999,79.439
23hXg6bB2aSsHSwVURctbh,Spring Song,"[""Queen's Hall Light Orchestra"", 'Charles Williams']",149000,2014,False,,0.24100000000000002,0.21,0.9840000000000001,0.16699999999999998,81.006
3USa9Bj4nCADbSrWXNkzmZ,"We'll Gather Lilacs (From ""Perchance to Dream"")","[""Queen's Hall Light Orchestra"", 'Charles Williams']",302080,2014,False,,0.16899999999999998,0.33399999999999996,0.9670000000000001,0.0393,74.649
4677vHFiPg7RfcLem0rJsS,Quantum Mystic - Live at Roadburn 2012,['YOB'],583471,2019,False,,0.266,0.83,0.332,0.166,112.06299999999999
09iLVSWc9Ju7EwFvc8vKZX,Tea for Two,['Charlie Christian Quartet'],294347,2011,False,,0.649,0.39,0.966,0.77,110.09299999999999
3iqEPFcbAWYnFNcB7O2SLt,Stardust,['Charlie Christian Quartet'],344160,2011,False,,0.6409999999999999,0.11199999999999999,0.9890000000000001,0.5489999999999999,91.87
6cQS3QzXjyP5hXe7Q023C3,I Got Rhythm - Take 1,['Charlie Christian Quartet'],214027,2011,False,,0.727,0.4320000000000001,0.981,0.912,111.93799999999999
2PgjqqaoDb9orXQopzjYtu,I Got Rhythm - Take 2,['Charlie Christian Quartet'],213000,2011,False,,0.738,0.405,0.971,0.909,111.885
1Pnj1a2hjz6LyLTPZL3vld,Legions of the Betrayed,['Quo Vadis'],375893,1996,False,,0.264,0.955,0.000244,0.11199999999999999,103.676
5SHIQxLQ4Rq6YKPgPbO6zP,As I Feed the Flames of Hate,['Quo Vadis'],365973,1996,False,,0.299,0.8290000000000001,0.00021,0.209,129.743
3R9ZAWuERsqNapDtUiu6Sp,Carpae Deum,['Quo Vadis'],191627,1996,False,,0.259,0.951,0.000851,0.0655,128.791
508BebjpBldwy8bBaXa8OQ,Mystery,['Quo Vadis'],57000,1996,False,,0.522,0.121,0.9840000000000001,0.0399,99.08200000000001
0WddOlrsumyB8ppfK4g2NA,Inner Capsule (Element of the Ensemble part II),['Quo Vadis'],235467,1996,False,,0.289,0.9520000000000001,1.74e-05,0.23399999999999999,100.675
3E8AEeuRLnbeTBBsau5bxt,Pantheon of Tears,['Quo Vadis'],230267,1996,False,,0.304,0.9420000000000001,0.000371,0.172,127.59899999999999
2ayEJquvodcpgo2YYAp8KB,Zero Hour,['Quo Vadis'],198573,1996,False,,0.364,0.88,3.39e-05,0.583,98.405
2wWI6Sg1fDueuri0edMcG5,The Day the Universe Changed,['Quo Vadis'],329733,1996,False,,0.259,0.958,2.49e-05,0.23800000000000002,141.049
7FtEdjOh76FVS6KeVFzGPU,Nocturnal Reflections,['Quo Vadis'],78427,1996,False,,0.38,0.368,0.789,0.131,117.971
61uM5LlsEFG0S0vpCWVMMo,Sans Abris,['Quo Vadis'],271867,1996,False,,0.371,0.635,0.00629,0.327,133.171
0wgvK8aWumW6okpgpDXlMD,Bratwurst,"['Quio', 'Darius James', 'Kaisa Kemiskoski']",218960,2007,False,,0.873,0.496,0.0487,0.7020000000000001,162.058
62qsBZ2bCoLcS9SbvU7gk6,Grow Together,"['Quio', 'Lise']",214547,2007,False,,0.8340000000000001,0.46799999999999997,0.45299999999999996,0.813,129.96200000000002
06QmuPVhnDELWeAr8n6CsR,So Loud,"['Quio', 'Nicolette']",226973,2007,False,,0.753,0.687,0.00865,0.711,100.024
0rUIBB3BlsdDjRrZVsO0eP,Rising Tide,"['Quio', 'Lise']",209000,2007,False,,0.722,0.489,0.0504,0.5539999999999999,98.559
0il5uNfwghD3dFhIV9mEIK,I Jump,"['Quio', 'AGF']",222200,2007,False,,0.685,0.37799999999999995,0.191,0.34,140.982
6RU6u3zCUy4ao8CJVlaFAc,Me Mucker,['Quio'],289787,2007,False,,0.8690000000000001,0.539,0.00027400000000000005,0.775,150.039
0qxd4FOjUJwOorrVOxc4gw,Minha Rima,"['Quio', 'Edu K']",206347,2007,False,,0.8809999999999999,0.7240000000000001,0.0329,0.6859999999999999,130.14
0WzAH5F3WYWAbnsJHU7NQQ,Come Closer,['Quio'],211280,2007,False,,0.85,0.408,0.62,0.763,130.031
2YmJg0RhMkcPJSeUW2reWI,Mole,"['Quio', 'Lise']",237720,2007,False,,0.83,0.609,0.016,0.9359999999999999,133.02
3GQSURXBHaYF9yyh3rEoIt,Shellshocked,"['Quio', 'Susius']",241560,2007,False,,0.652,0.502,0.135,0.596,129.526
3QPOTXb21SvrI3MuukZKdt,Better Mood,['Quio'],273653,2007,False,,0.8540000000000001,0.4,0.23399999999999999,0.627,129.997
28UuEGhrpPYA18yWPYuBge,Chillaine,"['Quio', 'Afia', 'Kwaku', 'Nanie', 'Lempapa', 'Dr. Data']",585533,2007,False,,0.625,0.33399999999999996,0.077,0.17,137.049
02nzoqhW8fYahZi8I0Buse,Commonality,['Quest'],620640,1990,False,,0.405,0.11,0.9390000000000001,0.0967,95.109
1KZ0Zf723DvNzUu24JXpHV,Of One Mind,['Quest'],377200,1990,False,,0.518,0.419,0.499,0.603,118.831
0kx8DealOKWk3X5juHQOfY,Changuito Tapestry,['Quest'],482627,1990,False,,0.4270000000000001,0.41600000000000004,0.682,0.32,101.193
1Ccj00CYFtXtUF9SwcsEP9,It's On You,['Cuore Cool Quarter'],319947,2019,False,,0.365,0.441,0.872,0.262,168.075
5VCrM0zk8hT8DPyTARYYxA,Quien Quiere,['Parabellum'],313992,1997,False,,0.41,0.861,0.0419,0.259,114.986
4RQFFdKMh5WXffDuex7yqA,Undertale,['Triforce Quartet'],312642,2016,False,,0.344,0.267,0.6659999999999999,0.435,110.79799999999999
1CkZUeD646jnP1SlpjcceJ,Quiptown,['Hifidelics'],208739,2012,False,,0.569,0.953,0.10400000000000001,0.852,130.40200000000002
4Xxl9oOQeTPg7t2NrcCZk1,Goodbye Horses,['Q Lazzarus'],385804,2019,False,,0.696,0.4270000000000001,0.0038399999999999997,0.345,124.70299999999999
46Y82Stksw5IY1QKiLmTB1,Questioning All Humanity,['Sydbarret'],129333,2012,True,,0.171,0.517,0.146,0.044000000000000004,97.22399999999999
0OVLpVBkC7e1a9RiDR1F4K,Questions,['Sydbarret'],140947,2012,True,,0.253,0.9790000000000001,0.00441,0.0381,104.87100000000001
7I5eQZFdlPV8LZWH2FeqaW,Goodbye Horses,['Q Lazzarus'],187720,2013,False,,0.772,0.409,0.0896,0.495,125.476
2TlRwlttdfeIKpAMrBvegr,The Banquet,"['Qasim Naqvi', 'Jennifer Koh']",738991,2019,False,,0.196,0.0378,0.741,0.0349,135.444
1LOjhQx6yPdJ8xMqz0UF2b,Quant Voi La Flor Novele,['Obsequiae'],195493,2019,False,,0.418,0.141,0.9840000000000001,0.10099999999999999,114.241
3XEaGlmQ7liOGOYSGzMdhP,Questions,['Xentrix'],309800,1990,False,,0.33899999999999997,0.797,9.31e-05,0.429,116.389
3GX1PNllZw8BGuZpdv2wK9,Qué Pena,['Ozuna'],152480,2019,False,,0.563,0.507,0.526,0.152,174.17
2jVaEUx5OdgFWh4tu44TLb,"Que Mas Pues, Miss Lonely, Solita - Mashup Acústico En Vivo",['Sech'],496830,2019,True,,0.39799999999999996,0.5670000000000001,0.6940000000000001,0.46,78.655
3Xq8Pt2Kf4B7R8mrUXOUPd,Queen of the Surf - Horror Stories,['Dwarves'],66773,1983,False,,0.312,0.841,0.000103,0.754,88.074
70kgk5PkqnOOCIHqJXyh8U,Bang Your Head (Metal Health),['Quiet Riot'],316480,2008,False,,0.527,0.945,0.000713,0.473,123.065
4VTaz0UT1savTwH8OTHSok,Cum On Feel The Noize,['Quiet Riot'],281467,2008,False,,0.48,0.935,0.0012699999999999999,0.5660000000000001,145.055
4UAyWu3DFe9AkwVuRRmuoM,Screenplay,['Queen Drie'],180872,2020,True,,0.6559999999999999,0.539,0.6940000000000001,0.534,150.011
13JRhRrhHJnpGG2UriafBG,Quien Quita,['Ruzto'],239267,2019,False,,0.531,0.48,0.63,0.823,73.558
0Po56xbacZzQFcmiyesAqn,Todo de Ti,['Quadrafunks'],221703,2019,False,,0.695,0.696,0.326,0.615,136.006
6xDn8ZDsRCOBtqxL6rHVlm,S.O.S.,['Qveen Herby'],77000,2019,True,,0.963,0.81,0.25,0.349,119.995
6HpVRjntrL13DwGZq2DgRx,Strange Dreams,['Qveen Herby'],93250,2019,False,,0.853,0.748,0.135,0.193,107.99
4dmY8mWmGKvkOUYb73vlaA,Mademoiselle,['Qveen Herby'],84762,2019,True,,0.902,0.573,0.406,0.519,128.013
48jiSVoqxkwPoGLxPqiWL6,QUEEN IS BACK,['VaVa'],178071,2019,False,,0.833,0.7879999999999999,0.0991,0.467,89.978
6VltU3W5dMi7NFkw1mcXGu,Cum On Feel The Noize,['Quiet Riot'],278500,2003,False,,0.516,0.9259999999999999,0.000625,0.685,144.993
7dTI2vj38aAuNWE1GbKma8,Bad Moves (feat. Quavo & Rich The Kid),"['DJ Durel', 'Quavo', 'Rich The Kid']",133333,2020,True,,0.5589999999999999,0.856,0.0261,0.7020000000000001,179.94099999999997
73O7ziwEldcZzinZquiAO3,Quarantine Summer,['19ABDI'],209711,2020,True,,0.764,0.5479999999999999,0.17800000000000002,0.526,94.0
2xf5bTpxpVf5SQI7fHahfG,Raw Luv,['Qubiko'],449330,2018,False,,0.8079999999999999,0.695,0.0018800000000000002,0.39,123.009
1GyXXiUZhXVSL1CoU42NyO,Quick Trip,['Shel Silverstein'],12507,1985,False,,0.0,0.193,0.777,0.0,0.0
1eCLX83VewTZ2NqC8v2Ryu,168 Blues,['Michael Quest'],247120,2008,False,,0.63,0.478,0.0127,0.831,130.029
68E4uwk70NhuQjJavAhfrC,The Better Of My Friends,['Michael Quest'],262827,2008,False,,0.5379999999999999,0.633,0.331,0.904,190.169
2HiXUo0hv2l0zwSfrqHq9q,Fixation - Instrumental,['Michael Quest'],222667,2008,False,,0.55,0.665,0.0185,0.925,154.961
7A0efB0TlIalu7NwGuOo1B,24-7-365 (2008),['Michael Quest'],208560,2008,False,,0.632,0.628,0.13,0.76,132.08700000000002
13c9piuQN9zG6hnXQ065eB,Zero In,['Michael Quest'],247133,2008,False,,0.684,0.625,0.396,0.414,116.22
2K6kLnSiZeCuz7Ya0OR6aC,L.O.V.E. Me,['Michael Quest'],203333,2008,False,,0.581,0.718,0.435,0.8859999999999999,155.933
7lkoiTwI5dR94U3LuEezJn,Smoother - Instrumental,['Michael Quest'],227320,2008,False,,0.409,0.442,0.495,0.664,80.675
1XcQZeVp3rTrwlNEZEI42T,Foreverly,['Michael Quest'],213920,2008,False,,0.473,0.214,0.823,0.19,145.06
0ShQ9slyvXv9EA6oJrbAt7,Siroon Acher Ooness - Armenian,['Michael Quest'],152253,2008,False,,0.7,0.654,0.276,0.726,115.836
30zT4NOEzlg0g24f6lFMDc,I Just Did - Duet,"['Michael Quest', 'Stacie Andrade']",170773,2008,False,,0.5720000000000001,0.168,0.685,0.273,123.96799999999999
7bkWkKe0EHHA2ufMtrhLwH,Estoy Aquí (I Am Here),['Quetzal'],323507,2019,False,,0.593,0.73,0.195,0.575,92.376
7oxk2Uqtb4z7US6V8Lrpgl,Qué Estás Haciendo - Resmasterizado,['La Lupita'],239213,2018,False,,0.349,0.988,0.00105,0.644,136.474
73BtjSEg2Yq62LDDCVepZA,Queen of the Damned,['Vintergata'],246000,2018,False,,0.413,0.9590000000000001,5.16e-06,0.29,159.966
0RlhISDFsihgY8eoTS7XfR,Quintessence,['Borknagar'],332107,2004,False,,0.3,0.878,0.00644,0.23600000000000002,161.92700000000005
15XJNGzAWGTVoGTjTMNhhm,QUICK,['Amniotic'],282865,2019,False,,0.789,0.7190000000000001,0.000204,0.7829999999999999,135.001
39qTXRJZd7omJi2KZCd0nJ,The Force,"['Aim', 'Qnc']",245947,1999,False,,0.922,0.701,0.0128,0.54,101.99600000000001
4r5Z0E4EGbaDni0sX4cBwG,Quisiera No Pensar,['PXNDX'],203133,2003,False,,0.498,0.983,0.00402,0.319,105.535
3mUNkfhzFVNRelkxaIxhUW,Quién Dice,['Marcos Menchaca'],229480,2019,True,,0.6829999999999999,0.48200000000000004,0.45899999999999996,0.349,139.974
2MZTNdUIqtnvdDnmMtMguf,Quit You,['Jamrose'],216467,2009,False,,0.69,0.7290000000000001,0.255,0.5329999999999999,75.092
6uifDj4JeLI8LD2ZJF2YdF,Quiero Volver,['Boikot'],172547,2012,False,,0.439,0.983,0.00592,0.5710000000000001,179.893
4rkB82o43lGSU26MjjmRjE,Que No Nos Vengan a Engañar,['Boikot'],176533,2012,False,,0.6509999999999999,0.95,0.005379999999999999,0.439,107.48899999999999
0R0QGirF8HW2YWolJbnFkl,Quetzel,['TTNG'],37293,2008,False,,0.289,0.00606,0.7829999999999999,0.39899999999999997,132.954
7pgr9Vz37gSQE8huW1eviO,Quiz,['cupcakKe'],138072,2018,True,,0.731,0.828,0.228,0.4,166.16299999999995
3vOiHwHAOWWIvmUsGpkSwW,Quick Thought,['cupcakKe'],205872,2017,False,,0.855,0.488,0.129,0.23,130.035
49ZSQrxbZx8EaHTDzE0gZ9,Qu'est-ce qu'on va faire de moi ? - Live,['Aldebert'],246267,2014,False,,0.266,0.655,0.4370000000000001,0.503,191.63099999999997
2OjIBtuhAOg8GVRD9vvfDb,Quilombo,['Soulfly'],223613,1998,False,,0.39299999999999996,0.971,0.000728,0.23399999999999999,114.04299999999999
6NE3nfhdfhz3N7BsuG9EJC,Only One,['Tribute Quartet'],199133,2019,False,,0.5920000000000001,0.875,0.161,0.542,137.997
7tZMi5TReJrRqFJiaUwjxN,Somebody Tell,['Tribute Quartet'],175853,2019,False,,0.5770000000000001,0.8640000000000001,0.0331,0.631,158.101
3m0J2FQmfH3Ay0pB1x341D,The Stories This Water Could Tell,['Tribute Quartet'],203000,2019,False,,0.708,0.602,0.23800000000000002,0.3720000000000001,132.079
6pwwid9jGVZfpuiOEBrpzz,There's Still Power in The Blood,['Tribute Quartet'],258440,2019,False,,0.46,0.39399999999999996,0.131,0.21600000000000005,123.936
5NoNt4uHKTDpQQvHasaa59,Fear Not,['Tribute Quartet'],188307,2019,False,,0.547,0.841,0.114,0.7190000000000001,170.03599999999997
4GuJDYcuoqAGaQmstnwXac,He Who Counts the Stars,['Tribute Quartet'],270493,2019,False,,0.469,0.446,0.332,0.0748,139.825
0ky8kcKp6QrNAKTiGfoHxN,The Healer Hasn't Lost His Touch,['Tribute Quartet'],250333,2019,False,,0.34,0.445,0.134,0.226,109.876
0iXXLtK83W5fVO3KLPfjwu,Pull Up a Chair,['Tribute Quartet'],194467,2019,False,,0.3720000000000001,0.631,0.205,0.361,169.601
2gOsJ4BwTuNmORCbiwmvBG,Well at the Well,['Tribute Quartet'],186427,2019,False,,0.6679999999999999,0.85,0.168,0.785,142.04
39tmujpgdp0bTP1Hw1kdQQ,Man from Galilee,['Tribute Quartet'],213907,2019,False,,0.34600000000000003,0.268,0.73,0.172,99.64299999999999
4XuFnz1UuZEjESCmF3RKBK,Quasimoto,['Road Runners'],117520,2012,False,,0.38,0.943,0.7120000000000001,0.972,173.137
3uXTGIXat0NApHWZK4kN7Y,Horses,['Ceux Qui Marchent Debout'],232800,2007,False,,0.828,0.585,0.105,0.9620000000000001,117.854
3UZud2Go7LcrZ482hQMG32,Quiet Love,['Whiteheart'],238667,1984,False,,0.228,0.0689,0.738,0.19399999999999998,169.736
51HuSQ3lAnMuZiPu9YBJqN,Something Foreign,"['SiR', 'ScHoolboy Q']",152532,2018,True,,0.598,0.621,0.637,0.573,108.23100000000001
3b8Rwu9PY3UIX0ho1jlfIi,Queen,['SiR'],205618,2016,True,,0.754,0.539,0.0587,0.8690000000000001,88.99600000000002
5Ya6APqWsJmpnGzxiZByiF,Arde,['Quadrafunks'],209429,2019,False,,0.612,0.695,0.183,0.9570000000000001,104.96700000000001
5rC9TSYSDkNxY2yGCugQoI,Questions,['BAYLEY'],224001,2019,True,,0.72,0.7490000000000001,0.5429999999999999,0.84,90.005
0Nql7EJJ3gyrmI0mBIZjcj,Quantum Mechanics,['ZibraZibra'],176440,2013,False,,0.561,0.9159999999999999,0.0129,0.38299999999999995,135.05
2BOuq1ykafpjZksVhCQITY,Billions (feat. Quada),"['Popcaan', 'Quada']",160407,2019,True,,0.561,0.6709999999999999,0.614,0.7140000000000001,70.582
0WHNkm38gETDnG6EPgaxkA,Listen Carefully,['Quezzy The CEO'],115610,2019,False,,0.6859999999999999,0.72,0.127,0.621,111.131
62hdrgsWPKMi6aDeRQyzOk,Attracted to the Bad Boy,['Quezzy The CEO'],242068,2019,False,,0.9079999999999999,0.5920000000000001,0.195,0.41200000000000003,116.12
5dPMkyg0MxUuIO4Dohmc8s,I'm Single,['Quezzy The CEO'],163529,2019,False,,0.634,0.763,0.0896,0.4270000000000001,101.984
1xMX3a7e02SAdqOcNs3C6O,Alone Again,['Quezzy The CEO'],182308,2019,False,,0.745,0.525,0.29100000000000004,0.37,129.959
5vvUNKJeOk32NCE2adrUvw,Don't Give up on Love,['Quezzy The CEO'],115135,2019,False,,0.705,0.5820000000000001,0.841,0.8909999999999999,130.246
0uA2UmcuXkyB4ZFZfaxI2l,That Man Ain't No Good,['Quezzy The CEO'],242409,2019,False,,0.757,0.6629999999999999,0.22399999999999998,0.541,143.126
0vAtHNDqkk4iqG3XkbJqal,The Mind of Mr Wrong,['Quezzy The CEO'],189650,2019,False,,0.69,0.575,0.785,0.5379999999999999,144.043
26E7VaLWMUpVjJi1Xq2rTR,Can't Stand Being Lonely,['Quezzy The CEO'],144000,2019,False,,0.779,0.555,0.14400000000000002,0.41100000000000003,99.911
3Iwna3fmjXR6RqGT3kshJH,He Ain't Worth Your Love,['Quezzy The CEO'],225738,2019,False,,0.9309999999999999,0.696,0.128,0.439,122.01799999999999
5V4CCGquBgXGiFgoPZQ8pc,Should I Let Him Go?,['Quezzy The CEO'],86531,2019,False,,0.774,0.597,0.293,0.862,72.982
2b45mLTgPhKwNkS9CYK0zf,He Was Never in Love,['Quezzy The CEO'],169149,2019,False,,0.639,0.6829999999999999,0.27899999999999997,0.507,88.265
7nYDmUwCvETwSl9fyUbubL,Gone Forever,['Quezzy The CEO'],121379,2019,False,,0.688,0.48200000000000004,0.9079999999999999,0.6659999999999999,86.83
7B6oJjDykNNmWHhuib978A,Now You Know / Loose,['Don Quez'],205909,2019,True,,0.706,0.725,0.0334,0.445,87.958
0VIFXiVulfnf1hoDCDjvva,Fast Lane,['Don Quez'],170959,2019,True,,0.7959999999999999,0.496,0.11900000000000001,0.23800000000000002,146.023
2eHOU8WAemKFFB7rQ1XYeu,Cycles,['Don Quez'],214737,2019,True,,0.7290000000000001,0.574,0.0572,0.0821,151.935
5N8ShpmwCBnVpPIG7lZ8Um,THUMP,['Don Quez'],163636,2019,True,,0.9109999999999999,0.635,0.000572,0.324,88.025
4HPp0gMWNizoZm24p81WH4,TIM - Remix,"['Don Quez', 'P-Lo', 'Daddex']",224697,2019,True,,0.929,0.309,0.00916,0.11599999999999999,93.99799999999999
2orHLMkwcaK8wWED4fq3OF,Run 4 The Money,['Don Quez'],155700,2019,True,,0.897,0.7390000000000001,0.134,0.523,100.02799999999999
5K9fzwhJTZMf6v7LxCIsT6,Pink Clouds,['Don Quez'],156347,2019,True,,0.7759999999999999,0.45799999999999996,0.5539999999999999,0.303,144.952
6tm7aOggnvs7xP6CKADtvQ,Bite the Bullet,['Don Quez'],145000,2019,True,,0.764,0.506,0.121,0.142,144.025
0wyMdg1aDgnoprZdna7T1v,Que No Quede Huella,['Bronco'],180800,2019,False,,0.763,0.861,0.531,0.963,160.011
5GyHA90yotp77JFAUlphro,Que Te Han Visto Llorar,['Bronco'],193205,2019,False,,0.583,0.716,0.11800000000000001,0.581,78.055
0nvGGFz1CLlGBxP2V0WNiw,What Have I Done to Myself?,"['Duncecap', 'Quelle Chris']",157627,2019,False,,0.488,0.648,0.33399999999999996,0.8220000000000001,98.762
0a8Eibntuy16tENMY2MFpg,Quarry Bends,['Tsone'],160317,2019,False,,0.14800000000000002,0.466,0.96,0.159,91.346
4epwFsvNqufcULkxrF5dVC,Intro,['Q Money'],9766,2019,False,,0.0,0.272,0.866,0.0,0.0
47vFgyX0oU8AEA9K8sVTvh,Knee Deep,['Q Money'],134839,2019,True,,0.8059999999999999,0.626,0.14800000000000002,0.4370000000000001,135.97
3K0lS5gubdHZPYd1Kb35eZ,Whole 100,['Q Money'],163213,2019,True,,0.872,0.5589999999999999,0.369,0.78,130.003
2ztwbX2gomQrdyo12BHyh5,FuQ It Up (feat. 24 Heavy),"['Q Money', '24 Heavy']",114460,2019,True,,0.866,0.6659999999999999,0.45,0.9259999999999999,135.99
77jxPIEULGnQuFFu5XERXI,Pop Shit Now,['Q Money'],162661,2019,True,,0.758,0.51,0.115,0.504,130.086
5VrIC4pW8EvwxVPfpnt66K,Sippin' (Patron),['Q Money'],148797,2019,True,,0.778,0.653,0.0311,0.467,142.033
6uSGeDqn2TK7XYPLSk7IU1,Dripp Wave,['Q Money'],179663,2019,True,,0.905,0.42,0.0289,0.11800000000000001,130.011
77c0D0swSrVGZvPLRjHZux,How You Gon Hate,['Q Money'],195211,2019,True,,0.9540000000000001,0.725,0.10099999999999999,0.8590000000000001,132.031
4BMSrmhnUbW09UKYc4rBav,Tripp Today (feat. YFN Lucci),"['Q Money', 'YFN Lucci']",185977,2019,True,,0.8390000000000001,0.762,0.0848,0.7509999999999999,135.04
75MKgJ3tvD0XCMaAHWlid7,Like Me,['Q Money'],181396,2019,True,,0.6779999999999999,0.6509999999999999,0.447,0.494,139.967
6zS5xo39XuJQ09MOHNjwq1,World On My Shoulders,['Q Money'],169840,2019,True,,0.688,0.682,0.312,0.218,75.499
6xfTZmDehOwmKt61GUg8eY,Quem ama é que faz,['Daniel'],229453,1998,False,,0.414,0.655,0.435,0.413,78.413
09yW37r0xMDrJeC4GgAY7D,FNs & Blixkys (feat. Quin NFN),"['22Gz', 'Quin Nfn']",139241,2019,True,,0.904,0.7759999999999999,0.45899999999999996,0.8740000000000001,131.02100000000002
4hOc1sGBfxFqO7UFs0vFEj,"Questions, Pt. 1",['Icicle'],312000,2020,False,,0.24600000000000002,0.823,0.00465,0.613,96.01799999999999
5WhTiriJ2iHh9Ln1AiHMrB,"Questions, Pt. 2",['Icicle'],259955,2020,False,,0.605,0.899,0.0418,0.542,93.007
4vGWyNHyhNS44QXXwxaLRV,"Big, Blonde and Beautiful",['Queen Latifah'],155307,2007,False,,0.609,0.8340000000000001,0.105,0.705,102.09200000000001
4g9p5kWDHAR3Vg2YRQwQDv,I Know Where I've Been,['Queen Latifah'],253227,2007,False,,0.28600000000000003,0.493,0.629,0.24100000000000002,173.55599999999995
0mD0bi4kxvKYJh8stjNN8G,Quiero,['Lunay'],190333,2019,False,,0.67,0.82,0.109,0.531,90.012
4EAKicqGP81BT156YBITOK,"Big, Blonde and Beautiful",['Queen Latifah'],155307,2007,False,,0.609,0.8340000000000001,0.105,0.705,102.09200000000001
0DnIKj7ePApJpvE4rhL3Ac,I Know Where I've Been,['Queen Latifah'],253227,2007,False,,0.28600000000000003,0.493,0.629,0.24100000000000002,173.55599999999995
5ZDOidQYwSMC1H6mctTcbE,Silence Calls The Storm,['Quo Vadis'],302960,2004,False,,0.5579999999999999,0.9129999999999999,8.44e-05,0.34299999999999997,110.054
2bmO2uF8ZtlAPbYUxXranD,In Contempt,['Quo Vadis'],215787,2004,False,,0.5489999999999999,0.973,5.8399999999999997e-05,0.462,109.934
5sKBk65GJK0ECifSY8SbTa,Break The Cycle,['Quo Vadis'],365240,2004,False,,0.489,0.9109999999999999,2.44e-05,0.267,138.07399999999998
6nd2tSS6QuoC5N9HBLb13c,Tunnel Effect (Element Of the Ensemble IV),['Quo Vadis'],339053,2004,False,,0.5710000000000001,0.958,1.65e-05,0.505,109.959
3yEM5O1TAvkYP4J7LZiZB9,To The Bitter End,['Quo Vadis'],419360,2004,False,,0.556,0.96,1.58e-05,0.43799999999999994,103.992
3k1ffnoykrae4Pz8mDJHos,Articulo Mortis,['Quo Vadis'],67200,2004,False,,0.188,0.268,0.875,0.36,82.694
7mf8AtnYOMP9Hcv0vRuAYO,Fate's Descent,['Quo Vadis'],275520,2004,False,,0.5379999999999999,0.966,0.000161,0.501,109.90299999999999
5LIfeMpqX13Zq9r6kCvWU5,Dead Man's Diary,['Quo Vadis'],325893,2004,False,,0.585,0.835,1.74e-05,0.499,110.01100000000001
3StNDfZ4uWf8UzbGvnEWRc,Ego Intuo Et Servo Te,['Quo Vadis'],51547,2004,False,,0.625,0.27899999999999997,0.924,0.555,111.986
1N3cv5EePV3c0yVNmdwqh1,Journey to Earth,['Quantum Fantay'],380720,2014,False,,0.39,0.741,0.00466,0.162,80.055
1OQKke1CD4ay27juGXwFM3,Azu Kéné Dékké Leppé,['Quantum Fantay'],320747,2014,False,,0.457,0.657,0.198,0.634,139.934
1nUVx72R93oRSss1Yc4BJg,Desert Rush,['Quantum Fantay'],443467,2014,False,,0.371,0.8420000000000001,0.0297,0.57,184.003
4dPiQMQC6uYhYqO7AeYgW6,Aargh,['Quantum Fantay'],282067,2014,False,,0.405,0.617,0.0145,0.316,135.03799999999998
04AIBuAKHR9hvXNbU1r7AT,Instant Karma,['Quantum Fantay'],656800,2014,False,,0.317,0.614,0.0254,0.237,119.97200000000001
1GcSGlmSXqAJGiygXIYz2w,Chopsticks and Gongs,['Quantum Fantay'],367333,2014,False,,0.368,0.7440000000000001,0.0021899999999999997,0.33799999999999997,179.89700000000005
67Kk7JkhrxhsQtXDFJQc32,Indigofera,['Quantum Fantay'],322533,2014,False,,0.573,0.716,0.0444,0.17800000000000002,120.027
4VAz6xGbK7iT06y5JUTv8o,Yah Roste Fooroap,['Quantum Fantay'],484013,2014,False,,0.429,0.526,0.0275,0.39,130.033
6LCI2c9TRYzzCwjput3lNS,Cowdians,['Quantum Fantay'],604813,2014,False,,0.534,0.625,0.0548,0.36,129.991
11X5xUq8oJfjG28IqYGy5Y,Journey from Earth,['Quantum Fantay'],347307,2014,False,,0.21899999999999997,0.648,0.00379,0.107,160.039
765XHj7Hs5MlAGGlgok7O2,If Not Him Then Who,['Queen Herawin'],171677,2019,True,,0.349,0.856,0.0257,0.371,147.295
4JGLLOaoKYe8gcr1vBryCd,The Me from Within,"['Queen Herawin', 'Brian Marshall']",194873,2019,True,,0.271,0.83,0.33899999999999997,0.5760000000000001,64.314
3GJm8P3Raq0vD5H4xqLObd,Want It,"['Queen Herawin', 'BEE-RAW']",243278,2019,True,,0.706,0.84,0.009470000000000001,0.552,159.968
1fnxzSPnIXX1RQY3EUPViY,100 Pills,"['Queen Herawin', 'PassDaGin Jankens']",232647,2019,True,,0.7859999999999999,0.8390000000000001,0.0201,0.395,130.02700000000002
2k8dEXCA5BraAbyWK5NhyG,Itha Lqalb,['Qideyt'],187411,2020,False,,0.609,0.784,0.13,0.46399999999999997,115.04700000000001
02YHtPNqVoFPC9kFnbpHff,Your Love,['Quartz'],487293,1999,False,,0.5539999999999999,0.898,0.00018700000000000002,0.851,169.998
0llQUOck5lb3AXYYRgIK5S,Your Love,['Quartz'],487293,2002,False,,0.5539999999999999,0.898,0.000188,0.856,169.997
51rE8pHqEYpO32FskOVTFj,Queda,['Pandora'],249000,2013,False,,0.562,0.527,0.0743,0.316,127.95700000000001
3krX3K51llGlasKMbzzZ0B,Quién Eres,['Pandora'],204000,2013,False,,0.606,0.52,0.0425,0.255,129.916
2lM4ruSTLFoijkn1SgQ1gV,Quarantine,['Chuuwee'],152571,2020,True,,0.857,0.654,0.0491,0.768,139.934
1T8dpRxLKSfwew8Hcn1ssj,Quick To Judge,['Money Man'],174567,2020,True,,0.755,0.5670000000000001,0.0295,0.598,175.98
7vut1lpt7vncPggPW2Ho2q,Laughing At Your Expense,['The Quiet Room'],236307,1997,False,,0.561,0.7170000000000001,6.38e-05,0.424,105.943
6S7edROmg1gjT6Fnz5VJSP,A Different Scene,['The Quiet Room'],286467,1997,False,,0.312,0.746,0.000398,0.444,98.12299999999999
1Xaeq1aQCrmk1DYutDq2ir,Quiet Houses,['Fleet Foxes'],212253,2018,False,,0.569,0.662,0.0275,0.545,109.88
08SXPaYsQYhOyi4BnVf738,Crash Course in Life,['Quasarborn'],279680,2018,True,,0.478,0.993,3.54e-05,0.191,115.015
4tJumShPgjuo6Yt4Ft1QPE,Toys in the Attic (Introduction),['Quasarborn'],57027,2018,True,,0.65,0.7829999999999999,0.4370000000000001,0.0436,79.714
05207NYmxP0rJcJB1PNuFE,The Underdog League,['Quasarborn'],389293,2018,False,,0.489,0.988,6.99e-05,0.145,105.044
1bX4grPJNSjhwbKf92jV0e,A (Suicide) Letter to Humanity,['Quasarborn'],335867,2018,True,,0.521,0.981,8.27e-05,0.121,107.507
3w7Cb1z1PmtD9rfSzvyBF9,Blood Honey,['Quasarborn'],217827,2018,False,,0.505,0.973,4.0799999999999996e-05,0.221,99.975
6Bb2Gg4kek0MmGUuoQAggg,No Mustapha Mond,['Quasarborn'],226320,2018,False,,0.45399999999999996,0.993,2.34e-05,0.19,114.99600000000001
7e2Z5iPba5FZD3Yhfb9Tjx,Château D'if,['Quasarborn'],279467,2018,True,,0.515,0.9840000000000001,0.000283,0.212,108.01299999999999
38Jzv4Ow5KjKnRZ1OyF4dd,Transcendence,['Quasarborn'],202253,2018,False,,0.321,0.731,0.0959,0.124,107.973
3WITvjfUUa5r8ckmEhAh45,Escape into Reality,['Quasarborn'],219813,2018,False,,0.452,0.993,1.07e-05,0.114,129.815
7347PVcXweZhLUjnOpQ44N,Danse Macabre,['Quasarborn'],302227,2018,False,,0.475,0.99,2.57e-05,0.0705,100.042
2nLQ33zcnCGorz9ktDUkKi,The Odyssey to Room 101,['Quasarborn'],479787,2018,True,,0.33,0.991,3.13e-05,0.155,179.921
7Fz4O9Tmy6kudlxLFElgSg,Mamula,['Quasarborn'],230227,2020,False,,0.48100000000000004,0.987,4.83e-05,0.26899999999999996,95.03200000000001
1fG3X2PQxYCdHeoT7bmkRM,A Pill Hard to Swallow,['Quasarborn'],289253,2020,False,,0.435,0.98,0.000686,0.171,166.05
0dII56z3ndvPLo3zK1Pk5R,Bastion,['Quasarborn'],330667,2020,False,,0.5429999999999999,0.993,0.000793,0.264,115.984
45xAyzxaRBiobNuRTUbSpm,Identity Catharsis,['Quasarborn'],221840,2020,False,,0.326,0.991,0.000152,0.34700000000000003,200.042
4UmjAHoIYRFzkMZgAviXiF,Atlas,['Quasarborn'],295467,2020,False,,0.379,0.996,0.0005650000000000001,0.139,198.99900000000002
4CCunYlbFG3yHFYfdi7GPY,Nothing,['Quasarborn'],318053,2020,False,,0.456,0.9740000000000001,0.00035,0.245,167.972
1WH0VoyUBy8mpMVy2q78XD,Stalemate with Suicide,['Quasarborn'],549133,2020,False,,0.39799999999999996,0.9790000000000001,0.0009689999999999999,0.0791,180.024
0XLADZB1scP5jeqS2j8zQK,The Ascent,['Quasarborn'],81773,2020,False,,0.527,0.861,0.0727,0.242,141.09
5Qp1qcJGujs5VUMf3ws8u7,Clouds,['Quasarborn'],274213,2020,False,,0.484,0.9890000000000001,0.00195,0.135,95.006
4MDLJnl06bjXxREvHWqbIB,The Humbling,['Quasarborn'],372827,2020,False,,0.425,0.973,0.000424,0.182,164.982
2dydiBaFwn71dcEL2CXniF,Blood Honey,['Quasarborn'],222361,2018,False,,0.39399999999999996,0.9690000000000001,3.4200000000000005e-05,0.32799999999999996,200.01
7mAE9O7FH9hu9WFO2PkDEF,Quick Chat,['Greeley'],21278,2020,True,,0.606,0.20600000000000002,0.826,0.9440000000000001,189.291
57J8i6Gg5dh9I9GnnJzPu0,Quand le soleil dit bonjour aux montagnes,['Jordane'],165825,2020,False,,0.6629999999999999,0.249,0.596,0.249,118.182
2Eq7i9Bez6CBhjo2xayIky,Can't Bring Me Down,['Quintino'],168000,2019,False,,0.696,0.7929999999999999,0.0116,0.374,110.061
7zja9fbDnrZmSV5hQLZ08C,Epic - Garmiani Remix,"['Sandro Silva', 'Quintino', 'Garmiani']",152344,2019,False,,0.7490000000000001,0.9890000000000001,0.0051,0.0519,127.985
2KmiztpySm3GLLAq0t2N5Z,TUTUTU,['Quintino'],160508,2019,False,,0.7709999999999999,0.95,0.0195,0.213,128.036
7hrKJZNrZNhL45tGnpwFFe,Quand le soleil dit bonjour aux montagnes,['Jordane'],165825,2019,False,,0.6629999999999999,0.249,0.596,0.249,118.182
5EPie3fRnzVKsAeJLP4PrV,Can't Bring Me Down,['Quintino'],168000,2019,False,,0.696,0.7929999999999999,0.0116,0.374,110.061
3LTxRXhu1qxpLyxPktXCSr,TUTUTU,['Quintino'],160508,2019,False,,0.7709999999999999,0.95,0.0195,0.213,128.036
5KwFZyUXYV1eDEupcqJuNK,Reckless,"['Hardwell', 'Quintino']",148125,2019,False,,0.618,0.9740000000000001,0.00302,0.11199999999999999,128.028
5xXr7BJPsgboenv4nKKTDb,Make Believe,['Quintino'],194531,2019,False,,0.5870000000000001,0.882,0.03,0.0653,127.97
5we8brUJv1CCYeN6wZs66W,Love Like This,['Qubiko'],212811,2020,False,,0.745,0.9259999999999999,0.00561,0.7,128.045
3j4Gky0qnA7BdxRtwZL49Z,Tell Me - Qrion Remix,"['Giraffage', 'Qrion']",259404,2015,False,,0.898,0.546,0.22399999999999998,0.423,114.977
6Xhyp79bXd9pxWE4Ak0uSf,Queen,['Ynx716'],135672,2020,True,,0.502,0.799,0.46399999999999997,0.672,80.75399999999998
1z2rWe9iHu9agoDqrFDeGM,Perry Talks,"['Elijah Quinton', 'Perry Prescott']",108014,2020,True,,0.512,0.716,0.9159999999999999,0.4970000000000001,78.648
6xQgkotl2wBEMK0JVphZZk,Just Breathe,['Elijah Quinton'],153620,2020,True,,0.386,0.826,0.499,0.28600000000000003,75.001
7doavfddWQI86OJMGrVaBr,1 Thing,"['Elijah Quinton', 'Johnny Vudoe']",214625,2020,True,,0.624,0.615,0.368,0.887,84.823
2XoyEikopouM2jn6ENw2r7,Soul,['Elijah Quinton'],162875,2020,True,,0.8390000000000001,0.344,0.0576,0.16899999999999998,76.998
4XMyB7UoS97qWp5EwlEp9F,With You,"['Elijah Quinton', 'Jinsol']",138389,2020,True,,0.605,0.652,0.308,0.284,111.066
3ZxOTbm3LLq9m22JIMSIAo,All to Me,"['Elijah Quinton', 'Perry Prescott']",188596,2020,True,,0.429,0.757,0.0678,0.32899999999999996,168.083
6FJRd6UsmbhdZeG4xLNc4t,Holy Water,['Elijah Quinton'],135481,2020,True,,0.519,0.81,0.626,0.41,84.896
1zMnKqAOrJVnJH3EOwhs0k,Twenty20,['Elijah Quinton'],117611,2020,True,,0.377,0.414,0.685,0.736,160.164
53gtUcW3pSrZS5SdYyboPJ,Queen of Hearts,['Void Vision'],286070,2014,False,,0.526,0.8190000000000001,0.00132,0.527,124.971
6dxfSuds8OTSAmxnq4S3Qh,Questions,['Tamia'],206267,2019,False,,0.626,0.375,0.703,0.48,79.945
5fXCsxVsE4q4Yz92QtrUKv,Piltdown Man,['Frances Quinlan'],195368,2020,False,,0.379,0.275,0.889,0.349,162.007
0v1HLr2tYne2lyvPyPQNMj,Your Reply,['Frances Quinlan'],259075,2020,False,,0.73,0.64,0.7340000000000001,0.71,140.009
1foYX7dSpnVcwhzOviqdRL,Rare Thing,"['Frances Quinlan', 'Hop Along']",210705,2020,False,,0.8190000000000001,0.7040000000000001,0.37799999999999995,0.718,120.00200000000001
0n3BKRa5yyMQHZwJVPNZT0,Detroit Lake,['Frances Quinlan'],202135,2020,False,,0.593,0.275,0.81,0.321,110.693
2Rg1gkU3rGek4kKXhkkVQm,A Secret,['Frances Quinlan'],280076,2020,False,,0.7879999999999999,0.249,0.7809999999999999,0.24600000000000002,126.027
3fPlwDSXXLZUgYlE9hRHGn,Went to LA,['Frances Quinlan'],236416,2020,False,,0.5489999999999999,0.318,0.8029999999999999,0.27899999999999997,144.019
0z6YbAfWIIPEufi9BI8rV3,Lean,['Frances Quinlan'],231841,2020,False,,0.642,0.316,0.6,0.34600000000000003,113.97200000000001
7x0hCvXMbWRPzaWIKqBecZ,Now That I'm Back,['Frances Quinlan'],198543,2020,False,,0.637,0.499,0.8690000000000001,0.345,112.29700000000001
3FddnagHpKhBGalbXNSKab,Carry the Zero,['Frances Quinlan'],263451,2020,False,,0.736,0.35,0.527,0.599,91.991
0UgzZJu53hlCMLnf38cNFx,Testimony,['Queen Drie'],215510,2020,True,,0.725,0.535,0.48100000000000004,0.909,98.021
4LVkugzAz1hu1aVMniBWKI,Quietly Waiting,['Odyssey'],332640,2010,False,,0.38799999999999996,0.397,0.779,0.0464,119.712
5BJTdgW7LxbWdxsEDloJWw,Itha Lqalb - Remix,['Qideyt'],196000,2020,False,,0.698,0.8959999999999999,0.0338,0.526,119.991
0Xx3RMuloOpBzczEiRvkTh,7 O'clock,['The Quireboys'],218373,2017,False,,0.555,0.867,0.094,0.871,114.56200000000001
1n7lwMw5ByZN2ej0OR6QvU,Shake,['G.Q.'],305440,2011,False,,0.7340000000000001,0.616,0.13699999999999998,0.951,111.586
4X1wmAD2GODKBuvoC1ysC7,You Put Some Love in My Life,['G.Q.'],225560,2011,False,,0.7509999999999999,0.48700000000000004,0.0796,0.9279999999999999,89.821
7n5f3oam1CqB9WTIncB3F7,Shy Baby,['G.Q.'],246773,2011,False,,0.691,0.667,0.221,0.772,114.869
5ZrISP5jN9ygo0XpuokyXx,Sad Girl,['G.Q.'],187147,2011,False,,0.484,0.483,0.47100000000000003,0.5720000000000001,167.46599999999995
55Mqimu2FyU5sPH9RFLTvj,I Love (The Skin You're In),['G.Q.'],294787,2011,False,,0.723,0.565,0.064,0.948,106.931
4c8O3ursrQiaTCztRi9f3u,Boogie Shoogie Feelin',['G.Q.'],331960,2011,False,,0.8,0.698,0.0232,0.9640000000000001,131.861
19FkptUoxPj3xtpL5cCrTm,Dark Side of the Sun,['G.Q.'],309920,2011,False,,0.523,0.363,0.327,0.446,137.123
1rxGMeAeKe1gEs5FNFa33D,Face to Face,['G.Q.'],276720,2011,False,,0.693,0.6559999999999999,0.249,0.843,97.883
4ZWqOGeepxrpXrK0ZgDuYY,You've Got the Floor,['G.Q.'],312160,2011,False,,0.741,0.623,0.0921,0.882,119.00399999999999
0hodvHbLzypOTHxToCPMFx,Try Smurfin',['G.Q.'],313427,2011,False,,0.722,0.506,0.25,0.865,108.023
4sdCEU8XipIuuLfNrI4uQR,I Don't Love You Anymore,['The Quireboys'],301747,2019,False,,0.5489999999999999,0.452,0.0745,0.446,134.81799999999998
5etKNzttNvpre0OwXmC33Y,Garden Wall,['Quin Galavis'],230081,2017,False,,0.452,0.769,0.38299999999999995,0.374,137.886
2IJJwhqCFN4RyXUkjeosl9,No Return,['Quin Galavis'],191239,2017,False,,0.297,0.865,0.008579999999999999,0.539,177.47099999999998
7fLwqCA5ixUzZhqDZWcBtv,Any Head,['Quin Galavis'],218201,2017,False,,0.24600000000000002,0.769,0.0115,0.46299999999999997,175.928
5yuiszrTpvjLlbY1gXSVc6,Paul's Phone Is Dead,['Quin Galavis'],236727,2017,False,,0.348,0.67,0.552,0.361,167.34
626VI2dQPxPwjlt7s4nL6J,Bleed With Me,['Quin Galavis'],235521,2017,False,,0.45399999999999996,0.5920000000000001,0.536,0.528,82.83
4osJbbo2sDMYDZpp3teGMk,Faces in the Crowd,['Quin Galavis'],197633,2017,False,,0.55,0.852,0.34600000000000003,0.815,133.94799999999998
5TRDm2OqAhsfhZB75bBZlo,Guiding Light,['Quin Galavis'],271413,2017,False,,0.41,0.8009999999999999,0.268,0.513,135.458
51jqs8Q9oggjRaL3n8ctTW,Question,['Quin Galavis'],248173,2017,False,,0.423,0.735,0.45299999999999996,0.736,144.52100000000004
01DLTLeRDk1njRbA3iuMAh,Please Plead,['Quin Galavis'],225064,2017,False,,0.345,0.665,0.531,0.349,169.10299999999995
6JI7C6plzZzy5qmTuCqwU4,We Are Good Here,['Quin Galavis'],297709,2017,False,,0.479,0.384,0.873,0.231,137.52100000000002
5aJAD5ZGcasIMPVFPbzaso,Quiet,['Hypnogaja'],171880,2005,False,,0.43,0.0704,0.985,0.266,176.071
1EPVe8pxaOpgWxXXknemG4,Que se joda el viento - Directo 2008,['Marea'],270200,2008,False,,0.54,0.948,0.0154,0.44299999999999995,130.234
0r2rv9ZCS8V6DsU2b10dAU,Mil quilates - Directo 2008,['Marea'],228387,2008,False,,0.435,0.924,0.0246,0.585,164.361
1lipvihKAOEZ6zWBWn5wUt,Hand of Light,['Quin Galavis'],302013,2016,False,,0.22399999999999998,0.579,0.322,0.0395,145.602
03k00zK55UUuWUcOvkWS45,Manuel's Rose Garden,['Quin Galavis'],300987,2016,False,,0.47700000000000004,0.78,0.0673,0.261,104.306
1GLKL3jWySH6XckDBORLnt,A Disturbing Face,['Quin Galavis'],165987,2016,False,,0.371,0.256,0.909,0.0833,115.568
0jZ6q9setg8sum6UZojSMR,Vile and Disgusting,['Quin Galavis'],304013,2016,False,,0.255,0.402,0.221,0.0388,138.571
6JmUy0e2lxyOMXyX9CGXl5,Hands of Death,['Quin Galavis'],237960,2016,False,,0.56,0.391,0.7829999999999999,0.223,105.035
6PKJEEOUzb0JjtmfO4lUHF,Can't Erase,['Quin Galavis'],166013,2016,False,,0.457,0.59,0.12300000000000001,0.456,144.21
1N1FgTJpbyxkz9rLO6oVZJ,Terrific Failure,['Quin Galavis'],182987,2016,False,,0.396,0.544,0.588,0.17800000000000002,73.681
1LCjHljlL8cRcKbIM3wonD,Dead Born,['Quin Galavis'],121453,2016,False,,0.337,0.99,0.0224,0.0393,189.755
3Dz2YwQf399f6rtnL5hwuQ,Distaste,['Quin Galavis'],264040,2016,False,,0.5,0.589,0.22899999999999998,0.616,176.017
2UjwKFewQuEZhV4DQMpKzd,Glorious Man,['Quin Galavis'],126187,2016,False,,0.381,0.759,0.019,0.23199999999999998,82.01899999999998
2H6BC8iyPnKkbGkK32Jb8r,Evermore,['Quin Galavis'],193787,2016,False,,0.392,0.898,0.00818,0.34,162.082
2CozCa4ORoNk5zbl8IFdMs,Turn You In,['Quin Galavis'],212573,2016,False,,0.319,0.591,0.00914,0.172,90.791
4z5fvjqTC1GuunNLY7XM95,Hate,['Quin Galavis'],200427,2016,False,,0.0907,0.988,1.99e-05,0.0973,168.513
1gu2wBYOb1yWyzhvpylSAo,Be Patient,['Quin Galavis'],190973,2016,False,,0.474,0.627,0.000393,0.15,80.33
01GJkb20VuhAAcAFfrWkZp,A Gift for Salt,['Quin Galavis'],287107,2016,False,,0.21100000000000002,0.162,0.855,0.0513,166.831
7qmCjxnqmkOeDwnBWahM20,Powell's Rose Garden,['Quin Galavis'],315907,2016,False,,0.174,0.212,0.8370000000000001,0.0347,70.32600000000001
4MWCnJQEngl8iK7qvf4mZN,Idumea,['Quin Galavis'],198653,2016,False,,0.0782,0.26899999999999996,0.8420000000000001,0.0508,80.416
0ORfgktd0rrHWPExG40Nge,Tree Burning,['Quin Galavis'],295560,2016,False,,0.61,0.47100000000000003,0.247,0.209,114.014
0lVLuhBo20mZPV6dDm7i4h,Those Little Dreams,['Quin Galavis'],180027,2016,False,,0.618,0.584,0.44299999999999995,0.557,99.088
2yx7sjmvavq3t7bTOd8kyT,Wake Up,['Quin Galavis'],260360,2016,False,,0.3720000000000001,0.225,0.8270000000000001,0.247,114.98700000000001
05oGFqTg9dzZT2CywZiCAo,Roses & Rings,['The Quireboys'],252987,2017,False,,0.556,0.718,0.0453,0.809,132.71
18F9xO8McVjWAMeFewOPOW,Theme 1 (Universal Disadvantage),['Quin Galavis'],343899,2019,False,,0.484,0.584,0.512,0.107,94.044
2Ajmx6jbEcyA2X4K0mze1K,Our Loved Ones (I Don't Know What I Actually Said),['Quin Galavis'],196075,2019,False,,0.322,0.9670000000000001,0.00645,0.442,160.155
02wKyVCIsq6aR9eDvOfcdn,Not Aware (I'm Sorry),['Quin Galavis'],152503,2019,False,,0.44299999999999995,0.746,0.0879,0.774,153.968
2pxnyf1Dr1E3RnBHHCVpZd,It's Golden (Don't Take Anything Back),['Quin Galavis'],247227,2019,False,,0.534,0.532,0.196,0.45899999999999996,141.929
5tM9zXVZh3pPFnWI9kj2MM,This Real Home (They Have to Lie to Maintain a Lie),['Quin Galavis'],323299,2019,False,,0.365,0.66,0.0798,0.08800000000000001,129.868
25pSZUyzujdm2EKAwdua2P,Burn the Room (Just Go Away),['Quin Galavis'],280008,2019,False,,0.584,0.73,0.0346,0.9209999999999999,141.977
0BhpXrQlafxco27UFJrYKA,What It Takes (Mornings Were so Much Easier),['Quin Galavis'],235806,2019,False,,0.457,0.9009999999999999,0.0011099999999999999,0.857,74.975
70ugTuzpkmwVjWzwt4bVLQ,Thunder (It's Frustrating Not Feeling Anything),['Quin Galavis'],229054,2019,False,,0.42100000000000004,0.943,0.00199,0.292,134.95
1E2CCKku6iL7O3ex90t1Pe,Anthem (You Don't Owe Me),['Quin Galavis'],192577,2019,False,,0.43799999999999994,0.9079999999999999,0.00744,0.654,164.959
5jXdET6kMxlQytWeOIPJnY,This Water (I Promise I Will Remember You),['Quin Galavis'],241766,2019,False,,0.218,0.396,0.966,0.38799999999999996,140.026
4EdlWJEYdyNWVXZndvCnYF,Quantum Vacuum,['UpsidedownOJ'],386000,2017,False,,0.5920000000000001,0.872,0.11699999999999999,0.235,120.022
6bhHEu7cdf9CceVZVWYQNK,Queen B,['Puscifer'],235813,2007,False,,0.606,0.885,0.00373,0.5479999999999999,102.206
0zklzi4nrcFMc2ki6uvXyj,Me to Me,['Quin Galavis'],224870,2017,False,,0.711,0.532,0.0528,0.39899999999999997,121.36399999999999
4VVEXYQiY3I0QOcsUGm6X6,Invasion,['The Quinsy'],331107,2018,False,,0.602,0.7040000000000001,0.0029,0.516,110.01700000000001
27u3Rh4IWYPdwVST20ALrt,One Love (feat. Q-Tip),"['Nas', 'Q-Tip']",325653,1994,True,,0.765,0.687,0.21600000000000005,0.813,92.87299999999999
7Dm93PAKOiMzCgzS71KYQ1,Quillshroom's Horrors (Quillshroom Marsh),['Rainbowdragoneyes'],133000,2018,False,,0.34299999999999997,0.971,0.0059,0.521,99.98100000000001
36yciB5QxEv2OgJEfynHNb,Mississippi Queen,['Mountain'],150893,2003,False,,0.563,0.737,0.0783,0.593,139.692
0BqHT6bWHTYPpIYrwQsZcp,Metal Health (Bang Your Head),['Quiet Riot'],316867,2003,False,,0.489,0.951,0.0417,0.47700000000000004,121.19
7xrGImGslNNOA4wnmW6GJY,Quietly Waiting,['Odyssey'],261474,2014,False,,0.462,0.721,0.0475,0.264,145.977
73LffgRx2YGY8np2JajymO,Queen of the Lake,['Caratacus'],211225,2016,False,,0.40700000000000003,0.48100000000000004,0.441,0.337,160.076
6L1VsVaEGlLvdInKLvR9xc,Quality,['Maluma'],161311,2020,False,,0.8240000000000001,0.7440000000000001,0.401,0.691,173.96400000000003
5h9NDc8K2yz513B6nxfO88,Quelque chose à propos des raquetteurs,['Hrsta'],226827,2005,False,,0.213,0.0964,0.8170000000000001,0.0302,121.525
7HHVKvvHgH5nZi7H3dw6NC,Billions (feat. Quada),"['Popcaan', 'Quada']",160407,2019,False,,0.659,0.664,0.605,0.745,67.355
7vQLzfuksJ5z6CVQMYjoeV,My Queen,['Maneka'],122066,2019,False,,0.31,0.9640000000000001,0.079,0.037000000000000005,100.223
4TRRq3qOBi5YbwlzaCiryI,Queres Que Eu Dance,['Carlos Costa'],181707,2012,False,,0.687,0.7979999999999999,0.015,0.674,130.034
3MqMCUKXcUORFMOSNmCpaU,Queen of Earthly Delights,['Tomorrowpeople'],326533,1997,False,,0.311,0.8340000000000001,0.0249,0.693,140.03799999999998
5QLtS3ZTGq4rtaBTud3cLg,Hello Tune,['Mister Q'],209880,2015,False,,0.7859999999999999,0.6409999999999999,0.0809,0.9740000000000001,132.009
1oJ1mLyIfS1utB0b6swUBe,Do Your Ears Hang Low?,['Mister Q'],80600,2015,False,,0.695,0.389,0.855,0.85,145.114
5gZViuzfnkVWnHGfkUmfgk,Tiny Tim,['Mister Q'],158280,2015,False,,0.669,0.265,0.815,0.489,88.646
2i27XtbbckHZgRS0U9EiKo,"Hey, Diddle, Diddle",['Mister Q'],165093,2015,False,,0.77,0.64,0.0461,0.9590000000000001,98.21700000000001
0r732IzIb3klbspYkNOg3w,I've Been Working On the Railroad,['Mister Q'],77640,2015,False,,0.556,0.546,0.304,0.879,145.168
2Tf6DcZCOVlFnWTHjCsoHU,Shape Song,['Mister Q'],132360,2015,False,,0.636,0.6920000000000001,0.133,0.748,137.662
6OvjZYMTM9201SPtqBgH6m,Alice the Camel,['Mister Q'],100973,2015,False,,0.7290000000000001,0.599,0.20199999999999999,0.8270000000000001,141.702
5Y4TJxp6yYI47187VOOGYr,Egg Shaker Song,['Mister Q'],159373,2015,False,,0.542,0.505,0.294,0.519,87.37
4y7dmMcMTQaeJhubxxe4ym,Boom De Ah Dah,['Mister Q'],139920,2015,False,,0.56,0.5489999999999999,0.17300000000000001,0.855,128.776
7b1VhmSNUbxh5yFbdR7of5,Down By the Bay,['Mister Q'],138560,2015,False,,0.7140000000000001,0.425,0.6859999999999999,0.534,91.50399999999999
2iad0fiJlRbZRtS3WWPotr,Medley: Pease Porridge / Humpty Dumpty / Old MacDonald / Abc's,['Mister Q'],255960,2015,False,,0.505,0.632,0.309,0.816,171.828
6Ahd4EI4X0MV0LmLopyVgz,Fuzzy Wuzzy,['Mister Q'],43453,2015,False,,0.626,0.623,0.5760000000000001,0.0646,154.033
5YQfyzTQOUz3IGIOodOAY1,"Itsy Bitsy Spider, Pt. 1",['Mister Q'],129667,2015,False,,0.46299999999999997,0.0934,0.89,0.586,121.775
37uxjfyodfohF4cK4QYRT3,Five in the Bed,['Mister Q'],110333,2015,False,,0.69,0.633,0.648,0.862,88.617
5EcqkZBQ6bwP9Z3uEx8dIz,Rocky Road Roller Coaster,['Mister Q'],227733,2015,False,,0.68,0.521,0.365,0.541,147.722
0qXVGhOY6UfgCWcGIQKIxh,Medley: Baa-Baa / Abc's / Twinkle-Twinkle,['Mister Q'],111800,2015,False,,0.508,0.239,0.675,0.52,121.09100000000001
739DOEsObKal8HVQ2LTB02,Goodbye Tune,['Mister Q'],56827,2015,False,,0.7020000000000001,0.217,0.843,0.46,130.722
5hQUbVhtjYMg9MyScUS4k0,Soliloquy,['Sunny Quetzal'],284134,2020,True,,0.687,0.414,0.8270000000000001,0.35100000000000003,133.433
0npNuQeidPmzfgiT76RYHi,Dali,['Sunny Quetzal'],266897,2020,True,,0.655,0.6629999999999999,0.196,0.20600000000000002,87.09700000000002
0Pwc5N37GbYwVhTUDgIDJV,Animal Style / Sunny on the Shore,['Sunny Quetzal'],467114,2020,True,,0.597,0.546,0.529,0.26,74.605
43W8oL0GyR9N5KhucVF6EG,S.W.I.M,['Sunny Quetzal'],366824,2020,True,,0.805,0.466,0.0371,0.408,90.948
7vDFKEZG10kl1IQ2k594x9,Infinite,['Sunny Quetzal'],74757,2020,False,,0.622,0.387,0.8640000000000001,0.188,122.102
6Weu7OvK5ruOKCBfaXXTm0,Flatland,['Sunny Quetzal'],238030,2020,True,,0.785,0.49,0.701,0.385,121.98299999999999
7oM969xurxQSt3ER2bjyfW,Love Bug / Love I Know,['Sunny Quetzal'],418537,2020,True,,0.747,0.46799999999999997,0.414,0.423,82.02799999999998
0fWM0I3U7V6YXhkwREYxwC,Flowers,['Sunny Quetzal'],268916,2020,True,,0.62,0.657,0.522,0.342,82.95100000000002
4lipxC9HGbzNPdSShrkeey,Be. Here. Now.,['Sunny Quetzal'],258939,2020,False,,0.6629999999999999,0.22399999999999998,0.8079999999999999,0.0392,98.90100000000001
5YuNb15b0nXUifMSDLKOrp,Hello World! (Freestyle),['Sunny Quetzal'],382500,2020,True,,0.664,0.664,0.126,0.28300000000000003,79.925
76DiO5LyiOtfUFc4P3edVh,Al Qassam,['Aeternam'],194508,2020,False,,0.479,0.972,2.98e-06,0.27699999999999997,119.999
7zSyXsPfApbAH3wHcKxhQy,Love Me Less (feat. Quinn XCII),"['MAX', 'Quinn XCII']",177337,2020,False,,0.732,0.855,0.0836,0.773,145.036
6O1ddByluVeB4iSzJmpGPo,I Remember Now - 2007 Live at the Moore Theater in Seattle,['Queensrÿche'],96120,2007,False,,0.35700000000000004,0.532,0.479,0.0455,84.066
7kkNC50ZWFRJdi7OhnfHeH,Anarchy-X - 2007 Live at the Moore Theater in Seattle,['Queensrÿche'],98733,2007,False,,0.45399999999999996,0.983,0.0572,0.40299999999999997,110.072
6XBsphahL0zggeLm4MgyMU,Revolution Calling - 2007 Live at the Moore Theater in Seattle,['Queensrÿche'],326587,2007,False,,0.546,0.9390000000000001,0.10800000000000001,0.266,123.948
4VIEaEswTCOs5StZE02n3K,Operation: Mindcrime - 2007 Live at the Moore Theater in Seattle,['Queensrÿche'],291747,2007,False,,0.532,0.9209999999999999,0.192,0.501,110.01899999999999
6Daf6iqAvHVYNjI0Mi0AZt,Speak - 2007 Live at the Moore Theater in Seattle,['Queensrÿche'],238627,2007,False,,0.519,0.986,0.102,0.315,109.186
4Fg5CNx4ThVBd8dRnL9Chx,Spreading the Disease - 2007 Live at the Moore Theater in Seattle,['Queensrÿche'],278200,2007,True,,0.495,0.9620000000000001,0.0195,0.302,99.07
6inY7hYJskuhWFTzFHJw8I,The Mission - 2007 Live at the Moore Theater in Seattle,['Queensrÿche'],406160,2007,False,,0.461,0.895,0.244,0.0872,94.296
5V4h702w6DmjEWqSyMCOIy,Suite Sister Mary - 2007 Live at the Moore Theater in Seattle,['Queensrÿche'],670293,2007,False,,0.226,0.8909999999999999,0.198,0.147,136.865
5hSIEcbIoUjURAwqst6TQS,The Needle Lies - 2007 Live at the Moore Theater in Seattle,['Queensrÿche'],286587,2007,False,,0.305,0.937,0.153,0.115,114.039
5H2XF9pLYewJQsvsGtutKV,Electric Requiem - 2007 Live at the Moore Theater in Seattle,['Queensrÿche'],235907,2007,False,,0.557,0.794,0.307,0.20800000000000002,119.25299999999999
2vYAhAnEvE8SeXF2qM8j0e,Breaking the Silence - 2007 Live at the Moore Theater in Seattle,['Queensrÿche'],273893,2007,False,,0.519,0.922,0.0821,0.608,123.06200000000001
7f3WIvyUtSpAAmjBUuUy25,I Don't Believe in Love - 2007 Live at the Moore Theater in Seattle,['Queensrÿche'],273093,2007,False,,0.523,0.945,0.12300000000000001,0.342,117.99600000000001
1tnEBbnp4UgVurzaiO3NhT,Waiting for 22 - 2007 Live at the Moore Theater in Seattle,['Queensrÿche'],90160,2007,False,,0.28600000000000003,0.5720000000000001,0.951,0.166,119.014
0w59TOp3LHa9AjC1KVw9H3,My Empty Room - 2007 Live at the Moore Theater in Seattle,['Queensrÿche'],204013,2007,False,,0.469,0.39299999999999996,0.828,0.0796,123.13600000000001
4r6GgOzbh4Gei5DJs09I0O,Eyes of a Stranger - 2007 Live at the Moore Theater in Seattle,['Queensrÿche'],491493,2007,False,,0.406,0.9309999999999999,0.0257,0.23600000000000002,105.257
4KhdA87CvjSzOMoDLLJajG,Freiheit Ouverture - 2007 Live at the Moore Theater in Seattle,['Queensrÿche'],117827,2007,False,,0.419,0.867,0.0159,0.374,119.961
40M9jZ6GeWzcuho3UPsDGS,Convict - 2007 Live at the Moore Theater in Seattle,['Queensrÿche'],9733,2007,False,,0.0,0.937,0.845,0.0,0.0
4hyBnU8y6DHfoYd9yq7hbt,I'm American - 2007 Live at the Moore Theater in Seattle,['Queensrÿche'],220507,2007,False,,0.503,0.976,0.0636,0.114,109.964
61QX428MVdunXI1QAI5Y44,One Foot in Hell - 2007 Live at the Moore Theater in Seattle,['Queensrÿche'],277560,2007,False,,0.518,0.9359999999999999,0.0305,0.466,112.976
7sbFZBsrTR5GBHDYsoVYR0,Hostage - 2007 Live at the Moore Theater in Seattle,['Queensrÿche'],288280,2007,False,,0.45,0.878,0.0164,0.359,112.944
4qZJv9mFmsX2H1TzyGpl7p,The Hands - 2007 Live at the Moore Theater in Seattle,['Queensrÿche'],275000,2007,False,,0.515,0.8420000000000001,0.0264,0.424,102.971
37yy5UFndTJ8nYZTfq3WrQ,Speed of Light - 2007 Live at the Moore Theater in Seattle,['Queensrÿche'],192680,2007,False,,0.368,0.84,0.011000000000000001,0.35700000000000004,162.123
6GEgmNocPcOydW2mt645Lj,Signs Say Go - 2007 Live at the Moore Theater in Seattle,['Queensrÿche'],197880,2007,False,,0.278,0.971,0.00897,0.588,83.111
2ny0YbCoExCspVvDCieRBf,Re-Arrange You - 2007 Live at the Moore Theater in Seattle,['Queensrÿche'],190280,2007,False,,0.446,0.89,0.00563,0.501,142.125
22jFLxEO0rmBevPuF65vrI,The Chase - 2007 Live at the Moore Theater in Seattle,['Queensrÿche'],193747,2007,False,,0.429,0.9309999999999999,0.0062,0.565,145.12
7MzwJPHCrq9ediY6kj2WnG,Murderer? - 2007 Live at the Moore Theater in Seattle,['Queensrÿche'],274733,2007,False,,0.45,0.9309999999999999,0.0247,0.26,127.98899999999999
0QqU2pGjupsMpD6NR0IHe2,Circles - 2007 Live at the Moore Theater in Seattle,['Queensrÿche'],199787,2007,False,,0.36200000000000004,0.635,0.163,0.322,94.88
49MIXSIdbAmLHNOtbquPSt,If I Could Change It All - 2007 Live at the Moore Theater in Seattle,['Queensrÿche'],267787,2007,False,,0.305,0.475,0.7959999999999999,0.138,75.975
4A0y0xjkJxmFjQBop1Mhhs,An Intentional Confrontation - 2007 Live at the Moore Theater in Seattle,['Queensrÿche'],154240,2007,False,,0.402,0.8809999999999999,0.00774,0.467,154.003
3jujwAjTWjGYgaDLoH6Bvm,A Junkie's Blues - 2007 Live at the Moore Theater in Seattle,['Queensrÿche'],213960,2007,False,,0.258,0.7340000000000001,0.00815,0.188,171.388
3mCg1wGDqQuU6GwRWFmmiN,Fear City Slide - 2007 Live at the Moore Theater in Seattle,['Queensrÿche'],297560,2007,False,,0.457,0.8390000000000001,0.0457,0.29,128.04
360HcYYEBoIIS29PP8U0R1,All the Promises - 2007 Live at the Moore Theater in Seattle,['Queensrÿche'],357853,2007,False,,0.3670000000000001,0.6,0.732,0.114,131.89700000000002
4unaHihSq9cLY8uCaI6720,Walk in the Shadows - 2007 Live at the Moore Theater in Seattle,['Queensrÿche'],337187,2007,False,,0.344,0.951,0.0204,0.152,104.913
4bewtH0qpua37TYGlqk67s,Jet City Woman - 2007 Live at the Moore Theater in Seattle,['Queensrÿche'],421253,2007,False,,0.419,0.897,0.0298,0.237,109.941
7gmwJc1WQPflxwZv0kQSYT,Tap In,"['QU1NN', 'Natia']",161000,2019,True,,0.688,0.5720000000000001,0.133,0.517,77.665
1L3HnYlbe8WkKnscwSWMjL,Pura Vida,['QU1NN'],137000,2019,False,,0.669,0.525,0.501,0.461,125.61399999999999
2l8nPkrcCt9OJPz7GMB4ev,Where I'm From,['QU1NN'],152727,2019,True,,0.684,0.51,0.265,0.515,87.74799999999998
2082AVzf0uy8A5gf1KnMwB,Enjoy the Ride,['QU1NN'],168773,2019,False,,0.586,0.483,0.6559999999999999,0.628,76.33
1N53KDJBPMzXQRC7ddBhnu,Can I Live?,['QU1NN'],177881,2019,True,,0.69,0.517,0.226,0.519,140.02700000000002
0sNGI6BqdCdAT1x7oVmjde,Eta,['QU1NN'],188571,2019,False,,0.6729999999999999,0.483,0.162,0.49,84.064
2fJU7eFl43XkkNsa1AIKbv,Questo cielo nero,['Respiro'],196664,2019,False,,0.726,0.7140000000000001,0.0431,0.725,122.03200000000001
4gNQn1Li9FpoAlughr8h7r,Dance (Remastered),['Queen City Kids'],234449,2015,False,,0.596,0.66,0.00588,0.805,101.76899999999999
4AaVB71H57uspKpM3EsbF4,Black Box (Remastered),['Queen City Kids'],233639,2015,False,,0.584,0.841,0.000149,0.7490000000000001,135.736
1APefnxX4bEEEFjZGbCaM2,Girls (Remastered),['Queen City Kids'],270547,2015,False,,0.608,0.6509999999999999,0.0040100000000000005,0.264,119.585
2aXw87sbfTVze801Iqf46H,Down Again (Live),['Queen City Kids'],223756,2015,False,,0.45299999999999996,0.875,0.0114,0.614,130.076
4b9T073FpZco2IrjxKKjfj,Kids World (Live),['Queen City Kids'],273543,2015,False,,0.374,0.848,0.0411,0.425,82.838
1ZLtfMAQigrkHmJXK2Ccjz,Peace of Mind (Live),['Queen City Kids'],244071,2015,False,,0.298,0.934,0.000585,0.413,135.112
3bBUOtIAVlt0NVVmPFdtCc,Secret Smoke (Live),['Queen City Kids'],334658,2015,False,,0.353,0.622,0.0558,0.324,104.652
0WXYuz2LyMvhSiTGDMpn55,Don't Say You Didn't Try (Live),['Queen City Kids'],158093,2015,False,,0.386,0.8109999999999999,0.057999999999999996,0.515,117.869
6v9A4ho2RfFTiqf4c9QDjF,Empty Eyes (Live),['Queen City Kids'],223666,2015,False,,0.43,0.897,0.212,0.534,123.994
27X8gcFUD1Sr6FmjkQeZPu,Still Want More (Live),['Queen City Kids'],208834,2015,False,,0.162,0.9620000000000001,0.0344,0.257,135.491
58Xj413pBF2FCAD2t1Kcu4,Excitement of Love (Live),['Queen City Kids'],316233,2015,False,,0.134,0.45899999999999996,0.00307,0.153,159.18200000000004
2eurSTdTWiHpSCYGi2yCZc,Carrying the Stick (Live),['Queen City Kids'],197779,2015,False,,0.3670000000000001,0.826,0.0244,0.38799999999999996,78.65100000000002
39ptyiqadBDbmdxlID7XUy,Follow You There (Live),['Queen City Kids'],260284,2015,False,,0.306,0.721,0.11199999999999999,0.48700000000000004,101.512
08C0GoYRWiKDrJScTeEhzh,Nothin's Gonna Change My Mind (Live),['Queen City Kids'],261882,2015,False,,0.177,0.89,0.00598,0.34,146.465
0Uld2cT1sInddMbOvN7FHQ,Fish Skin Sally,['Queen City Kids'],247525,2015,False,,0.732,0.579,0.0063,0.758,117.583
0OCSgqDKDacjBDzoz4L2E4,Que Te Pires,['Porretas'],169053,1998,False,,0.598,0.8740000000000001,0.00123,0.821,95.446
1hj0eHfr7UjmY2S4kNANjW,Darkened World,"['Queens Road', 'Alan Jay Reed']",109916,2018,False,,0.387,0.564,0.00686,0.16899999999999998,82.00200000000002
1gTcYCoSrdvTL3f0xtd3bR,Pain Can't Stop You,"['Queens Road', 'Alan Jay Reed']",109794,2018,False,,0.44799999999999995,0.455,0.00609,0.11800000000000001,180.132
4zei0dgsXht9yJ5tSsCs4L,Underworld,"['Queens Road', 'Alan Jay Reed']",135354,2018,False,,0.52,0.648,0.0247,0.0353,81.994
6GZZtTEn4HBJnSsYkxZQzB,Iron Gatekeeper,"['Queens Road', 'Alan Jay Reed']",130625,2018,False,,0.52,0.735,0.00361,0.0615,135.041
1HBLaQqhvEALe4IOuxoUvQ,You Fought Well,"['Queens Road', 'Alan Jay Reed']",123967,2018,False,,0.474,0.529,0.0005139999999999999,0.0775,159.98
1Z8OIb5Mm9bbMKzwiblm4H,Escape to the Light,"['Queens Road', 'Alan Jay Reed']",139361,2018,False,,0.515,0.762,0.0648,0.0343,94.98299999999999
5sePGfN9d4wTeiSKJvCHnM,Dare to Dream of Freedom,"['Queens Road', 'Alan Jay Reed']",139368,2018,False,,0.41700000000000004,0.797,0.000661,0.034,170.929
4Fcg3sZpTZgiBfcCtDsgA0,Finally Free,"['Queens Road', 'Alan Jay Reed']",133064,2018,False,,0.625,0.529,0.0564,0.0288,120.051
7s5QRhxGd6FBRlj09P9Vnb,We Will Not Stop,"['Queens Road', 'Alan Jay Reed']",129756,2018,False,,0.546,0.727,0.528,0.159,127.978
6LcnVJVJxBdHTfB4yqATR8,Ready for Whatever Comes,"['Queens Road', 'Alan Jay Reed']",124961,2018,False,,0.614,0.722,0.128,0.11900000000000001,113.975
5rzkBNkcMd77MwmJbwTnzG,Survival Begins Now,"['Queens Road', 'Alan Jay Reed']",128571,2018,False,,0.41700000000000004,0.621,0.0044399999999999995,0.177,179.358
2muiZXYpkvoettvPYRvq26,Dig In and Fight,"['Queens Road', 'Alan Jay Reed']",129688,2018,False,,0.506,0.726,0.084,0.0418,89.969
54GSlRbvPzvS48zR5klOmp,A Quirk of the Universe,['Alex Arrowsmith'],145000,2017,False,,0.243,0.415,0.943,0.0971,71.017
2JApvtnJhCj2fdUrhMdI2a,Sonor (A.K.A Sonar) - 1960 Unissued Recording Session,['Gigi Gryce Quintet'],213000,2011,False,,0.644,0.455,0.597,0.7559999999999999,109.719
7IXgScO9aA2vbQvH0J9LSl,Down Home - 1960 Unissued Recording Session,['Gigi Gryce Quintet'],256067,2011,False,,0.47700000000000004,0.32,0.8170000000000001,0.695,177.542
5xE3yOATcEOlKAm2R5P6Zu,Take the A Train - 1960 Unissued Recording Session,['Gigi Gryce Quintet'],240107,2011,False,,0.552,0.445,0.6940000000000001,0.34700000000000003,133.398
48JNW3KsJa4p1MZFZhJFoS,Stompin' at the Savoy - 1960 Unissued Recording Session,['Gigi Gryce Quintet'],157707,2011,False,,0.474,0.365,0.797,0.537,167.25400000000005
641p37v29Q9hKsxi4VT3eu,I'll Walk Alone - 1960 Unissued Recording Session,['Gigi Gryce Quintet'],272360,2011,False,,0.51,0.17,0.9129999999999999,0.365,67.589
0bH7Lu5wfpAG5BqTaIuwZ8,Caravan - 1960 Unissued Recording Session,['Gigi Gryce Quintet'],298813,2011,False,,0.474,0.4370000000000001,0.489,0.591,140.095
6fGchkiKLLajh5NYDSUsz3,All the Things You Are - 1957 Signal Records Party,['Gigi Gryce Quintet'],106387,2011,False,,0.5479999999999999,0.392,0.905,0.775,81.005
24gaWHJfMd0jkogoGJtdQj,Announcements By Al 'Jazzbo' Collins & Hugh Downs - 1957 Signal Records Party,['Gigi Gryce Quintet'],28680,2011,False,,0.708,0.315,0.922,0.8590000000000001,66.508
0nPjjmUEocxZyTUo765XIu,Movin' - 1957 Signal Records Party,['Gigi Gryce Quintet'],92973,2011,False,,0.523,0.604,0.813,0.72,138.988
4NlW8Y1bi3CJeqj2dXeweb,There Will Never Be Another You - 1957 Signal Records Party,['Gigi Gryce Quintet'],155493,2011,False,,0.574,0.45299999999999996,0.8420000000000001,0.8390000000000001,116.685
739l6Rzaec3btaTaLjlpID,Man of Moods - 1957 Signal Records Party,['Gigi Gryce Quintet'],167000,2011,False,,0.56,0.535,0.7879999999999999,0.862,144.123
2z7nkmVoqnaAscSTRIUYfK,"The Blues Walk (A.K.A Somebody Done Stole My Blues, Loose Walk) - 1957 Signal Records Party",['Gigi Gryce Quintet'],125307,2011,False,,0.544,0.47,0.648,0.885,76.462
709L7Bwh5GjKgagv9sgjsu,Que les lueurs se dispersent,['Angellore'],675080,2020,False,,0.192,0.455,0.0682,0.085,135.02200000000002
7wHXig5p0xzTz3sd3Y41nS,Tear Up the Road,"['Queens Road', 'Alan Reed']",141988,2020,False,,0.563,0.843,0.000426,0.13,94.978
4DubL8QFopuApAtBOz0aFU,Big Block Power,"['Queens Road', 'Alan Reed']",147781,2020,False,,0.415,0.958,4.14e-05,0.131,94.99799999999999
6tamVoh99CGLe9DsYujC2Z,Dirty Tactics,"['Queens Road', 'Alan Reed']",165200,2020,False,,0.514,0.397,0.0104,0.11199999999999999,150.003
3gFF8EycB2LIfBOY7O8kv8,American Muscle,"['Queens Road', 'Alan Reed']",141176,2020,False,,0.325,0.728,0.000571,0.23199999999999998,170.27700000000004
6PRoQxOPNijSl1loSZWzsw,Tuned For Nitrous,"['Queens Road', 'Alan Reed']",137434,2020,False,,0.456,0.904,0.000239,0.512,127.978
0GkBgJgGVCUn4pytlZdEqT,Win At All Costs,"['Queens Road', 'Alan Reed']",145522,2020,False,,0.382,0.765,0.00033,0.0955,169.88
6STuguUOb9atih9LUH57CL,First to the Checker,"['Queens Road', 'Alan Reed']",156556,2020,False,,0.52,0.879,0.000824,0.485,145.924
2pLKERzog2txhmPrVcf0Qi,Racing For Pink Slips,"['Queens Road', 'Alan Reed']",131958,2020,False,,0.518,0.5760000000000001,0.000745,0.0527,94.98299999999999
6mvctOIFcmwEA12tUtF9MY,Ready To Race,"['Queens Road', 'Alan Reed']",148844,2020,False,,0.389,0.705,0.000502,0.156,144.025
1wXS7XOknGdeTvlpmMTKo6,Get The Job Done,"['Queens Road', 'Alan Reed']",138149,2020,False,,0.41700000000000004,0.9109999999999999,3.39e-05,0.371,83.99
3Pc55IHh6tcGFyEFo4aLvG,Pre-Race Prep,"['Queens Road', 'Alan Reed']",169009,2020,False,,0.314,0.902,8.149999999999999e-05,0.0391,163.91400000000004
69YptqCrABZGdLqQBf8C9j,110 Octane,"['Queens Road', 'Alan Reed']",127385,2020,False,,0.505,0.987,0.00011,0.402,130.094
0XodGPHuylQUaoe1Gba2jF,Wilt,['Verse Quence (Mjq・Eri)'],185178,2016,False,,0.61,0.748,0.0217,0.466,140.042
26wABvvWFUlmcRq2pIXWgO,Hello Tune,['Mister Q'],209880,2015,False,,0.7859999999999999,0.6409999999999999,0.0809,0.9740000000000001,132.009
0TR4KIApLdw1pYa3ovgLRn,She'll Be Comin' Round the Mountain,['Mister Q'],89867,2015,False,,0.721,0.725,0.0919,0.966,137.02200000000002
5QkclpLyCEVgoar1jqe2Mk,Open and Shut Them,['Mister Q'],132613,2015,False,,0.65,0.363,0.8059999999999999,0.529,156.746
502JAkjlxEYnTj45yBiuT7,No More Pie,['Mister Q'],120733,2015,False,,0.784,0.5820000000000001,0.413,0.9359999999999999,105.49799999999999
2RChbFlptsZUTbaygTMa8O,Ten Fingers Song,['Mister Q'],156400,2015,False,,0.701,0.29,0.653,0.83,128.773
4ykfLDvgWqROJAY0aGPw6L,Teasin' Mister Crocodile,['Mister Q'],107360,2015,False,,0.531,0.159,0.75,0.575,89.583
2Ub4ZnYZe0kvXnJAUyG1Xc,Jim Along Josie,['Mister Q'],184627,2015,False,,0.7070000000000001,0.557,0.312,0.968,141.018
6UAHNp4xKkJSTmn6U5DLbY,The Ants Go Marching,['Mister Q'],142693,2015,False,,0.6940000000000001,0.5529999999999999,0.17,0.9470000000000001,131.55
1dcjzIWH9A878W3CTDsiYO,Grandpa's Farm,['Mister Q'],160853,2015,False,,0.701,0.44,0.72,0.845,87.90700000000002
6W3OsQyJJVlaimcmoohbPA,Bingo,['Mister Q'],131133,2015,False,,0.716,0.6970000000000001,0.217,0.925,138.613
6pzWU8aFgbazNLTY3yFnJE,The Beehive,['Mister Q'],60933,2015,False,,0.5479999999999999,0.201,0.7829999999999999,0.368,194.106
0HGT2JP6C8EzmTJOzw0cYu,On Top of Spaghetti,['Mister Q'],96960,2015,False,,0.569,0.201,0.799,0.86,125.175
0zoM5gOKan9eMPYNnwK0UU,"Itsy Bitsy Spider, #2",['Mister Q'],97200,2015,False,,0.7290000000000001,0.496,0.18100000000000002,0.877,114.368
1aEA2QHEk1Mm4QzGqtGqbi,Walk Like a Turkey,['Mister Q'],110333,2015,False,,0.737,0.5379999999999999,0.82,0.7509999999999999,142.938
2wFdwS2Oku3UOHZ5ztPTKt,Frere Jacques,['Mister Q'],94067,2015,False,,0.718,0.21,0.889,0.467,125.32700000000001
5BuNHcDXKhe6PUDo7902DM,Goodbye Tune,['Mister Q'],56827,2015,False,,0.7020000000000001,0.217,0.843,0.46,130.722
4yF7MYgK5Q3RjTfCH3LKVw,Quando sorridi per me,['Raige'],220733,2016,False,,0.5589999999999999,0.7120000000000001,0.0249,0.33399999999999996,79.983
31KkxcfnqZEXW8ncOYU275,Que Fortuna,['Desierto Drive'],151653,2019,False,,0.8059999999999999,0.48100000000000004,0.698,0.6970000000000001,106.042
1XE18w8gJtr9bLQ9Z34FPx,String Quartet,['Colorado Quartet'],857920,1997,False,,0.317,0.0206,0.8959999999999999,0.0689,81.372
5KifUyNEkPmvvCMXcLvV6l,Queen,['Tracey Thorn'],257131,2018,False,,0.5720000000000001,0.75,0.00137,0.488,139.004
4ndUyYFy6m4bCVqa7YNYKA,Quicksand,['Communicant'],189973,2020,False,,0.56,0.812,0.00139,0.44299999999999995,89.01299999999998
1db6ixe9nX6cqt2V1DYZnW,Am I High Rn (feat. blackbear),"['Quinn XCII', 'blackbear']",199880,2020,False,,0.7120000000000001,0.4970000000000001,0.513,0.457,93.95299999999999
07ZQLYn9x4x3L3vxStc1zr,Stacy,['Quinn XCII'],168987,2020,False,,0.7440000000000001,0.556,0.0858,0.505,105.006
1g6v42WOMBWC8V9UpwciiH,Sleep While I Drive (feat. Ashe),"['Quinn XCII', 'Ashe']",204933,2020,False,,0.716,0.768,0.00207,0.7959999999999999,127.927
1cG6m2EMDN4VbBuaqRZ2p6,Second Time Around,['Quinn XCII'],237373,2020,False,,0.611,0.311,0.775,0.36,130.879
4CxmynXhw78QefruycvxG8,Coffee (feat. Marc E. Bassy),"['Quinn XCII', 'Marc E. Bassy']",180053,2020,False,,0.831,0.452,0.0803,0.534,93.04
6mVzv4E4oc7Fcw6yUTfzub,Notice Me,['Quinn XCII'],205920,2020,False,,0.672,0.489,0.179,0.568,90.12200000000001
73681b7Hc0THHGZrSzl75y,A Letter To My Younger Self (feat. Logic),"['Quinn XCII', 'Logic']",212013,2020,True,,0.8220000000000001,0.8340000000000001,0.0358,0.77,115.006
5cS7xngyZ5h8knkrUPm6pH,More Than Friends,['Quinn XCII'],170627,2020,False,,0.737,0.5379999999999999,0.45799999999999996,0.597,113.396
2CGa2sQSV6FVNcO1qaZHHQ,Mad At Me,['Quinn XCII'],216000,2020,False,,0.636,0.4370000000000001,0.688,0.212,129.906
4skFh25hBwTL8dPXZl1Gpq,Two 10s,['Quinn XCII'],217840,2020,False,,0.741,0.498,0.6,0.552,71.502
625Dsxe8CbQM7bwnAadU1N,Meeting Strangers,['Quinn XCII'],193893,2020,False,,0.608,0.7490000000000001,0.00106,0.76,180.012
6lkvf6FlemJdLeECPsTVBv,Everything I Need,['Quinn XCII'],248133,2020,False,,0.723,0.48,0.292,0.22399999999999998,92.015
5J4pzy2uSSg5PLbwEDvEEu,À qui le tour?,['Tempête'],257893,2019,False,,0.396,0.8,0.00476,0.46,68.60600000000001
3u2Ojf7oecLUNJagavMcmX,Song For You Far Away,['Queen Bees'],167480,2017,False,,0.5670000000000001,0.457,0.598,0.139,99.324
34oEqgDUEEMYu19r48FBWE,Quantimations,['Solvent'],363977,2015,False,,0.802,0.8370000000000001,0.005370000000000001,0.32299999999999995,114.99
1IR8WtEjAiUV3fyGFpSwbG,Marcatto String Madness,['Jorge Quintero'],76017,2008,False,,0.875,0.37799999999999995,0.132,0.787,91.05799999999999
4KMisokFWW96LrhBAAFGmc,Club Hip Hop,['Jorge Quintero'],180037,2008,False,,0.687,0.5660000000000001,0.00020800000000000001,0.32799999999999996,101.01700000000001
1fxWrs0DBvF5FPtqqWnOKE,Ice Type Beat,['Jorge Quintero'],126016,2008,False,,0.855,0.7609999999999999,0.00237,0.853,120.00399999999999
73jRmGrU3LdGi3hLnqch2n,Reggaeton Romantico 1,['Jorge Quintero'],124030,2008,False,,0.677,0.721,0.0399,0.43799999999999994,96.001
1Ef2r5yI8bJ0yReAtPbL15,Warning Crunk,['Jorge Quintero'],150022,2008,False,,0.6459999999999999,0.598,0.000215,0.747,157.914
5BOd5L3D8pfxNCnEPkvNRW,Club Hip Hop Beat 2,['Jorge Quintero'],100024,2008,False,,0.708,0.758,0.00198,0.9329999999999999,165.998
5XaVv7lgRnGsMfPLrgUiWI,Rnb Classical Guitar,['Jorge Quintero'],146026,2008,False,,0.809,0.5820000000000001,0.10300000000000001,0.687,133.942
2VBKIuR2OBSVO7qdpuaBTf,Crunk Beat 1,['Jorge Quintero'],88034,2008,False,,0.847,0.57,0.0005780000000000001,0.895,161.721
5bjx4YviCPrJY9ug76ZEUA,Reggaeton Bachatero 1,['Jorge Quintero'],168021,2008,False,,0.674,0.9640000000000001,0.425,0.9620000000000001,198.055
1mp6FtMycViM8TvyAu12tK,Lets Chill Rnb,['Jorge Quintero'],126016,2008,False,,0.773,0.62,0.204,0.961,131.981
7GVvNS4fKOVTshRm7NjH9e,Orchestral Hip Hop,['Jorge Quintero'],174029,2008,False,,0.629,0.66,0.41200000000000003,0.496,171.972
4MxNIdLorGE16UJvA5ecgM,Redlight Party Vibe Indian,['Jorge Quintero'],112040,2008,False,,0.935,0.364,0.009059999999999999,0.687,97.932
4JjUwfp8GQ3PxWg2QPKnpn,300 Violin Orchestra,['Jorge Quintero'],178026,2008,False,,0.591,0.75,0.342,0.385,149.931
1uY3oksXeale3yOjVQBi4N,Club Hip Hop Beat 3,['Jorge Quintero'],100024,2008,False,,0.7879999999999999,0.526,0.000185,0.934,105.039
6JeuIQLlxgvQuXKg9FGM11,Tecno Beat,['Jorge Quintero'],118022,2008,False,,0.6579999999999999,0.9109999999999999,0.00591,0.515,143.961
7ITjSsEsYs2nEmKld4aR3B,Violin Beat 1,['Jorge Quintero'],146026,2008,False,,0.774,0.387,0.0038299999999999996,0.315,94.91799999999999
6wcmEatDcTWJoh6rdkAsYz,Reggaeton Romantico 2,['Jorge Quintero'],124030,2008,False,,0.7390000000000001,0.698,0.0105,0.6890000000000001,96.02
533pB2yIslLWJHy7Xw2TuG,Rnb Harp,['Jorge Quintero'],104021,2008,False,,0.626,0.354,0.838,0.20600000000000002,96.023
44o8m9IgtGnnTqlyL0Nraq,808 Rnb Guitar,['Jorge Quintero'],167655,2008,False,,0.505,0.605,0.866,0.925,83.03399999999998
0IdqK9uyv680q9xGZLIvmt,Que Du Vide,['Lok Low'],180845,2020,True,,0.597,0.585,0.142,0.648,141.929
4ZrZnffu3KfYMrZ0bh2dup,Blast (feat. Geriba and MC Fava) - Valique Ghetto Disco Acid mix,['Quincy Jointz'],392000,2013,False,,0.851,0.909,0.0471,0.763,119.993
0YcE2tZDWAa9QaS2y0nX4w,Shadow Intro,['Quin Kirchner'],134173,2020,False,,0.332,0.904,0.6509999999999999,0.8440000000000001,106.571
4nwlICMFkRyGVv5iOm8fGE,Batá Chop,"['Quin Kirchner', 'Rob Clearfield', 'Matt Ulery', 'Greg Ward']",618721,2020,False,,0.723,0.435,0.87,0.804,92.928
1w0sxu1TWk3IIZrVA9PWid,At This Point In Time,"['Quin Kirchner', 'Nick Broste', 'Rob Clearfield', 'Nate Lepine', 'Nick Mazzarella', 'Jason Stein', 'Matt Ulery']",561987,2020,False,,0.29600000000000004,0.648,0.09699999999999999,0.611,164.97400000000005
5UIthqbIBb145bwUPdUAib,Rift,"['Quin Kirchner', 'Nate Lepine', 'Matt Ulery']",184402,2020,False,,0.498,0.493,0.0206,0.475,93.03299999999999
2VupVKesgQuEq8RYSLV4Cy,Pathways,"['Quin Kirchner', 'Nate Lepine', 'Matt Ulery']",281491,2020,False,,0.733,0.17300000000000001,0.93,0.441,122.257
64l4imqrfpMym6d5N4Im0N,Sahara,"['Quin Kirchner', 'Nick Broste', 'Nate Lepine', 'Jason Stein', 'Matt Ulery']",339218,2020,False,,0.385,0.552,0.496,0.457,93.325
0bzCO29s1O0Ai2bbt2yVAF,Star Cluster,"['Quin Kirchner', 'Nate Lepine', 'Nick Mazzarella', 'Jason Stein', 'Greg Ward']",229138,2020,False,,0.188,0.341,0.948,0.24100000000000002,90.64200000000001
0xl4PoPoRsaHjCWzlMLBKG,Moon Vision,"['Quin Kirchner', 'Nick Broste', 'Nate Lepine', 'Nick Mazzarella', 'Jason Stein', 'Matt Ulery', 'Greg Ward']",244357,2020,False,,0.47700000000000004,0.441,0.0008060000000000001,0.449,181.96
3dmU0J82f84XD4Lt9GGNzW,Ecliptics,"['Quin Kirchner', 'Nick Broste']",250959,2020,False,,0.654,0.679,0.000268,0.605,112.65700000000001
33O05Trj66gVKxFKQiKudH,Planet Earth,"['Quin Kirchner', 'Nick Broste', 'Rob Clearfield', 'Nate Lepine', 'Nick Mazzarella', 'Jason Stein', 'Matt Ulery']",302912,2020,False,,0.355,0.447,0.552,0.48100000000000004,102.209
2OJU11voMKKcOYAp0vBnNf,Jupiter Moon,"['Quin Kirchner', 'Nick Broste', 'Rob Clearfield', 'Nate Lepine', 'Jason Stein', 'Matt Ulery']",697088,2020,False,,0.40299999999999997,0.564,0.285,0.429,128.122
0HIz1L4ucwr5lkCI7UeGpc,Horizons,"['Quin Kirchner', 'Nick Broste', 'Nate Lepine', 'Jason Stein']",173888,2020,False,,0.539,0.652,0.0113,0.9209999999999999,177.114
06rhMsqoSC9XyxwjQcAnl6,King Korn,"['Quin Kirchner', 'Nick Broste', 'Nate Lepine', 'Jason Stein', 'Matt Ulery']",357333,2020,False,,0.47,0.457,0.0176,0.55,116.535
2vLoAcez6IM4csjs91s0L0,The Shadows and The Light,"['Quin Kirchner', 'Nick Broste', 'Rob Clearfield', 'Nate Lepine', 'Nick Mazzarella', 'Jason Stein', 'Matt Ulery']",569323,2020,False,,0.287,0.335,0.39899999999999997,0.193,156.753
0dYB4rsMEhosWNgY8ElPuE,Lucid Dream,"['Quin Kirchner', 'Nick Broste', 'Rob Clearfield', 'Nate Lepine', 'Nick Mazzarella', 'Jason Stein', 'Matt Ulery']",259348,2020,False,,0.26,0.188,0.946,0.0396,98.008
4M1D2DLbv4xaekW3O4574f,"Questions, Questions, Questions?",['SNFU'],91040,2000,False,,0.35100000000000003,0.7120000000000001,0.000805,0.371,98.45
2ExqEqkdKsPWI89jxYJPGs,Baraboo,['Queen Bee'],192600,2000,False,,0.3,0.851,0.00352,0.6970000000000001,125.891
3AimGpwwPZMkcEA2tyf55R,The Ritual,['Quin Kirchner'],664200,2018,False,,0.311,0.41700000000000004,0.175,0.273,96.46799999999999
1jeCvquuxUk627Jv51Rh7w,Brainville,['Quin Kirchner'],228900,2018,False,,0.585,0.519,0.304,0.4970000000000001,96.969
18BPebh8k4Aldi3MTw57SZ,Crossings,['Quin Kirchner'],219500,2018,False,,0.33399999999999996,0.52,0.409,0.523,101.589
4lpvRw7rO7diZJgDGqLYOz,Drums & Tines Pt 1,['Quin Kirchner'],231200,2018,False,,0.615,0.536,0.00337,0.726,157.05
5ku7kjAh1SIxl3t6fquTe7,Wondrous Eyes,['Quin Kirchner'],636500,2018,False,,0.38799999999999996,0.222,0.5429999999999999,0.152,101.18799999999999
1uJDFV9cPWz9dg9cfkdOv8,Limbo / The Shoes of the Fisherman's Wife are Some Jive Ass Slippers,['Quin Kirchner'],501100,2018,False,,0.43,0.524,0.287,0.27899999999999997,124.475
3ZU6GRklogd1UOEtqL0DAv,Resounder,['Quin Kirchner'],196500,2018,False,,0.466,0.547,0.585,0.754,154.58700000000005
26HD8O4gYOy3x6RBtGztgX,Together We Can Explore the Furthest Beyond,['Quin Kirchner'],253500,2018,False,,0.162,0.23800000000000002,0.873,0.261,91.818
5J8tE2ZpjjlHDVbegZsYnd,Mumbo Jumbo,['Quin Kirchner'],315300,2018,False,,0.369,0.617,0.145,0.525,106.339
7wxGtgBqSzK6BTVYsUxBz4,Flutter,['Quin Kirchner'],95300,2018,False,,0.0984,0.0436,0.935,0.0756,166.96400000000003
0bwGUKU6iIuvAvBa8UTUEg,Karina,['Quin Kirchner'],299400,2018,False,,0.507,0.603,0.174,0.507,119.414
3x8bFaPE5mhJT8x7nqoX9L,Drums & Tines Pt 2,['Quin Kirchner'],367000,2018,False,,0.596,0.687,0.0347,0.635,118.24
61JBYM8OYLzCFIhcm6UaRz,Armageddon,['Quin Kirchner'],852600,2018,False,,0.251,0.249,0.73,0.20600000000000002,90.491
2zJfdlBL0Vd0hsbqpNInMb,Ripple,['Quin Kirchner'],141700,2018,False,,0.49,0.67,0.7809999999999999,0.774,118.42299999999999
6KoEjiHPBxs4Wk00FlOD6k,Self-Portrait in Three Colors,['Quin Kirchner'],198100,2018,False,,0.359,0.205,0.8140000000000001,0.184,83.086
55ljfTAfyjBrfrwAFAU7ij,I Don't Love You Anymore,['The Quireboys'],301747,2017,False,,0.5489999999999999,0.452,0.0745,0.446,134.81799999999998
0PUdU7XTYdqo76sdPGsHuR,Quiero Que Me Quieras,['Quiero Club'],231947,2009,False,,0.691,0.893,0.00042699999999999997,0.5329999999999999,115.025
0rAPYnZ7qf9GgnBbZvpqX9,El Dolor De Micaela,['Kumbia Queers'],302480,2009,False,,0.731,0.772,0.23600000000000002,0.9690000000000001,150.00799999999995
6wvos3HJzn9pC8JqoxRkh9,Pegaito (feat. HC),"['Quiero Club', 'HC']",204133,2009,False,,0.455,0.971,0.00519,0.812,200.013
72hdfjEP1wDoXTl28J9hOJ,Do Better,"['Teshalé', 'Quintana Mills']",170510,2020,False,,0.7290000000000001,0.525,0.26,0.637,124.977
2949XpcPxCxjORTivcnd2z,Quarterline Road,['Detour'],188467,2012,False,,0.618,0.69,0.664,0.858,111.991
2nsrnBqramoEJThef0y9I7,Quality Control,['Madcrasher'],153333,2009,False,,0.8640000000000001,0.5,0.0059700000000000005,0.563,117.01299999999999
7ExSvVJyyAOBwDqNklhDZi,Quicksand,['Madcrasher'],172585,2009,False,,0.662,0.364,0.685,0.198,90.78299999999999
61B4CvmXTASHEXRF1wNTra,Qué desastre,['Dikers'],254853,2012,False,,0.478,0.97,9.89e-06,0.312,110.00399999999999
3BYzvdZkrXoVvsc6QOUEBZ,Make You Feel My Love - Acoustic Version,['Queen Bees'],223813,2019,False,,0.612,0.10300000000000001,0.9359999999999999,0.161,134.507
4qdHJbRaDadYbM2pMrOpAH,Make You Feel My Love - Acoustic Version,['Queen Bees'],223813,2019,False,,0.612,0.10300000000000001,0.9359999999999999,0.161,134.507
3vnvIoI1WQH5AT62APkm7Z,Sex Party,['The Quireboys'],156360,2019,False,,0.40399999999999997,0.8440000000000001,0.0078,0.866,145.313
4J5hD9BI76ITCTkgJ3jHLN,Questions,['Yasumu'],121426,2020,False,,0.721,0.16,0.9059999999999999,0.205,109.999
14GI2epAnrfWtYEigUZ4Vk,Asheville (North Cackalacky),['Queen Bee and the Honeylovers'],147373,2019,False,,0.6829999999999999,0.795,0.506,0.631,179.083
1K519pv7UUIgzppwPJQqMn,Beacham's Curve,['Queen Bee and the Honeylovers'],227067,2019,False,,0.642,0.23,0.9279999999999999,0.18899999999999997,81.55199999999998
478YyPdADnMqeo1BiHOVkD,Hayes & Hopson,['Queen Bee and the Honeylovers'],207267,2019,False,,0.5479999999999999,0.84,0.33,0.649,198.09599999999998
5BHsUeNtAo0HvfuES1rRLn,Dreamer's Waltz,['Queen Bee and the Honeylovers'],40040,2019,False,,0.542,0.21899999999999997,0.9790000000000001,0.38,116.495
3R4ush6P0DB4SeUWY6VGWf,The Legend of Zelda Fitzgerald,['Queen Bee and the Honeylovers'],171373,2019,False,,0.713,0.5589999999999999,0.7959999999999999,0.805,169.84400000000005
2IgGt2txMT32Cs7qvU4kbh,Cornelia's Masquerade,['Queen Bee and the Honeylovers'],247480,2019,False,,0.769,0.5579999999999999,0.8170000000000001,0.634,141.556
0ic4oY5fo3SwsPRJEUpc6O,Beaucatcher,['Queen Bee and the Honeylovers'],229227,2019,False,,0.722,0.698,0.695,0.6829999999999999,111.48700000000001
1PuTUB4BG38PzM5jqoKZFW,Dr. Grove's Tasteless Chill Tonic,['Queen Bee and the Honeylovers'],219040,2019,False,,0.5529999999999999,0.6709999999999999,0.73,0.637,182.905
7hPDO2Gm3Qeqrf6abyNofM,Hominy Creek,['Queen Bee and the Honeylovers'],225453,2019,False,,0.58,0.324,0.855,0.461,101.09
2dQK813ZCCsEQQVWIB5nx5,Logan & Moore,['Queen Bee and the Honeylovers'],237440,2019,False,,0.789,0.547,0.738,0.546,117.098
7q0R15Z4kCdeDcqKSgcdKQ,Ghost of Zealandia Castle,['Queen Bee and the Honeylovers'],19040,2019,False,,0.5539999999999999,0.79,0.7340000000000001,0.469,108.154
4URT1DxhguGuGSTgXAZ3kp,Helen's Bridge,['Queen Bee and the Honeylovers'],190453,2019,False,,0.6970000000000001,0.912,0.47,0.47700000000000004,107.28299999999999
1NY5ienpQsY2ygDbETgwDC,Kenilworth Naval Hospital,['Queen Bee and the Honeylovers'],242240,2019,False,,0.7759999999999999,0.532,0.73,0.602,118.302
6Da7N6di5XDT21ADz1Ddps,Uso,['Queen Bee and the Honeylovers'],224267,2019,False,,0.6940000000000001,0.41100000000000003,0.79,0.518,69.672
0j46sB86y5rrGEdK8GBj8O,New Balance,['Kasher Quon'],154800,2020,True,,0.8109999999999999,0.696,0.465,0.28600000000000003,99.69200000000001
0ZJDyaEN6oQ2MPYP0B2kYh,Crackhead Ezel,['Kasher Quon'],131360,2020,True,,0.607,0.536,0.122,0.473,127.902
2sJ6KYIolVfynqre8LptP5,Earthquake,['Kasher Quon'],131187,2020,True,,0.41200000000000003,0.691,0.6,0.687,67.645
0yt0xl9SrLgqYyKLe0r3oG,Trophy,['Kasher Quon'],112427,2020,True,,0.5379999999999999,0.445,0.35100000000000003,0.235,123.889
5MbObweRxelhdURYmTp8pm,Lil Uzi,['Kasher Quon'],152284,2020,True,,0.847,0.42100000000000004,0.212,0.18,127.581
0hFRwW9AGl867HajSyiTgK,22,['Kasher Quon'],195440,2020,True,,0.68,0.691,0.034,0.516,94.184
6a9embydiOGWkcMe90pi7Z,80's,['Kasher Quon'],111667,2020,True,,0.537,0.354,0.317,0.523,123.01
6GIneIxZ9PBGdzAgbxIXuQ,Printer Machine,"['Kasher Quon', 'Teejayx6']",151641,2020,True,,0.8270000000000001,0.731,0.0019100000000000002,0.518,126.59100000000001
74YTYhtWpjxWoqds2y84xh,1017,['Kasher Quon'],155133,2020,True,,0.743,0.578,0.42100000000000004,0.637,97.367
7wPw7tj0I7YYcCokCwf5dO,Rerock,['Kasher Quon'],104800,2020,True,,0.743,0.627,0.48700000000000004,0.41200000000000003,100.04
2WVknodCKXHBPjRbdy0R8o,Miami Plates,['Kasher Quon'],122335,2020,True,,0.9059999999999999,0.5870000000000001,0.508,0.597,94.49799999999999
1ScX8JURpGA4Yy0lR1WHXR,Antisocial Weirdo,"['Kasher Quon', '10k Kev']",116527,2020,True,,0.792,0.583,0.282,0.652,127.59100000000001
3R9UymVMksZTaDolvrqxRQ,2 Chainz,['Kasher Quon'],171412,2020,True,,0.565,0.653,0.254,0.594,94.74799999999999
2otT7zTm6HxPc6dz3RqkPw,Mafia Way,['Kasher Quon'],159791,2020,True,,0.6659999999999999,0.527,0.155,0.353,106.65
3ycly1DCpNooOhuDpeZVlL,Tie Dye,['Kasher Quon'],168615,2020,True,,0.652,0.722,0.0354,0.35,124.39399999999999
67cm1TGGEbqRqnE6e65zAi,Suicide (Bonus Track),['Kasher Quon'],190399,2020,True,,0.603,0.652,0.168,0.439,191.952
5gmyNt4X5NSDSCskaGObmA,It's Near,['Quima'],170526,2017,False,,0.713,0.483,0.3,0.706,151.953
0FbadhqQBOrKje9TmwfXl7,Quarantine Freestyle,['Bizzy Banks'],125460,2020,True,,0.8490000000000001,0.5870000000000001,0.00704,0.5770000000000001,76.471
320lgNaZ8IJDocPuKmKwoX,Quarantine Freestyle Pt.2,['Bizzy Banks'],138750,2020,True,,0.769,0.644,0.145,0.435,143.98
4nxsKKEmb5Ichjj7QN0fHG,HBD,['QUEEN BEE'],231947,2020,False,,0.628,0.441,0.248,0.299,81.47800000000002
3tF7DeotxgzzXPciG47JVP,BL,['QUEEN BEE'],193160,2020,False,,0.713,0.7290000000000001,0.0259,0.36,125.944
1JFM2AWkin2Dk8FuMNOHsu,傾城大黒舞,['QUEEN BEE'],174520,2020,False,,0.685,0.8909999999999999,0.00946,0.585,117.98
3xCZfCA7dvgBbGagn3EnAG,心中デイト,['QUEEN BEE'],219640,2020,False,,0.7440000000000001,0.7070000000000001,0.021,0.45,92.005
7GGQm7ucH6V5XmbInjnhk5,虻と蜂 (L ver.) - L Version,['QUEEN BEE'],211773,2020,False,,0.7659999999999999,0.285,0.816,0.27,106.069
00pLWGXrEv55KAmU54ZxiY,黒幕,['QUEEN BEE'],241027,2020,False,,0.758,0.435,0.22899999999999998,0.382,101.98700000000001
32pqhQOhyxRSFv1MB5WcNS,CRY,['QUEEN BEE'],278080,2020,False,,0.63,0.455,0.643,0.305,92.01100000000001
1RLlRlWvMqUcW6BJdGrE1q,P R I D E,['QUEEN BEE'],210360,2020,False,,0.823,0.639,0.0653,0.14300000000000002,110.053
2M7FM22aNVdAndCYBS4RVi,Quarantine Blues,['LunchMoney Lewis'],170343,2020,True,,0.501,0.674,0.11800000000000001,0.425,105.551
5oEXc6wDt2VLavN5WgX2AI,Que Des Mots,['Enposib'],166556,2020,False,,0.655,0.755,0.17600000000000002,0.772,93.027
56m2mfIdx2GTRs8NS1Kq0i,So Quickly,['Secrecies'],208182,2019,False,,0.534,0.8809999999999999,0.0153,0.29,90.01299999999998
1guMcpsEWcqgN1v6SS7nm0,Gggoo,"['quickly, quickly']",172783,2017,False,,0.599,0.55,0.285,0.638,77.858
15REietcfaODAsQGbv7q5Q,We Will Rock You,['Queen'],121387,2017,False,,0.68,0.41100000000000003,0.669,0.51,81.509
3s6xLcgn03BYCBFDYIYWCN,El Americano,['Roberto Quiñonez'],288106,2019,False,,0.861,0.495,0.597,0.882,140.933
2bvliPyyC8JZOEoHGUyg35,Wild Wild Wild,['The Quireboys'],271267,2017,False,,0.588,0.94,0.0178,0.716,128.986
19QdB4VHejyBWMrv5fVV3s,I Wanna (feat. DJ Quik),"['Dwele', 'DJ Quik']",256000,2010,False,,0.848,0.526,0.0207,0.679,102.941
3iLqD9D7hnWVhlizXrZQWt,Quick To Judge,['Money Man'],174567,2020,True,,0.755,0.5670000000000001,0.0295,0.598,175.98
51tFxW3GbnMEj4Y3D6SJIy,Que No Se Pierda la Memoria,['TARZAN'],341307,1997,False,,0.72,0.43799999999999994,0.00496,0.723,140.451
6001xXfECxjyKrrbbRF0Vl,Tip Toes (feat. Quavo),"['Saweetie', 'Quavo']",171236,2019,True,,0.9109999999999999,0.636,0.00856,0.431,88.956
4rrFGOdnreypzg6ux5mdPh,Emotional (feat. Quavo),"['Saweetie', 'Quavo']",190429,2019,True,,0.7909999999999999,0.655,0.0249,0.526,184.09099999999998
2Xl91uMwSWZmkoncqP792Y,Quiet Day,['Lusine'],208446,2014,False,,0.701,0.531,0.537,0.44,99.98299999999999
2NBdXx6nNe2YiAzN0AMDyL,Training Wheels,['Queen Drie'],152727,2020,True,,0.6890000000000001,0.52,0.302,0.6509999999999999,176.137
68qK01VjAHyLMTYsRrGBsB,Silence and the Spark,['Quor'],205173,2015,False,,0.382,0.9640000000000001,7.840000000000001e-05,0.23,196.921
42XSoVGeej4cz4VqlzJAma,When the Gods Speak,['Quor'],195027,2015,False,,0.494,0.968,2.72e-05,0.147,104.95100000000001
6GVPLxpPhClN2VZsurt5RH,Human Paradigm,['Quor'],200840,2015,False,,0.276,0.9520000000000001,5.7600000000000004e-05,0.11800000000000001,196.953
6q7DCcIteGAuxGgQyLLriU,The Reverent,['Quor'],199147,2015,False,,0.508,0.9620000000000001,5.59e-05,0.28,102.51100000000001
7uL7x39bgthS9gvylMggfL,Guardian,['Quor'],189573,2015,False,,0.503,0.945,0.000155,0.29,113.99799999999999
5lWier2Cm5NveH1vBkiP7K,Watching You,['Quor'],224787,2015,False,,0.276,0.95,0.000338,0.355,183.92
1xE1WNB6Agc5eQ8YXwoUp4,The Fragile Break,['Quor'],235192,2015,False,,0.435,0.972,0.000268,0.353,127.169
6iXZsDoY46xT2IzK0acjwj,Paradise,['Quor'],226808,2015,False,,0.449,0.813,0.00022799999999999999,0.28300000000000003,144.026
1RKgYir9UXrbEbjU702FKL,Let's Rise,['Quor'],264987,2015,False,,0.336,0.9209999999999999,2.2e-05,0.382,177.03599999999997
5W1KBru9n2v425GfyM45mx,Qailiqpunga,['Angela Amarualik'],201686,2018,False,,0.731,0.742,0.34700000000000003,0.41,117.995
5payNgZe4HVS2n5BQ3ljGM,7 O'clock,['The Quireboys'],218373,2019,False,,0.555,0.867,0.094,0.871,114.56200000000001
1da9r1VrTIpuMyUPxPvDJj,7 O'clock,['The Quireboys'],218373,2017,False,,0.555,0.867,0.094,0.871,114.56200000000001
2F7zvfdC75ZzpT0fY1kTVj,Questions to Root Out Fools,['Coalesce'],167973,2009,False,,0.5760000000000001,0.971,0.00013000000000000002,0.51,104.96700000000001
4zwtWNLSj120yTfGey11Rl,Quicksand,['Żwirek'],183658,2018,False,,0.7190000000000001,0.877,0.204,0.132,115.01
0oCoimhBC4Z380VSXLjnrz,Quiet Eye,['Kekal'],413700,2020,False,,0.20199999999999999,0.8059999999999999,0.00476,0.18100000000000002,75.02199999999998
4NnQHsrS7scnUCiKZbjFmQ,SiDES,"['S-Quire', 'Norlette']",232542,2020,False,,0.742,0.583,0.0971,0.201,94.904
0rIZ49wxDf8H2LXOKmAMW5,Qué Chimba,['Maluma'],169741,2020,False,,0.726,0.9490000000000001,0.0112,0.595,127.999
36mNaqxxmYvscr4cdrC5vy,Quilted Dreams,['Kainbeats'],121250,2020,False,,0.682,0.165,0.884,0.27399999999999997,144.111
0T3avZILOav1YIVbsxWJZ7,Oprah,['Queue Queue'],289321,2019,False,,0.473,0.8540000000000001,0.000924,0.213,128.9
3eOs0uh1Ssezy46THapKJ2,Yes Man,['Queue Queue'],230264,2019,False,,0.598,0.6809999999999999,0.00028399999999999996,0.652,104.93700000000001
6bHSgfQq1uMSjRPy5lqwcN,Lazer,['Queue Queue'],156151,2019,False,,0.29600000000000004,0.805,0.00321,0.321,109.978
6Jo7d1uEoQ9O4qzszQi0uN,Candy Bar,['Queue Queue'],376221,2019,False,,0.237,0.355,0.501,0.349,181.08700000000002
3UWXNPDlb3ZLYQ4TjroSem,Learning to Drive,['Queue Queue'],235659,2019,False,,0.7090000000000001,0.48200000000000004,0.00282,0.545,110.397
3ZoSrj98ldLk8gQ88l81Ie,Fang and Claw,['Queue Queue'],249266,2019,False,,0.4920000000000001,0.632,0.000236,0.561,125.038
6HoEZERJbf2OQSnwEfXlKJ,Skirt Made of Leather,['Queue Queue'],278872,2019,False,,0.495,0.257,0.0942,0.242,99.616
1idBVBOCDnTGLeHpLIQ011,Hop'd in a Car,['Queue Queue'],347363,2019,False,,0.195,0.502,0.00343,0.237,99.447
5h8YAYdTNSEfqU1faxYpfz,QT<3,['illexotic'],37523,2019,False,,0.805,0.376,0.9209999999999999,0.655,70.654
2O1VeWLu8n1JdZeztyWPQX,Higher,['Queensrÿche'],240827,2019,False,,0.584,0.9,0.000735,0.721,96.29299999999999
0HNpwfmAUXVWba9cO0YavR,Mississippi Queen,['Mountain'],149815,2009,False,,0.575,0.596,0.133,0.721,140.252
0m2ZjnxXGmWa3CFDubgHMy,日夕回味,"['林姍姍', 'Zhang Zi Qing']",278493,2016,False,,0.5770000000000001,0.275,0.522,0.107,74.89399999999998
2HEp8tGdLYhwprqfh7HHmE,Sunday Shining,['Finley Quaye'],224067,2008,False,,0.595,0.852,0.0405,0.55,101.079
3WmgCsBMMMjwo16kHq3meR,It's Great When We're Together,['Finley Quaye'],220533,2008,False,,0.583,0.436,0.342,0.606,174.02
3GUAPr68Icu7QTBORMYVNu,Dice,"['Finley Quaye', 'William Orbit']",255760,2008,False,,0.625,0.418,0.0237,0.19899999999999998,111.131
339LTmY4Q4cHXOUpT9uqVI,Your Love Gets Sweeter - The Abbey Road Version,['Finley Quaye'],172720,2008,False,,0.606,0.6759999999999999,0.5429999999999999,0.77,100.70200000000001
72C59EtulrN1fuZPhHgN0l,Even After All,['Finley Quaye'],235880,2008,False,,0.778,0.265,0.643,0.457,94.044
1CjmnZP0JoOSCDP79d1T6h,Something To Say,['Finley Quaye'],215667,2008,False,,0.6509999999999999,0.6970000000000001,0.0151,0.664,105.17200000000001
0NR8zcQW14eQSStkktkl2W,Ultra Stimulation,['Finley Quaye'],232547,2008,False,,0.759,0.625,0.00489,0.899,131.923
3PhFHlaL8YdJb4bEoJP523,Living Without You,['Finley Quaye'],225200,2008,False,,0.618,0.7,0.0015199999999999999,0.379,94.196
4d783hdoRnewq9J7qV4P5G,Spiritualized,['Finley Quaye'],217693,2008,False,,0.45399999999999996,0.763,0.0302,0.7859999999999999,169.99
3ccPIWWYoIlodrxqL0olld,Maverick a Strike,['Finley Quaye'],299773,2008,False,,0.9079999999999999,0.742,0.22699999999999998,0.838,131.161
6S43rYvLeH7iMAAoLh6xPU,When I Burn Off Into The Distance,['Finley Quaye'],173800,2008,False,,0.735,0.8540000000000001,0.17600000000000002,0.455,112.04899999999999
0v2lVqwkKgCRkVtrx6noqJ,This Is How I Feel,['Finley Quaye'],203787,2008,False,,0.894,0.46,0.0852,0.7090000000000001,123.26799999999999
2eJ2kxeeHCZo71LrlikgcI,White Paper,['Finley Quaye'],278760,2008,False,,0.406,0.9059999999999999,0.000292,0.107,132.893
5M9ajTrUf2jI0J1yYkSFki,Hey Now,['Finley Quaye'],257493,2008,False,,0.745,0.599,0.755,0.688,181.77
0pJsZsmn9c3L9fnGhXhcIH,Sweet and Loving Man,['Finley Quaye'],203707,2008,False,,0.745,0.521,0.695,0.845,103.976
0TzifM7SHuT2JWS2S1ymdH,Burning,['Finley Quaye'],167667,2008,False,,0.764,0.48200000000000004,0.358,0.672,80.92
4Gp6p6OyHA1tLLFdfPYdTY,Justice Never Dies,['Quetzal'],357513,2020,False,,0.319,0.40299999999999997,0.63,0.22699999999999998,154.019
0s5My3WP6xn3PPBa1w5c2c,Hey You - Demo,['The Quireboys'],155800,2019,False,,0.466,0.619,0.024,0.8320000000000001,102.24
2atjkckR6clgcgfRyVbuOd,Que Nada Nos Separe,['Mijares'],225373,2011,False,,0.634,0.732,0.11900000000000001,0.39299999999999996,120.037
5yM5W7N1FiQAO1GjKraoWq,Quelques Paroles,['Byn'],142132,2020,False,,0.7440000000000001,0.491,0.0453,0.42100000000000004,180.019
6lGgZNBmHSHdPxsFZJED00,Que Le Den Candela,['Celia Cruz'],303464,2008,False,,0.664,0.87,0.725,0.963,109.081
2eDHzKylkfAOXsBjBpLVm1,Quimbara,['Celia Cruz'],385985,2008,False,,0.586,0.888,0.614,0.9640000000000001,112.876
5Xq9Ii12XEAcLuwsf483qF,Quantum God,['Algebra'],353867,2019,False,,0.278,0.9279999999999999,2.33e-05,0.23199999999999998,102.11399999999999
2JUacjAVmtNDdzAyUn3LtO,The Future is Here - Quantize Remix,"['Aerospace', 'Quantize']",422253,2013,False,,0.6859999999999999,0.777,0.00143,0.345,137.004
0E7zao5iQ7RDwUPv8s7g9G,Question!,['Crackazat'],151249,2020,False,,0.391,0.846,0.0011099999999999999,0.5760000000000001,189.139
1yM0D2N8ZRiEAvUi06wTTw,Quarter Branles,['Whirligig'],283933,1997,False,,0.0752,0.278,0.361,0.0644,78.298
5p5Yr0icF0rlDRhETYoevg,Quantic - (Mixed),['Øostil'],137947,2019,False,,0.6659999999999999,0.598,0.0068,0.0368,126.98
70FxY0PhkiqavysQRqGJb4,Quick Enough,['Tok'],274773,2008,False,,0.5710000000000001,0.885,0.000132,0.461,121.96600000000001
7BaNFp9lCEax5E9MiMOUoW,Queen of the Streets,['Wolfchild'],303680,2006,False,,0.606,0.5870000000000001,0.00035800000000000003,0.53,93.06
0HDolWNQ1yzADpehS3kWAF,Mississippi Queen,['Mountain'],149480,2009,False,,0.513,0.705,0.0193,0.5820000000000001,140.25799999999998
3fwKZu5ZWO4i0xggdszu7I,Quest,['Rollamp'],160440,2004,False,,0.252,0.662,0.917,0.578,135.915
7JLoAyKhCy4E0QKCZAtpMZ,Quake II,['GRRL'],195000,2020,False,,0.502,0.9990000000000001,0.00395,0.265,160.033
5ysrRd2EiGlPoEVVHu9nGF,Vitamins,['Qveen Herby'],140000,2019,True,,0.9079999999999999,0.6990000000000001,0.08,0.655,100.00299999999999
1xMtCg3FpZ29WvusY1UkvE,Pink Cadillac,['Qveen Herby'],138455,2019,True,,0.7290000000000001,0.613,0.0183,0.426,109.971
5sHe6fUJFaPgXEKJtEyjvb,Cheap Talk,['Qveen Herby'],130000,2019,True,,0.878,0.6920000000000001,0.0577,0.141,141.986
0VUDInz0ezCUkfvFqyT9lP,Before,['Qveen Herby'],153699,2019,True,,0.67,0.551,0.226,0.45399999999999996,146.067
7fkIB4sxTQWuiOlw41JPBS,Confetti,['Qveen Herby'],147314,2019,True,,0.701,0.5529999999999999,0.139,0.079,121.094
5m2PJM2WvYlaWuDog6Zg7n,GUCCI,['Qveen Herby'],208095,2017,False,,0.8370000000000001,0.597,0.0604,0.485,126.09
0ItoMRUIZjZLkbkaemk46l,BUSTA RHYMES,['Qveen Herby'],187981,2017,True,,0.745,0.66,0.303,0.35700000000000004,147.055
3AXwiFwYZjyX9eCzBs08p9,ZOMBIE,['Qveen Herby'],189595,2017,True,,0.852,0.794,0.0209,0.514,145.995
69YmDYKQ3llqfHwV0S6QTh,WILD,['Qveen Herby'],186840,2017,True,,0.8590000000000001,0.6759999999999999,0.0544,0.354,124.021
7x8zWVYNj6HA8QtneR0tR4,TIL WE GET BY,['Qveen Herby'],213517,2017,True,,0.6940000000000001,0.6890000000000001,0.0057399999999999994,0.74,147.066
2JLeVtSNQ1sQYD4SdeadRU,Wifey,['Qveen Herby'],201402,2017,True,,0.777,0.664,0.237,0.39,127.961
1YMUZbO3lw5S8jn6KSfhCG,Bank,"['Qveen Herby', 'Monogem', 'Maliibu Miitch']",214102,2017,True,,0.741,0.625,0.0346,0.512,141.084
355N5selDsgEMLzUNkNHUW,Holiday,['Qveen Herby'],188103,2017,True,,0.715,0.74,0.0123,0.29100000000000004,96.462
6N9e9fj2zm50ZwtFYMzWOu,Well Dressed,['Qveen Herby'],204414,2017,True,,0.753,0.605,0.17600000000000002,0.5579999999999999,154.87
6c5MB3PHLEdH7Fpi9LmLF1,Love Myself,['Qveen Herby'],184452,2017,True,,0.759,0.8490000000000001,0.071,0.536,125.971
3AgAu92XRjoUaElAJhgtuS,BDE [live],['Qveen Herby'],124563,2020,True,,0.875,0.244,0.879,0.627,138.998
6KLp5T7bSbaxE2GkRpDYso,Mint [live],['Qveen Herby'],128528,2020,True,,0.89,0.396,0.14400000000000002,0.5539999999999999,85.00200000000002
67E85AhkScujFesHpWnGE8,Sade in the 90s [live],['Qveen Herby'],123404,2020,True,,0.835,0.293,0.9329999999999999,0.628,131.459
3fmS8H9LaDNiEVczIXBklj,Beverly Hills,['Qveen Herby'],199895,2018,True,,0.513,0.602,0.0842,0.544,134.946
3gZeHt8z5Myluixtzl12Ts,Alone,['Qveen Herby'],192951,2018,True,,0.462,0.5,0.272,0.261,183.638
4A8N3DKQqxTPVCfPbgf3uU,$IP,"['Qveen Herby', 'Sonyae']",163610,2018,True,,0.736,0.721,0.126,0.55,147.003
6JoWco4lLCZdjDPLxVTZ8J,Nintendo,['Qveen Herby'],197666,2018,True,,0.7040000000000001,0.597,0.425,0.6759999999999999,143.053
0pwNJGflGj0VZWm8fmIo1X,Pray For Me,"['Qveen Herby', 'Farrah Fawx']",162875,2018,True,,0.64,0.7040000000000001,0.366,0.647,169.94099999999997
6O95QSXM9HcTXI0nsV8KYb,My Man,['Qveen Herby'],170919,2019,True,,0.578,0.664,0.253,0.47600000000000003,157.7
3vxhNJu4fdA314EBK36x7N,BDE,['Qveen Herby'],170127,2019,True,,0.738,0.632,0.092,0.64,157.966
20swVKJfbFcPWfyzCpHipr,Brunette Ambition,['Qveen Herby'],170919,2019,True,,0.6729999999999999,0.7040000000000001,0.0686,0.264,117.958
3IPTxYpDReCtPfZ1bLfl7M,310,['Qveen Herby'],189205,2019,True,,0.6829999999999999,0.631,0.0559,0.609,145.002
3LOyKJtxNh5C9nw634gPFI,On God,['Qveen Herby'],184607,2019,True,,0.44799999999999995,0.58,0.0969,0.228,191.74200000000002
1EJhsUZrnvhK1tNr4Lcziz,New Bitch,['Qveen Herby'],197002,2019,True,,0.76,0.635,0.0469,0.514,147.994
2cBsRp8JD9XZV573ua5ONi,Mint,['Qveen Herby'],178167,2019,True,,0.7490000000000001,0.662,0.0306,0.245,89.994
3sxUm18yPkjuF9xcZuRvbP,Mozart,"['Qveen Herby', 'Blimes', 'Gifted Gab']",192995,2019,True,,0.8140000000000001,0.652,0.0157,0.493,115.995
4RKfpKc8M3gkpsQWiX49IF,Trophy Girl,['Qveen Herby'],167028,2019,True,,0.718,0.617,0.0244,0.285,101.05
4JN3cehi8FEDn5JEeg76Mu,FWM,['Qveen Herby'],193724,2019,True,,0.7609999999999999,0.5489999999999999,0.18600000000000005,0.597,96.001
5dXgDh8xHpb9UQdwiXnQh9,Quittin time,['MATT MCCOURT'],196200,2004,False,,0.255,0.8270000000000001,0.09,0.26899999999999996,140.166
3cv6NEBI1vM9cfhqkJjTdV,12 Balas,['Quemasantos'],351625,2015,False,,0.5720000000000001,0.9620000000000001,0.0017699999999999999,0.401,119.973
5egFeKhrWuc2k8pCBzCgsN,Seda y Acero,['Quemasantos'],349971,2015,False,,0.608,0.9209999999999999,4.36e-05,0.5479999999999999,132.047
12HIOPfAYruReX7c8yY9Xj,Somos Legion,['Quemasantos'],231878,2015,False,,0.536,0.9570000000000001,0.000156,0.614,95.98
6gudW3Inq6H1lfhHuA2tpO,Hold on to Love,['Queenmaker'],238299,2020,False,,0.504,0.621,0.000226,0.34299999999999997,93.01799999999999
3a535qQvMqyjV8K0J2OOmq,Often,['Quada'],149388,2019,True,,0.5760000000000001,0.6559999999999999,0.247,0.747,127.93
3GTGQ6PIKOe24tIoyPaB1y,Str8 Flip - Original Mix,"['Qumulus', 'Clart']",382940,2014,False,,0.599,0.973,0.00536,0.307,173.03400000000005
02qP0xzaorlzjDnEuqAmDN,Quebec Reel etc.,['KGB'],312933,1996,False,,0.659,0.526,0.883,0.961,113.37799999999999
3GuliNti6PIEJoqUoPp8Wl,"Q, Mike, Slim, Daron - Interlude",['112'],118200,2001,False,,0.68,0.38799999999999996,0.578,0.742,87.36
2lbkAaperwe0XDKTX35khz,Let Me Out,['Barbe-Q-Barbies'],182253,2016,False,,0.621,0.912,0.000525,0.614,126.014
4kgCNWG1OBjtzWzTYTUHWt,Qewe,['Cavedoll'],214387,2008,False,,0.584,0.86,0.000233,0.6409999999999999,95.021
2RvcQW8TigY1IvnYt9wQID,Queda,['Mau'],217320,2019,False,,0.546,0.302,0.792,0.157,136.0
2eLMlIXTQEQkLFyH31hVFE,Confuso,['Quinto Livello'],315107,2000,False,,0.47,0.9059999999999999,4.3e-05,0.5720000000000001,152.001
06ItC75J4YqNWgYdPPFysy,Quiero Saber De Ti,['XOchitl'],224533,2005,False,,0.6629999999999999,0.613,0.496,0.7509999999999999,78.484
0UTJ797JfrOFb2P2we5pHE,Quelqu'un,['Anggun'],206853,2005,False,,0.547,0.8340000000000001,0.0489,0.58,84.992
2g6NmlPOiUlP9DJ7el8k8B,Good To Me,"['Maha Quest', 'Maha & Doro']",306977,2019,False,,0.609,0.627,0.00318,0.7140000000000001,172.09400000000005
6Zeu4P8DUnwOB9s8ODls1Q,Check,['Qveen Herby'],130526,2020,True,,0.8270000000000001,0.897,0.0896,0.568,113.978
60dribcUf3rXfxF2BRt8wW,Miss Thang,['Quanna'],154305,2019,True,,0.8859999999999999,0.316,0.0013,0.20199999999999999,74.99600000000002
1qfSFmw0wxOFj8e7d1I6z8,Says Who?,['Quanna'],155951,2019,True,,0.889,0.609,0.285,0.415,150.089
07UgpEfGx7M55FV3mwRHgl,Jig,['Quanna'],209189,2019,True,,0.9229999999999999,0.894,0.0788,0.6759999999999999,142.079
0jXOi6laeLSlZ6yd5HNXTw,Big Mama,['Quanna'],163030,2019,True,,0.894,0.713,0.00373,0.4270000000000001,143.002
2bjmApSL2f9j9Qzet5qTLG,Got That Work,['Quanna'],236852,2019,True,,0.818,0.775,0.196,0.23600000000000002,129.998
01z6e8vLn3beDWDjsAqDYF,Remember Me O Mighty One,['Alcoa Quartet'],177773,2002,False,,0.252,0.11699999999999999,0.9740000000000001,0.313,81.134
59ig4DQyfN6K2kBDlVUzXh,Quote-On-Quote,['Peyton'],241189,2019,False,,0.389,0.0232,0.9570000000000001,0.135,110.038
2zuFoc4uzlJgNtu2fO2SIr,Dork in the Dark,['Quichenight'],133285,2019,False,,0.27899999999999997,0.9790000000000001,0.00716,0.45799999999999996,152.188
0hHn1wzZPmEUb5PiNHCk4d,Magical Thing,['Quichenight'],216397,2019,False,,0.318,0.82,0.00463,0.425,123.617
5CnIuLOaEMO7FjF2clppkk,Always a Car,['Quichenight'],178031,2019,False,,0.33899999999999997,0.9640000000000001,2.7000000000000002e-05,0.745,143.637
7vH4RevmbCLO8geBy8lWgB,Big Noise from Rayon City,['Quichenight'],244244,2019,False,,0.369,0.821,0.00565,0.706,124.772
4KVaNQztzqp0vCnsg3YbTl,Alpine Reservoir,['Quichenight'],191869,2019,False,,0.282,0.7090000000000001,0.0075,0.715,173.359
7D31H8gWAcsAO3klbMDbuL,Come Together,['Quichenight'],176934,2019,False,,0.488,0.893,0.0015,0.629,104.477
7vVeKzkdR203VzW2WYnc58,Ots,['Quichenight'],200101,2019,False,,0.426,0.76,0.0036,0.855,134.80200000000002
1ll3654rbo0V1SveZEXlsa,Quichebeat 2019,['Quichenight'],152576,2019,False,,0.5920000000000001,0.898,0.0191,0.6579999999999999,111.28
2JPyxm8zFba3SqkwTpWcIU,Human Ghost,['Quichenight'],145251,2019,False,,0.435,0.9359999999999999,0.000401,0.633,129.08100000000002
4PriD5gJ1KSCzd3MhNVVru,Alpine Reservoir - Reprise,['Quichenight'],202379,2019,False,,0.638,0.769,0.0782,0.897,81.307
1JyYYxsQVs4S5NiU52AvQ1,Duke's,['Quichenight'],201429,2019,False,,0.423,0.9520000000000001,0.00026000000000000003,0.483,130.789
2LKW499m2nVxbN4DWB3wIW,Take It Hard,['Quichenight'],163040,2019,False,,0.305,0.7929999999999999,0.000588,0.768,146.08700000000005
0zKCbqL9nB4Z8jaQCWgYm2,Good & Well,['Quiet Company'],248920,2019,True,,0.304,0.47700000000000004,0.0909,0.085,120.089
2LhVHhC6AcGVL9kXKadXoW,Red Right Hand,['Quiet Company'],174707,2019,True,,0.47100000000000003,0.932,0.000307,0.446,137.985
3IuASC3YfjLWtpyLe7COXd,All Things New,['Quiet Company'],241027,2019,True,,0.433,0.69,0.42100000000000004,0.509,171.02900000000002
5nvxAQeyla96KCooCsYKno,"The Alone, Together",['Quiet Company'],276000,2019,True,,0.27,0.93,0.00545,0.22399999999999998,82.484
7KnW4e4CijnAO7sdQ9jGxK,Aloha,['Quiet Company'],227627,2019,False,,0.601,0.34700000000000003,0.302,0.11800000000000001,106.021
2djD8FlvFDBPPWSmWSg78o,Quiero Gritar,['Raymundo'],225907,2012,False,,0.441,0.8240000000000001,0.252,0.535,165.833
6j2uQMnYDxl6A3TrAWAG4Y,Two of Hearts,['Stacey Q'],237533,2018,False,,0.852,0.523,0.0833,0.65,130.154
34nUo3HYWSjCxsI3RZKXRz,Life - Live,['Queen Latifah'],327733,2010,False,,0.623,0.645,0.35200000000000004,0.672,79.89699999999998
5MptMf7ZLLZWadIVyrFvJS,Quantum of Peace,['Peter Pearson'],369730,2019,False,,0.242,0.131,0.769,0.0348,147.251
2doZg6W1WikYPUYIT9K9Gn,All These Problems,['Quando Rondo'],165603,2020,True,,0.674,0.494,0.0714,0.285,84.24799999999998
6DTbXmaAUQwXetYiEGQiA9,Shooters & Movers,['Quando Rondo'],161616,2020,True,,0.7979999999999999,0.486,0.49,0.261,133.084
2iPhjzrzSUcdYjzUvCnV32,Way Up,['Quando Rondo'],156143,2020,True,,0.723,0.78,0.20199999999999999,0.596,138.955
1VjcM3iyssguZLGvHNex5d,Pain & Process,['Quando Rondo'],132017,2020,True,,0.7859999999999999,0.757,0.242,0.615,81.46600000000002
1geqCxsEECSCE4eljNckJ8,Don’t Pray For Me,['Quando Rondo'],163993,2020,True,,0.517,0.772,0.11699999999999999,0.524,89.95200000000001
5W3LMdgcgluTJJw3SNOErW,Pain Inside Of Me,['Quando Rondo'],104985,2020,True,,0.5660000000000001,0.614,0.10300000000000001,0.5820000000000001,138.097
1Lf01XCnzM4D1XkXengK0X,Downfall,['Quando Rondo'],219429,2020,True,,0.84,0.76,0.317,0.895,105.035
1CoNjqbt2abmsERCVEp1kT,Soldier,['Quando Rondo'],126316,2020,True,,0.48,0.664,0.027999999999999997,0.392,101.227
03VDnyuTChOLzjlEWQuaaV,Materialistic Pain,['Quando Rondo'],143673,2020,True,,0.6509999999999999,0.628,0.496,0.0886,147.071
6AgCfsdjPTWtTX5a3ZbmRE,Lullaby,['Quando Rondo'],214787,2020,True,,0.614,0.6859999999999999,0.271,0.3720000000000001,77.57
4d8eR0TcGHN8DmlPIwA1pd,Flawless,['Quando Rondo'],147598,2020,True,,0.523,0.774,0.19399999999999998,0.428,154.36700000000005
1iAffvE151oVDL5Qv0MH4Y,In My Feelings,['Quando Rondo'],220421,2020,True,,0.6890000000000001,0.715,0.142,0.76,157.076
1qQz4BWJM6gTlQSpAxGg9Q,Depression,['Quando Rondo'],163239,2020,True,,0.628,0.602,0.29100000000000004,0.4320000000000001,77.9
3ARMBZySVGYs7Nr2OJQgGj,Time For,['Quando Rondo'],128292,2020,True,,0.636,0.7959999999999999,0.163,0.315,170.04
4TymS1LMM3kMzSUY4NMnf5,Beneficial Love,['Quando Rondo'],156306,2020,True,,0.5539999999999999,0.741,0.528,0.799,109.197
0WkcOmiL4eaRJty5pHHSgh,Felon,['Quando Rondo'],125000,2020,True,,0.777,0.644,0.151,0.54,79.969
5xEcGtqguJdrLRdy72GLR3,Blitz,['Lil Quill'],166584,2020,True,,0.812,0.5870000000000001,0.00217,0.424,139.951
7ccY4h40Ws5Jew8CSbuP0A,Did It Again,['Lil Quill'],166728,2020,True,,0.809,0.365,0.0449,0.19399999999999998,140.183
1H2gQAwOLLklPOxd6uxRHf,Feel Like,['Lil Quill'],179448,2020,True,,0.875,0.43799999999999994,0.0454,0.575,129.954
5IsPzjsIbiMxvzYyODxV3r,Need for Speed,['Lil Quill'],145464,2020,True,,0.8420000000000001,0.67,0.0015199999999999999,0.426,148.036
2HoQ16UVLCptl498AUDxIs,7 Am,['Lil Quill'],152633,2020,True,,0.82,0.48100000000000004,0.22899999999999998,0.447,139.96
7epzLmSzb3m9Rt5aTvSfrb,Hold Tight,"['Lil Quill', 'Yung Mal']",176771,2020,True,,0.937,0.455,0.0351,0.18,131.987
0fezBoJGI6s13tAlVLvWnv,"Queen B ""Glitched & Bent Mix""",['Puscifer'],305317,2008,False,,0.6679999999999999,0.833,0.00675,0.22399999999999998,102.211
70hOQcvTHa0P4yhk9iriA5,"Queen B ""Narcovice Mix""",['Puscifer'],188389,2008,False,,0.654,0.852,0.0928,0.44799999999999995,125.988
51206vFh5RmtMYIzmCzQw2,Stacy - Acoustic,['Quinn XCII'],182187,2019,False,,0.638,0.35100000000000003,0.816,0.45799999999999996,98.166
0F62PzyFcea4vj4GXravto,Broken Love,['Quarantino'],156960,2020,False,,0.617,0.792,0.0497,0.3720000000000001,125.084
0Kc5BAGSKFHIYPtIlepyMp,Queenmoth,['Liyv'],62769,2019,False,,0.259,0.253,0.306,0.077,85.022
6Hng8UmcLyUMUdRibTJYUP,Goodbye Horses (Single Edit),['Q Lazzarus'],187720,2017,False,,0.772,0.409,0.0896,0.495,125.476
0uaykLzWyKaqyCEbmQFwug,Goodbye Horses (Demo 1),['Q Lazzarus'],245724,2017,False,,0.679,0.373,0.508,0.305,125.325
6xuLGfgic52EH2worjcxCv,Goodbye Horses (Demo 2),['Q Lazzarus'],296412,2017,False,,0.716,0.621,0.348,0.644,123.855
4BzcIXhrymmDQs2yhIpGA5,Tears of Fear - Demo,['Q Lazzarus'],252325,2017,False,,0.662,0.767,0.243,0.8190000000000001,117.366
2RP7iteWsP8afuVr7YVD43,Transformation - Demo,['Q Lazzarus'],269298,2017,False,,0.863,0.565,0.221,0.965,125.556
4qbqfh316OloWWXEt6Lw4B,Love Dance - Demo,['Q Lazzarus'],348410,2017,False,,0.578,0.741,0.589,0.617,109.88799999999999
2tFFF1n0rvTcvuwtFdzMOA,from Libro de música Vihuela intitulado 'Silva de Sirenas': Conde Claros,"['Enríquez de Valderrábano', 'Toyohiko Satoh']",151560,1991,False,,0.7070000000000001,0.0607,0.991,0.47200000000000003,70.689
4seJpCAtgnV4jw5JvflAnh,from Libro de música Vihuela intitulado 'Silva de Sirenas': Discantar Sobre Un Punto,"['Enríquez de Valderrábano', 'Toyohiko Satoh']",209973,1991,False,,0.6709999999999999,0.10099999999999999,0.995,0.361,104.73200000000001
70IuNfzUYbW6BfXzi923rk,from Libro de música Vihuela intitulado 'Silva de Sirenas': Siete Diferencias Sobre Guardame La Vacas,"['Enríquez de Valderrábano', 'Toyohiko Satoh']",210160,1991,False,,0.42,0.0622,0.993,0.469,112.116
0V0C2hkwARoupZGilDMcTb,from Libro de música Vihuela intitulado 'Silva de Sirenas': Soneto Lombardo A Manera De Dança,"['Enríquez de Valderrábano', 'Toyohiko Satoh']",115133,1991,False,,0.401,0.125,0.993,0.894,78.2
5VRuzcTwSV23pXWfkkBYT7,from Libro de música Vihuela intitulado 'Silva de Sirenas': Diferencias Sobre Conde Claros,"['Enríquez de Valderrábano', 'Toyohiko Satoh']",609467,1991,False,,0.34299999999999997,0.0594,0.992,0.401,64.166
0DuPdrmafyWCSuW7bePNcv,Boleritza,['Megitza Quartet'],216000,2008,False,,0.478,0.45799999999999996,0.13,0.625,144.841
5arcXd5aH8yuPaWHXYiWMx,Mamo Temera,['Megitza Quartet'],266000,2008,False,,0.462,0.547,0.496,0.604,118.679
0Ejqj2ADRG35sy9jbO1WzK,Cisza - (Silence),['Megitza Quartet'],195000,2008,False,,0.521,0.5,0.413,0.33899999999999997,143.105
3wF1oqfRzFwEYcmICO1ubD,Goralskie Serce - Highlander's Heart,['Megitza Quartet'],215000,2008,False,,0.19899999999999998,0.365,0.41200000000000003,0.22,80.074
2C0RzfBSHY3KfEZaQzpe2s,Krywaniu,['Megitza Quartet'],345000,2008,False,,0.455,0.46799999999999997,0.5329999999999999,0.226,110.089
1ddvWim63jnzbWpluO7klI,17_14,['Megitza Quartet'],197000,2008,False,,0.685,0.52,0.461,0.5760000000000001,124.87100000000001
5gyPG99DM18mZhfZKw18cf,"Gelem, Gelem",['Megitza Quartet'],302000,2008,False,,0.29600000000000004,0.5770000000000001,0.434,0.341,91.71
0NEFVpqZo3SUFOP1luLXzL,Wesolo Dolina - Happy Valley,['Megitza Quartet'],78000,2008,False,,0.239,0.0662,0.893,0.0459,74.328
48pqo5zBnrIZTjpEGD075z,Quenelle sauce mafé,['Dieudonne'],206934,2017,False,,0.721,0.591,0.61,0.963,120.838
2OnGMuHTPcrujUdylLqmew,Tfael Belkheer,['Qideyt'],168398,2020,False,,0.669,0.8270000000000001,0.00512,0.423,127.98200000000001
3nVHCPvm2ypkiYdTAOsV6u,Quiet as the Dead,['Seeming'],245689,2020,False,,0.669,0.51,0.000484,0.652,109.99
7FocmJlm31Dxiwc94EIJiH,Love Has Found Me Somehow,['Quiet Company'],179413,2013,False,,0.685,0.513,0.584,0.894,129.97299999999998
2I2r37JC7shAHXmgzm4sUE,Quiero Saber,['Odyssey'],154620,2018,False,,0.62,0.175,0.856,0.134,115.338
47SM3d4NOntL5F6oMfk31U,Reckless,['Colm Quearney'],228933,2001,False,,0.56,0.601,0.0721,0.753,113.988
7ozfBnj5CozkvS6Uq5beFx,Lanscapes,['Colm Quearney'],129680,2001,False,,0.48100000000000004,0.35200000000000004,0.659,0.335,72.062
1gNbUfn2uUwIXy4W0UCq4P,Riches Of The Poor,['Colm Quearney'],214587,2001,False,,0.391,0.4970000000000001,0.701,0.43799999999999994,142.501
39nrsyy5VuG5FYLlDZ8vP0,Gan Spleachas,['Colm Quearney'],137587,2001,False,,0.5,0.493,0.7190000000000001,0.278,142.50799999999995
1sbCNYuskzkkuY2RwLCX8j,The Light,['Colm Quearney'],231187,2001,False,,0.358,0.738,0.446,0.446,80.105
1ighpIn2hnmMvbSvmFZzZ3,Under The Stars,['Colm Quearney'],209853,2001,False,,0.49,0.591,0.517,0.4370000000000001,135.091
48urONLXvtCOc7GPvwaWvl,Blame,['Colm Quearney'],209587,2001,False,,0.551,0.37,0.8959999999999999,0.154,126.721
63YXuRpZbjdTaQ4WmlaDyw,Matador,['Colm Quearney'],204493,2001,False,,0.486,0.489,0.664,0.38,68.531
3NRzQLetoYIEHpEPx4HsJI,Navigator,['Colm Quearney'],212093,2001,False,,0.46799999999999997,0.835,0.0292,0.284,82.01799999999999
74EzuTXcfLH5xLQhSW0h4b,Strange Vibration,['Colm Quearney'],528213,2001,False,,0.47,0.48100000000000004,0.441,0.17600000000000002,116.042
5oYuOxvmbtJpN6pa84BSb2,No Pulse,['Q'],260000,2004,False,,0.53,0.7829999999999999,0.00114,0.833,122.445
7oR6h3i2GROctb7ZBHRUbZ,Carol,['Q'],171267,2004,False,,0.4970000000000001,0.5820000000000001,0.0239,0.63,104.874
1LM82jTfof4zDK5rEnLjQN,Stop the World,['Q'],257453,2004,False,,0.397,0.575,0.228,0.374,135.726
4eXsfcrhuDyZGhoIKRkZtU,Rosetta,['Q'],179893,2004,False,,0.5529999999999999,0.757,0.0061200000000000004,0.861,112.794
6ARQV2QLZlzZcSRvWHkYlU,Bright Star,['Q'],234680,2004,False,,0.485,0.484,0.696,0.134,136.666
6PQ89U6LGKfOFO3p0ozDBm,Himalaya,['Q'],164600,2004,False,,0.706,0.284,0.857,0.6629999999999999,100.00200000000001
6820XS6FZq0NZffXvVnC7M,Cherokee,['Q'],213693,2004,False,,0.34299999999999997,0.573,0.00116,0.282,108.637
3Dh75XKsIhTZfQoqOpOAHm,Flags,['Q'],177680,2004,False,,0.434,0.5479999999999999,0.0162,0.53,139.185
3eg4tztQ9U5U0pYLTT8oqO,Ingrown Cheekbones,['Q'],190213,2004,False,,0.35,0.565,0.365,0.255,141.993
4Iz40Q3yfGSLQXm1yHwOJg,Broke Down Engine,['Q'],240800,2004,False,,0.434,0.21600000000000005,0.5489999999999999,0.152,135.628
4xoEGH3J7THVr35TnGmanW,Baby Lets Dance,['Q'],243027,2004,False,,0.552,0.435,0.502,0.632,168.11
5yF8x2IrvJDJBUXj5GtBU3,Sail On,['Q'],270867,2004,False,,0.609,0.643,0.0758,0.7490000000000001,92.544
74s7IWFpjAQbRsSpKaShEZ,The Cats Pyjamas,['Stano & Q'],202733,2010,False,,0.7140000000000001,0.6579999999999999,0.0362,0.594,116.0
1ANOEZ7wQcbpjCAlCfQwoR,Milly,['Stano & Q'],270827,2010,False,,0.626,0.505,0.0644,0.648,180.108
12DRR5K68I2M5UAzZxqDbS,Can't find my way home,['Stano & Q'],352853,2010,False,,0.6409999999999999,0.517,0.00028900000000000003,0.677,79.929
7IeWUTPGhzwixyC4Fi8SPA,Strange ways we are,['Stano & Q'],277400,2010,False,,0.307,0.478,0.5479999999999999,0.355,134.952
3jlBRXyQAvsSq3jPycdeZJ,Bees Knees & Spiders Ankles,['Stano & Q'],338667,2010,False,,0.691,0.642,0.00686,0.11800000000000001,114.29899999999999
1629vCqc5duTRlih37ne8j,Trallywaggers Visitation Rights,['Stano & Q'],249387,2010,False,,0.223,0.35700000000000004,0.012,0.155,210.997
7yHWcBzAgle8kVGSYXMAbk,Country Under Water,['Stano & Q'],282200,2010,False,,0.732,0.42,0.015,0.299,119.985
0OOB2gPuc06vkF9xuyTmjv,"The Back of Beyond, Where Spiders Walk on Crutches",['Stano & Q'],321547,2010,False,,0.35100000000000003,0.664,0.0551,0.255,120.82
4kgtpN7kjQZFsZu3MW78oB,Quiescence in Thine Eyes,['Hypnosense'],900000,2020,False,,0.157,0.508,0.958,0.067,81.031
34JhbMeI08KODx5YnlDpxl,Fuertes Ancestros,['Xavier Quijas Yxayotl'],195040,1994,False,,0.6970000000000001,0.9209999999999999,0.174,0.0368,114.181
4xVEi7kw2ZX38oblIgx8d3,Sunset,['Xavier Quijas Yxayotl'],312867,1994,False,,0.387,0.298,0.0205,0.039,136.145
0GyqAfjBfkBNsk1cWsUsxU,White Eagle,['Xavier Quijas Yxayotl'],295893,1994,False,,0.727,0.925,0.292,0.17600000000000002,104.825
0VUIKAEtHT8v9dXohwAXaV,Danza Festiva Nahua,['Xavier Quijas Yxayotl'],144707,1994,False,,0.42,0.508,0.452,0.273,109.389
3If1SwxtXoDvGO0cBTHsin,Mazati - Venado Deer,['Xavier Quijas Yxayotl'],260293,1994,False,,0.607,0.7140000000000001,0.708,0.0651,126.77799999999999
3GqAjOH4K0PljUPgKhAfqe,Cosmic Jaguar,['Xavier Quijas Yxayotl'],552107,1994,False,,0.494,0.569,0.361,0.10300000000000001,114.363
1H7kTYwMI9LfLgZgpzMlmA,Flight of the Eagle,['Xavier Quijas Yxayotl'],412427,1994,False,,0.46399999999999997,0.649,0.28,0.0556,97.585
1yqiqL7NFcDG7KWX1R2aCc,Tezcatlipoca (God of the Darkness),['Xavier Quijas Yxayotl'],353000,1994,False,,0.355,0.978,0.265,0.0368,83.476
280qPbfD8swDrpALfWAnFo,Queen Babylon,['Winger'],270920,2014,False,,0.48200000000000004,0.851,0.00236,0.612,92.978
04FUJksDiyQ2EEafKXS5Qv,"Quark & Charm, The Robot Twins",['Momus'],248627,2016,False,,0.86,0.6579999999999999,0.135,0.922,145.629
5ySCK92p4PJlKV9qSSs3Iy,Qazaq Dalasy,['SevenSins'],113551,2020,False,,0.525,0.511,0.0105,0.215,105.06
1uQQ7fcHrIaZWVcAw6nmro,Que cante el Figueras,['Decibelios'],181960,1994,False,,0.455,0.715,0.0851,0.8059999999999999,138.60399999999998
2eKZZRKe1WM4G4jMvBsWCJ,Atoned Deaf,['Dead Quiet'],377627,2020,False,,0.249,0.96,0.0007559999999999999,0.20600000000000002,93.204
1FahTEsMn84vOA6SUZQpjB,Forever Unsung,['Dead Quiet'],290711,2020,False,,0.262,0.902,0.0113,0.4370000000000001,126.029
6R4bThwVgyRyDBaxNc1Ohl,Of Sound and Fury,['Dead Quiet'],365684,2020,False,,0.262,0.925,0.00305,0.374,84.963
3nAGVwtx48Og9MVIXpVIE9,Truth and Ruin,['Dead Quiet'],382738,2020,False,,0.177,0.758,0.0241,0.263,86.23200000000001
3EU33ClBiwJPDUeGDjQ9lF,Partial Darkness,['Dead Quiet'],360477,2020,False,,0.342,0.927,0.00164,0.302,130.13
0u56PniQ9Oo7nYOXfj6wqK,The Sign of a Sealed Fate,['Dead Quiet'],392880,2020,False,,0.426,0.777,0.0062,0.327,132.291
1wHDozPXGEJ3vHqm6KROSo,Cold Grey Death,['Dead Quiet'],577017,2020,False,,0.239,0.8290000000000001,0.0050100000000000006,0.151,131.102
3jJi6gp23AKgK0UY5nSgO5,Queen of Nothing,['Unbunny'],165973,2008,False,,0.32,0.41600000000000004,0.285,0.0389,140.812
4oIEL08yo5tuUY0BM9AvHy,Ain't Even Tripping,['Chaotic Queen'],209502,2020,True,,0.8390000000000001,0.5670000000000001,0.0059299999999999995,0.381,109.992
2Y0lKbXz4CtAooblM3CHv8,It Is What It Is,"['Chaotic Queen', 'Marcus Money']",319681,2020,True,,0.711,0.645,0.239,0.73,110.01
7C5DAwv04lelqLLipwRuLH,Like A Drum,['Quakers'],77606,2020,True,,0.7709999999999999,0.9279999999999999,0.0006190000000000001,0.922,105.3
6miFzy45tKGhs2bbEZHIAZ,Speak 2 Me,['Quakers'],96576,2020,False,,0.575,0.809,0.544,0.457,154.283
6N2ivDrHSQHxLWMSTR3x1j,Loud Music,['Quakers'],57884,2020,True,,0.75,0.7,0.287,0.813,85.383
0NZj3PrZ3ZQq99TW4mWmYX,Lets Get It,['Quakers'],85685,2020,False,,0.465,0.721,0.0657,0.531,75.155
2ZOV41QsPH4fiSLMLlW8JS,Life’s Highway,['Quakers'],89789,2020,False,,0.664,0.466,0.698,0.25,88.194
3z9bLGMLO3EARgZhHZ6GlK,Flavor,['Quakers'],59785,2020,False,,0.703,0.7120000000000001,0.7140000000000001,0.522,159.186
6RTx7ZKNgoycIzINJn2iIr,Down Here,['Quakers'],51760,2020,False,,0.6709999999999999,0.785,0.0013599999999999999,0.914,115.382
1krAx9xSJmTCoLUaHeDGJw,My People,['Quakers'],42819,2020,True,,0.5720000000000001,0.638,0.223,0.507,100.932
1v3FYDZNjkGuoyUIKG87CN,It’s Here,['Quakers'],83570,2020,False,,0.6,0.835,0.036000000000000004,0.309,88.95299999999996
1FkUAZrx2owim1XiQoahZV,Listen,['Quakers'],56707,2020,False,,0.4370000000000001,0.662,0.0547,0.317,85.765
53TebrziuZtWVYU8B2ku5X,Producer,['Quakers'],62198,2020,False,,0.599,0.718,0.00114,0.77,82.069
1aTSFxr2WB3uKn3p7dEcjQ,I Know,['Quakers'],63787,2020,False,,0.24600000000000002,0.688,0.129,0.6779999999999999,176.77599999999995
4xqtttGYwIi2BTc5NBiN9Y,The Gravy,['Quakers'],56762,2020,False,,0.48200000000000004,0.778,0.078,0.265,137.976
1Iu22ibFQb9Y3qJV4BRcG4,Meditation,['Quakers'],68694,2020,False,,0.489,0.8,0.48200000000000004,0.5329999999999999,75.16
4HziIm8ONB8ocx0nIjqiIN,Magic,['Quakers'],39123,2020,False,,0.737,0.873,0.8170000000000001,0.765,104.346
7EGluAC2YDMOEPKGUgB9KE,Power Struggle,['Quakers'],65948,2020,False,,0.637,0.917,0.163,0.413,91.427
6RlHpF6KjUQ1lE75l4DInU,Boogie Electric,['Quakers'],94838,2020,False,,0.41,0.45,0.0429,0.488,168.16400000000004
5Omic1nCZETzePJvsqKnxe,Low Gear,['Quakers'],61680,2020,False,,0.45899999999999996,0.835,0.23199999999999998,0.195,188.18
5wPICpcd5ZKA2jzADKuehI,Oh Shit,['Quakers'],55407,2020,False,,0.517,0.7829999999999999,0.00782,0.0706,78.98100000000002
5843uR482TtijUHnPszByv,Blow Out,['Quakers'],35243,2020,False,,0.505,0.8079999999999999,0.10099999999999999,0.0873,78.813
6X8qdPYuyodiMiz8PtWtQO,Spark Em,['Quakers'],31356,2020,False,,0.557,0.905,0.0657,0.40299999999999997,79.938
7xJnkh2jzllSL0fmXurBo6,Wicked,['Quakers'],53330,2020,False,,0.428,0.762,0.05,0.344,188.516
69W31EacfJpAFCJYGniOLD,Sucka,['Quakers'],44194,2020,False,,0.778,0.865,0.29600000000000004,0.976,157.16299999999995
58x7c8vg68ojTUFS4jFQut,My Man,['Quakers'],65111,2020,False,,0.37799999999999995,0.721,0.0129,0.168,166.856
02fsqIdaHmgFgXiH9CWQUN,Sleep Talker,['Quakers'],48583,2020,False,,0.754,0.508,0.562,0.789,169.102
45oFrl2K9lE8r4AsDeGp4g,1967,['Quakers'],56092,2020,False,,0.813,0.9890000000000001,0.142,0.182,106.955
6Jhjqon3SILPg5OHdrBcTB,Short Circuit,['Quakers'],53784,2020,False,,0.682,0.743,0.0324,0.7120000000000001,162.747
71HhNQRlajb13ZDLDIalkO,Zodiac,['Quakers'],16676,2020,False,,0.478,0.9990000000000001,0.149,0.746,109.652
60W69niDroSpFFy3P3GGlr,No Fakes,['Quakers'],30982,2020,False,,0.579,0.586,0.23399999999999999,0.7879999999999999,93.64399999999999
5Lwz4oKZcZ2Ms3PDrLoYvd,I Tried So Hard,['Quakers'],104619,2020,False,,0.38299999999999995,0.73,0.39,0.41600000000000004,154.468
2ztQoGVerdrck1s9YNve9O,WW3,['Quakers'],37748,2020,False,,0.33799999999999997,0.922,0.78,0.171,180.66099999999997
4UU2Tp9LpzRXO2JykXsGPy,Rain,['Quakers'],51279,2020,False,,0.6759999999999999,0.73,0.242,0.71,169.21400000000003
2hVX1Z1AsyNvXz6xKuqHmr,Told Y’all,['Quakers'],60960,2020,False,,0.39299999999999996,0.7190000000000001,0.747,0.6659999999999999,76.97399999999998
5HZbEaq4kMEvHxXgkFYIP2,Think Positive,['Quakers'],41139,2020,False,,0.42200000000000004,0.879,0.66,0.535,86.914
5MOUMXi6bko0gOe0nOF7u5,Lousy Odds,['Quakers'],56173,2020,False,,0.878,0.37,0.0565,0.209,100.046
7qA38Fjr25Cej1sKm4W0XR,Heavy Tremor,['Quakers'],53663,2020,False,,0.35,0.9890000000000001,0.0351,0.142,134.475
5kLOaMBEGfkdEzd97zSj9n,It’s On,['Quakers'],65718,2020,False,,0.7809999999999999,0.9490000000000001,0.27899999999999997,0.9740000000000001,97.544
3AJvuTfapxAvNamzhFVUiQ,Ain’t Seen U Lately,['Quakers'],57833,2020,False,,0.523,0.7170000000000001,0.331,0.778,171.923
06QJBdNhdoBJyOODeQ6LVP,First Light,['Quakers'],67303,2020,False,,0.27,0.608,0.02,0.17300000000000001,146.961
3QGgjoCZO7AR0eUzapg9wA,Bust A Beat,['Quakers'],69344,2020,False,,0.304,0.7290000000000001,0.0153,0.743,181.519
6lg428eiDIylUbmP5ReBGX,Sparrow,['Quakers'],54240,2020,False,,0.312,0.81,5.07e-05,0.387,176.084
2aQtkzmM6kRbMzB4GBU5SD,Discrepancy,['Quakers'],31728,2020,False,,0.5529999999999999,0.9359999999999999,0.0385,0.401,153.916
1iHDyUYQFR2GRYk4w61Px9,The Backburn,['Quakers'],59495,2020,False,,0.527,0.835,0.0413,0.573,100.91799999999999
39kkfISHvdoguI6DmL2JGe,Liberation Is Near,['Quakers'],45680,2020,False,,0.631,0.6629999999999999,0.331,0.792,91.895
5n5oGUQIBvD3O73yGI7KWM,Supa Fine,['Quakers'],49155,2020,False,,0.4970000000000001,0.812,0.25,0.79,191.75799999999998
5jD07kggiFw8t0yD9fMlwT,Bad Bwoy,['Quakers'],67332,2020,False,,0.401,0.6629999999999999,0.0396,0.812,158.916
3ON1riOAHFdcbPtwZypzyd,Hang On,['Quakers'],48664,2020,False,,0.361,0.618,0.008579999999999999,0.226,93.25
5WzvBTxLovjtvbhkLVMpdF,A Few Dollars More,['Quakers'],68207,2020,False,,0.871,0.6509999999999999,0.746,0.616,77.98100000000002
77yuLldMdJPbdDN7HcVFd2,A New Day,['Quakers'],72835,2020,False,,0.605,0.94,0.00193,0.59,94.089
09RCVqjtqQoobCnxNvbSjq,Think I’m Finished,['Quakers'],75669,2020,False,,0.733,0.763,0.0134,0.961,170.46
5nKBtr8t4jHgtWSIkWe6aG,Vasya Exhale - Cybered Remix,"['Quite K', 'Cybered']",348000,2013,False,,0.628,0.8640000000000001,5.3700000000000004e-05,0.127,135.03
1bDMYyeXpFDTGOUaes2q38,Sway (feat. Quavo & Lil Yachty),"['NexXthursday', 'Quavo', 'Lil Yachty']",244093,2017,True,,0.8959999999999999,0.513,0.11199999999999999,0.29600000000000004,133.97299999999998
4KYuv16swrRKQ6YrZqL9J7,Q & A,['Turner'],161280,2020,True,,0.701,0.5710000000000001,0.804,0.617,80.925
6FKE4KLcCVyySVPqykBRp3,Queen Above the Oceans,['Stormcellar'],146313,2014,False,,0.461,0.616,0.474,0.5920000000000001,172.213
3LG8HjWdSOl4xQq89VveMu,Queen Above the Oceans,['Stormcellar'],148320,2014,False,,0.486,0.7240000000000001,0.406,0.524,172.27599999999995
5UfSwL5embPC6qV5YtUfuT,Quiet Amplifier,['Wilco'],349801,2019,False,,0.591,0.47,0.38799999999999996,0.0949,119.402
49ADVUs61AMDn3cCapqHnk,Troubled,['Q the Skater'],123115,2020,True,,0.528,0.418,0.0172,0.0607,84.686
6BV1XDdRuCGZ4eeGs9VFyf,God Bless America,['Q the Skater'],132911,2020,True,,0.763,0.456,0.71,0.375,140.46
3OoSjy64Ba3RdM8rAtwWsM,Grind,['Q the Skater'],176457,2020,True,,0.8009999999999999,0.424,0.0687,0.171,174.91
4Q2GKNuvLVPIeBPkkpehD3,Sinner,['Q the Skater'],148558,2020,True,,0.8640000000000001,0.522,0.0275,0.557,159.976
2Dcur5tVlv0T8NKOlgrNrh,My Lane,['Q the Skater'],132389,2020,True,,0.778,0.41200000000000003,0.00601,0.11599999999999999,146.011
6cfyJ4w4ErNbT9ES9GFkRZ,Midnight Hours,['Q the Skater'],151798,2020,True,,0.826,0.391,0.121,0.275,77.487
20XDlLhGc0R77Yfd9J1xkt,Don't Call,['Q the Skater'],147069,2020,True,,0.7190000000000001,0.389,0.722,0.522,160.02100000000004
6FxZmJvAEB1oY6uXQYxbLW,Outro,['Q the Skater'],147043,2020,True,,0.516,0.45799999999999996,0.155,0.0838,178.01
3CXcx5krty7RbeuviyJwjV,Mississippi Queen,['Mountain'],151293,2014,False,,0.581,0.624,0.0987,0.637,139.714
3IqJELCwjfxBfGdtsdEeZ3,Cum on Feel the Noize,['Quiet Riot'],290667,2014,False,,0.40299999999999997,0.935,0.00941,0.353,145.105
4h08HFaL0rhpIXdHqVFvPV,QUEEN,['3YE'],213080,2020,False,,0.6940000000000001,0.897,0.00128,0.431,129.947
7kDw5mRoi0Vw7eGZSID5Y5,QUEEN,['3YE'],213080,2020,False,,0.7,0.8909999999999999,0.0014199999999999998,0.4,129.976
7HYuX7yWaZeVCh3nNXDi8m,QUEEN - Instrumental,['3YE'],213080,2020,False,,0.614,0.762,0.000262,0.324,130.014
79QiJ3wQ64ebZFFoVnHZjr,Manimal,"['Quintino', 'Richie Loop']",187500,2020,True,,0.55,0.915,0.00124,0.613,128.065
0t1UPmynNaRMLM7oK7EMKk,Cum on Feel the Noize,['Quiet Riot'],290013,2007,False,,0.43799999999999994,0.8370000000000001,0.00851,0.604,145.108
6Ojpj6tF2784BJw5sh25Uo,Quand on pense à l'amour (Tulips Of Amsterdam),['Mireille Mathieu'],147800,2004,False,,0.597,0.519,0.593,0.696,100.61
08uNrDZY9XGfHeyCwQP6SY,Quiet/Balance,['Mixed Matches'],255190,2020,True,,0.418,0.5479999999999999,0.151,0.085,157.961
05NPw9nLbLBRHIX4FVQ3g9,Mississippi Queen,['Mountain'],151173,2007,False,,0.573,0.636,0.109,0.685,140.221
7Brimsxx4CxzWmNcpKqe5J,Bang Your Head (Metal Health),['Quiet Riot'],316253,2008,False,,0.495,0.945,0.00216,0.5479999999999999,121.12200000000001
3y7FIRHnoaWYXT8SUCecuo,Mississippi Queen,['Mountain'],150453,2008,False,,0.541,0.755,0.067,0.603,139.668
6EPT8F1tf9Dd3Lv6G0X8Vz,Quédate,['XinniX'],381227,2019,False,,0.5660000000000001,0.62,7.020000000000001e-05,0.326,139.499
1k1cXLS8uGnItSmvlCIQZI,Quieres Salir,['Potrotaino'],145933,2019,False,,0.5579999999999999,0.9740000000000001,0.00587,0.642,142.033
4BN51RO3gOPntLnJukagZV,I Don't Love You Anymore,['The Quireboys'],301747,2018,False,,0.5489999999999999,0.452,0.0745,0.446,134.81799999999998
3VUCOELrxzQEXD8Qb96WNn,How Do You Feel?,['The Quireboys'],178200,2018,False,,0.61,0.8170000000000001,0.000341,0.925,112.6
6hyPjsvQEvPEavW6RTc74J,Quem São Seus Heróis?,['Belavist'],219375,2019,False,,0.733,0.679,0.122,0.753,128.001
4fTNuNEc4PRQIJKIPTWfGY,King of New York,['The Quireboys'],339800,2016,False,,0.614,0.39799999999999996,0.152,0.10300000000000001,135.85299999999998
73H2q3z3f7fxq2twCSbP0l,Sponsor,['Quitzow'],178480,2008,False,,0.7709999999999999,0.955,0.0959,0.871,137.983
6v3wt19LaBjllDpRy9ea2C,On TV!,['Quitzow'],166360,2008,False,,0.552,0.857,0.0486,0.7070000000000001,140.046
591CWcSurJpxtgWPiXEDXB,Peanut,['Quitzow'],130587,2008,False,,0.6459999999999999,0.677,0.17800000000000002,0.9,180.081
7B8GkUXWpKEtIByhFfUPfB,Art College,['Quitzow'],205227,2008,False,,0.7490000000000001,0.6679999999999999,0.0552,0.96,119.962
2uKPtqx4AcsVQfYTRf9ar8,Better Than Ever,['Quitzow'],231960,2008,False,,0.759,0.897,0.0496,0.9440000000000001,132.95
6eoXpShohLrbgOADbxiENl,Stay Away From John,['Quitzow'],288480,2008,False,,0.42100000000000004,0.596,0.0167,0.581,178.081
0Eo0KBXBPNMmVC79Qas6Vj,Love,['Quitzow'],191267,2008,False,,0.26899999999999996,0.157,0.951,0.106,59.943999999999996
14sWY4ukgYLa7V1B4ycCu8,Slept in my Car,['Quitzow'],234573,2008,False,,0.424,0.439,0.0044,0.0528,120.115
6SubQq7yoF2poQOXirf2oH,Cats are people too,['Quitzow'],278867,2008,False,,0.674,0.795,0.127,0.963,95.984
2O0mPipZkpyk1yBk0OPvwJ,Rhythm Machine,['Quitzow'],186947,2008,False,,0.5760000000000001,0.8320000000000001,0.5479999999999999,0.0688,84.03299999999999
0twYuxTrlwcDXSK9igNWuZ,Unripened Fruit,['Quitzow'],229400,2008,False,,0.386,0.795,0.0177,0.418,117.40899999999999
0UOMNcIFcXdA52HEpbHVBl,Jackpot,['Quitzow'],244627,2008,False,,0.434,0.8440000000000001,0.0803,0.485,137.865
1ORNNM17VP9nwrmmmfBuke,Queen Vibes,['Vedo'],172931,2020,True,,0.77,0.6709999999999999,0.0156,0.638,140.067
1hSeyCcdpnUqe2RfxrYlvE,Queen Vibes,['Vedo'],172931,2020,False,,0.767,0.653,0.0145,0.5820000000000001,140.093
6quqRBcKo2uQi5V5e12YYf,Let Out All The Crazy,['Quitzow'],198187,2010,False,,0.778,0.595,0.0122,0.6920000000000001,119.992
0HJ3lpyujlwgtOsWLRbbqR,Cherry Blossom,['Quitzow'],208987,2010,False,,0.638,0.818,0.00103,0.895,120.045
5GfU6eFKlPA8uKlYe1dC79,The Cut,['Quitzow'],313040,2010,False,,0.602,0.7979999999999999,0.000134,0.5760000000000001,120.007
6PJr5tQ32mBst0qcgqQH8a,More Keith Richards,['Quitzow'],202667,2010,False,,0.6629999999999999,0.631,0.154,0.733,120.02600000000001
2H3vI5eVvPZc63IIxHIVau,Talk To Me,['Quitzow'],236853,2010,False,,0.762,0.622,0.377,0.25,120.01899999999999
3DkKLYwS5capXUuA8RZcA3,Magic,['Quitzow'],261813,2010,False,,0.5670000000000001,0.723,0.0721,0.597,119.99600000000001
2VdKoJkLHFvbk6eoshgBCa,Money Talks,['Quitzow'],230893,2010,False,,0.47200000000000003,0.861,0.14300000000000002,0.40299999999999997,163.998
0QdXDbx9EuqWBhdMBHF5KZ,Race Car,['Quitzow'],204240,2010,False,,0.406,0.7,0.151,0.179,162.009
1BD9vlKiA5XGvh7RlyDPYA,Race Car 2,['Quitzow'],234200,2010,False,,0.452,0.674,0.158,0.188,120.054
7xDiUBl7J12LmXL2ZO5OcT,Whatever,['Quitzow'],201667,2010,False,,0.7859999999999999,0.7490000000000001,0.0257,0.879,119.912
0nk3KgxHIitcQaw0Cwg3IE,Queen City,['Heart'],253093,2012,False,,0.40399999999999997,0.6809999999999999,0.12300000000000001,0.537,165.998
6o4zgpwodtTOSTj4xTzWY7,Your Home Is Clean,['Quin Galavis'],231747,2011,False,,0.578,0.34,0.65,0.272,98.915
36WweSsFsEVAyhjzIsiX6I,"Holly, My Only Love",['Quin Galavis'],223427,2011,False,,0.586,0.247,0.44799999999999995,0.172,94.94200000000001
70PdGRKsFzHsvENJnbwh4L,Little Toby,['Quin Galavis'],231707,2011,False,,0.568,0.33799999999999997,0.79,0.41100000000000003,133.251
57IrLDWoOZT7NaQ690OU5v,Crooked Deals,['Quin Galavis'],197773,2011,False,,0.565,0.147,0.828,0.33899999999999997,134.79399999999998
6RWtdUelMc1dwJI5IXKNEu,Chrystal Lifeboat / No Waiting,['Quin Galavis'],275773,2011,False,,0.429,0.33299999999999996,0.4920000000000001,0.271,132.505
4JyB10828In90KHJ593QdK,Mary,['Quin Galavis'],148133,2011,False,,0.413,0.0982,0.7879999999999999,0.0397,99.39
606Lb8ejEvfOcAMoeEuOrv,We Don't Care for Love,['Quin Galavis'],173653,2011,False,,0.5539999999999999,0.28800000000000003,0.657,0.36,99.512
0sBuckZkDXXat36L2spREF,What the Soul Takes,['Quin Galavis'],209813,2011,False,,0.525,0.263,0.629,0.261,80.477
2bJXve9EXgKj6RGnc4m2dk,Fate Walks Slow,['Quin Galavis'],171640,2011,False,,0.5479999999999999,0.147,0.77,0.365,78.934
7phdBY17nHl7gm3JRyJMUc,Her Light Will Shine,['Quin Galavis'],185400,2011,False,,0.644,0.325,0.7,0.34700000000000003,131.953
51xRdxYjUcwfDvPuwoTF8u,No Weight,['Quin Galavis'],121067,2011,False,,0.513,0.0732,0.8640000000000001,0.31,113.852
3M7DdOLWvVnf700UOsGcfF,Que Rico El Mambo,['Amerimambo'],280253,2013,False,,0.75,0.652,0.6459999999999999,0.884,100.977
7zA4WWUCGRRrPc0nbKxdoj,Divine Intervention,"[""Quentin's Ladder""]",381080,2002,False,,0.49,0.9540000000000001,0.0026100000000000003,0.45299999999999996,174.05700000000004
4rhykxkhiHG5HNhpDOA2Qp,Mama,['Queen Drie'],183588,2020,False,,0.846,0.33299999999999996,0.449,0.59,85.051
311NLLMiwNQHo4EeMo5OsX,You Ain't My Friend,"['Boosie Badazz', 'Quick', 'Loco']",218800,2008,True,,0.711,0.659,0.00507,0.423,79.089
0Kd6yj6VCdqxdzs3nJcRPC,Quiet,['SKAAR'],167092,2020,False,,0.665,0.639,0.048,0.56,104.015
4yqGaMbD9moN6xEEsrgKWX,Backstab - Original Mix,['QZB'],375242,2014,False,,0.695,0.968,0.000134,0.0376,174.987
5oYFq7hoktpi7WVfnlUxIN,Largo - Original Mix,['QZB'],360522,2014,False,,0.6509999999999999,0.861,0.00379,0.0785,173.982
1dFhN91oKYrrrd3aVMnE1v,Quicksand,['Warrant'],238333,1996,False,,0.556,0.71,0.000883,0.324,116.96799999999999
1HiZmIfbQ4Hg2GL2MZf4Eg,Your Romance,['QQQ'],344000,2013,False,,0.7879999999999999,0.5589999999999999,0.0822,0.285,120.031
7cyvp4TugG6eazC8q7Diuy,Questionable Intentions,['Aquakultre'],195320,2020,True,,0.455,0.743,0.899,0.36,104.85600000000001
7C1ltj45PbxzgtCso7fot2,Piece of Cake,['Sound Quelle'],360000,2014,False,,0.6409999999999999,0.7509999999999999,0.0162,0.414,121.993
3HMrf7k9iwzT8av95vzOym,Dusk,['Sound Quelle'],373500,2014,False,,0.6729999999999999,0.7979999999999999,0.0104,0.172,126.99600000000001
6L0L0TZX5QVgF1petPv0gN,Marmalade,['Sound Quelle'],364000,2014,False,,0.723,0.789,0.0497,0.496,119.993
4LuJ9nPBAe9Gb40BKYzYe6,Quedate Otra Mañana,['Kudai'],206453,2019,False,,0.551,0.6609999999999999,0.0912,0.3670000000000001,156.011
1guTn0WCl4rlruo8qM8pBX,Quiet Place,['Slowpalace'],189517,2020,False,,0.623,0.851,0.248,0.135,144.959
6taLbhVDb18aICuxTxA1u5,Quarantine Flo,['TEC'],232785,2020,True,,0.648,0.389,0.44299999999999995,0.561,84.255
1Vdn6Ll4Je52FR1yF8ciKk,Don't Stop Me Now - 2011 Remaster,['Queen'],209507,2020,False,,0.5660000000000001,0.862,0.0741,0.593,156.433
4iJMimI9mVvtcEyHJ1nNAu,Qosh endi,['KeshYou'],217315,2019,False,,0.7659999999999999,0.715,0.662,0.43799999999999994,110.01899999999999
41eHNx1kqFfx6qF1LDG9n7,Take Yo Man,"['Queen Key', 'Tay Money']",176843,2020,True,,0.8079999999999999,0.515,0.0385,0.525,79.976
2v705YlYolKiu6P2FbqOat,Queen of Silver Linings,['Amy Allen'],212965,2020,False,,0.466,0.253,0.838,0.342,140.629
08wY1MgdZFjgryO8ACP8qi,Gazon Gasolina,['Quio'],241655,2004,False,,0.8320000000000001,0.5479999999999999,0.124,0.915,103.992
2wuXLeX7Pr5Tvi6vL40uXe,Big As A Balloon,['Quio'],258630,2004,False,,0.848,0.527,0.157,0.912,128.012
6jmhNwoMPWcLgfd3YPgYY0,Big As A Balloon - Acapella,['Quio'],83950,2004,False,,0.645,0.413,0.4970000000000001,0.294,137.907
2PY2ueR8hpbDGXkWO3xk2L,So Dazed,['Quio'],229778,2004,False,,0.816,0.502,0.000489,0.6940000000000001,135.99
2se4gA6hP2sVeLj1osPiNA,Minimalily Dazed - AGF Remix,"['Quio', 'AGF']",273443,2004,False,,0.828,0.515,0.165,0.677,136.026
3AJvoiFUqwmzfv0Czgpzzq,Quero Ver,['Diplomaticos'],235653,1992,False,,0.705,0.865,0.007759999999999999,0.648,101.991
2RfIvDkzZ0d11fpT1FYBcd,I Got Tha,['QUIX'],216828,2019,False,,0.7140000000000001,0.624,0.0014199999999999998,0.5589999999999999,145.015
3cMmtm5edtzLHYWTRvl5TU,I Got Tha - INFEKT Remix,"['QUIX', 'Infekt']",170483,2019,False,,0.672,0.8959999999999999,0.0645,0.152,144.91
5yle8HPGJwkhcPPHvTvBdM,I Got Tha - Bandlez Remix,"['QUIX', 'Bandlez']",150400,2019,False,,0.5,0.79,0.00465,0.193,75.02600000000002
4S1Cqs8yot9y533bHKloNm,Querida Vieja,['Ñejo'],129707,2019,True,,0.772,0.515,0.758,0.775,167.872
0Q5PaZbL5dEBswNgVPqwlk,Quest for Imperfection,['Zobol'],408000,2020,False,,0.634,0.66,0.0032600000000000003,0.23399999999999999,129.957
05DpU7EY3hZSNmsHlsYJpn,Querent,['Daedelus'],193714,2020,False,,0.746,0.9309999999999999,0.11599999999999999,0.711,139.86700000000002
4ojviUyLLJXsFiuXuH2xNM,Queen of the Night,['Ujico*'],246840,2017,False,,0.7929999999999999,0.5589999999999999,0.204,0.252,140.1
66r1I6zJOUvsAPNU1HW2Qz,Quarantine,['Kcruzmusic'],323200,2020,False,,0.847,0.473,0.145,0.304,112.50299999999999
6sYy5tz4l8liZnbGMKz4bS,Que Dirías,['Casiopea'],206567,2016,False,,0.46799999999999997,0.609,0.0136,0.581,127.272
2aRFDbRR0OfZGPKAkk84rk,Heartbroken,"['Mozzy', 'Quando Rondo']",157648,2020,True,,0.562,0.653,0.157,0.272,87.225
2t618yert8SQMgnjXJOyCc,Quest's End,['Vindsvept'],204828,2017,False,,0.446,0.251,0.914,0.254,144.993
6Hd1gQFv9hKuSe9q49t9Qa,Quicksand,['Lordchain'],247493,2019,False,,0.601,0.7909999999999999,0.000317,0.629,121.973
3RXScURb3CySkTljezTTHG,The Rosetta Barrage,['Shark Quest'],434760,2004,False,,0.389,0.524,0.105,0.349,135.174
4QVAGdnQaZw3twqGTA3ZIm,Sin the Moon,['Shark Quest'],532253,2004,False,,0.424,0.732,0.38,0.145,123.445
14P4YDoOkwDLRNrA7DZbL6,Three Ivy Leaves,['Shark Quest'],322880,2004,False,,0.45399999999999996,0.5329999999999999,0.0485,0.23800000000000002,108.868
3ODnYy0Pq1Vx64rNbDmdgS,Shivers,['Shark Quest'],386533,2004,False,,0.424,0.617,0.0449,0.12300000000000001,121.904
36Lty8zFKfgwAkec5Edkal,Katherine of Krakow,['Shark Quest'],462640,2004,False,,0.382,0.436,0.6579999999999999,0.17600000000000002,132.909
66zRedN1TQvKRqbjR0FsOb,Gibbous Orisha,['Shark Quest'],290587,2004,False,,0.588,0.616,0.0332,0.601,132.694
0MVBPSeKuFGk6xPw87HAgL,Furies on Fire,['Shark Quest'],183493,2004,False,,0.309,0.725,0.0303,0.235,146.951
4jWlCiuyOubwwGf3ogRGuQ,"Flute Sonata No. 277 in D Major, QV 1:42: I. Allegro assai","['Johann Joachim Quantz', 'Mary Oleskiewicz', 'Stephanie Vial', 'David Schulenberg']",172933,2003,False,,0.514,0.0755,0.995,0.5539999999999999,77.31
1IEnWf89m9aeQY5fsDqeRg,"Flute Sonata No. 277 in D Major, QV 1:42: II. Arioso","['Johann Joachim Quantz', 'Mary Oleskiewicz', 'Stephanie Vial', 'David Schulenberg']",216093,2003,False,,0.32,0.0252,0.99,0.371,138.42600000000002
0ax4zJsqMAV7OlBWadEjb0,"Flute Sonata No. 277 in D Major, QV 1:42: III. Alla Forlana ma presto","['Johann Joachim Quantz', 'Mary Oleskiewicz', 'Stephanie Vial', 'David Schulenberg']",183173,2003,False,,0.47600000000000003,0.0827,0.995,0.657,82.124
0nD9BRIKHDXpQGIj7CFSNe,"Flute Sonata in G Minor, QV 1:116: I. Grave","['Johann Joachim Quantz', 'Jean-Francois Beaudin', 'Mary Oleskiewicz', 'David Schulenberg', 'Stephanie Vial']",198533,2003,False,,0.2,0.0408,0.9590000000000001,0.222,82.583
2CkmkpMAAEHFbNok845WzC,"Flute Sonata in G Minor, QV 1:116: II. Allegro","['Johann Joachim Quantz', 'Jean-Francois Beaudin', 'Mary Oleskiewicz', 'David Schulenberg', 'Stephanie Vial']",178160,2003,False,,0.574,0.0999,0.922,0.7609999999999999,100.74799999999999
2Tftjh2sCuC5sWSmMtfVkh,"Flute Sonata in G Minor, QV 1:116: III. Lento","['Johann Joachim Quantz', 'Jean-Francois Beaudin', 'Mary Oleskiewicz', 'David Schulenberg', 'Stephanie Vial']",60133,2003,False,,0.424,0.00778,0.9840000000000001,0.217,107.369
3j7vFM7dxY8Z7nRD1pvMGq,"Flute Sonata in G Minor, QV 1:116: IV. Tempo di Minuetto","['Johann Joachim Quantz', 'Jean-Francois Beaudin', 'Mary Oleskiewicz', 'David Schulenberg', 'Stephanie Vial']",145040,2003,False,,0.387,0.0695,0.857,0.679,130.03799999999998
2xlCEMT6lG562zEWHNMKSc,"Trio Sonata in D Major for two transverse flutes and basso continuo, QV 2:15: I. Largo","['Johann Joachim Quantz', 'Jean-Francois Beaudin', 'Mary Oleskiewicz', 'David Schulenberg', 'Stephanie Vial']",99000,2003,False,,0.293,0.0252,0.983,0.226,75.089
43gXgSREhIyX1V8rFoeeiH,"Trio Sonata in D Major for two transverse flutes and basso continuo, QV 2:15: II. Allegro","['Johann Joachim Quantz', 'Jean-Francois Beaudin', 'Mary Oleskiewicz', 'David Schulenberg', 'Stephanie Vial']",293027,2003,False,,0.557,0.0742,0.97,0.7509999999999999,95.932
2wsRGl1VXuYx9R3i6zU2Fm,"Trio Sonata in D Major for two transverse flutes and basso continuo, QV 2:15: III. Largo","['Johann Joachim Quantz', 'Jean-Francois Beaudin', 'Mary Oleskiewicz', 'David Schulenberg', 'Stephanie Vial']",107173,2003,False,,0.304,0.00957,0.992,0.42100000000000004,136.96200000000002
0L2TYXwu8a834iFWRpy6ZW,"Trio Sonata in D Major for two transverse flutes and basso continuo, QV 2:15: IV. Allegro","['Johann Joachim Quantz', 'Jean-Francois Beaudin', 'Mary Oleskiewicz', 'David Schulenberg', 'Stephanie Vial']",292293,2003,False,,0.473,0.115,0.9590000000000001,0.826,98.37299999999999
6vjHZup5YbBKuEyYvT9DUO,"Flute Sonata in C Major, QV 1:9: I. Adagio","['Johann Joachim Quantz', 'Jean-Francois Beaudin', 'Mary Oleskiewicz', 'David Schulenberg', 'Stephanie Vial']",176400,2003,False,,0.23600000000000002,0.0329,0.98,0.42100000000000004,168.05900000000003
1OA2FFDD8dXEkiF1roeP86,"Flute Sonata in C Major, QV 1:9: II. Presto","['Johann Joachim Quantz', 'Jean-Francois Beaudin', 'Mary Oleskiewicz', 'David Schulenberg', 'Stephanie Vial']",223640,2003,False,,0.565,0.11599999999999999,0.9520000000000001,0.741,113.87799999999999
2ugs9m0nckMdIz95h5dyFr,"Flute Sonata in C Major, QV 1:9: III. Vivace","['Johann Joachim Quantz', 'Jean-Francois Beaudin', 'Mary Oleskiewicz', 'David Schulenberg', 'Stephanie Vial']",150560,2003,False,,0.479,0.0407,0.948,0.7509999999999999,128.624
00I0vGRvjnsRHt5Eo581qd,"Flute Sonata in G Minor, QV 1:28: I. Andante moderato","['Johann Joachim Quantz', 'Jean-Francois Beaudin', 'Mary Oleskiewicz', 'David Schulenberg', 'Stephanie Vial']",131707,2003,False,,0.33399999999999996,0.0211,0.965,0.465,72.958
1QishFbLHNREf02b55AkJm,"Flute Sonata in G Minor, QV 1:28: II. Allegro","['Johann Joachim Quantz', 'Jean-Francois Beaudin', 'Mary Oleskiewicz', 'David Schulenberg', 'Stephanie Vial']",193667,2003,False,,0.528,0.10800000000000001,0.9690000000000001,0.835,114.779
5eC5uQrx45SKJDqm3Uo6xU,"Flute Sonata in G Minor, QV 1:28: III. Allegro","['Johann Joachim Quantz', 'Jean-Francois Beaudin', 'Mary Oleskiewicz', 'David Schulenberg', 'Stephanie Vial']",146000,2003,False,,0.5720000000000001,0.10099999999999999,0.965,0.9229999999999999,88.671
7bBtAqZt5vP8o13QM6xM6r,"Trio Sonata in E-Flat Major, QV 2:17: I. Larghetto","['Johann Joachim Quantz', 'Jean-Francois Beaudin', 'Mary Oleskiewicz', 'David Schulenberg', 'Stephanie Vial']",157160,2003,False,,0.264,0.0221,0.9940000000000001,0.235,138.904
4z28nGofMc8Q5NiqlCY08G,"Trio Sonata in E-Flat Major, QV 2:17: II. Presto","['Johann Joachim Quantz', 'Jean-Francois Beaudin', 'Mary Oleskiewicz', 'David Schulenberg', 'Stephanie Vial']",147707,2003,False,,0.532,0.08800000000000001,0.995,0.7170000000000001,101.995
62rko3ftsSPGAviUUA8d71,"Trio Sonata in E-Flat Major, QV 2:17: III. Affettuoso","['Johann Joachim Quantz', 'Jean-Francois Beaudin', 'Mary Oleskiewicz', 'David Schulenberg', 'Stephanie Vial']",185293,2003,False,,0.28800000000000003,0.00886,0.995,0.14800000000000002,89.176
1ZcDmRjjo7BjdzBdCV54Kd,"Trio Sonata in E-Flat Major, QV 2:17: IV. Vivace","['Johann Joachim Quantz', 'Jean-Francois Beaudin', 'Mary Oleskiewicz', 'David Schulenberg', 'Stephanie Vial']",180307,2003,False,,0.389,0.0432,0.995,0.723,143.594
3JowKmFQPVKpqt1WB0AkkR,Get Down,['Quando Rondo'],159656,2020,True,,0.71,0.682,0.276,0.631,90.92299999999999
0hxkjdzrmoxkoZZtTIoFJZ,Nita's Grandson,['Quando Rondo'],140069,2020,True,,0.5529999999999999,0.583,0.12300000000000001,0.336,156.144
0voG5t62ZBFbGeCx9mzoeR,La la,['Quel Bordel!'],183000,2018,False,,0.583,0.927,0.0331,0.32299999999999995,139.986
5vSqRMVKxHvDyu5xn2Zu5C,Dans mes rêves,['Quel Bordel!'],195455,2018,False,,0.6829999999999999,0.7440000000000001,0.138,0.9259999999999999,131.989
2uj5edEfyJcw8PW3ePlf6K,Allez en soirées,['Quel Bordel!'],156150,2018,False,,0.603,0.8540000000000001,0.0018899999999999998,0.669,100.15299999999999
6Dg5wVyp0i9zZv4U43xmdk,Hey! Hey! Hey! Voleur,['Quel Bordel!'],146880,2018,False,,0.6559999999999999,0.7959999999999999,0.0501,0.9279999999999999,124.98200000000001
5grFSH8YuUMLkJQ39eWuz8,Apparition Manifest,['Quel Bordel!'],158029,2018,False,,0.6759999999999999,0.813,0.0463,0.941,136.982
0n4veWBYp8X7TGdOwnAZN7,Rise & Fall,['Quel Bordel!'],251771,2018,False,,0.615,0.888,0.0269,0.9159999999999999,144.017
1t6mou9fPLI0ZPmymo0ZdH,Come with Us,['Quel Bordel!'],164921,2018,False,,0.579,0.9229999999999999,0.233,0.757,95.014
1TKnnoEMUFMeOYeDcEHqP8,Drink It Up,['Quel Bordel!'],232927,2018,False,,0.74,0.809,0.0178,0.873,123.007
4q4aDal2PSLMFWuQpJVORk,On Display,['Quel Bordel!'],159968,2018,False,,0.628,0.934,0.040999999999999995,0.924,158.032
73gs0SgNRNEw3BHHfPsuEj,Ang Pasko Ay Sumapit,['Quel Bordel!'],106854,2017,False,,0.462,0.96,0.000776,0.36,178.067
50iVzj6qykL5A6alUOTylq,Hava Nagila,['Quel Bordel!'],171722,2017,False,,0.262,0.8190000000000001,0.0554,0.39299999999999996,95.105
7FoO1K51FQyR3GDsPXhXmm,We Three Kings,['Quel Bordel!'],100450,2017,False,,0.41,0.9179999999999999,0.000259,0.843,112.47
3PLJAVbVd34JYZSe5dJg7p,Auld Lang Syne,['Quel Bordel!'],109000,2017,False,,0.40700000000000003,0.945,0.0017100000000000001,0.542,149.88299999999995
6uKc4pCQ45GQ0x5CYiYRv4,Sound Check,['Quel Bordel!'],82024,2015,False,,0.8320000000000001,0.08800000000000001,0.5770000000000001,0.446,119.95299999999999
4tvs3e4OYMJ23wLTFmjrHk,First World Problems,['Quel Bordel!'],190530,2015,False,,0.584,0.789,0.32799999999999996,0.9570000000000001,160.06799999999996
7trlGJtsJXjjV1vVykeVT4,Zombies,['Quel Bordel!'],190961,2015,False,,0.508,0.7559999999999999,0.306,0.389,156.899
4zjcMs0xEU5TaoH03jwe70,Soggy Blankets,['Quel Bordel!'],172687,2015,False,,0.5379999999999999,0.792,0.23399999999999999,0.9329999999999999,171.34
52UAFtdJyrJ1fC1XuTV4PA,Ukraine,['Quel Bordel!'],202641,2015,False,,0.405,0.48100000000000004,0.23199999999999998,0.605,202.88299999999998
7aZbLOPWrOjGIU6hg0DBGG,Aie Aie Aie,['Quel Bordel!'],225117,2015,False,,0.48100000000000004,0.649,0.0677,0.904,141.123
7FdF3imof3Z4gFLODbBBMF,Get Out,['Quel Bordel!'],176750,2015,False,,0.465,0.6940000000000001,0.28800000000000003,0.599,147.29399999999995
5ZqIaXsglZNXNdVr3fiB1e,American Style,['Quel Bordel!'],192900,2015,False,,0.664,0.682,0.19699999999999998,0.8009999999999999,135.004
2XdGSC2YRe3fh1lXhEggQp,What a Mess!,['Quel Bordel!'],166116,2015,False,,0.727,0.648,0.215,0.976,156.972
5BV8inCnfIqcCbhsyOYJS5,Yolo Uno,['Quel Bordel!'],234475,2015,False,,0.742,0.593,0.16,0.7979999999999999,107.197
69n5dZV3CDy9lwUIUjyhmF,La La,['Quel Bordel!'],179862,2013,False,,0.644,0.615,0.255,0.634,139.856
5bGS9MlQI9D4OBeG5tIVSQ,Dans Mes Rêves,['Quel Bordel!'],255234,2013,False,,0.833,0.4970000000000001,0.0973,0.745,100.03
4hbfbHnru2gGzy42vW1bYl,Aller En Soirées,['Quel Bordel!'],182602,2013,False,,0.604,0.5489999999999999,0.165,0.922,169.9
0V5p9LRrbeIVKI7qujb5c6,Hey! Hey! Hey! Voleur,['Quel Bordel!'],182625,2013,False,,0.706,0.5489999999999999,0.28300000000000003,0.711,99.958
0MuQaAxmM8WjZCJ8ERbhSp,Uff Da Fie,['Quel Bordel!'],172327,2014,False,,0.58,0.88,0.16,0.588,138.011
4n24N6UwWoeuxVJW0ChbOg,Let It Ride,['Quel Bordel!'],168252,2014,False,,0.599,0.831,0.1,0.9229999999999999,135.011
0MFh3KNjd7eMlM0g5asrTr,Mariachi,['Quel Bordel!'],143615,2014,False,,0.861,0.6609999999999999,0.242,0.956,116.92299999999999
1oPVGBUP8BAt62p8sPkydB,Blackin' Out,['Quel Bordel!'],155829,2014,False,,0.659,0.9209999999999999,0.39799999999999996,0.878,139.778
54159xMs9F8THd6wUs94kT,Queen City,['Heart'],254107,2010,False,,0.41700000000000004,0.679,0.10300000000000001,0.508,166.088
26CWTlAMeSpTbLEm2kxSWK,¡ Qué Mal Huelen los Muertos !,['Ilegales'],132613,1985,False,,0.6659999999999999,0.741,0.00979,0.892,95.589
6oifpCNjEPkBACIR2kZArV,Queen of Sylvan Lands,['Kadavrik'],234813,2015,False,,0.366,0.9009999999999999,0.0237,0.5529999999999999,74.932
2q6lKTQxlOz6zb6EmsePPL,Bro Hymn,['Quintino'],169219,2020,False,,0.657,0.9740000000000001,0.000462,0.14300000000000002,127.941
3SEtH8yAx6SP2Pam0SjF6G,Twilight,['Quintino'],162187,2020,False,,0.644,0.987,0.00022799999999999999,0.0381,128.031
1g6692gxHEgXTgEhfIoL6P,Quiero,['Fedefw'],193010,2020,False,,0.609,0.409,0.335,0.151,180.043
4wyXh7YbvLxlSx6eaYOh3R,Always (feat. Robert Owens) - Kaje Trackheadz Remix,"['Quentin Harris', 'Kaje Trackheadz', 'Robert Owens']",401400,2015,False,,0.7609999999999999,0.547,0.00259,0.961,124.992
7bcT6sSUkfF4YABvHtAgwF,QT,['Bari'],132504,2020,True,,0.888,0.498,0.0194,0.486,145.107
2Eci1fdlsCodLzAA4v48w7,Quemando tus recuerdos,['Extremoduro'],351094,1992,False,,0.396,0.9620000000000001,0.332,0.281,155.009
5FqWmhyv7RmrbuukRQyqi7,Quemando tus recuerdo - Versión 2004,['Extremoduro'],331320,1992,False,,0.396,0.748,0.321,0.391,101.992
4DV0gpQE1vHTUzOFkmbgTf,Mi Son,"['Queen Paula', 'Pickney']",216333,2004,False,,0.852,0.77,0.266,0.966,111.561
34tJ1FlJvzge6Si9jOnCBp,Playa Hater,['K-Queens'],196973,2004,False,,0.885,0.743,0.435,0.919,111.71600000000001
0Dijn5ytMvH5qudtjlcobK,Plekeke,['The Queendom'],178253,2019,True,,0.8340000000000001,0.64,0.142,0.424,130.05100000000002
2TYVZ7LmhfnQWrBqv8yy5D,Qimuksiq: Dogsled Ride,['Piqsiq'],202227,2019,False,,0.5710000000000001,0.565,0.8370000000000001,0.499,77.459
0cNhXUGtyHhQ2t5M1rm8zI,Cum on Feel the Noize,['Quiet Riot'],290960,2014,False,,0.409,0.92,0.00719,0.37,145.085
4P2MTe4ZqbSFztYbteMj94,What Time is it?,['Quitzow'],166253,2008,False,,0.63,0.9670000000000001,0.00042800000000000016,0.731,120.07
72SQMD9Jr9C9iXRBy3qVsj,Float,['Quitzow'],205773,2008,False,,0.677,0.938,0.171,0.81,151.971
2Eg3GQHzVaQxhfIQ0rpL1f,In the Land of Science,['Quitzow'],173013,2008,False,,0.742,0.753,0.24600000000000002,0.5760000000000001,119.975
0FxJRaqh6I1fNwWpz9opRA,New York Haunting,['Quitzow'],221733,2008,False,,0.684,0.6579999999999999,0.34700000000000003,0.838,134.939
7vARPtEeGBWYsKRzdShahl,Animal Nature,['Quitzow'],137267,2008,False,,0.636,0.807,0.0225,0.5329999999999999,119.98
1NxGRay2MM1DpScltaRXKm,No Vas a Escaparte,"['Quadrafunks', 'Brenda Rosh']",204634,2020,False,,0.74,0.733,0.602,0.769,123.00399999999999
78qFR4ah1s7wY3f6qdcnDL,Love Me Less (feat. Quinn XCII),"['MAX', 'Quinn XCII']",177337,2020,False,,0.732,0.855,0.0836,0.773,145.036
5v5qK20DMnkOtQ3UqPeRoC,Quiero Ser Millonario,['Ilegales'],176507,1984,False,,0.813,0.32799999999999996,0.000895,0.88,161.52200000000005
6doUXCH46x8nEHYN7Qgd0a,Dedicated,"['Aristo, Quake & Mixre']",182800,2008,False,,0.579,0.627,0.0701,0.495,83.529
3Y3AGTQwNHSbnBGaZmHnPR,Determination / Affirmations,['Qing Qi'],193200,2020,True,,0.5329999999999999,0.636,0.256,0.637,71.673
5g9Pv29S5FPQOqnQyf1ans,Goin' (Perseverance),['Qing Qi'],169800,2020,True,,0.627,0.63,0.22,0.605,166.958
2c2YiasHI32EftZnIxIgYU,Friendship (feat. Tooka),"['Qing Qi', 'Tooka']",158500,2020,True,,0.7709999999999999,0.57,0.127,0.48,88.051
3LeKGYQshETMxvVc3sWjSZ,Hope,['Qing Qi'],235833,2020,True,,0.736,0.527,0.67,0.31,128.083
3p44wCQ9zJeylPzIK60p1b,Winter (feat. Shug),"['Qing Qi', 'Shug']",138553,2020,True,,0.769,0.447,0.47600000000000003,0.461,141.2
70a5Rg775p6RxeWoHo38hC,IDWIW,['Qing Qi'],207143,2020,True,,0.938,0.596,0.0287,0.662,98.01899999999999
4IPybcthzE4cUJ9vR834eG,Love & Happiness,['Qing Qi'],153701,2020,True,,0.7809999999999999,0.6579999999999999,0.121,0.746,145.046
2kSesktCPJDSVfeilxqo7A,Go Get 'Em,['Qing Qi'],204414,2020,True,,0.8140000000000001,0.74,0.006370000000000001,0.823,100.99799999999999
7o7OER6YCQNwn5SJivdt8c,OTP (Elevate),['Qing Qi'],161495,2020,True,,0.9520000000000001,0.6970000000000001,0.131,0.609,107.01
5OXcjDYuajkZQuYXAunXxi,Wonka,['Qing Qi'],178360,2020,True,,0.799,0.654,0.00419,0.24600000000000002,98.98700000000001
5hs2871V55gae8KFOiZ9df,Talking On The Phone Is Cancerous,['Qing Qi'],199245,2020,True,,0.9520000000000001,0.48200000000000004,0.35,0.866,105.927
2Usv7PwniFYwVdJLTJMe7b,Problematic,['Qing Qi'],238755,2020,True,,0.94,0.647,0.135,0.547,99.006
5i3SYT79MdSaBVYY0vmGkj,Quinnipiac,['Throneberry'],339627,1998,False,,0.35,0.6,7.509999999999998e-05,0.13699999999999998,139.112
7Ktf1lP3prZcTj7baQ9lLH,Queen Bee,['Chug'],233080,1997,False,,0.38,0.664,0.00228,0.507,111.507
162Y57oTYJgz9XozUyghU7,Teenagers Don't Know Shit,"['Quintron', 'Miss Pussycat']",284350,2020,False,,0.434,0.8190000000000001,0.073,0.555,136.658
5a9SErYPSFUaTaPIm5rJ6v,Goblin Alert,"['Quintron', 'Miss Pussycat']",206457,2020,False,,0.396,0.9670000000000001,0.179,0.44799999999999995,99.36200000000001
7raEQARuMSascZ54KiCKVf,Buc-Ee's Got a Problem,"['Quintron', 'Miss Pussycat']",184853,2020,False,,0.354,0.922,0.0692,0.7290000000000001,142.481
3ySvJ15VBvkZaTKbQYHS4b,Where's Karen?,"['Quintron', 'Miss Pussycat']",304522,2020,False,,0.18899999999999997,0.588,0.556,0.125,186.301
2zWafjfbWulBScBhBjRFwg,Stroller Pollution,"['Quintron', 'Miss Pussycat']",203548,2020,False,,0.377,0.889,0.0881,0.684,207.342
0Zot0Ck2J8IbJVP43QOSkv,Block the Comet,"['Quintron', 'Miss Pussycat']",340496,2020,False,,0.6859999999999999,0.7440000000000001,0.348,0.759,122.25
51NWeYY4Fm1TlkHK4Gjtqc,You Made It Weird,"['Quintron', 'Miss Pussycat']",222860,2020,False,,0.494,0.884,0.0354,0.529,108.75399999999999
7pktC4LPjFbgePord1yWEf,Weaver Wear,"['Quintron', 'Miss Pussycat']",280759,2020,False,,0.536,0.94,0.222,0.278,96.825
3RJo3oShvK4l62scw7bQfU,Julie,['QW4RTZ'],182053,2016,False,,0.8170000000000001,0.731,0.161,0.877,107.92299999999999
1VmOkz3cw5FtpTUx9z73hS,Journée d’Amérique,['QW4RTZ'],208053,2016,False,,0.596,0.711,0.000463,0.536,132.054
5I8rQcbTHMR8lYi833c9ex,Fais-moi un show de boucane,['QW4RTZ'],192747,2016,False,,0.723,0.574,0.0188,0.563,78.11399999999998
2jkZmIUQSwuca4Kr5vewga,Pendant que les bateaux / Si les bateaux,['QW4RTZ'],193787,2016,False,,0.259,0.321,0.9209999999999999,0.309,81.416
4hzKku9ajWMeb4HnhbvcZA,Deux par deux rassemblés,['QW4RTZ'],256320,2016,False,,0.461,0.531,0.011000000000000001,0.253,171.968
11wq9GDRRrVBt3tRF3UtFB,Tout le monde en même temps,['QW4RTZ'],225640,2016,False,,0.423,0.509,0.166,0.306,96.155
0oTmcrlMKr96A37cprwRxc,Mécaniques générales,['QW4RTZ'],187653,2016,False,,0.7829999999999999,0.53,0.218,0.235,116.085
2ybvmkmxwqjeAwrsLvkrHk,Hymne à l’amour,['QW4RTZ'],219827,2016,False,,0.265,0.256,0.919,0.16899999999999998,79.83
1ejcSFOGcuAzEoN0SpJfqf,Emmenez-moi,['QW4RTZ'],199627,2016,False,,0.436,0.601,0.73,0.647,107.895
2AK4v8IYvkeiHHhYd0R4xe,Comme d’habitude,['QW4RTZ'],240173,2016,False,,0.39299999999999996,0.478,0.5379999999999999,0.605,169.612
2F73WWfXktP6v1B6PumWVW,La Tribu de Dana,['QW4RTZ'],251613,2016,False,,0.573,0.778,0.0141,0.653,94.00200000000001
7yqW5wNvbUF0uTarZYc4NV,Boum boum boum / Elle me dit,['QW4RTZ'],250280,2016,False,,0.627,0.662,0.0897,0.718,127.04299999999999
3DUFb5DsI6oEOVqGauB5z3,Papaoutai,['QW4RTZ'],202288,2016,False,,0.7659999999999999,0.785,0.0333,0.564,116.118
1uJZg7kh5F903bg56X76gP,Quan Ca$h Money Interlude,['Parris'],66325,2020,True,,0.608,0.529,0.9940000000000001,0.132,82.324
2juUp5JkgTF8qJZYzrKMJE,Intro,['Qüassi'],150762,2020,False,,0.486,0.736,0.021,0.0916,120.244
0PabDgGMta9ysr4XHEurhK,Vórtice,['Qüassi'],273882,2020,False,,0.35,0.784,0.00316,0.243,134.658
5RceXAVJUavMvRdfNEwlUN,Solitario Spider,['Qüassi'],439567,2020,False,,0.37799999999999995,0.637,0.0426,0.2,94.226
51aZm4Qefxad4oBUkzpQas,Trashilvania,['Qüassi'],354723,2020,False,,0.268,0.67,0.00118,0.0444,94.913
1soXBr4SAjkAinksoDgqUy,Marea,['Qüassi'],305050,2020,False,,0.263,0.787,0.0183,0.201,86.181
63Xj67ZRuMLbFKCrbjdzUf,Reverbi,['Qüassi'],434002,2020,False,,0.522,0.69,0.0208,0.344,120.051
48kbR7EYhghxdQ698B2i6g,Matemáticofrustrado,['Qüassi'],290117,2020,False,,0.281,0.687,0.00314,0.177,79.96600000000002
3fj0dOfT1UijySf2Bpo0A9,Amapolas,['Qüassi'],500917,2020,False,,0.245,0.562,0.0311,0.198,90.057
7oNM8j73zoTsMOUcIK7dGw,Vivian,['Eddie Quinteros'],128026,2003,False,,0.526,0.337,0.9179999999999999,0.6920000000000001,112.421
2Za1leKNUArcERYpPUdKhy,Que passe la nuit,['DENIZE'],175813,2020,False,,0.65,0.39899999999999997,0.565,0.192,120.039
2mQuiA1kPFA4UfsfFDjrEg,Black Star Shining,['Quarkspace'],485733,2001,False,,0.326,0.638,0.15,0.126,110.27799999999999
5XYcYsAETgYGNlOZYSjKnn,The Translight Limited,['Quarkspace'],279560,2001,False,,0.49,0.789,0.43,0.622,95.84700000000001
2Do0eo04CBptMxaj949Lxk,"Jay, The Prog Boy",['Quarkspace'],192400,2001,False,,0.358,0.573,0.21899999999999997,0.455,109.366
1XN2Vt4KEboltznROV3lw3,Fissure,['Quarkspace'],383973,2001,False,,0.42,0.469,0.37799999999999995,0.377,145.849
2mIHJ7gpVjnmINzo85PhKV,Red Star Pulsing,['Quarkspace'],362893,2001,False,,0.198,0.6679999999999999,0.000199,0.0465,132.591
6deLqpzgjIhpEs3Z7NlsGI,Fujita,['Quarkspace'],322733,2001,False,,0.44,0.7879999999999999,0.21100000000000002,0.501,91.579
6YkZYJKW4Gau9tmtci3rKb,Appliances Of The Gods,['Quarkspace'],313240,2001,False,,0.138,0.591,0.23,0.156,80.445
5zVJoH57iGawme8S51WOwr,The Living Stone,['Quarkspace'],285360,2001,False,,0.439,0.5820000000000001,0.515,0.2,135.024
2SrCQI5pfF3TlBSwnCg2JD,Green Star Shooting,['Quarkspace'],655133,2001,False,,0.308,0.612,0.0766,0.172,126.579
7LtcADbzJtUEysdQSlnt0l,Chippertronics,['Quarkspace'],391533,2001,False,,0.363,0.726,0.938,0.287,124.54299999999999
2Pdje6r90pBVoYCXIwIfoo,True Millenium,['Quarkspace'],275107,2001,False,,0.293,0.713,0.32899999999999996,0.546,103.295
0OuYIlgZKrjMt14EiqADNN,Blue Star Glowing,['Quarkspace'],376800,2001,False,,0.423,0.493,0.321,0.0388,125.359
52zYktWLA3LPGyiPdgVb9c,Quake,['Fucius'],405640,2005,False,,0.495,0.847,0.00024900000000000004,0.122,176.013
7lrtpNMzKZwpnQD5QuN74J,Badly Drawn,['Que Verde'],290867,2002,False,,0.48200000000000004,0.28,0.853,0.18600000000000005,129.58100000000002
1dwxkIn43n4qfPoh979SUs,Homosapien (Freestyle),['Queen Drie'],180062,2020,False,,0.6579999999999999,0.545,0.565,0.8590000000000001,89.87
4yVLCn4wNVNCa4I6vhIHeG,Quake,['Stan Stewart'],213461,2017,False,,0.706,0.391,0.13699999999999998,0.69,131.88
1M8CTOo9Ced2MSezsYI3yd,Quarry (If You Dive),['Magik Markers'],296043,2020,False,,0.308,0.235,0.884,0.18899999999999997,126.96700000000001
6FBmHx1FuaSnTnnnaThgbF,Cum on Feel the Noize,['Quiet Riot'],287400,1996,False,,0.441,0.9079999999999999,0.000183,0.632,145.439
6BJvFm4FN3rz0kUiju6DJM,Bang Your Head (Metal Health),['Quiet Riot'],317067,1996,False,,0.511,0.934,0.0022,0.547,121.211
0E67Zv5wwSwbIUoqTbuVqr,Slick Black Cadillac,['Quiet Riot'],254333,1996,False,,0.361,0.8959999999999999,0.000995,0.609,162.401
3dmrvMESAnhHHaPoB3K7Me,The Wild & The Young,['Quiet Riot'],217400,1996,False,,0.527,0.777,0.00045,0.665,109.381
0sj81uakRSMWTXvhphA1el,Mama We're All Crazy Now,['Quiet Riot'],215960,1996,False,,0.43,0.9059999999999999,0.00245,0.47100000000000003,136.481
062AbLqtYRWPw3uYnZIdVr,Party All Night,['Quiet Riot'],211907,1996,False,,0.526,0.8959999999999999,0.0006349999999999999,0.7759999999999999,137.444
3yjyLEq4lSr0CbZuUc2uZr,The Joker,['Quiet Riot'],235933,1996,False,,0.5,0.848,0.114,0.4370000000000001,97.603
5S52dp5cXTZPIxWc32Jrlw,Stay With Me Tonight,['Quiet Riot'],268533,1996,False,,0.358,0.889,0.0363,0.17300000000000001,85.445
3NwPMCuSkOH6LsbfWvnFYw,Callin' The Shots,['Quiet Riot'],281093,1996,False,,0.44299999999999995,0.925,0.0329,0.365,102.84200000000001
1DJn9rMA5KTaC8EjMmze7s,Bang Your Head (Metal Health) - Live Version,['Quiet Riot'],339800,1996,False,,0.37,0.958,0.000132,0.42100000000000004,130.19299999999998
3FURGVNlMBTnlH6nbytc13,Let's Go Crazy - Live,['Quiet Riot'],307307,1996,False,,0.312,0.976,0.0037700000000000003,0.17,134.316
629698Yy1ksxdGhYXFZOrr,CUFFED UP (feat. Quavo),"['PARTYNEXTDOOR', 'Quavo']",115667,2020,False,,0.8029999999999999,0.47,0.0519,0.507,132.871
2xVCwFrNYnllRX1g0drYVI,QUEEN,['TWICE'],193573,2020,False,,0.629,0.8370000000000001,0.139,0.423,105.882
2UcSeyi6UFiHT3rb5Cp3eV,"Questions, Pt. 3",['JZAC'],182118,2020,True,,0.4370000000000001,0.654,0.313,0.531,171.36599999999999
2vYtJAPDu6Jxk77XzRBkLT,Hustle Versity Intro,['Qadi'],154227,2020,True,,0.747,0.591,0.251,0.529,84.914
4na0oaX4Yd2iJbNd3TA1x9,Fuck You Pay Me,['Qadi'],177241,2020,True,,0.591,0.777,0.0428,0.489,88.01
45gBSLoxSvAMYql72j76em,U Ain't That,"['Qadi', 'DC']",221205,2020,True,,0.713,0.7759999999999999,0.0518,0.593,150.031
0jx7DsR0eBEX0ihpRDtmTa,Get It Right,"['Qadi', 'Tony Yanks']",154227,2020,True,,0.441,0.722,0.0205,0.354,94.29700000000001
6ynTJPWPkjqkBsHMa5jMw9,Woke Up Wit Sum Money,"['Qadi', 'Bakdoe Liljoe']",138083,2020,True,,0.524,0.584,0.0647,0.23600000000000002,127.01
3v7fKpcUDs91dtpi5yLYgJ,Designer,['Qadi'],124918,2020,True,,0.705,0.7440000000000001,0.265,0.757,92.95
25mMhF6lBjnkdiCPGBEzZU,Cross the Line,['Qadi'],140278,2020,True,,0.541,0.759,0.09699999999999999,0.5,89.876
0Tnr6J1Ph12plG27VNqBcO,Never Seen,['Qadi'],177946,2020,True,,0.43799999999999994,0.727,0.0228,0.348,108.165
6a780vDDx8ZxNdB5eww5nx,Spend It All,['Qadi'],144457,2020,True,,0.632,0.8,0.0020399999999999997,0.32799999999999996,94.015
0HIaqELOhUTduqn9IQHjrg,I'm Fuckin' Wit Her,['Qadi'],224976,2020,True,,0.615,0.473,0.0167,0.247,139.873
6C401LgJ3NRmE8MbfyWR8P,Well Connected,['Qadi'],108878,2020,True,,0.708,0.605,0.135,0.27899999999999997,118.387
2XaYVE5Cf84by9jnMKws0i,Same O Shit,['Qadi'],216372,2020,True,,0.711,0.872,0.00246,0.868,142.032
2gU9YORIlfscAhlJbtFnVP,But Not Like Me,['Qadi'],153443,2020,True,,0.612,0.499,0.524,0.177,175.989
3tNXfCjK0g9Wrw89LQ0YtT,Race,['Qadi'],240039,2020,True,,0.726,0.769,0.021,0.5920000000000001,129.95600000000002
07jCcqHFBRjADTtOTBPCbw,Come Wit Da Money,['Qadi'],203755,2020,True,,0.486,0.6990000000000001,0.0403,0.264,120.08200000000001
5IInvImAzU3Uwg5ZSn7EoY,QUESTIONABLE MORALITY,['Thouxanbanfauni'],135001,2020,True,,0.82,0.418,0.75,0.29,127.999
6aXdzYvfrWhTDmYUgirUMv,Qué Va a Ser de Mí,['CNCO'],205173,2019,False,,0.74,0.755,0.187,0.574,92.022
6qC66JPldpMTUYRmWCXGsN,Lil Boi (Big Talk) [feat. Queen Naija],"['Ayanis', 'Queen Naija']",213226,2020,True,,0.748,0.465,0.128,0.207,127.07799999999999
5GfkB8dVCAIHfAneiATVop,Gunning For You (feat. Nevve) - Hairitage Remix,"['QUIX', 'Nevve', 'Hairitage']",184694,2020,False,,0.621,0.809,0.05,0.215,147.063
5F0RcQwWrH6wEfTlHAb3Po,Gunning For You (feat. Nevve) - D3FAI Remix,"['QUIX', 'Nevve', 'D3FAI']",205714,2020,False,,0.616,0.9790000000000001,7.69e-05,0.35100000000000003,146.997
0z9b5LDczqSadaZ3C2DRy0,Gunning For You (feat. Nevve) - NXSTY Remix,"['QUIX', 'Nevve', 'NXSTY']",202466,2020,False,,0.626,0.84,0.0451,0.242,147.02700000000004
4TlrwSoMuDNw3ZFhggTcZC,Gunning For You (feat. Nevve) - Voltra Remix,"['QUIX', 'Nevve', 'Voltra']",256327,2020,False,,0.546,0.987,0.0736,0.33399999999999996,147.138
61JHDGhAuX1YeNLPcHuL7c,Gunning For You (feat. Nevve) - ARYZE Remix,"['QUIX', 'Nevve', 'ARYZE']",206774,2020,False,,0.466,0.644,0.0128,0.233,154.907
2fraTaGQbmF9Aoxj4ZQxom,Gunning For You (feat. Nevve) - Noyze Jynx Remix,"['QUIX', 'Nevve', 'Noyze Jynx']",184694,2020,False,,0.545,0.8809999999999999,0.00564,0.517,147.06799999999996
6J84H44KUcU2AV6zTDG7SH,Quasar,['Emmanuel'],274280,2005,False,,0.608,0.992,0.000646,0.645,140.012
21jcuHw9kBHPvvkAjYOOi6,Quiet Corner,['Shalosh'],161000,2020,False,,0.47700000000000004,0.0229,0.9470000000000001,0.11,85.363
1v498OBtlR8OGO3TSGwH7F,Qu'elle est belle - Live Olympia 2005,['Mireille Mathieu'],148227,2005,False,,0.349,0.523,0.669,0.342,88.01
5NJN3iOv7H1kvnsNuyKprs,Quand on n'a que l'amour - Live Olympia 2005,['Mireille Mathieu'],212307,2005,False,,0.428,0.532,0.8440000000000001,0.317,141.605
6S55uTEEv4iZvYeywR2fxR,Quando verrano i giorni,['Mireille Mathieu'],213253,2016,False,,0.245,0.451,0.7609999999999999,0.153,144.185
6g0WcGaFBN41Tljascnfyq,I Don't Love You Anymore,['The Quireboys'],301747,2018,False,,0.5489999999999999,0.452,0.0745,0.446,134.81799999999998
6CQESLqZC98FqFkIwxYfCj,One Dollar Baller,['Queen Drie'],192072,2020,True,,0.804,0.504,0.0586,0.51,101.99
5D1ZOlW6LDSK1HAdD7GHZ7,Quand on s'est rencontré,['Ricao'],242093,2013,False,,0.5660000000000001,0.748,0.452,0.377,168.148
54EuAF7ChmwAFig9Qlhc9C,Smoking Opps,"['BigHomieJayRell', 'Qbangga']",201796,2020,True,,0.7959999999999999,0.746,0.47100000000000003,0.6709999999999999,145.869
4fWoACkDUlC3zve0Gzmt1j,Indian Summer,['Quinn Essential'],298667,2020,False,,0.436,0.677,0.5870000000000001,0.27399999999999997,135.07
4mbsJnBqB8BD5IansIOV4e,Another Day,"['Quinn Essential', 'Micahfonecheck']",245393,2020,True,,0.7929999999999999,0.377,0.0852,0.40399999999999997,89.083
5kpylnyPfKQqbHQhiaB5Dv,Family Man,['Quinn Essential'],118667,2020,True,,0.738,0.556,0.235,0.632,180.079
6X4oWepe872ZAfbyBe5Qj2,Succubus,['Quinn Essential'],208193,2020,True,,0.782,0.493,0.0336,0.344,166.083
1POMTgBWao8GOgU6ZopyxB,Burn,['Quinn Essential'],199680,2020,True,,0.879,0.312,0.32799999999999996,0.239,124.90899999999999
0UVxjimO5nKv43uWtndlj8,Slipping,['Quinn Essential'],215730,2020,True,,0.494,0.575,0.0467,0.423,176.357
2oXHfdNvsXJFNV2vaALc0i,Tried,"['Quinn Essential', 'Breana Marin']",236798,2020,False,,0.573,0.67,0.292,0.64,86.20700000000002
6RAddeIBNCtZZKWDqsSW85,Soulless,['Quinn Essential'],211064,2020,True,,0.75,0.804,0.00207,0.598,141.061
6NYFIEccaYBsPHDudoxe5s,Do Yall,['Quinn Essential'],180000,2020,True,,0.818,0.8,0.027000000000000003,0.7829999999999999,160.025
66xDQ4X8UfXsEJG0mYr2X5,Blue Moon,['Quinn Essential'],181333,2020,True,,0.636,0.501,0.885,0.316,90.23100000000001
3oz4r8sgUZSo9cVTnY2wFL,There for Me (Lincoln St. Flows),['Quinn Essential'],196627,2020,True,,0.669,0.551,0.0384,0.158,82.961
4uayYmtG7e3Zz8rJ50eiQm,Resentful,['Quinn Essential'],231220,2020,False,,0.68,0.5820000000000001,0.226,0.21,82.087
0RT7M2M0x1miXfL4zzsXVf,2 Years,['Quinn Essential'],278710,2020,False,,0.6709999999999999,0.48100000000000004,0.126,0.33399999999999996,93.059
1bhGWZ48abhd9nZSn9RFny,Just Ain't Right,['Quinn Essential'],260645,2020,True,,0.87,0.46799999999999997,0.0535,0.373,92.936
2cVX51XOLk3cr9eASkt4OP,Full Armor of Yah,['Hadassah Queen O'],85343,2020,False,,0.516,0.8809999999999999,0.361,0.505,171.00900000000001
5YeETV6hleovx3a6379wGf,Inspiring Clarity,['Hadassah Queen O'],62982,2020,False,,0.613,0.7140000000000001,0.47,0.166,140.099
4dQY8jZJo4UxUJ7KGGFCaV,Epic Mountain Top Experience,['Hadassah Queen O'],91221,2020,False,,0.647,0.8079999999999999,0.0185,0.0995,150.129
1V48ZPJxehz389B6vi0mT3,Unexpected Suspense,['Hadassah Queen O'],87119,2020,False,,0.8029999999999999,0.94,0.0078,0.474,124.03399999999999
6yV6aR3emSuMzZ0kZnfrVd,Out of Sight,['Hadassah Queen O'],79779,2020,False,,0.6890000000000001,0.5710000000000001,0.0646,0.4370000000000001,85.012
4VCOAtnBkQSLBDgNP36fIA,Epic Adventure into the Unseen,['Hadassah Queen O'],78003,2020,False,,0.7709999999999999,0.7859999999999999,0.317,0.27899999999999997,100.045
6uJWr1g9T0O8ZdBs3k9mPO,Breath of Fresh Air,['Hadassah Queen O'],86780,2020,False,,0.542,0.6609999999999999,0.172,0.484,129.744
4v4baq50WSFqJZhZnACp9P,Romantic Tears,['Hadassah Queen O'],137536,2020,False,,0.45299999999999996,0.47700000000000004,0.498,0.395,177.547
5mASURBqFC7gxK0Sofo89N,Oh You Want to Tango,['Hadassah Queen O'],109115,2020,False,,0.8340000000000001,0.45899999999999996,0.0025399999999999997,0.618,109.97200000000001
3WlM3yBYwnK3Y4fBSkXIw2,The Battle Is Mine Says Yah,['Hadassah Queen O'],125650,2020,False,,0.465,0.934,0.24600000000000002,0.161,84.406
4Tc7xcVeHZDGNKc1400x6W,Just a Little Emunah,['Hadassah Queen O'],60814,2020,False,,0.682,0.7090000000000001,0.0227,0.152,75.028
2OreSYMZ8HDEIMB8fV4R4T,In Due Time,"['DaSuKi', 'Queen Moda', 'XL 2 Letters', 'Focused', 'Kaizer Sose']",231798,2020,False,,0.726,0.7190000000000001,0.6729999999999999,0.753,125.27600000000001
0Q3ALPrP36jOdQN031wPTU,Electrify,['Quakers'],23187,2020,False,,0.61,0.546,0.66,0.61,93.774
0WnWmh6JnnMjZlZH4Vzm0N,Start It Like This,"['Quakers', 'Phat Kat']",116697,2020,True,,0.466,0.71,0.0365,0.53,174.388
1daLl4CFLRrCnrZtBv95R4,One Of A Kind,"['Quakers', 'Guilty Simpson']",89967,2020,True,,0.371,0.7140000000000001,0.391,0.693,171.137
2MehQI1aqh3pq0ELwu8bwL,Sell Your Soul,['Quakers'],54324,2020,False,,0.8270000000000001,0.6459999999999999,0.973,0.845,107.494
72u2hVqvZTt0ypYVj1yjyS,Bare Essentials,"['Quakers', 'The Niyat']",147386,2020,True,,0.507,0.7559999999999999,0.111,0.7490000000000001,93.846
76tgHWSCHHJKR6Xa9JAEAI,A Myth,"['Quakers', 'SageInfinite']",93562,2020,True,,0.408,0.578,5.0600000000000003e-05,0.5770000000000001,90.52600000000001
6ketT3YWqSoAsT7b7CBF0J,This Station,"['Quakers', 'Jeremiah Jae']",145782,2020,True,,0.5429999999999999,0.603,0.387,0.7070000000000001,78.521
524mvge4nv1MP0tId73zfn,Alive,['Quakers'],20132,2020,False,,0.524,0.845,0.531,0.956,95.537
1r3X8xcbQpp8T9XJfaugW4,Heat On It,"['Quakers', 'Grandmilly']",92169,2020,True,,0.42100000000000004,0.841,0.304,0.4370000000000001,80.87100000000002
2S0BGWVgDYg3iSQoFCCxmP,Double Jointed,"['Quakers', 'The Koreatown Oddity']",150497,2020,True,,0.684,0.87,0.33,0.254,110.024
7rEHGDsyB0XkMNvpwGXotm,Who Dat,"['Quakers', 'Chester Watson']",96802,2020,True,,0.369,0.4370000000000001,0.325,0.544,170.54
3mWWMFXzDshrnBWFs0dpIx,Radiola,"['Quakers', 'Radioactivists']",141163,2020,True,,0.322,0.722,0.42100000000000004,0.878,74.96300000000002
3rNvWTa9AdVubHgn0ci5XT,Gun Control,"['Quakers', 'The Black Opera']",157434,2020,True,,0.382,0.7659999999999999,0.867,0.5660000000000001,87.01700000000002
0wrHWAtZz3HPQsCw1E8iW2,We Tried,['Quakers'],26973,2020,False,,0.371,0.642,0.9690000000000001,0.38299999999999995,178.017
3cqogzEFP9OPkJBuhtIw6W,Duck & Cover,"['Quakers', 'Guilty Simpson', 'Cysion']",134873,2020,True,,0.682,0.539,0.585,0.813,93.046
2djEuWqNwSYseZJezz4OJH,Morphine,"['Quakers', 'Bob Banner']",83863,2020,False,,0.349,0.625,0.145,0.35200000000000004,83.17399999999998
24oni3aX2qOyl1gHWBT6yz,Approach With Caution,"['Quakers', 'Sampa the Great']",152448,2020,True,,0.434,0.884,0.0516,0.7879999999999999,178.263
1G4fwnPAGlugSw57rF88Ce,The Streets,['Quakers'],61522,2020,False,,0.65,0.912,0.00228,0.4920000000000001,81.457
5OlkVsJO43NxEA2FeoVLwn,Looking For Love,"['Quakers', 'Denmark Vessey']",141755,2020,True,,0.301,0.742,0.00115,0.807,89.73299999999998
4TH5RJ6ZyFMrzVtj2aUeBp,Fa Real,"['Quakers', 'Jeru The Damaja']",110322,2020,True,,0.622,0.736,0.198,0.961,95.834
5ygjCfVPNA7hDoMIJWbvvj,A Quick Fix,"['Quakers', 'YC', 'Super Vic']",118934,2020,True,,0.624,0.644,0.0692,0.7509999999999999,91.866
5oWXlEoODxG25CnwEzJMH6,Test My Patience,"['Quakers', 'Jonwayne']",96430,2020,True,,0.5489999999999999,0.831,0.32899999999999996,0.88,85.719
2V56skjzctOeoWQJkT9epw,Too Many To Count,['Quakers'],54092,2020,False,,0.299,0.6459999999999999,0.262,0.455,89.15700000000002
2wW8zqU0tmvdH2eT6pZbsm,Greatness,"['Quakers', 'Nolan The Ninja']",90075,2020,True,,0.551,0.9129999999999999,0.308,0.68,98.162
4JxaH1w4Ts2CkjE7jUg8eq,Hit List,"['Quakers', 'Cazeaux O.L.S.O']",106668,2020,True,,0.613,0.8140000000000001,0.125,0.9470000000000001,199.856
5OGnvIUSaSnvl90i1ORZrM,Another Kind Of War,"['Quakers', 'Jeremiah Jae']",178796,2020,True,,0.406,0.8,0.195,0.607,80.14
3eviVikewIUW3So0877nVb,Leaflet Drops,['Quakers'],45510,2020,False,,0.593,0.888,0.0351,0.631,93.469
4nOTKXNRt0s3KzRaknKdpo,One O’clock,['Quakers'],24064,2020,False,,0.684,0.58,0.612,0.7490000000000001,97.493
0GEpvGeNN72DTyE1o6Ye6B,All Of It,"['Quakers', 'Boog Brown']",141326,2020,True,,0.41,0.79,0.285,0.777,92.958
2SjCUDZU0KuNohvTr8SKLD,Machine Room,"['Quakers', 'Fat Ray']",87243,2020,True,,0.604,0.816,0.5429999999999999,0.59,132.839
7soAV9nkupYWY3bvtTF8OR,Pain,"['Quakers', 'SavKillz']",50552,2020,True,,0.664,0.7829999999999999,0.44799999999999995,0.843,97.125
6BpPTfKc76FF4WNxrsoKfW,The Line,"['Quakers', 'Cavalier']",122517,2020,True,,0.517,0.894,0.281,0.737,80.517
7s9pprD3L6EmKFgK7s90qG,Blocks,"['Quakers', 'Dionté BOOM']",141328,2020,True,,0.35,0.784,0.057999999999999996,0.6709999999999999,135.512
6LGcWaonNHaR951FL4wTLe,After The Lights Failed,['Curious Quail'],111818,2014,False,,0.309,0.495,0.128,0.27399999999999997,176.22299999999996
4tERIlt4o8DysO5YiWSgMJ,Instant Gratification,['Curious Quail'],232090,2014,False,,0.35,0.8190000000000001,0.16399999999999998,0.331,74.404
7pICdQMfWjL1tKFemaK4Vl,Moon + Stars,['Curious Quail'],243389,2014,False,,0.574,0.742,0.0268,0.107,130.032
7pFvElFXvyv2FrkBF3eCLd,Braid,['Curious Quail'],278993,2014,False,,0.441,0.6409999999999999,0.282,0.185,132.634
4dF1hg2prxNyYU89ZkY0V2,The Villian,['Curious Quail'],192540,2014,False,,0.5539999999999999,0.833,0.0347,0.401,124.719
77KMxa5pl0AucQux0pUfxw,Apart We Are Together,['Curious Quail'],238349,2014,False,,0.552,0.7340000000000001,0.193,0.349,125.97399999999999
3OaWN5GrFj6XAZYW013eaT,Heavy Rain,['Curious Quail'],208054,2014,False,,0.7070000000000001,0.674,0.462,0.282,106.006
41mlviF6QRQzPz450UWdMh,Refugee Camp,['Curious Quail'],237784,2014,False,,0.461,0.40299999999999997,0.5820000000000001,0.341,180.18599999999998
3wJtyUJzMF5Q7H0abLTVe9,Giraffes,['Curious Quail'],177714,2014,False,,0.5760000000000001,0.7240000000000001,0.00199,0.466,105.027
7BRIk61pma1YKZBHLMLOU2,Reconstruction,['Curious Quail'],262247,2014,False,,0.521,0.867,0.252,0.423,153.996
4ArUl1vE3ge8FqC5ZLdmQU,Once in a While,['Curious Quail'],205545,2012,True,,0.7759999999999999,0.639,0.0046700000000000005,0.6459999999999999,124.02799999999999
5asdsTzZmi7KYyX680Qumd,"Disappointed Smiles (Formula for a Generic, Academy-Award Nominated [but Not Winning] Ron Howard Film)",['Curious Quail'],221273,2012,False,,0.391,0.6579999999999999,0.00745,0.718,165.03099999999995
2i4Ifzb1XAg6j2xmxgECfS,When the Cats Learned to Speak,['Curious Quail'],182544,2012,False,,0.736,0.706,0.0405,0.731,122.99
3WWrIYpRVVMlTSlowas0ym,Survivor's Guilt,['Curious Quail'],223227,2012,True,,0.41100000000000003,0.797,0.0371,0.441,94.022
4zivd7dUxcYuUHv784nORC,The GLOW,['Curious Quail'],243326,2012,True,,0.73,0.618,0.0432,0.643,142.03799999999995
0Rso25lNmBJ3cTau4hu3ao,Hidden Track,['Curious Quail'],202273,2012,False,,0.41100000000000003,0.26899999999999996,0.775,0.187,120.045
2sUe39Szkd4lExGy0GZaac,Something Under the Bed Is Drooling,['Curious Quail'],177273,2012,True,,0.574,0.856,0.0233,0.306,125.00399999999999
25Xp099eWwcrAlb5rsGki8,"Honestly, Honesty",['Curious Quail'],194455,2012,False,,0.429,0.309,0.884,0.28,94.955
3UeYjOuof64roRo8B0fojl,The Turnaround,['Curious Quail'],257591,2012,False,,0.33799999999999997,0.574,0.133,0.441,89.77799999999998
7pXXbnDxAA6KkeSsz4nj6M,Playground,['Curious Quail'],282824,2012,False,,0.621,0.425,0.19,0.18100000000000002,120.00399999999999
7noEEKWsaiVeq5HP9kY3uQ,Lo Que Tengo Yo,['Lali'],146474,2020,False,,0.8140000000000001,0.5529999999999999,0.0657,0.677,99.954
1TYmNFkPvUcSADcxP0e32N,5.3,"['Lisbeth Quartett', 'Charlotte Greve', 'Manuel Schmiedel', 'Marc Muellbauer', 'Moritz Baumgärtner']",369621,2017,False,,0.42200000000000004,0.498,0.586,0.2,130.276
0gObqXsnq9vvfHNE3S81qH,Bend,"['Lisbeth Quartett', 'Charlotte Greve', 'Manuel Schmiedel', 'Marc Muellbauer', 'Moritz Baumgärtner']",95824,2017,False,,0.40700000000000003,0.205,0.98,0.114,104.501
65YhaxTNSs6MmNfefRsXE5,Shirley,"['Lisbeth Quartett', 'Charlotte Greve', 'Manuel Schmiedel', 'Marc Muellbauer', 'Moritz Baumgärtner']",490418,2017,False,,0.426,0.33399999999999996,0.56,0.10800000000000001,96.36399999999999
2nzO4knojdFXSezP3BqXA1,Piece,"['Lisbeth Quartett', 'Charlotte Greve', 'Manuel Schmiedel', 'Marc Muellbauer', 'Moritz Baumgärtner']",516606,2017,False,,0.322,0.276,0.965,0.078,79.566
4tSXb6FfiKiCDvQjlBy5cT,Echo & Skill,"['Lisbeth Quartett', 'Charlotte Greve', 'Manuel Schmiedel', 'Marc Muellbauer', 'Moritz Baumgärtner']",503022,2017,False,,0.40299999999999997,0.313,0.639,0.156,108.33200000000001
5zBD1lXZVKkPexIMbD1WLk,"Original Source, Pt. 1","['Lisbeth Quartett', 'Christian Weidner']",504302,2017,False,,0.195,0.218,0.961,0.0574,74.025
7x26UgeVw0phVE1EP1XUJX,Leap,"['Lisbeth Quartett', 'Charlotte Greve', 'Manuel Schmiedel', 'Marc Muellbauer', 'Moritz Baumgärtner']",80009,2017,False,,0.544,0.401,0.831,0.445,104.251
0mrRoiuXCAeGMwuF0wNZNZ,Daily Task,"['Lisbeth Quartett', 'Charlotte Greve', 'Manuel Schmiedel', 'Marc Muellbauer', 'Moritz Baumgärtner']",210223,2017,False,,0.503,0.386,0.593,0.21100000000000002,119.49
3lsbugiPU3pli5sL5UYGs4,We Alter and Repair,"['Lisbeth Quartett', 'Charlotte Greve', 'Manuel Schmiedel', 'Marc Muellbauer', 'Moritz Baumgärtner']",486386,2017,False,,0.384,0.247,0.8859999999999999,0.0395,132.929
0VnsQ5ZOcJzGuHTbzPaeJ6,"Original Source, Pt. 2","['Lisbeth Quartett', 'Christian Weidner']",191161,2017,False,,0.266,0.304,0.8340000000000001,0.075,92.211
7uHGLDxoQP7ZAXPxjAD7mu,Crickets,"['Lisbeth Quartett', 'Charlotte Greve', 'Manuel Schmiedel', 'Marc Muellbauer', 'Moritz Baumgärtner']",297282,2017,False,,0.264,0.10800000000000001,0.963,0.0381,81.00399999999998
79nwpn5gVO7F2BGKBU30sI,Quazi,['Fleetwire'],153626,2019,False,,0.652,0.7040000000000001,0.00146,0.7759999999999999,125.01100000000001
0376uSPlKWTUyrdPbxcXKV,White 1,['Lisbeth Quartett'],418440,2014,False,,0.41,0.115,0.96,0.0709,81.05199999999998
7BJGzYZXoNYaua7ceNFL22,You & You,['Lisbeth Quartett'],532083,2014,False,,0.364,0.275,0.787,0.10400000000000001,81.867
6zRSzB9AamXcnq8Vj95ATn,Movement #4,['Lisbeth Quartett'],384193,2014,False,,0.5579999999999999,0.217,0.787,0.45,136.409
2xq5SdLmykioGKNpCgyWjw,Finitude,['Lisbeth Quartett'],437894,2014,False,,0.44,0.125,0.9279999999999999,0.0567,118.427
3tYnQdzRyMj07SvsuUoXkp,From Scratch,['Lisbeth Quartett'],376153,2014,False,,0.514,0.306,0.81,0.192,89.71700000000001
2xylnAXY09UWgidm6HTjsO,Constellation,['Lisbeth Quartett'],227181,2014,False,,0.512,0.348,0.4920000000000001,0.17600000000000002,107.557
1DU5ZGUlv48V912N5CrWFE,Light / No Light,['Lisbeth Quartett'],432497,2014,False,,0.4970000000000001,0.177,0.89,0.0754,116.412
3Ldive9WFa1R97ZjLqxwvt,Extension of a Hug,['Lisbeth Quartett'],487519,2014,False,,0.444,0.272,0.8909999999999999,0.156,132.655
37D5MYBZt3Bufyg4Bw2BRY,Sleep,['Lisbeth Quartett'],251662,2014,False,,0.235,0.0718,0.986,0.0939,101.99700000000001
7ft1aptXAw0ohca8FapsDq,White 2,['Lisbeth Quartett'],425275,2014,False,,0.415,0.0872,0.96,0.0384,79.528
1fprDY26DdoD0JcNuPk4RE,Questions,['Xentrix'],309800,2020,False,,0.33899999999999997,0.797,9.31e-05,0.429,116.389
7bRHjpetbq7adhj7NCLPRt,Questions,['Xentrix'],309800,2020,False,,0.33899999999999997,0.797,9.31e-05,0.429,116.389
6ncBzges9TRWdd72k12vIN,Quiere Ser,['Eximios'],227534,2018,False,,0.46,0.633,0.0694,0.606,102.3
2MI7dVLoNIaYQcE6cUsp3Y,Qualms,['Knova'],268670,2015,False,,0.303,0.972,0.044000000000000004,0.14800000000000002,203.97799999999998
1AizEnqBQBo5nUMo0fvR6X,Queen Of Carolina,['Claybank'],207293,2018,False,,0.552,0.73,0.0411,0.9440000000000001,143.93200000000004
5OGO1iwVPyl3vE9tm7GriN,Night Terror,"['Quess', 'Haysuse']",237624,2020,True,,0.7120000000000001,0.342,0.799,0.423,120.035
4xGODdukYFP50fjNmmUfwO,Roachies/Traumazone,['Quess'],209256,2020,True,,0.731,0.319,0.27899999999999997,0.465,120.03299999999999
2R50pZCs4j87lnMcMMJTH3,Sea Levels,['Quess'],186552,2020,True,,0.545,0.62,0.6729999999999999,0.767,130.293
1eFZwIJ7p0zychV0apUd4e,4wrist,"['Quess', 'Illuminate']",185400,2020,True,,0.8809999999999999,0.452,0.307,0.5589999999999999,84.042
4sCGg51VVDrMJMrJBEQYMP,Overkill,['Quess'],175968,2020,True,,0.625,0.518,0.22899999999999998,0.5920000000000001,129.855
5JKfpu1eW99T5GD7QHhuCK,When She Calls Me,['Quess'],88824,2020,True,,0.552,0.5489999999999999,0.0479,0.121,129.94
46nZ9NMMpBxL9YpQwnIrCu,Zero Kelvin,['Quess'],130056,2020,True,,0.45399999999999996,0.562,0.258,0.627,86.11200000000002
0fujhoSveO1IZ4waidcgED,Wolf Among Us,['Quess'],107544,2020,True,,0.7090000000000001,0.309,0.5760000000000001,0.474,160.135
10uWecMe8ahV8hJMfJjPVw,Qué Vo' Hacer,['Superlitio'],207747,2004,False,,0.701,0.7879999999999999,0.00253,0.7170000000000001,95.021
6TXbXdo44TTDEEDNFXiENl,Llamp que em partís,['Llacuna'],180584,2017,False,,0.254,0.731,0.00158,0.299,79.232
3jcmAO9UG3xAeJzxc8jMvn,Lobby - Sumthin Sumthin Remix,"['UZ', 'QUIX', 'Chaz French', 'sumthin sumthin']",200000,2017,True,,0.8059999999999999,0.8079999999999999,0.132,0.568,86.97200000000002
0dxnG1TmOIqLC9MDm3cFIj,Lobby - Tapecut Remix,"['UZ', 'QUIX', 'Chaz French', 'tapecut']",191342,2017,True,,0.721,0.782,0.00366,0.0829,163.99099999999999
2l1TaUtm22o35qbL442p4u,Lobby - Yvng Jalapeno Remix,"['UZ', 'QUIX', 'Chaz French', 'Yvng Jalapeño']",148429,2017,True,,0.6579999999999999,0.779,0.0362,0.401,169.95
0eaLnITFfQL5Qn0MvjWDGl,Quand j'te vois,['Lynda Lemay'],219653,2020,False,,0.4970000000000001,0.38799999999999996,0.862,0.446,97.86200000000001
6jk6xiFAhRwwqlzvrwGa93,Qu&apos;est-ce que tu fais ?,['Lemongrass'],343333,2004,False,,0.746,0.455,0.595,0.607,126.022
1Oob394cowWGxOhoFZyu1l,Queer Life,['SISTERS'],187813,2019,False,,0.816,0.626,0.0066,0.6459999999999999,107.146
58gv4DjPgC1W9ViUqO9hqQ,Tonya Son,['Quilly'],137691,2020,True,,0.736,0.588,0.0104,0.142,119.757
2nC599SQr0nYhoqieo4VNs,On Go,['Quilly'],206576,2020,True,,0.595,0.5670000000000001,0.027000000000000003,0.23,77.717
5VNP6ldZAYRq7V4Wtb6Bny,Radio Shack,['Quilly'],185313,2020,True,,0.667,0.892,0.36,0.8809999999999999,140.153
66rsEzRrcw2ELLNACr8gGe,Dick Up Dummy,['Quilly'],154776,2020,True,,0.642,0.5760000000000001,0.0902,0.358,151.619
4lSLbx4JDtG3I9yCmcxYb9,Everything That We Do,['Quilly'],146860,2020,True,,0.7120000000000001,0.795,0.0787,0.39399999999999996,98.90799999999999
49bONmYBkAwxQzihXptIIa,The Ticket,['Quilly'],182256,2020,True,,0.711,0.665,0.0322,0.542,81.93799999999997
25Pvq1hCzVLi8LYMLQu0Ia,Drought Where,['Quilly'],171050,2020,True,,0.72,0.5529999999999999,0.109,0.535,159.885
4Z1unh5SuRACRXjPVLfvZI,I Can't Believe It,['Quilly'],190276,2020,True,,0.807,0.48100000000000004,0.0992,0.426,159.955
4IgkZG8s6NCgpjIiUrQGzJ,Cha Cha,['Quilly'],124813,2020,True,,0.711,0.618,0.128,0.256,66.738
7s43Awx6MOEMFWod2c9uEt,Big Troop,['Quilly'],154697,2020,True,,0.6509999999999999,0.541,0.214,0.21,90.15
6rhCvzfysqTzHFzrrtOyHQ,Quiet Waterfall,['Bob Brown'],216700,2016,False,,0.501,0.32899999999999996,0.853,0.278,91.223
06KftXpebzVv7vB8ZNUmPH,Queue de Cheval,['DAMIEN'],226240,2020,False,,0.579,0.858,0.0020399999999999997,0.39799999999999996,122.773
5MWGV7QKZlFUcNq7TxPYFi,Anti für immer (feat. Quame65),"['Antifuchs', 'Quame65']",156000,2019,True,,0.785,0.648,0.309,0.857,115.042
6p158dfAO8q8wUk8u06xZq,Spaceship Vibes,"['NoCap', 'Quando Rondo']",203912,2018,True,,0.434,0.424,0.47700000000000004,0.205,79.982
0tZ6arIQliWTH6I21CSWEF,Queen,['EverythingOShauN'],144000,2020,False,,0.8270000000000001,0.47700000000000004,0.0257,0.53,102.02799999999999
4reJpVLAdfrCqRlvvghmeW,It Could've Been Worse,['Lil Quill'],203606,2020,True,,0.675,0.47600000000000003,0.18600000000000005,0.51,171.933
6zyOWE3NLzYz0RePjZpfIe,Too Funny,['Lil Quill'],150408,2020,True,,0.8059999999999999,0.5529999999999999,0.0483,0.461,130.143
4DjDNoGejK4c8xzVdzoRwk,Iconic,['Lil Quill'],184440,2020,True,,0.855,0.508,0.00146,0.4320000000000001,124.988
653JBuQRbN86dLT2Nq2iSE,Handle Business,['Lil Quill'],186514,2020,True,,0.9259999999999999,0.622,0.0429,0.6759999999999999,130.058
108tVHGVeUK8fsDzl6oToj,Purchase,['Lil Quill'],171600,2020,True,,0.691,0.532,0.0656,0.382,175.794
6GwQR1px8bjfuIX2VDEbcG,Zone 6 Shit,['Lil Quill'],132432,2020,True,,0.682,0.474,0.0009880000000000002,0.244,152.874
3Ck0lwaeUj90S1RrIh6ZjY,Go Getta Bag,['Lil Quill'],147504,2020,True,,0.759,0.665,0.0165,0.413,150.03
5qt8hVByc767nWksBQRxuV,Lining Up,"['Lil Quill', 'Yung Mal']",184680,2020,True,,0.883,0.562,0.00447,0.263,130.018
6v4Deb3SxpNe56gdY26Qvm,Eat Ya Remains,['Lil Quill'],147672,2020,True,,0.955,0.5920000000000001,0.0125,0.792,129.993
0T8ea0B3Durkb16tQXx8BZ,Yes,"['Lil Quill', 'SSG Splurge']",160104,2020,True,,0.9079999999999999,0.392,0.0383,0.498,144.952
1osxOYWZmt6jawgZvNTZ1Z,Fake Love,"['Lil Quill', 'Jaybean']",218016,2020,True,,0.7859999999999999,0.455,0.024,0.41200000000000003,160.02200000000005
1SaT6VtBHKoHiA95IXHOig,Digg What I'm Doing,['Lil Quill'],185040,2020,True,,0.8809999999999999,0.555,0.39,0.596,129.892
3WWSEUz4uR0bGh9tk9kmPA,Perk,"['Lil Quill', '111 Loaded']",187800,2020,True,,0.893,0.527,0.106,0.41200000000000003,132.97799999999998
3UXGvlXEWD5Oqa4V524GK9,Never Discuss,['Lil Quill'],170856,2020,True,,0.594,0.653,0.0352,0.555,85.51799999999999
1MAgxznQxwR3HX4hE8ASzl,Family Figure,['Lil Quill'],186672,2020,True,,0.542,0.624,0.0115,0.28,80.49600000000002
1aN1pLbKqLUye5fkG91RKg,Queen,['Inglorious'],215880,2019,False,,0.5479999999999999,0.91,0.0122,0.596,109.088
3KGvsmy77tQ77hBQWu2OX5,Blue Opps,['Quando Rondo'],125988,2020,True,,0.634,0.63,0.0067599999999999995,0.44299999999999995,121.2
5qFK2janQJ0PaAgF6yILe5,Real Love,['Quando Rondo'],145333,2020,True,,0.7090000000000001,0.769,0.396,0.889,90.13
5j9UPWAK0O6SoRY2lKUS9o,Double C's,['Quando Rondo'],153574,2020,True,,0.792,0.778,0.0805,0.562,149.889
129ot6joxPVKaJFMjB6X3Y,Dripped Out (feat. Luh Kel),"['Quando Rondo', 'Luh Kel']",191885,2020,True,,0.617,0.617,0.21,0.593,151.795
6geDQfHP5gjZNu4DtOd2GV,Nothing Else Matters,['Quando Rondo'],158712,2020,True,,0.542,0.642,0.777,0.32899999999999996,82.745
0naAanvEbsrwrOEiEGFxDG,Poetic Justice,['Quando Rondo'],177817,2020,True,,0.606,0.615,0.797,0.737,81.318
2zimS2mTANwlM34KEOebYC,Marvelous (feat. Polo G),"['Quando Rondo', 'Polo G']",209528,2020,True,,0.626,0.7,0.436,0.42,165.013
3UYyYCKolVAK4ZG4pkqBnP,Expensive Edibles,['Quando Rondo'],136995,2020,True,,0.65,0.606,0.138,0.237,92.85600000000001
5Fxt3wMepGf5ySXHS72eZ8,Collect Calls,['Quando Rondo'],158118,2020,True,,0.745,0.526,0.42200000000000004,0.391,84.962
1GqluCmHkW69FPpe8OlnB5,Bad Vibe (feat. A Boogie Wit da Hoodie & 2 Chainz),"['Quando Rondo', '2 Chainz', 'A Boogie Wit da Hoodie']",198608,2020,True,,0.833,0.614,0.13,0.389,100.03
4cO9zOtoQefmDW7dGZNAxY,101,['Quando Rondo'],202691,2020,True,,0.622,0.754,0.0928,0.223,159.96
5QVPpzGulhrMUOcO7GXE73,Safest (feat. Lil Durk),"['Quando Rondo', 'Lil Durk']",234000,2020,True,,0.606,0.723,0.218,0.6509999999999999,160.26
0x1DrM3BZ6q7B8zBX0oVWS,Just Keep Going,['Quando Rondo'],124966,2020,True,,0.643,0.5429999999999999,0.20600000000000002,0.266,84.512
5FtfppaCdF9CO6Qz9AMsPC,Legitimate Drugz,['Quando Rondo'],146586,2020,True,,0.823,0.599,0.42,0.626,139.97799999999998
4BWm2EGgAs4MyiAQvXAXWG,Perfect Timing,['Quando Rondo'],140800,2020,True,,0.745,0.785,0.0323,0.479,149.951
4r2racAjxAqYE7hBNGu85s,Codeine Tales,['Quando Rondo'],161163,2020,True,,0.674,0.674,0.58,0.721,113.45700000000001
6bDoVG0197nFhJOjiDAGv5,Love or Lust,['Quando Rondo'],136094,2020,True,,0.726,0.649,0.20199999999999999,0.449,154.93200000000004
2wa5H2O3g7ayGM6e0WZV3c,Letter to My Daughter,['Quando Rondo'],190413,2020,True,,0.838,0.652,0.21100000000000002,0.319,120.99
5JjqM5DlaKrcXdM9CS6sHq,Porsche,['Quinta'],233504,2020,True,,0.794,0.204,0.0374,0.18899999999999997,140.031
0cRK0aieKqLBAffwKeGM1z,Bowie Empire,['Quinta'],270942,2020,False,,0.845,0.33399999999999996,0.0496,0.0995,128.033
6FwRBsYscSnffjhh2URhpv,Common Needs,"['Quinta', 'Tribzy']",157303,2020,True,,0.504,0.456,0.518,0.387,175.822
2xTMj573zHBplSCLODgXL1,Patek - Remix,"['Quinta', 'T33']",168693,2020,True,,0.8640000000000001,0.392,0.0607,0.257,121.009
22kkzsRJrA6KfGFu9phmgg,Lamb,['Quinta'],186604,2020,True,,0.71,0.3670000000000001,0.293,0.156,152.014
3M84j99CJ1dYo5evaoVlWP,Tinkerbells and Nevergrowns,['Qeuyl'],197407,2016,False,,0.748,0.652,0.023,0.514,95.99
2bZueVDGLweodjk7cAFarG,Chose Me,['Qeuyl'],283298,2019,False,,0.769,0.35200000000000004,0.272,0.113,99.959
2WX9qJFaeedrpS6ieIA2sx,U R the Best Thing,['Qeuyl'],260571,2014,False,,0.639,0.509,0.264,0.449,70.009
6F0DRfwUhSDYUXhDD8GVv4,You Said,['Qeuyl'],221422,2018,False,,0.155,0.542,0.00321,0.33,81.263
1jUg58fsnj788VoxpnDDHJ,Toast to Life,['Qeuyl'],202103,2018,False,,0.63,0.7559999999999999,0.0117,0.203,129.977
5EXQmTvIunR563kRZODzEO,Merry Christmas,['Qeuyl'],193673,2013,False,,0.575,0.609,0.447,0.39299999999999996,138.877
1EFqFwCcNYbocZDekC3SyU,Leap,['Qeuyl'],241685,2020,False,,0.6609999999999999,0.353,0.586,0.35100000000000003,101.82
