id,name,artists,duration_ms,year,explicit,spotify_popularity,danceability,energy,acousticness,valence,tempo
7KmyTJf4QfSquVbUT8tDNt,Xhale - Mix,['MD'],319947,2000,False,,0.792,0.451,0.267,0.35100000000000003,131.075
7sY7ne5Eskle74hD5yo3wf,Intro(Devotion),['Xperience'],104440,2010,False,,0.325,0.449,0.851,0.309,69.851
3wUKA9zMgaHx3AjBAsNwel,Showtime,['Xperience'],205947,2010,False,,0.43799999999999994,0.941,0.0571,0.569,104.773
5m92rBEck2E1HywLYQ1Uhe,1000 Suns,['Xperience'],219933,2010,False,,0.682,0.845,0.0381,0.585,90.406
5Prn6uPsBiTtMVRySojjUu,The Chase,['Xperience'],76693,2010,False,,0.35100000000000003,0.802,0.958,0.434,81.57600000000002
1GnmslPKKiPtTNE4128Dfv,Black Nails (feat. JFK),['Xperience'],252493,2010,False,,0.754,0.823,0.00629,0.725,82.009
5oRJH8k32fYJAzGT8hODWK,"Armored Cars, Tanks and Guns (feat. Candidt & Onry Ozzborn)",['Xperience'],244480,2010,False,,0.638,0.722,0.475,0.669,84.689
6NAEnSLoBQXu3iV6LKJXnf,Ambition,['Xperience'],247893,2010,False,,0.502,0.772,0.0133,0.462,85.389
7hdskoWLGIGZHioiNuNhUI,In Remembrance,['Xperience'],228853,2010,False,,0.537,0.84,0.138,0.426,89.397
3hsQ2YhuHV7Fe2DAjY3VQR,CoCo Jones,['Xperience'],237733,2010,False,,0.794,0.736,0.07,0.6779999999999999,109.83200000000001
4qMAmNkRfLYKHrUkRJOLC0,Inspiration,['Xperience'],73013,2010,False,,0.873,0.627,0.158,0.5589999999999999,135.076
3iZOJQln280Vg9vk8rdyoF,The World Is Yours (feat. A-Plus),['Xperience'],202907,2010,False,,0.48700000000000004,0.9109999999999999,0.38,0.509,100.069
3vFtI1ocwjRAF4MKUH5fsq,On the Road,['Xperience'],259680,2010,False,,0.6609999999999999,0.852,0.08,0.564,138.58
1NTy6acdfjBAyAYSPjj00r,Story of Us,['Xperience'],245293,2010,False,,0.722,0.747,0.0324,0.297,92.805
5lieSbSjYLtnmHKGZhDHly,What 2 Say (feat. IAME & Smoke),['Xperience'],258613,2010,False,,0.58,0.635,0.496,0.434,95.34700000000001
0hDxqXkWiRtVjBacv5zpRK,Guardian Angel,['Xperience'],249240,2010,False,,0.48200000000000004,0.778,0.583,0.506,79.96300000000002
2z6rZ14BCnLNVcCteicVOO,Inspiration,['Xperience'],88827,2010,False,,0.885,0.725,0.149,0.645,135.033
47lgnTCQWGjQhQH0xv11N4,Indigo,['Xperience'],259240,2010,False,,0.591,0.8590000000000001,0.18,0.35200000000000004,91.113
6kNW6E0KysQL8WyAabMpiS,XiX,['Mortal'],16375,1993,False,,0.561,0.366,0.937,0.489,66.408
5DyXj4X3TOQ5e1acNNiSPt,Rest of My Life,['Xscape'],255387,2001,False,,0.589,0.648,0.336,0.37,77.02
7KWIws8UV9yRhum3Wg70ka,Push Shove,['X-Members'],157600,1996,False,,0.294,0.982,0.000162,0.35700000000000004,100.16
30j6enwRZohQl3DQu0msoJ,The Last Leaf,['Sanso-xtro'],280480,2005,False,,0.235,0.483,0.131,0.0373,140.4
7rT4q6xFUFZwxYGr02SLap,Zlumbertalkinmysleep,['Sanso-xtro'],147907,2005,False,,0.574,0.259,0.58,0.0396,70.97
2nv74EZihogTLSEQxtsygI,Unsentimental,['Sanso-xtro'],153480,2005,False,,0.366,0.9359999999999999,0.40299999999999997,0.31,75.46
4LlZ2r0XFaBxDLBXuDdOiu,And Then Return To Zero,['Sanso-xtro'],147613,2005,False,,0.47100000000000003,0.254,0.9229999999999999,0.0389,105.04899999999999
45LqzkpYDuRggkGKa0DLDY,Plant Skeleton,['Sanso-xtro'],158000,2005,False,,0.266,0.0291,0.728,0.0283,71.191
1XgE9cubzpWXetxCGJEP91,Blue Signal,['Sanso-xtro'],203013,2005,False,,0.524,0.47,0.195,0.0352,118.57600000000001
6PSlXVRTJGk2XRXUHiYYrT,Frangipani Gardens,['Sanso-xtro'],162507,2005,False,,0.153,0.237,0.363,0.0325,173.157
7jGvL855XVevwqdnSWxRbO,Misplaced Feather,['Sanso-xtro'],213600,2005,False,,0.518,0.193,0.9279999999999999,0.0393,130.882
0qE32QpSnFQ9rHUnvKy3Hs,Spark,['Sanso-xtro'],102440,2005,False,,0.447,0.536,0.752,0.0542,74.42399999999998
74no4CmNnUdh9vlffD7MxK,Minus Ecki,['Sanso-xtro'],152813,2005,False,,0.735,0.11599999999999999,0.639,0.23600000000000002,138.833
01hoQEsh0YxPH5yCCDhadz,Like White Fire,['Sanso-xtro'],180000,2005,False,,0.397,0.32899999999999996,0.474,0.099,89.445
7qKmnWWs87hcIk6nd5HjNT,Intro,['Xasthur'],117560,2005,False,,0.179,0.19899999999999998,0.6409999999999999,0.0363,85.698
3iwMy8WTKhWwkSKH21rj1C,Xasthur Within,['Xasthur'],369227,2005,False,,0.32,0.7829999999999999,2.18e-05,0.0344,120.96600000000001
5RByk1rX2SONAudLgNKavh,Dreams Blacker than Death,['Xasthur'],318320,2005,False,,0.13699999999999998,0.95,1.4400000000000001e-05,0.038,184.979
62aAEJfIS8Vi5JCU9z4ZRl,Screaming at Forgotten Tears,['Xasthur'],495000,2005,False,,0.38299999999999995,0.978,0.00448,0.161,102.256
5J4LeQNSy62VVdtEIpguHK,Consumed by a Dark Paranoia,['Xasthur'],210067,2005,False,,0.159,0.23600000000000002,0.39299999999999996,0.154,111.43700000000001
68PiAUJE4gDapKRztZqPaI,Marked by Shadows,['Xasthur'],398973,2005,False,,0.105,0.877,0.000295,0.0399,156.114
0U69wx97DJ3iWKIkuKBz6A,Apparitional Void of Failure,['Xasthur'],273493,2005,False,,0.158,0.39899999999999997,6.2e-06,0.0366,110.48100000000001
3f7lKn7txn48DaJUaIZ7kk,A Gate Through Bloodstained Mirrors,['Xasthur'],721333,2005,False,,0.162,0.87,0.0006230000000000001,0.0385,111.156
4u2XfkEFpngaNiKnsvQJLl,Walker of Dissonant Worlds,['Xasthur'],336333,2005,False,,0.0877,0.382,0.29600000000000004,0.252,76.108
3NVIdNSbzUvk8gZ2xOjvFe,Reflecting Hateful Energy - Bonus Track,['Xasthur'],351933,2005,False,,0.266,0.948,1.4099999999999999e-05,0.0353,160.338
5SKu5RqbKdJcK1WhD9cZQv,Mytho-X,['Mortal'],266360,1992,False,,0.5770000000000001,0.85,5.0600000000000003e-05,0.833,106.279
4PUPoJoNTgeV8qzEL73eZ8,Visions Of Fire,['Trinity Xperiment'],504893,2008,False,,0.397,0.72,0.006370000000000001,0.20800000000000002,100.056
1UgsKMMyIDNs5TZPOWC9pj,Clover,['Xiu Xiu'],311360,2005,False,,0.531,0.0313,0.934,0.0357,103.501
4Dxn31HeQ396aiZROCWbGW,Muppet Face,['Xiu Xiu'],203440,2005,False,,0.532,0.45799999999999996,0.0487,0.0795,134.842
6kiT3Ug1YInSfF4VfKhRsM,Mousey Toy,['Xiu Xiu'],207227,2005,False,,0.45,0.34700000000000003,0.802,0.17600000000000002,147.868
6Od1wUZ7th4Wdlca9qzIf4,Pox,['Xiu Xiu'],248667,2005,False,,0.563,0.8079999999999999,0.00053,0.35,123.44200000000001
1PgRPFdEsdoyxlkAYkINBT,Baby Captain,['Xiu Xiu'],220800,2005,False,,0.353,0.24100000000000002,0.095,0.0378,82.351
4QtRbmCnzgcmDRtmzYRTcW,Saturn,['Xiu Xiu'],199973,2005,False,,0.165,0.631,0.0007070000000000001,0.18,133.649
19i4AK3PLbLGHxVALzpMNo,Rose of Sharon,['Xiu Xiu'],303760,2005,False,,0.212,0.282,0.897,0.0377,65.979
5mYo0UgRiiiislsey0dJ87,Ale,['Xiu Xiu'],339000,2005,False,,0.336,0.0309,0.9229999999999999,0.11,82.79700000000003
337KFECQCHct3xuPARuw7W,Bog People,['Xiu Xiu'],199640,2005,False,,0.45399999999999996,0.7090000000000001,0.0465,0.27,140.696
5gQcV8cHir576zLjHU72eM,Dangerous You Shouldn't Be Here,['Xiu Xiu'],230960,2005,False,,0.337,0.0707,0.8690000000000001,0.11900000000000001,83.92200000000003
4hErSLv49XeMzBPHx5cg1c,Yellow Raspberry,['Xiu Xiu'],184840,2005,False,,0.44799999999999995,0.385,0.0544,0.19699999999999998,119.78
3QMbwXGMIdWOVrC3a8TZJg,Disappearing Act,['xLooking Forwardx'],54547,2006,False,,0.7070000000000001,0.96,0.00403,0.608,105.014
2bckOJKUgCSAs2IwYX6wGg,You're Worth It,['xLooking Forwardx'],77427,2006,False,,0.626,0.972,0.0341,0.825,107.005
6Q01B72dqX6Talxe2z94Hm,The Path We Tread,['xLooking Forwardx'],95093,2006,False,,0.684,0.98,0.0164,0.7020000000000001,103.51899999999999
2yXqkFltpKNXur21MyAadK,Not For Sale,['xLooking Forwardx'],103013,2006,False,,0.6920000000000001,0.951,0.00927,0.757,105.93799999999999
74nQd6iM4uixgG57sYtrSp,Sidelines,['xLooking Forwardx'],60800,2006,False,,0.627,0.934,0.006679999999999999,0.6920000000000001,104.98200000000001
7mDysN89hAG87ufSRItnDe,Agree To Disagree,['xLooking Forwardx'],112413,2006,False,,0.551,0.9940000000000001,0.00613,0.273,111.29299999999999
5QUbcY17Fd0bfgkiEHgYLq,All Aces,['xLooking Forwardx'],95147,2006,False,,0.425,0.9790000000000001,0.00633,0.618,98.12799999999999
3OGPV1MZr9j8sHj2oYGox2,Heroes of Your Revolution,['xLooking Forwardx'],83187,2006,False,,0.44799999999999995,0.96,0.00265,0.613,107.836
72eNVIHZxpxlkVdZwPHwlP,A Year From Now,['xLooking Forwardx'],81653,2006,False,,0.644,0.955,0.00454,0.8190000000000001,105.072
4bkLeETZjDq5e3VQdEYsA8,Displacement Theory,['xLooking Forwardx'],101667,2006,False,,0.578,0.966,0.000533,0.731,99.914
4RqiG1zs71t29TyRPNqKdf,For Those Who Believe,['xLooking Forwardx'],111587,2006,False,,0.612,0.972,0.00835,0.451,105.804
5EFsje8h2ASUBjDb5W5agN,Take Care,['xLooking Forwardx'],87907,2006,False,,0.674,0.946,0.00755,0.591,101.027
3GM6dxFrwF4PYs2r1m4egq,Over And Over,['xLooking Forwardx'],141813,2006,False,,0.38,0.976,0.000921,0.677,105.00200000000001
6yBtvoZlBLIHU850vhmhvs,Each Step,['xLooking Forwardx'],77280,2006,False,,0.38,0.981,0.00491,0.425,108.90799999999999
21sBavSNIt4NWdTHEJJPmO,Waste of Time,['xLooking Forwardx'],137080,2006,False,,0.496,0.982,0.0025399999999999997,0.415,102.744
5Im4clfUheioUw8l4zeRjn,Good Intentions,['xLooking Forwardx'],89747,2006,False,,0.614,0.973,0.00173,0.759,102.94200000000001
0S0hsBoTeu6nLg4uuUGH9A,I Ain't Mad At Cha,['xLooking Forwardx'],77227,2006,False,,0.564,0.972,0.0134,0.504,156.996
3bOduVzUDbf2rEIUAOk1GF,Gimme Two Steps,['xLooking Forwardx'],37667,2006,False,,0.349,0.8,0.000105,0.14800000000000002,174.997
40eryrvQa1TdiD85DFkz9B,War Tells All,['xLooking Forwardx'],144333,2006,False,,0.395,0.943,0.0037700000000000003,0.29100000000000004,148.144
7jF0BxQbIHSGlObdcrKq9q,Juarez,"['Xiu Xiu', 'The Dead Science']",190680,2007,False,,0.36,0.499,0.652,0.133,119.944
3GC4BlEHRCIvObi80iQ0dp,The Human Horn,"['Xiu Xiu', 'The Dead Science']",274840,2007,False,,0.18600000000000005,0.34,0.303,0.12,82.794
6ch9OAon1cyGIn9GCg1hcM,If I Die Tonite,"['WOODIE, XO, JACKA, RYLO']",280933,2001,False,,0.64,0.816,0.00107,0.722,94.023
2M1oNyDVnuihw2NE52RonK,There You Go,['WOODIE & XO'],319387,2001,False,,0.6679999999999999,0.848,0.0216,0.728,152.034
5haeWXIWrWzPbCRdKuzcdE,Got Me Twisted,['WOODIE & XO'],282667,2001,False,,0.5579999999999999,0.89,0.00485,0.757,87.492
68k53heZ4E1qtLEUCp03T7,Scenic Overlook,['Xenberg'],240907,2015,False,,0.12,0.218,0.299,0.0713,84.795
6XWOGvlSxpXQ8g8lyDTnCh,Moved by the Wind,['Xenberg'],245301,2015,False,,0.275,0.174,0.976,0.307,70.156
2mCQwJEwwiSDt8nQIjQFAI,Icebound,['Xenberg'],225919,2015,False,,0.531,0.187,0.11199999999999999,0.325,135.82299999999998
16iqK7Cb07A0FY4qGwqmq3,Melting Icicle,['Xenberg'],329000,2015,False,,0.166,0.396,0.0261,0.166,172.662
7vzew99dMggKbPma11VgSU,Spring Tide,['Xenberg'],319914,2015,False,,0.6609999999999999,0.231,0.74,0.127,115.916
2irhUmixWI9BW4SGAxx6e3,Piggy - Bassland Dub Mix,['Alex Xenophon'],313667,2000,False,,0.7929999999999999,0.611,0.0106,0.32899999999999996,101.25200000000001
6jKyN5aI6kRitv2nyDl8Mu,Xenocide,['Derelict'],241987,2009,False,,0.34,0.963,0.000405,0.146,104.98899999999999
20jQoCkzrL9QIDpFQK2mId,X.I.Y.,['Pinback'],212093,2001,False,,0.672,0.45899999999999996,0.114,0.8909999999999999,76.47800000000002
2Sm8mgDg0CquUEKvkgA48R,A Glimmer of Hope,['Xenberg'],274217,2016,False,,0.35700000000000004,0.162,0.9329999999999999,0.11800000000000001,123.208
1anA4DMnIOiw4OCMMmTUQD,"Out of Sight, Not of Mind",['Xenberg'],210100,2016,False,,0.284,0.29600000000000004,0.711,0.0782,88.06
3z7Ags67WRzf2ntV9PORrN,Kindred Spirits,['Xenberg'],250600,2016,False,,0.5379999999999999,0.413,0.0566,0.389,91.961
5ma99qOecjjSUsah9y9s0t,With a Beauty and a Grace,['Xenberg'],258400,2016,False,,0.294,0.17300000000000001,0.743,0.0749,143.9
0uipd8Zz6lLyEU7YxFN0cI,Come to Him,['Xenberg'],212600,2016,False,,0.11900000000000001,0.156,0.613,0.18899999999999997,80.173
03Pz5Ctbq3vUiOz8KYl2qK,Ruckert-Lieder: No. 5. Ich bin der Welt abhanden gekommen (arr. for choir),"['Anonymous\xa0', 'Gustav Mahler', 'Chanticleer', 'Joseph H. Jennings']",432427,2011,False,,0.10800000000000001,0.0423,0.993,0.0346,72.031
5Ng9Al0WFEg29DA2cIeN32,Xmas,['Darlington'],179253,2000,False,,0.23,0.8590000000000001,0.00373,0.4970000000000001,174.679
5FoG0dFycqBHBLtfplCH3e,Ostego Undead,['Static-X'],230893,2000,False,,0.5820000000000001,0.995,0.000152,0.345,129.92600000000002
3jAoKuQZDRH1ua89RJALo8,We Got The Clout (feat. Mia X),"['Mystikal', 'Mia X']",217800,1997,False,,0.84,0.6890000000000001,0.00016299999999999998,0.18100000000000002,97.01299999999999
6q6gXe3HGrUgJ2WgnEcSxL,Packages,['Super XX Man'],174537,2019,False,,0.35100000000000003,0.299,0.7559999999999999,0.213,167.02700000000004
6lZkCB0sDui6UDtXM3n7DB,Come on In,['Super XX Man'],267703,2019,False,,0.63,0.26899999999999996,0.9059999999999999,0.273,90.09299999999999
49vQfRz55WSzTE0JhM9aT1,Away I Go Now,['Super XX Man'],191505,2019,False,,0.507,0.377,0.488,0.672,110.544
6539AuuHLaMPdPPyfvwsXm,You Get Lost,['Super XX Man'],172994,2019,False,,0.648,0.519,0.696,0.621,130.891
0JuifmBuU91YIljMeuJORm,That's When Our Love (River Song),['Super XX Man'],267573,2019,False,,0.659,0.295,0.779,0.527,111.986
0B0vCHaZd1G1BTpPxHicUx,Rug Up Punk,['Super XX Man'],170862,2019,False,,0.653,0.53,0.109,0.664,130.925
7hsm5oSIo34W99ZDRhnpNf,Sorta Heavy Metal,['Super XX Man'],286071,2019,False,,0.33799999999999997,0.28300000000000003,0.242,0.16699999999999998,94.802
4lAbYRrCXIQSo31aJheaSu,City in My Soul,['Super XX Man'],188211,2019,False,,0.389,0.32899999999999996,0.583,0.359,156.94
4upoFc6VXx67CwiPpGtMca,Maker,['Super XX Man'],209073,2019,False,,0.478,0.244,0.848,0.37,137.733
13sHCsYvAVuKp6kapfLr7z,Down to the Water,['Super XX Man'],256976,2019,False,,0.65,0.294,0.8290000000000001,0.46299999999999997,136.37
2KayVUEfOqZm0zdvtiPOnb,Best Friends,['Super XX Man'],230529,2019,False,,0.629,0.375,0.24,0.38799999999999996,117.70200000000001
7aLL8FU7nqe7rdmAbzED9j,Xarella Almandyne,['Lovesliescrushing'],332347,1996,False,,0.162,0.8079999999999999,0.314,0.12300000000000001,128.683
5fJOHyEzBgigXjpx7RJOY1,"Snow Mountain (From ""Super Mario 64"")",['Xnarky'],247197,2016,False,,0.75,0.669,0.589,0.565,100.029
35SBvyOpEdd7pL6so1JWDx,It's A Sin,['XP8'],252947,2006,False,,0.479,0.9790000000000001,0.00158,0.76,154.983
5tkSxLhSe6InzTvAWmVicR,X-T-C,['Accept'],266333,1989,False,,0.531,0.8240000000000001,0.0269,0.701,136.945
5cy2qHBqbZh7QCi0FQbZyz,I Ride Alone,"['Super XX Man', 'Eric Metronome']",134320,2000,False,,0.488,0.257,0.867,0.345,124.72200000000001
1BULl6q2YOOlTdzsznZOmX,Me and Katie,"['Super XX Man', 'Eric Metronome']",224800,2000,False,,0.474,0.19399999999999998,0.885,0.268,96.272
0je8FBQV1ksLJG4dLGzD9h,My Dying Girl,"['Super XX Man', 'Eric Metronome']",61853,2000,False,,0.6809999999999999,0.142,0.9009999999999999,0.135,115.01700000000001
5cHAwV7yhM0dqocf5raDJT,Mississippi River Song,"['Super XX Man', 'Eric Metronome']",144893,2000,False,,0.542,0.0646,0.932,0.111,131.762
5OccfAaNVUyhPUpiB5rcjO,See You See,"['Super XX Man', 'Eric Metronome']",152320,2000,False,,0.406,0.16899999999999998,0.958,0.557,185.077
3pDc0mC6uHIZ3GyLThRTgE,"Fragile, Don't Crush","['Super XX Man', 'Eric Metronome']",239640,2000,False,,0.386,0.218,0.884,0.33899999999999997,78.559
3H01vkE90S69fkgylqKRiQ,Lone Star,"['Super XX Man', 'Eric Metronome']",160493,2000,False,,0.67,0.33799999999999997,0.8959999999999999,0.545,117.32600000000001
3eACghebRyudaB8yZphmjq,The Two-Eared Man,"['Super XX Man', 'Eric Metronome']",133200,2000,False,,0.574,0.247,0.8029999999999999,0.45799999999999996,141.34799999999996
0Ybqni9Wch7W6sfSquHyYY,The Beaches You Guard,"['Super XX Man', 'Eric Metronome']",118800,2000,False,,0.509,0.231,0.797,0.303,82.411
0Z5Hv5M72JWaVK0lV1clD9,Clay Pigeons,"['Super XX Man', 'Eric Metronome']",106093,2000,False,,0.574,0.18600000000000005,0.85,0.439,74.55
2WvzShSLP3de26GaSgrcs2,Etc.,['Super XX Man'],148947,1997,False,,0.748,0.5710000000000001,0.45399999999999996,0.937,114.354
7uwHEjFqJKfRUFKskWujgP,Put Down,['Super XX Man'],177467,1997,False,,0.569,0.147,0.525,0.376,150.445
0wSqvoebu5fj7vDwH5kEoQ,Ocean to Ocean,['Super XX Man'],108773,1997,False,,0.7190000000000001,0.376,0.152,0.8490000000000001,106.695
5vQwkPMXcQ0M8jbwwvzTeJ,Brain & Heart Part II,['Super XX Man'],160827,1997,False,,0.617,0.9309999999999999,0.634,0.938,122.257
4qeOvGd9jD1CtOlnMQDvtX,Means to an End,['Super XX Man'],158267,1997,False,,0.546,0.387,0.7759999999999999,0.17,151.089
4SoG0jUDG4M2BvrgbfnVJ9,He Who Loved Dinosaurs,['Super XX Man'],155493,1997,False,,0.685,0.494,0.718,0.75,170.15400000000002
5m7NkubYj0fXO98r0kajH9,Lost & Found,['Super XX Man'],99600,1997,False,,0.64,0.396,0.361,0.38799999999999996,125.383
2rNZwjW0KUBN50dNFnzzOd,Big Glass Jar,['Super XX Man'],179493,1997,False,,0.6579999999999999,0.6829999999999999,0.6779999999999999,0.556,91.956
6yjdwYEBtbhuqA1FkgI8RJ,An Army,['Super XX Man'],65253,1997,False,,0.7490000000000001,0.495,0.871,0.32899999999999996,97.846
0uJfCaiI6RDY026KJvm1nX,Sorry,['Super XX Man'],104187,1997,False,,0.588,0.579,0.878,0.0398,131.91
4Yib6xiEaXrRl7RNc5HVPI,He Who Loved Dinosaurs (alt. take),['Super XX Man'],173627,1997,False,,0.703,0.743,0.555,0.8290000000000001,80.17399999999998
7nsIgTCTgDBEQyxaEiON9g,Crawl Away,['Super XX Man'],166907,1997,False,,0.434,0.33799999999999997,0.568,0.321,117.26799999999999
6jXdCAJRBu5ayVt0OxE2Ut,Taking My Life,['Super XX Man'],142093,1997,False,,0.593,0.308,0.701,0.419,63.233000000000004
2WuS3PjLJW15ckkwWXO8V2,Girl with Basket of Fruit,['Xiu Xiu'],256013,2019,False,,0.515,0.805,0.564,0.43799999999999994,129.803
21i5gtFR2h0mCfqjbFKc0T,It Comes Out as a Joke,['Xiu Xiu'],181027,2019,False,,0.3,0.662,0.17800000000000002,0.0989,95.639
48ZkmP2dpbnVptTEFxHOo8,Amargi ve Moo,['Xiu Xiu'],291440,2019,False,,0.384,0.252,0.374,0.07,87.65899999999998
4kwq070NcUXbuvayLDj3gc,Ice Cream Truck,['Xiu Xiu'],157653,2019,False,,0.37,0.7120000000000001,0.499,0.266,126.725
6sS4xbV549t7URdvM2Uem4,Pumpkin Attack on Mommy and Daddy,['Xiu Xiu'],300720,2019,False,,0.665,0.446,0.00255,0.14,124.904
63x60gdgkmqjDOal8NUTyR,The Wrong Thing,['Xiu Xiu'],294587,2019,False,,0.275,0.332,0.195,0.256,80.804
5CMWMpfT2fZwJxzSFyrcfA,Mary Turner Mary Turner,['Xiu Xiu'],228000,2019,False,,0.309,0.652,0.0879,0.222,106.042
3TOsOkp6SwnRVl74qSi6PI,Scisssssssors,['Xiu Xiu'],267880,2019,False,,0.358,0.774,0.10300000000000001,0.43,90.927
32OuMaKAyaV28Q2Rn4PUGs,Normal Love,['Xiu Xiu'],218373,2019,False,,0.387,0.193,0.946,0.141,137.743
090y2PNn16adSR4rZ328mE,Xenolith; the Anvil,['Ex Eye'],235900,2017,False,,0.243,0.696,4.13e-06,0.312,116.14200000000001
700uW3Yo0T9ZJVyqXFrvm7,Release Date,['Xzibit'],244400,2002,True,,0.47100000000000003,0.732,0.124,0.511,87.579
1cQOq2Zc06m7PGHl6XjZsE,Symphony In X Major (feat. Dr. Dre),"['Xzibit', 'Dr. Dre']",235760,2002,True,,0.782,0.789,0.0787,0.442,86.01899999999998
3x9WAJIEhsY8Eg5lwu1Z4A,Multiply (feat. Nate Dogg),"['Xzibit', 'Nate Dogg']",248107,2002,True,,0.915,0.7190000000000001,0.0285,0.799,97.61399999999999
0k95TlUYAIgk7K9mTo3dfS,Break Yourself,['Xzibit'],191627,2002,True,,0.9129999999999999,0.778,0.21899999999999997,0.8079999999999999,116.90799999999999
7nVxqvmAzg6UMOOt3osUHb,Heart of Man,['Xzibit'],248040,2002,True,,0.6459999999999999,0.741,0.000433,0.193,93.741
2oHxUSwVTSc0aqwQkb1CBg,Harder (feat. The Golden State Project),"['Xzibit', 'The Golden State Project']",250360,2002,False,,0.795,0.8059999999999999,0.00275,0.759,108.546
4hgYCsPdOYI3urqeFVAeCK,Paul,['Xzibit'],27360,2002,True,,0.7609999999999999,0.446,0.9790000000000001,0.961,81.914
724kB3Mhaklhml7200EmNo,"Choke Me, Spank Me (Pull My Hair)",['Xzibit'],208333,2002,True,,0.821,0.7509999999999999,0.0421,0.71,101.969
2GXO4TibdrUKXaDoiyYizC,Losin' Your Mind (feat. Snoop Dogg),"['Xzibit', 'Snoop Dogg']",256933,2002,True,,0.9309999999999999,0.5589999999999999,0.13699999999999998,0.893,97.04299999999999
07JAPpOoW3B0rqRUtxodXy,BK To LA (feat. M.O.P.),"['Xzibit', 'M.O.P.']",297733,2002,False,,0.51,0.846,0.0189,0.544,173.24200000000005
24S7rWWB6ohk2j5ABrm5DJ,My Name (feat. Eminem & Nate Dogg),"['Xzibit', 'Eminem', 'Nate Dogg']",272507,2002,False,,0.841,0.7390000000000001,0.151,0.5710000000000001,85.891
3DfEG1wUAmSB8TMstqmYuI,The Gambler (feat. Anthony Hamilton),"['Xzibit', 'Anthony Hamilton']",295693,2002,False,,0.511,0.7609999999999999,0.10400000000000001,0.642,81.807
7idGgwWtGmy0h5ZNYT2YPp,Missin' U,['Xzibit'],322067,2002,True,,0.415,0.83,0.11199999999999999,0.575,77.85
4w1WrIZGyUaztEmSyVuFPx,Right On,['Xzibit'],209840,2002,True,,0.8440000000000001,0.737,0.251,0.6859999999999999,98.994
16lziYhga1AwDtdUQfBsfp,Bitch Ass Niggaz (Interlude) (feat. Eddie Griffin),"['Xzibit', 'Eddie Griffin']",103733,2002,False,,0.657,0.647,0.166,0.785,88.846
20uKO5XvTJKqSsWtOMV5WD,Enemies,['Xzibit'],300933,2002,True,,0.625,0.9390000000000001,0.295,0.579,85.91799999999998
2Blcvj2kmSwyYRev2Rgfkk,"My Life, My World",['Xzibit'],229227,2002,True,,0.68,0.6920000000000001,0.0512,0.7070000000000001,178.097
2gBpC3NF28kdQIsl5cDOFU,What a Mess,['Xzibit'],211840,2002,True,,0.8190000000000001,0.833,0.0102,0.762,96.755
6uCXAEiMTkuvmpDzfzpNwc,(Hit U) Where It Hurts,['Xzibit'],179560,2002,True,,0.9079999999999999,0.509,0.0645,0.718,97.48700000000001
1PeS0Zhl6zFLllkUZwPwwF,To Hell,['Studio X'],236600,2010,False,,0.462,0.948,2.2100000000000002e-05,0.21600000000000005,140.006
6EoSAfD7VfByxHTWyrCDkr,"Deux arabesques, L. 66: No. I. Andantino con Moto",['Di Xiao'],239293,2011,False,,0.34700000000000003,0.0582,0.993,0.0794,117.845
360j7Ay5LTKdtT3ag8e5ZN,"Deux arabesques, L. 66: No. II. Allegretto Scherzando",['Di Xiao'],190893,2011,False,,0.461,0.16399999999999998,0.992,0.41700000000000004,76.181
7nl1hTmBXXwrUjte4D5gkH,"Ballade No. 4 in F Minor, Op. 52",['Di Xiao'],674480,2011,False,,0.382,0.142,0.991,0.0387,109.963
4ACrwm7xidQM8d8vya4O8s,An Autumn Moon Over a Calm Lake,['Di Xiao'],237413,2011,False,,0.255,0.0691,0.993,0.10300000000000001,66.366
1DtabhfweXFiB4yhSEuXcD,Shepherd Boy Playing His Little Flute,['Di Xiao'],158480,2011,False,,0.312,0.18100000000000002,0.982,0.537,98.09700000000001
7aIlmTdtmGoXspzAKGOC1d,Liuyang River,['Di Xiao'],209507,2011,False,,0.368,0.155,0.99,0.182,64.781
3vmFbyliFexaFNIxENWtau,"Piano Sonata No. 17 in B Flat Major, K 570: I. Allegro",['Di Xiao'],362600,2011,False,,0.326,0.171,0.992,0.518,155.084
2RERNpDxV53zMs043siLS8,"Piano Sonata No. 17 in B flat Major, K 570: II. Adagio",['Di Xiao'],526173,2011,False,,0.467,0.0422,0.995,0.256,94.639
3aHaAFJeN1NKgBERryOj2d,"Piano Sonata No. 17 in B Flat Major, K 570: III. Allegretto",['Di Xiao'],212760,2011,False,,0.4270000000000001,0.24600000000000002,0.991,0.8029999999999999,146.545
7HicrFU72Q7Xwd3ijW44pj,"Lyric Pieces, Op. 43: No. I. Sommerfugl (Butterfly)",['Di Xiao'],129320,2011,False,,0.188,0.0753,0.9940000000000001,0.0861,61.537
6frD0HHwTS11dqM3pSOjmy,"Lyric Pieces, Op. 43: II. Ensom vandrer (Solitary Traveller)",['Di Xiao'],115680,2011,False,,0.5539999999999999,0.00971,0.9940000000000001,0.355,80.441
7br9P80lFMWjrLAd9VGaMK,"Lyric Pieces, Op. 43: III. I hjemmet (In my Native Country)",['Di Xiao'],107560,2011,False,,0.44299999999999995,0.0385,0.995,0.29100000000000004,86.791
0W6RHdmyaUbDob3h6V0SO5,"Lyric Pieces, Op. 43: IV. Småfugl (Little Bird)",['Di Xiao'],104800,2011,False,,0.506,0.0412,0.9940000000000001,0.16699999999999998,78.107
1S71ZxaXcJecGcvCFCrr3Y,"Lyric Pieces, Op. 43: V. Erotikk (Erotic)",['Di Xiao'],166880,2011,False,,0.41600000000000004,0.0297,0.9940000000000001,0.0788,99.302
60eHDMtVZUo4u2R109dncN,"Lyric Pieces, Op. 43: VI. Til våren (To spring)",['Di Xiao'],163827,2011,False,,0.366,0.133,0.992,0.0389,50.378
33druiSr9gfetGUQIHZryi,"L'Isle Joyeuse (The Island of Pleasure), L. 106",['Di Xiao'],373507,2011,False,,0.253,0.166,0.992,0.0365,76.71600000000002
1KuHhYYRui0ZRznX4d12M3,"Salut d'Amour, Op. 12",['Di Xiao'],193107,2011,False,,0.45799999999999996,0.0433,0.9940000000000001,0.12300000000000001,137.379
4hkjsVFDw2Jhp8QAMQYc9i,Grown (from Grown-ish),['Chloe x Halle'],155307,2017,False,,0.40299999999999997,0.545,0.0928,0.295,179.28900000000004
27urcA150JvKivdqpQESDl,Police Brutality and Mob Violence,['Malcolm X'],565693,2006,False,,0.613,0.47600000000000003,0.991,0.544,66.954
05rKkgQV14E0hwyZwQxNAD,American Courts,['Malcolm X'],201733,2006,False,,0.6759999999999999,0.5,0.99,0.698,99.333
49lr6l7a1TAekzwFtgU55L,No Taxation Without Representation,['Malcolm X'],131600,2006,False,,0.634,0.397,0.99,0.512,84.62100000000002
0MnY1ZbZV2VpJoObdfwjgW,Resurrection,['Malcolm X'],251773,2006,False,,0.687,0.501,0.991,0.721,79.194
1alnlONwVhVzhIxd7yMdSl,White Man's Law,['Malcolm X'],256200,2006,False,,0.638,0.423,0.991,0.475,87.721
2PbsE69dTmSGnltjveEoHr,FBI And Black Muslims,['Malcolm X'],245760,2006,False,,0.591,0.551,0.988,0.5920000000000001,77.494
6lFiTIK4pDhR7YKbtItekI,White News Media,['Malcolm X'],164533,2006,False,,0.687,0.43,0.9840000000000001,0.379,66.737
3h4dMByJnozLyeRCQuPNqG,Black Muslim Beliefs On War,['Malcolm X'],39040,2006,False,,0.564,0.7609999999999999,0.983,0.285,101.073
3PJfxP4fqBSa5In0CIZPvF,The Black Muslim Woman and The White Man,['Malcolm X'],100600,2006,False,,0.5670000000000001,0.659,0.988,0.129,117.696
78kjtFoZjXSKZfBWGaYql7,Black Muslim Beliefs,['Malcolm X'],385200,2006,False,,0.609,0.47700000000000004,0.99,0.607,66.765
4mz5BkgkHh4UiZAlDBoTNn,Crime In Harlem,['Malcolm X'],221667,2006,False,,0.534,0.5489999999999999,0.9890000000000001,0.517,162.928
5A4mNzV7iwhFkuDKyWAdf0,Crime By Blacks,['Malcolm X'],63600,2006,False,,0.537,0.561,0.991,0.621,77.98100000000002
3xlSWLNlFy39DBlU59Eaw3,Government and Integration,['Malcolm X'],334400,2006,False,,0.5529999999999999,0.495,0.991,0.239,81.92399999999998
17qKnm5p8x8m6MUc1QXEXT,God,['Malcolm X'],379867,2006,False,,0.581,0.485,0.993,0.41200000000000003,129.925
5xR5SYGI7xZSTFsRm0emyr,Redlining - Jews and Blacks,['Malcolm X'],399093,2006,False,,0.491,0.47200000000000003,0.993,0.505,73.39699999999998
7BIvVYbRPJfGb1apwCFbTf,Hunt Mode,['Xetrovoid'],251429,2019,False,,0.5489999999999999,0.575,0.00141,0.0559,109.012
3KbbfNT2bXtHiF80xPXH6v,"Der Leb, der Hersch und der Kohn","['Anonymous\xa0', 'Stewart Figa', 'New Budapest Orpheum Society']",188960,2000,False,,0.501,0.19399999999999998,0.888,0.8290000000000001,180.606
2OeugHdCTqbP7e3FZfLFRr,Die koschere Mischpoche!,"['Anonymous\xa0', 'Deborah Bard', 'New Budapest Orpheum Society']",164587,2000,False,,0.5329999999999999,0.27,0.8320000000000001,0.968,204.774
6xhas9YDZQ7nJZNxa4OSHq,Levin and Hirsch and Cohn,"['Anonymous\xa0', 'Stewart Figa', 'New Budapest Orpheum Society']",187307,2000,False,,0.48700000000000004,0.23399999999999999,0.8640000000000001,0.742,183.604
5EaBb6H7MNLMDB1Ry9PB1m,The Kosher Mishpoche!,"['Anonymous\xa0', 'Deborah Bard', 'New Budapest Orpheum Society']",161827,2000,False,,0.623,0.316,0.825,0.9640000000000001,103.787
03DsiZFtbYWqht3WW0ppyC,The Tattoo Song,['Amy X Neuburg'],458400,2004,False,,0.344,0.455,0.813,0.0789,166.105
1AgPQ9TJcCKKYbiFug7JnO,Stone,['Amy X Neuburg'],199200,2004,False,,0.7709999999999999,0.665,0.20600000000000002,0.39299999999999996,101.943
3AUk1U0d2SDDxXvu5OK99A,My Fuzzy Muse,['Amy X Neuburg'],208800,2004,False,,0.787,0.456,0.8240000000000001,0.604,127.89399999999999
2Fky25Qbt7e1tIJbT4KMF5,Atten-tion,['Amy X Neuburg'],191467,2004,False,,0.42200000000000004,0.106,0.647,0.124,90.566
2nNsDooEsfhxDEt6Olyh1l,Every Little Stain,['Amy X Neuburg'],256867,2004,False,,0.46799999999999997,0.21600000000000005,0.8170000000000001,0.75,117.98100000000001
7rITlMJppAqkU3PoL1Ft1C,My God,['Amy X Neuburg'],390560,2004,False,,0.385,0.1,0.941,0.491,90.935
2vkExAHI8mZoMSvOCg3IvE,Insomniac,['Amy X Neuburg'],193347,2004,False,,0.679,0.242,0.8,0.5329999999999999,112.354
0QN8zSh9LRUvgEblnpqc0s,Just A Sound,['Amy X Neuburg'],237800,2004,False,,0.39799999999999996,0.5770000000000001,0.0425,0.6829999999999999,139.694
5HJeUXVuYe6Ou76cDEQMMq,Life Stepped In,['Amy X Neuburg'],297533,2004,False,,0.5660000000000001,0.18899999999999997,0.8540000000000001,0.203,109.736
6fo4jQuSHLglNoNDi5HiyV,Finally Black,['Amy X Neuburg'],210827,2004,False,,0.20800000000000002,0.259,0.841,0.244,129.455
3DPLxZ66TckdePH9FKfPwn,These Heavy Gaps,['Amy X Neuburg'],324267,2004,False,,0.442,0.308,0.237,0.209,129.08700000000002
4GEE0osUPtunfUGTSBTx6V,Residue,['Amy X Neuburg'],277147,2004,False,,0.47700000000000004,0.355,0.975,0.294,69.165
07wdF8eMWIqcFTxuAswMDq,X-Tra,['D. Diggler'],288080,2008,False,,0.8140000000000001,0.586,0.23199999999999998,0.628,120.005
057baSysaN9GmdpBcAuyrE,XP Continuum,['Asura'],548600,2003,False,,0.579,0.617,0.0502,0.158,96.025
4T8X4uvLSzvwuGNjK3unOs,Sun Walker (Moon Runner Mix),['X.I.S.'],516280,2002,False,,0.6779999999999999,0.494,0.33,0.156,109.069
0C9YEF5G2vaE7BWSOvrtcO,Cung Dan Dat Nuoc - Melody of the Country,"['Dang Xuan Khai', 'Phan Kim Thanh']",287280,1994,False,,0.368,0.27399999999999997,0.82,0.267,83.15100000000002
7yflhp2AJida5YDX5jQQ7B,Que Ta - My Village,"['Dang Xuan Khai', 'Co Huy Hung']",263160,1994,False,,0.48100000000000004,0.331,0.773,0.696,104.772
0031yWhJLOE5llfhhw6itf,Tro Ve Tay Nguyen - Coming Home to Tay Nguyen,"['Xuan Giao', 'Do Loc', 'Nguyen Thi Hong Phuc']",241200,1994,False,,0.46,0.14300000000000002,0.992,0.47200000000000003,104.01299999999999
70OC0Ilve0N0YSTqhbmQJf,Huong Sen Dong Thap - The Scent of the Dong Thap Lotus,"['Dang Xuan Khai', 'Leu Kim Thu']",332640,1994,False,,0.272,0.23399999999999999,0.835,0.205,129.03
1Qdqtff31unSS6JjGgzRf6,State Of The Union - Xplicit Album Version,['Xzibit'],90373,2004,True,,0.45299999999999996,0.602,0.426,0.4970000000000001,77.10600000000002
08EMGunAhP8KvUV3fhuqVV,LAX - Xplicit Album Version,['Xzibit'],224640,2004,True,,0.62,0.897,0.0016,0.35600000000000004,90.15
7xa2a2g3qLXpJC0tWE2bxm,Cold World - Xplicit Album Version,['Xzibit'],231267,2004,True,,0.8140000000000001,0.647,0.0369,0.371,91.90299999999999
6uhJOA374UzFVzUiUy191O,Saturday Night Live (feat. Jelly Roll) - Xplicit Album Version,"['Xzibit', 'Jelly Roll']",259880,2004,True,,0.645,0.664,0.0196,0.254,75.16199999999998
6THjTAhGRuSoBXvsJprHTO,Muthafucka - Xplicit Album Version,['Xzibit'],175107,2004,True,,0.6509999999999999,0.956,0.0202,0.45799999999999996,172.537
3E5tseQMhbFBoVhCl1ZTav,Beware Of Us (feat. Strong Arm Steady) - Xplicit Version,"['Xzibit', 'Strong Arm Steady']",250440,2004,True,,0.633,0.87,0.0143,0.725,93.039
4aMTymCbjrfur5akXo1TYE,Judgement Day - Xplicit Album Version,['Xzibit'],202627,2004,True,,0.688,0.7759999999999999,0.00603,0.684,91.083
2vSO0W5tEmW0QlfuxeyMmy,Criminal Set,['Xzibit'],196947,2004,True,,0.873,0.738,0.0275,0.6609999999999999,101.462
7frbz32hdzsMjjIQQjKrkc,Hey Now (feat. Keri Hilson) - Mean Muggin - Xplicit Album Version,"['Xzibit', 'Keri Hilson']",261400,2004,False,,0.642,0.941,0.0945,0.611,197.683
5R3wca63jTGbkgl9hT2S5v,Ride Or Die - Xplicit Album Version,['Xzibit'],240827,2004,True,,0.539,0.721,0.0875,0.609,47.047
5cU34j24r2zBhOvfiBIWkF,Crazy Ho (feat. Strong Arm Steady) - Xplicit Album Version,"['Xzibit', 'Strong Arm Steady']",264987,2004,True,,0.693,0.649,0.0734,0.711,96.323
6enNFYBKLhaXHgRnLIcBq0,Big Barking - Xplicit Album Version,['Xzibit'],53560,2004,True,,0.721,0.449,0.99,0.852,77.579
63xjr7ae5LUeCovSPbzP1n,Tough Guy (feat. Busta Rhymes) - Xplicit Album Version,"['Xzibit', 'Busta Rhymes']",265173,2004,True,,0.56,0.932,0.474,0.7509999999999999,73.891
4ee1F9GuTYInnCBjpMbPvO,Scent Of A Woman - Xplicit Album Version,['Xzibit'],260107,2004,True,,0.599,0.934,0.152,0.6609999999999999,84.32799999999997
1kN39zZhWJa5iHXOYnvEN1,Klack - Xplicit Album Version,['Xzibit'],314547,2004,True,,0.397,0.835,0.00965,0.773,80.954
2MJUHEGpW3npSNpipHMCIB,Back 2 The Way It Was - Xplicit Album Version,['Xzibit'],238307,2004,True,,0.406,0.831,0.00143,0.175,84.619
27J8CtAeXchU3q1DT8pGZV,X-Ray,['Chiasm'],262667,2006,False,,0.643,0.9329999999999999,0.0365,0.313,120.01299999999999
3UZV9RXpbSqg7Gzs53iI7V,Paduana Lachrymae,"['Anonymous\xa0', 'Colin Tilney']",328827,1994,False,,0.22699999999999998,0.29600000000000004,0.818,0.493,84.917
7nbaOOQ67bi1QHI4E37y8Y,X,['Lupine'],259400,2003,False,,0.652,0.778,4.46e-05,0.617,134.94899999999998
77tzTNY0kCiJn0QwTiKR3h,Smile,['The XYZ Affair'],186000,2008,False,,0.353,0.765,0.000843,0.336,75.115
2mgrQPvbwrazCwpiPWlpZQ,Little Fool,['The XYZ Affair'],162613,2008,False,,0.401,0.934,0.0185,0.312,80.97
0uy3UCc81M6cxMgj6i0ZCh,Ideals,['The XYZ Affair'],296813,2008,False,,0.428,0.932,0.00967,0.299,130.034
06yax623hbrx8Fh3CLRuK8,Academics,['The XYZ Affair'],221600,2008,False,,0.376,0.857,0.000734,0.264,143.843
7dQD8i8Odwj3Iq1aYnO3sV,The Young Philosopher,['The XYZ Affair'],227760,2008,False,,0.46,0.77,0.0146,0.414,124.807
2CDBwKcpz12O7IqJXv5i4D,Until They Go Wrong,['The XYZ Affair'],257507,2008,False,,0.42100000000000004,0.872,0.00476,0.149,124.978
2GizJkksMuiW7biyAODFcg,The Professional,['The XYZ Affair'],267533,2008,False,,0.16899999999999998,0.879,0.0361,0.263,169.618
0PZCoY5aRXCgBiDtWUYvlo,Sideshow,['The XYZ Affair'],271920,2008,False,,0.461,0.6759999999999999,0.007659999999999998,0.263,115.01799999999999
3IP4s4x90YKMqP92vZBY6C,The Oceana Roll,['The XYZ Affair'],130893,2008,False,,0.525,0.19699999999999998,0.8109999999999999,0.32,131.892
7CgJzv32CtLEkWFovzsSX2,All My Friends,['The XYZ Affair'],276760,2008,False,,0.515,0.748,0.0137,0.435,128.015
1Hccjd3fqWqCqjJVJlEcx1,Xepha,['Kraddy'],254160,2004,False,,0.368,0.311,0.682,0.0352,93.86200000000001
5RNPUUviUKbZYa0fo85n6s,Xenace the Menace,['Shitmat'],284520,2007,False,,0.39,0.9,0.0145,0.52,179.685
5ZGm55tJrxHCkWHvq9ChkD,"Mignonne, allons voir si la rose","['Anonymous\xa0', 'Mark Cudek', 'Custer LaRue']",219840,1993,False,,0.34,0.0229,0.985,0.21600000000000005,137.8
3tgkNSU59JOETb2VwUU9V4,Laroque Gaillarde,"['Anonymous\xa0', 'Baltimore Consort']",76200,1993,False,,0.603,0.0327,0.992,0.632,96.096
6jxpTrVqO1BjLneTAh6SxN,Alemande de Liege,"['Anonymous\xa0', 'Baltimore Consort']",87507,1993,False,,0.748,0.436,0.755,0.9009999999999999,119.76700000000001
4EQiD9NjLdHN1xaYcL4sD0,Okho,"['Iannis Xenakis', 'Rob Mcewan', 'Pablo Rieppi', 'David Rozenblatt']",878227,1996,False,,0.545,0.185,0.294,0.0389,123.449
2iUtSXivEDUEW6ziZPlgiD,XAS,"['Iannis Xenakis', 'ST-X Ensemble', 'Charles Zachary Bornstein']",538440,1996,False,,0.392,0.0972,0.977,0.04,93.774
2NBjJPptefghPL3qQpH8bg,Akrata,"['Iannis Xenakis', 'ST-X Ensemble', 'Charles Zachary Bornstein']",678293,1996,False,,0.262,0.163,0.98,0.0284,63.942
5ojRE8UemnRLmZlo77LeLp,Mnamas Xapin Witoldowi Lutosławskiemu,"['Iannis Xenakis', 'ST-X Ensemble', 'Charles Zachary Bornstein']",203973,1996,False,,0.21899999999999997,0.10400000000000001,0.996,0.0391,72.53399999999998
1toCzUP5fDAnxgmyg2qJN4,Xanax,['Milemarker'],211293,1999,False,,0.141,0.0455,0.698,0.0597,81.025
6u8aws7oexnJmpDIPcOs1v,Confinedtoblinders,['Xszi'],241973,2001,False,,0.44299999999999995,0.8690000000000001,0.00939,0.0662,159.986
6aRh0DyGZrCDSaWxX97uWp,"Stille Nacht, heilige Nacht","['Franz Xaver Gruber', 'Montserrat Caballé', 'Josè Collado']",229840,1996,False,,0.138,0.10300000000000001,0.987,0.0388,89.17299999999999
13EJeTmnXKBKiqYmYSpuTo,Overture 1,['Füxa'],577147,1997,False,,0.266,0.17600000000000002,0.6679999999999999,0.0706,73.226
0fCVY94x0FZ05yXM91kgE3,Overture 2,['Füxa'],752333,1997,False,,0.115,0.155,0.708,0.0263,73.615
4oOsz3hsFV4vhhk7jSfNbm,Hummin' Comin' At 'Cha (Intro),['Xscape'],71100,1993,False,,0.6729999999999999,0.551,0.0539,0.7609999999999999,98.01100000000001
2CG9mGkKC6IQE5lEjDioEi,Just Kickin' It,['Xscape'],204057,1993,True,,0.6920000000000001,0.353,0.0571,0.73,80.902
7vz6H3pTBAJIWcvlzERqWs,Pumpin',['Xscape'],239630,1993,False,,0.88,0.752,0.00447,0.37799999999999995,104.885
10RVvOS5Bf8M1fAJHtf3IP,Let Me Know,['Xscape'],220775,1993,False,,0.772,0.605,0.00297,0.708,98.88600000000001
4yKbbM56fLCxwR5CTH6QkP,Understanding,['Xscape'],340962,1993,False,,0.7,0.465,0.36,0.306,137.82299999999998
3S6r8Qqrnw4xNuXf9BmRIE,W.S.S. Deez Nuts,['Xscape'],44211,1993,False,,0.742,0.47,0.408,0.16699999999999998,98.15799999999999
06gd2jgR0CUIMqjHcoKJRR,With You,['Xscape'],244785,1993,False,,0.774,0.546,0.0453,0.53,93.912
7Jhe6URjwSPIjCkvuKpE4c,Is My Living In Vain,['Xscape'],168484,1993,False,,0.726,0.29600000000000004,0.0632,0.196,77.933
5hzdcPTFKEuRVuN8cTkcvl,Love On My Mind,['Xscape'],228902,1993,False,,0.892,0.488,0.0316,0.7859999999999999,101.89
240QgnTcZI8VjsV4Lo6M9v,Tonight,['Xscape'],243810,1993,False,,0.341,0.2,0.196,0.146,125.243
2PwU1lOWkKmlmijBWywSXh,Just Kickin' It - Remix,['Xscape'],211534,1993,False,,0.706,0.44299999999999995,0.053,0.741,80.891
2qeBdccVqOGLaiQq8SNDLB,A Helene,"['Iannis Xenakis', 'Danish National Radio Choir', 'Jesper Grove Jørgensen']",684720,1999,False,,0.294,0.0279,0.995,0.12300000000000001,128.14700000000002
7auaiLZc9ogCnF0Hd95NBA,Nuits,"['Iannis Xenakis', 'Danish National Radio Choir', 'Jesper Grove Jørgensen']",607680,1999,False,,0.209,0.132,0.986,0.0331,141.94899999999996
1od7w5y1OqhTmwCTCFowju,Serment-Orkos,"['Iannis Xenakis', 'Danish National Radio Choir', 'Jesper Grove Jørgensen']",408600,1999,False,,0.14400000000000002,0.15,0.993,0.0448,85.75299999999999
1So1tVk3gybvc2I0JY8K22,Out of My Head (feat. Tove Lo and ALMA),"['Charli XCX', 'Tove Lo', 'ALMA']",235737,2017,True,,0.851,0.7090000000000001,0.0736,0.42,116.46700000000001
6IwzT8tFXiGD4UnJ2ycZdx,The Isle of Aigas,"['Anonymous\xa0', 'Sylvain Bergeron']",177840,2000,False,,0.4920000000000001,0.0039,0.9690000000000001,0.255,77.696
4or2Bg44ujq6AhNvWQXR1S,"Mary, Young and Fair","['Anonymous\xa0', 'Sylvain Bergeron']",92493,2000,False,,0.489,0.00892,0.972,0.374,100.38
5p8dJS5QanCdEQlKJHTSEl,Prelude,"['Anonymous\xa0', 'Sylvain Bergeron']",46707,2000,False,,0.419,0.0152,0.986,0.301,101.961
1VIie1pQ0ZD8ZTAIPEkh1n,Corranto,"['Anonymous\xa0', 'Sylvain Bergeron']",73733,2000,False,,0.526,0.0203,0.893,0.595,114.59200000000001
5mvFlFD5CtLaCfImLEgHAR,A Coranto,"['Anonymous\xa0', 'Sylvain Bergeron']",125067,2000,False,,0.381,0.0112,0.98,0.271,117.596
0MHsv8X0T1tLz90io3jsCI,Grays Inn Mask,"['Anonymous\xa0', 'Sylvain Bergeron']",92000,2000,False,,0.447,0.0223,0.983,0.34,119.169
5XiIzehCezOF5OQY72a7Cb,"Home Again, Market is Done","['Anonymous\xa0', 'Sylvain Bergeron']",102373,2000,False,,0.447,0.0178,0.963,0.11,96.835
2AlyWFCpW79XvFe4XRwvVT,Joane to the May Pole,"['Anonymous\xa0', 'Sylvain Bergeron']",122600,2000,False,,0.483,0.0199,0.9740000000000001,0.303,133.159
3UeVIAh3cfEpuAP5dwLrw1,Psappha,"['Iannis Xenakis', 'Steven Schick']",843120,2006,False,,0.539,0.341,0.0575,0.0535,126.556
3dnge1ZJtSmOvPvTNnWwYU,Dmaathen,"['Iannis Xenakis', 'Jacqueline Leclair', 'Steven Schick']",657773,2006,False,,0.402,0.154,0.946,0.0519,102.84100000000001
1o4L5mVJGEwWjr1H0lMTjC,Pléïades: I. Mélanges,"['Iannis Xenakis', 'Red Fish Blue Fish', 'Steven Schick']",538440,2006,False,,0.512,0.635,0.605,0.244,103.912
61rWSaScadovkNXNVNaALO,Pléïades: II. Métaux,"['Iannis Xenakis', 'Red Fish Blue Fish', 'Steven Schick']",637147,2006,False,,0.41600000000000004,0.287,0.903,0.28,108.154
3xeOs6LYTWWBAOhdlkZnw3,Pléïades: III. Claviers,"['Iannis Xenakis', 'Red Fish Blue Fish', 'Steven Schick']",806227,2006,False,,0.581,0.451,0.9590000000000001,0.0595,108.01
3rTXDxzOriOIcMmfv7Vqiv,Pléïades: IV. Peaux,"['Iannis Xenakis', 'Red Fish Blue Fish', 'Steven Schick']",720480,2006,False,,0.69,0.539,0.44799999999999995,0.82,100.016
5aowNgTz3DsEX82tZEnxqV,Okho,"['Iannis Xenakis', 'Red Fish Blue Fish']",795453,2006,False,,0.506,0.414,0.7170000000000001,0.16399999999999998,148.232
4UaImrc9ag9q5xctTQfVbG,Oophaa,"['Iannis Xenakis', 'John Mark Harris', 'Greg Stuart']",710360,2006,False,,0.528,0.21100000000000002,0.382,0.106,104.48299999999999
55msZVUPZwiTwNGFOxD2Ep,Rebonds B,"['Iannis Xenakis', 'Steven Schick']",325467,2006,False,,0.516,0.264,0.598,0.19,141.925
4aYCNwAPgn7XHOceu17IDB,Rebonds A,"['Iannis Xenakis', 'Steven Schick']",367613,2006,False,,0.47,0.46799999999999997,0.32899999999999996,0.138,89.181
4ktWvZXCq4XbirvUm8bFTT,Underground,['Xu Xu Fang'],259587,2008,False,,0.73,0.763,0.00381,0.5589999999999999,129.991
6qfIjy9mUuvZcWlxjkvvqw,Seven Days Now,['Xu Xu Fang'],283547,2008,False,,0.555,0.384,0.192,0.06,120.022
2gaujWood4JqFWTzQQQeQR,Your Way,['Xu Xu Fang'],219973,2008,False,,0.475,0.486,0.0405,0.0398,172.12900000000005
25OpNppqnngFuNHrUhxjNg,Fascination Street,['Xu Xu Fang'],337667,2008,False,,0.445,0.745,0.364,0.413,166.041
4zdlZX3apsxEyCWdJij0ea,Maximillian X - letters to ira,['Maximillian X'],239227,2007,False,,0.47200000000000003,0.397,0.0007740000000000001,0.371,114.15
6iXwbQB7ngGHfFPVoHeQ9s,Do Your Thang,['Xscape'],111827,1995,False,,0.584,0.405,0.0322,0.845,76.72399999999998
0b0vpt8e3AkV3GG8HoUEJm,Feels So Good,['Xscape'],212040,1995,False,,0.7120000000000001,0.45399999999999996,0.0162,0.659,82.619
1NUWW2bWedx1nFz92rwibh,Hard To Say Goodbye,['Xscape'],225200,1995,False,,0.66,0.609,0.0491,0.735,78.84
3AVa8TrbsuuiX5qcJAmWIf,Can't Hang,['Xscape'],225360,1995,False,,0.826,0.503,0.0385,0.593,93.67299999999999
0wdaPticLmmqJdhgLDJ9zI,Who Can I Run To,['Xscape'],216333,1995,False,,0.71,0.545,0.483,0.632,140.233
1jE90gNKNPf7VZDmd7YCvi,Hip Hop Barber Shop Request Line,['Xscape'],49133,1995,False,,0.604,0.523,0.08199999999999999,0.541,92.635
6xyJaL4VWgP6noKMp5ZW0e,Do You Want To,['Xscape'],341773,1995,False,,0.778,0.501,0.0679,0.40299999999999997,119.556
7kxNV3tzBWf3ifnebYBteP,What Can I Do,['Xscape'],185360,1995,False,,0.8270000000000001,0.625,0.168,0.742,95.81200000000001
09sAIFddiApY3xfKnjeCSN,Do Like Lovers Do,['Xscape'],275400,1995,False,,0.795,0.38299999999999995,0.19699999999999998,0.58,139.59799999999998
2QohV3RX9jQvwAO4OoHM89,Work Me Slow,['Xscape'],251067,1995,False,,0.706,0.506,0.249,0.69,137.907
0Xu5Wyhm29IOqXIvXmkyq0,Love's a Funny Thing,['Xscape'],327467,1995,False,,0.741,0.493,0.379,0.713,139.776
03R5KpR3H2NNps8F8Jo1Dv,Keep It On The Real,['Xscape'],260773,1995,False,,0.733,0.616,0.0357,0.728,171.81599999999997
0k1C5aqZuFPKpMGZlCQYAP,"Preludes, Book 1: No. 8. La fille aux cheveux de lin (The Girl with the Flaxen Hair) (arr. for clarinet and orchestra)","['Anonymous\xa0', 'Claude Debussy', 'Richard Stoltzman', 'Slovak Radio Symphony Orchestra', 'Kirk Trevor']",164754,2011,False,,0.146,0.11900000000000001,0.98,0.0702,96.304
1XTXHU22NDUaSzkXREWZet,Safe Love,['Amy X Neuburg'],282360,1992,False,,0.591,0.28800000000000003,0.027999999999999997,0.355,110.262
2jKRkuRWmpHdIckTShnp7R,Take Your Eyes Out,['Amy X Neuburg'],236867,1992,False,,0.716,0.5710000000000001,0.102,0.643,107.193
5zaA5A5MecfgTVZqI0hg6E,In a Vacuum,['Amy X Neuburg'],340707,1992,False,,0.486,0.0899,0.7879999999999999,0.32,80.381
0R1lZM3qT3uPRC2X4S75al,This Is the Last,['Amy X Neuburg'],236293,1992,False,,0.41600000000000004,0.0592,0.889,0.281,127.087
6L3rh5GuiwrftBUXCihsTl,All Right,['Amy X Neuburg'],321733,1992,False,,0.616,0.528,0.261,0.805,176.232
5yzE3AHJTjhDmmGiWvd8u3,Real World,['Amy X Neuburg'],150933,1992,False,,0.45399999999999996,0.313,0.852,0.609,129.816
7azMAiCSqVLYsZFsMlbUZj,What to Do,['Amy X Neuburg'],178040,1992,False,,0.7490000000000001,0.7490000000000001,0.218,0.485,107.271
0geALZ8MknGM8gAXkjoYV8,Nothing,['Amy X Neuburg'],365227,1992,False,,0.613,0.54,0.233,0.8859999999999999,92.74799999999999
21gytql4Q6D6nrmQPLQ9vZ,It Never Ends,['Amy X Neuburg'],317133,1992,False,,0.292,0.159,0.9209999999999999,0.13,156.50799999999995
7364M1tpwKRIBN3nS4K087,Keep Us 2,['Amy X Neuburg'],250067,1992,False,,0.701,0.535,0.287,0.8420000000000001,192.666
2YFJlV3xL2fILwdJADtv1L,Get You Out,['Amy X Neuburg'],245373,1992,False,,0.46,0.802,0.0713,0.414,144.89
6wTsFdkiFc711fDpl2Fqmg,Hot,['Amy X Neuburg'],248560,1992,False,,0.532,0.114,0.7659999999999999,0.217,103.334
71lcMoHUV04kuG11SSyan3,Jacaras,"['Anonymous\xa0', 'Danny Mallon', 'Chatham Baroque']",212267,2011,False,,0.255,0.16399999999999998,0.8029999999999999,0.48200000000000004,146.21200000000005
2B1FlpoOqHxlNGhRpktZ9U,Fidelis servus,"['Anonymous\xa0', 'Carol Ann Allred', 'Danny Mallon', 'Chatham Baroque']",90333,2011,False,,0.591,0.257,0.907,0.19899999999999998,101.512
75FDv6ZNOsVUTvlvaXKc9e,Beatus ille servus,"['Anonymous\xa0', 'Carol Ann Allred', 'Danny Mallon', 'Chatham Baroque']",118107,2011,False,,0.56,0.131,0.88,0.722,95.34700000000001
5ISCcUmeTq58JGe6TDSX7K,Ascendit Deus,"['Anonymous\xa0', 'Carol Ann Allred', 'Danny Mallon', 'Chatham Baroque']",226333,2011,False,,0.568,0.171,0.914,0.68,99.417
3D6H68rfd2Q5vQ0XyJk61A,In hac mensa novi Regis,"['Anonymous\xa0', 'Carol Ann Allred', 'Danny Mallon', 'Chatham Baroque']",415800,2011,False,,0.315,0.138,0.9209999999999999,0.501,183.203
3yZmYZlEZJT7MzXh9vhyf3,Folias,"['Anonymous\xa0', 'Danny Mallon', 'Chatham Baroque']",499867,2011,False,,0.41200000000000003,0.14,0.778,0.151,115.492
6GeP3Z6PYviknz06HpBEd1,"Pox: Austin, TX Parking Lot Chopped & Screwed Remix",['Xiu Xiu'],263533,2006,False,,0.387,0.562,0.00267,0.0826,123.325
5aw8QF0gGwITXG5yGvflmS,The One,['Xoch'],206293,2003,False,,0.614,0.654,0.0192,0.647,90.04799999999999
0aJulPPe1yTjwR0RyzfIrw,You,['Xoch'],201907,2003,False,,0.618,0.75,0.000566,0.643,122.029
6rNdArxkkx0W0nRvFtl15f,My Desire,['Xoch'],207520,2003,False,,0.586,0.7879999999999999,0.0004980000000000001,0.831,99.073
1kIOxWnMRW0wKD6QnQmzlL,The Cold,['Xoch'],186640,2003,False,,0.532,0.871,0.0294,0.46,103.75299999999999
3MPm2MP8SLTRtbjqmRfNBn,Let Me In,['Xoch'],266267,2003,False,,0.413,0.65,0.125,0.38,173.965
00m2HCvt16ivhzZ608XihS,Look Into The Storm,['Xoch'],235627,2003,False,,0.598,0.626,0.45299999999999996,0.483,101.715
2w4ChYIj53cNaeGbBJCLhQ,Invisible People,['Xoch'],240653,2003,False,,0.493,0.836,0.00457,0.488,108.751
1t3DAO3XQXsw83HUWvdYJC,Rage And Confusion,['Xoch'],229973,2003,False,,0.603,0.8959999999999999,0.0995,0.8059999999999999,105.537
2okXCTlQDrCFKHQvZJNW5m,Letter,['Xoch'],222200,2003,False,,0.604,0.722,0.0471,0.894,159.768
1BglUvSdBPAxAe5tUaTiAQ,How Many Times?,['Xoch'],222813,2003,False,,0.311,0.5479999999999999,0.00647,0.38299999999999995,168.293
7vAZBCpEt8EYqd2TtEqwxO,Faith,['Xoch'],234693,2003,False,,0.528,0.7070000000000001,0.00020800000000000001,0.42,104.53
684Mxd189wq9FDeIAVR3Ll,The Fool's Dream,['Xoch'],355653,2003,False,,0.247,0.297,0.381,0.102,114.26
1Jj79cz5zQz7srNekER9mS,X-hale - Secret Track,['Xoch'],260533,2003,False,,0.41,0.483,0.0932,0.273,212.583
3bwJpxeVi2Nv0ZccIKE4qh,Canción para Mi Muerte,['Uno x Uno'],249720,1999,False,,0.483,0.893,0.8540000000000001,0.5579999999999999,97.439
0Uwz9PP8kArBhBDXdmkjUG,Git Cha Walk On,"['Daz Dillinger', 'Xzibit', 'W.C.']",290992,2001,True,,0.534,0.919,0.16,0.5720000000000001,201.394
6LOwaAlQYlnPKOt4wZqhpe,Xs On Your Eyes,['+/-'],250013,2008,False,,0.527,0.961,0.00606,0.682,157.007
0PxgB40evojYJdw0jeHhqt,Silent Night,"['Franz Xaver Gruber', 'Winchester Cathedral Choir', 'David Hill']",203733,1990,False,,0.0899,0.0049299999999999995,0.9420000000000001,0.0367,166.21099999999996
4D18tbDy0K8TkZlBsqQdUQ,Ut Nos Vivicaret,['Xela'],765440,2008,False,,0.249,0.5539999999999999,0.955,0.0663,142.303
76rgWIMlJcq0ddllqTyQGx,In Deo Salutari Meo,['Xela'],832213,2008,False,,0.11800000000000001,0.529,0.779,0.0366,78.67699999999998
7xKDxDHCYRrnRpsjECUsub,In Misericordia,['Xela'],874480,2008,False,,0.16899999999999998,0.7859999999999999,0.797,0.0313,117.602
3R68iUwgcJ6cXSbjt3kRjw,Church (feat. Xperience),"['Macklemore', 'Xperience']",250467,2017,True,,0.479,0.5529999999999999,0.27399999999999997,0.287,68.96300000000001
6jN3LIpEhIW889CXGoLI8N,Xtatic Failure,['GONZALES'],201800,2009,False,,0.174,0.9570000000000001,8.86e-06,0.18600000000000005,191.89
6dr4Hl2TvBZS308O5dYoS5,xn + 1=a*xn*(1-xn),['32crash'],198573,2011,False,,0.612,0.927,0.0802,0.5710000000000001,99.958
7FPrrLdxRz1CE8sQlaFkHx,La Bordona (arr. for piano),"['Anonymous\xa0', 'Emilio Balcarce', 'Mirian Conti']",202467,2012,False,,0.41100000000000003,0.10800000000000001,0.992,0.14800000000000002,122.51799999999999
2SvanRzzXg1ekvMhr4IyWP,A Don Agustin Bardi (arr. for piano),"['Anonymous\xa0', 'Horacio Salgán', 'Mirian Conti']",174827,2012,False,,0.419,0.138,0.993,0.348,130.958
3ngjhz3HRJ4pSk6WNFRHfF,6 canciones argentinas: No. 5. Cancion del carretero (arr. for piano),"['Anonymous\xa0', 'Carlos López Buchardo', 'Mirian Conti']",207973,2012,False,,0.42100000000000004,0.0282,0.9940000000000001,0.16699999999999998,108.935
25ImzhRpHwkTmEsEho6Oaw,Lluvia de estrellas (arr. for piano),"['Anonymous\xa0', 'Osmar Maderna', 'Mirian Conti']",136667,2012,False,,0.368,0.128,0.992,0.375,75.281
3Z3ja5FvNl05bd8CPC1Xm0,Nocturna (arr. for piano),"['Anonymous\xa0', 'Julian Plaza', 'Mirian Conti']",99787,2012,False,,0.359,0.134,0.9890000000000001,0.23399999999999999,132.343
4lNjHSXgtGVdxOoUW4tPQt,Xmas,['Annavox'],288413,2001,False,,0.369,0.23800000000000002,0.851,0.426,154.053
4DG9azm1ht4eaJ67aTnfnH,Of the Father's Love Begotten (arr. D. Warland),"['Anonymous\xa0', 'Dale Warland', 'Dale Warland Singers']",123827,2010,False,,0.245,0.0121,0.992,0.0383,128.106
2ZnL0YSyiqWi37nfxt6MF5,What Child Is This? (arr. D. Warland),"['Anonymous\xa0', 'Dale Warland', 'Dale Warland Singers']",181200,2010,False,,0.213,0.0641,0.982,0.132,80.15899999999998
1HcAAH2uatMMBCqeOEoaj8,Stille Nacht (Silent Night) (arr. J. Van),"['Franz Xaver Gruber', 'Jeffrey Van', 'Dale Warland Singers', 'Dale Warland']",149200,2010,False,,0.217,0.0379,0.9890000000000001,0.07,69.774
7K3EQnFJwVhQ3W8M8VPPLF,Sing We Now of Christmas (arr. F. Prentice),"['Anonymous\xa0', 'Fred Prentice', 'Dale Warland Singers', 'Dale Warland']",92693,2010,False,,0.455,0.0963,0.995,0.33399999999999996,113.84200000000001
5Vux2d4KYtwq7SQ4fNqUeQ,"Lullaby, Dear Jesus (arr. C. J. Franklin)","['Anonymous\xa0', 'Cary John Franklin', 'Dale Warland Singers', 'Thomas Tempel', 'Dale Warland']",131667,2010,False,,0.15,0.0536,0.996,0.0636,81.264
1UirgflJM4eaXBicf0SVIU,Residental Area,['Bypass X'],314000,2005,False,,0.602,0.593,2.18e-05,0.7090000000000001,135.884
1BvIHC4h8TwqjGl2Xob0A2,Holy Lab Work,['Bypass X'],273000,2005,False,,0.6559999999999999,0.8009999999999999,8.87e-05,0.598,139.869
0vN6qeJKDnlzVMZg5JtUM3,Sensolyte,['Bypass X'],289000,2005,False,,0.67,0.721,1.22e-05,0.19,137.827
38EdwQ4Ftr12J4qt8Dk4Ig,Feel The Force,['Bypass X'],300693,2005,False,,0.6709999999999999,0.902,0.000489,0.544,134.892
6uAvD1r96CcQ0HBhoXXakG,Piano Trio: I. Balada a Dulcinea,"['Xavier Montsalvatge', 'Trio Arriaga']",255867,2011,False,,0.225,0.0318,0.972,0.048,108.95700000000001
7l1KQLL0OKEqMUzgv6XyJ5,Piano Trio: II. Dialogo con Mompou,"['Xavier Montsalvatge', 'Trio Arriaga']",259587,2011,False,,0.20600000000000002,0.0767,0.956,0.095,175.743
6ReYyawfxQUlbiaWE1pA1X,Piano Trio: III. Ritornello,"['Xavier Montsalvatge', 'Trio Arriaga']",222547,2011,False,,0.221,0.11800000000000001,0.924,0.156,177.56099999999995
1ciZE3XHzB1mw207MUrf4o,"I Wish I Was in Dixie's Land, ""Dixie"" (attrib. to D.D. Emmett) (arr. N. Luboff)","['Anonymous\xa0', 'Norman Luboff', 'VocalEssence Ensemble Singers', 'Philip Brunelle']",125173,2010,False,,0.217,0.124,0.991,0.0914,90.039
57B8AYsT5llUTWYy5NYEow,Riders in the Sky (arr. for choir),"['Anonymous\xa0', 'VocalEssence Ensemble Singers', 'Bobby Stanton', 'Joan Griffith', 'Silvester Vicic', 'Greg Hippen', 'David Hagedorn', 'Philip Brunelle']",182240,2010,False,,0.495,0.486,0.575,0.684,134.414
10YQcHXVtbL0sQoZVyAG0V,Personent hodie,"['Anonymous\xa0', 'Lara Hoggard', ""BYU Men's Chorus"", 'Unknown Artist', 'Rosalind Hall']",206077,2015,False,,0.18100000000000002,0.133,0.657,0.20199999999999999,77.665
1ihLxZvsfIIllK5aN7dKyg,Darkest Night Ever,['Spectrum-X'],135973,2008,False,,0.254,0.489,0.0346,0.106,110.85700000000001
7rfZkRHvPEDuUjF3M3RKuN,Unsane,['Spectrum-X'],220787,2008,False,,0.409,0.86,9.2e-05,0.179,169.979
2AnReNjcG09kpv3nDG2SPh,Trick Or Treat (We're Coming To Your Town),['Spectrum-X'],249813,2008,False,,0.47600000000000003,0.715,0.0005809999999999999,0.159,119.963
4wD3OTEf1kAxe7JvlKi49F,Tragic Toll,['Spectrum-X'],204613,2008,False,,0.457,0.91,4.79e-05,0.201,100.01899999999999
2deUOAvwxGLYq1WY7hPUFS,Gnomes Bones,['Spectrum-X'],213547,2008,False,,0.5379999999999999,0.883,8.94e-05,0.408,140.046
3DFbGsdITj15L5E74g6dvA,Aloisa (Slumber Of Death),['Spectrum-X'],269640,2008,False,,0.39399999999999996,0.9079999999999999,0.000323,0.23,140.066
6YBWLC7BwHRxsb0IaVy7VD,Passage Into The Future,['Spectrum-X'],165200,2008,False,,0.5529999999999999,0.7929999999999999,0.0395,0.0929,129.984
5QXqBpewhCLkYFEilvphJO,ElectroZombie,['Spectrum-X'],238573,2008,False,,0.524,0.868,3.3100000000000005e-05,0.677,140.066
6zvWPff5uPWZlgD4uBlG0u,Can't Return Home,['Spectrum-X'],268907,2008,False,,0.5539999999999999,0.919,0.000292,0.605,140.036
6rZOCJWfLE69xtxfEfLihb,Holograms Of Sorrow,['Spectrum-X'],280320,2008,False,,0.508,0.7340000000000001,4.24e-05,0.746,164.033
0Zi5iyxgwo1teMugIn3RaW,Plasmic Snow,['Spectrum-X'],301787,2008,False,,0.551,0.815,8.46e-06,0.5379999999999999,140.064
1zHWIoB2BHK0AYZP7bldnj,Electrostatic Forms,['Spectrum-X'],275893,2008,False,,0.23600000000000002,0.956,7.159999999999999e-05,0.11900000000000001,100.016
6IfvUaZxLoQv42p58nV8lG,Spacial Grave Town,['Spectrum-X'],263733,2008,False,,0.496,0.9520000000000001,0.00011,0.23199999999999998,148.041
1r8uB2BvbFKf8vi9CvE4Kz,Refuge To An Eternal World,['Spectrum-X'],73587,2008,False,,0.573,0.71,0.00755,0.0375,111.944
7y7u7O6o97tRMUI0JUctLB,lostsignal(remix),['Xlarve'],286590,2010,False,,0.72,0.862,0.228,0.863,134.005
6Op6yUGNGEIKkzbNeLrzPr,ajgania melody,['Xlarve'],221911,2010,False,,0.6579999999999999,0.768,0.252,0.389,134.031
6odjOjggXw49Fh3Po64vLp,andumielle,['Xlarve'],196364,2010,False,,0.253,0.636,0.779,0.191,85.63600000000002
6wusT0KWgXX7ErhWmbDqOv,chilld_of_Univers,['Xlarve'],242339,2010,False,,0.7120000000000001,0.573,0.0634,0.6409999999999999,141.035
0UjTPtbv1LpnJwIfEyyGBp,sacred chance,['Xlarve'],177529,2010,False,,0.373,0.8009999999999999,0.0075200000000000015,0.10099999999999999,119.98200000000001
2RtfKIUBymdTKpA9SoiDxN,cembalo (chill q-mix4),['Xlarve'],189258,2010,False,,0.562,0.706,0.0617,0.565,117.009
7M6CPismismDdD55QIXvJU,lostsignal( 2010),['Xlarve'],417412,2010,False,,0.7290000000000001,0.929,0.0401,0.774,137.987
21IrKCiHH6vqpADPf782C5,deepDream (2010),['Xlarve'],289804,2010,False,,0.687,0.9079999999999999,0.321,0.301,134.981
4W4rnaXy5Zq34qORmWtPzf,kentakulla (chill mix2),['Xlarve'],154698,2010,False,,0.474,0.89,0.516,0.33899999999999997,134.988
0VxWYooAzV7BRzqRt2pQOQ,lostsignal,['Xlarve'],283377,2010,False,,0.727,0.904,0.0831,0.9640000000000001,136.993
0VLGHn5pCvdMZFWY0TIjq0,cyBernatic,['Xlarve'],210026,2010,False,,0.349,0.593,0.8170000000000001,0.377,90.92299999999999
5Mfmcx1GSppehOn0uI44sU,Nite_ruins(rmx),['Xlarve'],254042,2010,False,,0.629,0.815,0.517,0.639,141.013
3UpxXKZQ6iqpdbQQeyoHxu,Silence_of_Empty,['Xlarve'],235155,2010,False,,0.48,0.988,0.0017,0.0606,75.02199999999998
72AUOIdWG1RJ4dZYtXpRBX,Last memmories (2010 chill mix),['Xlarve'],210652,2010,False,,0.5820000000000001,0.599,0.688,0.456,129.996
6gHupL6TUWFxnC7yXfQpEO,return to past of decay (chill mix),['Xlarve'],196651,2010,False,,0.48200000000000004,0.43,0.951,0.0829,129.988
4JHv0X1ixY8yYGNwpKNqIY,meya La (melody2 psybient),['Xlarve'],210026,2010,False,,0.287,0.943,0.83,0.6990000000000001,133.91299999999998
6gqhUiyQuHMiFNZWluSsrN,mystery of x4 (chill mix),['Xlarve'],218150,2010,False,,0.624,0.887,0.7070000000000001,0.207,128.06799999999998
6WSS3asf8Ra2nj8syOnnLx,song of Nimrodelle,['Xlarve'],266894,2010,False,,0.40399999999999997,0.856,0.23199999999999998,0.423,133.929
3PX5ilHbcbJERy9ohFBlga,Silence of Empty (chill remix),['Xlarve'],252030,2010,False,,0.544,0.763,0.131,0.418,140.045
3dDHEv5Cxqjjijg2TRCq7S,wi-x10,['Xlarve'],220736,2010,False,,0.634,0.907,0.21,0.85,125.979
4vzAd0flILqv7lItPrTWeF,cyberNatic RMX,['Xlarve'],210026,2010,False,,0.322,0.69,0.645,0.508,86.706
0IxjI2zOnRPeIj8dNG9lzv,wi-x10 (progressive remix),['Xlarve'],264256,2010,False,,0.621,0.6609999999999999,0.00755,0.502,140.003
7HlajyVn7UF1s7pmHJl1k1,innocentte(original),['Xlarve'],173402,2010,False,,0.728,0.93,0.0102,0.835,125.012
0dYZxqQZIonKUS4WMDp5gC,wi-x10_(vrsn3),['Xlarve'],353098,2010,False,,0.6629999999999999,0.764,0.0016300000000000002,0.72,140.003
0cbN09foEFVq6HoYBPuNeJ,flumy(2007),['Xlarve'],542486,2010,False,,0.5660000000000001,0.9390000000000001,0.0002,0.33299999999999996,140.97899999999996
5WuSUSzu3W9gn2bzBFltZw,India_lights (rmx),['Xlarve'],279172,2010,False,,0.665,0.828,0.8059999999999999,0.657,119.99700000000001
2eqLprKkNFwOyvzNTS6mJX,lostsignal_(vrsn5_remix_psyChill),['Xlarve'],286590,2010,False,,0.7170000000000001,0.857,0.243,0.8640000000000001,134.00799999999998
2cBKPwcPJJ2x9WUxbi3hdK,return to past of decay (chill mix),['Xlarve'],196651,2010,False,,0.48200000000000004,0.43,0.951,0.0829,129.988
2KQSmbZ2gCfd2czzmMctNx,innocentte_(mix),['Xlarve'],241425,2010,False,,0.586,0.89,0.0007700000000000001,0.456,140.998
6vdxkwJ74W6tCwkuZouKLy,elfen lied,['Xlarve'],264282,2010,False,,0.69,0.797,0.47100000000000003,0.215,120.012
1nqfHHKx9adibXoGPtI6nb,mystery of x4 (chill mix),['Xlarve'],218150,2010,False,,0.624,0.887,0.7070000000000001,0.207,128.06799999999998
21C0MfZ2x8qxOxQxIV5RK4,last memmories,['Xlarve'],184765,2010,False,,0.45799999999999996,0.534,0.521,0.28300000000000003,152.042
6IBqPfkil2XGtdGJ3IHLxp,ancient tomb,['Xlarve'],235025,2010,False,,0.599,0.883,0.12,0.36200000000000004,125.00200000000001
0lb5uUhwvp5oUsJ851WzMe,sacred chance (reMake test1),['Xlarve'],177529,2010,False,,0.593,0.7959999999999999,0.0766,0.18,119.917
176fwvOwxjGRAVODyNJswv,memories_418(v5)original,['Xlarve'],399152,2010,False,,0.72,0.983,0.0848,0.831,134.95600000000002
1uQ8dqq3e7tVCOQmNFXccP,deepDream (memories),['Xlarve'],287374,2010,False,,0.72,0.925,0.0384,0.778,134.959
7kouBePnXncaY11wU0mGfs,memories,['Xlarve'],399152,2010,False,,0.7090000000000001,0.965,0.044000000000000004,0.816,134.97
05rn3g67tBNEYGBp1kwUY6,last dream (chill mix),['Xlarve'],117291,2010,False,,0.504,0.33,0.713,0.0818,135.065
2XOIFMbdc8jXlRKq2dymYX,eX-5 (chill_mix),['Xlarve'],225882,2010,False,,0.597,0.609,0.0059,0.19899999999999998,139.974
6VuWatxFBwvtQnrtMhui2b,vulcane (chill mix),['Xlarve'],207178,2010,False,,0.326,0.431,0.541,0.0685,139.921
1rePYPeHFKkvS6DlODrz41,dream-psy-f2 (psybient),['Xlarve'],256524,2010,False,,0.629,0.73,0.617,0.9620000000000001,120.015
3pI5fPd9wulLVYSf3cAghg,lostsignal (origin chill mix),['Xlarve'],434365,2010,False,,0.738,0.927,0.0255,0.9790000000000001,138.01
52b2gOnpff18Hlg2RPBRlu,morphing of Tibet (chill mix),['Xlarve'],215616,2010,False,,0.578,0.7809999999999999,0.365,0.18899999999999997,140.012
0h9OrCLveNdVu1efGb99JB,lostsignal( origin mix vrsn3),['Xlarve'],407433,2010,False,,0.732,0.925,0.0236,0.975,138.00799999999998
6s1KaDSydiMQRUoGVBBvHj,s_of_Empty_(vers 2),['Xlarve'],255452,2010,False,,0.593,0.716,0.000277,0.14400000000000002,139.996
0MQA7epc8YYJgytp0GP65U,last dream (reSynth chill mix),['Xlarve'],117134,2010,False,,0.38,0.478,0.42200000000000004,0.134,134.838
3WA4ryndfE1X4dyCIAXLQT,noname,['Xlarve'],311146,2010,False,,0.7020000000000001,0.9,0.0135,0.503,134.993
4wdxO3f9IEjRACm82tZWgn,last dream(chill mix),['Xlarve'],117134,2010,False,,0.28300000000000003,0.545,0.64,0.192,89.45700000000002
3872ARCQygBvPC7Sk4nMee,indian ritual (v2),['Xlarve'],290613,2010,False,,0.612,0.7829999999999999,0.128,0.513,139.98
2lpPwpk33tL0Mcj3tH6iyh,Moonstrings(v1.5),['Xlarve'],334917,2010,False,,0.609,0.78,0.00822,0.27,140.974
7b1WmNdFx4Xa3soADrFQ59,"Cantabile in D Major, Op. 17, MS 109 (arr. for violin and guitar)","['Anonymous\xa0', 'Niccolò Paganini', 'David Kim', 'Julian Gray']",257733,2011,False,,0.195,0.155,0.95,0.109,94.34100000000001
7HiYtLb3MqggkDF7yIxrpX,X and Y,['Steffen Shackinger'],336080,2008,False,,0.628,0.643,0.175,0.625,136.02700000000002
3qkkdGoVflUmhcwPJlZ9vO,X-Girlfriend,['Turbulence'],245789,2015,False,,0.612,0.845,0.152,0.965,153.076
5DVhH8t5dfduX9bpLd3VdJ,Coldpulsar,['Xlarve'],318460,2015,False,,0.275,0.737,0.00135,0.0681,140.033
5A1Yv9SziHeA4STsyn7sfm,Solar Moon (Break Mix),['Xlarve'],186541,2015,False,,0.563,0.8370000000000001,0.0018100000000000002,0.131,138.02700000000002
1iMbWajMrsdI8r9jc6qjcX,Olimpic High,['Xlarve'],300044,2015,False,,0.578,0.9079999999999999,4.2999999999999995e-06,0.966,144.974
2LVn6JjeoXINysMB3T68sE,Sugar Rose (Mix-1),['Xlarve'],362502,2015,False,,0.57,0.877,0.0002,0.348,145.02
7uzJWLFbGCq9fZ9tFQbugL,Lucienne Flower,['Xlarve'],276638,2015,False,,0.58,0.914,0.00151,0.465,140.996
1Lw8m4FN2MK0pVxKv5xbQT,Rock Guitar,['Xlarve'],218933,2015,False,,0.513,0.897,0.00139,0.48200000000000004,145.02700000000004
50MZcx3HX0eSPqREh8p0ry,Openair (Remix),['Xlarve'],234894,2015,False,,0.493,0.953,0.000674,0.9,140.10299999999998
1yYDvAzqAu7OwzvwCQ6PyZ,Infacto,['Xlarve'],217679,2015,False,,0.569,0.958,0.000601,0.9620000000000001,144.985
29ICpQXlnd4rGYOZHcCNPn,Guitar and Shoker,['Xlarve'],407172,2015,False,,0.565,0.63,0.00996,0.493,139.984
3uXUaD925riWFhDFb2ZCL5,Cat Dance (Mix-12),['Xlarve'],427103,2015,False,,0.562,0.912,5.920000000000001e-05,0.626,143.991
7xPY8cL9Hl8ey1lPuGKtPg,Vysanty (Bysantium) [RS Mix],['Xlarve'],211906,2015,False,,0.55,0.972,0.000721,0.53,144.982
6HCPH9x2hywMugMS0uq4ln,Sugar Rose (RS Mix),['Xlarve'],359629,2015,False,,0.535,0.9,0.00025499999999999996,0.455,145.004
3XMVDq6X2L4RZbvFZX7gb2,Signs of Space (Dream Psybient Guitar),['Xlarve'],238133,2015,False,,0.33899999999999997,0.8340000000000001,0.469,0.552,127.015
3p7QaEOyBCCUfRYCpvJPo8,Lonely Dream (Dream Psybient),['Xlarve'],198453,2015,False,,0.451,0.899,0.384,0.374,126.98100000000001
7yiA289OxBWkeVFzPe87xl,Cat Dance (Dream Lounge Asian Mix),['Xlarve'],335100,2015,False,,0.34600000000000003,0.265,0.871,0.0391,129.878
07XIqd6mQ4u3k6m2xN7Swe,Solar Moon (Dream Lounge / RS Mix 2),['Xlarve'],197121,2015,False,,0.0994,0.452,0.61,0.0414,80.562
1ziagKz5kTEMdcb09bm9Jy,Lucienne Flower (Dream Chill Mix 2),['Xlarve'],309448,2015,False,,0.544,0.816,0.0295,0.0549,133.993
4v7qycGorpnlWXZzVLtMSv,Vysanty (Bysantium) [Dream Lounge / RS Mix 2],['Xlarve'],286408,2015,False,,0.207,0.41700000000000004,0.484,0.0574,102.939
2ZzZrJrgioTMOBopKg5nuh,Cat Dance (Dream Lounge),['Xlarve'],322430,2015,False,,0.258,0.306,0.848,0.0384,83.236
1G39pvGiXalaGrVpJ4H9FF,Vysanty (Bysantium) [Dream Lounge],['Xlarve'],167315,2015,False,,0.265,0.38,0.27,0.0872,88.04299999999998
2Tgrh0MrdWPbSgNFCz0Gss,Solar Moon (Dream Lounge),['Xlarve'],197121,2015,False,,0.188,0.369,0.8170000000000001,0.0363,86.584
6X4HxwR2iGcKJkDKkZnCpl,Mystisy (Dream Lounge),['Xlarve'],222120,2015,False,,0.245,0.183,0.938,0.0367,134.089
0DSgs2C24sltMMnzJZozox,Sugar Rose (Dream Lounge / RS Mix),['Xlarve'],338548,2015,False,,0.22899999999999998,0.32,0.951,0.13,104.56299999999999
5aC7ZC801s7veR3YSz4dUP,Echo Voice (Dream Lounge),['Xlarve'],197121,2015,False,,0.161,0.361,0.599,0.0346,96.979
2BTtkAZ549gISiZ6F6NdvJ,Mars (Dream Lounge),['Xlarve'],253023,2015,False,,0.174,0.23600000000000002,0.894,0.0679,81.357
65m7ast3u7GK9k1tavoYig,Coldpulsar (Dream Lounge),['Xlarve'],492566,2015,False,,0.266,0.456,0.41600000000000004,0.0345,86.749
4jRVn9ECsnQWyi4QZ8Da4o,Solar Moon (Dream Lounge / RS Mix),['Xlarve'],197121,2015,False,,0.185,0.34600000000000003,0.674,0.0373,129.445
57pqdckBtD78ua8kwDaNq9,Signs of Space,['Xlarve'],221128,2015,False,,0.336,0.912,0.235,0.742,127.029
0cY95eXGXOlk9DqyOkQxYv,Mystisy,['Xlarve'],163737,2015,False,,0.635,0.772,0.00010800000000000001,0.531,140.025
3VEJU8kNSVf7DcZ3JywkCr,Mars,['Xlarve'],381885,2015,False,,0.619,0.9179999999999999,0.0398,0.4,140.01
0WAqkWAlxbMdfvCBrkTwJj,21 House,['Xlarve'],189049,2015,False,,0.606,0.8220000000000001,8.740000000000001e-05,0.667,139.999
5DKzJLqsPubSIGwl7WAgk5,Into Out of Journey (Mix-1),['Xlarve'],287557,2015,False,,0.7090000000000001,0.8440000000000001,0.002,0.895,124.98299999999999
0trUJAI4UuSq2ZnU8MnqRo,Vysanty (Byzantium),['Xlarve'],191609,2015,False,,0.469,0.983,0.0017699999999999999,0.522,144.986
0GbjD250YR5ZRbCJDPDhKf,Cat Dance,['Xlarve'],427103,2015,False,,0.55,0.9159999999999999,3.32e-05,0.65,143.976
3rW61njEFRq0TNTeWbzM7q,Dreampsy Flame (Remake V2.1 Ce),['Xlarve'],264021,2015,False,,0.594,0.7979999999999999,0.0419,0.557,130.04399999999998
6DiX8iqJTFVNHShiIMkDUF,Into Out of Journey,['Xlarve'],287557,2015,False,,0.685,0.914,0.0016600000000000002,0.843,124.978
1Tt6LM98xkCmWkpsY7OHgn,June Trance (Resynth),['Xlarve'],326610,2015,False,,0.556,0.943,0.00187,0.924,140.003
5PZtubdLynhILYzlK1Sr42,Mars (RS Mix),['Xlarve'],381885,2015,False,,0.531,0.929,0.0138,0.504,140.025
52tCPKAYFTznX4I7fJqhRM,May (Resynth Mix 2),['Xlarve'],203181,2015,False,,0.48200000000000004,0.9440000000000001,0.00128,0.52,140.009
1CY7qY9vIO1URLJFzHc9qa,Some Dream (Resynth Mix),['Xlarve'],163319,2015,False,,0.644,0.7440000000000001,0.0248,0.368,140.036
0oigskhBwwTRqloqggtrAF,Soundtronix (Full Remix 2),['Xlarve'],354535,2015,False,,0.544,0.9179999999999999,0.41600000000000004,0.685,129.972
7bISViajVEljdicYv1oW0n,Hot Sand (RS Mix),['Xlarve'],250777,2015,False,,0.5670000000000001,0.883,0.00951,0.904,134.006
3dByhOMuo9Wz3tcpbpwYbb,Fruling Lites (RS 2 Mix),['Xlarve'],245604,2015,False,,0.565,0.878,4.5600000000000004e-05,0.581,140.029
2iR2oEjoLQIMA9ucvnoV0j,May,['Xlarve'],203181,2015,False,,0.506,0.956,0.000974,0.5920000000000001,140.031
0kHNK2aVx5QSqBT94QWT6i,Some Dream (Resynth Mix 5 Version),['Xlarve'],167759,2015,False,,0.503,0.9009999999999999,0.0005059999999999999,0.345,136.969
1wUOxtq4dCyREz8jEWqusI,Nite Forest,['Xlarve'],449386,2015,False,,0.6609999999999999,0.794,5.0600000000000003e-05,0.9620000000000001,139.975
2cFi6VU9Fw6YqFsPpUimuc,Openair,['Xlarve'],165043,2015,False,,0.5539999999999999,0.953,0.00212,0.938,140.012
5vi9rmt6Vc67U65wrYcT80,Lavy (Mix 2),['Xlarve'],310571,2015,False,,0.524,0.953,0.000381,0.722,145.011
2hExEXFsUA44o8pRaOyaFo,Treasure of Dreams (RS Mix),['Xlarve'],374101,2015,False,,0.499,0.915,0.0549,0.304,144.997
0gOy05CKgjsfmo6iE22PUS,Treasure of Dreams,['Xlarve'],374101,2015,False,,0.526,0.895,0.0083,0.33799999999999997,144.97899999999996
6MGIaRVmXQnp08Ik9RC0zJ,Tian He (Radio Edit) [Wi Xlarve],['Xlarve'],234749,2015,False,,0.698,0.772,0.185,0.767,137.029
6pyw0xL36yLJngFyVRXdPA,Deep Nite (Wi Xlarve),['Xlarve'],408000,2015,False,,0.679,0.493,0.301,0.226,139.961
6qT7Oxoi3K04DEcE2HkaB4,Watching the Rain (Radio Edit) [Wi Xlarve],['Xlarve'],226661,2015,False,,0.6579999999999999,0.414,0.624,0.336,140.00799999999998
2Mcf1jWeI4beZR4UwfTPs0,"Rainy Night, Pt. 1 (Wi Xlarve)",['Xlarve'],151875,2015,False,,0.111,0.0631,0.968,0.0623,51.38399999999999
5AIHovKwJNrGTEgxtLsjxB,"Rainy Night, Pt. 2 (Wi Xlarve)",['Xlarve'],266250,2015,False,,0.21600000000000005,0.0788,0.852,0.0425,125.579
3ttFYT19xE7dfqIynlhheL,Mystic Fog (Wi Xlarve),['Xlarve'],352556,2015,False,,0.7609999999999999,0.451,0.115,0.5539999999999999,144.994
6UO4NN2BZc8U8VxWTEZhNl,Tian Fu (Wi Xlarve),['Xlarve'],502132,2015,False,,0.7559999999999999,0.757,0.0473,0.498,140.988
4hv2c91VY0VMzriOMkZGle,Stars in the Water (Wi Xlarve),['Xlarve'],447433,2015,False,,0.624,0.753,0.015,0.643,139.996
0Y4yIisfhGM0YpoXdUzCGX,Myau (Wi Xlarve),['Xlarve'],543580,2015,False,,0.599,0.405,0.609,0.5820000000000001,150.981
3gnrgYiNsWHi1tFFm5YRp2,Melodic Psy (Wi Xlarve),['Xlarve'],430733,2015,False,,0.614,0.8440000000000001,0.0069299999999999995,0.557,150.991
3ARLxE9tus2yieRsEuP5Ft,Plucked String (Wi Xlarve),['Xlarve'],255862,2015,False,,0.6559999999999999,0.546,0.0105,0.47100000000000003,140.003
5weEZ0hghulpVVjcQV0Fdd,Psybient (Wi Xlarve),['Xlarve'],301309,2015,False,,0.579,0.34299999999999997,0.5489999999999999,0.147,137.995
30ZDXHUxFrC94SvUqIw6xF,Tian He (Full) [Wi Xlarve],['Xlarve'],383654,2015,False,,0.7120000000000001,0.575,0.478,0.66,137.013
7C7JEmZL4cEVNLLVWuZHXI,Watching the Rain (Full) [Wi Xlarve],['Xlarve'],322714,2015,False,,0.669,0.387,0.653,0.363,140.007
3rNqJtY0ruCiZxSuKGjX9a,Melodic Psy (Mix 2) [Wi Xlarve],['Xlarve'],658017,2015,False,,0.595,0.858,0.00203,0.705,150.997
57q2DTavHixqlMafMaIFha,Sologuitar (Lounge Cat Mix),['Xlarve'],240957,2015,False,,0.5760000000000001,0.544,0.46299999999999997,0.1,126.025
40QaBL9zoP2V3nRls6CIQS,Space Guitar (Lounge Guitar Mix),['Xlarve'],216802,2015,False,,0.613,0.406,0.526,0.22899999999999998,128.03799999999998
1lQBILmuDgWUmYvoblM0Hv,Winter Whisper (Guitar Synth),['Xlarve'],475504,2015,False,,0.539,0.951,4.49e-05,0.61,140.004
3S7hof0jtgBlySTQqFZlp3,Island of Trance (2015 Progressive),['Xlarve'],322290,2015,False,,0.552,0.968,0.000475,0.446,140.00799999999998
3S7jo2ECUxH1Pngdqk9qwW,Dream Abouve Trance (Progressive),['Xlarve'],302585,2015,False,,0.545,0.9109999999999999,0.0008289999999999999,0.395,140.033
5ghpL3y2dMk49SmNVq3sY6,Autumn Fire (Electro Mix),['Xlarve'],241290,2015,False,,0.5670000000000001,0.848,0.00249,0.354,140.009
4FFEOPpYePMFFBqBAkNoEK,Sologuitar (Cat Electro Mix),['Xlarve'],240005,2015,False,,0.64,0.6970000000000001,0.00716,0.215,125.993
2a2UCCctZ6JEViVlu0xrrk,Space Guitar (Melodic Trance Mix),['Xlarve'],201647,2015,False,,0.56,0.865,0.00031299999999999996,0.598,139.985
1DrH5VeAncy0g7rueNLBwI,Popcorn ( V17 Psy Xlarve Mix ),['Xlarve'],421933,2015,True,,0.6,0.9840000000000001,0.145,0.919,140.023
5oa93vR3eehJHIIa9c4X21,Orange Shadows (Psy Xlarve ),['Xlarve'],261744,2015,False,,0.6509999999999999,0.7090000000000001,0.0645,0.667,137.97799999999998
3tSUO27HHEewdjy9rrklq9,Bounce 2 (Psy Xlarve Hard Acid Mix),['Xlarve'],218147,2015,False,,0.4970000000000001,0.9490000000000001,0.0241,0.579,139.895
47dxgH4bD6fTtzOU538FTd,Acid Neilon,['Xlarve'],214290,2015,False,,0.636,0.8420000000000001,0.00294,0.643,139.994
0gDUBJiAtShLV7u92m80x2,Fire Guitar,['Xlarve'],214290,2015,False,,0.5579999999999999,0.833,0.000144,0.418,139.995
1sV2UAzKUQhA2ubMuYaXTB,Nigthly Bounce ( Melodic House Mix),['Xlarve'],289076,2015,False,,0.595,0.725,0.000859,0.479,140.033
71mNZxtXJqWtVxyz0svcLo,Autumn Fire (Chill Mix),['Xlarve'],187505,2015,False,,0.59,0.6920000000000001,0.15,0.26899999999999996,128.0
1XWxVoIJVwhirKrSaafGT6,Space Guitar (Slow Melodic Chill Mix) [Psybient],['Xlarve'],222427,2015,False,,0.45,0.599,0.0752,0.353,127.961
7cUSji0DUJhR1t4LX7ElvK,Sologuitar (Lounge and Relax),['Xlarve'],229767,2015,False,,0.621,0.44,0.513,0.127,126.039
12fWVCvfnlCvon7Kw7Cb59,Autumn Fire (Lounge Mix),['Xlarve'],187505,2015,False,,0.545,0.5489999999999999,0.691,0.374,127.959
1gtMoi40tLnsuSq0Wlpo4J,Winter Whisper (Progressive Trance Mix) [Bonus Track],['Xlarve'],475504,2015,False,,0.534,0.958,3.3600000000000004e-05,0.593,139.999
27U9X9etTnl4HWK2N12f49,Orange Shadows (Psy Xlarve Mix) [Bonus Track],['Xlarve'],423927,2015,False,,0.675,0.736,0.0286,0.599,138.005
4NuKfaDtS4xviG6NgY5lFz,Popcorn (Psy Xlarve Hard Trance Mix),['Xlarve'],421933,2015,False,,0.616,0.9840000000000001,0.127,0.941,140.029
5cEzmSC3ZtVRyVuhrecDci,Bounce (V09 Psy Xlarve Hard Trance Mix ),['Xlarve'],429228,2015,False,,0.555,0.9129999999999999,0.00221,0.4970000000000001,140.00799999999998
6r4roUgeAQ9ElAqQBCr2ly,Bounce (Acid V2 Psy Xlarve Hard Trance Mix),['Xlarve'],433504,2015,False,,0.53,0.9540000000000001,0.0115,0.616,140.034
67hNiBmGSFSiSrgAbvHP00,Wi-19 Melody (Trance Mix),['Xlarve'],352290,2015,False,,0.645,0.5329999999999999,0.13699999999999998,0.748,140.001
0tHQy5xgA4i9ZUyyBEQBLV,Autumn Fire (Rs House Mix V110) [Bonus],['Xlarve'],241290,2015,False,,0.562,0.9179999999999999,0.00389,0.32799999999999996,139.988
3vt0Vvt6o1yZJLMfwkv5kx,Thundermind (Test Mix Electronica),['Xlarve'],300412,2015,False,,0.502,0.961,0.000312,0.693,146.961
78M8gltyNpZOpHbuOqEJgc,Sologuitar On Electro,['Xlarve'],219433,2015,False,,0.588,0.81,0.00626,0.35,140.026
24XgSdVQ3qEz8RuVPnzK20,Xmas In tha Hood,['3LW'],223760,2002,False,,0.609,0.531,0.336,0.802,92.723
1Hy8nvkWb0NhWVh9ylcyaY,Dance Caties,['Xlarve'],218160,2017,False,,0.48,0.9640000000000001,0.0122,0.40299999999999997,142.99200000000005
1my7rlI1O6lM2EQREswq8s,Magma Acid Bounce,['Xlarve'],235432,2017,False,,0.575,0.9570000000000001,0.00045599999999999997,0.613,143.916
5JjMwGw9pTFrI6zzLID6Oz,Sumi,['Xlarve'],160941,2017,False,,0.507,0.893,0.0072900000000000005,0.135,143.032
16YTd6eJzKZHfrzeECCNMZ,Kick Me Bass V1,['Xlarve'],202148,2017,False,,0.575,0.975,0.0006389999999999999,0.727,147.014
6XVaCroU6fNGgTtYx4HuOz,Miami,['Xlarve'],241522,2017,False,,0.568,0.976,0.000153,0.48100000000000004,146.98
44hJW0Tx0xiqjgFBhc67mH,Onedayficha,['Xlarve'],226232,2017,False,,0.51,0.937,0.00237,0.35100000000000003,146.968
6pbFpxRxdPhJbnzuyxBN8p,Trance Galaxy CA,['Xlarve'],290500,2017,False,,0.467,0.9590000000000001,3.35e-05,0.419,139.97299999999998
30VAHGzQj6o1c2NRRjkm66,Trance Myth,['Xlarve'],216943,2017,False,,0.507,0.948,0.0116,0.52,146.94
7wKBKHed8bgcdkQjZNbiTF,Plucked Rain,['Xlarve'],329353,2017,False,,0.5329999999999999,0.8959999999999999,0.0129,0.52,124.02
2RHbk2urzi1ne92P45ypLT,Bellysyty,['Xlarve'],226106,2017,False,,0.502,0.96,0.0008640000000000001,0.855,144.067
5JY2F8u73j9tVfaeDTDEbx,Incoronata di vasto,['Xlarve'],475620,2017,False,,0.444,0.9179999999999999,0.10300000000000001,0.145,144.002
6OiEO4kYJhWRKGTvUKIUHT,November Trip,['Xlarve'],257513,2017,False,,0.5920000000000001,0.963,0.469,0.687,144.015
7pM83Yf65CGv0sYX7AKosK,Orion Light,['Xlarve'],247273,2017,False,,0.5429999999999999,0.946,0.0027199999999999998,0.716,143.97299999999996
277YrhbZqLK2ioD35BLOX8,Bellysyty (RS Mix Trance Bass),['Xlarve'],223247,2017,False,,0.5429999999999999,0.9470000000000001,0.00224,0.642,144.034
3dqbV8XXjTGZIPKnEtjWMM,November Trip (RS Trance Bass Mix),['Xlarve'],223548,2017,False,,0.667,0.9359999999999999,0.134,0.48700000000000004,138.024
5L9TrlhP74iV0R2gHlR5pg,Onedayficha (-1 Mix),['Xlarve'],226232,2017,False,,0.484,0.89,0.0009689999999999999,0.47600000000000003,146.98
2qYvUGwxsoswTD8sg9Fdca,Kick Me Bass,['Xlarve'],201743,2017,False,,0.6,0.9740000000000001,0.0018899999999999998,0.583,147.05100000000004
1zGsAdBboPIAfro7yiOxuf,Technika,['Xlarve'],227349,2017,False,,0.53,0.915,0.0469,0.665,146.985
3sYGcFP0fV7G7ujEsozKCD,Acid and Tabla,['Xlarve'],253483,2017,False,,0.581,0.823,0.0028699999999999997,0.155,100.02
2xjgBfJ6Svg7AEs5wtdCKQ,Aooe,['Xlarve'],259368,2017,False,,0.5479999999999999,0.877,0.0316,0.272,137.991
5hN0RqOBXwxCqIAt63rzIT,Orion (Chill Mix),['Xlarve'],130775,2017,False,,0.20800000000000002,0.7659999999999999,0.4970000000000001,0.376,182.646
3AdxefBIeEtCMbvfjjdorz,Magma (Melody Acid Mix),['Xlarve'],239379,2017,False,,0.579,0.9890000000000001,0.00823,0.469,143.908
4d4rmoxzD1nnI9tsotPAr8,Magma Bounce (Trance Bass),['Xlarve'],238129,2017,False,,0.529,0.966,0.00011399999999999999,0.765,143.995
4YOq509mbiA9xwMzxcWOym,24,['Xlarve'],283458,2017,False,,0.628,0.804,0.133,0.747,130.986
0WN0vzOu2S3Cl8bTR4tNmG,Seven Sins (Ficha Mix),['Xlarve'],218220,2017,False,,0.544,0.9420000000000001,0.0468,0.552,92.03299999999999
5Qm3iuyZ4UPhiS5DOdGH2g,Elegie,['Xlarve'],171000,2017,False,,0.366,0.17,0.943,0.27,77.05199999999998
3V3PLC0Gx5HqRbaU7gxqJu,Elegie Yeshuang (Yeshuang Mix),['Xlarve'],194342,2017,False,,0.485,0.17,0.9690000000000001,0.292,77.02
7i0MJvWLmuFIK5l8JEYowV,Elegie (Flute 2 Mix),['Xlarve'],171000,2017,False,,0.406,0.185,0.95,0.33399999999999996,153.776
7IlOTwv1Uz1KgbEN8QDuJi,Elegie (Piccolo Mix),['Xlarve'],171000,2017,False,,0.45299999999999996,0.165,0.9540000000000001,0.35200000000000004,154.007
22ODB5KqSf7qdaPdAiDsuA,Forest Source,['Xlarve'],270398,2017,False,,0.45399999999999996,0.45399999999999996,0.613,0.41,154.066
1yxOqx3j7OM4aUhDrNWLWZ,River of Remind,['Xlarve'],234554,2017,False,,0.579,0.373,0.747,0.11199999999999999,154.0
03Q4H4ip2vr7ZvmRclxjuv,Ice Tree,['Xlarve'],445722,2017,False,,0.382,0.4,0.5670000000000001,0.11900000000000001,154.035
5hbV4GM71TQYLJ6ACpSrm8,Indian Snow,['Xlarve'],267281,2017,False,,0.494,0.395,0.444,0.1,153.959
0mg3rj2W361aqvZzid8Gsw,Submarine 5B,['Xlarve'],414000,2017,False,,0.737,0.5539999999999999,0.442,0.6920000000000001,140.02100000000002
6AMxtXAhpPre7duNhwed7G,Forest Source (Relax Mix 2),['Xlarve'],268235,2017,False,,0.132,0.29,0.912,0.0656,150.369
7ovTDHlVYNBpEYMPo42Eoe,Indian Snow (Relax Mix 2),['Xlarve'],267281,2017,False,,0.27699999999999997,0.248,0.586,0.0491,153.673
2rzpYY4A39vqPVTwcVpaw5,Indian Snow (Test Mix 2),['Xlarve'],221558,2017,False,,0.19899999999999998,0.262,0.498,0.039,109.583
2bxPFUrnaaEm0Z0G6ZLLrq,Ice Tree (Lounge Mix 2),['Xlarve'],445745,2017,False,,0.149,0.268,0.84,0.0379,67.398
1ip8Dqq1WRVe6WEUVQq4r2,Submarine (Chillout Mix),['Xlarve'],414955,2017,False,,0.648,0.495,0.415,0.47100000000000003,140.04
3XswF4nvUM3z6IrMduc4DB,Submarine (Lounge Mix 2),['Xlarve'],301814,2017,False,,0.24100000000000002,0.33799999999999997,0.809,0.285,139.322
4TzLXnmr8TNYz5MqrfVzxG,Elegie (Clear Piccolo Mix),['Xlarve'],169135,2017,False,,0.55,0.19,0.963,0.302,77.043
0OKqews5ig2Dqp8GMZrtwF,Searching of the Sun (Harmony Piano Mix),['Xlarve'],566624,2017,False,,0.17800000000000002,0.252,0.9129999999999999,0.0382,107.81
1F2WQniBE9SmdQSTt4ZI61,Resting,['Xlarve'],422822,2017,False,,0.23399999999999999,0.205,0.879,0.0402,111.929
4OAaDLbHU4Ie6Lo5L3PqIU,Cosmos Space,['Xlarve'],205553,2017,False,,0.0745,0.183,0.725,0.10800000000000001,74.87
0NB1Gm25HjZDbPusVtkQpS,Searching of the Sun (Gold Meditation Mix),['Xlarve'],565839,2017,False,,0.174,0.255,0.92,0.0383,116.64
5RtbPD09WdHF1e9Ovwe9i6,Forest Source (God Meditation Mix 2),['Xlarve'],272095,2017,False,,0.126,0.262,0.789,0.0384,97.156
4bcF6bZHHmGsWh27mV3d3O,Searching of the Sun (V09 Gold Meditation Mix),['Xlarve'],515202,2017,False,,0.165,0.266,0.914,0.0387,107.336
7CW24TYlFzbbLkm3HK11G9,Submarine Wi (Gold Meditation Mix 3),['Xlarve'],414000,2017,False,,0.748,0.39799999999999996,0.237,0.6629999999999999,140.037
7ditSiySt5zItVWJoHe7Id,Submarine Wi (Piano Remix 4),['Xlarve'],409000,2017,False,,0.708,0.345,0.306,0.604,140.02100000000002
5LdLd3PTomvp0suyt4Q9rm,EDM 4 Asia (Melody Mix Trance),['Xlarve'],284489,2017,False,,0.613,0.9590000000000001,0.00545,0.7559999999999999,146.997
4pi2Wb0qrnHXnUZKeBlOH9,Planet X,['Predators'],480219,2011,False,,0.6970000000000001,0.9740000000000001,0.000986,0.151,142.003
0ZQ4wWoOd5v2xMu8OgKR7M,Pastorale (arr. J. Clokey),"['Anonymous\xa0', 'Joseph Clokey', 'Donald Dumler']",111467,2010,False,,0.141,0.0184,0.835,0.128,141.881
1Xt49Uj0b4IKQPHda3zB5F,"Serse (Xerxes), HWV 40, Act I: Ombra mai fu, ""Largo"" (arr. for organ)","['Anonymous\xa0', 'George Frideric Handel', 'Donald Dumler']",200867,2010,False,,0.141,0.0266,0.723,0.0389,72.811
2RwHYQ7YPJOaSEAHXFaDy8,"Thais, Act II: Meditation (arr. for organ)","['Anonymous\xa0', 'Jules Massenet', 'Donald Dumler']",316667,2010,False,,0.0857,0.0050100000000000006,0.371,0.0353,65.29899999999999
2iDxebQIuqnJb3hLCXkahY,"5 Military Marches, Op. 39: No. 1 in D Major, ""Pomp and Circumstance"" (arr. for organ)","['Anonymous\xa0', 'Edward Elgar', 'Donald Dumler']",489400,2010,False,,0.0888,0.075,0.522,0.0421,85.463
47TLWZCJTwfoo35YZdMEcD,One Lie,"['Amy X Neuburg', 'Amy X Neuburg Cello ChiXtet']",265480,2013,False,,0.317,0.0703,0.9520000000000001,0.0674,132.618
6jue2xUcbgMOJKwBlwihBa,Closing Doors,"['Amy X Neuburg', 'Amy X Neuburg Cello ChiXtet']",343920,2013,False,,0.537,0.15,0.9359999999999999,0.38,165.46099999999996
4rU9lEJoCX4u1V0rzk52UD,Difficult,"['Amy X Neuburg', 'Amy X Neuburg Cello ChiXtet']",172200,2013,False,,0.726,0.157,0.858,0.473,140.02200000000002
6iFmYDuVzu8ft5za3Qz2p3,Tongues,"['Amy X Neuburg', 'Jess Ivry', 'Elaine Kreston', 'Elizabeth Vandervennet', 'Amy X Neuburg Cello ChiXtet']",343293,2013,False,,0.27399999999999997,0.163,0.9059999999999999,0.068,94.196
4NevYFeCSNvw0xtmaNB97T,Someone Else's Sleep,"['Amy X Neuburg', 'Amy X Neuburg Cello ChiXtet']",343627,2013,False,,0.39799999999999996,0.091,0.86,0.382,91.48100000000001
6GDWcKDOzfu3O7S1jcF3NR,The Gooseneck,"['Amy X Neuburg', 'Amy X Neuburg Cello ChiXtet']",171493,2013,False,,0.713,0.332,0.904,0.483,134.625
1Q2emVKK1UubK2FKHzSmvg,This Loud,"['Amy X Neuburg', 'Amy X Neuburg Cello ChiXtet']",123053,2013,False,,0.621,0.321,0.943,0.22699999999999998,148.225
1Dj4VEqS3afuxFzhoLZXh7,Be Careful,"['Amy X Neuburg', 'Amy X Neuburg Cello ChiXtet']",313840,2013,False,,0.29600000000000004,0.13,0.9640000000000001,0.12300000000000001,83.295
6IUoIDCiOJy8x9Zgq1tAb8,Body Parts,"['Amy X Neuburg', 'Amy X Neuburg Cello ChiXtet']",289573,2013,False,,0.428,0.424,0.584,0.0963,183.727
5VsrXKf4mj2KhYjvbfXuSU,Dada Exhibit,"['Amy X Neuburg', 'Amy X Neuburg Cello ChiXtet']",347987,2013,False,,0.4,0.0869,0.955,0.0384,123.969
4ZWjmMpRw3kYW1DRVVnj0Q,Hey,"['Amy X Neuburg', 'Amy X Neuburg Cello ChiXtet']",259627,2013,False,,0.397,0.162,0.945,0.483,99.664
2LkHWPvzi97go7Iquh78Xd,Shrapnel,"['Amy X Neuburg', 'Amy X Neuburg Cello ChiXtet']",311373,2013,False,,0.336,0.113,0.9109999999999999,0.113,89.055
6sP0zXo7JvrRn17MWPHlli,The Only Rose,['Xela'],385997,2012,False,,0.0593,0.195,0.78,0.033,210.52
1KlJjlQCfmxYB4cwzvyq20,Lovely Weather,['Xandra Corpora'],205088,2011,False,,0.698,0.493,0.563,0.536,97.711
5pfFL5IEiXPWnnFhnROsJ7,I Dunno (What Happened?),['Xandra Corpora'],148690,2011,False,,0.8909999999999999,0.552,0.768,0.698,120.07
0IKvhriXxMIz9yhPMem1yF,Si Se Puede,['Xandra Corpora'],206682,2011,False,,0.7,0.29100000000000004,0.748,0.483,149.719
2xR9e04kl4D2TB0J4BB8xD,Think About You,['Xandra Corpora'],193359,2011,False,,0.75,0.37799999999999995,0.499,0.507,149.931
6wjLSu6OvLeksrYwtxDC1D,Mother,['Xandra Corpora'],241425,2011,False,,0.902,0.23399999999999999,0.816,0.336,136.086
3xZKjylKoKbKQIMNl7GYIJ,Misery,['Xandra Corpora'],350617,2011,False,,0.782,0.293,0.6679999999999999,0.424,119.964
2zGl24gERrQ6f2f1plWSvK,Brightening Dew,['Xenis Emputae Travelling Band'],189533,2012,False,,0.0672,0.0252,0.993,0.0523,71.027
1Z38bZUDvEjpoVdYhGMmPB,"John Barleycorn: This Life, Death and Resurrection",['Xenis Emputae Travelling Band'],291293,2012,False,,0.304,0.125,0.889,0.0369,82.28399999999998
2OtJ3lh47xY0DiazxI8JPF,The Business,['XMH'],280920,2014,False,,0.556,0.93,2.14e-05,0.6890000000000001,149.946
3x3rOk5eYuhLyfwIzhcDsn,Product,['XMH'],238400,2014,False,,0.516,0.996,0.000117,0.3720000000000001,144.955
7ibUx5YNrjSO30kQHfvIb6,Snakes,['XMH'],238573,2014,False,,0.585,0.924,0.000921,0.324,140.015
2ntyrkmcibMFvxBSFKELBK,Forever,['XMH'],281693,2014,False,,0.503,0.9620000000000001,1.27e-05,0.809,145.023
6cEVz1mxHl9DFIOSnduBMz,Great and Unfortunate Things,['XMH'],248040,2014,False,,0.687,0.863,0.013999999999999999,0.282,125.016
1qdmKgToKikm1y5vtci6ue,The Blind,['XMH'],264293,2014,False,,0.564,0.765,0.004379999999999999,0.138,140.001
5oSvcmHIIQnQjAtpA9LV65,Failing Technology,['XMH'],275000,2014,False,,0.607,0.517,0.0173,0.318,79.995
7DDLxHIThMTv7lmHAU1fWb,In Your Face,['XMH'],240427,2014,False,,0.466,0.727,0.00017900000000000001,0.061,145.028
0adCMW5dbekoggGGnIPoGC,System Collapse,['XMH'],291027,2014,False,,0.444,0.948,2.9199999999999998e-05,0.28300000000000003,129.988
12OIZXtw7Uvnv3mrBigjSf,Stiere Und Schwule,['XMH'],231987,2014,False,,0.614,0.8540000000000001,0.00299,0.899,140.023
6dlPT63SfVm15Zf0uG0AOV,Lay You to Waste,['XMH'],234040,2014,False,,0.557,0.782,0.00018899999999999999,0.318,135.042
2bkTvjfM4Yqf7JuSKJtD19,The One That Ends It All,['XMH'],357600,2014,False,,0.5870000000000001,0.7090000000000001,0.5489999999999999,0.0677,100.006
7eZowYMmaL2FouAs7aCuUL,Product - Heimataerde Remix,['XMH'],213193,2014,False,,0.26,0.96,0.0007030000000000001,0.53,145.03799999999995
7gpV8SCGfMu2PZGM4kLGEK,Great and Unfortunate Things - Ashbury Heights Remix,['XMH'],253223,2014,False,,0.701,0.63,1.88e-05,0.524,125.01799999999999
3pTEf7dwxR7JNyAoCs7YqU,The Business - Leaether Strip Remix,['XMH'],306591,2014,False,,0.609,0.7290000000000001,0.00264,0.963,149.976
47KiXdm9a8d1doUlJKXkcy,Forever - The Dreamside Remix,['XMH'],281388,2014,False,,0.508,0.8109999999999999,0.0034799999999999996,0.62,144.981
1V4hvTYHd2eTkJR1TD1aef,Failing Technology - Beyond Violet Remix,['XMH'],253228,2014,False,,0.48100000000000004,0.922,0.000504,0.275,126.984
6kcOEMevidUglQbSV33wn7,The Blind - Consumer Junk Remix,['XMH'],386063,2014,False,,0.436,0.5870000000000001,0.0562,0.0704,139.965
0f7dLxq99uu7fqiGqrZ0X1,Snakes - Grendel Remix,['XMH'],250410,2014,False,,0.519,0.84,0.000641,0.217,139.938
3OtTI3eVWrCDLcam46NqED,Product - Tyske Ludder Remix,['XMH'],283039,2014,False,,0.514,0.938,0.0453,0.943,145.036
5VY19tfdlmZCpJjnKfmUTI,Failing Technology - Implant Remix,['XMH'],246000,2014,False,,0.632,0.7759999999999999,0.40700000000000003,0.47,79.976
4pxHaa7MN43tjTwx3wYnfi,The Business - Decoded Feedback Remix,['XMH'],272091,2014,False,,0.633,0.866,0.0592,0.547,149.99
3PljEOewesflOBn1lPvT6R,Snakes - Helalyn Flowers Remix,['XMH'],208433,2014,False,,0.519,0.981,8.170000000000001e-05,0.534,140.02200000000002
3FgtEYW9pevgDAKpMNAT2O,Failing Technology - La Lune Noire Remix,['XMH'],246558,2014,False,,0.43799999999999994,0.57,0.613,0.355,79.969
7DTKMit4vCyqmjbWTLvtUW,Snakes - Junksista Remix,['XMH'],214432,2014,False,,0.498,0.633,0.0027199999999999998,0.8079999999999999,134.955
6c9sGSC893o4akWoc9pX7P,Xlr8r,['Orbit'],204400,2001,False,,0.473,0.878,5.720000000000002e-05,0.601,135.04
7rKm5BfLqxYko007wiamnm,X-Static,['Foo Fighters'],253493,1995,False,,0.322,0.868,3.5499999999999996e-05,0.183,101.545
4p8AQRvp0LosT0Zr9C2FlU,Chai In the City of Light,['Aaron Ximm'],275027,2007,False,,0.198,0.47100000000000003,0.904,0.157,169.329
0cLI5ttztN2x9zbleaeOXh,X-Hale,['Dynamic'],258533,2002,False,,0.452,0.922,0.00345,0.3670000000000001,137.96200000000002
6HtmfVaCHRrYR60QZrWfvM,Ecce virgo concipiet (Sarum chant),"['Anonymous\xa0', 'Tudor Choir, The', 'Doug Fullington']",64000,2010,False,,0.22699999999999998,0.14300000000000002,0.995,0.0349,74.362
3cfvilIZIPp71Tvd2lK7t0,A solis ortus cardine (Sarum chant),"['Anonymous\xa0', 'Tudor Choir, The', 'Doug Fullington']",268000,2010,False,,0.205,0.0639,0.9359999999999999,0.187,136.304
7arsvYTIOVH8kcBwNFXShN,Christe Redemptor omnium (Sarum chant),"['Anonymous\xa0', 'Tudor Choir, The', 'Doug Fullington']",200000,2010,False,,0.182,0.0868,0.995,0.11599999999999999,75.079
30mQuzfscT4URs5bv9yaiC,Nesciens mater (Sarum chant),"['Anonymous\xa0', 'Tudor Choir, The', 'Doug Fullington']",47000,2010,False,,0.322,0.105,0.98,0.14400000000000002,35.46
4v24tMKFQpdWbs7gEvNQm1,Syrmos,"['Iannis Xenakis', 'Ensemble Resonanz', 'Johannes Kalitzke']",724000,2005,False,,0.322,0.341,0.293,0.255,129.56799999999998
4LKAimI3iV1rl2ZEO6qZSo,Aurora,"['Iannis Xenakis', 'Ensemble Resonanz', 'Johannes Kalitzke']",665507,2005,False,,0.222,0.168,0.504,0.0544,133.523
6ApztQR9aOaRQZjLPdVO6D,Voile,"['Iannis Xenakis', 'Ensemble Resonanz', 'Johannes Kalitzke']",306000,2005,False,,0.257,0.0373,0.925,0.0524,95.448
5NbvYeh1CtJPSY7Cz6WkB7,Theraps,"['Iannis Xenakis', 'John Eckhardt']",825333,2005,False,,0.195,0.0245,0.924,0.0345,130.247
1PbuHGBm4hWMlGwMSsJiIk,Analogique A,"['Iannis Xenakis', 'Ensemble Resonanz', 'Johannes Kalitzke']",406000,2005,False,,0.48,0.20800000000000002,0.7040000000000001,0.18100000000000002,126.38
6enXfNwfuYCZThAN9KVQ4a,Ittidra,"['Iannis Xenakis', 'Ensemble Resonanz', 'Johannes Kalitzke']",522373,2005,False,,0.142,0.0361,0.9620000000000001,0.0389,77.792
1mtGzt0K3KX9EPL2FRhk3a,Stille Nacht (Silent Night) (arr. H. Miessner),"['Franz Xaver Gruber', 'Hanns Miessner', 'Huddersfield Choral Society', 'Brian Kay']",192600,1993,False,,0.19699999999999998,0.031,0.986,0.0395,84.435
1gZouEwWRKl4CSD7J4BM77,En Memoria De Rosa,['Xol Azul Band'],194107,2008,False,,0.48100000000000004,0.873,0.00392,0.695,165.105
2TYzuyTtGi3FhIMcETEAB2,Gritos De Libertad,['Xol Azul Band'],157253,2008,False,,0.66,0.6829999999999999,0.0851,0.8340000000000001,106.53
5zCdxmf2OeZEHcnpKnRHGI,No Puedo Mas,['Xol Azul Band'],217760,2008,False,,0.648,0.746,0.319,0.885,93.005
4z3Z9o0oIbl69YSvb3Wmri,Te Necesito,['Xol Azul Band'],189333,2008,False,,0.649,0.8420000000000001,0.47700000000000004,0.703,100.016
3xGKCjjTbVQxtN36qqRIOr,Abre Tu Corazon,['Xol Azul Band'],208133,2008,False,,0.6779999999999999,0.861,0.20600000000000002,0.6990000000000001,118.98899999999999
6c3sBCoWZlu7DbBheIGaz7,Ay Amor!,['Xol Azul Band'],210773,2008,False,,0.623,0.807,0.075,0.44299999999999995,120.98899999999999
5W0Sbltx5Lz3IC20CwWT6S,Tu Amante,['Xol Azul Band'],200320,2008,False,,0.736,0.67,0.066,0.895,123.978
320Cl1vQx3ivhGV8bnRbZv,Miedo,['Xol Azul Band'],179973,2008,False,,0.6,0.7240000000000001,0.00131,0.435,115.961
7vrkibyfA5Rb7cv0jbp63Q,Crazy,['Xol Azul Band'],154533,2008,False,,0.575,0.8640000000000001,0.0036299999999999995,0.905,104.081
6OGFjFpt5GaDN8UQubomfx,No Me Veras Sufrir,['Xol Azul Band'],202693,2008,False,,0.617,0.857,0.29,0.877,122.065
1OJcFqtYIDyqjz5w78BCK2,Herido,['Xol Azul Band'],222560,2008,False,,0.319,0.883,0.157,0.578,182.11900000000003
0iKSFLZFdAKKLeppKpZA9d,Missa L'homme arme (arr. J. Epstein for choir),"['Anonymous\xa0', 'Jerome Epstein', 'The Revels Chorus']",187307,1995,False,,0.41100000000000003,0.086,0.961,0.5579999999999999,79.686
6IHgPJADDOWV7drbvfpDfn,Silent Night,"['Franz Xaver Gruber', 'Eugene Ormandy']",229200,1999,False,,0.0908,0.0482,0.986,0.0489,86.611
5lbWn2PmgYfasbTXg7x0Zl,Silent Night,"['Franz Xaver Gruber', 'Jeff Cogan', 'William Hall Master Chorale', 'The All-American Boys Chorus', 'William Hall']",224320,1997,False,,0.353,0.0742,0.986,0.19699999999999998,107.139
0u0bgmsjb8rmoyHwcpp8V3,Silent Night,"['Franz Xaver Gruber', 'Canadian Brass']",214933,1997,False,,0.091,0.04,0.987,0.0396,83.875
1kG3wCZKtNlVhw7gMTxHyw,Xenoplasty,['Lucidbeaming'],303992,2017,False,,0.297,0.382,0.16899999999999998,0.0375,100.385
4YpNzvFvD0WE2HRLBzpZNj,5 Canciones Negras (5 Negro Songs): No. 4. Cancion de cuna para dormir a un Negrito (Cradle song for a Black baby) (arr. P. Tiefenbach): Cinco canciones negras: Lullaby,"['Xavier Montsalvatge', 'Peter Tiefenbach', 'Isabel Bayrakdarian', 'James Parker', 'Bryan Epperson', 'Maurizio Baccante', 'Roman Borys', 'Simon Fryer', 'David Hetherington', 'Roberta Jansen', 'Paul Widner', 'Thomas Wiebe', 'Winona Zelenka']",156773,2008,False,,0.195,0.0897,0.978,0.0733,72.782
3SXW9A4QjO1vhQB8zjEYdB,ODANGO,"['Limpid', ""X'Flare""]",238125,2019,False,,0.637,0.977,0.0136,0.484,128.017
0ZUmjjCAnXcgR8oJy4AwbD,Xylopohn,['Actionfist'],348096,2011,False,,0.478,0.7040000000000001,0.466,0.41700000000000004,187.457
6grouCOY1s44OPI817OQea,X-Ray Spex,['Underthings'],269333,2012,False,,0.5820000000000001,0.8190000000000001,0.10300000000000001,0.49,123.73200000000001
4u5NkME7ZQnJkLjmjilO5J,Bonny Sweet Boy,"['Anonymous\xa0', 'Ronn McFarlane']",74360,2011,False,,0.45299999999999996,0.0603,0.987,0.319,152.231
3SryqjiEPbN55Hn9X5mokt,Blame Not My Lute,"['Anonymous\xa0', 'Robert Aubry Davis', 'Ronn McFarlane']",174467,2011,False,,0.696,0.0827,0.9,0.36,127.059
3iUZ9s4vRnDjvWOD00G3Re,Kemp's Jig,"['Anonymous\xa0', 'Ronn McFarlane']",71960,2011,False,,0.607,0.157,0.987,0.6990000000000001,95.066
10d0fEzUf9Djca5evrx3S3,Packington's Pound,"['Anonymous\xa0', 'Ronn McFarlane']",107600,2011,False,,0.389,0.107,0.978,0.305,165.09799999999996
0NPBz5iBPX1NDj5s4t8Loh,The Wanton Trick,"['Anonymous\xa0', ""Thomas d'Urfey"", 'Robert Aubry Davis', 'Ronn McFarlane']",148547,2011,False,,0.613,0.21899999999999997,0.955,0.843,75.908
4NslVyc4Swd0Dw3CYK4pjQ,XxKangaxCorexx,['Error37'],237632,2017,True,,0.48100000000000004,0.972,2.12e-05,0.18100000000000002,159.989
7o0wvK1rNgEDGCfbKMHKVe,Losing the Moment,['Brenda Xu'],253680,2009,False,,0.627,0.711,0.0776,0.34,154.05100000000004
3DGnwMULfaNnl8ZKRGwLj4,Name In the Sand,['Brenda Xu'],264947,2009,False,,0.48,0.38799999999999996,0.349,0.17800000000000002,168.00099999999995
1tEWikGOKMUzYvXIDPPvkO,Certainty,['Brenda Xu'],279293,2009,False,,0.608,0.322,0.62,0.391,135.825
4Lnm2xOy3lAYGLYJ0kXAcL,And I Tell My Soul,['Brenda Xu'],224787,2009,False,,0.5660000000000001,0.526,0.233,0.45899999999999996,75.468
4Nl8oomO5FtMrYY6cmi3PF,Righter Than Wrong,['Brenda Xu'],277733,2009,False,,0.649,0.473,0.10300000000000001,0.342,103.48
4OMXxKBPrekWJTGIdeUezC,The Space Between,['Brenda Xu'],285693,2009,False,,0.634,0.327,0.564,0.19399999999999998,133.974
6dFgpYbyu8F5kWHarvaDLo,Count To Ten,['Brenda Xu'],243760,2009,False,,0.764,0.361,0.442,0.644,133.02100000000002
5pz6SC60DM6cU67OXpw52Z,Best of You,['Brenda Xu'],319400,2009,False,,0.657,0.38299999999999995,0.442,0.168,161.933
6racHnmJAesDQXFtC8sbQw,She Knows,['Brenda Xu'],275947,2009,False,,0.74,0.364,0.149,0.428,115.036
47RU52iSasLEIkKUMZUG1l,Ten Feet Deep,['Brenda Xu'],258733,2009,False,,0.7120000000000001,0.45299999999999996,0.15,0.26899999999999996,131.018
0mg5O5I5ktWhCD6mkCMjPH,XO,['MRG'],136098,2017,True,,0.589,0.469,0.42100000000000004,0.5870000000000001,81.833
73Nne9WZCMclSx8j6H4fVW,We Gather Together (arr. S. Paulus),"['Anonymous\xa0', 'Stephen Paulus', 'Dale Warland Singers', 'Dale Warland']",215187,2010,False,,0.0926,0.0499,0.9940000000000001,0.0367,78.4
372sqK7vMJqCTjnlDZLTE1,Cindy (arr. C. Barnett),"['Anonymous\xa0', 'Carol Barnett', 'Jeffrey Van', 'Dale Warland Singers', 'Dale Warland']",158027,2010,False,,0.45399999999999996,0.0911,0.988,0.364,107.079
2XGFZ6MtwUG45Vv3wM9cIA,We Shall Walk Through the Valley in Peace (arr. W. Appling),"['Anonymous\xa0', 'William Appling', 'Dale Warland Singers', 'Dale Warland']",177640,2010,False,,0.11800000000000001,0.0162,0.987,0.0385,75.298
7y1g7gZsxqezxt4LQLKWJf,The Road Home (arr. S. Paulus),"['Anonymous\xa0', 'Stephen Paulus', 'Dale Warland Singers', 'Dale Warland']",204000,2010,False,,0.17800000000000002,0.0314,0.991,0.0771,137.064
6X27h87cL1rmEHcCtz0Uc7,High School Boo!,['XOX'],231040,2017,False,,0.7609999999999999,0.846,0.0197,0.86,128.02200000000002
7bZYOJkCrDh90J1n6sR9ly,SNOW WHITE,['XOX'],215000,2017,False,,0.7040000000000001,0.9,0.0276,0.856,130.043
7N1Lyv7dReMEjxCzPJiLK5,High School Boo! (instrumental) - Instrumental,['XOX'],232120,2017,False,,0.7879999999999999,0.6990000000000001,0.000334,0.701,127.99600000000001
1nEolovxEnWDhnt29aGh5a,Dish Trio,['Xumantra'],265360,1998,False,,0.162,0.0187,0.975,0.0153,132.218
1msjwRgD8UkQQWAveNZEPJ,Rivets and Friends,['Xumantra'],333773,1998,False,,0.168,0.0154,0.9520000000000001,0.0241,67.932
132d0MEtF5Wr4gmbPqQrOc,Three Buddhas,['Xumantra'],386533,1998,False,,0.16399999999999998,0.0020800000000000003,0.961,0.0276,128.42700000000002
3jTcaVceUl8ROuh3tzWPSp,"Little Sister, the Virgin & the Widow",['Xumantra'],378760,1998,False,,0.217,0.0749,0.973,0.0355,67.895
6bjVEyGRa5SdmeJtacYC83,Rivets and Friends II,['Xumantra'],387800,1998,False,,0.0648,0.0212,0.9790000000000001,0.0254,69.556
5nswj67iqjMehDWatDDd1v,Two Buddhas,['Xumantra'],325000,1998,False,,0.0804,0.00536,0.978,0.135,72.42399999999998
56jxb7eBXmLjnZuExKBBBD,Love and the Widow,['Xumantra'],321173,1998,False,,0.0773,0.00505,0.9740000000000001,0.0294,176.44
5TTR00iN8eMsIOogeP9VmN,The Teacher,['Xumantra'],203227,1998,False,,0.00635,0.0184,0.893,0.259,70.79
3HDldxeCk0sbuCXl71bIhU,Xenophobic,['Nasa'],411133,1999,False,,0.7340000000000001,0.627,0.46,0.961,143.998
6O3csW1r57zUsiFgm6SqPn,X-Rays,['Gomez'],274893,2011,False,,0.44299999999999995,0.6759999999999999,0.0126,0.38799999999999996,130.22299999999998
7GLnvaCD59vSq5HOIpTgq8,Llego Mi Tiempo,['Xcese'],209960,2010,False,,0.622,0.789,0.602,0.818,82.499
4nFz085KWmpmOfra2LU4Nr,Estas Muy Abajo,['Xcese'],170213,2010,False,,0.626,0.8109999999999999,0.0376,0.522,164.963
4vY4lj67NzzuCmOguQx9Tp,Illuminati,['Xcese'],193227,2010,False,,0.703,0.848,0.0281,0.73,150.013
5ObdWp4A0XFFzEPf9DKKMz,Fariseos,['Xcese'],209373,2010,False,,0.495,0.927,0.174,0.4,86.021
7vAScWsayjZWYLa2AwDgV6,Mascara,['Xcese'],153240,2010,False,,0.644,0.856,0.075,0.614,92.45299999999999
1cmwopQSef6N0g3y897y6d,Este Bien O No,"['Xcese', 'Lion Sitte']",233667,2010,False,,0.561,0.895,0.311,0.7759999999999999,149.987
620bqU3tHJunaS63BpJRMS,Tiene Que Bailar,['Xcese'],167813,2010,False,,0.527,0.594,0.531,0.79,183.335
5HrABF2fpHvp9DVQJs3Q3T,Nada Personal,['Xcese'],209653,2010,False,,0.41700000000000004,0.927,0.19699999999999998,0.861,94.15299999999999
1cyDLFWJM3X6p4oVMqSsMj,Wannabees,['Xcese'],173427,2010,False,,0.639,0.79,0.235,0.415,67.096
3COYlC0v10DGXW2S4bRd8l,Manzzini All Starz,"['Xcese', 'Black Bee', 'Dakaneh', 'Duddi Wallace']",161533,2010,False,,0.633,0.8740000000000001,0.45799999999999996,0.684,95.921
0DjifXuaFBk6lA7tHXAznd,Quien Lo Tiene,['Xcese'],154560,2010,False,,0.8079999999999999,0.953,0.016,0.825,138.012
3NnYqAeULJQwsjr1bTHGOU,Yo Soy Madrid,['Xcese'],108840,2010,False,,0.585,0.799,0.424,0.8859999999999999,108.875
0Gb39kgUzxyOY2DjmX9dbR,B.u.l.t.o.,['Xcese'],159213,2010,False,,0.74,0.893,0.0146,0.7509999999999999,91.04700000000001
27gR1WWpQ93Eru3yHKlb7c,Pesadilla,['Xcese'],167000,2010,False,,0.539,0.8059999999999999,0.0091,0.643,85.436
0fAyCGHuAeGu34qCK6IdhA,No Fue Facil,"['Xcese', 'Phone']",197200,2010,False,,0.6409999999999999,0.831,0.0654,0.657,94.97200000000001
0wZUot0JVgrBPst6gmxIm2,Volver A Nacer,['Xcese'],247867,2010,False,,0.562,0.703,0.0865,0.455,125.02799999999999
1Sd4vAz5y1oSxzcPkNohJ3,Xenophobia,['Lea'],196813,2006,False,,0.634,0.575,0.531,0.67,160.094
5TpW4LaPp60tr9GSoBmpZD,Sun Burn - Hipnotix Remix,"['Xerox', 'Illumination', 'Hipnotix']",452493,2010,False,,0.518,0.986,7.390000000000001e-05,0.691,144.994
0GPZl5SLb9xEqbI4mfqFWm,"Stille Nacht, heilige Nacht","['Franz Xaver Gruber', 'Gustav Schreck', 'Leipzig Thomaner Choir', 'Hans-Joachim Rotzsch']",186067,1996,False,,0.16699999999999998,0.0838,0.992,0.0396,76.732
6fHNASlJcbwWPwd4laLaSx,Lasst uns das Kindlein wiegen,"['Franz Xaver Murschhauser', 'Leipzig Thomaner Choir', 'Erhard Mauersberger']",140800,1996,False,,0.23600000000000002,0.16899999999999998,0.986,0.157,144.69899999999996
4a1qbAj7qqEm9x3LoI1An1,"Tannhäuser, WWV 70: Beglückt darf nun dich ""Pilgrims' Chorus"" (Arr. for Orchestra)","['Anonymous\xa0', 'Richard Wagner', 'BYU Philharmonic Orchestra', 'Kory Katseanes']",214650,2015,False,,0.139,0.138,0.958,0.0433,101.59700000000001
6QhC4n3maNo7gVWmdcMF5O,"Whither Goest Thou, Pilgrim Stranger (Arr. R. Staheli for Choir)","['Anonymous\xa0', 'Ronald Staheli', 'Unknown Artist', 'BYU Concert Choir', 'BYU Singers']",221933,2015,False,,0.265,0.23800000000000002,0.988,0.414,171.338
2GznZ1RHKrCAFiuV9E6vgo,Road Warriors,"['Snowgoons', 'Sadat X', 'Fel Sweetenberg', 'Punchline']",242920,2010,True,,0.594,0.8909999999999999,0.00907,0.816,90.272
6wBkBHSbZPpjEZg0jDf6Bm,Elegie,['Xlarve'],171000,2018,False,,0.366,0.17,0.943,0.27,77.05199999999998
3DOExtzSAcukx7SpeSGB8m,Elegie Yeshuang,['Xlarve'],194342,2018,False,,0.485,0.17,0.9690000000000001,0.292,77.02
1Qv9L3vz1BYVhYSu1RaXJD,Elegie (Flute2),['Xlarve'],171000,2018,False,,0.406,0.185,0.95,0.33399999999999996,153.776
1HRhF4262CCbsLJqKvmZMq,Forest Source,['Xlarve'],270398,2018,False,,0.45399999999999996,0.45399999999999996,0.613,0.41,154.066
5B8wcS8VJHiNdeSs4ssbgj,River of Remind,['Xlarve'],234554,2018,False,,0.579,0.373,0.747,0.11199999999999999,154.0
4HA45qvs5h4SbZjk7OsSmD,Ice Tree,['Xlarve'],445722,2018,False,,0.382,0.4,0.5670000000000001,0.11900000000000001,154.035
6SANXK5OCUXpCVlQcBt5RJ,Indian Snow,['Xlarve'],267281,2018,False,,0.494,0.395,0.444,0.1,153.959
0dHdNACFlOdLMmvmT6wzVg,Submarine 5B,['Xlarve'],414000,2018,False,,0.737,0.5539999999999999,0.442,0.6920000000000001,140.02100000000002
778OMw25yYUhvKoREdMxgI,Forest Source (Relax),['Xlarve'],268235,2018,False,,0.132,0.29,0.912,0.0656,150.369
7CjjPvvdjEhXLLDy9kekhD,Indian Snow (Relax Mix),['Xlarve'],267281,2018,False,,0.27699999999999997,0.248,0.586,0.0491,153.673
217ZBO0yXhpLp2Pe3l6rQa,Ice Tree (Lounge Mix),['Xlarve'],445745,2018,False,,0.149,0.268,0.84,0.0379,67.398
277hdCrCwdBazqjsUyI7MO,Night Piano (Wi Xlarve Mini),['Xlarve'],201000,2018,False,,0.664,0.495,0.35100000000000003,0.253,141.013
4VJ81DG7GwE9IUJtcBZ5nO,Submarine (Chillout Mix),['Xlarve'],414955,2018,False,,0.648,0.495,0.415,0.47100000000000003,140.04
4y8UcvOfgxlzVGYPbaRwlJ,Searching of the Sun (Harmony Piano Mix),['Xlarve'],566624,2018,False,,0.17800000000000002,0.252,0.9129999999999999,0.0382,107.81
6HlU0qk1IInDQAquumdc2J,Resting (Meditation),['Xlarve'],422822,2018,False,,0.23399999999999999,0.205,0.879,0.0402,111.929
7BTQ9A20fWgMB3R7bww1vv,Cosmos Space (Meditation),['Xlarve'],205553,2018,False,,0.0745,0.183,0.725,0.10800000000000001,74.87
5yiSzB2JLKPD9KUmabGCTZ,Searching of the Sun (Meditation),['Xlarve'],565839,2018,False,,0.174,0.255,0.92,0.0383,116.64
2u5Fgn0DLdG0POW4XDSsFh,Forest Source (Meditation Mix),['Xlarve'],272095,2018,False,,0.126,0.262,0.789,0.0384,97.156
73hwPTiVPDhiPihsk1Vcvv,Searching of the Sun (V09 Meditation Mix),['Xlarve'],515202,2018,False,,0.165,0.266,0.914,0.0387,107.336
2EZfQbLoKtgicREgUvwjwZ,Submarine Wi (Meditation),['Xlarve'],414000,2018,False,,0.748,0.39799999999999996,0.237,0.6629999999999999,140.037
7FgrC8Sxs7ti3I9ghRqC66,Submarine Wi (Piano Meditation Mix),['Xlarve'],409000,2018,False,,0.708,0.345,0.306,0.604,140.02100000000002
7obFg8GWQ02QXdCOz6WCsf,Cry (Guangxi),['Xlarve'],286336,2018,False,,0.33399999999999996,0.564,0.5660000000000001,0.0985,152.03
6M7PziCzDtdQRiXYkaQUeh,Raindrops (Guangxi),['Xlarve'],200725,2018,False,,0.107,0.401,0.34,0.0469,80.986
5AGlc5D39N3h09j5YD4hJn,Thunderstorm (Guangxi),['Xlarve'],166280,2018,False,,0.0736,0.392,0.226,0.0585,77.348
1lTePplEwOeDgFAh6zvhrS,Rain over the Horizon (Guangxi),['Xlarve'],52404,2018,False,,0.242,0.32,0.8190000000000001,0.0659,83.259
40u53LnMoAOwh6EceRXoJ2,Ascension to Heaven (Guangxi),['Xlarve'],127525,2018,False,,0.247,0.45899999999999996,0.875,0.0675,79.862
2ZZrwRk3h5HoVtTedO62dW,The Empty Earth (Guangxi),['Xlarve'],45196,2018,False,,0.292,0.14800000000000002,0.91,0.254,78.604
0r0yOO2hEPg3mOiz0CIoY6,"Guangxi (Guangxi Bonus, Pt. 3)",['Xlarve'],252546,2018,False,,0.111,0.33899999999999997,0.38299999999999995,0.0467,77.04899999999998
0tGfL50fzNqTQyUSXB70Ky,Submarine (Lounge Mix),['Xlarve'],301814,2018,False,,0.24100000000000002,0.33799999999999997,0.809,0.285,139.322
57FEo9qvlXZkf21FMtXxoo,Night Piano (Wi Xlarve Maxi),['Xlarve'],228000,2018,False,,0.637,0.569,0.395,0.297,141.003
2psilsewzZqhe7wHrpfiZU,First Bird (Chillout),['Xlarve'],157161,2018,False,,0.5,0.359,0.8170000000000001,0.223,127.977
7pJO2wIno4hb6quyqaFsac,Elegie (Piccolo),['Xlarve'],169135,2018,False,,0.55,0.19,0.963,0.302,77.043
1f1bHGDR7XQbhRXmdt5v4U,Elegie (Clear Piccolo),['Xlarve'],171000,2018,False,,0.45299999999999996,0.165,0.9540000000000001,0.35200000000000004,154.007
738OaiNr2aJOoLwo4gN9Gf,Indian Snow (Test Mix),['Xlarve'],221558,2018,False,,0.19899999999999998,0.262,0.498,0.039,109.583
08D9LCqocWx4LXZHSm1anq,Elfen Lied,['Xlarve'],263282,2018,False,,0.664,0.769,0.499,0.184,119.978
4E0vRYyc2rLr632VIa0xeB,Elfen Lied (2017 Mix),['Xlarve'],169686,2018,False,,0.562,0.7929999999999999,0.0163,0.193,128.013
2cUUaIj6jTgIj1vprhwjbi,Raintears (Asian Mix),['Xlarve'],132421,2018,False,,0.5770000000000001,0.602,0.47,0.397,119.991
6LsB5wpn9UFgEMTcQoid1e,Snow Far (Chillout Mix),['Xlarve'],213502,2018,False,,0.514,0.883,0.0088,0.326,119.99600000000001
5vwIaQ8vavwSgfk8IBO1RV,Friends,['Xlarve'],123355,2018,False,,0.493,0.857,0.0635,0.703,119.87
2juWcsU9D6a1WIoYUdn1bq,Nature Positive (Mix2),['Xlarve'],189275,2018,False,,0.382,0.506,0.6759999999999999,0.0376,140.007
69fUWRpZtxrMa7m6kKxb0R,Raintears,['Xlarve'],131538,2018,False,,0.488,0.621,0.297,0.18899999999999997,119.97
25hAJsRdyPszM5feJm9Gcw,Celebrate,['Xlarve'],129486,2018,False,,0.615,0.7390000000000001,0.271,0.504,132.006
3dO42O9mCzSvsyuABeu9Tc,Nature Positive,['Xlarve'],187419,2018,False,,0.209,0.475,0.8320000000000001,0.0388,138.744
0xCsQx6TrG17fOzGCBVhkK,Night Piano (Wi Xlarve Mini),['Xlarve'],201000,2018,False,,0.664,0.495,0.35100000000000003,0.253,141.013
7kI2EarGkpI7MMMaMUD6Uv,First Bird (Chillout),['Xlarve'],157161,2018,False,,0.5,0.359,0.8170000000000001,0.223,127.977
558y9mh83JuxMe8fxyM8o5,Beauty House (Dance New Mix),['Xlarve'],155983,2018,False,,0.5870000000000001,0.951,0.0264,0.575,127.969
58UUn0t5KiM88fwXCAzjIi,Tian He (Mix2),['Xlarve'],165887,2018,False,,0.555,0.917,0.0454,0.445,128.043
7IvvkP3yYmjyTIsQIBvJZk,We Are Sexy,['Xlarve'],159712,2018,False,,0.507,0.9209999999999999,0.00614,0.452,127.96700000000001
12a6Dej0ituKxnLJUTbC2B,Travel to Fiji,['Xlarve'],182390,2018,False,,0.501,0.943,0.0301,0.762,127.917
5fRmv0biGAH4TVTL2PM6v9,Island of Trance (Happy New Year Mix),['Xlarve'],321972,2018,False,,0.518,0.9540000000000001,0.00036899999999999997,0.578,140.001
2huPwa6dj89Yv8pVhpvbXb,Trance Land (Happy New Year Mix),['Xlarve'],322001,2018,False,,0.547,0.975,0.0006360000000000001,0.5479999999999999,139.961
4gV7peJqAEAx495ObPOcCT,Tian He (Dance New Mix),['Xlarve'],165311,2018,False,,0.565,0.925,0.0686,0.52,128.012
53qVOvkDqZiPYKTX4ADuK9,Beauty House (Mix2),['Xlarve'],156204,2018,False,,0.57,0.981,0.0944,0.505,127.993
55iWkXiAyprTfOOykrD6BV,Night Piano (Wi Xlarve Maxi),['Xlarve'],228000,2018,False,,0.637,0.569,0.395,0.297,141.003
1STfRrbeZCpWh2Puh9hHqH,Night Piano (Q22-Trance-Mix),['Xlarve'],202677,2018,False,,0.57,0.745,0.0134,0.529,141.005
4lB46iRZcTbBqapvnNd7Wp,Tian He,['Xlarve'],193685,2018,False,,0.609,0.898,0.0416,0.4270000000000001,128.023
3EdsxCRVMmcg6Ej1CiU5KS,Flowering Trance,['Xlarve'],159427,2018,False,,0.586,0.7979999999999999,0.008029999999999999,0.569,127.986
0Fm5vMXxyPPSKvHm0H4hzS,Vibes on the Moon,['Xlarve'],176028,2018,False,,0.595,0.8220000000000001,0.0101,0.491,127.99799999999999
3bvwr5ysInTwtb99sjeATl,Our Age,['Xlarve'],164474,2018,False,,0.5429999999999999,0.92,0.00182,0.667,128.07
6s1q2d8U01fWG50FSeOOMj,Nite Piano (Q-Trance-Mix),['Xlarve'],203851,2018,False,,0.5379999999999999,0.733,0.00465,0.652,141.009
4CR7DnYyReYn4MOBMy47Ij,Kids and Anime,['Xlarve'],106772,2018,False,,0.494,0.488,0.7809999999999999,0.19399999999999998,121.95
3cu3NsZxAtC35LQdpPsHcv,Vibes on the Moon (Mix2),['Xlarve'],175797,2018,False,,0.642,0.872,0.06,0.498,128.005
5lNDUOFzPXrBSqtUrIYMWQ,Terz Trance (Tech Mix),['Xlarve'],162121,2018,False,,0.61,0.838,0.000831,0.56,128.02
6uKIzV7Un3EWyXHo8NsDEw,Go to Positive,['Xlarve'],251540,2018,False,,0.486,0.701,4.2e-05,0.42100000000000004,130.03
0bAsg4lbyV864YInxjoUrR,"Ballo del Gran Duca (Aria di Firenze): Ballo, Gaillarde, Canario","['Anonymous\xa0', 'Doulce Mémoire']",389973,1998,False,,0.358,0.184,0.9309999999999999,0.743,143.393
4ZVN8lHjjVxuLqJGW5jFic,Meza note galiarda,"['Anonymous\xa0', 'Doulce Mémoire']",159693,1998,False,,0.354,0.0915,0.851,0.5379999999999999,141.862
77yjWefaCrgZHCGecc6dc9,Spagnoletta,"['Anonymous\xa0', 'Doulce Mémoire']",327733,1998,False,,0.373,0.0497,0.867,0.615,139.384
3j4XYKkBGg3aQASaF3AFdb,This Merry Pleasant Spring,"['Anonymous\xa0', 'Julianne Baird', 'Ronn McFarlane']",114640,1988,False,,0.445,0.0724,0.978,0.11199999999999999,71.447
2GwadV2blzCirm8UtFO3g5,The French King's Masque,"['Anonymous\xa0', 'Ronn McFarlane']",80667,1988,False,,0.29600000000000004,0.0553,0.941,0.524,115.79
4unR9pYkBm6Ljuce9DRJvb,O Death Rock Me Asleep,"['Anonymous\xa0', 'Julianne Baird', 'Ronn McFarlane']",224467,1988,False,,0.415,0.0239,0.9840000000000001,0.153,96.103
5nBDy7yKBYEI1Kip51QqDg,The Willow Song,"['Anonymous\xa0', 'Julianne Baird', 'Ronn McFarlane']",311800,1988,False,,0.23199999999999998,0.0193,0.993,0.0648,85.26700000000002
36zHVL6f3Bu6PGVMdZpnU4,I Must Complain,"['Anonymous\xa0', 'Julianne Baird', 'Ronn McFarlane']",160373,1988,False,,0.293,0.0342,0.958,0.564,79.142
3PyQvU5GLEMjzjkrG3EkAb,Nothing on Earth,"['Anonymous\xa0', 'Julianne Baird', 'Ronn McFarlane']",226493,1988,False,,0.32899999999999996,0.0579,0.978,0.268,104.259
1n35Rko9FOBYcMIeV6lvP7,Miserere my Maker,"['Anonymous\xa0', 'Julianne Baird', 'Ronn McFarlane']",197600,1988,False,,0.213,0.0326,0.972,0.0501,83.661
0zIZiy2rJqrpKOHIJI3IEg,Cupid is Venus' Only Joy,"['Anonymous\xa0', 'Julianne Baird', 'Ronn McFarlane']",136560,1988,False,,0.34700000000000003,0.027999999999999997,0.9620000000000001,0.578,88.25
167KLTMFTp7LsM6FvCiEA8,Ductu Angelico,"['Anonymous\xa0', 'Altramar Medieval Music Ensemble']",136760,2011,False,,0.22399999999999998,0.0264,0.992,0.24,90.40899999999999
1nNiE5gdX6TljAaWrXuCqn,Bugga Fee Hoosa (Bogadh Faoi Shusa),"['Anonymous\xa0', 'Baltimore Consort']",240000,2011,False,,0.41600000000000004,0.149,0.92,0.6559999999999999,108.34899999999999
3T922bc7u5RTSsq53do6Fy,Continental Waltz in D Major,"['Anonymous\xa0', 'Carol Thompson', 'Darcy Fair', 'Jack Coen', 'Billy McComiskey']",353027,2011,False,,0.292,0.0683,0.852,0.27899999999999997,138.41
11N58AwI4g2GlBaHEiZdmk,Boom Clap - From the Motion Picture Das Schicksal ist ein mieser Verräter,['Charli XCX'],169293,2014,False,,0.675,0.812,0.0688,0.64,92.01299999999999
4fYwPXRqzCTUpiRy8Ioy4L,Babylon - Sky Dive Mix By Human Mesh Dance,['Control X'],396333,1995,False,,0.7879999999999999,0.491,0.276,0.131,102.024
0wHi9sZe9UDLz6VROiVApD,On A High Dub Plain - Pod Ball Mix By Escape Tank,['Control X'],443160,1995,False,,0.573,0.6759999999999999,0.126,0.18899999999999997,190.055
1LAX6ef0J7aejuChv3FeRm,The Speed of Light,['X-Sonic'],241307,2010,False,,0.59,0.716,0.00446,0.402,124.035
3Av2E3BKSaqBSzeTnuJqGB,Any Other Day,['X-Sonic'],293867,2010,False,,0.5329999999999999,0.741,0.0245,0.818,120.039
0WxG2xKeaPLr0DVYSqCwsm,A Different Kind of Love,['X-Sonic'],279293,2010,False,,0.679,0.653,0.267,0.625,99.976
3McDfmDI6jILPuBtTsRhhN,No Regret,['X-Sonic'],273587,2010,False,,0.631,0.722,0.21100000000000002,0.966,143.97799999999995
7KN331SEn4CdiHhvm4oPSC,Your Side of the World,['X-Sonic'],235293,2010,False,,0.59,0.775,0.0147,0.4370000000000001,140.024
7cEWiqghyHyL38jKPqjDN1,You're Not the One,['X-Sonic'],240560,2010,False,,0.647,0.6509999999999999,0.524,0.764,139.985
48LCU7SroxK703JBbZExKP,Stay,['X-Sonic'],252227,2010,False,,0.614,0.802,0.008029999999999999,0.904,125.986
6ROTqRdVjB7mMbkBdbza8U,Can't Let You Go,['X-Sonic'],247533,2010,False,,0.726,0.6890000000000001,0.0815,0.9540000000000001,97.98
2pn46V0rYRE5zSJoKaxcLz,Dodge the Bullet,['X-Sonic'],239187,2010,False,,0.708,0.6779999999999999,0.0154,0.5820000000000001,96.04899999999999
0yFBFwNDQJb8CAg3AhIqVW,Talking on the Telstar,['X-Sonic'],306413,2010,False,,0.65,0.75,0.0934,0.5539999999999999,105.984
5qFPA1PmQIghStAgyDSC9a,She's Come Undone,['X-Sonic'],238947,2010,False,,0.555,0.716,0.00938,0.7340000000000001,176.92
7D6YuGM6rRDANASIuh0TKN,Stumblin' In,['X-Sonic'],247920,2010,False,,0.55,0.9540000000000001,0.0154,0.7509999999999999,140.02
5WtDylR8DaWozKV79FuPQC,Disconnected (2010 Version),['X-Sonic'],251040,2010,False,,0.634,0.695,0.024,0.601,124.015
4GEd2QWFMT0iGKxVad9X9M,Let's Run Away (2010 Version),['X-Sonic'],258467,2010,False,,0.629,0.877,0.009909999999999999,0.758,131.991
7uQLHvpAzZTZiM1k8MiH4V,Crazy Over You,['X-Sonic'],222320,2009,False,,0.605,0.843,0.0102,0.975,135.996
77fioef0provN4Xy6w9OtI,Right Into Your Hands,['X-Sonic'],279213,2009,False,,0.545,0.763,0.289,0.792,173.924
4IMKhvKRcn15nSj1ZGlL1S,Down For The Count,['X-Sonic'],249467,2009,False,,0.652,0.6970000000000001,0.304,0.524,132.058
3MUQWVa9dMXdZxGXURCjgr,After The Night Falls,['X-Sonic'],260493,2009,False,,0.69,0.7929999999999999,0.498,0.524,109.999
02Aw4fqVp9vcmfF98i2l5R,Disconnected,['X-Sonic'],240480,2009,False,,0.72,0.7290000000000001,0.0497,0.63,128.009
78pC4AwZ0fwejEOJUz1ist,The Way You Do (The Things You Do),['X-Sonic'],246907,2009,False,,0.6809999999999999,0.7290000000000001,0.252,0.961,102.04799999999999
5CSbgD8OroGHOQdYNQ7JJg,Into The Blue Sky,['X-Sonic'],271227,2009,False,,0.649,0.8390000000000001,0.29100000000000004,0.664,115.96799999999999
7CjjVsu7xxDzuwIGO83zSc,Whatcha Gonna Do?,['X-Sonic'],263693,2009,False,,0.6920000000000001,0.8440000000000001,0.2,0.7909999999999999,119.988
5EF95osK9J9mAB9dGPJqwG,Straight For The Heart,['X-Sonic'],265280,2009,False,,0.429,0.654,0.397,0.501,159.983
3FVvgTg4IKxoeiiMQSBIuY,Let\'s Run Away,['X-Sonic'],260227,2009,False,,0.636,0.9229999999999999,0.0187,0.8270000000000001,123.962
5QicwAz3xlDbc8MIPVGEeP,Fade To Blue,['X-Sonic'],224493,2009,False,,0.556,0.722,0.515,0.653,95.978
6B8J0IXWMuYhYwh2Bfg2lk,Spinning Around,['X-Sonic'],249373,2009,False,,0.626,0.924,0.0689,0.605,132.00799999999998
58CJsLA6owukVDBt7jySyQ,"Allein zu dir, Herr Jesu Christ (arr. for organ)","['Anonymous\xa0', 'Franz Tunder', 'Friedhelm Flamme']",403293,2008,False,,0.0623,0.0161,0.9790000000000001,0.126,64.73
7AenfZgMXFWKQBTa3kER0I,Ein feste Burg (arr. for organ),"['Anonymous\xa0', 'Franz Tunder', 'Friedhelm Flamme']",739187,2008,False,,0.0784,0.0847,0.956,0.0915,70.752
0x0KQ4WlUckjDe5cpb3pL9,Bad Girls,['Xaviera Gold'],136480,2004,False,,0.9159999999999999,0.889,0.0017399999999999998,0.789,123.26899999999999
3H9JcFZpF9YWqVTkH9t28w,Cornerstone,['Richard X. Heyman'],208600,1998,False,,0.532,0.826,0.0151,0.812,134.713
6j1xEV6F3OlmBf8aFLQskm,All I Have,['Richard X. Heyman'],233533,1998,False,,0.556,0.7509999999999999,0.129,0.87,100.47
5vo0Gq0wBAsWGAMsMQMnZD,If We Should Ever Meet Again,['Richard X. Heyman'],164227,1998,False,,0.568,0.828,0.0111,0.682,138.131
2qF5EMLLv3N0Wcr6t3uIs7,Racing After You,['Richard X. Heyman'],198173,1998,False,,0.634,0.39799999999999996,0.887,0.529,129.425
5gMDGRrwT3dGK0CTbjGiv4,Everything The Same,['Richard X. Heyman'],198533,1998,False,,0.493,0.867,0.242,0.664,146.958
4IDjYa9dyEc04LjloOwIiy,Tidal Wave,['Richard X. Heyman'],242627,1998,False,,0.153,0.897,0.0425,0.47,207.21
4QOAdC1CsJmOkAqcTiFJ6Q,When She Arrives,['Richard X. Heyman'],185840,1998,False,,0.593,0.779,0.424,0.802,122.836
2ffncY0Oohb2J7CZ9xzJM4,The Drone Song,['Richard X. Heyman'],227960,1998,False,,0.479,0.932,0.0037600000000000003,0.7290000000000001,112.73
5x3ExArZzAyKKMNsbxpjN9,From This Day Forever,['Richard X. Heyman'],219240,1998,False,,0.586,0.28,0.8390000000000001,0.205,109.556
7gQFkqLtucDIZxzKq6AeWc,Ask Anyone Who's Tried,['Richard X. Heyman'],214093,1998,False,,0.366,0.893,0.019,0.63,81.783
03Mq9UjevlWpi47XhkXsfV,Out Of My Hands,['Richard X. Heyman'],181200,1998,False,,0.48700000000000004,0.8,0.28,0.807,73.938
5DdDCqlk6mLCRffyJgN9vg,When It Was Our Time,['Richard X. Heyman'],160973,1998,False,,0.5539999999999999,0.604,0.871,0.741,87.883
0igB4hZWZhLVjZaqQaUs6W,On You,['Richard X. Heyman'],235733,1998,False,,0.59,0.8340000000000001,0.45299999999999996,0.6629999999999999,96.024
6sh9i8Dkuwdk1BAXVyUjvM,Clear to Me Now,['Richard X. Heyman'],236293,1998,False,,0.406,0.609,0.433,0.387,96.945
02LJGreyNTDNO5E5FBc1mC,XIII,['Blackhammer'],172016,2012,False,,0.479,0.986,1.4400000000000001e-05,0.19699999999999998,118.124
34GSEB80KWLC0T77HKNdeW,Ave Maria (Angelus Domini),"['Franz Xaver Biebl', 'Joel Fischer', 'Eric Hopkins', 'Matthew Culloton', 'Dale Warland Singers', 'Dale Warland']",390693,2010,False,,0.157,0.0205,0.965,0.0397,107.787
5lEBksW3vntnNLDr2f5QUv,Holding Hands (feat. Elohim),"['Quinn XCII', 'Elohim']",225493,2019,False,,0.67,0.452,0.455,0.401,155.98
5yU3w1RzMZpSWytWAU9iyN,Autopilot,['Quinn XCII'],181520,2019,False,,0.8109999999999999,0.622,0.19399999999999998,0.899,94.995
3vmsnZF4KPLjbDgZEqwTdL,Life Must Go On,['Quinn XCII'],185587,2019,False,,0.715,0.551,0.126,0.528,90.92299999999999
6SL7KzIA96f0HiKjuv7tED,U & Us,['Quinn XCII'],226000,2019,False,,0.598,0.73,0.087,0.264,130.039
5foPGlyY3O4uSrFGhfUKGW,Werewolf (feat. Yoshi Flower),"['Quinn XCII', 'Yoshi Flower']",191893,2019,False,,0.695,0.557,0.0403,0.684,161.882
3a1Zmq0P1E6W80x8EOcVNP,Tough (feat. Noah Kahan),"['Quinn XCII', 'Noah Kahan']",178133,2019,False,,0.7290000000000001,0.5710000000000001,0.39,0.687,93.125
1vSPbQYmKfDXPOUEz4ENf7,Matches,['Quinn XCII'],203773,2019,False,,0.711,0.43,0.45899999999999996,0.297,85.99600000000002
2riezZC8Rzk86sqZPZ8qXv,When I Die,['Quinn XCII'],188907,2019,False,,0.8170000000000001,0.355,0.307,0.551,76.982
5HlvBXlKNNorFbp43PEQ5B,Abel & Cain,['Quinn XCII'],227080,2019,False,,0.8029999999999999,0.589,0.0567,0.589,96.022
1yTJYoSpt2E5h9QltN1ndw,Sad Still,['Quinn XCII'],184920,2019,False,,0.711,0.6729999999999999,0.055,0.6729999999999999,177.016
7hV7333ajQNI1J6R5C9A8c,Good Thing Go,['Quinn XCII'],212453,2019,False,,0.8759999999999999,0.376,0.47600000000000003,0.326,113.902
5s2coZZQHU7IN6ErpXFula,Right Where You Should Be (feat. Ashe & Louis Futon),"['Quinn XCII', 'Ashe', 'Louis Futon']",207440,2019,False,,0.513,0.444,0.161,0.506,91.084
1YIigdxzSpHevSzH6YKKDV,Out For Kicks,['Super XX Man'],195893,2006,False,,0.429,0.243,0.845,0.177,126.58200000000001
7o3ekDdoOJBEaZznYOs6O7,Lions Heads (Tribute To The Metronome),['Super XX Man'],134947,2006,False,,0.701,0.38299999999999995,0.8240000000000001,0.6759999999999999,130.273
3uHYzE5Yk5V5XIcvwFGdyA,Rain Keeps Fallin',['Super XX Man'],130200,2006,False,,0.6559999999999999,0.419,0.376,0.632,115.57600000000001
4VAbffsgRbmRTRtb5ytMM7,Please God,['Super XX Man'],160187,2006,False,,0.526,0.174,0.769,0.289,145.6
6CrYk28t5td9O4S1Woo4Ov,River River River,['Super XX Man'],118093,2006,False,,0.6779999999999999,0.518,0.0917,0.785,108.10700000000001
7wKU9BJxXSHt98KMHkb1AI,Baby Song,['Super XX Man'],194080,2006,False,,0.66,0.228,0.9,0.249,113.859
6B0kmkna5r8GpSO0nYFWVn,Accounting Phobias,['Super XX Man'],92253,2006,False,,0.573,0.28300000000000003,0.823,0.376,130.83700000000002
69H6J6h27fqvGPNQ5CRoRH,Skipped A Rock,['Super XX Man'],167173,2006,False,,0.667,0.292,0.5589999999999999,0.6609999999999999,113.149
6hkDJk0EjSukcF4ez03ov0,September/November,['Super XX Man'],268333,2006,False,,0.626,0.11199999999999999,0.937,0.223,105.45100000000001
47Vs90QmF2TmmKIc1Dc8Jz,Blood Pumpin' Though,['Super XX Man'],96107,2006,False,,0.6559999999999999,0.361,0.28800000000000003,0.521,102.2
5nfu2m8VBDc06xfl7BWjiD,With You,['Super XX Man'],144000,2006,False,,0.504,0.523,0.15,0.505,136.961
7F78pjoFVtkYcbaxeixZx0,Wedding Song,['Super XX Man'],189160,2006,False,,0.45399999999999996,0.0977,0.55,0.203,211.389
3HOJZgAm7Vx7iTdkO5suTH,Yi Dance (Arr. for Guitar),['Xuefei Yang'],356507,2005,False,,0.391,0.16899999999999998,0.951,0.168,121.646
0Ihz1Oz7t7aLdpUGl5mZrH,Shepherd Boy with Flute (Arr. for Guitar),['Xuefei Yang'],179173,2005,False,,0.273,0.159,0.966,0.847,171.398
5W2EsjT22nqpNRCnAp7XyI,Intonation and 4 Sound-and-Image Compositions: I. Intonation,['Xuefei Yang'],120400,2005,False,,0.466,0.0297,0.9790000000000001,0.217,97.181
77eF9nIrt5gLx5YE32lK30,Intonation and 4 Sound-and-Image Compositions: II. Long out-Stretched Pier with Its Shadows,['Xuefei Yang'],147440,2005,False,,0.23399999999999999,0.192,0.948,0.575,143.41299999999995
6K88q9OJtA3v481lAOGhAE,Intonation and 4 Sound-and-Image Compositions: III. Wind on the Hill,['Xuefei Yang'],100120,2005,False,,0.36,0.14300000000000002,0.946,0.175,74.764
79VhrpUq3cP31xuHmEBETx,Intonation and 4 Sound-and-Image Compositions: IV. Waiting for Guests,['Xuefei Yang'],101120,2005,False,,0.275,0.0866,0.972,0.345,80.461
7acGdqd7O6Ygp9PV5lpsY8,Intonation and 4 Sound-and-Image Compositions: V. Land Circus,['Xuefei Yang'],115773,2005,False,,0.444,0.33299999999999996,0.9129999999999999,0.312,100.774
2CFx5ZM4wfB5gkUpdQ6tqL,Heavenly Bird (Arr. for Guitar),['Xuefei Yang'],71107,2005,False,,0.285,0.0318,0.9890000000000001,0.337,90.348
1rsnfRDS8juWqvHaxeTjGR,Lantern Song (Arr. for Guitar),['Xuefei Yang'],105680,2005,False,,0.37799999999999995,0.10400000000000001,0.981,0.226,89.553
4Vbm6bagI6uzEgExCYFs5J,Mayila,['Xuefei Yang'],137987,2005,False,,0.278,0.255,0.96,0.736,101.289
3K33C1DAHvVq0mWLtGybdT,Meditation No. 2,['Xuefei Yang'],125373,2005,False,,0.418,0.0249,0.9790000000000001,0.187,104.249
7I8pt6s4fu9vns1avQA82d,Meditation No. 1,['Xuefei Yang'],82667,2005,False,,0.29,0.33799999999999997,0.9259999999999999,0.608,115.78
2XTYl0G1MLTIqCWeUmlJVu,The Blue Kite,['Xuefei Yang'],244320,2005,False,,0.252,0.0844,0.927,0.134,106.603
1J0g8pU7gkcjhEvo6i7aYK,Yellow Earth,['Xuefei Yang'],268853,2005,False,,0.256,0.0799,0.965,0.278,90.34700000000001
19HXvUxucPJEwxSicQPT8e,Farewell My Concubine,['Xuefei Yang'],161733,2005,False,,0.389,0.258,0.7959999999999999,0.348,135.657
6CB45kMnTgFeAKtCb974hs,I Ching: I. T'ai,['Xuefei Yang'],129547,2005,False,,0.33899999999999997,0.0653,0.983,0.17600000000000002,168.37900000000005
5oRo3Bl5GlRozZffBmr725,I Ching: II. Lin,['Xuefei Yang'],187333,2005,False,,0.358,0.115,0.9790000000000001,0.243,125.345
7HXLIj7ukepD4onjoPH13Y,I Ching: III. T'ung Len,['Xuefei Yang'],77800,2005,False,,0.34,0.127,0.976,0.57,84.439
59lHRORIV57RKeRT7pXpEe,I Ching: IV. Huan,['Xuefei Yang'],104920,2005,False,,0.257,0.198,0.925,0.267,91.944
5WO6qx00vMbq4hQh3Zk47U,I Ching: V. K'uei,['Xuefei Yang'],162280,2005,False,,0.361,0.128,0.966,0.149,111.671
7rgaDQFeOELCyF9xgr3ShJ,I Ching: VI. Chieh,['Xuefei Yang'],224387,2005,False,,0.225,0.23399999999999999,0.9540000000000001,0.521,141.06
0TgbTV3dmHsuZtVhD19UVx,South China Sea Peace,['Xuefei Yang'],304013,2005,False,,0.598,0.10800000000000001,0.924,0.157,111.271
4HWqJIjEFgjLqfYAl5aI5d,Four Seasons: I. Spring,['Xuefei Yang'],121053,2005,False,,0.502,0.163,0.935,0.43,147.865
2k4HJrvjymDT6KNdlcRAof,Four Seasons: II. Summer,['Xuefei Yang'],110173,2005,False,,0.469,0.0732,0.895,0.263,110.355
303fEeOrru6OYwm4ORO5XP,Four Seasons: III. Autumn,['Xuefei Yang'],139707,2005,False,,0.40399999999999997,0.0365,0.9520000000000001,0.33399999999999996,86.11
3HMD9K5RdYOjYv4OBC4QeT,Four Seasons: IV. Winter,['Xuefei Yang'],173227,2005,False,,0.451,0.00735,0.975,0.11,93.458
0lJuulyUSSdmMLg4pn8eRm,Soaked Dub,['Xoki'],312000,2011,False,,0.504,0.884,0.0010400000000000001,0.77,215.989
7MUKPPJJxYOT2Uc0nVyWZL,Carabanda,"['Anonymous\xa0', 'Julie Andrijeski', 'Becky Baxter', 'Danny Mallon', 'Chatham Baroque']",130400,2000,False,,0.495,0.166,0.877,0.7759999999999999,99.337
6qvrpL6rnw8vQ133ivsZPl,Paradetas,"['Anonymous\xa0', 'Julie Andrijeski', 'Becky Baxter', 'Danny Mallon', 'Chatham Baroque']",261000,2000,False,,0.5770000000000001,0.18,0.868,0.39,109.512
0V5u2sAK5xuc8T3JxxSPya,Tarantela,"['Anonymous\xa0', 'Patricia Halverson', 'Becky Baxter', 'Danny Mallon', 'Chatham Baroque']",243573,2000,False,,0.344,0.174,0.848,0.33799999999999997,97.044
26AY7D2vkg1SfGWAQGM5NU,Espanoleta,"['Anonymous\xa0', 'Julie Andrijeski', 'Becky Baxter', 'Danny Mallon', 'Chatham Baroque']",277267,2000,False,,0.36200000000000004,0.146,0.615,0.22,111.963
5mwJqiEVFnIuRBVMCRt9OS,Chaconas,"['Anonymous\xa0', 'Patricia Halverson', 'Becky Baxter', 'Danny Mallon', 'Chatham Baroque']",260440,2000,False,,0.34299999999999997,0.10800000000000001,0.8390000000000001,0.317,135.465
51CV6eEmAAAVEwabAp2TLG,Marizapalos,"['Anonymous\xa0', 'Julie Andrijeski', 'Becky Baxter', 'Danny Mallon', 'Chatham Baroque']",501533,2000,False,,0.28600000000000003,0.0856,0.866,0.151,111.17399999999999
2JIc2oGlJ0SZ25W6wrgyT4,Ladyes Delight,"['Anonymous\xa0', 'Baltimore Consort']",107160,1998,False,,0.64,0.132,0.867,0.69,107.662
5IenYKuxGovnhc92O8ewfu,Jumpe at my Cozen,"['Anonymous\xa0', 'Baltimore Consort']",114067,1998,False,,0.5710000000000001,0.191,0.882,0.7340000000000001,109.355
69QcdULt3NdJdgFReftucl,Howells Delight,"['Anonymous\xa0', 'Baltimore Consort']",245640,1998,False,,0.519,0.214,0.904,0.5710000000000001,82.03299999999999
727wC8zlzVt3rKihHm2biy,The Queen's Treble,"['Anonymous\xa0', 'Baltimore Consort']",116627,1998,False,,0.47700000000000004,0.191,0.8959999999999999,0.871,126.37899999999999
0cLa875uokEpZ2ldWDIPKF,Balow My Babe,"['Anonymous\xa0', 'Custer LaRue', 'Ronn McFarlane']",283867,1998,False,,0.27699999999999997,0.0182,0.987,0.17800000000000002,89.76299999999998
50s4ihK930S4c5wNmljqXN,O mistress mine,"['Anonymous\xa0', 'Custer LaRue', 'Baltimore Consort']",102973,1998,False,,0.504,0.0241,0.9890000000000001,0.272,66.219
0JZ224bWNI0BQpdMmCRiQp,Monochrome World,['Wisp X'],160000,2016,False,,0.414,0.395,0.885,0.11599999999999999,180.07
05qL8rXT7iK2WHjJjsQR7D,Morning Walk,['Wisp X'],166300,2016,False,,0.18100000000000002,0.461,0.7140000000000001,0.11,149.346
1U5M03oMmsWHKvmACPaPuS,Somewhere I'd Rather Be,['Wisp X'],205000,2016,False,,0.588,0.649,0.0425,0.0694,96.01799999999999
2RNh02R27Err3WW0xn5SY0,Forever,['Wisp X'],170625,2016,False,,0.515,0.804,0.0558,0.332,128.11700000000002
7BusGfz7lg8LqkySDD6IEq,Ume,['Wisp X'],54857,2016,False,,0.6509999999999999,0.86,0.737,0.3670000000000001,139.968
3zRzifz3E48km4cfEIfs1J,Dew,['Wisp X'],84000,2016,False,,0.581,0.14,0.934,0.15,120.036
078W1AWX0TsaPsW9EJDYRy,Lily,['Wisp X'],215360,2016,False,,0.589,0.687,0.516,0.415,105.015
0EoJjWyLGggA13g6TxreLw,Ria,"['Wisp X', 'Aviana']",204632,2016,False,,0.316,0.795,0.161,0.158,94.944
13ZQPytg8kfwNcxvAnQciV,Promise,['Wisp X'],84000,2016,False,,0.32299999999999995,0.0639,0.985,0.0445,199.993
0vvT779Fq9qDOaI7FjNUX9,Trayra Boia,"['Anonymous\xa0', 'Maya Beiser (cello)']",529200,2000,False,,0.0978,0.02,0.9840000000000001,0.0334,89.406
57edKHJHPNoZnIkjgJIj54,X-men,['Powerglove'],219587,2010,False,,0.442,0.978,4.51e-05,0.177,140.019
18dtqBE9bqbi4RVOpN1q1v,Silent Night: Silent Night (Stille Nacht),"['Franz Xaver Gruber', 'The Cambridge Singers', 'John Rutter']",189133,1997,False,,0.134,0.0527,0.9890000000000001,0.0389,84.384
5fVd0njS8x435oqPMOV7sq,7 Canciones populares espanolas: No. 3. Asturiana (arr. for cello and piano),"['Anonymous\xa0', 'Manuel de Falla', 'Elinor Frey', 'David Fung']",131756,2011,False,,0.106,0.0939,0.9790000000000001,0.0673,64.669
4tbYXSVP00TSg1Yjg5tY9l,7 Canciones populares espanolas: No. 5. Nana (arr. for cello and piano),"['Anonymous\xa0', 'Manuel de Falla', 'Elinor Frey', 'David Fung']",161639,2011,False,,0.242,0.131,0.987,0.10099999999999999,117.919
6g0iau2BL1w9v7uAxoRQMs,Prelude and Fugue: Praambel und Fuge,"['Franz Xaver Murschhauser', 'Joseph Payne']",164573,1994,False,,0.0841,0.124,0.815,0.11,83.15
5K8wViYMc2kzvzxMNkTWIE,Fugue,"['Franz Xaver Murschhauser', 'Joseph Payne']",60627,1994,False,,0.259,0.165,0.981,0.3720000000000001,70.781
7s5EL80jnEq068wcgEFvCK,Perfect Peace (Remix),['Xavier Eskridge'],165999,2015,False,,0.785,0.743,0.00195,0.496,120.0
5OeIPRJpTNc7aHC4RM9U5r,Recitation,['Zolar X'],51227,2004,False,,0.263,0.645,0.735,0.095,147.572
6kJFSkYgf6RW6FYLLWdUIN,Timeless,['Zolar X'],118733,2004,False,,0.152,0.8370000000000001,0.0019100000000000002,0.657,189.171
4NrNB3e2WJvJBOTlXg2tGB,Science,['Zolar X'],85173,2004,False,,0.17300000000000001,0.9279999999999999,0.297,0.355,169.71599999999995
2SIzqtvpzgdQdg6Vv1AcDO,Test Tube Baby,['Zolar X'],101707,2004,False,,0.248,0.951,0.317,0.184,79.483
1SkYbJOeHAtXxZoHE7aoub,Rocket Roll,['Zolar X'],147947,2004,False,,0.256,0.99,0.18600000000000005,0.114,91.801
6DSEkdaX8U9c4eLZDYUvgN,Mirrors,['Zolar X'],224947,2004,False,,0.313,0.9740000000000001,0.026000000000000002,0.281,144.217
1EimiGFs7TXvYX1g7Rrax5,Jet Star 19,['Zolar X'],161173,2004,False,,0.376,0.9890000000000001,0.00979,0.126,97.015
4P3gKOM33lafe5KcwT3H3A,Space Age Love,['Zolar X'],197640,2004,False,,0.158,0.951,0.00101,0.264,163.495
5EBCN57K84LWUreG1qdnkO,Energize Me,['Zolar X'],272493,2004,False,,0.23199999999999998,0.8740000000000001,0.00124,0.39799999999999996,149.91299999999995
1pGGzfQUZCLWWmUDXVxqLN,The Horizon Suite,['Zolar X'],625693,2004,False,,0.125,0.857,0.0051600000000000005,0.344,169.69400000000005
2wSIqAl0t3yPrHG8zNzYG4,I Pulled My Helmet Off (I'm Going To Lover Her),['Zolar X'],220067,2004,False,,0.354,0.937,0.122,0.35600000000000004,99.146
2oonwf7aKIQdqHhmhbDGyM,Nativity,['Zolar X'],145760,2004,False,,0.433,0.915,0.027000000000000003,0.7390000000000001,125.09299999999999
2GeXxnqWucIhneyja2Bx2r,What Is Music?,['Zolar X'],130013,2004,False,,0.39899999999999997,0.925,0.0318,0.332,114.84299999999999
5Cfkkn2wiyuZX58E4GG5j6,Moonbeams,['Zolar X'],242493,2004,False,,0.251,0.8109999999999999,0.111,0.12,101.904
2wnpSJZ6zFOrlAScaPXsgU,Blues On Blue,['Zolar X'],141107,2004,False,,0.371,0.92,0.17600000000000002,0.733,166.093
2FeTQQblnCXU6MmuO1IkD3,FE1142,['Zolar X'],120000,2004,False,,0.159,0.9520000000000001,0.000194,0.521,183.955
0KTidJu8hRmimf4jfvyi4S,GT3,['Zolar X'],160093,2004,False,,0.152,0.9690000000000001,0.0013800000000000002,0.402,173.49
7e6ucDYVbknNNNkvEQmehJ,Silver Shapes,['Zolar X'],189547,2004,False,,0.33799999999999997,0.8220000000000001,0.13699999999999998,0.526,116.639
7cQofyAl1pjNF23pI2OSj8,Parallel Galaxy,['Zolar X'],428787,2004,False,,0.161,0.96,0.00336,0.13,137.82
7xT0hIjUKnycApKNqiCWtr,Xylem and Phloem,['Circus Contraption'],256280,2005,False,,0.44299999999999995,0.66,0.23399999999999999,0.7490000000000001,168.092
43Q9EMyzmyhzhysCDHXT6o,"Dolly Suite, Op. 56: I. Berceuse (arr. for piano)","['Anonymous\xa0', 'Gabriel Fauré', 'Carol Rosenberger']",176000,1993,False,,0.386,0.0133,0.995,0.129,66.153
1gNWPnTfqTmMu7hmK1lN2n,Colors,['X-Quisite'],60653,2003,False,,0.805,0.47100000000000003,0.539,0.768,72.959
7GbbRIqeLze8KohVp8cXgp,Sassy Thang,['X-Quisite'],250080,2003,False,,0.7879999999999999,0.852,0.23800000000000002,0.971,105.979
753ajw283Rq3jcBLiIRmYb,Bad Girl,['X-Quisite'],217187,2003,False,,0.762,0.6509999999999999,0.239,0.948,92.008
3CtGVPWj6Xv3HvYlGeMVGl,Don't Say,['X-Quisite'],180320,2003,False,,0.8190000000000001,0.615,0.21,0.7759999999999999,130.05700000000002
4p1RZm5GfcArNLj2OYjTr6,No Regrets,['X-Quisite'],205000,2003,False,,0.648,0.598,0.39299999999999996,0.529,199.919
0eAWDlnNwWUKlwD0vs9k44,How We Swing,"['X-Quisite', 'Skitz']",211733,2003,False,,0.59,0.5429999999999999,0.16699999999999998,0.409,79.814
0jjBuMbhFyx0ykpmt7Rfm1,Best Friends,"['X-Quisite', 'Zoe']",227667,2003,False,,0.519,0.519,0.774,0.833,113.25399999999999
2zlhdSOwpTyqA76O5jLzu1,Who's The Man,['X-Quisite'],213520,2003,False,,0.634,0.8420000000000001,0.0673,0.4,100.079
6FLuBR7uqjOgTyWZQeyr5g,Showing Love,['X-Quisite'],262147,2003,False,,0.698,0.465,0.382,0.667,73.471
25NMrbg62iUplYsYzoDjS6,Why You Do,['X-Quisite'],224893,2003,False,,0.687,0.8009999999999999,0.131,0.899,195.97400000000002
4lHuT0LliuDuEi59QZSFtj,Ex-Girlfriend,['X-Quisite'],194107,2003,False,,0.7609999999999999,0.6629999999999999,0.22,0.826,90.96600000000001
0tkDnLitttAFjWwt1T3ttf,Foolio,['X-Quisite'],74293,2003,False,,0.888,0.7070000000000001,0.254,0.8390000000000001,110.044
4ydnVEfvABr8R4SfYcldrH,Through The Week,['X-Quisite'],322080,2003,False,,0.5479999999999999,0.617,0.48700000000000004,0.327,119.973
2poObNJdRn9VIrjxT3429y,Bad Girl (Remix),"['X-Quisite', 'Bigz']",212680,2003,False,,0.718,0.665,0.597,0.922,91.955
4TKqvdo8twyigRywsJBA9s,No Regrets (Dance Remix),['X-Quisite'],270120,2003,False,,0.7829999999999999,0.6459999999999999,0.00487,0.9640000000000001,124.985
5rf3DzwGbZwUhWuQeqBTHS,Don't' Say (Slow Jam Remix),['X-Quisite'],178267,2003,False,,0.787,0.62,0.349,0.794,129.967
0smdFaZrhqJmbsgm84qF4C,No Regrets (Remix),"['X-Quisite', 'iSH']",210587,2003,False,,0.779,0.7040000000000001,0.237,0.376,100.01299999999999
1UJb2V5rX21HtSkEW9qDPn,Fantasia (arr. for saxophone and piano),"['Anonymous\xa0', 'Heitor Villa-Lobos', 'Eugene Rousseau', 'Hans Graf']",571973,1994,False,,0.38,0.136,0.983,0.226,142.069
6zCd1jRD7tGaDnnut5p04g,Can I Get It Back (featuring Red Café) - New Clean Version,['XSO Drive'],188640,2000,False,,0.794,0.818,0.10800000000000001,0.845,97.92399999999999
3YLL8ufXwau3C4JeyusnQG,"The Red Poppy Suite, Op. 70: VI. Russian Sailor's Dance (arr. for wind ensemble)","['Anonymous\xa0', 'Reinhold Glière', 'Dallas Wind Symphony', 'Frederick Fennell']",219893,2012,False,,0.379,0.253,0.9079999999999999,0.278,150.27700000000004
0XdZg5QimXEW5EhgHSTzap,"The Golden Age Suite, Op. 22a: III. Polka (arr. for wind ensemble)","['Anonymous\xa0', 'Dmitri Shostakovich', 'Dallas Wind Symphony', 'Frederick Fennell']",131667,2012,False,,0.643,0.0653,0.88,0.401,94.527
5NZyKJCc9FU0Y5fhOF4Wul,"American Symphonette No. 2: Symphonette No. 2, ""Second American Symphonette"": II. Pavane (arr. for wind ensemble)","['Anonymous\xa0', 'Morton Gould', 'Dallas Wind Symphony', 'Frederick Fennell']",185960,2012,False,,0.34299999999999997,0.00855,0.977,0.442,152.49200000000005
29Io2s2kWIPzCli91j7Bht,"Cantiga No. 10, ""Rosa das rosas"": Prologo (CSM 60)","['Alfonso X El Sabio', 'Unicorn Ensemble']",137467,1995,False,,0.381,0.20800000000000002,0.0226,0.0518,116.68799999999999
6F0n0xELxkqXaaeKM9jfkn,"Cantiga No. 10, ""Rosa das rosas"": Por nos de dulta tirar (CSM 18)","['Alfonso X El Sabio', 'Unicorn Ensemble']",445000,1995,False,,0.272,0.174,0.9420000000000001,0.525,95.671
710X04PDIrobVfrZjEsuV9,"Cantiga No. 10, ""Rosa das rosas"": Instrumental (CSM 259)","['Alfonso X El Sabio', 'Unicorn Ensemble']",174000,1995,False,,0.195,0.10300000000000001,0.9420000000000001,0.242,118.766
5Gz1N9HIizh0zd1bx0mANe,"Cantiga No. 10, ""Rosa das rosas"": Quen serve Santa Maria (CSM 213)","['Alfonso X El Sabio', 'Unicorn Ensemble']",342000,1995,False,,0.395,0.23600000000000002,0.9420000000000001,0.263,175.31599999999997
4PE1KWvM9Oo5zaIKokjYlu,"Cantiga No. 10, ""Rosa das rosas"": Rosa das rosas (CSM 10)","['Alfonso X El Sabio', 'Unicorn Ensemble']",286000,1995,False,,0.179,0.0398,0.9840000000000001,0.0826,133.884
5IrYaWmYoRb8l1HE2F9yUa,"Cantiga No. 10, ""Rosa das rosas"": Que por al non devess (CSM 295)","['Alfonso X El Sabio', 'Unicorn Ensemble']",346867,1995,False,,0.645,0.159,0.9279999999999999,0.325,104.852
5zd4yPDiZXoIim2TlHmv9o,"Cantiga No. 10, ""Rosa das rosas"": Entre Av'e Eva (CSM 60)","['Alfonso X El Sabio', 'Unicorn Ensemble']",142133,1995,False,,0.233,0.0816,0.992,0.252,170.74200000000005
21xoKP2R4qCW0UCXi1jBgH,"Cantiga No. 10, ""Rosa das rosas"": Instrumental (CSM 361)","['Alfonso X El Sabio', 'Unicorn Ensemble']",274000,1995,False,,0.40399999999999997,0.289,0.51,0.248,137.106
6VbQivCL7XHqSu2APsFvJE,"Cantiga No. 10, ""Rosa das rosas"": Virgen, madre gloriosa (CSM 340)","['Alfonso X El Sabio', 'Unicorn Ensemble']",514867,1995,False,,0.21,0.061,0.991,0.0641,83.809
6HFpGg92KEi7LgD5yckl7f,"Cantiga No. 10, ""Rosa das rosas"": Instrumental (CSM 206)","['Alfonso X El Sabio', 'Unicorn Ensemble']",244133,1995,False,,0.45799999999999996,0.294,0.39299999999999996,0.507,92.781
5hzYNPsLesysBsaeKQvOcR,"Cantiga No. 10, ""Rosa das rosas"": A Virgen, que de Deus madre (CSM 322)","['Alfonso X El Sabio', 'Unicorn Ensemble']",413000,1995,False,,0.324,0.142,0.943,0.501,123.852
6evJoLZaRfAqvQjiosvR8r,"Cantiga No. 10, ""Rosa das rosas"": Aquel que de volontade (CSM 249)","['Alfonso X El Sabio', 'Unicorn Ensemble']",230867,1995,False,,0.537,0.166,0.904,0.588,109.029
2DZkmrYEjrYTzZD3nP9L2s,"Cantiga No. 10, ""Rosa das rosas"": Epilogo (CSM 60)","['Alfonso X El Sabio', 'Unicorn Ensemble']",73893,1995,False,,0.436,0.38299999999999995,0.52,0.847,108.042
5vHxAhwvQmiiRPMRkCKgzv,X,['Blazer'],210547,1992,False,,0.7959999999999999,0.809,0.0365,0.597,95.055
0hhcoR2RhZGaHUSgaYIkhX,Ego,['xJK.'],142918,2019,False,,0.696,0.618,0.536,0.608,84.766
6KXjycBDfaQR2N35rtCb0z,3 Impromptus: No. 1. Molto delicato,"['Xavier Montsalvatge', 'Jordi Masó']",148747,2010,False,,0.306,0.0788,0.995,0.0328,72.892
7vaDhizjqD7z54urpIP4DU,3 Impromptus: No. 2. Semplice,"['Xavier Montsalvatge', 'Jordi Masó']",137453,2010,False,,0.52,0.0104,0.996,0.14400000000000002,81.815
1cW8mkZFpT9oAuj0XIpuOq,3 Impromptus: No. 3. Leggero,"['Xavier Montsalvatge', 'Jordi Masó']",210920,2010,False,,0.233,0.09699999999999999,0.995,0.0378,67.153
1tkpCT5ARujGtNJ4w15PVm,Siciliana,"['Xavier Montsalvatge', 'Jordi Masó']",173280,2010,False,,0.506,0.0565,0.996,0.0384,113.226
0eHqtVj6jkVFYNzj38SDsb,3 Divertimentos: No. 1. Con decision,"['Xavier Montsalvatge', 'Jordi Masó']",148813,2010,False,,0.45299999999999996,0.051,0.995,0.111,141.94
7HnSXjasSoGY13wsVc8piJ,3 Divertimentos: No. 2. Muy dulce,"['Xavier Montsalvatge', 'Jordi Masó']",116867,2010,False,,0.449,0.0142,0.996,0.0915,70.429
7j52OFr8BxbF8OAXFhWuym,3 Divertimentos: No. 3. Vivo,"['Xavier Montsalvatge', 'Jordi Masó']",128013,2010,False,,0.532,0.10400000000000001,0.995,0.373,74.832
4HWF7Si1LzcaOW9W225nte,Ritmos,"['Xavier Montsalvatge', 'Jordi Masó']",201573,2010,False,,0.364,0.165,0.9940000000000001,0.0385,56.47
4vjwivBbhOVNdNM3melL3k,Elegia a Maurice Ravel,"['Xavier Montsalvatge', 'Jordi Masó']",170587,2010,False,,0.48200000000000004,0.00618,0.995,0.124,66.102
1huDKiTN5Dt8LlnFahdiRe,Divagacion,"['Xavier Montsalvatge', 'Jordi Masó']",183867,2010,False,,0.278,0.146,0.993,0.13,108.156
3Zr5uWd11fJabwWeqjVnzh,Sonatina para Yvette: I. Vivo e spiritoso,"['Xavier Montsalvatge', 'Jordi Masó']",191547,2010,False,,0.2,0.149,0.993,0.0393,71.116
70vqP6N8FzSS7LSv4fyIUh,Sonatina para Yvette: II. Moderato molto,"['Xavier Montsalvatge', 'Jordi Masó']",242160,2010,False,,0.49,0.0305,0.996,0.0312,133.509
339mCnqa1dOLwChnXvazwT,Sonatina para Yvette: III. Allegretto,"['Xavier Montsalvatge', 'Jordi Masó']",132213,2010,False,,0.311,0.24,0.992,0.10400000000000001,108.324
5lfP6qUlRSgfHdy7sV6CMJ,Sketch,"['Xavier Montsalvatge', 'Jordi Masó']",149453,2010,False,,0.39899999999999997,0.036000000000000004,0.995,0.0715,81.876
37OA6M7zXWDU5qCPo4NZWy,Recondita Armonia: I. Allegro con brio,"['Xavier Montsalvatge', 'Jordi Masó', 'Granollers Chamber Orchestra', 'Francesc Guillen']",422947,2010,False,,0.33799999999999997,0.0757,0.978,0.0518,133.749
3Vn1ioNKMNgGnALZNKwC4X,Recondita Armonia: II. Andante sostenuto,"['Xavier Montsalvatge', 'Jordi Masó', 'Granollers Chamber Orchestra', 'Francesc Guillen']",390107,2010,False,,0.247,0.0464,0.985,0.0397,107.916
7s4dhvqdzfQxjH8fpHD1Ye,Recondita Armonia: III. Allegro con brio,"['Xavier Montsalvatge', 'Jordi Masó', 'Granollers Chamber Orchestra', 'Francesc Guillen']",83080,2010,False,,0.502,0.17800000000000002,0.9259999999999999,0.7609999999999999,139.355
62Uji55j8AJ5XpbKz5KP4l,Recondita Armonia: IV. Moderato,"['Xavier Montsalvatge', 'Jordi Masó', 'Granollers Chamber Orchestra', 'Francesc Guillen']",423360,2010,False,,0.247,0.0575,0.976,0.0519,89.96
6mgCm1l1GwUpVPlEOlyKy4,Xetin,['SoulSonic'],151011,2011,False,,0.419,0.102,0.8759999999999999,0.145,89.029
5dCDLGnKKFeSkiTjtB4hNJ,Resolved - Xtrngr Remix,"['SoulSonic', 'Xtrngr']",260000,2011,False,,0.608,0.302,0.484,0.0599,120.03
0RPLhC64BBPE3mBeFvRU8i,Ix-Xieh U Ix-Xieha,['Rosina Xiberres'],193560,2005,False,,0.594,0.185,0.993,0.41600000000000004,120.801
7GSVXo395vqIExli6rUraC,EDDA: Leikur elds og isa,"['Anonymous\xa0', 'Elizabeth Gaver']",133067,1999,False,,0.21100000000000002,0.0128,0.988,0.35700000000000004,72.916
1iwOMo2fN5y6HQgrZUuTuL,EDDA: Hliods bid ek allar,"['Anonymous\xa0', 'Sequentia']",605773,1999,False,,0.33799999999999997,0.0197,0.99,0.166,73.649
0PXBsFy1r56JIPqVpCRTAI,EDDA: Reidr var tha Vingthorr,"['Anonymous\xa0', 'Benjamin Bagby']",824960,1999,False,,0.48700000000000004,0.0446,0.976,0.239,98.749
7uZ6a5quU3zLnivk2bKX6Y,EDDA: Nu ero komnar til konungs husa,"['Anonymous\xa0', 'Susanne Norin', 'Barbara Thornton', 'Elizabeth Gaver']",731360,1999,False,,0.264,0.0327,0.99,0.18100000000000002,133.969
0qCEy5eQaK6evG9yMS2cIX,EDDA: Baldurs minni,"['Anonymous\xa0', 'Elizabeth Gaver']",210227,1999,False,,0.192,0.0074,0.992,0.155,71.148
0L3gvIAXHz6mv7w6quMmgZ,EDDA: Senn voro aesir allir a thingi,"['Anonymous\xa0', 'Benjamin Bagby', 'Barbara Thornton', 'Elizabeth Gaver']",568600,1999,False,,0.266,0.013000000000000001,0.988,0.10400000000000001,103.685
5ROP0ig6iF7EQ63B5Dqmqi,EDDA: That man hon folkvig,"['Anonymous\xa0', 'Susanne Norin', 'Barbara Thornton']",382867,1999,False,,0.37,0.0277,0.991,0.14800000000000002,109.802
0qgmZaqDApJEZzYbgPaNbU,EDDA: Ragnaroek,"['Anonymous\xa0', 'Elizabeth Gaver']",88467,1999,False,,0.256,0.0254,0.841,0.175,88.37100000000002
1nThCnTNCYSMzGiDQcsLrW,EDDA: A fellr austan um eitrdala,"['Anonymous\xa0', 'Sequentia']",693560,1999,False,,0.31,0.0544,0.988,0.0863,73.35300000000002
0U3H4UTUlr9h0NU1LAjsbH,From Dust,['Xilent'],140800,2019,False,,0.314,0.7509999999999999,0.0315,0.284,149.946
1XHyktnDmImHwDQhHgdWfV,You Rise,['Xilent'],273200,2019,False,,0.514,0.879,0.00232,0.44,150.0
5Ah3MgEmJ7qxZS82gdclU0,Blue Shadows,['Xilent'],265600,2019,False,,0.55,0.934,0.0586,0.21100000000000002,150.07399999999996
0AO6oRmzR1Vd3azlPBxL1E,The Darkness,['Xilent'],265600,2019,False,,0.57,0.745,0.0602,0.373,149.894
3tCwWrBV3VbdpFWccs1Bdg,Code Blood,['Xilent'],242200,2019,False,,0.6609999999999999,0.7,0.00851,0.6709999999999999,149.876
3Qb58BPIJMiyP9AcEo5tKT,Interluden,['Xilent'],221250,2019,False,,0.322,0.882,0.109,0.0382,99.99700000000001
09jMUlZbivkXyiLBoHxcJ3,Human Error,['Xilent'],224000,2019,False,,0.72,0.718,0.0074,0.606,74.973
3eFa6drLtjs2XId8cGLRuU,Discarded,['Xilent'],189350,2019,False,,0.6779999999999999,0.862,0.0010400000000000001,0.615,150.032
3h2uNzYvvkgG0YDUIjep4O,Only Now,['Xilent'],249629,2019,False,,0.319,0.843,0.0339,0.4270000000000001,174.99099999999999
1ti0Nk5RjHIHpdloVuZ5wX,To Dust,['Xilent'],253741,2019,False,,0.716,0.629,0.401,0.113,140.041
09xMFQQrnO6XMtBjFFx8FR,Particles,['Xilent'],215205,2019,False,,0.444,0.815,0.0309,0.11,112.512
1R5kNwCq1azveVu8ftm8s8,"Violin Sonata in D Minor, Op. 108: II. Adagio (arr. for cello and piano)","['Anonymous\xa0', 'Robert Schumann', 'Bion Tsang', 'Anton Nel']",328760,2010,False,,0.152,0.217,0.975,0.115,100.745
4yPdpvUNOundmL2j7S0Qgb,"Thais, Act II: Meditation (arr. for cello and piano)","['Anonymous\xa0', 'Jules Massenet', 'Julie Albers', 'Orion Weiss']",326587,2005,False,,0.0855,0.0687,0.972,0.0389,66.756
2wNDUY1qMjTv0xz7Zl3rwN,Viola Sonata (arr. for cello and guitar): I. Allegretto comodo,"['Anonymous\xa0', 'Radamés Gnattali', 'Claremont Duo']",262227,2000,False,,0.322,0.043,0.9890000000000001,0.195,89.40799999999999
5THzEbU73SX3fIpSXrOhyp,Viola Sonata (arr. for cello and guitar): II. Adagio,"['Anonymous\xa0', 'Radamés Gnattali', 'Claremont Duo']",190040,2000,False,,0.27,0.0189,0.985,0.121,85.823
4qJ6uBJmedLvcwakROp4pw,Viola Sonata (arr. for cello and guitar): III. Con spirito,"['Anonymous\xa0', 'Radamés Gnattali', 'Claremont Duo']",228760,2000,False,,0.42100000000000004,0.102,0.9840000000000001,0.46299999999999997,115.50200000000001
4LBNPRQsmOFGNxU8EfjpK0,"14 Songs, Op. 34 (arr. for violin and piano): Vocalise, Op. 34, No. 14","['Anonymous\xa0', 'Sergei Rachmaninoff', 'Elmar Oliveira', 'Robert Koenig']",322320,2000,False,,0.133,0.14300000000000002,0.985,0.0976,87.6
7vgqluh3NAkeDo9PGDEBYg,"Serenade for String Orchestra, Op. 12, No. 4: Canzonetta (arr. for violin and piano)","['Anonymous\xa0', 'Victor Herbert', 'Elmar Oliveira', 'Robert Koenig']",117173,2000,False,,0.38,0.139,0.9790000000000001,0.642,84.855
6LtJ5RiEpfjryMbbBasnJO,7 Canciones populares espanolas (arr. for violin and piano): I. El Pano moruno,"['Anonymous\xa0', 'Manuel de Falla', 'Elmar Oliveira', 'Robert Koenig']",124000,2000,False,,0.406,0.129,0.956,0.551,114.859
2oz6YEFjY0kt2qx1uI22Qh,7 Canciones populares espanolas (arr. for violin and piano): II. Nana,"['Anonymous\xa0', 'Manuel de Falla', 'Elmar Oliveira', 'Robert Koenig']",113880,2000,False,,0.213,0.0505,0.991,0.0981,99.845
0YJsOtZ9BoHyfIBGv1cUP8,7 Canciones populares espanolas (arr. for violin and piano): III. Cancion,"['Anonymous\xa0', 'Manuel de Falla', 'Elmar Oliveira', 'Robert Koenig']",79840,2000,False,,0.586,0.084,0.975,0.5589999999999999,71.544
1H8OpAcocY3A4FfP0sQ7N1,7 Canciones populares espanolas (arr. for violin and piano): IV. Polo,"['Anonymous\xa0', 'Manuel de Falla', 'Elmar Oliveira', 'Robert Koenig']",68280,2000,False,,0.39,0.17800000000000002,0.958,0.239,131.204
6rwjf774DFt8HQdCgnl1pe,7 Canciones populares espanolas (arr. for violin and piano): V. Asturiana,"['Anonymous\xa0', 'Manuel de Falla', 'Elmar Oliveira', 'Robert Koenig']",130547,2000,False,,0.10099999999999999,0.017,0.99,0.0974,169.149
0ekrRSTC7ZzmKLodP19h0T,7 Canciones populares espanolas (arr. for violin and piano): VI. Jota,"['Anonymous\xa0', 'Manuel de Falla', 'Elmar Oliveira', 'Robert Koenig']",174840,2000,False,,0.377,0.114,0.985,0.33899999999999997,129.968
7amRkBiWD2L47e7eKeiIjl,Silent Night,"['Franz Xaver Gruber', 'Mormon Tabernacle Choir', 'Jerold D. Ottley']",275827,1980,False,,0.0663,0.0375,0.972,0.0384,73.64
6dH9WUmcSXQnJ7GKuuHzQh,Black Russian,['X-tal'],321573,1992,False,,0.522,0.779,0.006809999999999999,0.728,128.851
2O3NOeObeChT4d2eda7k8U,Easily Impressed,['X-tal'],99093,1992,False,,0.61,0.774,0.0228,0.731,110.088
4elYyKyTEzVuDoHe4S8SSP,Stop Torture,['X-tal'],202440,1992,False,,0.39,0.799,0.0181,0.5870000000000001,118.29299999999999
7Laz2XJSJ3mRBX1COyfRiO,Genesis Ball,['X-tal'],208893,1992,False,,0.532,0.519,0.0132,0.326,128.107
321VCVPuHzBEYg44BlHniz,Utah,['X-tal'],165267,1992,False,,0.502,0.685,0.00196,0.442,73.322
65jD5A3Vx4dQQMax7Qrwy2,Qué Lástima,['X-tal'],83000,1992,False,,0.47100000000000003,0.941,0.0024,0.452,108.30799999999999
1oxrNXb3189EMEPE1NgFxi,Fatal Distractions,['X-tal'],295573,1992,False,,0.41,0.747,0.00176,0.5820000000000001,144.668
4nzXSGg8C7NfjhkuVjgCvM,Census,['X-tal'],427960,1992,False,,0.542,0.6579999999999999,0.00257,0.769,145.42700000000005
6vFBcmkRxHPpkJmj16Td6y,"Help Wanted, Part 2",['X-tal'],126107,1992,False,,0.499,0.635,0.0372,0.762,141.366
0Pqfs4FQm4OK0A257P8xFi,Pacemaker,['X-tal'],173960,1992,False,,0.455,0.847,0.00447,0.828,102.815
6l4ffMEk4IKNzxdMgLE6kb,Passing,['X-tal'],338533,1992,False,,0.353,0.539,0.0812,0.713,166.988
3Ts9wFfNpOJuXQ5Kz0HzHg,Long Dark Night,['X-tal'],298867,1992,False,,0.48200000000000004,0.87,0.00628,0.6559999999999999,137.086
6wfGVZ6pdhw4IyRpH3bxgN,X,['Deterrence'],242013,2005,False,,0.45299999999999996,0.945,0.00979,0.0806,131.035
3Xev3HkSAgpwnPXzAGVym5,Piece of Mind,['Xanadu'],237707,2011,False,,0.52,0.9279999999999999,0.0016899999999999999,0.41600000000000004,95.01700000000001
6GzUDJi5Ydfz5P4w8kXTLi,Dark Shadows,['Xanadu'],328413,2011,False,,0.39799999999999996,0.769,0.000231,0.0704,124.805
2Kt6PHilKDjgwgtcFRfx3M,Miles Away,['Xanadu'],300920,2011,False,,0.266,0.856,0.0020399999999999997,0.11199999999999999,140.138
2nAzu2zmkpYRNNjB0z7ctV,Violent Dream - Part 1,['Xanadu'],607520,2011,False,,0.39899999999999997,0.782,0.000909,0.0775,150.03
0OpWmCDe8T5pIVdjp8W9h8,One Moment,['Xanadu'],414600,2011,False,,0.39299999999999996,0.675,0.00038199999999999996,0.177,140.10299999999998
3ljYfpmE7chceizAIsUeXQ,Vicious Circle,['Xanadu'],231720,2011,False,,0.47,0.89,0.000359,0.441,106.678
0ZKl3g4zHx0VDTSAbq4o9z,The Last Sunrise,['Xanadu'],614907,2011,False,,0.39399999999999996,0.722,0.00217,0.184,133.121
1C9M855HmnRquaFEoJ0ETu,Batalla del sexto tono (organ),"['Jose Ximenez', 'Javier Sarasua']",275667,2005,False,,0.188,0.231,0.9259999999999999,0.16399999999999998,128.70600000000002
5W4oNFOBq0DhLJioGdOE5j,Xota De Vilabol,['Susana Seivane'],218253,2004,False,,0.33399999999999996,0.9229999999999999,0.0177,0.7879999999999999,110.87299999999999
5Ks9E6DDYn71tBJICbka8n,Xota De Linares,['Susana Seivane'],281720,2004,False,,0.488,0.6409999999999999,0.00314,0.445,87.546
1eAO2Z11bcLI5P6NtO5UgH,Alegoria a la memoria de Joaquin Turina,"['Xavier Montsalvatge', 'Jordi Masó']",232307,2010,False,,0.527,0.0414,0.9940000000000001,0.0492,101.20299999999999
4R6mrJfIsgqpdpxQkrqwuN,"3 Piezas para la mano izquierda: No. 1. Si, a Mompou","['Xavier Montsalvatge', 'Jordi Masó']",201293,2010,False,,0.409,0.00603,0.992,0.168,168.283
4r0DcLsOyGnQHRknUW6ygF,3 Piezas para la mano izquierda: No. 2. Berceuse a la memoria de Oscar Espla,"['Xavier Montsalvatge', 'Jordi Masó']",318560,2010,False,,0.47700000000000004,0.0158,0.995,0.0486,112.861
3CT2KCCTZAfa3MOL5ZCSoX,3 Piezas para la mano izquierda: No. 3. Una pagina para Rubinstein,"['Xavier Montsalvatge', 'Jordi Masó']",227813,2010,False,,0.4,0.0239,0.9940000000000001,0.0393,103.56200000000001
4Dp0aAMYxyuv6BTNgwd3iy,El arca de Noe: I. La oveja,"['Xavier Montsalvatge', 'Jordi Masó']",82147,2010,False,,0.614,0.00371,0.9940000000000001,0.722,125.616
3L9NNDnrPOK5KSVeA05Nrj,El arca de Noe: II. El gallo,"['Xavier Montsalvatge', 'Jordi Masó']",32480,2010,False,,0.466,0.0595,0.993,0.585,127.887
547tqk7OTWIaTyv0EuGsVO,El arca de Noe: III. El elefante,"['Xavier Montsalvatge', 'Jordi Masó']",84800,2010,False,,0.513,0.0428,0.996,0.196,96.75399999999999
3V54fVOYrKkTxq3easCGNx,El arca de Noe: IV. La pulga,"['Xavier Montsalvatge', 'Jordi Masó']",36173,2010,False,,0.537,0.258,0.966,0.414,134.653
0tXexWTkpF3O81wpQzRD32,El arca de Noe: V. El gato,"['Xavier Montsalvatge', 'Jordi Masó']",89227,2010,False,,0.544,0.00932,0.991,0.297,125.925
4bYz91TAj6GPfIyD3G3688,El arca de Noe: VI. El canguro,"['Xavier Montsalvatge', 'Jordi Masó']",45480,2010,False,,0.505,0.028999999999999998,0.9940000000000001,0.6920000000000001,127.928
1sZBU6FeKJVgi9IwByXj4J,El arca de Noe: VII. Vals,"['Xavier Montsalvatge', 'Jordi Masó']",58907,2010,False,,0.353,0.10800000000000001,0.9940000000000001,0.395,65.775
4y0KqYLYq6GspSrrrAUaJC,Schubertiana,"['Xavier Montsalvatge', 'Jordi Masó']",141160,2010,False,,0.375,0.019,0.9940000000000001,0.0366,72.547
3mhj19FQgUDunRK9k4GfHp,Pastoral d'Automne,"['Xavier Montsalvatge', 'Jordi Masó']",133120,2010,False,,0.517,0.00303,0.993,0.17600000000000002,68.218
5QpbXIdPTqSi3bsgogjzcS,Milonga,"['Xavier Montsalvatge', 'Jordi Masó']",131227,2010,False,,0.449,0.0694,0.995,0.071,68.524
4RiXPYj0VZXJdyNe2rr3QK,Impromptu en el Generalife,"['Xavier Montsalvatge', 'Jordi Masó']",127080,2010,False,,0.36200000000000004,0.0825,0.9940000000000001,0.0379,70.398
23CaqVuTmL2LIbLlAXT4wN,5 Ocells en llibertat: No. 1. El pardal,"['Xavier Montsalvatge', 'Jordi Masó']",44507,2010,False,,0.5539999999999999,0.193,0.996,0.4370000000000001,140.042
4S47CoZ9YHrgZISzr8VEPU,5 Ocells en llibertat: No. 2. El rossinyol,"['Xavier Montsalvatge', 'Jordi Masó']",86613,2010,False,,0.513,0.009309999999999999,0.992,0.18,84.292
4JkQedelStT4SBBfSaQ10p,5 Ocells en llibertat: No. 3. La merla,"['Xavier Montsalvatge', 'Jordi Masó']",97773,2010,False,,0.462,0.0147,0.9890000000000001,0.0844,128.793
0qtKGt7eL1POdBidDoUXY4,5 Ocells en llibertat: No. 4. El pinsa,"['Xavier Montsalvatge', 'Jordi Masó']",94240,2010,False,,0.473,0.0846,0.993,0.102,70.146
7gkO0RmrTd4PSkqc729z8s,5 Ocells en llibertat: No. 5. El cucut,"['Xavier Montsalvatge', 'Jordi Masó']",96107,2010,False,,0.40299999999999997,0.0286,0.995,0.0397,100.095
7Mu2yE5soezi5xmT6xFxqG,Bressoleig,"['Xavier Montsalvatge', 'Jordi Masó']",86600,2010,False,,0.449,0.0283,0.995,0.0755,74.531
3SrbhRerg8o25pSUXrL2me,Alborada en Aurinx,"['Xavier Montsalvatge', 'Jordi Masó']",336413,2010,False,,0.36,0.0847,0.9940000000000001,0.0374,84.25299999999999
6zKLSRiPfhPcgO97egpbbh,Improviso epilogal,"['Xavier Montsalvatge', 'Jordi Masó']",108373,2010,False,,0.5920000000000001,0.055,0.9940000000000001,0.0593,49.983999999999995
7I5oNHFw4NHDwxOVpujtw8,Concierto de Albayzin: I. Con spirito,"['Xavier Montsalvatge', 'Jordi Masó', 'Granollers Chamber Orchestra', 'Francesc Guillen']",412173,2010,False,,0.4270000000000001,0.106,0.988,0.0918,99.25200000000001
37icURzyI1oQjDvtCrYu6F,Concierto de Albayzin: II. Adagietto,"['Xavier Montsalvatge', 'Jordi Masó', 'Granollers Chamber Orchestra', 'Francesc Guillen']",504627,2010,False,,0.23,0.0165,0.986,0.0372,70.64
1SFXuYO4DPPH1SJUHzbNwQ,Concierto de Albayzin: III. Moderato - Allegretto,"['Xavier Montsalvatge', 'Jordi Masó', 'Granollers Chamber Orchestra', 'Francesc Guillen']",300307,2010,False,,0.469,0.0819,0.985,0.146,128.026
1EIT7MbQQWkfTjyjoeuVx9,My Time (Charity Edit),['Noisuf-X'],226827,2007,False,,0.28300000000000003,0.924,0.00036,0.541,194.972
5N2c5DiHkSQeocFstYJZIL,Guardian Angel,['Xotox'],233840,2007,False,,0.715,0.932,4.71e-05,0.33899999999999997,130.023
5hfEE8fReFyfwW0iRjRTiq,Symphony No. 63 in B-Flat Major: I. Allegro assai,"['Franz Xaver Richter', 'Helsinki Baroque Orchestra', 'Aapo Häkkinen']",361053,2007,False,,0.384,0.284,0.945,0.465,125.666
0NaHZtuKeCWOlK94IrahSV,Symphony No. 63 in B-Flat Major: II. Andante,"['Franz Xaver Richter', 'Helsinki Baroque Orchestra', 'Aapo Häkkinen']",224907,2007,False,,0.19899999999999998,0.145,0.968,0.11,74.064
1zb3fSUQCyob7euNNEwcg6,Symphony No. 63 in B-Flat Major: III. Presto,"['Franz Xaver Richter', 'Helsinki Baroque Orchestra', 'Aapo Häkkinen']",193320,2007,False,,0.23,0.331,0.9359999999999999,0.652,72.679
2pJ0zIPbARpSxV1wjotqVI,Symphony No. 40 in F Major: I. Allegro,"['Franz Xaver Richter', 'Helsinki Baroque Orchestra', 'Aapo Häkkinen']",289280,2007,False,,0.434,0.168,0.955,0.42200000000000004,120.295
5q1DkPPiTAzhIXbT70w1T7,Symphony No. 40 in F Major: II. Larghetto,"['Franz Xaver Richter', 'Helsinki Baroque Orchestra', 'Aapo Häkkinen']",81120,2007,False,,0.215,0.12300000000000001,0.932,0.0652,81.78699999999998
0YZyI6itCsFHN1TzZ0rgwz,Symphony No. 40 in F Major: III. Alla breve,"['Franz Xaver Richter', 'Helsinki Baroque Orchestra', 'Aapo Häkkinen']",203093,2007,False,,0.27,0.222,0.958,0.248,113.165
3scm9MArZETJVYYwaSLyq0,Symphony No. 13 in C Minor: I. Spiritoso,"['Franz Xaver Richter', 'Helsinki Baroque Orchestra', 'Aapo Häkkinen']",280893,2007,False,,0.359,0.121,0.963,0.28300000000000003,102.631
6xNorG5ho8Nj0Su6trUQpy,Symphony No. 13 in C Minor: II. Andante e piano,"['Franz Xaver Richter', 'Helsinki Baroque Orchestra', 'Aapo Häkkinen']",260067,2007,False,,0.11199999999999999,0.023,0.976,0.0701,74.85300000000002
5CJTRpKvKKNmrUrfWsjkbw,Symphony No. 13 in C Minor: III. Tempo di Menuet,"['Franz Xaver Richter', 'Helsinki Baroque Orchestra', 'Aapo Häkkinen']",158200,2007,False,,0.341,0.0855,0.879,0.32299999999999995,80.34
4JaIgUrDk5CBSLTkaumhyx,Symphony No. 34 in F Major: I. Allegro,"['Franz Xaver Richter', 'Helsinki Baroque Orchestra', 'Aapo Häkkinen']",274093,2007,False,,0.4,0.32,0.9420000000000001,0.589,123.065
5xBc8idGiexHY2xoCExya1,Symphony No. 34 in F Major: II. Andante,"['Franz Xaver Richter', 'Helsinki Baroque Orchestra', 'Aapo Häkkinen']",346147,2007,False,,0.198,0.141,0.9690000000000001,0.0369,111.065
4W1yByGryWLzPefSMTyLm4,Symphony No. 34 in F Major: III. Presto,"['Franz Xaver Richter', 'Helsinki Baroque Orchestra', 'Aapo Häkkinen']",129053,2007,False,,0.46799999999999997,0.28600000000000003,0.9620000000000001,0.773,112.459
4KqNJhjsGgvopvdu9C1SmT,Symphony No. 36 in F Major: I. Allegro ma non molto,"['Franz Xaver Richter', 'Helsinki Baroque Orchestra', 'Aapo Häkkinen']",326653,2007,False,,0.303,0.15,0.9279999999999999,0.29600000000000004,136.502
5Q1m8ga40NKzgSBRG1LLj1,Symphony No. 36 in F Major: II. Andante,"['Franz Xaver Richter', 'Helsinki Baroque Orchestra', 'Aapo Häkkinen']",294000,2007,False,,0.258,0.13699999999999998,0.95,0.08199999999999999,113.038
38lt5Hn6ikt0ESWNp6N0Aq,Symphony No. 36 in F Major: III. Presto,"['Franz Xaver Richter', 'Helsinki Baroque Orchestra', 'Aapo Häkkinen']",200907,2007,False,,0.284,0.188,0.934,0.47700000000000004,82.458
6Gj8qbdmlqBC4yj9qZN8u0,Symphony No. 64 in B-Flat Major: I. Adagio,"['Franz Xaver Richter', 'Helsinki Baroque Orchestra', 'Aapo Häkkinen']",134333,2007,False,,0.184,0.142,0.93,0.159,77.238
16orhXlJj8ELhoqyMnJUSE,Symphony No. 64 in B-Flat Major: II. Fuga: Allegro ma non presto,"['Franz Xaver Richter', 'Helsinki Baroque Orchestra', 'Aapo Häkkinen']",207333,2007,False,,0.364,0.22899999999999998,0.951,0.371,134.994
5hGIzGa2GqfZegCvGsgpJk,Symphony No. 64 in B-Flat Major: III. Andante,"['Franz Xaver Richter', 'Helsinki Baroque Orchestra', 'Aapo Häkkinen']",336947,2007,False,,0.249,0.0616,0.968,0.245,81.544
2ArO3oKGtqrowwvfasLQXp,Symphony No. 64 in B-Flat Major: IV. Tempo di Menuet,"['Franz Xaver Richter', 'Helsinki Baroque Orchestra', 'Aapo Häkkinen']",102600,2007,False,,0.41200000000000003,0.135,0.958,0.534,99.609
0liKCkgPe15clATHjdqSlz,Symphony No. 4 in C Major: I. Allegro,"['Franz Xaver Richter', 'Helsinki Baroque Orchestra', 'Aapo Häkkinen']",417080,2000,False,,0.335,0.231,0.868,0.426,123.76100000000001
3VLIi55wI1vlkpErDUZyaf,Symphony No. 4 in C Major: II. Andante,"['Franz Xaver Richter', 'Helsinki Baroque Orchestra', 'Aapo Häkkinen']",289520,2000,False,,0.0786,0.0963,0.797,0.0401,69.04
3j57nzVkWBSns6Z8njIYg9,Symphony No. 4 in C Major: III. Allegro,"['Franz Xaver Richter', 'Helsinki Baroque Orchestra', 'Aapo Häkkinen']",187173,2000,False,,0.33899999999999997,0.16899999999999998,0.905,0.615,186.03799999999998
7zyPzJzl3rzhNCK3xQl3oc,Symphony No. 59 in B-Flat Major: I. Allegro,"['Franz Xaver Richter', 'Helsinki Baroque Orchestra', 'Aapo Häkkinen']",220453,2000,False,,0.408,0.22,0.884,0.34,118.67399999999999
0nGZf5qFI2RCjd3LQoOo9l,Symphony No. 59 in B-Flat Major: II. Largo,"['Franz Xaver Richter', 'Helsinki Baroque Orchestra', 'Aapo Häkkinen']",86133,2000,False,,0.0956,0.0699,0.46299999999999997,0.221,170.688
0vKxSJkvMmWGy4OraW470M,Symphony No. 59 in B-Flat Major: III. Presto,"['Franz Xaver Richter', 'Helsinki Baroque Orchestra', 'Aapo Häkkinen']",219987,2000,False,,0.36,0.275,0.8490000000000001,0.395,123.774
4rfKt7OS3Bo0qULVmcRCwl,Symphony No. 69 in A Major: I. Allegro,"['Franz Xaver Richter', 'Helsinki Baroque Orchestra', 'Aapo Häkkinen']",344987,2000,False,,0.522,0.151,0.9009999999999999,0.358,117.06200000000001
52eJcO5SGGn3dWgASLrglV,Symphony No. 69 in A Major: II. Andante,"['Franz Xaver Richter', 'Helsinki Baroque Orchestra', 'Aapo Häkkinen']",241227,2000,False,,0.158,0.0623,0.887,0.12,78.932
2vOY2Wsw0B1ghxqkBKvOJl,Symphony No. 69 in A Major: III. Allegro,"['Franz Xaver Richter', 'Helsinki Baroque Orchestra', 'Aapo Häkkinen']",192600,2000,False,,0.43,0.271,0.873,0.679,62.946999999999996
4iv98BT91U2IaxMGOLPiXG,Symphony No. 82 in E Minor: I. Adagio,"['Franz Xaver Richter', 'Helsinki Baroque Orchestra', 'Aapo Häkkinen']",192400,2000,False,,0.156,0.129,0.8540000000000001,0.0711,95.935
0zTmB4flpV50seo3hRorDb,Symphony No. 82 in E Minor: II. Fuga non troppo presto,"['Franz Xaver Richter', 'Helsinki Baroque Orchestra', 'Aapo Häkkinen']",202840,2000,False,,0.361,0.21100000000000002,0.858,0.415,84.365
10BYh0xy6FSfw5H9rwTJ2q,Symphony No. 82 in E Minor: III. Andante,"['Franz Xaver Richter', 'Helsinki Baroque Orchestra', 'Aapo Häkkinen']",193013,2000,False,,0.213,0.14400000000000002,0.68,0.145,96.535
4bcIzJvoBD2rD5qbJGXrn4,Symphony No. 82 in E Minor: IV. Tempo di Minuetto,"['Franz Xaver Richter', 'Helsinki Baroque Orchestra', 'Aapo Häkkinen']",183147,2000,False,,0.499,0.198,0.8109999999999999,0.539,84.272
4FEwpoBJUIUhwqn7nq0gaI,Symphony No. 27 in G Minor: I. Spiritoso,"['Franz Xaver Richter', 'Helsinki Baroque Orchestra', 'Aapo Häkkinen']",507173,2000,False,,0.382,0.14800000000000002,0.821,0.261,80.742
6YRDznSDMNn7DS47EE7F6p,Symphony No. 27 in G Minor: II. Andante,"['Franz Xaver Richter', 'Helsinki Baroque Orchestra', 'Aapo Häkkinen']",272067,2000,False,,0.122,0.0685,0.9309999999999999,0.0972,68.035
5pM23OdSD8QZ4sbVE5KwA1,Symphony No. 27 in G Minor: III. Presto,"['Franz Xaver Richter', 'Helsinki Baroque Orchestra', 'Aapo Häkkinen']",53693,2000,False,,0.385,0.135,0.875,0.528,96.29299999999999
51tXrWh3eokmK4L0JJFvKV,Symphony No. 5 in C Major: I. Andante -,"['Franz Xaver Richter', 'Helsinki Baroque Orchestra', 'Aapo Häkkinen']",135267,2000,False,,0.359,0.0874,0.774,0.156,123.038
0ZDBLeBbmPhy4eWZKSNuZQ,Symphony No. 5 in C Major: I. Allegro non molto,"['Franz Xaver Richter', 'Helsinki Baroque Orchestra', 'Aapo Häkkinen']",288187,2000,False,,0.498,0.21600000000000005,0.885,0.457,109.814
4i29thexijuK0CrfgNSWPt,Symphony No. 5 in C Major: II. Andante,"['Franz Xaver Richter', 'Helsinki Baroque Orchestra', 'Aapo Häkkinen']",312467,2000,False,,0.179,0.0785,0.875,0.0791,77.756
3ZtPXrsKyjdPlSNQmCqMgq,Symphony No. 5 in C Major: III. Tempo di Minuetto,"['Franz Xaver Richter', 'Helsinki Baroque Orchestra', 'Aapo Häkkinen']",153280,2000,False,,0.44299999999999995,0.146,0.8340000000000001,0.51,169.93400000000003
2rpzKZTEQbXYi5lLNsyQlT,Sets & Lights,['Xeno & Oaklander'],282987,2011,False,,0.57,0.805,0.0343,0.6459999999999999,143.082
1oGD15cWkCDzvaPtTbmFzt,Untitled,['Xeno & Oaklander'],153333,2011,False,,0.42,0.348,0.937,0.0698,82.56299999999997
2YpPdZdJaKsNgJ54ueBwk8,Years Before,['Xeno & Oaklander'],338827,2011,False,,0.485,0.922,0.222,0.311,135.018
7qDNIgP6iPOfJqCgSdRXqA,Corrupt,['Xeno & Oaklander'],225893,2011,False,,0.41600000000000004,0.866,0.00172,0.491,154.97299999999996
79DDOkpYiwfBetpiZrE1GR,Blue,['Xeno & Oaklander'],218613,2011,False,,0.715,0.775,0.0928,0.775,135.012
4XecBCLIN6KuvsVFmJ2jwM,Italy,['Xeno & Oaklander'],304373,2011,False,,0.617,0.748,0.0116,0.9690000000000001,124.99600000000001
4R1n6q1a0M0Bl7IdQ9Mkt9,Autumn's Edge,['Xeno & Oaklander'],219440,2011,False,,0.633,0.873,0.0774,0.564,155.014
4qzuQULuf0A7Lb5XTHxVWY,The Staircase,['Xeno & Oaklander'],231547,2011,False,,0.633,0.938,0.0482,0.614,130.308
0BveZMoRomX6ZjOLI3Keya,Desert Rose,['Xeno & Oaklander'],284480,2011,False,,0.451,0.872,0.000106,0.304,150.017
4u9gPx8VNpiYw3PzUgaCAP,Open Walls,['Xeno & Oaklander'],248133,2011,False,,0.601,0.861,0.204,0.507,171.967
6xQInonHgg7MH9P6ipIdMZ,Xxtra,['SFDK'],213800,2004,False,,0.6729999999999999,0.902,0.105,0.747,173.953
74kKIxwwVkW94HVYseso6T,Xxtra - Instrumental,['SFDK'],214827,2004,False,,0.7979999999999999,0.536,0.000672,0.597,173.97799999999995
4h2ydrjF10EUrmhOKlQH84,Wake,['Xerxes'],84560,2012,False,,0.153,0.158,0.71,0.13,84.77
013sdYUmywXbof0fnBKPtv,Sleep,['Xerxes'],41107,2012,False,,0.4,0.998,0.147,0.0376,138.285
2F4GuFVvCqVytp1kTTLZGL,Tide/This Place As A Prison,['Xerxes'],128733,2012,False,,0.322,0.97,0.0155,0.113,76.086
4VtHeTjBMFnmpgyzp91Zba,Suburban Asphalt,['Xerxes'],167507,2012,False,,0.35,0.892,0.0172,0.365,141.202
4EtruCQOcfNquYsKb3j6KJ,Fever Dream,['Xerxes'],169453,2012,False,,0.44,0.647,0.212,0.113,77.66199999999998
6RjvrOea5CPQpeVGXkmZWT,Summer Storms/Winter Leaves,['Xerxes'],128120,2012,False,,0.355,0.9159999999999999,0.0181,0.17,81.059
4PQnZIHlHVbZQPqkpcKG1F,February,['Xerxes'],70760,2012,False,,0.15,0.985,0.0123,0.0651,168.13400000000001
42ayTs2eDBmpr3UEDthAyP,our city is a floodplain,['Xerxes'],85827,2012,False,,0.287,0.997,0.00509,0.034,88.969
6zULMP3bVYPFMbSR5EUxTE,Funeral Home,['Xerxes'],180013,2012,False,,0.6559999999999999,0.529,0.149,0.217,118.91799999999999
7L5c4lSzq6ipAb4Fe9Hu6R,Sleepwalking With You,['Xerxes'],193147,2012,False,,0.258,0.9740000000000001,0.000711,0.0472,113.48200000000001
1H2e1ywOpmghizVrUyonbM,Our Home Is A Deathbed,['Xerxes'],101240,2012,False,,0.272,0.18100000000000002,0.775,0.04,66.233
5kioflwx4cd2ZEnpDfNOrb,In Nomine II - Sheng & String Quartet,"['Xu Shuya', 'AsianArt Ensemble']",754227,2011,False,,0.12,0.009059999999999999,0.953,0.034,67.597
6PSkIzcr6va8EjyPpWkEbc,Xvi,['Main'],96000,1998,False,,0.0,0.000227,0.904,0.0,0.0
22PJnr7fNCjqkAvzo2TTVD,Xvii,['Main'],196693,1998,False,,0.131,0.0169,0.5579999999999999,0.0359,88.758
6quGALul8CreXjVPaUFTmN,Xviii,['Main'],334173,1998,False,,0.172,0.00506,0.625,0.0389,118.075
7dnPwgJv9CZwt91LWB5BFs,Xix,['Main'],514693,1998,False,,0.0655,0.19899999999999998,0.0821,0.0354,74.479
4GrP1qb0FVmX5x3vSW087G,Xx,['Main'],263933,1998,False,,0.071,0.135,0.934,0.0395,76.60300000000002
4povsEAqn6Pj1okT9fwQnz,Xxi,['Main'],213333,1998,False,,0.154,0.0408,0.7559999999999999,0.0316,79.684
2mS64Dr6PBQWibWzlQqjVb,Xxii,['Main'],276667,1998,False,,0.228,0.0153,0.961,0.0692,126.598
5U5RzJ8RpLC17ChPNR2OcT,Xxiii,['Main'],172867,1998,False,,0.0634,0.215,0.838,0.0494,71.936
4O19X5jXfcZ1MwcYMeYK9s,Xxiv,['Main'],550107,1998,False,,0.153,0.0652,0.7120000000000001,0.0572,75.342
60Oo9pHM30FSBNGHUaOLRm,Xxv,['Main'],275333,1998,False,,0.0818,0.264,0.951,0.0363,172.40400000000002
6Ehv2t972kMLJ4m2mP2nQY,X,['M. Mayer'],410902,2004,False,,0.7809999999999999,0.795,0.315,0.0396,126.99700000000001
7uT2tZH5ORZYiouH0NNs7n,Out on the Tiles,['Super XX Man'],143307,2010,False,,0.505,0.0819,0.904,0.251,142.217
1UCVgSDDlH4vJ0jI4txWXP,Hip Hop,"['Static-X', 'Dead Prez']",232200,2000,False,,0.414,0.895,0.00521,0.48,154.826
0bYkPFruDNQi2TqbjQqYKK,Los Angeles Times,"['Endo', 'Xzibit']",246027,2000,False,,0.672,0.861,0.0284,0.64,92.565
2bP1dyodgBEN94xWvjk7lb,What U See Is What U Get,"['Sevendust', 'Xzibit']",312467,2000,True,,0.698,0.706,0.139,0.5,93.14
3FVpfgRkQUXm7zFsSH3hRl,XO Season,['Xo Icy'],115312,2016,False,,0.705,0.8690000000000001,0.153,0.569,92.04899999999999
0M8UD23dWo3TlOvLfCqoJj,Pinakatunay (Sumisigaw),['Xo Icy'],225015,2016,False,,0.611,0.79,0.406,0.586,175.963
4Q2rcbJDoe0JVyA3CQcJu6,Narinig Mo Na Ba,"['Xo Icy', 'Lennoj']",234110,2016,False,,0.638,0.764,0.0934,0.0412,80.057
7qAomvPNv55Q9zgEkcHHMq,Baby Tonight,"['Xo Icy', 'Lennoj']",259013,2016,False,,0.758,0.684,0.726,0.804,83.96700000000001
4adYrjdo82Ef1wfQKcWBvX,Hanggang Kailan,['Xo Icy'],219032,2016,False,,0.6679999999999999,0.737,0.23399999999999999,0.479,87.939
5q3HsmAjfk7yGMsojKccfH,Wag Ka Nang Lumuha,"['Xo Icy', 'Unicah']",286022,2016,False,,0.6629999999999999,0.541,0.601,0.32,136.035
0quwzy4PjPXBiGhOq1B5mK,Kung Nasan Ka,['Xo Icy'],225005,2016,False,,0.4270000000000001,0.774,0.0995,0.55,175.926
0VqoAZNxJ48emKFL4XBB3A,Sa Panaginip,"['Xo Icy', 'Yhana']",263235,2016,False,,0.48,0.6890000000000001,0.298,0.314,87.809
5PYW4Flokc8vYkez13mIoJ,Sa Tuwing Kasama Ka,"['Xo Icy', 'Lennoj']",295019,2016,False,,0.644,0.45,0.773,0.457,76.97800000000002
4R4J6Pd2QhzXQLwI55VKQY,Kanina Lang,"['Xo Icy', 'Unicah']",245040,2016,False,,0.578,0.878,0.11199999999999999,0.512,159.923
6tQzAXSCR2wXdvubQCQavt,Hater Proof Division,"['Xo Icy', 'Juan Castellano']",252311,2016,True,,0.511,0.866,0.14400000000000002,0.444,84.87
7xBd2HFMeB0ndmxCCjsrQH,Wag Ka Na,['Xo Icy'],265021,2016,True,,0.81,0.7829999999999999,0.155,0.529,139.944
2qbFWKMehHpCvYAE4UIbXM,Collecting Rocks,['Super XX Man'],243933,2006,False,,0.731,0.256,0.7879999999999999,0.633,108.042
2XlA3BFp1QG60cSS7VCzqX,Up Up Up,['Super XX Man'],160893,2006,False,,0.633,0.158,0.905,0.47700000000000004,175.459
7vm0vFZSwJzyc0puo4l01Y,Usual Way,['Super XX Man'],201240,2006,False,,0.639,0.505,0.579,0.637,118.881
3GRIUkDiAgUff7jTAqiZH0,Garage Apartment,['Super XX Man'],269267,2006,False,,0.47200000000000003,0.204,0.629,0.29,81.925
4RFJyghhHUNsuEJr55KCh2,I Can't Figure Out These Bottle Caps (I'm A Lonely Guy),['Super XX Man'],170013,2006,False,,0.445,0.23,0.894,0.331,135.665
48EqWC9xOQL5Ww4khZSK65,Hearts And Stars,['Super XX Man'],97213,2006,False,,0.722,0.28600000000000003,0.975,0.406,126.34299999999999
38rckoLsmAwg77WmrD4ZcP,Grace,['Super XX Man'],219667,2006,False,,0.688,0.17600000000000002,0.9009999999999999,0.183,121.80799999999999
2g3OfMILxjs9Mqspe8QADZ,Coulee City,['Super XX Man'],258973,2006,False,,0.632,0.447,0.645,0.405,133.738
5VdmVpc1T19oFu9Ndr0XTr,Generosity,['Super XX Man'],190187,2006,False,,0.597,0.23,0.9259999999999999,0.128,112.414
7BPPf6eccAKtYAqa7BpTvY,Stroll On Through New Orleans,['Super XX Man'],164413,2006,False,,0.802,0.256,0.878,0.8440000000000001,84.329
5Uuv3lda0lsKYxB8ArXY3a,See You In The Evening,['Super XX Man'],197840,2006,False,,0.573,0.42100000000000004,0.376,0.439,74.575
0TFSqfAIGl0atVdIt5NnNu,XI Omega,['Azaghal'],213867,2009,True,,0.336,0.995,0.0009199999999999999,0.0309,97.49600000000001
46SqcAFJxw5vTXdrVNPiRK,Music 4 A Drunken Evening (feat. Big Saccs),['XL Middleton'],175347,2005,False,,0.735,0.612,0.131,0.446,96.065
1yBYRlYPKqk8fuQlKr85Es,Feel So West Coast,['XL Middleton'],258653,2005,False,,0.7390000000000001,0.8009999999999999,0.23,0.522,95.93700000000001
5aAcSlHuAKe6TVP7x7Yt1W,Down,['XL Middleton'],228747,2005,False,,0.8190000000000001,0.672,0.175,0.777,101.88600000000001
2qnjfTDHYPMdsvSsHANY5c,If I Dont Get Paid (feat. Rev & Bigg Steele),['XL Middleton'],235547,2005,False,,0.879,0.82,0.22899999999999998,0.852,93.10700000000001
19IAPsdqfk1z2f2b9Au3G1,Long As We Maintain (feat. S-Dee),['XL Middleton'],232440,2005,False,,0.7929999999999999,0.7090000000000001,0.0882,0.381,98.06299999999999
20pO7xUpp1W9DORJFv5Iwa,Cadillac,['XL Middleton'],212840,2005,False,,0.778,0.6890000000000001,0.507,0.578,100.01299999999999
6IfALp7e3c2QIxNhxlyWgI,Cant Get Enough (feat. Foesum & E-White),['XL Middleton'],208813,2005,False,,0.943,0.521,0.0489,0.68,102.07
67hQj104Pfm7h5mr2KMqUn,If You Let Me (feat. Sharon Hall),['XL Middleton'],276280,2005,False,,0.794,0.7559999999999999,0.11900000000000001,0.573,99.99700000000001
1khabmbRvLO646nRYh48jE,Do It If It Feels Good (feat. Dr. Stank),['XL Middleton'],280493,2005,False,,0.732,0.447,0.0151,0.494,89.993
105H9IlFC0xOEK7a6YzdoC,Zoom Zoom,['XL Middleton'],241853,2005,False,,0.8740000000000001,0.669,0.0649,0.9390000000000001,97.061
17aX12RlXRKwd4pcMTA3wx,Tuck You In (feat. Young Tremayne & N8e),['XL Middleton'],242027,2005,False,,0.742,0.597,0.32799999999999996,0.632,96.01100000000001
402qIiTsC1xkaDpI5vHNdC,From My Eyes,['XL Middleton'],315200,2005,False,,0.8190000000000001,0.544,0.504,0.705,95.946
1sP2Vc8QXKFp0zj4BLwMOR,Drunken Hooligans (feat. Non-Cents),['XL Middleton'],199147,2005,False,,0.613,0.639,0.00432,0.616,176.417
3npMmC3xjXAntrPIZOVMZv,Shotgun (feat. Rev & Bo-Rocc of The Doveshack),['XL Middleton'],200160,2005,False,,0.8190000000000001,0.6679999999999999,0.0972,0.55,95.943
4847oFevr3s9Hb5wO9MThB,Are You High???,['XL Middleton'],210627,2005,False,,0.8540000000000001,0.544,0.10300000000000001,0.503,96.964
2VXMVO9A13qOvgcyuSaUBD,"Slacker Pad Fridays (feat. 1stBorn, K-Duece, Non-Cents, & Matix)",['XL Middleton'],271987,2005,False,,0.909,0.5,0.11900000000000001,0.5770000000000001,91.954
2I0PBkhXCtzNQF4cAdbH5B,All Three,['XL Middleton'],220733,2005,False,,0.86,0.818,0.377,0.48200000000000004,96.999
0iG1y3IiEiVuNNfDbBlzeR,Gotta Get Up (feat. BQ),['XL Middleton'],244107,2005,False,,0.815,0.7559999999999999,0.19399999999999998,0.856,93.662
22AijwIpgYNqsh8FoqDmLO,Blow It That Way,['XL Middleton'],223160,2005,False,,0.726,0.596,0.594,0.621,95.97200000000001
3AwjtVvRBQl3s3HhpAVVsR,One Or The Other (feat. Sic Sense),['XL Middleton'],219187,2005,False,,0.907,0.642,0.0863,0.6859999999999999,101.85
7e0dVFPibsw28xl56zgIVj,Throw Ya Cups Up,['XL Middleton'],244827,2005,False,,0.645,0.506,0.0035700000000000007,0.7240000000000001,93.014
25IM25ObJ2lewYS5s59eQF,This Must Be Heaven (feat. D'Zire),['XL Middleton'],227693,2005,False,,0.715,0.6779999999999999,0.136,0.22399999999999998,102.90700000000001
1896OuTvGVcwm2TTnWjvbB,Last Call (feat. Tha Shock Doctor),['XL Middleton'],267960,2005,False,,0.74,0.77,0.441,0.731,90.461
04KAj2o7Nf1EGZS9Pltheg,Relive It All,['XL Middleton'],205293,2005,False,,0.883,0.642,0.193,0.863,99.97200000000001
44CfOtFjE1IInd14pKeknC,Turning Point (feat. Xorcist) - Remix,"['Prospero', 'Xorcist']",517400,2011,False,,0.7140000000000001,0.657,0.12,0.0448,110.0
1IvIfOB18XjsdG1euqMIYm,X-Track,['Tamtrum'],235960,2006,False,,0.298,0.79,0.00187,0.034,139.839
3sXrHi8yoQ72uG7iji73uM,Xoldo,['Luke'],303587,2001,False,,0.254,0.596,0.478,0.503,180.25099999999998
35nRv0pAA8Bf3QDW1JgJzo,Invade My Space,['Xzibit'],317813,2006,False,,0.632,0.784,0.0213,0.33799999999999997,85.29799999999999
3as94w5cukOVrO2YqwqTyh,Rollin',['Xzibit'],252320,2006,False,,0.442,0.7959999999999999,0.0031,0.35200000000000004,77.764
6aqjzWpC56Rf7kmf95NZ0V,Rampart Division,['Xzibit'],244987,2006,False,,0.745,0.6,0.0351,0.251,92.95200000000001
6gNQohel8ljAhTZP7zBrzf,Say It To My Face,['Xzibit'],224160,2006,False,,0.7020000000000001,0.499,0.0457,0.545,174.033
1AxHoqS6gy04SbN7HNGu26,The Donnelle Rollins Show,['Xzibit'],101187,2006,False,,0.591,0.36,0.619,0.748,89.98299999999998
3vqqMUA9P8JYxsz02MaRb8,Scandalous Bitches,['Xzibit'],184067,2006,False,,0.7509999999999999,0.6629999999999999,0.0431,0.865,86.041
3HhnZcsReFjauzvd40rYd5,Concentrate,['Xzibit'],229627,2006,False,,0.769,0.473,0.0007830000000000001,0.0985,106.976
1Pf0iwlJo7pZaKmtzXLYBk,On Bail,['Xzibit'],278560,2006,False,,0.716,0.5660000000000001,0.0365,0.302,76.979
09aDpLYpktFFHNHw37Z28G,Family Values,['Xzibit'],233907,2006,False,,0.728,0.899,0.0436,0.846,83.98100000000002
469WUSNNE7Wse46uDeYYws,Black And Brown,['Xzibit'],348160,2006,False,,0.7340000000000001,0.562,0.0831,0.662,82.98
1bIC1llW6AkMNS8UMYqhaa,The Whole World,['Xzibit'],261107,2006,False,,0.493,0.889,0.0052,0.387,167.042
5g5xY3rvY64aVGQoB1z7GB,Poppin' Off,['Xzibit'],254240,2006,False,,0.662,0.6,0.0156,0.726,83.295
4mrZ5odKxkNKma7xcTwX2R,Thank You,['Xzibit'],300693,2006,False,,0.794,0.7909999999999999,0.0062,0.6779999999999999,80.732
1bgIIbhg7S2HnEbdCRHv4D,Invade My Space,['Xzibit'],317947,2006,True,,0.654,0.794,0.0202,0.35700000000000004,85.24799999999998
1TO7xnutRmQUinYbRzpqcT,Rollin',['Xzibit'],252320,2006,True,,0.498,0.7709999999999999,0.0033200000000000005,0.366,79.139
0rUH2rkvgY1y2fm4VEz3O7,Rampart Division,['Xzibit'],244587,2006,True,,0.711,0.6809999999999999,0.0337,0.259,93.13
7gefM74mkW9ZwYDeMew2bI,Say It To My Face,['Xzibit'],249813,2006,True,,0.743,0.545,0.0503,0.768,86.37299999999998
70A3m8L3XUw5DHLSGpvvzm,The Donnelle Rollins Show,['Xzibit'],101187,2006,True,,0.614,0.374,0.624,0.797,90.83
1oRGibsTODvriQhM2HFaTN,Scandalous Bitches,['Xzibit'],184067,2006,True,,0.753,0.684,0.0442,0.8320000000000001,86.00200000000002
30leYTEpITJR9GrQ8pbQss,Concentrate,['Xzibit'],229627,2006,True,,0.5379999999999999,0.46399999999999997,0.000667,0.0982,137.42600000000002
3S3TATVpSwLJCJzW1o2P51,On Bail,['Xzibit'],278560,2006,True,,0.595,0.556,0.0287,0.332,53.592
6lenoT931ABjs9HyfIbC5C,Family Values,['Xzibit'],233907,2006,True,,0.7070000000000001,0.91,0.0309,0.838,83.95700000000002
4vAx6A5J9AxnHXwViaOBCi,Black & Brown,['Xzibit'],348160,2006,True,,0.723,0.645,0.075,0.6890000000000001,82.97399999999998
37GLkf8ZNqaa9pexWn6HSR,The Whole World,['Xzibit'],261107,2006,True,,0.4920000000000001,0.898,0.006529999999999999,0.39799999999999996,167.89700000000005
5s7eA79MVpBjbUfaaAdCko,Poppin Off,['Xzibit'],254333,2006,True,,0.813,0.644,0.0194,0.823,89.824
2Frh9jbZykPYdwJ56k5Cq6,Movin In Ya Chucks,['Xzibit'],295760,2006,True,,0.713,0.575,0.00617,0.18899999999999997,81.722
44GjL0H0OpcuB5C2XX6Kwg,Thank You,['Xzibit'],300693,2006,True,,0.8029999999999999,0.789,0.00686,0.6759999999999999,80.737
6Bh1RKOp837ZpDlMuj1Zbp,Salvation,"['Xiong Zi Qi', 'Robyn Chaos']",450613,2006,False,,0.56,0.8320000000000001,0.00203,0.147,174.017
4Y9lNFidemzJJfAXAPwNsd,xn+1=a*xn*(1-xn) (Tapis Vollante),['32crash'],128400,2011,False,,0.363,0.794,0.00024900000000000004,0.207,150.197
4pWEEZZwvdvE3ZmA6icWjt,Kansyou VectorHeart,"['Arca', ""X'Flare""]",233766,2019,False,,0.48700000000000004,0.9390000000000001,0.0291,0.284,76.956
7i59xMoHaow13LCxv7HbE2,"Jouluyo, juhlayo (Silent Night, Holy Night)","['Franz Xaver Gruber', 'Kyosti Haatanen', 'Matti Salminen', 'Finnish National Opera Chorus', 'Tampere Philharmonic Orchestra']",258667,1993,False,,0.2,0.21899999999999997,0.978,0.0563,84.734
2LEQtR3LJgTfV3HVEQTFh7,Return Of The Bang Bang,['Sadat X'],217815,2010,True,,0.621,0.9059999999999999,0.000356,0.64,97.023
6PUKxVcnDAMjsZiPE5T9pI,Turn It Up (feat. Pete Rock),"['Sadat X', 'Pete Rock']",235451,2010,True,,0.552,0.77,0.0037799999999999995,0.444,97.025
3r2mMBkpLT0kAVkZJddhQ7,In Da Jungle (feat. A.G.),"['Sadat X', 'A.G.']",168871,2010,True,,0.574,0.662,0.0024,0.44799999999999995,103.25299999999999
25RYDIBPl8YE5z76N117qA,Nuclear Bomb,['Sadat X'],141762,2010,True,,0.81,0.737,0.000897,0.841,98.065
4WvmVtuZFfJL21fY8PeLmT,Still On Deck (feat. Twan),"['Sadat X', 'Twan']",195949,2010,True,,0.557,0.743,4.3e-05,0.34600000000000003,89.931
351LoyqOe2akztrDLHObgr,Roll That (feat. Rhymefest),"['Sadat X', 'Rhymefest']",192079,2010,True,,0.545,0.768,0.0121,0.83,158.204
4bFlsXwLL4BXiTIvYU8mUb,Wherever (feat. Shabaam Sahdeeq),"['Sadat X', 'Shabaam Sahdeeq']",187873,2010,True,,0.284,0.925,0.00671,0.528,172.688
3VIWpUrWo38zD6V0qCKySh,Swerv (feat. Swerv),"['Sadat X', 'Swerv']",191243,2010,True,,0.602,0.787,0.00108,0.512,94.041
7pCnE35gLYEeqWxQF2L8Mw,"Pray (feat. Kurupt, Umi, M-1 (of Dead Prez) & Sir Jinx)","['Sadat X', 'Sir Jinx', 'Umi', 'Kurupt', 'M1 Dead Prez']",343500,2010,True,,0.426,0.725,0.0686,0.353,81.899
3ZuRR2AdLqpuOsnYCYpXrR,We Kewl (feat. Twan & Sean Black),"['Sadat X', 'Twan', 'Sean Black']",209212,2010,True,,0.485,0.705,0.0033299999999999996,0.4970000000000001,183.167
5eTYhmAKDElKZHQuZZRR6Q,Knock Me Down (feat. Kim),"['Sadat X', 'Kim']",199459,2010,True,,0.42100000000000004,0.9470000000000001,0.0084,0.6759999999999999,85.54799999999999
7i3PlS5ozQF79Jk632BAly,Long Years (feat. Grand Puba & Lord Jamar),"['Sadat X', 'Lord Jamar', 'Grand Puba']",261550,2010,True,,0.452,0.518,0.0124,0.5579999999999999,83.306
7Ha2iQrQo279NwhawhXA7A,Bargain With The Devil (feat. Vast Aire),"['Sadat X', 'Vast Aire']",273043,2010,True,,0.525,0.7440000000000001,0.00774,0.597,77.075
7qtGfkBjtaAEGIfXo20hiQ,Everybody Know (feat. Money Boss Players),"['Sadat X', 'Money Boss Players']",179119,2010,True,,0.601,0.8370000000000001,0.00148,0.595,172.046
2XWejmNKrMt4543Wt0CWT2,X And Bill (feat. Ill Bill),"['Sadat X', 'ILL Bill']",180140,2010,True,,0.611,0.861,0.0298,0.687,95.051
003d4jqRnbvLgnBosw14AN,Last Time Out (feat. Twan & Sean Black),"['Sadat X', 'Twan', 'Sean Black']",210005,2010,True,,0.382,0.72,0.0263,0.48200000000000004,171.0
7raOslKmT3UTd4r2LOnCIu,Memento mei [Antifonarium Tammelense] (arr. H.L. Vuori and J. Korhonen),"['Anonymous\xa0', 'Hilkka-Liisa Vuori', 'Johanna Korhonen', 'Vox Silentii']",82733,2011,False,,0.267,0.0247,0.995,0.0527,123.838
5hUzYRl1OM6NGzK7EVPIk4,Lumen verum [Cantus sororum] (arr. H.L. Vuori and J. Korhonen),"['Anonymous\xa0', 'Hilkka-Liisa Vuori', 'Johanna Korhonen', 'Vox Silentii']",156507,2011,False,,0.245,0.0131,0.991,0.0382,130.101
4mwra9UNrAw6k4G24PfiEe,Agnus Dei [Graduale Ilmolense] (arr. H.L. Vuori and J. Korhonen),"['Anonymous\xa0', 'Hilkka-Liisa Vuori', 'Johanna Korhonen', 'Vox Silentii']",169933,2011,False,,0.177,0.0246,0.993,0.0359,157.08700000000005
4oM5JrrXGI6VpuxGPw7oyK,"Deus, Deus meus [Graduale Aboense] (arr. H.L. Vuori and J. Korhonen)","['Anonymous\xa0', 'Hilkka-Liisa Vuori', 'Johanna Korhonen', 'Vox Silentii']",261067,2011,False,,0.183,0.0203,0.9940000000000001,0.0459,74.419
5WV8lv8HcyBXkGcJ0VeFFv,In manus tuas Domine [Cantus sororum] (arr. H.L. Vuori and J. Korhonen),"['Anonymous\xa0', 'Hilkka-Liisa Vuori', 'Johanna Korhonen', 'Vox Silentii']",178200,2011,False,,0.301,0.019,0.9940000000000001,0.0369,64.161
2LNX0PjD4bZ0AZ7iQnjxhW,Jesu benigne redemptor [Cantus sororum] (arr. H.L. Vuori and J. Korhonen),"['Anonymous\xa0', 'Hilkka-Liisa Vuori', 'Johanna Korhonen', 'Vox Silentii']",213293,2011,False,,0.226,0.00719,0.992,0.0375,129.847
3M8BGDQbWZ7G6WWKYFelvt,In pace Patris eterni [Cantus sororum] (arr. H.L. Vuori and J. Korhonen),"['Anonymous\xa0', 'Hilkka-Liisa Vuori', 'Johanna Korhonen', 'Vox Silentii']",228267,2011,False,,0.22,0.0142,0.991,0.0511,78.062
3buUBEpSKJAPJhFJCNtJfV,Alleluia [Antifonarium Tammelense] (arr. H.L. Vuori and J. Korhonen),"['Anonymous\xa0', 'Hilkka-Liisa Vuori', 'Johanna Korhonen', 'Vox Silentii']",174253,2011,False,,0.155,0.011000000000000001,0.995,0.0511,74.693
0xtDYEzCCDgY1dV4yjLBbc,Dum transisset sabbatum [Antifonarium Tammelense] (arr. H.L. Vuori and J. Korhonen),"['Anonymous\xa0', 'Hilkka-Liisa Vuori', 'Johanna Korhonen', 'Vox Silentii']",341107,2011,False,,0.182,0.0245,0.993,0.0383,79.672
00UotdAXhqxq5j2XYGRCn3,Angelus autem Domini - Kyrie eleison - Respondens autem angelus [Antifonarium Tammelense] (arr. H.L. Vuori and J. Korhonen),"['Anonymous\xa0', 'Hilkka-Liisa Vuori', 'Johanna Korhonen', 'Vox Silentii']",194147,2011,False,,0.204,0.0712,0.993,0.0372,167.585
019CoAdI0LTVpK6EyuMXL6,Alleluia - Pascha nostrum [Graduale Triplex] (arr. H.L. Vuori and J. Korhonen),"['Anonymous\xa0', 'Hilkka-Liisa Vuori', 'Johanna Korhonen', 'Vox Silentii']",219013,2011,False,,0.268,0.0943,0.993,0.0365,66.87899999999999
3KhMnHIGCICzLMJbo8qBGb,"Surrexit Christus, alleluia! [Graduale Triplex] (arr. H.L. Vuori and J. Korhonen)","['Anonymous\xa0', 'Hilkka-Liisa Vuori', 'Johanna Korhonen', 'Vox Silentii']",166933,2011,False,,0.303,0.0276,0.992,0.035,77.875
79RYWSWVj8BJeMOxIVyqfa,Regina celi [Cantus sororum] (arr. H.L. Vuori and J. Korhonen),"['Anonymous\xa0', 'Hilkka-Liisa Vuori', 'Johanna Korhonen', 'Vox Silentii']",162680,2011,False,,0.247,0.0224,0.992,0.0651,132.82
3NU71eMQBRZv0WbpLt7vKj,"Alleluia, Spiritus Domini [Antifonarium Tammelense] (arr. H.L. Vuori and J. Korhonen)","['Anonymous\xa0', 'Hilkka-Liisa Vuori', 'Johanna Korhonen', 'Vox Silentii']",161800,2011,False,,0.263,0.0408,0.9940000000000001,0.0355,129.8
79RFr9BSAb3blMenniFRNe,Exsultabo et laetabor [Cantus sororum] (arr. H.L. Vuori and J. Korhonen),"['Anonymous\xa0', 'Hilkka-Liisa Vuori', 'Johanna Korhonen', 'Vox Silentii']",102360,2011,False,,0.303,0.067,0.993,0.0397,130.28
0aXW9LmYgNMhmsYZxPo9b6,Benedicamus in laudem Patris [Cantus sororum] (arr. H.L. Vuori and J. Korhonen),"['Anonymous\xa0', 'Hilkka-Liisa Vuori', 'Johanna Korhonen', 'Vox Silentii']",196787,2011,False,,0.244,0.0298,0.991,0.0374,102.08
0CAp0u6MR9Iwf8ZGxULuDL,Alleluia - Surrexit pastor bonus [Graduale Aboense] (arr. H.L. Vuori and J. Korhonen),"['Anonymous\xa0', 'Hilkka-Liisa Vuori', 'Johanna Korhonen', 'Vox Silentii']",282840,2011,False,,0.20199999999999999,0.0669,0.991,0.0362,80.604
6MtjzS2ud5grGYKeM5J65p,Dulcis Jesu memoria [Liber hymnarius] (arr. H.L. Vuori and J. Korhonen),"['Anonymous\xa0', 'Hilkka-Liisa Vuori', 'Johanna Korhonen', 'Vox Silentii']",228427,2011,False,,0.18899999999999997,0.0747,0.992,0.0474,70.914
74a1pL0rINJFnOC52aUd2v,Morsima-Amorsima,"['Iannis Xenakis', 'Aki Takahashi', 'Callithumpian Consort', 'Stephen Drury']",661227,2010,False,,0.32299999999999995,0.0219,0.764,0.0747,105.146
6KDFitIQm2mh16dJEewFnA,Akea,"['Iannis Xenakis', 'Aki Takahashi', 'JACK Quartet']",841840,2010,False,,0.32799999999999996,0.157,0.76,0.10400000000000001,81.29899999999998
3N2uyVSk0OIooc5LdFIf2d,Paille in the Wind,"['Iannis Xenakis', 'Rohan De Saram', 'Aki Takahashi']",317747,2010,False,,0.255,0.00172,0.722,0.0381,64.781
0wJ6qQCP3JJnq2SxnthxoB,X.Piece.X.Peace.X,['Ayahuaska'],188834,2019,False,,0.525,0.946,0.0146,0.872,102.806
2I8CKNrlTjBGi7Aca3Zku3,Xxx,['2L8'],125013,2011,False,,0.552,0.787,0.00217,0.731,140.089
1vK0p3xMLR3gTCXCPzpy4B,Con un Relampago,"['Nobody', 'Xololanxinxo']",242853,2005,False,,0.736,0.838,0.33799999999999997,0.665,98.023
4HmyJq7HQuQCidJoEF3BFf,Tori Oshi,"['Nobody', 'Xololanxinxo']",212307,2005,False,,0.6809999999999999,0.667,0.536,0.355,105.037
54wT6nqMemS51YgrrqSPWu,Grimstock,"['Anonymous\xa0', 'Scott Tennant']",48867,1998,False,,0.395,0.115,0.95,0.924,142.006
27BROF5pOv3jDWD8A3CgfC,X-Men Style Beatz,['Roc Raida'],362253,1997,False,,0.6459999999999999,0.747,0.00295,0.534,97.765
21uEvp9ar4G0qJVsao1rb2,Tetora,"['Iannis Xenakis', 'JACK Quartet']",813667,2009,False,,0.273,0.0516,0.9059999999999999,0.0386,95.042
1Avw2nBKwlSpW92pCRiPRb,ST/4,"['Iannis Xenakis', 'JACK Quartet']",776707,2009,False,,0.41200000000000003,0.155,0.762,0.11599999999999999,109.069
4Rn3MiNrpbhVSuw0nC51oA,Ergma,"['Iannis Xenakis', 'JACK Quartet']",500813,2009,False,,0.253,0.0399,0.978,0.0391,105.99799999999999
45LXlJecFUHXxw0Cd6tyn5,"La Vida Breve, G. 35: La vida breve, Act II: Danse espagnole No. 2 (arr. for 2 pianos)","['Anonymous\xa0', 'Manuel de Falla', 'Vanessa Perez', 'Stephen Buck']",231217,2016,False,,0.485,0.16399999999999998,0.993,0.221,113.584
3i32y4MSnlwhQRIxTlVZQq,Silent Night - Voice,"['Franz Xaver Gruber', 'Plácido Domingo', 'Steven Mercurio']",212400,2001,False,,0.213,0.157,0.963,0.16,77.535
3K9dL89P5DRHtK1Tn2NVbe,Silent Night,"['Franz Xaver Gruber', 'Tony Bennett', 'Plácido Domingo', 'Vanessa Williams', 'Charlotte Church', 'Steven Mercurio']",228867,2001,False,,0.13,0.21,0.973,0.141,85.15299999999998
6FBhIUEPfcmJ3EZgyYkODn,WALKING THE WAVES,['Francis Xavier'],229307,2007,False,,0.445,0.498,0.256,0.078,132.491
0razkYQ1kFG1RNfdKsJJTj,LE MIRAGE,['Francis Xavier'],236547,2007,False,,0.501,0.449,0.39,0.45899999999999996,122.46
1TC45woIrCo0AWWcl2eJbL,DESERT FESTIVAL,['Francis Xavier'],54507,2007,False,,0.254,0.376,0.619,0.213,166.82299999999995
0mjzPqGQaubuvNEycDcieJ,DREAM OF THE PEARLFISHER,['Francis Xavier'],258600,2007,False,,0.429,0.467,0.23399999999999999,0.231,140.625
3HeMZqeARvVcxhhm2JEfVN,CONDOR,['Francis Xavier'],201080,2007,False,,0.171,0.262,0.687,0.0979,81.104
46JBzOqr9DlZPXRJVZfdaR,SAHARA ACHARA,['Francis Xavier'],374787,2007,False,,0.44299999999999995,0.431,0.0273,0.287,134.048
2iLc86w8wHHSvaFBY71tVs,YOU LET GO,['Francis Xavier'],15787,2007,False,,0.228,0.0661,0.995,0.0,62.998999999999995
0ozjmxAy5NvB5Of1uI9dUr,SPIRIT OF VALILMA/TUSITALA,['Francis Xavier'],459840,2007,False,,0.21600000000000005,0.174,0.878,0.0343,68.667
3p8M3CizyoDerQlmI5ORER,INTERLUDE,['Francis Xavier'],24187,2007,False,,0.23,0.00344,0.924,0.0,118.432
02tss2hUJTe4zmOijposuE,GHOSTWALK,['Francis Xavier'],201080,2007,False,,0.654,0.365,0.0875,0.48200000000000004,133.18200000000002
1bPp9dxAFhtU1WFhZ2gs9l,NEW DAY,['Francis Xavier'],171840,2007,False,,0.649,0.0238,0.95,0.132,82.109
70Qx9J2AaTZIpxoOx4mPDC,KING OF KINGS,['Francis Xavier'],226133,2007,False,,0.433,0.405,0.00892,0.155,126.21700000000001
6YEDSBqpq2MzH0rH6TU7tt,LMS,['Francis Xavier'],231333,2007,False,,0.54,0.261,0.894,0.0467,103.26700000000001
7udmqVSVMMM7qIi7be2WDT,NO DISTANCE TOO GREAT,['Francis Xavier'],161093,2007,False,,0.483,0.504,0.23600000000000002,0.38299999999999995,83.26799999999999
43qFKHjdgMeckBVlPZc7Qf,WALKING THE WAVES REPRISE,['Francis Xavier'],155733,2007,False,,0.23600000000000002,0.139,0.8540000000000001,0.0347,116.749
47TTB5JWjIphIRSlsKZaOK,X-13D,['IfIHadAHiFi'],131480,2011,False,,0.41700000000000004,0.9640000000000001,0.00235,0.142,119.83200000000001
0adHsmYRJ40jw6EojXjNCF,XXL,['83'],219760,2009,False,,0.935,0.7040000000000001,0.11,0.682,98.807
0aUeCnnakcN2kmeUXjMz8H,Polivox - remix,"[""Xplosiva 'N' Luca Bladini""]",317107,2006,False,,0.73,0.9229999999999999,0.0326,0.284,130.194
3p9d4b41Ae0MSGKR04Dsd4,Reflection (Digital Pain Remix),['X-Vivo'],290807,2013,True,,0.39399999999999996,0.762,0.000609,0.226,175.092
7pqBLi3AswBhrp3TiM25U3,Last Drop (Forsaken Remix),['X-Vivo'],232516,2013,False,,0.611,0.914,0.0225,0.299,130.06
5kqwtKbzdGP8xmQP5m3aV6,Egophobia (Dirty Veins Remix),['X-Vivo'],256000,2013,True,,0.5479999999999999,0.597,0.0022199999999999998,0.507,140.007
54YN8ptCA4WL6DC3eGcpMT,Daymares (Beyond the Lethargy Remix),['X-Vivo'],259563,2013,False,,0.7609999999999999,0.361,0.000997,0.166,124.991
1zeWthSPBoirBcF1eJG4Hf,Realität (Dualism Remix),['X-Vivo'],337641,2013,False,,0.485,0.675,0.052000000000000005,0.0396,199.977
4nyBVM5rPl6rhbl1ZpGkoC,Irrtümer (the End Remix),['X-Vivo'],393500,2013,False,,0.546,0.55,0.16899999999999998,0.0958,130.05
3x8kHkjM8VZK4C2z27fKzR,Elephant Man,['K-X-P'],289053,2010,False,,0.442,0.539,0.0454,0.33799999999999997,114.28200000000001
7LDQ1zp331dgzdlXHoVKFs,Mehu Moments,['K-X-P'],414747,2010,False,,0.5720000000000001,0.616,0.0167,0.285,119.046
49TSsAP9XAw1526Lkq3R3u,18 Hours (Of Love),['K-X-P'],282827,2010,False,,0.5539999999999999,0.618,0.000269,0.0669,129.96
2RLiNmxSAhZF6yj3wdcAEg,Labirynth,['K-X-P'],335027,2010,False,,0.574,0.782,0.0458,0.196,126.01700000000001
2uLL279IYgwLOGe4hTA7bT,Aibal Dub,['K-X-P'],349587,2010,False,,0.7340000000000001,0.519,0.0258,0.253,114.088
3xSSiHGPKi3OzQEYN5Vy3J,Pockets,['K-X-P'],442600,2010,False,,0.474,0.9009999999999999,0.00599,0.040999999999999995,122.007
3c7wmK9Y8rx89asB7vr3Uk,New World,['K-X-P'],295200,2010,False,,0.562,0.645,0.315,0.311,110.005
1C8adZIs6ef3ChmNhmRD8K,Epilogue,['K-X-P'],219187,2010,False,,0.16,0.539,0.107,0.0378,180.16400000000002
637wgLoZ1cd3WCLA27eaon,"Folia [Biblioteca Nacionale in Madrid, 17th Century]","['Anonymous\xa0', 'Adam LaMotte', 'Richard Savino']",425760,2011,False,,0.53,0.141,0.948,0.384,140.97899999999996
4PbMuyuUAJPhBdsW3vf2Fs,Afraid Of Monsters,['Xela'],303547,2007,False,,0.632,0.359,0.348,0.41200000000000003,165.852
1EWaWvYBl70dH0ubaDx6Xc,Under The Glow Of Streetlights,['Xela'],264827,2007,False,,0.4970000000000001,0.643,0.00492,0.604,180.072
5myINX8oJ0p6IaR4ol2uy4,Japanese Whispers,['Xela'],370333,2007,False,,0.778,0.727,0.10099999999999999,0.648,95.01
6QiyVTodr55hTgX9IimTSK,Inbetween Two Rooms,['Xela'],287573,2007,False,,0.376,0.442,0.725,0.0451,149.989
2WLLHTXrqBnY5A8Gu15Ora,Impulsive Behaviour,['Xela'],265000,2007,False,,0.8109999999999999,0.475,0.55,0.152,103.18
3fulxTHtOJxmI8at5ORPHX,An Abandoned Robot,['Xela'],352320,2007,False,,0.237,0.00565,0.809,0.033,119.723
3vmZLqMukm8tLAFq1OpLEC,The Long Walk Home At Midnight,['Xela'],321387,2007,False,,0.488,0.34,0.13,0.461,81.949
241DtJvat0nJNRAwJ1YRIr,Bobble Hats In Summer,['Xela'],386133,2007,False,,0.35200000000000004,0.358,0.5870000000000001,0.0997,112.654
2IY53izXBh7JsOv1VWISuM,Digital Winter,['Xela'],136093,2007,False,,0.23399999999999999,0.532,0.0101,0.0373,135.85299999999998
13u5G7BB8sb1Zy6BS2ZVYJ,Last Breath,['Xela'],373307,2007,False,,0.574,0.14,0.9159999999999999,0.307,119.98899999999999
4qGR3ipvm4IIU6eQaj6qOE,A Glance,['Xela'],296813,2007,False,,0.514,0.387,0.0931,0.3,128.484
4H8jUNwRZInQugbBPyjIrz,Danse Macabre,['Xela'],292560,2007,False,,0.40299999999999997,0.486,0.188,0.11800000000000001,110.935
6F4F0U2l003LJCqDa8DTlr,"In the Bleak Midwinter, H. 73 (Arr. for Wind Band)","['Anonymous\xa0', 'Gustav Holst', 'North Texas Wind Symphony', 'Eugene Migliaro Corporon']",281133,2006,False,,0.107,0.059000000000000004,0.973,0.105,78.499
6Xmb5vyPODsKSQwi41S0t0,You Can Have Me,['Geri X'],164912,2012,False,,0.606,0.58,0.0163,0.322,116.051
43IvIld32HdmFSVaT57uib,Belly Up,['Geri X'],267312,2012,False,,0.495,0.326,0.0332,0.0943,178.19099999999997
4QrqJhbOdQdnCP1U9N5EXG,Work Is the Wolf,['Geri X'],206943,2012,False,,0.45299999999999996,0.36200000000000004,0.00954,0.35600000000000004,160.757
6WJTEKeiSXWRQuzAat6S8S,Actual Air,['Geri X'],256393,2012,False,,0.425,0.268,0.0266,0.0846,114.15299999999999
0LYxpvwGggWrXhQaj9mMbS,Instigating Defeat,['Geri X'],141741,2012,False,,0.598,0.9209999999999999,0.000489,0.406,152.001
7lHkpEpU9ZTKhBKy927QUT,F**K,['Geri X'],166166,2012,True,,0.6459999999999999,0.586,0.0822,0.195,117.92399999999999
2hrPbItJqunH92lz3reLig,I'm Broke,['Geri X'],146652,2012,False,,0.544,0.315,0.111,0.643,97.196
0bTEXv9ojTq8FLExLqX6Dv,Boom Boom,['Geri X'],143727,2012,False,,0.7759999999999999,0.389,0.306,0.114,127.17399999999999
3t0iBufcUtE4Xx7IAyUJX3,Ship Captain,['Geri X'],242888,2012,False,,0.518,0.639,0.0093,0.359,131.22899999999998
4iHa7OxHvsyKBM22kmnQqH,Live Fast Die Young,['Geri X'],219064,2012,False,,0.7509999999999999,0.429,0.426,0.8590000000000001,123.818
4SvLgKBoWVz7KceAe9y6aR,Zhoushan luo-gu,['Min-xiong Li'],224000,1992,False,,0.363,0.272,0.667,0.838,150.993
129xfOZcFHA2glCt2svQ0o,Great Harvest: I. —,['Min-xiong Li'],139267,1992,False,,0.187,0.00642,0.722,0.0378,163.255
5C6Xf8uuF4YkhgfqNlqxrI,Great Harvest: II. —,['Min-xiong Li'],102893,1992,False,,0.364,0.496,0.506,0.0427,160.227
0UQ6yRhxugSITDSgH5oEtJ,Great Harvest: III. —,['Min-xiong Li'],88173,1992,False,,0.3720000000000001,0.466,0.672,0.0508,147.189
1OEVFry0zs6YZMLhKn83Nz,Great Harvest: IV. —,['Min-xiong Li'],268627,1992,False,,0.40700000000000003,0.376,0.645,0.0663,165.636
0o7zoGy9El9XuCBBJ7nfkS,General's Victory,['Min-xiong Li'],320040,1992,False,,0.34600000000000003,0.295,0.5539999999999999,0.507,182.15400000000002
20Q4JLrpQO7waZ4Jj4zeWj,Duck's Quarrel: Squabbling Ducks,['Min-xiong Li'],241000,1992,False,,0.535,0.736,0.922,0.0258,106.552
34WXa3r1tiyo7z1E20erKb,Kwai gu duan,['Min-xiong Li'],240333,1992,False,,0.484,0.287,0.233,0.0985,155.576
7xNYZ3CTkWONPCCUoZuTLt,Celebrating Lantern Festival,['Min-xiong Li'],319160,1992,False,,0.282,0.139,0.415,0.21,86.771
7ihgEA6G6xmSlaRTB8lFCt,Shi-ba-liu-si-er (arr. Min-xiong Li): Shi-ba-liu-si-er,['Min-xiong Li'],286173,1992,False,,0.461,0.325,0.599,0.18100000000000002,100.396
1fYPMoosXHmLwX96KJ83p1,Day of Jubilant: Great Harvest,['Min-xiong Li'],192333,1992,False,,0.4370000000000001,0.19,0.35,0.397,150.476
2FOMG05J35JDisaTwhbK5x,Flying Dragons and Jumping Tigers: Day of Jubilant,['Min-xiong Li'],183493,1992,False,,0.436,0.295,0.366,0.0874,151.334
1I1MkIp7RBR5MgcWHeM7Hd,Flying Dragons and Jumping Tigers,['Min-xiong Li'],411840,1992,False,,0.499,0.39799999999999996,0.575,0.499,79.873
01RTqowcWLztgLID9xV8FI,"Pine, Bamboo, Plum",['Min-xiong Li'],442000,1992,False,,0.637,0.636,0.299,0.0356,125.70100000000001
0jIyFvnEdECCiIKcti1lB4,All Creatures of Our God and King (arr. J. Ferguson for choir),"['Anonymous\xa0', 'John Ferguson', 'The St. Olaf Choir']",287107,2000,False,,0.174,0.292,0.934,0.187,139.25799999999998
695O4NJ2j3bCLDiEnxQmYh,He Comes to Us as One Unknown (arr. J. Ferguson for choir),"['Anonymous\xa0', 'John Ferguson', 'The St. Olaf Choir', 'Kylee Spencer']",256893,2000,False,,0.141,0.14800000000000002,0.912,0.0628,78.682
4NkpOAh0xUHyxjOHCgTRnm,The Strife Is O'er (arr. J. Ferguson for choir),"['Anonymous\xa0', 'John Ferguson', 'The St. Olaf Choir', 'Sarah Branton']",128867,2000,False,,0.23,0.18600000000000005,0.9520000000000001,0.313,82.023
0yLcSAC4izYjWtMpZiWq1a,Shall We Gather at the River (arr. J. Ferguson for choir),"['Anonymous\xa0', 'John Ferguson', 'The St. Olaf Choir']",313800,2000,False,,0.102,0.139,0.97,0.0944,66.607
5Znv46UE1hDtzN676Fdsiy,For the Fruit of All Creation (arr. J. Ferguson for choir),"['Anonymous\xa0', 'John Ferguson', 'The St. Olaf Choir']",263733,2000,False,,0.10099999999999999,0.159,0.917,0.132,81.907
1Brb5WOsbmEPYMRdKRyL8l,Silent Night,"['Franz Xaver Gruber', 'York Minster Choir', 'Jackson Francis']",253000,2000,False,,0.14400000000000002,0.19399999999999998,0.9420000000000001,0.0372,72.506
31odlVSJQqZFhQqNriepwl,X Factor,['Mood'],195212,2011,False,,0.75,0.782,0.713,0.509,96.015
4Jpxs3DR169YLJsW05G1hE,Africa (arr. for piano): Africa: II. Land of Romance (arr. for piano),"['Anonymous\xa0', 'William Grant Still', 'Lara Downes']",413467,2013,False,,0.39,0.0354,0.995,0.0413,55.613
6sox33VW0GIHFNcxhHgz9I,The Lark Ascending (arr. for wind ensemble),"['Anonymous\xa0', 'Ralph Vaughan Williams', 'North Texas Wind Symphony', 'Eugene Migliaro Corporon']",892707,2006,False,,0.201,0.0625,0.9790000000000001,0.0812,82.655
4Ep29L595aCpbATrdtpbPU,Symphonia serena: II. Geschwindmarsch by Beethoven,"['Anonymous\xa0', 'Paul Hindemith', 'North Texas Wind Symphony', 'Eugene Migliaro Corporon']",255027,2004,False,,0.4970000000000001,0.191,0.982,0.4270000000000001,97.51100000000001
6RdUTlsEApm81mhfgqHtmS,Summe Trinitati,"['Anonymous\xa0', 'Vox Silentii']",289293,2011,False,,0.19399999999999998,0.0598,0.992,0.0991,77.189
2L1zmyl6yiZvgJd77wsWNX,Te sanctum Dominum,"['Anonymous\xa0', 'Vox Silentii']",213627,2011,False,,0.301,0.0357,0.992,0.0399,131.91899999999998
2drKBCo6Ub8VtCtLV7lLLa,Benedicta terra,"['Anonymous\xa0', 'Vox Silentii']",188720,2011,False,,0.226,0.0593,0.9940000000000001,0.0394,76.301
66FuIUbw9uqVYP0n4Wt6BC,Eva mater,"['Anonymous\xa0', 'Vox Silentii']",235427,2011,False,,0.313,0.0375,0.992,0.0411,113.695
644tGgbdmYQLCl2Sno98R3,Veni creator Spiritus,"['Anonymous\xa0', 'Vox Silentii']",182787,2011,False,,0.205,0.0287,0.991,0.0424,79.13
0GGR6UqhD1p5oVnZrQBHEu,Benedictus sis tu,"['Anonymous\xa0', 'Vox Silentii']",164240,2011,False,,0.289,0.0219,0.9940000000000001,0.102,77.027
1DgHgFuDYKgvWoACxP3HCD,Corrige Virgo,"['Anonymous\xa0', 'Vox Silentii']",136520,2011,False,,0.254,0.0374,0.993,0.155,77.264
5jPeqYEUqJiyEtXhE8fwcd,Videte miraculum,"['Anonymous\xa0', 'Vox Silentii']",301987,2011,False,,0.21600000000000005,0.0473,0.9940000000000001,0.0386,74.918
0EMzz8m00zHZi5BmxAEo6k,Perenniter sit benedicta,"['Anonymous\xa0', 'Vox Silentii']",289973,2011,False,,0.305,0.0404,0.993,0.0964,106.413
29e4mN8DGXhOPY6IdYTYCn,Rogatus Deus rumpere,"['Anonymous\xa0', 'Vox Silentii']",324080,2011,False,,0.192,0.0589,0.992,0.0361,68.844
2bRQlCTgb7GoUrXTJN23CO,O Virgo,"['Anonymous\xa0', 'Vox Silentii']",168080,2011,False,,0.237,0.0561,0.993,0.0486,166.55900000000003
4CfoVJXlvbuphYCmyDdVuo,Beata es Virgo Maria,"['Anonymous\xa0', 'Vox Silentii']",247933,2011,False,,0.308,0.0277,0.992,0.0484,127.64200000000001
1yxaTx7T9fmpL8rmUsev2E,Gaudendum nobis est,"['Anonymous\xa0', 'Vox Silentii']",194227,2011,False,,0.23399999999999999,0.0363,0.991,0.057,83.5
4rXTxkK6q4LLBIUbZs1mcH,"Stille Nacht, heilige Nacht","['Franz Xaver Gruber', 'Dresdner Kreuzchor', 'Roderich Kreile']",169533,2005,False,,0.131,0.0464,0.988,0.0569,177.171
4jaosgAUQS85kPdJD4N4U9,"10 Pieces, Op. 12: No. 7. Prelude (arr. for harp)","['Anonymous\xa0', 'Sergei Prokofiev', 'Grace Cloutier']",142427,2013,False,,0.19399999999999998,0.0384,0.97,0.132,146.80200000000005
1duh86F0rn8UydgNkMKNEe,Xperiment Detroit (Xperiment Mix),['Maurinaz'],461360,2015,False,,0.431,0.802,0.00425,0.0372,134.873
0R5dTMYURloYIoj5LXZK6A,I Feel You,['Studio X'],318107,2011,False,,0.342,0.735,0.0005059999999999999,0.163,82.005
2olp7sJgfgBf8HxZKuiQWm,"Piano Concerto No. 2 in C Minor, Op. 56: II. Adagio","['Xaver Scharwenka', 'Michael Ponti', 'Hamburger Symphoniker', 'Richard Kapp']",515133,1992,False,,0.166,0.0402,0.986,0.0609,53.668
3DFPiclqAT0Oz1nYswYZnf,"Piano Concerto No. 2 in C Minor, Op. 56: III. Allegro non troppo","['Xaver Scharwenka', 'Michael Ponti', 'Hamburger Symphoniker', 'Richard Kapp']",473200,1992,False,,0.39,0.255,0.965,0.385,113.415
4EREm0PNB7VnZjdw33vGeC,SupaSaturation,['Dizzy X'],211067,2004,False,,0.703,0.674,0.153,0.725,111.039
0Gcv5tWSVqMKdppht3YNmR,Hearts Like This,['Dizzy X'],251147,2004,False,,0.657,0.715,0.0164,0.6829999999999999,81.485
1x66iw4pW28MYiKAwTkzbk,Lost Angeles,['Dizzy X'],300813,2004,False,,0.575,0.574,0.48,0.276,126.039
6k4dROzMoUYWUwAMAJqgfH,Movie Star [Phellatius Maximus],['Dizzy X'],199600,2004,False,,0.7509999999999999,0.8540000000000001,0.0285,0.971,110.463
3PMprmP0rWqPhrdGSZmWyf,Show Me,['Dizzy X'],281387,2004,False,,0.4320000000000001,0.65,0.0491,0.193,82.10600000000002
6t1ya05yo7azGUVfUjB4Kg,# One,['Dizzy X'],215227,2004,False,,0.631,0.7759999999999999,0.0114,0.512,90.001
7yxF45MVPSWnB6onBT3EbR,Simple Act,['Dizzy X'],259387,2004,False,,0.535,0.5579999999999999,0.423,0.512,129.75
6R5Y6UdEbxigzqncJJDjDS,Stargazer,['Dizzy X'],255373,2004,False,,0.647,0.631,0.00644,0.397,102.006
174jCjIqL9YUgfpPxZU7qV,Wonderful,['Dizzy X'],241733,2004,False,,0.7190000000000001,0.599,0.24,0.595,81.098
5dbJ5iDhA598rhY5TBgxgu,Here Now,['Dizzy X'],256133,2004,False,,0.642,0.653,0.152,0.785,83.98200000000001
5Ov0LlWXSf1TJpVsOVd144,Aniseed Robin,"['Anonymous\xa0', 'Baltimore Consort']",76667,2011,False,,0.515,0.0209,0.9159999999999999,0.36200000000000004,119.965
58aylxoLDPXKIJelpK9wPv,Cuckolds all a-row,"['Anonymous\xa0', 'Baltimore Consort']",54693,2011,False,,0.415,0.0686,0.878,0.669,141.495
0lnMm8Okcj0kyANifvtROp,The Old Fumbler,"['Anonymous\xa0', 'Merry Companions, The', 'Baltimore Consort']",94133,2011,False,,0.483,0.0777,0.9390000000000001,0.348,164.36900000000003
5EKAQpFmVj0m00eXQYDNWO,Walking in a Meadowe Greene,"['Anonymous\xa0', 'Merry Companions, The', 'Baltimore Consort']",305960,2011,False,,0.436,0.0275,0.9740000000000001,0.23199999999999998,114.228
4ev2argCZk8HyTaB89jzFb,"The Irish Jig, ""The Night Ramble""","['Anonymous\xa0', 'Merry Companions, The', 'Baltimore Consort']",192293,2011,False,,0.5579999999999999,0.0865,0.9540000000000001,0.6809999999999999,79.509
7bSuZIvalALFecKKvO7OmK,Dainty Fine Aniseed Water,"['Anonymous\xa0', 'Merry Companions, The']",80400,2011,False,,0.28800000000000003,0.013999999999999999,0.986,0.135,69.113
298MZnCGNZnJIB7PvZUFeS,Most Men do Love the Spanish Wine,"['Anonymous\xa0', 'Merry Companions, The', 'Baltimore Consort']",79307,2011,False,,0.389,0.0421,0.9740000000000001,0.57,79.977
0pNDSc8OjcX5hQ5tzN27Ep,Argeers,"['Anonymous\xa0', 'Baltimore Consort']",109800,2011,False,,0.638,0.0656,0.915,0.77,110.53299999999999
5xcwwNbLonxFvAmfCRBKQe,Gathering Peascods,"['Anonymous\xa0', 'Baltimore Consort']",144267,2011,False,,0.622,0.17800000000000002,0.747,0.745,110.36399999999999
0MB5WqxL9Rlfxf94f9tZaN,Ladie lie near me,"['Anonymous\xa0', 'Baltimore Consort']",185333,2011,False,,0.285,0.00394,0.982,0.26899999999999996,85.025
0s6QEROKnpHTACsvn3LPKJ,My Thing Is My Own,"['Anonymous\xa0', 'Baltimore Consort']",304307,2011,False,,0.5379999999999999,0.0448,0.9159999999999999,0.5529999999999999,94.38799999999999
4kAySfrWsW3CLIhyaYdlzA,When first Amyntas sued for a Kiss,"['Anonymous\xa0', 'Baltimore Consort']",220440,2011,False,,0.292,0.0112,0.977,0.27,103.616
3CEGEE0tPWvHelzGxm9ROy,Reverie (arr. for orchestra),"['Anonymous\xa0', 'Claude Debussy', 'Minnesota Orchestra', 'Eiji Oue']",268240,2012,False,,0.0807,0.013999999999999999,0.932,0.0394,81.893
5DM68SdjFsDwql4aEoPhVV,Evenstar,['Xlarve'],588044,2011,False,,0.598,0.841,0.185,0.46399999999999997,143.99200000000005
6jthgfAONQTNOsOaXSK7Ny,The Charm,['Xlarve'],340324,2011,False,,0.74,0.539,0.32299999999999995,0.727,135.003
3ZUKkEZqhNCxcHMjKVHcRu,Cry For Me My Weeping Star,['Xlarve'],421330,2011,False,,0.662,0.737,0.0244,0.57,147.001
4T5s2UHn37WX5rOXLgxsUU,Breath of Psyforest,['Xlarve'],280321,2011,False,,0.657,0.815,0.0471,0.754,141.016
3POEQPoYA1Bur0nPuiypE9,Night Above Rhytms,['Xlarve'],340533,2011,False,,0.6609999999999999,0.9890000000000001,0.0594,0.368,144.993
4oTa60RCMnq2shEJsGhkGB,Pangea,['Xlarve'],230166,2011,False,,0.7709999999999999,0.9,0.147,0.835,139.995
4ca9demIuNQBJGvgdUwOKI,Cry For Me My Weeping Star 2,['Xlarve'],411900,2011,False,,0.6609999999999999,0.845,0.0401,0.6459999999999999,146.971
1jtM8x26TcT3PMwfEMQae4,Orbita12,['Xlarve'],390035,2011,False,,0.6559999999999999,0.992,0.146,0.7759999999999999,147.999
4aGm2QG1Pgk67wauelEjr0,Guitar Night Melody,['Xlarve'],301324,2011,False,,0.7390000000000001,0.602,0.00225,0.8690000000000001,127.999
2ZJN1d3Ra312OzyWc1vFgf,Immersing In Eternity,['Xlarve'],528667,2011,False,,0.625,0.9129999999999999,0.34,0.5770000000000001,131.019
7ENCr88EkG0VC8J9R4HoHf,Shore of Dreams,['Xlarve'],346097,2011,False,,0.797,0.757,0.733,0.593,132.983
5kWbKMXuD1hYrh78d1VNlZ,Cryingcat,['Xlarve'],300906,2011,False,,0.5539999999999999,0.685,0.31,0.233,114.041
2QJd5BnNxqdzNjzVr6myaY,Andante Cantabilet,['Xlarve'],358741,2011,False,,0.7020000000000001,0.7190000000000001,0.0023,0.765,140.002
1m35xH24bFl3C0iSXNhS93,The Last Planet,['Xlarve'],527178,2011,False,,0.732,0.669,0.0393,0.28600000000000003,131.015
3g9qcLkpTdFOmfIU8ZK04Y,Cosmic Scream,['Xlarve'],468899,2011,False,,0.6559999999999999,0.927,0.0718,0.536,139.995
31EWNiRzdnXfooyOVqMGyp,Airway To Airiya 2,['Xlarve'],195893,2011,False,,0.654,0.8140000000000001,0.0022,0.8220000000000001,140.00799999999998
6leZPH73bKrCy5klkGy7bZ,Salt Sea Voyage,['Xlarve'],355110,2011,False,,0.7120000000000001,0.965,0.0872,0.45399999999999996,145.001
4V0HIfZGBgroqd3nDCjotH,Psyforest (Resynth Mix),['Xlarve'],340115,2011,False,,0.675,0.775,0.00106,0.5479999999999999,144.987
3MuCshOpZKld2z7F2hhoHY,Cafe Ibiza,['Xlarve'],313758,2011,False,,0.6940000000000001,0.932,0.0289,0.833,139.95
6rN3G3bWvxfzQwzVtfx5Mm,Sunbreeze,['Xlarve'],263603,2011,False,,0.7040000000000001,0.557,0.0847,0.698,137.01
04tEDauZrHmXdg4iTInvOB,Inspired_nature,['Xlarve'],199315,2011,False,,0.76,0.609,0.00807,0.21899999999999997,136.957
4nfptQ8KBRX2OD3XtmpsLg,Airway To Airiya (Remix),['Xlarve'],195475,2011,False,,0.6809999999999999,0.8270000000000001,0.0030399999999999997,0.82,139.999
1YGxvvJYPrTE5FTNbjxUST,Salt Sea Voyage (Q-Mix),['Xlarve'],354039,2011,False,,0.659,0.9690000000000001,0.0261,0.319,144.991
0ExlXZfnRu19kuAKXvq0J8,Airway To Airiya,['Xlarve'],195893,2011,False,,0.662,0.838,0.0034100000000000003,0.9329999999999999,140.005
38OYsnPTYm2oRTL4VRpVUo,Island of Trance 2011,['Xlarve'],326767,2011,False,,0.444,0.978,0.00372,0.359,139.931
6d2mIUQJHHtBLXS4WcdGBe,Child of Universe 2011,['Xlarve'],341265,2011,False,,0.593,0.927,0.00124,0.785,141.00799999999995
2VRN8BhvC3YrWJnnJrvgBF,Lifesvaile,['Xlarve'],426502,2011,False,,0.55,0.938,0.00101,0.129,139.997
2rNWkx6LvAkpTOX4ycpbkU,Wi Xlarve (Original 2011 Mix),['Xlarve'],262323,2011,False,,0.594,0.893,0.00106,0.527,140.005
0EozkrbzOZmEwkYZ2OYXYG,Sunmorph 2011,['Xlarve'],354195,2011,False,,0.47,0.985,0.00585,0.139,139.97799999999998
1VblZWHflreHEz4Fsk2oms,Soundtronix_(Full_Rmx),['Xlarve'],355057,2011,False,,0.609,0.946,0.0125,0.7909999999999999,129.966
2BOumdd9ouEy2Ey1f1YEpf,Exello,['Xlarve'],226195,2011,False,,0.535,0.943,0.0115,0.561,139.97799999999998
3kL5ztTcc5TkqwpXG0xF8r,Morphing of Tibet (Trance Mix),['Xlarve'],360752,2011,False,,0.5579999999999999,0.9790000000000001,0.0014199999999999998,0.457,139.998
5BxCQo7SVtOhyjG9pTpTmS,Kentakullas Haze,['Xlarve'],427730,2011,False,,0.5770000000000001,0.884,0.00137,0.47100000000000003,139.966
1ONA2xdq5wfvtXBH4Lzndo,Dream Travelling,['Xlarve'],366029,2011,False,,0.531,0.89,0.00244,0.76,130.034
6j0amOAWPHLhnFab7DJxe8,Dreampsy Flame (Remake V2.1 Ce),['Xlarve'],272902,2011,False,,0.586,0.81,0.0517,0.499,130.058
013ne6ufNOgLZ1cHTY7n2o,Temple of Reminds,['Xlarve'],283404,2011,False,,0.606,0.777,0.10400000000000001,0.32799999999999996,133.97799999999998
6D4UGXVcAN7kVsIkgT9trb,Redstation On Mars,['Xlarve'],270081,2011,False,,0.5770000000000001,0.899,0.0103,0.546,139.996
3xg1zAowUfK4zJJ4G7Do4h,Subenergy,['Xlarve'],393588,2011,False,,0.574,0.904,0.0013800000000000002,0.7609999999999999,140.007
2L644s9OvqJ6kCc2DkZXgJ,Heatspace,['Xlarve'],247955,2011,False,,0.498,0.912,0.105,0.611,140.04
1A7sAVERxLexnxVaj8yc3V,Soundtronix_(Rmx),['Xlarve'],184243,2011,False,,0.6,0.8240000000000001,0.00021899999999999998,0.865,129.942
2vgyDxHHJbWbY5TJjRINA0,Trancemision,['Xlarve'],281444,2011,False,,0.634,0.87,0.00168,0.8420000000000001,129.975
52E2oGL0Dbc8Jc6BFybM2y,Slide_Guitar,['Xlarve'],265901,2011,False,,0.716,0.9109999999999999,0.0328,0.9229999999999999,127.99799999999999
17mbgZhx8WfNOeMrb9EMTT,Stars Strings,['Xlarve'],349023,2011,False,,0.593,0.985,0.00182,0.47600000000000003,139.968
4yivarilo5ZhoLoQ65Lwlt,Fly Above Japan (Ce V4.2),['Xlarve'],241581,2011,False,,0.574,0.904,0.007890000000000001,0.282,139.96
15LWXey4CASIxKPTZDmwXb,Indian Ritual (2010),['Xlarve'],297170,2011,False,,0.588,0.7,0.0144,0.336,140.016
094sODNKtimXSArLupyjxQ,Partynight,['Xlarve'],260259,2011,False,,0.613,0.9890000000000001,0.0033200000000000005,0.737,139.975
0wiTC3POfYKOLhXRwTHqJy,Save Us (Original Mix 2010) Ce,['Xlarve'],425039,2011,False,,0.5579999999999999,0.937,0.008870000000000001,0.904,141.03
7pXIgG5HGxa6QRQos9nJqH,Summer_Breeze,['Xlarve'],295341,2011,False,,0.486,0.94,0.21899999999999997,0.58,140.02700000000002
30zxeOLwSQbsm5W5mqYC7U,Remind of Night,['Xlarve'],234711,2011,False,,0.7509999999999999,0.809,0.00041799999999999997,0.812,139.984
7y8kmZIojPNikyNoKebABs,Frost Wind (V2),['Xlarve'],238499,2011,False,,0.583,0.619,0.0262,0.45899999999999996,140.003
3X88eAH42tgVDveG2GjPic,Vulcane (Trance Mix),['Xlarve'],358897,2011,False,,0.5870000000000001,0.927,0.0011,0.392,139.97299999999998
33hzr3LBfGKoJz7JyoJyLg,Wingless_Fly,['Xlarve'],339018,2011,False,,0.485,0.9329999999999999,0.0018100000000000002,0.643,140.01
0atYwXpevyfddDwVhvxmd6,Synegami,['Xlarve'],307723,2011,False,,0.636,0.843,0.037000000000000005,0.629,139.955
2sJ0PTb9BtIceYhS9aGMfF,Fantalezia,['Xlarve'],393875,2011,False,,0.705,0.955,0.0157,0.884,133.975
5IVjDor0GEaYsh5kO8IsPc,Circle of Time,['Xlarve'],281706,2011,False,,0.586,0.67,0.00835,0.162,139.983
29Pc2ElHgF58GiAvjO6umg,Dolphin,['Xlarve'],253911,2011,False,,0.603,0.943,0.0123,0.838,139.975
4GZvchziPNG89ZfF6a3bth,Legend of the Warrior,['Xlarve'],329614,2011,False,,0.545,0.769,0.0182,0.308,139.97799999999998
6cVH5ehNRbb6uv1FIin7YU,Moonflower,['Xlarve'],215250,2011,False,,0.619,0.67,0.0027600000000000003,0.815,139.99200000000002
2Z0WNYwChM0nal5N4nzSeb,Fly_Above_Japan_3_(Variation2) 2011,['Xlarve'],284997,2011,False,,0.46799999999999997,0.912,0.0564,0.392,140.0
1pob00FBZs9q1Qu23K7KTn,Aura of Foggoten Mind,['Xlarve'],200857,2011,False,,0.526,0.914,0.0383,0.265,140.013
3O8EeCjXBf6XzPaWuXP914,Cat,['Xlarve'],318826,2011,False,,0.508,0.8059999999999999,0.000153,0.774,140.004
49JEFLrBlJN394FyWrcW7H,Ut_Xlarve(Newyear11test),['Xlarve'],261382,2011,False,,0.598,0.978,0.0436,0.7140000000000001,141.017
1HhvLlzfu9jKT5VgatjtkS,Ut_Xlarve(Newyear08test),['Xlarve'],260442,2011,False,,0.585,0.988,0.0259,0.688,140.97799999999995
05nnNTzF4kFMK5FjbJ871X,Tremition,['Xlarve'],438571,2011,False,,0.518,0.899,4.13e-05,0.809,139.999
5nzTANWOLWKpA2k6GlDf9J,Tinuvielle Planet,['Xlarve'],236775,2011,False,,0.542,0.9520000000000001,0.0263,0.848,139.996
4wSo89RaiIn5DbTAbCHvfZ,Quazanunendr,['Xlarve'],230218,2011,False,,0.618,0.963,0.000136,0.961,139.981
3kvlktuMUGrqUu0sifRmiS,Follow Me (Original2009_Resynth2),['Xlarve'],357069,2011,False,,0.519,0.935,0.0107,0.187,140.007
4icCN34aMNwqh591jDOGgm,Ajgania Island (Rmx),['Xlarve'],204357,2011,False,,0.5489999999999999,0.877,7.809999999999999e-05,0.905,140.00799999999998
21DOLft8NIkx5GekpXaywn,Chasse On (Xlarve 2010 Rmx V1.5Chasse),['Xlarve'],250254,2011,False,,0.568,0.992,0.000162,0.965,139.987
2f20wPjNRIANaMrSPKdEub,Fly Above 120211,['Xlarve'],268383,2011,False,,0.545,0.941,0.18600000000000005,0.397,124.959
4c4lT0vXcUj05ohkYbvkKc,Night In Madjerda 2011,['Xlarve'],423237,2011,False,,0.631,0.9,0.00328,0.7809999999999999,140.0
4afchwQBfJCTL5ijuI1eQk,Sadness of Ocean,['Xlarve'],317833,2011,False,,0.6709999999999999,0.938,0.00041500000000000017,0.7170000000000001,139.982
1luMwjqCF2smpf4JN85yPO,0201,['Xlarve'],199159,2011,False,,0.7070000000000001,0.897,0.0968,0.37,139.977
7J3peIKrRVjrAt5akmYWsT,Redstation On Mars (2010),['Xlarve'],275802,2011,False,,0.542,0.953,0.0156,0.33399999999999996,139.984
0j6RbktW9q4PB09qaKUkwK,Morning In Deepforest (Chill Mix) Wi Xlarve,['Xlarve'],221128,2012,False,,0.19699999999999998,0.21600000000000005,0.982,0.113,85.494
5CUfZlBHJ0nWgqMyHNo6sj,Artefact (Resynth Mix) Wi Xlarve,['Xlarve'],271753,2012,False,,0.652,0.9059999999999999,0.41,0.469,103.995
2VLDwfJlZPqDYyloGXBMYl,Ripsy (Wi Xlarve),['Xlarve'],543792,2012,False,,0.61,0.77,0.00922,0.34299999999999997,127.991
6zAFVBsPT5JtW2A6cUwGGZ,Time Forever: Lives Nothing (Resynth Mix),['Xlarve'],203808,2012,False,,0.253,0.441,0.316,0.131,129.69299999999998
2OQiVSDdzm8gcsKAzGN8bg,Birth (Resynth Mix),['Xlarve'],254904,2012,False,,0.528,0.792,0.2,0.0706,125.005
4xOB69LzB2h7Nsi5Q4yqMS,Call To Unknown (Chill Version),['Xlarve'],252030,2012,False,,0.597,0.521,0.581,0.18899999999999997,120.00200000000001
6tig18w2fwA43d9WYFuh2H,Kentakullas Haze (Chill Mix3),['Xlarve'],181604,2012,False,,0.255,0.71,0.429,0.14400000000000002,114.721
2eg2ldUJiGwEtRoKva5c4y,22 (Wi Xlarve),['Xlarve'],380631,2012,False,,0.675,0.89,0.126,0.524,130.99200000000002
54ztQoS0Sibx6ArDhg6ewi,Fantalezia (Chill Mix),['Xlarve'],204697,2012,False,,0.66,0.847,0.45799999999999996,0.304,119.979
4HQtywgv5NXMsaUGiXhi1P,Moonstrings (Chill Mix),['Xlarve'],255400,2012,False,,0.256,0.784,0.299,0.496,124.962
5Cf7EMwMLfIQLhuU0baogm,22 (Resynth Mix 2),['Xlarve'],380631,2012,False,,0.7190000000000001,0.924,0.0158,0.493,131.002
7ERtNKxnGWYod4d4zrLJjh,Morning In Deepforest (Original Mix) Wi Xlarve,['Xlarve'],399466,2012,False,,0.7440000000000001,0.557,0.37799999999999995,0.597,140.005
5LfLVwIh6udKyFjtIZgG1e,Night In Madjerda 2011 (Chill Mix Resynth),['Xlarve'],213657,2012,False,,0.57,0.87,0.272,0.647,131.893
2B8B71uzfupwrFs0W7rF5N,Promise Me,['Xlarve'],228990,2012,False,,0.642,0.532,0.18899999999999997,0.0715,124.994
3aBkWlN4V3ZQCHHtKaO80m,Around Outside Astral,['Xlarve'],198950,2012,False,,0.591,0.746,0.312,0.35600000000000004,130.025
4AycJKlzz4j4PtZBXdq4UY,Child of Universe (Chill Mix ) 2011,['Xlarve'],234293,2012,False,,0.475,0.5479999999999999,0.261,0.17300000000000001,114.99799999999999
3T0R3hEyv7o3LGV4bovviJ,Crying Drops (Chill Slow Mix),['Xlarve'],215459,2012,False,,0.574,0.943,0.461,0.35700000000000004,114.015
5so7lR2VYHtZBGqeqxw6dM,Night In Madjerda 2011 (Chill Mix),['Xlarve'],183224,2012,False,,0.511,0.879,0.266,0.514,131.995
66AlfX7KEj9GxXIBaeydjJ,Artefact,['Xlarve'],271753,2012,False,,0.521,0.912,0.373,0.337,104.005
3tyi6MPmgujeG3Ab5Edhcz,Call to Unknown (Lounge Version),['Xlarve'],189546,2012,False,,0.353,0.40700000000000003,0.882,0.141,159.821
29C0PBQFfcNxO4dNIFqeiS,Time Forever (Lives Nothing),['Xlarve'],198035,2012,False,,0.317,0.556,0.662,0.0462,129.722
1hedBcGY9t5E5De5miMJK0,Birth,['Xlarve'],254904,2012,False,,0.418,0.65,0.376,0.0695,124.98899999999999
6FERoo2xrkXp6Z5ZpAkGFg,Diving (Xlarve Dubmix R2),['Xlarve'],214022,2012,False,,0.747,0.915,0.00692,0.745,128.004
1jWAu32PHZH71yZeLsoGA2,Kentakullas Haze (Chill Resynthmix4 ),['Xlarve'],174368,2012,False,,0.493,0.6759999999999999,0.7829999999999999,0.14800000000000002,127.04899999999999
5ZetPSXV6eIr9MXDglzB71,Crying Drops (Resynth2 Chill Mix2),['Xlarve'],249679,2012,False,,0.495,0.753,0.13699999999999998,0.109,119.98299999999999
6uqcOkVnSHMAVBkmG55QvV,Larven Whisper (Chill Mix),['Xlarve'],249523,2012,False,,0.526,0.7809999999999999,0.113,0.48200000000000004,120.007
1klquBPh2DN6UrZ7jpwGX8,Meya La (Resynth Mix),['Xlarve'],211384,2012,False,,0.529,0.904,0.633,0.898,134.025
01WiJBvVBrEsBi2wymGfGZ,Moonflower (Chill Mix),['Xlarve'],150884,2012,False,,0.601,0.563,0.735,0.32299999999999995,124.96600000000001
61zc2jJLYqk79EOQhmUT6t,Moonstrings (Chill Mix Resynth),['Xlarve'],255400,2012,False,,0.44299999999999995,0.922,0.0606,0.489,125.02600000000001
1K8SsdOmYk1CMzfoo7XQCr,Promise Me (Resythn Mix),['Xlarve'],228990,2012,False,,0.675,0.5429999999999999,0.289,0.0942,125.012
7q4jItybfvrOIJ7G9ycKQH,Larven Whisper (Trance Mix),['Xlarve'],372899,2012,False,,0.61,0.9540000000000001,0.0419,0.925,139.993
1tG9SHdz0QEZP2qU4Q2pDv,Promise Me (Resythn 2 Mix),['Xlarve'],228990,2012,False,,0.609,0.445,0.223,0.122,125.045
60gsDI2NsQaGuQjdHerQGB,Sadness Inn Univers (Slow Mix),['Xlarve'],498914,2012,False,,0.528,0.862,2.730000000000001e-05,0.413,123.99700000000001
3obuaGRCFjc5KNYddFnxXc,Space Night (Chill Mix1),['Xlarve'],239100,2012,False,,0.607,0.555,0.182,0.19899999999999998,127.02
6UjcNkC33JojsRDKIxhkRS,Crying Drops (Trance Mix),['Xlarve'],392726,2012,False,,0.669,0.9890000000000001,0.0433,0.649,134.017
2Hg2XMeW7ps5LNmPQUYMCy,Sadness Inn Univers,['Xlarve'],430786,2012,False,,0.609,0.84,5.3400000000000004e-05,0.612,144.968
7ulTKWu2Nk7nwrIb8ApGiJ,Child Of Universe (Chill Resynthmix ) 2011,['Xlarve'],234293,2012,False,,0.524,0.691,0.396,0.151,115.01299999999999
0RvKy3bNkw7IrOp3PeoM4o,Jupiters Echos (2012 Test Mix),['Xlarve'],237950,2012,False,,0.5770000000000001,0.7829999999999999,0.00128,0.594,144.983
02Ct1p1Uxt0e2fuh6AHBSm,Crying Drops (Chill Mix),['Xlarve'],204540,2012,False,,0.588,0.9690000000000001,0.387,0.321,120.01899999999999
6oUQq0dsH1oZ0hIIflFznr,Crying Drops (Chill Mix2),['Xlarve'],204670,2012,False,,0.598,0.687,0.623,0.0788,120.05
29URjiKU96Moctw95ydbTC,Crying Drops (Resynth Chill Mix),['Xlarve'],233536,2012,False,,0.534,0.8690000000000001,0.498,0.255,120.023
7mesko5b7rmaHhWIemnuiv,Crying Drops (Resynth Trance Mix),['Xlarve'],392726,2012,False,,0.675,0.9640000000000001,0.109,0.7,133.999
4VH26ncwdMTxHQvopllBlP,Space Night (Chill Mix2 Resynth ) 2011,['Xlarve'],239100,2012,False,,0.52,0.6859999999999999,0.15,0.27699999999999997,127.009
5yK2B0mExT4NUtJKHYspY2,Raflezia,['Xlarve'],228024,2012,False,,0.578,0.977,0.000722,0.847,140.007
34eJlUoMwN3JwrxJJ0MdVh,Snow Cat And Snow Mouse,['Xlarve'],128184,2012,False,,0.17,0.218,0.74,0.0753,182.982
1LaEGOn6ZJ8GTGYYpvn1Wb,Snow Cat And Snow Mouse (Resynth Mix),['Xlarve'],128184,2012,False,,0.319,0.4320000000000001,0.743,0.0449,90.382
5ZgKy2Fr6PmhuqENeMZI8U,Soul (Resynth Test Mix),['Xlarve'],167577,2012,False,,0.5329999999999999,0.498,0.046,0.212,129.971
4aEhxjANDicyDJktTH5Xu6,Night In Madjerda (2011 Mix2),['Xlarve'],423237,2012,False,,0.621,0.935,0.319,0.81,140.006
790MpvZUPm9Z8QJy6cPuf4,Fly_Above_Japan_3_(Variation2) 2011,['Xlarve'],280112,2012,False,,0.48,0.927,0.0619,0.32799999999999996,139.989
2zNhZWZ4YuSvcu6PRtyWoJ,Jupiters Echos,['Xlarve'],246466,2012,False,,0.649,0.815,0.0009599999999999999,0.614,139.985
1mLX0sINLpcvMNCFPNNyc2,Watermelon Acid (Ethnic Chillout Mix),['Xlarve'],252967,2016,False,,0.602,0.746,0.149,0.542,99.99
25stnBXG9tP8XJa3SdWPSi,Ice Cream (Beauty Chillout Mix),['Xlarve'],217505,2016,False,,0.53,0.8440000000000001,0.000857,0.11199999999999999,120.01299999999999
5QwoUEBnqJueHqnsTK9r9u,Dream Field - Wild Nature (Beauty Chillout Mix),['Xlarve'],365641,2016,False,,0.442,0.591,0.0421,0.0571,117.993
2JFkshNoLrVf76EUKABNyK,Sunny Dawn over Ocean (Dream Psybient Guitar Mix),['Xlarve'],210251,2016,False,,0.266,0.5760000000000001,0.772,0.0554,122.021
0KEe3nx5WhX4ngAllrRrqq,Butterflys Wings (Beauty Chillout Mix),['Xlarve'],151005,2016,False,,0.625,0.7859999999999999,0.12,0.125,120.001
2FDKEUgZER0GWeXJbKfhgR,Cicadas Baby Song (Beauty Chillout Mix),['Xlarve'],97005,2016,False,,0.627,0.6920000000000001,0.0333,0.604,119.945
3tJGyrnmFGkjCZBGAMF82x,Futuris Space Mars (Beauty Chillout Mix),['Xlarve'],278715,2016,False,,0.27399999999999997,0.495,0.632,0.122,75.525
0aWOGWYGvpWmMDHFRGMMFh,Steel Quantum Guitar (Beauty Chillout Mix),['Xlarve'],223814,2016,False,,0.359,0.6609999999999999,0.723,0.0681,125.913
58NU78dKDGA7ZXSoY2Qij9,Oreint Arabic Bird (Ethnic Chillout Mix),['Xlarve'],178206,2016,False,,0.586,0.722,0.28300000000000003,0.46399999999999997,100.016
6FW7A6aQb9Eo9ywmtI6K6g,Marimba Toto and Acid (Beauty Chillout Mix),['Xlarve'],261606,2016,False,,0.605,0.743,0.16899999999999998,0.534,100.01100000000001
6h57mw6TQLGg9FUruHmXL5,Fly Far (Beauty Chillout Mix),['Xlarve'],241255,2016,False,,0.429,0.7659999999999999,0.24100000000000002,0.183,119.949
6nXAH2vLc1DiFL952YNJnC,Sunny Dawn over Ocean (Beauty Chillout Mix),['Xlarve'],210251,2016,False,,0.467,0.518,0.67,0.0643,122.012
7DGyAOuJn4nVV0zV5vlKJQ,Melody Morphys (Newair Trance Mix),['Xlarve'],222005,2016,False,,0.561,0.929,0.0008380000000000001,0.35600000000000004,135.03799999999998
0DuugAIKx9EpVSjvC6gZM4,Waves of Euro Rave (Newair Trance Mix),['Xlarve'],315421,2016,False,,0.5770000000000001,0.778,0.0125,0.21,144.006
27edXpLgt8FwRvs4i0kvjR,Quantum Bass (Newair Trance Mix),['Xlarve'],293546,2016,False,,0.396,0.8690000000000001,0.11,0.20800000000000002,143.999
21LeGo1YCtuUSBvFQzmCNu,Sunny Trance House (Newair Trance Cl145 Mix),['Xlarve'],275591,2016,False,,0.516,0.7120000000000001,0.000705,0.6809999999999999,144.989
3f1kipdYQRmfQdJjdpyU3u,Mistica (Newair Trance Mix),['Xlarve'],408832,2016,False,,0.39299999999999996,0.89,0.0018100000000000002,0.0414,145.018
4pfsdqb0kPS0I0P2s6fitB,Signal to Mars (Newair Trance Mix),['Xlarve'],220421,2016,False,,0.544,0.7909999999999999,0.324,0.441,144.024
0128QmrlTyZcOZecB00xsJ,Night in Staduim (Newair Trance Mix),['Xlarve'],266624,2016,False,,0.579,0.903,0.00209,0.64,141.96
4v5qclNZko3A5kFDqFcPAT,Echos Night Party (Newair Trance Mix),['Xlarve'],504865,2016,False,,0.585,0.903,0.10099999999999999,0.583,134.037
3rfBSGnakrxYsSbmFLX1dA,Greenmoon (Newair Trance Mix),['Xlarve'],293338,2016,False,,0.5760000000000001,0.732,4.3e-05,0.633,143.954
0FQlWYJePjAf3JjGbqbQwn,Sunny (Rs Newair Trance Mix),['Xlarve'],275591,2016,False,,0.519,0.7,0.0005,0.722,144.984
46S5aRwTO3uZOxKWBr5GXd,Over the Air (Newair Trance Mix),['Xlarve'],249004,2016,False,,0.465,0.937,0.000194,0.35600000000000004,140.05100000000002
06ikEyzBn1no18UQABk2VA,Ice Cream (Newair Trance Mix),['Xlarve'],301880,2016,False,,0.48700000000000004,0.932,0.00015,0.5870000000000001,128.011
5bQLecCFZbrJV7EkKiCL4L,Dream Abouve Trance (Newair Trance Mix),['Xlarve'],302585,2016,False,,0.5489999999999999,0.91,0.000735,0.4270000000000001,140.029
26pgV3ncKFmKL4Fqdu1P4d,Quantum Bass,['Xlarve'],210430,2016,False,,0.41100000000000003,0.885,0.102,0.228,144.0
1KuX8bJeulRBqs3tVWifPZ,Sunny Hunny (Newair Trance Mix),['Xlarve'],280970,2016,False,,0.551,0.772,0.00223,0.591,145.001
1JweJT2U0aAyVDMfLjpala,Firewercks (Newair Trance Mix),['Xlarve'],252433,2016,False,,0.505,0.951,9.97e-05,0.44299999999999995,140.00799999999998
2cO3cNQdIP9gnb0YxC97Fp,Moya (Break Beat Mix),['Xlarve'],315638,2016,False,,0.58,0.813,0.0561,0.13,141.999
5gEEORwk4Jnw1kuY09bzNb,Classical Orchestral Choir and Piano (Beauty Chillout Mix),['Xlarve'],257924,2016,False,,0.321,0.35200000000000004,0.758,0.066,123.961
5Ley2B7wRikNTwhEA0X9pT,Tibet Chirch Choir (Beauty Chillout Mix),['Xlarve'],100100,2016,False,,0.5660000000000001,0.473,0.40700000000000003,0.659,119.975
3NlFfmc8FFLw3AMMaN7Qkb,Fly Above Ocean (Beauty Chillout Mix),['Xlarve'],205439,2016,False,,0.355,0.368,0.945,0.10300000000000001,133.675
3BVsmVNebJvP0BxI9foTZ9,Annonce Xlarve (Beauty Chillout Mix),['Xlarve'],222456,2016,False,,0.511,0.586,0.934,0.4970000000000001,119.97200000000001
2AF802gLBu52DgpVuxXsXx,Breakbeat Piano (Breakbeat Mix),['Xlarve'],166166,2016,False,,0.562,0.794,0.0966,0.71,125.005
6noiXUi9bCm0tbjTXkHIjt,Evenstar (Cosmic Charm),['Xlarve'],588044,2016,False,,0.598,0.841,0.185,0.465,143.993
7mkfgPxIpSFWG6dp795wuF,Morning Flower (Beauty Chillout Mix),['Xlarve'],84533,2016,False,,0.4920000000000001,0.39899999999999997,0.7,0.336,119.95700000000001
3cj9BTeSwPGCpJNH5OTGjp,Millenium Party (Pop Mix),['Xlarve'],202719,2016,False,,0.56,0.835,0.0695,0.621,140.014
68l6fnGCNdK56lEi1Evzib,Serial Theme (Beauty Chillout Mix),['Xlarve'],122039,2016,False,,0.336,0.46799999999999997,0.878,0.205,118.104
377NvfDrFCcybzR6X6mNwX,Lucienne Flower (2016mix),['Xlarve'],309408,2016,False,,0.489,0.794,0.133,0.0382,133.99
2DAucH4A8akzhFCnxH3sx6,Oreint Arabic Bird2 (Rs Ethnic Mix),['Xlarve'],271206,2016,False,,0.593,0.865,0.531,0.732,100.061
3q8genYl5CijtXzXZND1JZ,Fly Far (Lounge Mix V115),['Xlarve'],241255,2016,False,,0.489,0.691,0.004070000000000001,0.276,120.021
5fHcquj3juK6nJuOevzEaE,Manga (Trance Rs Mix),['Xlarve'],270900,2016,False,,0.589,0.877,0.00231,0.332,134.011
04ZTtcVuAvsi5DIz82uqa4,Ice Cream (Chillout Mix2),['Xlarve'],214692,2016,False,,0.484,0.932,0.000152,0.619,128.03799999999998
0Z6fmc60bOqtLQf9dbndLs,Nu Disco 1980 (Pop Mix),['Xlarve'],276744,2016,False,,0.654,0.713,0.000315,0.813,138.07399999999998
3IeIp2CbURGoCQYFingwOq,Fly Far Away (Pop Mix),['Xlarve'],382719,2016,False,,0.562,0.7490000000000001,0.00114,0.348,140.009
0y6PTkosd3p9e3ej2atswH,Manga Lounge (Chillout Mix),['Xlarve'],144928,2016,False,,0.532,0.706,0.297,0.0847,129.97799999999998
6jWVLnvjRaQPNyjpQYTyhl,06 Kg Acid (Trance Mix),['Xlarve'],244258,2016,False,,0.665,0.821,0.0053,0.621,133.96200000000002
0YmEnopGNRGIDQyNVxEfcl,Oreint Arabic Bird (Fast BPM Trance Mix),['Xlarve'],169550,2016,False,,0.552,0.838,0.203,0.312,132.005
2gU8E6BdGL9FWZB0q60Iv2,Fly Far Away (Slow Chill Acid Mix),['Xlarve'],405755,2016,False,,0.593,0.804,0.0192,0.384,120.00399999999999
7nUnnkv3PrvmpNufmFyuDA,See Me Noir (Chillout Mix),['Xlarve'],266624,2016,False,,0.5329999999999999,0.935,0.000482,0.586,141.974
7A7Mmn4SAuHhruFDXP8DW0,Psytech,['Psy Xlarve'],416445,2011,False,,0.684,0.879,0.0127,0.797,140.012
3fTodsSnefw7GaoMhehLZA,Siren,['Psy Xlarve'],196520,2011,False,,0.633,0.907,0.0070799999999999995,0.503,139.99
0XQnAmG06T8NE5OhiQouw5,Gaeta Dreams,['Psy Xlarve'],417412,2011,False,,0.588,0.907,0.0295,0.853,139.99
13BmsnPlD6fLWC5VHidmuz,Mollfetta V1.15,['Psy Xlarve'],420050,2011,False,,0.609,0.769,0.0033,0.747,139.987
4hkoh4dFrWODrJ3e1e6RQV,Chivitavekkiya (Psytrance Acid Rmx),['Psy Xlarve'],418770,2011,False,,0.731,0.875,0.0796,0.4970000000000001,139.994
71BAfyMks5mJ7fYlIZZ7xZ,Orange Shadows,['Psy Xlarve'],416184,2011,False,,0.7490000000000001,0.623,0.132,0.41200000000000003,140.007
3rPzr2Con4S75KnAmDCkkt,Chivitavekkiya (V1.5 Acid Psytrance,['Psy Xlarve'],418535,2011,False,,0.7,0.8759999999999999,0.163,0.45,139.998
6LsLbL2UYJQXBQHG9wVU8E,Falconara (Wi Xlarve),['Psy Xlarve'],268749,2011,False,,0.7509999999999999,0.804,0.163,0.768,139.968
1HnxVZ5pw4DJSS7n9LBRdX,Mollfetta,['Psy Xlarve'],420050,2011,False,,0.589,0.78,0.0025,0.8029999999999999,139.982
4VEUxzkXsI5VXNnHYItwGU,Summer Rhytm,['Psy Xlarve'],416837,2011,False,,0.6629999999999999,0.892,0.258,0.8640000000000001,139.97299999999998
7vYIX12vMxtzUKAI1Gbs2E,Night In Madjerda,['Psy Xlarve'],419606,2011,False,,0.677,0.909,0.17300000000000001,0.856,140.018
1SKNWXWguIxBbIMQWWucf6,Alarm,['Psy Xlarve'],416419,2011,False,,0.628,0.878,0.138,0.892,139.984
2RNbNxO2hhLjkYCKJwQaIv,Popcorn,['Psy Xlarve'],419606,2011,False,,0.633,0.96,0.344,0.889,140.042
58jFjAjbGUUYAgmtq9UzgT,Djela Di Sorrento (-1),['Psy Xlarve'],268853,2011,False,,0.7440000000000001,0.81,0.0672,0.764,139.972
1WONYNBNjFjmoagbdQUt3Q,Mollfetta(-1),['Psy Xlarve'],420050,2011,False,,0.619,0.759,0.00432,0.7490000000000001,139.99200000000002
0IxrCKTzLojxwT2nBYsWI2,Mzd2 (Wi Xlarve),['Psy Xlarve'],334421,2011,False,,0.561,0.9840000000000001,0.00175,0.643,144.015
0WTNfniG4WXTNQ9FecplBK,Psytech (Resynth),['Psy Xlarve'],416393,2011,False,,0.5920000000000001,0.99,0.0713,0.483,140.014
31LpHnlX72nmgv7WgpYruL,Mazuranta Fx2,['Psy Xlarve'],338287,2011,False,,0.741,0.9840000000000001,0.332,0.551,144.00799999999995
3LagO3a36rCAd0OmgKKE2f,Djela Di Sorrento,['Psy Xlarve'],268853,2011,False,,0.7020000000000001,0.7090000000000001,0.109,0.648,139.99
6V3TvC92VkU11IAGADLNPf,Alarm Rmx,['Psy Xlarve'],416419,2011,False,,0.628,0.9159999999999999,0.00456,0.932,139.99200000000002
1tfNzQYsEasKv5o3xJYKJp,Psytech (Repstsynth V1.2),['Psy Xlarve'],417255,2011,False,,0.627,0.988,0.057999999999999996,0.426,139.987
33yZD7ISEfuc8EaactwNC1,Flying Lights(V1.1,['Psy Xlarve'],268984,2011,False,,0.6679999999999999,0.898,0.0801,0.907,140.017
6sZXXQJ6cvmPWsqhNHLojy,K Eti,['Psy Xlarve'],268984,2011,False,,0.5670000000000001,0.956,0.0725,0.799,139.998
7zsL42MpHJBBnjo1JHSETu,Flying Lights,['Psy Xlarve'],268984,2011,False,,0.691,0.9079999999999999,0.14300000000000002,0.8390000000000001,139.99200000000002
3NNXB21sBPeyv4DfzeGvYx,Bounce,['Psy Xlarve'],413624,2011,False,,0.561,0.938,0.0573,0.6920000000000001,139.996
6hNPhrAv7KwCFOtX4q5Y2W,Night In Madjerda 2011 Original Mix 7,['Psy Xlarve'],419606,2011,False,,0.665,0.873,0.0585,0.86,140.007
5jRpD5satT07kAlwYX57EG,Night In Madjerda 2011Mix,['Psy Xlarve'],423237,2011,False,,0.627,0.875,0.0039299999999999995,0.8059999999999999,140.023
24nbzmwQWimCqExYtMxd5J,Psysoul (Remakev1.2),['Psy Xlarve'],416184,2011,False,,0.618,0.873,0.0017,0.79,139.994
7cAvUEPHu5vxv5vENsAx3U,Psytech (Resynth N2),['Psy Xlarve'],417255,2011,False,,0.628,0.956,0.165,0.78,140.001
2qZgZPWmczPdmtSVCvJ9Io,Red Ocean,['Psy Xlarve'],417359,2011,False,,0.537,0.892,0.0122,0.885,140.0
7dhXaFVFmkh9uRWvYrEgA0,Fodja,['Psy Xlarve'],416184,2011,False,,0.618,0.9440000000000001,0.0794,0.8270000000000001,139.958
4vRN3pZIIyj2NSTvwjrCgX,Psysoul,['Psy Xlarve'],416184,2011,False,,0.728,0.622,0.0641,0.6729999999999999,139.983
6GLryf9zHlpZTvvbJIYro3,Mazuranta Rmxv0.9Fx,['Psy Xlarve'],334708,2011,False,,0.701,0.9990000000000001,0.175,0.611,143.987
3SqZCAIuIzeUGPTof4xot2,Mzd (Wi Xlarve),['Psy Xlarve'],334421,2011,False,,0.541,0.998,0.0242,0.885,144.011
5RmvmnqixGmGebd3AC9ocU,Twilight,['Psy Xlarve'],286643,2011,False,,0.601,0.998,0.0547,0.531,139.995
0dTtrBCmuWaEw3usUfYp0N,Nthing,['Psy Xlarve'],416184,2011,False,,0.573,0.9890000000000001,0.0534,0.309,139.96200000000002
6A5soeBiCtlhBK8UEIU6u9,Night In Ibiza (Megamix),['Xlarve'],327263,2011,False,,0.5920000000000001,0.7929999999999999,0.295,0.39,134.02200000000002
4zYFFoqwuxVuisY1iDXuim,The Road To Our World,['Spectrum-X'],89160,2007,False,,0.317,0.16899999999999998,0.20199999999999999,0.0642,66.197
4MlRLBhcOG3dAyPpsDk86i,Abaddon Came Alone,['Spectrum-X'],213067,2007,False,,0.46,0.968,0.00817,0.0395,140.028
39VQqjfUsVDU6a8R9cGO9o,3:15 A.m.,['Spectrum-X'],241720,2007,False,,0.424,0.8690000000000001,0.000362,0.418,160.035
2LrJ3abC9UhpzLUL12P9Wl,The Massacre,['Spectrum-X'],205973,2007,False,,0.264,0.9470000000000001,1.22e-05,0.188,75.24
2xrwW5tWGISXBjQs0e92wJ,Dead Burger King,['Spectrum-X'],180280,2007,False,,0.488,0.987,0.0147,0.0572,140.02100000000002
5Ydeebcec6gIcTqIIsrDBe,Rise From The Ground,['Spectrum-X'],230680,2007,False,,0.531,0.9570000000000001,0.00011,0.242,140.039
55xAeWXKh30rsfQyp73dPr,Face Of Death - Not A Human Anymore,['Spectrum-X'],225520,2007,False,,0.589,0.9079999999999999,0.00399,0.386,140.007
20k3qjcEeuqWVtzRIEHPkQ,Here Comes The Blood,['Spectrum-X'],199693,2007,False,,0.537,0.888,0.00018700000000000002,0.483,92.52799999999999
4pOEac8KTYbGkY7bVRkvGZ,Neverending Evil,['Spectrum-X'],265973,2007,False,,0.504,0.9740000000000001,0.0026100000000000003,0.0456,139.972
2XKHznHTwN0moVt2qxiQg5,Escape From The Madhouse,['Spectrum-X'],257000,2007,False,,0.484,0.9570000000000001,0.00203,0.195,139.935
6ibeUxH393yp4W2EjVSnDY,Slow,['Spectrum-X'],193200,2007,False,,0.614,0.909,0.0022600000000000003,0.239,75.089
0OuXetIuA2q94T9Uy0OVE9,Tea Party With Zombies,['Spectrum-X'],221013,2007,False,,0.625,0.747,0.0814,0.531,119.935
25puuJ211THjw3aNC2L9Al,Uninvited Guest,['Spectrum-X'],96760,2007,False,,0.539,0.6809999999999999,0.3720000000000001,0.376,159.901
7ffVyyvOYdXGK5cZuuCKTA,Never Sleep,['Spectrum-X'],231413,2007,False,,0.521,0.861,9.65e-05,0.179,120.06
1Ax4bdT12iSdcybBP5NI3f,Ancient House,['Spectrum-X'],233880,2007,False,,0.537,0.971,2.0600000000000006e-05,0.22,119.973
35lFdMQ0Pqy53ClEK2XZWY,The Road To Your World,['Spectrum-X'],97720,2007,False,,0.23199999999999998,0.183,0.23399999999999999,0.0796,140.06799999999998
6fQGDOJQOMze5lo2uieIWJ,Live Another Day (A Song of Arya) [Acoustic],['XY Unlimited'],184252,2013,False,,0.7809999999999999,0.33799999999999997,0.336,0.47600000000000003,92.038
1traWPMwuOqoBvMN3iSkm0,Silent Night,"['Franz Xaver Gruber', 'José Carreras', 'Plácido Domingo', 'Luciano Pavarotti', 'Steven Mercurio', 'Wiener Symphoniker']",323840,2000,False,,0.17,0.225,0.988,0.113,73.695
4V78CF8eiAG5XNLJmYpQOB,Barynia,"['Anonymous\xa0', 'Oleg Timofeyev']",104400,1998,False,,0.349,0.0599,0.986,0.74,67.947
7LbiV06lkflLvRBItN3r77,XY,['Dimlite'],251720,2011,False,,0.45399999999999996,0.542,0.146,0.231,119.91
3c2ekV0mgUgcdQpK9z1cqM,You Need to Be With Me,['XY Unlimited'],178720,2013,False,,0.67,0.826,0.0393,0.845,145.053
61oG0w05FZUx85fhrDNsfH,Carmen,['XY Unlimited'],192160,2013,False,,0.6,0.6409999999999999,0.0262,0.687,139.93200000000002
75xFHaOA6BMxIZVNkgS4to,They All Fall Down,['XY Unlimited'],205560,2013,False,,0.48200000000000004,0.375,0.122,0.20800000000000002,89.512
52CudWUgZZxiqn3xnBxPOY,Three Times,['XY Unlimited'],185960,2013,False,,0.304,0.335,0.424,0.16399999999999998,81.229
03oC5mKDLuE3SOfF9Q2T00,Better Luck,['XY Unlimited'],181307,2013,False,,0.502,0.7829999999999999,0.0127,0.581,172.06400000000005
2yNxdVSeEppduXKOfkEniX,Thanks a Lot,['XY Unlimited'],196893,2013,False,,0.575,0.879,0.0188,0.701,156.143
01i9GUdAVduMmNOQj4ZO1q,Gravity,['XY Unlimited'],193387,2013,False,,0.517,0.4,0.18899999999999997,0.0677,122.87700000000001
4x4TqpELeg8iHn3BNbQhzy,Halloween,['XY Unlimited'],171133,2013,False,,0.56,0.9279999999999999,0.0442,0.741,149.974
2BTPXKstIdfeOJ7zxsYqZo,Mad World,['XY Unlimited'],177773,2013,False,,0.5820000000000001,0.111,0.856,0.268,77.984
1kyWQOVSSXTe9mnqRrMMPz,Put Your Hands Up,['XY Unlimited'],241173,2013,False,,0.546,0.7120000000000001,0.0258,0.21600000000000005,84.97
6h6IxDtTH5QwTNNrNlSD7v,Xotica,['Phutureprimitive'],302754,2011,False,,0.532,0.74,0.0674,0.542,140.049
0TxB7D8WGxC98EjNKoJSDF,X,['7'],64169,2016,False,,0.39,0.0405,0.966,0.284,99.15700000000001
4JtrZOYEkKMJCGVXii0sAU,.X,['7'],132268,2016,False,,0.31,0.0686,0.968,0.0708,112.816
3IXWY5v2RB1ITrvMuUwfgD,Barcelona Blues,"['Xavier Montsalvatge', 'Jordi Masó', 'Miquel Villalba']",315907,2012,False,,0.41,0.175,0.99,0.0362,138.451
4dqhdLNG19QXpZNh5jrqMd,Calidoscopio: I. Aproximacion a la fuga,"['Xavier Montsalvatge', 'Jordi Masó', 'Miquel Villalba']",306627,2012,False,,0.52,0.132,0.9890000000000001,0.0552,121.74600000000001
093kCv1i2cqFaCZzpZA55D,Calidoscopio: II. Capricho sobre la banalidad camuflada,"['Xavier Montsalvatge', 'Jordi Masó', 'Miquel Villalba']",319320,2012,False,,0.435,0.0325,0.992,0.0764,83.87200000000001
0paH4gB2x3tuJkH0CiTSL2,Calidoscopio: III. Collage para Albeniz,"['Xavier Montsalvatge', 'Jordi Masó', 'Miquel Villalba']",167293,2012,False,,0.41600000000000004,0.28800000000000003,0.992,0.0389,130.401
4zFqIAU91rLd65XaLE5RXy,Homenatge,"['Xavier Montsalvatge', 'Jordi Masó', 'Miquel Villalba']",117760,2012,False,,0.6459999999999999,0.047,0.987,0.204,111.755
4dIg4Uv4Ro9e2F4oYOKnwT,3 Divertimentos (version for 2 pianos): No. 1. Deciso,"['Xavier Montsalvatge', 'Jordi Masó', 'Miquel Villalba']",149907,2012,False,,0.501,0.0909,0.9890000000000001,0.195,135.625
2H3w6TxlvZg5ACXqFW71by,3 Divertimentos (version for 2 pianos): No. 2. Dolce,"['Xavier Montsalvatge', 'Jordi Masó', 'Miquel Villalba']",112293,2012,False,,0.396,0.0118,0.995,0.0626,70.485
5bdlbqRSmwy8ZLhh29Mah8,3 Divertimentos (version for 2 pianos): No. 3. Vivo,"['Xavier Montsalvatge', 'Jordi Masó', 'Miquel Villalba']",133640,2012,False,,0.486,0.151,0.9940000000000001,0.478,126.4
2JcQvCH6uWK06ogsL8FMH7,5 Invocaciones al Crucificado: No. 1. De passione Christi,"['Xavier Montsalvatge', 'Pia Freund', 'Barcelona 216', 'Ernest Martinez Izquierdo']",251053,2012,False,,0.387,0.0544,0.982,0.037000000000000005,111.677
1X0ieIMGaqqiQRCdp5FRW4,5 Invocaciones al Crucificado: No. 2. Pianto della Madonna,"['Xavier Montsalvatge', 'Pia Freund', 'Barcelona 216', 'Ernest Martinez Izquierdo']",245427,2012,False,,0.314,0.0315,0.991,0.0369,72.569
7g5arL6OALnsXjbamZ5dra,5 Invocaciones al Crucificado: No. 3. La Vierge couronnee,"['Xavier Montsalvatge', 'Pia Freund', 'Barcelona 216', 'Ernest Martinez Izquierdo']",179053,2012,False,,0.18899999999999997,0.009609999999999999,0.992,0.0384,93.70200000000001
74D6baTZABP21asWjHm1WU,5 Invocaciones al Crucificado: No. 4. Lamentatio,"['Xavier Montsalvatge', 'Pia Freund', 'Barcelona 216', 'Ernest Martinez Izquierdo']",391333,2012,False,,0.33299999999999996,0.0436,0.972,0.0443,76.238
5YtykgVDaR8OxdC1y4EBwJ,5 Invocaciones al Crucificado: No. 5. D'oracio de temps,"['Xavier Montsalvatge', 'Pia Freund', 'Barcelona 216', 'Ernest Martinez Izquierdo']",158427,2012,False,,0.313,0.0999,0.97,0.155,95.439
3X16uXzbN8FXKhwdfRYQEG,Sacramentally Disturbed,['X-Raided'],90587,2012,True,,0.638,0.35600000000000004,0.0188,0.105,129.918
2ImjHS8xWSAFTQxv0LpiZq,Born A Motivator,['X-Raided'],229640,2012,True,,0.688,0.711,0.107,0.35700000000000004,101.941
75skr2CVdzbUcaMFkHX6AN,Who Am I,['X-Raided'],325280,2012,True,,0.506,0.519,0.0299,0.313,101.025
6Sm1sMV3RTnhIeSoX2OaiP,They'll Tell U Im a G,"['X-Raided', 'Big No Love', 'Bleezo', 'Sav Sicc']",325507,2012,True,,0.726,0.486,0.00462,0.17,101.045
1qgftHTpPCKiNAQnlfJxVd,I Was 16,['X-Raided'],279107,2012,True,,0.527,0.586,0.0503,0.401,83.84200000000001
7BlzoWrT0FDtgQz54mDVxL,Recidivism,['X-Raided'],295120,2012,True,,0.672,0.599,0.00233,0.413,89.89299999999999
3axRupMDpV4YQ9QUQ0Z0YQ,Go Nutz,['X-Raided'],222480,2012,True,,0.609,0.586,0.568,0.6559999999999999,121.56700000000001
0w7vNtwGxKnUgxtnZ2dQCe,Can I B Ur Thug,['X-Raided'],202627,2012,True,,0.597,0.506,0.145,0.6,172.03799999999995
2qxBS8vaOuLSZuLBJf7w9M,She Got Brainz,['X-Raided'],228200,2012,True,,0.52,0.759,0.00417,0.376,86.47399999999998
0EKpvAJik14VpUYiet4jw6,Chemotherapy,"['X-Raided', 'Big No Love', 'Sav Sicc', 'Bleezo']",287227,2012,True,,0.496,0.823,0.122,0.358,77.442
3WzmLD1O4bl9pz7tq6T7Al,Liquid,['X-Raided'],227520,2012,True,,0.6890000000000001,0.461,0.0133,0.521,77.01899999999998
3HMNWwWAPbWDCRj7wPIobu,Wutz On Ur Mind,"['X-Raided', 'B. Parker', 'Smigg Dirtee']",282347,2012,True,,0.743,0.501,0.00614,0.231,82.009
7fiAD2r4YRiZbMdttD7eLG,Dat Ain't On Me,['X-Raided'],258787,2012,True,,0.5770000000000001,0.648,0.0235,0.5529999999999999,80.627
2G48Fgr9hsu3cQNfLMMkkv,Lookin 4 Trouble,['X-Raided'],272200,2012,True,,0.428,0.46799999999999997,0.0748,0.129,82.14200000000002
1Vxzni9bvT9wGWmZ9iRPa8,X - Petit Traité De Futurologie Sur L'homo Cretinus Trampolinis (Et Son Annexe Sur Les Nageoires Caudales),['Pryapisme'],141267,2015,False,,0.20600000000000002,0.498,0.386,0.063,110.04700000000001
6yq3pY6fWixC0Ltf4oHLne,XI - Petit Traité De Futurologie Sur L'homo Cretinus Trampolinis (Et Son Annexe Sur Les Nageoires Caudales),['Pryapisme'],97213,2015,False,,0.5429999999999999,0.146,0.981,0.156,109.928
2pMRgdtXxq0Eal1kAufwMr,XTC,['Skumlove'],237707,2008,False,,0.539,0.956,0.0016600000000000002,0.59,120.006
1yrsOb9Nh0srNceFp1HPIQ,Gnomes Bones - Video Version,['Spectrum-X'],221493,2008,False,,0.6,0.882,3.2899999999999987e-05,0.275,140.077
0WC9koIHw3fRAM2UT6kXqg,Gnomes Bones - Blood Kiwamu Mix,['Spectrum-X'],201373,2008,False,,0.499,0.9440000000000001,0.000176,0.285,140.071
7CVJPuJZilWgZjJmP3dKTm,Gnomes Bones - Noorglo Club Mix,['Spectrum-X'],301213,2008,False,,0.386,0.9079999999999999,1.11e-05,0.16899999999999998,145.025
3NekkG3cRC1O5vpQdlE9Ui,Gnomes Bones - Baal Mix,['Spectrum-X'],268147,2008,False,,0.47200000000000003,0.9940000000000001,1.6e-05,0.409,140.024
3vGi1MLdgq5odsUL4rVBWI,Gnomes Bones - Null Back From The Dead Mix,['Spectrum-X'],211333,2008,False,,0.586,0.865,0.000599,0.275,140.053
61wQLzInLuqpjGpRnkjdOI,7 Canciones populares espanolas: No. 5. Nana (arr. for violin and piano),"['Anonymous\xa0', 'Manuel de Falla', 'Ragin Wenk-Wolf', 'Rohan De Silva']",148400,1998,False,,0.22399999999999998,0.0118,0.982,0.109,101.595
4uopGhmdwukjPRZde8lrH4,"Bulgarian Suite, Op. 21: II. Chant (arr. for violin and piano)","['Anonymous\xa0', 'Pancho Vladigerov', 'Ragin Wenk-Wolf', 'Rohan De Silva']",361333,1998,False,,0.278,0.195,0.956,0.0394,99.95299999999999
60s5zxZnbrU5ftV1uOoRGX,X-Files,['Terranova'],299506,2006,False,,0.6459999999999999,0.884,0.0294,0.606,80.028
2udsg6I0rqd8sNQnjXdBy7,House Mission,['Xeira'],381627,2013,False,,0.792,0.5,0.441,0.405,119.96
5yAb5gcfec0QzxtGyGR59t,Happiness Wanted,['Rodrigo X'],396400,2013,False,,0.8320000000000001,0.728,0.28,0.9279999999999999,120.006
1td4KcFCgty8iaUgbW3w7M,X,['Kalotone'],108667,2011,False,,0.7240000000000001,0.6629999999999999,0.0439,0.679,179.95
69GZddZjDupXn5u5eaDmC5,Halloween,['XY Unlimited'],168533,2012,False,,0.546,0.922,0.049,0.777,149.946
1CzA2zxtPFBm4qdhOUeeIH,They All Fall Down,['XY Unlimited'],208213,2012,False,,0.5920000000000001,0.33299999999999996,0.11199999999999999,0.212,90.83200000000001
3P2t6TsnPjrpTG4FD70V35,Ave Maria (arr. for cello and piano),"['Anonymous\xa0', 'Johann Sebastian Bach', 'Charles Gounod', 'Maya Beiser', 'Michael Harrison']",185093,2012,False,,0.262,0.0772,0.993,0.149,122.535
4J6blJ0cEOanc2NzVYnkrS,Xuxa,['Smiley'],190440,2006,False,,0.48100000000000004,0.997,0.013000000000000001,0.675,159.991
0HYnssnTfE7NMBhLgOEfo5,Black Lambo - Xena Remix,"['Lazerpunk', 'Xena']",144014,2019,False,,0.659,0.9079999999999999,0.0341,0.63,128.024
1jfB3wWc8VqlXa08ZgCOuG,Finest Dreams (feat. Kelis),"['Richard X', 'Kelis']",252707,2008,False,,0.826,0.927,0.0234,0.773,119.991
4wTloIqNQ5w8nFtKu7j8Ok,Help,['Xenia Rubinos'],297640,2013,False,,0.535,0.7440000000000001,0.14800000000000002,0.561,75.49600000000002
6qCYLGhsRg2xOwrKjoK0CZ,Ultima,['Xenia Rubinos'],288747,2013,False,,0.636,0.706,0.11,0.8240000000000001,85.794
01qL0dloAc475P6IbhIqI0,Whirlwind,['Xenia Rubinos'],127667,2013,False,,0.735,0.79,0.396,0.715,156.946
6VcKx9zPiyfF5VgviGY6CT,Hair Receding,['Xenia Rubinos'],336347,2013,False,,0.308,0.7709999999999999,0.0244,0.159,83.77
3c0cWHIopNaqHexGbjrIXt,Cafe Con Leche,['Xenia Rubinos'],44827,2013,False,,0.914,0.45299999999999996,0.9540000000000001,0.856,122.99799999999999
24PouddjAb3VeBVlhiDzsC,Cherry Tree,['Xenia Rubinos'],363720,2013,False,,0.5870000000000001,0.583,0.0819,0.8009999999999999,91.321
53dFtfRM13YdLkZQJjtaK3,Pan Y Cafe,['Xenia Rubinos'],105573,2013,False,,0.7659999999999999,0.5920000000000001,0.44299999999999995,0.934,89.649
64iJ4lMAjGq9vVN18qD1RK,Los Mangopaunos,['Xenia Rubinos'],169147,2013,False,,0.759,0.52,0.00411,0.787,99.09100000000001
4dCbW9FNFJHUufUGpjnwtS,I Like Being Alone,['Xenia Rubinos'],178627,2013,False,,0.679,0.7979999999999999,0.0139,0.6829999999999999,129.968
33zUDAjZFOB05dB0UgkI3Y,When You Come,['Xenia Rubinos'],276773,2013,False,,0.71,0.6779999999999999,0.207,0.6779999999999999,102.665
0SnsHL1oQobcMf66ICs8kL,Let's Go Out,['Xenia Rubinos'],207987,2013,False,,0.8340000000000001,0.17,0.0752,0.0752,132.878
7sUaZVy3flNd8LQfkX7483,Aurora De Mayo,['Xenia Rubinos'],34360,2013,False,,0.723,0.35100000000000003,0.735,0.632,115.72399999999999
1SYTcBGn0kmlSxC2PuhznT,Silent Night (arr. B. Bradford),"['Franz Xaver Gruber', 'Barlow Bradford', 'Utah Chamber Artists Choir', 'Utah Chamber Artists']",281867,2010,False,,0.16899999999999998,0.1,0.985,0.037000000000000005,78.436
5VeXfH9JtJMSYm3bSdGUQY,Juno,['Xiu Xiu'],148600,2003,False,,0.657,0.6779999999999999,0.5760000000000001,0.608,131.14700000000002
10sLWJp9iEv0Od0yFIfLug,Khal Perr,"['Iannis Xenakis', 'Wallace Collection']",634693,1991,False,,0.364,0.162,0.9620000000000001,0.0543,98.867
2O01dUZpluPlGs60IOwzO2,The Wall - Bassland Mix,['Alex Xenophon'],356613,2000,False,,0.69,0.863,0.745,0.516,100.499
7qlrTBHcF4ksRvAe1ymtcc,Comfortably Numb - Bassland Dub Mix,['Alex Xenophon'],333373,2000,False,,0.73,0.8320000000000001,0.0915,0.4970000000000001,127.24600000000001
45nl3f0s6d3sUpwJbA7bYF,Comfortably Numb - Acid Mix,['Alex Xenophon'],337547,2000,False,,0.733,0.8809999999999999,0.0744,0.418,127.26
18ZYBujB5ow5r9rHKZ6B6L,Stille Nacht (Silent Night) (Sung in French) (arr. R. Daveluy): Sainte Nuit,"['Franz Xaver Gruber', 'Raymond Daveluy', 'Marc Hervieux', 'Régis Rousseau', 'Disciples de Massenet', 'Lucie Roy']",358853,2009,False,,0.114,0.0968,0.7559999999999999,0.0334,64.72399999999999
0yqQCIBZbFZVTVkI0G3TSP,Angels in the Architecture (arr. for wind ensemble),"['Anonymous\xa0', 'Frank Ticheli', 'North Texas Wind Symphony', 'Eugene Migliaro Corporon']",845400,2009,False,,0.21600000000000005,0.15,0.948,0.0366,156.938
1ng15pITQlKE7HRhAm4UZP,"Sonata No. 1 for Flute, Cello and Harpsichord in D Major (revised 1764 edition from 1759 collection, No. 2): I. Allegretto","['Franz Xaver Richter', 'Pauliina Fred', 'Heidi Peltoniemi', 'Aapo Häkkinen']",511800,2011,False,,0.285,0.0838,0.8590000000000001,0.262,66.18
3KQTFKuTuKlCT7iXIRVh1e,"Sonata No. 1 for Flute, Cello and Harpsichord in D Major (revised 1764 edition from 1759 collection, No. 2): II. Larghetto [poco andante]","['Franz Xaver Richter', 'Pauliina Fred', 'Heidi Peltoniemi', 'Aapo Häkkinen']",397627,2011,False,,0.24100000000000002,0.0594,0.868,0.126,104.465
4somQCJ1jsnwDrsquk0gzk,"Sonata No. 1 for Flute, Cello and Harpsichord in D Major (revised 1764 edition from 1759 collection, No. 2): III. Presto ma non troppo","['Franz Xaver Richter', 'Pauliina Fred', 'Heidi Peltoniemi', 'Aapo Häkkinen']",340720,2011,False,,0.337,0.134,0.862,0.496,131.703
1FSH80Z4fiDFQv9fLJyUCk,"Sonata No. 2 for Flute, Cello and Harpsichord in G Major (revised 1764 edition from 1763 collection, No. 3): I. Andante","['Franz Xaver Richter', 'Pauliina Fred', 'Heidi Peltoniemi', 'Aapo Häkkinen']",572560,2011,False,,0.255,0.105,0.861,0.249,133.733
6Gj5RrOFfYxPWnM42042XY,"Sonata No. 2 for Flute, Cello and Harpsichord in G Major (revised 1764 edition from 1763 collection, No. 3): II. Larghetto","['Franz Xaver Richter', 'Pauliina Fred', 'Heidi Peltoniemi', 'Aapo Häkkinen']",332613,2011,False,,0.28,0.0668,0.825,0.14,113.72200000000001
6aNNCJMtIFTsCsvHqXBjG9,"Sonata No. 2 for Flute, Cello and Harpsichord in G Major (revised 1764 edition from 1763 collection, No. 3): III. Allegro ma non troppo","['Franz Xaver Richter', 'Pauliina Fred', 'Heidi Peltoniemi', 'Aapo Häkkinen']",340587,2011,False,,0.355,0.179,0.828,0.47200000000000003,117.524
67K4b8WwbYWAcuXXXvBLsQ,"Sonata No. 3 for Flute, Cello and Harpsichord in A Major (revised 1764 edition from 1759 collection, No. 6): I. Andante affetuoso","['Franz Xaver Richter', 'Pauliina Fred', 'Heidi Peltoniemi', 'Aapo Häkkinen']",461000,2011,False,,0.285,0.0827,0.856,0.285,132.399
4vmii1zodNVsUxCZQvmwri,"Sonata No. 3 for Flute, Cello and Harpsichord in A Major (revised 1764 edition from 1759 collection, No. 6): II. Larghetto","['Franz Xaver Richter', 'Pauliina Fred', 'Heidi Peltoniemi', 'Aapo Häkkinen']",310867,2011,False,,0.198,0.0324,0.889,0.0477,88.259
1ST7IiodzOAhYAEU4NjbiN,"Sonata No. 3 for Flute, Cello and Harpsichord in A Major (revised 1764 edition from 1759 collection, No. 6): III. Fugato","['Franz Xaver Richter', 'Pauliina Fred', 'Heidi Peltoniemi', 'Aapo Häkkinen']",357853,2011,False,,0.303,0.205,0.872,0.607,121.336
4oLxQsNsJLbdflUtcns8YU,"Sonata No. 4 for Flute, Cello and Harpsichord in C Major (revised 1764 edition from 1759 collection, No. 4): I. Andante affettuoso","['Franz Xaver Richter', 'Pauliina Fred', 'Heidi Peltoniemi', 'Aapo Häkkinen']",371160,2011,False,,0.257,0.0986,0.852,0.314,131.491
3WD4WqN6GMYJc1Ybo87MUD,"Sonata No. 4 for Flute, Cello and Harpsichord in C Major (revised 1764 edition from 1759 collection, No. 4): II. Larghetto","['Franz Xaver Richter', 'Pauliina Fred', 'Heidi Peltoniemi', 'Aapo Häkkinen']",242133,2011,False,,0.163,0.0586,0.8240000000000001,0.154,81.572
5cZHOocosWyqye7zrDKWPG,"Sonata No. 4 for Flute, Cello and Harpsichord in C Major (revised 1764 edition from 1759 collection, No. 4): III. Allegro","['Franz Xaver Richter', 'Pauliina Fred', 'Heidi Peltoniemi', 'Aapo Häkkinen']",372533,2011,False,,0.441,0.17800000000000002,0.847,0.618,103.34
59OyZIv57gRkPF1mkD6Wfb,"Sonata No. 5 for Flute, Cello and Harpsichord in F Major (revised 1764 edition from 1763 collection, No. 1): I. Moderato","['Franz Xaver Richter', 'Pauliina Fred', 'Heidi Peltoniemi', 'Aapo Häkkinen']",461080,2011,False,,0.297,0.0975,0.823,0.332,132.375
4spUUSewnwpWzWSoZ36hvt,"Sonata No. 5 for Flute, Cello and Harpsichord in F Major (revised 1764 edition from 1763 collection, No. 1): II. Larghetto","['Franz Xaver Richter', 'Pauliina Fred', 'Heidi Peltoniemi', 'Aapo Häkkinen']",429827,2011,False,,0.261,0.0312,0.7709999999999999,0.16,104.67399999999999
58F8Ja5HBXdoU7hY7vRy5o,"Sonata No. 5 for Flute, Cello and Harpsichord in F Major (revised 1764 edition from 1763 collection, No. 1): III. Allegro, ma non troppo","['Franz Xaver Richter', 'Pauliina Fred', 'Heidi Peltoniemi', 'Aapo Häkkinen']",352133,2011,False,,0.484,0.24100000000000002,0.835,0.713,127.277
0UzSRLf0y0jTDYfi6KfJu3,"Sonata No. 6 for Flute, Cello and Harpsichord in G Minor (revised 1764 edition from 1763 collection, No. 5): I. Andante","['Franz Xaver Richter', 'Pauliina Fred', 'Heidi Peltoniemi', 'Aapo Häkkinen']",413387,2011,False,,0.251,0.14,0.816,0.358,79.885
0eNgIRSvyzduGI7ual6hJN,"Sonata No. 6 for Flute, Cello and Harpsichord in G Minor (revised 1764 edition from 1763 collection, No. 5): II. Larghetto poco andante","['Franz Xaver Richter', 'Pauliina Fred', 'Heidi Peltoniemi', 'Aapo Häkkinen']",293947,2011,False,,0.272,0.0455,0.888,0.159,116.57799999999999
7rkqw22DcxvSBjmCyKTMAG,"Sonata No. 6 for Flute, Cello and Harpsichord in G Minor (revised 1764 edition from 1763 collection, No. 5): III. Allegro, ma non tanto","['Franz Xaver Richter', 'Pauliina Fred', 'Heidi Peltoniemi', 'Aapo Häkkinen']",325333,2011,False,,0.326,0.183,0.86,0.446,111.529
6yruhxAdpLU15dLofVULHf,Praeludium in C Major,"['Franz Xaver Richter', 'Aapo Häkkinen']",212920,2011,False,,0.25,0.122,0.909,0.505,100.82799999999999
0AsTyo7Buh1WdaPftAkLlB,Andante in F Major,"['Franz Xaver Richter', 'Aapo Häkkinen']",212560,2011,False,,0.24600000000000002,0.15,0.84,0.71,63.536
56HZVJhCeLG6pIwKgZw68M,Silent night (arr. B. Chilcott for choir and organ),"['Franz Xaver Gruber', 'John Freeman Young', 'Bob Chilcott', 'Josef Mohr', 'Commotio', 'Richard Pearce', 'Matthew Berry']",225973,2013,False,,0.0873,0.124,0.9259999999999999,0.0337,80.69
47rGvko1jUZQ5CF9wMSQKy,Sports Chips Booty,['Amy X Neuburg & Men'],60000,1999,False,,0.616,0.759,0.297,0.8290000000000001,118.675
1ShST97f0tbr9XrmZJ16y4,Big Barbecue,['Amy X Neuburg & Men'],295360,1999,False,,0.522,0.614,0.364,0.857,115.287
0xGX2bYE37SayrvQbdmD2z,Naked Puppets,['Amy X Neuburg & Men'],349200,1999,False,,0.435,0.71,0.0699,0.524,138.9
2LQdyqhc7v1gSA5ZMbSnmZ,Orange County,['Amy X Neuburg & Men'],296040,1999,False,,0.4920000000000001,0.261,0.611,0.13699999999999998,80.206
3kvpeyA3ueoIZ3asGLJKdC,Waiting Man,['Amy X Neuburg & Men'],278293,1999,False,,0.6609999999999999,0.623,0.249,0.7140000000000001,117.99700000000001
5dfHnkAyyh5rJeHZPLcFD4,I Know You,['Amy X Neuburg & Men'],327373,1999,False,,0.433,0.653,0.251,0.5660000000000001,139.986
3LqASsse9pEjPpF3LQNuoH,The Shower Song,['Amy X Neuburg & Men'],119893,1999,False,,0.44,0.212,0.863,0.47,90.95200000000001
0QQ0TEhdpnmHBYhfCAI9b1,Bison Bison Bison,['Amy X Neuburg & Men'],86240,1999,False,,0.599,0.564,0.0586,0.7809999999999999,148.946
0OKKFZcnRzfVIg3DrdcHrQ,Baby,['Amy X Neuburg & Men'],323493,1999,False,,0.413,0.521,0.213,0.616,108.022
6SgvlXANx14aszORNutuNR,How Many,['Amy X Neuburg & Men'],236200,1999,False,,0.45399999999999996,0.462,0.222,0.408,133.667
6LpfL8kSyK7i6jXRuG1wZy,Joel-o,['Amy X Neuburg & Men'],122333,1999,False,,0.369,0.304,0.7909999999999999,0.154,139.592
1ov93NwvAriWSnrf1cZwVV,Tiny Little Bed,['Amy X Neuburg & Men'],317373,1999,False,,0.474,0.505,0.0182,0.4970000000000001,124.177
52r5a7oni43YMvjOZkwlZV,Alabama Song,['Amy X Neuburg & Men'],280800,1999,False,,0.354,0.506,0.441,0.39399999999999996,154.94899999999996
7d7QSEX5vK8PBumBVIs9PV,Deliberation,['Anonymous\xa0'],252480,2001,True,,0.29100000000000004,0.396,0.7240000000000001,0.0667,75.172
57cAALfX35bWaURrtJnumR,Baptize Me,"['X Ambassadors', 'Jacob Banks']",217933,2019,False,,0.562,0.511,0.0323,0.134,135.009
38g9lahtYH0vKHXYvdZjWs,Wolf at Your Door,['Chloe x Halle'],237333,2019,False,,0.256,0.8,0.0714,0.14300000000000002,82.34899999999998
5gku43VKH2NXiEz7SsKi8p,Asesino,['Xperiment'],249493,2009,False,,0.409,0.997,0.0384,0.0447,127.979
05b0U8I4vXuNiCsOPiDLTf,Christ is Dead,['Xperiment'],274493,2009,False,,0.569,0.997,0.00198,0.474,128.00799999999998
4jPqk4f10J2HCS2cHSAJMt,Tormento,['Xperiment'],324853,2009,False,,0.5720000000000001,0.987,0.000296,0.272,122.01799999999999
0LurWZBhTBTEJnes9m259f,Death Link,['Xperiment'],296173,2009,False,,0.574,0.976,5.9999999999999995e-05,0.23600000000000002,121.979
2DYpOMqER2o0gNcRUCh5zX,Empty Soul,['Xperiment'],436133,2009,False,,0.652,0.965,3.14e-05,0.42100000000000004,130.016
5ZVXVEivMd9ANbSCbtU9oj,"Sinner (God Curses Me, Devil Blesses Me) - Instrumental Version",['Xperiment'],283760,2009,False,,0.615,0.9540000000000001,5.7399999999999986e-05,0.19899999999999998,126.01100000000001
7K3gkjYujmSHc3kHZtJpJl,Protégeme Madre - Fuck You Remix,"['Xperiment', 'inline.seX.terror']",213493,2009,False,,0.589,0.976,0.00216,0.192,130.002
31FNni1NVQfyM1kqHzprzD,Christ is Dead - Antichrist Remix,"['Xperiment', 'Agapesis']",285480,2009,False,,0.605,0.9540000000000001,0.00599,0.602,128.01
4rBZZsys4LQ5XmQRPDxT8D,Protégeme Madre - Inoculation Remix,"['Xperiment', 'Viral Infection']",293560,2009,False,,0.518,0.971,9.42e-05,0.502,130.016
1IHdJUBpj3Tb3A5YmPPGCl,Christ is Dead - Unreal Remix,"['Xperiment', 'Ashes']",275120,2009,False,,0.569,0.973,0.031,0.5379999999999999,127.99700000000001
0LmSFNnBBTmU7FcHoqmiLL,Protégeme Madre - Infected Remix,"['Xperiment', 'BLOOD']",187347,2009,False,,0.48100000000000004,0.8290000000000001,0.128,0.14400000000000002,139.901
09mdolXGKiMdG8RqZDT4ah,Intro,['Chloe x Halle'],28067,2020,False,,0.27899999999999997,0.0795,0.9159999999999999,0.623,127.60799999999999
029zYyUh9yRZzqOO29f3xt,Forgive Me,['Chloe x Halle'],157867,2020,False,,0.7020000000000001,0.643,0.0412,0.556,137.05700000000002
3PwLmI306eVhBlikrRp82E,Baby Girl,['Chloe x Halle'],212373,2020,False,,0.6829999999999999,0.473,0.00457,0.319,81.008
35Dh5MnCUPLN3XyAVtQff3,Do It,['Chloe x Halle'],176787,2020,False,,0.725,0.6679999999999999,0.0932,0.5660000000000001,82.96600000000002
6j8bL8U9nyaGT9zA0P0c7P,Tipsy,['Chloe x Halle'],152880,2020,False,,0.823,0.605,0.0239,0.606,136.967
4SJRgLsuBKTEBEl9n6JsNu,Ungodly Hour,['Chloe x Halle'],255893,2020,False,,0.7040000000000001,0.68,0.146,0.168,105.031
6H0EMHSP0RK7edSMFam9AG,Busy Boy,['Chloe x Halle'],189613,2020,False,,0.769,0.6559999999999999,0.034,0.36200000000000004,89.995
01ajEGxcKY76T51sPttN8X,Catch Up (feat. Mike WiLL Made-It),"['Chloe x Halle', 'Swae Lee', 'Mike WiLL Made-It']",184493,2020,False,,0.818,0.5579999999999999,0.48,0.512,105.02
7r1dM74v7FpoXahyUan5ZB,Overwhelmed,['Chloe x Halle'],52267,2020,False,,0.353,0.198,0.894,0.677,171.09599999999998
2ZROtgsoTmAUoTEn8DswBr,Lonely,['Chloe x Halle'],195427,2020,False,,0.816,0.389,0.16399999999999998,0.24,95.101
4josbWhbCWqSYffL4sq9ym,Don't Make It Harder On Me,['Chloe x Halle'],215067,2020,False,,0.524,0.755,0.109,0.495,164.00799999999995
5oCs1deb5LoCxlJSyRIhGG,Wonder What She Thinks of Me,['Chloe x Halle'],211587,2020,False,,0.551,0.5379999999999999,0.324,0.293,125.024
1S5Kq3A8hpx3J4cmcADcF5,ROYL,['Chloe x Halle'],204827,2020,False,,0.664,0.69,0.349,0.596,149.982
0PavgZJK7SHAPyaOvrCJnv,2 Melodies hebraiques (2 Hebrew melodies): No. 1. Kaddisch (arr. for cello and piano),"['Anonymous\xa0', 'Maurice Ravel', 'Jamie Walton', 'Daniel Grimwood']",260973,2014,False,,0.23399999999999999,0.0866,0.987,0.124,114.689
7hyEAvvN774OnFWuV9luop,7 Canciones populares espanolas (arr. for cello and piano): No. 5. Nana,"['Anonymous\xa0', 'Manuel de Falla', 'Jamie Walton', 'Daniel Grimwood']",135333,2014,False,,0.0885,0.006940000000000001,0.99,0.0589,173.729
1wzfu1pI1pgOPlVBz3cpdU,7 Canciones populares espanolas (arr. for cello and piano): No. 3. Asturiana,"['Anonymous\xa0', 'Manuel de Falla', 'Jamie Walton', 'Daniel Grimwood']",109960,2014,False,,0.18600000000000005,0.00939,0.992,0.15,69.03399999999999
51UYNjLdIqep3N8IBH2vjU,Elegie in Op. 24 (arr. for cello and piano),"['Anonymous\xa0', 'Gabriel Fauré', 'Jamie Walton', 'Daniel Grimwood']",323107,2014,False,,0.0883,0.033,0.991,0.0474,65.942
1GRDSMeUMChAVwtpnAPW53,"3 Songs, Op. 7: No. 1. Apres un reve (arr. for cello and piano)","['Anonymous\xa0', 'Gabriel Fauré', 'Jamie Walton', 'Daniel Grimwood']",164000,2014,False,,0.159,0.073,0.9940000000000001,0.0389,92.431
2QRHcPFGl0FabDW2KKLbht,"12 Danzas espanolas (Spanish Dances), Op. 37, DLR I:2: No. 2. Orientale (arr. for cello and piano)","['Anonymous\xa0', 'Enrique Granados', 'Jamie Walton', 'Daniel Grimwood']",164253,2014,False,,0.213,0.0408,0.993,0.11800000000000001,124.45
5n043AGCyIdIw6aa7Xz3hu,X-Mas Card,['MU330'],124480,1996,False,,0.8140000000000001,0.634,0.0585,0.456,125.431
6HnSHjMANUWXr1li8juZWm,"Lakme (arr. for flute, oboe and piano): Lakme, Act I: Viens, Mallika … Dome epais le jasmin, ""Flower Duet"" (arr. for flute, oboe and piano)","['Anonymous\xa0', 'Léo Delibes', 'Eugenia Zukerman', 'Allan Vogel', 'Dennis Helmrich']",297400,1997,False,,0.149,0.0388,0.9890000000000001,0.053,68.609
6WszZZ1da7wqFJW07bE2ri,"La rondine, Act I: Chi il bel sogno di Doretta (arr. for flute, oboe and piano)","['Anonymous\xa0', 'Giacomo Puccini', 'Eugenia Zukerman', 'Allan Vogel', 'Dennis Helmrich']",174600,1997,False,,0.28800000000000003,0.11699999999999999,0.985,0.0606,141.363
7c3KUPEYy5nNLxLTjnKq0U,"Les contes d'Hoffmann, Act II: Belle nuit, o nuit d'amour, ""Barcarolle"" (arr. for flute, oboe and piano)","['Anonymous\xa0', 'Jacques Offenbach', 'Eugenia Zukerman', 'Allan Vogel', 'Dennis Helmrich']",174800,1997,False,,0.217,0.0321,0.988,0.128,132.44799999999998
6KMuK7rIcWkHUzTFATaNob,"Romeo et Juliette, Act I: Ariette: Ah! Je veux vivre dans le reve (arr. for flute, oboe and piano)","['Anonymous\xa0', 'Charles Gounod', 'Eugenia Zukerman', 'Allan Vogel', 'Dennis Helmrich']",203733,1997,False,,0.271,0.0782,0.992,0.34700000000000003,71.161
6QTa2nHVdEYdnnIryBE8MY,"Norma (arr. for flute, oboe and piano): Norma, Act I: Casta diva (arr. for flute, oboe and piano)","['Anonymous\xa0', 'Vincenzo Bellini', 'Eugenia Zukerman', 'Allan Vogel', 'Dennis Helmrich']",296027,1997,False,,0.307,0.11,0.99,0.0438,72.49600000000002
5VNCICLwh2YrJdeeEi5yRP,"Samson et Dalila, Op. 47, Act II: Mon coeur s'ouvre a ta voix (arr. for flute, oboe and piano)","['Anonymous\xa0', 'Camille Saint-Saëns', 'Eugenia Zukerman', 'Allan Vogel', 'Dennis Helmrich']",354173,1997,False,,0.27699999999999997,0.0909,0.99,0.0387,67.783
7GVqVdfGye2RZPcNOrjo3L,"Carmen (arr. for flute, oboe and piano): Carmen, Act I: Seguidilla: 'Pres des reparts de Seville' (arr. for flute, oboe and piano)","['Anonymous\xa0', 'Georges Bizet', 'Eugenia Zukerman', 'Allan Vogel', 'Dennis Helmrich']",122867,1997,False,,0.335,0.0599,0.995,0.251,83.95
1bFnqx0un5wAbwZoFqGU3B,"Gianni Schicchi: O mio babbino caro (arr. for flute, oboe and piano)","['Anonymous\xa0', 'Giacomo Puccini', 'Eugenia Zukerman', 'Allan Vogel', 'Dennis Helmrich']",133960,1997,False,,0.386,0.0909,0.98,0.0783,70.515
0okenqDkmVNpthIQFY8Cla,"La boheme, Act II: Quando m'en vo' soletta, ""Musetta's Waltz"" (arr. for flute, oboe and piano)","['Anonymous\xa0', 'Giacomo Puccini', 'Eugenia Zukerman', 'Allan Vogel', 'Dennis Helmrich']",142507,1997,False,,0.268,0.0848,0.987,0.249,65.211
7JI8S4j2qyR3bjdUO2oHbm,"Don Pasquale, Act III: Nocturne (arr. for flute, oboe and piano)","['Anonymous\xa0', 'Gaetano Donizetti', 'Eugenia Zukerman', 'Allan Vogel', 'Dennis Helmrich']",203000,1997,False,,0.242,0.0478,0.9940000000000001,0.075,125.14399999999999
0MFk88KKx42lufLmuOOjyy,"Mignon (arr. for flute, oboe and piano): Mignon, Act I: Connais-tu le pays? (arr. for flute, oboe and piano)","['Anonymous\xa0', 'Ambroise Thomas', 'Eugenia Zukerman', 'Allan Vogel', 'Dennis Helmrich']",292400,1997,False,,0.33299999999999996,0.0765,0.9940000000000001,0.0641,70.021
6N0B5MTKHdBvyoHV2JFs6Q,"Adriana Lecouvreur, Act I: Del sultano Amuratte m'arrendo all' imper … Io son l'umile ancella (arr. for flute, oboe and piano)","['Anonymous\xa0', 'Francesco Cilea', 'Eugenia Zukerman', 'Allan Vogel', 'Dennis Helmrich']",177267,1997,False,,0.358,0.0904,0.988,0.0676,69.267
2JTaXqnsElxGJRXf5LrFWY,"Giulio Cesare in Egitto, HWV 17, Act II: V'adoro, pupille, saete d'amore (arr. for flute, oboe and piano)","['Anonymous\xa0', 'George Frideric Handel', 'Eugenia Zukerman', 'Allan Vogel', 'Dennis Helmrich']",274040,1997,False,,0.387,0.0737,0.995,0.248,63.24100000000001
2VW93FPbqati1ar8FoswVI,"Hansel und Gretel, Act II: Evening Prayer (arr. for flute, oboe and piano)","['Anonymous\xa0', 'Engelbert Humperdinck', 'Eugenia Zukerman', 'Allan Vogel', 'Dennis Helmrich']",110133,1997,False,,0.225,0.0708,0.992,0.0504,65.17399999999999
5ZC13EdbVb4jime2vMdco6,"Serse (Xerxes), HWV 40, Act I: Ombra mai fu, ""Largo"" (arr. for flute, oboe and piano)","['Anonymous\xa0', 'George Frideric Handel', 'Eugenia Zukerman', 'Allan Vogel', 'Dennis Helmrich']",175573,1997,False,,0.37,0.0539,0.9940000000000001,0.0854,58.761
7HwYxEpKgCWxfJAfmTLb8c,"Manon Lescaut, Act II: In quelle trine morbide (arr. for flute, oboe and piano)","['Anonymous\xa0', 'Giacomo Puccini', 'Eugenia Zukerman', 'Allan Vogel', 'Dennis Helmrich']",146600,1997,False,,0.315,0.0782,0.993,0.0842,136.491
3ZqkwSMzFwOHS2H0GSVYfI,"Madama Butterfly, Act II: Un bel di vedremo (arr. for flute, oboe and piano)","['Anonymous\xa0', 'Giacomo Puccini', 'Eugenia Zukerman', 'Allan Vogel', 'Dennis Helmrich']",252360,1997,False,,0.327,0.0488,0.993,0.233,68.54
5EBm2G1hoqhDJYgD3QX5Zv,Chinatown,['Amy X Neuburg & Men'],238067,1995,False,,0.679,0.467,0.266,0.5870000000000001,113.92200000000001
4ytrWbpBS8tewBjFbtvqbu,Man Jam #18 (Hi Hi),['Amy X Neuburg & Men'],10627,1995,False,,0.0,0.628,0.401,0.0,0.0
7nlfLsoMciYvqziPlyGsmS,Into That Hole,['Amy X Neuburg & Men'],349333,1995,False,,0.509,0.4270000000000001,0.45799999999999996,0.509,117.995
4wHH81Ta5hrYuJjp41Ndmh,(Intro),['Amy X Neuburg & Men'],18200,1995,False,,0.382,0.19899999999999998,0.445,0.0,134.924
5MWrAwc246BWZifjeKCQDx,Delirium,['Amy X Neuburg & Men'],211133,1995,False,,0.6779999999999999,0.452,0.625,0.5489999999999999,165.03099999999995
6qwxPB34gSSXMmGor6rnoy,Get That Camera Out of Here,['Amy X Neuburg & Men'],312933,1995,False,,0.256,0.209,0.0237,0.22699999999999998,87.05799999999998
2Dw0dcPbAUr8AKwjLgZcAl,Fish,['Amy X Neuburg & Men'],290200,1995,False,,0.154,0.22399999999999998,0.26,0.0479,76.74
410dp1hFNpx4OG7yvthYGq,Man Jam #36 (Okay),['Amy X Neuburg & Men'],50107,1995,False,,0.743,0.337,0.778,0.924,152.58100000000005
2flYxDcuIhp9ZOe7YaWfuZ,Tango,['Amy X Neuburg & Men'],261960,1995,False,,0.53,0.298,0.14300000000000002,0.462,122.443
4dKUWVKFlvcHuZTlinqBEa,Money in the Sky,['Amy X Neuburg & Men'],294467,1995,False,,0.611,0.28300000000000003,0.634,0.12300000000000001,109.95
0NP29k1TcJZ4bd8hyen4oz,Man Jam #11 (Klang),['Amy X Neuburg & Men'],14533,1995,False,,0.0,0.20199999999999999,0.0044,0.0,0.0
5aVgbJfGPYwga1ZHwWQzX7,Man Jam #30 (Herb Goes Downtown),['Amy X Neuburg & Men'],27773,1995,False,,0.586,0.621,0.539,0.612,91.67299999999999
32fkbkqLD2CvHZ5rYPPaQc,Humility,['Amy X Neuburg & Men'],147027,1995,False,,0.33799999999999997,0.11599999999999999,0.932,0.32799999999999996,126.677
49vcgHE7xFW2GkydA0xM5M,My Empire,['Amy X Neuburg & Men'],220733,1995,False,,0.757,0.239,0.37,0.124,109.04299999999999
4Da1wy43ekaHYTCm4gNmb2,Man Jam #13 (Jigue),['Amy X Neuburg & Men'],32907,1995,False,,0.415,0.252,0.466,0.6709999999999999,114.961
6I7YMimCw0txCSbRCBHBWX,Utechma,['Amy X Neuburg & Men'],375960,1995,False,,0.5720000000000001,0.423,0.18899999999999997,0.0647,126.09299999999999
2jwAxIvMZwgqEK1AC6vXdO,Hunger for Heaven,['Amy X Neuburg & Men'],349307,1995,False,,0.217,0.23,0.736,0.0733,109.439
2K1iwvuoapjjjmGkiccXQL,Canción de cuna para dormir un negrito,"['Xavier Montsalvatge', 'Ildefonso Pereda-Valdes', 'Cantabile – The London Quartet', 'Cantabilie - The London Quartet', 'Malcolm Martineau']",166627,2005,False,,0.23,0.0531,0.977,0.0681,107.59700000000001
4mpx1e1KtOzsafU5040mH2,All the Way Driven (2015),['Xavier Eskridge'],84000,2015,False,,0.78,0.8220000000000001,0.557,0.602,130.327
0kzqCDFg1cpCmHtQ8DObVP,Little Black Boy,['Xavier Eskridge'],172000,2015,False,,0.8,0.894,0.124,0.8370000000000001,120.006
1gYYsmn0mwlNwOkhqma3jt,The King of Petty (Theme Song),['Xavier Eskridge'],132000,2015,False,,0.777,0.899,0.285,0.382,119.867
5QYg8zFGmeVZb5QHH4pVhq,Can I Be Real With You? (2015),['Xavier Eskridge'],126720,2015,False,,0.7929999999999999,0.7190000000000001,0.0366,0.802,125.022
7GJPcaz8lhx7WOhe3WMExp,The Awakening (I Love You),['Xavier Eskridge'],246000,2015,False,,0.789,0.875,0.15,0.61,119.99
5mAijc4MSJiN7CqaVJovh6,Caught Up,['Xavier Eskridge'],219000,2015,False,,0.8370000000000001,0.40299999999999997,0.31,0.556,100.00399999999999
0ERtVokdlqYU4ccZkvQWeV,No Fool (Remix),['Xavier Eskridge'],150346,2015,False,,0.882,0.456,0.0409,0.8490000000000001,130.019
7gDYTlv5w7wNgyTO8E54v1,Goodbye Shoes (Slow Ride Ultra Remix),['Xavier Eskridge'],170880,2015,False,,0.8,0.65,0.042,0.579,125.089
1SdXGNJeQ92Y89cxGQKTW8,Mommy's Song (Instrumental),['Xavier Eskridge'],265263,2015,False,,0.7490000000000001,0.307,0.34,0.364,94.99799999999999
17YfBh6SMxFmoxrp2XIkCN,The Right Stuff (arr. for wind ensemble),"['Anonymous\xa0', 'William Conti', 'University of North Texas Symphonic Band']",320107,2014,False,,0.28,0.33,0.9640000000000001,0.132,102.853
2sgGIcaub1Gg4FGrslGKe8,Stille Nacht (Silent Night),"['Franz Xaver Gruber', 'José Carreras']",217293,1981,False,,0.155,0.17600000000000002,0.977,0.177,144.653
5ZMv4brPmURUBXXvkkArJe,Evryali,"['Iannis Xenakis', 'Kayako Matsunaga']",419400,2011,False,,0.361,0.479,0.9309999999999999,0.0654,121.363
6A33ffEQL0XJ71Yp4MxPBI,Gravitas - Original,"['Xtrah', 'Noisia']",277674,2015,False,,0.583,0.941,0.000513,0.213,172.028
66r4mvavsFNn77sof362aE,Compulsive - Original,['Xtrah'],319535,2015,False,,0.7120000000000001,0.787,0.00182,0.214,174.99099999999999
1i9q90RPzVbql01PrwFlhX,Isolation - Original,['Xtrah'],272093,2015,False,,0.759,0.9129999999999999,0.00313,0.542,172.007
3Z1EcG1lNoM3MyPI5seKY2,Up to Something - Original,"['Xtrah', 'Noisia']",270698,2015,False,,0.54,0.6579999999999999,0.008459999999999999,0.17800000000000002,172.06
6bLVL886GAslpURm6LkeCU,Cybernetics - Original,['Xtrah'],320930,2015,False,,0.799,0.885,0.00132,0.414,172.011
36XNcqrf4lQWBusrsmrDbX,What Would You Do? - Original,['Xtrah'],270698,2015,False,,0.7859999999999999,0.774,0.0229,0.27899999999999997,172.011
6ujgf278AIGQ3fIfKaQuCO,Investigation,"['Ranji', 'Xanex']",426360,2008,False,,0.631,0.9590000000000001,0.00045999999999999996,0.4370000000000001,144.99
2Eqpf4XDItwww4StDFoeKD,Children Of The Grave,['Racer X'],311427,2004,False,,0.233,0.935,5.72e-06,0.429,145.046
1KiPKwQiDsxa07r257mz8Z,X-CaliBR8,['Perturbator'],334168,2012,False,,0.547,0.89,0.45399999999999996,0.0681,129.963
3hZqpvOH2bDjGjCmnVOfCy,"The Art of Fugue, BWV 1080: Contrapunctus IX a 4 alla Duodecima","['Anonymous\xa0', 'Johann Sebastian Bach', 'Anderson & Roe']",142760,2015,False,,0.539,0.26,0.995,0.7040000000000001,115.874
3UlLuct2POshNYdHYbCkQW,"The Art of Fugue, BWV 1080: Contrapunctus XIIIa a 3, rectus","['Anonymous\xa0', 'Johann Sebastian Bach', 'Anderson & Roe']",137293,2015,False,,0.565,0.156,0.995,0.638,129.14
5lKYtxTuUjuOEzgdpByjTN,"The Art of Fugue, BWV 1080: Contrapunctus XIIIb a 3, inversus","['Anonymous\xa0', 'Johann Sebastian Bach', 'Anderson & Roe']",141800,2015,False,,0.462,0.213,0.995,0.727,132.422
6HXPIp9n9OCWNvJVEs8EKO,"14 Canons, BWV 1087: Canon No. 5","['Anonymous\xa0', 'Johann Sebastian Bach', 'Anderson & Roe']",186667,2015,False,,0.361,0.0583,0.996,0.228,76.99
2cn0wIZf21YZy6P7ZheZk3,7 Virtuoso Etudes after Gershwin: No. 3. Liza,['Xiayin Wang'],223147,2010,False,,0.268,0.0842,0.993,0.0792,90.382
03jlGiK5WTWnrCIMo7yk09,7 Virtuoso Etudes after Gershwin: No. 5. Somebody Loves Me,['Xiayin Wang'],183547,2010,False,,0.395,0.0354,0.992,0.038,97.24
0Sl0Zu8MRPZjvraLTHPuDb,7 Virtuoso Etudes after Gershwin: No. 7. The Man I Love,['Xiayin Wang'],145680,2010,False,,0.332,0.067,0.987,0.0362,132.88299999999998
7bpq97fvgCXpQ3uI4vy3Wg,7 Virtuoso Etudes after Gershwin: No. 4. Embraceable You,['Xiayin Wang'],185907,2010,False,,0.213,0.0407,0.9940000000000001,0.0396,69.37
37hPBRwbSnHvgZdET05Z7W,"7 Virtuoso Etudes after Gershwin: No. 2. Oh, Lady, Be Good!",['Xiayin Wang'],258493,2010,False,,0.35200000000000004,0.0419,0.993,0.051,126.51299999999999
4sgUTNqY8RfSVjHtGUukvT,7 Virtuoso Etudes after Gershwin: No. 1. I Got Rhythm,['Xiayin Wang'],135453,2010,False,,0.33399999999999996,0.11800000000000001,0.985,0.231,96.825
6PTnNpTwkinqM7L9DaJeo1,7 Virtuoso Etudes after Gershwin: No. 6. Fascinating Rhythm,['Xiayin Wang'],106107,2010,False,,0.36,0.147,0.9840000000000001,0.43799999999999994,119.245
25LlLQNqBYbk2rsEC2c0zn,X-Water,['DTCV'],149213,2015,False,,0.233,0.8270000000000001,0.0012,0.405,78.033
4eHkGWj9MiXEHeshSaprlc,Descendants of the Portal,['Asmodeus X'],251068,2016,False,,0.634,0.872,0.0007509999999999999,0.445,130.019
6aDQPtBwbNBcVSuBiCahfi,Go to the Heavens,['Asmodeus X'],272125,2016,False,,0.674,0.69,0.008709999999999999,0.24600000000000002,120.04299999999999
2HgD4OgW4yXr3bOG3JqQ5t,Dark Ides of Summer feat. Spike the Percussionist,"['Asmodeus X', 'SPIKE the Percussionist']",208200,2016,False,,0.479,0.8059999999999999,7.38e-06,0.145,99.978
59xHiLf2H8CXl6JjctkBqu,Planetary Confederation,['Asmodeus X'],245772,2016,False,,0.596,0.871,0.0661,0.6459999999999999,121.10700000000001
7cHhaNbeZzLersGvUdV4Je,Venus in My Sky,['Asmodeus X'],216863,2016,False,,0.585,0.981,0.000321,0.746,135.025
5Fa2J59mPuRDapgB34mu1s,Carousel of Hate,['Asmodeus X'],265770,2016,False,,0.574,0.9940000000000001,0.00364,0.6729999999999999,139.998
5U5TTohd7aWb6BSQUuKqTl,Psylon 1,['Asmodeus X'],378778,2016,False,,0.7490000000000001,0.976,0.000413,0.14300000000000002,146.998
4JucKgvYAB5EEi2yVUneGw,Something I Missed,['Asmodeus X'],200000,2016,False,,0.607,0.9259999999999999,0.0041600000000000005,0.691,119.986
4cUNUEy9ZcLvOLfTL5IwI7,Other Side of the Portal feat. Jim Chisholm,"['Asmodeus X', 'Jim Chisholm']",216000,2016,False,,0.389,0.733,0.787,0.302,116.303
3tafNvjkr8F8KQby5CNRZX,Vapor,['Asmodeus X'],216827,2016,False,,0.62,0.8059999999999999,0.00123,0.0538,110.045
08C0Ahccgw6WxsmqIcB8Bw,The King of Petty (Theme Song),['Xavier Eskridge'],132500,2015,False,,0.85,0.9670000000000001,0.318,0.39799999999999996,119.962
4Rr9u2OSMVDVcvq3Z5MJaV,Hard 2 Love,['Xavier Eskridge'],174074,2015,False,,0.7190000000000001,0.86,0.0252,0.5429999999999999,162.012
55eRgQoG2JilUgVTEWqRWq,The Awakening (I Love You),['Xavier Eskridge'],248000,2014,False,,0.7859999999999999,0.877,0.135,0.614,119.98299999999999
1yutqT2VKHQTyXI0xHtDoK,Can You Still Hear Me? (Interlude),['Xavier Eskridge'],91895,2015,False,,0.73,0.425,0.0321,0.637,95.029
0QXigupLy5xX8fajkjI4l5,Saying Goodbye,['Xavier Eskridge'],224842,2015,False,,0.7440000000000001,0.473,0.457,0.75,94.99600000000001
3EqWut2rucb45q3wmJpKx7,The Last Conversation (Interlude),['Xavier Eskridge'],58000,2015,False,,0.493,0.278,0.955,0.6509999999999999,82.913
0ocfylvWWt9fcImB32rFlh,My Last Thoughts,['Xavier Eskridge'],96000,2015,False,,0.40700000000000003,0.099,0.7879999999999999,0.337,95.189
2WNoFykkqynio14rWWOqCc,Saying Hello,['Xavier Eskridge'],201080,2015,False,,0.8190000000000001,0.35600000000000004,0.26899999999999996,0.518,115.77
7xhZQXcV0K59nGK6i7JSp3,William,['Xavier Eskridge'],371429,2015,False,,0.47700000000000004,0.387,0.85,0.124,98.73
4TF7ELqCcXUlLfBLXTIJ24,Help Me Let Go,['Xavier Eskridge'],132234,2015,False,,0.711,0.424,0.5589999999999999,0.37799999999999995,140.99200000000005
3TNxzZetIrvt6LibVZs3EL,Black Men of America (Interlude),['Xavier Eskridge'],87500,2015,False,,0.623,0.0813,0.9620000000000001,0.441,103.52600000000001
2Mo2SVbo8Pa46fSpPO1eAS,Perfect Peace,['Xavier Eskridge'],197999,2015,False,,0.807,0.66,0.0313,0.424,119.995
5jglJ3kTGMGX6k48RoM3A1,I Am Not for You,['Xavier Eskridge'],270000,2015,False,,0.757,0.446,0.502,0.34700000000000003,119.994
30p9Km8DmiGcjt0Tl1QF9l,Can You Just Hold Me?,['Xavier Eskridge'],242526,2015,False,,0.732,0.26899999999999996,0.311,0.275,119.994
1dwwnJcCCGGd66lamORs6V,Simple Man,['Xavier Eskridge'],319304,2015,False,,0.6829999999999999,0.0717,0.86,0.182,114.98100000000001
1merVU7Zmr3stusZnI8BPV,"February 6, 2013 (Interlude)",['Xavier Eskridge'],62500,2015,False,,0.431,0.0693,0.9179999999999999,0.135,81.01
7lE2udvYIVwiAl4eJVoPgI,Why'd You Go Away?,['Xavier Eskridge'],222720,2015,False,,0.665,0.245,0.867,0.46399999999999997,125.07700000000001
2va5qpo97df4wUsdIGdgyx,See You One Day Soon,['Xavier Eskridge'],405600,2015,False,,0.9440000000000001,0.10300000000000001,0.11699999999999999,0.5660000000000001,99.96700000000001
5ZxTE3YQF4hSj62g97J4Th,Goodbye Shoes (Intro),['Xavier Eskridge'],98356,2015,False,,0.568,0.0845,0.8,0.585,103.109
2BYzEbwwGRABnxlPAiOp90,Goodbye Shoes,['Xavier Eskridge'],276480,2015,False,,0.764,0.8590000000000001,0.0774,0.649,125.022
2IoEvLaRzDyoLZvERJynPe,Hard 2 Love (Remix),['Xavier Eskridge'],171852,2015,False,,0.6679999999999999,0.833,0.000576,0.68,161.966
4aj6OqP9QF63pH18XK9g8E,Sunny Side Up (feat. Reality Jonez & Espe),"['XL Middleton', 'Reality Jonez', 'Espe']",218000,2013,True,,0.753,0.878,0.0536,0.782,109.883
3zmINkwBpuWjyN16sYMkPZ,My Life Is Fun (feat. Reality Jonez),"['XL Middleton', 'Reality Jonez']",247507,2013,True,,0.8270000000000001,0.713,0.0475,0.27,98.02600000000001
7nXe93satBQEdD0egstLyr,"Ain't No Game, Pt. 2 (feat. Clinton Wayne, Reality Jonez, Sly Boogy & Moniquea)","['XL Middleton', 'Clinton Wayne', 'Reality Jonez', 'Sly Boogy', 'Moniquea']",258480,2013,True,,0.775,0.845,0.28800000000000003,0.79,97.98299999999999
7KyX1mc5dj7aRDeXzZHZzC,Idgaf About Rap,['XL Middleton'],285987,2013,True,,0.705,0.85,0.00581,0.691,82.02799999999998
5u4PVhWr3rMJqwOJKGmRCc,Fish in the Sea (feat. Reality Jonez),"['XL Middleton', 'Reality Jonez']",228240,2013,True,,0.6679999999999999,0.6679999999999999,0.158,0.451,95.98299999999999
7tjtU1E958scNMsxUnCPIP,Cognac Flow (feat. Kokane),"['XL Middleton', 'Kokane']",278187,2013,True,,0.556,0.735,0.0612,0.5760000000000001,87.102
2tuROlJv8w4Uc6MS0XewM9,We Out There (feat. Zone & Clinton Wayne),"['XL Middleton', 'Zone', 'Clinton Wayne']",246187,2013,True,,0.706,0.8390000000000001,0.0779,0.54,98.057
6uR3qTRjDlVFTGOiRkxG8p,Low Key High Note,['XL Middleton'],305373,2013,True,,0.6559999999999999,0.698,0.0301,0.7290000000000001,151.986
76l104CZd5Cd5hEn3LvdiS,Cool (feat. Mistah Fab & Reality Jonez),"['XL Middleton', 'Mistah F.A.B.', 'Reality Jonez']",281493,2013,True,,0.6990000000000001,0.6990000000000001,0.196,0.725,174.08700000000005
32wZhbreZFDVWAaK7eLR9o,"Bright Lights, Palm Trees",['XL Middleton'],210987,2013,False,,0.897,0.8,0.239,0.7959999999999999,106.99
4FZSU2lQJ41qQC6HvEhhKk,"You're so Emotional (feat. Lady Deuce, Kaos Da Killa & Young Sau)","['XL Middleton', 'Lady Deuce', 'Kaos Da Killa', 'Young Sau']",313493,2013,True,,0.3720000000000001,0.831,0.114,0.5670000000000001,84.14299999999999
1r40D6Xzq2nTVoULuJviX5,You Can't Train Me (feat. Moniquea),"['XL Middleton', 'Moniquea']",248267,2013,True,,0.8009999999999999,0.945,0.129,0.8220000000000001,115.969
5UYjYxe4WZQxPrlqDds6uy,Paradise,['XL Middleton'],279333,2013,True,,0.748,0.7959999999999999,0.128,0.703,160.014
4KShumBAGFwbjhsGEdcJTW,Make It Look Good,['XL Middleton'],202440,2013,True,,0.8029999999999999,0.8390000000000001,0.102,0.9590000000000001,97.21
1xUnFkcnDKNRT8oWgMAo1i,Time & Space (feat. Jonimal),"['XL Middleton', 'Jonimal']",215400,2013,True,,0.813,0.758,0.151,0.732,100.054
4rMeQwHP0yuOSS5Nyo9cTy,X-Day,['3TEETH'],195200,2014,False,,0.474,0.858,7.91e-05,0.0394,150.02200000000005
5LYITYBOAszxtc2FKLCHOq,Air (arr. for organ),"['Anonymous\xa0', 'Giuseppe Tartini', 'Todd Wilson']",211533,1994,False,,0.14800000000000002,0.0667,0.684,0.0714,140.387
7wSdrCsZJfrSYR1lc7zepT,"Herz und Mund und Tat und Leben, BWV 147: Chorale: Jesus bleibet meine Freude (Jesu, Joy of Man's Desiring) (arr. for organ)","['Anonymous\xa0', 'Johann Sebastian Bach', 'Todd Wilson']",206093,1994,False,,0.10099999999999999,0.023,0.88,0.065,90.111
3SRwAii3Ot3I6mXA2RvcZa,"Studien fur den Pedal-Flugel (Studies for Pedal Piano), Op. 56: No. 6 in B Major (arr. for organ)","['Anonymous\xa0', 'Robert Schumann', 'Todd Wilson']",321000,1994,False,,0.14,0.0125,0.927,0.0377,74.57300000000002
1na3CF3RFqst54JsRbfQBB,"14 Songs, Op. 34: No. 14. Vocalise in E Minor (arr. for organ)","['Anonymous\xa0', 'Sergei Rachmaninoff', 'Todd Wilson']",272000,1994,False,,0.136,0.0114,0.9570000000000001,0.0327,141.99
6c0u811c9CLQSRc7F0iF6J,Snakes,['XMH'],238573,2015,False,,0.583,0.924,0.0011,0.40399999999999997,140.004
4e39Ap9pw1jcsFKIgWu1P5,Snakes - Benjamin's Plague Remix,['XMH'],299910,2015,False,,0.606,1.0,2.1e-05,0.599,140.015
2OapcGtqpwoO9bxv6hBrnk,Snakes - Venal Flesh Remix,['XMH'],321643,2015,False,,0.511,0.9420000000000001,6.54e-05,0.295,140.006
60croMjg0Tf4HrHZ2FSluQ,Snakes - Evil Goat Riders Remix,['XMH'],222857,2015,False,,0.5760000000000001,0.9520000000000001,0.00172,0.203,139.976
1xLLAO7RfJLA4PwON01lPj,The Business - Betamorphose Remix,['XMH'],257741,2015,False,,0.5489999999999999,0.9690000000000001,2.13e-05,0.221,137.799
7KEy8HykeDz6m0HN5fROYd,Snakes - K-Bereit Remix,['XMH'],218526,2015,False,,0.499,0.978,0.0007610000000000001,0.109,95.00299999999999
7IluEpBCsPkzMAwQYxy8aJ,Forever - The Arch Remix,['XMH'],216828,2015,False,,0.516,0.988,1.87e-05,0.364,145.019
5qK1TZth8AyLMTxJ3s0j4F,40080,['Yu-Xiao Guang'],325867,1996,False,,0.156,0.263,0.98,0.121,82.822
2JLAMRk1H1lE0Ru8wvkhl2,Caravansary,['Yu-Xiao Guang'],431760,1996,False,,0.111,0.276,0.934,0.0657,82.374
6YZEFIeQCOZInG3oidt4VC,Taklamakan Desert,['Yu-Xiao Guang'],315427,1996,False,,0.37799999999999995,0.20600000000000002,0.907,0.12,110.25399999999999
1EjVxl4y0HxpJrqabcqSHH,Mandala,['Yu-Xiao Guang'],347600,1996,False,,0.344,0.233,0.978,0.21600000000000005,80.02
4StsTlj3yic2misArSX2MP,Flying Celestial Nymphs,['Yu-Xiao Guang'],320640,1996,False,,0.205,0.33299999999999996,0.945,0.0734,121.75299999999999
7DWdfNV9fXiFLUeZJuEkQt,Silk Road,['Yu-Xiao Guang'],662360,1996,False,,0.136,0.214,0.929,0.11,83.29700000000003
5Ud7SSAQvgEQtzvBpIRL35,Peace,['Yu-Xiao Guang'],224213,1996,False,,0.13,0.223,0.9740000000000001,0.036000000000000004,80.209
54TI9pLJWWuM1uQaqkOdDq,Linden,['Yu-Xiao Guang'],261880,1996,False,,0.187,0.16399999999999998,0.961,0.08800000000000001,108.131
1ZFgdoB7ghcD7OiXKGDlWr,Everlasting Road,['Yu-Xiao Guang'],373667,1996,False,,0.0936,0.157,0.971,0.151,164.787
4NhnHOxx6n603KgBDmyheD,Xcn-867,['Blutspan'],322373,2013,False,,0.5589999999999999,0.139,0.6559999999999999,0.136,93.999
0xU7Qg0SYZgLikYW5VGOUC,Ad te levavi animam meam,"['Anonymous\xa0', 'Vienna Hofburgkapelle Choir', 'Josef Schabasser']",233200,1990,False,,0.252,0.11800000000000001,0.971,0.159,113.65700000000001
5L0uwNVPWpeGvJQ1PQrryW,"Rorate caeli desuper, et nubes pluant justum","['Anonymous\xa0', 'Vienna Hofburgkapelle Choir', 'Josef Schabasser']",199107,1990,False,,0.258,0.0829,0.986,0.0889,83.988
14zQbFHKk1KqGjV5SCrLWG,Dicite (Pusillanimes confortamini et nolit timere),"['Anonymous\xa0', 'Vienna Hofburgkapelle Choir', 'Josef Schabasser']",71760,1990,False,,0.239,0.12,0.977,0.131,114.14399999999999
4YnXzQjWdiGMVKxUh1ISHW,Gaudate in Domino semper,"['Anonymous\xa0', 'Vienna Hofburgkapelle Choir', 'Josef Schabasser']",277173,1990,False,,0.215,0.0982,0.981,0.0702,78.475
5v1glB6PE5ROEoZ5TsSuQA,"Ave Maria, gratia plena, Dominus tecum","['Anonymous\xa0', 'Vienna Hofburgkapelle Choir', 'Josef Schabasser']",156133,1990,False,,0.132,0.0646,0.986,0.0957,184.618
6KFvh8syvyRLQYk7RTI0ZI,"Jesu Redemptor omnium, quem luci ante originem","['Anonymous\xa0', 'Vienna Hofburgkapelle Choir', 'Josef Schabasser']",148267,1990,False,,0.235,0.0973,0.973,0.0842,107.29
5Zzn10whUBRtZHTYbYs6yW,Puer natus est nobis et filius datus est nobis,"['Anonymous\xa0', 'Vienna Hofburgkapelle Choir', 'Josef Schabasser']",212200,1990,False,,0.23,0.0896,0.987,0.113,139.99
7o2mkmuGfHlNdskL3t9zwL,"Alleluia, alleluia. Dies sanctificatus illuxit nobis","['Anonymous\xa0', 'Vienna Hofburgkapelle Choir', 'Josef Schabasser']",182427,1990,False,,0.22699999999999998,0.109,0.991,0.115,109.786
52K2GzgqnIMq4NFdqWxAHp,Video caelos apertos et Jesum stantem a dextris virtutis Dei,"['Anonymous\xa0', 'Vienna Hofburgkapelle Choir', 'Josef Schabasser']",77667,1990,False,,0.225,0.065,0.9790000000000001,0.24,140.248
64MHDMjMN7DGHOx9HBVkaA,Justus et palma florebit,"['Anonymous\xa0', 'Vienna Hofburgkapelle Choir', 'Josef Schabasser']",221507,1990,False,,0.212,0.0931,0.9890000000000001,0.10800000000000001,104.743
6GggTfOwiNmUtBI4ruQKxl,Jubilate Deo universa terra,"['Anonymous\xa0', 'Vienna Hofburgkapelle Choir', 'Josef Schabasser']",241227,1990,False,,0.23199999999999998,0.0976,0.991,0.0859,125.307
7ngXWYCYzEAFxWl2s9t4GV,Dicit Dominus,"['Anonymous\xa0', 'Vienna Hofburgkapelle Choir', 'Josef Schabasser']",114333,1990,False,,0.25,0.0776,0.9790000000000001,0.0724,123.102
0btrQOXBQsExAqcxoZIwcz,"Exurge, quare obdormis Domine?","['Anonymous\xa0', 'Vienna Hofburgkapelle Choir', 'Josef Schabasser']",220907,1990,False,,0.213,0.0491,0.977,0.111,94.165
2khMDOyKg0Tx6bh2x18syN,"Commovisti Domine, terram, et conturbasti eam","['Anonymous\xa0', 'Vienna Hofburgkapelle Choir', 'Josef Schabasser']",280533,1990,False,,0.22,0.0601,0.982,0.191,112.18700000000001
3IZjlkDjPpk16YQkYyuLuy,Intellige clamorem meum,"['Anonymous\xa0', 'Vienna Hofburgkapelle Choir', 'Josef Schabasser']",78427,1990,False,,0.25,0.0456,0.9890000000000001,0.114,89.837
27yOgRchsZeIyMDMpZqh4s,Improperium expectavit cor meum et miseriam,"['Anonymous\xa0', 'Vienna Hofburgkapelle Choir', 'Josef Schabasser']",207533,1990,False,,0.225,0.11699999999999999,0.9840000000000001,0.0608,112.197
25XjQWp6KZiuiECTc5ioiB,Christus factus est pro nobis obediens usque ad mortem,"['Anonymous\xa0', 'Vienna Hofburgkapelle Choir', 'Josef Schabasser']",181040,1990,False,,0.255,0.10099999999999999,0.991,0.12300000000000001,74.367
7b6j896n3RZ7JpV2bQYqbe,Dextera Domini fecit virtutem,"['Anonymous\xa0', 'Vienna Hofburgkapelle Choir', 'Josef Schabasser']",93867,1990,False,,0.22699999999999998,0.145,0.985,0.115,142.214
202SpUiP1hDhagEqhSihrk,"Resurrexi et adhuc tecum sum, alleluia","['Anonymous\xa0', 'Vienna Hofburgkapelle Choir', 'Josef Schabasser']",259627,1990,False,,0.213,0.0596,0.983,0.0848,77.812
7jwwaTS5aoLoCi1TWY1fEw,"Haec dies, quam fecit Dominus","['Anonymous\xa0', 'Vienna Hofburgkapelle Choir', 'Josef Schabasser']",214973,1990,False,,0.139,0.10099999999999999,0.988,0.084,78.334
6ZfHJDWe8zJrB2hs4iteaB,"Alleluia, alleluia. Pascha immolatus est Christus","['Anonymous\xa0', 'Vienna Hofburgkapelle Choir', 'Josef Schabasser']",145627,1990,False,,0.14400000000000002,0.0594,0.988,0.132,84.85700000000001
43IlZD6Q6ioYjlIJVigNjZ,Victimae paschali laudes immolent Christiani,"['Anonymous\xa0', 'Vienna Hofburgkapelle Choir', 'Josef Schabasser']",121467,1990,False,,0.29100000000000004,0.0651,0.963,0.10400000000000001,127.434
3g13cmuVme1EWblPmgdQua,"Terra tremuit, et quievit, dum resurgeret in judicio Deus, alleluia","['Anonymous\xa0', 'Vienna Hofburgkapelle Choir', 'Josef Schabasser']",93000,1990,False,,0.23199999999999998,0.18,0.98,0.0399,121.49
1P4mXDSNfzkKvXNZlKGC2H,"Pascha nostrum immolatus est Christus, alleluia","['Anonymous\xa0', 'Vienna Hofburgkapelle Choir', 'Josef Schabasser']",99000,1990,False,,0.21600000000000005,0.0679,0.983,0.131,65.763
5mX2iLGEklPB8Bu2JJMwJI,"Regina caeli laetare, alleluia","['Anonymous\xa0', 'Vienna Hofburgkapelle Choir', 'Josef Schabasser']",55840,1990,False,,0.35200000000000004,0.0365,0.985,0.157,111.475
1hQ67LuHzDS4xaPHxmXkOX,"Viri Galilaei, quid admiramini aspicientes in caelum?","['Anonymous\xa0', 'Vienna Hofburgkapelle Choir', 'Josef Schabasser']",206200,1990,False,,0.23399999999999999,0.0556,0.983,0.0785,81.149
3588qVoAfJPVWOZTpqczAL,Ascendit Deus in jubilatione,"['Anonymous\xa0', 'Vienna Hofburgkapelle Choir', 'Josef Schabasser']",117733,1990,False,,0.21,0.106,0.987,0.163,69.98
4lLnm67NBa2t0MdGV4TXHl,Spiritus Domini replevit orbem terrarum,"['Anonymous\xa0', 'Vienna Hofburgkapelle Choir', 'Josef Schabasser']",209467,1990,False,,0.23199999999999998,0.0576,0.9740000000000001,0.155,140.755
1sU0ZVyz41FYNJtH1CDI4N,"Veni Sancti Spiritus, et emitte caelitus lucis tuae radium","['Anonymous\xa0', 'Vienna Hofburgkapelle Choir', 'Josef Schabasser']",178293,1990,False,,0.249,0.0293,0.9740000000000001,0.18,142.127
7q3qetypSKURtONAjQVCgu,Quotiescumque manducabitis panem hunc,"['Anonymous\xa0', 'Vienna Hofburgkapelle Choir', 'Josef Schabasser']",82373,1990,False,,0.218,0.0828,0.98,0.0651,94.54799999999999
4BYALG9N3A5PSvhDUhdI8X,Gaudens gaudebo in Domino,"['Anonymous\xa0', 'Vienna Hofburgkapelle Choir', 'Josef Schabasser']",263467,1990,False,,0.2,0.0729,0.98,0.11800000000000001,95.73200000000001
54muhmUDTK33gc7Od7KYYO,"Dignus est Agnus, qui occisus est, accipere virtutem","['Anonymous\xa0', 'Vienna Hofburgkapelle Choir', 'Josef Schabasser']",239293,1990,False,,0.24100000000000002,0.0633,0.98,0.136,137.969
4uorraJLWTa8UKvAsXQHt0,Sedebit Dominus Rex in aeternum,"['Anonymous\xa0', 'Vienna Hofburgkapelle Choir', 'Josef Schabasser']",52133,1990,False,,0.165,0.0816,0.977,0.067,80.774
1oXOAw9sergty7CFSomQDl,Gaudeamus omnes in Domino,"['Anonymous\xa0', 'Vienna Hofburgkapelle Choir', 'Josef Schabasser']",210000,1990,False,,0.153,0.0688,0.986,0.131,76.081
7ECzJCE5Eel6hjRQakwb9L,Justorum animae in mano Dei sunt,"['Anonymous\xa0', 'Vienna Hofburgkapelle Choir', 'Josef Schabasser']",180373,1990,False,,0.27899999999999997,0.0666,0.99,0.102,60.577
6YrR27swqTU3GvPJBecQmm,"Beati mundo corde, quoniam ipsi Deum videbunt","['Anonymous\xa0', 'Vienna Hofburgkapelle Choir', 'Josef Schabasser']",102467,1990,False,,0.29600000000000004,0.0601,0.972,0.19399999999999998,66.587
4FwOP2Ao4uBFVDfo0mP2qG,Requiem aeternam dona eis Domine,"['Anonymous\xa0', 'Vienna Hofburgkapelle Choir', 'Josef Schabasser']",133333,1990,False,,0.203,0.0374,0.975,0.142,135.111
6SacQEQ2321rnz4ohAdZXe,In paradisum deducant te angeli,"['Anonymous\xa0', 'Vienna Hofburgkapelle Choir', 'Josef Schabasser']",75427,1990,False,,0.341,0.0394,0.9840000000000001,0.218,120.47
7ti6bjuwe8vQmDwIWJ3k2D,Journey to Suzhou,"['Xian-wei Jiang', 'Chinese Orchestra of Shanghai Music Conservatory']",273000,1992,False,,0.11800000000000001,0.0459,0.7959999999999999,0.18600000000000005,78.85
6M2fVDdPy5lpSmZHObh5eb,2 Weeks,['Xavier Eskridge'],269000,2015,False,,0.9440000000000001,0.263,0.138,0.375,119.97
3sSWDbEQjs7JRHB52dB4AQ,A Night Like This,['XMH'],246500,2014,False,,0.679,0.927,2.18e-05,0.889,120.03
7FuaXtWkBQwxQVRN0g44Rl,Time to Die,['xiescive'],266019,2011,False,,0.54,0.9940000000000001,0.000273,0.225,137.99200000000002
08XOiydLHzBRNe730aeNmL,Subversion,['xiescive'],226720,2011,False,,0.57,0.992,0.00244,0.327,139.968
5ZrRkdU8wO25mhVNor5h0N,Waking Vision,['xiescive'],218838,2011,False,,0.503,0.982,0.0019199999999999998,0.127,129.03799999999998
6iNCkEXdAMJzrd7BKryboR,Just a Dream,['xiescive'],295319,2011,False,,0.632,0.737,0.00203,0.35100000000000003,119.98700000000001
2y1NdxpOXflCbhaE366Zam,"Sex, Drugs & Electro",['xiescive'],265531,2011,False,,0.647,0.898,0.0014,0.8009999999999999,125.993
1p2EsZrUGBQGg1szNkJWok,Bloodwork,['xiescive'],316897,2011,False,,0.48,0.9790000000000001,3.4399999999999996e-05,0.156,150.001
3c1IZRWKoZauACO0R5Vkoe,Fallen Empire,['xiescive'],275625,2011,False,,0.5479999999999999,0.9470000000000001,9.76e-05,0.29,120.024
60ArvYVXH6iSNvu9ZTapS3,Nympholepsy,['xiescive'],275625,2011,False,,0.6509999999999999,0.995,0.0272,0.375,121.986
65CGCBx5UxLkxhwVSZs8x0,The Crucible Effect,['xiescive'],241699,2011,False,,0.47700000000000004,0.932,0.0023899999999999998,0.336,117.988
3tfrQdHPLTtJIqEQy3UjQ8,Liars Plea,['xiescive'],241699,2011,False,,0.373,0.504,0.0413,0.0349,109.90899999999999
66gOJusaAvM0oJzrpkIRmT,Time to Die (Nitronoise RMX),['xiescive'],259137,2011,False,,0.47100000000000003,0.853,0.000146,0.142,137.975
3b4nOLLNfnQYxAZBHSrGqB,Subversion (The Luna Sequence RMX),['xiescive'],303412,2011,False,,0.39299999999999996,0.997,3.27e-05,0.32,140.009
3LwSwQS4Or6RG9yhkXQ9kG,Time to Die (Cutoff:Sky RMX),['xiescive'],377372,2011,False,,0.424,0.972,2.14e-05,0.503,144.945
3KCp1SbssMxR7ekxJb5Swf,The Crucible Effect (Dryft RMX),['xiescive'],344289,2011,False,,0.11800000000000001,0.35100000000000003,0.00978,0.0543,95.73100000000001
1Z418DTbRVmzJ27RdCLLde,Salutation and The Lord's Prayer,"['Anonymous\xa0', 'Grace Cathedral Choir', 'John Fernstermaker']",67533,2010,False,,0.24600000000000002,0.00783,0.988,0.0265,75.296
64s3c7QHCuD29Yby0c8NQj,The Collects,"['Anonymous\xa0', 'Grace Cathedral Choir', 'John Fernstermaker']",162400,2010,False,,0.187,0.005679999999999999,0.8909999999999999,0.0379,117.917
7JTRnSPBJoceMOHl5lSSCk,Rock the World,['Boscom X'],204773,2002,False,,0.655,0.5760000000000001,0.0678,0.772,90.292
7gjzWi0Nq2Stgc8dyBgOTr,XnataS,['Caje'],262987,2006,False,,0.513,0.95,0.0739,0.409,107.59100000000001
3Id7eLi06EcwWoPwY2ha1d,"Die natali, Op. 37: Chorale Prelude on Silent Night (arr. for organ)","['Anonymous\xa0', 'Samuel Barber', 'Robert Grogan']",288627,2010,False,,0.16399999999999998,0.000239,0.514,0.126,70.122
5YbhJz6hY2rBPQDBOc1FBV,Trans Am,['X-Rated Cowboys'],184653,2002,False,,0.691,0.56,0.113,0.569,112.02600000000001
2wXkKBZzkgl3GhfeuegGXQ,Rear View Mirror,['X-Rated Cowboys'],250533,2002,False,,0.495,0.865,0.000204,0.5770000000000001,120.005
021wgpHLFWBZ0NIKAwM0ub,End Of The World,['X-Rated Cowboys'],225280,2002,False,,0.505,0.9159999999999999,0.00465,0.816,130.085
0TFblsdyMPSKYtJmnS9jJ8,Devotion,['X-Rated Cowboys'],151507,2002,False,,0.547,0.909,0.0198,0.914,110.93299999999999
4mSlYRCeFUQYVgL6JLBelI,Goth Girl,['X-Rated Cowboys'],181240,2002,False,,0.628,0.721,0.057999999999999996,0.904,118.09299999999999
55P3NpeftrysFoIaUis7IE,Rock Star,['X-Rated Cowboys'],230147,2002,False,,0.679,0.5579999999999999,0.131,0.18600000000000005,119.955
2LmVxO2E5y5xGPcqjnaGAz,Light Of Day,['X-Rated Cowboys'],201000,2002,False,,0.725,0.563,0.474,0.765,110.902
6kbkP2ryqULzD96kV2m7Ss,Cowboy Song,['X-Rated Cowboys'],149227,2002,False,,0.45,0.932,0.0247,0.8590000000000001,137.54399999999998
0xElMM9cc4VpFcryP6aFu1,Misfortune,['X-Rated Cowboys'],242333,2002,False,,0.501,0.836,0.0306,0.353,97.59200000000001
3n7oTVJJPAeQDpNyeU9TWj,Drive-by,['X-Rated Cowboys'],261440,2002,False,,0.642,0.6859999999999999,0.13,0.428,112.041
0ja6Sw2r4WK2vUYZctUHix,Forever,['X-Rated Cowboys'],194667,2002,False,,0.574,0.765,0.281,0.9279999999999999,135.123
27penKtgKAJBedlC3hP6qK,Ten Miles Of Bad Road,['X-Rated Cowboys'],222213,2002,False,,0.608,0.914,0.00483,0.809,116.038
3lO76rcmwErg0J6quh9Bji,She's Got A Gun,['X-Rated Cowboys'],382120,2002,False,,0.242,0.34299999999999997,0.616,0.0951,101.796
4LnkDd3XEOUdB45tPtAX8w,Sixth Transition,"['Michael X. Martin', 'Colleen Fitzpatrick']",38627,2012,False,,0.5720000000000001,0.155,0.596,0.424,140.89700000000005
2Ho9IWqPqUW1Stfv4sJTkb,"Tango: I. News clippings, 1913-14","['Robert Xavier Rodríguez', 'Rafael Alvarez']",475267,1999,False,,0.469,0.226,0.84,0.192,84.794
7keVZkKEPoxSHOoy3IkGsC,"Tango: II. Letters and sermons of clerics in Italy and The U.S., 1913-14","['Robert Xavier Rodríguez', 'Rafael Alvarez']",569773,1999,False,,0.336,0.17,0.958,0.0744,97.56200000000001
7MteJE2qwdQmLH2QJKAxno,"Tango: III. News clippings, 1914","['Robert Xavier Rodríguez', 'Rafael Alvarez']",418067,1999,False,,0.484,0.126,0.914,0.183,117.60799999999999
2MaF7W75BwrjsNSIGPK63P,X Marks The Skratch,['Slate'],168053,2001,False,,0.7340000000000001,0.726,0.0165,0.424,186.146
2e2WepcyGCYZrOYFpDnW3o,Xecution,['The Terrorists'],245867,1991,True,,0.7759999999999999,0.41700000000000004,0.109,0.532,156.188
17pJLg5HOlGJKig1WWv83a,"String Quartet No. 14 in C-Sharp Minor, Op. 131: I. Adagio ma non troppo e molto espressivo (arr. for piano)","['Anonymous\xa0', 'Ludwig van Beethoven', 'Andrew Rangell']",385600,2011,False,,0.546,0.0158,0.9940000000000001,0.0895,102.039
38tKqQuqodiUYOsw6HWyeQ,Break the Rules,['Charli XCX'],203908,2014,True,,0.6759999999999999,0.9259999999999999,0.0305,0.818,124.01899999999999
2MtQF21D58waY7LmErPqwe,Make Me Feel,['Xaxy'],222733,1994,False,,0.746,0.8109999999999999,8.640000000000001e-05,0.622,120.696
1813UDzeJuwL6gi5Lrt4U4,X Y Z,['Matt Marshak'],344733,2012,False,,0.777,0.361,0.62,0.33,86.024
4PJuJzvGMVojn5T6CcWujH,Mad Pursuit (feat. Electrocute),"['Junkie XL', 'Electrocute']",255893,2008,False,,0.726,0.588,0.131,0.494,119.92399999999999
2InXgYZI1HDuJiDdFSnrDi,Rise of a New Sun,['Xakol'],475556,2017,False,,0.19399999999999998,0.9640000000000001,0.0018899999999999998,0.0438,85.265
0CM6lvufs2ihHEjVMOidwD,Lost scriptures,['Northern X'],205107,2009,False,,0.885,0.7,0.0888,0.741,95.96
7rbEldYTOrZlUl1XI4kbpt,She Left Me For Randolph,"['Xmas Balls', 'Monty Lane Allen']",249973,2004,False,,0.5489999999999999,0.8909999999999999,0.135,0.6940000000000001,148.08700000000005
7t9tbVDBR7EASpcxHVYQUH,You Lose Mr. Scrooge,"['Xmas Balls', 'Monty Lane Allen']",215773,2004,False,,0.597,0.759,0.177,0.612,127.961
1E9a0Shs7F08oaCvtp9lIA,If I Was An Angel,"['Xmas Balls', 'Monty Lane Allen']",251907,2004,False,,0.425,0.42200000000000004,0.428,0.11,123.331
4eVMpctQbj4jKRUvEYcQWN,Cajun Daze of Christmas,"['Xmas Balls', 'Monty Lane Allen']",199600,2004,False,,0.488,0.884,0.521,0.9,162.545
0PQzBHuRR4AONxy6QVI87G,Noel the Christmas Mouse,"['Xmas Balls', 'Monty Lane Allen']",199773,2004,False,,0.594,0.6759999999999999,0.308,0.867,83.37700000000002
13LFt9Zc5UhaJvfK7n83bs,Santa's Mailbox,"['Xmas Balls', 'Jerry Williams']",420920,2004,False,,0.655,0.58,0.0922,0.6709999999999999,114.06700000000001
1LOCfb1mDksyhBzvEx99pc,Hillbilly Christmas,"['Xmas Balls', 'Monty Lane Allen']",242733,2004,False,,0.5710000000000001,0.862,0.568,0.7240000000000001,80.975
752PAzaIdgSgQjLEkHYt8H,All I Want For Christmas Is a Soldier Coming Home,"['Xmas Balls', 'Monty Lane Allen']",222973,2004,False,,0.501,0.405,0.77,0.237,103.975
0KM57pUlal7YEIBCTAme70,King of Kings,['Xmas Balls'],226107,2004,False,,0.545,0.82,0.0866,0.509,90.561
2yqHOKkuWTZKqmnFWo4xtH,Foggy Xmas Breakdown,['Xmas Balls'],149907,2004,False,,0.603,0.688,0.00788,0.965,103.029
420TOikSSX6kgsOKotztGp,Your Working for Me,"['Xmas Balls', 'Ned McElroy']",329773,2004,False,,0.515,0.917,0.0978,0.68,79.684
33OsB8YolZBiCUHS3RSVp4,She Left Me for Randolph (Instrumental),['Xmas Balls'],352760,2004,False,,0.433,0.9259999999999999,0.0997,0.36200000000000004,148.52200000000005
0B8deSo9mvlerSmsAYOWnB,APPLE PIE,['XYLØ'],177611,2020,False,,0.601,0.462,0.40700000000000003,0.3,95.041
3cZSUWs9mzdL32JMJfQH1q,Stille Nacht (Silent Night): Silent Night (Stille Nacht),"['Franz Xaver Gruber', 'Ian Giles', 'Giles Lewin', 'Spiers and Boden Duo']",279360,2006,False,,0.145,0.0861,0.9620000000000001,0.14800000000000002,169.28799999999995
5U4wvEcEcJtrCcl2qK0dQI,Stille Nacht,"['Franz Xaver Gruber', 'Valérie Milot', 'Antoine Bareil']",259307,2012,False,,0.33399999999999996,0.0295,0.909,0.0679,72.685
0KQZcRD9NK0dzO5tCBYvh5,The Wake Up,"['Gwala X', 'E-MO']",237143,2018,True,,0.685,0.5660000000000001,0.24,0.225,168.018
5cTZlMJcQ0QDtYtPJJNMn1,Silent Night,"['Franz Xaver Gruber', 'Mormon Tabernacle Choir', 'Richard P. Condie']",274480,2005,False,,0.11199999999999999,0.0661,0.988,0.0363,61.968999999999994
64CAERV1r1f4xJg8gzD2qZ,Dream,"['PSY', 'XIA of JYJ']",196897,2015,False,,0.769,0.7909999999999999,0.145,0.4920000000000001,109.98100000000001
37ANDDdbtJCd23dS5NgZEQ,Kenaz,"['Laboratory X', 'R_D']",547709,2014,False,,0.45299999999999996,0.951,4.1899999999999995e-05,0.425,150.001
1bcrXJNsUNJ4cIQuj7EGkA,Stille Nacht (Silent Night) (Sung in French) (arr. R. Daveluy): Sainte Nuit (Silent Night) (arr. R. Daveluy),"['Franz Xaver Gruber', 'Raymond Daveluy', 'La Petite Bande De Montréal', 'Martin Dagenais']",217400,2008,False,,0.138,0.0642,0.9640000000000001,0.0384,86.236
7MnAH4rRrA84bkyECdC0rK,La Tarde,['Xiomara Laugart'],173133,2001,False,,0.53,0.0458,0.8240000000000001,0.215,141.314
1fyEbZOSrrpiDlzle7ZB0P,Manisero,['Xiomara Laugart'],293000,2001,False,,0.629,0.292,0.44299999999999995,0.359,88.625
0PnU2KWehauJyyRnH1zHOc,Besame Mucho,['Xiomara Laugart'],266000,2001,False,,0.614,0.115,0.846,0.198,101.868
2QQmrxlhOD9abGBvzbb7TQ,Añorado Encuentro,['Xiomara Laugart'],198000,2001,False,,0.48100000000000004,0.149,0.9490000000000001,0.19899999999999998,97.18700000000001
4qcvLfNZT0NUl0iYYIJUj3,Delirio,['Xiomara Laugart'],316000,2001,False,,0.5710000000000001,0.228,0.473,0.395,125.51299999999999
63OC8AO2IOZcO99cURz1cu,Son De La Loma,['Xiomara Laugart'],244000,2001,False,,0.6559999999999999,0.069,0.9309999999999999,0.524,150.691
4PMp6KcpciQhJB5owrpiil,Tradición,['Xiomara Laugart'],332000,2001,False,,0.614,0.691,0.85,0.805,131.89700000000002
1FCbfRj0DsJ0UHDiPX7Mqr,Como Fue,['Xiomara Laugart'],188000,2001,False,,0.48200000000000004,0.0787,0.9329999999999999,0.254,98.499
1uvptCzOnm7lFdAQz7GIL9,Escandalo,['Xiomara Laugart'],178000,2001,False,,0.813,0.11699999999999999,0.703,0.435,101.648
38PGZyDeBxGNsp2hh0MMjk,La Mentira,['Xiomara Laugart'],220000,2001,False,,0.6579999999999999,0.24100000000000002,0.833,0.516,126.305
5BPpd8cGSHZQCjQbbaExZQ,Logina,['Xiomara Laugart'],160000,2001,False,,0.5429999999999999,0.0233,0.9279999999999999,0.33799999999999997,84.587
1A9Ql2aSoyuoXqHkOpfd53,"Tradición, Pt. 2",['Xiomara Laugart'],142280,2001,False,,0.769,0.45299999999999996,0.8370000000000001,0.9009999999999999,97.15100000000001
592C4VHn4yClfosGjs7Mgg,Im Bout to Graduate,['Xavier Eskridge'],180000,2015,False,,0.7829999999999999,0.878,0.182,0.662,120.059
7wCyfCGweABAKRkVwOpdsj,Hrabar nov svet,['Xaxaxa'],127431,2012,False,,0.424,0.993,0.000592,0.281,109.816
24hdEePOCOTjecshs4LUb4,Kolku nazad možeš da se vratiš,['Xaxaxa'],207842,2012,False,,0.248,0.997,0.00061,0.09,105.415
5NwU6vZ7F65qwoQdrRpCHU,Siromašni i bogati,['Xaxaxa'],176160,2012,False,,0.266,0.9940000000000001,0.0073799999999999985,0.34700000000000003,100.249
2kcy503FSU9OzhYfEaMrDO,Vtora smrt,['Xaxaxa'],189835,2012,False,,0.185,0.987,0.00301,0.19699999999999998,191.86900000000003
6ilRdc9cc9G2o32iq1CG8P,Kon svoite se vrtiš,['Xaxaxa'],223074,2012,False,,0.19899999999999998,0.98,0.00116,0.435,172.093
2G0hejt8F4OGBgEnGHoxfo,Probav da se isklučam,['Xaxaxa'],231376,2012,False,,0.0983,0.988,0.000408,0.132,191.986
4SA3WDSSCbG44LF005i2Ij,Sekoj raboti,['Xaxaxa'],152842,2012,False,,0.293,0.991,0.00049,0.114,103.531
00YVgXi7VUg3Xe92nNX5Bd,Ako se odbojam od bolkata,['Xaxaxa'],146634,2012,False,,0.389,0.9940000000000001,0.000517,0.2,102.73100000000001
1kY7BEXDDUi2o6pDSHx9u8,Fanariotska prikazna,['Xaxaxa'],131889,2012,False,,0.17,0.988,3.82e-05,0.419,182.727
7lCLurYBGVhZVDn4GlpngV,Ja polni zemljata so smrt,['Xaxaxa'],260710,2012,False,,0.293,0.992,0.00614,0.096,136.291
0J1cFt18KfwXF4vgky914a,Xiphias,['Dawnbringer'],279027,2014,False,,0.495,0.613,0.0632,0.298,61.675
19ihxXC7FXfMB6HWMeiytA,Evryali,"['Iannis Xenakis', 'Aki Takahashi']",594253,1999,False,,0.353,0.541,0.9620000000000001,0.0558,97.759
3t2Km4wVD50HVNIEinInis,Dikhthas,"['Iannis Xenakis', 'Jane Peters', 'Aki Takahashi']",881787,1999,False,,0.359,0.146,0.9590000000000001,0.0619,80.247
6CJwfxzlijbU6Fj26CjSY6,Herma,"['Iannis Xenakis', 'Aki Takahashi']",467387,1999,False,,0.431,0.282,0.972,0.20199999999999999,122.82700000000001
2aiz3ZijZkV6uQamYjkojg,Palimpsest,"['Iannis Xenakis', 'Aki Takahashi', 'Society For New Music', 'Charles Peltz']",748853,1999,False,,0.38299999999999995,0.445,0.925,0.252,87.12799999999999
6j57rZ5fSTRrrMgHuhNrpE,"6 Chansons: No. 1, Ca sent le musc...","['Iannis Xenakis', 'Aki Takahashi']",68773,1999,False,,0.45,0.0521,0.995,0.308,115.339
2c688dFqTxKecGgOv1U9V6,"6 Chansons: No. 2, J'avais un amour autrefois.","['Iannis Xenakis', 'Aki Takahashi']",72093,1999,False,,0.441,0.185,0.991,0.45299999999999996,117.948
3pVHBPe3ShfAftcHY0PVNp,"6 Chansons: No. 3, Une perdrix descendait de la montagne.","['Iannis Xenakis', 'Aki Takahashi']",99880,1999,False,,0.415,0.0596,0.9940000000000001,0.294,70.875
57h7LxyrKXzmTCIVdy34h2,"6 Chansons: No. 4, Trois moines crétois...","['Iannis Xenakis', 'Aki Takahashi']",144627,1999,False,,0.514,0.00421,0.9940000000000001,0.5379999999999999,66.29
7raNzMw56ZpunThNpz21Up,"6 Chansons: No. 5, Aujourd'hui le ciel est noir.","['Iannis Xenakis', 'Aki Takahashi']",170173,1999,False,,0.603,0.011000000000000001,0.995,0.41200000000000003,93.633
5IbdUsR86HN3HQ5yDwECYY,"6 Chansons: No. 6, Soustra, Dance","['Iannis Xenakis', 'Aki Takahashi']",96440,1999,False,,0.324,0.226,0.9890000000000001,0.465,82.249
1LZb0weRUv54uSwgngVyvV,Mists,"['Iannis Xenakis', 'Aki Takahashi']",782787,1999,False,,0.401,0.341,0.94,0.134,107.132
0ITM9KoR2wgLafUCcvBJPP,"A r. ""Hommage à Ravel""","['Iannis Xenakis', 'Aki Takahashi']",155747,1999,False,,0.33399999999999996,0.405,0.956,0.218,79.592
1jv88IJzw6tYX6elF0Ws3n,Primal Perspective (Parasite Eve),"['Xavier ""mv"" Dang']",415229,2013,False,,0.456,0.9640000000000001,0.000342,0.24600000000000002,159.995
4CCGNyFtW0a6U5bkkqrKFe,X-in,['Blanket Barricade'],154573,2012,False,,0.303,0.485,0.0531,0.141,139.35
0XaNLgo8UjtkOXoIufKtSl,X-Out,['Blanket Barricade'],261440,2012,False,,0.275,0.503,0.00864,0.0699,124.925
6mjd0rGWXXFhlVurzz4HlU,XIII Shades Of Black,['Tyla'],256720,2005,False,,0.6920000000000001,0.298,0.8340000000000001,0.165,112.87299999999999
7ftmUXnC5qxOlRztr17o0C,Till the Morning Comes,"['Luluc', 'Xylouris White']",302093,2016,False,,0.5660000000000001,0.36200000000000004,0.473,0.142,141.692
3BHVPta1wNCYjQjLKTgKTN,"Piano Concerto No. 1 in B-Flat Minor, Op. 32: I. Allegro patetico","['Xaver Scharwenka', 'Alexander Markovich', 'Estonian National Symphony Orchestra', 'Neeme Järvi']",643493,2014,False,,0.248,0.152,0.97,0.0523,72.653
0pGwlcuUAJ4D5hcRrKHD2F,"Piano Concerto No. 1 in B-Flat Minor, Op. 32: II. Scherzo: Allegro assai","['Xaver Scharwenka', 'Alexander Markovich', 'Estonian National Symphony Orchestra', 'Neeme Järvi']",429400,2014,False,,0.349,0.191,0.972,0.233,115.65799999999999
06gh8ngpr9lqffMuelyHFx,"Piano Concerto No. 1 in B-Flat Minor, Op. 32: III. Allegro non tanto","['Xaver Scharwenka', 'Alexander Markovich', 'Estonian National Symphony Orchestra', 'Neeme Järvi']",744240,2014,False,,0.294,0.222,0.96,0.0818,137.128
45o7rnpOHSKiiYazitN7TM,"Piano Concerto No. 2 in C Minor, Op. 56: II. Adagio","['Xaver Scharwenka', 'Alexander Markovich', 'Estonian National Symphony Orchestra', 'Neeme Järvi']",625427,2014,False,,0.221,0.0319,0.972,0.0386,88.569
2uODn9fY8CXyyciKQIcOIf,"Piano Concerto No. 2 in C Minor, Op. 56: III. Allegro non troppo","['Xaver Scharwenka', 'Alexander Markovich', 'Estonian National Symphony Orchestra', 'Neeme Järvi']",537533,2014,False,,0.32899999999999996,0.268,0.941,0.22699999999999998,105.39
7BWyaxCOMzJB3dZ6XjarZ6,"Piano Concerto No. 3 in C-Sharp Minor, Op. 80: I. Maestoso","['Xaver Scharwenka', 'Alexander Markovich', 'Estonian National Symphony Orchestra', 'Neeme Järvi']",849467,2014,False,,0.272,0.22,0.9620000000000001,0.139,85.367
192TB5Em0LYIZ39FrfLQXp,"Piano Concerto No. 3 in C-Sharp Minor, Op. 80: II. Adagio -","['Xaver Scharwenka', 'Alexander Markovich', 'Estonian National Symphony Orchestra', 'Neeme Järvi']",403813,2014,False,,0.26,0.0727,0.978,0.0611,140.991
6I9HKOUAwIlp4k2ejFEvK9,"Piano Concerto No. 3 in C-Sharp Minor, Op. 80: II. Allegro non troppo","['Xaver Scharwenka', 'Alexander Markovich', 'Estonian National Symphony Orchestra', 'Neeme Järvi']",645600,2014,False,,0.311,0.2,0.98,0.14,70.039
73gFplZRpSGjo0SVSQoXhI,"Piano Concerto No. 4 in F Minor, Op. 82: II. Intermezzo: Allegretto molto tranquillo","['Xaver Scharwenka', 'Alexander Markovich', 'Estonian National Symphony Orchestra', 'Neeme Järvi']",413507,2014,False,,0.26,0.131,0.976,0.13699999999999998,84.719
0VpxVEER0HwNGosZqkS3Gu,"Piano Concerto No. 4 in F Minor, Op. 82: III. Lento, mesto -","['Xaver Scharwenka', 'Alexander Markovich', 'Estonian National Symphony Orchestra', 'Neeme Järvi']",401480,2014,False,,0.10099999999999999,0.0398,0.9620000000000001,0.0393,63.62600000000001
3F0gIF03MgUGJTyAguso9z,"Piano Concerto No. 4 in F Minor, Op. 82: IV. Allegro con fuoco","['Xaver Scharwenka', 'Alexander Markovich', 'Estonian National Symphony Orchestra', 'Neeme Järvi']",394973,2014,False,,0.226,0.361,0.951,0.256,76.385
6GUG4EUzSeysvp7sR5Gooa,XIII,['Embalmer'],104333,2012,False,,0.28600000000000003,0.945,0.00868,0.18,107.835
7dUrSJglg75cDlCTbYjXUG,Who is the Great God?,"['Anonymous\xa0', 'Sergei Popov', 'Moscow Kremlin Choir', 'Gennady Dmitriak']",316760,2000,False,,0.24100000000000002,0.0673,0.9940000000000001,0.0608,93.413
6hCgU6wbuXy2rgla8jjlCT,Yang Guifei: Main Title Song (arr. for orchestra),"['Anonymous', 'Xi Jing Huang', 'Hong Kong Philharmonic Orchestra', 'Wing-sie Yip']",393987,2015,False,,0.168,0.0469,0.9329999999999999,0.0788,137.046
4gfl1TtYTcBFuE5N5ROrt7,X,['HELLYEAH'],211165,2016,False,,0.517,0.985,0.006790000000000001,0.212,111.883
4NWZJETXZSHR9000L6Qc2R,Traveling Through Time,['xander.'],195200,2020,False,,0.442,0.35200000000000004,0.39799999999999996,0.32,150.15
48io6EaKw6YrDRKgtB64an,Wake Up,['xander.'],231325,2020,False,,0.654,0.513,0.21899999999999997,0.187,82.92299999999999
6Raz2CV8LmQAt6KRT8lxhT,Life Is a Dream,['xander.'],237176,2020,False,,0.575,0.405,0.446,0.48100000000000004,84.755
5ogeqWSyofSRI8YdPKAI1S,Times Ahead,['xander.'],196364,2020,False,,0.5660000000000001,0.537,0.0635,0.35700000000000004,176.16099999999997
4w2gN4f7ZNbHRKLQzlh1sn,Fate,['xander.'],254118,2020,False,,0.373,0.34,0.172,0.18600000000000005,169.774
5jpwRUnqtsINu8F56WB0Sx,Warm Feeling,['xander.'],196364,2020,False,,0.6559999999999999,0.743,0.161,0.499,87.921
2otVLrg6uhFmdxNAjoO2Hz,Fog,['xander.'],206111,2020,False,,0.75,0.475,0.315,0.0735,83.135
050bLegV7fe7F8vVBkJSr3,Childhood Days,['xander.'],196364,2020,False,,0.413,0.34,0.457,0.0591,87.72200000000002
0hP3wGKN0NMNOTyERbVSIC,Awake,"['xander.', 'Wesley Curtis']",192000,2020,False,,0.53,0.612,0.606,0.684,89.82799999999996
2FrgScxlatJ8PwoRSx2SLX,Warmer Days,"['xander.', 'Carrick']",196364,2020,False,,0.51,0.278,0.552,0.0817,88.00200000000002
0j9Dj5iiSS3m0kyFaTBx1k,Where We Met,['xander.'],240000,2020,False,,0.45899999999999996,0.413,0.345,0.187,169.945
6l9CLyq6NPKtevcc2xfy6u,Last Kiss,['Xtatika'],251327,2006,True,,0.573,0.8320000000000001,0.00035800000000000003,0.8490000000000001,178.938
3cbDEwHoVC2lJ8xt6Ikdad,My Heart Is A Knife,['Xtatika'],303125,2006,True,,0.526,0.8190000000000001,0.0024,0.332,156.03
5UQ6RkkT7igM4IskUqjFA5,All I Wanted,['Xtatika'],241761,2006,True,,0.619,0.866,0.0075200000000000015,0.252,104.98700000000001
48hDrUncz0UsokFjyMpHrh,Cerulean Days,['Xtatika'],247901,2006,False,,0.5489999999999999,0.718,0.449,0.287,95.588
19ahnTziUSNF805YdwlWKJ,Hydroplaning,['Xtatika'],262163,2006,False,,0.619,0.8540000000000001,0.106,0.456,130.011
1rDD2LLcKmMn4F4Q9Gcsex,XIII,['Embalmer'],105493,2007,False,,0.325,0.972,0.375,0.18899999999999997,105.956
1Vh6YlUjTfGqiahiVyfxwk,Keyboard Sonata in D Major (arr. for harp),"['Anonymous\xa0', 'Mateo Albéniz', 'Susann McDonald']",86667,1994,False,,0.293,0.128,0.981,0.20600000000000002,104.234
5vfJlT1WGNM30WtHlZ56LE,Greensleeves (arr. for harp),"['Anonymous\xa0', 'Susann McDonald']",142600,1994,False,,0.33399999999999996,0.0139,0.982,0.0874,77.189
7bcYCekBwDIFiKw2Kd0ZCm,Courante (arr. for harp),"['Anonymous\xa0', 'Anthoine Francisque', 'Susann McDonald']",84067,1994,False,,0.47,0.111,0.99,0.22899999999999998,85.564
52Lc8KYjgSijVhvWaHktZX,Pavane et Bransles (arr. for harp),"['Anonymous\xa0', 'Anthoine Francisque', 'Susann McDonald']",195667,1994,False,,0.265,0.0279,0.991,0.166,73.097
00iOP5ROaTf1vRurRyAVZ0,Double Reaction,"['Xshade', 'Loopstep']",491291,2010,False,,0.76,0.691,0.004520000000000001,0.131,136.975
6j6UIjzbZD6yGQwyriJ6FY,Light in Motion,"['Xshade', 'Loopstep']",544887,2010,False,,0.6679999999999999,0.82,0.000679,0.0732,136.033
3kP8SkYWJ2ibhCbnQ4wKfC,Inside the Madness,"['Xshade', 'Loopstep']",489993,2010,False,,0.677,0.747,0.00322,0.0381,138.02100000000002
6MLS3QILdAAM4CLuJAw9rq,Nostalgia (arr. G. Garcia for violin and guitar),"['Gerald Garcia', 'Xia Zhiqiu', 'Takako Nishizaki']",167533,2016,False,,0.392,0.105,0.956,0.133,109.1
5ouzp9TD5BeoyP79n7DiO2,Questions (arr. G. Garcia for violin and guitar),"['Gerald Garcia', 'Xiao Youmei', 'Takako Nishizaki']",212160,2016,False,,0.327,0.0422,0.9570000000000001,0.353,73.486
2CtRV6TxBGbtMeXzZbxFXL,Life is Short (arr. G. Garcia for violin and guitar),"['Liu Xuean', 'Gerald Garcia', 'Takako Nishizaki']",202547,2016,False,,0.525,0.0554,0.948,0.517,116.029
3ZIjauTO0gydqfT1gUSWpR,Sagetellah: The One Who Waits For the Life to Come,['Meteo Xavier and Michael Huang'],594520,2010,False,,0.395,0.0342,0.993,0.0681,183.28900000000002
60X6ThS3YezuPtkqXTNCEC,"Arpeggione Sonata in A Minor, D. 821 (Arr. for Cello & Guitar): I. Allegro moderato","['Anonymous\xa0', 'Franz Schubert', 'Zuill Bailey', 'David Leisner']",699256,2016,False,,0.36200000000000004,0.0933,0.985,0.22699999999999998,110.55799999999999
121NS9WsXTFFj64xNUL7DC,"Arpeggione Sonata in A Minor, D. 821 (Arr. for Cello & Guitar): II. Adagio","['Anonymous\xa0', 'Franz Schubert', 'Zuill Bailey', 'David Leisner']",267151,2016,False,,0.19699999999999998,0.0145,0.988,0.0731,92.24600000000001
11uDmzRMWKUuQTW42sCatQ,"Arpeggione Sonata in A Minor, D. 821 (Arr. for Cello & Guitar): III. Allegretto","['Anonymous\xa0', 'Franz Schubert', 'Zuill Bailey', 'David Leisner']",554265,2016,False,,0.32799999999999996,0.10099999999999999,0.985,0.341,100.992
784kp9qHjn6GxlKfhcI68w,7 Canciones Populares Españolas (Arr. for Cello & Guitar): No. 1. El pano moruno,"['Anonymous\xa0', 'Manuel de Falla', 'Zuill Bailey', 'David Leisner']",79264,2016,False,,0.447,0.0601,0.945,0.45799999999999996,106.264
66gjpXWVGjQKGPWPD0Rt91,7 Canciones Populares Españolas (Arr. for Cello & Guitar): No. 2. Seguidilla murciana,"['Anonymous\xa0', 'Manuel de Falla', 'Zuill Bailey', 'David Leisner']",90932,2016,False,,0.252,0.0829,0.9540000000000001,0.213,74.819
03tVF1W2A1dfQaeVLG9uq0,7 Canciones Populares Españolas (Arr. for Cello & Guitar): No. 3. Asturiana,"['Anonymous\xa0', 'Manuel de Falla', 'Zuill Bailey', 'David Leisner']",149160,2016,False,,0.27699999999999997,0.007890000000000001,0.978,0.0494,95.964
3hN1IUU9l3DaTei3rbmdpo,7 Canciones Populares Españolas (Arr. for Cello & Guitar): No. 4. Jota,"['Anonymous\xa0', 'Manuel de Falla', 'Zuill Bailey', 'David Leisner']",193589,2016,False,,0.435,0.053,0.97,0.359,110.32799999999999
29aYMK16pwQUjAoYp4DoJB,7 Canciones Populares Españolas (Arr. for Cello & Guitar): No. 5. Nana,"['Anonymous\xa0', 'Manuel de Falla', 'Zuill Bailey', 'David Leisner']",110944,2016,False,,0.22699999999999998,0.00372,0.991,0.266,93.244
7Ma0sGyF5RctBSsSQYWpSA,7 Canciones Populares Españolas (Arr. for Cello & Guitar): No. 6. Cancion,"['Anonymous\xa0', 'Manuel de Falla', 'Zuill Bailey', 'David Leisner']",73685,2016,False,,0.374,0.0681,0.983,0.318,97.581
1VqV8Hp1u0vZpvpsAUURGW,7 Canciones Populares Españolas (Arr. for Cello & Guitar): No. 7. Polo,"['Anonymous\xa0', 'Manuel de Falla', 'Zuill Bailey', 'David Leisner']",99189,2016,False,,0.32,0.204,0.9490000000000001,0.354,186.047
6ezRT6V4KGpzhQrmImwEsr,"Orfeo ed Euridice, Act II: Dance of the Blessed Spirits (arr. for cello and guitar)","['Anonymous\xa0', 'Christoph Willibald Gluck', 'Zuill Bailey', 'David Leisner']",195238,2016,False,,0.17800000000000002,0.0487,0.993,0.129,77.632
4UUdnsOxLZ9fYEcxGUwAjB,"The Carnival of the Animals, R. 125: Carnival of the Animals: XIII. Le Cygne (The Swan) (arr. for cello and guitar)","['Anonymous\xa0', 'Camille Saint-Saëns', 'Zuill Bailey', 'David Leisner']",172045,2016,False,,0.201,0.0524,0.98,0.0766,126.376
1QHvA3yL0z53FH5mu2laLk,Bachianas brasileiras No. 5 (arr. for cello and guitar),"['Anonymous\xa0', 'Heitor Villa-Lobos', 'Zuill Bailey', 'David Leisner']",312571,2016,False,,0.264,0.0422,0.9890000000000001,0.0596,115.709
14bt6tPwP5VKnKCh6aliqG,"Introduction and Variations on Dal tuo stellato soglio from Rossini's Mose in Egitto, Op. 24, MS 23, ""Mose-Fantasia"" (arr. for for cello and guitar)","['Anonymous\xa0', 'Niccolò Paganini', 'Zuill Bailey', 'David Leisner']",367451,2016,False,,0.34600000000000003,0.17800000000000002,0.982,0.39,80.446
1UXO9yYVFQpoTTE7Sei8RV,Fantasia on Greensleeves,"['Anonymous\xa0', 'Ralph Vaughan Williams', 'Sondra Proctor']",282760,2014,False,,0.11,0.00025499999999999996,0.9640000000000001,0.272,94.634
663H8N3sKwjzw5uJYJoWdP,Silent Night,"['Franz Xaver Gruber', 'Paul Hill', 'Paul Hill Chorus']",159120,2014,False,,0.171,0.0232,0.991,0.0399,92.008
7Dwqu2xv9EFTwQ9Xv3EZnv,100 Lies (Out of Control),['Xandra Wong'],164571,2016,False,,0.431,0.45799999999999996,0.924,0.4370000000000001,139.994
7fWMXWTEVIrl5G11AoRAxB,Running on My Mind,['Xandra Wong'],192000,2016,False,,0.643,0.253,0.816,0.415,89.963
3e0t2ZrRop1RDqKD2hARQR,A-Maze,['Xandra Wong'],177429,2016,False,,0.47100000000000003,0.381,0.6809999999999999,0.182,137.774
5oux9FcuaV99brpSHy68xe,Look Me in the Eyes,['Xandra Wong'],196500,2016,False,,0.7140000000000001,0.191,0.922,0.0381,119.991
4d9rZMlx4McYc2iv2LTGEB,Eyes of a Vagabond,['Xandra Wong'],226286,2016,False,,0.6459999999999999,0.469,0.87,0.315,130.08100000000002
1bSLhoxYxBkyYcMxQ1JOnT,Die koschere Mischpoche (arr. Levinson for chamber ensemble),"['Anonymous\xa0', 'New Budapest Orpheum Society']",147863,2014,False,,0.589,0.344,0.7290000000000001,0.9179999999999999,97.88600000000001
1HKyoTLJkPNlQ58UEPX9Eo,Aus der Familie der Strausse,"['Anonymous\xa0', 'Philip Bohlman', 'New Budapest Orpheum Society']",358382,2014,False,,0.434,0.147,0.975,0.294,80.08800000000002
5gKueLZZvqJeF8c6Fw1KCn,Made Me,['Brutha Xi'],248500,2016,False,,0.7659999999999999,0.713,0.00584,0.213,119.978
0UoGKzY6S5T4kr8ERY362Z,Watkin's Ale,"['Anonymous\xa0', 'Ronn McFarlane']",106267,1989,False,,0.316,0.0176,0.992,0.33399999999999996,179.669
18EfOgHUhW1mQzz7fGtTg3,Bonny Sweet Boy,"['Anonymous\xa0', 'Ronn McFarlane']",92733,1989,False,,0.172,0.0259,0.986,0.48200000000000004,94.375
2AYy7rQlND6HHOoJLcCW8S,Greensleeves,"['Anonymous\xa0', 'Julianne Baird', 'Ronn McFarlane']",216907,1989,False,,0.249,0.017,0.993,0.0916,76.336
0lGmMgoyWyGzPzMdSmssK7,Packington's Pound,"['Anonymous\xa0', 'Ronn McFarlane']",105667,1989,False,,0.353,0.0539,0.988,0.455,81.608
271m5Z4qafS7YVMuC8C20S,Sweet Youth Go Bruise Thy Pillow,"['Anonymous\xa0', 'Julianne Baird', 'Ronn McFarlane']",87573,1989,False,,0.475,0.0815,0.991,0.18899999999999997,80.325
7qwjV8tJIVaH4IaOkQgT2d,Kemp's Jig,"['Anonymous\xa0', 'Ronn McFarlane']",78840,1989,False,,0.564,0.0405,0.992,0.775,88.353
0SerQKyZWs9ZMvShNT2BKA,Wilson's Wild,"['Anonymous\xa0', 'Ronn McFarlane']",92293,1989,False,,0.297,0.013000000000000001,0.99,0.41200000000000003,188.162
2uuFQ82B3grj8zgb58rO8s,Robinson's May,"['Anonymous\xa0', 'Ronn McFarlane']",69200,1989,False,,0.396,0.0153,0.982,0.33899999999999997,104.671
6ycPI4NEWgIVD168diLaHD,Concert de Tardor,"['Xavier Benguerel', 'Jaume Torrent', 'Orchestre Perpignan Mediterranee', 'Daniel Tosi']",750987,2011,False,,0.47700000000000004,0.28,0.9520000000000001,0.0747,149.737
3Nq2ZROMVj2swisD4J8YXP,"14 Songs, Op. 34: No. 14. Vocalise in E Minor (arr. for saxophone and orchestra)","['Anonymous\xa0', 'Sergei Rachmaninoff', 'Greg Banaszak', 'Polish National Chamber Orchestra Slupsk', 'Bohdan Jarmolowicz']",457000,1999,False,,0.0988,0.0672,0.975,0.0362,86.04700000000004
2d1NNXnnRGdIhmrTgUCLJ3,La tierche estampie real (arr. S. Bergeron),"['Anonymous\xa0', 'Sylvain Bergeron', 'La Nef']",229560,2011,False,,0.261,0.0214,0.925,0.451,138.009
425WeFA3zKdORUta7MXzkm,Alle Psalite - Reis Glorios (arr. S. Bergeron),"['Anonymous\xa0', 'Sylvain Bergeron', 'La Nef']",85733,2011,False,,0.298,0.257,0.9420000000000001,0.442,89.53
0ND298BWqvngbjNUkrT9O7,"Cantiga No. 1, ""Des oge mais quer' eu trobar"" (arr. S. Bergeron)","['Alfonso X El Sabio', 'Sylvain Bergeron', 'La Nef']",180267,2011,False,,0.45,0.245,0.8540000000000001,0.555,136.248
68nFudNmsmlqKmTFayuvRJ,La Quarte Estampie Royal (arr. S. Bergeron),"['Anonymous\xa0', 'Sylvain Bergeron', 'La Nef']",144267,2011,False,,0.579,0.369,0.536,0.631,128.296
7AQ98fcuzYr2tJfgySf7xJ,La Septime Estampie Real (arr. S. Bergeron),"['Anonymous\xa0', 'Sylvain Bergeron', 'La Nef']",140400,2011,False,,0.293,0.09699999999999999,0.66,0.434,86.605
6Z3HUP1u1Ayheax8Va20M4,La Seconde Estampie Royal (arr. S. Bergeon),"['Anonymous\xa0', 'Sylvain Bergeron', 'La Nef']",84800,2011,False,,0.573,0.262,0.711,0.5489999999999999,130.891
24RvrHjk1L659W83q9HAXK,C'est la Fins - La Quinte Estampie Real (arr. S. Bergeron),"['Anonymous\xa0', 'Sylvain Bergeron', 'La Nef']",218040,2011,False,,0.16699999999999998,0.337,0.7290000000000001,0.0372,81.803
5JDf11ooeublcIMYOUDqCs,Benedicite Parcite Nobis (arr. S. Bergeron),"['Anonymous\xa0', 'Sylvain Bergeron', 'La Nef']",192133,2011,False,,0.237,0.0057,0.9590000000000001,0.06,80.062
36PVMDI7JTrhqOsag8OyXA,"Cantiga No. 340, ""Virgen madre groriosa"" (arr. S. Bergeron)","['Alfonso X El Sabio', 'Sylvain Bergeron', 'La Nef']",112960,2011,False,,0.215,0.0276,0.866,0.14800000000000002,101.307
4TdXYQ76Qo48hQVq1etIp7,"Pièces de viole, Book 2, Suite No. 1 in D Minor: Pieces de viole, Book 2: Les folies d'Espagne (arr. for cello and piano)","['Anonymous\xa0', 'Marin Marais', 'Laura Metcalf', 'Matei Varga']",526973,2016,False,,0.298,0.0796,0.991,0.138,85.007
1DknOVwZUopXEnA33LUTVi,"Léocadia, FP 106: Les chemins de l'amour (arr. for cello and piano)","['Anonymous\xa0', 'Francis Poulenc', 'Laura Metcalf', 'Matei Varga']",203105,2016,False,,0.35600000000000004,0.0808,0.993,0.155,94.663
26nCJikb3DDUB3OoWIf38x,Marble,['Xeno & Oaklander'],278036,2016,False,,0.544,0.703,0.337,0.39,127.97
4Ob9PNU6Z75lQlGuyAvmXu,Virtues and Vice,['Xeno & Oaklander'],248756,2016,False,,0.503,0.672,5.720000000000002e-05,0.23399999999999999,133.02200000000002
2MDXUQbuY7imgTSjZiukx1,Baroque,['Xeno & Oaklander'],235493,2016,False,,0.575,0.9179999999999999,0.375,0.10300000000000001,105.01299999999999
07ZFAUJ2HQrAtXzYt59doY,Topiary,['Xeno & Oaklander'],210475,2016,False,,0.0924,0.374,0.0711,0.0367,164.248
4usnoHDJdSveSGcNGzPHET,Palms,['Xeno & Oaklander'],214865,2016,False,,0.643,0.6629999999999999,0.00027,0.821,133.941
4m9SOhNT5KbrHcFRNQTPtu,Chevron,['Xeno & Oaklander'],266439,2016,False,,0.5870000000000001,0.698,0.000294,0.39399999999999996,110.001
7olfFnB7IGxezmIYpvsiHV,Chimera,['Xeno & Oaklander'],154574,2016,False,,0.6659999999999999,0.618,0.39299999999999996,0.14300000000000002,134.97899999999998
0VYnEZ79NvvpAW8CX0InRs,Worlding Worlds,['Xeno & Oaklander'],270161,2016,False,,0.5760000000000001,0.782,0.00759,0.591,90.016
4IH3kfaV35NudJzkpT7LCW,Topiary II,['Xeno & Oaklander'],174428,2016,False,,0.233,0.348,0.0939,0.0322,62.646
70FfHcjuafIIWqxMGRw2h7,Interface,['Xeno & Oaklander'],301203,2014,False,,0.613,0.86,0.0155,0.7340000000000001,141.515
4VGPvbDh4h7GcDK3mdgIeX,Lastly,['Xeno & Oaklander'],189524,2014,False,,0.474,0.72,0.0009029999999999999,0.574,161.578
12x8gQl2UYcQ3tizSfoPbZ,Sheen,['Xeno & Oaklander'],237971,2014,False,,0.44799999999999995,0.7759999999999999,2.23e-05,0.551,133.21200000000002
4KQsnCaG61QCrZTGS0zvrS,Par Avion,['Xeno & Oaklander'],257417,2014,False,,0.447,0.7120000000000001,0.000239,0.41700000000000004,147.488
4JOyXp0kKzxhvxTYRkNxuS,Jasmine Nights,['Xeno & Oaklander'],254819,2014,False,,0.536,0.805,0.00454,0.7959999999999999,124.91
35i9YvMmqbm1T4OjqkOyAe,Reflections,['Xeno & Oaklander'],146633,2014,False,,0.33899999999999997,0.353,0.00193,0.32299999999999995,88.46
6iqvRC0tR3Dyao7AKWpDyS,Nuage d'Ivoire,['Xeno & Oaklander'],203266,2014,False,,0.361,0.86,3.03e-06,0.607,165.8
4Nl945vsbGAWB315ZhHQ1i,Providence,['Xeno & Oaklander'],131946,2014,False,,0.4370000000000001,0.725,8.66e-05,0.233,125.20200000000001
6ucGPIfOPZcyYw91dC6vJm,G. Bruno,['Xeno & Oaklander'],200841,2014,False,,0.493,0.934,0.000408,0.682,141.488
7F8uIGRuPNXJpsZrcp8Lt5,"Carmen Fantasy, Op. 25","['Anonymous\xa0', 'Pablo de Sarasate', 'Rachel Barton', 'Samuel Sanders']",782573,1994,False,,0.415,0.14400000000000002,0.958,0.244,88.215
6lWwUxJP1ZB8BWfHFOUPsE,X-Files Theme (in the style of Hovhaness),"['Anonymous\xa0', 'Donald Fraser', 'Burnette Dillon', 'Hollywood Chamber Symphony', 'Grant Gershon']",266400,1997,False,,0.11599999999999999,0.0787,0.958,0.035,71.82600000000002
7rWPBVC0dBlVSaWr4DyH6U,The Jetsons: Jetsons (in the style of Britten),"['Anonymous\xa0', 'Donald Fraser', 'Hollywood Chamber Symphony', 'Grant Gershon']",207173,1997,False,,0.18899999999999997,0.105,0.865,0.159,91.34299999999999
0hdrbqUUYphT4gPvn2gDII,Star Trek (Voyager): Main Title (in the style of Strauss),"['Anonymous\xa0', 'Donald Fraser', 'Steven Becknell', 'Hollywood Chamber Symphony', 'Grant Gershon']",224000,1997,False,,0.0838,0.0447,0.9840000000000001,0.0379,81.77199999999998
3HT8WPnMHCgDnq4yAwrlbS,Drop,['Chloe x Halle'],190467,2016,False,,0.667,0.40299999999999997,0.0138,0.254,72.47800000000002
6HLbkGGbpRiDZ9uZSu1j6o,Red Lights,['Chloe x Halle'],197333,2016,False,,0.733,0.49,0.294,0.735,143.97799999999995
5V6vJF3H3Kjh01TkZybOdw,Lazy Love,['Chloe x Halle'],202333,2016,False,,0.6459999999999999,0.612,0.287,0.7929999999999999,155.004
1LK7OL83PfGU8kox1SCp2E,Thunder,['Chloe x Halle'],219267,2016,False,,0.614,0.667,0.16,0.298,120.15100000000001
3j2jcATcDN2e5fimBOtT50,Fall,['Chloe x Halle'],158187,2016,False,,0.389,0.28300000000000003,0.551,0.391,76.992
4OBm0OsW0AEEH6IY0jz3Op,X-Moment,['Living Legends'],42067,2000,False,,0.537,0.589,0.943,0.271,105.09200000000001
4aNbfRD2Cu4EN98VLcp6Uk,Concierto breve: Energico Breve,"['Xavier Montsalvatge', 'Leonel Morales', 'The Madrid Symphony Orchestra', 'Antoni Ros Marbá']",593640,1994,False,,0.376,0.138,0.9640000000000001,0.0724,123.025
4NDihqJnlVnvNi62c2I4VV,Concierto breve: Dolce,"['Xavier Montsalvatge', 'Leonel Morales', 'The Madrid Symphony Orchestra', 'Antoni Ros Marbá']",584867,1994,False,,0.213,0.0832,0.973,0.0384,63.835
03wc5SnDyJ4wQtlQfzUMVn,Concierto breve: Vivo,"['Xavier Montsalvatge', 'Leonel Morales', 'The Madrid Symphony Orchestra', 'Antoni Ros Marbá']",290427,1994,False,,0.446,0.272,0.9440000000000001,0.14,77.564
60OJ4sLADAnljhV2nxtsCS,Sinfonia de requiem: Introitus,"['Xavier Montsalvatge', 'Catalina Moncloa', 'The Madrid Symphony Orchestra', 'Antoni Ros Marbá']",280440,1994,False,,0.10400000000000001,0.008579999999999999,0.902,0.0328,91.588
1abLi4wP5PE4N2wWpaTAOS,Sinfonia de requiem: Kyrie,"['Xavier Montsalvatge', 'Catalina Moncloa', 'The Madrid Symphony Orchestra', 'Antoni Ros Marbá']",245093,1994,False,,0.0691,0.0136,0.845,0.0389,74.214
7CH2Car6ukSx2Sr0ptQYsc,Sinfonia de requiem: Dies irae,"['Xavier Montsalvatge', 'Catalina Moncloa', 'The Madrid Symphony Orchestra', 'Antoni Ros Marbá']",265240,1994,False,,0.155,0.15,0.8809999999999999,0.0384,84.273
624hLcIa8laflpYsfBxDww,Sinfonia de requiem: Agnus Dei,"['Xavier Montsalvatge', 'Catalina Moncloa', 'The Madrid Symphony Orchestra', 'Antoni Ros Marbá']",260600,1994,False,,0.14400000000000002,0.016,0.9159999999999999,0.0349,83.469
5wl8CUgGk5NxWDwI5qdmbw,Sinfonia de requiem: Lux aeterna,"['Xavier Montsalvatge', 'Catalina Moncloa', 'The Madrid Symphony Orchestra', 'Antoni Ros Marbá']",305200,1994,False,,0.174,0.0143,0.772,0.0333,116.64200000000001
5jHoMwzD4vLVjNVhvcKFjh,Sinfonia de requiem: Libera me,"['Xavier Montsalvatge', 'Catalina Moncloa', 'The Madrid Symphony Orchestra', 'Antoni Ros Marbá']",273067,1994,False,,0.165,0.0691,0.777,0.0331,78.943
3HL5om2sXT6MtjptGTgdcU,Lou Reed,['Aleister X'],171107,2014,False,,0.547,0.8909999999999999,0.000285,0.375,129.985
0hagDb0tl9La97kbtN6bKF,Rules,['Aleister X'],176000,2014,False,,0.738,0.975,0.158,0.4,120.001
0RjnEVmr1uou6Z6y5kAn3M,Hi Enuff,['Aleister X'],169453,2014,False,,0.516,0.9390000000000001,0.0547,0.413,119.984
1J9YIvhkIhUPOWdMv3haDR,Crisco Kidd,['Aleister X'],170200,2014,False,,0.677,0.978,0.0018899999999999998,0.489,119.978
4NNkHM5D6Q2pV0KduEPyed,Acid,['Aleister X'],135493,2014,False,,0.256,0.983,0.0115,0.29100000000000004,138.418
4HiAfPGsyOuT4ewCgDIBMy,Heads Up,['Aleister X'],159400,2014,False,,0.444,0.9059999999999999,0.0682,0.45299999999999996,75.017
1zFdD75xkTJzFPHzXwMs2Q,Venice Beach,['Aleister X'],150400,2014,False,,0.679,0.88,0.55,0.867,117.32600000000001
5GefdYWtnoTxmfXFk6mLou,Nomix,['Aleister X'],61373,2014,False,,0.467,0.7829999999999999,2.18e-05,0.4320000000000001,110.419
51g08p47dql6CL5qE7DfhF,Negative Gurl,['Aleister X'],171000,2014,False,,0.605,0.696,0.0463,0.396,120.03
7jQkzyy8DpThAIeCjxvPMv,Coming Down for the Last Time,['Aleister X'],185627,2014,False,,0.483,0.966,0.155,0.431,103.994
5FTfeD9js0r2nrKEd9RDey,Haze,['Aleister X'],215333,2014,False,,0.5670000000000001,0.7509999999999999,0.20600000000000002,0.213,89.935
6oJtnILRnbMBrFRBT7q3uU,Oo Dat,['Aleister X'],172333,2014,False,,0.46,0.634,0.106,0.59,180.231
05HGjjm5bFlAfIRuGcD4CE,Tollinger Grange,['Aleister X'],59653,2014,False,,0.369,0.424,0.0035700000000000007,0.253,79.617
0MHl4tqckKdiveD5nPcV0z,Jerry Garcia,['Aleister X'],144333,2014,False,,0.474,0.995,0.6709999999999999,0.0368,147.64
2ilgWUGJK87rb5ig61ovgT,"Passacaglia in G minor (after G.F. Handel's Keyboard Suite No. 7 in G minor, HWV 432: VI. Passacaille) (arr. for violin and cello)","['Anonymous\xa0', 'Johan Halvorsen', 'duoW']",423796,2013,False,,0.359,0.2,0.917,0.19699999999999998,100.99799999999999
2zAtxNkSgEzvQ0OHmUfREc,Silent Night,"['Franz Xaver Gruber', 'José Carreras', 'Plácido Domingo', 'Luciano Pavarotti', 'Steven Mercurio', 'Wiener Symphoniker']",323840,1993,False,,0.171,0.263,0.988,0.14300000000000002,86.40100000000002
5Ol9iSUhftIA7VrYovRMRy,Battlecat,['Princess Xtravaganza'],295373,2010,False,,0.76,0.809,0.272,0.4370000000000001,115.189
6A3ngfr5as5D4EDSq8M6sn,The Look,['Xander'],318000,2010,False,,0.825,0.615,0.0004,0.731,120.069
5JuQeSD1DSve83DNx8dl7M,Battlecat (Johnny Dynell Club Mix),['Princess Xtravaganza'],331880,2010,False,,0.703,0.7140000000000001,0.000459,0.40299999999999997,127.99799999999999
2hlaSWm3F0DUxiLDWO6VZT,"Spider Dance (From ""Undertale"")",['arthur x medic'],225000,2016,False,,0.51,0.83,0.002,0.5489999999999999,173.99400000000003
3YO7Ihundef7V8of3YzxlY,X-Mas Card,['MU330'],120133,1997,False,,0.815,0.602,0.0564,0.9640000000000001,125.43700000000001
0cd822leRO78DuNbqlqd6x,"Holy God, We Praise Your Name (arr. J. Ferguson for choir)","['Anonymous\xa0', 'John Ferguson', 'The St. Olaf Choir']",270733,1994,False,,0.079,0.0475,0.9390000000000001,0.0732,78.36
34EOQVIJ67ggvXG8pnmGDl,First Lesson: Genesis 1,"['Anonymous\xa0', 'The St. Olaf Choir', 'John Ferguson']",175093,1994,False,,0.593,0.023,0.165,0.287,101.037
74G52UIXIjdzmDkQ6c3p1X,Second Lesson: Isaiah 6:15,"['Anonymous\xa0', 'The St. Olaf Choir', 'John Ferguson']",52907,1994,False,,0.643,0.10400000000000001,0.625,0.555,92.33200000000001
3Hp703PgM2LAtejAOEUFbp,"Third Lesson: John 1, Philippians 2 and Isaiah 53","['Anonymous\xa0', 'The St. Olaf Choir', 'John Ferguson']",143427,1994,False,,0.5670000000000001,0.0216,0.161,0.34299999999999997,87.10700000000001
1qjuMAnnbRkhMeAhAAdpe9,Let all mortal flesh keep silence (arr. J. Ferguson for choir),"['Anonymous\xa0', 'John Ferguson', 'The St. Olaf Choir']",194667,1994,False,,0.20600000000000002,0.0277,0.9740000000000001,0.0841,124.164
3QBlFUjI9LG6j8h7BfPR6P,Fourth lesson: Psalm 98,"['Anonymous\xa0', 'John Ferguson', 'The St. Olaf Choir']",73173,1994,False,,0.71,0.0381,0.27,0.624,82.82
2HA56wKQatlBvIh32mUv0s,Alabare´ (arr. R. Nelson for choir),"['Anonymous\xa0', 'Ronald A. Nelson', 'John Ferguson', 'The St. Olaf Choir']",111467,1994,False,,0.295,0.115,0.98,0.659,128.118
3gvvRJaYYSgJqJ86R5MOYE,Jacob's Ladder (arr. D. Kallman for choir),"['Anonymous\xa0', 'Daniel Kallman', 'John Ferguson', 'The St. Olaf Choir']",214227,1994,False,,0.28800000000000003,0.0783,0.9690000000000001,0.245,94.051
0nEp7Tr26Ay6b6tYaJDXEr,Fifth Lesson: Fifth lesson: Isaiah 35:3-10,"['Anonymous\xa0', 'John Ferguson', 'The St. Olaf Choir']",43333,1994,False,,0.6759999999999999,0.0572,0.7709999999999999,0.48700000000000004,93.75299999999999
5eLeYiR4JPRWWUfJiMQeRF,La Hamaquita,['Siglo XX'],171813,2012,False,,0.7759999999999999,0.711,0.354,0.8109999999999999,104.545
1W3p2jrW6FMspZVseNVroU,Esa Muchachita,['Siglo XX'],165000,2012,False,,0.5660000000000001,0.561,0.551,0.81,91.898
5Qj8C2xog4XSFfjMP6sVgJ,La Inflacion,['Siglo XX'],178093,2012,False,,0.664,0.688,0.249,0.851,77.238
1WNEhrMc7alTtuhXydJz1Q,La Cumbia del Monkey,['Siglo XX'],151880,2012,False,,0.721,0.732,0.19399999999999998,0.9520000000000001,147.694
30GtsviduFOf5PIAQu3AxZ,Muñequita,['Siglo XX'],188173,2012,False,,0.528,0.679,0.10300000000000001,0.708,123.334
2AahwKqyvs150ItX0rA9mk,Rosario,['Siglo XX'],178840,2012,False,,0.585,0.605,0.0685,0.914,96.266
3lJiLdJwiRBZjl9pWgAUHp,Lupita,['Siglo XX'],175680,2012,False,,0.802,0.35,0.768,0.856,93.331
20Qr01Wzuk3f4nt5kD6704,Catalismo,['Siglo XX'],193333,2012,False,,0.645,0.316,0.8590000000000001,0.326,93.874
7JMpzPPrfFRw2Y92oeRz3E,Baile Gozon,['Siglo XX'],172613,2012,False,,0.763,0.547,0.7709999999999999,0.8590000000000001,90.97
6CNPeNVI5jzvp7ykD3Z7lc,El Cesar,['Siglo XX'],141453,2012,False,,0.611,0.473,0.721,0.45899999999999996,92.755
0GFxoRpb75MuRx1TXSyCuO,Rated X Intro (Eh Ah),['Rated X'],118467,1990,False,,0.669,0.659,0.00466,0.537,118.39299999999999
3hsRANZ5wxJM6FZV2KkoLY,Swift Lift Vocalist,['Rated X'],236693,1990,False,,0.8440000000000001,0.8320000000000001,0.0969,0.6990000000000001,120.836
6C1iHt2RzOdK47Genwukv0,The Ruff Stuff,['Rated X'],243000,1990,False,,0.7759999999999999,0.528,0.111,0.537,200.972
5UGYbEkSY08rkJzyX2u5Xn,"Check 1, 2",['Rated X'],197107,1990,False,,0.9390000000000001,0.539,0.0129,0.6709999999999999,118.539
1MA3IUU4PIYmtH0jydIE8L,Freestyle,"['Rated X', 'Hassan']",87160,1990,False,,0.757,0.4370000000000001,0.006659999999999999,0.541,111.719
00BNPpqhfwRNC4EFQ71zsU,Rated X Is 2,['Rated X'],200067,1990,False,,0.852,0.6559999999999999,0.0288,0.7440000000000001,123.488
0QKbcKnImhQCsBnyCHpCJM,Are You Ready,['Rated X'],8000,1990,False,,0.0,0.0587,0.00148,0.0,0.0
5bZ2fiTuMBgvOw7HJPV9o9,Movin' On Up,['Rated X'],238560,1990,False,,0.941,0.8059999999999999,0.087,0.8170000000000001,109.619
5IGDEY3FOVJqhinmF8Nmy2,Be Cool To Your Girl,['Rated X'],249267,1990,False,,0.627,0.44,0.434,0.932,79.676
2WCrN6bOcRhSXbCKTiBTBd,Law Of Groovity,['Rated X'],217373,1990,False,,0.972,0.54,0.174,0.84,111.59700000000001
41Zfazk9rHnxqAbeGt4vDc,Make Some Noise,['Rated X'],252600,1990,False,,0.816,0.434,0.00085,0.625,121.709
5OPjPJidvGtPo5r2DZrL2v,Cool Breeze Of All Mc's,['Rated X'],332333,1990,False,,0.8959999999999999,0.466,0.0534,0.6629999999999999,105.152
6apn4YkiDuldr5VGHiCOym,Pump It,['Rated X'],156293,1990,False,,0.8,0.755,0.015,0.8740000000000001,118.156
6ttuTY0mSsYuXL5NyXPH8B,"Anna Magdalena Notenbuch (Clavier-Buchlein III): Bist du bei mir, BWV 508 (arr. for chamber ensemble)","['Anonymous\xa0', 'Johann Sebastian Bach', 'Ensemble Galilei']",127000,2011,False,,0.322,0.049,0.8240000000000001,0.3,82.20200000000001
0tsvwfCMYswDIbrNeH1Llk,Xote a Gasolina,['Penalva'],158040,2000,False,,0.643,0.45299999999999996,0.289,0.907,160.00799999999995
2x05wIuS0am1A5A7fHk3Vz,Happy Xmas (War Is Over),['HOTEI'],287933,1997,False,,0.308,0.815,0.000308,0.562,109.917
27y1eidw7gEnvMRdansgm0,Son Azoyuteco,['Siglo xx'],222640,2016,False,,0.7190000000000001,0.8859999999999999,0.364,0.9159999999999999,113.245
1al3CkQ98ClZjZJZ5qLkjt,Ometepec,['Siglo xx'],172640,2016,False,,0.45299999999999996,0.779,0.134,0.904,178.59599999999998
78eebxVzPTIR9okHkzuzTv,Xx My Love,['Post Provost'],189333,2012,False,,0.639,0.20800000000000002,0.907,0.636,148.148
4VwtRwRvKnN363GB2LNkKN,Dark Is The Night (feat. x=x),"['Nomine', 'X=x']",186991,2015,False,,0.747,0.307,0.43799999999999994,0.0398,139.974
5FxFK9l05Bfr6w5ij6P2hk,El dia de los Muertos,"['Robert Xavier Rodríguez', 'New England Conservatory Percussion Ensemble', 'Frank Epstein']",767987,2011,False,,0.327,0.22,0.7829999999999999,0.0395,116.42
0B0KW1vT1ymVTeBTmGbs4v,God Made Me Phunky,['MD X-Spress'],376627,2016,False,,0.7090000000000001,0.73,5.26e-06,0.353,128.004
0jBPaSNJQajn0dF6kbngJr,Xenophobe,['Transience'],211627,2016,True,,0.318,0.996,8.31e-06,0.11800000000000001,160.151
2cdU4lJxhApkCDhbVKKtBb,Xxvi.Ii.Mmxiv,['Insision'],291800,2015,False,,0.298,0.987,0.000221,0.0754,115.916
0hYJkv8SsgZMHtoTyubLqW,Stille Nacht (Arr. M. Knight for Brass Septet),"['Franz Xaver Gruber', 'Matthew Knight', 'Septura']",186320,2016,False,,0.10300000000000001,0.0049,0.9570000000000001,0.0515,65.774
2ITp2ovLGwy2wVEasb1oId,Silent Night (Arr. Mark Blatchly),"['Franz Xaver Gruber', ""Choir of St. John's College, Cambridge"", 'Andrew Nethsingha']",199280,2016,False,,0.0747,0.0347,0.988,0.0396,72.907
6gJDPjZWAIU032PftFtNI2,Silent Night (Arr. Keith Roberts),"['Franz Xaver Gruber', ""The King's Singers""]",261357,2016,False,,0.111,0.0743,0.966,0.0392,76.419
4AKFqkxBUDQ0VzMuzn5Fz6,Silent Night,"['Franz Xaver Gruber', 'The Elora Singers', 'Noel Edison']",187973,2016,False,,0.191,0.0605,0.9890000000000001,0.0382,131.315
2Hhz1AOIdYGlOBtrt8079p,X-axis,['Brown25'],278560,2000,False,,0.728,0.815,0.0985,0.833,129.35399999999998
0MyVNwEyddZc5p6mxpeeqJ,The Stick Up (feat. Mia X & Fiend),"['Mystikal', 'Mia X', 'Fiend']",174733,1998,True,,0.838,0.727,0.0139,0.52,89.00299999999999
4NDC3njOjS4CpDFwr1hgqR,XDM,['Overkill'],49973,2014,False,,0.126,0.043,0.0194,0.10099999999999999,58.832
4n0lguND4b8oOZ2LF3qK3k,Wild Thing,['X'],211640,2017,False,,0.424,0.915,0.0608,0.273,108.46799999999999
6i7n7bgj1FMHrKfDFWdmI7,Truth - xKore Remix,"['Tristam', 'xKore']",250607,2013,False,,0.58,0.925,0.0006259999999999999,0.27699999999999997,175.014
5GWfDOXmDKr2y6BLnbz6W5,Runaway,['Xakol'],189625,2019,False,,0.473,0.889,7.53e-06,0.41100000000000003,135.025
51YdEHCbljO37Nm2St1tcw,Vuestros son mis ojos (Villancico),"['Anonymous\xa0', 'Gabriel Crouch', 'Andrew Lawrence-King']",69660,1999,False,,0.217,0.0509,0.9620000000000001,0.0805,66.27600000000001
3hteXQmCnG4GlqwVVxpZM9,"Enemiga le soy, madre (Villancico)","['Anonymous\xa0', ""king'singers"", 'Andrew Lawrence-King']",124459,1999,False,,0.64,0.111,0.899,0.557,122.478
5sJq3SvCed0WptIMSTFCTQ,Otro tal misacantano (Villancico),"['Anonymous\xa0', ""king'singers""]",112849,1999,False,,0.535,0.132,0.9890000000000001,0.502,128.333
1ebZ3oRFps8GKTWoOysJrc,"Dindirín, dindirín (Romance)","['Anonymous\xa0', ""king'singers""]",123669,1999,False,,0.315,0.0282,0.992,0.21600000000000005,97.76299999999999
58vQPujFchU41zyCvbBCim,Rodrigo Martínez (Villancico),"['Anonymous\xa0', 'Andrew Lawrence-King']",102632,1999,False,,0.688,0.32299999999999995,0.889,0.7979999999999999,79.319
5f09zsqT7s6I09j01mm0ru,"Oh, qué bien que baila Gil! (Villancico)","['Anonymous\xa0', 'Andrew Lawrence-King']",145496,1999,False,,0.513,0.193,0.956,0.445,98.988
4DzSelJou4NPu8hOXKeV9w,"Hoy, Gil, en conçejo abierto (Ensalada)","['Anonymous\xa0', ""king'singers""]",505359,1999,False,,0.467,0.15,0.972,0.557,106.125
7tMWlU8kWbScDvqouS219o,From Jewish Life: I. Prayer (arr. for cello and orchestra),"['Anonymous\xa0', 'Ernest Bloch', 'Nina Kotova', 'Russian Philharmonia', 'Constantine Orbelian']",244840,2002,False,,0.10800000000000001,0.102,0.97,0.0976,76.999
1o1hpoDNPwZgxA72Fj9syv,Get Closer,['XYLØ'],196048,2016,False,,0.552,0.914,0.0137,0.368,88.887
0syED2B9GTEeiqwAWV2L0t,Edge Of The World,"['Razihel', 'Xilent', 'Becko']",291840,2015,False,,0.61,0.903,0.0786,0.6990000000000001,145.047
7kZHXZhQbe9uhUw9UoiHfo,Silent Night (Arr. K.H. Goodyear) [Live],"['Franz Xaver Gruber', 'Kay Hawkeys Goodyear', 'BYU Concert Choir', 'Heidi Webb', 'Catherine Winters', 'Rosalind Hall']",286033,2016,False,,0.12300000000000001,0.0608,0.9890000000000001,0.07200000000000001,69.59100000000001
10uCY74WF6F9F3Emm0x3LE,La Injusticia,['Xibalba'],295114,2020,False,,0.26899999999999996,0.948,7.56e-05,0.191,118.476
3VFCtAefPZ9jOxeQ76tW2E,Corredor de la Muerte,['Xibalba'],132250,2020,False,,0.18,0.873,9.6e-06,0.179,84.945
4oooyGY4Qy39sXVsKeqaIq,Santa Muerte,['Xibalba'],271190,2020,False,,0.215,0.9740000000000001,3.4e-05,0.171,134.678
64xQZrFxWNGwlj5xSrI7hS,Saka,['Xibalba'],264179,2020,False,,0.192,0.966,1.11e-05,0.131,96.477
6sMk0VMOUXWo4WMNbAsnvw,Años en Infierno,['Xibalba'],158856,2020,False,,0.38299999999999995,0.966,7.68e-05,0.0957,129.124
5XJ1nOIScKOvrD2s0tQ6GD,En la Oscuridad,['Xibalba'],234841,2020,False,,0.28300000000000003,0.992,2.59e-05,0.21,122.244
3UsWHNQz8GNoAxlJ5z9oyw,"El Abismo, Pt. 1",['Xibalba'],400334,2020,False,,0.19899999999999998,0.605,0.0252,0.0975,85.08
1aBZx3wRL8a15SsfHC3pi4,"El Abismo, Pt. 2",['Xibalba'],396442,2020,False,,0.11900000000000001,0.79,1.62e-05,0.0388,83.669
09GH1svsx0Xe829wZO9U45,Shenandoah (arr. for piano),"['Anonymous\xa0', 'Traditional', 'Lara Downes']",237960,2016,False,,0.4320000000000001,0.0333,0.996,0.13,70.84100000000002
19ctLzIi3AFM8975n5w16X,The Wizard of Oz: Over the Rainbow (arr. for piano),"['Anonymous\xa0', 'Harold Arlen', 'Lara Downes']",182078,2016,False,,0.311,0.0313,0.995,0.0916,76.119
0iXRcjx7Rv15JPHHDbX2Rw,Xipe Totec,['Incantation'],61621,2017,False,,0.22899999999999998,0.907,9.78e-06,0.293,119.801
5MzQqurdkAq8mehLvXiqw2,La Huasanga,['Trio Xoxocapa'],231533,1998,False,,0.624,0.373,0.838,0.542,112.93700000000001
0L2eVNYX7h1Q9X2WHsPUzn,La Presumida,['Trio Xoxocapa'],197307,1998,False,,0.703,0.301,0.885,0.585,121.301
3hvpuozjn4T5virDLSiGCk,Xoxocapeno,['Trio Xoxocapa'],190360,1998,False,,0.51,0.341,0.7929999999999999,0.883,158.251
2l0Z3F3dKegvnzZYPlAip5,El Toro Requeson,['Trio Xoxocapa'],204600,1998,False,,0.499,0.42,0.9009999999999999,0.703,151.81799999999996
3lLdozGEbD4mhIApkJWWR4,La Petenera,['Trio Xoxocapa'],173933,1998,False,,0.573,0.433,0.762,0.8140000000000001,143.959
1QW1cy8kpUPsP3IJT7TzxI,El Zacamandu,['Trio Xoxocapa'],258267,1998,False,,0.45299999999999996,0.377,0.823,0.622,109.44
2NKkzrhzNXMrXgwKEXJkc4,El Bello Giron De Hidalgo,['Trio Xoxocapa'],157533,1998,False,,0.573,0.39899999999999997,0.68,0.772,155.428
2WpvIoGmjzDWbbSElnwBip,El San Lorenzo,['Trio Xoxocapa'],155667,1998,False,,0.589,0.35100000000000003,0.6559999999999999,0.868,155.514
15xzuKNAq3WzHaUqPUBQjq,La Arana,['Trio Xoxocapa'],167133,1998,False,,0.57,0.28,0.728,0.693,144.237
5aR83xkSxVPZMpriGZHSSM,La Acamaya,['Trio Xoxocapa'],249173,1998,False,,0.6459999999999999,0.366,0.732,0.568,135.938
64ijB4Nss4Q7pA0SwWHJew,El Caiman,['Trio Xoxocapa'],175667,1998,False,,0.665,0.29600000000000004,0.8270000000000001,0.96,111.82600000000001
40DTnXe6mQ22RItGGfINpP,El Caballito,['Trio Xoxocapa'],170693,1998,False,,0.562,0.273,0.782,0.961,142.775
3H3ZC7nsNe0ldCdLnuxMZ1,El Llorar,['Trio Xoxocapa'],193000,1998,False,,0.52,0.29600000000000004,0.696,0.9179999999999999,147.365
6b9f1ciVtiZpxGh6ulQEzt,El Cielito Lindo,['Trio Xoxocapa'],186373,1998,False,,0.674,0.294,0.738,0.961,150.791
4feKoI6cIn7Fu8bjH2PQnR,El Querreque,['Trio Xoxocapa'],220467,1998,False,,0.741,0.32,0.7090000000000001,0.96,143.02700000000004
05U8de1y8nfSZ53wzcJWzg,La Azucena Bella,['Trio Xoxocapa'],190280,2005,False,,0.5529999999999999,0.7440000000000001,0.894,0.94,150.02100000000004
7rVNydQ1GUeAHBwDnxBprB,El Sombrerito,['Trio Xoxocapa'],181293,2005,False,,0.56,0.667,0.915,0.958,151.60399999999996
0NKAc5dvco1f9tsj1aICoC,Tenango De Doria,['Trio Xoxocapa'],174480,2005,False,,0.56,0.525,0.955,0.9079999999999999,141.814
4u4B0V3IC1DxbcMrwyEtQk,Los Magueyes,['Trio Xoxocapa'],193960,2005,False,,0.47100000000000003,0.627,0.903,0.8859999999999999,165.03799999999995
4l5vlYE7o7Q5OjvuaTGixn,La Carmelita,['Trio Xoxocapa'],161880,2005,False,,0.563,0.569,0.9059999999999999,0.961,145.879
3YwlSB7wQhn0QzGX0pMbX5,El Huerfanito,['Trio Xoxocapa'],224747,2005,False,,0.561,0.551,0.8909999999999999,0.9540000000000001,140.968
1iQXFOvfeIF33NdoaYYQ7h,El Cuervo,['Trio Xoxocapa'],167960,2005,False,,0.49,0.48,0.9229999999999999,0.9420000000000001,168.648
18iTBbQaKqIHpzVajGKUeF,El Pahuatlan,['Trio Xoxocapa'],165373,2005,False,,0.511,0.595,0.892,0.965,153.429
1uLRctdCnPW3hLJzee7wFe,El Queretano,['Trio Xoxocapa'],188293,2005,False,,0.44,0.537,0.9309999999999999,0.775,157.585
4RRCO7qvaew7x6xfrbz9pz,La Calandria,['Trio Xoxocapa'],204720,2005,False,,0.501,0.525,0.904,0.7859999999999999,159.16
4KxHmF8odv7IN9LkZLoem0,La Leva,['Trio Xoxocapa'],201813,2005,False,,0.55,0.529,0.8390000000000001,0.9179999999999999,149.391
17imH98pmcPwLSFCgbPztf,El Fandanguito,['Trio Xoxocapa'],249173,2005,False,,0.6659999999999999,0.647,0.8809999999999999,0.9259999999999999,146.584
1qswOUvOwuc1PpAmL2htX6,Alma Huasteca,['Trio Xoxocapa'],202147,1998,False,,0.589,0.688,0.736,0.88,138.645
0CgNQbBvdynPwvt42Pf2dj,Cecilia,['Trio Xoxocapa'],181067,1998,False,,0.588,0.787,0.787,0.9059999999999999,141.186
3t0frtye3SVrvfjBERi54M,La Media Azucena,['Trio Xoxocapa'],129813,1998,False,,0.5820000000000001,0.763,0.746,0.871,144.14600000000004
6EOaoybBsnxjgFVHJjyKeL,El Tepetzinteco,['Trio Xoxocapa'],177107,1998,False,,0.6,0.6609999999999999,0.741,0.873,147.556
3UMZKdLuuEoGXbMDH1sj6V,El Muchacho,['Trio Xoxocapa'],215880,1998,False,,0.56,0.752,0.753,0.961,159.0
4ftRLQsr0iw9jqJsOAW5dP,El Hidalguense,['Trio Xoxocapa'],208000,1998,False,,0.605,0.67,0.727,0.946,143.847
5ssLjxvwQFj9vN5tsd6giT,El Taconcito,['Trio Xoxocapa'],184507,1998,False,,0.643,0.696,0.648,0.885,142.661
6Q1ZERPAFeqdU49bIFaRcW,El Aguanieve,['Trio Xoxocapa'],214640,1998,False,,0.485,0.802,0.6990000000000001,0.862,106.831
2KMlT4E4cJqZfCHhPv0DIJ,El Mil Amores,['Trio Xoxocapa'],182507,1998,False,,0.612,0.6920000000000001,0.6970000000000001,0.8190000000000001,139.93
43spUhbtF7fAHz5ozAPn8Q,El Bejuquito,['Trio Xoxocapa'],152213,1998,False,,0.563,0.69,0.745,0.9129999999999999,155.696
3ZsWUdmESvfUwyTYETc27S,La Malaguena,['Trio Xoxocapa'],180107,1998,False,,0.523,0.608,0.728,0.878,133.24
7MAj5mFZLe93rD4p2a4Qdk,El Ausente,['Trio Xoxocapa'],185880,1998,False,,0.594,0.718,0.722,0.91,145.088
4hKbgeP4mtff9HiOCb7dNd,El Tejoncito,['Trio Xoxocapa'],186320,1998,False,,0.633,0.7509999999999999,0.8490000000000001,0.858,148.611
5xYGt1GYZ5cLI1bTqu8qEg,Las Tres Huastecas,['Trio Xoxocapa'],228307,1998,False,,0.624,0.726,0.774,0.7659999999999999,143.498
4AMi4IX4lQN6nq46ccf6HW,Mi Huastequita,['Trio Xoxocapa'],210480,1998,False,,0.6579999999999999,0.664,0.738,0.6609999999999999,139.826
1U3KGqduvATouudXVZ2D0G,La Xochipitsauak,['Trio Xoxocapa'],204573,1998,False,,0.43,0.542,0.858,0.867,202.99200000000002
0wwmuI7ZAxCNBc3lr8phdZ,Xwires,['Iris'],243587,2010,False,,0.589,0.752,0.00137,0.534,118.988
1hnsVTT9ixsInEnVpDbmAf,Xecute,['Marazene'],261147,2007,False,,0.439,0.9570000000000001,1.3300000000000001e-05,0.311,103.978
1LFHr1qzHJmUN0J7H7NfrM,History of Artemisia,['Junkie XL'],574787,2014,False,,0.254,0.856,0.418,0.0374,80.01899999999998
6xl7PqVoRfddAZjAfrviYc,Marathon,['Junkie XL'],234653,2014,False,,0.461,0.805,0.187,0.102,80.03
4ebeMBTCkodWqS2xnP7Iku,From Man to God King,['Junkie XL'],230027,2014,False,,0.073,0.324,0.252,0.0379,79.704
6nYg6JUQbueuW2LY8mTLLH,Sparta,['Junkie XL'],65533,2014,False,,0.5379999999999999,0.833,0.253,0.0356,99.962
6JI1RQ3DZeEMdM4XU7ZD7f,Artemisia's Childhood,['Junkie XL'],222613,2014,False,,0.32,0.6409999999999999,0.272,0.0302,79.685
37twD5yDhKQoH9b42KRdkU,Suicide,['Junkie XL'],78133,2014,False,,0.0871,0.29100000000000004,0.958,0.0592,166.847
7kvYXF15IN0rX1KRp55hHI,Left for Dead,['Junkie XL'],92347,2014,False,,0.136,0.204,0.696,0.0306,87.87700000000002
0orsQQ1j9wiCRE2eyNdYA1,Fog Battle,['Junkie XL'],275733,2014,False,,0.303,0.6859999999999999,0.31,0.0698,138.821
6FHG6kEpIdOIQA4YJJ8MU7,A Beach of Bodies,['Junkie XL'],257227,2014,False,,0.17,0.191,0.8029999999999999,0.0368,114.014
7y87PBbLrpqDljQtmHo7nr,Fire Battle,['Junkie XL'],371267,2014,False,,0.17800000000000002,0.966,0.33399999999999996,0.0358,69.62
7ATp2fHvk49Tza1TCrtPIK,Xerxes' Thoughts,['Junkie XL'],224027,2014,False,,0.111,0.41200000000000003,0.7659999999999999,0.0343,87.281
33KTYlAPQd9rvcaEEnyPSW,Queen Gorgo,['Junkie XL'],239507,2014,False,,0.11599999999999999,0.192,0.9740000000000001,0.0379,84.305
1KIy43TnI6zXFCqiDbYZaW,Greeks on Attack,['Junkie XL'],268373,2014,False,,0.56,0.9,0.0984,0.0399,79.998
6kDe4Y9cafhAUk2AggQsHr,History of the Greeks,['Junkie XL'],424653,2014,False,,0.155,0.19899999999999998,0.687,0.031,107.306
0JDJRNskCAAdW3b4zPyzDK,Greeks are Winning,['Junkie XL'],364527,2014,False,,0.318,0.39799999999999996,0.193,0.0794,79.998
6iDG5NDslrGIMblmMYBD2X,End Credits,['Junkie XL'],154544,2014,False,,0.304,0.8740000000000001,0.14800000000000002,0.0454,85.992
6EBO1oQCBsg4ofrp5hhvoW,Xana,['Avalanch'],334480,2005,False,,0.465,0.9490000000000001,0.0009220000000000001,0.4370000000000001,150.009
0rYVDS8YEhhDMw2tizamLf,Berieza (The Birch Tree),"['Anonymous\xa0', 'Netania Davrath', 'Robert DeCormier And His Orchestra']",150133,2008,False,,0.43799999999999994,0.0722,0.97,0.23199999999999998,67.193
1TT9s4tt75zBB3QbE5r7cs,Solnechnaya Polianochk (The Sunny Meadow),"['Anonymous\xa0', 'Netania Davrath', 'Robert DeCormier And His Orchestra']",153307,2008,False,,0.616,0.156,0.909,0.584,122.01799999999999
4i5Cfq2iufLjn1P3uyHuWS,Nochenka (Little night),"['Anonymous\xa0', 'Netania Davrath', 'Robert DeCormier And His Orchestra']",223827,2008,False,,0.177,0.115,0.982,0.0638,86.693
4e2DoKkGZRwDcHHWmK5Xvm,Kosichka (The Braid),"['Anonymous\xa0', 'Netania Davrath', 'Robert DeCormier And His Orchestra']",155373,2008,False,,0.5379999999999999,0.23399999999999999,0.9329999999999999,0.708,132.86700000000002
725BjU7km1UHe9oF9JdgA8,Moskovniye Vechera (Moscow Nights),"['Anonymous\xa0', 'Netania Davrath', 'Robert DeCormier And His Orchestra']",265627,2008,False,,0.27899999999999997,0.102,0.955,0.2,105.182
7e0PFzn1s517aEtHO1xhwo,Metelitsa (The Snow Whirl),"['Anonymous\xa0', 'Netania Davrath', 'Robert DeCormier And His Orchestra']",179867,2008,False,,0.385,0.159,0.8490000000000001,0.332,67.517
08sBMSerptNlkzTjODl9Zb,Kupetz (The Merchant),"['Anonymous\xa0', 'Netania Davrath', 'Robert DeCormier And His Orchestra']",107800,2008,False,,0.52,0.198,0.937,0.6890000000000001,143.197
2vZSVjD8fNLz9RMlS928QD,Siberia,"['Anonymous\xa0', 'Netania Davrath', 'Robert DeCormier And His Orchestra']",277373,2008,False,,0.266,0.105,0.929,0.191,97.219
5maSgxksiQN4RuPyEW8fzJ,Rastavanie (The Parting),"['Anonymous\xa0', 'Netania Davrath', 'Robert DeCormier And His Orchestra']",150800,2008,False,,0.452,0.21,0.93,0.612,85.90899999999998
6X2wLmcMJcqOq9pSY519Re,Proshchanie Moriaka (Sailor's Farewell),"['Anonymous\xa0', 'Netania Davrath', 'Robert DeCormier And His Orchestra']",274800,2008,False,,0.295,0.124,0.9540000000000001,0.115,107.56200000000001
0cx0tN1x03SstsDU0KuRXJ,Kto Evo Znaet (Who Knows Him?),"['Anonymous\xa0', 'Netania Davrath', 'Robert DeCormier And His Orchestra']",200600,2008,False,,0.353,0.154,0.934,0.37799999999999995,78.286
05UFhC3h02wraDhNLwZsAg,Tsvetiot Roshena (The Bush is Blooming),"['Anonymous\xa0', 'Netania Davrath', 'Robert DeCormier And His Orchestra']",181933,2008,False,,0.255,0.10400000000000001,0.956,0.18,101.53200000000001
2UZ17yV8SOktHsHL2nrRcS,Unzer Nigundl (Our Song),"['Anonymous\xa0', 'Netania Davrath', 'Robert DeCormier And His Orchestra']",126560,2008,False,,0.45,0.385,0.9159999999999999,0.748,129.953
3jEGuOMbwjZNzn0bApF3Bh,A Dudele (A Song to God),"['Anonymous\xa0', 'Netania Davrath', 'Robert DeCormier And His Orchestra']",267160,2008,False,,0.20199999999999999,0.159,0.982,0.0439,85.551
39CUT4hczHjaOxBGS80JTK,Af a Shteindl (On a Little Stone),"['Anonymous\xa0', 'Netania Davrath', 'Robert DeCormier And His Orchestra']",86773,2008,False,,0.53,0.221,0.966,0.7929999999999999,104.08
3yOesVUq4owHxm7fvKKqhi,A G'neyve (A Robbery),"['Anonymous\xa0', 'Netania Davrath', 'Robert DeCormier And His Orchestra']",175933,2008,False,,0.563,0.317,0.903,0.727,148.566
1q9CeSZIA3CVl9i1O1TZix,Chassidic Melody,"['Anonymous\xa0', 'Netania Davrath', 'Robert DeCormier And His Orchestra']",171000,2008,False,,0.511,0.242,0.9740000000000001,0.434,130.1
38rPPlIYYQ9UeHfOpCNlvl,Un Az Der Rebbe Zingt (And When the Rabbi Sings),"['Anonymous\xa0', 'Netania Davrath', 'Robert DeCormier And His Orchestra']",212573,2008,False,,0.46799999999999997,0.251,0.975,0.384,125.56299999999999
2DnAQhf0mpk94LHdZu5O5f,Reizele,"['Anonymous\xa0', 'Netania Davrath', 'Robert DeCormier And His Orchestra']",305267,2008,False,,0.313,0.0861,0.981,0.162,78.42
1C4hnkiG4tYl0bKkkZPedr,Vos Vet Zain as Meshiach Vet Kumen (What Will Be When the Messiah Comes?),"['Anonymous\xa0', 'Netania Davrath', 'Robert DeCormier And His Orchestra']",299360,2008,False,,0.255,0.159,0.9670000000000001,0.11199999999999999,55.51
3D2EzLKhBbWLcgfLsbTkUh,Lullaby,"['Anonymous\xa0', 'Netania Davrath', 'Robert DeCormier And His Orchestra']",192307,2008,False,,0.268,0.159,0.978,0.0864,102.31
2nZqPCEAfgo4zHncsbejqT,Dem Milners Trehren (The Miller's Lament),"['Anonymous\xa0', 'Netania Davrath', 'Robert DeCormier And His Orchestra']",295067,2008,False,,0.308,0.149,0.977,0.168,106.211
6kuqEkWKrYFx3IwQWa2bJF,Vigleid (Cradle Song),"['Anonymous\xa0', 'Netania Davrath', 'Robert DeCormier And His Orchestra']",237227,2008,False,,0.273,0.13,0.985,0.11599999999999999,105.994
7JH1KOZldUJDLw95yY8E38,Roah veroh (Shepherds and Maidens),"['Anonymous\xa0', 'Netania Davrath', 'Robert DeCormier And His Orchestra']",169573,2008,False,,0.41600000000000004,0.24600000000000002,0.631,0.261,132.892
4j6T2wrsuLjsIviP7DUxbB,Ets Harimon (The Pomegranate Tree),"['Anonymous\xa0', 'Netania Davrath', 'Robert DeCormier And His Orchestra']",199040,2008,False,,0.439,0.17800000000000002,0.738,0.22699999999999998,77.264
7BqjbysKHgfYKnRGBEl6gv,Shir Hanoded (Song of the Wanderer),"['Anonymous\xa0', 'Netania Davrath', 'Robert DeCormier And His Orchestra']",210093,2008,False,,0.26899999999999996,0.105,0.924,0.057999999999999996,104.617
2AQLmO2YN5KhEhr5NiWREq,"Ad Sheyafu'ach Yom (Until the Day Break, From ""Song of Solomon"")","['Anonymous\xa0', 'Netania Davrath', 'Robert DeCormier And His Orchestra']",88467,2008,False,,0.5539999999999999,0.259,0.797,0.9129999999999999,130.91899999999998
2Z4C5DHCmmXXeA2Sr9uPnR,Sadot Shebe'emek (Fields fo the Valley),"['Anonymous\xa0', 'Netania Davrath', 'Robert DeCormier And His Orchestra']",214333,2008,False,,0.185,0.107,0.917,0.12,80.942
0focOXFrrVuKwcCXXij0TN,Inadaptats X,['Inadaptats'],161600,1999,False,,0.599,0.971,0.00214,0.161,128.585
4ervtOdGln21E385nPLLNN,Inadaptats X,['Inadaptats'],242133,1999,False,,0.763,0.8240000000000001,0.0102,0.192,105.146
6DrXeHnNW0ZhS89okvVHSE,Power Sex Money & Fame,['Apac X'],229913,2016,True,,0.49,0.713,0.0258,0.445,119.74799999999999
5F9iEIUtJJOCgxWyz7aMDE,Big Booty,['Apac X'],195309,2016,True,,0.41,0.7879999999999999,0.395,0.19,120.286
38oDk3INsFxtTxIclw0qdR,Last Summer,['Apac X'],199521,2016,True,,0.6920000000000001,0.649,0.23,0.18,119.91
0mf5uC0LrkrC0FBAuA0dBV,What U Gon' Do,['Apac X'],259008,2016,True,,0.64,0.8140000000000001,0.0236,0.146,120.103
7JcHBWvReWjcMqepAY65lg,Tearing Down the Powers,['Apac X'],291742,2016,False,,0.457,0.7120000000000001,0.16699999999999998,0.0668,120.09100000000001
3ebNeYGHyguqsxk2GScRBZ,All Hands on Deck,['Apac X'],273784,2016,True,,0.505,0.6559999999999999,0.0475,0.228,116.464
2vrkq1UytwakZaE715aCXe,Git Through This,['Apac X'],218945,2016,True,,0.586,0.593,0.302,0.38,60.988
1CAC2CA4dAynZ0iH8U7p3L,I'm Clean,['Apac X'],235432,2016,True,,0.48100000000000004,0.6459999999999999,0.282,0.133,119.288
5sHml1aRJV2EGb5Ymcol7h,Crush,['Apac X'],303008,2016,True,,0.488,0.46299999999999997,0.105,0.12300000000000001,118.479
2c5ZnuJX4LreGhhqJ1S9W9,Song for Dan,['Apac X'],280461,2016,False,,0.33799999999999997,0.742,0.0831,0.32899999999999996,87.352
1E2mV4EehTHEwsOJVTmcEE,Piano (Freestyle),['Apac X'],338848,2016,True,,0.456,0.27699999999999997,0.63,0.0351,84.89399999999998
4wncet59HUDbeIDEVef9og,All Hands (Radio Edit),['Apac X'],270935,2016,False,,0.514,0.654,0.0474,0.226,121.262
1w7T6BYKpwmpm5GfbBmF8K,Bootybeat14,['Apac X'],235849,2016,False,,0.534,0.665,0.000446,0.461,120.027
4YsZGj9LeH7RbtNedGVmOl,Then She Saw My,['Apac X'],277892,2016,True,,0.415,0.514,0.015,0.126,120.146
2xeKVKaqrvHZp5dOckXo9i,El Colas,['Xalapa Symphony Orchestra'],210493,2003,False,,0.465,0.287,0.747,0.62,89.85799999999998
03uldvruxdHs0zy7VpBpwi,El jaqueton,['Xalapa Symphony Orchestra'],174600,2003,False,,0.547,0.33399999999999996,0.737,0.915,90.55799999999999
4NfIG6M0ES21Jjgyrbuyeg,El Jarocho,['Xalapa Symphony Orchestra'],215533,2003,False,,0.33399999999999996,0.156,0.863,0.418,96.104
4O62gyGEy0Jb6sVlNUAlP6,La Bamba,['Xalapa Symphony Orchestra'],314693,2003,False,,0.46399999999999997,0.32,0.7390000000000001,0.5820000000000001,114.59100000000001
0yfrc3mjbrB5UlZmpJi9id,Suite Huasteca,['Xalapa Symphony Orchestra'],883187,2003,False,,0.368,0.21,0.701,0.33,128.959
2pLt9wk53Fl4omwmxTU8sE,La Bruja (The Witch),['Xalapa Symphony Orchestra'],261973,2003,False,,0.331,0.113,0.784,0.0806,125.851
3kaCo8G2TMglyg8JvTPc8Z,La Vieja (The Old Woman),['Xalapa Symphony Orchestra'],248640,2003,False,,0.33799999999999997,0.321,0.779,0.527,96.35700000000001
2rrr453maSPUCZF72XQ7R4,X-Hale,['Dope'],121570,2016,True,,0.45399999999999996,0.907,0.0999,0.0492,107.00399999999999
7ctSEKDSRNwW8rj7w7fQhN,Acid Nightmare,['Xarhanga'],233907,2017,False,,0.27,0.6629999999999999,0.0306,0.45,85.396
2FCXBkkQr9vmfMisn6IGHl,Ginger Bread Boy,['Ximo Tebar'],347880,2004,False,,0.386,0.537,0.838,0.611,202.99400000000003
4OD87WybnLOnFWvF2TtHD3,But Not For Me,['Ximo Tebar'],302187,2004,False,,0.57,0.493,0.8190000000000001,0.502,135.65200000000002
7ff2SKuKM6TZXgTShs5izt,Nica'S Dream,['Ximo Tebar'],535053,2004,False,,0.446,0.502,0.902,0.58,131.548
5eaR1iNkTjaeGWdmuh4sEg,Donna Lee,['Ximo Tebar'],314053,2004,False,,0.4370000000000001,0.645,0.6609999999999999,0.8740000000000001,135.346
5NU0SK6iy9dQOw81lxFMWA,You Don'T Know What Love Is,['Ximo Tebar'],448533,2004,False,,0.479,0.35600000000000004,0.8690000000000001,0.152,104.96799999999999
0c5wQpJSUpxqGlPgR6PeIr,St. Thomas,['Ximo Tebar'],287173,2004,False,,0.6509999999999999,0.665,0.653,0.838,104.917
69zNa15jocAh1rgzYD3hWg,Sugar,['Ximo Tebar'],415333,2004,False,,0.514,0.445,0.725,0.423,120.86399999999999
4BKUQOjUlyRp6UqJMbLxjd,The Champ,['Ximo Tebar'],391253,2004,False,,0.551,0.674,0.425,0.716,145.244
5B3djl7nfupLgA77epmuHO,Slow Mo,['Asher X'],206052,2019,True,,0.6629999999999999,0.539,0.0395,0.4370000000000001,105.99600000000001
5uZLCfUIJuIW7jeyCPkexl,The Internet Is for Porn,['D-Xtreme'],261352,2017,True,,0.647,0.858,0.0284,0.42,100.024
2bOoHuuD64iPSJPAwgS99P,Gabber Intro,['D-Xtreme'],48003,2016,False,,0.451,0.743,0.8220000000000001,0.4270000000000001,81.527
2RIiD2oBWlsGdbV8OwxGJj,Ik Bleef Hakkuh (feat. Wappie),"['D-Xtreme', 'Wappie']",237424,2016,False,,0.581,0.828,0.000989,0.48100000000000004,179.963
6knFVQqjHu8F2NUZl81t84,Gabber (feat. Paul S.),"['D-Xtreme', 'Paul S.']",303164,2016,False,,0.5760000000000001,1.0,0.0201,0.0362,94.995
0ew0htwzYtIPp9L7L5KEwB,Gabbertaal (feat. Da Providah),"['D-Xtreme', 'Da Providah']",245667,2016,False,,0.6559999999999999,0.988,0.268,0.132,99.964
13EHWswM2EWYyut7kqHBjs,HC Will Never Die!!!,['D-Xtreme'],360160,2016,False,,0.461,0.9440000000000001,0.0043100000000000005,0.0419,183.99
0mxjDgF7XmKRlG45VL6aTd,Ik Bleef Hakkuh (Terror Mix) - D-Xtreme Remix,['D-Xtreme'],240109,2016,False,,0.723,0.997,0.418,0.0354,120.014
6S9lpFagD0zHzUHTyVV06A,No Democracy (Crazy Mix) [Remastered],['D-Xtreme'],295287,2000,False,,0.607,0.883,0.145,0.546,159.95
5HILv3QbEfrZ5FOfKYlubt,Mass Hypnosis - Remastered,['D-Xtreme'],368721,2000,False,,0.485,0.49,0.00118,0.0851,177.983
4lBNmAGAZL5iUkQnWgIxbQ,Fuck the World - Remastered,['D-Xtreme'],247504,2000,True,,0.493,0.736,0.00343,0.27399999999999997,160.053
3Z1dKdbSAPURPppEFuolWh,Expect Us - Remastered,['D-Xtreme'],254827,2000,False,,0.503,0.795,0.00643,0.263,170.075
0fvmGAbvosILz649HnCSap,Pictures (feat. Xeno),"['Rambo', 'Xeno']",235590,2013,True,,0.757,0.37799999999999995,0.0395,0.457,88.238
5AoYKfp7iMKN2ocrm2fXNS,O Maria Virgo Pia,"['Anonymous\xa0', 'Alessandra Visconti', 'Kathy Etherington', 'Voices of Ascension Chorus', 'Dennis Keene']",165493,1994,False,,0.26899999999999996,0.0122,0.993,0.0657,106.809
0U38XYVsPXt9KwQ3kScLo0,Lost Connection,['Xanny24k'],164500,2019,True,,0.764,0.455,0.0391,0.42200000000000004,116.993
7kvHOBKWAKv2TK62O2JsVA,"Musette, Air de ballet du 17eme siecle, Op. 24 (arr. for piano)","['Anonymous\xa0', 'Jacques Offenbach', 'Marco Sollini']",172040,2008,False,,0.337,0.0371,0.9940000000000001,0.299,110.975
1zDsh0yDHD21xj7Bl1gLct,Le voyage de MM. Dunanan pere et fils (arr. for piano),"['Anonymous\xa0', 'Jacques Offenbach', 'Marco Sollini']",179800,2008,False,,0.5710000000000001,0.171,0.988,0.836,123.56700000000001
5x5swbJAJm7MoYH6B0Jrpe,Every Little Counts,['XOXO'],240813,2010,False,,0.504,0.461,0.20199999999999999,0.215,160.112
5cDtAQRGW3Jr1d9iR4DiId,Metal for Demons,"['Xakol', 'Detonator']",170667,2017,True,,0.46399999999999997,0.971,0.0211,0.479,151.757
15lN82qY1OGK4dKLEwDdHp,Xmas and Thanksgiving,['Murs'],152653,2017,True,,0.774,0.7020000000000001,0.11800000000000001,0.4970000000000001,92.49
35zaFqO7Jc3xqueJIxjXrI,3 Gymnopedies: No. 1. Lent et douloureux (arr. for flute and harp),"['Anonymous\xa0', 'Erik Satie', 'Glorian Duo']",154000,1994,False,,0.41700000000000004,0.0028,0.9940000000000001,0.168,90.462
5legUTh4iVw7uxOOA0NM1S,"The Well-Tempered Clavier, Book 2, BWV 870 - 893 (arr. for saxophone quartet): Prelude","['Anonymous\xa0', 'Johann Sebastian Bach', 'Italian Saxophone Quartet']",180747,2004,False,,0.0642,0.0682,0.99,0.0391,66.0
5TNNjfJysRdqFroDAzLbQS,"The Well-Tempered Clavier, Book 2, BWV 870 - 893 (arr. for saxophone quartet): Fugue","['Anonymous\xa0', 'Johann Sebastian Bach', 'Italian Saxophone Quartet']",137507,2004,False,,0.499,0.36200000000000004,0.991,0.5660000000000001,125.75200000000001
6TXOjkekUEkA8fZrsSVYhj,Oblivion (arr. for saxophone quartet),"['Anonymous\xa0', 'Astor Piazzolla', 'Italian Saxophone Quartet']",240267,2004,False,,0.0941,0.15,0.9940000000000001,0.085,70.973
2Li5dCBGcxHHsirhvsYr91,Fugata (arr. for saxophone quartet),"['Anonymous\xa0', 'Astor Piazzolla', 'Italian Saxophone Quartet']",129280,2004,False,,0.524,0.28300000000000003,0.992,0.52,131.8
4NGLga9Q4m0594MHjUYIdK,Libertango (arr. for saxophone quartet),"['Anonymous\xa0', 'Astor Piazzolla', 'Italian Saxophone Quartet']",164400,2004,False,,0.408,0.324,0.985,0.259,155.00799999999995
118GLCkOThwn50AI7reFuZ,The Easy Winners (arr. for saxophone quartet),"['Anonymous\xa0', 'Scott Joplin', 'Italian Saxophone Quartet']",191187,2004,False,,0.622,0.324,0.991,0.634,102.352
4tU0rpxt23GKZCEwDbMoCM,An American in Paris: Blues (arr. for saxophone quartet),"['Anonymous\xa0', 'George Gershwin', 'Italian Saxophone Quartet']",184333,2004,False,,0.136,0.145,0.991,0.0943,72.936
1Cvt9gplRdm1v9ZWgKdGol,Music from Fellini's film 8 1/2 (arr. for saxophone quartet),"['Anonymous\xa0', 'Nino Rota', 'Italian Saxophone Quartet']",270427,2004,False,,0.32,0.129,0.9890000000000001,0.1,84.50399999999998
0qVFA1eYcL4L7mvYA27rIw,Don Diasco,['Xiu Xiu'],174960,2002,False,,0.473,0.5379999999999999,0.026000000000000002,0.0856,120.825
2Ur2dqDROT9msE41Xmfpzu,I Broke Up,['Xiu Xiu'],140133,2002,False,,0.461,0.418,0.00818,0.0502,181.426
7qgN8v0cZDVGUwgFLvdnlx,Luber,['Xiu Xiu'],242840,2002,False,,0.409,0.665,0.0418,0.147,120.66799999999999
0lQuATP58PoaHtZG0bibXp,Hives Hives,['Xiu Xiu'],222933,2002,False,,0.361,0.68,0.054000000000000006,0.124,110.3
5wdVtXRhCXaGJJTP9lp3UG,Dr. Troll,['Xiu Xiu'],234227,2002,False,,0.237,0.446,0.185,0.209,140.02700000000002
2QXqXdKPpJOTrGUDp5z0L2,Over Over,['Xiu Xiu'],245573,2002,False,,0.522,0.883,0.000333,0.379,132.606
3cmVRpVEOshybxmPpwgbfr,Anne Dong,['Xiu Xiu'],291827,2002,False,,0.32299999999999995,0.298,0.429,0.0387,109.939
0wj1Pex0WosHJfO2EMKThV,Suha,['Xiu Xiu'],297267,2002,False,,0.621,0.47200000000000003,0.125,0.5479999999999999,80.579
0SUf2r252WhFuaMHYyHvpb,Poe Poe,['Xiu Xiu'],220133,2002,False,,0.532,0.725,0.161,0.16899999999999998,128.745
69iZsMChY6cyHNbjkiCCNO,Homonculus,['Xiu Xiu'],200040,2002,False,,0.191,0.485,0.435,0.263,92.241
7CLO74VqYXdBn1nyeANxBR,Tonite and Today (What chu' talkin' 'bout),['Xiu Xiu'],322627,2002,False,,0.429,0.00288,0.9390000000000001,0.0922,113.397
1nTeBEtepaT9vEfxBIIyE9,Helsabot,['Xiu Xiu'],303560,2006,False,,0.544,0.0554,0.927,0.16399999999999998,76.885
6CGhArjFha9P2cN8mpTqfS,"King Earth, King Earth",['Xiu Xiu'],340787,2006,False,,0.24600000000000002,0.42200000000000004,0.9359999999999999,0.0335,128.851
50Y02a5buFXaEQ3zTfm9GY,"20,000 Deaths For Eidelyn Gonzales, 20,000 Deaths For Jamie Peterson",['Xiu Xiu'],168653,2006,False,,0.613,0.125,0.9309999999999999,0.0705,101.51299999999999
53MwuohIVk0uHFje0zcUu3,Dr. Troll,['Xiu Xiu'],257547,2006,False,,0.524,0.0736,0.9440000000000001,0.16,66.52199999999999
32gxuecyqqPwuMYSK0PgeB,Jennifer Lopez,['Xiu Xiu'],127573,2006,False,,0.268,0.758,0.218,0.084,128.713
1EnsIpZGXHO0kavqS4ppMG,Brooklyn Dodgers,['Xiu Xiu'],221107,2006,False,,0.47,0.0297,0.89,0.145,97.85700000000001
3wBGmNnsXvGLiAIhKteKim,Asleep,['Xiu Xiu'],218413,2006,False,,0.483,0.0572,0.9329999999999999,0.0625,105.46
0pPspL9iFd9JKEVThKP8C6,I Broke Up,['Xiu Xiu'],207733,2006,False,,0.505,0.0673,0.9159999999999999,0.146,146.66
3N2lONScidp9rPv1fq6cyE,Nieces Pieces,['Xiu Xiu'],204813,2006,False,,0.134,0.047,0.45,0.131,67.346
37Hh29TpuWHS0YhvQatZqd,Ye Shanghai (A young girl sings Ye Shanghai (Shanghai Nights)),['Leyi Xing'],109320,2017,False,,0.516,0.287,0.871,0.953,97.238
3XaFQw0W3XFFDUJTQZDJe8,The Devil Is Near,"['Sadat X', 'Jawz of Life']",252633,2017,True,,0.369,0.637,0.0757,0.669,175.63
4wTpLYwNXdrYiV4dlFsGU0,Neva,"['Sadat X', 'Timmy Hunter']",217710,2017,True,,0.644,0.40399999999999997,0.000866,0.281,92.917
2F38svoHSV2Zt4pzTC4ll9,Good Inside,['Sadat X'],260063,2017,True,,0.395,0.515,0.0118,0.629,175.361
6FnHe3yW78PWM4bV1N67Uv,Out of Bounds,"['Sadat X', 'Diamond D']",173500,2017,True,,0.742,0.449,0.0783,0.8,95.10799999999999
4HHHqzO61E3fssSP5OnSId,Always Be My Lady,"['Sadat X', 'Raheem DeVaughn']",190218,2017,True,,0.3670000000000001,0.353,0.00297,0.483,169.882
5Uy9H6ul6A0r1jTR6ek4Ck,Yawl Can't Drink with US,"['Sadat X', 'Kurupt', 'Tha Alkaholiks']",137091,2017,True,,0.6729999999999999,0.479,0.00103,0.332,94.477
4TqXVIIqfGqXz01ODp8H5J,Celebrate,['Sadat X'],211632,2017,True,,0.644,0.336,0.0659,0.6920000000000001,93.073
1bIpc1YqhO3EGqgYsNSSil,Who's Judging,"['Sadat X', 'Tony Sunshine']",252633,2017,True,,0.7859999999999999,0.5589999999999999,0.00878,0.611,88.49700000000001
0ACooGk8sc2i7NzGOOWvH7,Bang Bang,['Sadat X'],114428,2017,True,,0.526,0.375,0.0179,0.721,81.839
66TOHQm7gSX2bXC3Ins1Mm,Get Away,['Sadat X'],135976,2017,True,,0.40399999999999997,0.537,0.0144,0.747,181.137
62nHTanNSVSqGufuUqPe52,The Five Boroughs,['Sadat X'],204707,2017,True,,0.705,0.506,0.0257,0.737,99.00399999999999
1KPJ8B2OLlm2uoW96Sm0w5,Reflections,['Sadat X'],197277,2017,True,,0.5479999999999999,0.508,0.0106,0.46799999999999997,87.738
4CJlVXgHAfycx6VN9q8RTO,Chaconne in G Minor (Attrib. T. Vitali),"['Anonymous\xa0', 'Jessica Lee', 'Reiko Uchida']",689488,2016,False,,0.3,0.127,0.965,0.073,119.912
18l6BBZai9HhHx1dgUiUS0,"Ay, ay, ay, tres veces ay …! [Spain, 17th Century]","['Anonymous\xa0', 'Piffaro']",116053,2012,False,,0.45899999999999996,0.0728,0.956,0.29,108.025
6AALnQuOvmuTpOUe1lLsD5,Villano [17th Century] (arr. for chamber ensemble),"['Anonymous\xa0', 'Christa Patton', 'Grant Herreid', 'Greg Ingles', 'Joan Kimball', 'Robert Wiemken', 'Tom Zajac', 'Piffaro']",163480,2012,False,,0.38299999999999995,0.136,0.777,0.22699999999999998,101.039
0oLNtvxoeogEEdYWYmQH44,Turulu neglo [16th Century],"['Anonymous\xa0', 'Piffaro']",114493,2012,False,,0.312,0.0119,0.991,0.5489999999999999,62.988
6rnnoKyOCQ2VUDoOioog2X,"Yyai Jesuchristo [Bolivia, 17th Century]","['Anonymous\xa0', 'Piffaro']",67347,2012,False,,0.366,0.0223,0.992,0.457,111.67200000000001
68K36LxqpAMFIoa0vOlOE8,"Christianos [Bolivia, 17th Century]","['Anonymous\xa0', 'Piffaro']",79667,2012,False,,0.172,0.00592,0.995,0.158,94.916
6AijfHrio24LQt89zuPLur,"Dulce Jesus mio [Bolivia, 17th Century] (arr. G. Herreid)","['Anonymous\xa0', 'Grant Herreid', 'Piffaro']",162120,2012,False,,0.271,0.00997,0.988,0.28800000000000003,125.197
41A16iB1mHIf1Yub33yYtG,"Senhora del mundo [Portugal, 16th Century] (arr. for chamber ensemble)","['Anonymous\xa0', 'Christa Patton', 'Grant Herreid', 'Greg Ingles', 'Joan Kimball', 'Robert Wiemken', 'Tom Zajac', 'Piffaro']",194653,2012,False,,0.075,0.129,0.951,0.0914,80.007
1EVAuLXz53ec7bFbiujXB6,Canarios [17th Century],"['Anonymous\xa0', 'Piffaro']",158320,2012,False,,0.526,0.0115,0.825,0.312,113.17200000000001
6HTv3Y4QAAFfPBD77mt636,Silent Night,"['Franz Xaver Gruber', 'The Choir Of Trinity College, Cambridge', 'Richard Marlow']",120960,1995,False,,0.102,0.00979,0.992,0.0398,173.59599999999998
4AplJd0f6bJTZu0hz5KIEI,X.T.Y.,['Sneaks'],110695,2016,False,,0.618,0.721,0.7979999999999999,0.772,152.748
2O8TaTcMWIkyJcZxS3wkH1,You Lasses and Lads,"['Anonymous\xa0', 'Custer LaRue', 'Baltimore Consort']",201507,1997,False,,0.435,0.111,0.937,0.7070000000000001,106.531
31lem4YnMipjKr7uo2AKx7,Johnny Cock Thy Beaver,"['Anonymous\xa0', 'Baltimore Consort']",129227,1997,False,,0.523,0.12,0.8320000000000001,0.675,109.74700000000001
1zZGXjs859v5mEC23aX7pt,Paven - Galliard to the Paven Before,"['Anonymous\xa0', 'Baltimore Consort']",184067,1997,False,,0.409,0.0743,0.97,0.505,95.615
4wSgHD7EAbH2S2cSddjIJO,The Northern Lasse's Lamentation,"['Anonymous\xa0', 'Custer LaRue', 'Baltimore Consort']",383800,1997,False,,0.59,0.0835,0.9209999999999999,0.662,92.10700000000001
2JuVEXyRcuXHSyzpKVho31,Well Hall,"['Anonymous\xa0', 'Baltimore Consort']",248533,1997,False,,0.32299999999999995,0.0233,0.986,0.551,123.954
3xeJUPVURXVezVFVMHMLKB,"Come Love, Let's Walk","['Anonymous\xa0', 'Custer LaRue', 'Baltimore Consort']",187933,1997,False,,0.43,0.0315,0.987,0.325,111.81
3NLqKxbisqfUQQzAsxBSDv,The Irish Ho-Hoane,"['Anonymous\xa0', 'Baltimore Consort']",307093,1997,False,,0.22899999999999998,0.0185,0.983,0.11599999999999999,119.641
6E3zceg7qx8MPjrZ2x3QzZ,The Irish Dumpe,"['Anonymous\xa0', 'Baltimore Consort']",106440,1997,False,,0.5379999999999999,0.14400000000000002,0.843,0.65,96.47399999999999
6EcwcjbkQRTsqjyZPs13bn,Callino,"['Anonymous\xa0', 'Baltimore Consort']",169707,1997,False,,0.327,0.0587,0.9359999999999999,0.551,184.63099999999997
5pvnvS40E2jgTwwup3dXHJ,Joy to the Person of My Love,"['Anonymous\xa0', 'Custer LaRue', 'Baltimore Consort']",487467,1997,False,,0.255,0.0378,0.9440000000000001,0.157,169.705
1tlpGJFSWo4KWC4lIGgJjh,3 Vocalises: I. Prelude,"['Anonymous\xa0', 'Ralph Vaughan Williams', 'Patrice Michaels', 'Larry Combs']",115307,2000,False,,0.244,0.0105,0.987,0.0929,88.421
5enDdndyMyRFMpbUL41XT6,3 Vocalises: II. Scherzo,"['Anonymous\xa0', 'Ralph Vaughan Williams', 'Patrice Michaels', 'Larry Combs']",42360,2000,False,,0.535,0.0233,0.9890000000000001,0.433,111.102
050L7vywWVMXlpq75DZRJt,3 Vocalises: III. Quasi menuetto,"['Anonymous\xa0', 'Ralph Vaughan Williams', 'Patrice Michaels', 'Larry Combs']",89773,2000,False,,0.249,0.00572,0.9890000000000001,0.392,92.815
3lhd2kLQIH9A74ocQoQroY,Xanadu,['Company'],263547,2012,False,,0.583,0.7,0.145,0.524,126.669
0b0sC3jWlqePUuBufHUy4k,Drawe neare me and lowe me,"['Anonymous\xa0', 'Ronn McFarlane']",41453,1990,False,,0.465,0.132,0.975,0.578,82.64
5ZcM68QLgvaibr53mkmdbT,A Scots Tune,"['Anonymous\xa0', 'Ronn McFarlane']",76427,1990,False,,0.526,0.0195,0.9390000000000001,0.32,95.94200000000001
4eBbuLQvCymYYAwOTlyAsD,The scottish Huntsupe,"['Anonymous\xa0', 'Ronn McFarlane']",171307,1990,False,,0.364,0.105,0.985,0.562,117.055
4aVcMjzsi9Yznsii2FTyKi,I long for the wedding,"['Anonymous\xa0', 'Ronn McFarlane']",75640,1990,False,,0.3720000000000001,0.00502,0.966,0.255,98.065
2GNEyr5pmR32QMhqMf8qgr,I Long For Thy Virginitie,"['Anonymous\xa0', 'Ronn McFarlane']",80200,1990,False,,0.39899999999999997,0.0198,0.9790000000000001,0.535,136.487
2qlLddLHgEybxwk44Lpy0c,The canaries,"['Anonymous\xa0', 'Ronn McFarlane']",52360,1990,False,,0.39899999999999997,0.0791,0.9940000000000001,0.302,118.49700000000001
1XmSjEARtdieBVmkw7ZOOC,Canaries,"['Anonymous\xa0', 'Ronn McFarlane']",117907,1990,False,,0.45399999999999996,0.0407,0.9740000000000001,0.6940000000000001,133.305
0pzkhn2zbJK7Ja0eFYEPEH,I mett her in the medowe,"['Anonymous\xa0', 'Ronn McFarlane']",44533,1990,False,,0.617,0.147,0.953,0.971,99.68
5E6lgVu3QWM0UQx8doDSwe,Lett never crueltie dishonour bewtie,"['Anonymous\xa0', 'Ronn McFarlane']",54973,1990,False,,0.527,0.0347,0.8740000000000001,0.45,120.698
4gUEuUP8j2qQwNdwuzcKS2,Jennet drinks no water,"['Anonymous\xa0', 'Ronn McFarlane']",72133,1990,False,,0.603,0.142,0.932,0.9670000000000001,99.758
7it3YjrgtZjizJTrG3J9fM,A Scots Tune,"['Anonymous\xa0', 'Ronn McFarlane']",48600,1990,False,,0.446,0.10800000000000001,0.988,0.33899999999999997,100.814
5TWGLKrmHj61SiHJ8o2CsH,Corne Yards,"['Anonymous\xa0', 'Ronn McFarlane']",50360,1990,False,,0.348,0.0457,0.983,0.961,131.813
6LT4M0A2vUTRXBKw2UcyPB,Gypsies Lilt,"['Anonymous\xa0', 'Ronn McFarlane']",156507,1990,False,,0.507,0.0128,0.935,0.222,138.991
0zXrGo0WcWM7BGLEiQRrEB,A Scots Tune,"['Anonymous\xa0', 'Ronn McFarlane']",69093,1990,False,,0.4370000000000001,0.113,0.99,0.9179999999999999,105.266
4oIlrnO8ZPevoXfVXjbDLE,A Scots Tune,"['Anonymous\xa0', 'Ronn McFarlane']",153107,1990,False,,0.469,0.0181,0.953,0.23600000000000002,181.707
1xnZi6xNuFPGxS7hfgZBim,Alace I lie me alon I'm lik to die awld,"['Anonymous\xa0', 'Ronn McFarlane']",48000,1990,False,,0.42200000000000004,0.18,0.857,0.4,187.361
4eYpzqozJlCgb6StE6WPYI,The Flowres of the Forrest,"['Anonymous\xa0', 'Ronn McFarlane']",56533,1990,False,,0.515,0.0335,0.825,0.41,80.645
7o3Cm5yZWOuivhP4i58gCB,Remember me at eveninge,"['Anonymous\xa0', 'Ronn McFarlane']",51000,1990,False,,0.6759999999999999,0.0704,0.914,0.764,96.46700000000001
6IDItenhKnHuMQaShqzmBd,I will not goe to my bed till I suld die,"['Anonymous\xa0', 'Ronn McFarlane']",73800,1990,False,,0.617,0.185,0.8809999999999999,0.332,149.766
6hHjxC4LjDrF9lvudXgIXy,Port Rorie Dall,"['Anonymous\xa0', 'Ronn McFarlane']",146400,1990,False,,0.507,0.0142,0.972,0.222,97.14
2uCx0SFPcztxfwPpdrWQxw,Lilt Ladie An Gordonn,"['Anonymous\xa0', 'Ronn McFarlane']",96667,1990,False,,0.62,0.0197,0.986,0.659,64.55199999999999
5bkmf8L0lW2mYDAuesPbKC,Gallua Tom,"['Anonymous\xa0', 'Ronn McFarlane']",63293,1990,False,,0.41,0.11699999999999999,0.991,0.4970000000000001,157.833
0ne893aJMAPWDpXKmnavSP,Whip my toudie,"['Anonymous\xa0', 'Ronn McFarlane']",26800,1990,False,,0.636,0.0436,0.99,0.8059999999999999,108.2
7e3rgowAbzgoyYBIkThVwp,Hench me Malie Gray,"['Anonymous\xa0', 'Ronn McFarlane']",31000,1990,False,,0.489,0.0405,0.987,0.257,67.625
1Hx7n6HXGDxK6ATOGEeqIv,Wo betyd thy wearie bodie,"['Anonymous\xa0', 'Ronn McFarlane']",195667,1990,False,,0.531,0.0464,0.978,0.6559999999999999,114.71799999999999
7HtbCHYxvzqwByBaEJ7RyQ,Lesleis Lilt,"['Anonymous\xa0', 'Ronn McFarlane']",53173,1990,False,,0.606,0.0264,0.978,0.8190000000000001,129.735
2tG6r0rT5CrOKUR4QkagdC,Pitt on your shirt on Monday,"['Anonymous\xa0', 'Ronn McFarlane']",60093,1990,False,,0.652,0.163,0.96,0.968,107.652
2lFjeKlKDTtB4B7mv8RVKU,Blew Breik,"['Anonymous\xa0', 'Ronn McFarlane']",67333,1990,False,,0.499,0.0345,0.853,0.722,88.046
7eF5danAaP6VrBrf0hUL5k,My Ladie Laudians Lilt,"['Anonymous\xa0', 'Ronn McFarlane']",44507,1990,False,,0.5489999999999999,0.0327,0.927,0.462,121.465
15k8IrlM6I1Dt9faTImjCM,To dance about the Baikeis dubb,"['Anonymous\xa0', 'Ronn McFarlane']",68560,1990,False,,0.54,0.11699999999999999,0.807,0.639,129.47
1XK560D7zhSVAGlbrzBU95,My mistres blush is bonie,"['Anonymous\xa0', 'Ronn McFarlane']",77067,1990,False,,0.636,0.12,0.904,0.5770000000000001,92.016
6YfgcKqJUZRZeIjGfgF9Ve,A Scots Tune,"['Anonymous\xa0', 'Ronn McFarlane']",49440,1990,False,,0.588,0.040999999999999995,0.966,0.9620000000000001,94.059
5TyFFD9dxA6pbK7Atp1gZQ,Its a wonder to see,"['Anonymous\xa0', 'Ronn McFarlane']",56467,1990,False,,0.461,0.0219,0.971,0.436,132.08100000000002
3QKUv1wsjG1GhupD9go9fO,Port Preist,"['Anonymous\xa0', 'Ronn McFarlane']",86933,1990,False,,0.628,0.0138,0.973,0.267,116.60600000000001
5Z1VOxaAdIEtUoHZE5kqgO,An thou wer myn own thing,"['Anonymous\xa0', 'Ronn McFarlane']",41667,1990,False,,0.327,0.14,0.9840000000000001,0.667,91.71600000000001
7gf9oKaxoOoNPYnhoqypak,Port Jean Linsey,"['Anonymous\xa0', 'Ronn McFarlane']",106893,1990,False,,0.447,0.023,0.9640000000000001,0.29600000000000004,71.391
692dDzSI9upCQ2Rj9X76FE,Gabot,"['Anonymous\xa0', 'Ronn McFarlane']",64000,1990,False,,0.449,0.12300000000000001,0.976,0.465,72.932
78iRqmMhlesxZHuI0ujyt3,Untitled,"['Anonymous\xa0', 'Ronn McFarlane']",83733,1990,False,,0.4270000000000001,0.0199,0.9740000000000001,0.595,82.04899999999998
0hWlasHMjaO8WXDzK4tTi1,Curent,"['Anonymous\xa0', 'Ronn McFarlane']",55307,1990,False,,0.392,0.0964,0.978,0.6509999999999999,87.626
5nbxVtJ9hw7ZFNkF4qWyJU,Volt,"['Anonymous\xa0', 'Ronn McFarlane']",61067,1990,False,,0.0,0.0132,0.94,0.0,0.0
4BRE4gREPqNzBYGPfIWKsA,Doun in yon banke,"['Anonymous\xa0', 'Ronn McFarlane']",92067,1990,False,,0.6679999999999999,0.0092,0.569,0.168,97.994
4xEmjZyvqdalzeNDTF6uJe,Aderneis Lilt,"['Anonymous\xa0', 'Ronn McFarlane']",51493,1990,False,,0.5529999999999999,0.10300000000000001,0.813,0.363,134.63299999999998
2V5tcPIAEORd3tXlqqj1NQ,Ladie Cassilles Lilt,"['Anonymous\xa0', 'Ronn McFarlane']",53467,1990,False,,0.495,0.0562,0.7390000000000001,0.26899999999999996,81.325
1hNdl5EFYeaDmU0fWSPEP9,I serve a worthie ladie,"['Anonymous\xa0', 'Ronn McFarlane']",56840,1990,False,,0.6459999999999999,0.0607,0.922,0.528,98.26299999999999
11uwpZv8SB8VpR3CXb96oN,Ane Scottis dance,"['Anonymous\xa0', 'Ronn McFarlane']",40800,1990,False,,0.303,0.14,0.992,0.9470000000000001,86.859
7n5TdPUZbRoyiT2PYTfKYQ,Swit Sant nikcola,"['Anonymous\xa0', 'Ronn McFarlane']",93000,1990,False,,0.434,0.0762,0.9890000000000001,0.748,128.454
5VLibrh4dTgpuhfltZWSiK,Untitled,"['Anonymous\xa0', 'Ronn McFarlane']",55200,1990,False,,0.508,0.0844,0.9840000000000001,0.883,143.526
5ebdPnbs20pGveJjCzuiJO,Untitled,"['Anonymous\xa0', 'Ronn McFarlane']",61360,1990,False,,0.43799999999999994,0.0778,0.992,0.606,82.12200000000001
4kVVFqfnXOwRhY1ko5eeQb,A Port (DOR-90129 tr. 49): A Port,"['Anonymous\xa0', 'Ronn McFarlane']",137773,1990,False,,0.51,0.0311,0.981,0.249,123.119
5pgzznHJp6CJIa100gfNUp,Gray Steel,"['Anonymous\xa0', 'Ronn McFarlane']",67867,1990,False,,0.51,0.0988,0.992,0.49,114.21799999999999
3YOirLrwBFtoHs3Mi2AFj3,Bumpin',['XL Middleton'],266667,2015,False,,0.9570000000000001,0.5660000000000001,0.0148,0.6679999999999999,116.971
0orInoOGE9XYrZ5iCXNiBx,Sunshine & Power Lines,['XL Middleton'],321391,2015,False,,0.8,0.8190000000000001,0.000128,0.583,114.99
75CUsWzAUiH8qyppezsqwL,High On Your Love,['XL Middleton'],285517,2015,False,,0.732,0.941,0.0445,0.851,116.042
7hPM7fA9ScHbzzXI5op91g,Exception to the Rule,['XL Middleton'],250213,2015,False,,0.747,0.725,0.0174,0.8270000000000001,93.991
0L48adBC04U9UtaMUMHJjH,I'm Ready,['XL Middleton'],262311,2015,False,,0.8759999999999999,0.7240000000000001,0.132,0.96,119.02600000000001
2PHUGkfKWh27OXGDFY6Pwq,Psychic,['XL Middleton'],282105,2015,False,,0.743,0.882,0.0154,0.9690000000000001,114.00299999999999
4appx34AsoEzSaB5eMDvKj,You Know It's True,['XL Middleton'],227368,2015,False,,0.6859999999999999,0.747,0.0044,0.7809999999999999,94.99700000000001
1WGukzSd7eDHdlSK9VFPgY,Do Me Like That,['XL Middleton'],248727,2015,False,,0.752,0.8270000000000001,0.0864,0.763,110.001
0ahCHwMHWmb8VL05xbOS7q,Keep It Funkin' (Bonus Track),['XL Middleton'],165000,2015,False,,0.9259999999999999,0.6409999999999999,0.0419,0.669,112.01899999999999
24pcLHmGdFmUZLXLP0iGJ6,Psychic (Egyptian Lover Remix) [Bonus Track],['XL Middleton'],286321,2015,False,,0.86,0.825,0.0773,0.5379999999999999,114.009
5b7b14tjff487XQSYVHlpw,Prezi x Mozzy,['Prezi'],240023,2018,True,,0.48200000000000004,0.895,0.0198,0.688,109.06700000000001
2dtvOHu9EknNvWAesHCzEM,Nomusa,"['Ndikho Xaba', 'The Natives']",526107,2009,False,,0.66,0.392,0.924,0.5539999999999999,110.721
0XFUdI5rxn9H9y0C5gY2ug,I choys to ly my lon,"['Anonymous\xa0', 'Ronn McFarlane']",57267,1999,False,,0.633,0.0418,0.935,0.237,77.69800000000002
2rYnReG2pNHnCaMtcidZy1,Blew riben,"['Anonymous\xa0', 'Ronn McFarlane']",64093,1999,False,,0.5329999999999999,0.11599999999999999,0.948,0.687,99.70200000000001
7FAe8CKG0we0vqodwliCKV,Ladi ly nier mee,"['Anonymous\xa0', 'Ronn McFarlane']",86800,1999,False,,0.489,0.0227,0.935,0.247,119.57799999999999
5U313dsV7RVKaFbwUyhPFA,Our last good night,"['Anonymous\xa0', 'Ronn McFarlane']",55867,1999,False,,0.5920000000000001,0.166,0.9440000000000001,0.215,76.009
17rvYk1bo5Soxm0XEcTFK9,Generall Leslys godnight,"['Anonymous\xa0', 'Ronn McFarlane']",112000,1999,False,,0.409,0.019,0.9540000000000001,0.129,175.623
27rHtbLdG4DtnA7RjaexKM,In ane inch I warrant,"['Anonymous\xa0', 'Ronn McFarlane']",51307,1999,False,,0.536,0.142,0.9740000000000001,0.9620000000000001,112.698
0gEnITSxEGRPNjZ4lMJeqe,Untitled,"['Anonymous\xa0', 'Ronn McFarlane']",17493,1999,False,,0.645,0.17800000000000002,0.968,0.961,111.865
4ktIUyZaL6KCYEbKM4RGyO,Untitled,"['Anonymous\xa0', 'Ronn McFarlane']",59373,1999,False,,0.59,0.294,0.934,0.235,108.109
7I3RjaMYcifaBj7eqiu8iy,Maggae Hamfor,"['Anonymous\xa0', 'Ronn McFarlane']",116400,1999,False,,0.705,0.0456,0.927,0.419,119.641
0cFM0oloLi3dyTvT7DuB9P,Katherines Bairdie,"['Anonymous\xa0', 'Ronn McFarlane']",78467,1999,False,,0.637,0.293,0.978,0.337,119.64399999999999
0OZDy7H1igufGElGr2YAma,Through the wood Laudie,"['Anonymous\xa0', 'Ronn McFarlane']",66493,1999,False,,0.727,0.0123,0.9490000000000001,0.12,115.99
04JOxzd6ypP5c2dbYsKDAO,Lilt milne,"['Anonymous\xa0', 'Ronn McFarlane']",126533,1999,False,,0.585,0.0149,0.9620000000000001,0.287,79.368
4lByYS0OlsEssDpKca7NOL,Da miche manum,"['Anonymous\xa0', 'Ronn McFarlane']",94600,1999,False,,0.353,0.0623,0.958,0.569,81.66
4fPawnzRdq9jgLr0Nek0aW,Ruthueins Lilt,"['Anonymous\xa0', 'Ronn McFarlane']",58267,1999,False,,0.642,0.0205,0.93,0.111,111.38600000000001
7F706DUZo2xtNqXI9RTxQ0,Fair and Louky,"['Anonymous\xa0', 'Ronn McFarlane']",56133,1999,False,,0.62,0.17600000000000002,0.9440000000000001,0.374,79.063
5NaFxmA4tOrVDQGrozWkEZ,Doun in yon banks,"['Anonymous\xa0', 'Ronn McFarlane']",112067,1999,False,,0.521,0.0186,0.956,0.35600000000000004,107.32600000000001
2I6yXOVvAD1x4luvlUYKTD,My Lady Binnis lilt,"['Anonymous\xa0', 'Ronn McFarlane']",64000,1999,False,,0.446,0.0231,0.927,0.185,121.199
1j36hbBtsspThCrDvX11mz,Mary Betons Row,"['Anonymous\xa0', 'Ronn McFarlane']",90627,1999,False,,0.626,0.10300000000000001,0.943,0.415,126.845
1WuXzW5OkR8cH8oRi4AH2u,Current Tried,"['Anonymous\xa0', 'Ronn McFarlane']",59867,1999,False,,0.484,0.127,0.973,0.762,125.068
0qmu4Rj9IobVJQytLkjZco,Over the Dyke Davie,"['Anonymous\xa0', 'Ronn McFarlane']",63600,1999,False,,0.6829999999999999,0.12,0.915,0.522,125.735
4qwllPMYeRlqJHRG426ULn,Untitled,"['Anonymous\xa0', 'Ronn McFarlane']",42840,1999,False,,0.293,0.18100000000000002,0.966,0.308,180.192
3v7UNGyaLE9roPFoxn4O5u,Can We Just Talk About It,['Billy X'],221250,2016,False,,0.8009999999999999,0.38299999999999995,0.248,0.8,101.993
5FNmRvJfLq6PVYqCCYadk4,Don't Worry Bout It,['Billy X'],143500,2016,False,,0.878,0.456,0.46399999999999997,0.9620000000000001,111.008
7pZF71klv1G3wRx9p3mOz0,La da Ti Ada,['Billy X'],236000,2016,False,,0.8809999999999999,0.467,0.0163,0.965,111.008
2iDCT2TtfAt5IEV8UA78fv,Let Me Breathe for a Moment,['Billy X'],162000,2016,False,,0.7070000000000001,0.3720000000000001,0.0966,0.841,112.96700000000001
7s18H5dbBCKwu7rVYvvUPV,Michael,['Billy X'],188875,2016,False,,0.685,0.39899999999999997,0.177,0.935,146.44799999999995
2k6uPPqn9jVg6gDGySPzyo,Rebirth,['Billy X'],185750,2016,False,,0.693,0.43799999999999994,0.501,0.778,92.742
24k3oz9TGwyEiTwomMmZ2Y,The Feel of One,['Billy X'],246875,2016,False,,0.7809999999999999,0.44299999999999995,0.00156,0.875,104.976
7hLXOVSL0tZaArEOIW8saf,Why Oh Why,['Billy X'],226500,2016,False,,0.6559999999999999,0.0354,0.986,0.7120000000000001,116.322
0OXdfPLGO77steaSu81aWZ,With Love,['Billy X'],167000,2016,False,,0.565,0.135,0.201,0.4370000000000001,85.037
6cTYUSRzYVi7tymom98DIg,You Are the One,['Billy X'],209500,2016,False,,0.879,0.457,0.21899999999999997,0.915,119.992
1o2HOa6qE6djAYLrPfoqqq,Do You Believe? - K.U.R.O. Remix,"['X-Dream', 'K.U.R.O']",437773,2016,False,,0.722,0.624,0.0025,0.0352,124.99799999999999
4TTCJlooLSx67CWEQjdXVo,Xalap,['Flembaz'],495413,2016,False,,0.762,0.763,0.0013800000000000002,0.214,126.027
3MKAQIMLBE6D6QMl4hipCl,Xanxabar,['Blacknight'],245376,2016,False,,0.5870000000000001,0.505,0.001,0.25,119.823
3vFcyzQhwCswbRpansF1sC,Mock Morris (arr. for wind ensemble),"['Anonymous\xa0', 'Percy Grainger', 'Dallas Wind Symphony', 'Jerry Junkin']",218827,2012,False,,0.597,0.107,0.9790000000000001,0.7859999999999999,93.89200000000001
3rxPv1rfc563phCh4dJvnh,Spoon River (arr. for wind ensemble),"['Anonymous\xa0', 'Percy Grainger', 'Dallas Wind Symphony', 'Jerry Junkin']",249960,2012,False,,0.452,0.12,0.977,0.157,91.204
1irCpiBGmPvqF2mYQ09KUg,Singalong Junk,"['Deerhoof', 'Xenia Rubinos']",212487,2017,False,,0.469,0.606,0.0444,0.306,128.138
5E1MnoULRaFNzo6N6ry4yA,Cometary Wailing (Live),['Bernard Xolotl'],771533,2016,False,,0.08800000000000001,0.35,0.5720000000000001,0.0413,181.394
3bHs2Ed9mznrNPMKqG1wAL,Boys - Acoustic,['Charli XCX'],175079,2017,False,,0.759,0.446,0.618,0.578,139.99200000000002
0lyNyeMy81w10BgMqDPm11,Temple Fair (arr. Yi-Wen Jiang for string quartet): No. 1. A Busker's Little Tune,"['Zu-xin Jiang', 'Yi-Wen Jiang', 'Shanghai Quartet']",140173,2013,False,,0.185,0.0246,0.981,0.0874,148.312
5ywy0xwclXpjXzLSUw2EPw,Temple Fair (arr. Yi-Wen Jiang for string quartet): No. 2. Double Dance,"['Zu-xin Jiang', 'Yi-Wen Jiang', 'Shanghai Quartet']",87160,2013,False,,0.57,0.32299999999999995,0.9790000000000001,0.885,141.501
4DAa6PPi4djFeGxKG5pbC0,Trial By Fire,['Nathan Xander'],259720,2010,False,,0.42100000000000004,0.402,0.579,0.251,139.661
2DWrdQ5t1xf8sxXTSwZy8e,"Kammermusik No. 7, Op. 46 No. 2: I. Nicht zu schnell","['Anonymous\xa0', 'Paul Hindemith', 'Mary Preston', 'Dallas Wind Symphony', 'Jerry Junkin']",207000,2012,False,,0.354,0.0575,0.92,0.0948,88.77
5LVHvHBN4Xk42To5P7t3mA,"Kammermusik No. 7, Op. 46 No. 2: II. Sehr langsam und ganz ruhig","['Anonymous\xa0', 'Paul Hindemith', 'Mary Preston', 'Dallas Wind Symphony', 'Jerry Junkin']",333413,2012,False,,0.0949,0.00262,0.8220000000000001,0.0291,71.202
6T1pflMq3jme4XzK6DPaOv,"Kammermusik No. 7, Op. 46 No. 2: III. Fugue","['Anonymous\xa0', 'Paul Hindemith', 'Mary Preston', 'Dallas Wind Symphony', 'Jerry Junkin']",375973,2012,False,,0.294,0.122,0.7709999999999999,0.0374,89.21
3DfYb8cii84Kg5dDQHfg7c,Kraanerg: Opening,"['Iannis Xenakis', 'Callithumpian Consort', 'Stephen Drury']",32000,2008,False,,0.37,0.78,0.9159999999999999,0.175,123.059
5jclvOxkpXxUA6rSTIF34L,Kraanerg: Tape Entrance 1,"['Iannis Xenakis', 'Callithumpian Consort', 'Stephen Drury']",175987,2008,False,,0.08,0.35700000000000004,0.139,0.0507,81.118
2swv125fK7FLDPED8l4YXU,Kraanerg: Tape Entrance 2,"['Iannis Xenakis', 'Callithumpian Consort', 'Stephen Drury']",241027,2008,False,,0.111,0.261,0.0591,0.0383,171.03599999999997
30pvpWXDojUO4wssorHWdT,Kraanerg: Tape Entrance 3,"['Iannis Xenakis', 'Callithumpian Consort', 'Stephen Drury']",184987,2008,False,,0.237,0.368,0.0565,0.12,85.397
6YQ1ZYKVx1iwDq9ueQkHTa,Kraanerg: Tape Entrance 4,"['Iannis Xenakis', 'Callithumpian Consort', 'Stephen Drury']",226000,2008,False,,0.18100000000000002,0.247,0.268,0.0506,86.43799999999996
3JLK1NhJfbku8KNVZlmjNE,Kraanerg: Tape Entrance 5,"['Iannis Xenakis', 'Callithumpian Consort', 'Stephen Drury']",130000,2008,False,,0.0781,0.20600000000000002,0.0103,0.0668,82.33200000000002
6GcEcyGO5GxjCOjqD9G7Bi,Kraanerg: Tape Entrance 6,"['Iannis Xenakis', 'Callithumpian Consort', 'Stephen Drury']",131000,2008,False,,0.163,0.23600000000000002,0.0338,0.0328,110.919
7zcvzYfTZFIgQ9Ae5h1XmJ,Kraanerg: Tape Entrance 7,"['Iannis Xenakis', 'Callithumpian Consort', 'Stephen Drury']",224000,2008,False,,0.235,0.305,0.532,0.0352,108.594
46solJgBfKyef5xAjiPCIi,Kraanerg: Tape Entrance 8,"['Iannis Xenakis', 'Callithumpian Consort', 'Stephen Drury']",411000,2008,False,,0.218,0.204,0.33,0.0417,104.59
08C1UatsAsuwNzzjCK3Afh,Kraanerg: Tape Entrance 9,"['Iannis Xenakis', 'Callithumpian Consort', 'Stephen Drury']",51000,2008,False,,0.203,0.494,0.0102,0.215,118.081
2s0y8A4UU9u2hSQuQ97pr4,Kraanerg: Tape Entrance 10,"['Iannis Xenakis', 'Callithumpian Consort', 'Stephen Drury']",389000,2008,False,,0.23399999999999999,0.24600000000000002,0.5579999999999999,0.0367,124.56700000000001
3wInFSloOZoMyXiSd9t98k,Kraanerg: Tape Entrance 11,"['Iannis Xenakis', 'Callithumpian Consort', 'Stephen Drury']",188000,2008,False,,0.192,0.185,0.207,0.0408,88.95700000000002
4VQSXou3JkiI6YVJjOQ3f3,Kraanerg: Tape Entrance 12,"['Iannis Xenakis', 'Callithumpian Consort', 'Stephen Drury']",229000,2008,False,,0.324,0.258,0.47200000000000003,0.0434,115.34899999999999
1weLXnwl1Uneagw5YOrbQU,Kraanerg: Tape Entrance 13,"['Iannis Xenakis', 'Callithumpian Consort', 'Stephen Drury']",65000,2008,False,,0.265,0.273,0.6559999999999999,0.0321,116.257
29xOMUlWLWP1KX5q4juMmL,Kraanerg: Tape Entrance 14,"['Iannis Xenakis', 'Callithumpian Consort', 'Stephen Drury']",243600,2008,False,,0.105,0.382,0.23600000000000002,0.0518,82.20100000000002
1rhC0BWIbMZwLsBkIikhLW,Kraanerg: Tape Entrance 15,"['Iannis Xenakis', 'Callithumpian Consort', 'Stephen Drury']",69400,2008,False,,0.212,0.44799999999999995,0.233,0.0361,81.31
36JxGHaHAfyJ0DtoG7CA9R,Kraanerg: Tape Entrance 16,"['Iannis Xenakis', 'Callithumpian Consort', 'Stephen Drury']",238000,2008,False,,0.244,0.366,0.711,0.0356,118.499
6Ou7vxlZAJdOlgd6DRdAxZ,Kraanerg: Tape Entrance 17,"['Iannis Xenakis', 'Callithumpian Consort', 'Stephen Drury']",403160,2008,False,,0.0621,0.381,0.00458,0.0573,68.128
7nGCDJ4dwPKPWWggLjsfCa,Kraanerg: Tape Entrance 18,"['Iannis Xenakis', 'Callithumpian Consort', 'Stephen Drury']",42840,2008,False,,0.16699999999999998,0.257,0.0026899999999999997,0.198,107.434
1sRtfSrhF7xza4z7hZrbkS,Kraanerg: Tape Entrance 19,"['Iannis Xenakis', 'Callithumpian Consort', 'Stephen Drury']",591000,2008,False,,0.182,0.366,0.0515,0.0449,110.774
6Pl5KMjikHcZousH7Oam77,Kraanerg: Tape Entrance 20,"['Iannis Xenakis', 'Callithumpian Consort', 'Stephen Drury']",375080,2008,False,,0.07400000000000001,0.418,0.0466,0.0671,78.94800000000002
5OYwvXYpqlVvUFzdtmaxpc,Reveal Your Shape O Formless One,['Xanthochroid'],95413,2017,False,,0.11900000000000001,0.33,0.414,0.175,149.782
6hi2fpkUpDdctPvGdpBbi0,Of Aching Empty Pain,['Xanthochroid'],504227,2017,False,,0.377,0.879,0.0011099999999999999,0.215,180.02599999999995
2cLQajUs4a3oYYgc0EhdtI,Of Gods Bereft of Grace,['Xanthochroid'],413347,2017,False,,0.157,0.86,0.000392,0.17600000000000002,164.97
1ZEhrQ8i6OB0uuGCW5GNCR,Of Strength and the Lust for Power,['Xanthochroid'],384067,2017,False,,0.223,0.912,0.0006730000000000001,0.109,119.307
2xHrFERRti3ZljzNwyp2s5,Walk with Me O Winged Mother,['Xanthochroid'],354387,2017,False,,0.196,0.534,0.0666,0.327,147.934
6uBgXP1GbNYKaBc96QjWPH,Through Caverns Old and Yawning,['Xanthochroid'],139360,2017,False,,0.218,0.3720000000000001,0.9390000000000001,0.121,129.154
0K4eJ1cj4pJ4MBgPwr7C0c,Through Chains That Drag Us Downward,['Xanthochroid'],417680,2017,False,,0.17,0.9059999999999999,0.0156,0.0749,165.021
4vNmRnxfWTJYwovSoU2yTN,Toward Truth and Reconciliation,['Xanthochroid'],682520,2017,False,,0.36,0.79,0.005220000000000001,0.196,159.985
4VzsMgL7RoiwHCt4S8tuOb,Maravillosos,"['Alfonso X El Sabio', 'Ensemble Perceval']",254707,1998,False,,0.45899999999999996,0.27699999999999997,0.934,0.22399999999999998,71.678
2NfrWcan8CwnghF4TUBMbk,Xanthrax,['Shredders'],165800,2017,True,,0.872,0.648,0.0231,0.354,101.044
51RvCRzeTqoQgdOBgcpHtT,Just Kickin' It,['Xscape'],204133,1999,True,,0.6940000000000001,0.365,0.054000000000000006,0.693,80.904
0VJYhKhrHgJ7fgjGaC2k07,The Explanation,['XXXTENTACION'],50748,2017,True,,0.597,0.113,0.461,0.313,81.311
7m9OqQk4RVRkw9JJdeAw96,Jocelyn Flores,['XXXTENTACION'],119133,2017,True,,0.872,0.391,0.469,0.4370000000000001,134.02100000000002
2H3wWrnO758y0fPH7Ilerg,Depression & Obsession,['XXXTENTACION'],144733,2017,True,,0.769,0.156,0.585,0.527,105.95
3GVkPk8mqxz0itaAriG1L7,Everybody Dies In Their Nightmares,['XXXTENTACION'],95467,2017,True,,0.7340000000000001,0.57,0.847,0.6890000000000001,129.953
5TXDeTFVRVY7Cvt0Dw4vWW,Revenge,['XXXTENTACION'],120027,2017,True,,0.746,0.251,0.782,0.18,139.999
2UwbhMie1EAYuTZ0QXeMwl,Save Me,['XXXTENTACION'],163202,2017,True,,0.731,0.204,0.307,0.191,142.141
2vQwlW8H1jFveGNXwZfJCV,Dead Inside (Interlude),['XXXTENTACION'],86827,2017,True,,0.461,0.0279,0.973,0.354,88.38799999999998
7AQim7LbvFVZJE3O8TYgf2,Fuck Love (feat. Trippie Redd),"['XXXTENTACION', 'Trippie Redd']",146520,2017,True,,0.797,0.5329999999999999,0.0172,0.32899999999999996,131.036
2yZax79pOrYuyIFVW2cZY2,Carry On,['XXXTENTACION'],129720,2017,True,,0.735,0.19699999999999998,0.768,0.38299999999999995,147.899
05bnEv2dpFzmGVLGdjD9UP,Orlando,['XXXTENTACION'],163840,2017,True,,0.57,0.0279,0.8590000000000001,0.28,84.902
5xbrhx2tMMcN68IT3cJbhS,Ayala (Outro),['XXXTENTACION'],99707,2017,True,,0.57,0.285,0.737,0.0973,83.485
42zEH3ShZqU8vv0nGPQO8C,Xanthrax (Instrumental),['Shredders'],165800,2018,False,,0.7959999999999999,0.518,0.000401,0.0875,100.976
6p9K3t6t9ZGCKkWxk1q8vF,完全無敵のぶっとバスターX,['Mahousyoujoninaritai'],230813,2017,False,,0.353,0.99,0.000127,0.299,167.99099999999999
5di3f1C00pqMjlhxVAPT6B,Give good gifts one to another,"['Anonymous\xa0', 'Seraphic Fire', 'Patrick Dupre Quigley']",98800,2014,False,,0.16,0.1,0.99,0.225,81.775
5hyq3LBlCfjRQAFkdQwe8o,Vroom Vroom,['Charli XCX'],193271,2016,True,,0.836,0.684,0.122,0.514,151.007
3SoLRBDWUJ4xtFRDFI1Z6F,Paradise (feat. Hannah Diamond),"['Charli XCX', 'Hannah Diamond']",181704,2016,False,,0.43799999999999994,0.6890000000000001,0.266,0.16899999999999998,167.71099999999996
3LcH7UHXAstKd0qUDdlRQa,Trophy,['Charli XCX'],159329,2016,True,,0.736,0.777,0.0155,0.465,127.198
1NvAqtx7PytXUytohhYXbk,Secret (Shh),['Charli XCX'],205099,2016,False,,0.601,0.644,0.131,0.33399999999999996,99.855
6A9P4YdqrQ160Rsryrw7mb,Amor,['Xavier Cugat & His Orchestra'],195360,1989,False,,0.45299999999999996,0.18899999999999997,0.9670000000000001,0.608,137.524
5e3Ck4MbltxUXmdBlPfzya,Leave Us Alone,"['Studio X', 'Technoid']",331208,2017,False,,0.616,0.96,0.000138,0.131,150.028
0Klc5QXKvu0Cf2dy0s7Vae,Hurting,"['Studio X', 'Simon Carter', 'Avarice in Audio']",334930,2017,False,,0.564,0.941,2.9100000000000013e-05,0.127,133.968
3tZ4zv4UuenjJGSNUMfBNG,XanaX Damage,['Future'],104013,2019,True,,0.551,0.609,0.368,0.324,139.084
3KmspNJ8Wyt3jnvYcv6Fvr,You Neva Kno,['Gwala X'],205714,2014,True,,0.727,0.431,0.16,0.434,136.759
5xTI0H9acVMFHygJY3WxW3,"I Do What I Want, When I Want",['Xiu Xiu'],192387,2009,False,,0.644,0.638,0.0323,0.68,164.47
6lrLLr9GsqJxMNBQr440an,In Lust You Can Hear The Axe Fall,['Xiu Xiu'],210480,2009,False,,0.455,0.664,0.156,0.29600000000000004,146.072
5JXfX9eLGkfJDhIHR5gwok,F.T.W.,['Xiu Xiu'],176107,2009,False,,0.528,0.27,0.619,0.364,80.27199999999998
6sbsWjBiRt6FeRj2EGXJVv,No Friend Oh!,['Xiu Xiu'],228240,2009,False,,0.642,0.6990000000000001,0.00806,0.5820000000000001,123.355
54keKfapC1CiqHANEnq7at,Guantanamo Canto,['Xiu Xiu'],157373,2009,False,,0.649,0.429,0.652,0.114,104.484
11muw0JZ186gRtdIvpoqTO,Under Pressure (feat. Michael Gira),['Xiu Xiu'],210520,2009,False,,0.41200000000000003,0.758,0.281,0.451,116.86
3MVm2WvbPKeWQBd5yDevMP,Black Keyboard,['Xiu Xiu'],237747,2009,False,,0.621,0.21600000000000005,0.787,0.0923,96.595
7Bi7RxD9LnITiEgithAEsl,"Master of the Bump (Kurt Stumbaugh, I Can Feel the Soil Falling Over My Head)",['Xiu Xiu'],235627,2009,False,,0.26899999999999996,0.191,0.867,0.159,189.252
6FjRthbV6idRGbPbANsbxb,"You Are Pregnant You, You Are Dead",['Xiu Xiu'],136867,2009,False,,0.376,0.907,0.0513,0.7859999999999999,166.627
4pljnoqzJUA1ScErGowkUJ,The Leash,['Xiu Xiu'],135960,2009,False,,0.4,0.626,0.179,0.41,147.695
5G3onigLXNQ9TlWsqsam0j,Child at Arms,['Xiu Xiu'],172027,2009,False,,0.4370000000000001,0.67,0.27399999999999997,0.371,176.926
691nx2QPZ8rgEhOsZ9lVeK,Puff and Bunny,['Xiu Xiu'],171920,2009,False,,0.61,0.39899999999999997,0.875,0.433,80.55
0mp4nNycUvll0grktq7Dcf,White Nerd,['Xiu Xiu'],165240,2009,False,,0.4920000000000001,0.768,0.106,0.578,131.72299999999998
5GFSTQ0tLfpaR6FEuBSKyt,Gayle Lynn,['Xiu Xiu'],193333,2009,False,,0.273,0.33,0.6829999999999999,0.0615,93.044
23vLXFWI1wY5McefSAHPm3,Buzz Saw,['Xiu Xiu'],181480,2006,False,,0.466,0.16399999999999998,0.925,0.0521,77.777
4WJEYpf9FA0lQKeXUArdcH,Boy Soprano,['Xiu Xiu'],203493,2006,False,,0.439,0.805,0.0677,0.247,87.391
6U68etD7XcFBWRAhP7YZyY,Hello From Eau Claire,['Xiu Xiu'],174667,2006,False,,0.721,0.7509999999999999,0.0486,0.485,131.254
4JnfmUGqus22RzMQjHELQW,Vulture Piano,['Xiu Xiu'],203840,2006,False,,0.611,0.8590000000000001,0.00689,0.38,80.40899999999998
1tC9niAxxaQhdLeAfRx15M,PJ in the Streets...,['Xiu Xiu'],177333,2006,False,,0.384,0.27399999999999997,0.693,0.0802,93.274
2SwwEgt1SOaVIsZMz6fyYQ,"Bishop, CA",['Xiu Xiu'],246187,2006,False,,0.6679999999999999,0.5329999999999999,0.531,0.1,101.212
2oz4Wka2kByjkKe9iFCWER,Saint Pedro Glue Stick,['Xiu Xiu'],77147,2006,False,,0.503,0.503,0.961,0.0386,117.512
1OdnudBINNTpxdJFEqHYwJ,The Pineapple vs The Watermelon,['Xiu Xiu'],208147,2006,False,,0.634,0.182,0.8390000000000001,0.0617,125.816
6KXsqnhrXfQxjCr0kOKmko,Save Me Save Me,['Xiu Xiu'],159960,2006,False,,0.47200000000000003,0.8320000000000001,0.14300000000000002,0.401,140.51
1NW3uKWw6R9Fy2dux7OCeM,The Fox and the Rabbit,['Xiu Xiu'],192667,2006,False,,0.68,0.6759999999999999,0.00229,0.107,112.781
0YlofuVWSkDmChJBsJHobN,Wig Master,['Xiu Xiu'],257573,2006,False,,0.18899999999999997,0.27399999999999997,0.968,0.0369,165.148
1K1ZLpbUNcYCyab0a0GoCX,"Symphony No. 53 in D Major, ""Trumpet Symphony"": I. Allegro","['Franz Xaver Richter', 'London Mozart Players', 'Matthias Bamert']",277840,2007,False,,0.426,0.125,0.9159999999999999,0.311,119.943
4w51u33gebu4AgNPONsIgf,"Symphony No. 53 in D Major, ""Trumpet Symphony"": Ii. Andantino","['Franz Xaver Richter', 'London Mozart Players', 'Matthias Bamert']",237173,2007,False,,0.324,0.0183,0.87,0.195,95.06700000000001
5CgOTJJ7qYXRRckKi2HjsQ,"Symphony No. 53 in D Major, ""Trumpet Symphony"": III. Presto assai","['Franz Xaver Richter', 'London Mozart Players', 'Matthias Bamert']",209360,2007,False,,0.4920000000000001,0.23199999999999998,0.855,0.659,117.897
2mIHYBsqRUFj2R8jM0jv2r,Symphony No. 56 in D Minor: I. Allegro con spirito,"['Franz Xaver Richter', 'London Mozart Players', 'Matthias Bamert']",261467,2007,False,,0.4320000000000001,0.111,0.9490000000000001,0.262,111.934
1ET4EO3kqJjY1BSypsX2jh,Symphony No. 56 in D Minor: II. Andante poco,"['Franz Xaver Richter', 'London Mozart Players', 'Matthias Bamert']",223800,2007,False,,0.205,0.0297,0.838,0.10800000000000001,90.917
248qr5dB7Zr5nzyMT5xAc3,Symphony No. 56 in D Minor: III. Allegro molto,"['Franz Xaver Richter', 'London Mozart Players', 'Matthias Bamert']",199533,2007,False,,0.27,0.128,0.9540000000000001,0.449,166.888
2xOTi9SHqqjdrmXeywdZm4,Symphony No. 29 in G Minor: I. Adagio - Allegro molot,"['Franz Xaver Richter', 'London Mozart Players', 'Matthias Bamert']",395933,2007,False,,0.285,0.0479,0.9329999999999999,0.0657,130.356
7u8ohHaEizF2N9ejRMgyGb,Symphony No. 29 in G Minor: II. Andante,"['Franz Xaver Richter', 'London Mozart Players', 'Matthias Bamert']",253253,2007,False,,0.23600000000000002,0.0137,0.9520000000000001,0.0972,79.279
3IdlCaf653CeN9xM2MSFMR,Symphony No. 29 in G Minor: III. Presto,"['Franz Xaver Richter', 'London Mozart Players', 'Matthias Bamert']",127027,2007,False,,0.504,0.126,0.971,0.34,109.861
1avFsdbr8ytSL7qiJjYfQu,Symphony No. 52 in D Major: I. Presto assai,"['Franz Xaver Richter', 'London Mozart Players', 'Matthias Bamert']",239787,2007,False,,0.48,0.243,0.88,0.6809999999999999,115.40100000000001
4iI6gMesVy4wDPnkLb1kAK,Symphony No. 52 in D Major: II. Andatino sempre piano,"['Franz Xaver Richter', 'London Mozart Players', 'Matthias Bamert']",198453,2007,False,,0.265,0.0549,0.932,0.17300000000000001,93.436
6REsYy4jPiBPUdjn1xjudM,Symphony No. 52 in D Major: III. Presto assai,"['Franz Xaver Richter', 'London Mozart Players', 'Matthias Bamert']",179213,2007,False,,0.5,0.289,0.888,0.8640000000000001,124.745
6KFrmumxPFDgnuBxo5OOVb,Symphony No. 43 in F Minor: I. Allegro non troppo,"['Franz Xaver Richter', 'London Mozart Players', 'Matthias Bamert']",332867,2007,False,,0.366,0.0947,0.955,0.0947,113.35700000000001
4px3VsafgSoLyYdxigDWLW,Symphony No. 43 in F Minor: II. Andante grazioso,"['Franz Xaver Richter', 'London Mozart Players', 'Matthias Bamert']",252213,2007,False,,0.28600000000000003,0.00976,0.9640000000000001,0.0671,97.089
6hbUnduDHcxfUwb1LVEXEh,Symphony No. 43 in F Minor: III. Tempo di minuetto,"['Franz Xaver Richter', 'London Mozart Players', 'Matthias Bamert']",321213,2007,False,,0.319,0.0567,0.966,0.16399999999999998,122.95700000000001
0drXGTE1CV9yfdWDCfKR5d,Crank Heart,['Xiu Xiu'],199267,2004,False,,0.564,0.777,0.0015199999999999999,0.321,139.721
1YdxzPXgwh7i4bz1ho6cud,I Luv the Valley OH!,['Xiu Xiu'],179133,2004,False,,0.209,0.7340000000000001,0.0501,0.381,116.26
74umIEgPxRiSKSlPCGukXc,Bunny Gamer,['Xiu Xiu'],160347,2004,False,,0.748,0.544,0.0125,0.563,130.75
2vhv6QhlBbwJ1caVctYnr6,Little Panda McElroy,['Xiu Xiu'],265640,2004,False,,0.29100000000000004,0.12,0.0805,0.0604,103.42
6VuXeJcW8VdEpyK5uMc48w,Support Our Troops OH!,['Xiu Xiu'],286307,2004,False,,0.193,0.431,0.18,0.12,170.97099999999998
0pp0ryp3L5NH1UX2JzP2VA,Fabulous Muscles,['Xiu Xiu'],250800,2004,False,,0.517,0.0764,0.805,0.228,136.284
5pxnvnHKr6QGlsljJABPuX,Brian the Vampire,['Xiu Xiu'],158840,2004,False,,0.187,0.9159999999999999,0.0489,0.218,154.692
3XkI63Tma1shUzYBTscO0P,Nieces Pieces,['Xiu Xiu'],213080,2004,False,,0.22399999999999998,0.184,0.919,0.0725,75.932
003T0xMD76OIHf6prmx8NP,Clowne Towne,['Xiu Xiu'],230640,2004,False,,0.48,0.47700000000000004,0.624,0.5660000000000001,80.023
3NT5j5n1XDVanOunFlNWph,Mike,['Xiu Xiu'],314360,2004,False,,0.331,0.382,0.324,0.0823,119.22200000000001
0frc2vOuYf0Ug0xafsNgB1,Sad Pony Guerrilla Girl,['Xiu Xiu'],198000,2003,False,,0.504,0.33899999999999997,0.792,0.39399999999999996,99.39
5ruW6G2Xv0H9D6q4YyKpzx,Apistat Commander,['Xiu Xiu'],275333,2003,False,,0.679,0.41100000000000003,0.0119,0.4370000000000001,140.661
3dK2vzfNE5PqSR0my5TxRt,Walnut House,['Xiu Xiu'],281013,2003,False,,0.439,0.26899999999999996,0.7170000000000001,0.22,114.633
0I8hANcZC2B5Q1loz5I8d9,"20,000 Deaths for Eidelyn Gonzales, 20,000 Deaths for Jamie Peterson",['Xiu Xiu'],196013,2003,False,,0.5920000000000001,0.59,0.568,0.0799,115.228
2NLA4Fvhnk5lM28YBbHCCN,Pink City,['Xiu Xiu'],133373,2003,False,,0.15,0.6709999999999999,0.00485,0.188,137.046
1uLJDxD9OZoGtT9C4IXXz6,Sad Redux-O-Grapher,['Xiu Xiu'],199173,2003,False,,0.264,0.11699999999999999,0.813,0.10800000000000001,184.065
6DU3uSe7Is7YdLCTzLIHbv,Blacks,['Xiu Xiu'],194893,2003,False,,0.39899999999999997,0.871,0.7120000000000001,0.0898,149.455
6j0ed3bAwIUANcdqSb8zdI,Brooklyn Dodgers,['Xiu Xiu'],231240,2003,False,,0.597,0.861,0.499,0.237,119.819
2Qz1jUWn11a51Jlxxvm30q,Fast Car,['Xiu Xiu'],353987,2003,False,,0.61,0.124,0.902,0.14800000000000002,111.728
0d0cBCcv0Cnc3XtPaDEP3r,Ian Curtis Wishlist,['Xiu Xiu'],273827,2003,False,,0.185,0.0963,0.358,0.0603,79.26
7yytteLiWuOOnzWdQSGgmd,Kitchen Whippin,"['Gwala X', 'D-Van']",210389,2018,True,,0.72,0.628,0.0107,0.662,76.998
0Rw3HiV4jznWCupq21sDI7,"Chica, Chica, Boom, Chic",['Xavier Cugat'],143160,1995,False,,0.7240000000000001,0.47100000000000003,0.871,0.879,118.348
2jNlQlRenIZNzWev7hQPx4,Brazil (Aquarela Do Brasil),['Xavier Cugat'],166693,1995,False,,0.461,0.405,0.966,0.49,121.23700000000001
46jufn9olxg43xZDeQyJ8z,Thanks For The Dream (MI Sueno Azul),['Xavier Cugat'],165427,1995,False,,0.301,0.228,0.987,0.28,139.092
1fHJlBnOfIV5D2rBrNGkZ4,Amor,['Xavier Cugat & His Waldorf-Astoria Orchestra; Vocal by Carmen Castillo'],198773,1995,False,,0.442,0.248,0.975,0.45,136.911
1oUom3N0oZiiXlOa6wab5m,Tico-Tico,['Xavier Cugat'],190933,1995,False,,0.615,0.48700000000000004,0.9490000000000001,0.887,132.485
6KPAlPjFusWIlJOY0Mio7v,"Good, Good, Good (That's You, That's You)",['Xavier Cugat'],182733,1995,False,,0.703,0.42,0.8540000000000001,0.88,122.691
2IAs9HLCelxRy3yUzleOLI,My Shawl (Ombo),['Xavier Cugat'],194067,1995,False,,0.26899999999999996,0.247,0.978,0.273,135.375
7B8m6JRiN1IWa4tM0oplcm,Oye Negra,['Xavier Cugat'],155333,1995,False,,0.57,0.731,0.861,0.868,143.004
6MvSadW5erscbKd9zQiOKw,Walter Winchell Rhumba,['Xavier Cugat'],164467,1995,False,,0.674,0.495,0.877,0.9209999999999999,88.035
7uFyfzEaXDYJFmGZcGnrSP,"You, So It's You",['Xavier Cugat'],183800,1995,False,,0.348,0.19699999999999998,0.977,0.212,130.872
1au8VSVdg3kf8prYDygRPD,Jalousie (Jealousy),['Xavier Cugat'],188893,1995,False,,0.451,0.22899999999999998,0.89,0.67,121.288
4tSEIRr3oxcSDtyyEmy6XO,The Masked One,['Xavier Cugat'],195827,1995,False,,0.58,0.22,0.802,0.752,126.50399999999999
4eFzXmtbeKDy5mKTfWSYz6,Rhumba At The Waldorf,['Xavier Cugat'],178227,1995,False,,0.605,0.502,0.8270000000000001,0.9359999999999999,164.511
4PMSnMVkYIfCaT0yQPa9cG,Miami Beach Rhumba,['Xavier Cugat & His Orchestra'],195493,1995,False,,0.758,0.4920000000000001,0.762,0.825,80.119
0jT1Zus8UiVPbR9bATtgNE,Cuanto Le Gusta,['Xavier Cugat'],152707,1995,False,,0.856,0.534,0.897,0.97,137.511
5SaFDAl37Pf8hFXOJBKlW1,"South America, Take It Away",['Xavier Cugat'],169733,1995,False,,0.5670000000000001,0.27899999999999997,0.948,0.62,74.32600000000002
48ydU13JIPRmsBzb5uDbXC,Waste Away,['Bryan X O'],309067,2012,False,,0.55,0.263,0.9259999999999999,0.35100000000000003,80.672
43ugJy3N6Q7A7EfRsnawKL,Mahal Na Mahal,['Xo Icy'],345037,2016,False,,0.752,0.7020000000000001,0.0998,0.69,136.025
34U3ddBUwjxJ0kvttFYRx5,Tarran Y El Cuinique,['Siglo XX'],333413,2015,False,,0.858,0.591,0.46799999999999997,0.861,106.274
7EFqJ117d5Qw0sLSfHp7O7,Baila Morena,['Siglo XX'],190067,2015,False,,0.782,0.68,0.201,0.9109999999999999,140.231
2BA8cYrMlFwgllu7uJViWv,"Amor, Amor",['Siglo XX'],183040,2015,False,,0.675,0.535,0.276,0.39,97.82700000000001
4OSbXzVkcnCvVBaM3yb9Sv,Fernando Chegue,['Siglo XX'],216467,2015,False,,0.7609999999999999,0.623,0.318,0.898,102.73200000000001
0gsqhIPPVIOgLSOMeiMpQS,Plaza De Domingo,['Siglo XX'],228067,2015,False,,0.7070000000000001,0.687,0.379,0.848,89.484
5gBn9XMyoJg8vh2EvZ8OHE,El Toro Meco,['Siglo XX'],193013,2015,False,,0.7190000000000001,0.978,0.124,0.114,106.175
2obIqr3IfRbGyTIlpflomk,Corrido De Los Perez,['Siglo XX'],220573,2015,False,,0.73,0.512,0.308,0.7490000000000001,99.311
7A3NBZvRkqmR2wmZ4YbQCJ,El Meneito,['Siglo XX'],240747,2015,False,,0.743,0.619,0.0839,0.679,140.47299999999998
7twnKojrmBks6odfHKruKG,Popurri De Boleros,['Siglo XX'],401333,2015,False,,0.524,0.4920000000000001,0.457,0.7090000000000001,99.96700000000001
63NVxvwXK2IBfalwdPYvci,Senora Traficante,['Siglo XX'],285627,2015,False,,0.7709999999999999,0.622,0.139,0.875,115.574
6oiMZABCUC0TffAskgOoOD,Toro Bulero,['Siglo XX'],221120,2015,False,,0.805,0.68,0.282,0.6890000000000001,96.741
5hcdxexyBtCDNw5nzZ9Dt7,Corrido De Los Tapias,['Siglo XX'],335680,2015,False,,0.7859999999999999,0.519,0.4920000000000001,0.9520000000000001,107.39299999999999
7MesllxCfRV5kmzklndIsH,Hari ng Palusot (May Butas Pa) (feat. Xiao Santiago),"['Dello', 'Xiao Santiago']",266467,2014,False,,0.722,0.752,0.519,0.866,172.023
0kfovTF4kiU7zWGKqBQy4j,Fantasia on Greensleeves (arr. for chamber ensemble),"['Anonymous\xa0', 'Ralph Vaughan Williams', 'Philadelphia Brass', 'Peter Richard Conte']",199360,2010,False,,0.0792,0.0285,0.807,0.222,172.331
3Vh66weTnqxQuFstonLVW2,"79 Chorales, Op. 28: No. 51. In Dulci Jubilo (arr. for chamber ensemble)","['Anonymous\xa0', 'Marcel Dupré', 'Philadelphia Brass', 'Peter Richard Conte']",105133,2010,False,,0.19699999999999998,0.0206,0.5660000000000001,0.0535,88.84899999999998
4pHPpO5O4WvrWnGk2JljwD,Stille Nacht (Silent Night) (arr. V. Fox),"['Franz Xaver Gruber', 'Virgil Fox', 'Philadelphia Brass', 'Peter Richard Conte']",329080,2010,False,,0.14400000000000002,0.0377,0.364,0.0394,78.472
3l1yfmUR84vXZ3aLm5PQZV,Til We Die,['Xo Icy'],245010,2016,False,,0.526,0.86,0.0941,0.159,118.84
35FvgZb9bSssLwXKsrDD9L,Magsaya,"['Xo Icy', 'M Lock', 'Lennoj']",266803,2016,False,,0.6920000000000001,0.626,0.645,0.8640000000000001,179.92700000000005
5Sgf1cH45tdzIzjeCVwMbO,Wag Kang Susuko,['Xo Icy'],220026,2016,False,,0.551,0.765,0.56,0.75,80.777
6TDIgcnhG7YJULARgjANQn,Hindi Maramdaman,"['Xo Icy', 'Lennoj']",240039,2016,False,,0.603,0.7709999999999999,0.204,0.493,139.953
7AvNdyKLhiQOZ9wPVeyNFM,Mag Isip Ka,['Xo Icy'],205035,2016,True,,0.71,0.8859999999999999,0.736,0.815,139.95
6QejGbOts1gLYLaeDsiHZj,Binibining H,['Xo Icy'],190763,2016,False,,0.865,0.75,0.187,0.873,89.99700000000001
5rysPzjnfBl0MSvs2zfN9G,Halikana,['Xo Icy'],200000,2016,False,,0.7609999999999999,0.831,0.0663,0.7609999999999999,125.00200000000001
5SRFYI7CpHCsMp1t2sdGCI,Angelus ad virginem,"['Anonymous\xa0', 'Folger Consort']",94773,1986,False,,0.42200000000000004,0.0181,0.982,0.281,88.572
2cFLN1OYuc9nNlBnOiE9Xd,Estampie,"['Anonymous\xa0', 'Folger Consort']",198640,1986,False,,0.527,0.0192,0.9890000000000001,0.664,69.58800000000001
0mwWKAPjLjztrJqeeWj8OE,I have so longe keepe shepe,"['Anonymous\xa0', 'Folger Consort']",54267,1986,False,,0.396,0.0189,0.99,0.907,133.316
3bA2bnLE7l8SaTJrTWJA2U,En l'amoureux vergier,"['Anonymous\xa0', 'Folger Consort']",115067,1986,False,,0.375,0.0123,0.993,0.7440000000000001,101.59899999999999
2wHwjZlHeC9HS1xuQEMTQ1,Orsus vous dormez trop,"['Anonymous\xa0', 'Folger Consort']",171200,1986,False,,0.502,0.034,0.99,0.9470000000000001,132.003
4qVtKMxgLtstbAfknkkUQm,Witches Dance I,"['Anonymous\xa0', 'Folger Consort']",101040,1986,False,,0.414,0.0229,0.9309999999999999,0.8590000000000001,140.268
1vkQOK8KrhalsO17MynvB0,The Willow Song,"['Anonymous\xa0', 'Folger Consort']",128760,1986,False,,0.429,0.033,0.988,0.14400000000000002,81.27
0zbZY3EZBJFdNlzPpDnCyY,Witches Dance II,"['Anonymous\xa0', 'Folger Consort']",96400,1986,False,,0.45899999999999996,0.0196,0.945,0.841,149.088
0OkZp4uBJhayO8SltE6eeQ,Xing Tian,['Daphni'],297098,2017,False,,0.8029999999999999,0.8420000000000001,0.10800000000000001,0.693,125.007
5IWQVmZqV79seaTrCQA0oZ,X - Acoustic,['Poppy'],128067,2019,False,,0.361,0.528,0.743,0.28,168.66299999999995
4Yrcuueq20aUtPrXveROsB,El cervel mi fa nocte i die,"['Anonymous\xa0', 'Barbara Hollinshead', 'Rondinella, La']",128693,1999,False,,0.526,0.114,0.9520000000000001,0.434,107.631
2tuOtqG1QgnI7viVW0EDRC,Xperiences,['Alchemix'],472586,2012,False,,0.6920000000000001,0.588,0.002,0.0632,99.95700000000001
42w0A8xhaOYYmEQrAlAiLm,Dunia dudumizi - Maasai Hip Hop Version,['X Plastaz'],268467,2004,False,,0.713,0.731,0.17300000000000001,0.8240000000000001,180.021
50YqovZiRwQqhFV4cTZMwC,Msimu kwa msimu - Maasai Hip Hop Version,['X Plastaz'],259667,2004,False,,0.57,0.888,0.0886,0.8540000000000001,106.645
3OMs7R2hcpfJ24sb4rpDSw,Wachaga piga chata,['X Plastaz'],214600,2004,False,,0.826,0.7440000000000001,0.379,0.847,95.029
3iXNTzAVIMAqDsiyXQMCKM,Ushanta,['X Plastaz'],311853,2004,False,,0.831,0.552,0.196,0.34700000000000003,91.06700000000001
4mIOqSsE5MxT8lpHN1IAZf,Kutesa kwa zamu,['X Plastaz'],255720,2004,False,,0.871,0.657,0.0892,0.754,99.055
0MmsY7nrPzoGUQvMmYjHCb,Aha!,['X Plastaz'],235480,2004,False,,0.746,0.812,0.408,0.825,197.875
5FQw1UD6VWjDDQxAfIMDHK,Kusanyikeni,['X Plastaz'],265840,2004,False,,0.9109999999999999,0.502,0.195,0.9620000000000001,95.014
1ChLbUu4dIwwlSzBpQD2e6,Haleluya,['X Plastaz'],257040,2004,False,,0.84,0.637,0.261,0.8290000000000001,94.925
0FKgiccS1Ft0oaCpd4R7ST,Not ready - feat. Ommi + Hashim aka Dogo,"['X Plastaz', 'Ommi', 'Hashim']",321493,2004,False,,0.743,0.63,0.0268,0.7879999999999999,94.04799999999999
6GaaqmTGJ1J6YLKmailgel,Bamiza,['X Plastaz'],188240,2004,False,,0.8009999999999999,0.7120000000000001,0.0749,0.8390000000000001,94.01
0lAXYIPQYuT0TWmtcEUOD6,Kitita - feat. Hashim aka Dogo,"['X Plastaz', 'Hashim']",238800,2004,False,,0.826,0.685,0.12300000000000001,0.44799999999999995,91.994
4MTJcyFMfVwAFotDww1551,Shika lako,['X Plastaz'],259960,2004,False,,0.728,0.609,0.0792,0.732,85.863
1Rw0NyKcEWWHYP1kBnopih,Nini dhambi kwa mwenye dhiki?,['X Plastaz'],277507,2004,False,,0.647,0.7,0.409,0.7120000000000001,90.228
6NyPYOR5RtPfAWFxs1pfBB,Xenos,['Blank Banshee'],150336,2016,False,,0.738,0.778,0.0174,0.22399999999999998,119.008
65NGpb99VpDVW2hxMOoqil,X-ALT,['SUUNS'],201893,2018,False,,0.53,0.809,0.303,0.322,130.02
60GsNVZXbjC9Gl5aN2WI7M,Xibalba,['Lunar'],460266,2012,False,,0.78,0.882,0.00106,0.444,135.001
56PzzqEirKVjHZUqsdod6Y,"Final Boss Theme (from ""Sonic Mania"")",['arthur x medic'],268375,2017,False,,0.727,0.555,0.00256,0.187,113.331
1nrNOjJjaMlpHmh5NE3nLC,Mystery Asking Us,['Xpiral'],486667,2012,False,,0.532,0.9570000000000001,8.89e-05,0.7240000000000001,143.999
6x0ckZTQqLUScQ9q7flHTu,Mind Flow,['Xaile'],481667,2013,False,,0.48200000000000004,0.995,0.0011,0.128,144.023
7uTAsvulGAVAyJwAgXUruf,Wild to the Kore,['xKore'],251102,2015,False,,0.6409999999999999,0.768,0.00227,0.0451,140.017
3ukka4lmsKjCV7DXDexzUg,Full Clip,['xKore'],256437,2015,False,,0.737,0.8190000000000001,0.006370000000000001,0.183,140.079
40rko6nTtLStUUIklCqslQ,PULL UP,['xKore'],208674,2015,False,,0.6679999999999999,0.738,0.000192,0.43,174.02900000000002
3Ul0Aat9frMaJUZIc0Dhsm,Go Hard,['xKore'],185355,2015,False,,0.696,0.899,0.0816,0.18600000000000005,140.08100000000002
4DqJwo6jJRm4GkUEaB42kZ,Masdan Mo Ang Kapaligiran,['Xanctuary'],255000,2009,False,,0.317,0.6659999999999999,0.00719,0.53,167.888
3oYdB7R7SgEka5gEr74UVN,X,['SAULT'],84365,2020,False,,0.353,0.113,0.92,0.0885,141.012
5CU7RaRxvItwQizMO1LBfG,"Jouluyo, juhlayo (Silent Night) (arr. for mezzo-soprano, chorus and orchestra)","['Franz Xaver Gruber', 'Yrjö Hjelt', 'Monica Groop', 'Sympaatti Youth Choir', 'Tampere Philharmonic Orchestra', 'Markus Lehtinen']",186173,1995,False,,0.21899999999999997,0.21,0.988,0.0423,77.755
1UOFcuPsGUeTB7QEBYFPDX,Por Los Caminos Del Sur,['Siglo xx'],192600,2016,False,,0.5379999999999999,0.665,0.4,0.965,181.77200000000002
30z7mWd50Dx0T9JecZFiPN,Zihuapoloya,['Siglo xx'],174667,2016,False,,0.467,0.5660000000000001,0.133,0.973,180.395
0DFt2IxhyjlwgmEb2FLCP9,PINKY BABY,['XOX'],178427,2017,False,,0.715,0.809,0.0237,0.9540000000000001,128.024
1a6sTvMHsF1kW4NMrBdNHD,WE ARE,['XOX'],200573,2017,False,,0.748,0.865,0.0443,0.563,113.99600000000001
7BIl7Eg0Rz1XvBpcrcMdUO,PINKY BABY(instrumental) - Instrumental,['XOX'],176667,2017,False,,0.7759999999999999,0.718,0.00132,0.9620000000000001,128.02100000000002
29er2f8sUYs8QiDbRmjM1F,El Son del Toro - Instrumental,"['Trio Xoxocapa', 'Banda De Tlayacapan', 'Mariachi Oro Juvenil', 'Amparo Ochoa']",119213,1991,False,,0.623,0.5539999999999999,0.877,0.9279999999999999,109.5
5SFTZsHW3HdCp9f1zbzitS,Revenge,['XXXTENTACION'],120059,2017,True,,0.708,0.235,0.772,0.16899999999999998,139.998
6eYxmK9fdL4hwLnXG2zY3s,Look At Me!,['XXXTENTACION'],126346,2017,True,,0.763,0.726,0.259,0.349,139.059
5de9Ho64dovuQI8Uhn5gPD,I Don't Wanna Do This Anymore,['XXXTENTACION'],87561,2017,True,,0.433,0.778,0.843,0.764,114.208
1B3TX5FbmcVROMv2riOwyE,Looking for a Star,['XXXTENTACION'],137174,2017,True,,0.915,0.6920000000000001,0.15,0.713,118.98100000000001
1Wh5LO3TWAvaeDrwp4FZgo,King,['XXXTENTACION'],112800,2017,True,,0.42100000000000004,0.154,0.102,0.0949,99.88600000000001
3QVIBuVrIe5IHOZepa7JBZ,Slipknot,"['XXXTENTACION', 'Kin$oul', 'Killstation']",209099,2017,True,,0.44799999999999995,0.541,0.47,0.237,81.92
2ooF4088y5L72c4YTEJQoB,YuNg BrAtZ,['XXXTENTACION'],101851,2017,True,,0.755,0.695,0.0179,0.493,128.063
658I1uDnmLSiltFCf98AWE,RIP Roach,"['XXXTENTACION', 'Ski Mask The Slump God']",169979,2017,True,,0.727,0.62,0.39799999999999996,0.555,105.00299999999999
1DyERcT2i07lYg4EJbJ0mm,Silent Night (Stille Nacht) (arr. M. Sargent),"['Franz Xaver Gruber', 'Sir Malcolm Sargent', 'Dale Warland Singers', 'Dale Warland']",225453,2010,False,,0.17800000000000002,0.0214,0.991,0.0394,78.453
5kiKN6pnOulhcZcpAiCWTr,Fascinating Flora: Ballooning,"['Anonymous\xa0', 'Jerome Kern', 'Anne Sciolla', 'Brian Kovach']",170467,1998,False,,0.499,0.0766,0.98,0.5589999999999999,119.359
4vaC98QH620v8Fepi9rhsL,"Lute Suite in G Minor, BWV 995 (arr. for guitar): I. Prelude","['Anonymous\xa0', 'Johann Sebastian Bach', 'Jason Vieaux']",360347,2009,False,,0.321,0.258,0.991,0.44299999999999995,150.654
6GfF83DchE9jphcnh8k9F7,"Lute Suite in G Minor, BWV 995 (arr. for guitar): II. Allemande","['Anonymous\xa0', 'Johann Sebastian Bach', 'Jason Vieaux']",280947,2009,False,,0.45799999999999996,0.0948,0.9940000000000001,0.37,63.88800000000001
5weeXhLW51Uo1Tpq571QMV,"Lute Suite in G Minor, BWV 995 (arr. for guitar): III. Courante","['Anonymous\xa0', 'Johann Sebastian Bach', 'Jason Vieaux']",145400,2009,False,,0.431,0.261,0.992,0.555,132.02
1Chc2skVr23aylj7Av0Xsu,"Lute Suite in G Minor, BWV 995 (arr. for guitar): IV. Sarabande","['Anonymous\xa0', 'Johann Sebastian Bach', 'Jason Vieaux']",166933,2009,False,,0.39299999999999996,0.008759999999999999,0.995,0.419,95.046
3i07WBJ2riyhSgJqBFAlVL,"Lute Suite in G Minor, BWV 995 (arr. for guitar): V. Gavotte I","['Anonymous\xa0', 'Johann Sebastian Bach', 'Jason Vieaux']",137733,2009,False,,0.485,0.223,0.993,0.62,129.808
1HllBG9iGQwDPAgVTIyXah,"Lute Suite in G Minor, BWV 995 (arr. for guitar): V. Gavotte II","['Anonymous\xa0', 'Johann Sebastian Bach', 'Jason Vieaux']",153520,2009,False,,0.379,0.21600000000000005,0.991,0.56,129.269
4HxBxQ2AaTHaMxLgEn40In,"Lute Suite in G Minor, BWV 995 (arr. for guitar): VI. Gigue","['Anonymous\xa0', 'Johann Sebastian Bach', 'Jason Vieaux']",152533,2009,False,,0.5429999999999999,0.192,0.988,0.598,62.29
1yXFLDsNH0MljuNcKA68sS,"Lute Suite in E Minor, BWV 996 (arr. for guitar): I. Prelude - Presto","['Anonymous\xa0', 'Johann Sebastian Bach', 'Jason Vieaux']",159160,2009,False,,0.387,0.184,0.9940000000000001,0.22899999999999998,155.096
1bvXV0siWNX7l9LWErRiCl,"Lute Suite in E Minor, BWV 996 (arr. for guitar): II. Allemande","['Anonymous\xa0', 'Johann Sebastian Bach', 'Jason Vieaux']",162760,2009,False,,0.315,0.207,0.988,0.446,113.70200000000001
7nTf9b9D41m6QKUz4o16o3,"Lute Suite in E Minor, BWV 996 (arr. for guitar): III. Courante","['Anonymous\xa0', 'Johann Sebastian Bach', 'Jason Vieaux']",111533,2009,False,,0.491,0.192,0.991,0.40299999999999997,110.30799999999999
1HWksSUbky4Yqb0XnDVoyx,"Lute Suite in E Minor, BWV 996 (arr. for guitar): IV. Sarabande","['Anonymous\xa0', 'Johann Sebastian Bach', 'Jason Vieaux']",141307,2009,False,,0.397,0.0657,0.993,0.183,95.81700000000001
6wDbNGpQ71IvF24SoeitJU,"Lute Suite in E Minor, BWV 996 (arr. for guitar): V. Bourree","['Anonymous\xa0', 'Johann Sebastian Bach', 'Jason Vieaux']",83693,2009,False,,0.45299999999999996,0.271,0.991,0.578,71.187
68PAmxWDalavi2hdub6wMb,"Lute Suite in E Minor, BWV 996 (arr. for guitar): VI. Gigue","['Anonymous\xa0', 'Johann Sebastian Bach', 'Jason Vieaux']",150200,2009,False,,0.29100000000000004,0.366,0.9890000000000001,0.789,157.711
62VpKdGyA7OIyUCj3a3LPU,5 in the Morning,['Charli XCX'],169597,2018,True,,0.632,0.743,0.038,0.35700000000000004,108.07700000000001
743BAjD2J8pskuff8fP3Vx,X Playo - Remasterizado 2007,['Soda Stereo'],247827,1995,False,,0.802,0.563,0.919,0.149,193.834
6NWl2m8asvH83xjuXVNsuG,Betrayed,['Lil Xan'],187453,2017,True,,0.823,0.419,0.41600000000000004,0.27699999999999997,119.958
6TOBr82JHl7wXcu00zXqha,Return to Croft Manor,['Junkie XL'],493000,2018,False,,0.0928,0.17300000000000001,0.785,0.0311,169.93900000000005
12M7FMn3ihtTsGfL2YOPWa,Seeking Endurance,['Junkie XL'],69747,2018,False,,0.516,0.27899999999999997,0.43799999999999994,0.0327,169.981
4ueR819vttC6HRf6oIWm9U,The Bag,['Junkie XL'],109280,2018,False,,0.32299999999999995,0.927,0.0108,0.267,140.071
4jhBchVO1tgL16hRnfmOVh,Path of Paternal Secrets,['Junkie XL'],219760,2018,False,,0.14300000000000002,0.28600000000000003,0.789,0.0384,145.36700000000005
1K7m6BmcgpL8REfzbW5fRM,The Devil's Sea,['Junkie XL'],251733,2018,False,,0.221,0.759,0.146,0.0714,159.42700000000005
57eo6RfXuZWCVlGof6TL2u,Let Yamatai Have Her,['Junkie XL'],803747,2018,False,,0.179,0.354,0.321,0.0365,85.8
6MuRemlziZbEZhEowEyGGc,Figure in the Night,['Junkie XL'],255480,2018,False,,0.106,0.342,0.493,0.0367,80.908
3ako5axp5nDbp5KD0d4POK,Remember This,['Junkie XL'],206120,2018,False,,0.152,0.0379,0.978,0.0316,61.776
6dMBfExBWyR5YsgZWcZply,Never Give Up,['Junkie XL'],336493,2018,False,,0.19,0.34700000000000003,0.532,0.0381,155.28
1R0NRX3RedOJwXTP479AcQ,Karakuri Wall,['Junkie XL'],278080,2018,False,,0.11,0.302,0.495,0.037000000000000005,155.05700000000004
1BhnSKfdlkNbuUwcnn9Xcr,What Lies Underneath Yamatai,['Junkie XL'],515093,2018,False,,0.115,0.16399999999999998,0.615,0.033,60.497
1Zjy305x9thgNKrnVViYuS,There's No Time,['Junkie XL'],241933,2018,False,,0.21100000000000002,0.455,0.489,0.0371,126.227
6d5tkGEFumGZS6iD5HEZJI,Becoming the Tomb Raider,['Junkie XL'],435773,2018,False,,0.0804,0.419,0.524,0.0363,80.911
3mYqiAF5Rh5XcnGNfpwb9U,The Croft Legacy,['Junkie XL'],120640,2018,False,,0.27399999999999997,0.297,0.738,0.0397,121.634
5bZeHz2qLcrP0leRQeEYmq,On Top of the World,['Polar X'],232857,2018,False,,0.6459999999999999,0.503,0.0167,0.134,125.98200000000001
2XM7nMto5VouINhDelkP0r,Xul,['Behemoth'],192787,2004,False,,0.33,0.9690000000000001,0.000393,0.141,119.64299999999999
2fu2Jl6cMTOrcTdvpCYbIz,La Llave,['Xiomara Laugart'],355133,2001,False,,0.759,0.364,0.5379999999999999,0.451,89.51100000000002
3CcQv5ZqkpRXXWdpnMYX29,Por Ti,['Xiomara Laugart'],229000,2001,False,,0.696,0.21600000000000005,0.892,0.5770000000000001,99.686
2ZfbUWzV3OoaJpSPetqVon,Tengo,['Xiomara Laugart'],310000,2001,False,,0.662,0.281,0.738,0.32799999999999996,94.93799999999999
15PekM5G9iWjNfe8vBIUH9,De Mis Recuerdos,['Xiomara Laugart'],369000,2001,False,,0.5920000000000001,0.47200000000000003,0.872,0.6829999999999999,100.852
3pixNyakRCheFc63sBx0yH,Soledad,['Xiomara Laugart'],315000,2001,False,,0.7490000000000001,0.344,0.79,0.628,84.475
4dXknZkkfyEiq98PT7QThS,Plazos Traicioneros,['Xiomara Laugart'],166000,2001,False,,0.61,0.0586,0.9059999999999999,0.187,92.637
0RwtbY0iiMabFextrfxI63,Siempre Que Te Vas,['Xiomara Laugart'],331000,2001,False,,0.645,0.44299999999999995,0.706,0.639,151.50799999999995
1B1d6NeTNNZa7TVyFJgnpz,Moliendo Café,['Xiomara Laugart'],253000,2001,False,,0.47,0.4270000000000001,0.7809999999999999,0.7979999999999999,89.90700000000002
3k4orYRjCv0FnIoTaqq50f,La Habana Joven,['Xiomara Laugart'],184000,2001,False,,0.767,0.122,0.8140000000000001,0.158,109.524
20hMqOJs3LOKjL8sUhj8ra,No Creo,['Xiomara Laugart'],208267,2001,False,,0.55,0.0277,0.907,0.35200000000000004,100.693
5coBVo4lFeK49XTArYiJPz,Boys - DROELOE Remix,"['Charli XCX', 'DROELOE']",216000,2017,False,,0.765,0.774,0.0511,0.529,140.018
4HMwwViGzjq4ljvJJmbejx,Boys - Coldabank Remix,"['Charli XCX', 'Coldabank']",236190,2017,False,,0.7040000000000001,0.878,0.00455,0.711,125.98899999999999
7jAz9jcAuBsRxbnUueww9z,Boys - Nevada Remix,"['Charli XCX', 'Nevada']",188813,2017,False,,0.77,0.596,0.153,0.514,140.032
1zDgNgPjksgX95VoKVCwxo,Compound Extraprotus,['X-Altera'],363300,2018,False,,0.5870000000000001,0.8590000000000001,0.297,0.43,141.97899999999996
3pp8GdT5E3xL8AwQgoLPAJ,Check Out the Bass,['X-Altera'],419800,2018,False,,0.41600000000000004,0.877,0.0252,0.0421,143.989
6VDgUQBWC7g0a63NyuGiKf,Pasco Richey Tiger,['X-Altera'],386973,2018,False,,0.615,0.9540000000000001,0.0025800000000000003,0.29600000000000004,142.045
1Bd9jkyMoIVcFSDQjxIsu9,Parallel Rites (Kepler-452b),['X-Altera'],295823,2018,False,,0.669,0.843,0.6809999999999999,0.767,105.005
1wTcjdr1rC2dC2NZvegbFb,In My Life,['X-Altera'],335511,2018,False,,0.622,0.888,0.0245,0.6829999999999999,137.968
2Cg8j71FEdLsZi49IagVPy,Impossible,['X-Altera'],416902,2018,False,,0.6709999999999999,0.9009999999999999,0.000779,0.568,153.977
54eVm239wKNZujh9F26lVW,Holotyd Neo-Optika,['X-Altera'],210258,2018,False,,0.35100000000000003,0.711,0.0473,0.7609999999999999,79.044
4ykgmP7kIBQWbiRjxPif8w,Shoreline (Can't Understand),['X-Altera'],355760,2018,False,,0.604,0.958,0.000342,0.586,149.998
6mKRdLxw9vrXDgvZFnzQGZ,Entry,['X-Altera'],315229,2018,False,,0.535,0.816,0.0135,0.35600000000000004,139.991
2yjIhFTIAqlW2kZzKgaLYJ,Passivity Fields,['X-Altera'],300800,2018,False,,0.58,0.9670000000000001,0.0068,0.8190000000000001,149.994
54uor3H258Doe4Zx1FCyk2,Link Stratum of Archipelagos - Bonus Track,['X-Altera'],403862,2018,False,,0.507,0.87,0.000305,0.643,144.982
3GyIYfY9CWUPseeb8iBDaL,Just Kickin' It,['Xscape'],204613,2013,True,,0.69,0.598,0.0658,0.726,81.164
3GNWf4hu9F7BRy4FjAM4Ji,NRA Go Away,['Songwriter X and the Skeleton Band'],197355,2018,False,,0.447,0.677,0.008320000000000001,0.5479999999999999,81.52600000000002
6UDZdxfdM22A5g4GgPN8sT,Cortex X,['Cortex'],67640,2012,False,,0.48700000000000004,0.165,0.937,0.0359,117.829
1LSjXi94sSN2daYFltyZAo,"A cheval, tout homme a cheval","['Anonymous\xa0', 'Ciaramella']",137480,2011,False,,0.534,0.0731,0.961,0.37,103.53399999999999
45nhV17h4VL8buNy97dpBj,Je suis d'Alemagne,"['Anonymous\xa0', 'Ciaramella']",155419,2011,False,,0.36200000000000004,0.0544,0.977,0.35,108.63799999999999
3RWftrsUIXdZPSephHaaiQ,Roti boully ioyeulx (arr. A.K. Gilbert),"['Anonymous\xa0', 'Adam Knight Gilbert', 'Ciaramella']",122032,2011,False,,0.49,0.35600000000000004,0.0416,0.28800000000000003,126.08200000000001
4LfYCifPQ3MLQd8rQLvE4v,De nachtigaal die zank een lied - La franchoise nouvelle,"['Anonymous\xa0', 'Ciaramella']",254293,2011,False,,0.25,0.24100000000000002,0.0333,0.114,125.064
06DQUpfgaBI63Ukn9UrbIV,J'ay pris amours,"['Anonymous\xa0', 'Ciaramella']",125263,2011,False,,0.17,0.0364,0.995,0.27899999999999997,62.606
7lSjEdGkKEndDX2mXarXWt,"Stille Nacht, heilige Nacht","['Franz Xaver Gruber', 'Joseph Mohr', ""Vienna Boys' Choir"", 'Hans Gillesberger']",213160,1990,False,,0.187,0.0706,0.956,0.187,174.732
3K4PwpXAXnG4eW82KG8UY7,Heretic,['Oli XL'],257469,2017,False,,0.222,0.226,0.747,0.10800000000000001,75.482
39wcGkra9uRkgkeiCOPB79,Xale Bile,['Africando'],337267,1994,False,,0.7120000000000001,0.273,0.51,0.595,91.325
1QIOhbl9tKlkcm8t60QyMt,Ashes,['Trinity Xperiment'],637093,2009,False,,0.48100000000000004,0.843,0.141,0.23,159.838
2UX25fJGPvhIBC3JsiVwV6,Visions Of Fire,['Trinity Xperiment'],508400,2009,False,,0.408,0.915,0.0128,0.139,100.035
3RrxfgAkaqlGOPl2kr8aOb,Dou Two,['Trinity Xperiment'],208720,2009,False,,0.304,0.19,0.991,0.0382,79.29
4BKi1lOCC5VHGOwfiMEUwt,Two Idiots,['Trinity Xperiment'],36640,2009,False,,0.344,0.426,0.995,0.48200000000000004,78.903
3prkx9pMjYEDeI5m7VDxl8,"Steal It Again, Dan",['Trinity Xperiment'],604813,2009,False,,0.738,0.6990000000000001,0.162,0.5720000000000001,123.01100000000001
6emilvbm44qLtfzpm5cPVC,Dark Water Turning Blue,['Trinity Xperiment'],450693,2009,False,,0.32799999999999996,0.248,0.929,0.1,77.399
2nWSehQPQ1uuye3FpY6nXY,Honeymoon On Mars,['Trinity Xperiment'],64427,2009,False,,0.318,0.6679999999999999,0.606,0.0342,149.204
4ZfW5hVoWppbXtiRmhipnP,Good Bye Joe,['Trinity Xperiment'],215840,2009,False,,0.45299999999999996,0.252,0.981,0.17,96.31299999999999
1USR0jcUtCMTNtXjcF69vT,7 Doors,['Trinity Xperiment'],783493,2009,False,,0.391,0.6990000000000001,0.35200000000000004,0.203,159.984
6QRl3kEc825KC7bI0mS4Jb,Weather Is Changing,['Trinity Xperiment'],476400,2009,False,,0.6679999999999999,0.9279999999999999,0.55,0.575,110.007
3mRyiaUserDPIVmdNaP6Bi,Fish Leaving Water,['Trinity Xperiment'],80973,2009,False,,0.355,0.0448,0.991,0.0254,111.62700000000001
44X69Al2bQbDw5psFej2yw,LÃ¡rÃ­n an Ghearaltaigh,"[""M.Ã\x93'SÃºilleabhÃ¡in"", 'NÃ³irÃ\xadn NÃ\xad Riain', 'Don Campbell']",125307,2011,False,,0.248,0.0787,0.993,0.0737,81.625
6zP0N4moIKjEBFvztP88DR,Intro,['Chloe x Halle'],28067,2020,False,,0.439,0.0731,0.9229999999999999,0.611,103.01700000000001
0qU3XhIH9xczYPUWV6OopS,Forgive Me,['Chloe x Halle'],157867,2020,True,,0.7070000000000001,0.6509999999999999,0.0406,0.562,137.017
1AYn4YyxEF0SR3fGr6x7KN,Baby Girl,['Chloe x Halle'],212373,2020,False,,0.684,0.473,0.00449,0.299,81.00399999999998
2mE9iW3E4iteXrrWneOYsT,Do It,['Chloe x Halle'],176787,2020,False,,0.701,0.6679999999999999,0.0916,0.5529999999999999,82.978
5GXuUITCCWAG4h8ABnQ8ve,Tipsy,['Chloe x Halle'],152880,2020,True,,0.8170000000000001,0.608,0.0315,0.667,136.959
0JLcFGzhW8cs2H6AwQFSzC,Ungodly Hour,['Chloe x Halle'],255893,2020,False,,0.7040000000000001,0.679,0.14300000000000002,0.16399999999999998,105.014
31iu7QBaScWz35mRDeFmI1,Busy Boy,['Chloe x Halle'],189613,2020,False,,0.772,0.655,0.0334,0.353,90.00299999999999
2RIwyaOBDgvnr2NsgCEPTO,Catch Up (feat. Mike WiLL Made-It),"['Chloe x Halle', 'Swae Lee', 'Mike WiLL Made-It']",184493,2020,True,,0.816,0.5710000000000001,0.48100000000000004,0.541,105.02600000000001
69YtbnALqh0dhXeyJe1WO0,Overwhelmed,['Chloe x Halle'],52267,2020,False,,0.41,0.215,0.898,0.609,83.49799999999998
7zzFMgUlCC0ZUQGXkf6t1B,Lonely,['Chloe x Halle'],195427,2020,False,,0.8190000000000001,0.38799999999999996,0.159,0.24100000000000002,94.984
1osZ4ByxDPk5JbUqnyBJ1v,Don't Make It Harder On Me,['Chloe x Halle'],215067,2020,False,,0.522,0.754,0.107,0.545,164.00900000000001
4keqQBiftWkXbPOSsjK7EH,Wonder What She Thinks of Me,['Chloe x Halle'],211587,2020,False,,0.562,0.536,0.331,0.278,125.30799999999999
1C6ABWzxA5DBUpbTxNyTyB,ROYL,['Chloe x Halle'],204827,2020,False,,0.6629999999999999,0.6890000000000001,0.348,0.59,149.96
5gKsFQEvOKuRVN6WUBlHX1,The Darkness,['Xilent'],265600,2019,False,,0.57,0.745,0.0602,0.373,149.894
3VAeoB9S9YZ6l80N20l0tb,X-Rated-Eye,['Urbanature'],278040,1998,False,,0.45299999999999996,0.892,4.23e-05,0.32,160.026
1iQa9LBcv1Z7DduVXP4R0Q,X-Naut Base,['Doni'],272640,2012,False,,0.687,0.9309999999999999,0.0325,0.245,122.99600000000001
1cPLFxeS0jQ8GtybXSQlvw,How We Become Ephemeral Birds,['Xaon'],286400,2016,False,,0.3670000000000001,0.987,3.93e-06,0.243,150.05
0pjd4i65Mi2s9Y2CRJPIHk,Discrowned,['Xaon'],344000,2016,False,,0.153,0.965,0.000118,0.0883,99.76100000000001
0RwCfRzCTXFOXIuF3isefl,The Soulcleaner,['Xaon'],280800,2016,False,,0.267,0.9890000000000001,3.79e-06,0.22899999999999998,99.904
2cClZ9pbi0eW2UdBbrz5ZB,Veins Like Burned Trees,['Xaon'],354000,2016,False,,0.39,0.9470000000000001,0.0007070000000000001,0.0395,99.954
4b13mgHq4yQcibpktd1g1e,When the Everlasting Gardens Die Away,['Xaon'],314400,2016,False,,0.38,0.8029999999999999,0.000889,0.317,120.51100000000001
2RzA9LkeBJ9WYlUq1Kr90e,Time Reverse - Power Mix,['Xerox On Maskalin'],440787,2003,False,,0.685,0.9690000000000001,0.00492,0.142,145.003
56mCGN7S1druROilPGNe3R,Focus,['Charli XCX'],202153,2018,False,,0.856,0.598,0.125,0.35200000000000004,122.005
4neipBD8hA1q2g1FS9hgAC,No Angel,['Charli XCX'],186694,2018,True,,0.746,0.711,0.0182,0.517,98.03200000000001
5JJswMcxBQxDePgXBtfOQH,Final Chapter - Original Mix,['Xanwow'],399120,2015,False,,0.74,0.5539999999999999,0.0124,0.298,130.006
32byc5ZxirIe9F8NZpdS40,Overdrive - Original Mix,['Xanwow'],292524,2015,False,,0.738,0.755,0.414,0.105,127.993
0pego7dKfQBXPe4CdN84ca,Utopia,['Xan Griffin'],301897,2016,False,,0.496,0.77,0.19,0.172,132.063
3SSeqI2vrTTnQQgfb3zITN,Capricorn,"['Xan Griffin', 'WOLFE']",262187,2018,False,,0.415,0.775,0.0144,0.0696,97.387
0gFsPnGBwn6wZfTbuUNZUm,Aquarius,['Xan Griffin'],254221,2018,False,,0.20199999999999999,0.526,0.00921,0.0356,65.925
1rVYJMGey3MZapQwCx6xXn,Aries,['Xan Griffin'],234866,2018,False,,0.606,0.8220000000000001,0.00182,0.159,142.061
7CwbyTlTNFl9UVmV8pIR18,Cancer,"['Xan Griffin', 'Emilia Ali']",255497,2017,False,,0.6990000000000001,0.43,0.534,0.10300000000000001,93.03399999999999
29LTsmueR9MmCAYDwsVPH4,Leo (feat. NÉONHÈART),"['Xan Griffin', 'NÉONHÈART']",296012,2017,False,,0.473,0.525,0.0114,0.157,74.961
3uDmTFuF0uWcwM1mQIfRX1,Libra,"['Xan Griffin', 'Koo Read']",247196,2017,False,,0.62,0.8220000000000001,0.000261,0.382,100.03
2tPh2McjzwK92SmZN2n8nM,Pisces,"['Xan Griffin', 'Lilianna Wilde']",331232,2018,False,,0.505,0.46299999999999997,0.677,0.13,149.872
7lLDlBSmmLxRdRmlf1HCHO,Sagittarius,"['Xan Griffin', 'Alexa Lusader']",225438,2017,False,,0.225,0.41,0.0705,0.0689,134.049
3gX8qJCQbpA29vBvvAKaqh,Scorpio,"['Xan Griffin', 'Romy Wave']",288871,2017,False,,0.332,0.581,0.0964,0.10800000000000001,74.979
2CzZMY4809a7qFJM19VHKO,U Remind Me,"['Xan Griffin', 'Anuka']",284400,2016,False,,0.5,0.731,0.0146,0.54,145.994
7JfS856UrLMzNGXXegPPzJ,Taurus,"['Xan Griffin', 'Tedy']",183179,2018,False,,0.38,0.585,0.44299999999999995,0.128,115.73700000000001
4kR9wpwM0AMHnLXesuY1AR,Virgo,"['Xan Griffin', 'Yves Naia']",230451,2017,False,,0.649,0.544,0.34,0.325,139.94899999999998
2zezsE6ex94HVxOLus7GPc,Colors (Xan Griffin Remix) [feat. Jackie Rain],"['Minnesota', 'Xan Griffin', 'Jackie Rain']",240000,2016,False,,0.461,0.674,0.146,0.11599999999999999,139.954
1uKdbsyhNB1kyK7g52f9ct,X-Communicate,['Kristin Kontrol'],231080,2016,False,,0.621,0.9079999999999999,0.0218,0.526,124.008
2BWvJSz63O94QBBQyHwW0Q,"Herz und Mund und Tat und Leben, BWV 147: Jesu, Joy of Man's Desiring (arr. for organ)","['Anonymous\xa0', 'Johann Sebastian Bach', 'Fenner Douglass']",208600,2010,False,,0.19399999999999998,0.0195,0.9470000000000001,0.113,63.5
7oHtWgdWdcGNTzngM3frCq,"Fauxbourdons [from the court music of Carlos V, 16th Century]","['Anonymous\xa0', 'Fenner Douglass']",185000,2010,False,,0.16399999999999998,0.12,0.9790000000000001,0.155,75.34
6QJeaiOTj8UgYKVXWNt2d9,TripleAAA!,"['ReptileLegit', 'Xan Helsing']",147775,2019,True,,0.868,0.7909999999999999,0.0737,0.845,155.952
4NooKuejRBER68JKFrhfhM,X-Files Theme,['Deviousness'],205278,2018,False,,0.515,0.18600000000000005,0.281,0.256,117.015
4kwFB90FyanSgyckgRUL08,You Rise,['Xilent'],273200,2019,False,,0.508,0.879,0.0022600000000000003,0.39399999999999996,150.007
2LI1rQaJdFjLK2QZR2z4Wb,Gemini (feat. WILD),"['Xan Griffin', 'WILD']",259574,2017,False,,0.39799999999999996,0.737,0.00244,0.34299999999999997,169.93
1mPuNGSvCQjdAw8wnT1d17,Morte Aeterna,['Xtortion Audio'],173465,2015,False,,0.293,0.302,0.225,0.0378,76.78399999999998
1Tvam1tG72I2vRMXXat87f,Sovereign,['Xtortion Audio'],136001,2015,False,,0.40700000000000003,0.552,0.262,0.0539,98.075
0s63jSw4wUxiTIUdqK1Xx2,Tourniquet,['Xtortion Audio'],133086,2015,False,,0.466,0.924,0.00023700000000000001,0.649,130.03
7GO4DRTvMmhmgErrVlq9uZ,Bittersweet Victory,['Xtortion Audio'],123591,2015,False,,0.439,0.598,0.0972,0.353,80.016
33Ymsnk518Nf6jLNaY1Q3o,God of Lies,['Xtortion Audio'],104747,2015,False,,0.498,0.46,0.0946,0.157,85.015
55zcZjvi3AEwk1HAs5hZlp,I Am the One,['Xtortion Audio'],149351,2015,False,,0.521,0.557,0.0408,0.0816,129.952
5bHeDtScyfUej7Alk8iEcs,Breach of Trust,['Xtortion Audio'],162667,2015,False,,0.441,0.574,0.037000000000000005,0.0756,89.96
4x92MgTXeVTjr2KQ8nk3GR,Lament,['Xtortion Audio'],141058,2015,False,,0.0717,0.184,0.593,0.0358,57.105
5wmT0O0DzJPTKpb5zBpKvi,Shadows and Conspiracy,['Xtortion Audio'],149538,2015,False,,0.456,0.526,0.498,0.0918,129.965
2ogEKuAK3dwrADNiRu3j7c,Ministry,['Xtortion Audio'],114783,2015,False,,0.276,0.392,0.00248,0.0551,89.01
00YlWypAsadRImbjMn6sPo,Enemy of My Enemy,['Xtortion Audio'],165956,2015,False,,0.28600000000000003,0.6509999999999999,0.106,0.0497,120.87
1sZV8Bvx4kGxSkHlzP2fYX,The News Is Not So Good,['Xtortion Audio'],117250,2015,False,,0.298,0.49,0.349,0.281,142.954
2joNJzqJkpOGHyweYCLth9,Pressure,['Xtortion Audio'],163981,2015,False,,0.5579999999999999,0.6890000000000001,0.021,0.391,103.99799999999999
6i78o1IzBs0WTivX5FJcNl,Zeus,['Xtortion Audio'],122762,2015,False,,0.297,0.662,0.46,0.303,143.763
0lozhkU9oIAPMRXLoKSNaR,Six Speeds of Hell,['Xtortion Audio'],142851,2015,False,,0.519,0.5,0.182,0.0299,88.04299999999998
122q4nI6ZsG02NjesvRcXm,Fall of a Legend,['Xtortion Audio'],159684,2015,False,,0.387,0.368,0.00349,0.0375,86.546
6mOkBiE5bquSPlSgdL8TnZ,Resurgence,['Xtortion Audio'],185897,2015,False,,0.28,0.40700000000000003,0.00117,0.0383,107.852
40Xj5LX8st80M5oJyvai6u,Pull Through,['Xtortion Audio'],125434,2015,False,,0.314,0.449,0.14,0.21100000000000002,135.952
4svS9RL1oeLFO9tPTJrVRQ,Upon This Soil,['Xtortion Audio'],160710,2015,False,,0.157,0.22399999999999998,0.358,0.0685,134.267
479Iv7sR3la1LTCIrzUaWb,Solace,['Xtortion Audio'],131814,2015,False,,0.26,0.39399999999999996,0.0539,0.0623,139.892
5CZ7kCigWanm050xt18zs0,Callous,['Xtortion Audio'],120410,2017,False,,0.4920000000000001,0.6970000000000001,0.008490000000000001,0.263,139.936
4r7hQ1VvKJ853gMxFgfOsI,Bones,['Xtortion Audio'],130537,2017,False,,0.517,0.4270000000000001,0.00412,0.11199999999999999,109.99799999999999
2PxRI4J6raau8uoEYE9ARD,Frayed Ends,['Xtortion Audio'],78135,2017,False,,0.348,0.9390000000000001,2.95e-06,0.636,195.041
3Udb4ag9il1jNko9apVDtz,D3vil,['Xtortion Audio'],85156,2017,False,,0.439,0.976,3.4200000000000005e-05,0.134,79.98100000000002
3rsOEaFXzxhieBazGAg47S,The Truth,['Xtortion Audio'],143500,2017,False,,0.425,0.818,2.9600000000000005e-05,0.136,120.00299999999999
5NknJ6VBk2LjwoactIWczn,Execute,['Xtortion Audio'],71459,2017,False,,0.371,0.978,0.000213,0.223,80.01100000000002
0pPmcWxIelLAMRivzUp117,Carbine,['Xtortion Audio'],91666,2017,False,,0.409,0.892,0.000207,0.0747,84.05
4MDhuWE7iedYPQJjXAQYgj,Disorder,['Xtortion Audio'],126833,2017,False,,0.555,0.737,3.82e-05,0.301,94.057
2lFpsDLahW88tfS3nfW60f,For Hell's Sake,['Xtortion Audio'],114861,2017,False,,0.597,0.812,0.00010400000000000001,0.693,120.027
5mTTU1ewkZZEc6l4QFRc4f,More Than a Flesh Wound,['Xtortion Audio'],105034,2017,False,,0.457,0.8909999999999999,1.28e-06,0.456,100.006
0CodAANj0ijmx5vH7cEcU2,Punisher,['Xtortion Audio'],60557,2017,False,,0.433,0.787,0.000325,0.0625,99.59700000000001
3n1uMKHBUybfNALW4Mq4ay,Degenerate,['Xtortion Audio'],122277,2017,False,,0.56,0.92,0.00203,0.21899999999999997,140.108
3E5rLGbJvTnALuV5R1Hnjo,Watch the World Burn,['Xtortion Audio'],117398,2017,False,,0.374,0.39,0.0638,0.0521,94.962
44go4lXs5zi195KlnYeF5B,Relic,['Xtortion Audio'],97996,2017,False,,0.375,0.958,1.53e-06,0.33399999999999996,132.046
7eA5sCluGgUjLXnRzS424J,Withdrawal,['Xtortion Audio'],105209,2017,False,,0.4970000000000001,0.52,0.00288,0.38,136.033
2XAmKkLSDjhpKNDlT97Afe,Harvester,['Xtortion Audio'],94791,2017,False,,0.514,0.735,0.000244,0.514,95.025
3esmYvOnDz0Uxv4SfL4Fwh,The Lie,['Xtortion Audio'],188825,2017,False,,0.5329999999999999,0.769,0.00985,0.17800000000000002,116.99700000000001
5R8tYIoLiJGKR2DPW6jmwM,Bomb Raider,['Xtortion Audio'],146432,2017,False,,0.479,0.8140000000000001,0.00039,0.221,102.00299999999999
4n5om0qeQRJ5HXTDu4ebN8,Clone Attack,['Xtortion Audio'],103637,2017,False,,0.629,0.701,0.000977,0.077,124.969
2zpV3OToghexFhl8nsuzgW,Grozilla,['Xtortion Audio'],103456,2017,False,,0.64,0.741,0.00813,0.43,108.012
7nQVukxdjAh9PkZr7oHq5R,Mad Impact,['Xtortion Audio'],130037,2017,False,,0.48200000000000004,0.815,0.000892,0.201,174.018
6LuAt5RV8oa8ZFzAKXIlRF,Lights Out,['Xtortion Audio'],106784,2017,False,,0.516,0.94,0.00020299999999999997,0.22,139.995
1IFWZkejZlYegBe0kcOwI2,Heavy Dust,['Xtortion Audio'],102517,2017,False,,0.629,0.797,0.0045,0.325,140.009
5QMhWbHZOpqnawtZTJYtpg,Terror Unit,['Xtortion Audio'],111893,2017,False,,0.473,0.89,0.00043099999999999996,0.275,140.064
3lamsN08Y7GzMEaigHDHXF,Chase the Beast,['Xtortion Audio'],102357,2017,False,,0.629,0.753,0.0414,0.136,120.029
7IDdAZ6Q6xGD4yUKCxgQDy,Take Aim,['Xtortion Audio'],96683,2017,False,,0.6,0.945,0.107,0.0785,159.935
22bymJ1itYVb2k0DfMaZ2j,War Head,['Xtortion Audio'],87680,2017,False,,0.6629999999999999,0.8340000000000001,0.00998,0.0994,120.01899999999999
4S855zQyB7U345dn4mmmMQ,Hyper Sonic Power,['Xtortion Audio'],93141,2017,False,,0.619,0.885,0.08900000000000001,0.155,120.065
0oUGAXLGRRUt4FqM7DtjcQ,Knock Out,['Xtortion Audio'],107563,2017,False,,0.617,0.9259999999999999,0.0257,0.302,160.014
6oYD5UFXF8yZwYowyxW5L7,Valor and Glory,['Xtortion Audio'],133749,2018,False,,0.473,0.78,0.000701,0.139,140.019
4HENY9oqNsGwd89FVJwRJQ,Parallax,['Xtortion Audio'],171659,2018,False,,0.59,0.685,0.000759,0.0333,119.995
0MykqtDNSDSxZ6HGy8H92M,Dissolute,['Xtortion Audio'],127040,2018,False,,0.29,0.852,4.52e-05,0.0394,195.105
25ysreMOxSxSOzDBf4sLPL,The Divided Mind,['Xtortion Audio'],130176,2018,False,,0.5660000000000001,0.746,0.00010700000000000001,0.038,141.929
1CBDpjzazZTLfKQVRbgKih,Only Ruins Remain,['Xtortion Audio'],152160,2018,False,,0.563,0.938,0.00396,0.04,127.99700000000001
7DkiuCyHNfdlwzjwcSLXkI,Rot,['Xtortion Audio'],118411,2018,False,,0.531,0.295,0.0105,0.177,124.022
0zBLUVNJhF5O5VAcbQklWn,Iron Temple,['Xtortion Audio'],164683,2018,False,,0.584,0.701,0.00038500000000000003,0.0467,109.993
2yJ7k5CvrEWL91PSx1viDU,Beyond the Frontier,['Xtortion Audio'],155413,2018,False,,0.385,0.457,0.00032,0.0779,139.987
0ultFCqyJssoocQINoe7vn,Aether,['Xtortion Audio'],194144,2018,False,,0.5429999999999999,0.8009999999999999,0.000563,0.0442,120.031
3EAFuRorezr3J8Vc1e6J0o,Injustice for All,['Xtortion Audio'],156405,2018,False,,0.467,0.565,0.000436,0.0377,96.98100000000001
1jtwKQvHfIA077RmLMcUe9,Frantic,['Xtortion Audio'],158279,2020,False,,0.4,0.713,0.10300000000000001,0.0755,124.823
5lmr0iGkx7K10XB4zrdjP3,Into The Apocalypse,['Xtortion Audio'],139895,2020,False,,0.546,0.56,0.0592,0.0441,120.059
6dhZW8n37lVJaDxkfpzlBu,Defenders Rising,['Xtortion Audio'],133790,2020,False,,0.494,0.631,0.259,0.10300000000000001,136.028
572rEkGGiZafi8L6BiaSRi,War March,['Xtortion Audio'],149309,2020,False,,0.278,0.726,0.0422,0.083,69.039
6PVleF90INeubqE92urCGE,Timebomb,['Xtortion Audio'],142000,2020,False,,0.535,0.856,0.00145,0.14300000000000002,120.01299999999999
4QQDToMbYycb18klxQ4BsN,Slash Panic,['Xtortion Audio'],154969,2020,False,,0.503,0.84,0.0259,0.0582,93.962
0LB2A0oxCStP9HcRavfljr,Descap,['XDB'],603307,2007,False,,0.6970000000000001,0.9159999999999999,5.920000000000001e-05,0.8220000000000001,124.999
1opflVmvhPrtjPKMjSp1kd,Descap Live,['XDB'],508493,2007,False,,0.6940000000000001,0.653,0.0758,0.848,124.977
0f1WBj8I1u9sO7478xPIT6,XTC,['LIZ'],203359,2013,False,,0.619,0.865,0.289,0.677,125.37700000000001
7jspeyAKVWaBYvPGPe6u46,Girls Night Out,['Charli XCX'],221280,2018,False,,0.8,0.7559999999999999,0.00101,0.89,124.999
4HjtHraeKy5wA4DA9o92HZ,Backseat (feat. Carly Rae Jepsen),"['Charli XCX', 'Carly Rae Jepsen']",238093,2017,False,,0.626,0.607,0.247,0.33899999999999997,120.04
2khkbmL11VFqKGMrcGIJB3,Out of My Head (feat. Tove Lo and ALMA),"['Charli XCX', 'Tove Lo', 'ALMA']",235737,2017,True,,0.851,0.7090000000000001,0.0736,0.42,116.46700000000001
4fSHrm2WrIZmtYMXQq0YwI,Lucky,['Charli XCX'],215600,2017,False,,0.193,0.335,0.632,0.0621,79.165
64xw3gXNMWv4wNXjF6tnXr,Tears (feat. Caroline Polachek),"['Charli XCX', 'Caroline Polachek']",253960,2017,False,,0.434,0.713,0.0554,0.15,127.721
7tjQl5EC72HBJRAKxP3Bvm,"I Got It (feat. Brooke Candy, CupcakKe and Pabllo Vittar)","['Charli XCX', 'cupcakKe', 'Pabllo Vittar', 'Brooke Candy']",231573,2017,True,,0.8290000000000001,0.598,0.21899999999999997,0.6509999999999999,141.90200000000004
1qZuf7zgRHKgfSijGm2CTy,Femmebot (feat. Dorian Electra and Mykki Blanco),"['Charli XCX', 'Dorian Electra', 'Mykki Blanco']",218253,2017,True,,0.742,0.6559999999999999,0.0984,0.8740000000000001,129.946
740PUPhgdtWhxGYbQzM3do,Delicious (feat. Tommy Cash),"['Charli XCX', 'Tommy Cash']",272707,2017,True,,0.455,0.642,0.222,0.243,142.013
3qGHAKgjQruzj6doKkyEb5,Unlock It (feat. Kim Petras and Jay Park),"['Charli XCX', 'Kim Petras', 'Jay Park']",232933,2017,True,,0.504,0.711,0.0585,0.5,134.82399999999998
5cAokEuetqzaLMxhtQl4h2,Porsche (feat. MØ),"['Charli XCX', 'MØ']",206787,2017,False,,0.847,0.48,0.0729,0.48100000000000004,144.946
4t9PBD27dndlf6YMBK2ROc,Track 10,['Charli XCX'],326907,2017,True,,0.64,0.652,0.212,0.273,100.065
3SojCoNyZujovMvr429BEO,X. - Live,['Secret Sphere'],309893,2016,False,,0.271,0.958,8.159999999999999e-05,0.23600000000000002,110.196
3yzA1P0NyDFcQdCRqYyScs,"""X"" Marks The Spot",['Swashbuckle'],167067,2006,False,,0.507,0.968,0.000271,0.4,107.492
0pKdoAReD0n40VgOv4hOEs,Enjoy the Silence,['Studio X'],238090,2019,False,,0.716,0.626,0.000643,0.271,125.012
0u5x5vUmWRGski3QRjeQeA,Aspaklaria,['Jarmila Xymena Gorna'],323693,2018,False,,0.41600000000000004,0.639,0.17,0.32299999999999995,93.152
0deWuNvAHPmqJC6lbfL57s,Neuro Alien,['Jarmila Xymena Gorna'],209733,2018,False,,0.518,0.7,0.0212,0.504,165.835
46i150V9SgKEPXMgYtcPjV,Only You,['Jarmila Xymena Gorna'],336067,2018,False,,0.491,0.598,0.0598,0.342,140.039
2RI48Eq9nFpDNa7ckyLEzb,Forgiveness,['Jarmila Xymena Gorna'],222893,2018,False,,0.28300000000000003,0.623,0.0584,0.0858,140.047
5Kf7YCOdsjluCtArYXllap,Faith,['Jarmila Xymena Gorna'],349893,2018,False,,0.389,0.512,0.251,0.19,80.014
2tpAfZXaW47QsnMfAKF3BX,I Hmm You,['Jarmila Xymena Gorna'],312013,2018,False,,0.544,0.5379999999999999,0.228,0.297,84.955
2YUiszNoCdIkhJUZAaWDkD,Three Gorgeous Years,['Jarmila Xymena Gorna'],238107,2018,False,,0.436,0.449,0.539,0.138,89.95700000000002
71a8XDLFv9zPiUcr673CZD,Black Dog,['Jarmila Xymena Gorna'],314880,2018,False,,0.361,0.5710000000000001,0.268,0.486,75.906
6fhhV0VhYNQQhsYKkPKdZl,My Self,['Jarmila Xymena Gorna'],280067,2018,False,,0.397,0.249,0.82,0.12300000000000001,120.414
5DSevaol2601UfNPvzAQlF,A Dance,['Jarmila Xymena Gorna'],192120,2018,False,,0.319,0.242,0.857,0.174,140.458
7A70HBS8QAAv2ZBbc8XVJA,In The Rain,['Xscape'],314640,1997,False,,0.574,0.5579999999999999,0.131,0.514,142.069
2vWXznMSZSwiihuDWq5sJ2,Take Me to the Mall,['Xtaci'],212000,2006,True,,0.434,0.753,0.0169,0.359,98.684
3NN7IR3c9Qx1emPgU6rcAv,Who You Callin a Bitch (feat. Big Kuntry King),"['Xtaci', 'Big Kuntry King']",230200,2006,True,,0.7120000000000001,0.898,0.00131,0.5529999999999999,142.06
4zIkCPIXjmzK6lZZSpJLeS,Product - Cutoff: Sky Mix,['XMH'],266400,2015,False,,0.537,0.977,8.75e-05,0.33899999999999997,145.02100000000004
54HaTCqxBYj7DtRljbuoVH,Take Flight,"['Studio X', 'Simon Carter']",295682,2015,False,,0.5379999999999999,0.877,0.0631,0.773,183.959
1jbnTVsYer5Jj13qeGuGQz,The Source of Energy,"['Studio X', 'Michael Tellinger']",326719,2015,False,,0.541,0.982,0.000714,0.146,159.97299999999996
4Il330n53GprIcAO2GzwTN,Cross You Out (feat. Sky Ferreira),"['Charli XCX', 'Sky Ferreira']",208387,2019,False,,0.604,0.4920000000000001,0.007490000000000002,0.385,121.125
2lfwQBPybzw81KPFkkQS6J,For a While,"['Charlie', 'xia']",140400,2020,False,,0.684,0.363,0.813,0.348,100.02799999999999
0stqKdA28s2mbW7z0yti9d,Astrolinguistics,['Xpiral'],457154,2010,False,,0.635,0.998,0.00307,0.604,145.029
7xcZLVXcttENh1GZT05cck,Techno Baby (I Really Wanna Dance!),"['XS Project', 'GSPD']",196800,2018,False,,0.7040000000000001,0.884,0.00944,0.7859999999999999,149.997
3Hrj7W1GcCV3AbB8uJ7UMs,Metastaseis,"['Iannis Xenakis', 'Orchestra Sinfonica Nazionale della RAI di Torino', 'Arturo Tamayo']",386879,2017,False,,0.221,0.185,0.375,0.0631,138.282
66SCrumTYuOWClT66Ci63W,Terretektorh,"['Iannis Xenakis', 'Hague Residentie Orchestra', 'Arturo Tamayo']",890966,2017,False,,0.214,0.462,0.0315,0.0373,127.602
0J2etwoRJ4SLhNfDYWo3mo,Find Me (Intro),['XXXTENTACION'],176067,2017,True,,0.705,0.289,0.8859999999999999,0.7609999999999999,119.985
0GRmh4ZlobfhvDE9L4CbOs,Off the Wall!,"['XXXTENTACION', 'Ski Mask The Slump God']",203494,2017,True,,0.8340000000000001,0.374,0.12300000000000001,0.545,140.001
79R3qLqdbwUSYWX4cEOpbJ,What in XXXTarnation,"['XXXTENTACION', 'Ski Mask The Slump God']",164521,2017,True,,0.862,0.6,0.16,0.433,119.072
4zIMuGSdbGTahvHB7CloVR,Wassup Bro!,['Craig Xen'],137107,2017,True,,0.81,0.585,0.248,0.281,139.968
1j6CwAJS2PTMvDYp33zpWP,H2O,"['XXXTENTACION', 'Ski Mask The Slump God']",139254,2017,True,,0.7170000000000001,0.608,0.39399999999999996,0.8270000000000001,139.783
5iWBPfauyYq11IHP78VOCQ,Butthole Girl!,"['XXXTENTACION', 'Tank Head', 'Robb Banks', 'Craig Xen']",183721,2017,True,,0.8859999999999999,0.2,0.0228,0.126,114.973
3t1umkM9nhRHBr1Vjvd9Dy,Static Shock,"['XXXTENTACION', 'Ski Mask The Slump God']",89254,2017,True,,0.7,0.451,0.171,0.127,110.964
3IqYzuTpPn3npkxdKh4dtk,Came2Kill,"['XXXTENTACION', 'Kid Trunks', 'Craig Xen']",109521,2017,True,,0.754,0.649,0.0197,0.21100000000000002,119.949
455IYy22hKJXgEwgownVqT,Boost!,['XXXTENTACION'],77601,2017,True,,0.723,0.32799999999999996,0.0642,0.382,124.087
05And5JRQJeIaMASE5D9Nj,4Peat,"['XXXTENTACION', 'Ski Mask The Slump God']",162214,2017,True,,0.914,0.515,0.0031,0.215,150.016
39wqiOEjFN3HaXs19jf2Xb,Maxipads for Everyone,['XXXTENTACION'],109187,2017,True,,0.753,0.308,0.151,0.0602,121.105
2NaIkDKuKrAcHoj8moeIQV,Slipknot,"['XXXTENTACION', 'Kin$oul', 'Killstation']",209107,2017,True,,0.526,0.526,0.489,0.24600000000000002,84.228
3axhnTsNa4YefoyLGxjdWz,Bowser,"['XXXTENTACION', 'Ski Mask The Slump God']",187654,2017,True,,0.8,0.491,0.309,0.425,135.00799999999998
77lCfoGpKWtq58Cl2C9Cmk,The Hungry Wolf,['X'],226680,2018,False,,0.319,0.807,0.0010400000000000001,0.601,118.09700000000001
2VknKQkZhfaE931EUYwRRf,"Cantigas de Santa Maria: Entre Av'e Eva, CSM 60","['Alfonso X El Sabio', 'Unicorn Ensemble']",142133,2014,False,,0.233,0.0816,0.992,0.252,170.74200000000005
1gRcWtWNs58T7ijJ1BAXnm,Xeno Kaos,['Otargos'],192219,2015,False,,0.405,0.9229999999999999,1.77e-06,0.17800000000000002,122.493
4rBAPEQG2PlGqQ6A9hYiyf,Aquatic Deathgate Existence,['Xanthochroid'],180413,2012,False,,0.243,0.27,0.9359999999999999,0.0858,128.484
0AnyeHDkVoY5wn1NXYpQJD,Blessed He With Boils,['Xanthochroid'],449507,2012,False,,0.26899999999999996,0.795,0.000147,0.121,119.958
0AFmGnu4cnNipGLz8uqCIn,Winter's End,['Xanthochroid'],301107,2012,False,,0.29,0.264,0.586,0.0763,193.543
39k3wsNvgJ9dEyhPPraXzZ,Long Live Our Lifeless King,['Xanthochroid'],535133,2012,False,,0.271,0.815,0.00013000000000000002,0.11,126.994
1q9P9N26JwQGxq0awT5GlQ,Deus Absconditus: Part I,['Xanthochroid'],238880,2012,False,,0.5429999999999999,0.40399999999999997,0.77,0.20800000000000002,129.97
4MHSmaWF2p0ZFfuwm7miGW,Deus Absconditus: Part II,['Xanthochroid'],336867,2012,False,,0.14800000000000002,0.853,0.000529,0.0433,164.99900000000005
38iS4NuiIWwfLxvxZEaFRE,The Leper's Prospect,['Xanthochroid'],351467,2012,False,,0.256,0.705,0.000869,0.0751,130.28
7zUHgalS8K8EjKwz6qVs4k,In Putris Stagnum,['Xanthochroid'],386933,2012,False,,0.419,0.8290000000000001,0.000525,0.136,109.97200000000001
6pVLJ6x2d0K2fQejD465VA,"""Here I'll Stay""",['Xanthochroid'],159080,2012,False,,0.254,0.127,0.736,0.0782,75.60300000000002
5mF8AcdhoQaVUK0pLfRoce,Rebirth of an Old Nation,['Xanthochroid'],540387,2012,False,,0.14,0.855,2.02e-05,0.0938,179.72400000000005
6K14SJ27AUnKgEhBDxJUHx,Open the Gates O Forest Keeper,['Xanthochroid'],201987,2017,False,,0.174,0.324,0.632,0.0493,119.28200000000001
1ipzpBeTffHypvOVHVTDgi,To Lost and Ancient Gardens,['Xanthochroid'],167160,2017,False,,0.62,0.205,0.861,0.402,119.986
0d8xd8TcpZEQ8VD7rDrW47,To Higher Climes Where Few Might Stand,['Xanthochroid'],470600,2017,False,,0.157,0.8079999999999999,0.00435,0.209,180.67
1XJTnuykbjZZIUCmYLWORb,To Souls Distant and Dreaming,['Xanthochroid'],339253,2017,False,,0.32,0.45799999999999996,0.152,0.057999999999999996,124.84899999999999
7MNusfyUDbrb5Hnere6PGR,In Deep and Wooded Forests of My Youth,['Xanthochroid'],280640,2017,False,,0.382,0.35700000000000004,0.526,0.21100000000000002,81.0
5eaD4UEbmcXZe0buNHOM64,The Sound of Hunger Rises,['Xanthochroid'],362747,2017,False,,0.239,0.8290000000000001,0.00245,0.14800000000000002,105.929
7Fg9Fznffd4hcoAEYmR33X,The Sound of a Glinting Blade,['Xanthochroid'],291533,2017,False,,0.264,0.276,0.618,0.135,129.612
2MYLrHUyJdLmTxYtkvZV7C,The Sound Which Has No Name,['Xanthochroid'],466080,2017,False,,0.21100000000000002,0.852,0.0061,0.215,108.806
6joBwUkzyyCk1L349cYB0B,The Last Relic of Axen,['Xanthochroid'],346333,2011,False,,0.17,0.89,0.00151,0.0396,103.477
39mAH6fu2jQyuSckApbjSv,"Iced, in Extremis",['Xanthochroid'],459327,2011,False,,0.198,0.769,0.000573,0.0444,119.68700000000001
7chOkiJz49QgLgArbkIor2,Wormwood,['Xanthochroid'],497257,2011,False,,0.187,0.6779999999999999,0.0077,0.12300000000000001,180.012
0N2DVJv6ypowFxIxRB0kLg,Incultus,['Xanthochroid'],511417,2011,False,,0.131,0.725,0.00495,0.0524,159.804
75zefEZdjcaFW6VNk8gyrU,The Last Relic of Axen (8 Bit),['Xanthochroid'],331954,2011,False,,0.162,0.823,0.0013800000000000002,0.19399999999999998,103.374
4dMpCTBqwWafifWsCZOsDV,Of Gods Bereft of Grace,['Xanthochroid'],413347,2017,False,,0.157,0.86,0.000392,0.17600000000000002,164.97
3OvX4j9OEuk54OUWvQHQhl,Karitas habundat,"['Anonymous\xa0', 'Hildegard von Bingen', 'Voices of Ascension, women section', 'Dennis Keene']",106640,1997,False,,0.253,0.011000000000000001,0.992,0.111,77.158
2DYTRltOiHFfottTXM4HXN,Min lane,['Aden x Asme'],180800,2019,True,,0.74,0.621,0.561,0.825,150.895
1UJV2BF0eKrV1RnMwwiZGX,Oooh (feat. K27 & Awave),"['Aden x Asme', 'Awave', 'K27']",266560,2019,True,,0.512,0.638,0.516,0.298,159.553
62hAyIgOERVS507j87KXeU,Valentino,['Aden x Asme'],206400,2019,True,,0.779,0.633,0.0304,0.904,149.986
2eU1lbDEVhIuzmKInhRabW,Dripping (feat. Naod),"['Aden x Asme', 'Naod']",205587,2019,True,,0.669,0.675,0.5,0.85,97.98200000000001
27wRV60LAJknxThDcv0oGh,Bizznizz,['Aden x Asme'],203373,2019,True,,0.75,0.6659999999999999,0.17600000000000002,0.52,81.965
0blErThJN31GOfQMhIQcOb,Pablo,['Aden x Asme'],181347,2019,True,,0.703,0.645,0.0471,0.516,151.082
6kXSqDdK7MKBeBnugzGfDi,Stora,['Aden x Asme'],195600,2019,True,,0.713,0.551,0.6709999999999999,0.7190000000000001,75.014
2vIwJrLPFkAdKOfaNjqoHJ,Banger (feat. Cherrie),"['Aden x Asme', 'Cherrie']",263800,2019,True,,0.5870000000000001,0.504,0.209,0.7120000000000001,102.07
3jPssZgh2jW2E6sdHXW55m,Good girl gone bad,['Aden x Asme'],155440,2019,True,,0.8170000000000001,0.5329999999999999,0.337,0.7979999999999999,149.999
03XZXHIhm24O6UUh9JODYc,Kommit långt (feat. Dani M),"['Aden x Asme', 'Dani M']",201600,2019,True,,0.562,0.6459999999999999,0.605,0.555,99.988
4uyJutgYrrzbpB7IAhwaCe,Arrivederci,['Aden x Asme'],179490,2019,True,,0.768,0.669,0.615,0.929,104.988
4NEGYEDbTQI4a309DKOYhD,No mercy (feat. 24K) - Remix,"['Aden x Asme', '24K']",198307,2019,True,,0.875,0.5379999999999999,0.249,0.518,148.00799999999995
5lQJxFtjNAsHbrxnNgvTvo,Intro / Restless,['Xzibit'],74933,2000,True,,0.5760000000000001,0.6679999999999999,0.0936,0.3,50.702
4Uz9EACPIzjSfk6moHrkq6,Front 2 Back,['Xzibit'],182467,2000,True,,0.772,0.86,0.305,0.79,96.977
6STXqzm79QjrXhUlI0VtBf,Been a Long Time (feat. Nate Dogg),"['Xzibit', 'Nate Dogg']",237733,2000,True,,0.6659999999999999,0.6609999999999999,0.0898,0.9570000000000001,92.359
0OW1giby0jqdaXrLPz6IUk,U Know (feat. Dr. Dre),"['Xzibit', 'Dr. Dre']",206427,2000,True,,0.691,0.7090000000000001,0.0541,0.556,89.92
5stZnlPMYz3Ba8Hbo3ajlP,X,['Xzibit'],255640,2000,True,,0.9359999999999999,0.6779999999999999,0.0795,0.8220000000000001,96.911
2jKoVlU7VAmExKJ1Jh3w9P,"Alkaholik (feat. Erik Sermon, J Ro & Tash)","['Xzibit', 'Erick Sermon', 'J. Ro', 'Tash']",219160,2000,True,,0.893,0.514,0.18,0.787,95.848
7KnDRaA97mJWSxjmMRExHW,Kenny Parker Show 2001 (feat. KRS-One),"['Xzibit', 'KRS-One']",285907,2000,True,,0.759,0.9159999999999999,0.19,0.494,102.771
3spdZBlCP4z3WjTfexukMp,D.N.A (Drugs-n-Alkahol) (feat. Snoop Dogg),"['Xzibit', 'Snoop Dogg']",277493,2000,True,,0.889,0.6579999999999999,0.032,0.755,88.92299999999999
1rIi2UDUKWbA5fKSCRTPHU,Double Time,['Xzibit'],170600,2000,True,,0.7929999999999999,0.8370000000000001,0.0384,0.912,101.709
0Bb21NEv7yjSJ8ro2k2SZC,Don't Aproach Me (feat. Eminem),"['Xzibit', 'Eminem']",276507,2000,True,,0.9079999999999999,0.687,0.41600000000000004,0.855,92.889
6dzICHZ9ennQFF1nP7ReRQ,"Rimz & Tirez (feat. Defari, Goldie Loc & Kokane)","['Xzibit', 'DEFARI', 'Goldie Loc', 'Kokane']",292427,2000,True,,0.863,0.551,0.036000000000000004,0.445,94.40299999999999
3DAVzBRhzJ3UP0HaHl1I5w,Fucking You Right,['Xzibit'],222773,2000,True,,0.708,0.8370000000000001,0.00732,0.667,98.715
1GKkkhwzNDJb9L6ZpXBBGe,Best of Things,['Xzibit'],200760,2000,True,,0.8959999999999999,0.59,0.0869,0.894,93.947
1RPhSs2lDYKjDsELKtPvQd,Get Your Walk On,['Xzibit'],219840,2000,True,,0.909,0.74,0.0562,0.802,97.855
0F9T8YsaIIztXWlEBDiE0E,Sorry I'm Away so Much (feat. Suga Free),"['Xzibit', 'Suga Free']",239160,2000,True,,0.905,0.662,0.0352,0.33299999999999996,97.331
7og5vavR2bvwEtA9katBfW,"Loud & Clear (feat. Defari, King T & Butch Cassidy)","['Xzibit', 'DEFARI', 'King T', 'Butch Cassidy']",213773,2000,True,,0.8109999999999999,0.55,0.0681,0.314,96.53299999999999
4zqWkCo7bvm8pjBkbk9b7x,The Sims Social Theme,['Junkie XL'],115240,2011,False,,0.589,0.6809999999999999,0.0104,0.519,120.089
22Y5EosADwYh05oSL3H8hH,Fly Away (Create a Sim Theme #1),['Junkie XL'],141693,2011,False,,0.633,0.841,0.28800000000000003,0.885,122.021
0G6tTxtzC3xUg7NhYmm0jT,Epic Dreams (Create a Sim Theme #2),['Junkie XL'],117213,2011,False,,0.7040000000000001,0.8140000000000001,0.11,0.7070000000000001,120.00299999999999
4QteOXpiJ0GEHPNXRfFrva,Gluten King,['Junkie XL'],180560,2011,False,,0.775,0.894,0.0327,0.23600000000000002,127.993
0w9pGAkUcMXmewtMIBbDki,Dance All Night,['Oscillator X'],188000,2008,False,,0.675,0.9640000000000001,0.0594,0.966,140.026
6RM7uTA4DYuJNdBpnIf4S3,DJ Superstar,['Oscillator X'],177000,2008,False,,0.516,0.973,0.00224,0.775,138.005
5VcwfLxX7igNdZffOtWd44,Silent Night (Arr. P. Ledger),"['Franz Xaver Gruber', ""Choir of St. John's College, Cambridge"", 'Andrew Nethsingha']",196653,2011,False,,0.13699999999999998,0.0204,0.99,0.0388,142.591
05mAIVLkIWc2d1UBYZBCp8,1999,"['Charli XCX', 'Troye Sivan']",189000,2018,False,,0.7390000000000001,0.742,0.0227,0.659,124.016
5lvs8SfoplLr8mzPWIouH6,Sunglasses,['TWIN XL'],167267,2019,False,,0.662,0.685,0.00361,0.647,109.98899999999999
0G7etLzBRg4bSKeGxa5EgQ,Friends,['TWIN XL'],166533,2019,False,,0.6859999999999999,0.7879999999999999,0.10400000000000001,0.588,111.984
4NjW9Srshx2xuTdEoUnf9C,Neon Summer,['TWIN XL'],198787,2019,False,,0.39799999999999996,0.785,0.0012900000000000001,0.688,75.023
7sRdxkgNb3m3Ciai38ANmd,Good,['TWIN XL'],169760,2019,False,,0.617,0.9640000000000001,0.113,0.961,75.97800000000002
0Joj2H9iWQrEQpHLOmEFwo,Thrill,['TWIN XL'],176827,2019,False,,0.7959999999999999,0.846,0.312,0.86,105.95200000000001
2KHGb3VDOKcbLjz57NXNtA,Everybody's Talkin',['TWIN XL'],184840,2019,False,,0.618,0.863,0.0475,0.64,112.97200000000001
6NdL165hAxSKNnozIA2HDY,"Don't Wake Me, I'm Still Dreaming",['TWIN XL'],196000,2019,True,,0.38799999999999996,0.777,0.0218,0.218,163.805
2aJwDd0YDt8TM19arsfFVd,"Intro (Gangin) (feat. DaBoii, Slimmy B, Yhung T.O. & Lul G)","['SOB X RBE', 'DaBoii', 'Slimmy B', 'Yhung T.O.', 'Lul G']",230600,2018,True,,0.762,0.586,0.223,0.268,94.06200000000001
08zQFavuM6FHXCiD5UFiaC,"Hood Ballad (feat. Yhung T.O., Slimmy B, DaBoii & Lul G)","['SOB X RBE', 'Yhung T.O.', 'Slimmy B', 'DaBoii', 'Lul G']",237810,2018,True,,0.631,0.6890000000000001,0.0231,0.29100000000000004,98.76299999999999
6GkjM364m0eMzWNNBJNjOw,"North Vallejo (feat. Yhung T.O., Slimmy B, DaBoii & Lul G)","['SOB X RBE', 'Yhung T.O.', 'Slimmy B', 'DaBoii', 'Lul G']",197972,2018,True,,0.737,0.725,0.133,0.784,96.109
60MBZPNRqY0v9PIa1tvwgf,"Made It (feat. Yhung T.O., Lul G & DaBoii)","['SOB X RBE', 'Yhung T.O.', 'Lul G', 'DaBoii']",256766,2018,True,,0.703,0.746,0.0015199999999999999,0.695,100.066
39PvI0HzDixz8DvAEZsnwD,All Facts Not 1 Opinion (feat. Slimmy B & DaBoii),"['SOB X RBE', 'Slimmy B', 'DaBoii']",219257,2018,True,,0.9,0.74,0.0406,0.838,95.00200000000001
45sPgS5xwN7mMEB4Q6TK0L,Bitch (feat. Lul G & Yhung T.O.),"['SOB X RBE', 'Lul G', 'Yhung T.O.']",181049,2018,True,,0.9109999999999999,0.505,0.0031899999999999997,0.46,97.959
5Aq81B87P7XVqNFvveuxjy,"Let Em Have It (feat. DaBoii, Yhung T.O., Slimmy B & Shoreline Mafia)","['SOB X RBE', 'DaBoii', 'Yhung T.O.', 'Slimmy B', 'Shoreline Mafia']",168552,2018,True,,0.8220000000000001,0.797,0.00107,0.45899999999999996,97.086
7eKXRoWPp2PENUskE369nn,"Uber Wit A Dub (feat. Lul G, DaBoii & Yhung T.O.)","['SOB X RBE', 'Lul G', 'DaBoii', 'Yhung T.O.']",176617,2018,True,,0.87,0.628,0.0215,0.711,97.061
64Dgsrnsa9ak5drZLiwcQP,Peek A Boo (feat. DaBoii),"['SOB X RBE', 'DaBoii']",150385,2018,True,,0.8320000000000001,0.753,0.155,0.7929999999999999,100.934
2GGc7ZwveMxVnog2ocqOus,Times Get Hard (feat. Yhung T.O. & Quando Rondo),"['SOB X RBE', 'Yhung T.O.', 'Quando Rondo']",181380,2018,True,,0.795,0.7909999999999999,0.0106,0.512,94.015
2BJzssrWYKnURgJNFi0k2e,Can’t Go Back (feat. Yhung T.O. & YoungBoy Never Broke Again),"['SOB X RBE', 'Yhung T.O.', 'YoungBoy Never Broke Again']",159184,2018,True,,0.621,0.6970000000000001,0.0583,0.611,97.906
02P6gy0sB83It5r7dVbC6W,"Water Fountain (feat. Yhung T.O., Lul G & Slimmy B)","['SOB X RBE', 'Yhung T.O.', 'Lul G', 'Slimmy B']",183931,2018,True,,0.8109999999999999,0.732,0.0538,0.494,95.022
4rktxA3PZAP8Lv2TYUiU7e,Leave The Streets Alone (feat. Slimmy B & Yhung T.O.),"['SOB X RBE', 'Slimmy B', 'Yhung T.O.']",132647,2018,True,,0.8170000000000001,0.705,0.261,0.364,99.95
05ylrtGCdDBQzozBxz83IZ,Vibes (feat. Slimmy B & Yhung T.O.),"['SOB X RBE', 'Slimmy B', 'Yhung T.O.']",130485,2018,True,,0.7959999999999999,0.616,0.11199999999999999,0.312,103.054
0Fw6ObF9d1yoOzUdspMOnV,Fuck About Us (feat. Yhung T.O. & DaBoii),"['SOB X RBE', 'Yhung T.O.', 'DaBoii']",184887,2018,True,,0.722,0.742,0.00825,0.44799999999999995,158.086
55QbOIYvT0cGMWXXVUaLRd,Xmas Steps,['Mogwai'],674000,2000,False,,0.44799999999999995,0.0847,0.26,0.0445,131.658
1D77DlGAE1HWBHyXQBCpgT,Nuclear Seasons,['Charli XCX'],281480,2013,False,,0.521,0.94,0.0414,0.23600000000000002,115.039
6Eiu7cflRNm6pCSSo1XeE1,You - Ha Ha Ha,['Charli XCX'],186579,2013,True,,0.5,0.902,0.000742,0.619,91.059
51eXqjC11mFVT2B9vTSTNi,Take My Hand,['Charli XCX'],266267,2013,False,,0.534,0.893,0.013999999999999999,0.616,131.957
1eQXuEHvm3FPm0iSIJOEWk,Stay Away,['Charli XCX'],227627,2013,False,,0.452,0.857,0.00566,0.298,182.78799999999998
2MStsrsNz3noevbpramORf,Set Me Free (Feel My Pain),['Charli XCX'],233387,2013,False,,0.537,0.958,0.0857,0.775,159.91
6PVMVmACGqDs2BP50tEX6s,Grins,['Charli XCX'],232733,2013,False,,0.48,0.858,6.87e-05,0.358,143.781
5IOEH3MF0ybXAbiWHltJeM,So Far Away,['Charli XCX'],201213,2013,True,,0.429,0.7609999999999999,1.52e-05,0.45299999999999996,98.771
2JmfHwK3QpBtSX4FCcVDFg,Cloud Aura (feat. Brooke Candy),"['Charli XCX', 'Brooke Candy']",164307,2013,True,,0.638,0.736,0.145,0.6970000000000001,89.992
5ot3q8KR1vzq471WAtCNSU,What I Like,['Charli XCX'],181613,2013,True,,0.597,0.812,0.000292,0.767,77.505
6KHaAM65eCWE0KGZCoqfFi,Black Roses,['Charli XCX'],208213,2013,True,,0.512,0.8,0.000135,0.511,143.987
6SDL8459MUpkQ4BElyV1a4,You're the One,['Charli XCX'],195320,2013,False,,0.561,0.772,0.0019100000000000002,0.364,90.97399999999999
1YKyWZjOqRV65SfOdfMErO,How Can I,['Charli XCX'],235387,2013,True,,0.24,0.86,0.000517,0.233,126.77
0r6r49D3KGqa4wjn660NBo,Lock You Up,['Charli XCX'],211467,2013,False,,0.535,0.9229999999999999,0.00505,0.6920000000000001,119.79700000000001
50OlnluM1lv5EDyV6UoJKa,4Th of July,['X'],230307,2017,False,,0.429,0.638,0.0356,0.8740000000000001,142.509
0qpSvzE0Rws3gVZNZCf04v,XNXX,['Joji'],127318,2018,True,,0.38799999999999996,0.52,0.257,0.196,84.851
7BsLJzWYhZln2QClCcwUVi,introduction,['XXXTENTACION'],103004,2019,True,,0.32899999999999996,0.231,0.7929999999999999,0.152,77.577
40KuvsFD0zpUFuCcmt5Xm0,Ex Bitch,['XXXTENTACION'],121672,2019,True,,0.835,0.462,0.513,0.7020000000000001,78.99
2QfkJ9lURgRpcFT2Y0B1e3,UGLY,['XXXTENTACION'],91800,2019,True,,0.528,0.325,0.857,0.0412,83.65100000000002
03eJ2DclFWXYU8GWgANdmZ,bad vibes forever,"['XXXTENTACION', 'PnB Rock', 'Trippie Redd']",150475,2019,True,,0.8,0.526,0.33399999999999996,0.746,129.874
0DWrG09StYVhLbeNLwAJ5w,School Shooters,"['XXXTENTACION', 'Lil Wayne']",93913,2019,True,,0.774,0.6809999999999999,0.397,0.55,138.149
1SaxT2eggG2xalUM21tUSw,I Changed Her Life,"['XXXTENTACION', 'Rick Ross']",108213,2019,True,,0.703,0.612,0.145,0.184,159.89600000000004
3arQDLbkZnujJVfhoyEDlM,Triumph,['XXXTENTACION'],166033,2019,True,,0.446,0.40700000000000003,0.718,0.141,81.041
2hv3PVAj6KKDOVNhyRfjeG,LIMBO,"['XXXTENTACION', 'Killstation']",194608,2019,True,,0.5489999999999999,0.532,0.147,0.126,111.066
4lLR14DyqhM5LBj6iHI0Al,before i realize,['XXXTENTACION'],94787,2019,True,,0.715,0.28,0.8059999999999999,0.478,70.033
4s7U2mS26ab7GFtgeUcwKA,Ecstasy,"['XXXTENTACION', 'Noah Cyrus']",240068,2019,True,,0.606,0.36,0.509,0.0391,72.476
3KJ7n1lICe3OZuuwZQlWDQ,Kill My Vibe,"['XXXTENTACION', 'Tom. G']",128039,2019,True,,0.88,0.7979999999999999,0.545,0.6920000000000001,150.023
2sssyogPeYk581LqeMZOQu,Hot Gyal,"['XXXTENTACION', 'Tory Lanez', 'Mavado']",134400,2019,True,,0.797,0.573,0.27899999999999997,0.583,99.75399999999999
71hGntRHMOByPYua7WbnGG,THE ONLY TIME I FEEL ALIVE,"['XXXTENTACION', 'Craig Xen']",163591,2019,True,,0.711,0.35200000000000004,0.408,0.0617,136.89600000000002
6Q0KBExmZVG7KVoFA8CRag,the interlude that never ends,['XXXTENTACION'],148760,2019,True,,0.597,0.23199999999999998,0.831,0.094,78.91199999999998
4CuxcBpQnw3Itmp5VQoCHj,Daemons,"['XXXTENTACION', 'Kemba', 'Joey Bada$$']",172242,2019,True,,0.753,0.763,0.0345,0.777,170.05700000000004
0RjJSBBEolCDJ6wDiuVCmh,ATTENTION!,['XXXTENTACION'],120055,2019,True,,0.9540000000000001,0.41,0.608,0.457,130.07399999999998
1WGRoqWrqDkXifw5JBayUi,Eat It Up,['XXXTENTACION'],105210,2019,True,,0.9179999999999999,0.546,0.309,0.818,130.001
6crBVhm5d0JnAJhVHYkJTZ,Voss,"['XXXTENTACION', 'Sauce Walka', 'Carnage']",107061,2019,True,,0.7859999999999999,0.496,0.215,0.316,129.89700000000002
5n9O3DqswW3Vm5b3Z07zcB,Royalty,"['XXXTENTACION', 'Ky-Mani Marley', 'Stefflon Don', 'Vybz Kartel']",203520,2019,True,,0.907,0.5710000000000001,0.012,0.612,124.973
5RZt3aBokyH2EEqWBef7uS,wanna grow old (i won't let go),"['XXXTENTACION', 'Jimmy Levy']",131215,2019,True,,0.74,0.19899999999999998,0.835,0.486,75.013
0MW5zwGXciXyVdFwQbvBq8,HEARTEATER,['XXXTENTACION'],136357,2019,False,,0.78,0.527,0.0563,0.588,99.986
7t27DLlJCOCt0Y3XTUGAbc,NorthStar - Remix,"['XXXTENTACION', 'Joyner Lucas']",166407,2019,True,,0.867,0.8109999999999999,0.126,0.8290000000000001,149.967
62VGbS3xXFRGDBD8F2ZgPl,CHASE / glass shards,"['XXXTENTACION', 'ikabodVEINS']",138590,2019,True,,0.544,0.35200000000000004,0.0145,0.248,85.686
4rhr8LgQoPtWkQaXVPSNOO,numb the pain,['XXXTENTACION'],82470,2019,True,,0.6829999999999999,0.0759,0.902,0.74,93.186
0R6dvBlNevqkzioHLoygbI,IT'S ALL FADING TO BLACK,"['XXXTENTACION', 'blink-182']",151683,2019,True,,0.6459999999999999,0.546,0.106,0.252,105.04700000000001
5CfTjbBWsLDqfuDsUAI5RR,Small Blue Planet,['Xprompt'],454745,2018,False,,0.506,0.754,0.00018999999999999998,0.313,151.993
2W2QiVQs0TugOUUYWgnV8E,X,['Poppy'],174483,2018,False,,0.495,0.856,0.0235,0.48200000000000004,114.169
3jx5Bjjky7Z6cfGWfxHqhv,Xango,['Farben'],254595,2011,False,,0.815,0.303,0.425,0.364,135.333
3t2oe5prVPP3GVepFwncWW,Piano Concerto in F Major: I. Allegro moderato - Cantabile - Poco meno scherzando,"['George Gershwin', 'Xiayin Wang', 'Royal Scottish National Orchestra', 'Peter Oundjian']",783267,2013,False,,0.26,0.10300000000000001,0.973,0.078,91.59700000000001
2qPuIC0HdHLBLpL9ADwpAJ,Piano Concerto in F Major: II. Andante con moto,"['George Gershwin', 'Xiayin Wang', 'Royal Scottish National Orchestra', 'Peter Oundjian']",722133,2013,False,,0.145,0.00993,0.956,0.0397,77.253
2HtUwmW64ejZbE610GWJb0,Piano Concerto in F Major: III. Allegro con brio,"['George Gershwin', 'Xiayin Wang', 'Royal Scottish National Orchestra', 'Peter Oundjian']",409760,2013,False,,0.284,0.0959,0.95,0.253,91.76799999999999
5DF7qolYxnjcrJSJZpXr8v,Allein,"['G x G', 'Gini']",181714,2018,True,,0.5670000000000001,0.765,0.16699999999999998,0.46399999999999997,140.09
65mhesg9E1dT45P5DYX4wV,X Ti,['Sech'],173993,2019,False,,0.731,0.5920000000000001,0.273,0.757,169.873
1MfuskV4ODUp14C2dnyPgW,Blame It on Your Love (feat. Lizzo),"['Charli XCX', 'Lizzo']",191114,2019,True,,0.716,0.757,0.0249,0.5579999999999999,100.007
2LskIZrCeLxRvCiGP8gxlh,Arms Around You (feat. Maluma & Swae Lee),"['XXXTENTACION', 'Lil Pump', 'Swae Lee', 'Maluma']",198903,2018,True,,0.703,0.723,0.0302,0.28800000000000003,104.969
1YhzXnCYieHw3QdTIZ0yMZ,XoXo,['2Lane'],156108,2020,False,,0.648,0.579,0.37799999999999995,0.45399999999999996,122.14299999999999
0fISH1StPc5ekTHbpiPX9Q,X-Float,['Ouri'],403750,2017,False,,0.48100000000000004,0.539,0.14800000000000002,0.102,127.037
3JSeAdMZ7Y5bDeWFRUGyta,"Roman nepi tancok (Romanian Folk Dances), BB 68 (arr. for violin and piano)","['Anonymous\xa0', 'Béla Bartók', 'David Abel', 'Julie Steinberg']",333608,2014,False,,0.377,0.0421,0.8959999999999999,0.0669,77.85600000000002
73Ce3dyKvxzCcfYMtj34dH,Missa cum jubilo: Kyrie,"['Anonymous\xa0', 'Voices of Ascension Chorus', 'Voices of Ascension Orchestra', 'Dennis Keene']",122000,1995,False,,0.13,0.0133,0.985,0.151,71.255
6B1uaASAhtgveBazT54D1n,Missa cum jubilo: Sanctus,"['Anonymous\xa0', 'Voices of Ascension Chorus', 'Voices of Ascension Orchestra', 'Dennis Keene']",117000,1995,False,,0.177,0.0115,0.9740000000000001,0.053,62.926
4ln2rBgF1AKmCF9nHpRUGt,Rejoice in the Lord alway,"['Anonymous\xa0', 'Voices of Ascension Chorus', 'Voices of Ascension Orchestra', 'Dennis Keene']",149000,1995,False,,0.185,0.0491,0.9940000000000001,0.105,140.47299999999998
1dndtAJNnk55srh1eYfHub,Ave verum corpus,"['Anonymous\xa0', 'Susanne Peck', 'Voices of Ascension Orchestra', 'Dennis Keene']",108000,1995,False,,0.212,0.00621,0.992,0.125,75.104
2Eq6SdujxBbDIH8C9rC2JY,Missa cum jubilo: Agnus Dei,"['Anonymous\xa0', 'Voices of Ascension Chorus', 'Voices of Ascension Orchestra', 'Dennis Keene']",109000,1995,False,,0.135,0.0039,0.971,0.0543,95.505
2YASx6zZbyqk7ZGXeozJNZ,"Intro (Gangin) (feat. DaBoii, Slimmy B, Yhung T.O. & Lul G)","['SOB X RBE', 'DaBoii', 'Slimmy B', 'Yhung T.O.', 'Lul G']",234908,2018,False,,0.758,0.59,0.201,0.311,94.087
3HoJSkI4MTtUNMNGcyUWyf,"Hood Ballad (feat. Yhung T.O., Slimmy B, DaBoii & Lul G)","['SOB X RBE', 'Yhung T.O.', 'Slimmy B', 'DaBoii', 'Lul G']",237825,2018,False,,0.69,0.6829999999999999,0.0256,0.303,99.98
652Bien9xP9u8UHSMih53C,"North Vallejo (feat. Yhung T.O., Slimmy B, DaBoii & Lul G)","['SOB X RBE', 'Yhung T.O.', 'Slimmy B', 'DaBoii', 'Lul G']",199114,2018,False,,0.743,0.733,0.128,0.77,96.04700000000001
4X6a1ttn9XURWkQJnmbHrv,"Made It (feat. Yhung T.O., Lul G & DaBoii)","['SOB X RBE', 'Yhung T.O.', 'Lul G', 'DaBoii']",258692,2018,False,,0.7170000000000001,0.753,0.0012699999999999999,0.687,99.975
4YdsimYpmbxjqScpvIhSxt,All Facts Not 1 Opinion (feat. Slimmy B & DaBoii),"['SOB X RBE', 'Slimmy B', 'DaBoii']",219073,2018,False,,0.894,0.732,0.0387,0.823,95.056
7rPEsx6KMsZBlMoHYSmXU9,Bitch (feat. Lul G & Yhung T.O.),"['SOB X RBE', 'Lul G', 'Yhung T.O.']",180402,2018,False,,0.914,0.5329999999999999,0.00507,0.479,97.95
2ZU8e5eD7cgUkH3jLtN2cb,"Let Em Have It (feat. DaBoii, Yhung T.O., Slimmy B & Shoreline Mafia)","['SOB X RBE', 'DaBoii', 'Yhung T.O.', 'Slimmy B', 'Shoreline Mafia']",173479,2018,False,,0.8420000000000001,0.6890000000000001,0.000651,0.451,97.01799999999999
3LDiusSbJNmKrYMjWjlivd,"Uber Wit A Dub (feat. Lul G, DaBoii & Yhung T.O.)","['SOB X RBE', 'Lul G', 'DaBoii', 'Yhung T.O.']",178876,2018,False,,0.8740000000000001,0.643,0.015,0.6990000000000001,96.99700000000001
0PhUCUn3ck4vSjIBAQVOdR,Peek A Boo (feat. DaBoii),"['SOB X RBE', 'DaBoii']",151521,2018,False,,0.8390000000000001,0.727,0.132,0.8029999999999999,100.95299999999999
6HO3Y5z6y6SW6rHLGjlvpv,Times Get Hard (feat. Yhung T.O. & Quando Rondo),"['SOB X RBE', 'Yhung T.O.', 'Quando Rondo']",183368,2018,False,,0.574,0.917,0.016,0.7120000000000001,125.31
3Ru2Han26FyZ1gAL6TReQX,Can’t Go Back (feat. Yhung T.O. & YoungBoy Never Broke Again),"['SOB X RBE', 'Yhung T.O.', 'YoungBoy Never Broke Again']",158729,2018,False,,0.5670000000000001,0.7829999999999999,0.0387,0.627,97.919
6rpQgx8hkvo7DzKHXzhmfk,"Water Fountain (feat. Yhung T.O., Lul G & Slimmy B)","['SOB X RBE', 'Yhung T.O.', 'Lul G', 'Slimmy B']",185016,2018,False,,0.564,0.85,0.0681,0.54,93.889
5USPpbg4xeHJffwz70QUZE,Leave The Streets Alone (feat. Slimmy B & Yhung T.O.),"['SOB X RBE', 'Slimmy B', 'Yhung T.O.']",133370,2018,False,,0.815,0.708,0.24600000000000002,0.337,99.96
5Yg7tOshyVxku7Hyx3ze7Y,Vibes (feat. Slimmy B & Yhung T.O.),"['SOB X RBE', 'Slimmy B', 'Yhung T.O.']",130509,2018,False,,0.816,0.451,0.12,0.23399999999999999,103.012
1QtlRpsNUGjey1UvJOWgem,Fuck About Us (feat. Yhung T.O. & DaBoii),"['SOB X RBE', 'Yhung T.O.', 'DaBoii']",188487,2018,False,,0.7190000000000001,0.743,0.0115,0.495,158.069
4pci6P4mkE3oY5EO45f1jU,Xibalba,['Aeternam'],278285,2012,False,,0.387,0.945,0.000739,0.0957,107.87
0QSt5KmJzRqU1gFJJfQJ0Q,Introduction,['XXXTENTACION'],31200,2018,False,,0.475,0.00543,0.841,0.568,135.578
7uqcLJFlSYjVPLUz1vPxkY,Guardian angel,['XXXTENTACION'],108035,2018,True,,0.7120000000000001,0.374,0.795,0.779,133.952
5lar0mCUejpILVkAz50s2J,Train food,['XXXTENTACION'],164083,2018,True,,0.4920000000000001,0.7120000000000001,0.564,0.23,137.453
7pdF27mSDuPWhppnHAmWHa,whoa (mind in awe),['XXXTENTACION'],157777,2018,False,,0.735,0.525,0.653,0.369,160.14700000000005
22An65gG31JLf9n18qjdhZ,BAD!,['XXXTENTACION'],94246,2018,False,,0.78,0.4920000000000001,0.0643,0.374,143.983
4KpKyRFwN0gcwj58Uqjv7q,STARING AT THE SKY,['XXXTENTACION'],85124,2018,False,,0.557,0.33799999999999997,0.134,0.6890000000000001,140.935
0T6RSXxFhW8dRTWHI604ld,One Minute (feat. Kanye West & Travis Barker),"['XXXTENTACION', 'Kanye West', 'Travis Barker']",197759,2018,True,,0.568,0.636,0.00671,0.879,113.49700000000001
5itzep0nGnq7hxCfFNsTIR,difference (interlude),['XXXTENTACION'],76974,2018,False,,0.593,0.0668,0.9490000000000001,0.19,102.456
4axYWgXASdsCBHuwInAubT,I don’t let go,['XXXTENTACION'],121630,2018,True,,0.797,0.293,0.591,0.478,80.035
57nOpVSc3j9o03Cr928ZM4,what are you so afraid of,['XXXTENTACION'],150769,2018,False,,0.639,0.312,0.774,0.34700000000000003,103.369
7jdqhkWqc3pP3IqQ0ebUWs,XNXX,['Joji'],127287,2018,False,,0.511,0.622,0.209,0.209,84.945
6oqXJ8EYBvfFR7P8vKQOkN,XXVI Crimes Of Love,['Huoratron'],249829,2017,False,,0.5710000000000001,0.768,0.000109,0.188,103.008
5gOPIYmr4ydy2Q7BSkMIO1,XXVI Crimes Of Love,['Huoratron'],249829,2016,False,,0.5710000000000001,0.768,0.000109,0.188,103.008
08kWUzOTFhDGyNZE5MNdqH,Beneath the Blue Sky With You,['XALE'],175115,2018,False,,0.564,0.161,0.9640000000000001,0.6859999999999999,199.94099999999997
09hRMmmBZkxSUOIpbpI5cZ,The Gate,['Xela'],292733,2006,False,,0.17,0.626,0.019,0.0322,118.234
72n7OXFi2WATHFlxy4T6hD,Linseed,['Xela'],265360,2006,False,,0.3670000000000001,0.636,0.248,0.122,99.52799999999999
3BQPLjDuCeKCEgaI7uI5zq,Drunk On Salt Water,['Xela'],262493,2006,False,,0.564,0.85,0.326,0.0377,188.141
6G7LgTJTpaPb3gTIVTev3N,Wet Bones,['Xela'],284213,2006,False,,0.561,0.8340000000000001,0.0732,0.12300000000000001,127.624
0LRuuEPGnUJ9Uzj0SaKeXD,Creeping Flesh,['Xela'],153387,2006,False,,0.28300000000000003,0.9590000000000001,0.968,0.04,67.482
51xFZBpoaq7q4O07LyK2eh,Savage Ritual,['Xela'],254400,2006,False,,0.10800000000000001,0.6559999999999999,0.00168,0.185,90.345
3WoHnm3mLIm4HAMExIVoYw,A Floating Procession,['Xela'],285947,2006,False,,0.242,0.731,0.429,0.12300000000000001,186.40400000000002
31vc0G0rngJ0plQskTJca6,Sinking Cadavers,['Xela'],62307,2006,False,,0.3,0.667,0.973,0.17600000000000002,79.204
5ucHoagIvEIb5yO28jaQvP,Humid At Dusk,['Xela'],300147,2006,False,,0.294,0.528,0.0517,0.10300000000000001,72.098
0u4YI4PACv5x6QxrVSPBF3,Watching A Light In The Distance,['Xela'],128973,2006,False,,0.105,0.988,0.8590000000000001,0.0605,159.756
2RQW9snpS5AMDvldtEUbim,Briefly Seen,['Xela'],316227,2006,False,,0.19699999999999998,0.703,0.669,0.0818,106.794
55xPr3xDIFCDxraQTM2OLZ,Never Going Home,['Xela'],142920,2006,False,,0.14800000000000002,0.40299999999999997,0.991,0.0819,68.419
1wemnGui46BjYP9nJXfg6r,Pink Fluffy Chemtrails,['Xenofobulus'],284040,2018,False,,0.5870000000000001,0.799,4.35e-05,0.325,124.978
61XHRyfBdv4cd8ywkzcta1,Breu,['Xênia França'],208291,2016,False,,0.376,0.262,0.24600000000000002,0.0401,170.683
1pXeZQxOX64lmoZAle6hQ6,America (feat. Young Bombs) - Young Bombs Remix,"['XYLØ', 'Young Bombs']",282187,2016,False,,0.575,0.909,0.131,0.213,127.992
7BZSd9ORoRKRC7YptZtsOp,L.A. Love Song (feat. Win and Woo) - Win and Woo Remix,"['XYLØ', 'Win and Woo']",188571,2016,False,,0.638,0.667,0.13,0.491,153.983
0UjJ9fulqSxjmq7qBJoyr3,Afterlife (feat. PLS&TY) - PLS&TY Remix,"['XYLØ', 'PLS&TY']",184484,2016,True,,0.526,0.88,0.147,0.498,77.044
65Zjf9cUeKlhRhwYGSztIG,Between The Devil and the Deep Blue Sea - Matt DiMona Remix,['XYLØ'],297049,2016,False,,0.521,0.778,0.0139,0.226,121.955
611xF1mRSlH0OuezjSNnOI,Something In The Air,['ZoëXenia'],392530,2012,False,,0.8290000000000001,0.627,0.0859,0.606,117.986
6YKCEtfZXXyionWJPtT5jb,WHO DO U LOVE?,"['Monsta X', 'French Montana']",189035,2019,False,,0.782,0.637,0.28,0.389,101.98899999999999
4U7S0xlxvmrtBROH0eyPcM,Introduction,['XXXTENTACION'],31200,2018,False,,0.475,0.00543,0.841,0.568,135.578
5zY7ZyOi7Bsgpi2CGvDwBf,Guardian angel,['XXXTENTACION'],108035,2018,False,,0.6890000000000001,0.358,0.8109999999999999,0.7859999999999999,133.985
6xjdBm1L1mVFpjwFu6KHrF,Train food,['XXXTENTACION'],164083,2018,False,,0.465,0.608,0.597,0.245,95.1
2xmwu07nS3mOu0pbJXPsAy,whoa (mind in awe),['XXXTENTACION'],157777,2018,False,,0.735,0.525,0.653,0.369,160.14700000000005
1e43tF4gLBdizt1pUbc8FI,BAD!,['XXXTENTACION'],94246,2018,False,,0.78,0.4920000000000001,0.0643,0.374,143.983
3VH9FN3leCDKxGcXpYymn0,STARING AT THE SKY,['XXXTENTACION'],85124,2018,False,,0.557,0.33799999999999997,0.134,0.6890000000000001,140.935
1tKSPRSFG7G9JAt6eBWBm0,One Minute (feat. Kanye West & Travis Barker),"['XXXTENTACION', 'Kanye West', 'Travis Barker']",197759,2018,False,,0.573,0.63,0.00716,0.894,113.01899999999999
5JgtpvAwQettRcIIcLRAA4,difference (interlude),['XXXTENTACION'],76974,2018,False,,0.593,0.0668,0.9490000000000001,0.19,102.456
5iW2SwTmWBT2deV4HW4HMo,I don’t let go,['XXXTENTACION'],121630,2018,False,,0.823,0.244,0.551,0.434,80.002
4j6NHI29siW8h4D2K0XVhH,what are you so afraid of,['XXXTENTACION'],150769,2018,False,,0.639,0.312,0.774,0.34700000000000003,103.369
1zLWoGtlJbVCdXwtxUdiyB,Pléïades: Pléïades: I. Mélanges,"['Iannis Xenakis', 'Kuniko']",532859,2015,False,,0.449,0.253,0.858,0.0698,104.35
2Q2eHTISJmzxIrIiUHnGIA,Pléïades: Pléïades: II. Métaux,"['Iannis Xenakis', 'Kuniko']",836664,2015,False,,0.541,0.17,0.9279999999999999,0.0549,104.07700000000001
7AVSJutuXVFiMFpwjReOHu,Pléïades: Pléïades: III. Claviers,"['Iannis Xenakis', 'Kuniko']",631670,2015,False,,0.358,0.0574,0.9490000000000001,0.092,137.71200000000002
2l2cRSZy8BmeK6OT8q7RZ4,Pléïades: Pléïades: IV. Peaux,"['Iannis Xenakis', 'Kuniko']",689373,2015,False,,0.546,0.188,0.879,0.3720000000000001,103.995
75VeJVAmFq84W0Ehwetqko,Rebonds A,"['Iannis Xenakis', 'Kuniko']",487069,2015,False,,0.484,0.165,0.85,0.413,113.186
0SPht8j6DfhytlzO0Yo5dF,Rebonds B,"['Iannis Xenakis', 'Kuniko']",381491,2015,False,,0.391,0.0919,0.7979999999999999,0.0779,128.078
4koDrJbYxIlcDY4gu2a4I8,WHO DO U LOVE? (feat. French Montana),"['Monsta X', 'French Montana']",189035,2020,False,,0.79,0.648,0.28800000000000003,0.397,101.98899999999999
6hOH7bZj3Sa99q5fyDlnQV,LOVE U,['Monsta X'],160225,2020,False,,0.726,0.6409999999999999,0.0613,0.319,159.961
4f8Roi1udaWbV2U8s1Q7oz,HAPPY WITHOUT ME,['Monsta X'],178187,2020,False,,0.679,0.7909999999999999,0.0164,0.7120000000000001,160.138
2QI91Tq1F2Tl0slIaSegs1,GOT MY NUMBER,['Monsta X'],171274,2020,False,,0.7390000000000001,0.474,0.0584,0.513,96.03
5eU51YmH3XzhzNRzkJns27,SOMEONE'S SOMEONE,['Monsta X'],141291,2020,False,,0.8240000000000001,0.449,0.17800000000000002,0.45899999999999996,95.05799999999999
2QqHAiFdDZKFJkr1xCV9dG,MIDDLE OF THE NIGHT,['Monsta X'],166213,2020,False,,0.737,0.764,0.111,0.924,92.044
4lMtnEPuxqMWQg4XuDlK0b,SHE'S THE ONE,['Monsta X'],199312,2020,False,,0.629,0.574,0.268,0.513,164.08
6nxOW44RKSH3OBw6ZP8yuZ,YOU CAN'T HOLD MY HEART,['Monsta X'],181112,2020,False,,0.81,0.574,0.102,0.42200000000000004,134.001
32lyiJgk8LYfVBTkhq7kCW,MISBEHAVE,['Monsta X'],204947,2020,False,,0.5660000000000001,0.385,0.598,0.193,123.39
4Jn4tsMz9vZVeic1enxFiD,BESIDE U (feat. Pitbull),"['Monsta X', 'Pitbull']",188032,2020,False,,0.667,0.669,0.0694,0.40299999999999997,179.891
2TYUwmIG2yjuhcvBvlA0CE,WHO DO U LOVE? (feat. French Montana) - will.i.am Remix,"['Monsta X', 'French Montana']",208683,2020,False,,0.787,0.7509999999999999,0.0263,0.6920000000000001,101.98899999999999
1fluHD4U9ndAMOgyVYYqrk,Check Yo Bitch,['X-Raided'],295973,2000,True,,0.78,0.696,0.182,0.6920000000000001,149.778
1byuyVajNESsrqIeplfdqW,Trial by Fury - Remix,"['Nefarious', 'X-Raided']",268307,2000,True,,0.774,0.727,0.21100000000000002,0.5329999999999999,97.96600000000001
3J2GgmvXAJF5wPh8Dx0evf,Macaframa,['X-Radied'],287693,2000,True,,0.6679999999999999,0.626,0.0257,0.20600000000000002,81.797
1SFxj6Nkh8jmt9sWHMS7O6,Everybody Killa,['X-Raided'],61787,2000,True,,0.867,0.841,0.133,0.9079999999999999,95.255
1PwxKtv6vsrCxKPPe3MejG,His Man Saw It,['Sadat X'],224758,2019,True,,0.836,0.8759999999999999,0.175,0.5660000000000001,94.009
68oZBeMbsVhSSqUxvZi0x9,The Darkness,['Xilent'],265600,2019,False,,0.57,0.745,0.0602,0.373,149.894
3r95qJrlt4Ra1gSzmoroBj,You Rise,['Xilent'],273200,2019,False,,0.514,0.879,0.00232,0.44,150.0
5nD0oOo8p4AmKrdRI4p1uG,Discarded,['Xilent'],189350,2019,False,,0.6779999999999999,0.862,0.0010400000000000001,0.615,150.032
5blAcsDySweqW623ybsByJ,Silent Night,"['Franz Xaver Gruber', 'Agne G']",186587,2018,False,,0.247,0.251,0.934,0.196,80.17699999999998
5cMNrxiflv9FgbyWnJsUPg,XS,['GAZIROVKA'],123871,2019,False,,0.7020000000000001,0.376,0.0897,0.182,90.931
7wDMlpUupb44aYR1dAnOMx,Wastelands,['Xetrovoid'],168900,2017,False,,0.126,0.623,0.479,0.0396,145.349
4BVVW4PnjdUpcEayl3VGj8,Subhumans,['Xetrovoid'],276901,2017,False,,0.195,0.777,8.840000000000001e-05,0.188,69.193
6zl0r8h3y8eBy1StlfB7A3,Still Human,['Xetrovoid'],278022,2017,False,,0.38799999999999996,0.5329999999999999,0.488,0.0364,100.04
3LLqn2txRrfcjzW3fBeY18,Slaughterbots,['Xetrovoid'],245653,2017,False,,0.479,0.8140000000000001,0.000202,0.222,94.98700000000001
4cT9c2UECHrQfg56HyBaig,Guerrilla Warfare,['Xetrovoid'],198856,2017,False,,0.52,0.713,8.02e-05,0.635,69.905
1fM37uIbtvwNApy4ufMgLd,Riot Act,['Xetrovoid'],211522,2017,False,,0.34700000000000003,0.951,0.000212,0.32,175.095
5CgI3AbzK6YSKbcyHSv5vS,Aftermath of War,['Xetrovoid'],190987,2017,False,,0.281,0.461,0.174,0.0394,143.352
1037SLWJPTVYBiZAt9TPbg,1999 - Stripped,"['Charli XCX', 'Troye Sivan']",201447,2019,False,,0.753,0.40399999999999997,0.33399999999999996,0.221,114.07799999999999
6t0lUQqLtQdFBxzddVas4d,Boom Clap - Aeroplane Remix,"['Charli XCX', 'Aeroplane']",316987,2014,False,,0.7809999999999999,0.598,0.0036799999999999997,0.757,115.97
1RuiHk9VGvuIXuBAIRAGP5,Boom Clap - ASTR Remix,"['Charli XCX', 'ASTR']",199187,2014,False,,0.6679999999999999,0.757,0.00541,0.17,103.005
5h96SmVfXfnvBy4jkSLSKX,Boom Clap - Surkin Remix,"['Charli XCX', 'Surkin']",220083,2014,False,,0.614,0.8490000000000001,0.0254,0.473,183.899
6Jwy8TeiZCN5jVpVVfzM9r,Boom Clap - Elk Road Remix,"['Charli XCX', 'Elk Road']",220523,2014,False,,0.672,0.815,0.0613,0.544,95.07600000000001
1XWmngSGHyXMAoBnXVIO11,Boom Clap - Punk Party Remix,['Charli XCX'],332381,2014,False,,0.742,0.746,0.00139,0.737,126.00399999999999
3TeBDiwz0qrBJAFATBcmTx,After the Afterparty (feat. Lil Yachty) - Alan Walker Remix,"['Charli XCX', 'Lil Yachty', 'Alan Walker']",196935,2017,False,,0.595,0.732,0.0728,0.617,93.04700000000001
71bHdDOMw5VBplpxdFX59H,Safe and Sound,['Love X Stereo'],225358,2014,False,,0.349,0.6779999999999999,0.00205,0.245,114.985
6wDTv2XSlz6e0KCXjbqyOG,The Unknown,['BONNIE X CLYDE'],173538,2018,False,,0.48,0.889,0.0672,0.297,129.985
4epV16DRdmmNhIQhYsZWVM,Do It All Over,['BONNIE X CLYDE'],187500,2018,False,,0.514,0.568,0.254,0.304,191.602
5IzXSXiEXFCvt1VTmqP9bc,All for You,['BONNIE X CLYDE'],168923,2018,False,,0.625,0.927,0.0144,0.308,129.938
3cIlKV7ZTkdJFfy6TpLzWA,Live a Little,['BONNIE X CLYDE'],207383,2018,False,,0.619,0.7390000000000001,0.0633,0.369,94.994
67hJdEGA9qk2hyVtVjkZXe,As It Should,['BONNIE X CLYDE'],240000,2018,False,,0.5770000000000001,0.551,0.0415,0.355,128.066
23jLRhcxAjWnOAOqMxJHDQ,God Made Me Phunky,['MD X-Spress'],376627,2019,False,,0.7090000000000001,0.73,5.26e-06,0.353,128.004
2PPKL49LyWp4w3gUPHSphT,Falling,"['YAX.X', 'Delivio Reavon']",321310,2019,False,,0.7909999999999999,0.711,0.00845,0.685,124.00200000000001
5HKrcKEU5IcqQwscL24py8,Xoxo (Love Letter from a Loaded Gun),['Wristmeetrazor'],106613,2019,False,,0.33799999999999997,0.958,5.75e-06,0.272,160.009
36bMLckZiTZAaUEs3VRu4z,RILEY,"['IDK', 'XanMan']",158678,2020,True,,0.843,0.512,0.00314,0.423,136.02700000000002
4UQeq4HUvC5uPEA9pWTgPW,Gone,"['Charli XCX', 'Christine and the Queens']",245480,2019,True,,0.9059999999999999,0.43799999999999994,0.0425,0.64,114.008
3wV6Cd6d1Rt68gPxU1Cfhf,5 Canciones negras: No. 1. Cuba dentro de un piano,"['Xavier Montsalvatge', 'Isabel Leonard', 'Brian Zeger']",288627,2015,False,,0.40299999999999997,0.0639,0.99,0.0396,134.107
07S5zGPOfW8ZpBOzm0p2Nv,5 Canciones negras: No. 2. Punto de Habanera,"['Xavier Montsalvatge', 'Isabel Leonard', 'Brian Zeger']",139840,2015,False,,0.366,0.0543,0.992,0.191,80.18
1cO7QVGpC0AAuKTghEWR42,5 Canciones negras: No. 3. Chevere,"['Xavier Montsalvatge', 'Isabel Leonard', 'Brian Zeger']",126560,2015,False,,0.355,0.0778,0.987,0.0666,65.294
1ioBoxwpFWciWDPLzsWcPv,5 Canciones negras: No. 4. Cancion de Cuna para Dormir a un Negrito,"['Xavier Montsalvatge', 'Isabel Leonard', 'Brian Zeger']",174227,2015,False,,0.20800000000000002,0.028999999999999998,0.987,0.0787,85.994
5Sj5OdW18zOdu8Qby9rUot,5 Canciones negras: No. 5. Canto Negro,"['Xavier Montsalvatge', 'Isabel Leonard', 'Brian Zeger']",83133,2015,False,,0.0,0.248,0.965,0.0,0.0
6tFWMs2FJMi4loy4XlR8bz,Nothing,"['Cooliecut', 'Craig Xen', 'Killstation']",128000,2019,True,,0.722,0.654,0.65,0.55,119.93
3jq1RpStaB1YGyN3rRZGca,Sauce!,['XXXTENTACION'],144724,2019,True,,0.68,0.313,0.5820000000000001,0.405,135.034
15Y949TGjUppdT78h0S49P,Gassed Up!,"['XXXTENTACION', 'Flyboy Tarantino', 'Kid Trunks', 'Bass Santana', 'Kin$oul']",225051,2019,True,,0.843,0.56,0.293,0.47700000000000004,130.032
2WOxBv9WElDqB0opEAbCC4,Touch Eem Body,"['XXXTENTACION', 'Bass Santana', 'Kin$oul', 'Reddz']",187907,2019,True,,0.726,0.419,0.574,0.0644,129.786
3a5Jt4Be7cM8zWUxPYmLNj,PROUD PUPPY LOVER!,['Craig Xen'],117000,2019,True,,0.733,0.754,0.16399999999999998,0.7190000000000001,159.947
7l0ZtXbl2aTvpHuynmiurl,Hi Wendy!,"['XXXTENTACION', 'Bass Santana', 'Kin$oul', 'Kid Trunks', 'Flyboy Tarantino']",188556,2019,True,,0.8640000000000001,0.42100000000000004,0.45299999999999996,0.57,129.785
6juVyvtP06MBOCG7XdidsM,Empty,"['Cooliecut', 'Craig Xen', 'Kin$oul', 'Ski Mask The Slump God']",226286,2019,True,,0.7070000000000001,0.488,0.29100000000000004,0.43,139.89
30cbWWggQqnXRuZ0Xra5iN,Rebirth (2016),"['XXXTENTACION', 'Killstation']",154539,2019,True,,0.55,0.0389,0.983,0.0404,66.82
06mrGGPOPKjBHOGON6i0OT,That Sickness - Chopped & Screwed,"['X-Raided', 'SAC', 'Brotha Lynch Hung', 'Young Meek', 'Psycho Loc']",459094,2017,True,,0.6609999999999999,0.6829999999999999,0.00398,0.479,140.406
7jN8KmSAM1QeaxUZDnTMb9,Wit a Mask On - Chopped & Screwed,"['X-Raided', 'Chopah', 'Da Misses', 'Babe Regg']",547313,2017,True,,0.503,0.7929999999999999,0.22399999999999998,0.172,120.53299999999999
7JP1aAtVEHNghj3xZGTp2Y,Still Shooting - Chopped & Screwed,['X-Raided'],322625,2017,True,,0.618,0.703,0.0026899999999999997,0.573,134.616
3jNU6aJiWidqBXGnjJzd5Z,That Sickness,"['X-Raided', 'Sac', 'Brotha Lynch Hung', 'Young Meek', 'Psycho Loc']",350400,1995,True,,0.7040000000000001,0.86,0.0123,0.523,87.59200000000001
0WjoA3AoG0PhjXsgzvQGlH,Wit A Mask On,"['X-Raided', 'Chopah', 'Da Misses', 'Babe Regg']",389600,1995,True,,0.5579999999999999,0.929,0.29,0.615,79.69
52Id2EYdtcZ86CyV45Kdit,Still Shooting,['X-Raided'],249733,1995,True,,0.5820000000000001,0.878,0.0036299999999999995,0.691,173.945
0sPccB6KhTPnViCM0oGktV,Xenophobia,['disrupt'],67520,2007,False,,0.267,0.997,1.7e-06,0.151,175.047
26sM5QSZE0WBUCJqbCYRSE,Miracle,['XYLØ'],235705,2019,True,,0.55,0.601,0.424,0.489,100.052
46gwMD8DJO8B6jy2C3hEeZ,Pretty Sad,['XYLØ'],199222,2019,False,,0.585,0.619,0.0824,0.337,100.045
5YwuWkEYzzo3sx3CAFJfbm,Nothing Left To Say,['XYLØ'],209362,2019,True,,0.486,0.6409999999999999,0.595,0.7140000000000001,93.459
0wv9RviaI42IHzWaIYfHs1,Blue Light,['XYLØ'],198400,2019,True,,0.5720000000000001,0.6459999999999999,0.297,0.491,150.025
2l3biQROLLCoEcqCeFc9Iq,Should Have Known,['XYLØ'],185482,2019,True,,0.687,0.782,0.307,0.816,104.045
6kBRw6OhSja0LfZdWETGSu,Fireworks,['XYLØ'],219259,2019,True,,0.606,0.569,0.215,0.655,81.02
4tvejslaZsD6Y0pFCWipwJ,God Made Me Phunky,['MD X-Spress'],376627,1994,False,,0.7090000000000001,0.73,5.26e-06,0.353,128.004
1VoALIYZuMe2rHhnK5qBqg,God Made Me Phunky - K-Otic Underground Mixx,"['MD X-Spress', 'Mike Dunn']",427938,1994,False,,0.815,0.825,4.95e-05,0.252,128.00799999999998
0bkZ1AIoYyVd5Af8xH9AFH,God Made Me Phunky - Unreleased Remix,"['MD X-Spress', 'Mike Dunn']",399827,1994,False,,0.792,0.946,6.890000000000001e-05,0.5589999999999999,128.02200000000002
5nvH7C9JsaOEOwoV2qle4a,God Made Me Phunky - Presents The Md X-Spress,"['MD X-Spress', 'Harry Romero']",467520,1994,False,,0.825,0.77,0.00101,0.7390000000000001,126.01799999999999
5QDCniipDF3QYAMBdO22Fv,God Made Me Phunky (Izmabad Vox),"['MD X-Spress', 'Izmabad', 'Karizma', 'Simbad']",349413,1994,False,,0.8079999999999999,0.71,0.0015199999999999999,0.55,125.025
5WnAMjqrOnxQjOlhW8Vqwc,God Made Me Phunky - Franky Rizardo Remix,"['MD X-Spress', 'Franky Rizardo']",333665,1994,False,,0.8009999999999999,0.593,0.0006360000000000001,0.76,122.009
5Jak9Hnva7FEYlAMl4foDp,God Made Me Phunky - Marlon Hoffstadt Acid Mix,"['MD X-Spress', 'Marlon Hoffstadt']",348508,1994,False,,0.799,0.9390000000000001,0.0004940000000000001,0.627,123.992
1FdsUrvZCzv7jgWjESPi9G,God Made Me Phunky - X-Press 2 Pitch Invasion Mix,"['MD X-Spress', 'X-Press 2']",398440,1994,False,,0.6459999999999999,0.885,0.00010800000000000001,0.7190000000000001,127.98700000000001
2gDNAZzo75zSQlktEuevbS,God Made Me Phunky - Accapella,['MD X-Spress'],331533,1994,False,,0.5720000000000001,0.0414,0.693,0.424,164.613
4BMnw7cG9QvDIEW2xHvYpz,Radio,['Xhol'],144507,1999,False,,0.4370000000000001,0.518,0.581,0.355,95.615
2P5ypesxlEnUZPgNqZ5p2o,Leistungsprinzip,['Xhol'],101120,1999,False,,0.33899999999999997,0.436,0.0347,0.316,153.453
03Mb7Lb3uf8btWB2lbfnmv,Orgelsolo,['Xhol'],567280,1999,False,,0.158,0.185,0.992,0.032,102.57700000000001
3038aqz9SOg9HaLKUcBgmW,Side I First Day,['Xhol'],428747,1999,False,,0.29,0.469,0.0432,0.685,79.63600000000002
0KMtWOpMT9bLhlyKbM7EGb,Grille,['Xhol'],417293,1999,False,,0.688,0.053,0.418,0.0555,136.33100000000002
03oL4MqRZJvypsJpblk9ym,Love Potion 25,['Xhol'],791213,1999,False,,0.3,0.563,0.0012699999999999999,0.56,94.104
7i8k8p6iAOZuW67BNZUzbx,Xahoren twet,['Mikel Markez'],122200,2013,False,,0.57,0.47,0.425,0.445,110.227
4z4K1kkbllwKxhtCQAoygg,xo,['Emarosa'],153747,2019,False,,0.669,0.23,0.848,0.413,81.874
0l42kqoxQv5L6LZVqHdc2Q,Dangerous,['The xx'],250000,2017,False,,0.7759999999999999,0.71,0.00224,0.569,119.978
2C5YDhSJqLFCHrymIBzNSg,Say Something Loving,['The xx'],238373,2017,False,,0.627,0.7240000000000001,0.29600000000000004,0.389,130.08100000000002
5hnx6uqwVsIj7L8D4ME4Li,Lips,['The xx'],200627,2017,False,,0.522,0.589,0.494,0.187,173.952
2wGwNMirSo326drCxmx42v,A Violent Noise,['The xx'],227467,2017,False,,0.55,0.42200000000000004,0.747,0.14,119.344
1Gs2sAOyBIJKxgkBsU4C4m,Performance,['The xx'],246013,2017,False,,0.27899999999999997,0.313,0.4920000000000001,0.0587,85.904
61WE54H3MD9N5P56Mpr6TN,Replica,['The xx'],249000,2017,False,,0.623,0.44,0.469,0.512,79.97800000000002
1MYx4sSSEvXahvVwf4R87B,Brave For You,['The xx'],253093,2017,False,,0.54,0.418,0.664,0.284,134.759
5w3CRkbTWXfbYepIdFpGUN,On Hold,['The xx'],224133,2017,False,,0.723,0.669,0.0522,0.349,125.053
3pAw0BXL8acShtjUwLosw8,I Dare You,['The xx'],233280,2017,False,,0.752,0.5429999999999999,0.622,0.27899999999999997,126.00200000000001
3Ho6BPy19x7QcFYW9e877B,Test Me,['The xx'],235827,2017,False,,0.254,0.177,0.904,0.0395,119.79
1d74bduYk125081guj72W7,New Machine,['Xetrovoid'],269735,2018,False,,0.494,0.495,0.00505,0.205,89.992
4M9aNfUdzuyPpE78n4Z6m5,Self-Destruct,['Xetrovoid'],245086,2018,False,,0.524,0.578,0.0029,0.159,130.019
4IVH6uhmEtGaoeBwmzHej1,Ghost City,['Xetrovoid'],283339,2018,False,,0.29100000000000004,0.524,0.845,0.0379,119.975
443PlfG1NEmHkD9s3XWUzO,Night Strike,['Xetrovoid'],206054,2018,False,,0.237,0.6779999999999999,0.0166,0.159,164.923
114H3lZJhxJN5coE8c6jxu,Redux,['Xetrovoid'],318880,2019,False,,0.535,0.74,0.0377,0.0362,124.96700000000001
14ZstcP4wvPECBNHBCz8kf,Onslaught,['Xetrovoid'],277500,2019,False,,0.546,0.66,0.0075299999999999985,0.106,119.98899999999999
4KvC6OAXTuPdqxhrnAyOc4,Silent Killer,['Xetrovoid'],212536,2019,False,,0.565,0.735,0.0137,0.193,118.99799999999999
6hg7eV9XUlY6AMyCQk9oSG,Voracious Machines,['Xetrovoid'],232090,2019,False,,0.46,0.917,0.0099,0.24600000000000002,74.997
4eLDj15DwHFCBoNEF3DTTr,Emerging from Beneath the Metropolis,['Xetrovoid'],259333,2018,False,,0.35200000000000004,0.774,0.154,0.163,90.007
1CceRpgDPPi6FALXK8Oxnt,Cyborgs Take Over the Metropolis,['Xetrovoid'],175284,2018,False,,0.57,0.846,0.009170000000000001,0.331,145.03799999999995
7oWGT7EMC1yP8qTzejxzHO,Stealth Mission Inside the Neon District,['Xetrovoid'],197058,2018,False,,0.57,0.705,0.00518,0.28600000000000003,104.994
2YRnY4bJrt9b3vZeWs1yKQ,Fastlane Pursuit,['Xetrovoid'],204086,2018,False,,0.506,0.89,0.00955,0.262,139.988
036zXOjvPWKe0lspwznoc8,Under a Steel Sky,['Xetrovoid'],237315,2019,False,,0.406,0.46399999999999997,0.507,0.0869,171.96400000000003
3FBvMO5cXEkuOX9cTXMwrC,In the Quietness of the Night,['Xetrovoid'],247391,2019,False,,0.556,0.526,0.93,0.0783,100.001
5x2AoObo1Z1DwtREg15Dwf,Night Patrol,['Xetrovoid'],245830,2019,False,,0.4270000000000001,0.778,0.00366,0.22399999999999998,159.99200000000005
5IPYznataMayn3KQyD9RoG,Night Vision,['Xetrovoid'],205000,2019,False,,0.444,0.6920000000000001,0.122,0.156,99.986
22eqm9weKwvk9xjIFkmxEw,Nocturnal Encounter,['Xetrovoid'],315000,2019,False,,0.555,0.28,0.23800000000000002,0.0394,100.008
6zcI4CI1TinHsXZGGF7xba,Ghost City,['Xetrovoid'],283339,2019,False,,0.353,0.469,0.8370000000000001,0.0382,119.932
19ZkgRetdMO1NLwsUYHiL6,Memento,['Xetrovoid'],213200,2019,False,,0.431,0.5529999999999999,0.439,0.153,75.01100000000002
2MqQpLPmQkLoVd7tq3We24,Before Dawn,['Xetrovoid'],268871,2019,False,,0.298,0.486,0.8909999999999999,0.205,170.024
3VMIjSWsOOrWm6DYdGm76J,Still Human,['Xetrovoid'],278022,2019,False,,0.38799999999999996,0.5329999999999999,0.488,0.0364,100.04
1VM5xF8DSEc8lheJezDZVk,Aftermath of War,['Xetrovoid'],190987,2019,False,,0.281,0.461,0.174,0.0394,143.352
2U3NEFVoFFGzr5iVHfGyge,A Vision from the Past,['Xetrovoid'],217462,2019,False,,0.504,0.698,0.525,0.10800000000000001,130.01
2i81lybHw6Il1R5znGSofd,Drive Away,['Xetrovoid'],196906,2019,False,,0.569,0.578,0.331,0.135,94.985
4EjYXzbNrJ3HXmfvxuYrKi,Streetz Most Wanted,"['PM', 'XO All STARS']",197016,2017,True,,0.6729999999999999,0.782,0.425,0.6759999999999999,89.736
5HH2t6X8hv751fefiypQKC,Act Up,"['PM', 'XO All STARS']",220604,2017,True,,0.946,0.33899999999999997,0.0449,0.86,100.069
0UGav1W5SAVpN6xZkH6KK3,Reckless Abandoned,"['PM', 'XO All STARS']",235886,2017,True,,0.7190000000000001,0.6609999999999999,0.0823,0.527,90.066
0g4gy0eo57wJrmfJTP9wTF,Its Like That,"['PM', 'XO All STARS']",223582,2017,True,,0.675,0.456,0.46299999999999997,0.7170000000000001,90.038
1e8wm5NdnoUWmCJHcf3Iun,Fo' real,"['PM', 'XO All STARS']",210077,2017,True,,0.8740000000000001,0.555,0.589,0.805,99.96
6NenFXCwobOxzt5ilML8PQ,Family Ties,"['PM', 'XO All STARS']",267624,2017,True,,0.7120000000000001,0.569,0.467,0.639,90.17200000000001
2NFIRmodDCLesx9DV9fNKY,Slide,"['PM', 'XO All STARS']",266371,2017,True,,0.905,0.384,0.0493,0.774,90.132
5S4XawHbJbcp1F5m7HZtnX,Jerz,"['PM', 'XO All STARS']",187507,2017,True,,0.83,0.375,0.568,0.738,129.951
4FSWL7hvJbfeQhSUn2KmbD,Leave Me Lonely,"['PM', 'XO All STARS']",199889,2017,True,,0.59,0.43,0.0891,0.311,178.144
3cia2rDjBbL0rlzqhWchGr,Triple Homicide,"['PM', 'XO All STARS']",235337,2017,True,,0.685,0.489,0.337,0.9470000000000001,89.22
6gzLZT4yBSo0MEvhar8vcV,Stick Together,"['PM', 'XO All STARS']",281992,2017,True,,0.7,0.166,0.7290000000000001,0.43799999999999994,135.865
6l85PH9ZehXVdVEZf7SVZm,Ya'll Don't Know (Street Mix),"['PM', 'XO All STARS']",218227,2017,True,,0.76,0.496,0.0907,0.488,92.708
7ocNQTXBef16HBRUKEyprl,We Here Now,"['PM', 'XO All STARS']",276114,2017,True,,0.866,0.593,0.539,0.6809999999999999,89.95200000000001
1O8igrM5YdYCRet3AGxltr,Unfortunate,"['PM', 'XO All STARS']",283324,2017,True,,0.785,0.642,0.604,0.496,89.941
1Kjto4SUIdRc3lGOmvAilS,Unleashed,['Xetrovoid'],222503,2019,False,,0.461,0.961,9.570000000000001e-05,0.154,102.486
768l1uEDls1Pa2USTUVkZf,Hunt Mode,['Xetrovoid'],252843,2019,False,,0.563,0.59,0.00742,0.057999999999999996,109.024
4YQlTwAGuimuuptRlanE3Z,Flashbacks,['Xetrovoid'],236667,2019,False,,0.534,0.616,0.0109,0.43,90.001
3ZYg2LS06FuetZLqMtLWUS,Corrupted Automatons,['Xetrovoid'],189231,2019,False,,0.601,0.8220000000000001,0.0008210000000000001,0.321,129.951
5II3wdsI8o8WsrSjrOY5C5,The Rise of a New Breed,['Xetrovoid'],278539,2019,False,,0.43799999999999994,0.924,0.00328,0.138,155.003
0MolJ8Uo2UkQKED6DK8RvO,The Darkness,['Xilent'],265600,2019,False,,0.57,0.745,0.0602,0.373,149.894
62JBV3bUIaYRjF7qRHSpZY,Xavlegbmaofffassssitimiwoamndutroabcwapwaeiippohfffx,['Xavlegbmaofffassssitimiwoamndutroabcwapwaeiippohfffx'],39699,2018,True,,0.353,0.9129999999999999,3.47e-05,0.21600000000000005,133.035
3oBWTymFl53P3KAy1P6ThI,Space Cowboys,['Xavlegbmaofffassssitimiwoamndutroabcwapwaeiippohfffx'],201190,2018,True,,0.18600000000000005,0.927,6.46e-06,0.299,76.703
0glG3vrsqOEqBtMAsGLZVG,Sentient Black Hole,['Xavlegbmaofffassssitimiwoamndutroabcwapwaeiippohfffx'],159086,2018,True,,0.162,0.8959999999999999,6.720000000000001e-05,0.273,174.975
3RMwvTamzKbAZpkYMiEX2O,March of the Ants,['Xavlegbmaofffassssitimiwoamndutroabcwapwaeiippohfffx'],171000,2018,True,,0.48200000000000004,0.705,2.1899999999999997e-05,0.182,119.899
2olbyoIHo2PeSUcBps1K9u,Children of the Swine King,['Xavlegbmaofffassssitimiwoamndutroabcwapwaeiippohfffx'],156000,2018,True,,0.198,0.9129999999999999,0.00023199999999999997,0.444,199.645
0uTDhUDVOaWAzU8MprOEAo,Exhumed Skeletal Uprising,['Xavlegbmaofffassssitimiwoamndutroabcwapwaeiippohfffx'],164188,2018,True,,0.345,0.955,6.33e-06,0.261,120.14399999999999
1Djlcx6BPQwTRotWYBjkdd,Smokebreak,['Xavlegbmaofffassssitimiwoamndutroabcwapwaeiippohfffx'],55038,2018,False,,0.40700000000000003,0.95,6.3e-05,0.172,132.004
1l2z1PuITwrCi0dD8woF5i,Veil of Moonlight,['Xavlegbmaofffassssitimiwoamndutroabcwapwaeiippohfffx'],234587,2018,True,,0.287,0.7959999999999999,0.00122,0.124,174.872
5Q46m8uuAeMxaCliMJjniR,Strainus Diabolica,['Xavlegbmaofffassssitimiwoamndutroabcwapwaeiippohfffx'],178000,2018,False,,0.489,0.903,0.000256,0.369,120.03
1hhAAzfk40Ji1yWoST484B,Surfs Up Goths,['Xavlegbmaofffassssitimiwoamndutroabcwapwaeiippohfffx'],152580,2018,True,,0.221,0.9540000000000001,2.3899999999999998e-05,0.22699999999999998,107.001
6bCsPphrRaUjpBjDpRGvmR,The Library Murders,['Xavlegbmaofffassssitimiwoamndutroabcwapwaeiippohfffx'],122286,2018,True,,0.645,0.7879999999999999,0.0294,0.5870000000000001,105.061
3Gd5YHNfB2vgtqPkgbVil5,Monkey Noises,['Xavlegbmaofffassssitimiwoamndutroabcwapwaeiippohfffx'],237685,2018,True,,0.24,0.96,6.27e-06,0.289,106.214
0zcv18zanuj8U6BUhFXrbL,Plague of the Ant-Binders,['Xavlegbmaofffassssitimiwoamndutroabcwapwaeiippohfffx'],247616,2018,True,,0.278,0.9,6.61e-05,0.344,106.26899999999999
5Hj86NqGRBGD45H4Ga0Kku,Into the Endless Void,['Xavlegbmaofffassssitimiwoamndutroabcwapwaeiippohfffx'],279000,2018,True,,0.47200000000000003,0.9279999999999999,1.28e-05,0.345,120.023
7mWkaUV5ZAgfjp4tOsDZsF,Sell Your Soul,['Xavlegbmaofffassssitimiwoamndutroabcwapwaeiippohfffx'],224582,2018,True,,0.386,0.9129999999999999,4.820000000000001e-05,0.327,111.177
2NNTPCGPRf1FMARt3nYh8O,Worst Smokebreak Ever,['Xavlegbmaofffassssitimiwoamndutroabcwapwaeiippohfffx'],55940,2018,True,,0.381,0.858,1.55e-05,0.21899999999999997,132.937
5ZL9Oy0YpSWIGMrIl1mFps,Hot Box Suffocation,['Xavlegbmaofffassssitimiwoamndutroabcwapwaeiippohfffx'],217082,2018,True,,0.175,0.894,0.00016999999999999999,0.307,174.967
5f5Jkb9SQGX8iSsFzakXKM,Consume the Cosmos,['Xavlegbmaofffassssitimiwoamndutroabcwapwaeiippohfffx'],180868,2018,False,,0.32,0.426,0.883,0.0345,87.333
2gS0Tis6DHHmeRSDykapCR,Xero Line Crisis,['Vatican'],223394,2019,True,,0.40299999999999997,0.975,8.59e-06,0.16,159.941
2NHRGAKqksKZzvKgJ79CgB,Ghost Busters,['Xentrix'],168493,1990,False,,0.252,0.975,0.000303,0.35700000000000004,164.702
6IvVcYz1ZU0LRvySpcnQfB,Nobody's Perfect,['Xentrix'],228000,1990,False,,0.272,0.9109999999999999,8.4e-05,0.6,161.15200000000004
4aOx4tWs0TmmqAzfuXjHAP,Interrogate,['Xentrix'],194507,1990,False,,0.32899999999999996,0.963,0.000242,0.43799999999999994,107.314
1jfEC5uhb7mUyX982plPVv,No Compromise,['Xentrix'],186667,1989,False,,0.273,0.98,0.000131,0.48100000000000004,100.428
5ZixT30eaLnGUNWCDMYQqP,Balance of Power,['Xentrix'],317467,1989,False,,0.27,0.9520000000000001,0.00021,0.624,175.75799999999995
3GfnkG91Fwxjdt3HmbhWqt,Crimes,['Xentrix'],341573,1989,False,,0.35700000000000004,0.9620000000000001,3.46e-05,0.629,159.752
2J1AatFj37CBL7dO7TIHNB,Back in the Real World,['Xentrix'],241493,1989,False,,0.321,0.971,0.000489,0.371,155.645
2mW8Q8GCFQmiyUjCB77WBd,Dark Enemy,['Xentrix'],254240,1989,False,,0.222,0.985,6.7e-06,0.612,98.273
3YCMCfA7j0K8Fyfmh0Gjcy,Bad Blood,['Xentrix'],308760,1989,False,,0.29600000000000004,0.956,1.56e-05,0.401,106.774
79EdPSgxpQ7gvOwGjSJqP9,Reasons for Destruction,['Xentrix'],334800,1989,False,,0.276,0.973,1.7899999999999998e-05,0.48700000000000004,108.17200000000001
2Zyyif54IZgzChsjtZTaX0,Position of Security,['Xentrix'],308200,1989,False,,0.313,0.95,7.96e-05,0.41700000000000004,132.643
10ndtUzUpHFjpwkSF9mntQ,Heaven Cent,['Xentrix'],311973,1989,False,,0.256,0.968,4.120000000000001e-05,0.605,104.488
3XEaGlmQ7liOGOYSGzMdhP,Questions,['Xentrix'],309800,1990,False,,0.33899999999999997,0.797,9.31e-05,0.429,116.389
5T16AVpiP12pS4Yk95ZfPt,For Whose Advantage?,['Xentrix'],381840,1990,False,,0.337,0.745,0.000165,0.4970000000000001,124.853
64vqn8tH2rsM1kvvayHp0c,The Human Condition,['Xentrix'],217693,1990,False,,0.47,0.85,0.0006360000000000001,0.503,109.934
1yMZWyJw5W8p8BrjfgdV54,False Ideals,['Xentrix'],349400,1990,False,,0.455,0.8170000000000001,0.00131,0.43799999999999994,108.801
6URuMuTkt7Wy0f9ppbi4mV,The Bitter End,['Xentrix'],318667,1990,False,,0.358,0.7120000000000001,0.000149,0.32299999999999995,123.557
5OeViC0v9K1Jc1QT9k0MCp,New Beginnings,['Xentrix'],76907,1990,False,,0.727,0.11199999999999999,0.919,0.326,109.49600000000001
0duJhHfynwGHhbzCaO3amp,Desperate Remedies,['Xentrix'],290067,1990,False,,0.444,0.7490000000000001,0.00043,0.562,106.064
5mDi3tzfwnZT4zMMrrZU1T,Kept in the Dark,['Xentrix'],253560,1990,False,,0.37799999999999995,0.742,0.00046100000000000004,0.573,119.557
5VbjP4vSZPW5WbBxu1O6Uw,Black Embrace,['Xentrix'],231507,1990,False,,0.364,0.835,8.26e-05,0.428,109.685
4589ecnyKemQmtqBbrGsrF,Running White Faced City Boy,['Xentrix'],167200,1990,False,,0.4270000000000001,0.7809999999999999,0.00023700000000000001,0.531,119.031
4SuGGx9Hmg1xGTBiZBG7fX,The Order of Chaos,['Xentrix'],280027,1992,False,,0.488,0.64,0.000153,0.299,145.724
4nfF4kx813lV6YMboiC8ui,A Friend to You,['Xentrix'],293507,1992,False,,0.62,0.73,0.00035,0.545,135.795
2VoVZC0IIvO425BCllHS9c,All Bleed Red,['Xentrix'],208333,1992,False,,0.47700000000000004,0.9540000000000001,0.000162,0.345,107.116
0FNZSgUAKEy8ahyDIlNQqS,No More Time,['Xentrix'],416573,1992,False,,0.40700000000000003,0.4370000000000001,0.0139,0.177,126.31700000000001
7kGbR98SqO73rBODbDywVL,Waiting,['Xentrix'],270960,1992,False,,0.365,0.624,0.000135,0.526,145.09799999999996
32KYl8XUy8OorV8XiR4WJb,Come Tomorrow,['Xentrix'],336133,1992,False,,0.546,0.725,0.00716,0.222,97.021
1zAhvD6LgdGHsVicdBHg8s,Release,['Xentrix'],329173,1992,False,,0.345,0.787,0.00259,0.386,131.713
5Z70TX1maUC3ypjTgppa4s,See Through You,['Xentrix'],368027,1992,False,,0.645,0.45399999999999996,0.000394,0.321,120.71600000000001
3Kfz9zQUqR8xERriXNK0hw,Another Day,['Xentrix'],289733,1992,False,,0.643,0.93,0.00033999999999999997,0.341,106.12799999999999
6eL4FBJKMQ5wkouTPFx633,XTC Acid,['SOPHIE'],191950,2019,False,,0.758,0.7490000000000001,0.0011300000000000001,0.57,129.955
1nI59vdwggZMpI123JgD2J,February 2017 (feat. Clairo and Yaeji),"['Charli XCX', 'Clairo', 'Yaeji']",153093,2019,False,,0.6920000000000001,0.506,0.0434,0.48200000000000004,119.882
6iW5pbOAevzr1h2JfdJYpn,Warm (feat. HAIM),"['Charli XCX', 'HAIM']",225267,2019,False,,0.518,0.58,0.406,0.396,117.501
534MknsY9iu9hWgPReMt1y,Meet Me in St Louis: Have Yourself a Merry Little Christmas (arr. for wind ensemble),"['Anonymous\xa0', 'Hugh Martin', 'Dallas Wind Symphony', 'Jerry Junkin']",296813,2012,False,,0.23,0.0465,0.929,0.0569,89.152
4mtt66YuGm3Zh5KCDGyhF4,Paris Is Burning,['Xciter'],239613,2008,False,,0.233,0.932,8.590000000000001e-05,0.107,114.616
5bNb3u4uJ7uAb15eadnlRH,Break,['Xephyr'],255147,2014,False,,0.574,0.778,0.0103,0.413,136.19
0rVOHaIOFcZ3uDiOMGhLtQ,Story,['Xephyr'],249560,2014,False,,0.397,0.691,0.00704,0.7440000000000001,81.986
0cxsX6na9rSrHv3n3JEeMd,Moist,['Xephyr'],242133,2014,False,,0.511,0.904,0.00013700000000000002,0.505,92.02
1LXfxTYccLUgcHBGpimI1n,Invisible,['Xephyr'],277880,2014,False,,0.475,0.5870000000000001,0.000998,0.32899999999999996,173.903
6f4wLnkksH46ykoeZffYQz,I Forgot Her Name,['Xephyr'],150387,2014,False,,0.5920000000000001,0.868,0.000308,0.703,95.014
20Sjm2XO7cPcdU2I5t3tyw,You're in the Hole,['Xephyr'],285627,2014,False,,0.518,0.795,0.0049,0.442,77.51899999999998
0detgORNKxirzRNU4TVKnK,Black Belt Belligerence,['Xephyr'],234880,2014,False,,0.455,0.867,0.00103,0.619,179.94799999999995
1FPxygA1TkmK9OXJsLsLkh,Zombie Song,['Xephyr'],210000,2014,False,,0.51,0.746,0.00209,0.361,148.032
3iwA9JFXGwWVZbZwId2jCq,X-Rated - James White Mix,['Psyche'],270973,2004,False,,0.61,0.654,0.00114,0.903,123.98100000000001
7C4lbgfGAqOyrax5fHIQef,Silent Night,"['Franz Xaver Gruber', 'Arthur Fiedler']",143933,1987,False,,0.081,0.0771,0.978,0.1,66.59100000000001
090kfPjAAZQFeAUKJnm3a2,Hard Bass Star,['XS Project'],240800,2018,False,,0.6729999999999999,0.935,0.00212,0.534,150.009
0jdC2Wd6BlXJiKWNYnvaWf,Squat,"['XS Project', 'Karate']",220900,2018,False,,0.7070000000000001,0.8340000000000001,0.000386,0.325,149.971
3G9dvrxxx8QLQdO6CPZKIo,Russia Is Rave,['XS Project'],286500,2018,False,,0.6970000000000001,0.862,0.0019399999999999999,0.557,149.985
6IWX1pVPGOPsKQ45mJhEei,Fat Albert,['XS Project'],284900,2018,False,,0.6779999999999999,0.9790000000000001,0.00589,0.94,150.00799999999995
3ntnQdL7EkN2fsTIjcdZuJ,Red Roubles,"['XS Project', 'Life of Boris']",238500,2018,False,,0.741,0.879,0.0057799999999999995,0.779,150.046
2qCgasYIHa19hiRPg6gPxw,Meanwhile in Russia (Take Me to Russia),['XS Project'],264100,2018,False,,0.795,0.981,0.00414,0.905,149.999
1LiiOFWUr8RGXSlOhQEUxr,V Kashu,"['XS Project', 'Hard Bass School']",192052,2018,False,,0.7959999999999999,0.995,0.0109,0.499,150.019
4APU7YaPny8mV0kNAHRiFY,Lincoln,['XS Project'],210500,2018,False,,0.682,0.978,0.00315,0.871,150.013
56X1NYhBtFbOuBG0iSwDcx,Turbulence (feat. Steel Deluxe),"['XS Project', 'Steel Deluxe']",222400,2018,False,,0.6970000000000001,0.779,0.000239,0.501,74.984
0Y3ZWYlMw4RDjhD5gzzMFh,Gangsta (feat. Andrian),"['XS Project', 'Andrian']",226254,2018,False,,0.746,0.889,0.000462,0.792,149.983
4fCwLQcpJtZoQPcbQmZTOy,Cocaine (feat. Konnekt),"['XS Project', 'Konnekt']",285492,2018,False,,0.743,0.831,0.003,0.514,150.07
15HAHUaIiFASlDtNXdHrbZ,Fu Manchu,['XS Project'],280100,2018,False,,0.602,0.992,0.0273,0.414,149.96200000000005
3mZggaqpsMWkhihcjqgSM9,Yaitsa,['XS Project'],267494,2018,False,,0.654,0.9940000000000001,0.00035099999999999997,0.595,150.001
5pa9lRTf8mvq0eVtJFHWAp,Spb Hardcore,"['XS Project', 'Hard Bass School']",270800,2018,False,,0.8290000000000001,0.909,0.0983,0.873,150.004
5arDqfLG5ZrWKqkOrHDb1v,Like It (feat. Spb Hard Bass Mafia),"['XS Project', 'Spb Hard Bass Mafia']",309000,2018,False,,0.7390000000000001,0.805,0.0009689999999999999,0.657,150.009
7eonhZIIOz4gPWNdHfKG8C,Fucking Move,['XS Project'],257600,2018,True,,0.611,0.9079999999999999,0.000394,0.10099999999999999,150.033
31nUxv3qItyTNcBpU9bbY1,Pumping Party,['XS Project'],316800,2018,False,,0.7509999999999999,0.847,0.00155,0.648,150.013
4qETC0RVc1rZzNi8aQH71u,Fight Me (feat. Alateya),"['XS Project', 'Alateya']",294400,2018,False,,0.774,0.963,0.00028399999999999996,0.91,149.99200000000005
4JuoaZa8nVA1RIfKZhZZ8A,Hooligans,['XS Project'],229700,2018,False,,0.588,0.958,0.000167,0.882,75.003
26HeDS3NhfUsa7xQARUEcS,Symphony,['XS Project'],275200,2018,False,,0.677,0.902,0.00403,0.278,149.995
6nUOkpUn97OU9Bw6e8v5wM,Lifeline,['XS Project'],322400,2018,False,,0.738,0.89,0.00238,0.33,149.93
3eMgUHYfXbnc61NPcAb1xw,Xamca,['Orgonite'],173250,2017,False,,0.588,0.873,0.0008990000000000002,0.653,150.02
0mwmPoXjoWXlieyAuQR48S,XO,['Capulets'],200000,2019,False,,0.504,0.8,0.004220000000000001,0.43,142.10399999999996
2QmUNh7mDtKpi7vuzMykv2,Zikr (excerpt),"['Sheikh Xhemail Shehu', 'members of the Prizren Rifa’i tekke']",164547,2019,False,,0.542,0.0554,0.9940000000000001,0.27,122.43299999999999
7nRDJiovGMzgQ7uQIpCbq2,Covergirls,['Xyzsa Love'],283000,2018,False,,0.519,0.0739,0.909,0.349,88.926
3MBREKIOBt3oXDH2N05QBV,Can't Seem to Find You,['Xyzsa Love'],292500,2018,False,,0.495,0.0224,0.893,0.225,131.954
07XkT5jfoLnuBaXv1c6b4m,You Make Me Jealous,['Xyzsa Love'],190500,2018,False,,0.491,0.0669,0.91,0.405,172.965
61CtKYGA3rruwDQ6YfGxhx,A Mother's Love,['Xyzsa Love'],243000,2018,False,,0.467,0.0523,0.927,0.175,112.73200000000001
0zf6sGOuPIfvga87ddWJTj,One That I Miss,['Xyzsa Love'],222500,2018,False,,0.536,0.0976,0.9329999999999999,0.518,125.78
0eCGvok4dApaB6TeP0D44a,Even If ...,['Xyzsa Love'],225000,2018,False,,0.435,0.107,0.812,0.322,82.569
0MWD15JSB6rDCSIPbW2pIJ,Offering to You,['Xyzsa Love'],328500,2018,False,,0.26,0.0314,0.892,0.10300000000000001,76.90899999999998
3Rk23GoOP5UiYLkwKYmTfF,Fazed,['Xyzsa Love'],217000,2018,False,,0.653,0.126,0.855,0.6709999999999999,91.225
1m5KyeGEz3lL8NdZTMHwWN,For the World to See,['Xyzsa Love'],258000,2018,False,,0.452,0.057,0.873,0.201,111.07600000000001
3kB5SNMwipZeO0KXAqdkLL,Love Is the Name of the World,['Xyzsa Love'],226000,2017,False,,0.605,0.183,0.868,0.489,82.52799999999998
0kT4ecNvKx1kgd5FwyNyJ2,Times Two,['Xyzsa Love'],198018,2017,False,,0.424,0.129,0.8390000000000001,0.253,158.125
1M7FrlhUYXojngvJ6Ye5mT,Medi-Sin,['Xyzsa Love'],300000,2017,False,,0.47200000000000003,0.0649,0.863,0.287,123.21799999999999
0h5zhRuU1024uJA7hxg0tW,Beautiful You,['Xyzsa Love'],256022,2017,False,,0.48100000000000004,0.14,0.8490000000000001,0.292,154.467
4cCG6kMjSC7UtKftmxXS1M,Something Bigger,['Xyzsa Love'],205518,2017,False,,0.623,0.265,0.85,0.5589999999999999,114.512
6WXyBEPIVeKp32IVnWyaNh,Fighter Bound,['Xyzsa Love'],200493,2017,False,,0.496,0.21600000000000005,0.809,0.34,93.941
2iHfz66VpuqQf2TuZs6eef,Chasing the Moon,['Xyzsa Love'],220008,2017,False,,0.48100000000000004,0.0968,0.86,0.336,80.796
0D9PxROs0unAcY9yR1FUXR,Ain't Our Last Goodbye,['Xyzsa Love'],307013,2017,False,,0.39299999999999996,0.147,0.85,0.177,149.843
26DvkiTQAYMu1F8QTOrnHR,A Miracle of Love,['Xyzsa Love'],200503,2017,False,,0.501,0.076,0.951,0.409,127.05799999999999
3BJFC3gPTmwdQpr367msYb,Ikat,['X-Altera'],613440,2020,False,,0.6,0.94,0.0134,0.45899999999999996,150.005
4xWPq5jY7U989VSav0LJ2o,Revenge of the Nerds V,['XV'],201560,2019,True,,0.501,0.732,0.0296,0.6579999999999999,162.333
6HYEjgk2e8jRxM7dINIGc2,The Instrumental,"['XV', 'Freddy High', 'Sez Batters']",168666,2019,True,,0.758,0.625,0.127,0.69,81.945
1DHKS8odtdTg5LBYxsWzDj,The Wave,"['XV', 'Freddy High', 'Sez Batters']",220795,2019,True,,0.882,0.5770000000000001,0.0724,0.33299999999999996,115.12
2I2ehIDdyhF1hf8En0NBXy,The Death,"['XV', 'Freddy High', 'Sez Batters']",280966,2019,True,,0.7290000000000001,0.7709999999999999,0.0634,0.7929999999999999,175.933
2BmFrYGO9vtWPYV537ZY5l,Bat Signal,"['XV', 'Freddy High', 'Sez Batters']",335245,2019,True,,0.7120000000000001,0.522,0.135,0.3720000000000001,71.535
2kfU2fjBc4XPTh2mYocE9I,Sex and Dying In High Society,['X'],135267,2018,False,,0.29100000000000004,0.8740000000000001,0.00114,0.65,197.273
566ukJEPfnQTRjSfnERtPn,The Have Nots,['X'],286920,2018,False,,0.4370000000000001,0.835,0.0545,0.693,155.814
6uezIjlIJ1h2rAOeQeDVox,The Hungry Wolf,['X'],226680,2018,False,,0.319,0.807,0.0010400000000000001,0.601,118.09700000000001
2FLwNgqVgUtGB1fnBYjggI,Los Angeles,['X'],144787,2018,False,,0.614,0.755,0.0162,0.645,92.62200000000001
7aW6ExxM91vDICmf6ca3Gj,Тебе все можно - XDMX Remix; Live в Санкт-Петербург,['Artik & Asti'],280901,2018,False,,0.69,0.978,0.0148,0.4320000000000001,125.98200000000001
6uaqTfkMO0EZjr2Qh2Vktg,Тебе все можно - XDMX Remix,['Artik & Asti'],281905,2016,False,,0.754,0.852,0.00646,0.447,125.99700000000001
2gGTyVhUUSo6QyIMWOGZqy,Xana,['Avalanch'],337613,2001,False,,0.47700000000000004,0.972,0.00101,0.292,150.061
2ArwmGwQpP5T32Bmt6KzQX,Headkeeper (feat. Dethphyr) - Remastered,"['D-Xtreme', 'Dethphyr']",309517,2017,False,,0.406,0.895,0.00134,0.0782,144.993
6X6ggmIau8dIiBe02ZOIxV,Virus - Remastered,['D-Xtreme'],311553,2017,False,,0.631,0.985,0.222,0.0737,160.96200000000005
0YkibPCSmG9uNNoYpfJemo,Oxygen and Combustion (feat. Dethphyr) - Remastered,"['D-Xtreme', 'Dethphyr']",373338,2017,False,,0.617,0.9540000000000001,0.0015400000000000001,0.41200000000000003,144.002
2RpfCipxXwNa1RUyH2E9uw,Anti-Social (feat. Nocternal) - Remastered,"['D-Xtreme', 'Nocternal']",318133,2017,False,,0.551,0.9359999999999999,9.63e-06,0.42,152.562
7gN8K6Zz65hpLB958ALRfR,Stay The Course (feat. Dethphyr) - Remastered,"['D-Xtreme', 'Dethphyr']",232500,2017,False,,0.575,0.645,0.033,0.218,160.014
7Jz4OKz7o2HwxQoujf9m0P,Technological Terror - Remastered,['D-Xtreme'],354000,2017,False,,0.48700000000000004,0.878,7.41e-05,0.509,165.05900000000003
3bHbMrm6e9iadQ92Cyjds5,This Is The Sound Of The Underground - Remastered,['D-Xtreme'],279613,2017,False,,0.485,0.948,0.0027,0.38299999999999995,167.338
0nyaT4aZq8VvASQoVW22Oh,Insanity - Remastered,['D-Xtreme'],331202,2017,False,,0.41,0.821,0.057,0.0783,175.025
4SDEmlPSOOXXSpsDmDhula,Leave Me In The Dark - Remastered,['D-Xtreme'],293467,2017,False,,0.563,0.9690000000000001,0.159,0.195,164.875
5WH9D9tIRxjozxmgH9lJH7,Kill You For Free - Remastered,['D-Xtreme'],313747,2017,False,,0.66,0.9520000000000001,0.000192,0.32799999999999996,161.959
3uVpJBqvEWCZqf5L3tRzcn,I'm Eternal - Remastered,['D-Xtreme'],303440,2017,False,,0.306,0.925,0.00038199999999999996,0.039,169.317
19MaCtjiBvhz5KNw4xGmlP,Inner Dimension - Remastered,['D-Xtreme'],325337,2017,False,,0.527,0.988,0.11900000000000001,0.253,179.97799999999995
5xWpYTshxwEdKCGTbFuh8j,Drag Me To Hell - Remastered,['D-Xtreme'],288005,2017,False,,0.425,0.96,0.225,0.531,174.998
0ibAzE9qPtPrtRZ9uiLUrI,Satanic Mantra - Refix,['D-Xtreme'],234514,2017,False,,0.46,0.9940000000000001,0.000259,0.37,175.0
2z0XbjWK1L57Ni7GTPNlfw,The Clock Is Ticking - Remastered,['D-Xtreme'],313249,2017,False,,0.484,0.741,0.000814,0.29,159.235
2wc8EpuVPOSdAfTU5YwDF4,Don't Fuck With Me - Remastered,['D-Xtreme'],285095,2017,False,,0.541,0.7290000000000001,0.00889,0.242,165.00099999999995
5PsVgI8dil93FIW0We8tLd,As Hard As It Gets - Remastered,['D-Xtreme'],356800,2017,False,,0.47600000000000003,0.878,0.00014199999999999998,0.345,162.053
00JPN3pnG3aHJaMriBHujf,Untitled Song - Remastered,['D-Xtreme'],321928,2017,False,,0.502,0.985,0.00216,0.1,167.513
6XzYHTnZ6ByNswkR1HQ6Hx,Hellcore - Remastered,['D-Xtreme'],240996,2017,False,,0.433,0.512,0.00175,0.0385,160.013
21qWD7CHwHrflWPVn8604A,Under Influence - Remastered,['D-Xtreme'],317507,2017,False,,0.45,0.9940000000000001,0.00037999999999999997,0.0423,159.965
3wVb9zJLASTHSoRo7YQqt2,Be Afraid (feat. Darkfiend) - Remastered,"['D-Xtreme', 'Darkfiend']",348242,2017,False,,0.555,0.662,0.196,0.22,180.044
1kRoEmUiJRH9to1RCDnTGm,D-Xtreme - Remastered,['D-Xtreme'],406877,2017,False,,0.517,0.987,0.00499,0.0784,179.951
10X1kidbeO2cfbG14BnYX5,Smackproblem,['D-Xtreme'],401000,2017,False,,0.345,0.466,7.15e-05,0.06,179.99599999999995
6LkokbLp32OmTSi9PQTHHu,Bruno Mars goes Hardtechno - Remastered,['D-Xtreme'],223255,2017,False,,0.545,0.951,0.239,0.479,175.007
7xwGzKF1YfHrL95tMTaRXB,Come To Me (feat. Darkfiend) - Remastered,"['D-Xtreme', 'Darkfiend']",339667,2017,False,,0.39399999999999996,0.997,0.0838,0.136,180.018
0GMcPXE6XfGuflniD0Bo6L,Play It Straight - Remastered,['D-Xtreme'],278653,2017,False,,0.28300000000000003,0.992,4.09e-05,0.16,175.035
3cgn5rH6pdZXHMQVH4qorb,The Darkside - Remastered,['D-Xtreme'],365265,2017,False,,0.58,0.92,0.000134,0.23,180.03
7uWeBtDgMUmK5xPRcAC17j,Happy New-Year - Remastered,['D-Xtreme'],275296,2017,False,,0.4920000000000001,0.9890000000000001,0.257,0.0399,174.989
4qmd9IisSt9CfYDI5ZM8RU,In Your Heart (feat. Darkfiend) - Remastered,"['D-Xtreme', 'Darkfiend']",259587,2017,False,,0.473,0.9179999999999999,0.00426,0.904,180.013
1VvBRY3MqiRIdl7GMx93Ui,Rough and Tough - Remastered,['D-Xtreme'],293337,2017,False,,0.5489999999999999,0.934,0.000692,0.2,180.062
0K4CcRMzQqlvwCFv1UliUy,My Machine - Remastered,['D-Xtreme'],307021,2017,False,,0.311,0.6579999999999999,0.00331,0.46799999999999997,112.45
4xTmGSECKIFiMZoBCgtaJ1,You & I _[Dedicated to David and Denise] - Extended_Dj_Edit,['D-Xtreme'],263382,2017,False,,0.525,1.0,0.22399999999999998,0.0191,87.492
2Nq7bSKXG5mwyQ0KZVWFNu,TiH (Smash Mix) - Remastered,['D-Xtreme'],296915,2017,False,,0.66,0.882,0.00282,0.304,174.99599999999995
2zFqRLaT508kMlXjHJ7wXg,This Is War (D-Xtreme's HC RmX) - Remastered,['D-Xtreme'],230593,2017,False,,0.414,0.973,0.0052,0.0867,174.94
4vqjmlWF3LSI90C72kINvT,Stand Up - Remastered,['D-Xtreme'],307204,2017,False,,0.39,0.991,0.0373,0.0381,175.16
2TKewd3MsSV9RMWoG197RS,Anger Management - Remix,['D-Xtreme'],259337,2017,False,,0.5579999999999999,0.5539999999999999,0.000509,0.111,180.08900000000003
7k5uDBOFmNebvpWSegU0Ra,Sacrificial Chamber - Remastered,['D-Xtreme'],310000,2017,False,,0.373,0.6890000000000001,0.00316,0.131,174.90200000000004
5hn7YVgHq2ME3bApXxMUX4,Chop Sticks - Remastered,['D-Xtreme'],248027,2017,False,,0.48,0.9590000000000001,0.000458,0.0401,94.98899999999999
68c4w3OkOu8zlLuN6Zl6Og,Wietpas (HC Remix) (feat. B3 Henk & De Halve Liters) - Remastered,"['D-Xtreme', 'B3 Henk & De Halve Liters']",347509,2017,False,,0.601,0.537,0.495,0.34700000000000003,97.708
0vNvfbIrHVyeqEiDV5bU4V,Feel The Mu-Sick (feat. Deftrax) - Remastered,"['D-Xtreme', 'Deftrax']",308214,2017,False,,0.451,0.89,0.0012699999999999999,0.271,94.979
0YbOLqOdboeVr0qA3lEfkD,Nuttmigs and Ginger,"['Anonymous\xa0', 'Howard Bass', 'Ann Marie Morgan', 'Baltimore Consort']",191133,1991,False,,0.35600000000000004,0.0427,0.968,0.267,85.73100000000002
4g5zLQKSd1gg3dlADA5RvF,Howells Delight,"['Anonymous\xa0', 'Ann Marie Morgan', 'Baltimore Consort']",78000,1991,False,,0.469,0.0587,0.8590000000000001,0.607,73.491
48T71L2bWFtfTRnsa1d3eN,Unto the Prophet Jonas I Read,"['Anonymous\xa0', 'Baltimore Consort']",362227,1991,False,,0.382,0.0508,0.9570000000000001,0.13699999999999998,148.675
0KteYJ4fr53DbDd6yOQFTW,Singers Jig,"['Anonymous\xa0', 'Howard Bass', 'Baltimore Consort']",26800,1991,False,,0.379,0.149,0.955,0.6609999999999999,113.101
5aTkIulUUpsK2zcFF1KIhK,Grimstock,"['Anonymous\xa0', 'Howard Bass', 'Ann Marie Morgan', 'Baltimore Consort']",155200,1991,False,,0.534,0.15,0.89,0.42,76.335
1xvpgt0Y4ffAiD2YMKNni6,Pavane Quadro and Galliard,"['Anonymous\xa0', 'Baltimore Consort']",161133,1991,False,,0.467,0.0651,0.92,0.447,64.056
5wAI2Di95IExDNpEb4QC10,Watkin's Ale,"['Anonymous\xa0', 'Baltimore Consort']",423133,1991,False,,0.41200000000000003,0.125,0.9590000000000001,0.34600000000000003,95.75399999999999
0aWn5FqaxL1KZaVGV7Ud0U,Chansons Madecasses: No. 1: Nahandove,"['Xavier Gagnepain', 'Claire Brua', 'Vincen Prat', 'David Abramovitz', 'Maurice Ravel', 'Évariste Désiré de Forges Parny']",353800,2004,False,,0.226,0.0209,0.986,0.0699,84.698
7D5zOHyPTcWCKFdJzbzNjK,Alone,"['Wisp X', 'Miku Hatsune']",283969,2014,False,,0.6559999999999999,0.812,0.0986,0.141,131.003
3nk8xcajf7UyyCpmRgDKMa,Eclipse,['Wisp X'],204004,2014,False,,0.555,0.977,1.1900000000000001e-05,0.0397,164.02700000000004
61fYRu0A7kDb0X0p5IHQjo,Sakura,['Wisp X'],386593,2014,False,,0.687,0.892,9.03e-05,0.0336,127.988
1tfPBFwFuv0d6mhLmjJamE,All I Want,['Wisp X'],150579,2014,False,,0.508,0.982,0.00135,0.0386,118.021
69rdPOAvD6uqaxZ8ARIIvq,A Peaceful Place,['Wisp X'],276000,2014,False,,0.655,0.71,0.0229,0.24,128.031
3MNziUg2lkP1lnnsgJYkxU,Silent Night (arr. P. Ledger for choir),"['Franz Xaver Gruber', 'Philip Ledger', 'Trinity Church Choir, New York', 'Owen Burdick']",202000,2001,False,,0.0931,0.0278,0.9890000000000001,0.0385,74.316
6GEZeYYiCVK1irjZmEifvL,XIII,['Dysangelium'],80281,2019,False,,0.35700000000000004,0.14400000000000002,0.166,0.0325,60.12600000000001
4iF0N2XXZX7ntWfFE2o2j7,K.I.L.L.,['Xtortion Audio'],136001,2012,False,,0.518,0.773,0.002,0.41100000000000003,90.027
1echz9jfmjLF2vmW2uWIaG,To Hell and Back,['Xtortion Audio'],134384,2012,False,,0.4920000000000001,0.745,0.0215,0.35200000000000004,149.942
4N2Gq1HWaGphK0823zrK9x,Contraband,['Xtortion Audio'],112737,2012,False,,0.5489999999999999,0.508,0.067,0.386,95.00299999999999
5UXwDPsLzfcO6ImlpElNDn,Untouchable,['Xtortion Audio'],194401,2012,False,,0.539,0.9209999999999999,0.0009050000000000001,0.442,100.01299999999999
1HLLucAbeyoSkC6dahfZuG,The Saint,['Xtortion Audio'],112000,2012,False,,0.513,0.506,0.0219,0.268,120.009
0BiwJqQAjIZIgYdWEviVvD,Rust,['Xtortion Audio'],118023,2012,False,,0.534,0.9540000000000001,0.05,0.0895,182.132
1r88ZBAYUiIhlNDJ32E0jy,Desolation,['Xtortion Audio'],128734,2012,False,,0.373,0.586,0.0015400000000000001,0.33399999999999996,158.101
0yNDwhZ03dm2JFO891ObBj,Underworld,['Xtortion Audio'],148917,2012,False,,0.33399999999999996,0.539,0.0168,0.198,167.05700000000004
6XMGUG4frZiP77mEAavHGB,Restitution,['Xtortion Audio'],114091,2012,False,,0.45,0.39399999999999996,0.12300000000000001,0.132,79.906
7ID2qKUtpBR1gAT5yRJHxw,Shift,['Xtortion Audio'],132894,2012,False,,0.5920000000000001,0.541,0.000609,0.21899999999999997,120.985
0O8zyRKDRn6NQm3EPaWDs8,Carnage,['Xtortion Audio'],110910,2012,False,,0.585,0.945,0.000153,0.402,132.039
2qgStbOG9VmUQP0QF5zdmt,Dark Hearted,['Xtortion Audio'],147692,2012,False,,0.522,0.8320000000000001,0.00299,0.14400000000000002,116.986
4QWqRgmLQbwFoWs1iqeQy0,Mechanics of War,['Xtortion Audio'],128652,2012,False,,0.368,0.951,1.34e-05,0.444,172.00799999999995
1bU4ubzpatvdkghZoT7wUH,Redux,['Xtortion Audio'],123297,2012,False,,0.536,0.8240000000000001,0.000822,0.132,147.986
5eJRZPHdW0YHvA9hTFiRHD,Invictus,['Xtortion Audio'],117968,2012,False,,0.522,0.84,0.000244,0.38,118.012
1Q2LUlH6eAAuY2yzJuUdQe,End of Days,['Xtortion Audio'],145352,2012,False,,0.518,0.825,0.0006,0.402,142.016
6KpxbleBWlcmrSSSj0SKPa,Vein,['Xtortion Audio'],95634,2012,False,,0.535,0.968,0.00509,0.258,77.501
4c8HKwWXHFrbhfAE7kN5oh,Impenetrable,['Xtortion Audio'],91153,2012,False,,0.336,0.9259999999999999,5.350000000000001e-05,0.126,195.03599999999997
5CWn06qbCBI18jeA5T0F4p,Expelled (Rock),['Xtortion Audio'],85125,2012,False,,0.568,0.902,0.0005740000000000001,0.584,142.436
4Y9zjsSIdZB9UnvrN0pJM3,Expelled (Raw),['Xtortion Audio'],103582,2012,False,,0.589,0.9009999999999999,0.00313,0.11900000000000001,150.006
4LVwZpKsKoYVTKWKS0Gw8f,Tidal Force (Rock),['Xtortion Audio'],103582,2012,False,,0.609,0.884,0.0059299999999999995,0.187,150.043
2yzVp12IJVCov5NvaB5XM6,Tidal Force (Raw),['Xtortion Audio'],95175,2012,False,,0.547,0.958,0.00525,0.12,105.007
1IUIshwxb1y7EBsTXenujI,Chamber of Lies,['Xtortion Audio'],95175,2012,False,,0.588,0.9540000000000001,0.0020399999999999997,0.17,104.965
2JbgcnD2DDWy3JPcjsA5NP,Treachery (Rock),['Xtortion Audio'],120011,2012,False,,0.465,0.8340000000000001,0.000546,0.205,139.98
12IGI29rrPu3ln0hAKfbMg,Treachery (Raw),['Xtortion Audio'],92454,2012,False,,0.385,0.9109999999999999,5.27e-06,0.182,184.938
2mYIChKvQAffMbPFAsASvh,Immortal Droid (Rock),['Xtortion Audio'],92454,2012,False,,0.245,0.7879999999999999,5.33e-06,0.266,185.03400000000002
0EZG96uZT2j2z0vO7oFJMd,Immortal Droid (Raw),['Xtortion Audio'],96039,2012,False,,0.624,0.889,0.00757,0.489,90.009
5siP9paIbamNWh6MCdLuMX,Hostile Forces (Rock),['Xtortion Audio'],96039,2012,False,,0.488,0.8440000000000001,0.00123,0.204,180.12900000000005
4yPpVj5LdjreQ9fSvTmdaq,Hostile Forces (Raw),['Xtortion Audio'],78990,2012,False,,0.40700000000000003,0.82,0.00457,0.127,180.018
1BEXUPt1N7oakdiOjJxYc4,Asphyxia,['Xtortion Audio'],78990,2012,False,,0.41700000000000004,0.836,0.00216,0.0398,179.952
4Ox74FTXkLct8Js4XEfFqF,Payback (Rock),['Xtortion Audio'],138329,2012,False,,0.513,0.943,0.0145,0.11199999999999999,139.994
30lacVw1GYuIsDbLfQazjs,Payback (Raw),['Xtortion Audio'],82991,2012,False,,0.537,0.9359999999999999,0.00045599999999999997,0.0499,120.00399999999999
27PpTO2YlRyiELiaAmA5Tk,Centrifuge (Rock),['Xtortion Audio'],82991,2012,False,,0.327,0.977,0.000787,0.0373,119.809
1Kym6EaKyLGlQRkJZUdeMj,Centrifuge (Raw),['Xtortion Audio'],86597,2012,False,,0.376,0.968,0.0030600000000000002,0.513,139.89600000000002
53iBerdnVs0zWeRcIVzCrp,Retribution,['Xtortion Audio'],86597,2012,False,,0.517,0.981,0.000749,0.41,140.0
2kAPb6IIvmABDhLR4Auokf,Extraordinary Evil,['Xtortion Audio'],104350,2012,False,,0.575,0.9179999999999999,0.000508,0.374,89.99600000000002
72K2zkejBga3iIfttdkMZw,Caustic,['Xtortion Audio'],152583,2012,False,,0.52,0.9390000000000001,0.005229999999999999,0.0728,104.98899999999999
4epOrikPUi3VTPVGE2L8SA,Extraction (Rock),['Xtortion Audio'],143429,2012,False,,0.31,0.929,0.000149,0.121,114.712
6HgsSAhd66uYBdVd2hN62N,Extraction (Raw),['Xtortion Audio'],77412,2012,False,,0.5379999999999999,0.9470000000000001,0.00175,0.239,95.008
7ohhbYsyrVbcVvn22Ymfc9,New Order,['Xtortion Audio'],77412,2012,False,,0.617,0.9229999999999999,0.0132,0.0752,95.01899999999999
7mIg16QQE330VmLJNtczfK,Insidious Enemy (Rock),['Xtortion Audio'],126551,2012,False,,0.574,0.8390000000000001,0.00446,0.114,130.255
1YklrFWMveMhRIRmiWWuYU,Insidious Enemy (Raw),['Xtortion Audio'],92465,2012,False,,0.608,0.6759999999999999,0.0171,0.0397,135.086
0wJQqEQk8BB7bV5cq10LQx,Hellgate (Rock),['Xtortion Audio'],92465,2012,False,,0.737,0.7170000000000001,0.0435,0.0422,135.036
6KiFasINPMwj0nqWK8YfFr,Hellgate (Raw),['Xtortion Audio'],85221,2012,False,,0.397,0.988,0.000713,0.11,200.0
5ot0hKbx2FmCPbh6rgqdN2,Reviled,['Xtortion Audio'],85221,2012,False,,0.574,0.955,0.00288,0.131,100.031
7DDIQ1NgddZx51iWWh7tXV,Torn,['Xtortion Audio'],142650,2012,False,,0.46799999999999997,0.9470000000000001,0.348,0.10400000000000001,160.101
4pk41ftwPhaA9emUmUYNK8,DEFCON 1,['Xtortion Audio'],148241,2014,False,,0.4370000000000001,0.557,0.145,0.11199999999999999,145.025
0s2SeqiWO44PzCtEAHBlVP,Chasm,['Xtortion Audio'],152000,2014,False,,0.456,0.516,0.0105,0.0397,90.027
6MDqWjAKc80rj82yjZt1TF,Dystopia,['Xtortion Audio'],165000,2014,False,,0.301,0.4320000000000001,0.0461,0.107,139.959
0yPxBV3oODExTdhRiUIUaT,Snowden,['Xtortion Audio'],174156,2014,False,,0.507,0.7020000000000001,0.0019399999999999999,0.396,154.037
3p8cCMScUiZt1T5monbS7r,Nemesis,['Xtortion Audio'],145920,2014,False,,0.511,0.5820000000000001,0.00037200000000000004,0.152,124.99799999999999
2sturUUBkg0wzhwAdTwKgd,Equilibrium,['Xtortion Audio'],129768,2014,False,,0.53,0.5329999999999999,0.00421,0.0886,86.006
7jf7OY4TaSztUSVTvIRea0,Partial Recall,['Xtortion Audio'],134667,2014,False,,0.33899999999999997,0.804,0.0301,0.145,180.132
7e8dL1CCpPGjLNhHaYVqeR,Mythos,['Xtortion Audio'],151200,2014,False,,0.114,0.381,0.125,0.0369,75.529
1TGUbwu4Bp7XBpl9jP6syK,Binary Evolution,['Xtortion Audio'],140308,2014,False,,0.21600000000000005,0.632,0.11900000000000001,0.0743,88.512
4fF8wpM0G0NyHe3ssf6m2F,Redaction,['Xtortion Audio'],157835,2014,False,,0.514,0.5589999999999999,0.0318,0.0394,123.845
1AhZpxAjEzkwC2KPzD75c1,Infusion,['Xtortion Audio'],174857,2014,False,,0.397,0.622,0.00233,0.0695,140.05
5LTIkbAffualKnzvxDWkpX,Xenocide,['Xtortion Audio'],150782,2014,False,,0.532,0.599,0.00345,0.34600000000000003,99.956
3vUhpDVrY5CzkpUqT9qBvu,Dark Matter,['Xtortion Audio'],143524,2014,False,,0.565,0.5479999999999999,0.52,0.0799,135.02200000000002
5dMeUp0ZpbywwPWdyoHaaJ,Posthuman,['Xtortion Audio'],148500,2014,False,,0.512,0.637,0.0048200000000000005,0.105,110.007
4L7sisIPwDD440QjDZxEyi,Kiloyear,['Xtortion Audio'],150170,2014,False,,0.4270000000000001,0.494,0.0022199999999999998,0.223,88.044
2kwbwH0EuE3ArTffrOtod4,Ignition,['Xtortion Audio'],138000,2014,False,,0.456,0.424,0.0641,0.39399999999999996,79.946
3bKPwum8iGztsxlntcBbUI,Masonic,['Xtortion Audio'],163636,2014,False,,0.5479999999999999,0.5429999999999999,0.0567,0.22399999999999998,110.05
5eza46LznMBdg2Bh7tHiPY,12 Full Cylinders,['Xtortion Audio'],129265,2014,False,,0.479,0.436,0.00027,0.0398,128.009
3tW5fIyZHl0fS6DboewADS,Apparitions,['Xtortion Audio'],96750,2015,False,,0.522,0.455,0.7879999999999999,0.0339,120.042
43IHgHdqmi59SwOQGzWT45,Blackletter,['Xtortion Audio'],93745,2015,False,,0.33899999999999997,0.165,0.6409999999999999,0.0374,123.14
1k2XrkvnU1dTyfFm8gOlA1,Deadly Impact,['Xtortion Audio'],70143,2015,False,,0.862,0.384,0.46399999999999997,0.7070000000000001,124.05799999999999
4GubpQ1bvIZ7jWF4n44rE5,Exoskeleton,['Xtortion Audio'],66400,2015,False,,0.13699999999999998,0.278,0.934,0.038,76.926
6Dsxtbxeh6sZb8XaNHmfCn,Ghost Ridden,['Xtortion Audio'],99244,2015,False,,0.633,0.293,0.315,0.0378,131.10299999999998
09YSclYI1DXjNfl50HVhxL,Hades Hotel,['Xtortion Audio'],57728,2015,False,,0.141,0.0552,0.9440000000000001,0.113,73.625
0KgPcDM7E2IfSUY9i7pAKm,Haunted,['Xtortion Audio'],74877,2015,False,,0.47,0.0122,0.191,0.33799999999999997,91.96600000000001
3Z7a01uZkBgyWmNU9GMbr8,In Desperation,['Xtortion Audio'],112012,2015,False,,0.664,0.513,0.593,0.0355,129.958
6l6hr5wKHwnpn1UalJkGjO,Lost in Time,['Xtortion Audio'],69851,2015,False,,0.17300000000000001,0.122,0.883,0.0365,131.03799999999998
0ZonB9nGJ9beONaKJ4gKhm,Minotaur,['Xtortion Audio'],76732,2015,False,,0.315,0.301,0.746,0.0311,140.969
0lxv56uW6xVat33d3zpELk,Mortal Vindication,['Xtortion Audio'],70252,2015,False,,0.445,0.5529999999999999,0.0029100000000000003,0.28300000000000003,119.89399999999999
5SOpf0cQ4pv7FdbIARG30M,Night Stalker,['Xtortion Audio'],89504,2015,False,,0.22399999999999998,0.23600000000000002,0.875,0.0286,85.60600000000002
4TKMIsi4HuJVF0WLFy7exj,Placebo,['Xtortion Audio'],73035,2015,False,,0.485,0.6729999999999999,0.207,0.0591,127.039
4wKQXWyQXTaZv9bmq5NN1m,Postnuclear,['Xtortion Audio'],76927,2015,False,,0.131,0.626,0.00391,0.0382,149.626
3OcbJiPzcXrK6OKCpwC8MU,Radon Effect,['Xtortion Audio'],131186,2015,False,,0.653,0.45899999999999996,0.354,0.037000000000000005,88.51700000000002
72egb3b0MJ892BYrl6xW3b,Resurgence,['Xtortion Audio'],71520,2015,False,,0.231,0.248,0.0235,0.0339,124.569
7nL8aaz0XZScBjuQPixu12,Scarlet Fever,['Xtortion Audio'],95938,2015,False,,0.456,0.293,0.645,0.0596,128.108
6ljnlYuqaTKZFy3WlflEpC,Shadow Seekers,['Xtortion Audio'],118500,2015,False,,0.375,0.22,0.907,0.0298,119.959
3iKpYt2Gk6tB8n0ZQESTMS,Tarnished,['Xtortion Audio'],85667,2015,False,,0.373,0.387,0.972,0.062,134.51
07tQsUCoTiy8vLcm4bWJjh,Touch of Darkness,['Xtortion Audio'],88400,2015,False,,0.192,0.094,0.669,0.0921,75.056
5azIK7wpKGfll8FHnrNjsC,Indomitable Menace,['Xtortion Audio'],137387,2017,False,,0.46399999999999997,0.83,0.00957,0.336,145.141
3ZTCEEPk8jIHbArfv5Whvu,Fringe of Reality,['Xtortion Audio'],146091,2017,False,,0.3,0.741,0.00059,0.128,114.485
1TYFAtkY7ldQN2FS5k5n6F,Access and Extract,['Xtortion Audio'],182005,2017,False,,0.46799999999999997,0.72,0.0158,0.0859,119.999
6Ja2OgUAvmBv0ZFFvg8ZT2,Blurred Motion,['Xtortion Audio'],176736,2017,False,,0.511,0.669,0.135,0.125,110.014
6uJsXiLHbhQIl7zRSXkapR,Eve of Extinction,['Xtortion Audio'],183328,2017,False,,0.384,0.736,0.00274,0.0871,99.95
6GU7uHfdxwvxdevYb0ALff,Internal Corruption,['Xtortion Audio'],195541,2017,False,,0.17,0.483,0.0044,0.04,175.25599999999997
7DhLoJLJ82dNwYmzBm3K3p,Perdition,['Xtortion Audio'],158965,2017,False,,0.336,0.775,0.231,0.0911,75.191
21yj2y4pCYIbMjNVquB37i,Soldiers of Tomorrow,['Xtortion Audio'],146112,2017,False,,0.373,0.741,0.0015300000000000001,0.124,135.041
5Ks6DQzdRGo65wWQNUDjQs,The Darkest Night,['Xtortion Audio'],144000,2017,False,,0.4320000000000001,0.742,0.10800000000000001,0.191,110.00399999999999
1zjM8nr17MLJLeEOY2nA2E,We Were Gods,['Xtortion Audio'],149643,2017,False,,0.473,0.9259999999999999,0.278,0.207,95.03
4qS7oSrVKcLRXpOIhfRyGH,Mephisto's Lullaby,['Xtortion Audio'],200757,2018,False,,0.342,0.505,0.146,0.0339,127.146
3f7TxSf31STnRFcI085tVf,Mark of the Devil,['Xtortion Audio'],104491,2018,False,,0.26,0.7140000000000001,0.156,0.0687,70.471
3vKKmFYy2UHlT6LlRqLUcc,Brain Shock,['Xtortion Audio'],113579,2018,False,,0.28600000000000003,0.33,0.792,0.09300000000000001,115.704
124DfynYPnGOZCsmbaOORY,Witches of Salem,['Xtortion Audio'],138005,2018,False,,0.182,0.602,0.405,0.0388,77.392
18j7L9GloCKu3f5vDWcxDB,Texas Gypsy Massacre,['Xtortion Audio'],187221,2018,False,,0.531,0.2,0.133,0.16399999999999998,87.488
3yO0YqroTfPqjWId2oA0Wb,Dybbuk Box,['Xtortion Audio'],189227,2018,False,,0.33299999999999996,0.386,0.287,0.153,146.548
3jRecGOBVQEgwvRfaumFRX,Malicious Transmission,['Xtortion Audio'],120939,2018,False,,0.215,0.299,0.0276,0.0685,130.591
1saOo8uJrqQn7hqV7PTHwh,Fatal Countdown,['Xtortion Audio'],139243,2018,False,,0.345,0.606,0.091,0.057999999999999996,124.12299999999999
07epphC3wJDGlVxi2DqT9b,Annaliese,['Xtortion Audio'],141451,2018,False,,0.39899999999999997,0.386,0.305,0.0369,89.96799999999998
0tduSoyxmTtMZyq1eldIZh,Evil Intent,['Xtortion Audio'],102357,2018,False,,0.266,0.522,0.0038,0.0714,102.309
6MuKQhXCIwt8gsY6QIwDQZ,Dark Shadows,['Xtortion Audio'],155552,2018,False,,0.22899999999999998,0.493,0.561,0.0954,155.067
2K7IX1OzU2tjNNGaA1YAjS,Scream from Hell,['Xtortion Audio'],107925,2018,False,,0.21100000000000002,0.68,0.000484,0.0675,138.071
0J15Zdr5euHkEhPdgP9lS1,Solitude Robber,['Xtortion Audio'],61941,2019,False,,0.474,0.532,0.0060799999999999995,0.121,139.914
7od7hqcXwYRF2bkkxKp0Ih,Renege,['Xtortion Audio'],104000,2019,False,,0.521,0.84,0.0021,0.0583,111.244
7CfU8kpCytX9gVzYl8Wpsi,Blackstar,['Xtortion Audio'],79360,2019,False,,0.218,0.441,0.508,0.284,124.54899999999999
0Hbi1QakWx2ZTi7afDPLST,Gengis,['Xtortion Audio'],38912,2019,False,,0.27,0.8740000000000001,0.0017699999999999999,0.19399999999999998,139.658
0Tp2IpDneULlRQxlgmPNtj,The Holographic Ray,['Xtortion Audio'],82000,2019,False,,0.254,0.593,0.00448,0.0593,129.77200000000002
4x1zKKIYS5g0MIaASkBFAX,Sub Sub Sub,['Xtortion Audio'],80896,2019,False,,0.107,0.593,0.0232,0.1,83.882
33leb5fjeBLEgO2Q2MeC98,Unsafe,['Xtortion Audio'],108375,2019,False,,0.40399999999999997,0.478,0.071,0.039,129.798
44rJK2leRFhbrf64uK0CYZ,Interference,['Xtortion Audio'],116850,2019,False,,0.321,0.439,0.0154,0.0732,81.01
0hkYkWvr2YKbHh1br8tsfv,Isotope 55,['Xtortion Audio'],43061,2019,False,,0.258,0.484,0.564,0.22,117.06700000000001
0tfqSS2aUpogFMGYowKbrq,Forgotten,['Xtortion Audio'],73311,2019,False,,0.179,0.332,0.387,0.0586,106.71
3bkzlXS4gWkfXQlSDJM5th,Rebel Heart,['Xtortion Audio'],77202,2019,False,,0.0,0.51,0.0053100000000000005,0.0,0.0
2vWMH6JDGPpbIDDnCOzdUX,Too Late,['Xtortion Audio'],80774,2019,False,,0.195,0.58,0.0882,0.0389,63.92100000000001
5jQRG7QloNN9in9md9iAKn,Revenge,['Xtortion Audio'],76117,2019,False,,0.358,0.888,0.00829,0.0602,141.917
1kUk9SXA1ZKk6a4Nyyu1cY,Transit,['Xtortion Audio'],46216,2019,False,,0.45899999999999996,0.711,0.271,0.0404,130.649
1WjVqf1NwcaVUDKMAWqDxY,Vindicate,['Xtortion Audio'],41077,2019,False,,0.35700000000000004,0.145,0.17600000000000002,0.129,84.012
0rcYvL38XgzVY1pBWLCTys,Discord,['Xtortion Audio'],73216,2019,False,,0.32,0.298,0.366,0.0365,138.856
053qm5DDTEEdm78tvR7q6Y,Voltage,['Xtortion Audio'],96256,2019,False,,0.498,0.627,0.0574,0.239,37.891
4Ygx3IHa6LBGNrRx3zx3vs,2099 (feat. Troye Sivan),"['Charli XCX', 'Troye Sivan']",205213,2019,True,,0.342,0.573,0.134,0.271,89.67399999999998
3CdtyEgF5jLuo87diw5qEk,Asylum,['Studio X'],195279,2019,True,,0.754,0.773,0.000172,0.193,130.034
2Yw4F3P49IT1cZZ74i9qdW,Welcome,['Alla Xul Elu'],98320,2019,True,,0.41100000000000003,0.8170000000000001,0.831,0.18100000000000002,125.419
4kygZSLW3ysgOCwDMWXg1J,In the Church of Xul,['Alla Xul Elu'],153806,2019,True,,0.556,0.919,0.00859,0.145,124.11399999999999
0tSWc4cUwQ4lw6kUfHw5pg,We Are One,['Alla Xul Elu'],275506,2019,True,,0.387,0.833,0.0354,0.0376,88.756
0eaZ5PjPVtJIQTWBijUWzH,Preay,['Alla Xul Elu'],232862,2019,True,,0.523,0.868,0.187,0.0984,89.98299999999998
2S6VVR8Iwm9RVL3wku5ygL,To the Tome of the Black Tongue,['Alla Xul Elu'],249720,2019,True,,0.465,0.7959999999999999,0.046,0.0837,93.03299999999999
73IPd8tU2pJovOH1Vn3Qvp,The Goddamned,['Alla Xul Elu'],254076,2019,True,,0.478,0.919,0.0198,0.36,90.20299999999999
02H1uyh7Evl9YfQxsw1uSj,Xuligans,['Alla Xul Elu'],180976,2019,True,,0.7390000000000001,0.823,0.201,0.764,98.779
33A2aEDHFz36Zyb38yRKOh,Technology,['Xplorer'],422060,2007,False,,0.536,0.985,0.0015199999999999999,0.784,174.003
4zGRQKaVQrJe2xJb2e7ml9,Musica Grande (feat. Chino XL),"['CookBook', 'Chino XL']",259332,2012,True,,0.607,0.78,0.00419,0.376,93.95200000000001
1RATRzrRf7DBCFbkYIlGTe,XIX,['Slipknot'],190147,2014,True,,0.259,0.58,0.457,0.0334,130.466
5PImrrl5zEvq8BrHwWIOlR,GodWave Rises,['Volkor X'],436000,2017,False,,0.153,0.564,4.48e-05,0.04,200.03400000000002
6iCFFLe0WjnKUkf0PMD3xO,Deep End,"['Xavier Omär', 'Sango']",218227,2019,False,,0.6759999999999999,0.336,0.457,0.29100000000000004,88.051
5cHdOuER9BztlOcbUNBmrQ,Just Get Here (feat. Wale & VanJess),"['Xavier Omär', 'Sango', 'Wale', 'VanJess']",329693,2019,False,,0.795,0.386,0.59,0.196,98.969
1hpqSKoUxwr1pySmM1tiD3,Struck!,"['Xavier Omär', 'Sango']",230720,2019,False,,0.816,0.606,0.187,0.863,150.036
3e459me2HBHKJKUfL2c55u,Say It,"['Xavier Omär', 'Sango']",150827,2019,False,,0.753,0.5479999999999999,0.013999999999999999,0.546,139.965
16V3zcvBAE133MCVW8mXPd,Cry & Lie,"['Xavier Omär', 'Sango']",191800,2019,False,,0.768,0.295,0.361,0.0789,131.98
2CtQkuDx3unmYoskjpQrL7,What Do We Do? (feat. Parisalexa),"['Xavier Omär', 'Sango', 'Parisalexa']",184160,2019,False,,0.7859999999999999,0.354,0.42100000000000004,0.3720000000000001,104.978
4jKGJS2zIOk9apuajgKfJW,Veins,"['Xavier Omär', 'Sango']",208947,2019,False,,0.574,0.231,0.8190000000000001,0.10300000000000001,128.821
64eCA5G4xNF6xkYA2Gyjz9,Thief,"['Xavier Omär', 'Sango']",196333,2019,False,,0.74,0.499,0.0113,0.762,96.99700000000001
1ftrlrKa6pwC3XmEwC9kDY,Shine (feat. Foggieraw),"['Xavier Omär', 'Sango', 'Foggieraw']",222467,2019,False,,0.813,0.45299999999999996,0.473,0.3,109.985
50cUApLg9O5xXDCSJJIlmN,Keeping Me (feat. Billy Mercury),"['Xavier Omär', 'Sango', 'Billy Mercury']",284293,2019,False,,0.7170000000000001,0.6509999999999999,0.23800000000000002,0.718,116.32
0Q5lMBO69oybpB86Tm6pf3,The Risk,"['Xavier Omär', 'Sango']",211360,2019,False,,0.654,0.387,0.755,0.359,116.086
1me1CAISiweO7L5RaMmjQV,Punta,"['Xtatik', 'Peter C Lewis']",238200,2002,False,,0.752,0.812,0.0835,0.948,151.16299999999995
3w03mYnWD4UmDLVcCpyO1w,We Will Carry On,"['Xtatik', 'Machel']",290267,2002,False,,0.8440000000000001,0.826,0.017,0.56,144.95600000000005
2I0on4kwnGO722PfjfgV6j,Break,"['Xtatik', 'Machel', 'Roger George']",274800,2002,False,,0.718,0.894,0.0152,0.804,159.04399999999995
11KoyZKjVnBcGJzAAG58iI,New Synthax Order,['Synthax Xtructure'],201000,2016,False,,0.523,0.945,0.0712,0.0394,133.975
3Zxal5gRBpcvG4YB8kHvOb,No Name,['Synthax Xtructure'],340000,2016,False,,0.486,0.856,9.14e-05,0.235,138.013
1tmBMMlE4C23CSycWUq3fw,Not Alive,['Synthax Xtructure'],286500,2016,False,,0.562,0.9420000000000001,0.00035,0.45899999999999996,136.999
2LW4k1HwpzuWvNoqbD9xPQ,Out of Rain,['Synthax Xtructure'],324000,2016,False,,0.52,0.971,7.97e-05,0.588,140.011
4lXzww8NxlOZ8FpoHg8reS,Reasons of Time,['Synthax Xtructure'],332000,2016,False,,0.5379999999999999,0.879,0.000286,0.253,138.003
1EPaEDRugymADjFqkBAiOW,Follow my Lead,['Synthax Xtructure'],352000,2016,False,,0.529,0.887,0.00135,0.214,134.02
7pe63lMoWdCLgekVL7vlph,The Last Human,['Synthax Xtructure'],261875,2016,False,,0.4920000000000001,0.9,0.000877,0.48,137.985
7FKxcR7bc0suEfU2w8zYrR,LOVE U,['Monsta X'],160672,2019,False,,0.727,0.637,0.0642,0.33299999999999996,159.97299999999996
4ydSZTERPqXKkJR007vlLa,WHO DO U LOVE? (feat. French Montana) - will.i.am Remix,"['Monsta X', 'French Montana']",208683,2019,False,,0.787,0.75,0.0269,0.691,101.992
5scxjvcdozadBoRRN0UMaM,White Mercedes - EDX's Miami Sunset Remix,"['Charli XCX', 'EDX']",200444,2019,False,,0.846,0.773,0.0141,0.586,124.008
12EY18tXZoQ1PUBMJxFSgd,Jolly Old St. Nicholas - Santa Claus Is Coming to Town (arr. D. Meader and D. Snyder),"['Anonymous\xa0', 'J. Fred Coots', 'Darmon Meader', 'David Snyder', 'New York Voices', 'Cincinnati Pops Orchestra', 'John Morris Russell']",247387,2013,False,,0.46,0.428,0.917,0.327,136.19
4F0lE3KeU5TZf14959IkWJ,Codex Faenza: Kyrie: Cunctipotens genitor Deus [Faenza Codex],"['Anonymous\xa0', 'Kimberly Marshall', 'Cappella Romana']",455093,2015,False,,0.168,0.203,0.9540000000000001,0.135,86.86
1RiLyknhme92iDcD9mug4I,Codex Faenza: Bel fiore danza [Faenza Codex],"['Anonymous\xa0', 'Kimberly Marshall']",69200,2015,False,,0.529,0.23800000000000002,0.995,0.163,67.65100000000001
3Bob2f6E6sm4qBykBBNDC8,Codex Faenza: Or sus vous dormez trop,"['Anonymous\xa0', 'Kimberly Marshall']",285547,2015,False,,0.414,0.21600000000000005,0.982,0.45899999999999996,70.471
1VS4LEMpaepEoZkbvHq1p3,"Robertsbridge Codex: Retrov [Estampie: Robertsbridge Codex, British Library MS Add. 28550, ff.43]","['Anonymous\xa0', 'Kimberly Marshall']",412533,2015,False,,0.25,0.18,0.995,0.23800000000000002,59.294
7jJfWf0N1bNT4zXfazoYzn,"Robertsbridge Codex: Firmissime / Adesto / Alleluya [Motet: Robertsbridge Codex, British Library MS Add. 28550, ff.45]","['Anonymous\xa0', 'Kimberly Marshall']",235680,2015,False,,0.272,0.0898,0.996,0.141,71.471
1ui4krZmWFXKzMYOndcOQX,"Groningen Manuscript: Asperance [Groningen MS, University Library incunabulum no. 70]","['Anonymous\xa0', 'Kimberly Marshall']",91360,2015,False,,0.311,0.0636,0.995,0.303,69.167
1mZrxZCwjTxvuRxHQDZWxY,"Groningen Manuscript: Empris domoyrs [Groningen MS, University Library incunabulum no. 70]","['Anonymous\xa0', 'Kimberly Marshall']",93133,2015,False,,0.34700000000000003,0.402,0.9840000000000001,0.384,89.37899999999998
526KO1KSJtwXSGzkliPv8r,"Ileborgh Tablature: Praeambulum 4/Mensura 1 [Ileborgh tablature, ca. 1448, Curtis Institute of Music Philadelphia]","['Anonymous\xa0', 'Kimberly Marshall']",148507,2015,False,,0.267,0.146,0.968,0.107,71.594
36zN37BA4XdJ0HimEcJrOk,"Ileborgh Tablature: Praeambulum 5/Mensura 3 [Ileborgh tablature, ca. 1448, Curtis Institute of Music Philadelphia]","['Anonymous\xa0', 'Kimberly Marshall']",238880,2015,False,,0.321,0.11900000000000001,0.9940000000000001,0.0736,67.16199999999999
6mJvHWuN943yCZZIoVVVpA,"Ileborgh Tablature: Praeambulum 3/Mensura 2 [Ileborgh tablature, ca. 1448, Curtis Institute of Music Philadelphia]","['Anonymous\xa0', 'Kimberly Marshall']",101760,2015,False,,0.209,0.17300000000000001,0.99,0.0893,82.281
4vWCv7b5A12heY9K0iNbaC,"Bayerische Staatsbibliothek: Untitled [Bayerische Staatsbibliothek Cod. lat. 7755, ff. 276r-280r]","['Anonymous\xa0', 'Kimberly Marshall']",186267,2015,False,,0.16399999999999998,0.0443,0.9740000000000001,0.174,67.031
1wh6abRBNczmBOV66XVd2n,"Buxheimer Orgelbuch: Redeuntes in La [Buxheimer Orgelbuch, ca. 1460]","['Anonymous\xa0', 'Kimberly Marshall']",68840,2015,False,,0.32899999999999996,0.273,0.7709999999999999,0.0381,100.79899999999999
6xADdbJCHy9vmszJ6mwR3X,"Buxheimer Orgelbuch: Praeambulum super in F Minor [Buxheimer Orgelbuch, ca. 1460]","['Anonymous\xa0', 'Kimberly Marshall']",101747,2015,False,,0.247,0.121,0.99,0.122,96.20299999999999
3TYWwTa4QDvjYpKTQf4FeK,"Buxheimer Orgelbuch: Praeambulum super E Minor [Buxheimer Orgelbuch, ca. 1460]","['Anonymous\xa0', 'Kimberly Marshall']",88187,2015,False,,0.22,0.0403,0.9940000000000001,0.3,69.184
6G6eATARhYi9BrC9EIact2,"Buxheimer Orgelbuch: Praeambulum super C Major [Buxheimer Orgelbuch, ca. 1460]","['Anonymous\xa0', 'Kimberly Marshall']",103227,2015,False,,0.22899999999999998,0.16399999999999998,0.985,0.326,70.615
7yOvxqHOLgeDUYZ6uHOuqA,"Buxheimer Orgelbuch: Praeambulum super in D Minor [Buxheimer Orgelbuch, ca. 1460]","['Anonymous\xa0', 'Kimberly Marshall']",38400,2015,False,,0.326,0.0136,0.995,0.222,63.174
4JNHPKPABlf4MdezzgmEvK,Ileborgh Tablature: Praeambulum I [Ileborgh tablature 1448],"['Anonymous\xa0', 'Kimberly Marshall']",21547,2015,False,,0.198,0.0165,0.968,0.102,106.524
4kaPWzcEpySsFpUoaibi7W,"Buxheimer Orgelbuch: Praeambulum super in G Minor [Buxheimer Orgelbuch, ca. 1460]","['Anonymous\xa0', 'Kimberly Marshall']",48840,2015,False,,0.384,0.0034,0.995,0.62,71.183
0HGK8fhKqFEM0nEC69aJxo,Buxheimer Orgelbuch: Portugaler,"['Anonymous\xa0', 'Kimberly Marshall']",261667,2015,False,,0.204,0.0157,0.9940000000000001,0.174,96.428
1MxLdqb363oldhAMyVznWB,"Buxheimer Orgelbuch: Praeambulum super C Minor [Buxheimer Orgelbuch, ca. 1460]","['Anonymous\xa0', 'Kimberly Marshall']",31733,2015,False,,0.17800000000000002,0.0282,0.9940000000000001,0.157,153.65200000000004
1stdK32jP9lv6HJQMqpCqc,Buxheimer Orgelbuch: Kyrie de Sancta Maria Virgine,"['Anonymous\xa0', 'Kimberly Marshall', 'Cappella Romana']",265093,2015,False,,0.183,0.22699999999999998,0.953,0.16699999999999998,67.419
3opQXCM9YVgg0H6ZP2NOGv,Buxheimer Orgelbuch: Gloria de Sancta Maria Virgine,"['Anonymous\xa0', 'Kimberly Marshall', 'Cappella Romana']",481560,2015,False,,0.185,0.0694,0.986,0.171,66.14
4SWxdudFc601UHGH4pQETH,"Silent Night, H. 145 (Arr. S. Paulus)","['Franz Xaver Gruber', 'Cait Frizzell', 'Patrick Michael Muehleise', 'True Concord Voices & Orchestra', 'Eric Holtan']",327500,2019,False,,0.165,0.141,0.98,0.0379,130.265
09WYUfVgIKIrV5FeGmCJOf,Miles Away,['Xetrovoid'],266859,2019,False,,0.455,0.67,0.541,0.151,179.975
3w28cD5n6hM9tw3vhvITPu,Xenon,['Mechina'],457847,2014,False,,0.158,0.8759999999999999,0.00011100000000000001,0.0382,104.412
3ghCgqFuTtzsABNu3V7btY,Sahara,"['Xplorer', ""Dee'Pulse""]",391651,2005,False,,0.67,0.987,0.00278,0.9,172.93400000000003
5Me9626NSBycrfVlDtGCKZ,XS,['Anamanaguchi'],181750,2017,False,,0.6940000000000001,0.909,0.00557,0.679,120.012
4TACckbF3m5foOajUO8KFl,"Bochka, Bass, Kolbaser",['XS Project'],215353,2016,False,,0.8270000000000001,0.993,0.00115,0.536,145.012
0fbmQ0lkViiEyKLH3k3n3H,X (1 Thing Wrong),['JoJo'],203527,2020,False,,0.7929999999999999,0.419,0.121,0.0923,106.99799999999999
0hxmcbV7cY0Bz5MLFlcIRL,Los Angeles - Live Version,['X'],175973,1988,False,,0.214,0.7440000000000001,0.27899999999999997,0.355,185.815
3PvcegeZUo7JE8IcgN7ymB,In This House That I Call Home - Live Version,['X'],215333,1988,False,,0.401,0.905,0.0332,0.593,101.179
7oycU9NKNLm1HsPzaJmRGy,The New World - Live Version,['X'],182333,1988,False,,0.353,0.638,0.294,0.706,122.538
7BCidI4BMgro9aWp6Iuych,Around My Heart - Live Version,['X'],266227,1988,False,,0.375,0.924,0.0356,0.711,122.149
2evC3RM8ne7IkEuPdxmxnc,Surprise Surprise - Live Version,['X'],166867,1988,False,,0.39899999999999997,0.907,0.0279,0.32899999999999996,102.11
7bu5P4DQsbLFRwzXaHvNza,Because I Do - Live Version,['X'],145133,1988,False,,0.213,0.862,0.0544,0.325,142.597
5zOIxcBX8jnX7dLVUM1GhT,Burning House of Love - Live Version,['X'],223627,1988,False,,0.545,0.818,0.423,0.48,97.65299999999999
5l2hq4rhwRz0vfkaTXoCEG,My Goodness - Live Version,['X'],246573,1988,False,,0.242,0.486,0.0876,0.335,183.96400000000003
5ZuruzD4E2HmiHrC0FVfwW,Blue Spark - Live Version,['X'],133200,1988,False,,0.40399999999999997,0.5710000000000001,0.508,0.624,122.23700000000001
4Eflff1IlPi8PIDLbJm18A,The Once over Twice - Live Version,['X'],155627,1988,False,,0.218,0.858,0.138,0.46299999999999997,193.446
1UGa5Z6GtjrQNZF6CZZsOm,Devil Doll - Live Version,['X'],270800,1988,False,,0.469,0.865,0.22,0.414,101.68700000000001
0mZLNhiXPBeBeqPTBGUxIq,The Hungry Wolf - Live Version,['X'],232733,1988,False,,0.285,0.804,0.0328,0.251,115.447
7H5NLAT0hblbYobjaZ8GEO,Unheard Music - Live Version,['X'],250507,1988,False,,0.452,0.6970000000000001,0.188,0.466,96.82600000000001
2ZA6FOXD0qhzq0YFVZlCPo,Riding with Mary - Live Version,['X'],224867,1988,False,,0.254,0.838,0.248,0.46399999999999997,184.926
2InFePQKXHL17UfPAhCBPs,"World's a Mess, It's in My Kiss - Live Version",['X'],216960,1988,False,,0.214,0.878,0.0751,0.62,192.607
6JjjpNs9q9eBk5Lp2nhueG,White Girl - Live Version,['X'],230400,1988,False,,0.307,0.861,0.0731,0.40700000000000003,133.175
62B1KQOj88k7X3L0l6kTkx,Skin Deep Town - Live Version,['X'],199800,1988,False,,0.604,0.47600000000000003,0.715,0.711,98.321
2hHfmCJzF5q2u2N66cgiT4,So Long - Live Version,['X'],238867,1988,False,,0.509,0.233,0.792,0.542,90.15700000000001
4ufYiORdAq2pnSN79yMBRm,The Call of the Wreckin' Ball - Live Version,['X'],176067,1988,False,,0.607,0.856,0.222,0.7979999999999999,135.89
5Zq08TyRD2tNLNXSrG0TP0,Year One - Live Version,['X'],76133,1988,False,,0.44299999999999995,0.8370000000000001,0.28600000000000003,0.601,104.506
3YHxmIe8Ru9kFW0X0i9zx1,Johnny Hit and Run Pauline - Live Version,['X'],215600,1988,False,,0.429,0.87,0.244,0.397,99.585
0eJi1RvFCgcd555HkmsK8j,It's Goin' Down (feat. Mike Shinoda and Mr. Hahn) - B-Side Rarities,"['The X-Ecutioners', 'Mike Shinoda', 'Mr. Hahn']",249689,2020,False,,0.677,0.905,0.0015199999999999999,0.867,104.869
6NkIudpJm3s8idd1vfGro2,"Intro (feat. Vinroc, Apollo & Shortkut)","['X-Ecutioners', 'VinRoc', 'Apollo', 'Shortkut']",71600,2002,False,,0.868,0.804,0.479,0.7240000000000001,93.979
5uaxLTyRp34TiGQSC3g5ef,XL (feat. Large Professor),"['X-Ecutioners', 'Large Professor']",159333,2002,False,,0.84,0.613,0.0885,0.855,95.272
2rgAERWcGQBzjF8x1XSzXA,X-ecutioners Scratch,['X-Ecutioners'],217960,2002,False,,0.645,0.863,0.000784,0.502,96.898
0RBr1UhJHulOUQOIEygrFY,A Journey Into Sound (feat. Kenny Muhammed),"['X-Ecutioners', 'Kenny Muhammed']",271840,2002,False,,0.68,0.889,0.0205,0.7,99.751
4TUXKtKOgbsMxFEDv1HwFJ,Hip Hop Awards (Skit),['X-Ecutioners'],169760,2002,False,,0.685,0.7440000000000001,0.36,0.59,113.86200000000001
7oArr0CVpdC49I11NyV4Rq,3 Boroughs,['X-Ecutioners'],84000,2002,False,,0.865,0.858,0.0491,0.677,98.874
7A6KEc5EL3BFDxt3JIxKTg,Let It Bang (feat. M.O.P.),"['X-Ecutioners', 'M.O.P.']",210107,2002,False,,0.78,0.966,0.0117,0.6809999999999999,92.818
4ZI5RgGgAGYxn3G1P3qiId,X-ecutioners (Theme) Song (feat. Dan The Automator),"['X-Ecutioners', 'Dan The Automator']",198960,2002,False,,0.7659999999999999,0.8340000000000001,0.196,0.45,97.037
33QafTK33vWFZieG4PJXwN,Feel The Bass,['X-Ecutioners'],236440,2002,False,,0.92,0.898,0.00718,0.929,100.045
5NdRL6cUpECPhCzwLaV8is,You Can't Scratch (Skit),['X-Ecutioners'],81693,2002,False,,0.6579999999999999,0.718,0.721,0.5820000000000001,85.501
6Xb5klX1nnSUxoh2AyZd54,It's Goin' Down (feat. Mike Shinoda & Mr. Hahn),"['X-Ecutioners', 'Mike Shinoda', 'Mr. Hahn']",248573,2002,False,,0.674,0.89,0.00165,0.9,104.86200000000001
0ABsCFuQpUPHLHds8kd75r,Premier's X-ecution,['X-Ecutioners'],281933,2002,False,,0.835,0.895,0.0718,0.6859999999999999,94.436
57ZvHD00WhZcj88noOB8AX,"The X (Y'all Know The Name) (feat. Pharoahe Monch, Xzibit, Inspectah Deck & Skillz)","['X-Ecutioners', 'Pharoahe Monch', 'Xzibit', 'Inspectah Deck', 'Skillz']",219667,2002,False,,0.87,0.743,0.0409,0.843,95.00200000000001
3lRfdJJ0lVcQrVHfKgoPug,Genius Of Love 2002 (featuring Tom Tom Club & Biz Markie) (feat. Tom Tom Club & Biz Markie),"['X-Ecutioners', 'Tom Tom Club', 'Biz Markie']",236693,2002,False,,0.9309999999999999,0.772,0.0343,0.73,102.634
1gWCGMyh77MEtEM1Mm7gnb,Choppin' Niggas Up,['X-Ecutioners'],145800,2002,False,,0.8490000000000001,0.9420000000000001,0.0893,0.642,92.986
0P5iCQ7FyMIQf8xHKbAVk2,B-boy Punk Rock 2001 (feat. Everlast),"['X-Ecutioners', 'Everlast']",149400,2002,False,,0.9059999999999999,0.5870000000000001,0.0021100000000000003,0.7340000000000001,94.08
4D3iyJn6TUdNbwDbQgWRxJ,Who Wants to Be A M*****F**kin' Millionaire (Skit),['X-Ecutioners'],167333,2002,False,,0.7090000000000001,0.483,0.905,0.6809999999999999,112.238
3SIROEiD3LwweQaUCCc78s,Play That Beat,['X-Ecutioners'],286773,2002,False,,0.8370000000000001,0.741,0.00132,0.785,114.2
0prqMa0HpzUfAYsubJ1135,Dramacyde (feat. Big Pun & Kool G Rap),"['X-Ecutioners', 'Big Pun', 'Kool G Rap']",216867,2002,False,,0.89,0.88,0.0279,0.682,98.385
0uf6E2OiazZjmSojWj75pZ,Play That Beat - Lo-Fidelity All Stars Remix,['X-Ecutioners'],261467,2002,False,,0.551,0.85,0.0136,0.789,113.914
7tpagpi7WLl4ORJ3jebduo,Remember,['Xavier Dang'],18000,2017,False,,0.5479999999999999,0.163,0.884,0.738,85.323
2YPfuDcbB0M6E3XYHxCuAe,The Beginning,['Xavier Dang'],141827,2017,False,,0.201,0.259,0.527,0.09300000000000001,121.01700000000001
4d9rBtPWu6fuvYJgyMOuWc,Prologue,['Xavier Dang'],739881,2017,False,,0.306,0.21899999999999997,0.11199999999999999,0.0384,105.866
43tpmlSVkBgKydcosZwgvj,Plains,['Xavier Dang'],276875,2017,False,,0.182,0.35100000000000003,0.606,0.0394,79.39699999999998
4QZQ8mbRfLoMnaNXXVfJKt,Cliffs,['Xavier Dang'],660497,2017,False,,0.133,0.16899999999999998,0.84,0.0298,83.084
7qFQjh1iuWjknIUoMaMOqr,Nameless,['Xavier Dang'],477031,2017,False,,0.46799999999999997,0.0931,0.713,0.0363,133.342
2yTyk0dVgGGncocashRb4B,Observatory,['Xavier Dang'],572558,2017,False,,0.145,0.23800000000000002,0.531,0.0346,99.90899999999999
1Ekekc8wgJHfmsVVq2dTeU,Twin Mountain,['Xavier Dang'],405386,2017,False,,0.21,0.11199999999999999,0.6859999999999999,0.047,99.948
0MLoBYWntNFkV2evJgSk6h,Dark Doors,['Xavier Dang'],132920,2017,False,,0.111,0.0407,0.7490000000000001,0.0391,73.148
5h1pXPvbJaMs7x09eaivxu,Forest,['Xavier Dang'],338390,2017,False,,0.276,0.192,0.8370000000000001,0.136,119.6
0nwDQZW0xO2lxgE0HO6zKw,Highlands,['Xavier Dang'],419759,2017,False,,0.429,0.39899999999999997,0.00358,0.121,159.955
3M0QZY8vBeeFgmh5YhPBqM,Dark Water,['Xavier Dang'],273937,2017,False,,0.0638,0.0616,0.249,0.0359,59.041000000000004
7qsVU0vRt5JfFF5LPL8Nba,Bay,['Xavier Dang'],776882,2017,False,,0.0616,0.153,0.0397,0.0313,65.91
6fsjd8euAhOKoMKTglCkht,Haven,['Xavier Dang'],607364,2017,False,,0.124,0.145,0.5529999999999999,0.0264,81.10600000000002
0fRclDldLMNPHXKGcg5NQU,Dark Cairns,['Xavier Dang'],265265,2017,False,,0.2,0.294,0.321,0.0638,121.234
5hxO0rD5C2G8NtQz1nzeJK,Lagoon,['Xavier Dang'],683468,2017,False,,0.172,0.0322,0.525,0.0335,119.318
1XfYLjIW3fcpbGINEToJfj,Gully,['Xavier Dang'],422417,2017,False,,0.22899999999999998,0.11800000000000001,0.0165,0.0358,111.65299999999999
2hZTQWjbceMcAPw8pNEYtG,Spring,['Xavier Dang'],390536,2017,False,,0.172,0.221,0.00126,0.0395,121.43299999999999
1ByDXZUaFTvkV6HXFNKUYk,The End,['Xavier Dang'],199976,2017,False,,0.19,0.257,0.0504,0.0382,121.061
5eedFyjvmr4YsbW0WAxeOb,xplode,"['dje', 'darnell']",172937,2020,True,,0.7090000000000001,0.8440000000000001,0.0205,0.585,130.997
1I4g0zU8WQ73sRd64QPYmw,Lunatic,['Static-X'],215693,2009,True,,0.607,0.988,0.00020099999999999998,0.295,103.48100000000001
4mY2HxlIsvFsOKCUX0UfJ7,Z28,['Static-X'],189320,2009,False,,0.539,0.986,0.00128,0.611,154.97299999999996
080foaXWDJpI51Mg8FZkfn,Terminal,['Static-X'],217347,2009,False,,0.584,0.975,0.00031,0.45799999999999996,97.51799999999999
5ipoeQyIEEevjA2tvcFY9E,Hypure,['Static-X'],255333,2009,False,,0.741,0.938,0.0039,0.624,141.0
5n9ZFf0QDe2AXPbeO3ZHoB,Tera-Fied,['Static-X'],319107,2009,True,,0.665,0.775,0.055,0.5379999999999999,154.137
72PjxQajUSyOcUVBpQqXHz,Stingwray,['Static-X'],252653,2009,True,,0.5770000000000001,0.986,0.0323,0.46399999999999997,137.972
2vtQy1s5LC7glVhNC9fVrG,You Am I,['Static-X'],179653,2009,False,,0.483,0.955,0.0028699999999999997,0.129,197.957
1Qv4zyb1lbJzPBzTnUpyN6,Isolaytore,['Static-X'],165520,2009,False,,0.6729999999999999,0.9940000000000001,0.00999,0.46,142.039
3d7Tm0Tq4YAm4WXq7XLyzs,Nocturnally,['Static-X'],229507,2009,False,,0.522,0.982,0.000956,0.295,172.862
2hqOwN9lLAoqNp6qc1ez4d,Skinned,['Static-X'],213933,2009,True,,0.5770000000000001,0.987,0.00015800000000000002,0.44799999999999995,141.964
4lq8I4zKg92PeqM7hdDrB7,Grind 2 Halt,['Static-X'],295413,2009,False,,0.667,0.948,0.03,0.40299999999999997,99.988
11OE1Dz9LqsrvMXNWf6V51,X Squad,['redCola'],151115,2018,False,,0.525,0.272,0.35600000000000004,0.12,135.032
6kABJWvEA5lt30lNaMwmJ8,Soldiers Of Love,['Lighthouse X'],179747,2016,False,,0.648,0.6920000000000001,0.0216,0.418,127.096
523OLzIM8ngU30J52FgooB,Soldiers Of Love - KARAOKE VERSION,['Lighthouse X'],179440,2016,False,,0.7020000000000001,0.6659999999999999,0.0017100000000000001,0.42100000000000004,127.015
3QXrxyfN9SM6uern5uDK8B,"Viola da Gamba Sonata in G Major, BWV 1027 (arr. for cello and harpsichord): I. Adagio","['Anonymous\xa0', 'Johann Sebastian Bach', 'Karine Georgian', 'Gary Cooper']",224467,2014,False,,0.17600000000000002,0.0599,0.9470000000000001,0.264,93.455
4sShseghpxCQTPXFFJ5J4u,"Viola da Gamba Sonata in G Major, BWV 1027 (arr. for cello and harpsichord): II. Allegro","['Anonymous\xa0', 'Johann Sebastian Bach', 'Karine Georgian', 'Gary Cooper']",205693,2014,False,,0.402,0.276,0.8809999999999999,0.8640000000000001,103.429
3CX04gdAhfAcxIOlHwNep3,"Viola da Gamba Sonata in G Major, BWV 1027 (arr. for cello and harpsichord): III. Andante","['Anonymous\xa0', 'Johann Sebastian Bach', 'Karine Georgian', 'Gary Cooper']",161093,2014,False,,0.285,0.0189,0.9179999999999999,0.11800000000000001,113.70299999999999
2UpTCmJ8iOZFyLgMauMQnD,"Viola da Gamba Sonata in G Major, BWV 1027 (arr. for cello and harpsichord): IV. Allegro moderato","['Anonymous\xa0', 'Johann Sebastian Bach', 'Karine Georgian', 'Gary Cooper']",186067,2014,False,,0.478,0.309,0.879,0.841,101.165
2flWAhlqY0KmHoaIku0UiL,"Viola da Gamba Sonata in D Major, BWV 1028 (arr. for cello and harpsichord): I. Adagio","['Anonymous\xa0', 'Johann Sebastian Bach', 'Karine Georgian', 'Gary Cooper']",113920,2014,False,,0.18100000000000002,0.0375,0.9079999999999999,0.151,80.244
7iQ3Ag4QvYE1FGLIl1oOcN,"Viola da Gamba Sonata in D Major, BWV 1028 (arr. for cello and harpsichord): II. Allegro","['Anonymous\xa0', 'Johann Sebastian Bach', 'Karine Georgian', 'Gary Cooper']",215400,2014,False,,0.3720000000000001,0.275,0.873,0.856,92.58200000000001
7N0mQxd0HypK6UjUkHcXgN,"Viola da Gamba Sonata in D Major, BWV 1028 (arr. for cello and harpsichord): III. Andante","['Anonymous\xa0', 'Johann Sebastian Bach', 'Karine Georgian', 'Gary Cooper']",255213,2014,False,,0.21899999999999997,0.0701,0.927,0.139,82.792
2DaNVHIX06fKFrPSeTMAFg,"Viola da Gamba Sonata in D Major, BWV 1028 (arr. for cello and harpsichord): IV. Allegro","['Anonymous\xa0', 'Johann Sebastian Bach', 'Karine Georgian', 'Gary Cooper']",241200,2014,False,,0.387,0.28300000000000003,0.902,0.8170000000000001,98.73299999999999
5C8Z2Bn8ZQjNpc2YuZJmtq,"Viola da Gamba Sonata in G Minor, BWV 1029 (arr. for cello and harpsichord): I. Vivace","['Anonymous\xa0', 'Johann Sebastian Bach', 'Karine Georgian', 'Gary Cooper']",288440,2014,False,,0.39899999999999997,0.262,0.86,0.802,94.73299999999999
4cvR9dLm2v4wAKJt9LFC4v,"Viola da Gamba Sonata in G Minor, BWV 1029 (arr. for cello and harpsichord): II. Adagio","['Anonymous\xa0', 'Johann Sebastian Bach', 'Karine Georgian', 'Gary Cooper']",335520,2014,False,,0.0819,0.0555,0.96,0.0863,60.652
7IcJTgaLDPDmlFxtffvs9b,"Viola da Gamba Sonata in G Minor, BWV 1029 (arr. for cello and harpsichord): III. Allegro","['Anonymous\xa0', 'Johann Sebastian Bach', 'Karine Georgian', 'Gary Cooper']",215987,2014,False,,0.365,0.265,0.8009999999999999,0.642,100.48
2ZOGo6sCeVzFM3TprwtmgG,Dynamo,['Hidra Xjeil'],149538,2016,False,,0.544,0.998,0.0365,0.0564,160.03799999999995
1db6ixe9nX6cqt2V1DYZnW,Am I High Rn (feat. blackbear),"['Quinn XCII', 'blackbear']",199880,2020,False,,0.7120000000000001,0.4970000000000001,0.513,0.457,93.95299999999999
07ZQLYn9x4x3L3vxStc1zr,Stacy,['Quinn XCII'],168987,2020,False,,0.7440000000000001,0.556,0.0858,0.505,105.006
1g6v42WOMBWC8V9UpwciiH,Sleep While I Drive (feat. Ashe),"['Quinn XCII', 'Ashe']",204933,2020,False,,0.716,0.768,0.00207,0.7959999999999999,127.927
1cG6m2EMDN4VbBuaqRZ2p6,Second Time Around,['Quinn XCII'],237373,2020,False,,0.611,0.311,0.775,0.36,130.879
4CxmynXhw78QefruycvxG8,Coffee (feat. Marc E. Bassy),"['Quinn XCII', 'Marc E. Bassy']",180053,2020,False,,0.831,0.452,0.0803,0.534,93.04
6mVzv4E4oc7Fcw6yUTfzub,Notice Me,['Quinn XCII'],205920,2020,False,,0.672,0.489,0.179,0.568,90.12200000000001
73681b7Hc0THHGZrSzl75y,A Letter To My Younger Self (feat. Logic),"['Quinn XCII', 'Logic']",212013,2020,True,,0.8220000000000001,0.8340000000000001,0.0358,0.77,115.006
5cS7xngyZ5h8knkrUPm6pH,More Than Friends,['Quinn XCII'],170627,2020,False,,0.737,0.5379999999999999,0.45799999999999996,0.597,113.396
2CGa2sQSV6FVNcO1qaZHHQ,Mad At Me,['Quinn XCII'],216000,2020,False,,0.636,0.4370000000000001,0.688,0.212,129.906
4skFh25hBwTL8dPXZl1Gpq,Two 10s,['Quinn XCII'],217840,2020,False,,0.741,0.498,0.6,0.552,71.502
625Dsxe8CbQM7bwnAadU1N,Meeting Strangers,['Quinn XCII'],193893,2020,False,,0.608,0.7490000000000001,0.00106,0.76,180.012
6lkvf6FlemJdLeECPsTVBv,Everything I Need,['Quinn XCII'],248133,2020,False,,0.723,0.48,0.292,0.22399999999999998,92.015
1PVRdfvYwMq9WZ5B43aqQ4,Greensleeves [16th Century],"['Anonymous\xa0', 'Munir Beken', 'August Denhard']",130653,2011,False,,0.591,0.134,0.971,0.509,99.56200000000001
6Nh0G2utnozs2CuNfHdPAW,"Estampie Fragment [Robertsbridge Codex, c.1360]","['Anonymous\xa0', 'Munir Beken', 'August Denhard']",98533,2011,False,,0.696,0.107,0.982,0.301,104.488
77vl3OzBTGkvQnMXK1qU65,Nota I [British Lib. Harley 978],"['Anonymous\xa0', 'Munir Beken', 'August Denhard']",94907,2011,False,,0.5820000000000001,0.0711,0.9940000000000001,0.64,176.65400000000002
7efTZav6azD8hHQJOxRXeP,Estampie [Robertsbridge Codex],"['Anonymous\xa0', 'Munir Beken', 'August Denhard']",214013,2011,False,,0.616,0.258,0.987,0.475,130.704
4hWsSOwDPv49HllBGKeRoN,"Estampie IV [Chansonnier du Roi, 13th Century]","['Anonymous\xa0', 'Munir Beken', 'August Denhard']",191747,2011,False,,0.473,0.0585,0.988,0.56,175.593
11kV9E6D027ghdN4a2I5Ez,"Lamento da Tristano, Rotta [British Lib. 29987, c.1400]","['Anonymous\xa0', 'Munir Beken', 'August Denhard']",164960,2011,False,,0.512,0.18600000000000005,0.991,0.52,145.45600000000005
3MRBtsDbNXAgPgFbzOFjWE,La Spagna (arr. for oud and lute),"['Anonymous\xa0', 'Francesco da Milano', 'Munir Beken', 'August Denhard']",129467,2011,False,,0.556,0.129,0.9840000000000001,0.536,167.56099999999995
3GSQYWTxDI5JVFHA9FkP00,Nota II - Nota III [British Lib. Harley 978],"['Anonymous\xa0', 'Munir Beken', 'August Denhard']",131360,2011,False,,0.7240000000000001,0.0931,0.992,0.611,81.188
3I0orHEZORqjC8HF4p8IgP,La Manfredina Estampie [British Lib. 29987],"['Anonymous\xa0', 'Munir Beken', 'August Denhard']",66053,2011,False,,0.536,0.0618,0.991,0.515,72.95100000000002
3gXhchm7sA5Yy3JIWY4X7r,Belle Fiore Dansa [Faenza Codex],"['Anonymous\xa0', 'Munir Beken', 'August Denhard']",156280,2011,False,,0.445,0.0483,0.9890000000000001,0.294,78.363
3qr12sDa9TipxHHHjxgQTD,Codex Faenza: Untitled: Untitled [Faenza Codex],"['Anonymous\xa0', 'Munir Beken', 'August Denhard']",94840,2011,False,,0.32799999999999996,0.33799999999999997,0.978,0.828,183.05900000000003
18XTQQPQW8hPZLdb4Wb2s6,Saltarello [British Lib. 29987],"['Anonymous\xa0', 'Munir Beken', 'August Denhard']",86293,2011,False,,0.595,0.312,0.9740000000000001,0.97,80.381
25dETW1Cssi3bZlobP0M2f,The Empire Age,['X-Ray Dog'],95928,2019,False,,0.146,0.68,0.159,0.527,85.163
2x3RcASLEuPkkgD3qTJiP1,Destiny Of The Throne,['X-Ray Dog'],80696,2019,False,,0.18899999999999997,0.445,0.456,0.149,108.956
0Ey4rRCPSoAz7s9v1b9cAj,Gathering Forces,['X-Ray Dog'],97366,2019,False,,0.371,0.856,0.723,0.0377,86.569
4n9Mof4TK5sUSiqLYU4SGF,Stalwart Allies (Choir Solo Vocal),['X-Ray Dog'],85500,2019,False,,0.392,0.5920000000000001,0.376,0.076,77.05199999999998
31mGyW3jMwYvNulPlCaZ5z,Solemn Oath,['X-Ray Dog'],68728,2019,False,,0.172,0.578,0.353,0.106,128.22299999999998
4iU9Z1GJPc4DbjLHwINNWM,The Queens Court (Solo Female Vocal),['X-Ray Dog'],133955,2019,False,,0.365,0.716,0.452,0.133,120.206
3igPPCEB8Anf2Iz5bY1hzd,Ancestral Bond,['X-Ray Dog'],145586,2019,False,,0.465,0.564,0.387,0.18899999999999997,137.99200000000002
0FLF8PAGRzjJr9dcPeXfw6,Storm Clouds Form,['X-Ray Dog'],62123,2019,False,,0.25,0.77,0.27699999999999997,0.126,79.745
5jjFBstAqDJQo3K6XeA6B1,Reconciliation,['X-Ray Dog'],65500,2019,False,,0.203,0.34299999999999997,0.345,0.264,179.7
62k9rOTdvdA6Sz1gblsGgi,The Die Is Cast,['X-Ray Dog'],171427,2019,False,,0.152,0.77,0.126,0.0753,89.715
6JG3bd2zrnaGTnr4xtQ4cA,Mind Hunter,['X-Ray Dog'],189575,2019,False,,0.44799999999999995,0.439,0.284,0.128,59.995
7llr3wASulLrI5po3OygSS,Testing Fate,['X-Ray Dog'],152000,2019,False,,0.33,0.807,0.0285,0.0513,189.763
0VU1gPPAE7agu4sQTskZHv,Secret Souls,['X-Ray Dog'],165250,2019,False,,0.281,0.6940000000000001,0.006790000000000001,0.182,160.084
601xkHx70UnnoZsDOpY0NO,Unstoppable Force,['X-Ray Dog'],163660,2019,False,,0.36200000000000004,0.897,0.00128,0.0727,108.999
4tSJ6UJEgO3gLLTfY14bxs,Forsaken Destiny,['X-Ray Dog'],181272,2019,False,,0.0947,0.737,0.17600000000000002,0.251,69.868
6FdAP2Q3B65EGde5epm0HC,Depths Of Evil,['X-Ray Dog'],135122,2019,False,,0.406,0.87,0.105,0.0517,127.18799999999999
0cky4EzTYhAvAatboNzxZO,Watch Me,"['capshun', 'COLSON XL']",150000,2020,False,,0.7340000000000001,0.731,0.0166,0.18,159.974
3WFjUTLllHP7uUWb3i9yxB,Silent Night (arr. N.G. Lienhard for piano),"['Franz Xaver Gruber', 'Noreen Grey Lienhard', 'Jeffrey Biegel']",145680,2011,False,,0.4320000000000001,0.0044399999999999995,0.995,0.213,67.001
1MNPb6VUIt6qpZ0suW5rRD,Pressure Wounds,['Tetradin x Advance'],387960,2008,False,,0.419,0.9640000000000001,0.000166,0.111,171.051
1kiLUP8OGcJ0rbgwlGDVEz,Not a Republican and not a Democrat,['Malcolm X'],10347,2008,False,,0.0,0.461,0.9229999999999999,0.0,0.0
7k7wieI5FG61ZARVV5OT7z,Summer Night,['Xuân Nghi'],171000,2019,False,,0.718,0.4370000000000001,0.6659999999999999,0.354,159.674
6O7pihLJgeqxUnG7u9oYL2,Push It,['Static-X'],154907,1999,False,,0.557,0.978,0.000393,0.499,149.887
6uOzYMGucTA0MAFwS2FNB2,I'm With Stupid,['Static-X'],204627,1999,True,,0.551,0.982,8.690000000000001e-05,0.491,138.064
38i5zDVbBEZNxnHGsto6kn,Bled for Days,['Static-X'],225400,1999,True,,0.617,0.9259999999999999,1.17e-05,0.61,125.01799999999999
6kJb4WaCuc4wLBIkSJUY3n,Love Dump,['Static-X'],259800,1999,True,,0.575,0.9420000000000001,0.000231,0.401,130.056
5T4Wez0kAQRMnzdHIMQDKI,I Am,['Static-X'],167200,1999,True,,0.61,0.975,0.00108,0.629,145.035
0Vtr6WisK5k3f1dmGs9ZiL,Otsegolation,['Static-X'],212307,1999,False,,0.5660000000000001,0.97,4.71e-05,0.3,130.0
0AHkpL17up6cH4gvcQvRXf,Stem,['Static-X'],174800,1999,True,,0.495,0.9520000000000001,0.00105,0.242,79.10300000000002
029NI2uU26Zx9JiOPa86r8,Sweat of the Bud,['Static-X'],210267,1999,False,,0.58,0.892,0.000182,0.455,160.096
57Zx7e9O2zI7OHLbMCrnCp,Fix,['Static-X'],169400,1999,True,,0.632,0.972,0.00838,0.455,130.083
5ctRbSANfjfqVeNGPI7oau,Wisconsin Death Trip,['Static-X'],189293,1999,True,,0.39799999999999996,0.96,0.0018800000000000002,0.682,129.944
6lQVpykjhYEA9LK7hZi5Yx,The Trance Is the Motion,['Static-X'],290373,1999,True,,0.4920000000000001,0.889,0.000408,0.0981,160.1
7iJxOmYRIiUz3S4mVm6Bx6,December,['Static-X'],378507,1999,False,,0.175,0.591,0.0009,0.0716,105.102
6tiPmiZFKsVoue6NWXARcZ,Regeneration,['Static-X'],60280,2020,False,,0.36,0.733,0.0442,0.54,139.321
3O4xkk0dkAuq21uZHiXhcK,Hollow (Project Regeneration),['Static-X'],161893,2020,False,,0.486,0.986,3.5499999999999996e-05,0.531,155.65
7n84Px9d3eBa7G5W6YoHip,Worth Dyin For,['Static-X'],206507,2020,False,,0.53,0.951,3.5700000000000014e-05,0.586,124.99799999999999
3dpuDgfz7CDoSmM9pllsqW,Terminator Oscillator,['Static-X'],193747,2020,False,,0.501,0.986,0.000489,0.426,139.918
2pk8DnOTpSmFw0DBSBHSjh,All These Years,['Static-X'],236067,2020,False,,0.45299999999999996,0.9670000000000001,8.15e-06,0.336,132.998
2I9MlgVPYs5mdpfVMeHzaK,Accelerate,['Static-X'],168213,2020,False,,0.512,0.988,2.37e-05,0.27899999999999997,122.993
1NGBpjIrZIe0RagRFmyXfg,Bring You Down (Project Regeneration),['Static-X'],215280,2020,False,,0.64,0.9470000000000001,0.000699,0.204,126.98899999999999
3yH77XM2GIhDjleppqAc4h,My Destruction,['Static-X'],209027,2020,True,,0.43799999999999994,0.985,2.97e-05,0.345,148.628
04fIXb2dejwAXz2oy1dtyz,Something of My Own (Project Regeneration),['Static-X'],172960,2020,True,,0.505,0.99,0.00031299999999999996,0.33399999999999996,101.42399999999999
4N0Nj84Jnnu5BngBU5IuT6,Otsego Placebo,['Static-X'],260307,2020,False,,0.435,0.973,1.3300000000000001e-05,0.29,166.827
7iycOEVctrFcws2HvioRLV,Follow,['Static-X'],188733,2020,True,,0.514,0.987,0.003,0.528,155.925
54rIy3HJDVtqbdEWMyvcyS,Dead Souls,['Static-X'],284867,2020,False,,0.469,0.892,3.07e-05,0.34700000000000003,107.015
4NEiM49e8zbfO8zQKYy8nA,My Girl,['Uncanny X-Men'],298160,2019,False,,0.675,0.602,0.00627,0.805,139.315
7HbG9lqhZJJmptpf1h9yqE,You Used to Hold Me - Masters at Work Main Pass,"['Ralphi Rosario', 'Xaviera Gold', 'Masters At Work']",364600,2001,False,,0.6409999999999999,0.9309999999999999,0.0151,0.6809999999999999,122.947
5r7PAlIvNGcVfBFhwY3EeB,Put Your Hands Up,['Hyper X'],266736,2020,False,,0.856,0.948,0.00548,0.513,126.012
49tF4AvkvnkamPuKeSbOWv,Stille Nacht,"['Franz Xaver Gruber', 'Josef Mohr', 'Vjekoslav Sutej', 'Wiener Symphoniker']",195693,1994,False,,0.0809,0.142,0.9620000000000001,0.035,79.084
5Dhpv1fPSNXZF4NesgIWhv,X Games,['ShittyBoyz'],166957,2020,True,,0.659,0.8059999999999999,0.6920000000000001,0.597,114.95100000000001
4c3ekK025ffHUcDAXyrWlQ,Partners in Crime,"['Sunny x Jabril', 'Jabril']",187794,2020,True,,0.7040000000000001,0.426,0.0029,0.16,140.04
5eECWZXdQa1xoKQvDw4DcW,Stick,"['Sunny x Jabril', 'Jabril']",222642,2020,True,,0.7959999999999999,0.507,0.0189,0.257,139.998
32tGp9UKM3hvnQZBdO7vLm,Greedy,"['Sunny x Jabril', 'Jabril']",155507,2020,True,,0.861,0.382,0.0966,0.672,133.989
4efuhJMjpmEC1TVF8a6rEL,Float,"['Sunny x Jabril', 'Jabril']",175151,2020,True,,0.764,0.42200000000000004,0.0315,0.363,170.05
6PpVxBEcopflqtAfCHkual,BAG!,"['Sunny x Jabril', 'Jabril']",192862,2020,True,,0.857,0.40399999999999997,0.0033200000000000005,0.225,139.991
62biwQZ7vHLKP3eJW2Vt2m,Cookies & Green Crack,"['Sunny x Jabril', 'Jabril']",219481,2020,True,,0.767,0.491,0.0345,0.33399999999999996,139.96200000000002
2Mjkg5rUOmvyj0rcxJ9rIU,Beam On My Stick,"['Sunny x Jabril', 'Jabril']",184163,2020,True,,0.723,0.429,0.271,0.565,140.053
2qyDoGqKifPqk5QkuJ3CSO,U Didn't Know,"['Sunny x Jabril', 'Jabril']",200725,2020,True,,0.757,0.446,0.0391,0.28800000000000003,154.08700000000005
2hi0qzHRquLwqQu9R4eU6W,Scrawny,"['Sunny x Jabril', 'Jabril']",215719,2020,True,,0.7290000000000001,0.5820000000000001,0.0232,0.247,148.187
2HNFaDzIndjABeRVL8jsKp,Shake Back,"['Sunny x Jabril', 'Jabril']",177816,2020,True,,0.677,0.591,0.146,0.435,139.993
65KGQ547bdhXYwEHc7uIYg,Hotbox,"['Sunny x Jabril', 'Jabril']",186671,2020,True,,0.7709999999999999,0.6,0.792,0.24600000000000002,144.05700000000004
6Bcp7eqpH4j69eOavQhcIl,Twin Trips,"['Sunny x Jabril', 'Jabril']",197303,2020,True,,0.6629999999999999,0.529,0.0717,0.187,168.071
4yTuCQTqn7WkrjZnVS5xYX,World Gone Mad,"['Sey', 'XAC Atoms']",140870,2020,True,,0.465,0.885,0.669,0.527,172.399
7obHIxZsPVAnsHWMBCbs7B,Aftermath,['Volkor X'],414257,2020,False,,0.491,0.635,0.0834,0.439,194.058
6mqY3t7yDAcft2lOMLaHxc,Insomnia,['Xenobiotic'],267120,2020,False,,0.38,0.9890000000000001,3.1e-05,0.0856,160.014
18SBufSU5HdjkqLEoq0nz4,Light That Burns the Sky,['Xenobiotic'],318573,2020,False,,0.223,0.9540000000000001,9.2e-06,0.0737,200.035
4H441AhtS0uqboDbToA1r3,Inverted,['Xenobiotic'],189200,2020,False,,0.485,0.982,3.74e-05,0.17800000000000002,125.008
1kpHihRgC3gPKsvBIwwWIO,Acedia,['Xenobiotic'],291600,2020,True,,0.449,0.992,6.71e-06,0.138,137.018
1iLilH0p8zd8v4VYi4Fhde,Dysphoria,['Xenobiotic'],73627,2020,False,,0.35200000000000004,0.987,5.31e-05,0.0352,119.787
6jyvRGTdThWkeBYSvkofdF,Saphris,"['Xenobiotic', 'Sam Dishington']",381267,2020,False,,0.297,0.9079999999999999,0.000791,0.067,95.352
1zoIGefZXxXSnUrHvPuUrL,Fractured,['Xenobiotic'],322813,2020,False,,0.158,0.968,2.8499999999999998e-05,0.0694,81.831
2Zz0SpJoW9pHAKaKexo5dk,Thalamus,['Xenobiotic'],86400,2020,False,,0.531,0.9329999999999999,3.3799999999999995e-05,0.307,95.031
2ntjkQC5L9Ru2bYndj0N05,Grieving the Loss of Self,['Xenobiotic'],250013,2020,False,,0.48200000000000004,0.983,4.29e-05,0.14,119.995
2izN5rGHqyqtCG5Md9hdrj,Mordrake I: Reverie,['Xenobiotic'],177427,2020,False,,0.555,0.6759999999999999,0.011000000000000001,0.3720000000000001,134.049
0GC4EQeqNQ9MBp0ydBTJ2n,Mordrake II: Acquiesce,"['Xenobiotic', 'Kyle Anderson']",425653,2020,False,,0.314,0.987,1.82e-05,0.0397,102.167
11VZJpFqSvwzfDeZWR04it,Saphris,['Xenobiotic'],381267,2020,False,,0.297,0.9079999999999999,0.000791,0.067,95.352
3mjcvd0QmP3vU5veiiIisR,Light That Burns the Sky,['Xenobiotic'],318573,2019,False,,0.223,0.9540000000000001,9.2e-06,0.0737,200.035
6hqfr40BITPxhuP3t6WRkk,Cuttin'n'Drinkin' (Grendel Remix),['XP8'],317427,2007,False,,0.561,0.6629999999999999,6.1e-05,0.266,140.013
5ZLIa5VVwr0wfFFMJazOCc,Xjenza Eletronika,['Sound Synthesis'],322998,2019,False,,0.7929999999999999,0.698,0.000194,0.193,133.007
5zge8Gt6sdIR9rqHqyr8O7,X-Ray Spex,['Starz'],255800,2006,False,,0.29100000000000004,0.9329999999999999,0.00265,0.17300000000000001,154.38299999999995
1Y8wCLTcPc3rtX9WlIK7rn,Melody X,['Medasin'],154039,2020,False,,0.7490000000000001,0.518,0.182,0.278,122.027
0ff7CZGumRc8cqyg0O0TyJ,Xelda,['Arabb'],373467,2006,False,,0.596,0.8140000000000001,0.00187,0.436,179.947
5afsm4LBrC1lvnIsa3GvkB,Fool's Paradise,['XYLØ'],203503,2016,False,,0.542,0.774,0.00159,0.203,83.97200000000002
3Jc6Bdhc4QDQwal1urpuNk,Tears & Tantrums,['XYLØ'],198933,2018,False,,0.7240000000000001,0.812,0.0408,0.6709999999999999,109.99600000000001
2mflwepT0UzVdc2OMHDQdZ,X-Files,['Disalusion'],230733,2006,False,,0.757,0.7240000000000001,0.0295,0.831,110.015
198Q7XqPUQmUOggMFiXm8m,XOX,['IAMDDB'],191520,2018,False,,0.605,0.494,0.287,0.369,122.292
6SWQkuUtM1NFrG8iOs3OLa,Fantasia: I. Claroscuro,"['Xavier Montsalvatge', 'Yolanda Kondonassis', 'Jason Vieaux']",452013,2015,False,,0.302,0.0254,0.978,0.0497,74.65
3OLzduj2HLvbPYJPzIL2aI,Fantasia: II. Cadencial,"['Xavier Montsalvatge', 'Yolanda Kondonassis', 'Jason Vieaux']",299560,2015,False,,0.4,0.0178,0.976,0.0377,116.137
4pfSMXDmm0r45xwAkvUUGK,Fantasia: III. Brasilado,"['Xavier Montsalvatge', 'Yolanda Kondonassis', 'Jason Vieaux']",189440,2015,False,,0.469,0.163,0.961,0.115,123.792
2KWNO3GI7JUDnT8azu5OWF,Everybody Wants to Rule the World (arr. for guitar and accordina),"['Anonymous\xa0', 'Roland Orzabal', 'Ian Stanley', 'Chris Hughes', 'Jason Vieaux', 'Julien Labro']",297509,2016,False,,0.508,0.29,0.57,0.42100000000000004,114.559
1DwWFIUD0pFE4niAHPeclu,靜電,['Hu Xia'],262667,2013,False,,0.57,0.449,0.109,0.293,157.94899999999996
4zjTZF0f7JrNrUZ2W0SeRU,改變,['Hu Xia'],279133,2013,False,,0.5579999999999999,0.534,0.21600000000000005,0.297,139.869
5m2EOE25kmDu38NJ96Im2e,傻瓜探戈,['Hu Xia'],226667,2013,False,,0.644,0.494,0.0534,0.3670000000000001,111.87700000000001
5WKwNDE9QrKJFIidOAchI3,我們會不會,['Hu Xia'],273027,2013,False,,0.523,0.368,0.228,0.14,130.115
5r9if3IDgMI2TUuDsumCd7,微笑的人,['Hu Xia'],267867,2013,False,,0.55,0.557,0.0223,0.222,137.982
1XXV2FR8MdfZY5qxUoW77F,學著走,['Hu Xia'],243733,2013,False,,0.659,0.37,0.133,0.21600000000000005,104.963
2j1ov0MMsr4cC2VUI0QWuu,離家以後,['Hu Xia'],230600,2013,False,,0.6859999999999999,0.597,0.177,0.6759999999999999,144.036
2RX6xCOx8RJIrWzMuWLLmv,愛情離我一公尺,['Hu Xia'],263360,2013,False,,0.616,0.434,0.22899999999999998,0.23199999999999998,111.979
4ca8TZFDbdkRpPqeohBD2T,黑框眼鏡,['Hu Xia'],267640,2013,False,,0.7070000000000001,0.475,0.0833,0.27699999999999997,124.012
5FfYpvL3uSMkv4Qyw6iL7o,一定有個妳,['Hu Xia'],283493,2013,False,,0.42100000000000004,0.498,0.0393,0.217,145.711
0zElP9X4qO7tpSD9qRsTZ5,3 Gymnopedies: Gymnopedie No. 1 (arr. for harp),"['Anonymous\xa0', 'Erik Satie', 'Wendy Kerner-Lucas']",151160,1995,False,,0.491,0.00728,0.995,0.182,105.02600000000001
01y19fyTONPAIsTq4hY0fs,Porgy and Bess Medley (excerpt),"['Anonymous\xa0', 'George Gershwin', 'Eugene Rousseau', 'Indiana University Wind Ensemble', 'Frederick Fennell']",210493,1995,False,,0.111,0.0542,0.973,0.0363,79.627
4ea7CiiSnTqhm9rhCoXFwg,"Herz und Mund und Tat und Leben, BWV 147: Chorale: Jesus bleibet meine Freude (Jesu, Joy of Man's Desiring) (arr. for organ)","['Anonymous\xa0', 'Johann Sebastian Bach', 'Todd Wilson']",202587,1995,False,,0.0858,0.0182,0.885,0.0399,69.699
5Jtg2mebgojK5BIIDtGKO0,Windungen (Version 1996 for 8 Celli),"['Iannis Xenakis', 'Cello Octet Conjunto Ibérico']",380467,1998,False,,0.221,0.466,0.9079999999999999,0.18,110.022
7cbWh4hii8aYhEzQiWXmGK,Orange Sun,['Xenzodiak'],495323,2014,False,,0.6559999999999999,0.893,1.67e-05,0.0569,135.004
70xXFqj0j9DZfmkQMw1ya6,Wir fahren,"['Xavier Naidoo', 'Moses Pelham']",243552,2014,False,,0.654,0.8370000000000001,0.436,0.45299999999999996,121.93700000000001
2MkFbnr1iZNcy0ecxJWWoL,XD,['Loveswagu'],152101,2020,True,,0.7120000000000001,0.345,0.23199999999999998,0.259,82.98299999999998
35JZxMPLxErqfosXSPdXDK,X & Y,['Governors'],310307,2017,False,,0.313,0.9329999999999999,0.000151,0.48,134.947
4IXkFlJ5xe1rSLzWUqdkeD,X AE A-Xii,['888moment'],224373,2020,True,,0.669,0.402,0.21600000000000005,0.36200000000000004,129.865
5oc3eXPs1Sgk5stIJXtPxJ,Undefeated,"['Xavier Wulf', 'Idontknowjeffery']",194673,2020,True,,0.828,0.5379999999999999,0.027999999999999997,0.177,140.043
42fC4QXeGPsmwVZ61dy0LL,Mobbin,"['Xavier Wulf', 'Idontknowjeffery']",124829,2020,True,,0.809,0.667,0.0899,0.777,146.977
302vKGd7jv7p7P81RR4YBr,Pardon Me,"['Xavier Wulf', 'Idontknowjeffery']",145634,2020,True,,0.884,0.645,0.00361,0.322,76.013
7xaXhFLK6hHuMpYHG5pLFB,Only 1,"['Xavier Wulf', 'Idontknowjeffery']",114495,2020,True,,0.61,0.485,0.474,0.485,134.912
3esgp5dNr2Fnb3HivNzxnT,Murder He Wrote,"['Xavier Wulf', 'Idontknowjeffery']",136716,2020,True,,0.9420000000000001,0.528,0.23199999999999998,0.708,126.93299999999999
1MOGBNo3nzLgSQrRQXeUAd,Twitch,"['Xavier Wulf', 'Idontknowjeffery']",124827,2020,True,,0.9159999999999999,0.493,0.0199,0.821,147.001
5luPCgj8swlmPVeKbWbwr3,SoHo (Freestyle),"['Xavier Wulf', 'Idontknowjeffery']",125020,2020,True,,0.828,0.57,0.00584,0.461,159.971
7pAfmHoZ97RYzFdulc0HoK,Since 98,"['Xavier Wulf', 'Idontknowjeffery']",118885,2020,True,,0.9279999999999999,0.41,0.0222,0.41700000000000004,139.982
64punSQCuSRg9I6w4Xd5Rm,Crosses,"['Xavier Wulf', 'Idontknowjeffery']",206629,2020,True,,0.775,0.318,0.006659999999999999,0.122,149.049
0yfgluO78gOOsxy4eQwlbO,Where They At,"['Xavier Wulf', 'Idontknowjeffery']",145633,2020,True,,0.8859999999999999,0.501,0.00722,0.607,160.041
6FDEjJjJ3QSEcV9RXj6FGa,One Punch Wulf,"['Xavier Wulf', 'Idontknowjeffery']",147744,2020,True,,0.7979999999999999,0.76,0.0274,0.6629999999999999,142.996
34xqWZyAFIBr2ie3JLTSIo,Turf,"['Xavier Wulf', 'Idontknowjeffery']",147119,2020,True,,0.86,0.294,0.18100000000000002,0.32299999999999995,144.043
12H72yUWf6l4x2JDkZGzZr,Battlestorm,['Xul'],267733,2015,False,,0.205,0.917,4.59e-06,0.0638,112.507
1FF5rGjxw7xSkOLLFAuS2C,Mastication of Putrescent Empyrean Remains,['Xul'],314595,2015,False,,0.145,0.9129999999999999,2.22e-06,0.0565,99.369
7uWt3mLYRlO6311fsfGzzg,Porta Noctis,['Xul'],308223,2015,False,,0.22399999999999998,0.907,6.64e-06,0.0391,109.185
2wU23EkCnMFOa8ASyDvWDg,Vengeance,['Xul'],208320,2015,True,,0.401,0.935,4.38e-06,0.111,105.07
0XIb85XaggylGUIUcRayey,Winter's Reign,['Xul'],266766,2015,False,,0.213,0.875,2.44e-05,0.0665,131.733
7iBkIpX1Sr5bxADhNGroMk,Hordes of Black,['Xul'],329511,2015,False,,0.2,0.924,1.95e-06,0.0572,112.25399999999999
3aruXgWj9oca799eBY6oNx,Incinerate the Earth,['Xul'],257193,2015,False,,0.303,0.9229999999999999,5.700000000000001e-06,0.228,122.444
19WCkpplvburbV7Mf9jOYc,Tomb of Tyrants,['Xul'],354643,2015,False,,0.33899999999999997,0.9279999999999999,9.609999999999999e-05,0.0868,105.04799999999999
7hG7Ueo6oDY2PZVXxBEsvl,Venomous Inquisition,['Xul'],239418,2015,False,,0.221,0.961,4.21e-06,0.136,105.111
72wU2EsB3tPWYxfh9Xbjsw,Xenomorphs 1986,['Narconic'],262520,2020,False,,0.696,0.696,7.120000000000001e-05,0.349,127.98899999999999
14JjyAeGefbjJ5hC3ndtQS,Bring Me Down,"['B3LLA', 'xChenda']",204081,2020,False,,0.514,0.904,0.513,0.301,100.02
0U9re5b8pYTJ7DNXTdZJJV,2099 (feat. Troye Sivan) - Montell2099 Remix,"['Charli XCX', 'Troye Sivan', 'Montell2099']",183362,2019,False,,0.4970000000000001,0.685,0.0399,0.573,90.01899999999998
5r0n45MwnFNpKAwYysM2GV,Push It,['Static-X'],156027,2018,False,,0.5670000000000001,0.978,0.00041799999999999997,0.475,149.939
1fta2F9ANDJiAwGfHCqC2t,Silent Night - Voice,"['Franz Xaver Gruber', 'Kathleen Battle']",197573,1996,False,,0.245,0.037000000000000005,0.99,0.062,95.31200000000001
2R9XiB6hsN2KP0qKLxlmoR,Xale,['Jeri-Jeri'],245905,2013,False,,0.519,0.6,0.043,0.958,170.06900000000005
7tj79xVsvt42oiWfiPAUCb,I'm Back,['X-Terra'],347507,2017,False,,0.473,0.8540000000000001,0.0166,0.435,149.907
39ZNfNgrYmk7uqxaBvxwyI,Alone in the Night,['X-Terra'],264733,2017,False,,0.5870000000000001,0.7390000000000001,0.284,0.501,115.93700000000001
33o8zQm6koqesH0RuDGS3o,God Don't Make Junk,['X-Terra'],210667,2017,False,,0.562,0.912,0.00215,0.899,145.68200000000004
4beUuulXKzpII8uIxSPOS2,Fly High,['X-Terra'],362800,2017,False,,0.40399999999999997,0.789,0.00187,0.0861,148.023
6fAcKZzHvLSg808NCj1jGp,Family We Deserve,['X-Terra'],276253,2017,False,,0.61,0.43,0.0183,0.648,138.08100000000002
17LN5nbTzdTe4RqMp4fdnW,Throwaway World,['X-Terra'],223960,2017,False,,0.5760000000000001,0.715,0.0008089999999999999,0.617,114.07
3B4gEiDH7P9RxPlSMvqJre,Reap Sow,['X-Terra'],166560,2017,False,,0.748,0.812,0.162,0.8370000000000001,98.194
0n8hRhnd5gBCzeoDUCRTKp,Sinner's Prayer,['X-Terra'],434947,2017,False,,0.591,0.45799999999999996,0.0139,0.37,129.165
0pfjCvub3qZI5Gxau9JfCw,Some Things Never Change,['X-Terra'],356613,2017,False,,0.512,0.922,0.00221,0.408,139.531
2nT8sK5DSEFkxU3A3C261T,Crosses in the Sand,['X-Terra'],393547,2017,False,,0.536,0.8590000000000001,0.000145,0.691,145.388
5oWToRP0bt5du7okR5yw22,The Battle,['X-Terra'],417440,2017,False,,0.5589999999999999,0.7979999999999999,9.120000000000001e-05,0.528,80.464
65k5qJSHBzup6bdzKlEtx2,Forgive Us All,['X-Terra'],337480,2017,False,,0.498,0.491,0.0020399999999999997,0.295,91.132
1gRhuZBSTsMBlkJeGiW6sW,Joy to the World,['X-Terra'],153613,2018,False,,0.565,0.4920000000000001,0.0358,0.725,83.32600000000002
3AkTOVDFiVIhl6CHQzt83s,Imagine That,['X-Terra'],278187,2018,False,,0.664,0.825,0.0265,0.917,129.35
1lyweSI7JXW5q7y8zNLa10,Oh Come Oh Come Emmanuel,['X-Terra'],228947,2018,False,,0.511,0.33799999999999997,0.5870000000000001,0.36200000000000004,112.995
2F4B3uWg80nVx4mZenj6ED,Is There Room in the Inn,['X-Terra'],431587,2018,False,,0.745,0.7340000000000001,0.00617,0.885,127.314
3DnXknhMrvvkWLAFQJr4Qs,My Christmas Wish,['X-Terra'],302907,2018,False,,0.557,0.517,0.0132,0.265,79.251
3ZZ49AH0v6jqkDvsE5ksB0,The Animals,['X-Terra'],298440,2018,False,,0.711,0.705,0.121,0.727,103.102
5Mi1jrvjvNI4ePRapcWBm0,Sing for Joy,['X-Terra'],255013,2018,False,,0.7190000000000001,0.6859999999999999,0.016,0.925,127.113
5dGDrsqBgZPPzCH3byDkNi,Wise Men Still Seek Him,['X-Terra'],244413,2018,False,,0.622,0.308,0.502,0.16899999999999998,122.103
05xvZEtHMruBwDHH6KNkhN,Go Tell It on the Mountain,['X-Terra'],239013,2018,False,,0.629,0.7,0.0215,0.648,103.885
6GmvueEsTNMyNRLKjV64J7,Don't Lock Him Out,['X-Terra'],180080,2015,False,,0.38299999999999995,0.768,0.00556,0.624,82.363
7vltadiCm3jBVU2INy9TYk,Sell Anything,['X-Terra'],217533,2015,False,,0.52,0.914,0.000698,0.794,119.93299999999999
4Uf9KLEesjfuQoFoYIE7qE,First Stone,['X-Terra'],229053,2015,False,,0.41,0.83,0.00119,0.428,83.095
6LBtbY2EsFmifUPnvZjNVV,In One Ear,['X-Terra'],246587,2015,False,,0.436,0.898,0.006640000000000001,0.7040000000000001,161.467
6fX3MOdwnUPXl3BobP9aYe,Brothers Three,['X-Terra'],227013,2015,False,,0.639,0.6509999999999999,0.0443,0.632,99.23299999999999
2pcMSwe1lUJLILoPzr3JKN,Mighty Oak,['X-Terra'],366213,2015,False,,0.28300000000000003,0.789,0.0311,0.292,177.778
4F9cTFDDaamc7IPEg9nWDv,Machine Man,['X-Terra'],231720,2015,False,,0.642,0.563,0.013999999999999999,0.823,121.04899999999999
0KELRa6iSefjX3GwQx6WGd,Wake Up,['X-Terra'],169427,2015,False,,0.348,0.762,7.47e-05,0.821,165.69
2WAoNqiunR1dygQYmqHOz0,The Lord Is My Shepherd,['X-Terra'],182400,2015,False,,0.491,0.8540000000000001,0.000231,0.5660000000000001,90.85600000000001
46TiXQyHe2135obghJLtjy,Watch Be Ready,['X-Terra'],214467,1995,False,,0.48700000000000004,0.8220000000000001,0.0031899999999999997,0.511,120.06700000000001
47zTuxwLRpueN4PScM7vg8,Warrior,['X-Terra'],151533,1995,False,,0.192,0.843,0.000495,0.355,78.37
0nZcQcbo7P6sbMwdVB8ExR,Father's House,['X-Terra'],318867,1995,False,,0.405,0.626,0.0009140000000000001,0.41600000000000004,131.128
4DntfVRo4DbjYeZTP4XOyI,Sunshine,['X-Terra'],217067,1995,False,,0.40399999999999997,0.809,0.04,0.7829999999999999,96.536
5PhLmRSK1SWUgo1LGjB5wU,How Long,['X-Terra'],241800,1995,False,,0.376,0.183,0.32899999999999996,0.292,176.104
2jg443QpGtqRWEZOXCFzp3,Emotional Overload,['X-Terra'],305960,1995,False,,0.442,0.836,0.0103,0.324,120.33
1ph5jsv6V4McY3H8iMqZYc,Wolves,['X-Terra'],272933,1995,False,,0.4920000000000001,0.889,0.000587,0.32,101.40299999999999
2IUhHnzl4CjfjB8e8pbdJJ,Perilous Times,['X-Terra'],357867,1995,False,,0.457,0.76,0.0171,0.307,116.302
1EM1prq3T8kT35AIJhIdJB,The First Shall Be Last,['X-Terra'],249133,1995,False,,0.491,0.467,0.31,0.546,83.45200000000001
409XMyPlIw8EmWozLKXxaz,Nowhere To Run,['X-Terra'],261573,1995,False,,0.349,0.895,0.0212,0.44799999999999995,163.616
4IgOiGVktSUlKiaMC9wlIX,Modern Man,['X-Terra'],295067,1995,False,,0.45399999999999996,0.499,0.066,0.535,112.666
39zBtMgsGXUtO7zWmvk7b9,Who Said,['X-Terra'],202373,2009,False,,0.37,0.858,0.000144,0.45299999999999996,118.052
49oiFFx0wLO9fWTRSjqDeS,Ready Or Not,['X-Terra'],201613,2009,False,,0.311,0.778,0.000131,0.583,102.16
2UVWU2t4lPTPwTIRAwTIpg,Love Is Cruel,['X-Terra'],338320,2009,False,,0.255,0.8959999999999999,0.000341,0.136,134.596
0waGSsncGVEdOTJ9FLVYON,The Lord Is My Shepherd,['X-Terra'],174347,2009,False,,0.368,0.915,0.000608,0.4,96.59899999999999
4SzlZLBYWEPc8pfcGvKA5y,Warrior,['X-Terra'],160507,2009,False,,0.308,0.818,7.780000000000001e-05,0.322,151.405
4pYnm0s57YypZ1VoRtcYnu,Father's House,['X-Terra'],318547,2009,False,,0.418,0.8440000000000001,0.0075299999999999985,0.43,125.789
5qdmiZ4DO6Zdxeo5VaOSWB,Keep the Lightning,['X-Terra'],358013,2009,False,,0.36,0.8440000000000001,2.55e-05,0.371,134.55
7kQK09dkYa8VhMhx2F6iXz,Smile For Me,['X-Terra'],308120,2009,False,,0.401,0.688,0.000288,0.198,80.483
2zKeERJ3sebWvCBuZC0sCl,The Gadarene,['X-Terra'],341320,2009,False,,0.293,0.8029999999999999,0.000294,0.46299999999999997,137.634
4RwK38pIwt24BQw60XlyOR,Tower of Babel,['X-Terra'],434520,2009,False,,0.276,0.821,0.00020299999999999997,0.252,141.97299999999996
5nYGeGRg0OecXYpxTByjWz,For The Want of A Nail,['X-Terra'],382693,2009,False,,0.27399999999999997,0.721,2.47e-05,0.5539999999999999,167.975
2iYjArPKupb3OtJ2BafFEk,Wake Up,['X-Terra'],210000,2003,False,,0.361,0.762,0.00045999999999999996,0.24600000000000002,165.298
6cxIh4lr31L1wWDQWPidoZ,The Sun Will Shine Again,['X-Terra'],381480,2003,False,,0.284,0.7929999999999999,0.0004730000000000001,0.359,153.356
7cuZ5hsDJ9Hk3Bjo16RNp5,Wolves,['X-Terra'],217213,2003,False,,0.517,0.8540000000000001,2.08e-05,0.541,120.542
5ss0uBHcOR0zj74LvgVfeB,Where There's A Will,['X-Terra'],249080,2003,False,,0.5820000000000001,0.62,0.0005480000000000001,0.71,125.956
73Ee0lnk5N44aZTqcW7H6q,Calm Before The Storm,['X-Terra'],374360,2003,False,,0.19699999999999998,0.8220000000000001,2.11e-05,0.335,164.47799999999995
0GRKn5b1yH0NJvyqygZvdV,We All Need A Hand To Hold,['X-Terra'],318227,2003,False,,0.40700000000000003,0.556,0.00015900000000000002,0.188,75.794
6aeL6Dn4I0OO9L0xh1pjeD,Sell Anything,['X-Terra'],189640,2003,False,,0.58,0.825,0.00047599999999999997,0.799,123.522
1n0ikofX3EoWTVbLHVm65q,God's Grace,['X-Terra'],388200,2003,False,,0.46299999999999997,0.628,5.550000000000003e-05,0.359,110.06700000000001
4kSzgkercos1my5G254Fnf,It Isn't Love,['X-Terra'],313947,2003,False,,0.435,0.866,0.000383,0.40700000000000003,129.89
72kaJcM8fGh4U81gRT0YQc,Don't Curse The Darkness,['X-Terra'],243947,2003,False,,0.301,0.903,0.000348,0.47600000000000003,159.319
4dwJWaWkFUUqmjS2Kk7ylI,All The Way,['X-Terra'],299080,2003,False,,0.28600000000000003,0.894,4.15e-05,0.439,154.045
5ZHn9rC8lCM1qmRBSHwH7P,I've Had Enough,['X-Terra'],283680,2003,False,,0.489,0.7020000000000001,0.000178,0.35200000000000004,113.113
4cimvRno8TZIojHIbsXxtA,It Doesn't Matter,['X-Terra'],376413,2003,False,,0.41100000000000003,0.424,0.25,0.242,126.714
3o98kuVY8PZNKFtyHDFnIg,Warrior,['X-Terra'],137533,2015,False,,0.263,0.82,1.0199999999999999e-05,0.15,171.885
24badPhvOZgyrOP9d4gqXe,The Gadarene,['X-Terra'],354107,2015,False,,0.3,0.573,0.000133,0.45299999999999996,140.168
4JaX95wgQ3IyMCigV0Vhlp,Choose Life,['X-Terra'],162480,2015,False,,0.573,0.7240000000000001,1.0300000000000001e-05,0.495,101.678
1MDxPrnA9B60hFyGpQRcHF,Woe to the Wicked,['X-Terra'],172160,2015,False,,0.319,0.701,0.000154,0.342,168.176
1gLwLJkeIDyP45N5015zxr,Wolves,['X-Terra'],225227,2015,False,,0.505,0.6940000000000001,1.76e-05,0.282,121.154
2vpgvqEwp2e9zxz1ZWkNcS,Tower of Babel,['X-Terra'],468000,2015,False,,0.28300000000000003,0.57,0.00161,0.0739,151.079
5XPI96inl6CvlF9KURbVB9,Found Trusting,['X-Terra'],261040,2015,False,,0.368,0.445,0.0030800000000000003,0.172,132.21
1rewcZjUWdXaYiDCoEMLb9,X-nihilo,['X-Terra'],126613,2007,False,,0.5479999999999999,0.583,0.0213,0.16,95.98100000000001
7xpyXbECpWayI5v5qmwdNq,I Will Survive,['X-Terra'],296547,2007,False,,0.305,0.863,2.14e-05,0.51,98.199
0I7Qty6dLLcWFVwaz0sTWY,Don't Knock The Rock,['X-Terra'],276813,2007,False,,0.45,0.7859999999999999,0.00038500000000000003,0.34600000000000003,124.219
5pVIA1GeyZrWNxV1bxfiAf,Purchased In Blood,['X-Terra'],350440,2007,False,,0.37799999999999995,0.6709999999999999,3.85e-05,0.249,133.53
27E4fxlNBMZcutoDbouipL,Feather Tank,['X-Terra'],353693,2007,False,,0.22399999999999998,0.7979999999999999,0.00042300000000000004,0.462,133.253
7u5mG1UtlXvfukWL2aQ2ZZ,Who You Step On,['X-Terra'],421733,2007,False,,0.524,0.77,0.00036899999999999997,0.418,122.287
1xOGTDUIBV3gRDsUvkJ9z6,The Runaway,['X-Terra'],294120,2007,False,,0.597,0.6759999999999999,0.00419,0.625,122.993
6FiRI5oZmrRZJnN5bdQY0N,You Are The Reason,['X-Terra'],244480,2007,False,,0.253,0.8,0.00214,0.67,127.444
7Brwx9Ljvm1LVJg5nQVGed,Music Is The Only Drug,['X-Terra'],411827,2007,False,,0.4,0.8809999999999999,0.00025699999999999996,0.371,114.68700000000001
7gxtM6odyjgHzPHvCNZwex,Don't Give Up,['X-Terra'],281893,2007,False,,0.419,0.7020000000000001,1.82e-05,0.149,123.073
6wo9qtlwpkQu7LriARc4OA,This World,['X-Terra'],278053,2007,False,,0.391,0.648,0.00148,0.494,140.399
5M6oYpWweIWPTgiFOiSrBA,Dear Lord,['X-Terra'],531707,2007,False,,0.32299999999999995,0.574,0.0138,0.27399999999999997,81.484
7nvUC4GeRNfCYHl5vUczIz,Hello,['X-Terra'],402933,2007,False,,0.35600000000000004,0.821,0.0013800000000000002,0.177,102.691
3Y0uMurBvUalgYVXSaKEIw,X-nihilo - Reprise,['X-Terra'],131813,2007,False,,0.505,0.569,0.00048499999999999997,0.13699999999999998,96.671
4QpLS7panSdEcs4zyRJBt2,Is There Room in the Inn,['X-Terra'],469987,2009,False,,0.597,0.632,8.78e-06,0.634,124.57
0afnr77wKhwxmFxuuKMg5x,My Christmas Wish,['X-Terra'],300147,2009,False,,0.552,0.38299999999999995,0.0783,0.27399999999999997,80.156
3NcumTlUkM5glTvg5DeWbo,Applause,['Chloe x Halle'],198000,2013,False,,0.72,0.424,0.88,0.233,120.06299999999999
5EmrnIptNUaJDZPtow1UNh,We Can't Stop,['Chloe x Halle'],165000,2013,False,,0.655,0.365,0.85,0.518,79.954
5xUQPxFw6JCbusIN67m8Ox,Roar,['Chloe x Halle'],208474,2013,False,,0.502,0.22399999999999998,0.726,0.375,173.22
0YkGREpQ5xAYgYHRjWivvc,Wrecking Ball,['Chloe x Halle'],152727,2013,False,,0.456,0.325,0.8009999999999999,0.102,113.09700000000001
3ottT6zniWqye9aFBorIxZ,Punk N Dub,"['Nagual X', 'Junior Cony']",235701,2018,False,,0.595,0.975,0.0179,0.414,160.054
1Dv2jjDpXUyyeWhrQRxU5T,Opera Punk (Dub),"['Nagual X', 'Gaelle Cotte']",289000,2018,False,,0.535,0.992,0.14300000000000002,0.848,149.981
5r09yy95iiOBQ1f7l4pVNH,Opera Punk,['Nagual X'],294688,2018,False,,0.45399999999999996,0.997,0.00168,0.631,150.07399999999996
1tagT4LEFfPSPh7ztouedc,Ya Remix,"['Nagual X', 'Les Ramoneurs De Menhirs']",268095,2018,False,,0.6709999999999999,0.774,0.000558,0.47100000000000003,165.137
2FRkV9efjvDUUGKbCkvz8g,Chaman X,"['Nagual X', 'Kommandoh Chamanik']",264919,2018,False,,0.6509999999999999,0.997,0.159,0.727,165.055
4423Px69ysDjgA4tP90zCA,Fuck You (Dub),"['Nagual X', 'The Punxz']",246737,2018,True,,0.618,0.9590000000000001,0.29,0.8640000000000001,160.019
2wBJ2Xq8DynUT402bYXmVc,One Love,"['Nagual X', 'Winston McAnuff', 'MKD']",281993,2018,False,,0.677,0.971,0.00246,0.556,150.024
0HSNbnAPDsiU7IdOq5ZEeH,Bim bim,"['Nagual X', 'Guizmo Tryo']",288815,2018,False,,0.89,0.875,0.22699999999999998,0.9590000000000001,150.02
6PkLQA7BQhuK1vKq7ew1M3,Mort aux cons (Remix),"['Nagual X', 'Tagada Jones']",244000,2018,True,,0.6759999999999999,0.978,0.12,0.755,150.091
3v6uOVeE7cNPA7AVLgmgMI,Laridourlous,"['Nagual X', 'Gwenael Kere']",269000,2018,False,,0.8290000000000001,0.792,0.0353,0.88,150.06
2JiVyRfKyfI6653N7DdgQa,Eneblesenn (Dub),"['Nagual X', 'Les Ramoneurs De Menhirs']",257799,2018,False,,0.71,0.9279999999999999,0.0174,0.961,165.09599999999998
2t7hNxbl4PkEDDRkRXxOUA,No Love At All,"['Nagual X', 'Spraggy']",260032,2018,False,,0.9279999999999999,0.626,0.0268,0.664,120.104
6z3YW7uyMwNrjRsTMNAdIN,Presque rien,"['Nagual X', 'MagNag']",212726,2018,False,,0.894,0.695,0.386,0.9620000000000001,140.22799999999998
009EckjJg8sGV6cF7PoA8H,Tanto Tanto,['XOchitl'],178453,2005,False,,0.536,0.568,0.527,0.607,96.51100000000001
06ItC75J4YqNWgYdPPFysy,Quiero Saber De Ti,['XOchitl'],224533,2005,False,,0.6629999999999999,0.613,0.496,0.7509999999999999,78.484
6fgswZIliuGbgDCLyneK6R,Como No Pensar En Ti,['XOchitl'],184853,2005,False,,0.632,0.626,0.526,0.698,87.494
2mdkE0DiWsvu6vDJuxo4Pk,De Niña a Mujer,['XOchitl'],229027,2005,False,,0.551,0.6,0.8079999999999999,0.8390000000000001,166.47099999999998
50jlAhaRUovpD9pGqyH7rm,Aguila Negra,['XOchitl'],218400,2005,False,,0.62,0.625,0.436,0.779,181.636
4iR3YWSFDkUoONNd4qULoj,Tanto Amor,['XOchitl'],230840,2005,False,,0.578,0.77,0.275,0.6659999999999999,172.389
61MvJY5QdBpmRBcLRegkXi,Anillo De Oro,['XOchitl'],252947,2005,False,,0.534,0.603,0.272,0.7609999999999999,185.732
3O2cs7Aqy9YJZDeXglrV6S,Cumbia Del Papi,['XOchitl'],183947,2005,False,,0.716,0.7440000000000001,0.0659,0.652,96.415
6ttaPYSa59vbzZRyTvNL88,"2DA, De Niña Mujer",['XOchitl'],215307,2005,False,,0.494,0.643,0.608,0.534,86.37299999999998
4TBGf6DlLEnP5fjbxYpge8,Cumbia Kiss,['XOchitl'],219320,2005,False,,0.622,0.449,0.304,0.795,86.686
1PLj9tKZx5C5KrG3CfmNOH,Vuelve,['XOchitl'],276693,2005,False,,0.462,0.672,0.29600000000000004,0.622,160.287
10OeGUElL99AyTcaGF0IVh,Amor y Las Naranjas,['XOchitl'],205560,2005,False,,0.65,0.547,0.475,0.5379999999999999,86.137
0npToL4TfS9KAxAWaXUC0L,Ya No,['XOchitl'],262173,2005,False,,0.769,0.645,0.192,0.624,130.43
7uV1eTwRYwemopKSVEYQkS,Mi Cariño Se Fue,['XOchitl'],203080,2005,False,,0.45399999999999996,0.633,0.544,0.7,172.787
7kI1B8rsWXrDKQ2iyhOWTl,La Afrodita,['XOchitl'],192853,2005,False,,0.604,0.583,0.36,0.841,89.792
5W4LTCsv6J1ME67651RYS9,Cholito,['XOchitl'],283160,2005,False,,0.677,0.581,0.589,0.682,93.79700000000001
7BAHB1K1I9Uk5wbfdIe7qi,Oh Señor,['XOchitl'],276520,2005,False,,0.542,0.573,0.41200000000000003,0.91,94.738
2k3VCw39iiiksX9GPxVZQk,En Un Solo Corazon,['XOchitl'],229240,2005,False,,0.62,0.565,0.45799999999999996,0.682,177.045
6QMrrIg15tTUefVx0P5cRR,Amor amor De Mi Vida,['XOchitl'],237707,2005,False,,0.784,0.58,0.649,0.879,96.213
0fS2DEiIu0u4CqrFmbRdXv,Descent to Oblivion,['Xaemora'],326800,2020,False,,0.177,0.955,2.9100000000000013e-05,0.0578,129.993
1TDBdROWGN6hjWgwxdNvJP,Manifestos,['Xaemora'],280000,2020,False,,0.192,0.97,6.35e-05,0.0742,130.378
6kIHJybTugHfIAQvUxJFs6,From a Western Sky,['Xaemora'],267375,2020,False,,0.0609,0.971,3.5e-05,0.0468,69.942
58iIBTgnAH89C6IIgfUPCt,Cosmic Void,['Xaemora'],305600,2020,False,,0.19399999999999998,0.9890000000000001,8.740000000000001e-05,0.0394,149.533
61jHWfV909r2MZQiJL1uJZ,At Dusk of Existence,['Xaemora'],398500,2020,False,,0.302,0.988,1.4599999999999999e-05,0.0354,140.111
65MZCnvbFaObC9qzeu1FFg,Beneath Frozen Tombs,['Xaemora'],282000,2017,False,,0.166,0.9390000000000001,1.41e-06,0.0938,137.915
1qSlbGPwkBQ5vPdAV2QLL7,Msb,['Xaemora'],279000,2017,False,,0.0804,0.953,5.0999999999999995e-06,0.0364,179.485
6MCQPT3C1ProQ1eHLAw2JH,Wrist Slitter,['Xaemora'],352000,2017,False,,0.273,0.978,1.35e-06,0.062,120.164
5Hg18h7DfISKg7cR9wRHbj,Pandemonium's Ocean,['Xaemora'],386500,2017,False,,0.16399999999999998,0.937,7.45e-06,0.0487,160.156
7wyKLb8ajADdhWyhbhFVEZ,Lament,['Xaemora'],409000,2017,False,,0.252,0.951,1.19e-06,0.114,159.741
4unqTPIpPP5i9MLr13mZTM,Elegy,['Xaemora'],368000,2017,False,,0.29100000000000004,0.9159999999999999,3.87e-06,0.0541,119.72399999999999
1RhjQ9YRPQOLdboec84aJn,Altars,['Xaemora'],340000,2017,False,,0.373,0.96,0.00020299999999999997,0.0321,74.88600000000002
2FQZeebihcE1TLWW7J76V6,Blood Spilled for the Concubine,['Xaemora'],272500,2016,False,,0.151,0.8490000000000001,4.72e-06,0.0383,106.874
3VeK9qhkcFAZPxqpKS9Wcc,In the Grave,['Xaemora'],306000,2016,False,,0.0937,0.89,1.31e-06,0.0583,161.687
3wISziCpvhtLeH2tmRQkAj,Silence,['Xaemora'],271000,2016,False,,0.139,0.816,1.39e-05,0.0953,140.82399999999996
2IG3p0Up0nmcJR5upNCAsH,"Kingdom, Venom",['Xaemora'],419750,2016,False,,0.135,0.779,3.86e-05,0.044000000000000004,66.359
7MsflZDkwOPWeDehIi2Fvq,Quiero Saber De Ti,['Xochitl Mejia Y Su Grupo Destacados'],224587,2018,False,,0.633,0.611,0.485,0.72,157.043
3CUIWAs7AlrUh3hskcnlsm,De Nina A Mujer,['Xochitl Mejia Y Su Grupo Destacados'],229080,2018,False,,0.556,0.584,0.784,0.8490000000000001,166.528
08N3ikaR8KkUVhiDbWCqV2,En Un Solo Corazon,['Xochitl Mejia Y Su Grupo Destacados'],229280,2018,False,,0.617,0.573,0.469,0.703,177.35299999999995
4dmhOnoqERBqCqCOpVGcGr,Como No Pensar Ti,['Xochitl Mejia Y Su Grupo Destacados'],184907,2018,False,,0.51,0.627,0.535,0.698,174.882
38HEjOorimO1Z5zmRFQjdl,Vuelve,['Xochitl Mejia Y Su Grupo Destacados'],276747,2018,False,,0.5379999999999999,0.65,0.313,0.648,79.937
36XgMUWvujouA1L6eMJx6u,Ya No,['Xochitl Mejia Y Su Grupo Destacados'],262227,2018,False,,0.77,0.64,0.203,0.649,130.438
7Egj8gWnfZPUrAEOx1CyQ3,Cholito,['Xochitl Mejia Y Su Grupo Destacados'],283200,2018,False,,0.677,0.579,0.629,0.713,93.876
7EKc21uOtBnH7dl1bF79IM,Amor Amo De Mi Vida,['Xochitl Mejia Y Su Grupo Destacados'],237907,2018,False,,0.769,0.574,0.627,0.866,95.87
09hJm6Mz0xvZgjkirbJYEr,Aguila Negra,['Xochitl Mejia Y Su Grupo Destacados'],218440,2018,False,,0.7340000000000001,0.635,0.44799999999999995,0.764,90.896
66QE06KoYFpAkUCL9ZGzZv,Cumbia Kiss,['Xochitl Mejia Y Su Grupo Destacados'],219360,2018,False,,0.624,0.441,0.33,0.7709999999999999,87.545
0WNjFjoThhgHSPvpii5qeT,Amor Y Las Naranjas,['Xochitl Mejia Y Su Grupo Destacados'],205613,2018,False,,0.644,0.552,0.485,0.524,86.117
6pNLW71o1IxJaYpXKFxBXS,Anillo De Oro,['Xochitl Mejia Y Su Grupo Destacados'],253000,2018,False,,0.527,0.604,0.298,0.731,185.743
6ZzQPNLEQJrTc77ga0HT3D,Cumbia Del Papi,['Xochitl Mejia Y Su Grupo Destacados'],183987,2018,False,,0.7290000000000001,0.74,0.0602,0.6559999999999999,96.51899999999999
5U5DLn1RfSvOuZ63Z25hKz,La 2 Da De Nina A Mujer,['Xochitl Mejia Y Su Grupo Destacados'],215360,2018,False,,0.434,0.6509999999999999,0.594,0.5479999999999999,86.625
1O66rCmPLHSKQOuM1MMtve,Tanto Amor,['Xochitl Mejia Y Su Grupo Destacados'],230880,2018,False,,0.581,0.7709999999999999,0.293,0.645,172.02599999999995
5Jh5dIpkq5iFPRJGa6qTUt,Oh Senor,['Xochitl Mejia Y Su Grupo Destacados'],276560,2018,False,,0.537,0.574,0.408,0.9129999999999999,94.777
3orpeyi2GyLTzdkkOMwCLJ,La Afrodita,['Xochitl Mejia Y Su Grupo Destacados'],192893,2018,False,,0.583,0.574,0.37,0.871,89.734
0UijNfrXEdRES6jJhYVu3t,Mi Carino,['Xochitl Mejia Y Su Grupo Destacados'],203133,2018,False,,0.452,0.636,0.517,0.691,172.96599999999995
1QWVtDsBeeM6yNx5TQSif1,Tanto Tanto,['Xochitl Mejia Y Su Grupo Destacados'],178493,2018,False,,0.536,0.5670000000000001,0.527,0.645,95.37899999999999
43CntucSJv9peMhy2nO0yC,Trans Europe Express - Bassland dub mix,['Alex Xenophon'],577533,2000,False,,0.768,0.922,0.599,0.322,120.79899999999999
6dW2GjJBmia2vvIUwbmxxv,Someone Tell the DJ - Radio,"['Xces', 'Ceresia']",184719,2012,False,,0.5,0.893,0.0311,0.6890000000000001,176.041
0KCnud4RAccEgQXBwHNHAu,Someone Tell the DJ (Club Mix),"['X-Cess', 'Ceresia']",184605,2012,False,,0.498,0.9209999999999999,0.0785,0.737,175.98
2WKJcMeqmjkL4FzFoJszR7,"Do It (feat. Doja Cat, City Girls & Mulatto) [Remix]","['Chloe x Halle', 'Doja Cat', 'City Girls', 'Mulatto']",255181,2020,True,,0.628,0.649,0.00595,0.47600000000000003,82.90700000000002
6vSZO8pyhgJtlG7T29Lm90,XPRESS YOSELF (2016),['GEOTHEORY'],159888,2020,False,,0.708,0.95,0.0137,0.486,145.033
4CWp4i4SwWmBV3KOfs6Wdb,thinkin bout me - from Grown-ish,['Chloe x Halle'],199840,2019,False,,0.621,0.596,0.19399999999999998,0.628,157.941
01G3uECLTaLdfblHMvQxPX,XYZT,['Zombi'],290201,2020,False,,0.46,0.7829999999999999,8.87e-05,0.568,134.03
3sHqXBhEh41Wm0x3D2UZ4L,Miracle,['XENT'],136951,2019,False,,0.56,0.705,0.396,0.9690000000000001,127.25
5py756jqJ5UJoKUAjRJUNe,Water,['XENT'],202478,2019,False,,0.405,0.637,0.87,0.33,140.129
5AfrGKcaaTd0HjIxgiOi2M,Off The Goop,"['Kleavr x Tantrum', 'Akronym']",211200,2019,False,,0.341,0.975,0.000792,0.382,149.244
1HfQ2gqbEtCGMfphlyNGhP,Close the Window,['Xent'],83879,2020,True,,0.696,0.541,0.0433,0.617,119.74700000000001
3BKZIdwmXcAzZhQnIVlViO,All That,['Xent'],180144,2020,True,,0.723,0.406,0.8290000000000001,0.34299999999999997,97.00200000000001
4wzpjdpEo5OJWDk8v23UTf,Bei mir,['Xiara'],174324,2020,False,,0.588,0.705,0.0693,0.313,148.009
0uIitPtzjqgkmFyY0wkPfl,who knew - from Grown-ish,['Chloe x Halle'],202960,2019,False,,0.674,0.465,0.0967,0.239,96.99600000000001
5zuetjtTslM9aMxOW2YuZX,Shine Bright (From Trolls),['Chloe x Halle'],129088,2018,False,,0.7240000000000001,0.8190000000000001,0.0371,0.6970000000000001,134.971
2SpPCRtnfsjTp5iUGcMV2h,Wild Thing,['X'],211640,2018,False,,0.424,0.915,0.0608,0.273,108.46799999999999
3nzx5fX3LM6YDPyuBe2ynK,Warrior (from A Wrinkle in Time),['Chloe x Halle'],219587,2018,False,,0.498,0.556,0.114,0.452,174.076
0H7PlKAqUm729SzpaDNCbl,The Kids Are Alright,['Chloe x Halle'],169560,2018,False,,0.541,0.45,0.623,0.502,119.84899999999999
4fhQ1ZR0VfptVsCNtXccuZ,I Say So,['Chloe x Halle'],158853,2017,False,,0.584,0.6859999999999999,0.172,0.237,135.035
6oI6rtHoaTRdNphL8OshxU,Bougie Party,['Chloe x Halle'],165480,2017,False,,0.642,0.705,0.086,0.389,75.059
51206vFh5RmtMYIzmCzQw2,Stacy - Acoustic,['Quinn XCII'],182187,2019,False,,0.638,0.35100000000000003,0.816,0.45799999999999996,98.166
2UcZLt2VEpl0UQUCyuWPU0,The Passenger (LaLaLa) [feat. MOKABY],"['LUM!X', 'D.T.E', 'Gabry Ponte', 'MOKABY']",159360,2020,False,,0.6729999999999999,0.7709999999999999,0.0609,0.687,125.061
3mjK6G30xjxqgb5WMbj4rO,New Lovers (Xylo Aria Remix),"['Rookes', 'Xylo Aria']",242976,2020,False,,0.48,0.37799999999999995,0.20800000000000002,0.255,122.87899999999999
6mJnxWuufyinJBqjDrv8ym,Xantia,['Coconutfam'],128401,2020,True,,0.708,0.285,0.522,0.38,85.57600000000002
2XeFXNVl35Dbl9171vVS7I,Messy - Extended Version,['TWIN XL'],214640,2020,True,,0.5660000000000001,0.742,0.0825,0.449,87.973
6ZyRUrK8hyD47PbZYxN8ba,Different,['XanMan'],104000,2020,True,,0.698,0.674,0.0070599999999999994,0.711,139.982
2LWPN2suf2AjiIZ0Nt9uhp,Pain In Me,['XanMan'],96745,2020,True,,0.7759999999999999,0.603,0.0191,0.561,154.03799999999995
6OsjuCyR0jxYgtZOqAzoiX,Tracktor,['XanMan'],96916,2020,True,,0.855,0.643,0.14300000000000002,0.5589999999999999,134.872
58d2DXJYOjSdqOatMlPnW5,Persia (feat. NoCap),"['XanMan', 'NoCap']",100023,2020,True,,0.6679999999999999,0.664,0.0564,0.40299999999999997,145.122
0BhhmF7uq6JpcV7OqTlBPO,GPS,['XanMan'],119937,2020,True,,0.7340000000000001,0.526,0.0313,0.7490000000000001,132.119
1ho8HD20kmQ5KFH38BmDSa,I Said,['XanMan'],118481,2020,True,,0.733,0.633,0.0553,0.64,158.002
3W0Um9dXiW5ECzEfcBu2LO,Racks,['XanMan'],135059,2020,True,,0.6920000000000001,0.573,0.000139,0.312,140.415
2JlyPYFsWj0fqkYmVnOhqz,Soldier,['XanMan'],110786,2020,True,,0.7609999999999999,0.539,0.18100000000000002,0.303,130.334
5CMdTOLo5f9I5tEPROqAv6,Shake It (feat. Tisakorean),"['XanMan', 'TisaKorean']",127518,2020,True,,0.848,0.39399999999999996,0.0209,0.5770000000000001,145.078
2jdGwkUvTNI2OFlhUrus2G,Paris,['XanMan'],100094,2020,True,,0.733,0.44299999999999995,0.0982,0.154,129.968
1TFCNM0au1cfzyilJzJ2CW,On My Own,['XanMan'],164876,2020,True,,0.736,0.406,0.564,0.687,141.07399999999996
7sLACvuwFq7frxekjBdETF,Shark,['XanMan'],86493,2020,True,,0.7240000000000001,0.5489999999999999,0.0841,0.595,145.57399999999996
5DaYqBXAZb9l2cfeEpJ58L,ICE,['XanMan'],150737,2020,True,,0.767,0.6609999999999999,0.461,0.825,142.04399999999995
3qGkpvqi7fjTWcbNDwEWtU,For The Streets,['XanMan'],126897,2020,True,,0.604,0.7090000000000001,0.221,0.24600000000000002,105.463
3NHnApj1cb8MkYqciFGtxJ,My Fault,['XanMan'],189985,2020,True,,0.624,0.46399999999999997,0.185,0.209,129.181
5sBlcJW1QmbmJwSwpjt0zq,Cold Blooded Killa,['XanMan'],128615,2020,True,,0.718,0.684,0.13,0.215,83.428
5WVuoKLA2Valg2hLFVGE9B,ANiMA,['XI'],118884,2019,False,,0.374,0.9440000000000001,0.0007,0.35600000000000004,183.497
6ieMEgOdLSe9ZnaTUGZnUO,Middle America,['Pure X'],179080,2020,False,,0.305,0.626,0.006,0.47600000000000003,93.58
7hHHGJVxCFcqdyanqGKiNw,Hollywood,['Pure X'],231653,2020,False,,0.455,0.483,0.0681,0.368,95.65100000000001
5jY7D4DHQK2hLcfOpZRJz1,Angels of Love,['Pure X'],154560,2020,False,,0.359,0.546,0.000368,0.45,108.536
7506JXgIeuc2U7aGrz4LQV,Free My Heart,['Pure X'],195773,2020,False,,0.47200000000000003,0.6759999999999999,0.00472,0.465,117.09100000000001
1nVk31FE1JlDMAHRbkgLtU,Making History,['Pure X'],199080,2020,False,,0.397,0.47100000000000003,0.247,0.514,104.954
2y4L6S32ur1fSfuANf4jDD,Fantasy,['Pure X'],198120,2020,False,,0.365,0.5589999999999999,0.0007740000000000001,0.342,95.08
50Xa4XwXx1lH5dff6SoDdW,Man With No Head,['Pure X'],197693,2020,False,,0.46799999999999997,0.45799999999999996,0.0033200000000000005,0.155,106.339
1iwiOF6Zsa9LNjQLMJaOOh,How Good Does It Get,['Pure X'],162093,2020,False,,0.655,0.36200000000000004,0.456,0.565,93.708
1T0NPWTb1AfbKqEjToPGbP,Slip Away,['Pure X'],211613,2020,False,,0.52,0.402,0.384,0.371,76.352
1q3wQLSkJhMcxb0su7vpnz,Grieving Song,['Pure X'],151667,2020,False,,0.23399999999999999,0.32299999999999995,0.248,0.2,83.676
1HG1QzINxojlfcQ14nv2y6,Stayed Too Long,['Pure X'],148613,2020,False,,0.396,0.486,0.0972,0.359,106.579
5xNyAtRDvWOjQluchngAsq,I Can Dream,['Pure X'],228160,2020,False,,0.586,0.23,0.836,0.121,109.505
7a6HVxpLhW7hRL9JcFZl16,Next Level Charli,['Charli XCX'],157627,2019,False,,0.536,0.847,0.0961,0.215,150.043
1yUJK3qxPiFiPeAG2gLfuW,Gone,"['Charli XCX', 'Christine and the Queens']",246480,2019,True,,0.91,0.441,0.0414,0.66,114.00200000000001
15IgHEkeO9gSqrKilaEh8b,Cross You Out (feat. Sky Ferreira),"['Charli XCX', 'Sky Ferreira']",208387,2019,False,,0.604,0.4920000000000001,0.007490000000000002,0.385,121.125
3WGJSY8JaGliVIJyMig5aS,1999,"['Charli XCX', 'Troye Sivan']",189200,2019,False,,0.745,0.728,0.0183,0.625,124.016
3B0K8G7WESjdKxQvVMByR9,Click (feat. Kim Petras and Tommy Cash),"['Charli XCX', 'Kim Petras', 'Tommy Cash']",233293,2019,True,,0.677,0.7809999999999999,0.546,0.529,135.047
2xHEAdEalJ5YcP0ur8kF6L,Warm (feat. HAIM),"['Charli XCX', 'HAIM']",225267,2019,False,,0.518,0.58,0.406,0.396,117.501
7A32ilnCkeWlDNM0xsBUfw,Thoughts,['Charli XCX'],191053,2019,True,,0.4920000000000001,0.696,0.17300000000000001,0.157,119.78200000000001
2RCUr24WkEe2r5Vv4oDKlN,Blame It on Your Love (feat. Lizzo),"['Charli XCX', 'Lizzo']",191507,2019,True,,0.7170000000000001,0.755,0.0262,0.598,100.022
7fOFeVSyL18q7RiU6cnhiM,White Mercedes,['Charli XCX'],203133,2019,False,,0.743,0.544,0.0392,0.19899999999999998,129.97899999999998
25x38hVatSDa5ptfbKwdn5,Silver Cross,['Charli XCX'],208453,2019,False,,0.597,0.835,0.298,0.623,134.967
2wsypbBdFwN1woTAh9sq6X,I Don't Wanna Know,['Charli XCX'],185013,2019,False,,0.46,0.424,0.612,0.14800000000000002,104.866
38ybr0LS9XLUcqg8Yo62Wj,Official,['Charli XCX'],184747,2019,False,,0.47200000000000003,0.29,0.706,0.212,192.049
3XbNseJrIK8LzoTh4eA0Xf,"Shake It (feat. Big Freedia, CupcakKe, Brooke Candy and Pabllo Vittar)","['Charli XCX', 'Big Freedia', 'cupcakKe', 'Brooke Candy', 'Pabllo Vittar']",275040,2019,True,,0.5770000000000001,0.613,0.05,0.42200000000000004,133.65200000000002
3fTEcn7Jt6Dq3NVVdNvl4w,February 2017 (feat. Clairo and Yaeji),"['Charli XCX', 'Clairo', 'Yaeji']",153093,2019,False,,0.6920000000000001,0.506,0.0434,0.48200000000000004,119.882
2T4SAwloHxRAtpD2hgykdA,2099 (feat. Troye Sivan),"['Charli XCX', 'Troye Sivan']",205213,2019,True,,0.342,0.573,0.134,0.271,89.67399999999998
34JhbMeI08KODx5YnlDpxl,Fuertes Ancestros,['Xavier Quijas Yxayotl'],195040,1994,False,,0.6970000000000001,0.9209999999999999,0.174,0.0368,114.181
4xVEi7kw2ZX38oblIgx8d3,Sunset,['Xavier Quijas Yxayotl'],312867,1994,False,,0.387,0.298,0.0205,0.039,136.145
0GyqAfjBfkBNsk1cWsUsxU,White Eagle,['Xavier Quijas Yxayotl'],295893,1994,False,,0.727,0.925,0.292,0.17600000000000002,104.825
0VUIKAEtHT8v9dXohwAXaV,Danza Festiva Nahua,['Xavier Quijas Yxayotl'],144707,1994,False,,0.42,0.508,0.452,0.273,109.389
3If1SwxtXoDvGO0cBTHsin,Mazati - Venado Deer,['Xavier Quijas Yxayotl'],260293,1994,False,,0.607,0.7140000000000001,0.708,0.0651,126.77799999999999
3GqAjOH4K0PljUPgKhAfqe,Cosmic Jaguar,['Xavier Quijas Yxayotl'],552107,1994,False,,0.494,0.569,0.361,0.10300000000000001,114.363
1H7kTYwMI9LfLgZgpzMlmA,Flight of the Eagle,['Xavier Quijas Yxayotl'],412427,1994,False,,0.46399999999999997,0.649,0.28,0.0556,97.585
1yqiqL7NFcDG7KWX1R2aCc,Tezcatlipoca (God of the Darkness),['Xavier Quijas Yxayotl'],353000,1994,False,,0.355,0.978,0.265,0.0368,83.476
1atZSRDTbvSq4q29mj6CWX,La Habana Joven,['Xiomara'],180973,2001,False,,0.785,0.11,0.838,0.529,109.536
3sVVB8TlYvfB3eR1dKKefv,forever,['Charli XCX'],243672,2020,False,,0.578,0.927,0.5760000000000001,0.46,87.404
0d9DobObMKcbGKx7o9r8NA,"Miss X, an Ex-Lover",['Momus'],129280,2019,False,,0.8220000000000001,0.48100000000000004,0.0977,0.499,106.023
2aFLoriqcOt74mIIVmaY0Z,"Miss X, an Ex-Lover - Instrumental Version",['Momus'],128640,2019,False,,0.767,0.34700000000000003,0.0134,0.591,106.023
2s5JXoMyPZCV1KLcZQivVd,Better Me,"['Koshi', 'Xvxparis']",117368,2020,True,,0.7859999999999999,0.524,0.0356,0.171,90.04799999999999
6HPq6eJAqE4X6cgWoUDLQV,CHLORINE,['XYLØ'],223059,2020,False,,0.649,0.556,0.0694,0.188,85.016
2FHk7S70F4UJFQJTz7TrTL,Dragonflame,"['Remzcore', 'X-Pander']",218182,2019,False,,0.659,0.992,0.0395,0.0388,110.008
7Coulic7di20MlW1bEytkQ,Dreamer - Compound Version,"['Charli XCX', 'Starrah', 'RAYE']",238750,2017,True,,0.5820000000000001,0.626,0.0298,0.297,139.912
4R2u9nFjSycaZsEYAe5Kc0,3AM (Pull Up) (feat. MØ),"['Charli XCX', 'MØ']",239579,2017,True,,0.402,0.747,0.0481,0.624,187.709
053tQJvHupZLhjUWMmHlQ1,Blame It on U,['Charli XCX'],227298,2017,True,,0.6890000000000001,0.67,0.0202,0.154,140.069
0D6VCA9ycrkk9kH9F0p0AB,Roll with Me,['Charli XCX'],201756,2017,False,,0.728,0.603,0.0286,0.478,137.96200000000002
6QhqEJFZKUV3DKIsoXbTTH,Emotional,['Charli XCX'],233707,2017,False,,0.5660000000000001,0.7140000000000001,0.0521,0.205,96.015
1KPS1MHPrq9uPklJX8Q4XW,ILY2,['Charli XCX'],196584,2017,False,,0.608,0.88,0.0016300000000000002,0.22699999999999998,99.99
363vy5ekQwiC5ilmiMhqbA,White Roses,['Charli XCX'],213392,2017,False,,0.585,0.322,0.0544,0.0746,129.812
1G2uiB6xTRkfrZvG7jk4Sc,Babygirl (feat. Uffie),"['Charli XCX', 'Uffie']",233970,2017,True,,0.624,0.943,0.004229999999999999,0.275,91.969
2JjQNEYozHM41eQPFgOV6j,Drugs (feat. ABRA),"['Charli XCX', 'ABRA']",229219,2017,False,,0.67,0.6579999999999999,0.000982,0.22,139.95
7niKxzFThgRf5fXlIYdjtZ,Lipgloss (feat. CupcakKe),"['Charli XCX', 'cupcakKe']",234756,2017,True,,0.7440000000000001,0.816,0.0586,0.38299999999999995,120.025
1KxbulzaXSOjDyy53TE1cX,Catch Up (feat. Mike WiLL Made-It),"['Chloe x Halle', 'Swae Lee', 'Mike WiLL Made-It']",184493,2020,True,,0.8140000000000001,0.57,0.47600000000000003,0.544,105.024
6smHE8Iy6mdXxCKuBy7U9o,Stone,['Synthax Xtructure'],306087,2016,False,,0.598,0.826,0.0451,0.41200000000000003,137.99200000000002
7vSqZupjV7FIiVGn83uWL5,Here I Stand,['Synthax Xtructure'],306087,2016,False,,0.295,0.88,0.18600000000000005,0.33,138.03
5iViuJi8hEaU4Z7kXgUyNY,Under Sky,['Synthax Xtructure'],252174,2016,False,,0.48100000000000004,0.892,0.00966,0.305,138.02
2QQQPe6bMyQioYYj3F6lIr,Fx-Ultra,['Synthax Xtructure'],161739,2016,False,,0.515,0.9420000000000001,0.0034200000000000003,0.08800000000000001,138.007
2HhWFHqgnUEF5fd50aTI0q,XYZ,['Synthax Xtructure'],323478,2016,False,,0.45899999999999996,0.536,6.2e-05,0.226,138.02
5xr2bh5JF7E0QQX3CkF6uy,B Side a Dream,['Synthax Xtructure'],433043,2016,False,,0.46799999999999997,0.914,0.000244,0.122,137.976
6fFVix2Rbqwp69SoaEEvE1,In Silence,['Synthax Xtructure'],284444,2016,False,,0.449,0.9620000000000001,0.00137,0.369,135.006
2GH9lAOC855UY1XaDPp5ec,Retro Style,['Synthax Xtructure'],281739,2016,False,,0.446,0.965,4.68e-05,0.5660000000000001,138.006
6H3PKqHe8FFl2fu0LFir2j,Reasons of Time (Xtructure Remix),['Synthax Xtructure'],377391,2016,False,,0.519,0.966,0.0009939999999999999,0.727,137.972
4yQZNDBC0wgbOydDTGAIbh,Not Alive (Xtructure Remix),['Synthax Xtructure'],373139,2016,False,,0.568,0.935,0.000147,0.7240000000000001,137.026
4xCOBV3Jde97MJLzz4Lnhx,Xenoglossalgia,['Rwake'],222835,2015,False,,0.23,0.9109999999999999,0.0248,0.0776,75.584
6DPJNMssbMxXLuutqsForV,Dust,"['Stemage', 'XOC']",191080,2013,False,,0.364,0.331,0.0035299999999999997,0.0877,110.251
3SoCIzWLV8ZQSTLSyTqLkH,Das Licht (feat. Syrian),"['XP8', 'Syrian']",255213,2016,False,,0.52,0.9540000000000001,0.0012900000000000001,0.588,145.023
5xGdiP5k4OcfQmYOePvdvV,She Says (feat. Assemblage 23),"['XP8', 'Assemblage 23']",360840,2016,False,,0.48200000000000004,0.915,0.00018,0.7090000000000001,144.97899999999996
6JmifyUNAPH6dBMdgG2iOU,Wet Dream (feat. Delobbo),"['XP8', 'Delobbo']",470533,2016,False,,0.69,0.763,0.000547,0.58,144.0
7Lc1Kcs0QEYsXer7XK1CNr,Muv Your Dolly,['XP8'],294347,2016,True,,0.47700000000000004,0.9490000000000001,0.0008820000000000002,0.669,150.00799999999995
19LzIctOyWtR9J5bh9h82a,Cuttin'n'drinkin' (feat. Grendel),"['XP8', 'Grendel']",314586,2016,False,,0.555,0.655,9.93e-05,0.26899999999999996,140.023
5TcfGdEe6rubsLHOGlH9NQ,Purity,['XP8'],315787,2016,True,,0.491,0.868,0.00644,0.299,150.023
2XGb0yzyUKUvW9hx8Psih7,Dream of Blue (feat. DJ Lee),"['XP8', 'DJ Lee']",323787,2016,False,,0.583,0.902,0.00158,0.508,134.991
27Az6RYkO75XoPCeE8gVX6,Flatline (2016 Edit),['XP8'],247660,2016,False,,0.586,0.975,0.000959,0.428,94.00299999999999
75SetSJCdmmLcrX5v1WzXU,The God Particle,['XP8'],288987,2016,False,,0.551,0.975,0.20199999999999999,0.14,130.013
0evvZqR09wEZF2DAmeYy9O,Seed,['XP8'],304747,2016,False,,0.473,0.945,0.000633,0.456,142.001
667AF5G3yOCygasF47eZ05,Our Being (feat. Reaper),"['XP8', 'Reaper']",316853,2016,False,,0.532,0.442,3.96e-05,0.18600000000000005,137.996
4C08w92VFiKEmgtBlzksBH,Still Lives,['XP8'],246147,2016,False,,0.604,0.846,1.1599999999999999e-05,0.536,138.025
5csfRdOccseLGPszkJCNGL,Deadlock,['XP8'],279200,2016,False,,0.7,0.7859999999999999,5.96e-05,0.7020000000000001,130.986
0h0gneMy73mqUyrRVF5iPq,Juggernaut,['XP8'],319400,2016,False,,0.551,0.992,0.006940000000000001,0.155,141.991
2dTNPcyOnZfKbEDPkX8p4X,Our Time (feat. Heartwire),"['XP8', 'Heartwire']",340213,2016,False,,0.336,0.9990000000000001,2.25e-05,0.0384,142.04399999999995
456wKGL4a3Glwj5MI7ordC,Download Me (P2p Version),['XP8'],284656,2016,False,,0.517,0.845,6.57e-05,0.313,134.966
6q3OclulxnIVzFARCvUMXL,Your Nature,['XP8'],301093,2016,True,,0.525,0.997,0.000582,0.126,136.984
0p6ggQFWBK4QyQSKt9lsFA,The Art of Revenge,['XP8'],297853,2016,True,,0.56,0.985,0.00943,0.159,134.969
0QI61URuEHw6qMPY4wlBkv,Cracked,['XP8'],283533,2016,False,,0.493,0.991,0.000712,0.20600000000000002,142.045
1Bb3rkfzBdilNKnUsSsunA,Waiting,['XP8'],371547,2016,False,,0.5660000000000001,0.878,0.000699,0.41200000000000003,131.997
7El1OPKD4aRztdMBbVFDSa,Ready2go (feat. Faderhead),"['XP8', 'Faderhead']",322270,2016,False,,0.63,0.8590000000000001,0.00055,0.53,139.987
36RPmUT1ORsobSZVAvaCuy,Want It (feat. Daniel Graves),"['XP8', 'Daniel Graves']",289440,2016,True,,0.619,0.892,0.00133,0.708,125.98899999999999
4S5Ur70GxHiJMtkPiKGZcn,Blind (Mk 2.3),['XP8'],293982,2016,False,,0.556,0.8190000000000001,1.82e-05,0.748,138.001
2DzE9VljxDIwQWO9ThyJiu,Want It (feat. Daniel Graves & Tying Tiffany),"['XP8', 'Daniel Graves', 'Tying Tiffany']",284944,2016,False,,0.491,0.977,0.00866,0.41700000000000004,125.993
5MYBlbxXmuFNq1NDCdHzZ6,Scorpio Eyes (feat. People Theatre),"['XP8', 'People Theatre']",360974,2016,False,,0.5589999999999999,0.514,0.285,0.0619,126.969
29hTEfhj0fQR3UPCPuxQtM,Want It (feat. Daniel Graves & Rotersand),"['XP8', 'Daniel Graves', 'Rotersand']",337680,2016,True,,0.565,0.8859999999999999,0.0723,0.313,129.97
0vOzqMIytt08ExmHqLaPug,Bullet Hole,['XP8'],265099,2016,False,,0.529,0.8640000000000001,8.02e-05,0.223,139.967
1MGVuuvpkNNcHnSq1jxWyu,Burning Down,['XP8'],283944,2016,False,,0.563,0.956,5.68e-05,0.9279999999999999,141.986
5qfjbeLrAAxCL5obuU9Xh9,Fragility,['XP8'],301848,2016,False,,0.491,0.9259999999999999,5.73e-06,0.654,140.004
6cJmy2xzVc7qqL57Ztm7dB,Trip (feat. Stewart Who?),"['XP8', 'Stewart Who?']",249458,2016,False,,0.7090000000000001,0.935,7.159999999999999e-05,0.159,124.995
3g44EMfvzlcfrahEKNwLwx,Wake up! (Awoken) [feat. Nitronoise],"['XP8', 'Nitro/Noise']",268687,2016,False,,0.48,0.883,0.00034500000000000004,0.195,134.958
5SfRC9PcEKddffigTdbvuv,Decadence,['XP8'],269817,2016,False,,0.631,0.7959999999999999,0.00038700000000000003,0.228,135.025
3ExZCSwt7VCsFlrH0EzHGp,The Wound That Won't Heal (feat. People Theatre),"['XP8', 'People Theatre']",317818,2016,False,,0.503,0.9520000000000001,0.00011999999999999999,0.073,130.02200000000002
3lGTklJOo1wERBkSRyXCri,The Night of Pan,['XP8'],241968,2016,False,,0.716,0.732,0.523,0.165,119.995
5PVKiE2B8FoKroGpL4BQYZ,Burning Down (Outro) [feat. Cryogen Second],"['XP8', 'Cryogen Second']",310639,2016,False,,0.428,0.794,6.7e-05,0.196,142.054
3Z0GuMUmYLNgNHHWBOvHW7,Nightlife,"['IAMX', 'XP8']",316637,2016,False,,0.745,0.904,0.00288,0.285,127.99
1FIQttB1qOdrvjMsrwlgkq,Night Run (feat. C Lekktor),"['XP8', 'C-Lekktor']",312633,2016,False,,0.561,0.88,2.75e-05,0.349,139.997
7BDA1nFDt6rrPWAd28usdG,Information (feat. Phaezek4),"['XP8', 'Phaezek4']",321174,2016,False,,0.6940000000000001,0.915,0.000458,0.451,130.007
5TnzSyD9EuKMBc3PkNkQMH,Beyond the Looking Glass (feat. E.S.A.),"['XP8', 'E.S.A.']",303023,2016,False,,0.639,0.8220000000000001,0.00128,0.617,140.028
08QAbjrSm4lXcLYD7D5enD,Inside Their Heads (feat. V▲Lh▲Ll),"['XP8', 'V▲LH▲LL']",270669,2016,False,,0.608,0.875,0.1,0.152,135.969
1h8skcRTucx5EHtVnOewv6,Night Run (feat. Syrian),"['XP8', 'Syrian']",269876,2016,False,,0.467,0.9790000000000001,0.00103,0.11,139.97
2DsYsccwURKWsga2EjMg9I,Excess Frequency,['XP8'],295471,2016,False,,0.626,0.9440000000000001,7.87e-05,0.722,129.982
4mJRPuIJUMPVRgGjyCGbAf,"Eins, Zwei, Drei, Fuck (feat. Surgyn)","['XP8', 'Surgyn']",332513,2016,True,,0.569,0.84,0.0007610000000000001,0.6579999999999999,149.998
5jbEjPagSfW4M9TUZdhHEP,Dolly Was a Raver,['XP8'],248000,2016,False,,0.688,0.9420000000000001,1.7e-05,0.617,137.984
2CK5mLeSn1QZLlaw2HGgrw,Engage the Bass,['XP8'],266000,2016,False,,0.647,0.907,0.000125,0.281,139.991
0cYInzqyAmmgGLcflOu8jw,Primitive,['XP8'],294000,2016,False,,0.612,0.74,5.0600000000000003e-05,0.46399999999999997,125.01299999999999
3KsvcNUb894yKaMrraaoxL,We Felt Nothing,['XP8'],312126,2016,False,,0.652,0.9229999999999999,1.64e-05,0.433,139.999
5zTP7BK6ZyfMWciSJN1xS5,The Gift,['XP8'],280826,2016,False,,0.585,0.884,0.000127,0.3670000000000001,130.019
5YJsIylkw40xgLPA6svUB2,X,['Unbunny'],238213,2008,False,,0.498,0.615,0.158,0.23800000000000002,118.029
4GF6clVMJY3IxIFoTYogPO,Adew Dundee,"['Anonymous\xa0', 'Baltimore Consort']",103613,2003,False,,0.48,0.153,0.9129999999999999,0.46,83.045
55N0nwWLEKeLdqz2f50IaD,"Remember me, my deir","['Anonymous\xa0', 'Custer LaRue', 'Baltimore Consort']",254507,2003,False,,0.293,0.0179,0.9890000000000001,0.156,72.845
4DMDf2t7mj3Z7WcUBjEuQm,Ane Ground,"['Anonymous\xa0', 'Baltimore Consort']",212293,2003,False,,0.312,0.0183,0.976,0.35,122.866
2RBrGJLnLjSQEQRAMtJd8V,A New Scotch Song of Catherin Logy,"['Anonymous\xa0', 'Custer LaRue', 'Baltimore Consort']",164733,2003,False,,0.31,0.13,0.688,0.6809999999999999,163.284
2KVRBiOG0blQJHp8O0iREn,The Scotch cuckold,"['Anonymous\xa0', 'Baltimore Consort']",183267,2003,False,,0.528,0.111,0.8740000000000001,0.172,124.211
4svB66l2jCTGqnIwnwZ234,Green grows the rashes,"['Anonymous\xa0', 'Baltimore Consort']",108333,2003,False,,0.38,0.142,0.895,0.621,185.968
0ffaiL1k7dorVVstcXRRb4,Alace I lie alone,"['Anonymous\xa0', 'Baltimore Consort']",158333,2003,False,,0.24100000000000002,0.0164,0.8859999999999999,0.308,61.879
6kOUdGBFFFzbO5JW3MNWTN,Blew breiks,"['Anonymous\xa0', 'Baltimore Consort']",108147,2003,False,,0.517,0.0193,0.764,0.316,72.965
63uQNzX7fFSXDPVualw6Z8,Generall Leslys goodnight,"['Anonymous\xa0', 'Baltimore Consort']",124120,2003,False,,0.18100000000000002,0.00863,0.9890000000000001,0.21600000000000005,90.384
458tfRn4mxM5dfAFUFqnh8,Leslies lilt,"['Anonymous\xa0', 'Baltimore Consort']",94187,2003,False,,0.419,0.0047799999999999995,0.9890000000000001,0.41100000000000003,121.23299999999999
5Fk28fJola686URM5n9aC5,Peggy is over ye sie wi' a souldier,"['Anonymous\xa0', 'Baltimore Consort']",53387,2003,False,,0.484,0.043,0.972,0.675,99.867
1RglYVzWURQ19CiRXGNTz9,I mett her in the medowe,"['Anonymous\xa0', 'Baltimore Consort']",89160,2003,False,,0.63,0.0459,0.982,0.7659999999999999,107.47
1b2GT9y3N0JTJMmQkodV2k,The old man,"['Anonymous\xa0', 'Baltimore Consort']",37867,2003,False,,0.64,0.0907,0.9890000000000001,0.435,109.428
5WSX5le3pqIsDOs2z9Uvsb,Richt soir opprest,"['Anonymous\xa0', 'Custer LaRue', 'Baltimore Consort']",353040,2003,False,,0.324,0.0063,0.988,0.223,98.522
2Shv1waCp5UxLRe99CSx8S,Suit smiling Katie loves me,"['Anonymous\xa0', 'Baltimore Consort']",89040,2003,False,,0.35700000000000004,0.0303,0.856,0.642,129.70600000000002
6hDyRhv3rwX8r8Pp1ndtBv,Whip my toudie,"['Anonymous\xa0', 'Baltimore Consort']",104920,2003,False,,0.654,0.14800000000000002,0.737,0.34600000000000003,96.073
6eqCcYgXjFDuNMZA2QNxgq,Remember me at evening,"['Anonymous\xa0', 'Baltimore Consort']",115653,2003,False,,0.615,0.109,0.797,0.33299999999999996,112.421
7vHQeh7H8TfHwvYyIesSXb,A Scot's tune,"['Anonymous\xa0', 'Baltimore Consort']",128400,2003,False,,0.408,0.21600000000000005,0.8640000000000001,0.442,113.82
34dT9RS8SdvHJP173XgPX1,Woe worth the tyme,"['Anonymous\xa0', 'Custer LaRue', 'Baltimore Consort']",176467,2003,False,,0.392,0.0153,0.96,0.35200000000000004,103.984
2TxqyFU0Z2Ae9oONX8yVGH,What mightie motion,"['Anonymous\xa0', 'Custer LaRue', 'Baltimore Consort']",429987,2003,False,,0.297,0.00859,0.97,0.184,95.02799999999999
5v6JrovIRZ9GWzqKlO2uyA,My Girlfriend Is a Raver,['S3RL x LIDA'],223710,2019,False,,0.519,0.9490000000000001,0.0843,0.32,175.15
0nLhncTms6idLB8OFPVeRe,Bang Bang,['XYLØ'],123606,2016,False,,0.5379999999999999,0.91,0.00321,0.39899999999999997,176.05200000000005
6VLtWgW0USISy1aFuouqxA,Afterlife,['XYLØ'],208262,2016,True,,0.574,0.581,0.109,0.304,76.982
557KWxa3o2DHiCTeJCg2Ss,America,['XYLØ'],256712,2016,False,,0.58,0.65,0.038,0.19399999999999998,112.021
3k6BkFw0vPLgqy9uxIgHmm,BLK CLD,['XYLØ'],220885,2016,False,,0.585,0.599,0.0577,0.325,129.958
3FqE5nHIx0VAZ9AMvfwE8J,Between the Devil and the Deep Blue Sea,['XYLØ'],231522,2016,False,,0.541,0.539,0.607,0.37799999999999995,139.936
5OW1KzgpaEWAtXck8MMX8f,L.A. Love Song,['XYLØ'],218364,2016,False,,0.552,0.609,0.0097,0.34,142.097
3YzEEbzsWjfgjV6hJxHaL3,Shenanigans,['X-Ray Dog'],111200,2017,False,,0.585,0.574,0.67,0.266,83.48299999999998
6IDYzKGFeShE2dI3QhP3oG,Pandoras Box,['X-Ray Dog'],123819,2017,False,,0.212,0.268,0.536,0.152,75.003
3BOTglUKUN7Cic0mAMaBVc,Diabolical Mind,['X-Ray Dog'],143083,2017,False,,0.29600000000000004,0.45299999999999996,0.10800000000000001,0.171,106.661
1W3FN4D4fE231nb2oiSWzf,Chasing the Invisible,['X-Ray Dog'],110752,2017,False,,0.47700000000000004,0.5539999999999999,0.046,0.42100000000000004,84.84
7amUX4owz19q2rDfCuaNS5,Tale of Majestic Madness,['X-Ray Dog'],112181,2017,False,,0.501,0.34700000000000003,0.581,0.368,171.858
61QG4WinMGYm7nyHZCaeDl,Here Comes My Wife,['X-Ray Dog'],114336,2017,False,,0.539,0.395,0.48200000000000004,0.396,74.45
79xiHQ06QDCtq9J0buof9A,Habanera Revolution,['X-Ray Dog'],137952,2017,False,,0.515,0.742,0.24,0.42,84.931
5iHii1dUzy7x3i9E9EKzYl,King Kukui,['X-Ray Dog'],131253,2017,False,,0.369,0.44799999999999995,0.0713,0.133,109.465
2gdDo0kWrml0ahzeAiBsPC,From Monkeys to Man,['X-Ray Dog'],127915,2017,False,,0.377,0.40399999999999997,0.23,0.0482,92.164
7ejTMj2cuWlhA9A3cgbSYU,Bloodhounds of Beverly Hills,['X-Ray Dog'],98528,2017,False,,0.45299999999999996,0.6940000000000001,0.00198,0.18600000000000005,79.959
0y9htsC4MQfdk9aHM1qq4g,Little Giants,['X-Ray Dog'],116416,2017,False,,0.634,0.545,0.242,0.11599999999999999,147.968
4h1NcF2FesdlyGILjXkvup,Poison Berry Pie,['X-Ray Dog'],105227,2017,False,,0.511,0.462,0.16899999999999998,0.33299999999999996,150.405
4SoQfFDiIJLsD7pSU7Ow3E,Capture the Unicorn,['X-Ray Dog'],104085,2017,False,,0.298,0.414,0.37799999999999995,0.11900000000000001,75.571
7gQUo80LC1uis1hoOCmbn7,Best Day Ever,['X-Ray Dog'],140949,2017,False,,0.5770000000000001,0.488,0.6629999999999999,0.38799999999999996,80.473
04gceUOqT9OhdQN1CgJe2P,Shake a Leg,['X-Ray Dog'],100064,2017,False,,0.461,0.63,0.44799999999999995,0.363,70.16199999999999
0oJrKHsZYfmM4t8NqssK3O,Save the Princess,['X-Ray Dog'],147285,2017,False,,0.457,0.511,0.00899,0.0891,114.98
4ZhQRZqzdZH8pvvouPbHEJ,Backyard Barbarians,['X-Ray Dog'],131680,2017,False,,0.306,0.905,0.0254,0.14400000000000002,78.324
0pJpGLG9HKTPKDOFRef0Yl,Clash of the Toddlers,['X-Ray Dog'],118016,2017,False,,0.366,0.848,0.124,0.392,88.396
0KFo3SwQ6mzniTpXyjdcWo,Escape from 4th Period,['X-Ray Dog'],110347,2017,False,,0.434,0.8740000000000001,0.0402,0.10300000000000001,151.63299999999995
297p4EP0jPvwSYABl2Qc1n,Star Command,['X-Ray Dog'],108277,2017,False,,0.324,0.696,0.14,0.345,130.947
6nv27iM8oNSFjbekD62qLO,Seeing Is Believing,['X-Ray Dog'],190411,2017,False,,0.21899999999999997,0.523,0.4270000000000001,0.0597,130.02
28JBvE48a1C0isuKlp3s8j,Ride the Wind,['X-Ray Dog'],145653,2017,False,,0.14300000000000002,0.467,0.254,0.0758,63.573
5Ph3xb7iprSGUWAw6OG8u5,Crown Procession,['X-Ray Dog'],104469,2017,False,,0.5820000000000001,0.542,0.402,0.252,113.015
1uEY7G4FcxuVunyXSQs5Wd,Prelude to Takeoff,['X-Ray Dog'],34549,2017,False,,0.292,0.249,0.7559999999999999,0.038,122.12299999999999
4eIV9837QEpGS2K0vsoJVj,Look to Heaven,['X-Ray Dog'],90837,2017,False,,0.32899999999999996,0.21100000000000002,0.753,0.0374,108.095
6TpTcycmyOySKeRbBD5vKQ,Phenomenon,['X-Ray Dog'],128843,2017,False,,0.0929,0.261,0.251,0.0599,63.608000000000004
6ygmGf2DYCgy4wjkZ83dNw,Call of the Sirens,['X-Ray Dog'],59200,2017,False,,0.27699999999999997,0.0957,0.97,0.0325,180.024
0TnVfXHgTkWmFB6u0Lagi3,Age of Queens,['X-Ray Dog'],136384,2017,False,,0.366,0.7240000000000001,0.0095,0.138,96.795
5coRyKOl7hLKVZkNVa2KxE,Fortune Foretold,['X-Ray Dog'],116427,2017,False,,0.23800000000000002,0.531,0.087,0.0946,180.077
2f5dxVK81xuawaxfnTsbDn,Celestial Garden,['X-Ray Dog'],39861,2017,False,,0.233,0.27699999999999997,0.39,0.0777,109.955
3NyX9SV8qDKZXiGWeoUQin,Utopia Revealed,['X-Ray Dog'],97483,2017,False,,0.20600000000000002,0.409,0.0513,0.0636,91.499
0TzmlsG1fs9WT9WxmeoqU4,Adonis,['X-Ray Dog'],198574,2017,False,,0.22699999999999998,0.6779999999999999,0.332,0.0434,101.20200000000001
6AJ85V4bmg3uZZMHfUVPGh,Behind the Black Mirror,['X-Ray Dog'],146944,2017,False,,0.215,0.568,0.155,0.04,61.788999999999994
0ptcQhHC9Hviv3qEGXAluA,Imaginarium,['X-Ray Dog'],174005,2017,False,,0.142,0.445,0.0724,0.0702,159.785
4cyWyaFW6K2fMW89uLUbnv,An Eye for An Eye,['X-Ray Dog'],141862,2017,False,,0.20800000000000002,0.48,0.10300000000000001,0.154,130.398
0I50cCk9MKs2OyvFzYxJ6I,Attack Monkeys,['X-Ray Dog'],109173,2017,False,,0.405,0.691,0.0406,0.371,170.0
6NQgf3I99TnncLCVA2bvuc,Cavalcade,['X-Ray Dog'],172117,2017,False,,0.512,0.642,0.387,0.16399999999999998,125.963
24YWLX70NpTTiEPUxCdHEP,Spooks and Goblins,['X-Ray Dog'],141749,2017,False,,0.35700000000000004,0.585,0.0265,0.14300000000000002,137.666
2yrrPpNTNUtPAwYSjgjfIj,Maniacal Madness,['X-Ray Dog'],160267,2017,False,,0.391,0.5329999999999999,0.11800000000000001,0.0906,119.834
2YlCMOu5Q7u6hgAaXf3ilb,Fantastical,['X-Ray Dog'],131563,2017,False,,0.233,0.34700000000000003,0.701,0.0749,63.047
59dyrHQPpnkYgYfLPPKy0G,Wonder Island,['X-Ray Dog'],144443,2017,False,,0.33299999999999996,0.513,0.474,0.0673,127.63600000000001
2bOhWYnwnogoRqBsH6N35x,Race the Sky,['X-Ray Dog'],184416,2017,False,,0.254,0.449,0.51,0.057,102.315
27oh7ESOPbUdeR5RRC4Uaa,Wing and a Prayer,['X-Ray Dog'],118706,2017,False,,0.192,0.314,0.7140000000000001,0.035,61.19600000000001
0mhlg4DBlJIGsC3ZdeZUWq,The Ringmaster,['X-Ray Dog'],176011,2017,False,,0.494,0.8340000000000001,0.0181,0.0627,105.99600000000001
3WSQQhpklW6SLqjp8zCBEo,Spectral Light,['X-Ray Dog'],185653,2017,False,,0.154,0.452,0.217,0.0392,147.451
6mMs35RcDLGZQcZwM8ipGg,The Bewitching Hour,['X-Ray Dog'],105003,2017,False,,0.266,0.539,0.155,0.273,168.13099999999997
1Ogzkue2lDMyNTgAzjLUoZ,Tale of the Secret Scrolls,['X-Ray Dog'],126005,2017,False,,0.385,0.51,0.532,0.0865,106.249
5Rwwa68EsajxsehwhwsGeE,The Promise,['X-Ray Dog'],161472,2018,False,,0.42,0.807,0.433,0.184,80.001
2KsdXlE8f0wDLDQkT9w5mA,Spider's Web,['X-Ray Dog'],104583,2018,False,,0.769,0.575,0.237,0.217,144.066
0ScfG67R8xEuUlSDis1MoZ,Grave Robber's Jig,['X-Ray Dog'],127500,2018,False,,0.5820000000000001,0.927,0.14,0.14400000000000002,150.001
5gjGfPgMl9Me8PyaR1NyM0,The Inquisitor,['X-Ray Dog'],106630,2018,False,,0.5820000000000001,0.633,0.47700000000000004,0.392,159.863
0WePMl6Ow1lke8d0srghZS,Repeated Madness,['X-Ray Dog'],133000,2018,False,,0.341,0.8590000000000001,0.0658,0.0971,93.376
7rNKRHN0vrn3qL5kd4Un2P,Ragefire,['X-Ray Dog'],97195,2018,False,,0.38799999999999996,0.565,0.0565,0.172,80.014
1WP8sm3gJsOEbyDhmXKT08,In God's Hands,['X-Ray Dog'],178242,2018,False,,0.248,0.525,0.0336,0.039,79.979
3iqLYJWq8dpn0cYElmZAAR,The Pure and the Evil,['X-Ray Dog'],167936,2018,False,,0.159,0.664,0.0857,0.0833,176.951
060QuTEIMvxugGoNFtFlrb,The Crowned Pawn,['X-Ray Dog'],100715,2018,False,,0.511,0.488,0.813,0.322,160.006
48tcuhtTfGQzGL9d6Nf9fP,Open Wings,['X-Ray Dog'],106286,2018,False,,0.612,0.75,0.10300000000000001,0.308,140.059
3nDY92jICgNKUTOob7IP0L,Washed Away,['X-Ray Dog'],114861,2018,False,,0.262,0.6779999999999999,0.43799999999999994,0.17600000000000002,143.855
4NU45XEJbiOCYYOzPlhho6,Secrets and Lies,['X-Ray Dog'],133305,2018,False,,0.6940000000000001,0.608,0.825,0.5579999999999999,120.00200000000001
2fV8bvLGt1BLMlioW7FmdQ,The Concerto,['X-Ray Dog'],197750,2018,False,,0.46399999999999997,0.7120000000000001,0.68,0.27399999999999997,133.209
55ed6NchRkgF53A8WFFPGl,Radio Ghost,['X-Ray Dog'],208485,2018,False,,0.6,0.5920000000000001,0.917,0.39,78.01
7Dtg2RZWHxDybrags6oVB4,Caprice Mysterioso,['X-Ray Dog'],80500,2018,False,,0.5870000000000001,0.7240000000000001,0.655,0.527,112.51100000000001
382bMX4z0qD1GVQFeR3uLH,Trail In the Snow,['X-Ray Dog'],106250,2018,False,,0.61,0.61,0.562,0.377,149.882
0AUEwxWxwRXN3kkwNKFnkC,Underground Railroad,['X-Ray Dog'],109312,2018,False,,0.45299999999999996,0.7909999999999999,0.00665,0.043,115.271
5XUxXcaWuz849BFK2oZaVe,Flawed Genius,['X-Ray Dog'],116395,2018,False,,0.353,0.45299999999999996,0.813,0.26899999999999996,139.959
60QZvwRqkYt4vtXIzRnYHy,Crimson Moon,['X-Ray Dog'],121493,2018,False,,0.387,0.364,0.6759999999999999,0.11,79.577
5dAyhMk6WU4FaOUxCD5wnP,Hope Eclipsed,['X-Ray Dog'],135429,2018,False,,0.614,0.523,0.10400000000000001,0.0326,140.002
0DqQp1jxASyet6px0t5s5D,Original Sin,['X-Ray Dog'],119556,2018,False,,0.5770000000000001,0.44799999999999995,0.7070000000000001,0.10400000000000001,134.906
7fOSy0bdvxSbRP2gD85vpo,X (1 Thing Wrong),['JoJo'],203527,2020,False,,0.7929999999999999,0.419,0.121,0.0923,106.99799999999999
5bt3WHFuGQZRub6OHbtkab,Fighter,['X-Ray Dog'],184283,2018,False,,0.44,0.7090000000000001,0.0394,0.10099999999999999,95.057
5rN9yxTfHPUnwxpNQtGN7i,Wildflowers,['X-Ray Dog'],272935,2018,False,,0.547,0.8390000000000001,0.00149,0.634,149.946
7h74NV000fyOd5X5Uoje9U,The Darkness,['X-Ray Dog'],185500,2018,False,,0.27699999999999997,0.45899999999999996,0.0266,0.0396,119.929
0WgyvP56okbYE4mXY2xmYA,Broken,['X-Ray Dog'],208187,2018,False,,0.423,0.321,0.0516,0.134,119.959
7GGnSaD78EXjysvBZFVIEP,Faster Than the Man,['X-Ray Dog'],203020,2018,False,,0.525,0.5529999999999999,0.0477,0.192,100.1
0IAYSpb5rwwxkLY8lkdrl8,Hurricane,['X-Ray Dog'],226201,2018,False,,0.23,0.7390000000000001,0.0408,0.244,145.985
57eT2jlzGTWda1abieMENS,A New Dawn,['X-Ray Dog'],183712,2018,False,,0.163,0.419,0.0226,0.038,90.037
1qEpRKPXQBaRBwzQyEy64C,Freaks and Superpowers,['X-Ray Dog'],172019,2018,False,,0.56,0.594,0.006370000000000001,0.27,136.018
19qvkQkhvTBvu42peDtcwb,Machine,['X-Ray Dog'],152631,2018,False,,0.511,0.7070000000000001,0.00279,0.265,135.056
32SOObGrwJh3ayg9OxyXes,I Want to Be Loved (Epic Version),['X-Ray Dog'],197326,2018,False,,0.43799999999999994,0.55,0.0078,0.139,140.119
4vuczXrqbFUw2HFdHzob5Y,I Want to Be Loved (Pop Version),['X-Ray Dog'],238230,2018,False,,0.483,0.8340000000000001,0.00647,0.48,138.984
1I5dS5Mayptlpc0QGDLHmD,Go,['X-Ray Dog'],191786,2018,False,,0.42100000000000004,0.4370000000000001,0.0148,0.192,139.997
6DYwB9PQrAwauCycNp15vZ,Want It All,['X-Ray Dog'],191750,2018,False,,0.35200000000000004,0.415,0.0385,0.0361,127.94200000000001
5tSWsnZloS32hVfZXWEROT,House of the Rising Sun,['X-Ray Dog'],223389,2018,False,,0.309,0.557,0.0243,0.10300000000000001,120.456
4K5vderdv826mUGYbZOoSF,The Final Call,['X-Ray Dog'],160000,2019,False,,0.35200000000000004,0.607,0.141,0.122,111.02600000000001
0ulxVzvZECOTBjQoB7TAAK,Body To Body,['X-Ray Dog'],156520,2019,False,,0.478,0.44299999999999995,0.14300000000000002,0.0354,110.88799999999999
42bt0KCAxEFLdnkCb6mGhN,Wake Up,['X-Ray Dog'],209750,2019,False,,0.268,0.603,0.171,0.153,95.39200000000001
4Swc1Z1WTkvell1GrFQWnO,Wildfire Raging,['X-Ray Dog'],188002,2019,False,,0.465,0.634,0.366,0.129,110.96
6kVibzGXhn3g8ETZZYk3OR,I'm Losing Control,['X-Ray Dog'],158307,2019,False,,0.488,0.58,0.27899999999999997,0.115,111.09
13Dp09vCIyiFSpw5xvYfed,Let's Go To War,['X-Ray Dog'],183754,2019,False,,0.375,0.813,0.32899999999999996,0.136,179.93900000000005
2ienteJK0UjLL5LjGz37ar,As the Sun Rises,['X-Ray Dog'],184226,2018,False,,0.192,0.573,0.0435,0.044000000000000004,106.426
4Ps80QJ0P1ukAK2ANFskKc,Celestials,['X-Ray Dog'],206500,2018,False,,0.355,0.6629999999999999,0.00481,0.166,140.056
5pmcgSQDqYLgn5cr6unOiH,Bringer of Light,['X-Ray Dog'],197449,2018,False,,0.102,0.765,0.0661,0.138,81.97399999999998
2io8h3CPwFnrYYybl3APN8,Triumphant Tears,['X-Ray Dog'],171043,2018,False,,0.3720000000000001,0.912,0.0396,0.218,80.002
65cujMOjLoQ7P5XXmnN2fD,Shores of Promise,['X-Ray Dog'],201018,2018,False,,0.141,0.39799999999999996,0.24,0.0451,66.493
6fMzmvNPG3GAASM3hCRZvl,Tantric,['X-Ray Dog'],196214,2018,False,,0.36200000000000004,0.73,0.17,0.225,164.18599999999995
12ZWJnILIr8VH6h5Ow4BoI,Touchdown Jesus,['X-Ray Dog'],278958,2018,False,,0.344,0.439,0.278,0.102,121.84299999999999
4UnxWqvt6Uant4UbRfCP7f,For Love of Country,['X-Ray Dog'],233751,2018,False,,0.21899999999999997,0.32,0.192,0.07,116.01700000000001
0enUvbaFgas5kicykGhqxT,Sapphire,['X-Ray Dog'],98833,2018,False,,0.214,0.5579999999999999,0.54,0.14,90.07700000000001
0kw9XQMMWga94l77Fns5Pl,Worlds End,['X-Ray Dog'],199333,2018,False,,0.349,0.541,0.0462,0.0787,113.443
1x5RaKPV2oAKM8ro84xAmB,Earthbound,['X-Ray Dog'],170095,2018,False,,0.315,0.384,0.815,0.0411,180.02700000000004
31zBvESt331Jm2pU1R9tXt,claws,['Charli XCX'],149390,2020,False,,0.7070000000000001,0.7709999999999999,0.036000000000000004,0.629,135.049
47pEkeKhyDJHy25F23GKOl,Xcuse Me,['Sxtwlve'],169041,2020,True,,0.868,0.6629999999999999,0.138,0.142,130.02700000000002
655VN4nZtZcSACma0rz5WA,Pain & the Pleasure,['Shovo X'],94931,2020,True,,0.703,0.5820000000000001,0.19699999999999998,0.253,85.02799999999998
3fgZGa2pb18YPAKefpjoyB,Cater to the Mass,"['Shovo X', 'Greatness']",169973,2020,True,,0.449,0.706,0.584,0.33299999999999996,90.131
72Vw9KlD6g1nTjhn3Hpk20,Golden Boi,['Shovo X'],164880,2020,True,,0.8,0.667,0.4970000000000001,0.531,130.97899999999998
1twl06gC5AMOuqkteVmflc,MegaMan,"['Shovo X', 'Kay Wattz']",241767,2020,True,,0.557,0.88,0.287,0.529,140.128
4UdlOPXwm7VMfSTWEeAd9i,Coasting,['Shovo X'],222309,2020,True,,0.82,0.657,0.253,0.457,95.039
3QolM3gPx9uDhxZ7OnDRVg,My Temptress,['Shovo X'],217693,2020,True,,0.736,0.6709999999999999,0.583,0.5329999999999999,150.069
1AXmFWfh5S2vAGwmrzdAIc,Get It In,['Shovo X'],208039,2020,True,,0.8690000000000001,0.552,0.139,0.38799999999999996,104.95299999999999
5aIQJjnzSfhUHEUzd67IBV,With Injustice,['Shovo X'],72072,2020,True,,0.655,0.49,0.626,0.39399999999999996,96.64
24RtPT4z9kCu0LBvIKK7qj,Bap & Bellion,"['Shovo X', 'JaeZoe']",194812,2020,True,,0.721,0.5379999999999999,0.4270000000000001,0.39399999999999996,169.949
0aZqIEMLVoTOEWqQjlf1qD,Lost in Denial,['Shovo X'],265897,2020,True,,0.6759999999999999,0.695,0.627,0.47200000000000003,100.20299999999999
5lgEhYYbqmzbMYegmCoNMT,Naomi,"['Shovo X', 'DreadKnot']",294047,2020,True,,0.5820000000000001,0.488,0.621,0.298,80.013
2Gmdkmq3krnQlv1PhzQoJo,In Shining Armour,"['Shovo X', 'Carmen Brown']",214773,2020,True,,0.7140000000000001,0.526,0.608,0.39399999999999996,149.946
4IB9iwCqCK1n6OVATBtrWV,Journey MC,['Shovo X'],248721,2020,True,,0.726,0.7290000000000001,0.295,0.485,110.02600000000001
4LjPz4VhXM6XpNxt00l0hl,See Me Now,['Shovo X'],180187,2020,True,,0.748,0.687,0.652,0.506,90.581
3V0PgcsUMlAGXwCD0084pY,pink diamond,['Charli XCX'],124067,2020,False,,0.675,0.787,0.0693,0.647,140.959
5GsJIVCBFjhCcUwJaTW2sB,forever,['Charli XCX'],243672,2020,False,,0.5770000000000001,0.927,0.578,0.462,87.389
7Dexi5Z2IowCkHrnzlWysc,claws,['Charli XCX'],149390,2020,False,,0.7070000000000001,0.7709999999999999,0.036000000000000004,0.629,135.049
4jQDJPgw3qkc1T2f1safdy,7 years,"['Charli XCX', 'BJ Burton']",195027,2020,False,,0.6709999999999999,0.7859999999999999,0.34299999999999997,0.659,160.054
1M6VHCglQ2PLWeAsyhgEUH,detonate,['Charli XCX'],219427,2020,False,,0.648,0.74,0.45,0.68,140.026
51qNCY0lUymE88LPDUqFXd,enemy,['Charli XCX'],222991,2020,False,,0.69,0.6609999999999999,0.00449,0.222,91.51899999999999
2PBcNVg8jB1e5kVkjXJyZ5,i finally understand,['Charli XCX'],151804,2020,False,,0.809,0.6659999999999999,0.16699999999999998,0.762,160.02200000000005
5gNTRfMRPZg1U07j7KSSaG,c2.0,['Charli XCX'],220933,2020,False,,0.435,0.588,0.40399999999999997,0.688,85.052
2RdEC8Ff83WkX7kDVCHseE,party 4 u,['Charli XCX'],296653,2020,False,,0.579,0.522,0.7609999999999999,0.245,79.453
2ljvO8ZpKFMT3HXwCjW4Yw,anthems,['Charli XCX'],171813,2020,False,,0.643,0.866,0.00224,0.391,149.887
5oZIhePTCzvWskktjYgdjr,visions,['Charli XCX'],229587,2020,False,,0.677,0.7859999999999999,0.0013599999999999999,0.28,139.917
6tngPSpl6RQkUTCtCHokVj,Sunny Groove,"['Jbrenardo', 'XOOG']",509440,2019,False,,0.81,0.42100000000000004,0.000715,0.201,124.03200000000001
017RUh0TaC6rb6gzmHcPNt,Dire Wolf,['X-Ray Dog'],172610,2018,False,,0.146,0.737,0.188,0.11800000000000001,79.824
1ugbhbys6R3qiB9dmd6ZaJ,Refuse to Obey,['X-Ray Dog'],203841,2018,False,,0.365,0.662,0.0859,0.0389,110.02600000000001
3G2OGCCLFHaQaJigpbs59M,And So It Begins,['X-Ray Dog'],125658,2018,False,,0.5,0.715,0.00866,0.325,109.97200000000001
3zlcF3O7vjmq4ghSKyaVPO,Burning Star,['X-Ray Dog'],178227,2018,False,,0.335,0.495,0.0803,0.0549,137.273
6VCeG7hxEtU0wQExqqgc61,Righteous Stand,['X-Ray Dog'],169671,2018,False,,0.528,0.696,0.18600000000000005,0.11800000000000001,145.92600000000004
0yKfkD2tmmXuvlxLhAWad0,Cry of War,['X-Ray Dog'],92234,2018,False,,0.647,0.935,0.0729,0.74,142.02200000000005
3nvHMEopLKTFL7eNwFeWzW,The Wilding,['X-Ray Dog'],116446,2018,False,,0.55,0.98,0.159,0.0954,140.024
4ouVLijutjD2KRQJBvOrV9,One Punch at a Time,['X-Ray Dog'],94621,2018,False,,0.5660000000000001,0.669,0.225,0.105,129.937
7zYBgrE48uHTxpn4dHr3MN,Mercury Rising,['X-Ray Dog'],106873,2018,False,,0.47600000000000003,0.8490000000000001,0.302,0.0673,135.15
0X0BGRNPE8udMp0ii5vTZh,Cracks of Vengeance,['X-Ray Dog'],151604,2018,False,,0.726,0.7979999999999999,0.233,0.29100000000000004,130.054
4GJEqcL5KujTyHR3orJrwZ,Freaky Phenomena,['X-Ray Dog'],187415,2018,False,,0.38,0.535,0.0723,0.188,99.99799999999999
1xA3Kct6RFLkhRdf4QyRSA,Adagio One,['X-Ray Dog'],173424,2018,False,,0.32899999999999996,0.418,0.0452,0.0481,119.796
5KKohOzHc1AHm790C6EXMp,Soul Searching,['X-Ray Dog'],202038,2017,False,,0.439,0.611,0.006840000000000001,0.191,129.944
3j3rPzkHfwkqjR3Q3op9zI,Gallant Fields,['X-Ray Dog'],184736,2017,False,,0.225,0.525,0.12,0.353,129.864
1LhzGq5WJLo7K788JBHRPR,The Way Home,['X-Ray Dog'],190520,2017,False,,0.4,0.32899999999999996,0.00645,0.0447,126.037
1qI2Qa9nrsUUA1mkFlfaXQ,Serenity,['X-Ray Dog'],179957,2017,False,,0.32,0.34600000000000003,0.0124,0.0608,116.01299999999999
1pNtVDMXiZFKGjaABAsys6,The Miracle Mile,['X-Ray Dog'],130101,2017,False,,0.495,0.441,0.0887,0.165,129.982
7yuLjycRRtM22QLfijfQdy,Pilgrimage,['X-Ray Dog'],150517,2017,False,,0.209,0.337,0.2,0.0882,59.738
26Y7vuYhwDDNbFvnYp0Iwf,Waking Dawn,['X-Ray Dog'],196565,2017,False,,0.28,0.6559999999999999,0.0108,0.0376,69.825
4SwWQQl32k7i3UP9ODiA9Y,Limitless,['X-Ray Dog'],127115,2017,False,,0.332,0.645,0.0095,0.11599999999999999,121.91
6FJ2IoMcXB8GgpAIstFYGg,Test of Time,['X-Ray Dog'],214155,2017,False,,0.16399999999999998,0.5529999999999999,0.0312,0.18899999999999997,130.749
2WToHa5UUXrcWn9No7yGzJ,A Different Kind,['X-Ray Dog'],191019,2017,False,,0.44299999999999995,0.501,0.45,0.0644,139.895
5b0XGjJvnXGjBx2Qda3K8d,Connect,['X-Ray Dog'],151458,2017,False,,0.147,0.518,0.0733,0.122,141.235
1K1dNRMnEXYf0kWDtVF6c8,The Look from Above,['X-Ray Dog'],174144,2017,False,,0.315,0.531,0.406,0.0899,68.012
0e5TnLMLEWgBkhbCKUGwR1,Dreams Last Forever,['X-Ray Dog'],216693,2017,False,,0.23800000000000002,0.36,0.488,0.0974,82.025
5zzgXw9xKe06pZbXCqUekJ,Chasing Stardust,['X-Ray Dog'],221867,2017,False,,0.429,0.488,0.168,0.0476,105.01100000000001
158Iu6DXET3i3hFGYHj484,Theme for Humanity,['X-Ray Dog'],151563,2017,False,,0.184,0.528,0.42200000000000004,0.205,140.12
198pykwTgo17Ny5ZE1QhbQ,Birth of a Nation,['X-Ray Dog'],303509,2017,False,,0.27899999999999997,0.39799999999999996,0.0209,0.086,125.93799999999999
254EitGrHxyMGnC9cET6x4,Gravitas,['X-Ray Dog'],196838,2017,False,,0.294,0.397,0.0859,0.156,94.948
7FRRA8ZCOCVdURkQTTsvaf,Soul Searching (Instrumental Version),['X-Ray Dog'],202038,2017,False,,0.266,0.537,0.0059299999999999995,0.083,129.839
0npIfb3HTkgXETqyeQcWYW,Youth,['Xin Seha'],195280,2015,False,,0.532,0.547,0.00969,0.511,176.502
1f7YS8ASKy9BQyK4AWzaF7,Touch 맞닿음,['Xin Seha'],209717,2015,False,,0.8440000000000001,0.381,0.0142,0.515,120.023
5KZHRLLUIMgHiTzX5LVYWA,Physical Medium,['Xin Seha'],198256,2015,False,,0.71,0.62,0.221,0.653,107.935
1rIWtZ6P9iXmOyqdIUKTBE,Drop Your Gaze 빤히 봐,['Xin Seha'],36811,2015,False,,0.816,0.583,0.0016699999999999998,0.402,108.01899999999999
2g01iuNTXDou7gjY9yPYLD,Night to Dawn 내일이 매일,"['Xin Seha', 'koho']",223915,2015,False,,0.767,0.47600000000000003,0.0237,0.401,105.98700000000001
3p0rLTmx87c8P7bU331FbO,Fr3aky D33r,['Xin Seha'],130187,2015,False,,0.815,0.551,0.004070000000000001,0.82,128.023
0XwtlEhSqVwLeuXF5YPrOm,대-인 Dance (Xin the Shuffle Lover),"['Xin Seha', 'OHHYUK']",250720,2015,False,,0.8220000000000001,0.67,0.0194,0.617,118.00299999999999
18xZZ14jIqYvLcJxxq2hce,38 1/2,['Xin Seha'],402037,2015,False,,0.623,0.83,0.0444,0.605,111.992
0uHTubCwoJFpgIcUkHgHm6,Shake That Villa,"['Xin Seha', 'Jericho']",241717,2015,False,,0.8170000000000001,0.4370000000000001,0.0115,0.4920000000000001,120.015
6u1YC0T8zm6QP5G1jxrtCX,Believe - Xenomania Mad Tim and the Mekon Club Mix,"['Cher', 'Xenomania']",555987,1998,False,,0.809,0.9,0.0159,0.529,132.969
3mUoPqKweGKwr9ezQZv0Un,Long X Comin' (Intro),['X-Ellentz'],128780,2016,False,,0.6509999999999999,0.579,0.0106,0.664,81.60300000000002
2Orb1Muiuj2AX0fWFBepLB,Always Somethin' (feat. Mission),"['X-Ellentz', 'Mission']",168247,2016,False,,0.735,0.586,0.20800000000000002,0.522,96.98
3eqWKMFPoQzwukdfnF5EKS,Lights (feat. Evan Ford),"['X-Ellentz', 'Evan Ford']",242000,2016,False,,0.7190000000000001,0.695,0.452,0.62,89.86
4k8veinHzh2AY1kcszQA9n,Come Back,['X-Ellentz'],226571,2016,False,,0.685,0.609,0.0854,0.252,79.00399999999998
69Vniom06Xvzzg3i8QwuLa,Greater Than (feat. Blake Milton),"['X-Ellentz', 'Blake A. Milton']",248276,2016,False,,0.6709999999999999,0.642,0.139,0.513,87.055
46ofR5dUJODrKoYQjVHv7Y,Long Way (feat. Brvndon P),"['X-Ellentz', 'BrvndonP']",220408,2016,False,,0.758,0.564,0.248,0.732,98.066
2l5zzqtjgcaN6parcNpW7s,"Ay, luna que reluzes","['Anonymous\xa0', 'The Toronto Consort']",175587,2012,False,,0.237,0.0337,0.9890000000000001,0.0563,92.10600000000001
4GKCJKRPLrMk3ZKtxRbVuB,"Marizápalos, part 1","['Anonymous\xa0', 'The Toronto Consort']",340973,2012,False,,0.41700000000000004,0.0332,0.937,0.24600000000000002,125.098
3uvRw3r5yCzExQHj6ZAAq3,"Marizápalos, part","['Anonymous\xa0', 'The Toronto Consort']",450933,2012,False,,0.28600000000000003,0.0207,0.9740000000000001,0.0747,68.16
20Hq0eBf43T7DyAAe6ByWR,Xácaras,"['Anonymous\xa0', 'The Toronto Consort']",229573,2012,False,,0.486,0.0762,0.9009999999999999,0.192,82.229
4FRfCoKG2zjHZSMDj6mOyy,Hotel Nix,['XinniX'],427840,2019,False,,0.271,0.736,4.870000000000001e-05,0.445,95.726
30Nq6RPjU6Eba9D27RcatY,Farsa,['XinniX'],362173,2019,False,,0.377,0.792,3.3e-05,0.256,102.728
3UeExAOIl8DZy7ktA4u4fU,Obsesión,['XinniX'],334733,2019,False,,0.428,0.7759999999999999,4.8899999999999996e-05,0.5529999999999999,171.09900000000005
4YxjgnYPtOZCDy88ieXb4d,Cualquiera,['XinniX'],464253,2019,False,,0.321,0.511,0.00032900000000000003,0.171,137.857
1zI0FPkAC8j1mG1kSix0S9,Dime Que Sí,['XinniX'],211840,2019,False,,0.41700000000000004,0.748,4.72e-06,0.439,137.183
6EPT8F1tf9Dd3Lv6G0X8Vz,Quédate,['XinniX'],381227,2019,False,,0.5660000000000001,0.62,7.020000000000001e-05,0.326,139.499
0byIjtY7dq0wlWqrtttt79,Amor T,['XinniX'],292933,2019,False,,0.573,0.685,3.63e-06,0.31,114.01899999999999
3gP55C96Z96yKEPDeTj8x9,Vuelve a Salir el Sol,['XinniX'],246853,2019,False,,0.425,0.532,0.000143,0.27699999999999997,166.602
7Jr5IKVioA8SIFDhMzCPuR,Boys - DROELOE Remix,"['Charli XCX', 'DROELOE']",216000,2017,False,,0.765,0.774,0.0511,0.529,140.018
3QcSVPOBGmEIIF0Ldx4ARr,Boys - Nevada Remix,"['Charli XCX', 'Nevada']",188813,2017,False,,0.77,0.596,0.153,0.514,140.032
6p3N8lYqA7PXWvHqa3GkHC,Boys - Acoustic,['Charli XCX'],175079,2017,False,,0.759,0.446,0.618,0.578,139.99200000000002
4ignXeK4zlpRCd8aIjjbCI,Boys - Coldabank Remix,"['Charli XCX', 'Coldabank']",236190,2017,False,,0.7040000000000001,0.878,0.00455,0.711,125.98899999999999
7Mq2qVQKLhbTbuyxQlDbOV,i finally understand,['Charli XCX'],151804,2020,False,,0.809,0.6659999999999999,0.16699999999999998,0.762,160.02200000000005
3NmIAJuV5atSrsbrl567HY,Idontknow,['Jamie xx'],321503,2020,False,,0.506,0.7140000000000001,0.513,0.7190000000000001,160.065
7h79P3lVvDEmbpWyVniS4U,"Idontknow - 7"" Version",['Jamie xx'],224046,2020,False,,0.495,0.731,0.5379999999999999,0.726,159.97299999999996
61qXK1QmOl3P46kyVbIjds,Lay Me Down,['Xenia'],224582,2020,False,,0.467,0.27899999999999997,0.955,0.32299999999999995,139.739
7sUfCn3iTG9O0OWJuZtDeY,Qin Huai Legend I (Falling in Love),"['Huifen Xu', 'Joshua Bell']",197293,2011,False,,0.19399999999999998,0.0315,0.966,0.0383,93.897
58dvtfKWOPGTeZtLuOdydV,Red Roubles,"['XS Project', 'Life of Boris']",238500,2017,False,,0.741,0.879,0.0057799999999999995,0.779,150.046
0hY5xuR3o8EVjUM4MnmGhI,Xperiments,['Djezi'],228987,2004,False,,0.8140000000000001,0.39299999999999996,0.0207,0.395,170.02599999999995
7AQRQhuckI1BnovIgnJhu9,Drip,['Xie'],195000,2018,True,,0.7170000000000001,0.782,0.0265,0.312,142.065
0mU8xF6KN6mLwgQBcECCwO,"Reading of ""Poggiand’al ciel""","['Anonymous\xa0', 'Alessando Quarta']",58213,2019,False,,0.631,0.161,0.9740000000000001,0.46799999999999997,89.87700000000002
1fnjFEETD8nP03Pto18tjj,"Reading of ""Ben si conviene a voi""","['Anonymous\xa0', 'Alessando Quarta']",29813,2019,False,,0.598,0.109,0.9840000000000001,0.29100000000000004,132.261
5Hv7ZaGywpq5GYGxZI96Cy,"Reading of ""Hor che l’aria e la terra""","['Anonymous\xa0', 'Alessando Quarta']",44840,2019,False,,0.731,0.133,0.973,0.385,101.00399999999999
2cKJU6n0iGqSh3ti7wyd9n,Xhep,"['Azet', 'Albi']",120550,2020,True,,0.6809999999999999,0.8640000000000001,0.073,0.607,107.85600000000001
1bRjwdtScY2eMe9uMmsOkG,Do It,['Chloe x Halle'],176787,2020,False,,0.701,0.6679999999999999,0.0916,0.5529999999999999,82.978
7uKeQfqFMwqPbgLfgt0IhK,The Old School Day Trip,['DJ X-Rated'],278227,2003,False,,0.809,0.948,0.0326,0.753,93.75299999999999
5ZA5Qcckm6nij2ZmUtsZCR,Only If,['XTC Planet'],195534,2014,False,,0.643,0.524,0.158,0.17600000000000002,120.05
5GEvHRQSBOVJjKRVgxJRfb,Return to Innocence,['XTC Planet'],243808,2014,False,,0.495,0.6629999999999999,0.0247,0.62,87.931
3KcpFq0hbjNBlkRV3kO7kK,XOX TNT,['Indigo'],268613,2007,False,,0.7829999999999999,0.366,0.45799999999999996,0.727,139.945
6J6pJ25PSHYgX0XNZn8pqb,Xan ou elle,['Zonca'],194483,2020,True,,0.66,0.395,0.866,0.0604,116.037
0Ox5optKkbw5qZmwgFJt9H,Head on Stage,['Ferge X Fisherman'],199667,2020,True,,0.584,0.479,0.6659999999999999,0.0602,91.96600000000001
7wgDuOsTG17SkvJ1RrILhH,Backstage,['Ferge X Fisherman'],197040,2020,True,,0.625,0.6990000000000001,0.516,0.514,94.665
0HzVRnH22qSdJgtEWD2hgA,One of My Best Friends,"['Ferge X Fisherman', 'Maniac']",195493,2020,True,,0.627,0.68,0.182,0.435,93.84200000000001
4tr2AWdM4B5XhmW5DcOjWu,Role,['Ferge X Fisherman'],172627,2020,True,,0.805,0.56,0.486,0.525,126.055
27Xbzpd14NZn201kz5AAI5,Reflections on My Windshield,['Ferge X Fisherman'],51720,2020,True,,0.415,0.337,0.812,0.235,87.197
4zR2FdnrhkMJRSOXV7roA6,Call You,['Ferge X Fisherman'],230040,2020,False,,0.551,0.598,0.355,0.435,91.116
6X6puzaU6a5NkaUMyrUnLZ,Anna Nicole,"['Ferge X Fisherman', 'Florian Heimbuchner']",193627,2020,True,,0.499,0.61,0.581,0.341,87.36200000000002
6FxVBzi4Q0hw37SbMzwiEX,Playing Different,"['Ferge X Fisherman', 'Felisha George', 'Spiritchild']",239280,2020,True,,0.57,0.7170000000000001,0.44299999999999995,0.5489999999999999,90.01700000000002
1HWgnpVynFuiYQr5BDajXp,City Serenade,['Ferge X Fisherman'],81520,2020,False,,0.46799999999999997,0.242,0.826,0.395,86.175
0sWvKH1mBLvCVhRLesZijP,Drunk on the Moon,['Ferge X Fisherman'],198040,2020,True,,0.48100000000000004,0.513,0.358,0.34299999999999997,106.04700000000001
0UTXX7z0nW09v1cU7kxvsM,Stumblin',"['Ferge X Fisherman', ""Ki'Luanda""]",136787,2020,False,,0.523,0.384,0.85,0.212,107.796
5PMtXJmMyn4M2ytnB5zdqR,In My Shoes,['Ferge X Fisherman'],262613,2020,False,,0.7140000000000001,0.8,0.0146,0.578,107.988
7ecBOy6Qfaikt96YS2rUdv,Harmony,"['VALENTINE', 'Xavi', 'Harvie']",209455,2018,False,,0.473,0.629,0.43,0.436,81.697
3QUSwhrLbKf4e6qkJvnlYj,Like I Love You / Slow,['Bell X1'],253507,2004,False,,0.7829999999999999,0.35100000000000003,0.8690000000000001,0.495,114.277
3dyNkTwgNvqZpudayskZT2,Good & Plenty Love - Roy's Believers Dub,"['X Fade', 'LaVette', 'Roy Davis Jr.']",481694,2010,False,,0.774,0.951,3.14e-05,0.637,125.84200000000001
5vZUSfro9tLOwfo69ZFFSM,Got A Funk - Groove Of All Grooves Mix,"['X Fade', 'Luv']",412223,2010,False,,0.6659999999999999,0.941,0.0069,0.6890000000000001,125.164
0fghmQLeQzQzHSnNmVCLuk,enemy,['Charli XCX'],222991,2020,False,,0.69,0.6609999999999999,0.00449,0.222,91.51899999999999
6foT7Ct1msIho3JGlKEWhJ,Sonata No. 7 in D Minor (arr. for recorder and continuo): I. Grave,"['Anonymous\xa0', 'Francesco Geminiani', 'London Handel Players']",109667,2014,False,,0.217,0.0341,0.903,0.0914,82.345
411K6kEFhzbcOnDdvas9Ok,Sonata No. 7 in D Minor (arr. for recorder and continuo): II. Allegro,"['Anonymous\xa0', 'Francesco Geminiani', 'London Handel Players']",133947,2014,False,,0.547,0.0692,0.861,0.722,109.40799999999999
2hknOxUOdAv1Ol0UxSckiR,Sonata No. 7 in D Minor (arr. for recorder and continuo): III. Grave,"['Anonymous\xa0', 'Francesco Geminiani', 'London Handel Players']",43987,2014,False,,0.335,0.0296,0.953,0.45399999999999996,34.154
0S97OZqmbJ9MUluFCacbmT,Sonata No. 7 in D Minor (arr. for recorder and continuo): IV. Gigue: Allegro,"['Anonymous\xa0', 'Francesco Geminiani', 'London Handel Players']",142240,2014,False,,0.418,0.0788,0.8420000000000001,0.741,110.67
65upoXhOQcb2h8dKuSOL49,Losgelöst,"['Out of Orbit', 'X-Dream']",460000,2020,False,,0.696,0.924,0.011000000000000001,0.387,132.009
6kUboVmW8sU5vGkZrKxaXB,Sitting in the Stern - Whistle O'er the Lave't - Lord Balgonie's Favorite - Marry Me Now - The Very Last Straw,"['Anonymous\xa0', 'Ryan McKasson', 'William McLeod', 'Ensemble Galilei']",493760,2015,False,,0.462,0.129,0.9059999999999999,0.13699999999999998,120.939
3jtxUbURUs9uMvrNunfNUI,Xenogenesis,['Mendel'],633748,2015,False,,0.22399999999999998,0.9390000000000001,0.004,0.0436,114.869
5PtPrraIkXgF1xshJWJ7QH,All These Years,['Static-X'],236067,2020,False,,0.45299999999999996,0.9670000000000001,8.15e-06,0.336,132.998
6aRGReZYtidy3zWeBODByF,Blame It on Your Love (feat. Lizzo) [Back N Fourth Remix],"['Charli XCX', 'Lizzo', 'Back N Fourth']",166391,2019,True,,0.639,0.9,0.0124,0.507,124.016
5KgcYEPt2rrcRLXaBKW0V8,Blame It on Your Love - Stripped,['Charli XCX'],196364,2019,True,,0.725,0.396,0.0726,0.33399999999999996,98.96700000000001
7lBxe2CE0jKptc4PHlOOcD,Blame It on Your Love (feat. Lizzo) [Kat Krazy Remix],"['Charli XCX', 'Lizzo', 'Kat Krazy']",150250,2019,True,,0.816,0.7509999999999999,0.049,0.732,119.031
0VwOhU0gQB0N3uLLnKuYD9,Blame It on Your Love (feat. Lizzo) [Seeb & Kid Joki Remix] - Seeb & kid joki Remix,"['Charli XCX', 'Lizzo', 'Seeb', 'kid joki']",186236,2019,True,,0.728,0.762,0.11599999999999999,0.852,100.036
7oLh6fCeN2Hf6ayfyXKtpY,Blame It on Your Love (feat. Lizzo) [Dylan Brady Remix],"['Charli XCX', 'Lizzo', 'Dylan Brady']",240936,2019,True,,0.615,0.73,0.0443,0.235,100.05
7J372NDgn5dAXwrRzMAFSB,X (1 Thing Wrong),['JoJo'],203527,2020,False,,0.7929999999999999,0.419,0.121,0.0923,106.99799999999999
7gIwvvn9wD1l09Jo3jkCkn,Dos On The Rocks,"['StereoCool', 'Xela']",209438,2014,False,,0.728,0.7759999999999999,0.017,0.6920000000000001,204.02200000000002
6WS6W9uRY3veaskdoOL6Jm,Hop Out (feat. XanMan),"['YungManny', 'XanMan']",141562,2020,True,,0.512,0.823,0.0167,0.731,92.48299999999999
3Wb43cnmmczvv9q052xfPZ,XD,['YungManny'],118230,2020,True,,0.78,0.626,0.17,0.46799999999999997,130.016
7HWkVykuDjd69g62ChdnZu,XXX,['Law'],241533,2002,False,,0.413,0.74,0.00395,0.8340000000000001,116.751
0aIiwsfi2HYYnZybs6vgzZ,Me Haces Bien,['Xavier Martinex'],211651,2019,False,,0.631,0.46799999999999997,0.84,0.493,150.12
78iB0EaZDpJyD6nj9voqnL,Vybes,['Xcelencia'],169978,2019,False,,0.8640000000000001,0.8440000000000001,0.46,0.9279999999999999,106.007
53rF5cQ84uhtnipihfay57,Cozy Fire,['xander.'],214375,2020,False,,0.516,0.24100000000000002,0.263,0.256,131.32299999999998
50vSYQbVhGouKmYJaFldSh,LEFTY,['XYLØ'],234758,2020,False,,0.647,0.64,0.7709999999999999,0.366,113.99799999999999
0bf8WfjfWpQ81ZBjLURuRT,Tribolet: Élucubration,"['Xavier Tribolet', 'Quatuor Ébène', 'Michel Portal', 'Richard Héry']",259487,2017,False,,0.5,0.33899999999999997,0.878,0.21600000000000005,91.035
3ZPkoxhGRyijRTr81sLDpt,Spotlightin' (Feat. Mic Boyd),['Xponential'],158640,2008,False,,0.745,0.727,0.297,0.76,96.62299999999999
1cRagkJSJdNHnbKMUhDZoG,Asche x Staub,['Ali As'],166133,2020,False,,0.68,0.501,0.0362,0.353,80.969
1oVzIU6KFbR1Kkr89rRfrv,Runaway,['vōx'],262432,2018,True,,0.642,0.395,0.593,0.39,125.162
4xlZy7UxHAWH27msCLxe4d,I / You,['vōx'],164792,2017,False,,0.4320000000000001,0.264,0.8390000000000001,0.075,139.688
04HkqrqlTUikXW725euiqs,I Still Care,['vōx'],96897,2017,False,,0.4370000000000001,0.7929999999999999,0.0728,0.349,76.407
3eAvw8HUJmWOEHTWtmMbAm,I Am Not the Higher Power,['vōx'],117229,2017,False,,0.361,0.0871,0.982,0.264,78.691
45zGeYQo6rU7te8Uc53lWm,I Was Born,['vōx'],160357,2017,False,,0.39899999999999997,0.302,0.9279999999999999,0.161,170.62
6aTHtN1dFFXlG7e8X86ov6,See Themselves,['vōx'],203587,2017,False,,0.48,0.324,0.9390000000000001,0.209,117.97399999999999
3tqdMvZLDsAjt7tFz2UxyW,Swim Good,['vōx'],204626,2018,False,,0.499,0.295,0.344,0.215,114.75299999999999
3oEFPh0EqCkXKhQuhkjbPA,The Darkness,['Xilent'],265600,2020,False,,0.573,0.745,0.0602,0.373,149.90200000000004
3BLE8BSmUiY2IiSNP3a6VP,FIND ME.,['Xavier Omär'],266293,2020,False,,0.7509999999999999,0.413,0.155,0.156,112.038
15FO6yagbbnyIPdh8Gaghj,Something Changed,['Xavier Omär'],227387,2020,False,,0.7140000000000001,0.42100000000000004,0.226,0.23800000000000002,79.97399999999998
1cYVwtYE0OD7gn8GnD4H6X,All Our Time (feat. Jae Stephens),"['Xavier Omär', 'Jae Stephens']",166267,2020,False,,0.701,0.509,0.13,0.665,160.075
30eBPLuaaxu3hyVSFMJTNE,So Much More,['Xavier Omär'],253853,2020,False,,0.767,0.373,0.29600000000000004,0.531,117.95700000000001
2azAQ7TjoEdUJrjGh6r52p,want/need,['Xavier Omär'],96053,2020,False,,0.7190000000000001,0.522,0.424,0.757,80.08800000000002
1lxs63LaZX1wHBr0qIt5oK,SURF (feat. Masego),"['Xavier Omär', 'Masego']",202107,2020,False,,0.603,0.569,0.11,0.305,166.051
2JIIeVgU2uGzNGQZjtItZH,Protect,['Xavier Omär'],121893,2020,False,,0.7709999999999999,0.319,0.3,0.235,128.08700000000002
0eRU5d6kdUKBDc3oGikBqH,Bon Iverre,['Xavier Omär'],194587,2020,False,,0.61,0.413,0.779,0.369,120.439
12S9DswoCiJkA7OH7YFmaX,More Than Less,['Xavier Omär'],146773,2020,False,,0.628,0.317,0.5920000000000001,0.0849,87.039
0XxHMMYi5Xk6BAFXg7D7Pq,Lil' Healer (feat. Quinn Barlow),"['Xavier Omär', 'Quinn Barlow']",230720,2020,False,,0.523,0.23,0.897,0.493,123.99700000000001
2pbpIcJa6q0LDT5Ub81C2q,Like I Feel (feat. Mereba),"['Xavier Omär', 'Mereba']",226880,2020,False,,0.7020000000000001,0.544,0.5660000000000001,0.614,137.92600000000002
6egcGnOEIqJSNR6JDp4X1I,Red Pill Blue Pill,"['darienstaxx', 'XL']",99429,2018,False,,0.748,0.207,0.298,0.0886,69.993
1O3rYIHee8L7FzcOhmWYk8,Slow Mo,['Asher X'],206052,2019,True,,0.6629999999999999,0.539,0.0395,0.4370000000000001,105.99600000000001
7ES2yuPHOUwU2rOSIMo57p,Medicine,['Asher X'],259976,2019,False,,0.758,0.484,0.0264,0.27899999999999997,104.965
4XKRcEdxOuDLX3wXA2lqvv,Over and Over,['Asher X'],225000,2019,False,,0.504,0.494,0.265,0.146,160.019
7pClFk9wboF4Jsdt9CfTYa,Truth Teller,['Asher X'],228992,2019,False,,0.644,0.518,0.366,0.536,107.04299999999999
1O7GNPGwyvkXHXXYnLisSr,We Chill,['Asher X'],202027,2019,False,,0.79,0.58,0.20600000000000002,0.547,110.081
6isacMRTzqRZ90RRJ4Rs8S,We Chill,['Asher X'],202027,2019,False,,0.79,0.58,0.20600000000000002,0.547,110.081
0vuQL37w8uapBLcK1hp2Od,Wake Up / I'mpossible,['Máxximo'],371500,2018,False,,0.778,0.68,0.006540000000000001,0.622,115.99700000000001
5SHAME5ugcvwDyRYqYgPcH,Burn,['Máxximo'],242183,2018,False,,0.446,0.7490000000000001,0.000381,0.4970000000000001,180.18099999999998
7x7Tf5m1WvHLBlDP8KQnDo,Love Me or Not,['Máxximo'],179000,2018,False,,0.6659999999999999,0.573,0.0129,0.556,100.012
1qZzEMGlsDvHL1ki3kwIrT,In the Dark,['Máxximo'],263483,2018,False,,0.516,0.831,0.027999999999999997,0.0555,128.054
5KgqkgTK0iiCplkxkYhLTM,Dreambox / NO,['Máxximo'],284000,2018,False,,0.38799999999999996,0.612,0.00209,0.0677,120.154
7jp5kOrYxA0iewycOwrjH7,Prince Harming,['Máxximo'],296717,2018,False,,0.381,0.67,0.098,0.138,114.89
6CPagqRj1rYzP9Xhj2KvUS,Dos Romano,['Máxximo'],238000,2018,False,,0.5379999999999999,0.812,0.00951,0.784,109.978
1ayMxQ0tSjBQQQsRKgx9m4,Meet Your Meat,['Máxximo'],193500,2018,False,,0.5710000000000001,0.8370000000000001,0.0305,0.301,129.94299999999998
6C0iZ0BZM05SBjQdWmkttR,Rejection (Interlude),['Máxximo'],102500,2018,False,,0.9690000000000001,0.281,0.000487,0.7,126.052
4d43moxcHigUYKquyACncv,Looking,['Máxximo'],205839,2018,False,,0.439,0.5589999999999999,0.0019399999999999999,0.0641,109.89
3GH9huBYbIivZ3egLThvFC,"Shhh, Listen",['Máxximo'],185872,2018,False,,0.647,0.55,0.008620000000000001,0.209,114.09700000000001
5YcT3XTQzpNPq8xLAwUQ3o,"Look at Me, Look at You",['Máxximo'],270000,2018,False,,0.693,0.633,0.000207,0.16,99.984
3H7yuRrpJZ3emM3g72sHFN,Reach,['Máxximo'],217000,2018,False,,0.547,0.505,0.474,0.251,109.999
1VjrXpSjLJQGcDbvzIyJPU,Song for a Cowboy (Bonus Track),['Máxximo'],159582,2018,False,,0.556,0.359,0.462,0.153,100.10600000000001
3U64u58f0CwEgVYJKXxW1O,The E. N . D.,['Alla Xul Elu'],99920,2020,True,,0.395,0.376,0.0107,0.0843,97.319
7t8AgspdRjDt4TF9ilgkoN,Mauxuleum,['Alla Xul Elu'],201267,2020,True,,0.569,0.685,9.690000000000001e-05,0.34700000000000003,90.016
2SgfLpF17Rraf3oSNhPO4S,Blood Moon and Back,['Alla Xul Elu'],280320,2020,True,,0.655,0.574,0.000817,0.20800000000000002,125.021
5WQdHXJ8vJkz3NASlvRZhr,Rituals of Rot,['Alla Xul Elu'],283733,2020,True,,0.594,0.645,0.000379,0.256,160.05200000000005
4hhVNH9pRKXzRzS7kgCONb,"Donna, the Dead","['Alla Xul Elu', 'Monoxide']",318320,2020,True,,0.608,0.66,0.00235,0.267,148.056
2HAfBsHWspCIzMuDVLsZrU,L. I. F. E.,['Alla Xul Elu'],175787,2020,True,,0.541,0.69,0.00034500000000000004,0.10800000000000001,100.046
7LWRr4VIVNxVJIJuQjgXMt,Deathbed,['Alla Xul Elu'],211480,2020,True,,0.242,0.84,4.5799999999999995e-05,0.364,159.91299999999995
4C9s0apdyCDqTAlbKumyS1,Nails,['Alla Xul Elu'],223107,2020,True,,0.284,0.7140000000000001,0.00139,0.256,144.873
0jOECEnH2wbXIYXKEPOpQE,Rigor Erectus,['Alla Xul Elu'],319293,2020,True,,0.727,0.779,0.0645,0.799,94.993
6QzQPxhlwRWl2vDtnQhnq0,Deadline,['Alla Xul Elu'],172792,2020,True,,0.523,0.7859999999999999,0.000663,0.40399999999999997,74.821
3OaRg6oGaJU3D3Xi2fohVv,Random Axe of Violence,['Alla Xul Elu'],182069,2020,True,,0.484,0.7090000000000001,0.00205,0.134,85.587
2imYqiTSMt0Vwta2Buw1CQ,Mask Made Me Do It,['Alla Xul Elu'],198236,2020,True,,0.5720000000000001,0.8540000000000001,9.19e-05,0.0772,94.956
53O37J5lFTGlQcUppiSnMQ,The Harvester,['Alla Xul Elu'],253200,2020,True,,0.401,0.732,0.00143,0.152,85.95200000000001
3GZDPmSCP6vgSpntDfI7Oz,Pumping Mashina,['XS Project'],233894,2018,False,,0.7340000000000001,0.9990000000000001,0.0032,0.8640000000000001,150.009
5WEjfsKcLg9I7TrYPlQjpB,Music Is My Drugs,['XS Project'],287904,2018,False,,0.727,0.9940000000000001,0.00147,0.66,149.997
0cth7YCEYLhLZ6YXyx5qxW,Reshaet Pump,['XS Project'],281700,2018,False,,0.73,0.8340000000000001,0.00168,0.715,149.998
7jrtfa5orjJfzH1Xvzxid9,Life Is Pump,['XS Project'],220961,2018,False,,0.7559999999999999,0.995,0.00557,0.6609999999999999,149.95600000000005
56yf3p0FTUirSQZ6qOF8DP,Ya Taschus Ot Kolotushek,['XS Project'],222999,2018,False,,0.7509999999999999,0.996,0.00122,0.818,150.02100000000004
2th7VO67A9WfVRwN3SRq7F,Bamboo,['XS Project'],276666,2018,False,,0.753,0.998,0.00621,0.6509999999999999,150.031
19oCtHCFvZhT2t8OOau0sJ,Skorostnaya Trassa,['XS Project'],269646,2018,False,,0.745,0.997,0.0271,0.364,148.007
10LCjkm24uLZ1E0RsVICur,Voda - DJ Timo Tomee Remix,"['XS Project', 'DJ Timo Tomee']",425672,2018,False,,0.622,0.838,0.000535,0.391,150.04
1XP3LnXhprrbAei2bzKQb9,Ti Snova Delaesh Eto,['XS Project'],257927,2018,False,,0.792,0.998,0.0285,0.12,149.998
5ikOBiKwSC3l5dFOv50zA8,Beavis & Butthead,['XS Project'],245946,2018,False,,0.746,0.9670000000000001,0.0121,0.595,149.97799999999995
6dJ3ylsTYm42nGwPWPQKUd,Leto,['XS Project'],279516,2018,False,,0.727,0.996,0.00148,0.578,147.009
2qOcExp4B6Tfo9DiFAxXKY,Mazda,"['XS Project', 'Puma', 'Kolya Nike']",277764,2018,False,,0.5,0.9129999999999999,0.00375,0.54,150.017
7BwyLChvfq8ZdvywP4dfsy,Nasha Marka,['XS Project'],219289,2018,False,,0.7120000000000001,0.9790000000000001,0.00017900000000000001,0.40399999999999997,149.995
5ysEr49sg29qtqh2ibSo1i,New Year,['XS Project'],236060,2018,False,,0.7490000000000001,0.992,0.000183,0.96,149.998
3pCqKKJUjiLAfeG9Q0F0dK,Pilesosy,['XS Project'],236589,2018,False,,0.713,0.985,0.00673,0.804,150.032
3rnu7mjW6NZMVNehruU3TV,Bamboo - DJ Timo Tomee Remix,"['XS Project', 'DJ Timo Tomee']",264080,2018,False,,0.523,0.991,0.00014199999999999998,0.865,149.998
6xQ1KSmTvhqf6jonnBssLw,Gubit Ludei Voda,['XS Project'],248000,2018,False,,0.6859999999999999,0.997,0.0016899999999999999,0.815,150.028
6J1PpQGvuZnQMLB5vt1n03,Kukuruzina,['XS Project'],309772,2018,False,,0.66,0.965,3.9899999999999994e-05,0.9109999999999999,149.997
3HrRxgN78wXkuGUGih5WBp,Back On,['Tre X'],217809,2020,True,,0.617,0.556,0.139,0.126,129.255
3q8ReBtjzGx4cojp41e6Sh,Brought Me Back,['Tre X'],240065,2020,True,,0.8079999999999999,0.536,0.303,0.557,119.98700000000001
295Q3ij5Hg146a7nEVv4tZ,Lil' Bit,['Tre X'],256575,2020,True,,0.599,0.508,0.29100000000000004,0.584,94.663
56W6yRATgr6Ue2qVghNVwR,Trenches,['Tre X'],144431,2020,True,,0.7070000000000001,0.519,0.28300000000000003,0.32299999999999995,99.39299999999999
1UNw3xgip48vClR1E0zC3Z,First & Last,['Tre X'],180114,2020,True,,0.773,0.599,0.168,0.32799999999999996,96.01700000000001
461bIQ2qa1cmpQ4N5V2pYH,By Any Means,['Tre X'],182073,2020,True,,0.652,0.561,0.425,0.315,94.90299999999999
43QcuvCC6sLSrALkgiFsqu,Pain Music,['Tre X'],164075,2020,True,,0.685,0.593,0.124,0.507,89.87899999999998
7qznI8MnCtH56ULd3IX4ni,NINA,"['Tre X', 'Naee Nitty']",192052,2020,True,,0.733,0.607,0.00573,0.22699999999999998,120.17399999999999
2C53RTmDKLIrmHBTfxP4ta,Jealousy,['Tre X'],216059,2020,True,,0.7809999999999999,0.48100000000000004,0.595,0.534,115.915
5GYtV5rHlGj7sh6CnM2RXO,Blame on Me,['Tre X'],178756,2020,True,,0.7709999999999999,0.583,0.341,0.20199999999999999,91.494
5NqgO98x7DCh0htzbMnt9d,I Remember,['Tre X'],201430,2020,True,,0.8320000000000001,0.523,0.38799999999999996,0.392,118.06200000000001
52I8b9g9aLBu5O3LgR3sD2,Point to Prove,['Tre X'],178077,2020,True,,0.696,0.551,0.0407,0.444,130.11
207PFlT0OyPtKAecpWykU5,Venom,['XRKFX'],224571,2020,False,,0.637,0.73,0.242,0.53,140.099
37ut3E80yAH4oOR3kUJXqE,Xany,['Sincere'],224178,2020,True,,0.708,0.551,0.155,0.601,119.927
2JpkTG1P4m5QzdY7lCp8Oo,Rainbow,['XRKFX'],240000,2020,False,,0.645,0.5539999999999999,0.5720000000000001,0.594,120.012
1aIRoRMwURCvyB0jTKzU9M,XI,['Tiny Towns'],224958,2018,False,,0.542,0.631,0.0129,0.8290000000000001,82.462
4yx1VfKU36urRLl9rHIQg4,XII,['Tiny Towns'],259068,2018,False,,0.607,0.9279999999999999,0.0551,0.521,109.042
40xhyfAPDoMtv494MfPevP,XO,['Beyoncé'],215947,2014,False,,0.47,0.792,0.171,0.214,170.085
3OldGAJr1cuqutTPjMJtyV,Tlahuicole,['XRKFX'],237504,2020,False,,0.37799999999999995,0.433,0.45899999999999996,0.0923,93.191
6SpFmcGs7VBBGMboShvbQp,Xango Rising,['King Khan'],300257,2020,False,,0.365,0.5760000000000001,0.00175,0.325,131.042
6T7A1ZNKa3KWixW3L9AUUT,Willingly,['XRKFX'],231111,2020,False,,0.7120000000000001,0.28600000000000003,0.0462,0.10300000000000001,135.10399999999998
2cgsqar5Ersc9lBaqijKqT,intro - it's a dream we've been livin' in,['X Lovers'],78840,2020,False,,0.40700000000000003,0.564,0.662,0.63,73.37
6scRD0ByKDs7QlAM6kJMgn,Mad World,['X Lovers'],142213,2020,False,,0.847,0.516,0.0822,0.565,113.03299999999999
6sQQ1QU84j17RWyVDsBsR6,Fuck What People Say,['X Lovers'],166827,2020,True,,0.643,0.609,0.209,0.354,73.499
3qtIOrv0F111h91FY6uTYA,LOVE,['X Lovers'],156880,2020,False,,0.742,0.418,0.29,0.451,150.028
7BM4RPgiL2V6argIf8QEU4,Too Fast,['X Lovers'],153360,2020,False,,0.73,0.67,0.267,0.899,165.947
185cmBOExC1AHWe3xrbmQ8,Haunt You (feat. chloe moriondo),"['X Lovers', 'chloe moriondo']",167320,2020,False,,0.5820000000000001,0.527,0.547,0.446,100.926
1pqdJX0O81b31BSuaXdCO6,I Feel Like Shit,['X Lovers'],140560,2020,True,,0.736,0.509,0.19,0.527,94.00399999999999
2USVaaqQRK4Yi50RrNDsGs,Xiété,['ADI'],163137,2020,True,,0.88,0.648,0.057,0.121,76.495
2bD4L4NYTF6vdoBDYQCTTO,XIXI,['Roniit'],671000,2020,False,,0.146,0.0383,0.919,0.0276,70.61
0sRrq3C4rrhcJzNozwkpXK,The Untold,['Xraidx'],202449,2015,False,,0.606,0.727,0.133,0.325,95.03200000000001
2GEA4TTu3x7wxZJKIMODoz,New Beginnings,['Xraidx'],198713,2015,False,,0.315,0.879,0.0127,0.15,117.895
62mrUJ8ekyb0AkeAISrTN2,Way Too Long,['Xraidx'],209032,2015,False,,0.473,0.727,0.0147,0.204,179.93599999999995
21qEuruHPocwo0NVuzgeGY,My Last Assembly,['Xraidx'],198217,2015,False,,0.299,0.562,0.556,0.389,178.67
3zXXCIkh7daE1BGQgetpJ1,Left Alone,['Xraidx'],246700,2015,False,,0.552,0.531,0.805,0.268,90.109
6Pe0gbzcnjy3n89Ul3IujI,Fully Conscious,['Xraidx'],266449,2015,False,,0.4970000000000001,0.41200000000000003,0.768,0.239,102.413
0yC1eRLL7wy3JNxUqf4UXk,Cause for Sleep,['Xraidx'],205375,2015,False,,0.494,0.21600000000000005,0.742,0.132,89.994
6Qf4aJc8RwvcJmVT4lSUdW,Desolation - Vengeance Edit,['Xraidx'],305032,2015,True,,0.473,0.762,0.00586,0.531,191.92
187GIFUQb1nZHNz1aBmjit,Once Again,['Xraidx'],187794,2015,False,,0.445,0.754,0.0382,0.348,170.202
0wuU6bimg3VSfCamtdecPE,Intro,['Xraidx'],45296,2017,False,,0.48,0.653,0.0414,0.644,89.17
4Gmszi2bMtvNHhJr4kLL8Q,Betrayal,['Xraidx'],239256,2017,False,,0.426,0.743,0.000628,0.092,154.864
30ZdPnrYY7HurgEh2t3A1J,Choice,['Xraidx'],244532,2017,False,,0.521,0.759,0.0827,0.129,119.956
05CJkR6HQF4G69dxJ3W8Ne,Fear,['Xraidx'],389068,2017,False,,0.634,0.512,0.00618,0.26,119.986
1DbiGwPslyy1sb3qzqdYsn,Adaptation,['Xraidx'],236042,2017,False,,0.5710000000000001,0.878,0.000699,0.0697,149.93
3FZVOoDgh1UWKcb6W3Mxon,Revenge,['Xraidx'],269113,2017,False,,0.37799999999999995,0.755,0.00492,0.11900000000000001,161.136
3UNJEBVCroxeHDK2tMHDgP,Outtro,['Xraidx'],63295,2017,False,,0.321,0.9179999999999999,0.384,0.0356,125.36200000000001
0RE9hZ9v2SZT9DW86HncU5,Fear of Falling,['Cowboy X'],144328,2014,False,,0.7390000000000001,0.502,0.20199999999999999,0.856,99.854
4PDgeQFsOah1m4gMCa35AK,Loves Gonna Burn,['Cowboy X'],205846,2014,False,,0.4970000000000001,0.201,0.88,0.295,89.344
27qIUYQOoAUk2JoiQLssBC,I'm Coming Back (To Try Again),['Cowboy X'],198039,2014,False,,0.615,0.451,0.8340000000000001,0.48700000000000004,78.896
1JG0Xy1Le0qyUHGWJYIB4b,Better Left Unsaid,['Cowboy X'],292708,2014,False,,0.721,0.507,0.695,0.439,109.988
1bs06rYdYqcUZxorvKryyG,"Moving On, Moving Up",['Cowboy X'],276214,2014,False,,0.39799999999999996,0.278,0.8059999999999999,0.491,158.666
1gjQus3SIvIr12EpP85WIp,Whiskey and Water,['Cowboy X'],244917,2014,False,,0.52,0.245,0.78,0.115,115.90700000000001
2FfXPX9yBYsU3z1NyKm3nH,Pictures of You,['Cowboy X'],269283,2014,False,,0.364,0.615,0.5760000000000001,0.552,189.063
0k4h2y1ytplXdBs8PJc9x4,Christchurch Girl,['Cowboy X'],176403,2014,False,,0.584,0.358,0.6,0.7140000000000001,103.319
6UdzQS0tjSE13E5JFt7l0N,Each in the Other,['Cowboy X'],238702,2014,True,,0.772,0.368,0.415,0.526,124.21799999999999
2voTipCT7xDIb9bU8Oir8d,Midnight Train,['Cowboy X'],335363,2014,False,,0.711,0.8,0.0163,0.7390000000000001,104.014
4mB05LNxU9C8UEq4yHhbZ9,All Creatures of Our God and King (Arr. M. Wilberg),"['Anonymous\xa0', 'BYU Concert Choir']",253013,1999,False,,0.17,0.336,0.938,0.129,107.618
4fQA2Mj0QaojukrpAfm0NX,Fantasia on Early Latter-day Saint Hymns (Arr. M. Wilberg),"['Anonymous\xa0', 'Jean-Jacques Rousseau', 'Freeman Lewis', 'BYU Concert Choir']",708040,1999,False,,0.13,0.12300000000000001,0.9640000000000001,0.0397,64.525
2oxaLfKr4Z8BqjrJ5FCsuD,No Games,"['Paris Price', 'Xian Bell']",169488,2020,True,,0.489,0.555,0.77,0.337,94.714
2VQmNAQHYTlLlVWQQnviI2,Prelude,['Xerophthalmia'],85937,2020,False,,0.47600000000000003,0.9490000000000001,0.00148,0.0345,149.925
4T5TYOKqVjk7e1sWImme1K,Pity Party,['Xerophthalmia'],220425,2020,False,,0.493,0.987,0.00025,0.0666,74.992
3ZtjOH84UYrxaFJtHNWsvq,Void,['Xerophthalmia'],191427,2020,False,,0.546,0.978,8.08e-05,0.0957,125.059
1M7WLdZMIH6tIhhjOOCSv4,Regno,['Xerophthalmia'],217228,2020,False,,0.485,0.946,0.000383,0.18,85.08
0GoGScWXo2NGmfHn4lC1mn,War,['Xerophthalmia'],257085,2020,False,,0.293,0.9690000000000001,0.000113,0.0362,139.947
20jAQJhLU0potXa3e0goZ8,Doomsday,"['Xerophthalmia', ""Stevie O'shaughnessy""]",215384,2020,False,,0.28800000000000003,0.99,2.02e-05,0.0492,124.999
3vdmzQSN31eqXDxKSRYz64,Copper King,['Xerophthalmia'],247583,2020,False,,0.555,0.98,0.000482,0.0823,109.993
3IqtvVExvi9BSNVo5giYcd,Show Business,['Gronge X'],286813,2015,False,,0.40399999999999997,0.755,0.00868,0.331,76.57
6LHOEl7ck0cEGIiogYHqcu,Un gruppo della Madonna,['Gronge X'],318347,2015,False,,0.354,0.86,0.008879999999999999,0.188,143.774
65osygVc9HNYqub03gLi6d,Acido Lattico,['Gronge X'],316107,2015,False,,0.555,0.385,0.677,0.185,114.221
1hRixla47vNENqChI3R8RI,Come Te,['Gronge X'],158040,2015,False,,0.26,0.821,0.12300000000000001,0.114,129.816
4EbOIOUtPoi0XULbnzS5nQ,Non è mai abbastanza,['Gronge X'],157573,2015,False,,0.392,0.9790000000000001,0.5329999999999999,0.0396,122.911
78q3CAJZhiuwnf3Szfpbyv,Nun je la faccio più,['Gronge X'],262947,2015,False,,0.485,0.447,0.10800000000000001,0.0675,155.197
7kGyo3p3Vld5bRJ5AcZdS9,La canzone d'autore,['Gronge X'],145333,2015,False,,0.28800000000000003,0.826,0.000851,0.311,125.458
3hxvMSy8kcI7qiXpdkPLm8,La morte non serve a niente,['Gronge X'],140213,2015,False,,0.39299999999999996,0.679,0.0295,0.541,141.368
7q0bKudA8cIoQY7hZQoxpM,Horror Bossa,['Gronge X'],328307,2015,False,,0.366,0.8490000000000001,0.0825,0.27899999999999997,127.87100000000001
0zwt9HPobY404H8WCJk71T,Attenzione,['Gronge X'],160680,2015,False,,0.389,0.983,0.358,0.0269,141.671
6EXHKNA7tYiECXbU6MUGrZ,Dove vanno i migliori?,['Gronge X'],195760,2015,False,,0.355,0.951,0.609,0.358,134.469
3q8K1qnweFgz1Mlw3kqFBn,Lagostina,['Gronge X'],175213,2015,False,,0.207,0.679,0.442,0.161,110.164
6RIeq99BsDboyrlmhUbgCD,Canzone,['Gronge X'],141760,2015,False,,0.455,0.904,0.0101,0.136,132.197
1fprDY26DdoD0JcNuPk4RE,Questions,['Xentrix'],309800,2020,False,,0.33899999999999997,0.797,9.31e-05,0.429,116.389
2zDqQzRVwQOGDJQyvmCkNB,For Whose Advantage?,['Xentrix'],381840,2020,False,,0.337,0.745,0.000165,0.4970000000000001,124.853
7qe9cF8LHzaM2pEYJeYsYk,Reward,['Xentrix'],148960,2020,False,,0.49,0.8859999999999999,0.00503,0.8540000000000001,178.877
510gukiNQBpuAyGKJucWZq,Ghost Busters,['Xentrix'],168493,2020,False,,0.252,0.975,0.000303,0.35700000000000004,164.702
3XgZAtamdKUbpxu5alvwgV,Kept In the Dark,['Xentrix'],253560,2020,False,,0.37799999999999995,0.742,0.00046100000000000004,0.573,119.557
7uvJXV8BaqIZnFwEvOvNMA,Interrogate,['Xentrix'],194507,2020,False,,0.32899999999999996,0.963,0.000242,0.43799999999999994,107.314
0PdKCf0dTmCV6q4fH6NTT7,Running White Faced City Boy,['Xentrix'],167200,2020,False,,0.4270000000000001,0.7809999999999999,0.00023700000000000001,0.531,119.031
4Uelggfx2n8pnA4aoUBRhe,Heaven Cent,['Xentrix'],311973,2020,False,,0.256,0.968,4.120000000000001e-05,0.605,104.488
3EoOqhjOj3gj9OqNuGK2yP,The Human Condition,['Xentrix'],217693,2020,False,,0.47,0.85,0.0006360000000000001,0.503,109.934
5h06PYGFHHJreHaX4URDkZ,Dark Enemy,['Xentrix'],254240,2020,False,,0.222,0.985,6.7e-06,0.612,98.273
2GUzeyfrve8awTITfTdt7d,The Order of Chaos,['Xentrix'],280027,2020,False,,0.488,0.64,0.000153,0.299,145.724
0FAMhEEksb9nzHYxOHbLFG,Black Embrace,['Xentrix'],231507,2020,False,,0.364,0.835,8.26e-05,0.428,109.685
5vKJTIX4m4fnJHawwf0p4B,Crimes,['Xentrix'],341573,2020,False,,0.35700000000000004,0.9620000000000001,3.46e-05,0.629,159.752
3BdENpsZvI62CKHimXc7ky,Bad Blood,['Xentrix'],308760,2020,False,,0.29600000000000004,0.956,1.56e-05,0.401,106.774
6EhXigN9vu10BF8W1U0jRW,The Bitter End,['Xentrix'],318667,2020,False,,0.358,0.7120000000000001,0.000149,0.32299999999999995,123.557
5LnWeVVdGLTzltHHPLPS55,All Bleed Red,['Xentrix'],208333,2020,False,,0.47700000000000004,0.9540000000000001,0.000162,0.345,107.116
6Br1FaAzd8NlUiayptjRTm,False Ideals,['Xentrix'],349400,2020,False,,0.455,0.8170000000000001,0.00131,0.43799999999999994,108.801
5zZS5cZMg632uXAnVZfy8b,Balance of Power,['Xentrix'],317467,2020,False,,0.27,0.9520000000000001,0.00021,0.624,175.75799999999995
6sL6xovjN6FdrVtwEVRoSv,Nobody's Perfect,['Xentrix'],228000,2020,False,,0.272,0.9109999999999999,8.4e-05,0.6,161.15200000000004
063Y8J2Wqb6vkF1nI96ipT,Balance of Power,['Xentrix'],317467,2020,False,,0.27,0.9520000000000001,0.00021,0.624,175.75799999999995
6jJOBbtlNmonitZBiNOvtU,Crimes,['Xentrix'],341573,2020,False,,0.35700000000000004,0.9620000000000001,3.46e-05,0.629,159.752
0icP2q7a0ObipnXELZ0F2t,Back In the Real World,['Xentrix'],241493,2020,False,,0.321,0.971,0.000489,0.371,155.645
2xpTLPPMMrqy8U8SuzMVAK,Dark Enemy,['Xentrix'],254240,2020,False,,0.222,0.985,6.7e-06,0.612,98.273
7BuT53RGczvivaJoLMYNio,Bad Blood,['Xentrix'],308760,2020,False,,0.29600000000000004,0.956,1.56e-05,0.401,106.774
0tAIAqwiTqU2aIWVGnDZ29,Reasons for Destruction,['Xentrix'],334800,2020,False,,0.276,0.973,1.7899999999999998e-05,0.48700000000000004,108.17200000000001
2qAA73Yivs3cNCFusIW4F9,Position of Security,['Xentrix'],308200,2020,False,,0.313,0.95,7.96e-05,0.41700000000000004,132.643
1gJQbLJwCrb4JFdbIuCflK,Heaven Cent,['Xentrix'],311973,2020,False,,0.256,0.968,4.120000000000001e-05,0.605,104.488
7bRHjpetbq7adhj7NCLPRt,Questions,['Xentrix'],309800,2020,False,,0.33899999999999997,0.797,9.31e-05,0.429,116.389
4qbndHaIHsXEzc7qUVCaMg,For Whose Advantage?,['Xentrix'],381840,2020,False,,0.337,0.745,0.000165,0.4970000000000001,124.853
6C20ltAo6WXKYQ59jxKxPK,The Human Condition,['Xentrix'],217693,2020,False,,0.47,0.85,0.0006360000000000001,0.503,109.934
1QJhJYoi5KLg8qGwgxqQ4c,False Ideals,['Xentrix'],349400,2020,False,,0.455,0.8170000000000001,0.00131,0.43799999999999994,108.801
2XTqpYxdDfGLKqc1iufnFM,The Bitter End,['Xentrix'],318667,2020,False,,0.358,0.7120000000000001,0.000149,0.32299999999999995,123.557
7CN0ngQYsbuPqpdSzGyu19,New Beginnings,['Xentrix'],76907,2020,False,,0.727,0.11199999999999999,0.919,0.326,109.49600000000001
0cuILJWxNn9P0uBFnrE737,Desperate Remedies,['Xentrix'],290067,2020,False,,0.444,0.7490000000000001,0.00043,0.562,106.064
0WbpxgoNyLCigRibC7GG8r,Kept In the Dark,['Xentrix'],253560,2020,False,,0.37799999999999995,0.742,0.00046100000000000004,0.573,119.557
4Cbyvxvala3yOHFGxPpJvs,Black Embrace,['Xentrix'],231507,2020,False,,0.364,0.835,8.26e-05,0.428,109.685
1C4AQbDLJXpVP6UrOANpIP,The Order of Chaos,['Xentrix'],280027,2020,False,,0.488,0.64,0.000153,0.299,145.724
1hW5zbo5jtsvaKxo3IPHS4,A Friend to You,['Xentrix'],293507,2020,False,,0.62,0.73,0.00035,0.545,135.795
3LCFbBfP5D49HkMDXZ10cL,All Bleed Red,['Xentrix'],208333,2020,False,,0.47700000000000004,0.9540000000000001,0.000162,0.345,107.116
7AERx5B6JlqaTIxgS2WccS,No More Time,['Xentrix'],416573,2020,False,,0.40700000000000003,0.4370000000000001,0.0139,0.177,126.31700000000001
4i8P1onk2a3vCd9yqE59HF,Waiting,['Xentrix'],270960,2020,False,,0.365,0.624,0.000135,0.526,145.09799999999996
7pOpdpTkCqDADcRJVER72N,Come Tomorrow,['Xentrix'],336133,2020,False,,0.546,0.725,0.00716,0.222,97.021
7G6SqamTYFhQEMd4JYzv1X,Release,['Xentrix'],329173,2020,False,,0.345,0.787,0.00259,0.386,131.713
16FHC79uANLWNlHq1qofl8,See Through You,['Xentrix'],368027,2020,False,,0.645,0.45399999999999996,0.000394,0.321,120.71600000000001
6mLo1YgTFzaQ9rFi8bSscw,Another Day,['Xentrix'],289733,2020,False,,0.643,0.93,0.00033999999999999997,0.341,106.12799999999999
7sbYNFJCW8bu70TV1tKTed,Giù x Terra,['Ghali'],133636,2020,True,,0.629,0.634,0.0823,0.28300000000000003,99.14399999999999
2fZKaZNSpi2PyAzIHM2T9N,Night Sky,['Xraidx'],203781,2020,False,,0.528,0.292,0.000739,0.0759,95.98100000000001
0EaWs8T5F638xQzihQ3S2e,Everyone Loses Eventually,['Xraidx'],259762,2020,False,,0.53,0.561,0.000935,0.11199999999999999,139.827
3VEivCfWiKvtlBgYM9XSSh,Hidden Avenues,['Xraidx'],270028,2020,False,,0.648,0.484,0.00016,0.28300000000000003,129.97299999999998
01aE1EVcghCdeTfFPPst2U,The Floods,['Xraidx'],256653,2020,False,,0.626,0.631,0.000335,0.131,130.125
7jF56dkDrZN4V6RnLZ2J63,Stepping Through the Debris,['Xraidx'],183249,2020,False,,0.544,0.725,5e-05,0.521,149.989
5dxbaXqGIKqief34UYT5Zw,Streets Noir,['Xraidx'],136359,2020,False,,0.297,0.315,0.037000000000000005,0.11599999999999999,119.04899999999999
2wvYoBAfjw7bLlWv6GNmma,Where We Used to Go,['Xraidx'],352000,2020,False,,0.363,0.609,0.000162,0.373,119.861
06uWhoRgiZ9UoGEv5cluUJ,Twenty Twenty Vision,['Xraidx'],230609,2020,False,,0.555,0.726,5.65e-05,0.45,140.07
7D85qzPllwTwp1X1NcCQS1,On the Way Down,['Xraidx'],225045,2020,False,,0.401,0.368,0.16,0.0968,111.165
4N9NRwGvt9PryzchgXzFnl,A New Deadly Disease,['Xraidx'],373603,2020,False,,0.594,0.47100000000000003,0.001,0.313,114.978
3ajvdRzmhVjAK1RnzPPjJy,Desolation - Night Sky Reprise,['Xraidx'],288784,2020,True,,0.593,0.386,0.0693,0.04,95.978
7nzcqL1YcicGlnayRQ6Idv,Watching the Waves,['Xraidx'],248320,2016,False,,0.469,0.7909999999999999,0.00145,0.12,119.99700000000001
1rEKHofBXem4OVMPqJT0bn,The Path Changes,['Xraidx'],214335,2016,False,,0.442,0.6890000000000001,0.000144,0.293,139.876
2a0kzg24Ho4X9sJPbSyhKg,Restore Point,['Xraidx'],222903,2016,False,,0.223,0.721,0.00759,0.22699999999999998,168.145
2WNCLH5lBQyXVTSpywloNY,The Test,['Xraidx'],184660,2016,False,,0.521,0.716,0.0035700000000000007,0.396,130.053
1w7JcskYJe8IF86yWXKFTt,Defence Mechanism,['Xraidx'],248451,2016,False,,0.292,0.6409999999999999,0.0126,0.215,149.82399999999996
0WNM6vurorkQ2MFmBz7Ptm,Broken Crutch,['Xraidx'],232542,2016,False,,0.526,0.78,0.0030800000000000003,0.287,120.07600000000001
36IM2ZPBdvzSDwSc8ctBDF,Remove This Decay,['Xraidx'],366028,2016,False,,0.3670000000000001,0.785,0.0039,0.228,120.052
5uDXrRBlblmD9nL69My3SV,Driftwood,['Xraidx'],189571,2016,False,,0.456,0.312,0.16,0.0854,99.927
14op448VH3qtDtS5c1BFyQ,Incoming Transmission,['Xraidx'],88398,2019,False,,0.32299999999999995,0.674,0.16399999999999998,0.13699999999999998,57.227
5YrKDotBMnKMaPow8OKUHN,World of Communication,['Xraidx'],206002,2019,False,,0.34,0.534,0.0076900000000000015,0.191,119.964
0REf2anL7bfGAWyfk26Ldv,Unequal Values,['Xraidx'],298684,2019,False,,0.278,0.601,0.209,0.496,180.41299999999998
1ZmHPq90waIf6rRkdteZOx,Default Status,['Xraidx'],306469,2019,False,,0.473,0.83,0.00793,0.242,199.75099999999998
2xJSyXYYUXePkLFBA6cA3l,Desensitised,['Xraidx'],194403,2019,False,,0.529,0.607,0.293,0.643,100.25299999999999
3KoioNz5L6LVNGCsmrSln4,Evolution Pulse,['Xraidx'],244924,2019,False,,0.467,0.848,6.31e-05,0.0675,149.929
3iOa8I0q5a2maHzeNG8emm,Best Before End,['Xraidx'],257463,2019,False,,0.489,0.903,0.0018399999999999998,0.39,109.846
2YtptLGBbvI1NCRnGGTdQZ,Signal Monitor,['Xraidx'],62198,2019,False,,0.19699999999999998,0.584,0.7340000000000001,0.0323,103.359
4cGETOF8xkcrWGsEPiU6ki,Reflective Dissolve,['Xraidx'],212793,2019,False,,0.515,0.7979999999999999,0.00235,0.45899999999999996,139.94799999999998
3DhpIbDNa0vKju2VCgx7mA,Time Shift,['Xraidx'],313391,2019,False,,0.54,0.905,0.0221,0.155,120.15
4Bpv7hDAV2NBdRC7fWCyp2,Gone - Clarence Clarity Remix,"['Charli XCX', 'Christine and the Queens', 'Clarence Clarity']",230407,2019,True,,0.711,0.6990000000000001,0.0122,0.672,115.04
4NFuji1lLvzYewiXBnNRt9,ALONE,['XYLØ'],219429,2020,True,,0.701,0.597,0.11900000000000001,0.47600000000000003,140.072
07r8arsmSKlYFYx2KLZ4hH,LIFE OR DEATH,['XYLØ'],236500,2020,False,,0.6890000000000001,0.574,0.20199999999999999,0.196,119.936
1fm9TU8OogmnDMVjlVim2S,CHLORINE,['XYLØ'],223059,2020,False,,0.649,0.556,0.0694,0.188,85.016
0kxc0MZx9Ofq6eTBmBGa2f,LEFTY,['XYLØ'],234758,2020,False,,0.647,0.64,0.7709999999999999,0.366,113.99799999999999
6rG520W3hjxCZFyB6CJkqJ,APPLE PIE,['XYLØ'],177611,2020,False,,0.601,0.462,0.40700000000000003,0.3,95.041
5ezyGM0RQFCKQdSLCgrnTx,Medication,['Super XX Man'],259880,2008,False,,0.938,0.305,0.365,0.5589999999999999,115.02
6IcYHcA3QJiVRECJUikKkL,Psychotic Break,['Super XX Man'],293053,2008,False,,0.536,0.4370000000000001,0.272,0.0662,151.653
1ALMEqhS9mxl0HPFqD68Rn,Crazy People,['Super XX Man'],191467,2008,False,,0.34700000000000003,0.542,0.511,0.35600000000000004,144.873
78W5vNAg4oLht8SI2dPf8Y,You Say,['Super XX Man'],160133,2008,False,,0.667,0.157,0.7240000000000001,0.149,119.29
17zcBi9mJx5BF7Z7p2U9vg,There'll Be Diamonds,['Super XX Man'],266547,2008,False,,0.483,0.655,0.575,0.52,129.8
2kGPMzoSiH0HUmheGDLoYN,Big Balloon,['Super XX Man'],206720,2008,False,,0.495,0.373,0.826,0.132,73.342
6LAwDkeyhbwTHdnYchTaeZ,House/Home,['Super XX Man'],190773,2008,False,,0.65,0.562,0.138,0.863,107.28200000000001
7w4K5EYjdree3DLTgl0jti,Little Leaf,['Super XX Man'],143867,2008,False,,0.5820000000000001,0.647,0.18600000000000005,0.6709999999999999,133.293
0UDRcsRdbShH11x2y6bOEk,What Lies Beneath,['Super XX Man'],215120,2008,False,,0.639,0.475,0.654,0.408,120.88799999999999
6EwvfMa3rqRDwex2xfbIxe,5A Problem,['Super XX Man'],175533,2008,False,,0.632,0.292,0.857,0.264,128.125
2YRtGvZndvEjC1rUW4Kg3i,It's Now,['Super XX Man'],299347,2008,False,,0.35600000000000004,0.281,0.00837,0.107,109.613
4yZUU4qiSfEi4g69Fhsgxc,Downtown Chapel,['Super XX Man'],263387,2008,False,,0.479,0.259,0.9159999999999999,0.11,138.556
5BV4Wi5gN8QFowDwvNyYvp,Cautious Like a Panther,['Super XX Man'],231573,2008,False,,0.547,0.6829999999999999,0.0564,0.521,105.249
4VybpJ3EPEAUDM0xmctR3y,Talk About,"['Super XX Man', 'Devon Sproule']",234400,2019,False,,0.6940000000000001,0.57,0.0775,0.713,109.975
2nayF7BVDAra6D7WkWYvB5,No Alibi,"['Super XX Man', 'Devon Sproule']",261013,2019,False,,0.507,0.17300000000000001,0.8190000000000001,0.376,110.345
3OcEq4tBdAjXwbLfuRffke,Take It Go,['Super XX Man'],133653,2019,False,,0.7959999999999999,0.501,0.149,0.8390000000000001,129.481
2lKRCWKjkkxXijLmmRACJu,To Set Free,['Super XX Man'],271977,2019,False,,0.804,0.444,0.20600000000000002,0.447,119.712
43ww9UyLviPnEPrAHVtNQS,Sparrow,"['Super XX Man', 'Devon Sproule']",216576,2019,False,,0.47600000000000003,0.10300000000000001,0.862,0.349,159.181
0xvnGixdyyKvgeEyFecwmV,Once,['Super XX Man'],154688,2019,False,,0.573,0.28300000000000003,0.183,0.442,118.29
3xmxFvtZYG6VxRQQAQAooR,Rotten,['Super XX Man'],154389,2019,False,,0.595,0.29,0.307,0.192,122.16799999999999
07C5Qfduy9ha9tTjehVyu0,OK,['Super XX Man'],117547,2019,False,,0.433,0.33399999999999996,0.396,0.828,207.136
1jn8vrIMEmPA4mxmR7cWcC,Race Is Won,['Super XX Man'],245696,2019,False,,0.45399999999999996,0.21100000000000002,0.835,0.233,100.854
7mqOYxZU2aKc9iyGMPt4Hj,Sometimes Love,['Super XX Man'],113557,2019,False,,0.7390000000000001,0.33799999999999997,0.252,0.721,101.79899999999999
2JtkIEEMGuOCniN0VWxhI7,Box Store,"['Super XX Man', 'Courtney Barnett', 'Jen Cloher']",214549,2019,False,,0.46299999999999997,0.319,0.188,0.185,80.425
5OR14OK3igtln6JTAZ6pki,Sabotage,['X.EGO'],311000,2020,False,,0.486,0.73,0.0020800000000000003,0.3670000000000001,127.98899999999999
53Zo1UK4yNKeoF2GT7g54X,Cautious Like A Panther,['Super XX Man'],233573,2009,False,,0.547,0.677,0.0558,0.4920000000000001,105.234
0t6gPlZraBaaiojkLjpE11,Leave Me,['Xiren'],283000,2001,False,,0.221,0.644,0.228,0.132,102.80799999999999
7sTO7uAdo8qN8IOtPTvaFl,Bullets & Rainbows,['Xiren'],224413,2001,False,,0.456,0.83,0.00117,0.273,95.065
2YA8bij3JbKVwfxUXO5ol8,Everything,['Xiren'],297760,2001,False,,0.66,0.82,0.0668,0.24,98.007
2oxtS5M5BcCUL0RANjLv52,Geralyn,['Xiren'],263173,2001,False,,0.568,0.895,0.00806,0.524,91.54
7s0wqdYjwwBxdiFRcHVgzF,Circus,['Xiren'],302000,2001,False,,0.531,0.53,0.125,0.156,79.999
5kL3nW07iYo55FnePZqCKa,In Front of You,['Xiren'],300853,2001,False,,0.6940000000000001,0.703,0.303,0.826,90.009
6kGhh5G2cp9nOw39J1KGpm,Summer of Love,['Xiren'],306467,2001,False,,0.5920000000000001,0.843,0.0139,0.51,103.82799999999999
0jFKd2ay6Nui2TURE1ODYM,The Marvelous Trip,['Xiren'],347680,2001,False,,0.63,0.484,0.465,0.244,98.015
3vXHaYyV5O1Rz8IviqRpFH,Saoirse,['Xiren'],329213,2001,False,,0.523,0.863,0.201,0.25,110.025
4QuN49rqawSrykdkh15jn3,Where Are You Now?,['Xiren'],324307,2001,False,,0.5920000000000001,0.8240000000000001,0.00656,0.452,107.4
243tM4If10dnE3SGywO6ne,Dirty Old Song,['Xiren'],280187,2001,False,,0.639,0.5710000000000001,0.0927,0.474,145.002
3DMxwRP7peLwdKWthx2IGx,*Let it Shine (Bonus Track),['Xiren'],173773,2001,False,,0.738,0.7490000000000001,0.00512,0.322,112.031
2eU6y1IdIU2nQdtTvJI7fq,Trenca-la,['Xmilk'],174498,2020,False,,0.28800000000000003,0.946,1.6e-05,0.488,111.465
0u8clotBCQcnEbArMpWY4k,Terra erma,['Xmilk'],224601,2020,False,,0.315,0.9390000000000001,1.4000000000000001e-05,0.485,108.865
5BGs7VYjx61U8wRRwk8ts4,"Brunes, tendres, rebels",['Xmilk'],234986,2020,False,,0.24100000000000002,0.9079999999999999,4.320000000000001e-05,0.4970000000000001,151.695
4plPkyApqSG5EO1LAVpmMd,Whole Life,"['EverythingOShauN', 'Xpress aka DJXP']",277601,2020,True,,0.551,0.69,0.0163,0.0491,82.90899999999998
